#Compact version: each matrix shown only as decoded real values and encoded hex values.
#RTL-derived fixed-point interpretation:
#  X,Y : signed_2_M5  -> 8-bit with 5 fractional bits
#  A,R : signed_5_M10 -> 16-bit with 10 fractional bits
#Golden math in raw domain: D_raw = C_raw + A_raw @ B_raw, then saturate to signed 16-bit.
#DPU-like error reference is also written from original random real operands before input quantization.
#Only the B payload written to the TB file is transposed for hardware feeding.

#FULL_A_16x16 decoded_real_signed_2_M5
1.09375000 -0.25000000 1.43750000 0.78125000 -1.62500000 1.90625000 1.03125000 1.15625000 -1.50000000 -0.18750000 -0.53125000 1.71875000 0.56250000 1.28125000 -0.21875000 -1.09375000
0.21875000 -1.75000000 1.31250000 0.53125000 1.03125000 -0.59375000 1.87500000 1.56250000 1.12500000 -1.21875000 -0.12500000 -1.81250000 -1.37500000 0.71875000 0.96875000 1.87500000
-0.68750000 -0.53125000 -0.12500000 -1.25000000 -1.46875000 -0.09375000 -1.09375000 0.68750000 -0.25000000 1.34375000 0.81250000 -0.75000000 1.34375000 1.21875000 -0.43750000 -0.84375000
0.71875000 -1.43750000 -1.18750000 -1.96875000 1.15625000 0.65625000 0.81250000 1.12500000 -0.15625000 0.28125000 -1.43750000 -1.53125000 0.68750000 -0.12500000 0.25000000 1.06250000
0.53125000 0.21875000 0.25000000 -0.78125000 -1.87500000 -0.25000000 -1.15625000 -0.37500000 1.40625000 -1.06250000 -1.78125000 -0.87500000 -0.81250000 0.65625000 0.21875000 1.12500000
0.65625000 -0.37500000 1.25000000 -1.34375000 -1.90625000 -1.62500000 0.87500000 -0.15625000 -1.34375000 0.00000000 -1.40625000 0.78125000 -0.21875000 -0.46875000 -0.78125000 0.53125000
-0.56250000 -1.65625000 -1.53125000 1.84375000 1.62500000 0.81250000 -0.93750000 1.87500000 1.12500000 0.87500000 -0.18750000 -0.90625000 -1.62500000 1.62500000 -0.18750000 -1.18750000
-0.78125000 0.31250000 -1.28125000 1.43750000 1.03125000 0.87500000 -0.28125000 0.50000000 0.34375000 0.59375000 -1.65625000 -0.34375000 -1.84375000 -0.03125000 -0.68750000 -1.43750000
-1.59375000 0.34375000 -1.31250000 1.68750000 0.31250000 -0.62500000 0.37500000 -1.90625000 1.84375000 -0.06250000 1.12500000 -1.65625000 -0.06250000 -0.03125000 1.75000000 0.28125000
-0.09375000 -0.93750000 -0.68750000 0.09375000 -0.25000000 -1.90625000 1.31250000 1.59375000 -1.43750000 0.21875000 -1.56250000 0.68750000 -0.87500000 0.62500000 0.90625000 1.06250000
-1.56250000 1.65625000 -1.09375000 -1.84375000 0.21875000 -0.53125000 1.31250000 1.21875000 -0.71875000 1.81250000 -0.84375000 0.06250000 -0.96875000 1.75000000 -1.34375000 -1.81250000
-0.25000000 1.96875000 1.56250000 1.00000000 1.56250000 1.56250000 0.06250000 -0.75000000 1.09375000 0.65625000 -0.50000000 -1.62500000 1.00000000 -0.93750000 1.75000000 -1.03125000
-1.50000000 1.31250000 -1.37500000 -1.28125000 0.40625000 1.50000000 -1.21875000 -0.75000000 1.12500000 1.87500000 0.00000000 -1.43750000 -1.93750000 -1.09375000 -1.46875000 0.71875000
-1.50000000 0.03125000 0.78125000 0.31250000 -1.18750000 1.21875000 0.87500000 0.96875000 -1.46875000 -1.50000000 1.71875000 -0.40625000 -0.78125000 -0.03125000 0.65625000 1.81250000
-0.84375000 1.68750000 -1.90625000 0.21875000 0.53125000 -1.56250000 -1.43750000 -0.31250000 1.87500000 0.37500000 1.71875000 1.21875000 -0.12500000 1.12500000 -1.93750000 -1.56250000
1.31250000 1.18750000 -1.06250000 0.12500000 0.43750000 1.46875000 0.40625000 -0.34375000 -0.50000000 -0.28125000 0.59375000 1.46875000 -0.18750000 -1.00000000 -1.06250000 0.96875000
#FULL_A_16x16 encoded
23 F8 2E 19 CC 3D 21 25 D0 FA EF 37 12 29 F9 DD
07 C8 2A 11 21 ED 3C 32 24 D9 FC C6 D4 17 1F 3C
EA EF FC D8 D1 FD DD 16 F8 2B 1A E8 2B 27 F2 E5
17 D2 DA C1 25 15 1A 24 FB 09 D2 CF 16 FC 08 22
11 07 08 E7 C4 F8 DB F4 2D DE C7 E4 E6 15 07 24
15 F4 28 D5 C3 CC 1C FB D5 00 D3 19 F9 F1 E7 11
EE CB CF 3B 34 1A E2 3C 24 1C FA E3 CC 34 FA DA
E7 0A D7 2E 21 1C F7 10 0B 13 CB F5 C5 FF EA D2
CD 0B D6 36 0A EC 0C C3 3B FE 24 CB FE FF 38 09
FD E2 EA 03 F8 C3 2A 33 D2 07 CE 16 E4 14 1D 22
CE 35 DD C5 07 EF 2A 27 E9 3A E5 02 E1 38 D5 C6
F8 3F 32 20 32 32 02 E8 23 15 F0 CC 20 E2 38 DF
D0 2A D4 D7 0D 30 D9 E8 24 3C 00 D2 C2 DD D1 17
D0 01 19 0A DA 27 1C 1F D1 D0 37 F3 E7 FF 15 3A
E5 36 C3 07 11 CE D2 F6 3C 0C 37 27 FC 24 C2 CE
2A 26 DE 04 0E 2F 0D F5 F0 F7 13 2F FA E0 DE 1F
#FULL_B_16x16 decoded_real_signed_2_M5
1.28125000 -1.59375000 -1.71875000 0.37500000 -1.40625000 1.31250000 -0.75000000 -1.43750000 1.68750000 -1.34375000 -0.87500000 -1.37500000 -1.53125000 -1.90625000 -1.78125000 -1.31250000
-1.78125000 0.37500000 0.71875000 -0.43750000 -0.71875000 0.03125000 1.50000000 1.40625000 -1.81250000 -1.28125000 -1.06250000 -1.00000000 0.28125000 -0.34375000 -1.81250000 -0.50000000
0.09375000 -1.59375000 1.34375000 -1.78125000 1.68750000 -1.59375000 1.37500000 1.62500000 1.90625000 1.21875000 1.12500000 0.56250000 1.12500000 -1.46875000 0.15625000 0.06250000
1.43750000 -0.15625000 -0.46875000 0.56250000 -0.93750000 -1.43750000 -0.09375000 -0.34375000 -1.06250000 -0.53125000 -0.53125000 -0.68750000 -0.46875000 0.75000000 -0.81250000 1.78125000
1.65625000 -0.06250000 -0.68750000 0.15625000 1.40625000 0.62500000 1.21875000 0.12500000 0.53125000 -0.84375000 0.93750000 -1.18750000 0.78125000 1.43750000 -1.46875000 0.46875000
-1.62500000 0.90625000 -1.65625000 1.75000000 -1.43750000 1.84375000 1.21875000 0.37500000 1.12500000 1.18750000 1.78125000 -1.00000000 0.37500000 -1.62500000 0.46875000 -1.31250000
0.25000000 0.28125000 -0.12500000 0.09375000 1.06250000 1.18750000 -0.03125000 0.40625000 1.71875000 -1.53125000 -1.53125000 -1.65625000 0.62500000 -0.31250000 1.09375000 0.68750000
-0.65625000 1.59375000 1.06250000 -0.90625000 -0.53125000 -0.75000000 -1.37500000 -1.40625000 1.75000000 -0.25000000 -0.46875000 0.90625000 0.21875000 1.75000000 1.12500000 -0.09375000
-0.50000000 1.93750000 0.87500000 1.81250000 -1.53125000 1.40625000 0.56250000 -1.50000000 0.34375000 0.75000000 -1.93750000 -0.18750000 1.31250000 -0.81250000 -0.15625000 -0.21875000
-0.78125000 1.68750000 1.12500000 -1.56250000 2.00000000 1.53125000 -0.87500000 1.34375000 -1.56250000 2.00000000 0.65625000 0.59375000 -1.62500000 1.59375000 -1.87500000 -1.03125000
-1.43750000 1.09375000 -1.21875000 1.65625000 0.62500000 -1.84375000 -1.96875000 -1.78125000 0.43750000 1.21875000 -1.03125000 1.40625000 -1.78125000 1.21875000 1.71875000 1.09375000
0.78125000 1.34375000 -1.84375000 -1.18750000 -1.50000000 0.03125000 0.96875000 0.53125000 1.40625000 -1.37500000 0.93750000 -1.21875000 -0.90625000 0.84375000 1.90625000 0.43750000
-1.78125000 0.46875000 -1.84375000 1.53125000 0.84375000 -1.31250000 -1.62500000 -1.28125000 1.90625000 -0.15625000 1.12500000 0.53125000 0.28125000 -1.40625000 1.78125000 -0.78125000
0.31250000 0.81250000 0.59375000 1.75000000 -1.40625000 0.03125000 -0.37500000 -0.09375000 -1.53125000 -1.46875000 -0.87500000 -0.78125000 -0.28125000 0.43750000 0.53125000 -0.34375000
-0.37500000 -1.12500000 0.34375000 -0.71875000 -1.84375000 -0.31250000 -0.09375000 -1.09375000 0.28125000 0.25000000 0.81250000 0.59375000 0.62500000 -0.75000000 1.15625000 0.18750000
-0.28125000 0.50000000 -0.56250000 0.06250000 0.93750000 1.53125000 1.68750000 0.00000000 0.09375000 1.18750000 -0.75000000 1.34375000 -0.03125000 -1.53125000 -1.71875000 1.37500000
#FULL_B_16x16 encoded
29 CD C9 0C D3 2A E8 D2 36 D5 E4 D4 CF C3 C7 D6
C7 0C 17 F2 E9 01 30 2D C6 D7 DE E0 09 F5 C6 F0
03 CD 2B C7 36 CD 2C 34 3D 27 24 12 24 D1 05 02
2E FB F1 12 E2 D2 FD F5 DE EF EF EA F1 18 E6 39
35 FE EA 05 2D 14 27 04 11 E5 1E DA 19 2E D1 0F
CC 1D CB 38 D2 3B 27 0C 24 26 39 E0 0C CC 0F D6
08 09 FC 03 22 26 FF 0D 37 CF CF CB 14 F6 23 16
EB 33 22 E3 EF E8 D4 D3 38 F8 F1 1D 07 38 24 FD
F0 3E 1C 3A CF 2D 12 D0 0B 18 C2 FA 2A E6 FB F9
E7 36 24 CE 40 31 E4 2B CE 40 15 13 CC 33 C4 DF
D2 23 D9 35 14 C5 C1 C7 0E 27 DF 2D C7 27 37 23
19 2B C5 DA D0 01 1F 11 2D D4 1E D9 E3 1B 3D 0E
C7 0F C5 31 1B D6 CC D7 3D FB 24 11 09 D3 39 E7
0A 1A 13 38 D3 01 F4 FD CF D1 E4 E7 F7 0E 11 F5
F4 DC 0B E9 C5 F6 FD DD 09 08 1A 13 14 E8 25 06
F7 10 EE 02 1E 31 36 00 03 26 E8 2B FF CF C9 2C
#FULL_C_16x16 decoded_real_signed_5_M10
0.00000000 0.00000000 0.00000000 0.00000000 0.00000000 0.00000000 0.00000000 0.00000000 0.00000000 0.00000000 0.00000000 0.00000000 0.00000000 0.00000000 0.00000000 0.00000000
0.00000000 0.00000000 0.00000000 0.00000000 0.00000000 0.00000000 0.00000000 0.00000000 0.00000000 0.00000000 0.00000000 0.00000000 0.00000000 0.00000000 0.00000000 0.00000000
0.00000000 0.00000000 0.00000000 0.00000000 0.00000000 0.00000000 0.00000000 0.00000000 0.00000000 0.00000000 0.00000000 0.00000000 0.00000000 0.00000000 0.00000000 0.00000000
0.00000000 0.00000000 0.00000000 0.00000000 0.00000000 0.00000000 0.00000000 0.00000000 0.00000000 0.00000000 0.00000000 0.00000000 0.00000000 0.00000000 0.00000000 0.00000000
0.00000000 0.00000000 0.00000000 0.00000000 0.00000000 0.00000000 0.00000000 0.00000000 0.00000000 0.00000000 0.00000000 0.00000000 0.00000000 0.00000000 0.00000000 0.00000000
0.00000000 0.00000000 0.00000000 0.00000000 0.00000000 0.00000000 0.00000000 0.00000000 0.00000000 0.00000000 0.00000000 0.00000000 0.00000000 0.00000000 0.00000000 0.00000000
0.00000000 0.00000000 0.00000000 0.00000000 0.00000000 0.00000000 0.00000000 0.00000000 0.00000000 0.00000000 0.00000000 0.00000000 0.00000000 0.00000000 0.00000000 0.00000000
0.00000000 0.00000000 0.00000000 0.00000000 0.00000000 0.00000000 0.00000000 0.00000000 0.00000000 0.00000000 0.00000000 0.00000000 0.00000000 0.00000000 0.00000000 0.00000000
0.00000000 0.00000000 0.00000000 0.00000000 0.00000000 0.00000000 0.00000000 0.00000000 0.00000000 0.00000000 0.00000000 0.00000000 0.00000000 0.00000000 0.00000000 0.00000000
0.00000000 0.00000000 0.00000000 0.00000000 0.00000000 0.00000000 0.00000000 0.00000000 0.00000000 0.00000000 0.00000000 0.00000000 0.00000000 0.00000000 0.00000000 0.00000000
0.00000000 0.00000000 0.00000000 0.00000000 0.00000000 0.00000000 0.00000000 0.00000000 0.00000000 0.00000000 0.00000000 0.00000000 0.00000000 0.00000000 0.00000000 0.00000000
0.00000000 0.00000000 0.00000000 0.00000000 0.00000000 0.00000000 0.00000000 0.00000000 0.00000000 0.00000000 0.00000000 0.00000000 0.00000000 0.00000000 0.00000000 0.00000000
0.00000000 0.00000000 0.00000000 0.00000000 0.00000000 0.00000000 0.00000000 0.00000000 0.00000000 0.00000000 0.00000000 0.00000000 0.00000000 0.00000000 0.00000000 0.00000000
0.00000000 0.00000000 0.00000000 0.00000000 0.00000000 0.00000000 0.00000000 0.00000000 0.00000000 0.00000000 0.00000000 0.00000000 0.00000000 0.00000000 0.00000000 0.00000000
0.00000000 0.00000000 0.00000000 0.00000000 0.00000000 0.00000000 0.00000000 0.00000000 0.00000000 0.00000000 0.00000000 0.00000000 0.00000000 0.00000000 0.00000000 0.00000000
0.00000000 0.00000000 0.00000000 0.00000000 0.00000000 0.00000000 0.00000000 0.00000000 0.00000000 0.00000000 0.00000000 0.00000000 0.00000000 0.00000000 0.00000000 0.00000000
#FULL_C_16x16 encoded
0000 0000 0000 0000 0000 0000 0000 0000 0000 0000 0000 0000 0000 0000 0000 0000
0000 0000 0000 0000 0000 0000 0000 0000 0000 0000 0000 0000 0000 0000 0000 0000
0000 0000 0000 0000 0000 0000 0000 0000 0000 0000 0000 0000 0000 0000 0000 0000
0000 0000 0000 0000 0000 0000 0000 0000 0000 0000 0000 0000 0000 0000 0000 0000
0000 0000 0000 0000 0000 0000 0000 0000 0000 0000 0000 0000 0000 0000 0000 0000
0000 0000 0000 0000 0000 0000 0000 0000 0000 0000 0000 0000 0000 0000 0000 0000
0000 0000 0000 0000 0000 0000 0000 0000 0000 0000 0000 0000 0000 0000 0000 0000
0000 0000 0000 0000 0000 0000 0000 0000 0000 0000 0000 0000 0000 0000 0000 0000
0000 0000 0000 0000 0000 0000 0000 0000 0000 0000 0000 0000 0000 0000 0000 0000
0000 0000 0000 0000 0000 0000 0000 0000 0000 0000 0000 0000 0000 0000 0000 0000
0000 0000 0000 0000 0000 0000 0000 0000 0000 0000 0000 0000 0000 0000 0000 0000
0000 0000 0000 0000 0000 0000 0000 0000 0000 0000 0000 0000 0000 0000 0000 0000
0000 0000 0000 0000 0000 0000 0000 0000 0000 0000 0000 0000 0000 0000 0000 0000
0000 0000 0000 0000 0000 0000 0000 0000 0000 0000 0000 0000 0000 0000 0000 0000
0000 0000 0000 0000 0000 0000 0000 0000 0000 0000 0000 0000 0000 0000 0000 0000
0000 0000 0000 0000 0000 0000 0000 0000 0000 0000 0000 0000 0000 0000 0000 0000
#FULL_D_16x16_one_shot_reference decoded_real_signed_5_M10
-0.39453125 -0.77832031 -5.21582031 -1.62500000 -7.14648438 -2.79785156 -1.75976562 2.70410156 10.19433594 -5.87988281 5.35839844 -6.59277344 -2.73144531 -3.92578125 10.06250000 -4.22460938
7.33691406 -3.42675781 6.92871094 1.15234375 2.41406250 2.26660156 2.51953125 -5.78515625 7.72949219 0.80273438 -8.17675781 2.40332031 7.77734375 -2.63671875 -1.15917969 7.68945312
-9.03808594 5.44042969 3.50585938 2.51074219 2.99023438 -4.52441406 -10.81738281 -2.18457031 -3.06152344 6.15722656 2.04589844 7.80761719 -3.85839844 3.29101562 6.34570312 -5.92968750
-0.07421875 0.07226562 -0.82812500 1.72753906 4.30371094 11.13085938 -1.79492188 -3.95214844 6.76074219 0.95214844 1.91308594 0.85937500 3.62304688 -3.60253906 -2.76855469 -5.15625000
-0.29296875 -3.79687500 6.54492188 0.83496094 -8.09277344 5.05273438 5.64062500 -0.14062500 -4.36718750 1.39062500 -4.81738281 2.14453125 4.75878906 -10.82714844 -5.45507812 -3.03906250
3.18945312 -6.75585938 3.29394531 -11.74316406 5.80371094 -0.18457031 0.94433594 6.86425781 4.13964844 -2.42382812 -0.08691406 1.21972656 -1.06152344 -4.70019531 0.44433594 -1.12011719
6.76464844 8.19628906 4.93359375 6.02050781 -6.36035156 2.65722656 -4.51562500 -5.67675781 -7.46484375 0.61425781 -1.69628906 -1.87988281 -0.57714844 14.30566406 -2.72851562 0.92285156
5.68945312 3.18554688 5.15429688 -1.23925781 -4.45800781 5.37695312 4.05078125 4.79296875 -9.74316406 -2.84667969 0.45019531 -7.04492188 2.08984375 9.01953125 -7.68652344 -0.85937500
-1.89160156 1.56738281 2.94531250 9.13574219 -1.78613281 -1.16113281 -0.32714844 -4.86523438 -11.49414062 3.83496094 -7.00292969 2.48046875 3.19140625 0.83203125 -1.82910156 7.18847656
8.03222656 -1.51562500 4.70117188 -10.22656250 0.83300781 1.22851562 -1.51269531 0.88281250 0.07519531 -6.80468750 -2.53906250 0.46582031 -0.64941406 6.08789062 0.81933594 4.63378906
-3.45996094 9.35937500 10.83691406 -5.45117188 4.31250000 4.48925781 -2.05566406 9.67578125 -10.29199219 -6.44140625 -2.80859375 -4.82031250 -0.43945312 13.94140625 -0.50683594 -5.73828125
-5.73730469 -3.65039062 3.09082031 1.11523438 0.78320312 0.24609375 6.30664062 3.34570312 -0.10742188 4.00683594 5.30175781 -3.25585938 8.31054688 -6.74316406 -6.30859375 -3.70507812
-7.50000000 8.69726562 6.62402344 0.88183594 5.03417969 12.71679688 7.22460938 7.64062500 -14.60253906 11.79687500 -0.92968750 2.78710938 0.22851562 3.79003906 -14.34863281 -3.80761719
-6.07519531 -0.18945312 -0.46875000 0.76074219 0.91210938 -5.79394531 1.88281250 -0.13964844 3.44140625 4.66503906 -0.71386719 6.60742188 1.28515625 -1.95800781 8.30273438 7.71972656
-1.69531250 12.66699219 0.90136719 7.24511719 -4.27148438 -3.86035156 -4.41015625 -2.79980469 -12.96972656 -4.88964844 -8.79687500 -2.11328125 -5.44628906 13.90820312 -0.36621094 0.69042969
-0.77734375 2.85644531 -11.38183594 2.48339844 -3.00488281 6.84277344 4.74023438 0.85839844 3.44433594 -3.65820312 -0.48339844 -6.32421875 -4.91210938 -2.68164062 -3.98730469 -0.25683594
#FULL_D_16x16_one_shot_reference encoded
FE6C FCE3 EB23 F980 E36A F4CF F8F6 0AD1 28C7 E87B 156F E5A1 F513 F04C 2840 EF1A
1D59 F24B 1BB7 049C 09A8 0911 0A14 E8DC 1EEB 0336 DF4B 099D 1F1C F574 FB5D 1EC2
DBD9 15C3 0E06 0A0B 0BF6 EDE7 D4BB F743 F3C1 18A1 082F 1F3B F091 0D2A 1962 E848
FFB4 004A FCB0 06E9 1137 2C86 F8D2 F031 1B0B 03CF 07A7 0370 0E7E F197 F4ED EB60
FED4 F0D0 1A2E 0357 DFA1 1436 1690 FF70 EE88 0590 ECBB 0894 1309 D4B1 EA2E F3D8
0CC2 E4FA 0D2D D107 1737 FF43 03C7 1B75 108F F64E FFA7 04E1 FBC1 ED33 01C7 FB85
1B0F 20C9 13BC 1815 E68F 0AA1 EDF0 E94B E224 0275 F937 F87B FDB1 3939 F516 03B1
16C2 0CBE 149E FB0B EE2B 1582 1034 132C D907 F49D 01CD E3D2 085C 2414 E141 FC90
F86F 0645 0BC8 248B F8DB FB5B FEB1 EC8A D206 0F57 E3FD 09EC 0CC4 0354 F8AF 1CC1
2021 F9F0 12CE D718 0355 04EA F9F3 0388 004D E4C8 F5D8 01DD FD67 185A 0347 1289
F229 2570 2B59 EA32 1140 11F5 F7C7 26B4 D6D5 E63C F4C4 ECB8 FE3E 37C4 FDF9 E90C
E90D F166 0C5D 0476 0322 00FC 193A 0D62 FF92 1007 1535 F2FA 213E E507 E6C4 F12E
E200 22CA 1A7F 0387 1423 32DE 1CE6 1E90 C597 2F30 FC48 0B26 00EA 0F29 C69B F0C5
E7B3 FF3E FE20 030B 03A6 E8D3 0788 FF71 0DC4 12A9 FD25 1A6E 0524 F82B 2136 1EE1
F938 32AB 039B 1CFB EEEA F08F EE5C F4CD CC1F EC71 DCD0 F78C EA37 37A2 FE89 02C3
FCE4 0B6D D279 09EF F3FB 1B5F 12F6 036F 0DC7 F15E FE11 E6B4 EC5A F546 F00D FEF9

#FULL_A_16x16_original_real_before_fxp_quantization
1.09582419422 -0.244486240992 1.43439167965 0.789472116237 -1.62329060845 1.90248940655 1.04455880796 1.14425722111 -1.4875454693 -0.198456248418 -0.51680790307 1.70705995539 0.575460480323 1.29104645308 -0.226343204691 -1.09104511286
0.218339148063 -1.74473097558 1.31052468797 0.526657596488 1.03235096034 -0.581896127481 1.88279209758 1.57248448529 1.1135339883 -1.22144516859 -0.133115985092 -1.82478493685 -1.38284203173 0.73219581297 0.979048623631 1.87003892974
-0.696698567447 -0.518161175861 -0.121776754897 -1.24211456366 -1.48031397866 -0.0971802950963 -1.0923626038 0.67925597873 -0.251392324511 1.33071278423 0.801060408009 -0.750533434472 1.32903920558 1.21905742999 -0.450086483879 -0.846687584279
0.7299820159 -1.44099006556 -1.2003671901 -1.970550921 1.14769751001 0.659403426368 0.820661514505 1.12291612409 -0.164336897847 0.274964783812 -1.44081200749 -1.54187970586 0.673611847162 -0.115615175427 0.260944425925 1.05999542966
0.538873280002 0.214317602632 0.236828642982 -0.78419960775 -1.87672866173 -0.253130443071 -1.14166130872 -0.365885425101 1.41361229307 -1.06424205654 -1.76678903324 -0.874464431912 -0.825624968933 0.647666058908 0.228128609365 1.13559283643
0.65725416131 -0.37445255424 1.25608153866 -1.33210832037 -1.90915170746 -1.6398085569 0.889437402386 -0.152491078994 -1.35491288387 0.00417910041345 -1.39075158915 0.785281500311 -0.215374897704 -0.475915095614 -0.793951643408 0.521130372476
-0.552749557786 -1.64940032274 -1.52797639152 1.8475906582 1.63432276283 0.798828535243 -0.936520154162 1.87670550939 1.11500361586 0.867560756636 -0.202553991425 -0.911033752619 -1.61443615139 1.61040958618 -0.176894840666 -1.19054654082
-0.776173503397 0.316878275768 -1.29290886824 1.42645713637 1.03407811934 0.877851823804 -0.2716278409 0.50923536281 0.336391875651 0.599386406219 -1.66222271544 -0.336770391318 -1.83354330455 -0.0240367230219 -0.680555150669 -1.42190324454
-1.58638812911 0.350578288711 -1.31762812585 1.70048047351 0.324244558802 -0.612520781861 0.363661965926 -1.90878451588 1.83423685297 -0.0707862522284 1.130940909 -1.66908000031 -0.0533666766474 -0.0371720225819 1.7513058199 0.286912209504
-0.106042395772 -0.932097347632 -0.67372401063 0.0826896098862 -0.24435415878 -1.91355168048 1.30516769678 1.58464308736 -1.43900364401 0.216144574156 -1.56569703546 0.688960372159 -0.875064864644 0.637690538768 0.907978457148 1.07458996767
-1.56903621618 1.66404738055 -1.07914403642 -1.8503497753 0.219409877566 -0.51631086455 1.31915897253 1.23300588826 -0.731444428709 1.81159758028 -0.83632864744 0.0602285169269 -0.97613963773 1.7441742802 -1.34156872967 -1.82035752243
-0.259611759988 1.96950225622 1.56670906502 0.994432077828 1.56316996351 1.57378655879 0.0754334415458 -0.736283792677 1.08804972844 0.646645052671 -0.505369084505 -1.62213332775 0.987158445396 -0.950157936309 1.74725260214 -1.03611769998
-1.50896827035 1.3244506885 -1.3868627335 -1.28292676737 0.397531166083 1.49824816335 -1.21426133714 -0.7587053084 1.10961935296 1.88730570424 0.00296474480937 -1.42440998979 -1.94425484917 -1.08137588 -1.47271112885 0.710634694451
-1.51266998149 0.0253197264825 0.777049742572 0.324466436884 -1.20089739336 1.21649810473 0.861628518463 0.955936015662 -1.47576899377 -1.5049847854 1.71025020403 -0.4096872247 -0.796205232876 -0.0456638185939 0.651456851054 1.82249302819
-0.854215092472 1.69923371725 -1.90056203445 0.220792169307 0.535900446724 -1.576410385 -1.43864161174 -0.323542722735 1.86492764857 0.384170212937 1.7320928864 1.21744366245 -0.130473593779 1.13905379701 -1.92865286409 -1.56342401294
1.31771445953 1.1872683533 -1.06943703213 0.123078362396 0.4240632828 1.4709558151 0.412428629355 -0.349713722905 -0.503263826371 -0.296471654506 0.60772410232 1.46996252701 -0.184412471695 -1.00864174819 -1.05335054801 0.984057120974
#FULL_B_16x16_original_real_before_fxp_quantization
1.2662750537 -1.57888768058 -1.73376457218 0.377734655026 -1.41530702323 1.29865676183 -0.758661304304 -1.42451226812 1.68388188995 -1.33787310906 -0.861119670648 -1.38554641923 -1.53803974534 -1.91540793465 -1.77841836334 -1.30143411626
-1.78647226949 0.364575264444 0.722858107198 -0.425478172672 -0.728035612192 0.0181049480889 1.50001976894 1.40452650729 -1.82609975195 -1.27400636161 -1.05302051558 -1.00244969667 0.284930606971 -0.334950297187 -1.80298352029 -0.505543446162
0.0950117948705 -1.59331238839 1.33383421515 -1.79215253414 1.69936747607 -1.60354743368 1.37429980639 1.61061257571 1.91828272235 1.20810352109 1.11791016309 0.569933103982 1.11598541831 -1.46179116635 0.144272143791 0.0568914807617
1.43028857649 -0.148802537626 -0.459642015599 0.558253084948 -0.934146729997 -1.44092635618 -0.088490903905 -0.33244252562 -1.06972023788 -0.529952759539 -0.534430200695 -0.69001774235 -0.482143681092 0.742973381824 -0.812494101715 1.79543170686
1.66539207815 -0.0763582867997 -0.686555179981 0.14173915932 1.39424195509 0.61034936224 1.21756731179 0.130889104263 0.53167051707 -0.84737754327 0.939572649241 -1.1903816275 0.779192515274 1.4428762733 -1.47158865079 0.457518962168
-1.61961700708 0.902862513086 -1.66202712471 1.7437592908 -1.45036827985 1.83552098364 1.20353670434 0.374728017865 1.13049641852 1.18045935593 1.78410825127 -0.986466584643 0.360303581433 -1.61980320974 0.464662800096 -1.31483478363
0.25980244589 0.289722056135 -0.136059388075 0.0905271020525 1.05569356003 1.19697886605 -0.0313871376983 0.39837376609 1.72494494276 -1.521065646 -1.5315857364 -1.64916395236 0.631453140162 -0.325566796838 1.09728566457 0.684925653234
-0.665448966687 1.59346618945 1.05012858828 -0.917860236359 -0.543231928912 -0.742240079183 -1.3695534055 -1.40886650983 1.7445098535 -0.248383851205 -0.46672070889 0.91874283471 0.211972261012 1.74455994735 1.12120597564 -0.0825217435018
-0.494562106077 1.9465261797 0.871040944015 1.80477864002 -1.52608569113 1.40213471676 0.548295535965 -1.51231328666 0.353031999877 0.744385460422 -1.95078925645 -0.182728152633 1.30159804479 -0.818563898624 -0.165807672806 -0.230743491728
-0.79229043423 1.67376758206 1.12517614173 -1.55764635602 1.98813863135 1.51680009723 -0.864366248544 1.34758631864 -1.57432187251 1.9964189219 0.662738944426 0.600500062235 -1.63823709206 1.58813359559 -1.88400198718 -1.03668776784
-1.42791249933 1.10707176277 -1.20718309115 1.64255290852 0.62507615731 -1.85534915802 -1.97828066349 -1.79336833194 0.423700710591 1.20592724344 -1.04578871749 1.39763537169 -1.77107223939 1.20385541457 1.71118172069 1.08843359642
0.792483135915 1.35192087462 -1.83939480181 -1.19287155712 -1.50030528278 0.0181239607719 0.980752513315 0.520047378306 1.40452439905 -1.37914803024 0.938484367741 -1.22783403652 -0.916964994729 0.839618789125 1.92081913959 0.446174423908
-1.78199874003 0.46523587971 -1.83059779368 1.53658284547 0.838313140402 -1.30748861431 -1.6331159767 -1.26586708448 1.92010871822 -0.165757430166 1.13632379337 0.545633368431 0.289652599835 -1.41947898134 1.78409781423 -0.794629469941
0.31206886323 0.799103778356 0.596932620981 1.76237763878 -1.40624404032 0.0334109537878 -0.383862437037 -0.10332508207 -1.52312989521 -1.46362156051 -0.887697816875 -0.781181584957 -0.288387145275 0.443950188147 0.538516469673 -0.352756413658
-0.364867562285 -1.12948589321 0.353224993636 -0.731836354731 -1.85576066289 -0.326399823373 -0.103469299639 -1.09762852718 0.289831732488 0.263087601728 0.808008724441 0.591793928805 0.609732226084 -0.735143392704 1.14972888794 0.196577534399
-0.27432721928 0.504049923764 -0.557370662199 0.050956978427 0.946822753929 1.54561154689 1.68422878918 0.0145317007324 0.0811004589623 1.19948164306 -0.742197233023 1.34952944938 -0.0234334139303 -1.53657310266 -1.71176341171 1.36797284416
#FULL_C_16x16_original_real_before_fxp_quantization
0 0 0 0 0 0 0 0 0 0 0 0 0 0 0 0
0 0 0 0 0 0 0 0 0 0 0 0 0 0 0 0
0 0 0 0 0 0 0 0 0 0 0 0 0 0 0 0
0 0 0 0 0 0 0 0 0 0 0 0 0 0 0 0
0 0 0 0 0 0 0 0 0 0 0 0 0 0 0 0
0 0 0 0 0 0 0 0 0 0 0 0 0 0 0 0
0 0 0 0 0 0 0 0 0 0 0 0 0 0 0 0
0 0 0 0 0 0 0 0 0 0 0 0 0 0 0 0
0 0 0 0 0 0 0 0 0 0 0 0 0 0 0 0
0 0 0 0 0 0 0 0 0 0 0 0 0 0 0 0
0 0 0 0 0 0 0 0 0 0 0 0 0 0 0 0
0 0 0 0 0 0 0 0 0 0 0 0 0 0 0 0
0 0 0 0 0 0 0 0 0 0 0 0 0 0 0 0
0 0 0 0 0 0 0 0 0 0 0 0 0 0 0 0
0 0 0 0 0 0 0 0 0 0 0 0 0 0 0 0
0 0 0 0 0 0 0 0 0 0 0 0 0 0 0 0
#FULL_D_16x16_full_precision_real_reference decoded_real
-0.441940051203 -0.741555538168 -5.30396829018 -1.47142599857 -7.16898029257 -2.8354133832 -1.7803365309 2.61536582854 10.2347732658 -5.92604917289 5.2782019218 -6.58279930959 -2.7913603779 -3.98223308585 10.1038766127 -4.12822593775
7.35912926812 -3.41297742755 6.90451449255 1.04361612222 2.40462641522 2.3659564252 2.48115043221 -5.78705908469 7.74794585548 0.823422559498 -8.22623021448 2.40889832997 7.79346805241 -2.64471236282 -1.20649730201 7.656682552
-9.04843698913 5.36533730248 3.58112807276 2.54194941755 2.96098289281 -4.51530003077 -10.7482102227 -2.12093893228 -3.13048072072 6.06799389336 1.98806913943 7.8059905389 -3.8063196854 3.26517946298 6.28431659789 -5.9394767463
-0.0480953421371 -0.016002154024 -0.878023606563 1.73826410808 4.17380707606 11.2463327674 -1.85032607085 -3.91044935655 6.76019497498 0.945247654311 1.92856374802 0.887640293162 3.62926799148 -3.63125466823 -2.78813503331 -5.19676224553
-0.315774018635 -3.75202533796 6.49808992315 0.888978537626 -8.05627500208 5.16069639867 5.57602839706 -0.218228124106 -4.29818557074 1.44067791796 -4.90904915583 2.1630456051 4.72361506401 -10.7588749041 -5.43037293398 -2.99192071418
3.18116354194 -6.72687237473 3.23072612869 -11.7317395217 5.9436830129 -0.213837086563 0.935859169347 6.86655849923 4.17666638124 -2.423739961 -0.079266950902 1.21289851066 -1.07144948395 -4.63529646495 0.522245107183 -1.04115242664
6.77899318072 8.04867847096 4.91265901043 5.92130834636 -6.38103742259 2.61093633263 -4.50750489515 -5.68179630896 -7.43397054928 0.542416603707 -1.73021209743 -1.88876016183 -0.635970455439 14.2829453209 -2.81648813573 0.95236644898
5.62300135225 3.17740749203 5.08508666427 -1.21850133153 -4.49874618471 5.4346046939 4.09142007144 4.78746932438 -9.72840255543 -2.87503439544 0.44968973554 -7.05902018964 2.01474995192 9.04713892054 -7.68633039831 -0.843608219908
-1.85425875225 1.52438417893 2.96328270194 9.17979712045 -1.77605175517 -1.18923337691 -0.375462602437 -4.90051087671 -11.5018583756 3.8638311833 -7.03890883198 2.46294240286 3.19375046229 0.79945380094 -1.91977481496 7.15446431368
8.0163894422 -1.53968085259 4.72497911309 -10.255459992 0.873794071405 1.28872775497 -1.36523150616 0.962134886756 0.0200654128962 -6.69744959848 -2.49658532227 0.492694912585 -0.608840455055 6.06952337255 0.846293078682 4.71684675738
-3.54380581936 9.24412281753 10.8260032235 -5.40565768648 4.28124189116 4.47310985415 -1.97301268519 9.65314337252 -10.2594820783 -6.39897713432 -2.76131729923 -4.79397186425 -0.400493765579 13.9880126696 -0.430860554927 -5.78802011013
-5.73534355173 -3.71412847985 3.12363589495 1.03197936982 0.726669321851 0.153382764952 6.29299101188 3.39486579243 0.00256230897268 3.97779721835 5.33238684964 -3.23049695584 8.29495468126 -6.66612985524 -6.33036032725 -3.74330342106
-7.52624867748 8.67688941353 6.62274844667 0.878713419697 5.01894930147 12.7114494247 7.21723970102 7.72007911121 -14.7946768707 11.7348755311 -0.920121586346 2.76718179942 0.178461925944 3.90629583442 -14.3653481599 -3.88103349751
-5.9828610258 -0.202093909226 -0.427770864524 0.648907749961 0.94856062428 -5.74458107388 1.91690585537 -0.123228339985 3.31570993135 4.74449928259 -0.734605192029 6.68178262873 1.32219496529 -1.95855576557 8.24665589069 7.79434788271
-1.7094912877 12.6434243997 1.01619956379 7.27644116078 -4.21202267737 -3.96966422564 -4.39090106452 -2.80299121374 -13.1404133242 -4.94474265021 -8.86068726873 -2.15924737334 -5.44850263559 13.9418944482 -0.351788505342 0.684094303627
-0.805123972069 2.87406137327 -11.4631565856 2.51962913248 -3.07511734788 6.79830752098 4.72774697494 0.835094292278 3.42525136068 -3.64700070304 -0.458307505157 -6.31727621034 -4.91595002752 -2.79884875006 -3.88072453236 -0.201459093689
#FULL_D_16x16_full_precision_real_reference_rounded_fxp16 encoded
FE3B FD09 EAC9 FA1D E353 F4A9 F8E1 0A76 28F0 E84C 151D E5AB F4D6 F012 286A EF7D
1D70 F259 1B9E 042D 099E 0977 09ED E8DA 1EFE 034B DF18 09A3 1F2D F56C FB2D 1EA0
DBCE 1576 0E53 0A2B 0BD8 EDF0 D502 F784 F37A 1846 07F4 1F39 F0C6 0D10 1923 E83E
FFCF FFF0 FC7D 06F4 10B2 2CFC F899 F05C 1B0A 03C8 07B7 038D 0E84 F17A F4D9 EB37
FEBD F0FE 19FE 038E DFC6 14A5 164E FF21 EECF 05C3 EC5D 08A7 12E5 D4F7 EA47 F408
0CBA E518 0CEC D113 17C6 FF25 03BE 1B77 10B5 F64E FFAF 04DA FBB7 ED75 0217 FBD6
1B1E 2032 13A7 17AF E67A 0A72 EDF8 E946 E244 022B F914 F872 FD75 3922 F4BC 03CF
167E 0CB6 1457 FB20 EE01 15BD 105E 1326 D916 F480 01CC E3C4 080F 2430 E141 FCA0
F895 0619 0BDA 24B8 F8E5 FB3E FE80 EC66 D1FE 0F75 E3D8 09DA 0CC6 0333 F852 1C9E
2011 F9D7 12E6 D6FA 037F 0528 FA8A 03D9 0015 E536 F603 01F9 FD91 1847 0363 12DE
F1D3 24FA 2B4E EA61 1120 11E4 F81C 269D D6F6 E667 F4F4 ECD3 FE66 37F4 FE47 E8D9
E90F F125 0C7F 0421 02E8 009D 192C 0D94 0003 0FE9 1554 F314 212E E556 E6AE F107
E1E5 22B5 1A7E 0384 1413 32D9 1CDE 1EE1 C4D2 2EF1 FC52 0B12 00B7 0FA0 C68A F07A
E812 FF31 FE4A 0298 03CB E906 07AB FF82 0D43 12FA FD10 1ABA 054A F82A 20FD 1F2D
F929 3293 0411 1D1B EF27 F01F EE70 F4CA CB70 EC39 DC8F F75D EA35 37C4 FE98 02BD
FCC8 0B7F D226 0A14 F3B3 1B31 12E9 0357 0DB3 F169 FE2B E6BB EC56 F4CE F07A FF32

#================ TC0 SET 0 ================
#TC0_A00 decoded_real_signed_2_M5
1.09375000 -0.25000000 1.43750000 0.78125000
0.21875000 -1.75000000 1.31250000 0.53125000
-0.68750000 -0.53125000 -0.12500000 -1.25000000
0.71875000 -1.43750000 -1.18750000 -1.96875000
#TC0_A00 encoded
23 F8 2E 19
07 C8 2A 11
EA EF FC D8
17 D2 DA C1
#TC0_A10 decoded_real_signed_2_M5
0.53125000 0.21875000 0.25000000 -0.78125000
0.65625000 -0.37500000 1.25000000 -1.34375000
-0.56250000 -1.65625000 -1.53125000 1.84375000
-0.78125000 0.31250000 -1.28125000 1.43750000
#TC0_A10 encoded
11 07 08 E7
15 F4 28 D5
EE CB CF 3B
E7 0A D7 2E
#TC0_A20 decoded_real_signed_2_M5
-1.59375000 0.34375000 -1.31250000 1.68750000
-0.09375000 -0.93750000 -0.68750000 0.09375000
-1.56250000 1.65625000 -1.09375000 -1.84375000
-0.25000000 1.96875000 1.56250000 1.00000000
#TC0_A20 encoded
CD 0B D6 36
FD E2 EA 03
CE 35 DD C5
F8 3F 32 20
#TC0_A30 decoded_real_signed_2_M5
-1.50000000 1.31250000 -1.37500000 -1.28125000
-1.50000000 0.03125000 0.78125000 0.31250000
-0.84375000 1.68750000 -1.90625000 0.21875000
1.31250000 1.18750000 -1.06250000 0.12500000
#TC0_A30 encoded
D0 2A D4 D7
D0 01 19 0A
E5 36 C3 07
2A 26 DE 04
#TC0_B0L decoded_real_signed_2_M5
1.28125000 -1.59375000 -1.71875000 0.37500000
-1.78125000 0.37500000 0.71875000 -0.43750000
0.09375000 -1.59375000 1.34375000 -1.78125000
1.43750000 -0.15625000 -0.46875000 0.56250000
#TC0_B0L encoded
29 CD C9 0C
C7 0C 17 F2
03 CD 2B C7
2E FB F1 12
#TC0_B0R decoded_real_signed_2_M5
-1.40625000 1.31250000 -0.75000000 -1.43750000
-0.71875000 0.03125000 1.50000000 1.40625000
1.68750000 -1.59375000 1.37500000 1.62500000
-0.93750000 -1.43750000 -0.09375000 -0.34375000
#TC0_B0R encoded
D3 2A E8 D2
E9 01 30 2D
36 CD 2C 34
E2 D2 FD F5
#TC0_B0L_T_for_HMMA decoded_real_signed_2_M5
1.28125000 -1.78125000 0.09375000 1.43750000
-1.59375000 0.37500000 -1.59375000 -0.15625000
-1.71875000 0.71875000 1.34375000 -0.46875000
0.37500000 -0.43750000 -1.78125000 0.56250000
#TC0_B0L_T_for_HMMA encoded
29 C7 03 2E
CD 0C CD FB
C9 17 2B F1
0C F2 C7 12
#TC0_B0R_T_for_HMMA decoded_real_signed_2_M5
-1.40625000 -0.71875000 1.68750000 -0.93750000
1.31250000 0.03125000 -1.59375000 -1.43750000
-0.75000000 1.50000000 1.37500000 -0.09375000
-1.43750000 1.40625000 1.62500000 -0.34375000
#TC0_B0R_T_for_HMMA encoded
D3 E9 36 E2
2A 01 CD D2
E8 30 2C FD
D2 2D 34 F5
#TC0_C00_set0 decoded_real_signed_5_M10
0.00000000 0.00000000 0.00000000 0.00000000
0.00000000 0.00000000 0.00000000 0.00000000
0.00000000 0.00000000 0.00000000 0.00000000
0.00000000 0.00000000 0.00000000 0.00000000
#TC0_C00_set0 encoded
0000 0000 0000 0000
0000 0000 0000 0000
0000 0000 0000 0000
0000 0000 0000 0000
#TC0_C10_set0 decoded_real_signed_5_M10
0.00000000 0.00000000 0.00000000 0.00000000
0.00000000 0.00000000 0.00000000 0.00000000
0.00000000 0.00000000 0.00000000 0.00000000
0.00000000 0.00000000 0.00000000 0.00000000
#TC0_C10_set0 encoded
0000 0000 0000 0000
0000 0000 0000 0000
0000 0000 0000 0000
0000 0000 0000 0000
#TC0_C01_set0 decoded_real_signed_5_M10
0.00000000 0.00000000 0.00000000 0.00000000
0.00000000 0.00000000 0.00000000 0.00000000
0.00000000 0.00000000 0.00000000 0.00000000
0.00000000 0.00000000 0.00000000 0.00000000
#TC0_C01_set0 encoded
0000 0000 0000 0000
0000 0000 0000 0000
0000 0000 0000 0000
0000 0000 0000 0000
#TC0_C11_set0 decoded_real_signed_5_M10
0.00000000 0.00000000 0.00000000 0.00000000
0.00000000 0.00000000 0.00000000 0.00000000
0.00000000 0.00000000 0.00000000 0.00000000
0.00000000 0.00000000 0.00000000 0.00000000
#TC0_C11_set0 encoded
0000 0000 0000 0000
0000 0000 0000 0000
0000 0000 0000 0000
0000 0000 0000 0000
#TC0_C20_set0 decoded_real_signed_5_M10
0.00000000 0.00000000 0.00000000 0.00000000
0.00000000 0.00000000 0.00000000 0.00000000
0.00000000 0.00000000 0.00000000 0.00000000
0.00000000 0.00000000 0.00000000 0.00000000
#TC0_C20_set0 encoded
0000 0000 0000 0000
0000 0000 0000 0000
0000 0000 0000 0000
0000 0000 0000 0000
#TC0_C30_set0 decoded_real_signed_5_M10
0.00000000 0.00000000 0.00000000 0.00000000
0.00000000 0.00000000 0.00000000 0.00000000
0.00000000 0.00000000 0.00000000 0.00000000
0.00000000 0.00000000 0.00000000 0.00000000
#TC0_C30_set0 encoded
0000 0000 0000 0000
0000 0000 0000 0000
0000 0000 0000 0000
0000 0000 0000 0000
#TC0_C21_set0 decoded_real_signed_5_M10
0.00000000 0.00000000 0.00000000 0.00000000
0.00000000 0.00000000 0.00000000 0.00000000
0.00000000 0.00000000 0.00000000 0.00000000
0.00000000 0.00000000 0.00000000 0.00000000
#TC0_C21_set0 encoded
0000 0000 0000 0000
0000 0000 0000 0000
0000 0000 0000 0000
0000 0000 0000 0000
#TC0_C31_set0 decoded_real_signed_5_M10
0.00000000 0.00000000 0.00000000 0.00000000
0.00000000 0.00000000 0.00000000 0.00000000
0.00000000 0.00000000 0.00000000 0.00000000
0.00000000 0.00000000 0.00000000 0.00000000
#TC0_C31_set0 encoded
0000 0000 0000 0000
0000 0000 0000 0000
0000 0000 0000 0000
0000 0000 0000 0000
#golden TC0 STEP0_D00_set0 decoded_real_signed_5_M10
3.10449219 -4.25000000 -0.49414062 -1.60156250
4.28417969 -3.17968750 -0.11914062 -1.19140625
-1.74316406 1.29101562 1.21777344 -0.50585938
0.54003906 0.51562500 -2.94140625 1.90625000
#golden TC0 STEP0_D00_set0 encoded
0C6B EF00 FE06 F998
1123 F348 FF86 FB3C
F907 052A 04DF FDFA
0229 0210 F43C 07A0
#golden TC0 STEP0_D10_set0 decoded_real_signed_5_M10
-0.80859375 -1.04101562 -0.05371094 -0.78125000
-0.30566406 -2.96875000 0.91210938 -2.57226562
4.73632812 2.42773438 -3.14550781 4.27832031
0.38867188 3.17968750 -0.82812500 2.66113281
#golden TC0 STEP0_D10_set0 encoded
FCC4 FBD6 FFC9 FCE0
FEC7 F420 03A6 F5B6
12F2 09B6 F36B 111D
018E 0CB8 FCB0 0AA5
#golden TC0 STEP1_D01_set0 decoded_real_signed_5_M10
0.33496094 -1.98632812 0.70800781 0.14355469
2.66699219 -2.62304688 -1.03417969 -0.82519531
2.30957031 1.07714844 -0.33593750 0.46777344
-0.13574219 5.62109375 -4.14355469 -4.30761719
#golden TC0 STEP1_D01_set0 encoded
0157 F80E 02D5 0093
0AAB F582 FBDD FCB3
093D 044F FEA8 01DF
FF75 167C EF6D EEC5
#golden TC0 STEP1_D11_set0 decoded_real_signed_5_M10
0.25000000 1.42871094 0.34667969 0.21875000
2.71582031 0.78906250 0.79003906 1.02246094
-2.33105469 -1.00000000 -4.34082031 -4.64257812
-2.63574219 -1.04003906 -0.84179688 -1.01367188
#golden TC0 STEP1_D11_set0 encoded
0100 05B7 0163 00E0
0ADD 0328 0329 0417
F6AD FC00 EEA3 ED6E
F575 FBD7 FCA2 FBF2
#golden TC0 STEP0_D20_set0 decoded_real_signed_5_M10
-0.35156250 4.49707031 0.43164062 2.53906250
1.62011719 0.87890625 -1.48046875 1.65234375
-7.70507812 5.14257812 3.27050781 -0.39941406
-2.24316406 -1.50976562 3.47558594 -3.17578125
#golden TC0 STEP0_D20_set0 encoded
FE98 11FD 01BA 0A28
067B 0384 FA14 069C
E12E 1492 0D15 FE67
F707 F9F6 0DE7 F34C
#golden TC0 STEP0_D30_set0 decoded_real_signed_5_M10
-6.23046875 5.27441406 2.27441406 0.59179688
-1.45507812 1.10839844 3.50390625 -1.79199219
-3.95117188 4.98144531 -0.00097656 2.46386719
-0.35351562 0.02734375 -2.88867188 1.93554688
#golden TC0 STEP0_D30_set0 encoded
E714 1519 0919 025E
FA2E 046F 0E04 F8D5
F032 13ED FFFF 09DB
FE96 001C F472 07BE
#golden TC0 STEP1_D21_set0 decoded_real_signed_5_M10
-1.80273438 -2.41503906 -0.25195312 0.06152344
-0.44238281 0.80859375 -2.29003906 -2.33300781
0.88964844 2.39453125 2.32519531 3.43164062
0.63574219 -4.19433594 5.19531250 5.32324219
#golden TC0 STEP1_D21_set0 encoded
F8CA F657 FEFE 003F
FE3B 033C F6D7 F6AB
038F 0994 094D 0DBA
028B EF39 14C8 154B
#golden TC0 STEP1_D31_set0 decoded_real_signed_5_M10
0.04687500 2.10546875 1.32324219 2.20800781
3.11230469 -3.66210938 2.21679688 3.36230469
-3.44824219 1.66894531 0.52246094 0.41308594
-4.60937500 3.27343750 -0.67578125 -1.98632812
#golden TC0 STEP1_D31_set0 encoded
0030 086C 054B 08D5
0C73 F15A 08DE 0D73
F235 06AD 0217 01A7
ED90 0D18 FD4C F80E

#================ TC1 SET 0 ================
#TC1_A00 decoded_real_signed_2_M5
1.09375000 -0.25000000 1.43750000 0.78125000
0.21875000 -1.75000000 1.31250000 0.53125000
-0.68750000 -0.53125000 -0.12500000 -1.25000000
0.71875000 -1.43750000 -1.18750000 -1.96875000
#TC1_A00 encoded
23 F8 2E 19
07 C8 2A 11
EA EF FC D8
17 D2 DA C1
#TC1_A10 decoded_real_signed_2_M5
0.53125000 0.21875000 0.25000000 -0.78125000
0.65625000 -0.37500000 1.25000000 -1.34375000
-0.56250000 -1.65625000 -1.53125000 1.84375000
-0.78125000 0.31250000 -1.28125000 1.43750000
#TC1_A10 encoded
11 07 08 E7
15 F4 28 D5
EE CB CF 3B
E7 0A D7 2E
#TC1_A20 decoded_real_signed_2_M5
-1.59375000 0.34375000 -1.31250000 1.68750000
-0.09375000 -0.93750000 -0.68750000 0.09375000
-1.56250000 1.65625000 -1.09375000 -1.84375000
-0.25000000 1.96875000 1.56250000 1.00000000
#TC1_A20 encoded
CD 0B D6 36
FD E2 EA 03
CE 35 DD C5
F8 3F 32 20
#TC1_A30 decoded_real_signed_2_M5
-1.50000000 1.31250000 -1.37500000 -1.28125000
-1.50000000 0.03125000 0.78125000 0.31250000
-0.84375000 1.68750000 -1.90625000 0.21875000
1.31250000 1.18750000 -1.06250000 0.12500000
#TC1_A30 encoded
D0 2A D4 D7
D0 01 19 0A
E5 36 C3 07
2A 26 DE 04
#TC1_B0L decoded_real_signed_2_M5
1.68750000 -1.34375000 -0.87500000 -1.37500000
-1.81250000 -1.28125000 -1.06250000 -1.00000000
1.90625000 1.21875000 1.12500000 0.56250000
-1.06250000 -0.53125000 -0.53125000 -0.68750000
#TC1_B0L encoded
36 D5 E4 D4
C6 D7 DE E0
3D 27 24 12
DE EF EF EA
#TC1_B0R decoded_real_signed_2_M5
-1.53125000 -1.90625000 -1.78125000 -1.31250000
0.28125000 -0.34375000 -1.81250000 -0.50000000
1.12500000 -1.46875000 0.15625000 0.06250000
-0.46875000 0.75000000 -0.81250000 1.78125000
#TC1_B0R encoded
CF C3 C7 D6
09 F5 C6 F0
24 D1 05 02
F1 18 E6 39
#TC1_B0L_T_for_HMMA decoded_real_signed_2_M5
1.68750000 -1.81250000 1.90625000 -1.06250000
-1.34375000 -1.28125000 1.21875000 -0.53125000
-0.87500000 -1.06250000 1.12500000 -0.53125000
-1.37500000 -1.00000000 0.56250000 -0.68750000
#TC1_B0L_T_for_HMMA encoded
36 C6 3D DE
D5 D7 27 EF
E4 DE 24 EF
D4 E0 12 EA
#TC1_B0R_T_for_HMMA decoded_real_signed_2_M5
-1.53125000 0.28125000 1.12500000 -0.46875000
-1.90625000 -0.34375000 -1.46875000 0.75000000
-1.78125000 -1.81250000 0.15625000 -0.81250000
-1.31250000 -0.50000000 0.06250000 1.78125000
#TC1_B0R_T_for_HMMA encoded
CF 09 24 F1
C3 F5 D1 18
C7 C6 05 E6
D6 F0 02 39
#TC1_C00_set0 decoded_real_signed_5_M10
0.00000000 0.00000000 0.00000000 0.00000000
0.00000000 0.00000000 0.00000000 0.00000000
0.00000000 0.00000000 0.00000000 0.00000000
0.00000000 0.00000000 0.00000000 0.00000000
#TC1_C00_set0 encoded
0000 0000 0000 0000
0000 0000 0000 0000
0000 0000 0000 0000
0000 0000 0000 0000
#TC1_C10_set0 decoded_real_signed_5_M10
0.00000000 0.00000000 0.00000000 0.00000000
0.00000000 0.00000000 0.00000000 0.00000000
0.00000000 0.00000000 0.00000000 0.00000000
0.00000000 0.00000000 0.00000000 0.00000000
#TC1_C10_set0 encoded
0000 0000 0000 0000
0000 0000 0000 0000
0000 0000 0000 0000
0000 0000 0000 0000
#TC1_C01_set0 decoded_real_signed_5_M10
0.00000000 0.00000000 0.00000000 0.00000000
0.00000000 0.00000000 0.00000000 0.00000000
0.00000000 0.00000000 0.00000000 0.00000000
0.00000000 0.00000000 0.00000000 0.00000000
#TC1_C01_set0 encoded
0000 0000 0000 0000
0000 0000 0000 0000
0000 0000 0000 0000
0000 0000 0000 0000
#TC1_C11_set0 decoded_real_signed_5_M10
0.00000000 0.00000000 0.00000000 0.00000000
0.00000000 0.00000000 0.00000000 0.00000000
0.00000000 0.00000000 0.00000000 0.00000000
0.00000000 0.00000000 0.00000000 0.00000000
#TC1_C11_set0 encoded
0000 0000 0000 0000
0000 0000 0000 0000
0000 0000 0000 0000
0000 0000 0000 0000
#TC1_C20_set0 decoded_real_signed_5_M10
0.00000000 0.00000000 0.00000000 0.00000000
0.00000000 0.00000000 0.00000000 0.00000000
0.00000000 0.00000000 0.00000000 0.00000000
0.00000000 0.00000000 0.00000000 0.00000000
#TC1_C20_set0 encoded
0000 0000 0000 0000
0000 0000 0000 0000
0000 0000 0000 0000
0000 0000 0000 0000
#TC1_C30_set0 decoded_real_signed_5_M10
0.00000000 0.00000000 0.00000000 0.00000000
0.00000000 0.00000000 0.00000000 0.00000000
0.00000000 0.00000000 0.00000000 0.00000000
0.00000000 0.00000000 0.00000000 0.00000000
#TC1_C30_set0 encoded
0000 0000 0000 0000
0000 0000 0000 0000
0000 0000 0000 0000
0000 0000 0000 0000
#TC1_C21_set0 decoded_real_signed_5_M10
0.00000000 0.00000000 0.00000000 0.00000000
0.00000000 0.00000000 0.00000000 0.00000000
0.00000000 0.00000000 0.00000000 0.00000000
0.00000000 0.00000000 0.00000000 0.00000000
#TC1_C21_set0 encoded
0000 0000 0000 0000
0000 0000 0000 0000
0000 0000 0000 0000
0000 0000 0000 0000
#TC1_C31_set0 decoded_real_signed_5_M10
0.00000000 0.00000000 0.00000000 0.00000000
0.00000000 0.00000000 0.00000000 0.00000000
0.00000000 0.00000000 0.00000000 0.00000000
0.00000000 0.00000000 0.00000000 0.00000000
#TC1_C31_set0 encoded
0000 0000 0000 0000
0000 0000 0000 0000
0000 0000 0000 0000
0000 0000 0000 0000
#golden TC1 STEP0_D00_set0 decoded_real_signed_5_M10
4.20898438 0.18750000 0.51074219 -0.98242188
5.47851562 3.26562500 2.86230469 1.82226562
0.89257812 2.11621094 1.68945312 2.26562500
3.64648438 0.47460938 0.60839844 1.13476562
#golden TC1 STEP0_D00_set0 encoded
10D6 00C0 020B FC12
15EA 0D10 0B73 074A
0392 0877 06C2 0910
0E96 01E6 026F 048A
#golden TC1 STEP0_D10_set0 decoded_real_signed_5_M10
1.80664062 -0.27441406 -0.00097656 -0.27148438
5.59765625 1.83593750 1.94433594 1.09960938
-2.82519531 0.03222656 -0.45019531 0.30078125
-5.85449219 -1.67578125 -1.85351562 -0.94726562
#golden TC1 STEP0_D10_set0 encoded
073A FEE7 FFFF FEEA
1664 0758 07C7 0466
F4B3 0021 FE33 0134
E895 F94C F896 FC36
#golden TC1 STEP1_D01_set0 decoded_real_signed_5_M10
-0.49414062 -3.52441406 -1.90527344 0.17089844
0.40039062 -1.34472656 2.55566406 1.61621094
1.34863281 0.73925781 3.18359375 -1.06640625
-1.91796875 -0.60839844 2.73925781 -3.80566406
#golden TC1 STEP1_D01_set0 encoded
FE06 F1E7 F861 00AF
019A FA9F 0A39 0677
0565 02F5 0CBC FBBC
F854 FD91 0AF5 F0C7
#golden TC1 STEP1_D11_set0 decoded_real_signed_5_M10
-0.10449219 -2.04101562 -0.66894531 -2.18261719
0.92578125 -3.96582031 0.79785156 -2.98925781
-2.19140625 5.27343750 2.26660156 4.75488281
-0.83105469 4.34179688 -0.54296875 3.34960938
#golden TC1 STEP1_D11_set0 encoded
FF95 F7D6 FD53 F745
03B4 F023 0331 F40B
F73C 1518 0911 1305
FCAD 115E FDD4 0D66
#golden TC1 STEP0_D20_set0 decoded_real_signed_5_M10
-7.60742188 -0.79492188 -1.34375000 -0.05078125
0.13085938 0.43945312 0.25488281 0.61523438
-5.76464844 -0.37597656 -0.64355469 1.14453125
-2.07421875 -0.81347656 -0.64648438 -1.43359375
#golden TC1 STEP0_D20_set0 encoded
E192 FCD2 FAA0 FFCC
0086 01C2 0105 0276
E8F1 FE7F FD6D 0494
F7B4 FCBF FD6A FA44
#golden TC1 STEP0_D30_set0 decoded_real_signed_5_M10
-6.16992188 -0.66113281 -0.94824219 0.85742188
-1.43066406 2.76171875 1.99218750 2.25585938
-8.34863281 -3.46777344 -3.31542969 -1.75000000
-2.09570312 -4.64648438 -3.67187500 -3.67578125
#golden TC1 STEP0_D30_set0 encoded
E752 FD5B FC35 036E
FA47 0B0C 07F8 0906
DE9B F221 F2BD F900
F79E ED6A F150 F14C
#golden TC1 STEP1_D21_set0 decoded_real_signed_5_M10
0.26953125 6.11328125 0.63964844 4.84375000
-0.93750000 1.58105469 1.68261719 0.71582031
2.49218750 2.63281250 1.10839844 -2.12988281
2.22558594 -1.74511719 -3.69140625 1.22265625
#golden TC1 STEP1_D21_set0 encoded
0114 1874 028F 1360
FC40 0653 06BB 02DD
09F8 0A88 046F F77B
08E7 F905 F13C 04E4
#golden TC1 STEP1_D31_set0 decoded_real_signed_5_M10
1.71972656 3.46679688 1.11914062 -1.05566406
3.03808594 1.93554688 2.48339844 2.55859375
-0.48046875 3.99218750 -2.03125000 0.53417969
-2.92968750 -1.25585938 -4.75781250 -2.16015625
#golden TC1 STEP1_D31_set0 encoded
06E1 0DDE 047A FBC7
0C27 07BE 09EF 0A3C
FE14 0FF8 F7E0 0223
F448 FAFA ECF8 F75C

#================ TC0 SET 1 ================
#TC0_A01 decoded_real_signed_2_M5
-1.62500000 1.90625000 1.03125000 1.15625000
1.03125000 -0.59375000 1.87500000 1.56250000
-1.46875000 -0.09375000 -1.09375000 0.68750000
1.15625000 0.65625000 0.81250000 1.12500000
#TC0_A01 encoded
CC 3D 21 25
21 ED 3C 32
D1 FD DD 16
25 15 1A 24
#TC0_A11 decoded_real_signed_2_M5
-1.87500000 -0.25000000 -1.15625000 -0.37500000
-1.90625000 -1.62500000 0.87500000 -0.15625000
1.62500000 0.81250000 -0.93750000 1.87500000
1.03125000 0.87500000 -0.28125000 0.50000000
#TC0_A11 encoded
C4 F8 DB F4
C3 CC 1C FB
34 1A E2 3C
21 1C F7 10
#TC0_A21 decoded_real_signed_2_M5
0.31250000 -0.62500000 0.37500000 -1.90625000
-0.25000000 -1.90625000 1.31250000 1.59375000
0.21875000 -0.53125000 1.31250000 1.21875000
1.56250000 1.56250000 0.06250000 -0.75000000
#TC0_A21 encoded
0A EC 0C C3
F8 C3 2A 33
07 EF 2A 27
32 32 02 E8
#TC0_A31 decoded_real_signed_2_M5
0.40625000 1.50000000 -1.21875000 -0.75000000
-1.18750000 1.21875000 0.87500000 0.96875000
0.53125000 -1.56250000 -1.43750000 -0.31250000
0.43750000 1.46875000 0.40625000 -0.34375000
#TC0_A31 encoded
0D 30 D9 E8
DA 27 1C 1F
11 CE D2 F6
0E 2F 0D F5
#TC0_B1L decoded_real_signed_2_M5
1.65625000 -0.06250000 -0.68750000 0.15625000
-1.62500000 0.90625000 -1.65625000 1.75000000
0.25000000 0.28125000 -0.12500000 0.09375000
-0.65625000 1.59375000 1.06250000 -0.90625000
#TC0_B1L encoded
35 FE EA 05
CC 1D CB 38
08 09 FC 03
EB 33 22 E3
#TC0_B1R decoded_real_signed_2_M5
1.40625000 0.62500000 1.21875000 0.12500000
-1.43750000 1.84375000 1.21875000 0.37500000
1.06250000 1.18750000 -0.03125000 0.40625000
-0.53125000 -0.75000000 -1.37500000 -1.40625000
#TC0_B1R encoded
2D 14 27 04
D2 3B 27 0C
22 26 FF 0D
EF E8 D4 D3
#TC0_B1L_T_for_HMMA decoded_real_signed_2_M5
1.65625000 -1.62500000 0.25000000 -0.65625000
-0.06250000 0.90625000 0.28125000 1.59375000
-0.68750000 -1.65625000 -0.12500000 1.06250000
0.15625000 1.75000000 0.09375000 -0.90625000
#TC0_B1L_T_for_HMMA encoded
35 CC 08 EB
FE 1D 09 33
EA CB FC 22
05 38 03 E3
#TC0_B1R_T_for_HMMA decoded_real_signed_2_M5
1.40625000 -1.43750000 1.06250000 -0.53125000
0.62500000 1.84375000 1.18750000 -0.75000000
1.21875000 1.21875000 -0.03125000 -1.37500000
0.12500000 0.37500000 0.40625000 -1.40625000
#TC0_B1R_T_for_HMMA encoded
2D D2 22 EF
14 3B 26 E8
27 27 FF D4
04 0C 0D D3
#TC0_C00_set1 decoded_real_signed_5_M10
3.10449219 -4.25000000 -0.49414062 -1.60156250
4.28417969 -3.17968750 -0.11914062 -1.19140625
-1.74316406 1.29101562 1.21777344 -0.50585938
0.54003906 0.51562500 -2.94140625 1.90625000
#TC0_C00_set1 encoded
0C6B EF00 FE06 F998
1123 F348 FF86 FB3C
F907 052A 04DF FDFA
0229 0210 F43C 07A0
#TC0_C10_set1 decoded_real_signed_5_M10
-0.80859375 -1.04101562 -0.05371094 -0.78125000
-0.30566406 -2.96875000 0.91210938 -2.57226562
4.73632812 2.42773438 -3.14550781 4.27832031
0.38867188 3.17968750 -0.82812500 2.66113281
#TC0_C10_set1 encoded
FCC4 FBD6 FFC9 FCE0
FEC7 F420 03A6 F5B6
12F2 09B6 F36B 111D
018E 0CB8 FCB0 0AA5
#TC0_C01_set1 decoded_real_signed_5_M10
0.33496094 -1.98632812 0.70800781 0.14355469
2.66699219 -2.62304688 -1.03417969 -0.82519531
2.30957031 1.07714844 -0.33593750 0.46777344
-0.13574219 5.62109375 -4.14355469 -4.30761719
#TC0_C01_set1 encoded
0157 F80E 02D5 0093
0AAB F582 FBDD FCB3
093D 044F FEA8 01DF
FF75 167C EF6D EEC5
#TC0_C11_set1 decoded_real_signed_5_M10
0.25000000 1.42871094 0.34667969 0.21875000
2.71582031 0.78906250 0.79003906 1.02246094
-2.33105469 -1.00000000 -4.34082031 -4.64257812
-2.63574219 -1.04003906 -0.84179688 -1.01367188
#TC0_C11_set1 encoded
0100 05B7 0163 00E0
0ADD 0328 0329 0417
F6AD FC00 EEA3 ED6E
F575 FBD7 FCA2 FBF2
#TC0_C20_set1 decoded_real_signed_5_M10
-0.35156250 4.49707031 0.43164062 2.53906250
1.62011719 0.87890625 -1.48046875 1.65234375
-7.70507812 5.14257812 3.27050781 -0.39941406
-2.24316406 -1.50976562 3.47558594 -3.17578125
#TC0_C20_set1 encoded
FE98 11FD 01BA 0A28
067B 0384 FA14 069C
E12E 1492 0D15 FE67
F707 F9F6 0DE7 F34C
#TC0_C30_set1 decoded_real_signed_5_M10
-6.23046875 5.27441406 2.27441406 0.59179688
-1.45507812 1.10839844 3.50390625 -1.79199219
-3.95117188 4.98144531 -0.00097656 2.46386719
-0.35351562 0.02734375 -2.88867188 1.93554688
#TC0_C30_set1 encoded
E714 1519 0919 025E
FA2E 046F 0E04 F8D5
F032 13ED FFFF 09DB
FE96 001C F472 07BE
#TC0_C21_set1 decoded_real_signed_5_M10
-1.80273438 -2.41503906 -0.25195312 0.06152344
-0.44238281 0.80859375 -2.29003906 -2.33300781
0.88964844 2.39453125 2.32519531 3.43164062
0.63574219 -4.19433594 5.19531250 5.32324219
#TC0_C21_set1 encoded
F8CA F657 FEFE 003F
FE3B 033C F6D7 F6AB
038F 0994 094D 0DBA
028B EF39 14C8 154B
#TC0_C31_set1 decoded_real_signed_5_M10
0.04687500 2.10546875 1.32324219 2.20800781
3.11230469 -3.66210938 2.21679688 3.36230469
-3.44824219 1.66894531 0.52246094 0.41308594
-4.60937500 3.27343750 -0.67578125 -1.98632812
#TC0_C31_set1 encoded
0030 086C 054B 08D5
0C73 F15A 08DE 0D73
F235 06AD 0217 01A7
ED90 0D18 FD4C F80E
#golden TC0 STEP0_D00_set1 decoded_real_signed_5_M10
-3.18554688 -0.28808594 -1.43457031 0.52929688
6.40039062 -0.76464844 1.58105469 -3.30957031
-4.74804688 2.08593750 3.25000000 -1.62500000
0.85351562 3.05957031 -3.72949219 2.29199219
#golden TC0 STEP0_D00_set1 encoded
F342 FED9 FA43 021E
199A FCF1 0653 F2C3
ED02 0858 0D00 F980
036A 0C3D F115 092B
#golden TC0 STEP0_D10_set1 decoded_real_signed_5_M10
-3.55078125 -2.07324219 1.39550781 -1.28027344
-0.50097656 -4.32519531 4.63867188 -5.49023438
4.64257812 5.78710938 -3.49902344 4.16699219
0.27636719 4.62597656 -2.41992188 3.87402344
#golden TC0 STEP0_D10_set1 encoded
F1CC F7B5 0595 FAE1
FDFF EEB3 128E EA0A
1292 1726 F201 10AB
011B 1281 F652 0F7F
#golden TC0 STEP1_D01_set1 decoded_real_signed_5_M10
-4.20898438 0.87011719 -0.57128906 -0.55175781
6.13281250 -2.01855469 -2.70800781 -2.35449219
-1.14843750 -1.82812500 -3.15136719 -1.16210938
0.81250000 7.67480469 -3.50683594 -5.16894531
#golden TC0 STEP1_D01_set1 encoded
EF2A 037B FDB7 FDCB
1888 F7ED F52B F695
FB68 F8B0 F365 FB5A
0340 1EB3 F1F9 EB53
#golden TC0 STEP1_D11_set1 decoded_real_signed_5_M10
-3.05664062 -1.29589844 -1.69140625 -0.05175781
3.38378906 -2.24218750 -3.32617188 0.75000000
-3.20605469 -1.00585938 -3.91894531 -7.15234375
-3.00781250 0.50878906 0.80273438 -1.37402344
#golden TC0 STEP1_D11_set1 encoded
F3C6 FAD1 F93C FFCB
0D89 F708 F2B2 0300
F32D FBFA F053 E364
F3F8 0209 0336 FA81
#golden TC0 STEP0_D20_set1 decoded_real_signed_5_M10
2.52636719 0.97851562 -0.82031250 3.25683594
3.58593750 2.07617188 3.37792969 -3.04394531
-6.95117188 6.95898438 5.13085938 -2.27636719
-1.68652344 -1.36914062 -0.99121094 0.48828125
#golden TC0 STEP0_D20_set1 encoded
0A1B 03EA FCB8 0D07
0E58 084E 0D83 F3D3
E432 1BD6 1486 F6E5
F941 FA86 FC09 01F4
#golden TC0 STEP0_D30_set1 decoded_real_signed_5_M10
-7.80761719 5.07031250 -1.13378906 3.84570312
-5.81933594 4.07714844 3.22167969 -0.64062500
-0.68652344 2.62988281 2.06933594 -0.03906250
-1.68847656 0.89746094 -6.03808594 4.92382812
#golden TC0 STEP0_D30_set1 encoded
E0C5 1448 FB77 0F62
E8B9 104F 0CE3 FD70
FD41 0A85 0847 FFD8
F93F 0397 E7D9 13B2
#golden TC0 STEP1_D21_set1 decoded_real_signed_5_M10
0.94628906 -1.49707031 1.97656250 2.69921875
2.49414062 -2.49902344 -7.15039062 -4.78710938
2.70800781 2.19628906 0.22753906 2.07910156
1.05175781 0.29980469 10.03320312 7.18457031
#golden TC0 STEP1_D21_set1 encoded
03C9 FA03 07E8 0ACC
09FA F601 E366 ECDA
0AD5 08C9 00E9 0851
0435 0133 2822 1CBD
#golden TC0 STEP1_D31_set1 decoded_real_signed_5_M10
-2.43457031 4.24023438 4.71582031 3.38085938
0.10546875 -1.84472656 0.89550781 2.66406250
-1.81640625 -2.35253906 -0.25976562 -0.25097656
-5.49121094 6.99511719 2.10742188 -0.73242188
#golden TC0 STEP1_D31_set1 encoded
F643 10F6 12DD 0D86
006C F89F 0395 0AA8
F8BC F697 FEF6 FEFF
EA09 1BFB 086E FD12

#================ TC1 SET 1 ================
#TC1_A01 decoded_real_signed_2_M5
-1.62500000 1.90625000 1.03125000 1.15625000
1.03125000 -0.59375000 1.87500000 1.56250000
-1.46875000 -0.09375000 -1.09375000 0.68750000
1.15625000 0.65625000 0.81250000 1.12500000
#TC1_A01 encoded
CC 3D 21 25
21 ED 3C 32
D1 FD DD 16
25 15 1A 24
#TC1_A11 decoded_real_signed_2_M5
-1.87500000 -0.25000000 -1.15625000 -0.37500000
-1.90625000 -1.62500000 0.87500000 -0.15625000
1.62500000 0.81250000 -0.93750000 1.87500000
1.03125000 0.87500000 -0.28125000 0.50000000
#TC1_A11 encoded
C4 F8 DB F4
C3 CC 1C FB
34 1A E2 3C
21 1C F7 10
#TC1_A21 decoded_real_signed_2_M5
0.31250000 -0.62500000 0.37500000 -1.90625000
-0.25000000 -1.90625000 1.31250000 1.59375000
0.21875000 -0.53125000 1.31250000 1.21875000
1.56250000 1.56250000 0.06250000 -0.75000000
#TC1_A21 encoded
0A EC 0C C3
F8 C3 2A 33
07 EF 2A 27
32 32 02 E8
#TC1_A31 decoded_real_signed_2_M5
0.40625000 1.50000000 -1.21875000 -0.75000000
-1.18750000 1.21875000 0.87500000 0.96875000
0.53125000 -1.56250000 -1.43750000 -0.31250000
0.43750000 1.46875000 0.40625000 -0.34375000
#TC1_A31 encoded
0D 30 D9 E8
DA 27 1C 1F
11 CE D2 F6
0E 2F 0D F5
#TC1_B1L decoded_real_signed_2_M5
0.53125000 -0.84375000 0.93750000 -1.18750000
1.12500000 1.18750000 1.78125000 -1.00000000
1.71875000 -1.53125000 -1.53125000 -1.65625000
1.75000000 -0.25000000 -0.46875000 0.90625000
#TC1_B1L encoded
11 E5 1E DA
24 26 39 E0
37 CF CF CB
38 F8 F1 1D
#TC1_B1R decoded_real_signed_2_M5
0.78125000 1.43750000 -1.46875000 0.46875000
0.37500000 -1.62500000 0.46875000 -1.31250000
0.62500000 -0.31250000 1.09375000 0.68750000
0.21875000 1.75000000 1.12500000 -0.09375000
#TC1_B1R encoded
19 2E D1 0F
0C CC 0F D6
14 F6 23 16
07 38 24 FD
#TC1_B1L_T_for_HMMA decoded_real_signed_2_M5
0.53125000 1.12500000 1.71875000 1.75000000
-0.84375000 1.18750000 -1.53125000 -0.25000000
0.93750000 1.78125000 -1.53125000 -0.46875000
-1.18750000 -1.00000000 -1.65625000 0.90625000
#TC1_B1L_T_for_HMMA encoded
11 24 37 38
E5 26 CF F8
1E 39 CF F1
DA E0 CB 1D
#TC1_B1R_T_for_HMMA decoded_real_signed_2_M5
0.78125000 0.37500000 0.62500000 0.21875000
1.43750000 -1.62500000 -0.31250000 1.75000000
-1.46875000 0.46875000 1.09375000 1.12500000
0.46875000 -1.31250000 0.68750000 -0.09375000
#TC1_B1R_T_for_HMMA encoded
19 0C 14 07
2E CC F6 38
D1 0F 23 24
0F D6 16 FD
#TC1_C00_set1 decoded_real_signed_5_M10
4.20898438 0.18750000 0.51074219 -0.98242188
5.47851562 3.26562500 2.86230469 1.82226562
0.89257812 2.11621094 1.68945312 2.26562500
3.64648438 0.47460938 0.60839844 1.13476562
#TC1_C00_set1 encoded
10D6 00C0 020B FC12
15EA 0D10 0B73 074A
0392 0877 06C2 0910
0E96 01E6 026F 048A
#TC1_C10_set1 decoded_real_signed_5_M10
1.80664062 -0.27441406 -0.00097656 -0.27148438
5.59765625 1.83593750 1.94433594 1.09960938
-2.82519531 0.03222656 -0.45019531 0.30078125
-5.85449219 -1.67578125 -1.85351562 -0.94726562
#TC1_C10_set1 encoded
073A FEE7 FFFF FEEA
1664 0758 07C7 0466
F4B3 0021 FE33 0134
E895 F94C F896 FC36
#TC1_C01_set1 decoded_real_signed_5_M10
-0.49414062 -3.52441406 -1.90527344 0.17089844
0.40039062 -1.34472656 2.55566406 1.61621094
1.34863281 0.73925781 3.18359375 -1.06640625
-1.91796875 -0.60839844 2.73925781 -3.80566406
#TC1_C01_set1 encoded
FE06 F1E7 F861 00AF
019A FA9F 0A39 0677
0565 02F5 0CBC FBBC
F854 FD91 0AF5 F0C7
#TC1_C11_set1 decoded_real_signed_5_M10
-0.10449219 -2.04101562 -0.66894531 -2.18261719
0.92578125 -3.96582031 0.79785156 -2.98925781
-2.19140625 5.27343750 2.26660156 4.75488281
-0.83105469 4.34179688 -0.54296875 3.34960938
#TC1_C11_set1 encoded
FF95 F7D6 FD53 F745
03B4 F023 0331 F40B
F73C 1518 0911 1305
FCAD 115E FDD4 0D66
#TC1_C20_set1 decoded_real_signed_5_M10
-7.60742188 -0.79492188 -1.34375000 -0.05078125
0.13085938 0.43945312 0.25488281 0.61523438
-5.76464844 -0.37597656 -0.64355469 1.14453125
-2.07421875 -0.81347656 -0.64648438 -1.43359375
#TC1_C20_set1 encoded
E192 FCD2 FAA0 FFCC
0086 01C2 0105 0276
E8F1 FE7F FD6D 0494
F7B4 FCBF FD6A FA44
#TC1_C30_set1 decoded_real_signed_5_M10
-6.16992188 -0.66113281 -0.94824219 0.85742188
-1.43066406 2.76171875 1.99218750 2.25585938
-8.34863281 -3.46777344 -3.31542969 -1.75000000
-2.09570312 -4.64648438 -3.67187500 -3.67578125
#TC1_C30_set1 encoded
E752 FD5B FC35 036E
FA47 0B0C 07F8 0906
DE9B F221 F2BD F900
F79E ED6A F150 F14C
#TC1_C21_set1 decoded_real_signed_5_M10
0.26953125 6.11328125 0.63964844 4.84375000
-0.93750000 1.58105469 1.68261719 0.71582031
2.49218750 2.63281250 1.10839844 -2.12988281
2.22558594 -1.74511719 -3.69140625 1.22265625
#TC1_C21_set1 encoded
0114 1874 028F 1360
FC40 0653 06BB 02DD
09F8 0A88 046F F77B
08E7 F905 F13C 04E4
#TC1_C31_set1 decoded_real_signed_5_M10
1.71972656 3.46679688 1.11914062 -1.05566406
3.03808594 1.93554688 2.48339844 2.55859375
-0.48046875 3.99218750 -2.03125000 0.53417969
-2.92968750 -1.25585938 -4.75781250 -2.16015625
#TC1_C31_set1 encoded
06E1 0DDE 047A FBC7
0C27 07BE 09EF 0A3C
FE14 0FF8 F7E0 0223
F448 FAFA ECF8 F75C
#golden TC1 STEP0_D00_set1 decoded_real_signed_5_M10
9.28613281 1.95410156 0.26171875 -1.61914062
11.31542969 -1.57128906 -0.83203125 -0.49804688
-0.66992188 4.74707031 1.49804688 6.53808594
8.36425781 -1.24707031 1.08984375 -1.22070312
#golden TC1 STEP0_D00_set1 encoded
2525 07D1 010C F986
2D43 F9B7 FCAC FE02
FD52 12FD 05FE 1A27
2175 FB03 045C FB1E
#golden TC1 STEP0_D10_set1 decoded_real_signed_5_M10
-2.11425781 2.87500000 -0.25781250 3.78027344
3.98730469 0.21386719 -4.00390625 3.39746094
0.62207031 0.59277344 3.07714844 0.81054688
-3.93066406 -1.20117188 0.86816406 -2.12792969
#golden TC1 STEP0_D10_set1 encoded
F78B 0B80 FEF8 0F1F
0FF3 00DB EFFC 0D97
027D 025F 0C4F 033E
F047 FB32 0379 F77D
#golden TC1 STEP1_D01_set1 decoded_real_signed_5_M10
-0.15136719 -7.25683594 3.80371094 -2.49218750
2.49707031 3.25097656 4.57128906 4.02148438
-0.36718750 0.32519531 4.87402344 -2.44824219
-0.01464844 1.70214844 3.50292969 -3.67187500
#golden TC1 STEP1_D01_set1 encoded
FF65 E2F9 0F37 F608
09FD 0D01 1249 1016
FE88 014D 137F F635
FFF1 06CF 0E03 F150
#golden TC1 STEP1_D11_set1 decoded_real_signed_5_M10
-2.46777344 -4.62500000 0.28125000 -3.49316406
-0.66015625 -4.61230469 3.61718750 -1.13378906
-0.79296875 9.86328125 1.34472656 3.62988281
0.23632812 5.36523438 -1.39257812 2.44433594
#golden TC1 STEP1_D11_set1 encoded
F621 ED80 0120 F207
FD5C ED8D 0E78 FB77
FCD4 2774 0561 0E85
00F2 1576 FA6E 09C7
#golden TC1 STEP0_D20_set1 decoded_real_signed_5_M10
-10.83593750 -1.89843750 -1.84472656 -2.14550781
2.89843750 -4.02148438 -6.13183594 2.08886719
-1.85742188 -3.50585938 -3.96582031 0.34667969
-0.69140625 -0.18457031 3.85742188 -5.63476562
#golden TC1 STEP0_D20_set1 encoded
D4A8 F868 F89F F76B
0B98 EFEA E779 085B
F892 F1FA F023 0163
FD3C FF43 0F6E E976
#golden TC1 STEP0_D30_set1 decoded_real_signed_5_M10
-7.67382812 2.83105469 4.32226562 0.21386719
2.50878906 3.62890625 1.25585938 1.87597656
-12.84179688 -3.49218750 -3.25292969 1.27929688
-0.11425781 -3.80761719 -1.10644531 -6.64843750
#golden TC1 STEP0_D30_set1 encoded
E14E 0B53 114A 00DB
0A09 0E84 0506 0781
CCA2 F208 F2FD 051E
FF8B F0C5 FB93 E568
#golden TC1 STEP1_D21_set1 decoded_real_signed_5_M10
0.09667969 4.12500000 -1.84667969 6.24707031
-0.67871094 6.69824219 4.38476562 3.85351562
3.55078125 5.53320312 3.34472656 -0.54199219
3.90722656 -3.37011719 -6.02929688 0.01757812
#golden TC1 STEP1_D21_set1 encoded
0063 1080 F89D 18FD
FD49 1ACB 118A 0F6A
0E34 1622 0D61 FDD5
0FA1 F285 E7E2 0012
#golden TC1 STEP1_D31_set1 decoded_real_signed_5_M10
1.67382812 0.68164062 -0.95117188 -3.60156250
3.32617188 -0.33007812 6.84570312 0.91308594
-1.61816406 7.19726562 -5.46777344 1.87500000
-1.85839844 -3.74218750 -4.65429688 -3.57128906
#golden TC1 STEP1_D31_set1 encoded
06B2 02BA FC32 F198
0D4E FEAE 1B62 03A7
F987 1CCA EA21 0780
F891 F108 ED62 F1B7

#================ TC0 SET 2 ================
#TC0_A02 decoded_real_signed_2_M5
-1.50000000 -0.18750000 -0.53125000 1.71875000
1.12500000 -1.21875000 -0.12500000 -1.81250000
-0.25000000 1.34375000 0.81250000 -0.75000000
-0.15625000 0.28125000 -1.43750000 -1.53125000
#TC0_A02 encoded
D0 FA EF 37
24 D9 FC C6
F8 2B 1A E8
FB 09 D2 CF
#TC0_A12 decoded_real_signed_2_M5
1.40625000 -1.06250000 -1.78125000 -0.87500000
-1.34375000 0.00000000 -1.40625000 0.78125000
1.12500000 0.87500000 -0.18750000 -0.90625000
0.34375000 0.59375000 -1.65625000 -0.34375000
#TC0_A12 encoded
2D DE C7 E4
D5 00 D3 19
24 1C FA E3
0B 13 CB F5
#TC0_A22 decoded_real_signed_2_M5
1.84375000 -0.06250000 1.12500000 -1.65625000
-1.43750000 0.21875000 -1.56250000 0.68750000
-0.71875000 1.81250000 -0.84375000 0.06250000
1.09375000 0.65625000 -0.50000000 -1.62500000
#TC0_A22 encoded
3B FE 24 CB
D2 07 CE 16
E9 3A E5 02
23 15 F0 CC
#TC0_A32 decoded_real_signed_2_M5
1.12500000 1.87500000 0.00000000 -1.43750000
-1.46875000 -1.50000000 1.71875000 -0.40625000
1.87500000 0.37500000 1.71875000 1.21875000
-0.50000000 -0.28125000 0.59375000 1.46875000
#TC0_A32 encoded
24 3C 00 D2
D1 D0 37 F3
3C 0C 37 27
F0 F7 13 2F
#TC0_B2L decoded_real_signed_2_M5
-0.50000000 1.93750000 0.87500000 1.81250000
-0.78125000 1.68750000 1.12500000 -1.56250000
-1.43750000 1.09375000 -1.21875000 1.65625000
0.78125000 1.34375000 -1.84375000 -1.18750000
#TC0_B2L encoded
F0 3E 1C 3A
E7 36 24 CE
D2 23 D9 35
19 2B C5 DA
#TC0_B2R decoded_real_signed_2_M5
-1.53125000 1.40625000 0.56250000 -1.50000000
2.00000000 1.53125000 -0.87500000 1.34375000
0.62500000 -1.84375000 -1.96875000 -1.78125000
-1.50000000 0.03125000 0.96875000 0.53125000
#TC0_B2R encoded
CF 2D 12 D0
40 31 E4 2B
14 C5 C1 C7
D0 01 1F 11
#TC0_B2L_T_for_HMMA decoded_real_signed_2_M5
-0.50000000 -0.78125000 -1.43750000 0.78125000
1.93750000 1.68750000 1.09375000 1.34375000
0.87500000 1.12500000 -1.21875000 -1.84375000
1.81250000 -1.56250000 1.65625000 -1.18750000
#TC0_B2L_T_for_HMMA encoded
F0 E7 D2 19
3E 36 23 2B
1C 24 D9 C5
3A CE 35 DA
#TC0_B2R_T_for_HMMA decoded_real_signed_2_M5
-1.53125000 2.00000000 0.62500000 -1.50000000
1.40625000 1.53125000 -1.84375000 0.03125000
0.56250000 -0.87500000 -1.96875000 0.96875000
-1.50000000 1.34375000 -1.78125000 0.53125000
#TC0_B2R_T_for_HMMA encoded
CF 40 14 D0
2D 31 C5 01
12 E4 C1 1F
D0 2B C7 11
#TC0_C00_set2 decoded_real_signed_5_M10
-3.18554688 -0.28808594 -1.43457031 0.52929688
6.40039062 -0.76464844 1.58105469 -3.30957031
-4.74804688 2.08593750 3.25000000 -1.62500000
0.85351562 3.05957031 -3.72949219 2.29199219
#TC0_C00_set2 encoded
F342 FED9 FA43 021E
199A FCF1 0653 F2C3
ED02 0858 0D00 F980
036A 0C3D F115 092B
#TC0_C10_set2 decoded_real_signed_5_M10
-3.55078125 -2.07324219 1.39550781 -1.28027344
-0.50097656 -4.32519531 4.63867188 -5.49023438
4.64257812 5.78710938 -3.49902344 4.16699219
0.27636719 4.62597656 -2.41992188 3.87402344
#TC0_C10_set2 encoded
F1CC F7B5 0595 FAE1
FDFF EEB3 128E EA0A
1292 1726 F201 10AB
011B 1281 F652 0F7F
#TC0_C01_set2 decoded_real_signed_5_M10
-4.20898438 0.87011719 -0.57128906 -0.55175781
6.13281250 -2.01855469 -2.70800781 -2.35449219
-1.14843750 -1.82812500 -3.15136719 -1.16210938
0.81250000 7.67480469 -3.50683594 -5.16894531
#TC0_C01_set2 encoded
EF2A 037B FDB7 FDCB
1888 F7ED F52B F695
FB68 F8B0 F365 FB5A
0340 1EB3 F1F9 EB53
#TC0_C11_set2 decoded_real_signed_5_M10
-3.05664062 -1.29589844 -1.69140625 -0.05175781
3.38378906 -2.24218750 -3.32617188 0.75000000
-3.20605469 -1.00585938 -3.91894531 -7.15234375
-3.00781250 0.50878906 0.80273438 -1.37402344
#TC0_C11_set2 encoded
F3C6 FAD1 F93C FFCB
0D89 F708 F2B2 0300
F32D FBFA F053 E364
F3F8 0209 0336 FA81
#TC0_C20_set2 decoded_real_signed_5_M10
2.52636719 0.97851562 -0.82031250 3.25683594
3.58593750 2.07617188 3.37792969 -3.04394531
-6.95117188 6.95898438 5.13085938 -2.27636719
-1.68652344 -1.36914062 -0.99121094 0.48828125
#TC0_C20_set2 encoded
0A1B 03EA FCB8 0D07
0E58 084E 0D83 F3D3
E432 1BD6 1486 F6E5
F941 FA86 FC09 01F4
#TC0_C30_set2 decoded_real_signed_5_M10
-7.80761719 5.07031250 -1.13378906 3.84570312
-5.81933594 4.07714844 3.22167969 -0.64062500
-0.68652344 2.62988281 2.06933594 -0.03906250
-1.68847656 0.89746094 -6.03808594 4.92382812
#TC0_C30_set2 encoded
E0C5 1448 FB77 0F62
E8B9 104F 0CE3 FD70
FD41 0A85 0847 FFD8
F93F 0397 E7D9 13B2
#TC0_C21_set2 decoded_real_signed_5_M10
0.94628906 -1.49707031 1.97656250 2.69921875
2.49414062 -2.49902344 -7.15039062 -4.78710938
2.70800781 2.19628906 0.22753906 2.07910156
1.05175781 0.29980469 10.03320312 7.18457031
#TC0_C21_set2 encoded
03C9 FA03 07E8 0ACC
09FA F601 E366 ECDA
0AD5 08C9 00E9 0851
0435 0133 2822 1CBD
#TC0_C31_set2 decoded_real_signed_5_M10
-2.43457031 4.24023438 4.71582031 3.38085938
0.10546875 -1.84472656 0.89550781 2.66406250
-1.81640625 -2.35253906 -0.25976562 -0.25097656
-5.49121094 6.99511719 2.10742188 -0.73242188
#TC0_C31_set2 encoded
F643 10F6 12DD 0D86
006C F89F 0395 0AA8
F8BC F697 FEF6 FEFF
EA09 1BFB 086E FD12
#golden TC0 STEP0_D00_set2 decoded_real_signed_5_M10
-0.18261719 -1.78222656 -5.47949219 -4.81738281
5.55371094 -3.21386719 4.68847656 2.57910156
-7.42675781 3.75000000 4.93554688 -1.94140625
1.58203125 -0.39843750 1.02539062 1.00683594
#golden TC0 STEP0_D00_set2 encoded
FF45 F8DF EA15 ECBB
1637 F325 12C1 0A51
E24B 0F00 13BE F83C
0654 FE68 041A 0407
#golden TC0 STEP0_D10_set2 decoded_real_signed_5_M10
-1.54687500 -4.26562500 5.21484375 1.01757812
2.80273438 -7.41699219 3.73632812 -11.18261719
2.95800781 8.02050781 0.36914062 5.60449219
1.75292969 4.02050781 1.20117188 1.23437500
#golden TC0 STEP0_D10_set2 encoded
F9D0 EEF0 14DC 0412
0B36 E255 0EF2 D345
0BD5 2015 017A 166B
0703 1015 04CE 04F0
#golden TC0 STEP1_D01_set2 decoded_real_signed_5_M10
-5.19726562 -0.49316406 1.45996094 3.30566406
4.61328125 -2.12890625 -2.51855469 -6.41992188
3.55468750 -1.64355469 -6.79394531 -0.82714844
3.01269531 10.48828125 -2.49414062 -2.80957031
#golden TC0 STEP1_D01_set2 encoded
EB36 FE07 05D7 0D39
1274 F77C F5ED E652
0E38 F96D E4D3 FCB1
0C0D 29F4 F606 F4C3
#golden TC0 STEP1_D11_set2 decoded_real_signed_5_M10
-7.13574219 2.31152344 2.68847656 -0.88085938
3.39062500 -1.51464844 -0.55664062 5.68554688
-1.93652344 2.23339844 -4.56054688 -7.81152344
-2.86621094 4.94433594 3.40429688 1.67578125
#golden TC0 STEP1_D11_set2 encoded
E375 093F 0AC1 FC7A
0D90 F9F1 FDC6 16BE
F841 08EF EDC2 E0C1
F489 13C7 0D9E 06B4
#golden TC0 STEP0_D20_set2 decoded_real_signed_5_M10
-1.25781250 3.45019531 2.40527344 10.52636719
6.91699219 -1.12500000 3.00292969 -9.39550781
-6.74609375 7.78613281 7.45410156 -7.88281250
-3.29687500 -0.87304688 4.30957031 2.54687500
#golden TC0 STEP0_D20_set2 encoded
FAF8 0DCD 099F 2A1B
1BAB FB80 0C03 DA6B
E504 1F25 1DD1 E078
F2D0 FC82 113D 0A30
#golden TC0 STEP0_D30_set2 decoded_real_signed_5_M10
-10.95800781 8.48242188 4.61035156 4.66210938
-6.70117188 0.03417969 -1.09667969 2.37011719
-3.43554688 10.41308594 -0.20996094 4.17285156
-0.92480469 2.07714844 -10.22363281 3.69628906
#golden TC0 STEP0_D30_set2 encoded
D42B 21EE 1271 12A6
E532 0023 FB9D 097B
F242 29A7 FF29 10B1
FC4D 084F D71B 0EC9
#golden TC0 STEP1_D21_set2 decoded_real_signed_5_M10
1.18554688 -1.12597656 -0.75097656 -3.03417969
3.12500000 -1.28320312 -4.40820312 0.81152344
6.81250000 5.51855469 -0.04101562 7.12890625
2.81445312 3.71386719 9.48437500 6.45312500
#golden TC0 STEP1_D21_set2 encoded
04BE FB7F FCFF F3DD
0C80 FADE EE5E 033F
1B40 1613 FFD6 1C84
0B42 0EDB 25F0 19D0
#golden TC0 STEP1_D31_set2 decoded_real_signed_5_M10
1.74902344 8.64843750 2.31542969 3.44921875
1.03808594 -9.38867188 -2.39550781 -0.42578125
-4.69140625 -2.27246094 -1.73632812 -4.97363281
-7.12011719 4.81250000 2.32617188 -0.63769531
#golden TC0 STEP1_D31_set2 encoded
06FF 2298 0943 0DCC
0427 DA72 F66B FE4C
ED3C F6E9 F90E EC1B
E385 1340 094E FD73

#================ TC1 SET 2 ================
#TC1_A02 decoded_real_signed_2_M5
-1.50000000 -0.18750000 -0.53125000 1.71875000
1.12500000 -1.21875000 -0.12500000 -1.81250000
-0.25000000 1.34375000 0.81250000 -0.75000000
-0.15625000 0.28125000 -1.43750000 -1.53125000
#TC1_A02 encoded
D0 FA EF 37
24 D9 FC C6
F8 2B 1A E8
FB 09 D2 CF
#TC1_A12 decoded_real_signed_2_M5
1.40625000 -1.06250000 -1.78125000 -0.87500000
-1.34375000 0.00000000 -1.40625000 0.78125000
1.12500000 0.87500000 -0.18750000 -0.90625000
0.34375000 0.59375000 -1.65625000 -0.34375000
#TC1_A12 encoded
2D DE C7 E4
D5 00 D3 19
24 1C FA E3
0B 13 CB F5
#TC1_A22 decoded_real_signed_2_M5
1.84375000 -0.06250000 1.12500000 -1.65625000
-1.43750000 0.21875000 -1.56250000 0.68750000
-0.71875000 1.81250000 -0.84375000 0.06250000
1.09375000 0.65625000 -0.50000000 -1.62500000
#TC1_A22 encoded
3B FE 24 CB
D2 07 CE 16
E9 3A E5 02
23 15 F0 CC
#TC1_A32 decoded_real_signed_2_M5
1.12500000 1.87500000 0.00000000 -1.43750000
-1.46875000 -1.50000000 1.71875000 -0.40625000
1.87500000 0.37500000 1.71875000 1.21875000
-0.50000000 -0.28125000 0.59375000 1.46875000
#TC1_A32 encoded
24 3C 00 D2
D1 D0 37 F3
3C 0C 37 27
F0 F7 13 2F
#TC1_B2L decoded_real_signed_2_M5
0.34375000 0.75000000 -1.93750000 -0.18750000
-1.56250000 2.00000000 0.65625000 0.59375000
0.43750000 1.21875000 -1.03125000 1.40625000
1.40625000 -1.37500000 0.93750000 -1.21875000
#TC1_B2L encoded
0B 18 C2 FA
CE 40 15 13
0E 27 DF 2D
2D D4 1E D9
#TC1_B2R decoded_real_signed_2_M5
1.31250000 -0.81250000 -0.15625000 -0.21875000
-1.62500000 1.59375000 -1.87500000 -1.03125000
-1.78125000 1.21875000 1.71875000 1.09375000
-0.90625000 0.84375000 1.90625000 0.43750000
#TC1_B2R encoded
2A E6 FB F9
CC 33 C4 DF
C7 27 37 23
E3 1B 3D 0E
#TC1_B2L_T_for_HMMA decoded_real_signed_2_M5
0.34375000 -1.56250000 0.43750000 1.40625000
0.75000000 2.00000000 1.21875000 -1.37500000
-1.93750000 0.65625000 -1.03125000 0.93750000
-0.18750000 0.59375000 1.40625000 -1.21875000
#TC1_B2L_T_for_HMMA encoded
0B CE 0E 2D
18 40 27 D4
C2 15 DF 1E
FA 13 2D D9
#TC1_B2R_T_for_HMMA decoded_real_signed_2_M5
1.31250000 -1.62500000 -1.78125000 -0.90625000
-0.81250000 1.59375000 1.21875000 0.84375000
-0.15625000 -1.87500000 1.71875000 1.90625000
-0.21875000 -1.03125000 1.09375000 0.43750000
#TC1_B2R_T_for_HMMA encoded
2A CC C7 E3
E6 33 27 1B
FB C4 37 3D
F9 DF 23 0E
#TC1_C00_set2 decoded_real_signed_5_M10
9.28613281 1.95410156 0.26171875 -1.61914062
11.31542969 -1.57128906 -0.83203125 -0.49804688
-0.66992188 4.74707031 1.49804688 6.53808594
8.36425781 -1.24707031 1.08984375 -1.22070312
#TC1_C00_set2 encoded
2525 07D1 010C F986
2D43 F9B7 FCAC FE02
FD52 12FD 05FE 1A27
2175 FB03 045C FB1E
#TC1_C10_set2 decoded_real_signed_5_M10
-2.11425781 2.87500000 -0.25781250 3.78027344
3.98730469 0.21386719 -4.00390625 3.39746094
0.62207031 0.59277344 3.07714844 0.81054688
-3.93066406 -1.20117188 0.86816406 -2.12792969
#TC1_C10_set2 encoded
F78B 0B80 FEF8 0F1F
0FF3 00DB EFFC 0D97
027D 025F 0C4F 033E
F047 FB32 0379 F77D
#TC1_C01_set2 decoded_real_signed_5_M10
-0.15136719 -7.25683594 3.80371094 -2.49218750
2.49707031 3.25097656 4.57128906 4.02148438
-0.36718750 0.32519531 4.87402344 -2.44824219
-0.01464844 1.70214844 3.50292969 -3.67187500
#TC1_C01_set2 encoded
FF65 E2F9 0F37 F608
09FD 0D01 1249 1016
FE88 014D 137F F635
FFF1 06CF 0E03 F150
#TC1_C11_set2 decoded_real_signed_5_M10
-2.46777344 -4.62500000 0.28125000 -3.49316406
-0.66015625 -4.61230469 3.61718750 -1.13378906
-0.79296875 9.86328125 1.34472656 3.62988281
0.23632812 5.36523438 -1.39257812 2.44433594
#TC1_C11_set2 encoded
F621 ED80 0120 F207
FD5C ED8D 0E78 FB77
FCD4 2774 0561 0E85
00F2 1576 FA6E 09C7
#TC1_C20_set2 decoded_real_signed_5_M10
-10.83593750 -1.89843750 -1.84472656 -2.14550781
2.89843750 -4.02148438 -6.13183594 2.08886719
-1.85742188 -3.50585938 -3.96582031 0.34667969
-0.69140625 -0.18457031 3.85742188 -5.63476562
#TC1_C20_set2 encoded
D4A8 F868 F89F F76B
0B98 EFEA E779 085B
F892 F1FA F023 0163
FD3C FF43 0F6E E976
#TC1_C30_set2 decoded_real_signed_5_M10
-7.67382812 2.83105469 4.32226562 0.21386719
2.50878906 3.62890625 1.25585938 1.87597656
-12.84179688 -3.49218750 -3.25292969 1.27929688
-0.11425781 -3.80761719 -1.10644531 -6.64843750
#TC1_C30_set2 encoded
E14E 0B53 114A 00DB
0A09 0E84 0506 0781
CCA2 F208 F2FD 051E
FF8B F0C5 FB93 E568
#TC1_C21_set2 decoded_real_signed_5_M10
0.09667969 4.12500000 -1.84667969 6.24707031
-0.67871094 6.69824219 4.38476562 3.85351562
3.55078125 5.53320312 3.34472656 -0.54199219
3.90722656 -3.37011719 -6.02929688 0.01757812
#TC1_C21_set2 encoded
0063 1080 F89D 18FD
FD49 1ACB 118A 0F6A
0E34 1622 0D61 FDD5
0FA1 F285 E7E2 0012
#TC1_C31_set2 decoded_real_signed_5_M10
1.67382812 0.68164062 -0.95117188 -3.60156250
3.32617188 -0.33007812 6.84570312 0.91308594
-1.61816406 7.19726562 -5.46777344 1.87500000
-1.85839844 -3.74218750 -4.65429688 -3.57128906
#TC1_C31_set2 encoded
06B2 02BA FC32 F198
0D4E FEAE 1B62 03A7
F987 1CCA EA21 0780
F891 F108 ED62 F1B7
#golden TC1 STEP0_D00_set2 decoded_real_signed_5_M10
11.24804688 -2.55664062 5.20410156 -4.29101562
11.00292969 -0.82519531 -5.38183594 0.60058594
-3.55468750 9.26855469 1.32324219 9.43945312
5.08886719 -0.44824219 1.62402344 -1.17968750
#golden TC1 STEP0_D00_set2 encoded
2CFE F5C6 14D1 EED6
2C03 FCB3 EA79 0267
F1C8 2513 054B 25C2
145B FE35 067F FB48
#golden TC1 STEP0_D10_set2 decoded_real_signed_5_M10
-1.98046875 0.83691406 -2.66308594 1.44726562
4.00878906 -3.58203125 0.78222656 0.71972656
-1.71484375 4.20410156 0.81542969 1.95996094
-5.94824219 -1.30175781 1.97753906 -3.75000000
#golden TC1 STEP0_D10_set2 encoded
F814 0359 F559 05CA
1009 F1AC 0321 02E1
F924 10D1 0343 07D7
E835 FACB 07E9 F100
#golden TC1 STEP1_D01_set2 decoded_real_signed_5_M10
-2.42675781 -5.53417969 6.75292969 -1.79980469
7.81933594 -1.28710938 3.01074219 4.10253906
-3.64648438 3.02734375 2.36035156 -3.21875000
3.27148438 -0.76660156 -2.38964844 -6.16992188
#golden TC1 STEP1_D01_set2 encoded
F64B E9DD 1B03 F8CD
1F47 FADA 0C0B 1069
F16A 0C1C 0971 F320
0D16 FCEF F671 E752
#golden TC1 STEP1_D11_set2 decoded_real_signed_5_M10
5.07031250 -10.37011719 -2.67578125 -5.03613281
-0.62695312 -4.57519531 2.89941406 -2.03613281
0.41699219 9.35058594 -2.52148438 1.87988281
2.98437500 3.72363281 -6.06152344 -0.20507812
#golden TC1 STEP1_D11_set2 encoded
1448 D685 F54C EBDB
FD7E EDB3 0B99 F7DB
01AB 2567 F5EA 0785
0BF0 0EE5 E7C1 FF2E
#golden TC1 STEP0_D20_set2 decoded_real_signed_5_M10
-11.94140625 3.00781250 -8.17089844 1.07226562
2.34570312 -7.51171875 -0.94726562 -0.54687500
-5.21777344 -1.53417969 -0.45507812 0.29492188
-3.84472656 3.57324219 1.16113281 -4.17285156
#golden TC1 STEP0_D20_set2 encoded
D03C 0C08 DF51 044A
0962 E1F4 FC36 FDD0
EB21 F9DD FE2E 012E
F09F 0E4B 04A5 EF4F
#golden TC1 STEP0_D30_set2 decoded_real_signed_5_M10
-12.23828125 9.40136719 2.02539062 2.86816406
4.52832031 2.18066406 0.96386719 4.17285156
-10.31738281 -0.91699219 -7.26953125 2.08203125
2.47851562 -6.04101562 0.44238281 -7.67675781
#golden TC1 STEP0_D30_set2 encoded
CF0C 259B 081A 0B79
121D 08B9 03DB 10B1
D6BB FC55 E2EC 0854
09EA E7D6 01C5 E14B
#golden TC1 STEP1_D21_set2 decoded_real_signed_5_M10
2.11523438 2.50097656 -3.24121094 6.41406250
-0.76074219 6.89062500 2.82421875 2.53417969
1.10839844 8.03027344 -1.27246094 -3.14941406
6.63964844 -5.19335938 -11.38769531 -2.15625000
#golden TC1 STEP1_D21_set2 encoded
0876 0A01 F309 19A8
FCF5 1B90 0B4C 0A23
046F 201F FAE9 F367
1A8F EB3A D273 F760
#golden TC1 STEP1_D31_set2 decoded_real_signed_5_M10
1.40625000 1.54296875 -7.38281250 -6.41015625
1.14257812 0.22460938 12.06738281 4.48339844
-3.93261719 9.39453125 -1.18652344 3.49121094
-4.44628906 -1.82128906 -0.22851562 -1.87988281
#golden TC1 STEP1_D31_set2 encoded
05A0 062C E278 E65C
0492 00E6 3045 11EF
F045 2594 FB41 0DF7
EE37 F8B7 FF16 F87B

#================ TC0 SET 3 ================
#TC0_A03 decoded_real_signed_2_M5
0.56250000 1.28125000 -0.21875000 -1.09375000
-1.37500000 0.71875000 0.96875000 1.87500000
1.34375000 1.21875000 -0.43750000 -0.84375000
0.68750000 -0.12500000 0.25000000 1.06250000
#TC0_A03 encoded
12 29 F9 DD
D4 17 1F 3C
2B 27 F2 E5
16 FC 08 22
#TC0_A13 decoded_real_signed_2_M5
-0.81250000 0.65625000 0.21875000 1.12500000
-0.21875000 -0.46875000 -0.78125000 0.53125000
-1.62500000 1.62500000 -0.18750000 -1.18750000
-1.84375000 -0.03125000 -0.68750000 -1.43750000
#TC0_A13 encoded
E6 15 07 24
F9 F1 E7 11
CC 34 FA DA
C5 FF EA D2
#TC0_A23 decoded_real_signed_2_M5
-0.06250000 -0.03125000 1.75000000 0.28125000
-0.87500000 0.62500000 0.90625000 1.06250000
-0.96875000 1.75000000 -1.34375000 -1.81250000
1.00000000 -0.93750000 1.75000000 -1.03125000
#TC0_A23 encoded
FE FF 38 09
E4 14 1D 22
E1 38 D5 C6
20 E2 38 DF
#TC0_A33 decoded_real_signed_2_M5
-1.93750000 -1.09375000 -1.46875000 0.71875000
-0.78125000 -0.03125000 0.65625000 1.81250000
-0.12500000 1.12500000 -1.93750000 -1.56250000
-0.18750000 -1.00000000 -1.06250000 0.96875000
#TC0_A33 encoded
C2 DD D1 17
E7 FF 15 3A
FC 24 C2 CE
FA E0 DE 1F
#TC0_B3L decoded_real_signed_2_M5
-1.78125000 0.46875000 -1.84375000 1.53125000
0.31250000 0.81250000 0.59375000 1.75000000
-0.37500000 -1.12500000 0.34375000 -0.71875000
-0.28125000 0.50000000 -0.56250000 0.06250000
#TC0_B3L encoded
C7 0F C5 31
0A 1A 13 38
F4 DC 0B E9
F7 10 EE 02
#TC0_B3R decoded_real_signed_2_M5
0.84375000 -1.31250000 -1.62500000 -1.28125000
-1.40625000 0.03125000 -0.37500000 -0.09375000
-1.84375000 -0.31250000 -0.09375000 -1.09375000
0.93750000 1.53125000 1.68750000 0.00000000
#TC0_B3R encoded
1B D6 CC D7
D3 01 F4 FD
C5 F6 FD DD
1E 31 36 00
#TC0_B3L_T_for_HMMA decoded_real_signed_2_M5
-1.78125000 0.31250000 -0.37500000 -0.28125000
0.46875000 0.81250000 -1.12500000 0.50000000
-1.84375000 0.59375000 0.34375000 -0.56250000
1.53125000 1.75000000 -0.71875000 0.06250000
#TC0_B3L_T_for_HMMA encoded
C7 0A F4 F7
0F 1A DC 10
C5 13 0B EE
31 38 E9 02
#TC0_B3R_T_for_HMMA decoded_real_signed_2_M5
0.84375000 -1.40625000 -1.84375000 0.93750000
-1.31250000 0.03125000 -0.31250000 1.53125000
-1.62500000 -0.37500000 -0.09375000 1.68750000
-1.28125000 -0.09375000 -1.09375000 0.00000000
#TC0_B3R_T_for_HMMA encoded
1B D3 C5 1E
D6 01 F6 31
CC F4 FD 36
D7 FD DD 00
#TC0_C00_set3 decoded_real_signed_5_M10
-0.18261719 -1.78222656 -5.47949219 -4.81738281
5.55371094 -3.21386719 4.68847656 2.57910156
-7.42675781 3.75000000 4.93554688 -1.94140625
1.58203125 -0.39843750 1.02539062 1.00683594
#TC0_C00_set3 encoded
FF45 F8DF EA15 ECBB
1637 F325 12C1 0A51
E24B 0F00 13BE F83C
0654 FE68 041A 0407
#TC0_C10_set3 decoded_real_signed_5_M10
-1.54687500 -4.26562500 5.21484375 1.01757812
2.80273438 -7.41699219 3.73632812 -11.18261719
2.95800781 8.02050781 0.36914062 5.60449219
1.75292969 4.02050781 1.20117188 1.23437500
#TC0_C10_set3 encoded
F9D0 EEF0 14DC 0412
0B36 E255 0EF2 D345
0BD5 2015 017A 166B
0703 1015 04CE 04F0
#TC0_C01_set3 decoded_real_signed_5_M10
-5.19726562 -0.49316406 1.45996094 3.30566406
4.61328125 -2.12890625 -2.51855469 -6.41992188
3.55468750 -1.64355469 -6.79394531 -0.82714844
3.01269531 10.48828125 -2.49414062 -2.80957031
#TC0_C01_set3 encoded
EB36 FE07 05D7 0D39
1274 F77C F5ED E652
0E38 F96D E4D3 FCB1
0C0D 29F4 F606 F4C3
#TC0_C11_set3 decoded_real_signed_5_M10
-7.13574219 2.31152344 2.68847656 -0.88085938
3.39062500 -1.51464844 -0.55664062 5.68554688
-1.93652344 2.23339844 -4.56054688 -7.81152344
-2.86621094 4.94433594 3.40429688 1.67578125
#TC0_C11_set3 encoded
E375 093F 0AC1 FC7A
0D90 F9F1 FDC6 16BE
F841 08EF EDC2 E0C1
F489 13C7 0D9E 06B4
#TC0_C20_set3 decoded_real_signed_5_M10
-1.25781250 3.45019531 2.40527344 10.52636719
6.91699219 -1.12500000 3.00292969 -9.39550781
-6.74609375 7.78613281 7.45410156 -7.88281250
-3.29687500 -0.87304688 4.30957031 2.54687500
#TC0_C20_set3 encoded
FAF8 0DCD 099F 2A1B
1BAB FB80 0C03 DA6B
E504 1F25 1DD1 E078
F2D0 FC82 113D 0A30
#TC0_C30_set3 decoded_real_signed_5_M10
-10.95800781 8.48242188 4.61035156 4.66210938
-6.70117188 0.03417969 -1.09667969 2.37011719
-3.43554688 10.41308594 -0.20996094 4.17285156
-0.92480469 2.07714844 -10.22363281 3.69628906
#TC0_C30_set3 encoded
D42B 21EE 1271 12A6
E532 0023 FB9D 097B
F242 29A7 FF29 10B1
FC4D 084F D71B 0EC9
#TC0_C21_set3 decoded_real_signed_5_M10
1.18554688 -1.12597656 -0.75097656 -3.03417969
3.12500000 -1.28320312 -4.40820312 0.81152344
6.81250000 5.51855469 -0.04101562 7.12890625
2.81445312 3.71386719 9.48437500 6.45312500
#TC0_C21_set3 encoded
04BE FB7F FCFF F3DD
0C80 FADE EE5E 033F
1B40 1613 FFD6 1C84
0B42 0EDB 25F0 19D0
#TC0_C31_set3 decoded_real_signed_5_M10
1.74902344 8.64843750 2.31542969 3.44921875
1.03808594 -9.38867188 -2.39550781 -0.42578125
-4.69140625 -2.27246094 -1.73632812 -4.97363281
-7.12011719 4.81250000 2.32617188 -0.63769531
#TC0_C31_set3 encoded
06FF 2298 0943 0DCC
0427 DA72 F66B FE4C
ED3C F6E9 F90E EC1B
E385 1340 094E FD73
#golden TC0 STEP0_D00_set3 decoded_real_signed_5_M10
-0.39453125 -0.77832031 -5.21582031 -1.62500000
7.33691406 -3.42675781 6.92871094 1.15234375
-9.03808594 5.44042969 3.50585938 2.51074219
-0.07421875 0.07226562 -0.82812500 1.72753906
#golden TC0 STEP0_D00_set3 encoded
FE6C FCE3 EB23 F980
1D59 F24B 1BB7 049C
DBD9 15C3 0E06 0A0B
FFB4 004A FCB0 06E9
#golden TC0 STEP0_D10_set3 decoded_real_signed_5_M10
-0.29296875 -3.79687500 6.54492188 0.83496094
3.18945312 -6.75585938 3.29394531 -11.74316406
6.76464844 8.19628906 4.93359375 6.02050781
5.68945312 3.18554688 5.15429688 -1.23925781
#golden TC0 STEP0_D10_set3 encoded
FED4 F0D0 1A2E 0357
0CC2 E4FA 0D2D D107
1B0F 20C9 13BC 1815
16C2 0CBE 149E FB0B
#golden TC0 STEP1_D01_set3 decoded_real_signed_5_M10
-7.14648438 -2.79785156 -1.75976562 2.70410156
2.41406250 2.26660156 2.51953125 -5.78515625
2.99023438 -4.52441406 -10.81738281 -2.18457031
4.30371094 11.13085938 -1.79492188 -3.95214844
#golden TC0 STEP1_D01_set3 encoded
E36A F4CF F8F6 0AD1
09A8 0911 0A14 E8DC
0BF6 EDE7 D4BB F743
1137 2C86 F8D2 F031
#golden TC0 STEP1_D11_set3 decoded_real_signed_5_M10
-8.09277344 5.05273438 5.64062500 -0.14062500
5.80371094 -0.18457031 0.94433594 6.86425781
-6.36035156 2.65722656 -4.51562500 -5.67675781
-4.45800781 5.37695312 4.05078125 4.79296875
#golden TC0 STEP1_D11_set3 encoded
DFA1 1436 1690 FF70
1737 FF43 03C7 1B75
E68F 0AA1 EDF0 E94B
EE2B 1582 1034 132C
#golden TC0 STEP0_D20_set3 decoded_real_signed_5_M10
-1.89160156 1.56738281 2.94531250 9.13574219
8.03222656 -1.51562500 4.70117188 -10.22656250
-3.45996094 9.35937500 10.83691406 -5.45117188
-5.73730469 -3.65039062 3.09082031 1.11523438
#golden TC0 STEP0_D20_set3 encoded
F86F 0645 0BC8 248B
2021 F9F0 12CE D718
F229 2570 2B59 EA32
E90D F166 0C5D 0476
#golden TC0 STEP0_D30_set3 decoded_real_signed_5_M10
-7.50000000 8.69726562 6.62402344 0.88183594
-6.07519531 -0.18945312 -0.46875000 0.76074219
-1.69531250 12.66699219 0.90136719 7.24511719
-0.77734375 2.85644531 -11.38183594 2.48339844
#golden TC0 STEP0_D30_set3 encoded
E200 22CA 1A7F 0387
E7B3 FF3E FE20 030B
F938 32AB 039B 1CFB
FCE4 0B6D D279 09EF
#golden TC0 STEP1_D21_set3 decoded_real_signed_5_M10
-1.78613281 -1.16113281 -0.32714844 -4.86523438
0.83300781 1.22851562 -1.51269531 0.88281250
4.31250000 4.48925781 -2.05566406 9.67578125
0.78320312 0.24609375 6.30664062 3.34570312
#golden TC0 STEP1_D21_set3 encoded
F8DB FB5B FEB1 EC8A
0355 04EA F9F3 0388
1140 11F5 F7C7 26B4
0322 00FC 193A 0D62
#golden TC0 STEP1_D31_set3 decoded_real_signed_5_M10
5.03417969 12.71679688 7.22460938 7.64062500
0.91210938 -5.79394531 1.88281250 -0.13964844
-4.27148438 -3.86035156 -4.41015625 -2.79980469
-3.00488281 6.84277344 4.74023438 0.85839844
#golden TC0 STEP1_D31_set3 encoded
1423 32DE 1CE6 1E90
03A6 E8D3 0788 FF71
EEEA F08F EE5C F4CD
F3FB 1B5F 12F6 036F

#================ TC1 SET 3 ================
#TC1_A03 decoded_real_signed_2_M5
0.56250000 1.28125000 -0.21875000 -1.09375000
-1.37500000 0.71875000 0.96875000 1.87500000
1.34375000 1.21875000 -0.43750000 -0.84375000
0.68750000 -0.12500000 0.25000000 1.06250000
#TC1_A03 encoded
12 29 F9 DD
D4 17 1F 3C
2B 27 F2 E5
16 FC 08 22
#TC1_A13 decoded_real_signed_2_M5
-0.81250000 0.65625000 0.21875000 1.12500000
-0.21875000 -0.46875000 -0.78125000 0.53125000
-1.62500000 1.62500000 -0.18750000 -1.18750000
-1.84375000 -0.03125000 -0.68750000 -1.43750000
#TC1_A13 encoded
E6 15 07 24
F9 F1 E7 11
CC 34 FA DA
C5 FF EA D2
#TC1_A23 decoded_real_signed_2_M5
-0.06250000 -0.03125000 1.75000000 0.28125000
-0.87500000 0.62500000 0.90625000 1.06250000
-0.96875000 1.75000000 -1.34375000 -1.81250000
1.00000000 -0.93750000 1.75000000 -1.03125000
#TC1_A23 encoded
FE FF 38 09
E4 14 1D 22
E1 38 D5 C6
20 E2 38 DF
#TC1_A33 decoded_real_signed_2_M5
-1.93750000 -1.09375000 -1.46875000 0.71875000
-0.78125000 -0.03125000 0.65625000 1.81250000
-0.12500000 1.12500000 -1.93750000 -1.56250000
-0.18750000 -1.00000000 -1.06250000 0.96875000
#TC1_A33 encoded
C2 DD D1 17
E7 FF 15 3A
FC 24 C2 CE
FA E0 DE 1F
#TC1_B3L decoded_real_signed_2_M5
1.90625000 -0.15625000 1.12500000 0.53125000
-1.53125000 -1.46875000 -0.87500000 -0.78125000
0.28125000 0.25000000 0.81250000 0.59375000
0.09375000 1.18750000 -0.75000000 1.34375000
#TC1_B3L encoded
3D FB 24 11
CF D1 E4 E7
09 08 1A 13
03 26 E8 2B
#TC1_B3R decoded_real_signed_2_M5
0.28125000 -1.40625000 1.78125000 -0.78125000
-0.28125000 0.43750000 0.53125000 -0.34375000
0.62500000 -0.75000000 1.15625000 0.18750000
-0.03125000 -1.53125000 -1.71875000 1.37500000
#TC1_B3R encoded
09 D3 39 E7
F7 0E 11 F5
14 E8 25 06
FF CF C9 2C
#TC1_B3L_T_for_HMMA decoded_real_signed_2_M5
1.90625000 -1.53125000 0.28125000 0.09375000
-0.15625000 -1.46875000 0.25000000 1.18750000
1.12500000 -0.87500000 0.81250000 -0.75000000
0.53125000 -0.78125000 0.59375000 1.34375000
#TC1_B3L_T_for_HMMA encoded
3D CF 09 03
FB D1 08 26
24 E4 1A E8
11 E7 13 2B
#TC1_B3R_T_for_HMMA decoded_real_signed_2_M5
0.28125000 -0.28125000 0.62500000 -0.03125000
-1.40625000 0.43750000 -0.75000000 -1.53125000
1.78125000 0.53125000 1.15625000 -1.71875000
-0.78125000 -0.34375000 0.18750000 1.37500000
#TC1_B3R_T_for_HMMA encoded
09 F7 14 FF
D3 0E E8 CF
39 11 25 C9
E7 F5 06 2C
#TC1_C00_set3 decoded_real_signed_5_M10
11.24804688 -2.55664062 5.20410156 -4.29101562
11.00292969 -0.82519531 -5.38183594 0.60058594
-3.55468750 9.26855469 1.32324219 9.43945312
5.08886719 -0.44824219 1.62402344 -1.17968750
#TC1_C00_set3 encoded
2CFE F5C6 14D1 EED6
2C03 FCB3 EA79 0267
F1C8 2513 054B 25C2
145B FE35 067F FB48
#TC1_C10_set3 decoded_real_signed_5_M10
-1.98046875 0.83691406 -2.66308594 1.44726562
4.00878906 -3.58203125 0.78222656 0.71972656
-1.71484375 4.20410156 0.81542969 1.95996094
-5.94824219 -1.30175781 1.97753906 -3.75000000
#TC1_C10_set3 encoded
F814 0359 F559 05CA
1009 F1AC 0321 02E1
F924 10D1 0343 07D7
E835 FACB 07E9 F100
#TC1_C01_set3 decoded_real_signed_5_M10
-2.42675781 -5.53417969 6.75292969 -1.79980469
7.81933594 -1.28710938 3.01074219 4.10253906
-3.64648438 3.02734375 2.36035156 -3.21875000
3.27148438 -0.76660156 -2.38964844 -6.16992188
#TC1_C01_set3 encoded
F64B E9DD 1B03 F8CD
1F47 FADA 0C0B 1069
F16A 0C1C 0971 F320
0D16 FCEF F671 E752
#TC1_C11_set3 decoded_real_signed_5_M10
5.07031250 -10.37011719 -2.67578125 -5.03613281
-0.62695312 -4.57519531 2.89941406 -2.03613281
0.41699219 9.35058594 -2.52148438 1.87988281
2.98437500 3.72363281 -6.06152344 -0.20507812
#TC1_C11_set3 encoded
1448 D685 F54C EBDB
FD7E EDB3 0B99 F7DB
01AB 2567 F5EA 0785
0BF0 0EE5 E7C1 FF2E
#TC1_C20_set3 decoded_real_signed_5_M10
-11.94140625 3.00781250 -8.17089844 1.07226562
2.34570312 -7.51171875 -0.94726562 -0.54687500
-5.21777344 -1.53417969 -0.45507812 0.29492188
-3.84472656 3.57324219 1.16113281 -4.17285156
#TC1_C20_set3 encoded
D03C 0C08 DF51 044A
0962 E1F4 FC36 FDD0
EB21 F9DD FE2E 012E
F09F 0E4B 04A5 EF4F
#TC1_C30_set3 decoded_real_signed_5_M10
-12.23828125 9.40136719 2.02539062 2.86816406
4.52832031 2.18066406 0.96386719 4.17285156
-10.31738281 -0.91699219 -7.26953125 2.08203125
2.47851562 -6.04101562 0.44238281 -7.67675781
#TC1_C30_set3 encoded
CF0C 259B 081A 0B79
121D 08B9 03DB 10B1
D6BB FC55 E2EC 0854
09EA E7D6 01C5 E14B
#TC1_C21_set3 decoded_real_signed_5_M10
2.11523438 2.50097656 -3.24121094 6.41406250
-0.76074219 6.89062500 2.82421875 2.53417969
1.10839844 8.03027344 -1.27246094 -3.14941406
6.63964844 -5.19335938 -11.38769531 -2.15625000
#TC1_C21_set3 encoded
0876 0A01 F309 19A8
FCF5 1B90 0B4C 0A23
046F 201F FAE9 F367
1A8F EB3A D273 F760
#TC1_C31_set3 decoded_real_signed_5_M10
1.40625000 1.54296875 -7.38281250 -6.41015625
1.14257812 0.22460938 12.06738281 4.48339844
-3.93261719 9.39453125 -1.18652344 3.49121094
-4.44628906 -1.82128906 -0.22851562 -1.87988281
#TC1_C31_set3 encoded
05A0 062C E278 E65C
0492 00E6 3045 11EF
F045 2594 FB41 0DF7
EE37 F8B7 FF16 F87B
#golden TC1 STEP0_D00_set3 decoded_real_signed_5_M10
10.19433594 -5.87988281 5.35839844 -6.59277344
7.72949219 0.80273438 -8.17675781 2.40332031
-3.06152344 6.15722656 2.04589844 7.80761719
6.76074219 0.95214844 1.91308594 0.85937500
#golden TC1 STEP0_D00_set3 encoded
28C7 E87B 156F E5A1
1EEB 0336 DF4B 099D
F3C1 18A1 082F 1F3B
1B0B 03CF 07A7 0370
#golden TC1 STEP0_D10_set3 decoded_real_signed_5_M10
-4.36718750 1.39062500 -4.81738281 2.14453125
4.13964844 -2.42382812 -0.08691406 1.21972656
-7.46484375 0.61425781 -1.69628906 -1.87988281
-9.74316406 -2.84667969 0.45019531 -7.04492188
#golden TC1 STEP0_D10_set3 encoded
EE88 0590 ECBB 0894
108F F64E FFA7 04E1
E224 0275 F937 F87B
D907 F49D 01CD E3D2
#golden TC1 STEP1_D01_set3 decoded_real_signed_5_M10
-2.73144531 -3.92578125 10.06250000 -4.22460938
7.77734375 -2.63671875 -1.15917969 7.68945312
-3.85839844 3.29101562 6.34570312 -5.92968750
3.62304688 -3.60253906 -2.76855469 -5.15625000
#golden TC1 STEP1_D01_set3 encoded
F513 F04C 2840 EF1A
1F1C F574 FB5D 1EC2
F091 0D2A 1962 E848
0E7E F197 F4ED EB60
#golden TC1 STEP1_D11_set3 decoded_real_signed_5_M10
4.75878906 -10.82714844 -5.45507812 -3.03906250
-1.06152344 -4.70019531 0.44433594 -1.12011719
-0.57714844 14.30566406 -2.72851562 0.92285156
2.08984375 9.01953125 -7.68652344 -0.85937500
#golden TC1 STEP1_D11_set3 encoded
1309 D4B1 EA2E F3D8
FBC1 ED33 01C7 FB85
FDB1 3939 F516 03B1
085C 2414 E141 FC90
#golden TC1 STEP0_D20_set3 decoded_real_signed_5_M10
-11.49414062 3.83496094 -7.00292969 2.48046875
0.07519531 -6.80468750 -2.53906250 0.46582031
-10.29199219 -6.44140625 -2.80859375 -4.82031250
-0.10742188 4.00683594 5.30175781 -3.25585938
#golden TC1 STEP0_D20_set3 encoded
D206 0F57 E3FD 09EC
004D E4C8 F5D8 01DD
D6D5 E63C F4C4 ECB8
FF92 1007 1535 F2FA
#golden TC1 STEP0_D30_set3 decoded_real_signed_5_M10
-14.60253906 11.79687500 -0.92968750 2.78710938
3.44140625 4.66503906 -0.71386719 6.60742188
-12.96972656 -4.88964844 -8.79687500 -2.11328125
3.44433594 -3.65820312 -0.48339844 -6.32421875
#golden TC1 STEP0_D30_set3 encoded
C597 2F30 FC48 0B26
0DC4 12A9 FD25 1A6E
CC1F EC71 DCD0 F78C
0DC7 F15E FE11 E6B4
#golden TC1 STEP1_D21_set3 decoded_real_signed_5_M10
3.19140625 0.83203125 -1.82910156 7.18847656
-0.64941406 6.08789062 0.81933594 4.63378906
-0.43945312 13.94140625 -0.50683594 -5.73828125
8.31054688 -6.74316406 -6.30859375 -3.70507812
#golden TC1 STEP1_D21_set3 encoded
0CC4 0354 F8AF 1CC1
FD67 185A 0347 1289
FE3E 37C4 FDF9 E90C
213E E507 E6C4 F12E
#golden TC1 STEP1_D31_set3 decoded_real_signed_5_M10
0.22851562 3.79003906 -14.34863281 -3.80761719
1.28515625 -1.95800781 8.30273438 7.71972656
-5.44628906 13.90820312 -0.36621094 0.69042969
-4.91210938 -2.68164062 -3.98730469 -0.25683594
#golden TC1 STEP1_D31_set3 encoded
00EA 0F29 C69B F0C5
0524 F82B 2136 1EE1
EA37 37A2 FE89 02C3
EC5A F546 F00D FEF9

#FINAL_CHAINED_16x16_FROM_DUAL_TC_FXP16
#D_full_from_2tc decoded_real_signed_5_M10
-0.39453125 -0.77832031 -5.21582031 -1.62500000 -7.14648438 -2.79785156 -1.75976562 2.70410156 10.19433594 -5.87988281 5.35839844 -6.59277344 -2.73144531 -3.92578125 10.06250000 -4.22460938
7.33691406 -3.42675781 6.92871094 1.15234375 2.41406250 2.26660156 2.51953125 -5.78515625 7.72949219 0.80273438 -8.17675781 2.40332031 7.77734375 -2.63671875 -1.15917969 7.68945312
-9.03808594 5.44042969 3.50585938 2.51074219 2.99023438 -4.52441406 -10.81738281 -2.18457031 -3.06152344 6.15722656 2.04589844 7.80761719 -3.85839844 3.29101562 6.34570312 -5.92968750
-0.07421875 0.07226562 -0.82812500 1.72753906 4.30371094 11.13085938 -1.79492188 -3.95214844 6.76074219 0.95214844 1.91308594 0.85937500 3.62304688 -3.60253906 -2.76855469 -5.15625000
-0.29296875 -3.79687500 6.54492188 0.83496094 -8.09277344 5.05273438 5.64062500 -0.14062500 -4.36718750 1.39062500 -4.81738281 2.14453125 4.75878906 -10.82714844 -5.45507812 -3.03906250
3.18945312 -6.75585938 3.29394531 -11.74316406 5.80371094 -0.18457031 0.94433594 6.86425781 4.13964844 -2.42382812 -0.08691406 1.21972656 -1.06152344 -4.70019531 0.44433594 -1.12011719
6.76464844 8.19628906 4.93359375 6.02050781 -6.36035156 2.65722656 -4.51562500 -5.67675781 -7.46484375 0.61425781 -1.69628906 -1.87988281 -0.57714844 14.30566406 -2.72851562 0.92285156
5.68945312 3.18554688 5.15429688 -1.23925781 -4.45800781 5.37695312 4.05078125 4.79296875 -9.74316406 -2.84667969 0.45019531 -7.04492188 2.08984375 9.01953125 -7.68652344 -0.85937500
-1.89160156 1.56738281 2.94531250 9.13574219 -1.78613281 -1.16113281 -0.32714844 -4.86523438 -11.49414062 3.83496094 -7.00292969 2.48046875 3.19140625 0.83203125 -1.82910156 7.18847656
8.03222656 -1.51562500 4.70117188 -10.22656250 0.83300781 1.22851562 -1.51269531 0.88281250 0.07519531 -6.80468750 -2.53906250 0.46582031 -0.64941406 6.08789062 0.81933594 4.63378906
-3.45996094 9.35937500 10.83691406 -5.45117188 4.31250000 4.48925781 -2.05566406 9.67578125 -10.29199219 -6.44140625 -2.80859375 -4.82031250 -0.43945312 13.94140625 -0.50683594 -5.73828125
-5.73730469 -3.65039062 3.09082031 1.11523438 0.78320312 0.24609375 6.30664062 3.34570312 -0.10742188 4.00683594 5.30175781 -3.25585938 8.31054688 -6.74316406 -6.30859375 -3.70507812
-7.50000000 8.69726562 6.62402344 0.88183594 5.03417969 12.71679688 7.22460938 7.64062500 -14.60253906 11.79687500 -0.92968750 2.78710938 0.22851562 3.79003906 -14.34863281 -3.80761719
-6.07519531 -0.18945312 -0.46875000 0.76074219 0.91210938 -5.79394531 1.88281250 -0.13964844 3.44140625 4.66503906 -0.71386719 6.60742188 1.28515625 -1.95800781 8.30273438 7.71972656
-1.69531250 12.66699219 0.90136719 7.24511719 -4.27148438 -3.86035156 -4.41015625 -2.79980469 -12.96972656 -4.88964844 -8.79687500 -2.11328125 -5.44628906 13.90820312 -0.36621094 0.69042969
-0.77734375 2.85644531 -11.38183594 2.48339844 -3.00488281 6.84277344 4.74023438 0.85839844 3.44433594 -3.65820312 -0.48339844 -6.32421875 -4.91210938 -2.68164062 -3.98730469 -0.25683594
#D_full_from_2tc encoded
FE6C FCE3 EB23 F980 E36A F4CF F8F6 0AD1 28C7 E87B 156F E5A1 F513 F04C 2840 EF1A
1D59 F24B 1BB7 049C 09A8 0911 0A14 E8DC 1EEB 0336 DF4B 099D 1F1C F574 FB5D 1EC2
DBD9 15C3 0E06 0A0B 0BF6 EDE7 D4BB F743 F3C1 18A1 082F 1F3B F091 0D2A 1962 E848
FFB4 004A FCB0 06E9 1137 2C86 F8D2 F031 1B0B 03CF 07A7 0370 0E7E F197 F4ED EB60
FED4 F0D0 1A2E 0357 DFA1 1436 1690 FF70 EE88 0590 ECBB 0894 1309 D4B1 EA2E F3D8
0CC2 E4FA 0D2D D107 1737 FF43 03C7 1B75 108F F64E FFA7 04E1 FBC1 ED33 01C7 FB85
1B0F 20C9 13BC 1815 E68F 0AA1 EDF0 E94B E224 0275 F937 F87B FDB1 3939 F516 03B1
16C2 0CBE 149E FB0B EE2B 1582 1034 132C D907 F49D 01CD E3D2 085C 2414 E141 FC90
F86F 0645 0BC8 248B F8DB FB5B FEB1 EC8A D206 0F57 E3FD 09EC 0CC4 0354 F8AF 1CC1
2021 F9F0 12CE D718 0355 04EA F9F3 0388 004D E4C8 F5D8 01DD FD67 185A 0347 1289
F229 2570 2B59 EA32 1140 11F5 F7C7 26B4 D6D5 E63C F4C4 ECB8 FE3E 37C4 FDF9 E90C
E90D F166 0C5D 0476 0322 00FC 193A 0D62 FF92 1007 1535 F2FA 213E E507 E6C4 F12E
E200 22CA 1A7F 0387 1423 32DE 1CE6 1E90 C597 2F30 FC48 0B26 00EA 0F29 C69B F0C5
E7B3 FF3E FE20 030B 03A6 E8D3 0788 FF71 0DC4 12A9 FD25 1A6E 0524 F82B 2136 1EE1
F938 32AB 039B 1CFB EEEA F08F EE5C F4CD CC1F EC71 DCD0 F78C EA37 37A2 FE89 02C3
FCE4 0B6D D279 09EF F3FB 1B5F 12F6 036F 0DC7 F15E FE11 E6B4 EC5A F546 F00D FEF9

#FINAL_IDEAL_16x16_ONE_SHOT_REFERENCE
#D_full_one_shot decoded_real_signed_5_M10
-0.39453125 -0.77832031 -5.21582031 -1.62500000 -7.14648438 -2.79785156 -1.75976562 2.70410156 10.19433594 -5.87988281 5.35839844 -6.59277344 -2.73144531 -3.92578125 10.06250000 -4.22460938
7.33691406 -3.42675781 6.92871094 1.15234375 2.41406250 2.26660156 2.51953125 -5.78515625 7.72949219 0.80273438 -8.17675781 2.40332031 7.77734375 -2.63671875 -1.15917969 7.68945312
-9.03808594 5.44042969 3.50585938 2.51074219 2.99023438 -4.52441406 -10.81738281 -2.18457031 -3.06152344 6.15722656 2.04589844 7.80761719 -3.85839844 3.29101562 6.34570312 -5.92968750
-0.07421875 0.07226562 -0.82812500 1.72753906 4.30371094 11.13085938 -1.79492188 -3.95214844 6.76074219 0.95214844 1.91308594 0.85937500 3.62304688 -3.60253906 -2.76855469 -5.15625000
-0.29296875 -3.79687500 6.54492188 0.83496094 -8.09277344 5.05273438 5.64062500 -0.14062500 -4.36718750 1.39062500 -4.81738281 2.14453125 4.75878906 -10.82714844 -5.45507812 -3.03906250
3.18945312 -6.75585938 3.29394531 -11.74316406 5.80371094 -0.18457031 0.94433594 6.86425781 4.13964844 -2.42382812 -0.08691406 1.21972656 -1.06152344 -4.70019531 0.44433594 -1.12011719
6.76464844 8.19628906 4.93359375 6.02050781 -6.36035156 2.65722656 -4.51562500 -5.67675781 -7.46484375 0.61425781 -1.69628906 -1.87988281 -0.57714844 14.30566406 -2.72851562 0.92285156
5.68945312 3.18554688 5.15429688 -1.23925781 -4.45800781 5.37695312 4.05078125 4.79296875 -9.74316406 -2.84667969 0.45019531 -7.04492188 2.08984375 9.01953125 -7.68652344 -0.85937500
-1.89160156 1.56738281 2.94531250 9.13574219 -1.78613281 -1.16113281 -0.32714844 -4.86523438 -11.49414062 3.83496094 -7.00292969 2.48046875 3.19140625 0.83203125 -1.82910156 7.18847656
8.03222656 -1.51562500 4.70117188 -10.22656250 0.83300781 1.22851562 -1.51269531 0.88281250 0.07519531 -6.80468750 -2.53906250 0.46582031 -0.64941406 6.08789062 0.81933594 4.63378906
-3.45996094 9.35937500 10.83691406 -5.45117188 4.31250000 4.48925781 -2.05566406 9.67578125 -10.29199219 -6.44140625 -2.80859375 -4.82031250 -0.43945312 13.94140625 -0.50683594 -5.73828125
-5.73730469 -3.65039062 3.09082031 1.11523438 0.78320312 0.24609375 6.30664062 3.34570312 -0.10742188 4.00683594 5.30175781 -3.25585938 8.31054688 -6.74316406 -6.30859375 -3.70507812
-7.50000000 8.69726562 6.62402344 0.88183594 5.03417969 12.71679688 7.22460938 7.64062500 -14.60253906 11.79687500 -0.92968750 2.78710938 0.22851562 3.79003906 -14.34863281 -3.80761719
-6.07519531 -0.18945312 -0.46875000 0.76074219 0.91210938 -5.79394531 1.88281250 -0.13964844 3.44140625 4.66503906 -0.71386719 6.60742188 1.28515625 -1.95800781 8.30273438 7.71972656
-1.69531250 12.66699219 0.90136719 7.24511719 -4.27148438 -3.86035156 -4.41015625 -2.79980469 -12.96972656 -4.88964844 -8.79687500 -2.11328125 -5.44628906 13.90820312 -0.36621094 0.69042969
-0.77734375 2.85644531 -11.38183594 2.48339844 -3.00488281 6.84277344 4.74023438 0.85839844 3.44433594 -3.65820312 -0.48339844 -6.32421875 -4.91210938 -2.68164062 -3.98730469 -0.25683594
#D_full_one_shot encoded
FE6C FCE3 EB23 F980 E36A F4CF F8F6 0AD1 28C7 E87B 156F E5A1 F513 F04C 2840 EF1A
1D59 F24B 1BB7 049C 09A8 0911 0A14 E8DC 1EEB 0336 DF4B 099D 1F1C F574 FB5D 1EC2
DBD9 15C3 0E06 0A0B 0BF6 EDE7 D4BB F743 F3C1 18A1 082F 1F3B F091 0D2A 1962 E848
FFB4 004A FCB0 06E9 1137 2C86 F8D2 F031 1B0B 03CF 07A7 0370 0E7E F197 F4ED EB60
FED4 F0D0 1A2E 0357 DFA1 1436 1690 FF70 EE88 0590 ECBB 0894 1309 D4B1 EA2E F3D8
0CC2 E4FA 0D2D D107 1737 FF43 03C7 1B75 108F F64E FFA7 04E1 FBC1 ED33 01C7 FB85
1B0F 20C9 13BC 1815 E68F 0AA1 EDF0 E94B E224 0275 F937 F87B FDB1 3939 F516 03B1
16C2 0CBE 149E FB0B EE2B 1582 1034 132C D907 F49D 01CD E3D2 085C 2414 E141 FC90
F86F 0645 0BC8 248B F8DB FB5B FEB1 EC8A D206 0F57 E3FD 09EC 0CC4 0354 F8AF 1CC1
2021 F9F0 12CE D718 0355 04EA F9F3 0388 004D E4C8 F5D8 01DD FD67 185A 0347 1289
F229 2570 2B59 EA32 1140 11F5 F7C7 26B4 D6D5 E63C F4C4 ECB8 FE3E 37C4 FDF9 E90C
E90D F166 0C5D 0476 0322 00FC 193A 0D62 FF92 1007 1535 F2FA 213E E507 E6C4 F12E
E200 22CA 1A7F 0387 1423 32DE 1CE6 1E90 C597 2F30 FC48 0B26 00EA 0F29 C69B F0C5
E7B3 FF3E FE20 030B 03A6 E8D3 0788 FF71 0DC4 12A9 FD25 1A6E 0524 F82B 2136 1EE1
F938 32AB 039B 1CFB EEEA F08F EE5C F4CD CC1F EC71 DCD0 F78C EA37 37A2 FE89 02C3
FCE4 0B6D D279 09EF F3FB 1B5F 12F6 036F 0DC7 F15E FE11 E6B4 EC5A F546 F00D FEF9
