Copyright 1986-2022 Xilinx, Inc. All Rights Reserved. Copyright 2022-2023 Advanced Micro Devices, Inc. All Rights Reserved.
--------------------------------------------------------------------------------------------------------------------------------------------------
| Tool Version : Vivado v.2023.2 (win64) Build 4029153 Fri Oct 13 20:14:34 MDT 2023
| Date         : Mon Jul 13 13:36:13 2026
| Host         : BOOK-CI84SRJIDA running 64-bit major release  (build 9200)
| Command      : report_drc -file C:/Users/giovi/OneDrive/Desktop/Magistrale/Tesi/Klessydra_TCU_Area_Analysis/reports/full_parametric_tcu/drc.rpt
| Design       : TCU_Branch
| Device       : xc7a100tcsg324-1
| Speed File   : -1
| Design State : Synthesized
--------------------------------------------------------------------------------------------------------------------------------------------------

Report DRC

Table of Contents
-----------------
1. REPORT SUMMARY
2. REPORT DETAILS

1. REPORT SUMMARY
-----------------
            Netlist: netlist
          Floorplan: design_1
      Design limits: <entire design considered>
           Ruledeck: default
             Max violations: <unlimited>
             Violations found: 920
+----------+------------------+-----------------------------------------------------+------------+
| Rule     | Severity         | Description                                         | Violations |
+----------+------------------+-----------------------------------------------------+------------+
| UTLZ-1   | Error            | Resource utilization                                | 4          |
| NSTD-1   | Critical Warning | Unspecified I/O Standard                            | 1          |
| UCIO-1   | Critical Warning | Unconstrained Logical Port                          | 1          |
| CFGBVS-1 | Warning          | Missing CFGBVS and CONFIG_VOLTAGE Design Properties | 1          |
| DPIP-1   | Warning          | Input pipelining                                    | 432        |
| DPOP-1   | Warning          | PREG Output pipelining                              | 240        |
| DPOP-2   | Warning          | MREG Output pipelining                              | 240        |
| IOCNT-1  | Warning          | Number of IOs                                       | 1          |
+----------+------------------+-----------------------------------------------------+------------+

2. REPORT DETAILS
-----------------
UTLZ-1#1 Error
Resource utilization  - PBlock:ROOT
CARRY4 over-utilized in Top Level Design (This design requires more CARRY4 cells than are available in the target device. This design requires 39904 of such cell types but only 15850 compatible sites are available in the target device. Please analyze your synthesis results and constraints to ensure the design is mapped to Xilinx primitives as expected. If so, please consider targeting a larger device.)ROOT
Related violations: <none>

UTLZ-1#2 Error
Resource utilization  - PBlock:ROOT
LUT as Logic over-utilized in Top Level Design (This design requires more LUT as Logic cells than are available in the target device. This design requires 460949 of such cell types but only 63400 compatible sites are available in the target device. Please analyze your synthesis results and constraints to ensure the design is mapped to Xilinx primitives as expected. If so, please consider targeting a larger device. Please set tcl parameter "drc.disableLUTOverUtilError" to 1 to change this error to warning.)ROOT
Related violations: <none>

UTLZ-1#3 Error
Resource utilization  - PBlock:ROOT
LUT6 over-utilized in Top Level Design (This design requires more LUT6 cells than are available in the target device. This design requires 232564 of such cell types but only 63400 compatible sites are available in the target device. Please analyze your synthesis results and constraints to ensure the design is mapped to Xilinx primitives as expected. If so, please consider targeting a larger device.)ROOT
Related violations: <none>

UTLZ-1#4 Error
Resource utilization  - PBlock:ROOT
Slice LUTs over-utilized in Top Level Design (This design requires more Slice LUTs cells than are available in the target device. This design requires 460949 of such cell types but only 63400 compatible sites are available in the target device. Please analyze your synthesis results and constraints to ensure the design is mapped to Xilinx primitives as expected. If so, please consider targeting a larger device. Please set tcl parameter "drc.disableLUTOverUtilError" to 1 to change this error to warning.)ROOT
Related violations: <none>

NSTD-1#1 Critical Warning
Unspecified I/O Standard  
16787 out of 16787 logical ports use I/O standard (IOSTANDARD) value 'DEFAULT', instead of a user assigned specific value. This may cause I/O contention or incompatibility with the board power or connectivity affecting performance, signal integrity or in extreme cases cause damage to the device or the components to which it is connected. To correct this violation, specify all I/O standards. This design will fail to generate a bitstream unless all logical ports have a user specified I/O standard value defined. To allow bitstream creation with unspecified I/O standard values (not recommended), use this command: set_property SEVERITY {Warning} [get_drc_checks NSTD-1].  NOTE: When using the Vivado Runs infrastructure (e.g. launch_runs Tcl command), add this command to a .tcl file and add that file as a pre-hook for write_bitstream step for the implementation run. Problem ports: RD_Data_IE[31:0], RS1_Data_IE[31:0], RS2_Data_IE[31:0], TCU_WB[31:0],
harc_EXEC[3:0], harc_TCU_WB[3:0], instr_word_IE[31:0],
instr_word_TCU_WB[31:0], pc_IE[31:0], regfile_i[0][0][31:0],
regfile_i[0][10][31:0], regfile_i[0][11][31:0], regfile_i[0][12][31:0],
regfile_i[0][13][31:0], regfile_i[0][14][31:0]
 (the first 15 of 534 listed).
Related violations: <none>

UCIO-1#1 Critical Warning
Unconstrained Logical Port  
16787 out of 16787 logical ports have no user assigned specific location constraint (LOC). This may cause I/O contention or incompatibility with the board power or connectivity affecting performance, signal integrity or in extreme cases cause damage to the device or the components to which it is connected. To correct this violation, specify all pin locations. This design will fail to generate a bitstream unless all logical ports have a user specified site LOC constraint defined.  To allow bitstream creation with unspecified pin locations (not recommended), use this command: set_property SEVERITY {Warning} [get_drc_checks UCIO-1].  NOTE: When using the Vivado Runs infrastructure (e.g. launch_runs Tcl command), add this command to a .tcl file and add that file as a pre-hook for write_bitstream step for the implementation run.  Problem ports: RD_Data_IE[31:0], RS1_Data_IE[31:0], RS2_Data_IE[31:0], TCU_WB[31:0],
harc_EXEC[3:0], harc_TCU_WB[3:0], instr_word_IE[31:0],
instr_word_TCU_WB[31:0], pc_IE[31:0], regfile_i[0][0][31:0],
regfile_i[0][10][31:0], regfile_i[0][11][31:0], regfile_i[0][12][31:0],
regfile_i[0][13][31:0], regfile_i[0][14][31:0]
 (the first 15 of 534 listed).
Related violations: <none>

CFGBVS-1#1 Warning
Missing CFGBVS and CONFIG_VOLTAGE Design Properties  
Neither the CFGBVS nor CONFIG_VOLTAGE voltage property is set in the current_design.  Configuration bank voltage select (CFGBVS) must be set to VCCO or GND, and CONFIG_VOLTAGE must be set to the correct configuration voltage, in order to determine the I/O voltage support for the pins in bank 0.  It is suggested to specify these either using the 'Edit Device Properties' function in the GUI or directly in the XDC file using the following syntax:

 set_property CFGBVS value1 [current_design]
 #where value1 is either VCCO or GND

 set_property CONFIG_VOLTAGE value2 [current_design]
 #where value2 is the voltage provided to configuration bank 0

Refer to the device configuration user guide for more information.
Related violations: <none>

DPIP-1#1 Warning
Input pipelining  
DSP TCU_WRAPPER_i/u_tc0/u_octect0/u_dpu_array/DPU0/dpu_fp32/mac0/multOp input TCU_WRAPPER_i/u_tc0/u_octect0/u_dpu_array/DPU0/dpu_fp32/mac0/multOp/A[29:0] is not pipelined. Pipelining DSP48 input will improve performance.
Related violations: <none>

DPIP-1#2 Warning
Input pipelining  
DSP TCU_WRAPPER_i/u_tc0/u_octect0/u_dpu_array/DPU0/dpu_fp32/mac0/multOp input TCU_WRAPPER_i/u_tc0/u_octect0/u_dpu_array/DPU0/dpu_fp32/mac0/multOp/B[17:0] is not pipelined. Pipelining DSP48 input will improve performance.
Related violations: <none>

DPIP-1#3 Warning
Input pipelining  
DSP TCU_WRAPPER_i/u_tc0/u_octect0/u_dpu_array/DPU0/dpu_fp32/mac0/multOp__0 input TCU_WRAPPER_i/u_tc0/u_octect0/u_dpu_array/DPU0/dpu_fp32/mac0/multOp__0/A[29:0] is not pipelined. Pipelining DSP48 input will improve performance.
Related violations: <none>

DPIP-1#4 Warning
Input pipelining  
DSP TCU_WRAPPER_i/u_tc0/u_octect0/u_dpu_array/DPU0/dpu_fp32/mac0/multOp__0 input TCU_WRAPPER_i/u_tc0/u_octect0/u_dpu_array/DPU0/dpu_fp32/mac0/multOp__0/B[17:0] is not pipelined. Pipelining DSP48 input will improve performance.
Related violations: <none>

DPIP-1#5 Warning
Input pipelining  
DSP TCU_WRAPPER_i/u_tc0/u_octect0/u_dpu_array/DPU0/dpu_fp32/mac1/multOp input TCU_WRAPPER_i/u_tc0/u_octect0/u_dpu_array/DPU0/dpu_fp32/mac1/multOp/A[29:0] is not pipelined. Pipelining DSP48 input will improve performance.
Related violations: <none>

DPIP-1#6 Warning
Input pipelining  
DSP TCU_WRAPPER_i/u_tc0/u_octect0/u_dpu_array/DPU0/dpu_fp32/mac1/multOp input TCU_WRAPPER_i/u_tc0/u_octect0/u_dpu_array/DPU0/dpu_fp32/mac1/multOp/B[17:0] is not pipelined. Pipelining DSP48 input will improve performance.
Related violations: <none>

DPIP-1#7 Warning
Input pipelining  
DSP TCU_WRAPPER_i/u_tc0/u_octect0/u_dpu_array/DPU0/dpu_fp32/mac1/multOp__0 input TCU_WRAPPER_i/u_tc0/u_octect0/u_dpu_array/DPU0/dpu_fp32/mac1/multOp__0/A[29:0] is not pipelined. Pipelining DSP48 input will improve performance.
Related violations: <none>

DPIP-1#8 Warning
Input pipelining  
DSP TCU_WRAPPER_i/u_tc0/u_octect0/u_dpu_array/DPU0/dpu_fp32/mac1/multOp__0 input TCU_WRAPPER_i/u_tc0/u_octect0/u_dpu_array/DPU0/dpu_fp32/mac1/multOp__0/B[17:0] is not pipelined. Pipelining DSP48 input will improve performance.
Related violations: <none>

DPIP-1#9 Warning
Input pipelining  
DSP TCU_WRAPPER_i/u_tc0/u_octect0/u_dpu_array/DPU0/dpu_fp32/mac2/multOp input TCU_WRAPPER_i/u_tc0/u_octect0/u_dpu_array/DPU0/dpu_fp32/mac2/multOp/A[29:0] is not pipelined. Pipelining DSP48 input will improve performance.
Related violations: <none>

DPIP-1#10 Warning
Input pipelining  
DSP TCU_WRAPPER_i/u_tc0/u_octect0/u_dpu_array/DPU0/dpu_fp32/mac2/multOp input TCU_WRAPPER_i/u_tc0/u_octect0/u_dpu_array/DPU0/dpu_fp32/mac2/multOp/B[17:0] is not pipelined. Pipelining DSP48 input will improve performance.
Related violations: <none>

DPIP-1#11 Warning
Input pipelining  
DSP TCU_WRAPPER_i/u_tc0/u_octect0/u_dpu_array/DPU0/dpu_fp32/mac2/multOp__0 input TCU_WRAPPER_i/u_tc0/u_octect0/u_dpu_array/DPU0/dpu_fp32/mac2/multOp__0/A[29:0] is not pipelined. Pipelining DSP48 input will improve performance.
Related violations: <none>

DPIP-1#12 Warning
Input pipelining  
DSP TCU_WRAPPER_i/u_tc0/u_octect0/u_dpu_array/DPU0/dpu_fp32/mac2/multOp__0 input TCU_WRAPPER_i/u_tc0/u_octect0/u_dpu_array/DPU0/dpu_fp32/mac2/multOp__0/B[17:0] is not pipelined. Pipelining DSP48 input will improve performance.
Related violations: <none>

DPIP-1#13 Warning
Input pipelining  
DSP TCU_WRAPPER_i/u_tc0/u_octect0/u_dpu_array/DPU0/dpu_fp32/mac3/multOp input TCU_WRAPPER_i/u_tc0/u_octect0/u_dpu_array/DPU0/dpu_fp32/mac3/multOp/A[29:0] is not pipelined. Pipelining DSP48 input will improve performance.
Related violations: <none>

DPIP-1#14 Warning
Input pipelining  
DSP TCU_WRAPPER_i/u_tc0/u_octect0/u_dpu_array/DPU0/dpu_fp32/mac3/multOp input TCU_WRAPPER_i/u_tc0/u_octect0/u_dpu_array/DPU0/dpu_fp32/mac3/multOp/B[17:0] is not pipelined. Pipelining DSP48 input will improve performance.
Related violations: <none>

DPIP-1#15 Warning
Input pipelining  
DSP TCU_WRAPPER_i/u_tc0/u_octect0/u_dpu_array/DPU0/dpu_fp32/mac3/multOp__0 input TCU_WRAPPER_i/u_tc0/u_octect0/u_dpu_array/DPU0/dpu_fp32/mac3/multOp__0/A[29:0] is not pipelined. Pipelining DSP48 input will improve performance.
Related violations: <none>

DPIP-1#16 Warning
Input pipelining  
DSP TCU_WRAPPER_i/u_tc0/u_octect0/u_dpu_array/DPU0/dpu_fp32/mac3/multOp__0 input TCU_WRAPPER_i/u_tc0/u_octect0/u_dpu_array/DPU0/dpu_fp32/mac3/multOp__0/B[17:0] is not pipelined. Pipelining DSP48 input will improve performance.
Related violations: <none>

DPIP-1#17 Warning
Input pipelining  
DSP TCU_WRAPPER_i/u_tc0/u_octect0/u_dpu_array/DPU0/dpu_posit32/posit32_mul0/multOp input TCU_WRAPPER_i/u_tc0/u_octect0/u_dpu_array/DPU0/dpu_posit32/posit32_mul0/multOp/A[29:0] is not pipelined. Pipelining DSP48 input will improve performance.
Related violations: <none>

DPIP-1#18 Warning
Input pipelining  
DSP TCU_WRAPPER_i/u_tc0/u_octect0/u_dpu_array/DPU0/dpu_posit32/posit32_mul0/multOp input TCU_WRAPPER_i/u_tc0/u_octect0/u_dpu_array/DPU0/dpu_posit32/posit32_mul0/multOp/B[17:0] is not pipelined. Pipelining DSP48 input will improve performance.
Related violations: <none>

DPIP-1#19 Warning
Input pipelining  
DSP TCU_WRAPPER_i/u_tc0/u_octect0/u_dpu_array/DPU0/dpu_posit32/posit32_mul0/multOp__0 input TCU_WRAPPER_i/u_tc0/u_octect0/u_dpu_array/DPU0/dpu_posit32/posit32_mul0/multOp__0/B[17:0] is not pipelined. Pipelining DSP48 input will improve performance.
Related violations: <none>

DPIP-1#20 Warning
Input pipelining  
DSP TCU_WRAPPER_i/u_tc0/u_octect0/u_dpu_array/DPU0/dpu_posit32/posit32_mul1/multOp input TCU_WRAPPER_i/u_tc0/u_octect0/u_dpu_array/DPU0/dpu_posit32/posit32_mul1/multOp/A[29:0] is not pipelined. Pipelining DSP48 input will improve performance.
Related violations: <none>

DPIP-1#21 Warning
Input pipelining  
DSP TCU_WRAPPER_i/u_tc0/u_octect0/u_dpu_array/DPU0/dpu_posit32/posit32_mul1/multOp input TCU_WRAPPER_i/u_tc0/u_octect0/u_dpu_array/DPU0/dpu_posit32/posit32_mul1/multOp/B[17:0] is not pipelined. Pipelining DSP48 input will improve performance.
Related violations: <none>

DPIP-1#22 Warning
Input pipelining  
DSP TCU_WRAPPER_i/u_tc0/u_octect0/u_dpu_array/DPU0/dpu_posit32/posit32_mul1/multOp__0 input TCU_WRAPPER_i/u_tc0/u_octect0/u_dpu_array/DPU0/dpu_posit32/posit32_mul1/multOp__0/B[17:0] is not pipelined. Pipelining DSP48 input will improve performance.
Related violations: <none>

DPIP-1#23 Warning
Input pipelining  
DSP TCU_WRAPPER_i/u_tc0/u_octect0/u_dpu_array/DPU0/dpu_posit32/posit32_mul2/multOp input TCU_WRAPPER_i/u_tc0/u_octect0/u_dpu_array/DPU0/dpu_posit32/posit32_mul2/multOp/A[29:0] is not pipelined. Pipelining DSP48 input will improve performance.
Related violations: <none>

DPIP-1#24 Warning
Input pipelining  
DSP TCU_WRAPPER_i/u_tc0/u_octect0/u_dpu_array/DPU0/dpu_posit32/posit32_mul2/multOp input TCU_WRAPPER_i/u_tc0/u_octect0/u_dpu_array/DPU0/dpu_posit32/posit32_mul2/multOp/B[17:0] is not pipelined. Pipelining DSP48 input will improve performance.
Related violations: <none>

DPIP-1#25 Warning
Input pipelining  
DSP TCU_WRAPPER_i/u_tc0/u_octect0/u_dpu_array/DPU0/dpu_posit32/posit32_mul2/multOp__0 input TCU_WRAPPER_i/u_tc0/u_octect0/u_dpu_array/DPU0/dpu_posit32/posit32_mul2/multOp__0/B[17:0] is not pipelined. Pipelining DSP48 input will improve performance.
Related violations: <none>

DPIP-1#26 Warning
Input pipelining  
DSP TCU_WRAPPER_i/u_tc0/u_octect0/u_dpu_array/DPU0/dpu_posit32/posit32_mul3/multOp input TCU_WRAPPER_i/u_tc0/u_octect0/u_dpu_array/DPU0/dpu_posit32/posit32_mul3/multOp/A[29:0] is not pipelined. Pipelining DSP48 input will improve performance.
Related violations: <none>

DPIP-1#27 Warning
Input pipelining  
DSP TCU_WRAPPER_i/u_tc0/u_octect0/u_dpu_array/DPU0/dpu_posit32/posit32_mul3/multOp input TCU_WRAPPER_i/u_tc0/u_octect0/u_dpu_array/DPU0/dpu_posit32/posit32_mul3/multOp/B[17:0] is not pipelined. Pipelining DSP48 input will improve performance.
Related violations: <none>

DPIP-1#28 Warning
Input pipelining  
DSP TCU_WRAPPER_i/u_tc0/u_octect0/u_dpu_array/DPU1/dpu_fp32/mac0/multOp input TCU_WRAPPER_i/u_tc0/u_octect0/u_dpu_array/DPU1/dpu_fp32/mac0/multOp/A[29:0] is not pipelined. Pipelining DSP48 input will improve performance.
Related violations: <none>

DPIP-1#29 Warning
Input pipelining  
DSP TCU_WRAPPER_i/u_tc0/u_octect0/u_dpu_array/DPU1/dpu_fp32/mac0/multOp input TCU_WRAPPER_i/u_tc0/u_octect0/u_dpu_array/DPU1/dpu_fp32/mac0/multOp/B[17:0] is not pipelined. Pipelining DSP48 input will improve performance.
Related violations: <none>

DPIP-1#30 Warning
Input pipelining  
DSP TCU_WRAPPER_i/u_tc0/u_octect0/u_dpu_array/DPU1/dpu_fp32/mac0/multOp__0 input TCU_WRAPPER_i/u_tc0/u_octect0/u_dpu_array/DPU1/dpu_fp32/mac0/multOp__0/A[29:0] is not pipelined. Pipelining DSP48 input will improve performance.
Related violations: <none>

DPIP-1#31 Warning
Input pipelining  
DSP TCU_WRAPPER_i/u_tc0/u_octect0/u_dpu_array/DPU1/dpu_fp32/mac0/multOp__0 input TCU_WRAPPER_i/u_tc0/u_octect0/u_dpu_array/DPU1/dpu_fp32/mac0/multOp__0/B[17:0] is not pipelined. Pipelining DSP48 input will improve performance.
Related violations: <none>

DPIP-1#32 Warning
Input pipelining  
DSP TCU_WRAPPER_i/u_tc0/u_octect0/u_dpu_array/DPU1/dpu_fp32/mac1/multOp input TCU_WRAPPER_i/u_tc0/u_octect0/u_dpu_array/DPU1/dpu_fp32/mac1/multOp/A[29:0] is not pipelined. Pipelining DSP48 input will improve performance.
Related violations: <none>

DPIP-1#33 Warning
Input pipelining  
DSP TCU_WRAPPER_i/u_tc0/u_octect0/u_dpu_array/DPU1/dpu_fp32/mac1/multOp input TCU_WRAPPER_i/u_tc0/u_octect0/u_dpu_array/DPU1/dpu_fp32/mac1/multOp/B[17:0] is not pipelined. Pipelining DSP48 input will improve performance.
Related violations: <none>

DPIP-1#34 Warning
Input pipelining  
DSP TCU_WRAPPER_i/u_tc0/u_octect0/u_dpu_array/DPU1/dpu_fp32/mac1/multOp__0 input TCU_WRAPPER_i/u_tc0/u_octect0/u_dpu_array/DPU1/dpu_fp32/mac1/multOp__0/A[29:0] is not pipelined. Pipelining DSP48 input will improve performance.
Related violations: <none>

DPIP-1#35 Warning
Input pipelining  
DSP TCU_WRAPPER_i/u_tc0/u_octect0/u_dpu_array/DPU1/dpu_fp32/mac1/multOp__0 input TCU_WRAPPER_i/u_tc0/u_octect0/u_dpu_array/DPU1/dpu_fp32/mac1/multOp__0/B[17:0] is not pipelined. Pipelining DSP48 input will improve performance.
Related violations: <none>

DPIP-1#36 Warning
Input pipelining  
DSP TCU_WRAPPER_i/u_tc0/u_octect0/u_dpu_array/DPU1/dpu_fp32/mac2/multOp input TCU_WRAPPER_i/u_tc0/u_octect0/u_dpu_array/DPU1/dpu_fp32/mac2/multOp/A[29:0] is not pipelined. Pipelining DSP48 input will improve performance.
Related violations: <none>

DPIP-1#37 Warning
Input pipelining  
DSP TCU_WRAPPER_i/u_tc0/u_octect0/u_dpu_array/DPU1/dpu_fp32/mac2/multOp input TCU_WRAPPER_i/u_tc0/u_octect0/u_dpu_array/DPU1/dpu_fp32/mac2/multOp/B[17:0] is not pipelined. Pipelining DSP48 input will improve performance.
Related violations: <none>

DPIP-1#38 Warning
Input pipelining  
DSP TCU_WRAPPER_i/u_tc0/u_octect0/u_dpu_array/DPU1/dpu_fp32/mac2/multOp__0 input TCU_WRAPPER_i/u_tc0/u_octect0/u_dpu_array/DPU1/dpu_fp32/mac2/multOp__0/A[29:0] is not pipelined. Pipelining DSP48 input will improve performance.
Related violations: <none>

DPIP-1#39 Warning
Input pipelining  
DSP TCU_WRAPPER_i/u_tc0/u_octect0/u_dpu_array/DPU1/dpu_fp32/mac2/multOp__0 input TCU_WRAPPER_i/u_tc0/u_octect0/u_dpu_array/DPU1/dpu_fp32/mac2/multOp__0/B[17:0] is not pipelined. Pipelining DSP48 input will improve performance.
Related violations: <none>

DPIP-1#40 Warning
Input pipelining  
DSP TCU_WRAPPER_i/u_tc0/u_octect0/u_dpu_array/DPU1/dpu_fp32/mac3/multOp input TCU_WRAPPER_i/u_tc0/u_octect0/u_dpu_array/DPU1/dpu_fp32/mac3/multOp/A[29:0] is not pipelined. Pipelining DSP48 input will improve performance.
Related violations: <none>

DPIP-1#41 Warning
Input pipelining  
DSP TCU_WRAPPER_i/u_tc0/u_octect0/u_dpu_array/DPU1/dpu_fp32/mac3/multOp input TCU_WRAPPER_i/u_tc0/u_octect0/u_dpu_array/DPU1/dpu_fp32/mac3/multOp/B[17:0] is not pipelined. Pipelining DSP48 input will improve performance.
Related violations: <none>

DPIP-1#42 Warning
Input pipelining  
DSP TCU_WRAPPER_i/u_tc0/u_octect0/u_dpu_array/DPU1/dpu_fp32/mac3/multOp__0 input TCU_WRAPPER_i/u_tc0/u_octect0/u_dpu_array/DPU1/dpu_fp32/mac3/multOp__0/A[29:0] is not pipelined. Pipelining DSP48 input will improve performance.
Related violations: <none>

DPIP-1#43 Warning
Input pipelining  
DSP TCU_WRAPPER_i/u_tc0/u_octect0/u_dpu_array/DPU1/dpu_fp32/mac3/multOp__0 input TCU_WRAPPER_i/u_tc0/u_octect0/u_dpu_array/DPU1/dpu_fp32/mac3/multOp__0/B[17:0] is not pipelined. Pipelining DSP48 input will improve performance.
Related violations: <none>

DPIP-1#44 Warning
Input pipelining  
DSP TCU_WRAPPER_i/u_tc0/u_octect0/u_dpu_array/DPU1/dpu_posit32/posit32_mul0/multOp input TCU_WRAPPER_i/u_tc0/u_octect0/u_dpu_array/DPU1/dpu_posit32/posit32_mul0/multOp/A[29:0] is not pipelined. Pipelining DSP48 input will improve performance.
Related violations: <none>

DPIP-1#45 Warning
Input pipelining  
DSP TCU_WRAPPER_i/u_tc0/u_octect0/u_dpu_array/DPU1/dpu_posit32/posit32_mul0/multOp input TCU_WRAPPER_i/u_tc0/u_octect0/u_dpu_array/DPU1/dpu_posit32/posit32_mul0/multOp/B[17:0] is not pipelined. Pipelining DSP48 input will improve performance.
Related violations: <none>

DPIP-1#46 Warning
Input pipelining  
DSP TCU_WRAPPER_i/u_tc0/u_octect0/u_dpu_array/DPU1/dpu_posit32/posit32_mul0/multOp__0 input TCU_WRAPPER_i/u_tc0/u_octect0/u_dpu_array/DPU1/dpu_posit32/posit32_mul0/multOp__0/B[17:0] is not pipelined. Pipelining DSP48 input will improve performance.
Related violations: <none>

DPIP-1#47 Warning
Input pipelining  
DSP TCU_WRAPPER_i/u_tc0/u_octect0/u_dpu_array/DPU1/dpu_posit32/posit32_mul1/multOp input TCU_WRAPPER_i/u_tc0/u_octect0/u_dpu_array/DPU1/dpu_posit32/posit32_mul1/multOp/A[29:0] is not pipelined. Pipelining DSP48 input will improve performance.
Related violations: <none>

DPIP-1#48 Warning
Input pipelining  
DSP TCU_WRAPPER_i/u_tc0/u_octect0/u_dpu_array/DPU1/dpu_posit32/posit32_mul1/multOp input TCU_WRAPPER_i/u_tc0/u_octect0/u_dpu_array/DPU1/dpu_posit32/posit32_mul1/multOp/B[17:0] is not pipelined. Pipelining DSP48 input will improve performance.
Related violations: <none>

DPIP-1#49 Warning
Input pipelining  
DSP TCU_WRAPPER_i/u_tc0/u_octect0/u_dpu_array/DPU1/dpu_posit32/posit32_mul1/multOp__0 input TCU_WRAPPER_i/u_tc0/u_octect0/u_dpu_array/DPU1/dpu_posit32/posit32_mul1/multOp__0/B[17:0] is not pipelined. Pipelining DSP48 input will improve performance.
Related violations: <none>

DPIP-1#50 Warning
Input pipelining  
DSP TCU_WRAPPER_i/u_tc0/u_octect0/u_dpu_array/DPU1/dpu_posit32/posit32_mul2/multOp input TCU_WRAPPER_i/u_tc0/u_octect0/u_dpu_array/DPU1/dpu_posit32/posit32_mul2/multOp/A[29:0] is not pipelined. Pipelining DSP48 input will improve performance.
Related violations: <none>

DPIP-1#51 Warning
Input pipelining  
DSP TCU_WRAPPER_i/u_tc0/u_octect0/u_dpu_array/DPU1/dpu_posit32/posit32_mul2/multOp input TCU_WRAPPER_i/u_tc0/u_octect0/u_dpu_array/DPU1/dpu_posit32/posit32_mul2/multOp/B[17:0] is not pipelined. Pipelining DSP48 input will improve performance.
Related violations: <none>

DPIP-1#52 Warning
Input pipelining  
DSP TCU_WRAPPER_i/u_tc0/u_octect0/u_dpu_array/DPU1/dpu_posit32/posit32_mul2/multOp__0 input TCU_WRAPPER_i/u_tc0/u_octect0/u_dpu_array/DPU1/dpu_posit32/posit32_mul2/multOp__0/B[17:0] is not pipelined. Pipelining DSP48 input will improve performance.
Related violations: <none>

DPIP-1#53 Warning
Input pipelining  
DSP TCU_WRAPPER_i/u_tc0/u_octect0/u_dpu_array/DPU1/dpu_posit32/posit32_mul3/multOp input TCU_WRAPPER_i/u_tc0/u_octect0/u_dpu_array/DPU1/dpu_posit32/posit32_mul3/multOp/A[29:0] is not pipelined. Pipelining DSP48 input will improve performance.
Related violations: <none>

DPIP-1#54 Warning
Input pipelining  
DSP TCU_WRAPPER_i/u_tc0/u_octect0/u_dpu_array/DPU1/dpu_posit32/posit32_mul3/multOp input TCU_WRAPPER_i/u_tc0/u_octect0/u_dpu_array/DPU1/dpu_posit32/posit32_mul3/multOp/B[17:0] is not pipelined. Pipelining DSP48 input will improve performance.
Related violations: <none>

DPIP-1#55 Warning
Input pipelining  
DSP TCU_WRAPPER_i/u_tc0/u_octect0/u_dpu_array/DPU2/dpu_fp32/mac0/multOp input TCU_WRAPPER_i/u_tc0/u_octect0/u_dpu_array/DPU2/dpu_fp32/mac0/multOp/A[29:0] is not pipelined. Pipelining DSP48 input will improve performance.
Related violations: <none>

DPIP-1#56 Warning
Input pipelining  
DSP TCU_WRAPPER_i/u_tc0/u_octect0/u_dpu_array/DPU2/dpu_fp32/mac0/multOp input TCU_WRAPPER_i/u_tc0/u_octect0/u_dpu_array/DPU2/dpu_fp32/mac0/multOp/B[17:0] is not pipelined. Pipelining DSP48 input will improve performance.
Related violations: <none>

DPIP-1#57 Warning
Input pipelining  
DSP TCU_WRAPPER_i/u_tc0/u_octect0/u_dpu_array/DPU2/dpu_fp32/mac0/multOp__0 input TCU_WRAPPER_i/u_tc0/u_octect0/u_dpu_array/DPU2/dpu_fp32/mac0/multOp__0/A[29:0] is not pipelined. Pipelining DSP48 input will improve performance.
Related violations: <none>

DPIP-1#58 Warning
Input pipelining  
DSP TCU_WRAPPER_i/u_tc0/u_octect0/u_dpu_array/DPU2/dpu_fp32/mac0/multOp__0 input TCU_WRAPPER_i/u_tc0/u_octect0/u_dpu_array/DPU2/dpu_fp32/mac0/multOp__0/B[17:0] is not pipelined. Pipelining DSP48 input will improve performance.
Related violations: <none>

DPIP-1#59 Warning
Input pipelining  
DSP TCU_WRAPPER_i/u_tc0/u_octect0/u_dpu_array/DPU2/dpu_fp32/mac1/multOp input TCU_WRAPPER_i/u_tc0/u_octect0/u_dpu_array/DPU2/dpu_fp32/mac1/multOp/A[29:0] is not pipelined. Pipelining DSP48 input will improve performance.
Related violations: <none>

DPIP-1#60 Warning
Input pipelining  
DSP TCU_WRAPPER_i/u_tc0/u_octect0/u_dpu_array/DPU2/dpu_fp32/mac1/multOp input TCU_WRAPPER_i/u_tc0/u_octect0/u_dpu_array/DPU2/dpu_fp32/mac1/multOp/B[17:0] is not pipelined. Pipelining DSP48 input will improve performance.
Related violations: <none>

DPIP-1#61 Warning
Input pipelining  
DSP TCU_WRAPPER_i/u_tc0/u_octect0/u_dpu_array/DPU2/dpu_fp32/mac1/multOp__0 input TCU_WRAPPER_i/u_tc0/u_octect0/u_dpu_array/DPU2/dpu_fp32/mac1/multOp__0/A[29:0] is not pipelined. Pipelining DSP48 input will improve performance.
Related violations: <none>

DPIP-1#62 Warning
Input pipelining  
DSP TCU_WRAPPER_i/u_tc0/u_octect0/u_dpu_array/DPU2/dpu_fp32/mac1/multOp__0 input TCU_WRAPPER_i/u_tc0/u_octect0/u_dpu_array/DPU2/dpu_fp32/mac1/multOp__0/B[17:0] is not pipelined. Pipelining DSP48 input will improve performance.
Related violations: <none>

DPIP-1#63 Warning
Input pipelining  
DSP TCU_WRAPPER_i/u_tc0/u_octect0/u_dpu_array/DPU2/dpu_fp32/mac2/multOp input TCU_WRAPPER_i/u_tc0/u_octect0/u_dpu_array/DPU2/dpu_fp32/mac2/multOp/A[29:0] is not pipelined. Pipelining DSP48 input will improve performance.
Related violations: <none>

DPIP-1#64 Warning
Input pipelining  
DSP TCU_WRAPPER_i/u_tc0/u_octect0/u_dpu_array/DPU2/dpu_fp32/mac2/multOp input TCU_WRAPPER_i/u_tc0/u_octect0/u_dpu_array/DPU2/dpu_fp32/mac2/multOp/B[17:0] is not pipelined. Pipelining DSP48 input will improve performance.
Related violations: <none>

DPIP-1#65 Warning
Input pipelining  
DSP TCU_WRAPPER_i/u_tc0/u_octect0/u_dpu_array/DPU2/dpu_fp32/mac2/multOp__0 input TCU_WRAPPER_i/u_tc0/u_octect0/u_dpu_array/DPU2/dpu_fp32/mac2/multOp__0/A[29:0] is not pipelined. Pipelining DSP48 input will improve performance.
Related violations: <none>

DPIP-1#66 Warning
Input pipelining  
DSP TCU_WRAPPER_i/u_tc0/u_octect0/u_dpu_array/DPU2/dpu_fp32/mac2/multOp__0 input TCU_WRAPPER_i/u_tc0/u_octect0/u_dpu_array/DPU2/dpu_fp32/mac2/multOp__0/B[17:0] is not pipelined. Pipelining DSP48 input will improve performance.
Related violations: <none>

DPIP-1#67 Warning
Input pipelining  
DSP TCU_WRAPPER_i/u_tc0/u_octect0/u_dpu_array/DPU2/dpu_fp32/mac3/multOp input TCU_WRAPPER_i/u_tc0/u_octect0/u_dpu_array/DPU2/dpu_fp32/mac3/multOp/A[29:0] is not pipelined. Pipelining DSP48 input will improve performance.
Related violations: <none>

DPIP-1#68 Warning
Input pipelining  
DSP TCU_WRAPPER_i/u_tc0/u_octect0/u_dpu_array/DPU2/dpu_fp32/mac3/multOp input TCU_WRAPPER_i/u_tc0/u_octect0/u_dpu_array/DPU2/dpu_fp32/mac3/multOp/B[17:0] is not pipelined. Pipelining DSP48 input will improve performance.
Related violations: <none>

DPIP-1#69 Warning
Input pipelining  
DSP TCU_WRAPPER_i/u_tc0/u_octect0/u_dpu_array/DPU2/dpu_fp32/mac3/multOp__0 input TCU_WRAPPER_i/u_tc0/u_octect0/u_dpu_array/DPU2/dpu_fp32/mac3/multOp__0/A[29:0] is not pipelined. Pipelining DSP48 input will improve performance.
Related violations: <none>

DPIP-1#70 Warning
Input pipelining  
DSP TCU_WRAPPER_i/u_tc0/u_octect0/u_dpu_array/DPU2/dpu_fp32/mac3/multOp__0 input TCU_WRAPPER_i/u_tc0/u_octect0/u_dpu_array/DPU2/dpu_fp32/mac3/multOp__0/B[17:0] is not pipelined. Pipelining DSP48 input will improve performance.
Related violations: <none>

DPIP-1#71 Warning
Input pipelining  
DSP TCU_WRAPPER_i/u_tc0/u_octect0/u_dpu_array/DPU2/dpu_posit32/posit32_mul0/multOp input TCU_WRAPPER_i/u_tc0/u_octect0/u_dpu_array/DPU2/dpu_posit32/posit32_mul0/multOp/A[29:0] is not pipelined. Pipelining DSP48 input will improve performance.
Related violations: <none>

DPIP-1#72 Warning
Input pipelining  
DSP TCU_WRAPPER_i/u_tc0/u_octect0/u_dpu_array/DPU2/dpu_posit32/posit32_mul0/multOp input TCU_WRAPPER_i/u_tc0/u_octect0/u_dpu_array/DPU2/dpu_posit32/posit32_mul0/multOp/B[17:0] is not pipelined. Pipelining DSP48 input will improve performance.
Related violations: <none>

DPIP-1#73 Warning
Input pipelining  
DSP TCU_WRAPPER_i/u_tc0/u_octect0/u_dpu_array/DPU2/dpu_posit32/posit32_mul0/multOp__0 input TCU_WRAPPER_i/u_tc0/u_octect0/u_dpu_array/DPU2/dpu_posit32/posit32_mul0/multOp__0/B[17:0] is not pipelined. Pipelining DSP48 input will improve performance.
Related violations: <none>

DPIP-1#74 Warning
Input pipelining  
DSP TCU_WRAPPER_i/u_tc0/u_octect0/u_dpu_array/DPU2/dpu_posit32/posit32_mul1/multOp input TCU_WRAPPER_i/u_tc0/u_octect0/u_dpu_array/DPU2/dpu_posit32/posit32_mul1/multOp/A[29:0] is not pipelined. Pipelining DSP48 input will improve performance.
Related violations: <none>

DPIP-1#75 Warning
Input pipelining  
DSP TCU_WRAPPER_i/u_tc0/u_octect0/u_dpu_array/DPU2/dpu_posit32/posit32_mul1/multOp input TCU_WRAPPER_i/u_tc0/u_octect0/u_dpu_array/DPU2/dpu_posit32/posit32_mul1/multOp/B[17:0] is not pipelined. Pipelining DSP48 input will improve performance.
Related violations: <none>

DPIP-1#76 Warning
Input pipelining  
DSP TCU_WRAPPER_i/u_tc0/u_octect0/u_dpu_array/DPU2/dpu_posit32/posit32_mul1/multOp__0 input TCU_WRAPPER_i/u_tc0/u_octect0/u_dpu_array/DPU2/dpu_posit32/posit32_mul1/multOp__0/B[17:0] is not pipelined. Pipelining DSP48 input will improve performance.
Related violations: <none>

DPIP-1#77 Warning
Input pipelining  
DSP TCU_WRAPPER_i/u_tc0/u_octect0/u_dpu_array/DPU2/dpu_posit32/posit32_mul2/multOp input TCU_WRAPPER_i/u_tc0/u_octect0/u_dpu_array/DPU2/dpu_posit32/posit32_mul2/multOp/A[29:0] is not pipelined. Pipelining DSP48 input will improve performance.
Related violations: <none>

DPIP-1#78 Warning
Input pipelining  
DSP TCU_WRAPPER_i/u_tc0/u_octect0/u_dpu_array/DPU2/dpu_posit32/posit32_mul2/multOp input TCU_WRAPPER_i/u_tc0/u_octect0/u_dpu_array/DPU2/dpu_posit32/posit32_mul2/multOp/B[17:0] is not pipelined. Pipelining DSP48 input will improve performance.
Related violations: <none>

DPIP-1#79 Warning
Input pipelining  
DSP TCU_WRAPPER_i/u_tc0/u_octect0/u_dpu_array/DPU2/dpu_posit32/posit32_mul2/multOp__0 input TCU_WRAPPER_i/u_tc0/u_octect0/u_dpu_array/DPU2/dpu_posit32/posit32_mul2/multOp__0/B[17:0] is not pipelined. Pipelining DSP48 input will improve performance.
Related violations: <none>

DPIP-1#80 Warning
Input pipelining  
DSP TCU_WRAPPER_i/u_tc0/u_octect0/u_dpu_array/DPU2/dpu_posit32/posit32_mul3/multOp input TCU_WRAPPER_i/u_tc0/u_octect0/u_dpu_array/DPU2/dpu_posit32/posit32_mul3/multOp/A[29:0] is not pipelined. Pipelining DSP48 input will improve performance.
Related violations: <none>

DPIP-1#81 Warning
Input pipelining  
DSP TCU_WRAPPER_i/u_tc0/u_octect0/u_dpu_array/DPU2/dpu_posit32/posit32_mul3/multOp input TCU_WRAPPER_i/u_tc0/u_octect0/u_dpu_array/DPU2/dpu_posit32/posit32_mul3/multOp/B[17:0] is not pipelined. Pipelining DSP48 input will improve performance.
Related violations: <none>

DPIP-1#82 Warning
Input pipelining  
DSP TCU_WRAPPER_i/u_tc0/u_octect0/u_dpu_array/DPU3/dpu_fp32/mac0/multOp input TCU_WRAPPER_i/u_tc0/u_octect0/u_dpu_array/DPU3/dpu_fp32/mac0/multOp/A[29:0] is not pipelined. Pipelining DSP48 input will improve performance.
Related violations: <none>

DPIP-1#83 Warning
Input pipelining  
DSP TCU_WRAPPER_i/u_tc0/u_octect0/u_dpu_array/DPU3/dpu_fp32/mac0/multOp input TCU_WRAPPER_i/u_tc0/u_octect0/u_dpu_array/DPU3/dpu_fp32/mac0/multOp/B[17:0] is not pipelined. Pipelining DSP48 input will improve performance.
Related violations: <none>

DPIP-1#84 Warning
Input pipelining  
DSP TCU_WRAPPER_i/u_tc0/u_octect0/u_dpu_array/DPU3/dpu_fp32/mac0/multOp__0 input TCU_WRAPPER_i/u_tc0/u_octect0/u_dpu_array/DPU3/dpu_fp32/mac0/multOp__0/A[29:0] is not pipelined. Pipelining DSP48 input will improve performance.
Related violations: <none>

DPIP-1#85 Warning
Input pipelining  
DSP TCU_WRAPPER_i/u_tc0/u_octect0/u_dpu_array/DPU3/dpu_fp32/mac0/multOp__0 input TCU_WRAPPER_i/u_tc0/u_octect0/u_dpu_array/DPU3/dpu_fp32/mac0/multOp__0/B[17:0] is not pipelined. Pipelining DSP48 input will improve performance.
Related violations: <none>

DPIP-1#86 Warning
Input pipelining  
DSP TCU_WRAPPER_i/u_tc0/u_octect0/u_dpu_array/DPU3/dpu_fp32/mac1/multOp input TCU_WRAPPER_i/u_tc0/u_octect0/u_dpu_array/DPU3/dpu_fp32/mac1/multOp/A[29:0] is not pipelined. Pipelining DSP48 input will improve performance.
Related violations: <none>

DPIP-1#87 Warning
Input pipelining  
DSP TCU_WRAPPER_i/u_tc0/u_octect0/u_dpu_array/DPU3/dpu_fp32/mac1/multOp input TCU_WRAPPER_i/u_tc0/u_octect0/u_dpu_array/DPU3/dpu_fp32/mac1/multOp/B[17:0] is not pipelined. Pipelining DSP48 input will improve performance.
Related violations: <none>

DPIP-1#88 Warning
Input pipelining  
DSP TCU_WRAPPER_i/u_tc0/u_octect0/u_dpu_array/DPU3/dpu_fp32/mac1/multOp__0 input TCU_WRAPPER_i/u_tc0/u_octect0/u_dpu_array/DPU3/dpu_fp32/mac1/multOp__0/A[29:0] is not pipelined. Pipelining DSP48 input will improve performance.
Related violations: <none>

DPIP-1#89 Warning
Input pipelining  
DSP TCU_WRAPPER_i/u_tc0/u_octect0/u_dpu_array/DPU3/dpu_fp32/mac1/multOp__0 input TCU_WRAPPER_i/u_tc0/u_octect0/u_dpu_array/DPU3/dpu_fp32/mac1/multOp__0/B[17:0] is not pipelined. Pipelining DSP48 input will improve performance.
Related violations: <none>

DPIP-1#90 Warning
Input pipelining  
DSP TCU_WRAPPER_i/u_tc0/u_octect0/u_dpu_array/DPU3/dpu_fp32/mac2/multOp input TCU_WRAPPER_i/u_tc0/u_octect0/u_dpu_array/DPU3/dpu_fp32/mac2/multOp/A[29:0] is not pipelined. Pipelining DSP48 input will improve performance.
Related violations: <none>

DPIP-1#91 Warning
Input pipelining  
DSP TCU_WRAPPER_i/u_tc0/u_octect0/u_dpu_array/DPU3/dpu_fp32/mac2/multOp input TCU_WRAPPER_i/u_tc0/u_octect0/u_dpu_array/DPU3/dpu_fp32/mac2/multOp/B[17:0] is not pipelined. Pipelining DSP48 input will improve performance.
Related violations: <none>

DPIP-1#92 Warning
Input pipelining  
DSP TCU_WRAPPER_i/u_tc0/u_octect0/u_dpu_array/DPU3/dpu_fp32/mac2/multOp__0 input TCU_WRAPPER_i/u_tc0/u_octect0/u_dpu_array/DPU3/dpu_fp32/mac2/multOp__0/A[29:0] is not pipelined. Pipelining DSP48 input will improve performance.
Related violations: <none>

DPIP-1#93 Warning
Input pipelining  
DSP TCU_WRAPPER_i/u_tc0/u_octect0/u_dpu_array/DPU3/dpu_fp32/mac2/multOp__0 input TCU_WRAPPER_i/u_tc0/u_octect0/u_dpu_array/DPU3/dpu_fp32/mac2/multOp__0/B[17:0] is not pipelined. Pipelining DSP48 input will improve performance.
Related violations: <none>

DPIP-1#94 Warning
Input pipelining  
DSP TCU_WRAPPER_i/u_tc0/u_octect0/u_dpu_array/DPU3/dpu_fp32/mac3/multOp input TCU_WRAPPER_i/u_tc0/u_octect0/u_dpu_array/DPU3/dpu_fp32/mac3/multOp/A[29:0] is not pipelined. Pipelining DSP48 input will improve performance.
Related violations: <none>

DPIP-1#95 Warning
Input pipelining  
DSP TCU_WRAPPER_i/u_tc0/u_octect0/u_dpu_array/DPU3/dpu_fp32/mac3/multOp input TCU_WRAPPER_i/u_tc0/u_octect0/u_dpu_array/DPU3/dpu_fp32/mac3/multOp/B[17:0] is not pipelined. Pipelining DSP48 input will improve performance.
Related violations: <none>

DPIP-1#96 Warning
Input pipelining  
DSP TCU_WRAPPER_i/u_tc0/u_octect0/u_dpu_array/DPU3/dpu_fp32/mac3/multOp__0 input TCU_WRAPPER_i/u_tc0/u_octect0/u_dpu_array/DPU3/dpu_fp32/mac3/multOp__0/A[29:0] is not pipelined. Pipelining DSP48 input will improve performance.
Related violations: <none>

DPIP-1#97 Warning
Input pipelining  
DSP TCU_WRAPPER_i/u_tc0/u_octect0/u_dpu_array/DPU3/dpu_fp32/mac3/multOp__0 input TCU_WRAPPER_i/u_tc0/u_octect0/u_dpu_array/DPU3/dpu_fp32/mac3/multOp__0/B[17:0] is not pipelined. Pipelining DSP48 input will improve performance.
Related violations: <none>

DPIP-1#98 Warning
Input pipelining  
DSP TCU_WRAPPER_i/u_tc0/u_octect0/u_dpu_array/DPU3/dpu_posit32/posit32_mul0/multOp input TCU_WRAPPER_i/u_tc0/u_octect0/u_dpu_array/DPU3/dpu_posit32/posit32_mul0/multOp/A[29:0] is not pipelined. Pipelining DSP48 input will improve performance.
Related violations: <none>

DPIP-1#99 Warning
Input pipelining  
DSP TCU_WRAPPER_i/u_tc0/u_octect0/u_dpu_array/DPU3/dpu_posit32/posit32_mul0/multOp input TCU_WRAPPER_i/u_tc0/u_octect0/u_dpu_array/DPU3/dpu_posit32/posit32_mul0/multOp/B[17:0] is not pipelined. Pipelining DSP48 input will improve performance.
Related violations: <none>

DPIP-1#100 Warning
Input pipelining  
DSP TCU_WRAPPER_i/u_tc0/u_octect0/u_dpu_array/DPU3/dpu_posit32/posit32_mul0/multOp__0 input TCU_WRAPPER_i/u_tc0/u_octect0/u_dpu_array/DPU3/dpu_posit32/posit32_mul0/multOp__0/B[17:0] is not pipelined. Pipelining DSP48 input will improve performance.
Related violations: <none>

DPIP-1#101 Warning
Input pipelining  
DSP TCU_WRAPPER_i/u_tc0/u_octect0/u_dpu_array/DPU3/dpu_posit32/posit32_mul1/multOp input TCU_WRAPPER_i/u_tc0/u_octect0/u_dpu_array/DPU3/dpu_posit32/posit32_mul1/multOp/A[29:0] is not pipelined. Pipelining DSP48 input will improve performance.
Related violations: <none>

DPIP-1#102 Warning
Input pipelining  
DSP TCU_WRAPPER_i/u_tc0/u_octect0/u_dpu_array/DPU3/dpu_posit32/posit32_mul1/multOp input TCU_WRAPPER_i/u_tc0/u_octect0/u_dpu_array/DPU3/dpu_posit32/posit32_mul1/multOp/B[17:0] is not pipelined. Pipelining DSP48 input will improve performance.
Related violations: <none>

DPIP-1#103 Warning
Input pipelining  
DSP TCU_WRAPPER_i/u_tc0/u_octect0/u_dpu_array/DPU3/dpu_posit32/posit32_mul1/multOp__0 input TCU_WRAPPER_i/u_tc0/u_octect0/u_dpu_array/DPU3/dpu_posit32/posit32_mul1/multOp__0/B[17:0] is not pipelined. Pipelining DSP48 input will improve performance.
Related violations: <none>

DPIP-1#104 Warning
Input pipelining  
DSP TCU_WRAPPER_i/u_tc0/u_octect0/u_dpu_array/DPU3/dpu_posit32/posit32_mul2/multOp input TCU_WRAPPER_i/u_tc0/u_octect0/u_dpu_array/DPU3/dpu_posit32/posit32_mul2/multOp/A[29:0] is not pipelined. Pipelining DSP48 input will improve performance.
Related violations: <none>

DPIP-1#105 Warning
Input pipelining  
DSP TCU_WRAPPER_i/u_tc0/u_octect0/u_dpu_array/DPU3/dpu_posit32/posit32_mul2/multOp input TCU_WRAPPER_i/u_tc0/u_octect0/u_dpu_array/DPU3/dpu_posit32/posit32_mul2/multOp/B[17:0] is not pipelined. Pipelining DSP48 input will improve performance.
Related violations: <none>

DPIP-1#106 Warning
Input pipelining  
DSP TCU_WRAPPER_i/u_tc0/u_octect0/u_dpu_array/DPU3/dpu_posit32/posit32_mul2/multOp__0 input TCU_WRAPPER_i/u_tc0/u_octect0/u_dpu_array/DPU3/dpu_posit32/posit32_mul2/multOp__0/B[17:0] is not pipelined. Pipelining DSP48 input will improve performance.
Related violations: <none>

DPIP-1#107 Warning
Input pipelining  
DSP TCU_WRAPPER_i/u_tc0/u_octect0/u_dpu_array/DPU3/dpu_posit32/posit32_mul3/multOp input TCU_WRAPPER_i/u_tc0/u_octect0/u_dpu_array/DPU3/dpu_posit32/posit32_mul3/multOp/A[29:0] is not pipelined. Pipelining DSP48 input will improve performance.
Related violations: <none>

DPIP-1#108 Warning
Input pipelining  
DSP TCU_WRAPPER_i/u_tc0/u_octect0/u_dpu_array/DPU3/dpu_posit32/posit32_mul3/multOp input TCU_WRAPPER_i/u_tc0/u_octect0/u_dpu_array/DPU3/dpu_posit32/posit32_mul3/multOp/B[17:0] is not pipelined. Pipelining DSP48 input will improve performance.
Related violations: <none>

DPIP-1#109 Warning
Input pipelining  
DSP TCU_WRAPPER_i/u_tc0/u_octect0/u_dpu_array/DPU4/dpu_fp32/mac0/multOp input TCU_WRAPPER_i/u_tc0/u_octect0/u_dpu_array/DPU4/dpu_fp32/mac0/multOp/A[29:0] is not pipelined. Pipelining DSP48 input will improve performance.
Related violations: <none>

DPIP-1#110 Warning
Input pipelining  
DSP TCU_WRAPPER_i/u_tc0/u_octect0/u_dpu_array/DPU4/dpu_fp32/mac0/multOp input TCU_WRAPPER_i/u_tc0/u_octect0/u_dpu_array/DPU4/dpu_fp32/mac0/multOp/B[17:0] is not pipelined. Pipelining DSP48 input will improve performance.
Related violations: <none>

DPIP-1#111 Warning
Input pipelining  
DSP TCU_WRAPPER_i/u_tc0/u_octect0/u_dpu_array/DPU4/dpu_fp32/mac0/multOp__0 input TCU_WRAPPER_i/u_tc0/u_octect0/u_dpu_array/DPU4/dpu_fp32/mac0/multOp__0/A[29:0] is not pipelined. Pipelining DSP48 input will improve performance.
Related violations: <none>

DPIP-1#112 Warning
Input pipelining  
DSP TCU_WRAPPER_i/u_tc0/u_octect0/u_dpu_array/DPU4/dpu_fp32/mac0/multOp__0 input TCU_WRAPPER_i/u_tc0/u_octect0/u_dpu_array/DPU4/dpu_fp32/mac0/multOp__0/B[17:0] is not pipelined. Pipelining DSP48 input will improve performance.
Related violations: <none>

DPIP-1#113 Warning
Input pipelining  
DSP TCU_WRAPPER_i/u_tc0/u_octect0/u_dpu_array/DPU4/dpu_fp32/mac1/multOp input TCU_WRAPPER_i/u_tc0/u_octect0/u_dpu_array/DPU4/dpu_fp32/mac1/multOp/A[29:0] is not pipelined. Pipelining DSP48 input will improve performance.
Related violations: <none>

DPIP-1#114 Warning
Input pipelining  
DSP TCU_WRAPPER_i/u_tc0/u_octect0/u_dpu_array/DPU4/dpu_fp32/mac1/multOp input TCU_WRAPPER_i/u_tc0/u_octect0/u_dpu_array/DPU4/dpu_fp32/mac1/multOp/B[17:0] is not pipelined. Pipelining DSP48 input will improve performance.
Related violations: <none>

DPIP-1#115 Warning
Input pipelining  
DSP TCU_WRAPPER_i/u_tc0/u_octect0/u_dpu_array/DPU4/dpu_fp32/mac1/multOp__0 input TCU_WRAPPER_i/u_tc0/u_octect0/u_dpu_array/DPU4/dpu_fp32/mac1/multOp__0/A[29:0] is not pipelined. Pipelining DSP48 input will improve performance.
Related violations: <none>

DPIP-1#116 Warning
Input pipelining  
DSP TCU_WRAPPER_i/u_tc0/u_octect0/u_dpu_array/DPU4/dpu_fp32/mac1/multOp__0 input TCU_WRAPPER_i/u_tc0/u_octect0/u_dpu_array/DPU4/dpu_fp32/mac1/multOp__0/B[17:0] is not pipelined. Pipelining DSP48 input will improve performance.
Related violations: <none>

DPIP-1#117 Warning
Input pipelining  
DSP TCU_WRAPPER_i/u_tc0/u_octect0/u_dpu_array/DPU4/dpu_fp32/mac2/multOp input TCU_WRAPPER_i/u_tc0/u_octect0/u_dpu_array/DPU4/dpu_fp32/mac2/multOp/A[29:0] is not pipelined. Pipelining DSP48 input will improve performance.
Related violations: <none>

DPIP-1#118 Warning
Input pipelining  
DSP TCU_WRAPPER_i/u_tc0/u_octect0/u_dpu_array/DPU4/dpu_fp32/mac2/multOp input TCU_WRAPPER_i/u_tc0/u_octect0/u_dpu_array/DPU4/dpu_fp32/mac2/multOp/B[17:0] is not pipelined. Pipelining DSP48 input will improve performance.
Related violations: <none>

DPIP-1#119 Warning
Input pipelining  
DSP TCU_WRAPPER_i/u_tc0/u_octect0/u_dpu_array/DPU4/dpu_fp32/mac2/multOp__0 input TCU_WRAPPER_i/u_tc0/u_octect0/u_dpu_array/DPU4/dpu_fp32/mac2/multOp__0/A[29:0] is not pipelined. Pipelining DSP48 input will improve performance.
Related violations: <none>

DPIP-1#120 Warning
Input pipelining  
DSP TCU_WRAPPER_i/u_tc0/u_octect0/u_dpu_array/DPU4/dpu_fp32/mac2/multOp__0 input TCU_WRAPPER_i/u_tc0/u_octect0/u_dpu_array/DPU4/dpu_fp32/mac2/multOp__0/B[17:0] is not pipelined. Pipelining DSP48 input will improve performance.
Related violations: <none>

DPIP-1#121 Warning
Input pipelining  
DSP TCU_WRAPPER_i/u_tc0/u_octect0/u_dpu_array/DPU4/dpu_fp32/mac3/multOp input TCU_WRAPPER_i/u_tc0/u_octect0/u_dpu_array/DPU4/dpu_fp32/mac3/multOp/A[29:0] is not pipelined. Pipelining DSP48 input will improve performance.
Related violations: <none>

DPIP-1#122 Warning
Input pipelining  
DSP TCU_WRAPPER_i/u_tc0/u_octect0/u_dpu_array/DPU4/dpu_fp32/mac3/multOp input TCU_WRAPPER_i/u_tc0/u_octect0/u_dpu_array/DPU4/dpu_fp32/mac3/multOp/B[17:0] is not pipelined. Pipelining DSP48 input will improve performance.
Related violations: <none>

DPIP-1#123 Warning
Input pipelining  
DSP TCU_WRAPPER_i/u_tc0/u_octect0/u_dpu_array/DPU4/dpu_fp32/mac3/multOp__0 input TCU_WRAPPER_i/u_tc0/u_octect0/u_dpu_array/DPU4/dpu_fp32/mac3/multOp__0/A[29:0] is not pipelined. Pipelining DSP48 input will improve performance.
Related violations: <none>

DPIP-1#124 Warning
Input pipelining  
DSP TCU_WRAPPER_i/u_tc0/u_octect0/u_dpu_array/DPU4/dpu_fp32/mac3/multOp__0 input TCU_WRAPPER_i/u_tc0/u_octect0/u_dpu_array/DPU4/dpu_fp32/mac3/multOp__0/B[17:0] is not pipelined. Pipelining DSP48 input will improve performance.
Related violations: <none>

DPIP-1#125 Warning
Input pipelining  
DSP TCU_WRAPPER_i/u_tc0/u_octect0/u_dpu_array/DPU4/dpu_posit32/posit32_mul0/multOp input TCU_WRAPPER_i/u_tc0/u_octect0/u_dpu_array/DPU4/dpu_posit32/posit32_mul0/multOp/A[29:0] is not pipelined. Pipelining DSP48 input will improve performance.
Related violations: <none>

DPIP-1#126 Warning
Input pipelining  
DSP TCU_WRAPPER_i/u_tc0/u_octect0/u_dpu_array/DPU4/dpu_posit32/posit32_mul0/multOp input TCU_WRAPPER_i/u_tc0/u_octect0/u_dpu_array/DPU4/dpu_posit32/posit32_mul0/multOp/B[17:0] is not pipelined. Pipelining DSP48 input will improve performance.
Related violations: <none>

DPIP-1#127 Warning
Input pipelining  
DSP TCU_WRAPPER_i/u_tc0/u_octect0/u_dpu_array/DPU4/dpu_posit32/posit32_mul0/multOp__0 input TCU_WRAPPER_i/u_tc0/u_octect0/u_dpu_array/DPU4/dpu_posit32/posit32_mul0/multOp__0/B[17:0] is not pipelined. Pipelining DSP48 input will improve performance.
Related violations: <none>

DPIP-1#128 Warning
Input pipelining  
DSP TCU_WRAPPER_i/u_tc0/u_octect0/u_dpu_array/DPU4/dpu_posit32/posit32_mul1/multOp input TCU_WRAPPER_i/u_tc0/u_octect0/u_dpu_array/DPU4/dpu_posit32/posit32_mul1/multOp/A[29:0] is not pipelined. Pipelining DSP48 input will improve performance.
Related violations: <none>

DPIP-1#129 Warning
Input pipelining  
DSP TCU_WRAPPER_i/u_tc0/u_octect0/u_dpu_array/DPU4/dpu_posit32/posit32_mul1/multOp input TCU_WRAPPER_i/u_tc0/u_octect0/u_dpu_array/DPU4/dpu_posit32/posit32_mul1/multOp/B[17:0] is not pipelined. Pipelining DSP48 input will improve performance.
Related violations: <none>

DPIP-1#130 Warning
Input pipelining  
DSP TCU_WRAPPER_i/u_tc0/u_octect0/u_dpu_array/DPU4/dpu_posit32/posit32_mul1/multOp__0 input TCU_WRAPPER_i/u_tc0/u_octect0/u_dpu_array/DPU4/dpu_posit32/posit32_mul1/multOp__0/B[17:0] is not pipelined. Pipelining DSP48 input will improve performance.
Related violations: <none>

DPIP-1#131 Warning
Input pipelining  
DSP TCU_WRAPPER_i/u_tc0/u_octect0/u_dpu_array/DPU4/dpu_posit32/posit32_mul2/multOp input TCU_WRAPPER_i/u_tc0/u_octect0/u_dpu_array/DPU4/dpu_posit32/posit32_mul2/multOp/A[29:0] is not pipelined. Pipelining DSP48 input will improve performance.
Related violations: <none>

DPIP-1#132 Warning
Input pipelining  
DSP TCU_WRAPPER_i/u_tc0/u_octect0/u_dpu_array/DPU4/dpu_posit32/posit32_mul2/multOp input TCU_WRAPPER_i/u_tc0/u_octect0/u_dpu_array/DPU4/dpu_posit32/posit32_mul2/multOp/B[17:0] is not pipelined. Pipelining DSP48 input will improve performance.
Related violations: <none>

DPIP-1#133 Warning
Input pipelining  
DSP TCU_WRAPPER_i/u_tc0/u_octect0/u_dpu_array/DPU4/dpu_posit32/posit32_mul2/multOp__0 input TCU_WRAPPER_i/u_tc0/u_octect0/u_dpu_array/DPU4/dpu_posit32/posit32_mul2/multOp__0/B[17:0] is not pipelined. Pipelining DSP48 input will improve performance.
Related violations: <none>

DPIP-1#134 Warning
Input pipelining  
DSP TCU_WRAPPER_i/u_tc0/u_octect0/u_dpu_array/DPU4/dpu_posit32/posit32_mul3/multOp input TCU_WRAPPER_i/u_tc0/u_octect0/u_dpu_array/DPU4/dpu_posit32/posit32_mul3/multOp/A[29:0] is not pipelined. Pipelining DSP48 input will improve performance.
Related violations: <none>

DPIP-1#135 Warning
Input pipelining  
DSP TCU_WRAPPER_i/u_tc0/u_octect0/u_dpu_array/DPU4/dpu_posit32/posit32_mul3/multOp input TCU_WRAPPER_i/u_tc0/u_octect0/u_dpu_array/DPU4/dpu_posit32/posit32_mul3/multOp/B[17:0] is not pipelined. Pipelining DSP48 input will improve performance.
Related violations: <none>

DPIP-1#136 Warning
Input pipelining  
DSP TCU_WRAPPER_i/u_tc0/u_octect0/u_dpu_array/DPU5/dpu_fp32/mac0/multOp input TCU_WRAPPER_i/u_tc0/u_octect0/u_dpu_array/DPU5/dpu_fp32/mac0/multOp/A[29:0] is not pipelined. Pipelining DSP48 input will improve performance.
Related violations: <none>

DPIP-1#137 Warning
Input pipelining  
DSP TCU_WRAPPER_i/u_tc0/u_octect0/u_dpu_array/DPU5/dpu_fp32/mac0/multOp input TCU_WRAPPER_i/u_tc0/u_octect0/u_dpu_array/DPU5/dpu_fp32/mac0/multOp/B[17:0] is not pipelined. Pipelining DSP48 input will improve performance.
Related violations: <none>

DPIP-1#138 Warning
Input pipelining  
DSP TCU_WRAPPER_i/u_tc0/u_octect0/u_dpu_array/DPU5/dpu_fp32/mac0/multOp__0 input TCU_WRAPPER_i/u_tc0/u_octect0/u_dpu_array/DPU5/dpu_fp32/mac0/multOp__0/A[29:0] is not pipelined. Pipelining DSP48 input will improve performance.
Related violations: <none>

DPIP-1#139 Warning
Input pipelining  
DSP TCU_WRAPPER_i/u_tc0/u_octect0/u_dpu_array/DPU5/dpu_fp32/mac0/multOp__0 input TCU_WRAPPER_i/u_tc0/u_octect0/u_dpu_array/DPU5/dpu_fp32/mac0/multOp__0/B[17:0] is not pipelined. Pipelining DSP48 input will improve performance.
Related violations: <none>

DPIP-1#140 Warning
Input pipelining  
DSP TCU_WRAPPER_i/u_tc0/u_octect0/u_dpu_array/DPU5/dpu_fp32/mac1/multOp input TCU_WRAPPER_i/u_tc0/u_octect0/u_dpu_array/DPU5/dpu_fp32/mac1/multOp/A[29:0] is not pipelined. Pipelining DSP48 input will improve performance.
Related violations: <none>

DPIP-1#141 Warning
Input pipelining  
DSP TCU_WRAPPER_i/u_tc0/u_octect0/u_dpu_array/DPU5/dpu_fp32/mac1/multOp input TCU_WRAPPER_i/u_tc0/u_octect0/u_dpu_array/DPU5/dpu_fp32/mac1/multOp/B[17:0] is not pipelined. Pipelining DSP48 input will improve performance.
Related violations: <none>

DPIP-1#142 Warning
Input pipelining  
DSP TCU_WRAPPER_i/u_tc0/u_octect0/u_dpu_array/DPU5/dpu_fp32/mac1/multOp__0 input TCU_WRAPPER_i/u_tc0/u_octect0/u_dpu_array/DPU5/dpu_fp32/mac1/multOp__0/A[29:0] is not pipelined. Pipelining DSP48 input will improve performance.
Related violations: <none>

DPIP-1#143 Warning
Input pipelining  
DSP TCU_WRAPPER_i/u_tc0/u_octect0/u_dpu_array/DPU5/dpu_fp32/mac1/multOp__0 input TCU_WRAPPER_i/u_tc0/u_octect0/u_dpu_array/DPU5/dpu_fp32/mac1/multOp__0/B[17:0] is not pipelined. Pipelining DSP48 input will improve performance.
Related violations: <none>

DPIP-1#144 Warning
Input pipelining  
DSP TCU_WRAPPER_i/u_tc0/u_octect0/u_dpu_array/DPU5/dpu_fp32/mac2/multOp input TCU_WRAPPER_i/u_tc0/u_octect0/u_dpu_array/DPU5/dpu_fp32/mac2/multOp/A[29:0] is not pipelined. Pipelining DSP48 input will improve performance.
Related violations: <none>

DPIP-1#145 Warning
Input pipelining  
DSP TCU_WRAPPER_i/u_tc0/u_octect0/u_dpu_array/DPU5/dpu_fp32/mac2/multOp input TCU_WRAPPER_i/u_tc0/u_octect0/u_dpu_array/DPU5/dpu_fp32/mac2/multOp/B[17:0] is not pipelined. Pipelining DSP48 input will improve performance.
Related violations: <none>

DPIP-1#146 Warning
Input pipelining  
DSP TCU_WRAPPER_i/u_tc0/u_octect0/u_dpu_array/DPU5/dpu_fp32/mac2/multOp__0 input TCU_WRAPPER_i/u_tc0/u_octect0/u_dpu_array/DPU5/dpu_fp32/mac2/multOp__0/A[29:0] is not pipelined. Pipelining DSP48 input will improve performance.
Related violations: <none>

DPIP-1#147 Warning
Input pipelining  
DSP TCU_WRAPPER_i/u_tc0/u_octect0/u_dpu_array/DPU5/dpu_fp32/mac2/multOp__0 input TCU_WRAPPER_i/u_tc0/u_octect0/u_dpu_array/DPU5/dpu_fp32/mac2/multOp__0/B[17:0] is not pipelined. Pipelining DSP48 input will improve performance.
Related violations: <none>

DPIP-1#148 Warning
Input pipelining  
DSP TCU_WRAPPER_i/u_tc0/u_octect0/u_dpu_array/DPU5/dpu_fp32/mac3/multOp input TCU_WRAPPER_i/u_tc0/u_octect0/u_dpu_array/DPU5/dpu_fp32/mac3/multOp/A[29:0] is not pipelined. Pipelining DSP48 input will improve performance.
Related violations: <none>

DPIP-1#149 Warning
Input pipelining  
DSP TCU_WRAPPER_i/u_tc0/u_octect0/u_dpu_array/DPU5/dpu_fp32/mac3/multOp input TCU_WRAPPER_i/u_tc0/u_octect0/u_dpu_array/DPU5/dpu_fp32/mac3/multOp/B[17:0] is not pipelined. Pipelining DSP48 input will improve performance.
Related violations: <none>

DPIP-1#150 Warning
Input pipelining  
DSP TCU_WRAPPER_i/u_tc0/u_octect0/u_dpu_array/DPU5/dpu_fp32/mac3/multOp__0 input TCU_WRAPPER_i/u_tc0/u_octect0/u_dpu_array/DPU5/dpu_fp32/mac3/multOp__0/A[29:0] is not pipelined. Pipelining DSP48 input will improve performance.
Related violations: <none>

DPIP-1#151 Warning
Input pipelining  
DSP TCU_WRAPPER_i/u_tc0/u_octect0/u_dpu_array/DPU5/dpu_fp32/mac3/multOp__0 input TCU_WRAPPER_i/u_tc0/u_octect0/u_dpu_array/DPU5/dpu_fp32/mac3/multOp__0/B[17:0] is not pipelined. Pipelining DSP48 input will improve performance.
Related violations: <none>

DPIP-1#152 Warning
Input pipelining  
DSP TCU_WRAPPER_i/u_tc0/u_octect0/u_dpu_array/DPU5/dpu_posit32/posit32_mul0/multOp input TCU_WRAPPER_i/u_tc0/u_octect0/u_dpu_array/DPU5/dpu_posit32/posit32_mul0/multOp/A[29:0] is not pipelined. Pipelining DSP48 input will improve performance.
Related violations: <none>

DPIP-1#153 Warning
Input pipelining  
DSP TCU_WRAPPER_i/u_tc0/u_octect0/u_dpu_array/DPU5/dpu_posit32/posit32_mul0/multOp input TCU_WRAPPER_i/u_tc0/u_octect0/u_dpu_array/DPU5/dpu_posit32/posit32_mul0/multOp/B[17:0] is not pipelined. Pipelining DSP48 input will improve performance.
Related violations: <none>

DPIP-1#154 Warning
Input pipelining  
DSP TCU_WRAPPER_i/u_tc0/u_octect0/u_dpu_array/DPU5/dpu_posit32/posit32_mul0/multOp__0 input TCU_WRAPPER_i/u_tc0/u_octect0/u_dpu_array/DPU5/dpu_posit32/posit32_mul0/multOp__0/B[17:0] is not pipelined. Pipelining DSP48 input will improve performance.
Related violations: <none>

DPIP-1#155 Warning
Input pipelining  
DSP TCU_WRAPPER_i/u_tc0/u_octect0/u_dpu_array/DPU5/dpu_posit32/posit32_mul1/multOp input TCU_WRAPPER_i/u_tc0/u_octect0/u_dpu_array/DPU5/dpu_posit32/posit32_mul1/multOp/A[29:0] is not pipelined. Pipelining DSP48 input will improve performance.
Related violations: <none>

DPIP-1#156 Warning
Input pipelining  
DSP TCU_WRAPPER_i/u_tc0/u_octect0/u_dpu_array/DPU5/dpu_posit32/posit32_mul1/multOp input TCU_WRAPPER_i/u_tc0/u_octect0/u_dpu_array/DPU5/dpu_posit32/posit32_mul1/multOp/B[17:0] is not pipelined. Pipelining DSP48 input will improve performance.
Related violations: <none>

DPIP-1#157 Warning
Input pipelining  
DSP TCU_WRAPPER_i/u_tc0/u_octect0/u_dpu_array/DPU5/dpu_posit32/posit32_mul1/multOp__0 input TCU_WRAPPER_i/u_tc0/u_octect0/u_dpu_array/DPU5/dpu_posit32/posit32_mul1/multOp__0/B[17:0] is not pipelined. Pipelining DSP48 input will improve performance.
Related violations: <none>

DPIP-1#158 Warning
Input pipelining  
DSP TCU_WRAPPER_i/u_tc0/u_octect0/u_dpu_array/DPU5/dpu_posit32/posit32_mul2/multOp input TCU_WRAPPER_i/u_tc0/u_octect0/u_dpu_array/DPU5/dpu_posit32/posit32_mul2/multOp/A[29:0] is not pipelined. Pipelining DSP48 input will improve performance.
Related violations: <none>

DPIP-1#159 Warning
Input pipelining  
DSP TCU_WRAPPER_i/u_tc0/u_octect0/u_dpu_array/DPU5/dpu_posit32/posit32_mul2/multOp input TCU_WRAPPER_i/u_tc0/u_octect0/u_dpu_array/DPU5/dpu_posit32/posit32_mul2/multOp/B[17:0] is not pipelined. Pipelining DSP48 input will improve performance.
Related violations: <none>

DPIP-1#160 Warning
Input pipelining  
DSP TCU_WRAPPER_i/u_tc0/u_octect0/u_dpu_array/DPU5/dpu_posit32/posit32_mul2/multOp__0 input TCU_WRAPPER_i/u_tc0/u_octect0/u_dpu_array/DPU5/dpu_posit32/posit32_mul2/multOp__0/B[17:0] is not pipelined. Pipelining DSP48 input will improve performance.
Related violations: <none>

DPIP-1#161 Warning
Input pipelining  
DSP TCU_WRAPPER_i/u_tc0/u_octect0/u_dpu_array/DPU5/dpu_posit32/posit32_mul3/multOp input TCU_WRAPPER_i/u_tc0/u_octect0/u_dpu_array/DPU5/dpu_posit32/posit32_mul3/multOp/A[29:0] is not pipelined. Pipelining DSP48 input will improve performance.
Related violations: <none>

DPIP-1#162 Warning
Input pipelining  
DSP TCU_WRAPPER_i/u_tc0/u_octect0/u_dpu_array/DPU5/dpu_posit32/posit32_mul3/multOp input TCU_WRAPPER_i/u_tc0/u_octect0/u_dpu_array/DPU5/dpu_posit32/posit32_mul3/multOp/B[17:0] is not pipelined. Pipelining DSP48 input will improve performance.
Related violations: <none>

DPIP-1#163 Warning
Input pipelining  
DSP TCU_WRAPPER_i/u_tc0/u_octect0/u_dpu_array/DPU6/dpu_fp32/mac0/multOp input TCU_WRAPPER_i/u_tc0/u_octect0/u_dpu_array/DPU6/dpu_fp32/mac0/multOp/A[29:0] is not pipelined. Pipelining DSP48 input will improve performance.
Related violations: <none>

DPIP-1#164 Warning
Input pipelining  
DSP TCU_WRAPPER_i/u_tc0/u_octect0/u_dpu_array/DPU6/dpu_fp32/mac0/multOp input TCU_WRAPPER_i/u_tc0/u_octect0/u_dpu_array/DPU6/dpu_fp32/mac0/multOp/B[17:0] is not pipelined. Pipelining DSP48 input will improve performance.
Related violations: <none>

DPIP-1#165 Warning
Input pipelining  
DSP TCU_WRAPPER_i/u_tc0/u_octect0/u_dpu_array/DPU6/dpu_fp32/mac0/multOp__0 input TCU_WRAPPER_i/u_tc0/u_octect0/u_dpu_array/DPU6/dpu_fp32/mac0/multOp__0/A[29:0] is not pipelined. Pipelining DSP48 input will improve performance.
Related violations: <none>

DPIP-1#166 Warning
Input pipelining  
DSP TCU_WRAPPER_i/u_tc0/u_octect0/u_dpu_array/DPU6/dpu_fp32/mac0/multOp__0 input TCU_WRAPPER_i/u_tc0/u_octect0/u_dpu_array/DPU6/dpu_fp32/mac0/multOp__0/B[17:0] is not pipelined. Pipelining DSP48 input will improve performance.
Related violations: <none>

DPIP-1#167 Warning
Input pipelining  
DSP TCU_WRAPPER_i/u_tc0/u_octect0/u_dpu_array/DPU6/dpu_fp32/mac1/multOp input TCU_WRAPPER_i/u_tc0/u_octect0/u_dpu_array/DPU6/dpu_fp32/mac1/multOp/A[29:0] is not pipelined. Pipelining DSP48 input will improve performance.
Related violations: <none>

DPIP-1#168 Warning
Input pipelining  
DSP TCU_WRAPPER_i/u_tc0/u_octect0/u_dpu_array/DPU6/dpu_fp32/mac1/multOp input TCU_WRAPPER_i/u_tc0/u_octect0/u_dpu_array/DPU6/dpu_fp32/mac1/multOp/B[17:0] is not pipelined. Pipelining DSP48 input will improve performance.
Related violations: <none>

DPIP-1#169 Warning
Input pipelining  
DSP TCU_WRAPPER_i/u_tc0/u_octect0/u_dpu_array/DPU6/dpu_fp32/mac1/multOp__0 input TCU_WRAPPER_i/u_tc0/u_octect0/u_dpu_array/DPU6/dpu_fp32/mac1/multOp__0/A[29:0] is not pipelined. Pipelining DSP48 input will improve performance.
Related violations: <none>

DPIP-1#170 Warning
Input pipelining  
DSP TCU_WRAPPER_i/u_tc0/u_octect0/u_dpu_array/DPU6/dpu_fp32/mac1/multOp__0 input TCU_WRAPPER_i/u_tc0/u_octect0/u_dpu_array/DPU6/dpu_fp32/mac1/multOp__0/B[17:0] is not pipelined. Pipelining DSP48 input will improve performance.
Related violations: <none>

DPIP-1#171 Warning
Input pipelining  
DSP TCU_WRAPPER_i/u_tc0/u_octect0/u_dpu_array/DPU6/dpu_fp32/mac2/multOp input TCU_WRAPPER_i/u_tc0/u_octect0/u_dpu_array/DPU6/dpu_fp32/mac2/multOp/A[29:0] is not pipelined. Pipelining DSP48 input will improve performance.
Related violations: <none>

DPIP-1#172 Warning
Input pipelining  
DSP TCU_WRAPPER_i/u_tc0/u_octect0/u_dpu_array/DPU6/dpu_fp32/mac2/multOp input TCU_WRAPPER_i/u_tc0/u_octect0/u_dpu_array/DPU6/dpu_fp32/mac2/multOp/B[17:0] is not pipelined. Pipelining DSP48 input will improve performance.
Related violations: <none>

DPIP-1#173 Warning
Input pipelining  
DSP TCU_WRAPPER_i/u_tc0/u_octect0/u_dpu_array/DPU6/dpu_fp32/mac2/multOp__0 input TCU_WRAPPER_i/u_tc0/u_octect0/u_dpu_array/DPU6/dpu_fp32/mac2/multOp__0/A[29:0] is not pipelined. Pipelining DSP48 input will improve performance.
Related violations: <none>

DPIP-1#174 Warning
Input pipelining  
DSP TCU_WRAPPER_i/u_tc0/u_octect0/u_dpu_array/DPU6/dpu_fp32/mac2/multOp__0 input TCU_WRAPPER_i/u_tc0/u_octect0/u_dpu_array/DPU6/dpu_fp32/mac2/multOp__0/B[17:0] is not pipelined. Pipelining DSP48 input will improve performance.
Related violations: <none>

DPIP-1#175 Warning
Input pipelining  
DSP TCU_WRAPPER_i/u_tc0/u_octect0/u_dpu_array/DPU6/dpu_fp32/mac3/multOp input TCU_WRAPPER_i/u_tc0/u_octect0/u_dpu_array/DPU6/dpu_fp32/mac3/multOp/A[29:0] is not pipelined. Pipelining DSP48 input will improve performance.
Related violations: <none>

DPIP-1#176 Warning
Input pipelining  
DSP TCU_WRAPPER_i/u_tc0/u_octect0/u_dpu_array/DPU6/dpu_fp32/mac3/multOp input TCU_WRAPPER_i/u_tc0/u_octect0/u_dpu_array/DPU6/dpu_fp32/mac3/multOp/B[17:0] is not pipelined. Pipelining DSP48 input will improve performance.
Related violations: <none>

DPIP-1#177 Warning
Input pipelining  
DSP TCU_WRAPPER_i/u_tc0/u_octect0/u_dpu_array/DPU6/dpu_fp32/mac3/multOp__0 input TCU_WRAPPER_i/u_tc0/u_octect0/u_dpu_array/DPU6/dpu_fp32/mac3/multOp__0/A[29:0] is not pipelined. Pipelining DSP48 input will improve performance.
Related violations: <none>

DPIP-1#178 Warning
Input pipelining  
DSP TCU_WRAPPER_i/u_tc0/u_octect0/u_dpu_array/DPU6/dpu_fp32/mac3/multOp__0 input TCU_WRAPPER_i/u_tc0/u_octect0/u_dpu_array/DPU6/dpu_fp32/mac3/multOp__0/B[17:0] is not pipelined. Pipelining DSP48 input will improve performance.
Related violations: <none>

DPIP-1#179 Warning
Input pipelining  
DSP TCU_WRAPPER_i/u_tc0/u_octect0/u_dpu_array/DPU6/dpu_posit32/posit32_mul0/multOp input TCU_WRAPPER_i/u_tc0/u_octect0/u_dpu_array/DPU6/dpu_posit32/posit32_mul0/multOp/A[29:0] is not pipelined. Pipelining DSP48 input will improve performance.
Related violations: <none>

DPIP-1#180 Warning
Input pipelining  
DSP TCU_WRAPPER_i/u_tc0/u_octect0/u_dpu_array/DPU6/dpu_posit32/posit32_mul0/multOp input TCU_WRAPPER_i/u_tc0/u_octect0/u_dpu_array/DPU6/dpu_posit32/posit32_mul0/multOp/B[17:0] is not pipelined. Pipelining DSP48 input will improve performance.
Related violations: <none>

DPIP-1#181 Warning
Input pipelining  
DSP TCU_WRAPPER_i/u_tc0/u_octect0/u_dpu_array/DPU6/dpu_posit32/posit32_mul0/multOp__0 input TCU_WRAPPER_i/u_tc0/u_octect0/u_dpu_array/DPU6/dpu_posit32/posit32_mul0/multOp__0/B[17:0] is not pipelined. Pipelining DSP48 input will improve performance.
Related violations: <none>

DPIP-1#182 Warning
Input pipelining  
DSP TCU_WRAPPER_i/u_tc0/u_octect0/u_dpu_array/DPU6/dpu_posit32/posit32_mul1/multOp input TCU_WRAPPER_i/u_tc0/u_octect0/u_dpu_array/DPU6/dpu_posit32/posit32_mul1/multOp/A[29:0] is not pipelined. Pipelining DSP48 input will improve performance.
Related violations: <none>

DPIP-1#183 Warning
Input pipelining  
DSP TCU_WRAPPER_i/u_tc0/u_octect0/u_dpu_array/DPU6/dpu_posit32/posit32_mul1/multOp input TCU_WRAPPER_i/u_tc0/u_octect0/u_dpu_array/DPU6/dpu_posit32/posit32_mul1/multOp/B[17:0] is not pipelined. Pipelining DSP48 input will improve performance.
Related violations: <none>

DPIP-1#184 Warning
Input pipelining  
DSP TCU_WRAPPER_i/u_tc0/u_octect0/u_dpu_array/DPU6/dpu_posit32/posit32_mul1/multOp__0 input TCU_WRAPPER_i/u_tc0/u_octect0/u_dpu_array/DPU6/dpu_posit32/posit32_mul1/multOp__0/B[17:0] is not pipelined. Pipelining DSP48 input will improve performance.
Related violations: <none>

DPIP-1#185 Warning
Input pipelining  
DSP TCU_WRAPPER_i/u_tc0/u_octect0/u_dpu_array/DPU6/dpu_posit32/posit32_mul2/multOp input TCU_WRAPPER_i/u_tc0/u_octect0/u_dpu_array/DPU6/dpu_posit32/posit32_mul2/multOp/A[29:0] is not pipelined. Pipelining DSP48 input will improve performance.
Related violations: <none>

DPIP-1#186 Warning
Input pipelining  
DSP TCU_WRAPPER_i/u_tc0/u_octect0/u_dpu_array/DPU6/dpu_posit32/posit32_mul2/multOp input TCU_WRAPPER_i/u_tc0/u_octect0/u_dpu_array/DPU6/dpu_posit32/posit32_mul2/multOp/B[17:0] is not pipelined. Pipelining DSP48 input will improve performance.
Related violations: <none>

DPIP-1#187 Warning
Input pipelining  
DSP TCU_WRAPPER_i/u_tc0/u_octect0/u_dpu_array/DPU6/dpu_posit32/posit32_mul2/multOp__0 input TCU_WRAPPER_i/u_tc0/u_octect0/u_dpu_array/DPU6/dpu_posit32/posit32_mul2/multOp__0/B[17:0] is not pipelined. Pipelining DSP48 input will improve performance.
Related violations: <none>

DPIP-1#188 Warning
Input pipelining  
DSP TCU_WRAPPER_i/u_tc0/u_octect0/u_dpu_array/DPU6/dpu_posit32/posit32_mul3/multOp input TCU_WRAPPER_i/u_tc0/u_octect0/u_dpu_array/DPU6/dpu_posit32/posit32_mul3/multOp/A[29:0] is not pipelined. Pipelining DSP48 input will improve performance.
Related violations: <none>

DPIP-1#189 Warning
Input pipelining  
DSP TCU_WRAPPER_i/u_tc0/u_octect0/u_dpu_array/DPU6/dpu_posit32/posit32_mul3/multOp input TCU_WRAPPER_i/u_tc0/u_octect0/u_dpu_array/DPU6/dpu_posit32/posit32_mul3/multOp/B[17:0] is not pipelined. Pipelining DSP48 input will improve performance.
Related violations: <none>

DPIP-1#190 Warning
Input pipelining  
DSP TCU_WRAPPER_i/u_tc0/u_octect0/u_dpu_array/DPU7/dpu_fp32/mac0/multOp input TCU_WRAPPER_i/u_tc0/u_octect0/u_dpu_array/DPU7/dpu_fp32/mac0/multOp/A[29:0] is not pipelined. Pipelining DSP48 input will improve performance.
Related violations: <none>

DPIP-1#191 Warning
Input pipelining  
DSP TCU_WRAPPER_i/u_tc0/u_octect0/u_dpu_array/DPU7/dpu_fp32/mac0/multOp input TCU_WRAPPER_i/u_tc0/u_octect0/u_dpu_array/DPU7/dpu_fp32/mac0/multOp/B[17:0] is not pipelined. Pipelining DSP48 input will improve performance.
Related violations: <none>

DPIP-1#192 Warning
Input pipelining  
DSP TCU_WRAPPER_i/u_tc0/u_octect0/u_dpu_array/DPU7/dpu_fp32/mac0/multOp__0 input TCU_WRAPPER_i/u_tc0/u_octect0/u_dpu_array/DPU7/dpu_fp32/mac0/multOp__0/A[29:0] is not pipelined. Pipelining DSP48 input will improve performance.
Related violations: <none>

DPIP-1#193 Warning
Input pipelining  
DSP TCU_WRAPPER_i/u_tc0/u_octect0/u_dpu_array/DPU7/dpu_fp32/mac0/multOp__0 input TCU_WRAPPER_i/u_tc0/u_octect0/u_dpu_array/DPU7/dpu_fp32/mac0/multOp__0/B[17:0] is not pipelined. Pipelining DSP48 input will improve performance.
Related violations: <none>

DPIP-1#194 Warning
Input pipelining  
DSP TCU_WRAPPER_i/u_tc0/u_octect0/u_dpu_array/DPU7/dpu_fp32/mac1/multOp input TCU_WRAPPER_i/u_tc0/u_octect0/u_dpu_array/DPU7/dpu_fp32/mac1/multOp/A[29:0] is not pipelined. Pipelining DSP48 input will improve performance.
Related violations: <none>

DPIP-1#195 Warning
Input pipelining  
DSP TCU_WRAPPER_i/u_tc0/u_octect0/u_dpu_array/DPU7/dpu_fp32/mac1/multOp input TCU_WRAPPER_i/u_tc0/u_octect0/u_dpu_array/DPU7/dpu_fp32/mac1/multOp/B[17:0] is not pipelined. Pipelining DSP48 input will improve performance.
Related violations: <none>

DPIP-1#196 Warning
Input pipelining  
DSP TCU_WRAPPER_i/u_tc0/u_octect0/u_dpu_array/DPU7/dpu_fp32/mac1/multOp__0 input TCU_WRAPPER_i/u_tc0/u_octect0/u_dpu_array/DPU7/dpu_fp32/mac1/multOp__0/A[29:0] is not pipelined. Pipelining DSP48 input will improve performance.
Related violations: <none>

DPIP-1#197 Warning
Input pipelining  
DSP TCU_WRAPPER_i/u_tc0/u_octect0/u_dpu_array/DPU7/dpu_fp32/mac1/multOp__0 input TCU_WRAPPER_i/u_tc0/u_octect0/u_dpu_array/DPU7/dpu_fp32/mac1/multOp__0/B[17:0] is not pipelined. Pipelining DSP48 input will improve performance.
Related violations: <none>

DPIP-1#198 Warning
Input pipelining  
DSP TCU_WRAPPER_i/u_tc0/u_octect0/u_dpu_array/DPU7/dpu_fp32/mac2/multOp input TCU_WRAPPER_i/u_tc0/u_octect0/u_dpu_array/DPU7/dpu_fp32/mac2/multOp/A[29:0] is not pipelined. Pipelining DSP48 input will improve performance.
Related violations: <none>

DPIP-1#199 Warning
Input pipelining  
DSP TCU_WRAPPER_i/u_tc0/u_octect0/u_dpu_array/DPU7/dpu_fp32/mac2/multOp input TCU_WRAPPER_i/u_tc0/u_octect0/u_dpu_array/DPU7/dpu_fp32/mac2/multOp/B[17:0] is not pipelined. Pipelining DSP48 input will improve performance.
Related violations: <none>

DPIP-1#200 Warning
Input pipelining  
DSP TCU_WRAPPER_i/u_tc0/u_octect0/u_dpu_array/DPU7/dpu_fp32/mac2/multOp__0 input TCU_WRAPPER_i/u_tc0/u_octect0/u_dpu_array/DPU7/dpu_fp32/mac2/multOp__0/A[29:0] is not pipelined. Pipelining DSP48 input will improve performance.
Related violations: <none>

DPIP-1#201 Warning
Input pipelining  
DSP TCU_WRAPPER_i/u_tc0/u_octect0/u_dpu_array/DPU7/dpu_fp32/mac2/multOp__0 input TCU_WRAPPER_i/u_tc0/u_octect0/u_dpu_array/DPU7/dpu_fp32/mac2/multOp__0/B[17:0] is not pipelined. Pipelining DSP48 input will improve performance.
Related violations: <none>

DPIP-1#202 Warning
Input pipelining  
DSP TCU_WRAPPER_i/u_tc0/u_octect0/u_dpu_array/DPU7/dpu_fp32/mac3/multOp input TCU_WRAPPER_i/u_tc0/u_octect0/u_dpu_array/DPU7/dpu_fp32/mac3/multOp/A[29:0] is not pipelined. Pipelining DSP48 input will improve performance.
Related violations: <none>

DPIP-1#203 Warning
Input pipelining  
DSP TCU_WRAPPER_i/u_tc0/u_octect0/u_dpu_array/DPU7/dpu_fp32/mac3/multOp input TCU_WRAPPER_i/u_tc0/u_octect0/u_dpu_array/DPU7/dpu_fp32/mac3/multOp/B[17:0] is not pipelined. Pipelining DSP48 input will improve performance.
Related violations: <none>

DPIP-1#204 Warning
Input pipelining  
DSP TCU_WRAPPER_i/u_tc0/u_octect0/u_dpu_array/DPU7/dpu_fp32/mac3/multOp__0 input TCU_WRAPPER_i/u_tc0/u_octect0/u_dpu_array/DPU7/dpu_fp32/mac3/multOp__0/A[29:0] is not pipelined. Pipelining DSP48 input will improve performance.
Related violations: <none>

DPIP-1#205 Warning
Input pipelining  
DSP TCU_WRAPPER_i/u_tc0/u_octect0/u_dpu_array/DPU7/dpu_fp32/mac3/multOp__0 input TCU_WRAPPER_i/u_tc0/u_octect0/u_dpu_array/DPU7/dpu_fp32/mac3/multOp__0/B[17:0] is not pipelined. Pipelining DSP48 input will improve performance.
Related violations: <none>

DPIP-1#206 Warning
Input pipelining  
DSP TCU_WRAPPER_i/u_tc0/u_octect0/u_dpu_array/DPU7/dpu_posit32/posit32_mul0/multOp input TCU_WRAPPER_i/u_tc0/u_octect0/u_dpu_array/DPU7/dpu_posit32/posit32_mul0/multOp/A[29:0] is not pipelined. Pipelining DSP48 input will improve performance.
Related violations: <none>

DPIP-1#207 Warning
Input pipelining  
DSP TCU_WRAPPER_i/u_tc0/u_octect0/u_dpu_array/DPU7/dpu_posit32/posit32_mul0/multOp input TCU_WRAPPER_i/u_tc0/u_octect0/u_dpu_array/DPU7/dpu_posit32/posit32_mul0/multOp/B[17:0] is not pipelined. Pipelining DSP48 input will improve performance.
Related violations: <none>

DPIP-1#208 Warning
Input pipelining  
DSP TCU_WRAPPER_i/u_tc0/u_octect0/u_dpu_array/DPU7/dpu_posit32/posit32_mul0/multOp__0 input TCU_WRAPPER_i/u_tc0/u_octect0/u_dpu_array/DPU7/dpu_posit32/posit32_mul0/multOp__0/B[17:0] is not pipelined. Pipelining DSP48 input will improve performance.
Related violations: <none>

DPIP-1#209 Warning
Input pipelining  
DSP TCU_WRAPPER_i/u_tc0/u_octect0/u_dpu_array/DPU7/dpu_posit32/posit32_mul1/multOp input TCU_WRAPPER_i/u_tc0/u_octect0/u_dpu_array/DPU7/dpu_posit32/posit32_mul1/multOp/A[29:0] is not pipelined. Pipelining DSP48 input will improve performance.
Related violations: <none>

DPIP-1#210 Warning
Input pipelining  
DSP TCU_WRAPPER_i/u_tc0/u_octect0/u_dpu_array/DPU7/dpu_posit32/posit32_mul1/multOp input TCU_WRAPPER_i/u_tc0/u_octect0/u_dpu_array/DPU7/dpu_posit32/posit32_mul1/multOp/B[17:0] is not pipelined. Pipelining DSP48 input will improve performance.
Related violations: <none>

DPIP-1#211 Warning
Input pipelining  
DSP TCU_WRAPPER_i/u_tc0/u_octect0/u_dpu_array/DPU7/dpu_posit32/posit32_mul1/multOp__0 input TCU_WRAPPER_i/u_tc0/u_octect0/u_dpu_array/DPU7/dpu_posit32/posit32_mul1/multOp__0/B[17:0] is not pipelined. Pipelining DSP48 input will improve performance.
Related violations: <none>

DPIP-1#212 Warning
Input pipelining  
DSP TCU_WRAPPER_i/u_tc0/u_octect0/u_dpu_array/DPU7/dpu_posit32/posit32_mul2/multOp input TCU_WRAPPER_i/u_tc0/u_octect0/u_dpu_array/DPU7/dpu_posit32/posit32_mul2/multOp/A[29:0] is not pipelined. Pipelining DSP48 input will improve performance.
Related violations: <none>

DPIP-1#213 Warning
Input pipelining  
DSP TCU_WRAPPER_i/u_tc0/u_octect0/u_dpu_array/DPU7/dpu_posit32/posit32_mul2/multOp input TCU_WRAPPER_i/u_tc0/u_octect0/u_dpu_array/DPU7/dpu_posit32/posit32_mul2/multOp/B[17:0] is not pipelined. Pipelining DSP48 input will improve performance.
Related violations: <none>

DPIP-1#214 Warning
Input pipelining  
DSP TCU_WRAPPER_i/u_tc0/u_octect0/u_dpu_array/DPU7/dpu_posit32/posit32_mul2/multOp__0 input TCU_WRAPPER_i/u_tc0/u_octect0/u_dpu_array/DPU7/dpu_posit32/posit32_mul2/multOp__0/B[17:0] is not pipelined. Pipelining DSP48 input will improve performance.
Related violations: <none>

DPIP-1#215 Warning
Input pipelining  
DSP TCU_WRAPPER_i/u_tc0/u_octect0/u_dpu_array/DPU7/dpu_posit32/posit32_mul3/multOp input TCU_WRAPPER_i/u_tc0/u_octect0/u_dpu_array/DPU7/dpu_posit32/posit32_mul3/multOp/A[29:0] is not pipelined. Pipelining DSP48 input will improve performance.
Related violations: <none>

DPIP-1#216 Warning
Input pipelining  
DSP TCU_WRAPPER_i/u_tc0/u_octect0/u_dpu_array/DPU7/dpu_posit32/posit32_mul3/multOp input TCU_WRAPPER_i/u_tc0/u_octect0/u_dpu_array/DPU7/dpu_posit32/posit32_mul3/multOp/B[17:0] is not pipelined. Pipelining DSP48 input will improve performance.
Related violations: <none>

DPIP-1#217 Warning
Input pipelining  
DSP TCU_WRAPPER_i/u_tc0/u_octect1/u_dpu_array/DPU0/dpu_fp32/mac0/multOp input TCU_WRAPPER_i/u_tc0/u_octect1/u_dpu_array/DPU0/dpu_fp32/mac0/multOp/A[29:0] is not pipelined. Pipelining DSP48 input will improve performance.
Related violations: <none>

DPIP-1#218 Warning
Input pipelining  
DSP TCU_WRAPPER_i/u_tc0/u_octect1/u_dpu_array/DPU0/dpu_fp32/mac0/multOp input TCU_WRAPPER_i/u_tc0/u_octect1/u_dpu_array/DPU0/dpu_fp32/mac0/multOp/B[17:0] is not pipelined. Pipelining DSP48 input will improve performance.
Related violations: <none>

DPIP-1#219 Warning
Input pipelining  
DSP TCU_WRAPPER_i/u_tc0/u_octect1/u_dpu_array/DPU0/dpu_fp32/mac0/multOp__0 input TCU_WRAPPER_i/u_tc0/u_octect1/u_dpu_array/DPU0/dpu_fp32/mac0/multOp__0/A[29:0] is not pipelined. Pipelining DSP48 input will improve performance.
Related violations: <none>

DPIP-1#220 Warning
Input pipelining  
DSP TCU_WRAPPER_i/u_tc0/u_octect1/u_dpu_array/DPU0/dpu_fp32/mac0/multOp__0 input TCU_WRAPPER_i/u_tc0/u_octect1/u_dpu_array/DPU0/dpu_fp32/mac0/multOp__0/B[17:0] is not pipelined. Pipelining DSP48 input will improve performance.
Related violations: <none>

DPIP-1#221 Warning
Input pipelining  
DSP TCU_WRAPPER_i/u_tc0/u_octect1/u_dpu_array/DPU0/dpu_fp32/mac1/multOp input TCU_WRAPPER_i/u_tc0/u_octect1/u_dpu_array/DPU0/dpu_fp32/mac1/multOp/A[29:0] is not pipelined. Pipelining DSP48 input will improve performance.
Related violations: <none>

DPIP-1#222 Warning
Input pipelining  
DSP TCU_WRAPPER_i/u_tc0/u_octect1/u_dpu_array/DPU0/dpu_fp32/mac1/multOp input TCU_WRAPPER_i/u_tc0/u_octect1/u_dpu_array/DPU0/dpu_fp32/mac1/multOp/B[17:0] is not pipelined. Pipelining DSP48 input will improve performance.
Related violations: <none>

DPIP-1#223 Warning
Input pipelining  
DSP TCU_WRAPPER_i/u_tc0/u_octect1/u_dpu_array/DPU0/dpu_fp32/mac1/multOp__0 input TCU_WRAPPER_i/u_tc0/u_octect1/u_dpu_array/DPU0/dpu_fp32/mac1/multOp__0/A[29:0] is not pipelined. Pipelining DSP48 input will improve performance.
Related violations: <none>

DPIP-1#224 Warning
Input pipelining  
DSP TCU_WRAPPER_i/u_tc0/u_octect1/u_dpu_array/DPU0/dpu_fp32/mac1/multOp__0 input TCU_WRAPPER_i/u_tc0/u_octect1/u_dpu_array/DPU0/dpu_fp32/mac1/multOp__0/B[17:0] is not pipelined. Pipelining DSP48 input will improve performance.
Related violations: <none>

DPIP-1#225 Warning
Input pipelining  
DSP TCU_WRAPPER_i/u_tc0/u_octect1/u_dpu_array/DPU0/dpu_fp32/mac2/multOp input TCU_WRAPPER_i/u_tc0/u_octect1/u_dpu_array/DPU0/dpu_fp32/mac2/multOp/A[29:0] is not pipelined. Pipelining DSP48 input will improve performance.
Related violations: <none>

DPIP-1#226 Warning
Input pipelining  
DSP TCU_WRAPPER_i/u_tc0/u_octect1/u_dpu_array/DPU0/dpu_fp32/mac2/multOp input TCU_WRAPPER_i/u_tc0/u_octect1/u_dpu_array/DPU0/dpu_fp32/mac2/multOp/B[17:0] is not pipelined. Pipelining DSP48 input will improve performance.
Related violations: <none>

DPIP-1#227 Warning
Input pipelining  
DSP TCU_WRAPPER_i/u_tc0/u_octect1/u_dpu_array/DPU0/dpu_fp32/mac2/multOp__0 input TCU_WRAPPER_i/u_tc0/u_octect1/u_dpu_array/DPU0/dpu_fp32/mac2/multOp__0/A[29:0] is not pipelined. Pipelining DSP48 input will improve performance.
Related violations: <none>

DPIP-1#228 Warning
Input pipelining  
DSP TCU_WRAPPER_i/u_tc0/u_octect1/u_dpu_array/DPU0/dpu_fp32/mac2/multOp__0 input TCU_WRAPPER_i/u_tc0/u_octect1/u_dpu_array/DPU0/dpu_fp32/mac2/multOp__0/B[17:0] is not pipelined. Pipelining DSP48 input will improve performance.
Related violations: <none>

DPIP-1#229 Warning
Input pipelining  
DSP TCU_WRAPPER_i/u_tc0/u_octect1/u_dpu_array/DPU0/dpu_fp32/mac3/multOp input TCU_WRAPPER_i/u_tc0/u_octect1/u_dpu_array/DPU0/dpu_fp32/mac3/multOp/A[29:0] is not pipelined. Pipelining DSP48 input will improve performance.
Related violations: <none>

DPIP-1#230 Warning
Input pipelining  
DSP TCU_WRAPPER_i/u_tc0/u_octect1/u_dpu_array/DPU0/dpu_fp32/mac3/multOp input TCU_WRAPPER_i/u_tc0/u_octect1/u_dpu_array/DPU0/dpu_fp32/mac3/multOp/B[17:0] is not pipelined. Pipelining DSP48 input will improve performance.
Related violations: <none>

DPIP-1#231 Warning
Input pipelining  
DSP TCU_WRAPPER_i/u_tc0/u_octect1/u_dpu_array/DPU0/dpu_fp32/mac3/multOp__0 input TCU_WRAPPER_i/u_tc0/u_octect1/u_dpu_array/DPU0/dpu_fp32/mac3/multOp__0/A[29:0] is not pipelined. Pipelining DSP48 input will improve performance.
Related violations: <none>

DPIP-1#232 Warning
Input pipelining  
DSP TCU_WRAPPER_i/u_tc0/u_octect1/u_dpu_array/DPU0/dpu_fp32/mac3/multOp__0 input TCU_WRAPPER_i/u_tc0/u_octect1/u_dpu_array/DPU0/dpu_fp32/mac3/multOp__0/B[17:0] is not pipelined. Pipelining DSP48 input will improve performance.
Related violations: <none>

DPIP-1#233 Warning
Input pipelining  
DSP TCU_WRAPPER_i/u_tc0/u_octect1/u_dpu_array/DPU0/dpu_posit32/posit32_mul0/multOp input TCU_WRAPPER_i/u_tc0/u_octect1/u_dpu_array/DPU0/dpu_posit32/posit32_mul0/multOp/A[29:0] is not pipelined. Pipelining DSP48 input will improve performance.
Related violations: <none>

DPIP-1#234 Warning
Input pipelining  
DSP TCU_WRAPPER_i/u_tc0/u_octect1/u_dpu_array/DPU0/dpu_posit32/posit32_mul0/multOp input TCU_WRAPPER_i/u_tc0/u_octect1/u_dpu_array/DPU0/dpu_posit32/posit32_mul0/multOp/B[17:0] is not pipelined. Pipelining DSP48 input will improve performance.
Related violations: <none>

DPIP-1#235 Warning
Input pipelining  
DSP TCU_WRAPPER_i/u_tc0/u_octect1/u_dpu_array/DPU0/dpu_posit32/posit32_mul0/multOp__0 input TCU_WRAPPER_i/u_tc0/u_octect1/u_dpu_array/DPU0/dpu_posit32/posit32_mul0/multOp__0/B[17:0] is not pipelined. Pipelining DSP48 input will improve performance.
Related violations: <none>

DPIP-1#236 Warning
Input pipelining  
DSP TCU_WRAPPER_i/u_tc0/u_octect1/u_dpu_array/DPU0/dpu_posit32/posit32_mul1/multOp input TCU_WRAPPER_i/u_tc0/u_octect1/u_dpu_array/DPU0/dpu_posit32/posit32_mul1/multOp/A[29:0] is not pipelined. Pipelining DSP48 input will improve performance.
Related violations: <none>

DPIP-1#237 Warning
Input pipelining  
DSP TCU_WRAPPER_i/u_tc0/u_octect1/u_dpu_array/DPU0/dpu_posit32/posit32_mul1/multOp input TCU_WRAPPER_i/u_tc0/u_octect1/u_dpu_array/DPU0/dpu_posit32/posit32_mul1/multOp/B[17:0] is not pipelined. Pipelining DSP48 input will improve performance.
Related violations: <none>

DPIP-1#238 Warning
Input pipelining  
DSP TCU_WRAPPER_i/u_tc0/u_octect1/u_dpu_array/DPU0/dpu_posit32/posit32_mul1/multOp__0 input TCU_WRAPPER_i/u_tc0/u_octect1/u_dpu_array/DPU0/dpu_posit32/posit32_mul1/multOp__0/B[17:0] is not pipelined. Pipelining DSP48 input will improve performance.
Related violations: <none>

DPIP-1#239 Warning
Input pipelining  
DSP TCU_WRAPPER_i/u_tc0/u_octect1/u_dpu_array/DPU0/dpu_posit32/posit32_mul2/multOp input TCU_WRAPPER_i/u_tc0/u_octect1/u_dpu_array/DPU0/dpu_posit32/posit32_mul2/multOp/A[29:0] is not pipelined. Pipelining DSP48 input will improve performance.
Related violations: <none>

DPIP-1#240 Warning
Input pipelining  
DSP TCU_WRAPPER_i/u_tc0/u_octect1/u_dpu_array/DPU0/dpu_posit32/posit32_mul2/multOp input TCU_WRAPPER_i/u_tc0/u_octect1/u_dpu_array/DPU0/dpu_posit32/posit32_mul2/multOp/B[17:0] is not pipelined. Pipelining DSP48 input will improve performance.
Related violations: <none>

DPIP-1#241 Warning
Input pipelining  
DSP TCU_WRAPPER_i/u_tc0/u_octect1/u_dpu_array/DPU0/dpu_posit32/posit32_mul2/multOp__0 input TCU_WRAPPER_i/u_tc0/u_octect1/u_dpu_array/DPU0/dpu_posit32/posit32_mul2/multOp__0/B[17:0] is not pipelined. Pipelining DSP48 input will improve performance.
Related violations: <none>

DPIP-1#242 Warning
Input pipelining  
DSP TCU_WRAPPER_i/u_tc0/u_octect1/u_dpu_array/DPU0/dpu_posit32/posit32_mul3/multOp input TCU_WRAPPER_i/u_tc0/u_octect1/u_dpu_array/DPU0/dpu_posit32/posit32_mul3/multOp/A[29:0] is not pipelined. Pipelining DSP48 input will improve performance.
Related violations: <none>

DPIP-1#243 Warning
Input pipelining  
DSP TCU_WRAPPER_i/u_tc0/u_octect1/u_dpu_array/DPU0/dpu_posit32/posit32_mul3/multOp input TCU_WRAPPER_i/u_tc0/u_octect1/u_dpu_array/DPU0/dpu_posit32/posit32_mul3/multOp/B[17:0] is not pipelined. Pipelining DSP48 input will improve performance.
Related violations: <none>

DPIP-1#244 Warning
Input pipelining  
DSP TCU_WRAPPER_i/u_tc0/u_octect1/u_dpu_array/DPU1/dpu_fp32/mac0/multOp input TCU_WRAPPER_i/u_tc0/u_octect1/u_dpu_array/DPU1/dpu_fp32/mac0/multOp/A[29:0] is not pipelined. Pipelining DSP48 input will improve performance.
Related violations: <none>

DPIP-1#245 Warning
Input pipelining  
DSP TCU_WRAPPER_i/u_tc0/u_octect1/u_dpu_array/DPU1/dpu_fp32/mac0/multOp input TCU_WRAPPER_i/u_tc0/u_octect1/u_dpu_array/DPU1/dpu_fp32/mac0/multOp/B[17:0] is not pipelined. Pipelining DSP48 input will improve performance.
Related violations: <none>

DPIP-1#246 Warning
Input pipelining  
DSP TCU_WRAPPER_i/u_tc0/u_octect1/u_dpu_array/DPU1/dpu_fp32/mac0/multOp__0 input TCU_WRAPPER_i/u_tc0/u_octect1/u_dpu_array/DPU1/dpu_fp32/mac0/multOp__0/A[29:0] is not pipelined. Pipelining DSP48 input will improve performance.
Related violations: <none>

DPIP-1#247 Warning
Input pipelining  
DSP TCU_WRAPPER_i/u_tc0/u_octect1/u_dpu_array/DPU1/dpu_fp32/mac0/multOp__0 input TCU_WRAPPER_i/u_tc0/u_octect1/u_dpu_array/DPU1/dpu_fp32/mac0/multOp__0/B[17:0] is not pipelined. Pipelining DSP48 input will improve performance.
Related violations: <none>

DPIP-1#248 Warning
Input pipelining  
DSP TCU_WRAPPER_i/u_tc0/u_octect1/u_dpu_array/DPU1/dpu_fp32/mac1/multOp input TCU_WRAPPER_i/u_tc0/u_octect1/u_dpu_array/DPU1/dpu_fp32/mac1/multOp/A[29:0] is not pipelined. Pipelining DSP48 input will improve performance.
Related violations: <none>

DPIP-1#249 Warning
Input pipelining  
DSP TCU_WRAPPER_i/u_tc0/u_octect1/u_dpu_array/DPU1/dpu_fp32/mac1/multOp input TCU_WRAPPER_i/u_tc0/u_octect1/u_dpu_array/DPU1/dpu_fp32/mac1/multOp/B[17:0] is not pipelined. Pipelining DSP48 input will improve performance.
Related violations: <none>

DPIP-1#250 Warning
Input pipelining  
DSP TCU_WRAPPER_i/u_tc0/u_octect1/u_dpu_array/DPU1/dpu_fp32/mac1/multOp__0 input TCU_WRAPPER_i/u_tc0/u_octect1/u_dpu_array/DPU1/dpu_fp32/mac1/multOp__0/A[29:0] is not pipelined. Pipelining DSP48 input will improve performance.
Related violations: <none>

DPIP-1#251 Warning
Input pipelining  
DSP TCU_WRAPPER_i/u_tc0/u_octect1/u_dpu_array/DPU1/dpu_fp32/mac1/multOp__0 input TCU_WRAPPER_i/u_tc0/u_octect1/u_dpu_array/DPU1/dpu_fp32/mac1/multOp__0/B[17:0] is not pipelined. Pipelining DSP48 input will improve performance.
Related violations: <none>

DPIP-1#252 Warning
Input pipelining  
DSP TCU_WRAPPER_i/u_tc0/u_octect1/u_dpu_array/DPU1/dpu_fp32/mac2/multOp input TCU_WRAPPER_i/u_tc0/u_octect1/u_dpu_array/DPU1/dpu_fp32/mac2/multOp/A[29:0] is not pipelined. Pipelining DSP48 input will improve performance.
Related violations: <none>

DPIP-1#253 Warning
Input pipelining  
DSP TCU_WRAPPER_i/u_tc0/u_octect1/u_dpu_array/DPU1/dpu_fp32/mac2/multOp input TCU_WRAPPER_i/u_tc0/u_octect1/u_dpu_array/DPU1/dpu_fp32/mac2/multOp/B[17:0] is not pipelined. Pipelining DSP48 input will improve performance.
Related violations: <none>

DPIP-1#254 Warning
Input pipelining  
DSP TCU_WRAPPER_i/u_tc0/u_octect1/u_dpu_array/DPU1/dpu_fp32/mac2/multOp__0 input TCU_WRAPPER_i/u_tc0/u_octect1/u_dpu_array/DPU1/dpu_fp32/mac2/multOp__0/A[29:0] is not pipelined. Pipelining DSP48 input will improve performance.
Related violations: <none>

DPIP-1#255 Warning
Input pipelining  
DSP TCU_WRAPPER_i/u_tc0/u_octect1/u_dpu_array/DPU1/dpu_fp32/mac2/multOp__0 input TCU_WRAPPER_i/u_tc0/u_octect1/u_dpu_array/DPU1/dpu_fp32/mac2/multOp__0/B[17:0] is not pipelined. Pipelining DSP48 input will improve performance.
Related violations: <none>

DPIP-1#256 Warning
Input pipelining  
DSP TCU_WRAPPER_i/u_tc0/u_octect1/u_dpu_array/DPU1/dpu_fp32/mac3/multOp input TCU_WRAPPER_i/u_tc0/u_octect1/u_dpu_array/DPU1/dpu_fp32/mac3/multOp/A[29:0] is not pipelined. Pipelining DSP48 input will improve performance.
Related violations: <none>

DPIP-1#257 Warning
Input pipelining  
DSP TCU_WRAPPER_i/u_tc0/u_octect1/u_dpu_array/DPU1/dpu_fp32/mac3/multOp input TCU_WRAPPER_i/u_tc0/u_octect1/u_dpu_array/DPU1/dpu_fp32/mac3/multOp/B[17:0] is not pipelined. Pipelining DSP48 input will improve performance.
Related violations: <none>

DPIP-1#258 Warning
Input pipelining  
DSP TCU_WRAPPER_i/u_tc0/u_octect1/u_dpu_array/DPU1/dpu_fp32/mac3/multOp__0 input TCU_WRAPPER_i/u_tc0/u_octect1/u_dpu_array/DPU1/dpu_fp32/mac3/multOp__0/A[29:0] is not pipelined. Pipelining DSP48 input will improve performance.
Related violations: <none>

DPIP-1#259 Warning
Input pipelining  
DSP TCU_WRAPPER_i/u_tc0/u_octect1/u_dpu_array/DPU1/dpu_fp32/mac3/multOp__0 input TCU_WRAPPER_i/u_tc0/u_octect1/u_dpu_array/DPU1/dpu_fp32/mac3/multOp__0/B[17:0] is not pipelined. Pipelining DSP48 input will improve performance.
Related violations: <none>

DPIP-1#260 Warning
Input pipelining  
DSP TCU_WRAPPER_i/u_tc0/u_octect1/u_dpu_array/DPU1/dpu_posit32/posit32_mul0/multOp input TCU_WRAPPER_i/u_tc0/u_octect1/u_dpu_array/DPU1/dpu_posit32/posit32_mul0/multOp/A[29:0] is not pipelined. Pipelining DSP48 input will improve performance.
Related violations: <none>

DPIP-1#261 Warning
Input pipelining  
DSP TCU_WRAPPER_i/u_tc0/u_octect1/u_dpu_array/DPU1/dpu_posit32/posit32_mul0/multOp input TCU_WRAPPER_i/u_tc0/u_octect1/u_dpu_array/DPU1/dpu_posit32/posit32_mul0/multOp/B[17:0] is not pipelined. Pipelining DSP48 input will improve performance.
Related violations: <none>

DPIP-1#262 Warning
Input pipelining  
DSP TCU_WRAPPER_i/u_tc0/u_octect1/u_dpu_array/DPU1/dpu_posit32/posit32_mul0/multOp__0 input TCU_WRAPPER_i/u_tc0/u_octect1/u_dpu_array/DPU1/dpu_posit32/posit32_mul0/multOp__0/B[17:0] is not pipelined. Pipelining DSP48 input will improve performance.
Related violations: <none>

DPIP-1#263 Warning
Input pipelining  
DSP TCU_WRAPPER_i/u_tc0/u_octect1/u_dpu_array/DPU1/dpu_posit32/posit32_mul1/multOp input TCU_WRAPPER_i/u_tc0/u_octect1/u_dpu_array/DPU1/dpu_posit32/posit32_mul1/multOp/A[29:0] is not pipelined. Pipelining DSP48 input will improve performance.
Related violations: <none>

DPIP-1#264 Warning
Input pipelining  
DSP TCU_WRAPPER_i/u_tc0/u_octect1/u_dpu_array/DPU1/dpu_posit32/posit32_mul1/multOp input TCU_WRAPPER_i/u_tc0/u_octect1/u_dpu_array/DPU1/dpu_posit32/posit32_mul1/multOp/B[17:0] is not pipelined. Pipelining DSP48 input will improve performance.
Related violations: <none>

DPIP-1#265 Warning
Input pipelining  
DSP TCU_WRAPPER_i/u_tc0/u_octect1/u_dpu_array/DPU1/dpu_posit32/posit32_mul1/multOp__0 input TCU_WRAPPER_i/u_tc0/u_octect1/u_dpu_array/DPU1/dpu_posit32/posit32_mul1/multOp__0/B[17:0] is not pipelined. Pipelining DSP48 input will improve performance.
Related violations: <none>

DPIP-1#266 Warning
Input pipelining  
DSP TCU_WRAPPER_i/u_tc0/u_octect1/u_dpu_array/DPU1/dpu_posit32/posit32_mul2/multOp input TCU_WRAPPER_i/u_tc0/u_octect1/u_dpu_array/DPU1/dpu_posit32/posit32_mul2/multOp/A[29:0] is not pipelined. Pipelining DSP48 input will improve performance.
Related violations: <none>

DPIP-1#267 Warning
Input pipelining  
DSP TCU_WRAPPER_i/u_tc0/u_octect1/u_dpu_array/DPU1/dpu_posit32/posit32_mul2/multOp input TCU_WRAPPER_i/u_tc0/u_octect1/u_dpu_array/DPU1/dpu_posit32/posit32_mul2/multOp/B[17:0] is not pipelined. Pipelining DSP48 input will improve performance.
Related violations: <none>

DPIP-1#268 Warning
Input pipelining  
DSP TCU_WRAPPER_i/u_tc0/u_octect1/u_dpu_array/DPU1/dpu_posit32/posit32_mul2/multOp__0 input TCU_WRAPPER_i/u_tc0/u_octect1/u_dpu_array/DPU1/dpu_posit32/posit32_mul2/multOp__0/B[17:0] is not pipelined. Pipelining DSP48 input will improve performance.
Related violations: <none>

DPIP-1#269 Warning
Input pipelining  
DSP TCU_WRAPPER_i/u_tc0/u_octect1/u_dpu_array/DPU1/dpu_posit32/posit32_mul3/multOp input TCU_WRAPPER_i/u_tc0/u_octect1/u_dpu_array/DPU1/dpu_posit32/posit32_mul3/multOp/A[29:0] is not pipelined. Pipelining DSP48 input will improve performance.
Related violations: <none>

DPIP-1#270 Warning
Input pipelining  
DSP TCU_WRAPPER_i/u_tc0/u_octect1/u_dpu_array/DPU1/dpu_posit32/posit32_mul3/multOp input TCU_WRAPPER_i/u_tc0/u_octect1/u_dpu_array/DPU1/dpu_posit32/posit32_mul3/multOp/B[17:0] is not pipelined. Pipelining DSP48 input will improve performance.
Related violations: <none>

DPIP-1#271 Warning
Input pipelining  
DSP TCU_WRAPPER_i/u_tc0/u_octect1/u_dpu_array/DPU2/dpu_fp32/mac0/multOp input TCU_WRAPPER_i/u_tc0/u_octect1/u_dpu_array/DPU2/dpu_fp32/mac0/multOp/A[29:0] is not pipelined. Pipelining DSP48 input will improve performance.
Related violations: <none>

DPIP-1#272 Warning
Input pipelining  
DSP TCU_WRAPPER_i/u_tc0/u_octect1/u_dpu_array/DPU2/dpu_fp32/mac0/multOp input TCU_WRAPPER_i/u_tc0/u_octect1/u_dpu_array/DPU2/dpu_fp32/mac0/multOp/B[17:0] is not pipelined. Pipelining DSP48 input will improve performance.
Related violations: <none>

DPIP-1#273 Warning
Input pipelining  
DSP TCU_WRAPPER_i/u_tc0/u_octect1/u_dpu_array/DPU2/dpu_fp32/mac0/multOp__0 input TCU_WRAPPER_i/u_tc0/u_octect1/u_dpu_array/DPU2/dpu_fp32/mac0/multOp__0/A[29:0] is not pipelined. Pipelining DSP48 input will improve performance.
Related violations: <none>

DPIP-1#274 Warning
Input pipelining  
DSP TCU_WRAPPER_i/u_tc0/u_octect1/u_dpu_array/DPU2/dpu_fp32/mac0/multOp__0 input TCU_WRAPPER_i/u_tc0/u_octect1/u_dpu_array/DPU2/dpu_fp32/mac0/multOp__0/B[17:0] is not pipelined. Pipelining DSP48 input will improve performance.
Related violations: <none>

DPIP-1#275 Warning
Input pipelining  
DSP TCU_WRAPPER_i/u_tc0/u_octect1/u_dpu_array/DPU2/dpu_fp32/mac1/multOp input TCU_WRAPPER_i/u_tc0/u_octect1/u_dpu_array/DPU2/dpu_fp32/mac1/multOp/A[29:0] is not pipelined. Pipelining DSP48 input will improve performance.
Related violations: <none>

DPIP-1#276 Warning
Input pipelining  
DSP TCU_WRAPPER_i/u_tc0/u_octect1/u_dpu_array/DPU2/dpu_fp32/mac1/multOp input TCU_WRAPPER_i/u_tc0/u_octect1/u_dpu_array/DPU2/dpu_fp32/mac1/multOp/B[17:0] is not pipelined. Pipelining DSP48 input will improve performance.
Related violations: <none>

DPIP-1#277 Warning
Input pipelining  
DSP TCU_WRAPPER_i/u_tc0/u_octect1/u_dpu_array/DPU2/dpu_fp32/mac1/multOp__0 input TCU_WRAPPER_i/u_tc0/u_octect1/u_dpu_array/DPU2/dpu_fp32/mac1/multOp__0/A[29:0] is not pipelined. Pipelining DSP48 input will improve performance.
Related violations: <none>

DPIP-1#278 Warning
Input pipelining  
DSP TCU_WRAPPER_i/u_tc0/u_octect1/u_dpu_array/DPU2/dpu_fp32/mac1/multOp__0 input TCU_WRAPPER_i/u_tc0/u_octect1/u_dpu_array/DPU2/dpu_fp32/mac1/multOp__0/B[17:0] is not pipelined. Pipelining DSP48 input will improve performance.
Related violations: <none>

DPIP-1#279 Warning
Input pipelining  
DSP TCU_WRAPPER_i/u_tc0/u_octect1/u_dpu_array/DPU2/dpu_fp32/mac2/multOp input TCU_WRAPPER_i/u_tc0/u_octect1/u_dpu_array/DPU2/dpu_fp32/mac2/multOp/A[29:0] is not pipelined. Pipelining DSP48 input will improve performance.
Related violations: <none>

DPIP-1#280 Warning
Input pipelining  
DSP TCU_WRAPPER_i/u_tc0/u_octect1/u_dpu_array/DPU2/dpu_fp32/mac2/multOp input TCU_WRAPPER_i/u_tc0/u_octect1/u_dpu_array/DPU2/dpu_fp32/mac2/multOp/B[17:0] is not pipelined. Pipelining DSP48 input will improve performance.
Related violations: <none>

DPIP-1#281 Warning
Input pipelining  
DSP TCU_WRAPPER_i/u_tc0/u_octect1/u_dpu_array/DPU2/dpu_fp32/mac2/multOp__0 input TCU_WRAPPER_i/u_tc0/u_octect1/u_dpu_array/DPU2/dpu_fp32/mac2/multOp__0/A[29:0] is not pipelined. Pipelining DSP48 input will improve performance.
Related violations: <none>

DPIP-1#282 Warning
Input pipelining  
DSP TCU_WRAPPER_i/u_tc0/u_octect1/u_dpu_array/DPU2/dpu_fp32/mac2/multOp__0 input TCU_WRAPPER_i/u_tc0/u_octect1/u_dpu_array/DPU2/dpu_fp32/mac2/multOp__0/B[17:0] is not pipelined. Pipelining DSP48 input will improve performance.
Related violations: <none>

DPIP-1#283 Warning
Input pipelining  
DSP TCU_WRAPPER_i/u_tc0/u_octect1/u_dpu_array/DPU2/dpu_fp32/mac3/multOp input TCU_WRAPPER_i/u_tc0/u_octect1/u_dpu_array/DPU2/dpu_fp32/mac3/multOp/A[29:0] is not pipelined. Pipelining DSP48 input will improve performance.
Related violations: <none>

DPIP-1#284 Warning
Input pipelining  
DSP TCU_WRAPPER_i/u_tc0/u_octect1/u_dpu_array/DPU2/dpu_fp32/mac3/multOp input TCU_WRAPPER_i/u_tc0/u_octect1/u_dpu_array/DPU2/dpu_fp32/mac3/multOp/B[17:0] is not pipelined. Pipelining DSP48 input will improve performance.
Related violations: <none>

DPIP-1#285 Warning
Input pipelining  
DSP TCU_WRAPPER_i/u_tc0/u_octect1/u_dpu_array/DPU2/dpu_fp32/mac3/multOp__0 input TCU_WRAPPER_i/u_tc0/u_octect1/u_dpu_array/DPU2/dpu_fp32/mac3/multOp__0/A[29:0] is not pipelined. Pipelining DSP48 input will improve performance.
Related violations: <none>

DPIP-1#286 Warning
Input pipelining  
DSP TCU_WRAPPER_i/u_tc0/u_octect1/u_dpu_array/DPU2/dpu_fp32/mac3/multOp__0 input TCU_WRAPPER_i/u_tc0/u_octect1/u_dpu_array/DPU2/dpu_fp32/mac3/multOp__0/B[17:0] is not pipelined. Pipelining DSP48 input will improve performance.
Related violations: <none>

DPIP-1#287 Warning
Input pipelining  
DSP TCU_WRAPPER_i/u_tc0/u_octect1/u_dpu_array/DPU2/dpu_posit32/posit32_mul0/multOp input TCU_WRAPPER_i/u_tc0/u_octect1/u_dpu_array/DPU2/dpu_posit32/posit32_mul0/multOp/A[29:0] is not pipelined. Pipelining DSP48 input will improve performance.
Related violations: <none>

DPIP-1#288 Warning
Input pipelining  
DSP TCU_WRAPPER_i/u_tc0/u_octect1/u_dpu_array/DPU2/dpu_posit32/posit32_mul0/multOp input TCU_WRAPPER_i/u_tc0/u_octect1/u_dpu_array/DPU2/dpu_posit32/posit32_mul0/multOp/B[17:0] is not pipelined. Pipelining DSP48 input will improve performance.
Related violations: <none>

DPIP-1#289 Warning
Input pipelining  
DSP TCU_WRAPPER_i/u_tc0/u_octect1/u_dpu_array/DPU2/dpu_posit32/posit32_mul0/multOp__0 input TCU_WRAPPER_i/u_tc0/u_octect1/u_dpu_array/DPU2/dpu_posit32/posit32_mul0/multOp__0/B[17:0] is not pipelined. Pipelining DSP48 input will improve performance.
Related violations: <none>

DPIP-1#290 Warning
Input pipelining  
DSP TCU_WRAPPER_i/u_tc0/u_octect1/u_dpu_array/DPU2/dpu_posit32/posit32_mul1/multOp input TCU_WRAPPER_i/u_tc0/u_octect1/u_dpu_array/DPU2/dpu_posit32/posit32_mul1/multOp/A[29:0] is not pipelined. Pipelining DSP48 input will improve performance.
Related violations: <none>

DPIP-1#291 Warning
Input pipelining  
DSP TCU_WRAPPER_i/u_tc0/u_octect1/u_dpu_array/DPU2/dpu_posit32/posit32_mul1/multOp input TCU_WRAPPER_i/u_tc0/u_octect1/u_dpu_array/DPU2/dpu_posit32/posit32_mul1/multOp/B[17:0] is not pipelined. Pipelining DSP48 input will improve performance.
Related violations: <none>

DPIP-1#292 Warning
Input pipelining  
DSP TCU_WRAPPER_i/u_tc0/u_octect1/u_dpu_array/DPU2/dpu_posit32/posit32_mul1/multOp__0 input TCU_WRAPPER_i/u_tc0/u_octect1/u_dpu_array/DPU2/dpu_posit32/posit32_mul1/multOp__0/B[17:0] is not pipelined. Pipelining DSP48 input will improve performance.
Related violations: <none>

DPIP-1#293 Warning
Input pipelining  
DSP TCU_WRAPPER_i/u_tc0/u_octect1/u_dpu_array/DPU2/dpu_posit32/posit32_mul2/multOp input TCU_WRAPPER_i/u_tc0/u_octect1/u_dpu_array/DPU2/dpu_posit32/posit32_mul2/multOp/A[29:0] is not pipelined. Pipelining DSP48 input will improve performance.
Related violations: <none>

DPIP-1#294 Warning
Input pipelining  
DSP TCU_WRAPPER_i/u_tc0/u_octect1/u_dpu_array/DPU2/dpu_posit32/posit32_mul2/multOp input TCU_WRAPPER_i/u_tc0/u_octect1/u_dpu_array/DPU2/dpu_posit32/posit32_mul2/multOp/B[17:0] is not pipelined. Pipelining DSP48 input will improve performance.
Related violations: <none>

DPIP-1#295 Warning
Input pipelining  
DSP TCU_WRAPPER_i/u_tc0/u_octect1/u_dpu_array/DPU2/dpu_posit32/posit32_mul2/multOp__0 input TCU_WRAPPER_i/u_tc0/u_octect1/u_dpu_array/DPU2/dpu_posit32/posit32_mul2/multOp__0/B[17:0] is not pipelined. Pipelining DSP48 input will improve performance.
Related violations: <none>

DPIP-1#296 Warning
Input pipelining  
DSP TCU_WRAPPER_i/u_tc0/u_octect1/u_dpu_array/DPU2/dpu_posit32/posit32_mul3/multOp input TCU_WRAPPER_i/u_tc0/u_octect1/u_dpu_array/DPU2/dpu_posit32/posit32_mul3/multOp/A[29:0] is not pipelined. Pipelining DSP48 input will improve performance.
Related violations: <none>

DPIP-1#297 Warning
Input pipelining  
DSP TCU_WRAPPER_i/u_tc0/u_octect1/u_dpu_array/DPU2/dpu_posit32/posit32_mul3/multOp input TCU_WRAPPER_i/u_tc0/u_octect1/u_dpu_array/DPU2/dpu_posit32/posit32_mul3/multOp/B[17:0] is not pipelined. Pipelining DSP48 input will improve performance.
Related violations: <none>

DPIP-1#298 Warning
Input pipelining  
DSP TCU_WRAPPER_i/u_tc0/u_octect1/u_dpu_array/DPU3/dpu_fp32/mac0/multOp input TCU_WRAPPER_i/u_tc0/u_octect1/u_dpu_array/DPU3/dpu_fp32/mac0/multOp/A[29:0] is not pipelined. Pipelining DSP48 input will improve performance.
Related violations: <none>

DPIP-1#299 Warning
Input pipelining  
DSP TCU_WRAPPER_i/u_tc0/u_octect1/u_dpu_array/DPU3/dpu_fp32/mac0/multOp input TCU_WRAPPER_i/u_tc0/u_octect1/u_dpu_array/DPU3/dpu_fp32/mac0/multOp/B[17:0] is not pipelined. Pipelining DSP48 input will improve performance.
Related violations: <none>

DPIP-1#300 Warning
Input pipelining  
DSP TCU_WRAPPER_i/u_tc0/u_octect1/u_dpu_array/DPU3/dpu_fp32/mac0/multOp__0 input TCU_WRAPPER_i/u_tc0/u_octect1/u_dpu_array/DPU3/dpu_fp32/mac0/multOp__0/A[29:0] is not pipelined. Pipelining DSP48 input will improve performance.
Related violations: <none>

DPIP-1#301 Warning
Input pipelining  
DSP TCU_WRAPPER_i/u_tc0/u_octect1/u_dpu_array/DPU3/dpu_fp32/mac0/multOp__0 input TCU_WRAPPER_i/u_tc0/u_octect1/u_dpu_array/DPU3/dpu_fp32/mac0/multOp__0/B[17:0] is not pipelined. Pipelining DSP48 input will improve performance.
Related violations: <none>

DPIP-1#302 Warning
Input pipelining  
DSP TCU_WRAPPER_i/u_tc0/u_octect1/u_dpu_array/DPU3/dpu_fp32/mac1/multOp input TCU_WRAPPER_i/u_tc0/u_octect1/u_dpu_array/DPU3/dpu_fp32/mac1/multOp/A[29:0] is not pipelined. Pipelining DSP48 input will improve performance.
Related violations: <none>

DPIP-1#303 Warning
Input pipelining  
DSP TCU_WRAPPER_i/u_tc0/u_octect1/u_dpu_array/DPU3/dpu_fp32/mac1/multOp input TCU_WRAPPER_i/u_tc0/u_octect1/u_dpu_array/DPU3/dpu_fp32/mac1/multOp/B[17:0] is not pipelined. Pipelining DSP48 input will improve performance.
Related violations: <none>

DPIP-1#304 Warning
Input pipelining  
DSP TCU_WRAPPER_i/u_tc0/u_octect1/u_dpu_array/DPU3/dpu_fp32/mac1/multOp__0 input TCU_WRAPPER_i/u_tc0/u_octect1/u_dpu_array/DPU3/dpu_fp32/mac1/multOp__0/A[29:0] is not pipelined. Pipelining DSP48 input will improve performance.
Related violations: <none>

DPIP-1#305 Warning
Input pipelining  
DSP TCU_WRAPPER_i/u_tc0/u_octect1/u_dpu_array/DPU3/dpu_fp32/mac1/multOp__0 input TCU_WRAPPER_i/u_tc0/u_octect1/u_dpu_array/DPU3/dpu_fp32/mac1/multOp__0/B[17:0] is not pipelined. Pipelining DSP48 input will improve performance.
Related violations: <none>

DPIP-1#306 Warning
Input pipelining  
DSP TCU_WRAPPER_i/u_tc0/u_octect1/u_dpu_array/DPU3/dpu_fp32/mac2/multOp input TCU_WRAPPER_i/u_tc0/u_octect1/u_dpu_array/DPU3/dpu_fp32/mac2/multOp/A[29:0] is not pipelined. Pipelining DSP48 input will improve performance.
Related violations: <none>

DPIP-1#307 Warning
Input pipelining  
DSP TCU_WRAPPER_i/u_tc0/u_octect1/u_dpu_array/DPU3/dpu_fp32/mac2/multOp input TCU_WRAPPER_i/u_tc0/u_octect1/u_dpu_array/DPU3/dpu_fp32/mac2/multOp/B[17:0] is not pipelined. Pipelining DSP48 input will improve performance.
Related violations: <none>

DPIP-1#308 Warning
Input pipelining  
DSP TCU_WRAPPER_i/u_tc0/u_octect1/u_dpu_array/DPU3/dpu_fp32/mac2/multOp__0 input TCU_WRAPPER_i/u_tc0/u_octect1/u_dpu_array/DPU3/dpu_fp32/mac2/multOp__0/A[29:0] is not pipelined. Pipelining DSP48 input will improve performance.
Related violations: <none>

DPIP-1#309 Warning
Input pipelining  
DSP TCU_WRAPPER_i/u_tc0/u_octect1/u_dpu_array/DPU3/dpu_fp32/mac2/multOp__0 input TCU_WRAPPER_i/u_tc0/u_octect1/u_dpu_array/DPU3/dpu_fp32/mac2/multOp__0/B[17:0] is not pipelined. Pipelining DSP48 input will improve performance.
Related violations: <none>

DPIP-1#310 Warning
Input pipelining  
DSP TCU_WRAPPER_i/u_tc0/u_octect1/u_dpu_array/DPU3/dpu_fp32/mac3/multOp input TCU_WRAPPER_i/u_tc0/u_octect1/u_dpu_array/DPU3/dpu_fp32/mac3/multOp/A[29:0] is not pipelined. Pipelining DSP48 input will improve performance.
Related violations: <none>

DPIP-1#311 Warning
Input pipelining  
DSP TCU_WRAPPER_i/u_tc0/u_octect1/u_dpu_array/DPU3/dpu_fp32/mac3/multOp input TCU_WRAPPER_i/u_tc0/u_octect1/u_dpu_array/DPU3/dpu_fp32/mac3/multOp/B[17:0] is not pipelined. Pipelining DSP48 input will improve performance.
Related violations: <none>

DPIP-1#312 Warning
Input pipelining  
DSP TCU_WRAPPER_i/u_tc0/u_octect1/u_dpu_array/DPU3/dpu_fp32/mac3/multOp__0 input TCU_WRAPPER_i/u_tc0/u_octect1/u_dpu_array/DPU3/dpu_fp32/mac3/multOp__0/A[29:0] is not pipelined. Pipelining DSP48 input will improve performance.
Related violations: <none>

DPIP-1#313 Warning
Input pipelining  
DSP TCU_WRAPPER_i/u_tc0/u_octect1/u_dpu_array/DPU3/dpu_fp32/mac3/multOp__0 input TCU_WRAPPER_i/u_tc0/u_octect1/u_dpu_array/DPU3/dpu_fp32/mac3/multOp__0/B[17:0] is not pipelined. Pipelining DSP48 input will improve performance.
Related violations: <none>

DPIP-1#314 Warning
Input pipelining  
DSP TCU_WRAPPER_i/u_tc0/u_octect1/u_dpu_array/DPU3/dpu_posit32/posit32_mul0/multOp input TCU_WRAPPER_i/u_tc0/u_octect1/u_dpu_array/DPU3/dpu_posit32/posit32_mul0/multOp/A[29:0] is not pipelined. Pipelining DSP48 input will improve performance.
Related violations: <none>

DPIP-1#315 Warning
Input pipelining  
DSP TCU_WRAPPER_i/u_tc0/u_octect1/u_dpu_array/DPU3/dpu_posit32/posit32_mul0/multOp input TCU_WRAPPER_i/u_tc0/u_octect1/u_dpu_array/DPU3/dpu_posit32/posit32_mul0/multOp/B[17:0] is not pipelined. Pipelining DSP48 input will improve performance.
Related violations: <none>

DPIP-1#316 Warning
Input pipelining  
DSP TCU_WRAPPER_i/u_tc0/u_octect1/u_dpu_array/DPU3/dpu_posit32/posit32_mul0/multOp__0 input TCU_WRAPPER_i/u_tc0/u_octect1/u_dpu_array/DPU3/dpu_posit32/posit32_mul0/multOp__0/B[17:0] is not pipelined. Pipelining DSP48 input will improve performance.
Related violations: <none>

DPIP-1#317 Warning
Input pipelining  
DSP TCU_WRAPPER_i/u_tc0/u_octect1/u_dpu_array/DPU3/dpu_posit32/posit32_mul1/multOp input TCU_WRAPPER_i/u_tc0/u_octect1/u_dpu_array/DPU3/dpu_posit32/posit32_mul1/multOp/A[29:0] is not pipelined. Pipelining DSP48 input will improve performance.
Related violations: <none>

DPIP-1#318 Warning
Input pipelining  
DSP TCU_WRAPPER_i/u_tc0/u_octect1/u_dpu_array/DPU3/dpu_posit32/posit32_mul1/multOp input TCU_WRAPPER_i/u_tc0/u_octect1/u_dpu_array/DPU3/dpu_posit32/posit32_mul1/multOp/B[17:0] is not pipelined. Pipelining DSP48 input will improve performance.
Related violations: <none>

DPIP-1#319 Warning
Input pipelining  
DSP TCU_WRAPPER_i/u_tc0/u_octect1/u_dpu_array/DPU3/dpu_posit32/posit32_mul1/multOp__0 input TCU_WRAPPER_i/u_tc0/u_octect1/u_dpu_array/DPU3/dpu_posit32/posit32_mul1/multOp__0/B[17:0] is not pipelined. Pipelining DSP48 input will improve performance.
Related violations: <none>

DPIP-1#320 Warning
Input pipelining  
DSP TCU_WRAPPER_i/u_tc0/u_octect1/u_dpu_array/DPU3/dpu_posit32/posit32_mul2/multOp input TCU_WRAPPER_i/u_tc0/u_octect1/u_dpu_array/DPU3/dpu_posit32/posit32_mul2/multOp/A[29:0] is not pipelined. Pipelining DSP48 input will improve performance.
Related violations: <none>

DPIP-1#321 Warning
Input pipelining  
DSP TCU_WRAPPER_i/u_tc0/u_octect1/u_dpu_array/DPU3/dpu_posit32/posit32_mul2/multOp input TCU_WRAPPER_i/u_tc0/u_octect1/u_dpu_array/DPU3/dpu_posit32/posit32_mul2/multOp/B[17:0] is not pipelined. Pipelining DSP48 input will improve performance.
Related violations: <none>

DPIP-1#322 Warning
Input pipelining  
DSP TCU_WRAPPER_i/u_tc0/u_octect1/u_dpu_array/DPU3/dpu_posit32/posit32_mul2/multOp__0 input TCU_WRAPPER_i/u_tc0/u_octect1/u_dpu_array/DPU3/dpu_posit32/posit32_mul2/multOp__0/B[17:0] is not pipelined. Pipelining DSP48 input will improve performance.
Related violations: <none>

DPIP-1#323 Warning
Input pipelining  
DSP TCU_WRAPPER_i/u_tc0/u_octect1/u_dpu_array/DPU3/dpu_posit32/posit32_mul3/multOp input TCU_WRAPPER_i/u_tc0/u_octect1/u_dpu_array/DPU3/dpu_posit32/posit32_mul3/multOp/A[29:0] is not pipelined. Pipelining DSP48 input will improve performance.
Related violations: <none>

DPIP-1#324 Warning
Input pipelining  
DSP TCU_WRAPPER_i/u_tc0/u_octect1/u_dpu_array/DPU3/dpu_posit32/posit32_mul3/multOp input TCU_WRAPPER_i/u_tc0/u_octect1/u_dpu_array/DPU3/dpu_posit32/posit32_mul3/multOp/B[17:0] is not pipelined. Pipelining DSP48 input will improve performance.
Related violations: <none>

DPIP-1#325 Warning
Input pipelining  
DSP TCU_WRAPPER_i/u_tc0/u_octect1/u_dpu_array/DPU4/dpu_fp32/mac0/multOp input TCU_WRAPPER_i/u_tc0/u_octect1/u_dpu_array/DPU4/dpu_fp32/mac0/multOp/A[29:0] is not pipelined. Pipelining DSP48 input will improve performance.
Related violations: <none>

DPIP-1#326 Warning
Input pipelining  
DSP TCU_WRAPPER_i/u_tc0/u_octect1/u_dpu_array/DPU4/dpu_fp32/mac0/multOp input TCU_WRAPPER_i/u_tc0/u_octect1/u_dpu_array/DPU4/dpu_fp32/mac0/multOp/B[17:0] is not pipelined. Pipelining DSP48 input will improve performance.
Related violations: <none>

DPIP-1#327 Warning
Input pipelining  
DSP TCU_WRAPPER_i/u_tc0/u_octect1/u_dpu_array/DPU4/dpu_fp32/mac0/multOp__0 input TCU_WRAPPER_i/u_tc0/u_octect1/u_dpu_array/DPU4/dpu_fp32/mac0/multOp__0/A[29:0] is not pipelined. Pipelining DSP48 input will improve performance.
Related violations: <none>

DPIP-1#328 Warning
Input pipelining  
DSP TCU_WRAPPER_i/u_tc0/u_octect1/u_dpu_array/DPU4/dpu_fp32/mac0/multOp__0 input TCU_WRAPPER_i/u_tc0/u_octect1/u_dpu_array/DPU4/dpu_fp32/mac0/multOp__0/B[17:0] is not pipelined. Pipelining DSP48 input will improve performance.
Related violations: <none>

DPIP-1#329 Warning
Input pipelining  
DSP TCU_WRAPPER_i/u_tc0/u_octect1/u_dpu_array/DPU4/dpu_fp32/mac1/multOp input TCU_WRAPPER_i/u_tc0/u_octect1/u_dpu_array/DPU4/dpu_fp32/mac1/multOp/A[29:0] is not pipelined. Pipelining DSP48 input will improve performance.
Related violations: <none>

DPIP-1#330 Warning
Input pipelining  
DSP TCU_WRAPPER_i/u_tc0/u_octect1/u_dpu_array/DPU4/dpu_fp32/mac1/multOp input TCU_WRAPPER_i/u_tc0/u_octect1/u_dpu_array/DPU4/dpu_fp32/mac1/multOp/B[17:0] is not pipelined. Pipelining DSP48 input will improve performance.
Related violations: <none>

DPIP-1#331 Warning
Input pipelining  
DSP TCU_WRAPPER_i/u_tc0/u_octect1/u_dpu_array/DPU4/dpu_fp32/mac1/multOp__0 input TCU_WRAPPER_i/u_tc0/u_octect1/u_dpu_array/DPU4/dpu_fp32/mac1/multOp__0/A[29:0] is not pipelined. Pipelining DSP48 input will improve performance.
Related violations: <none>

DPIP-1#332 Warning
Input pipelining  
DSP TCU_WRAPPER_i/u_tc0/u_octect1/u_dpu_array/DPU4/dpu_fp32/mac1/multOp__0 input TCU_WRAPPER_i/u_tc0/u_octect1/u_dpu_array/DPU4/dpu_fp32/mac1/multOp__0/B[17:0] is not pipelined. Pipelining DSP48 input will improve performance.
Related violations: <none>

DPIP-1#333 Warning
Input pipelining  
DSP TCU_WRAPPER_i/u_tc0/u_octect1/u_dpu_array/DPU4/dpu_fp32/mac2/multOp input TCU_WRAPPER_i/u_tc0/u_octect1/u_dpu_array/DPU4/dpu_fp32/mac2/multOp/A[29:0] is not pipelined. Pipelining DSP48 input will improve performance.
Related violations: <none>

DPIP-1#334 Warning
Input pipelining  
DSP TCU_WRAPPER_i/u_tc0/u_octect1/u_dpu_array/DPU4/dpu_fp32/mac2/multOp input TCU_WRAPPER_i/u_tc0/u_octect1/u_dpu_array/DPU4/dpu_fp32/mac2/multOp/B[17:0] is not pipelined. Pipelining DSP48 input will improve performance.
Related violations: <none>

DPIP-1#335 Warning
Input pipelining  
DSP TCU_WRAPPER_i/u_tc0/u_octect1/u_dpu_array/DPU4/dpu_fp32/mac2/multOp__0 input TCU_WRAPPER_i/u_tc0/u_octect1/u_dpu_array/DPU4/dpu_fp32/mac2/multOp__0/A[29:0] is not pipelined. Pipelining DSP48 input will improve performance.
Related violations: <none>

DPIP-1#336 Warning
Input pipelining  
DSP TCU_WRAPPER_i/u_tc0/u_octect1/u_dpu_array/DPU4/dpu_fp32/mac2/multOp__0 input TCU_WRAPPER_i/u_tc0/u_octect1/u_dpu_array/DPU4/dpu_fp32/mac2/multOp__0/B[17:0] is not pipelined. Pipelining DSP48 input will improve performance.
Related violations: <none>

DPIP-1#337 Warning
Input pipelining  
DSP TCU_WRAPPER_i/u_tc0/u_octect1/u_dpu_array/DPU4/dpu_fp32/mac3/multOp input TCU_WRAPPER_i/u_tc0/u_octect1/u_dpu_array/DPU4/dpu_fp32/mac3/multOp/A[29:0] is not pipelined. Pipelining DSP48 input will improve performance.
Related violations: <none>

DPIP-1#338 Warning
Input pipelining  
DSP TCU_WRAPPER_i/u_tc0/u_octect1/u_dpu_array/DPU4/dpu_fp32/mac3/multOp input TCU_WRAPPER_i/u_tc0/u_octect1/u_dpu_array/DPU4/dpu_fp32/mac3/multOp/B[17:0] is not pipelined. Pipelining DSP48 input will improve performance.
Related violations: <none>

DPIP-1#339 Warning
Input pipelining  
DSP TCU_WRAPPER_i/u_tc0/u_octect1/u_dpu_array/DPU4/dpu_fp32/mac3/multOp__0 input TCU_WRAPPER_i/u_tc0/u_octect1/u_dpu_array/DPU4/dpu_fp32/mac3/multOp__0/A[29:0] is not pipelined. Pipelining DSP48 input will improve performance.
Related violations: <none>

DPIP-1#340 Warning
Input pipelining  
DSP TCU_WRAPPER_i/u_tc0/u_octect1/u_dpu_array/DPU4/dpu_fp32/mac3/multOp__0 input TCU_WRAPPER_i/u_tc0/u_octect1/u_dpu_array/DPU4/dpu_fp32/mac3/multOp__0/B[17:0] is not pipelined. Pipelining DSP48 input will improve performance.
Related violations: <none>

DPIP-1#341 Warning
Input pipelining  
DSP TCU_WRAPPER_i/u_tc0/u_octect1/u_dpu_array/DPU4/dpu_posit32/posit32_mul0/multOp input TCU_WRAPPER_i/u_tc0/u_octect1/u_dpu_array/DPU4/dpu_posit32/posit32_mul0/multOp/A[29:0] is not pipelined. Pipelining DSP48 input will improve performance.
Related violations: <none>

DPIP-1#342 Warning
Input pipelining  
DSP TCU_WRAPPER_i/u_tc0/u_octect1/u_dpu_array/DPU4/dpu_posit32/posit32_mul0/multOp input TCU_WRAPPER_i/u_tc0/u_octect1/u_dpu_array/DPU4/dpu_posit32/posit32_mul0/multOp/B[17:0] is not pipelined. Pipelining DSP48 input will improve performance.
Related violations: <none>

DPIP-1#343 Warning
Input pipelining  
DSP TCU_WRAPPER_i/u_tc0/u_octect1/u_dpu_array/DPU4/dpu_posit32/posit32_mul0/multOp__0 input TCU_WRAPPER_i/u_tc0/u_octect1/u_dpu_array/DPU4/dpu_posit32/posit32_mul0/multOp__0/B[17:0] is not pipelined. Pipelining DSP48 input will improve performance.
Related violations: <none>

DPIP-1#344 Warning
Input pipelining  
DSP TCU_WRAPPER_i/u_tc0/u_octect1/u_dpu_array/DPU4/dpu_posit32/posit32_mul1/multOp input TCU_WRAPPER_i/u_tc0/u_octect1/u_dpu_array/DPU4/dpu_posit32/posit32_mul1/multOp/A[29:0] is not pipelined. Pipelining DSP48 input will improve performance.
Related violations: <none>

DPIP-1#345 Warning
Input pipelining  
DSP TCU_WRAPPER_i/u_tc0/u_octect1/u_dpu_array/DPU4/dpu_posit32/posit32_mul1/multOp input TCU_WRAPPER_i/u_tc0/u_octect1/u_dpu_array/DPU4/dpu_posit32/posit32_mul1/multOp/B[17:0] is not pipelined. Pipelining DSP48 input will improve performance.
Related violations: <none>

DPIP-1#346 Warning
Input pipelining  
DSP TCU_WRAPPER_i/u_tc0/u_octect1/u_dpu_array/DPU4/dpu_posit32/posit32_mul1/multOp__0 input TCU_WRAPPER_i/u_tc0/u_octect1/u_dpu_array/DPU4/dpu_posit32/posit32_mul1/multOp__0/B[17:0] is not pipelined. Pipelining DSP48 input will improve performance.
Related violations: <none>

DPIP-1#347 Warning
Input pipelining  
DSP TCU_WRAPPER_i/u_tc0/u_octect1/u_dpu_array/DPU4/dpu_posit32/posit32_mul2/multOp input TCU_WRAPPER_i/u_tc0/u_octect1/u_dpu_array/DPU4/dpu_posit32/posit32_mul2/multOp/A[29:0] is not pipelined. Pipelining DSP48 input will improve performance.
Related violations: <none>

DPIP-1#348 Warning
Input pipelining  
DSP TCU_WRAPPER_i/u_tc0/u_octect1/u_dpu_array/DPU4/dpu_posit32/posit32_mul2/multOp input TCU_WRAPPER_i/u_tc0/u_octect1/u_dpu_array/DPU4/dpu_posit32/posit32_mul2/multOp/B[17:0] is not pipelined. Pipelining DSP48 input will improve performance.
Related violations: <none>

DPIP-1#349 Warning
Input pipelining  
DSP TCU_WRAPPER_i/u_tc0/u_octect1/u_dpu_array/DPU4/dpu_posit32/posit32_mul2/multOp__0 input TCU_WRAPPER_i/u_tc0/u_octect1/u_dpu_array/DPU4/dpu_posit32/posit32_mul2/multOp__0/B[17:0] is not pipelined. Pipelining DSP48 input will improve performance.
Related violations: <none>

DPIP-1#350 Warning
Input pipelining  
DSP TCU_WRAPPER_i/u_tc0/u_octect1/u_dpu_array/DPU4/dpu_posit32/posit32_mul3/multOp input TCU_WRAPPER_i/u_tc0/u_octect1/u_dpu_array/DPU4/dpu_posit32/posit32_mul3/multOp/A[29:0] is not pipelined. Pipelining DSP48 input will improve performance.
Related violations: <none>

DPIP-1#351 Warning
Input pipelining  
DSP TCU_WRAPPER_i/u_tc0/u_octect1/u_dpu_array/DPU4/dpu_posit32/posit32_mul3/multOp input TCU_WRAPPER_i/u_tc0/u_octect1/u_dpu_array/DPU4/dpu_posit32/posit32_mul3/multOp/B[17:0] is not pipelined. Pipelining DSP48 input will improve performance.
Related violations: <none>

DPIP-1#352 Warning
Input pipelining  
DSP TCU_WRAPPER_i/u_tc0/u_octect1/u_dpu_array/DPU5/dpu_fp32/mac0/multOp input TCU_WRAPPER_i/u_tc0/u_octect1/u_dpu_array/DPU5/dpu_fp32/mac0/multOp/A[29:0] is not pipelined. Pipelining DSP48 input will improve performance.
Related violations: <none>

DPIP-1#353 Warning
Input pipelining  
DSP TCU_WRAPPER_i/u_tc0/u_octect1/u_dpu_array/DPU5/dpu_fp32/mac0/multOp input TCU_WRAPPER_i/u_tc0/u_octect1/u_dpu_array/DPU5/dpu_fp32/mac0/multOp/B[17:0] is not pipelined. Pipelining DSP48 input will improve performance.
Related violations: <none>

DPIP-1#354 Warning
Input pipelining  
DSP TCU_WRAPPER_i/u_tc0/u_octect1/u_dpu_array/DPU5/dpu_fp32/mac0/multOp__0 input TCU_WRAPPER_i/u_tc0/u_octect1/u_dpu_array/DPU5/dpu_fp32/mac0/multOp__0/A[29:0] is not pipelined. Pipelining DSP48 input will improve performance.
Related violations: <none>

DPIP-1#355 Warning
Input pipelining  
DSP TCU_WRAPPER_i/u_tc0/u_octect1/u_dpu_array/DPU5/dpu_fp32/mac0/multOp__0 input TCU_WRAPPER_i/u_tc0/u_octect1/u_dpu_array/DPU5/dpu_fp32/mac0/multOp__0/B[17:0] is not pipelined. Pipelining DSP48 input will improve performance.
Related violations: <none>

DPIP-1#356 Warning
Input pipelining  
DSP TCU_WRAPPER_i/u_tc0/u_octect1/u_dpu_array/DPU5/dpu_fp32/mac1/multOp input TCU_WRAPPER_i/u_tc0/u_octect1/u_dpu_array/DPU5/dpu_fp32/mac1/multOp/A[29:0] is not pipelined. Pipelining DSP48 input will improve performance.
Related violations: <none>

DPIP-1#357 Warning
Input pipelining  
DSP TCU_WRAPPER_i/u_tc0/u_octect1/u_dpu_array/DPU5/dpu_fp32/mac1/multOp input TCU_WRAPPER_i/u_tc0/u_octect1/u_dpu_array/DPU5/dpu_fp32/mac1/multOp/B[17:0] is not pipelined. Pipelining DSP48 input will improve performance.
Related violations: <none>

DPIP-1#358 Warning
Input pipelining  
DSP TCU_WRAPPER_i/u_tc0/u_octect1/u_dpu_array/DPU5/dpu_fp32/mac1/multOp__0 input TCU_WRAPPER_i/u_tc0/u_octect1/u_dpu_array/DPU5/dpu_fp32/mac1/multOp__0/A[29:0] is not pipelined. Pipelining DSP48 input will improve performance.
Related violations: <none>

DPIP-1#359 Warning
Input pipelining  
DSP TCU_WRAPPER_i/u_tc0/u_octect1/u_dpu_array/DPU5/dpu_fp32/mac1/multOp__0 input TCU_WRAPPER_i/u_tc0/u_octect1/u_dpu_array/DPU5/dpu_fp32/mac1/multOp__0/B[17:0] is not pipelined. Pipelining DSP48 input will improve performance.
Related violations: <none>

DPIP-1#360 Warning
Input pipelining  
DSP TCU_WRAPPER_i/u_tc0/u_octect1/u_dpu_array/DPU5/dpu_fp32/mac2/multOp input TCU_WRAPPER_i/u_tc0/u_octect1/u_dpu_array/DPU5/dpu_fp32/mac2/multOp/A[29:0] is not pipelined. Pipelining DSP48 input will improve performance.
Related violations: <none>

DPIP-1#361 Warning
Input pipelining  
DSP TCU_WRAPPER_i/u_tc0/u_octect1/u_dpu_array/DPU5/dpu_fp32/mac2/multOp input TCU_WRAPPER_i/u_tc0/u_octect1/u_dpu_array/DPU5/dpu_fp32/mac2/multOp/B[17:0] is not pipelined. Pipelining DSP48 input will improve performance.
Related violations: <none>

DPIP-1#362 Warning
Input pipelining  
DSP TCU_WRAPPER_i/u_tc0/u_octect1/u_dpu_array/DPU5/dpu_fp32/mac2/multOp__0 input TCU_WRAPPER_i/u_tc0/u_octect1/u_dpu_array/DPU5/dpu_fp32/mac2/multOp__0/A[29:0] is not pipelined. Pipelining DSP48 input will improve performance.
Related violations: <none>

DPIP-1#363 Warning
Input pipelining  
DSP TCU_WRAPPER_i/u_tc0/u_octect1/u_dpu_array/DPU5/dpu_fp32/mac2/multOp__0 input TCU_WRAPPER_i/u_tc0/u_octect1/u_dpu_array/DPU5/dpu_fp32/mac2/multOp__0/B[17:0] is not pipelined. Pipelining DSP48 input will improve performance.
Related violations: <none>

DPIP-1#364 Warning
Input pipelining  
DSP TCU_WRAPPER_i/u_tc0/u_octect1/u_dpu_array/DPU5/dpu_fp32/mac3/multOp input TCU_WRAPPER_i/u_tc0/u_octect1/u_dpu_array/DPU5/dpu_fp32/mac3/multOp/A[29:0] is not pipelined. Pipelining DSP48 input will improve performance.
Related violations: <none>

DPIP-1#365 Warning
Input pipelining  
DSP TCU_WRAPPER_i/u_tc0/u_octect1/u_dpu_array/DPU5/dpu_fp32/mac3/multOp input TCU_WRAPPER_i/u_tc0/u_octect1/u_dpu_array/DPU5/dpu_fp32/mac3/multOp/B[17:0] is not pipelined. Pipelining DSP48 input will improve performance.
Related violations: <none>

DPIP-1#366 Warning
Input pipelining  
DSP TCU_WRAPPER_i/u_tc0/u_octect1/u_dpu_array/DPU5/dpu_fp32/mac3/multOp__0 input TCU_WRAPPER_i/u_tc0/u_octect1/u_dpu_array/DPU5/dpu_fp32/mac3/multOp__0/A[29:0] is not pipelined. Pipelining DSP48 input will improve performance.
Related violations: <none>

DPIP-1#367 Warning
Input pipelining  
DSP TCU_WRAPPER_i/u_tc0/u_octect1/u_dpu_array/DPU5/dpu_fp32/mac3/multOp__0 input TCU_WRAPPER_i/u_tc0/u_octect1/u_dpu_array/DPU5/dpu_fp32/mac3/multOp__0/B[17:0] is not pipelined. Pipelining DSP48 input will improve performance.
Related violations: <none>

DPIP-1#368 Warning
Input pipelining  
DSP TCU_WRAPPER_i/u_tc0/u_octect1/u_dpu_array/DPU5/dpu_posit32/posit32_mul0/multOp input TCU_WRAPPER_i/u_tc0/u_octect1/u_dpu_array/DPU5/dpu_posit32/posit32_mul0/multOp/A[29:0] is not pipelined. Pipelining DSP48 input will improve performance.
Related violations: <none>

DPIP-1#369 Warning
Input pipelining  
DSP TCU_WRAPPER_i/u_tc0/u_octect1/u_dpu_array/DPU5/dpu_posit32/posit32_mul0/multOp input TCU_WRAPPER_i/u_tc0/u_octect1/u_dpu_array/DPU5/dpu_posit32/posit32_mul0/multOp/B[17:0] is not pipelined. Pipelining DSP48 input will improve performance.
Related violations: <none>

DPIP-1#370 Warning
Input pipelining  
DSP TCU_WRAPPER_i/u_tc0/u_octect1/u_dpu_array/DPU5/dpu_posit32/posit32_mul0/multOp__0 input TCU_WRAPPER_i/u_tc0/u_octect1/u_dpu_array/DPU5/dpu_posit32/posit32_mul0/multOp__0/B[17:0] is not pipelined. Pipelining DSP48 input will improve performance.
Related violations: <none>

DPIP-1#371 Warning
Input pipelining  
DSP TCU_WRAPPER_i/u_tc0/u_octect1/u_dpu_array/DPU5/dpu_posit32/posit32_mul1/multOp input TCU_WRAPPER_i/u_tc0/u_octect1/u_dpu_array/DPU5/dpu_posit32/posit32_mul1/multOp/A[29:0] is not pipelined. Pipelining DSP48 input will improve performance.
Related violations: <none>

DPIP-1#372 Warning
Input pipelining  
DSP TCU_WRAPPER_i/u_tc0/u_octect1/u_dpu_array/DPU5/dpu_posit32/posit32_mul1/multOp input TCU_WRAPPER_i/u_tc0/u_octect1/u_dpu_array/DPU5/dpu_posit32/posit32_mul1/multOp/B[17:0] is not pipelined. Pipelining DSP48 input will improve performance.
Related violations: <none>

DPIP-1#373 Warning
Input pipelining  
DSP TCU_WRAPPER_i/u_tc0/u_octect1/u_dpu_array/DPU5/dpu_posit32/posit32_mul1/multOp__0 input TCU_WRAPPER_i/u_tc0/u_octect1/u_dpu_array/DPU5/dpu_posit32/posit32_mul1/multOp__0/B[17:0] is not pipelined. Pipelining DSP48 input will improve performance.
Related violations: <none>

DPIP-1#374 Warning
Input pipelining  
DSP TCU_WRAPPER_i/u_tc0/u_octect1/u_dpu_array/DPU5/dpu_posit32/posit32_mul2/multOp input TCU_WRAPPER_i/u_tc0/u_octect1/u_dpu_array/DPU5/dpu_posit32/posit32_mul2/multOp/A[29:0] is not pipelined. Pipelining DSP48 input will improve performance.
Related violations: <none>

DPIP-1#375 Warning
Input pipelining  
DSP TCU_WRAPPER_i/u_tc0/u_octect1/u_dpu_array/DPU5/dpu_posit32/posit32_mul2/multOp input TCU_WRAPPER_i/u_tc0/u_octect1/u_dpu_array/DPU5/dpu_posit32/posit32_mul2/multOp/B[17:0] is not pipelined. Pipelining DSP48 input will improve performance.
Related violations: <none>

DPIP-1#376 Warning
Input pipelining  
DSP TCU_WRAPPER_i/u_tc0/u_octect1/u_dpu_array/DPU5/dpu_posit32/posit32_mul2/multOp__0 input TCU_WRAPPER_i/u_tc0/u_octect1/u_dpu_array/DPU5/dpu_posit32/posit32_mul2/multOp__0/B[17:0] is not pipelined. Pipelining DSP48 input will improve performance.
Related violations: <none>

DPIP-1#377 Warning
Input pipelining  
DSP TCU_WRAPPER_i/u_tc0/u_octect1/u_dpu_array/DPU5/dpu_posit32/posit32_mul3/multOp input TCU_WRAPPER_i/u_tc0/u_octect1/u_dpu_array/DPU5/dpu_posit32/posit32_mul3/multOp/A[29:0] is not pipelined. Pipelining DSP48 input will improve performance.
Related violations: <none>

DPIP-1#378 Warning
Input pipelining  
DSP TCU_WRAPPER_i/u_tc0/u_octect1/u_dpu_array/DPU5/dpu_posit32/posit32_mul3/multOp input TCU_WRAPPER_i/u_tc0/u_octect1/u_dpu_array/DPU5/dpu_posit32/posit32_mul3/multOp/B[17:0] is not pipelined. Pipelining DSP48 input will improve performance.
Related violations: <none>

DPIP-1#379 Warning
Input pipelining  
DSP TCU_WRAPPER_i/u_tc0/u_octect1/u_dpu_array/DPU6/dpu_fp32/mac0/multOp input TCU_WRAPPER_i/u_tc0/u_octect1/u_dpu_array/DPU6/dpu_fp32/mac0/multOp/A[29:0] is not pipelined. Pipelining DSP48 input will improve performance.
Related violations: <none>

DPIP-1#380 Warning
Input pipelining  
DSP TCU_WRAPPER_i/u_tc0/u_octect1/u_dpu_array/DPU6/dpu_fp32/mac0/multOp input TCU_WRAPPER_i/u_tc0/u_octect1/u_dpu_array/DPU6/dpu_fp32/mac0/multOp/B[17:0] is not pipelined. Pipelining DSP48 input will improve performance.
Related violations: <none>

DPIP-1#381 Warning
Input pipelining  
DSP TCU_WRAPPER_i/u_tc0/u_octect1/u_dpu_array/DPU6/dpu_fp32/mac0/multOp__0 input TCU_WRAPPER_i/u_tc0/u_octect1/u_dpu_array/DPU6/dpu_fp32/mac0/multOp__0/A[29:0] is not pipelined. Pipelining DSP48 input will improve performance.
Related violations: <none>

DPIP-1#382 Warning
Input pipelining  
DSP TCU_WRAPPER_i/u_tc0/u_octect1/u_dpu_array/DPU6/dpu_fp32/mac0/multOp__0 input TCU_WRAPPER_i/u_tc0/u_octect1/u_dpu_array/DPU6/dpu_fp32/mac0/multOp__0/B[17:0] is not pipelined. Pipelining DSP48 input will improve performance.
Related violations: <none>

DPIP-1#383 Warning
Input pipelining  
DSP TCU_WRAPPER_i/u_tc0/u_octect1/u_dpu_array/DPU6/dpu_fp32/mac1/multOp input TCU_WRAPPER_i/u_tc0/u_octect1/u_dpu_array/DPU6/dpu_fp32/mac1/multOp/A[29:0] is not pipelined. Pipelining DSP48 input will improve performance.
Related violations: <none>

DPIP-1#384 Warning
Input pipelining  
DSP TCU_WRAPPER_i/u_tc0/u_octect1/u_dpu_array/DPU6/dpu_fp32/mac1/multOp input TCU_WRAPPER_i/u_tc0/u_octect1/u_dpu_array/DPU6/dpu_fp32/mac1/multOp/B[17:0] is not pipelined. Pipelining DSP48 input will improve performance.
Related violations: <none>

DPIP-1#385 Warning
Input pipelining  
DSP TCU_WRAPPER_i/u_tc0/u_octect1/u_dpu_array/DPU6/dpu_fp32/mac1/multOp__0 input TCU_WRAPPER_i/u_tc0/u_octect1/u_dpu_array/DPU6/dpu_fp32/mac1/multOp__0/A[29:0] is not pipelined. Pipelining DSP48 input will improve performance.
Related violations: <none>

DPIP-1#386 Warning
Input pipelining  
DSP TCU_WRAPPER_i/u_tc0/u_octect1/u_dpu_array/DPU6/dpu_fp32/mac1/multOp__0 input TCU_WRAPPER_i/u_tc0/u_octect1/u_dpu_array/DPU6/dpu_fp32/mac1/multOp__0/B[17:0] is not pipelined. Pipelining DSP48 input will improve performance.
Related violations: <none>

DPIP-1#387 Warning
Input pipelining  
DSP TCU_WRAPPER_i/u_tc0/u_octect1/u_dpu_array/DPU6/dpu_fp32/mac2/multOp input TCU_WRAPPER_i/u_tc0/u_octect1/u_dpu_array/DPU6/dpu_fp32/mac2/multOp/A[29:0] is not pipelined. Pipelining DSP48 input will improve performance.
Related violations: <none>

DPIP-1#388 Warning
Input pipelining  
DSP TCU_WRAPPER_i/u_tc0/u_octect1/u_dpu_array/DPU6/dpu_fp32/mac2/multOp input TCU_WRAPPER_i/u_tc0/u_octect1/u_dpu_array/DPU6/dpu_fp32/mac2/multOp/B[17:0] is not pipelined. Pipelining DSP48 input will improve performance.
Related violations: <none>

DPIP-1#389 Warning
Input pipelining  
DSP TCU_WRAPPER_i/u_tc0/u_octect1/u_dpu_array/DPU6/dpu_fp32/mac2/multOp__0 input TCU_WRAPPER_i/u_tc0/u_octect1/u_dpu_array/DPU6/dpu_fp32/mac2/multOp__0/A[29:0] is not pipelined. Pipelining DSP48 input will improve performance.
Related violations: <none>

DPIP-1#390 Warning
Input pipelining  
DSP TCU_WRAPPER_i/u_tc0/u_octect1/u_dpu_array/DPU6/dpu_fp32/mac2/multOp__0 input TCU_WRAPPER_i/u_tc0/u_octect1/u_dpu_array/DPU6/dpu_fp32/mac2/multOp__0/B[17:0] is not pipelined. Pipelining DSP48 input will improve performance.
Related violations: <none>

DPIP-1#391 Warning
Input pipelining  
DSP TCU_WRAPPER_i/u_tc0/u_octect1/u_dpu_array/DPU6/dpu_fp32/mac3/multOp input TCU_WRAPPER_i/u_tc0/u_octect1/u_dpu_array/DPU6/dpu_fp32/mac3/multOp/A[29:0] is not pipelined. Pipelining DSP48 input will improve performance.
Related violations: <none>

DPIP-1#392 Warning
Input pipelining  
DSP TCU_WRAPPER_i/u_tc0/u_octect1/u_dpu_array/DPU6/dpu_fp32/mac3/multOp input TCU_WRAPPER_i/u_tc0/u_octect1/u_dpu_array/DPU6/dpu_fp32/mac3/multOp/B[17:0] is not pipelined. Pipelining DSP48 input will improve performance.
Related violations: <none>

DPIP-1#393 Warning
Input pipelining  
DSP TCU_WRAPPER_i/u_tc0/u_octect1/u_dpu_array/DPU6/dpu_fp32/mac3/multOp__0 input TCU_WRAPPER_i/u_tc0/u_octect1/u_dpu_array/DPU6/dpu_fp32/mac3/multOp__0/A[29:0] is not pipelined. Pipelining DSP48 input will improve performance.
Related violations: <none>

DPIP-1#394 Warning
Input pipelining  
DSP TCU_WRAPPER_i/u_tc0/u_octect1/u_dpu_array/DPU6/dpu_fp32/mac3/multOp__0 input TCU_WRAPPER_i/u_tc0/u_octect1/u_dpu_array/DPU6/dpu_fp32/mac3/multOp__0/B[17:0] is not pipelined. Pipelining DSP48 input will improve performance.
Related violations: <none>

DPIP-1#395 Warning
Input pipelining  
DSP TCU_WRAPPER_i/u_tc0/u_octect1/u_dpu_array/DPU6/dpu_posit32/posit32_mul0/multOp input TCU_WRAPPER_i/u_tc0/u_octect1/u_dpu_array/DPU6/dpu_posit32/posit32_mul0/multOp/A[29:0] is not pipelined. Pipelining DSP48 input will improve performance.
Related violations: <none>

DPIP-1#396 Warning
Input pipelining  
DSP TCU_WRAPPER_i/u_tc0/u_octect1/u_dpu_array/DPU6/dpu_posit32/posit32_mul0/multOp input TCU_WRAPPER_i/u_tc0/u_octect1/u_dpu_array/DPU6/dpu_posit32/posit32_mul0/multOp/B[17:0] is not pipelined. Pipelining DSP48 input will improve performance.
Related violations: <none>

DPIP-1#397 Warning
Input pipelining  
DSP TCU_WRAPPER_i/u_tc0/u_octect1/u_dpu_array/DPU6/dpu_posit32/posit32_mul0/multOp__0 input TCU_WRAPPER_i/u_tc0/u_octect1/u_dpu_array/DPU6/dpu_posit32/posit32_mul0/multOp__0/B[17:0] is not pipelined. Pipelining DSP48 input will improve performance.
Related violations: <none>

DPIP-1#398 Warning
Input pipelining  
DSP TCU_WRAPPER_i/u_tc0/u_octect1/u_dpu_array/DPU6/dpu_posit32/posit32_mul1/multOp input TCU_WRAPPER_i/u_tc0/u_octect1/u_dpu_array/DPU6/dpu_posit32/posit32_mul1/multOp/A[29:0] is not pipelined. Pipelining DSP48 input will improve performance.
Related violations: <none>

DPIP-1#399 Warning
Input pipelining  
DSP TCU_WRAPPER_i/u_tc0/u_octect1/u_dpu_array/DPU6/dpu_posit32/posit32_mul1/multOp input TCU_WRAPPER_i/u_tc0/u_octect1/u_dpu_array/DPU6/dpu_posit32/posit32_mul1/multOp/B[17:0] is not pipelined. Pipelining DSP48 input will improve performance.
Related violations: <none>

DPIP-1#400 Warning
Input pipelining  
DSP TCU_WRAPPER_i/u_tc0/u_octect1/u_dpu_array/DPU6/dpu_posit32/posit32_mul1/multOp__0 input TCU_WRAPPER_i/u_tc0/u_octect1/u_dpu_array/DPU6/dpu_posit32/posit32_mul1/multOp__0/B[17:0] is not pipelined. Pipelining DSP48 input will improve performance.
Related violations: <none>

DPIP-1#401 Warning
Input pipelining  
DSP TCU_WRAPPER_i/u_tc0/u_octect1/u_dpu_array/DPU6/dpu_posit32/posit32_mul2/multOp input TCU_WRAPPER_i/u_tc0/u_octect1/u_dpu_array/DPU6/dpu_posit32/posit32_mul2/multOp/A[29:0] is not pipelined. Pipelining DSP48 input will improve performance.
Related violations: <none>

DPIP-1#402 Warning
Input pipelining  
DSP TCU_WRAPPER_i/u_tc0/u_octect1/u_dpu_array/DPU6/dpu_posit32/posit32_mul2/multOp input TCU_WRAPPER_i/u_tc0/u_octect1/u_dpu_array/DPU6/dpu_posit32/posit32_mul2/multOp/B[17:0] is not pipelined. Pipelining DSP48 input will improve performance.
Related violations: <none>

DPIP-1#403 Warning
Input pipelining  
DSP TCU_WRAPPER_i/u_tc0/u_octect1/u_dpu_array/DPU6/dpu_posit32/posit32_mul2/multOp__0 input TCU_WRAPPER_i/u_tc0/u_octect1/u_dpu_array/DPU6/dpu_posit32/posit32_mul2/multOp__0/B[17:0] is not pipelined. Pipelining DSP48 input will improve performance.
Related violations: <none>

DPIP-1#404 Warning
Input pipelining  
DSP TCU_WRAPPER_i/u_tc0/u_octect1/u_dpu_array/DPU6/dpu_posit32/posit32_mul3/multOp input TCU_WRAPPER_i/u_tc0/u_octect1/u_dpu_array/DPU6/dpu_posit32/posit32_mul3/multOp/A[29:0] is not pipelined. Pipelining DSP48 input will improve performance.
Related violations: <none>

DPIP-1#405 Warning
Input pipelining  
DSP TCU_WRAPPER_i/u_tc0/u_octect1/u_dpu_array/DPU6/dpu_posit32/posit32_mul3/multOp input TCU_WRAPPER_i/u_tc0/u_octect1/u_dpu_array/DPU6/dpu_posit32/posit32_mul3/multOp/B[17:0] is not pipelined. Pipelining DSP48 input will improve performance.
Related violations: <none>

DPIP-1#406 Warning
Input pipelining  
DSP TCU_WRAPPER_i/u_tc0/u_octect1/u_dpu_array/DPU7/dpu_fp32/mac0/multOp input TCU_WRAPPER_i/u_tc0/u_octect1/u_dpu_array/DPU7/dpu_fp32/mac0/multOp/A[29:0] is not pipelined. Pipelining DSP48 input will improve performance.
Related violations: <none>

DPIP-1#407 Warning
Input pipelining  
DSP TCU_WRAPPER_i/u_tc0/u_octect1/u_dpu_array/DPU7/dpu_fp32/mac0/multOp input TCU_WRAPPER_i/u_tc0/u_octect1/u_dpu_array/DPU7/dpu_fp32/mac0/multOp/B[17:0] is not pipelined. Pipelining DSP48 input will improve performance.
Related violations: <none>

DPIP-1#408 Warning
Input pipelining  
DSP TCU_WRAPPER_i/u_tc0/u_octect1/u_dpu_array/DPU7/dpu_fp32/mac0/multOp__0 input TCU_WRAPPER_i/u_tc0/u_octect1/u_dpu_array/DPU7/dpu_fp32/mac0/multOp__0/A[29:0] is not pipelined. Pipelining DSP48 input will improve performance.
Related violations: <none>

DPIP-1#409 Warning
Input pipelining  
DSP TCU_WRAPPER_i/u_tc0/u_octect1/u_dpu_array/DPU7/dpu_fp32/mac0/multOp__0 input TCU_WRAPPER_i/u_tc0/u_octect1/u_dpu_array/DPU7/dpu_fp32/mac0/multOp__0/B[17:0] is not pipelined. Pipelining DSP48 input will improve performance.
Related violations: <none>

DPIP-1#410 Warning
Input pipelining  
DSP TCU_WRAPPER_i/u_tc0/u_octect1/u_dpu_array/DPU7/dpu_fp32/mac1/multOp input TCU_WRAPPER_i/u_tc0/u_octect1/u_dpu_array/DPU7/dpu_fp32/mac1/multOp/A[29:0] is not pipelined. Pipelining DSP48 input will improve performance.
Related violations: <none>

DPIP-1#411 Warning
Input pipelining  
DSP TCU_WRAPPER_i/u_tc0/u_octect1/u_dpu_array/DPU7/dpu_fp32/mac1/multOp input TCU_WRAPPER_i/u_tc0/u_octect1/u_dpu_array/DPU7/dpu_fp32/mac1/multOp/B[17:0] is not pipelined. Pipelining DSP48 input will improve performance.
Related violations: <none>

DPIP-1#412 Warning
Input pipelining  
DSP TCU_WRAPPER_i/u_tc0/u_octect1/u_dpu_array/DPU7/dpu_fp32/mac1/multOp__0 input TCU_WRAPPER_i/u_tc0/u_octect1/u_dpu_array/DPU7/dpu_fp32/mac1/multOp__0/A[29:0] is not pipelined. Pipelining DSP48 input will improve performance.
Related violations: <none>

DPIP-1#413 Warning
Input pipelining  
DSP TCU_WRAPPER_i/u_tc0/u_octect1/u_dpu_array/DPU7/dpu_fp32/mac1/multOp__0 input TCU_WRAPPER_i/u_tc0/u_octect1/u_dpu_array/DPU7/dpu_fp32/mac1/multOp__0/B[17:0] is not pipelined. Pipelining DSP48 input will improve performance.
Related violations: <none>

DPIP-1#414 Warning
Input pipelining  
DSP TCU_WRAPPER_i/u_tc0/u_octect1/u_dpu_array/DPU7/dpu_fp32/mac2/multOp input TCU_WRAPPER_i/u_tc0/u_octect1/u_dpu_array/DPU7/dpu_fp32/mac2/multOp/A[29:0] is not pipelined. Pipelining DSP48 input will improve performance.
Related violations: <none>

DPIP-1#415 Warning
Input pipelining  
DSP TCU_WRAPPER_i/u_tc0/u_octect1/u_dpu_array/DPU7/dpu_fp32/mac2/multOp input TCU_WRAPPER_i/u_tc0/u_octect1/u_dpu_array/DPU7/dpu_fp32/mac2/multOp/B[17:0] is not pipelined. Pipelining DSP48 input will improve performance.
Related violations: <none>

DPIP-1#416 Warning
Input pipelining  
DSP TCU_WRAPPER_i/u_tc0/u_octect1/u_dpu_array/DPU7/dpu_fp32/mac2/multOp__0 input TCU_WRAPPER_i/u_tc0/u_octect1/u_dpu_array/DPU7/dpu_fp32/mac2/multOp__0/A[29:0] is not pipelined. Pipelining DSP48 input will improve performance.
Related violations: <none>

DPIP-1#417 Warning
Input pipelining  
DSP TCU_WRAPPER_i/u_tc0/u_octect1/u_dpu_array/DPU7/dpu_fp32/mac2/multOp__0 input TCU_WRAPPER_i/u_tc0/u_octect1/u_dpu_array/DPU7/dpu_fp32/mac2/multOp__0/B[17:0] is not pipelined. Pipelining DSP48 input will improve performance.
Related violations: <none>

DPIP-1#418 Warning
Input pipelining  
DSP TCU_WRAPPER_i/u_tc0/u_octect1/u_dpu_array/DPU7/dpu_fp32/mac3/multOp input TCU_WRAPPER_i/u_tc0/u_octect1/u_dpu_array/DPU7/dpu_fp32/mac3/multOp/A[29:0] is not pipelined. Pipelining DSP48 input will improve performance.
Related violations: <none>

DPIP-1#419 Warning
Input pipelining  
DSP TCU_WRAPPER_i/u_tc0/u_octect1/u_dpu_array/DPU7/dpu_fp32/mac3/multOp input TCU_WRAPPER_i/u_tc0/u_octect1/u_dpu_array/DPU7/dpu_fp32/mac3/multOp/B[17:0] is not pipelined. Pipelining DSP48 input will improve performance.
Related violations: <none>

DPIP-1#420 Warning
Input pipelining  
DSP TCU_WRAPPER_i/u_tc0/u_octect1/u_dpu_array/DPU7/dpu_fp32/mac3/multOp__0 input TCU_WRAPPER_i/u_tc0/u_octect1/u_dpu_array/DPU7/dpu_fp32/mac3/multOp__0/A[29:0] is not pipelined. Pipelining DSP48 input will improve performance.
Related violations: <none>

DPIP-1#421 Warning
Input pipelining  
DSP TCU_WRAPPER_i/u_tc0/u_octect1/u_dpu_array/DPU7/dpu_fp32/mac3/multOp__0 input TCU_WRAPPER_i/u_tc0/u_octect1/u_dpu_array/DPU7/dpu_fp32/mac3/multOp__0/B[17:0] is not pipelined. Pipelining DSP48 input will improve performance.
Related violations: <none>

DPIP-1#422 Warning
Input pipelining  
DSP TCU_WRAPPER_i/u_tc0/u_octect1/u_dpu_array/DPU7/dpu_posit32/posit32_mul0/multOp input TCU_WRAPPER_i/u_tc0/u_octect1/u_dpu_array/DPU7/dpu_posit32/posit32_mul0/multOp/A[29:0] is not pipelined. Pipelining DSP48 input will improve performance.
Related violations: <none>

DPIP-1#423 Warning
Input pipelining  
DSP TCU_WRAPPER_i/u_tc0/u_octect1/u_dpu_array/DPU7/dpu_posit32/posit32_mul0/multOp input TCU_WRAPPER_i/u_tc0/u_octect1/u_dpu_array/DPU7/dpu_posit32/posit32_mul0/multOp/B[17:0] is not pipelined. Pipelining DSP48 input will improve performance.
Related violations: <none>

DPIP-1#424 Warning
Input pipelining  
DSP TCU_WRAPPER_i/u_tc0/u_octect1/u_dpu_array/DPU7/dpu_posit32/posit32_mul0/multOp__0 input TCU_WRAPPER_i/u_tc0/u_octect1/u_dpu_array/DPU7/dpu_posit32/posit32_mul0/multOp__0/B[17:0] is not pipelined. Pipelining DSP48 input will improve performance.
Related violations: <none>

DPIP-1#425 Warning
Input pipelining  
DSP TCU_WRAPPER_i/u_tc0/u_octect1/u_dpu_array/DPU7/dpu_posit32/posit32_mul1/multOp input TCU_WRAPPER_i/u_tc0/u_octect1/u_dpu_array/DPU7/dpu_posit32/posit32_mul1/multOp/A[29:0] is not pipelined. Pipelining DSP48 input will improve performance.
Related violations: <none>

DPIP-1#426 Warning
Input pipelining  
DSP TCU_WRAPPER_i/u_tc0/u_octect1/u_dpu_array/DPU7/dpu_posit32/posit32_mul1/multOp input TCU_WRAPPER_i/u_tc0/u_octect1/u_dpu_array/DPU7/dpu_posit32/posit32_mul1/multOp/B[17:0] is not pipelined. Pipelining DSP48 input will improve performance.
Related violations: <none>

DPIP-1#427 Warning
Input pipelining  
DSP TCU_WRAPPER_i/u_tc0/u_octect1/u_dpu_array/DPU7/dpu_posit32/posit32_mul1/multOp__0 input TCU_WRAPPER_i/u_tc0/u_octect1/u_dpu_array/DPU7/dpu_posit32/posit32_mul1/multOp__0/B[17:0] is not pipelined. Pipelining DSP48 input will improve performance.
Related violations: <none>

DPIP-1#428 Warning
Input pipelining  
DSP TCU_WRAPPER_i/u_tc0/u_octect1/u_dpu_array/DPU7/dpu_posit32/posit32_mul2/multOp input TCU_WRAPPER_i/u_tc0/u_octect1/u_dpu_array/DPU7/dpu_posit32/posit32_mul2/multOp/A[29:0] is not pipelined. Pipelining DSP48 input will improve performance.
Related violations: <none>

DPIP-1#429 Warning
Input pipelining  
DSP TCU_WRAPPER_i/u_tc0/u_octect1/u_dpu_array/DPU7/dpu_posit32/posit32_mul2/multOp input TCU_WRAPPER_i/u_tc0/u_octect1/u_dpu_array/DPU7/dpu_posit32/posit32_mul2/multOp/B[17:0] is not pipelined. Pipelining DSP48 input will improve performance.
Related violations: <none>

DPIP-1#430 Warning
Input pipelining  
DSP TCU_WRAPPER_i/u_tc0/u_octect1/u_dpu_array/DPU7/dpu_posit32/posit32_mul2/multOp__0 input TCU_WRAPPER_i/u_tc0/u_octect1/u_dpu_array/DPU7/dpu_posit32/posit32_mul2/multOp__0/B[17:0] is not pipelined. Pipelining DSP48 input will improve performance.
Related violations: <none>

DPIP-1#431 Warning
Input pipelining  
DSP TCU_WRAPPER_i/u_tc0/u_octect1/u_dpu_array/DPU7/dpu_posit32/posit32_mul3/multOp input TCU_WRAPPER_i/u_tc0/u_octect1/u_dpu_array/DPU7/dpu_posit32/posit32_mul3/multOp/A[29:0] is not pipelined. Pipelining DSP48 input will improve performance.
Related violations: <none>

DPIP-1#432 Warning
Input pipelining  
DSP TCU_WRAPPER_i/u_tc0/u_octect1/u_dpu_array/DPU7/dpu_posit32/posit32_mul3/multOp input TCU_WRAPPER_i/u_tc0/u_octect1/u_dpu_array/DPU7/dpu_posit32/posit32_mul3/multOp/B[17:0] is not pipelined. Pipelining DSP48 input will improve performance.
Related violations: <none>

DPOP-1#1 Warning
PREG Output pipelining  
DSP TCU_WRAPPER_i/u_tc0/u_octect0/u_dpu_array/DPU0/dpu_fp32/mac0/multOp output TCU_WRAPPER_i/u_tc0/u_octect0/u_dpu_array/DPU0/dpu_fp32/mac0/multOp/P[47:0] is not pipelined (PREG=0). Pipelining the DSP48 output will improve performance and often saves power so it is suggested whenever possible to fully pipeline this function.  If this DSP48 function was inferred, it is suggested to describe an additional register stage after this function.  If the DSP48 was instantiated in the design, it is suggested to set the PREG attribute to 1.
Related violations: <none>

DPOP-1#2 Warning
PREG Output pipelining  
DSP TCU_WRAPPER_i/u_tc0/u_octect0/u_dpu_array/DPU0/dpu_fp32/mac0/multOp__0 output TCU_WRAPPER_i/u_tc0/u_octect0/u_dpu_array/DPU0/dpu_fp32/mac0/multOp__0/P[47:0] is not pipelined (PREG=0). Pipelining the DSP48 output will improve performance and often saves power so it is suggested whenever possible to fully pipeline this function.  If this DSP48 function was inferred, it is suggested to describe an additional register stage after this function.  If the DSP48 was instantiated in the design, it is suggested to set the PREG attribute to 1.
Related violations: <none>

DPOP-1#3 Warning
PREG Output pipelining  
DSP TCU_WRAPPER_i/u_tc0/u_octect0/u_dpu_array/DPU0/dpu_fp32/mac1/multOp output TCU_WRAPPER_i/u_tc0/u_octect0/u_dpu_array/DPU0/dpu_fp32/mac1/multOp/P[47:0] is not pipelined (PREG=0). Pipelining the DSP48 output will improve performance and often saves power so it is suggested whenever possible to fully pipeline this function.  If this DSP48 function was inferred, it is suggested to describe an additional register stage after this function.  If the DSP48 was instantiated in the design, it is suggested to set the PREG attribute to 1.
Related violations: <none>

DPOP-1#4 Warning
PREG Output pipelining  
DSP TCU_WRAPPER_i/u_tc0/u_octect0/u_dpu_array/DPU0/dpu_fp32/mac1/multOp__0 output TCU_WRAPPER_i/u_tc0/u_octect0/u_dpu_array/DPU0/dpu_fp32/mac1/multOp__0/P[47:0] is not pipelined (PREG=0). Pipelining the DSP48 output will improve performance and often saves power so it is suggested whenever possible to fully pipeline this function.  If this DSP48 function was inferred, it is suggested to describe an additional register stage after this function.  If the DSP48 was instantiated in the design, it is suggested to set the PREG attribute to 1.
Related violations: <none>

DPOP-1#5 Warning
PREG Output pipelining  
DSP TCU_WRAPPER_i/u_tc0/u_octect0/u_dpu_array/DPU0/dpu_fp32/mac2/multOp output TCU_WRAPPER_i/u_tc0/u_octect0/u_dpu_array/DPU0/dpu_fp32/mac2/multOp/P[47:0] is not pipelined (PREG=0). Pipelining the DSP48 output will improve performance and often saves power so it is suggested whenever possible to fully pipeline this function.  If this DSP48 function was inferred, it is suggested to describe an additional register stage after this function.  If the DSP48 was instantiated in the design, it is suggested to set the PREG attribute to 1.
Related violations: <none>

DPOP-1#6 Warning
PREG Output pipelining  
DSP TCU_WRAPPER_i/u_tc0/u_octect0/u_dpu_array/DPU0/dpu_fp32/mac2/multOp__0 output TCU_WRAPPER_i/u_tc0/u_octect0/u_dpu_array/DPU0/dpu_fp32/mac2/multOp__0/P[47:0] is not pipelined (PREG=0). Pipelining the DSP48 output will improve performance and often saves power so it is suggested whenever possible to fully pipeline this function.  If this DSP48 function was inferred, it is suggested to describe an additional register stage after this function.  If the DSP48 was instantiated in the design, it is suggested to set the PREG attribute to 1.
Related violations: <none>

DPOP-1#7 Warning
PREG Output pipelining  
DSP TCU_WRAPPER_i/u_tc0/u_octect0/u_dpu_array/DPU0/dpu_fp32/mac3/multOp output TCU_WRAPPER_i/u_tc0/u_octect0/u_dpu_array/DPU0/dpu_fp32/mac3/multOp/P[47:0] is not pipelined (PREG=0). Pipelining the DSP48 output will improve performance and often saves power so it is suggested whenever possible to fully pipeline this function.  If this DSP48 function was inferred, it is suggested to describe an additional register stage after this function.  If the DSP48 was instantiated in the design, it is suggested to set the PREG attribute to 1.
Related violations: <none>

DPOP-1#8 Warning
PREG Output pipelining  
DSP TCU_WRAPPER_i/u_tc0/u_octect0/u_dpu_array/DPU0/dpu_fp32/mac3/multOp__0 output TCU_WRAPPER_i/u_tc0/u_octect0/u_dpu_array/DPU0/dpu_fp32/mac3/multOp__0/P[47:0] is not pipelined (PREG=0). Pipelining the DSP48 output will improve performance and often saves power so it is suggested whenever possible to fully pipeline this function.  If this DSP48 function was inferred, it is suggested to describe an additional register stage after this function.  If the DSP48 was instantiated in the design, it is suggested to set the PREG attribute to 1.
Related violations: <none>

DPOP-1#9 Warning
PREG Output pipelining  
DSP TCU_WRAPPER_i/u_tc0/u_octect0/u_dpu_array/DPU0/dpu_posit32/posit32_mul0/multOp output TCU_WRAPPER_i/u_tc0/u_octect0/u_dpu_array/DPU0/dpu_posit32/posit32_mul0/multOp/P[47:0] is not pipelined (PREG=0). Pipelining the DSP48 output will improve performance and often saves power so it is suggested whenever possible to fully pipeline this function.  If this DSP48 function was inferred, it is suggested to describe an additional register stage after this function.  If the DSP48 was instantiated in the design, it is suggested to set the PREG attribute to 1.
Related violations: <none>

DPOP-1#10 Warning
PREG Output pipelining  
DSP TCU_WRAPPER_i/u_tc0/u_octect0/u_dpu_array/DPU0/dpu_posit32/posit32_mul0/multOp__0 output TCU_WRAPPER_i/u_tc0/u_octect0/u_dpu_array/DPU0/dpu_posit32/posit32_mul0/multOp__0/P[47:0] is not pipelined (PREG=0). Pipelining the DSP48 output will improve performance and often saves power so it is suggested whenever possible to fully pipeline this function.  If this DSP48 function was inferred, it is suggested to describe an additional register stage after this function.  If the DSP48 was instantiated in the design, it is suggested to set the PREG attribute to 1.
Related violations: <none>

DPOP-1#11 Warning
PREG Output pipelining  
DSP TCU_WRAPPER_i/u_tc0/u_octect0/u_dpu_array/DPU0/dpu_posit32/posit32_mul1/multOp output TCU_WRAPPER_i/u_tc0/u_octect0/u_dpu_array/DPU0/dpu_posit32/posit32_mul1/multOp/P[47:0] is not pipelined (PREG=0). Pipelining the DSP48 output will improve performance and often saves power so it is suggested whenever possible to fully pipeline this function.  If this DSP48 function was inferred, it is suggested to describe an additional register stage after this function.  If the DSP48 was instantiated in the design, it is suggested to set the PREG attribute to 1.
Related violations: <none>

DPOP-1#12 Warning
PREG Output pipelining  
DSP TCU_WRAPPER_i/u_tc0/u_octect0/u_dpu_array/DPU0/dpu_posit32/posit32_mul1/multOp__0 output TCU_WRAPPER_i/u_tc0/u_octect0/u_dpu_array/DPU0/dpu_posit32/posit32_mul1/multOp__0/P[47:0] is not pipelined (PREG=0). Pipelining the DSP48 output will improve performance and often saves power so it is suggested whenever possible to fully pipeline this function.  If this DSP48 function was inferred, it is suggested to describe an additional register stage after this function.  If the DSP48 was instantiated in the design, it is suggested to set the PREG attribute to 1.
Related violations: <none>

DPOP-1#13 Warning
PREG Output pipelining  
DSP TCU_WRAPPER_i/u_tc0/u_octect0/u_dpu_array/DPU0/dpu_posit32/posit32_mul2/multOp output TCU_WRAPPER_i/u_tc0/u_octect0/u_dpu_array/DPU0/dpu_posit32/posit32_mul2/multOp/P[47:0] is not pipelined (PREG=0). Pipelining the DSP48 output will improve performance and often saves power so it is suggested whenever possible to fully pipeline this function.  If this DSP48 function was inferred, it is suggested to describe an additional register stage after this function.  If the DSP48 was instantiated in the design, it is suggested to set the PREG attribute to 1.
Related violations: <none>

DPOP-1#14 Warning
PREG Output pipelining  
DSP TCU_WRAPPER_i/u_tc0/u_octect0/u_dpu_array/DPU0/dpu_posit32/posit32_mul2/multOp__0 output TCU_WRAPPER_i/u_tc0/u_octect0/u_dpu_array/DPU0/dpu_posit32/posit32_mul2/multOp__0/P[47:0] is not pipelined (PREG=0). Pipelining the DSP48 output will improve performance and often saves power so it is suggested whenever possible to fully pipeline this function.  If this DSP48 function was inferred, it is suggested to describe an additional register stage after this function.  If the DSP48 was instantiated in the design, it is suggested to set the PREG attribute to 1.
Related violations: <none>

DPOP-1#15 Warning
PREG Output pipelining  
DSP TCU_WRAPPER_i/u_tc0/u_octect0/u_dpu_array/DPU0/dpu_posit32/posit32_mul3/multOp output TCU_WRAPPER_i/u_tc0/u_octect0/u_dpu_array/DPU0/dpu_posit32/posit32_mul3/multOp/P[47:0] is not pipelined (PREG=0). Pipelining the DSP48 output will improve performance and often saves power so it is suggested whenever possible to fully pipeline this function.  If this DSP48 function was inferred, it is suggested to describe an additional register stage after this function.  If the DSP48 was instantiated in the design, it is suggested to set the PREG attribute to 1.
Related violations: <none>

DPOP-1#16 Warning
PREG Output pipelining  
DSP TCU_WRAPPER_i/u_tc0/u_octect0/u_dpu_array/DPU1/dpu_fp32/mac0/multOp output TCU_WRAPPER_i/u_tc0/u_octect0/u_dpu_array/DPU1/dpu_fp32/mac0/multOp/P[47:0] is not pipelined (PREG=0). Pipelining the DSP48 output will improve performance and often saves power so it is suggested whenever possible to fully pipeline this function.  If this DSP48 function was inferred, it is suggested to describe an additional register stage after this function.  If the DSP48 was instantiated in the design, it is suggested to set the PREG attribute to 1.
Related violations: <none>

DPOP-1#17 Warning
PREG Output pipelining  
DSP TCU_WRAPPER_i/u_tc0/u_octect0/u_dpu_array/DPU1/dpu_fp32/mac0/multOp__0 output TCU_WRAPPER_i/u_tc0/u_octect0/u_dpu_array/DPU1/dpu_fp32/mac0/multOp__0/P[47:0] is not pipelined (PREG=0). Pipelining the DSP48 output will improve performance and often saves power so it is suggested whenever possible to fully pipeline this function.  If this DSP48 function was inferred, it is suggested to describe an additional register stage after this function.  If the DSP48 was instantiated in the design, it is suggested to set the PREG attribute to 1.
Related violations: <none>

DPOP-1#18 Warning
PREG Output pipelining  
DSP TCU_WRAPPER_i/u_tc0/u_octect0/u_dpu_array/DPU1/dpu_fp32/mac1/multOp output TCU_WRAPPER_i/u_tc0/u_octect0/u_dpu_array/DPU1/dpu_fp32/mac1/multOp/P[47:0] is not pipelined (PREG=0). Pipelining the DSP48 output will improve performance and often saves power so it is suggested whenever possible to fully pipeline this function.  If this DSP48 function was inferred, it is suggested to describe an additional register stage after this function.  If the DSP48 was instantiated in the design, it is suggested to set the PREG attribute to 1.
Related violations: <none>

DPOP-1#19 Warning
PREG Output pipelining  
DSP TCU_WRAPPER_i/u_tc0/u_octect0/u_dpu_array/DPU1/dpu_fp32/mac1/multOp__0 output TCU_WRAPPER_i/u_tc0/u_octect0/u_dpu_array/DPU1/dpu_fp32/mac1/multOp__0/P[47:0] is not pipelined (PREG=0). Pipelining the DSP48 output will improve performance and often saves power so it is suggested whenever possible to fully pipeline this function.  If this DSP48 function was inferred, it is suggested to describe an additional register stage after this function.  If the DSP48 was instantiated in the design, it is suggested to set the PREG attribute to 1.
Related violations: <none>

DPOP-1#20 Warning
PREG Output pipelining  
DSP TCU_WRAPPER_i/u_tc0/u_octect0/u_dpu_array/DPU1/dpu_fp32/mac2/multOp output TCU_WRAPPER_i/u_tc0/u_octect0/u_dpu_array/DPU1/dpu_fp32/mac2/multOp/P[47:0] is not pipelined (PREG=0). Pipelining the DSP48 output will improve performance and often saves power so it is suggested whenever possible to fully pipeline this function.  If this DSP48 function was inferred, it is suggested to describe an additional register stage after this function.  If the DSP48 was instantiated in the design, it is suggested to set the PREG attribute to 1.
Related violations: <none>

DPOP-1#21 Warning
PREG Output pipelining  
DSP TCU_WRAPPER_i/u_tc0/u_octect0/u_dpu_array/DPU1/dpu_fp32/mac2/multOp__0 output TCU_WRAPPER_i/u_tc0/u_octect0/u_dpu_array/DPU1/dpu_fp32/mac2/multOp__0/P[47:0] is not pipelined (PREG=0). Pipelining the DSP48 output will improve performance and often saves power so it is suggested whenever possible to fully pipeline this function.  If this DSP48 function was inferred, it is suggested to describe an additional register stage after this function.  If the DSP48 was instantiated in the design, it is suggested to set the PREG attribute to 1.
Related violations: <none>

DPOP-1#22 Warning
PREG Output pipelining  
DSP TCU_WRAPPER_i/u_tc0/u_octect0/u_dpu_array/DPU1/dpu_fp32/mac3/multOp output TCU_WRAPPER_i/u_tc0/u_octect0/u_dpu_array/DPU1/dpu_fp32/mac3/multOp/P[47:0] is not pipelined (PREG=0). Pipelining the DSP48 output will improve performance and often saves power so it is suggested whenever possible to fully pipeline this function.  If this DSP48 function was inferred, it is suggested to describe an additional register stage after this function.  If the DSP48 was instantiated in the design, it is suggested to set the PREG attribute to 1.
Related violations: <none>

DPOP-1#23 Warning
PREG Output pipelining  
DSP TCU_WRAPPER_i/u_tc0/u_octect0/u_dpu_array/DPU1/dpu_fp32/mac3/multOp__0 output TCU_WRAPPER_i/u_tc0/u_octect0/u_dpu_array/DPU1/dpu_fp32/mac3/multOp__0/P[47:0] is not pipelined (PREG=0). Pipelining the DSP48 output will improve performance and often saves power so it is suggested whenever possible to fully pipeline this function.  If this DSP48 function was inferred, it is suggested to describe an additional register stage after this function.  If the DSP48 was instantiated in the design, it is suggested to set the PREG attribute to 1.
Related violations: <none>

DPOP-1#24 Warning
PREG Output pipelining  
DSP TCU_WRAPPER_i/u_tc0/u_octect0/u_dpu_array/DPU1/dpu_posit32/posit32_mul0/multOp output TCU_WRAPPER_i/u_tc0/u_octect0/u_dpu_array/DPU1/dpu_posit32/posit32_mul0/multOp/P[47:0] is not pipelined (PREG=0). Pipelining the DSP48 output will improve performance and often saves power so it is suggested whenever possible to fully pipeline this function.  If this DSP48 function was inferred, it is suggested to describe an additional register stage after this function.  If the DSP48 was instantiated in the design, it is suggested to set the PREG attribute to 1.
Related violations: <none>

DPOP-1#25 Warning
PREG Output pipelining  
DSP TCU_WRAPPER_i/u_tc0/u_octect0/u_dpu_array/DPU1/dpu_posit32/posit32_mul0/multOp__0 output TCU_WRAPPER_i/u_tc0/u_octect0/u_dpu_array/DPU1/dpu_posit32/posit32_mul0/multOp__0/P[47:0] is not pipelined (PREG=0). Pipelining the DSP48 output will improve performance and often saves power so it is suggested whenever possible to fully pipeline this function.  If this DSP48 function was inferred, it is suggested to describe an additional register stage after this function.  If the DSP48 was instantiated in the design, it is suggested to set the PREG attribute to 1.
Related violations: <none>

DPOP-1#26 Warning
PREG Output pipelining  
DSP TCU_WRAPPER_i/u_tc0/u_octect0/u_dpu_array/DPU1/dpu_posit32/posit32_mul1/multOp output TCU_WRAPPER_i/u_tc0/u_octect0/u_dpu_array/DPU1/dpu_posit32/posit32_mul1/multOp/P[47:0] is not pipelined (PREG=0). Pipelining the DSP48 output will improve performance and often saves power so it is suggested whenever possible to fully pipeline this function.  If this DSP48 function was inferred, it is suggested to describe an additional register stage after this function.  If the DSP48 was instantiated in the design, it is suggested to set the PREG attribute to 1.
Related violations: <none>

DPOP-1#27 Warning
PREG Output pipelining  
DSP TCU_WRAPPER_i/u_tc0/u_octect0/u_dpu_array/DPU1/dpu_posit32/posit32_mul1/multOp__0 output TCU_WRAPPER_i/u_tc0/u_octect0/u_dpu_array/DPU1/dpu_posit32/posit32_mul1/multOp__0/P[47:0] is not pipelined (PREG=0). Pipelining the DSP48 output will improve performance and often saves power so it is suggested whenever possible to fully pipeline this function.  If this DSP48 function was inferred, it is suggested to describe an additional register stage after this function.  If the DSP48 was instantiated in the design, it is suggested to set the PREG attribute to 1.
Related violations: <none>

DPOP-1#28 Warning
PREG Output pipelining  
DSP TCU_WRAPPER_i/u_tc0/u_octect0/u_dpu_array/DPU1/dpu_posit32/posit32_mul2/multOp output TCU_WRAPPER_i/u_tc0/u_octect0/u_dpu_array/DPU1/dpu_posit32/posit32_mul2/multOp/P[47:0] is not pipelined (PREG=0). Pipelining the DSP48 output will improve performance and often saves power so it is suggested whenever possible to fully pipeline this function.  If this DSP48 function was inferred, it is suggested to describe an additional register stage after this function.  If the DSP48 was instantiated in the design, it is suggested to set the PREG attribute to 1.
Related violations: <none>

DPOP-1#29 Warning
PREG Output pipelining  
DSP TCU_WRAPPER_i/u_tc0/u_octect0/u_dpu_array/DPU1/dpu_posit32/posit32_mul2/multOp__0 output TCU_WRAPPER_i/u_tc0/u_octect0/u_dpu_array/DPU1/dpu_posit32/posit32_mul2/multOp__0/P[47:0] is not pipelined (PREG=0). Pipelining the DSP48 output will improve performance and often saves power so it is suggested whenever possible to fully pipeline this function.  If this DSP48 function was inferred, it is suggested to describe an additional register stage after this function.  If the DSP48 was instantiated in the design, it is suggested to set the PREG attribute to 1.
Related violations: <none>

DPOP-1#30 Warning
PREG Output pipelining  
DSP TCU_WRAPPER_i/u_tc0/u_octect0/u_dpu_array/DPU1/dpu_posit32/posit32_mul3/multOp output TCU_WRAPPER_i/u_tc0/u_octect0/u_dpu_array/DPU1/dpu_posit32/posit32_mul3/multOp/P[47:0] is not pipelined (PREG=0). Pipelining the DSP48 output will improve performance and often saves power so it is suggested whenever possible to fully pipeline this function.  If this DSP48 function was inferred, it is suggested to describe an additional register stage after this function.  If the DSP48 was instantiated in the design, it is suggested to set the PREG attribute to 1.
Related violations: <none>

DPOP-1#31 Warning
PREG Output pipelining  
DSP TCU_WRAPPER_i/u_tc0/u_octect0/u_dpu_array/DPU2/dpu_fp32/mac0/multOp output TCU_WRAPPER_i/u_tc0/u_octect0/u_dpu_array/DPU2/dpu_fp32/mac0/multOp/P[47:0] is not pipelined (PREG=0). Pipelining the DSP48 output will improve performance and often saves power so it is suggested whenever possible to fully pipeline this function.  If this DSP48 function was inferred, it is suggested to describe an additional register stage after this function.  If the DSP48 was instantiated in the design, it is suggested to set the PREG attribute to 1.
Related violations: <none>

DPOP-1#32 Warning
PREG Output pipelining  
DSP TCU_WRAPPER_i/u_tc0/u_octect0/u_dpu_array/DPU2/dpu_fp32/mac0/multOp__0 output TCU_WRAPPER_i/u_tc0/u_octect0/u_dpu_array/DPU2/dpu_fp32/mac0/multOp__0/P[47:0] is not pipelined (PREG=0). Pipelining the DSP48 output will improve performance and often saves power so it is suggested whenever possible to fully pipeline this function.  If this DSP48 function was inferred, it is suggested to describe an additional register stage after this function.  If the DSP48 was instantiated in the design, it is suggested to set the PREG attribute to 1.
Related violations: <none>

DPOP-1#33 Warning
PREG Output pipelining  
DSP TCU_WRAPPER_i/u_tc0/u_octect0/u_dpu_array/DPU2/dpu_fp32/mac1/multOp output TCU_WRAPPER_i/u_tc0/u_octect0/u_dpu_array/DPU2/dpu_fp32/mac1/multOp/P[47:0] is not pipelined (PREG=0). Pipelining the DSP48 output will improve performance and often saves power so it is suggested whenever possible to fully pipeline this function.  If this DSP48 function was inferred, it is suggested to describe an additional register stage after this function.  If the DSP48 was instantiated in the design, it is suggested to set the PREG attribute to 1.
Related violations: <none>

DPOP-1#34 Warning
PREG Output pipelining  
DSP TCU_WRAPPER_i/u_tc0/u_octect0/u_dpu_array/DPU2/dpu_fp32/mac1/multOp__0 output TCU_WRAPPER_i/u_tc0/u_octect0/u_dpu_array/DPU2/dpu_fp32/mac1/multOp__0/P[47:0] is not pipelined (PREG=0). Pipelining the DSP48 output will improve performance and often saves power so it is suggested whenever possible to fully pipeline this function.  If this DSP48 function was inferred, it is suggested to describe an additional register stage after this function.  If the DSP48 was instantiated in the design, it is suggested to set the PREG attribute to 1.
Related violations: <none>

DPOP-1#35 Warning
PREG Output pipelining  
DSP TCU_WRAPPER_i/u_tc0/u_octect0/u_dpu_array/DPU2/dpu_fp32/mac2/multOp output TCU_WRAPPER_i/u_tc0/u_octect0/u_dpu_array/DPU2/dpu_fp32/mac2/multOp/P[47:0] is not pipelined (PREG=0). Pipelining the DSP48 output will improve performance and often saves power so it is suggested whenever possible to fully pipeline this function.  If this DSP48 function was inferred, it is suggested to describe an additional register stage after this function.  If the DSP48 was instantiated in the design, it is suggested to set the PREG attribute to 1.
Related violations: <none>

DPOP-1#36 Warning
PREG Output pipelining  
DSP TCU_WRAPPER_i/u_tc0/u_octect0/u_dpu_array/DPU2/dpu_fp32/mac2/multOp__0 output TCU_WRAPPER_i/u_tc0/u_octect0/u_dpu_array/DPU2/dpu_fp32/mac2/multOp__0/P[47:0] is not pipelined (PREG=0). Pipelining the DSP48 output will improve performance and often saves power so it is suggested whenever possible to fully pipeline this function.  If this DSP48 function was inferred, it is suggested to describe an additional register stage after this function.  If the DSP48 was instantiated in the design, it is suggested to set the PREG attribute to 1.
Related violations: <none>

DPOP-1#37 Warning
PREG Output pipelining  
DSP TCU_WRAPPER_i/u_tc0/u_octect0/u_dpu_array/DPU2/dpu_fp32/mac3/multOp output TCU_WRAPPER_i/u_tc0/u_octect0/u_dpu_array/DPU2/dpu_fp32/mac3/multOp/P[47:0] is not pipelined (PREG=0). Pipelining the DSP48 output will improve performance and often saves power so it is suggested whenever possible to fully pipeline this function.  If this DSP48 function was inferred, it is suggested to describe an additional register stage after this function.  If the DSP48 was instantiated in the design, it is suggested to set the PREG attribute to 1.
Related violations: <none>

DPOP-1#38 Warning
PREG Output pipelining  
DSP TCU_WRAPPER_i/u_tc0/u_octect0/u_dpu_array/DPU2/dpu_fp32/mac3/multOp__0 output TCU_WRAPPER_i/u_tc0/u_octect0/u_dpu_array/DPU2/dpu_fp32/mac3/multOp__0/P[47:0] is not pipelined (PREG=0). Pipelining the DSP48 output will improve performance and often saves power so it is suggested whenever possible to fully pipeline this function.  If this DSP48 function was inferred, it is suggested to describe an additional register stage after this function.  If the DSP48 was instantiated in the design, it is suggested to set the PREG attribute to 1.
Related violations: <none>

DPOP-1#39 Warning
PREG Output pipelining  
DSP TCU_WRAPPER_i/u_tc0/u_octect0/u_dpu_array/DPU2/dpu_posit32/posit32_mul0/multOp output TCU_WRAPPER_i/u_tc0/u_octect0/u_dpu_array/DPU2/dpu_posit32/posit32_mul0/multOp/P[47:0] is not pipelined (PREG=0). Pipelining the DSP48 output will improve performance and often saves power so it is suggested whenever possible to fully pipeline this function.  If this DSP48 function was inferred, it is suggested to describe an additional register stage after this function.  If the DSP48 was instantiated in the design, it is suggested to set the PREG attribute to 1.
Related violations: <none>

DPOP-1#40 Warning
PREG Output pipelining  
DSP TCU_WRAPPER_i/u_tc0/u_octect0/u_dpu_array/DPU2/dpu_posit32/posit32_mul0/multOp__0 output TCU_WRAPPER_i/u_tc0/u_octect0/u_dpu_array/DPU2/dpu_posit32/posit32_mul0/multOp__0/P[47:0] is not pipelined (PREG=0). Pipelining the DSP48 output will improve performance and often saves power so it is suggested whenever possible to fully pipeline this function.  If this DSP48 function was inferred, it is suggested to describe an additional register stage after this function.  If the DSP48 was instantiated in the design, it is suggested to set the PREG attribute to 1.
Related violations: <none>

DPOP-1#41 Warning
PREG Output pipelining  
DSP TCU_WRAPPER_i/u_tc0/u_octect0/u_dpu_array/DPU2/dpu_posit32/posit32_mul1/multOp output TCU_WRAPPER_i/u_tc0/u_octect0/u_dpu_array/DPU2/dpu_posit32/posit32_mul1/multOp/P[47:0] is not pipelined (PREG=0). Pipelining the DSP48 output will improve performance and often saves power so it is suggested whenever possible to fully pipeline this function.  If this DSP48 function was inferred, it is suggested to describe an additional register stage after this function.  If the DSP48 was instantiated in the design, it is suggested to set the PREG attribute to 1.
Related violations: <none>

DPOP-1#42 Warning
PREG Output pipelining  
DSP TCU_WRAPPER_i/u_tc0/u_octect0/u_dpu_array/DPU2/dpu_posit32/posit32_mul1/multOp__0 output TCU_WRAPPER_i/u_tc0/u_octect0/u_dpu_array/DPU2/dpu_posit32/posit32_mul1/multOp__0/P[47:0] is not pipelined (PREG=0). Pipelining the DSP48 output will improve performance and often saves power so it is suggested whenever possible to fully pipeline this function.  If this DSP48 function was inferred, it is suggested to describe an additional register stage after this function.  If the DSP48 was instantiated in the design, it is suggested to set the PREG attribute to 1.
Related violations: <none>

DPOP-1#43 Warning
PREG Output pipelining  
DSP TCU_WRAPPER_i/u_tc0/u_octect0/u_dpu_array/DPU2/dpu_posit32/posit32_mul2/multOp output TCU_WRAPPER_i/u_tc0/u_octect0/u_dpu_array/DPU2/dpu_posit32/posit32_mul2/multOp/P[47:0] is not pipelined (PREG=0). Pipelining the DSP48 output will improve performance and often saves power so it is suggested whenever possible to fully pipeline this function.  If this DSP48 function was inferred, it is suggested to describe an additional register stage after this function.  If the DSP48 was instantiated in the design, it is suggested to set the PREG attribute to 1.
Related violations: <none>

DPOP-1#44 Warning
PREG Output pipelining  
DSP TCU_WRAPPER_i/u_tc0/u_octect0/u_dpu_array/DPU2/dpu_posit32/posit32_mul2/multOp__0 output TCU_WRAPPER_i/u_tc0/u_octect0/u_dpu_array/DPU2/dpu_posit32/posit32_mul2/multOp__0/P[47:0] is not pipelined (PREG=0). Pipelining the DSP48 output will improve performance and often saves power so it is suggested whenever possible to fully pipeline this function.  If this DSP48 function was inferred, it is suggested to describe an additional register stage after this function.  If the DSP48 was instantiated in the design, it is suggested to set the PREG attribute to 1.
Related violations: <none>

DPOP-1#45 Warning
PREG Output pipelining  
DSP TCU_WRAPPER_i/u_tc0/u_octect0/u_dpu_array/DPU2/dpu_posit32/posit32_mul3/multOp output TCU_WRAPPER_i/u_tc0/u_octect0/u_dpu_array/DPU2/dpu_posit32/posit32_mul3/multOp/P[47:0] is not pipelined (PREG=0). Pipelining the DSP48 output will improve performance and often saves power so it is suggested whenever possible to fully pipeline this function.  If this DSP48 function was inferred, it is suggested to describe an additional register stage after this function.  If the DSP48 was instantiated in the design, it is suggested to set the PREG attribute to 1.
Related violations: <none>

DPOP-1#46 Warning
PREG Output pipelining  
DSP TCU_WRAPPER_i/u_tc0/u_octect0/u_dpu_array/DPU3/dpu_fp32/mac0/multOp output TCU_WRAPPER_i/u_tc0/u_octect0/u_dpu_array/DPU3/dpu_fp32/mac0/multOp/P[47:0] is not pipelined (PREG=0). Pipelining the DSP48 output will improve performance and often saves power so it is suggested whenever possible to fully pipeline this function.  If this DSP48 function was inferred, it is suggested to describe an additional register stage after this function.  If the DSP48 was instantiated in the design, it is suggested to set the PREG attribute to 1.
Related violations: <none>

DPOP-1#47 Warning
PREG Output pipelining  
DSP TCU_WRAPPER_i/u_tc0/u_octect0/u_dpu_array/DPU3/dpu_fp32/mac0/multOp__0 output TCU_WRAPPER_i/u_tc0/u_octect0/u_dpu_array/DPU3/dpu_fp32/mac0/multOp__0/P[47:0] is not pipelined (PREG=0). Pipelining the DSP48 output will improve performance and often saves power so it is suggested whenever possible to fully pipeline this function.  If this DSP48 function was inferred, it is suggested to describe an additional register stage after this function.  If the DSP48 was instantiated in the design, it is suggested to set the PREG attribute to 1.
Related violations: <none>

DPOP-1#48 Warning
PREG Output pipelining  
DSP TCU_WRAPPER_i/u_tc0/u_octect0/u_dpu_array/DPU3/dpu_fp32/mac1/multOp output TCU_WRAPPER_i/u_tc0/u_octect0/u_dpu_array/DPU3/dpu_fp32/mac1/multOp/P[47:0] is not pipelined (PREG=0). Pipelining the DSP48 output will improve performance and often saves power so it is suggested whenever possible to fully pipeline this function.  If this DSP48 function was inferred, it is suggested to describe an additional register stage after this function.  If the DSP48 was instantiated in the design, it is suggested to set the PREG attribute to 1.
Related violations: <none>

DPOP-1#49 Warning
PREG Output pipelining  
DSP TCU_WRAPPER_i/u_tc0/u_octect0/u_dpu_array/DPU3/dpu_fp32/mac1/multOp__0 output TCU_WRAPPER_i/u_tc0/u_octect0/u_dpu_array/DPU3/dpu_fp32/mac1/multOp__0/P[47:0] is not pipelined (PREG=0). Pipelining the DSP48 output will improve performance and often saves power so it is suggested whenever possible to fully pipeline this function.  If this DSP48 function was inferred, it is suggested to describe an additional register stage after this function.  If the DSP48 was instantiated in the design, it is suggested to set the PREG attribute to 1.
Related violations: <none>

DPOP-1#50 Warning
PREG Output pipelining  
DSP TCU_WRAPPER_i/u_tc0/u_octect0/u_dpu_array/DPU3/dpu_fp32/mac2/multOp output TCU_WRAPPER_i/u_tc0/u_octect0/u_dpu_array/DPU3/dpu_fp32/mac2/multOp/P[47:0] is not pipelined (PREG=0). Pipelining the DSP48 output will improve performance and often saves power so it is suggested whenever possible to fully pipeline this function.  If this DSP48 function was inferred, it is suggested to describe an additional register stage after this function.  If the DSP48 was instantiated in the design, it is suggested to set the PREG attribute to 1.
Related violations: <none>

DPOP-1#51 Warning
PREG Output pipelining  
DSP TCU_WRAPPER_i/u_tc0/u_octect0/u_dpu_array/DPU3/dpu_fp32/mac2/multOp__0 output TCU_WRAPPER_i/u_tc0/u_octect0/u_dpu_array/DPU3/dpu_fp32/mac2/multOp__0/P[47:0] is not pipelined (PREG=0). Pipelining the DSP48 output will improve performance and often saves power so it is suggested whenever possible to fully pipeline this function.  If this DSP48 function was inferred, it is suggested to describe an additional register stage after this function.  If the DSP48 was instantiated in the design, it is suggested to set the PREG attribute to 1.
Related violations: <none>

DPOP-1#52 Warning
PREG Output pipelining  
DSP TCU_WRAPPER_i/u_tc0/u_octect0/u_dpu_array/DPU3/dpu_fp32/mac3/multOp output TCU_WRAPPER_i/u_tc0/u_octect0/u_dpu_array/DPU3/dpu_fp32/mac3/multOp/P[47:0] is not pipelined (PREG=0). Pipelining the DSP48 output will improve performance and often saves power so it is suggested whenever possible to fully pipeline this function.  If this DSP48 function was inferred, it is suggested to describe an additional register stage after this function.  If the DSP48 was instantiated in the design, it is suggested to set the PREG attribute to 1.
Related violations: <none>

DPOP-1#53 Warning
PREG Output pipelining  
DSP TCU_WRAPPER_i/u_tc0/u_octect0/u_dpu_array/DPU3/dpu_fp32/mac3/multOp__0 output TCU_WRAPPER_i/u_tc0/u_octect0/u_dpu_array/DPU3/dpu_fp32/mac3/multOp__0/P[47:0] is not pipelined (PREG=0). Pipelining the DSP48 output will improve performance and often saves power so it is suggested whenever possible to fully pipeline this function.  If this DSP48 function was inferred, it is suggested to describe an additional register stage after this function.  If the DSP48 was instantiated in the design, it is suggested to set the PREG attribute to 1.
Related violations: <none>

DPOP-1#54 Warning
PREG Output pipelining  
DSP TCU_WRAPPER_i/u_tc0/u_octect0/u_dpu_array/DPU3/dpu_posit32/posit32_mul0/multOp output TCU_WRAPPER_i/u_tc0/u_octect0/u_dpu_array/DPU3/dpu_posit32/posit32_mul0/multOp/P[47:0] is not pipelined (PREG=0). Pipelining the DSP48 output will improve performance and often saves power so it is suggested whenever possible to fully pipeline this function.  If this DSP48 function was inferred, it is suggested to describe an additional register stage after this function.  If the DSP48 was instantiated in the design, it is suggested to set the PREG attribute to 1.
Related violations: <none>

DPOP-1#55 Warning
PREG Output pipelining  
DSP TCU_WRAPPER_i/u_tc0/u_octect0/u_dpu_array/DPU3/dpu_posit32/posit32_mul0/multOp__0 output TCU_WRAPPER_i/u_tc0/u_octect0/u_dpu_array/DPU3/dpu_posit32/posit32_mul0/multOp__0/P[47:0] is not pipelined (PREG=0). Pipelining the DSP48 output will improve performance and often saves power so it is suggested whenever possible to fully pipeline this function.  If this DSP48 function was inferred, it is suggested to describe an additional register stage after this function.  If the DSP48 was instantiated in the design, it is suggested to set the PREG attribute to 1.
Related violations: <none>

DPOP-1#56 Warning
PREG Output pipelining  
DSP TCU_WRAPPER_i/u_tc0/u_octect0/u_dpu_array/DPU3/dpu_posit32/posit32_mul1/multOp output TCU_WRAPPER_i/u_tc0/u_octect0/u_dpu_array/DPU3/dpu_posit32/posit32_mul1/multOp/P[47:0] is not pipelined (PREG=0). Pipelining the DSP48 output will improve performance and often saves power so it is suggested whenever possible to fully pipeline this function.  If this DSP48 function was inferred, it is suggested to describe an additional register stage after this function.  If the DSP48 was instantiated in the design, it is suggested to set the PREG attribute to 1.
Related violations: <none>

DPOP-1#57 Warning
PREG Output pipelining  
DSP TCU_WRAPPER_i/u_tc0/u_octect0/u_dpu_array/DPU3/dpu_posit32/posit32_mul1/multOp__0 output TCU_WRAPPER_i/u_tc0/u_octect0/u_dpu_array/DPU3/dpu_posit32/posit32_mul1/multOp__0/P[47:0] is not pipelined (PREG=0). Pipelining the DSP48 output will improve performance and often saves power so it is suggested whenever possible to fully pipeline this function.  If this DSP48 function was inferred, it is suggested to describe an additional register stage after this function.  If the DSP48 was instantiated in the design, it is suggested to set the PREG attribute to 1.
Related violations: <none>

DPOP-1#58 Warning
PREG Output pipelining  
DSP TCU_WRAPPER_i/u_tc0/u_octect0/u_dpu_array/DPU3/dpu_posit32/posit32_mul2/multOp output TCU_WRAPPER_i/u_tc0/u_octect0/u_dpu_array/DPU3/dpu_posit32/posit32_mul2/multOp/P[47:0] is not pipelined (PREG=0). Pipelining the DSP48 output will improve performance and often saves power so it is suggested whenever possible to fully pipeline this function.  If this DSP48 function was inferred, it is suggested to describe an additional register stage after this function.  If the DSP48 was instantiated in the design, it is suggested to set the PREG attribute to 1.
Related violations: <none>

DPOP-1#59 Warning
PREG Output pipelining  
DSP TCU_WRAPPER_i/u_tc0/u_octect0/u_dpu_array/DPU3/dpu_posit32/posit32_mul2/multOp__0 output TCU_WRAPPER_i/u_tc0/u_octect0/u_dpu_array/DPU3/dpu_posit32/posit32_mul2/multOp__0/P[47:0] is not pipelined (PREG=0). Pipelining the DSP48 output will improve performance and often saves power so it is suggested whenever possible to fully pipeline this function.  If this DSP48 function was inferred, it is suggested to describe an additional register stage after this function.  If the DSP48 was instantiated in the design, it is suggested to set the PREG attribute to 1.
Related violations: <none>

DPOP-1#60 Warning
PREG Output pipelining  
DSP TCU_WRAPPER_i/u_tc0/u_octect0/u_dpu_array/DPU3/dpu_posit32/posit32_mul3/multOp output TCU_WRAPPER_i/u_tc0/u_octect0/u_dpu_array/DPU3/dpu_posit32/posit32_mul3/multOp/P[47:0] is not pipelined (PREG=0). Pipelining the DSP48 output will improve performance and often saves power so it is suggested whenever possible to fully pipeline this function.  If this DSP48 function was inferred, it is suggested to describe an additional register stage after this function.  If the DSP48 was instantiated in the design, it is suggested to set the PREG attribute to 1.
Related violations: <none>

DPOP-1#61 Warning
PREG Output pipelining  
DSP TCU_WRAPPER_i/u_tc0/u_octect0/u_dpu_array/DPU4/dpu_fp32/mac0/multOp output TCU_WRAPPER_i/u_tc0/u_octect0/u_dpu_array/DPU4/dpu_fp32/mac0/multOp/P[47:0] is not pipelined (PREG=0). Pipelining the DSP48 output will improve performance and often saves power so it is suggested whenever possible to fully pipeline this function.  If this DSP48 function was inferred, it is suggested to describe an additional register stage after this function.  If the DSP48 was instantiated in the design, it is suggested to set the PREG attribute to 1.
Related violations: <none>

DPOP-1#62 Warning
PREG Output pipelining  
DSP TCU_WRAPPER_i/u_tc0/u_octect0/u_dpu_array/DPU4/dpu_fp32/mac0/multOp__0 output TCU_WRAPPER_i/u_tc0/u_octect0/u_dpu_array/DPU4/dpu_fp32/mac0/multOp__0/P[47:0] is not pipelined (PREG=0). Pipelining the DSP48 output will improve performance and often saves power so it is suggested whenever possible to fully pipeline this function.  If this DSP48 function was inferred, it is suggested to describe an additional register stage after this function.  If the DSP48 was instantiated in the design, it is suggested to set the PREG attribute to 1.
Related violations: <none>

DPOP-1#63 Warning
PREG Output pipelining  
DSP TCU_WRAPPER_i/u_tc0/u_octect0/u_dpu_array/DPU4/dpu_fp32/mac1/multOp output TCU_WRAPPER_i/u_tc0/u_octect0/u_dpu_array/DPU4/dpu_fp32/mac1/multOp/P[47:0] is not pipelined (PREG=0). Pipelining the DSP48 output will improve performance and often saves power so it is suggested whenever possible to fully pipeline this function.  If this DSP48 function was inferred, it is suggested to describe an additional register stage after this function.  If the DSP48 was instantiated in the design, it is suggested to set the PREG attribute to 1.
Related violations: <none>

DPOP-1#64 Warning
PREG Output pipelining  
DSP TCU_WRAPPER_i/u_tc0/u_octect0/u_dpu_array/DPU4/dpu_fp32/mac1/multOp__0 output TCU_WRAPPER_i/u_tc0/u_octect0/u_dpu_array/DPU4/dpu_fp32/mac1/multOp__0/P[47:0] is not pipelined (PREG=0). Pipelining the DSP48 output will improve performance and often saves power so it is suggested whenever possible to fully pipeline this function.  If this DSP48 function was inferred, it is suggested to describe an additional register stage after this function.  If the DSP48 was instantiated in the design, it is suggested to set the PREG attribute to 1.
Related violations: <none>

DPOP-1#65 Warning
PREG Output pipelining  
DSP TCU_WRAPPER_i/u_tc0/u_octect0/u_dpu_array/DPU4/dpu_fp32/mac2/multOp output TCU_WRAPPER_i/u_tc0/u_octect0/u_dpu_array/DPU4/dpu_fp32/mac2/multOp/P[47:0] is not pipelined (PREG=0). Pipelining the DSP48 output will improve performance and often saves power so it is suggested whenever possible to fully pipeline this function.  If this DSP48 function was inferred, it is suggested to describe an additional register stage after this function.  If the DSP48 was instantiated in the design, it is suggested to set the PREG attribute to 1.
Related violations: <none>

DPOP-1#66 Warning
PREG Output pipelining  
DSP TCU_WRAPPER_i/u_tc0/u_octect0/u_dpu_array/DPU4/dpu_fp32/mac2/multOp__0 output TCU_WRAPPER_i/u_tc0/u_octect0/u_dpu_array/DPU4/dpu_fp32/mac2/multOp__0/P[47:0] is not pipelined (PREG=0). Pipelining the DSP48 output will improve performance and often saves power so it is suggested whenever possible to fully pipeline this function.  If this DSP48 function was inferred, it is suggested to describe an additional register stage after this function.  If the DSP48 was instantiated in the design, it is suggested to set the PREG attribute to 1.
Related violations: <none>

DPOP-1#67 Warning
PREG Output pipelining  
DSP TCU_WRAPPER_i/u_tc0/u_octect0/u_dpu_array/DPU4/dpu_fp32/mac3/multOp output TCU_WRAPPER_i/u_tc0/u_octect0/u_dpu_array/DPU4/dpu_fp32/mac3/multOp/P[47:0] is not pipelined (PREG=0). Pipelining the DSP48 output will improve performance and often saves power so it is suggested whenever possible to fully pipeline this function.  If this DSP48 function was inferred, it is suggested to describe an additional register stage after this function.  If the DSP48 was instantiated in the design, it is suggested to set the PREG attribute to 1.
Related violations: <none>

DPOP-1#68 Warning
PREG Output pipelining  
DSP TCU_WRAPPER_i/u_tc0/u_octect0/u_dpu_array/DPU4/dpu_fp32/mac3/multOp__0 output TCU_WRAPPER_i/u_tc0/u_octect0/u_dpu_array/DPU4/dpu_fp32/mac3/multOp__0/P[47:0] is not pipelined (PREG=0). Pipelining the DSP48 output will improve performance and often saves power so it is suggested whenever possible to fully pipeline this function.  If this DSP48 function was inferred, it is suggested to describe an additional register stage after this function.  If the DSP48 was instantiated in the design, it is suggested to set the PREG attribute to 1.
Related violations: <none>

DPOP-1#69 Warning
PREG Output pipelining  
DSP TCU_WRAPPER_i/u_tc0/u_octect0/u_dpu_array/DPU4/dpu_posit32/posit32_mul0/multOp output TCU_WRAPPER_i/u_tc0/u_octect0/u_dpu_array/DPU4/dpu_posit32/posit32_mul0/multOp/P[47:0] is not pipelined (PREG=0). Pipelining the DSP48 output will improve performance and often saves power so it is suggested whenever possible to fully pipeline this function.  If this DSP48 function was inferred, it is suggested to describe an additional register stage after this function.  If the DSP48 was instantiated in the design, it is suggested to set the PREG attribute to 1.
Related violations: <none>

DPOP-1#70 Warning
PREG Output pipelining  
DSP TCU_WRAPPER_i/u_tc0/u_octect0/u_dpu_array/DPU4/dpu_posit32/posit32_mul0/multOp__0 output TCU_WRAPPER_i/u_tc0/u_octect0/u_dpu_array/DPU4/dpu_posit32/posit32_mul0/multOp__0/P[47:0] is not pipelined (PREG=0). Pipelining the DSP48 output will improve performance and often saves power so it is suggested whenever possible to fully pipeline this function.  If this DSP48 function was inferred, it is suggested to describe an additional register stage after this function.  If the DSP48 was instantiated in the design, it is suggested to set the PREG attribute to 1.
Related violations: <none>

DPOP-1#71 Warning
PREG Output pipelining  
DSP TCU_WRAPPER_i/u_tc0/u_octect0/u_dpu_array/DPU4/dpu_posit32/posit32_mul1/multOp output TCU_WRAPPER_i/u_tc0/u_octect0/u_dpu_array/DPU4/dpu_posit32/posit32_mul1/multOp/P[47:0] is not pipelined (PREG=0). Pipelining the DSP48 output will improve performance and often saves power so it is suggested whenever possible to fully pipeline this function.  If this DSP48 function was inferred, it is suggested to describe an additional register stage after this function.  If the DSP48 was instantiated in the design, it is suggested to set the PREG attribute to 1.
Related violations: <none>

DPOP-1#72 Warning
PREG Output pipelining  
DSP TCU_WRAPPER_i/u_tc0/u_octect0/u_dpu_array/DPU4/dpu_posit32/posit32_mul1/multOp__0 output TCU_WRAPPER_i/u_tc0/u_octect0/u_dpu_array/DPU4/dpu_posit32/posit32_mul1/multOp__0/P[47:0] is not pipelined (PREG=0). Pipelining the DSP48 output will improve performance and often saves power so it is suggested whenever possible to fully pipeline this function.  If this DSP48 function was inferred, it is suggested to describe an additional register stage after this function.  If the DSP48 was instantiated in the design, it is suggested to set the PREG attribute to 1.
Related violations: <none>

DPOP-1#73 Warning
PREG Output pipelining  
DSP TCU_WRAPPER_i/u_tc0/u_octect0/u_dpu_array/DPU4/dpu_posit32/posit32_mul2/multOp output TCU_WRAPPER_i/u_tc0/u_octect0/u_dpu_array/DPU4/dpu_posit32/posit32_mul2/multOp/P[47:0] is not pipelined (PREG=0). Pipelining the DSP48 output will improve performance and often saves power so it is suggested whenever possible to fully pipeline this function.  If this DSP48 function was inferred, it is suggested to describe an additional register stage after this function.  If the DSP48 was instantiated in the design, it is suggested to set the PREG attribute to 1.
Related violations: <none>

DPOP-1#74 Warning
PREG Output pipelining  
DSP TCU_WRAPPER_i/u_tc0/u_octect0/u_dpu_array/DPU4/dpu_posit32/posit32_mul2/multOp__0 output TCU_WRAPPER_i/u_tc0/u_octect0/u_dpu_array/DPU4/dpu_posit32/posit32_mul2/multOp__0/P[47:0] is not pipelined (PREG=0). Pipelining the DSP48 output will improve performance and often saves power so it is suggested whenever possible to fully pipeline this function.  If this DSP48 function was inferred, it is suggested to describe an additional register stage after this function.  If the DSP48 was instantiated in the design, it is suggested to set the PREG attribute to 1.
Related violations: <none>

DPOP-1#75 Warning
PREG Output pipelining  
DSP TCU_WRAPPER_i/u_tc0/u_octect0/u_dpu_array/DPU4/dpu_posit32/posit32_mul3/multOp output TCU_WRAPPER_i/u_tc0/u_octect0/u_dpu_array/DPU4/dpu_posit32/posit32_mul3/multOp/P[47:0] is not pipelined (PREG=0). Pipelining the DSP48 output will improve performance and often saves power so it is suggested whenever possible to fully pipeline this function.  If this DSP48 function was inferred, it is suggested to describe an additional register stage after this function.  If the DSP48 was instantiated in the design, it is suggested to set the PREG attribute to 1.
Related violations: <none>

DPOP-1#76 Warning
PREG Output pipelining  
DSP TCU_WRAPPER_i/u_tc0/u_octect0/u_dpu_array/DPU5/dpu_fp32/mac0/multOp output TCU_WRAPPER_i/u_tc0/u_octect0/u_dpu_array/DPU5/dpu_fp32/mac0/multOp/P[47:0] is not pipelined (PREG=0). Pipelining the DSP48 output will improve performance and often saves power so it is suggested whenever possible to fully pipeline this function.  If this DSP48 function was inferred, it is suggested to describe an additional register stage after this function.  If the DSP48 was instantiated in the design, it is suggested to set the PREG attribute to 1.
Related violations: <none>

DPOP-1#77 Warning
PREG Output pipelining  
DSP TCU_WRAPPER_i/u_tc0/u_octect0/u_dpu_array/DPU5/dpu_fp32/mac0/multOp__0 output TCU_WRAPPER_i/u_tc0/u_octect0/u_dpu_array/DPU5/dpu_fp32/mac0/multOp__0/P[47:0] is not pipelined (PREG=0). Pipelining the DSP48 output will improve performance and often saves power so it is suggested whenever possible to fully pipeline this function.  If this DSP48 function was inferred, it is suggested to describe an additional register stage after this function.  If the DSP48 was instantiated in the design, it is suggested to set the PREG attribute to 1.
Related violations: <none>

DPOP-1#78 Warning
PREG Output pipelining  
DSP TCU_WRAPPER_i/u_tc0/u_octect0/u_dpu_array/DPU5/dpu_fp32/mac1/multOp output TCU_WRAPPER_i/u_tc0/u_octect0/u_dpu_array/DPU5/dpu_fp32/mac1/multOp/P[47:0] is not pipelined (PREG=0). Pipelining the DSP48 output will improve performance and often saves power so it is suggested whenever possible to fully pipeline this function.  If this DSP48 function was inferred, it is suggested to describe an additional register stage after this function.  If the DSP48 was instantiated in the design, it is suggested to set the PREG attribute to 1.
Related violations: <none>

DPOP-1#79 Warning
PREG Output pipelining  
DSP TCU_WRAPPER_i/u_tc0/u_octect0/u_dpu_array/DPU5/dpu_fp32/mac1/multOp__0 output TCU_WRAPPER_i/u_tc0/u_octect0/u_dpu_array/DPU5/dpu_fp32/mac1/multOp__0/P[47:0] is not pipelined (PREG=0). Pipelining the DSP48 output will improve performance and often saves power so it is suggested whenever possible to fully pipeline this function.  If this DSP48 function was inferred, it is suggested to describe an additional register stage after this function.  If the DSP48 was instantiated in the design, it is suggested to set the PREG attribute to 1.
Related violations: <none>

DPOP-1#80 Warning
PREG Output pipelining  
DSP TCU_WRAPPER_i/u_tc0/u_octect0/u_dpu_array/DPU5/dpu_fp32/mac2/multOp output TCU_WRAPPER_i/u_tc0/u_octect0/u_dpu_array/DPU5/dpu_fp32/mac2/multOp/P[47:0] is not pipelined (PREG=0). Pipelining the DSP48 output will improve performance and often saves power so it is suggested whenever possible to fully pipeline this function.  If this DSP48 function was inferred, it is suggested to describe an additional register stage after this function.  If the DSP48 was instantiated in the design, it is suggested to set the PREG attribute to 1.
Related violations: <none>

DPOP-1#81 Warning
PREG Output pipelining  
DSP TCU_WRAPPER_i/u_tc0/u_octect0/u_dpu_array/DPU5/dpu_fp32/mac2/multOp__0 output TCU_WRAPPER_i/u_tc0/u_octect0/u_dpu_array/DPU5/dpu_fp32/mac2/multOp__0/P[47:0] is not pipelined (PREG=0). Pipelining the DSP48 output will improve performance and often saves power so it is suggested whenever possible to fully pipeline this function.  If this DSP48 function was inferred, it is suggested to describe an additional register stage after this function.  If the DSP48 was instantiated in the design, it is suggested to set the PREG attribute to 1.
Related violations: <none>

DPOP-1#82 Warning
PREG Output pipelining  
DSP TCU_WRAPPER_i/u_tc0/u_octect0/u_dpu_array/DPU5/dpu_fp32/mac3/multOp output TCU_WRAPPER_i/u_tc0/u_octect0/u_dpu_array/DPU5/dpu_fp32/mac3/multOp/P[47:0] is not pipelined (PREG=0). Pipelining the DSP48 output will improve performance and often saves power so it is suggested whenever possible to fully pipeline this function.  If this DSP48 function was inferred, it is suggested to describe an additional register stage after this function.  If the DSP48 was instantiated in the design, it is suggested to set the PREG attribute to 1.
Related violations: <none>

DPOP-1#83 Warning
PREG Output pipelining  
DSP TCU_WRAPPER_i/u_tc0/u_octect0/u_dpu_array/DPU5/dpu_fp32/mac3/multOp__0 output TCU_WRAPPER_i/u_tc0/u_octect0/u_dpu_array/DPU5/dpu_fp32/mac3/multOp__0/P[47:0] is not pipelined (PREG=0). Pipelining the DSP48 output will improve performance and often saves power so it is suggested whenever possible to fully pipeline this function.  If this DSP48 function was inferred, it is suggested to describe an additional register stage after this function.  If the DSP48 was instantiated in the design, it is suggested to set the PREG attribute to 1.
Related violations: <none>

DPOP-1#84 Warning
PREG Output pipelining  
DSP TCU_WRAPPER_i/u_tc0/u_octect0/u_dpu_array/DPU5/dpu_posit32/posit32_mul0/multOp output TCU_WRAPPER_i/u_tc0/u_octect0/u_dpu_array/DPU5/dpu_posit32/posit32_mul0/multOp/P[47:0] is not pipelined (PREG=0). Pipelining the DSP48 output will improve performance and often saves power so it is suggested whenever possible to fully pipeline this function.  If this DSP48 function was inferred, it is suggested to describe an additional register stage after this function.  If the DSP48 was instantiated in the design, it is suggested to set the PREG attribute to 1.
Related violations: <none>

DPOP-1#85 Warning
PREG Output pipelining  
DSP TCU_WRAPPER_i/u_tc0/u_octect0/u_dpu_array/DPU5/dpu_posit32/posit32_mul0/multOp__0 output TCU_WRAPPER_i/u_tc0/u_octect0/u_dpu_array/DPU5/dpu_posit32/posit32_mul0/multOp__0/P[47:0] is not pipelined (PREG=0). Pipelining the DSP48 output will improve performance and often saves power so it is suggested whenever possible to fully pipeline this function.  If this DSP48 function was inferred, it is suggested to describe an additional register stage after this function.  If the DSP48 was instantiated in the design, it is suggested to set the PREG attribute to 1.
Related violations: <none>

DPOP-1#86 Warning
PREG Output pipelining  
DSP TCU_WRAPPER_i/u_tc0/u_octect0/u_dpu_array/DPU5/dpu_posit32/posit32_mul1/multOp output TCU_WRAPPER_i/u_tc0/u_octect0/u_dpu_array/DPU5/dpu_posit32/posit32_mul1/multOp/P[47:0] is not pipelined (PREG=0). Pipelining the DSP48 output will improve performance and often saves power so it is suggested whenever possible to fully pipeline this function.  If this DSP48 function was inferred, it is suggested to describe an additional register stage after this function.  If the DSP48 was instantiated in the design, it is suggested to set the PREG attribute to 1.
Related violations: <none>

DPOP-1#87 Warning
PREG Output pipelining  
DSP TCU_WRAPPER_i/u_tc0/u_octect0/u_dpu_array/DPU5/dpu_posit32/posit32_mul1/multOp__0 output TCU_WRAPPER_i/u_tc0/u_octect0/u_dpu_array/DPU5/dpu_posit32/posit32_mul1/multOp__0/P[47:0] is not pipelined (PREG=0). Pipelining the DSP48 output will improve performance and often saves power so it is suggested whenever possible to fully pipeline this function.  If this DSP48 function was inferred, it is suggested to describe an additional register stage after this function.  If the DSP48 was instantiated in the design, it is suggested to set the PREG attribute to 1.
Related violations: <none>

DPOP-1#88 Warning
PREG Output pipelining  
DSP TCU_WRAPPER_i/u_tc0/u_octect0/u_dpu_array/DPU5/dpu_posit32/posit32_mul2/multOp output TCU_WRAPPER_i/u_tc0/u_octect0/u_dpu_array/DPU5/dpu_posit32/posit32_mul2/multOp/P[47:0] is not pipelined (PREG=0). Pipelining the DSP48 output will improve performance and often saves power so it is suggested whenever possible to fully pipeline this function.  If this DSP48 function was inferred, it is suggested to describe an additional register stage after this function.  If the DSP48 was instantiated in the design, it is suggested to set the PREG attribute to 1.
Related violations: <none>

DPOP-1#89 Warning
PREG Output pipelining  
DSP TCU_WRAPPER_i/u_tc0/u_octect0/u_dpu_array/DPU5/dpu_posit32/posit32_mul2/multOp__0 output TCU_WRAPPER_i/u_tc0/u_octect0/u_dpu_array/DPU5/dpu_posit32/posit32_mul2/multOp__0/P[47:0] is not pipelined (PREG=0). Pipelining the DSP48 output will improve performance and often saves power so it is suggested whenever possible to fully pipeline this function.  If this DSP48 function was inferred, it is suggested to describe an additional register stage after this function.  If the DSP48 was instantiated in the design, it is suggested to set the PREG attribute to 1.
Related violations: <none>

DPOP-1#90 Warning
PREG Output pipelining  
DSP TCU_WRAPPER_i/u_tc0/u_octect0/u_dpu_array/DPU5/dpu_posit32/posit32_mul3/multOp output TCU_WRAPPER_i/u_tc0/u_octect0/u_dpu_array/DPU5/dpu_posit32/posit32_mul3/multOp/P[47:0] is not pipelined (PREG=0). Pipelining the DSP48 output will improve performance and often saves power so it is suggested whenever possible to fully pipeline this function.  If this DSP48 function was inferred, it is suggested to describe an additional register stage after this function.  If the DSP48 was instantiated in the design, it is suggested to set the PREG attribute to 1.
Related violations: <none>

DPOP-1#91 Warning
PREG Output pipelining  
DSP TCU_WRAPPER_i/u_tc0/u_octect0/u_dpu_array/DPU6/dpu_fp32/mac0/multOp output TCU_WRAPPER_i/u_tc0/u_octect0/u_dpu_array/DPU6/dpu_fp32/mac0/multOp/P[47:0] is not pipelined (PREG=0). Pipelining the DSP48 output will improve performance and often saves power so it is suggested whenever possible to fully pipeline this function.  If this DSP48 function was inferred, it is suggested to describe an additional register stage after this function.  If the DSP48 was instantiated in the design, it is suggested to set the PREG attribute to 1.
Related violations: <none>

DPOP-1#92 Warning
PREG Output pipelining  
DSP TCU_WRAPPER_i/u_tc0/u_octect0/u_dpu_array/DPU6/dpu_fp32/mac0/multOp__0 output TCU_WRAPPER_i/u_tc0/u_octect0/u_dpu_array/DPU6/dpu_fp32/mac0/multOp__0/P[47:0] is not pipelined (PREG=0). Pipelining the DSP48 output will improve performance and often saves power so it is suggested whenever possible to fully pipeline this function.  If this DSP48 function was inferred, it is suggested to describe an additional register stage after this function.  If the DSP48 was instantiated in the design, it is suggested to set the PREG attribute to 1.
Related violations: <none>

DPOP-1#93 Warning
PREG Output pipelining  
DSP TCU_WRAPPER_i/u_tc0/u_octect0/u_dpu_array/DPU6/dpu_fp32/mac1/multOp output TCU_WRAPPER_i/u_tc0/u_octect0/u_dpu_array/DPU6/dpu_fp32/mac1/multOp/P[47:0] is not pipelined (PREG=0). Pipelining the DSP48 output will improve performance and often saves power so it is suggested whenever possible to fully pipeline this function.  If this DSP48 function was inferred, it is suggested to describe an additional register stage after this function.  If the DSP48 was instantiated in the design, it is suggested to set the PREG attribute to 1.
Related violations: <none>

DPOP-1#94 Warning
PREG Output pipelining  
DSP TCU_WRAPPER_i/u_tc0/u_octect0/u_dpu_array/DPU6/dpu_fp32/mac1/multOp__0 output TCU_WRAPPER_i/u_tc0/u_octect0/u_dpu_array/DPU6/dpu_fp32/mac1/multOp__0/P[47:0] is not pipelined (PREG=0). Pipelining the DSP48 output will improve performance and often saves power so it is suggested whenever possible to fully pipeline this function.  If this DSP48 function was inferred, it is suggested to describe an additional register stage after this function.  If the DSP48 was instantiated in the design, it is suggested to set the PREG attribute to 1.
Related violations: <none>

DPOP-1#95 Warning
PREG Output pipelining  
DSP TCU_WRAPPER_i/u_tc0/u_octect0/u_dpu_array/DPU6/dpu_fp32/mac2/multOp output TCU_WRAPPER_i/u_tc0/u_octect0/u_dpu_array/DPU6/dpu_fp32/mac2/multOp/P[47:0] is not pipelined (PREG=0). Pipelining the DSP48 output will improve performance and often saves power so it is suggested whenever possible to fully pipeline this function.  If this DSP48 function was inferred, it is suggested to describe an additional register stage after this function.  If the DSP48 was instantiated in the design, it is suggested to set the PREG attribute to 1.
Related violations: <none>

DPOP-1#96 Warning
PREG Output pipelining  
DSP TCU_WRAPPER_i/u_tc0/u_octect0/u_dpu_array/DPU6/dpu_fp32/mac2/multOp__0 output TCU_WRAPPER_i/u_tc0/u_octect0/u_dpu_array/DPU6/dpu_fp32/mac2/multOp__0/P[47:0] is not pipelined (PREG=0). Pipelining the DSP48 output will improve performance and often saves power so it is suggested whenever possible to fully pipeline this function.  If this DSP48 function was inferred, it is suggested to describe an additional register stage after this function.  If the DSP48 was instantiated in the design, it is suggested to set the PREG attribute to 1.
Related violations: <none>

DPOP-1#97 Warning
PREG Output pipelining  
DSP TCU_WRAPPER_i/u_tc0/u_octect0/u_dpu_array/DPU6/dpu_fp32/mac3/multOp output TCU_WRAPPER_i/u_tc0/u_octect0/u_dpu_array/DPU6/dpu_fp32/mac3/multOp/P[47:0] is not pipelined (PREG=0). Pipelining the DSP48 output will improve performance and often saves power so it is suggested whenever possible to fully pipeline this function.  If this DSP48 function was inferred, it is suggested to describe an additional register stage after this function.  If the DSP48 was instantiated in the design, it is suggested to set the PREG attribute to 1.
Related violations: <none>

DPOP-1#98 Warning
PREG Output pipelining  
DSP TCU_WRAPPER_i/u_tc0/u_octect0/u_dpu_array/DPU6/dpu_fp32/mac3/multOp__0 output TCU_WRAPPER_i/u_tc0/u_octect0/u_dpu_array/DPU6/dpu_fp32/mac3/multOp__0/P[47:0] is not pipelined (PREG=0). Pipelining the DSP48 output will improve performance and often saves power so it is suggested whenever possible to fully pipeline this function.  If this DSP48 function was inferred, it is suggested to describe an additional register stage after this function.  If the DSP48 was instantiated in the design, it is suggested to set the PREG attribute to 1.
Related violations: <none>

DPOP-1#99 Warning
PREG Output pipelining  
DSP TCU_WRAPPER_i/u_tc0/u_octect0/u_dpu_array/DPU6/dpu_posit32/posit32_mul0/multOp output TCU_WRAPPER_i/u_tc0/u_octect0/u_dpu_array/DPU6/dpu_posit32/posit32_mul0/multOp/P[47:0] is not pipelined (PREG=0). Pipelining the DSP48 output will improve performance and often saves power so it is suggested whenever possible to fully pipeline this function.  If this DSP48 function was inferred, it is suggested to describe an additional register stage after this function.  If the DSP48 was instantiated in the design, it is suggested to set the PREG attribute to 1.
Related violations: <none>

DPOP-1#100 Warning
PREG Output pipelining  
DSP TCU_WRAPPER_i/u_tc0/u_octect0/u_dpu_array/DPU6/dpu_posit32/posit32_mul0/multOp__0 output TCU_WRAPPER_i/u_tc0/u_octect0/u_dpu_array/DPU6/dpu_posit32/posit32_mul0/multOp__0/P[47:0] is not pipelined (PREG=0). Pipelining the DSP48 output will improve performance and often saves power so it is suggested whenever possible to fully pipeline this function.  If this DSP48 function was inferred, it is suggested to describe an additional register stage after this function.  If the DSP48 was instantiated in the design, it is suggested to set the PREG attribute to 1.
Related violations: <none>

DPOP-1#101 Warning
PREG Output pipelining  
DSP TCU_WRAPPER_i/u_tc0/u_octect0/u_dpu_array/DPU6/dpu_posit32/posit32_mul1/multOp output TCU_WRAPPER_i/u_tc0/u_octect0/u_dpu_array/DPU6/dpu_posit32/posit32_mul1/multOp/P[47:0] is not pipelined (PREG=0). Pipelining the DSP48 output will improve performance and often saves power so it is suggested whenever possible to fully pipeline this function.  If this DSP48 function was inferred, it is suggested to describe an additional register stage after this function.  If the DSP48 was instantiated in the design, it is suggested to set the PREG attribute to 1.
Related violations: <none>

DPOP-1#102 Warning
PREG Output pipelining  
DSP TCU_WRAPPER_i/u_tc0/u_octect0/u_dpu_array/DPU6/dpu_posit32/posit32_mul1/multOp__0 output TCU_WRAPPER_i/u_tc0/u_octect0/u_dpu_array/DPU6/dpu_posit32/posit32_mul1/multOp__0/P[47:0] is not pipelined (PREG=0). Pipelining the DSP48 output will improve performance and often saves power so it is suggested whenever possible to fully pipeline this function.  If this DSP48 function was inferred, it is suggested to describe an additional register stage after this function.  If the DSP48 was instantiated in the design, it is suggested to set the PREG attribute to 1.
Related violations: <none>

DPOP-1#103 Warning
PREG Output pipelining  
DSP TCU_WRAPPER_i/u_tc0/u_octect0/u_dpu_array/DPU6/dpu_posit32/posit32_mul2/multOp output TCU_WRAPPER_i/u_tc0/u_octect0/u_dpu_array/DPU6/dpu_posit32/posit32_mul2/multOp/P[47:0] is not pipelined (PREG=0). Pipelining the DSP48 output will improve performance and often saves power so it is suggested whenever possible to fully pipeline this function.  If this DSP48 function was inferred, it is suggested to describe an additional register stage after this function.  If the DSP48 was instantiated in the design, it is suggested to set the PREG attribute to 1.
Related violations: <none>

DPOP-1#104 Warning
PREG Output pipelining  
DSP TCU_WRAPPER_i/u_tc0/u_octect0/u_dpu_array/DPU6/dpu_posit32/posit32_mul2/multOp__0 output TCU_WRAPPER_i/u_tc0/u_octect0/u_dpu_array/DPU6/dpu_posit32/posit32_mul2/multOp__0/P[47:0] is not pipelined (PREG=0). Pipelining the DSP48 output will improve performance and often saves power so it is suggested whenever possible to fully pipeline this function.  If this DSP48 function was inferred, it is suggested to describe an additional register stage after this function.  If the DSP48 was instantiated in the design, it is suggested to set the PREG attribute to 1.
Related violations: <none>

DPOP-1#105 Warning
PREG Output pipelining  
DSP TCU_WRAPPER_i/u_tc0/u_octect0/u_dpu_array/DPU6/dpu_posit32/posit32_mul3/multOp output TCU_WRAPPER_i/u_tc0/u_octect0/u_dpu_array/DPU6/dpu_posit32/posit32_mul3/multOp/P[47:0] is not pipelined (PREG=0). Pipelining the DSP48 output will improve performance and often saves power so it is suggested whenever possible to fully pipeline this function.  If this DSP48 function was inferred, it is suggested to describe an additional register stage after this function.  If the DSP48 was instantiated in the design, it is suggested to set the PREG attribute to 1.
Related violations: <none>

DPOP-1#106 Warning
PREG Output pipelining  
DSP TCU_WRAPPER_i/u_tc0/u_octect0/u_dpu_array/DPU7/dpu_fp32/mac0/multOp output TCU_WRAPPER_i/u_tc0/u_octect0/u_dpu_array/DPU7/dpu_fp32/mac0/multOp/P[47:0] is not pipelined (PREG=0). Pipelining the DSP48 output will improve performance and often saves power so it is suggested whenever possible to fully pipeline this function.  If this DSP48 function was inferred, it is suggested to describe an additional register stage after this function.  If the DSP48 was instantiated in the design, it is suggested to set the PREG attribute to 1.
Related violations: <none>

DPOP-1#107 Warning
PREG Output pipelining  
DSP TCU_WRAPPER_i/u_tc0/u_octect0/u_dpu_array/DPU7/dpu_fp32/mac0/multOp__0 output TCU_WRAPPER_i/u_tc0/u_octect0/u_dpu_array/DPU7/dpu_fp32/mac0/multOp__0/P[47:0] is not pipelined (PREG=0). Pipelining the DSP48 output will improve performance and often saves power so it is suggested whenever possible to fully pipeline this function.  If this DSP48 function was inferred, it is suggested to describe an additional register stage after this function.  If the DSP48 was instantiated in the design, it is suggested to set the PREG attribute to 1.
Related violations: <none>

DPOP-1#108 Warning
PREG Output pipelining  
DSP TCU_WRAPPER_i/u_tc0/u_octect0/u_dpu_array/DPU7/dpu_fp32/mac1/multOp output TCU_WRAPPER_i/u_tc0/u_octect0/u_dpu_array/DPU7/dpu_fp32/mac1/multOp/P[47:0] is not pipelined (PREG=0). Pipelining the DSP48 output will improve performance and often saves power so it is suggested whenever possible to fully pipeline this function.  If this DSP48 function was inferred, it is suggested to describe an additional register stage after this function.  If the DSP48 was instantiated in the design, it is suggested to set the PREG attribute to 1.
Related violations: <none>

DPOP-1#109 Warning
PREG Output pipelining  
DSP TCU_WRAPPER_i/u_tc0/u_octect0/u_dpu_array/DPU7/dpu_fp32/mac1/multOp__0 output TCU_WRAPPER_i/u_tc0/u_octect0/u_dpu_array/DPU7/dpu_fp32/mac1/multOp__0/P[47:0] is not pipelined (PREG=0). Pipelining the DSP48 output will improve performance and often saves power so it is suggested whenever possible to fully pipeline this function.  If this DSP48 function was inferred, it is suggested to describe an additional register stage after this function.  If the DSP48 was instantiated in the design, it is suggested to set the PREG attribute to 1.
Related violations: <none>

DPOP-1#110 Warning
PREG Output pipelining  
DSP TCU_WRAPPER_i/u_tc0/u_octect0/u_dpu_array/DPU7/dpu_fp32/mac2/multOp output TCU_WRAPPER_i/u_tc0/u_octect0/u_dpu_array/DPU7/dpu_fp32/mac2/multOp/P[47:0] is not pipelined (PREG=0). Pipelining the DSP48 output will improve performance and often saves power so it is suggested whenever possible to fully pipeline this function.  If this DSP48 function was inferred, it is suggested to describe an additional register stage after this function.  If the DSP48 was instantiated in the design, it is suggested to set the PREG attribute to 1.
Related violations: <none>

DPOP-1#111 Warning
PREG Output pipelining  
DSP TCU_WRAPPER_i/u_tc0/u_octect0/u_dpu_array/DPU7/dpu_fp32/mac2/multOp__0 output TCU_WRAPPER_i/u_tc0/u_octect0/u_dpu_array/DPU7/dpu_fp32/mac2/multOp__0/P[47:0] is not pipelined (PREG=0). Pipelining the DSP48 output will improve performance and often saves power so it is suggested whenever possible to fully pipeline this function.  If this DSP48 function was inferred, it is suggested to describe an additional register stage after this function.  If the DSP48 was instantiated in the design, it is suggested to set the PREG attribute to 1.
Related violations: <none>

DPOP-1#112 Warning
PREG Output pipelining  
DSP TCU_WRAPPER_i/u_tc0/u_octect0/u_dpu_array/DPU7/dpu_fp32/mac3/multOp output TCU_WRAPPER_i/u_tc0/u_octect0/u_dpu_array/DPU7/dpu_fp32/mac3/multOp/P[47:0] is not pipelined (PREG=0). Pipelining the DSP48 output will improve performance and often saves power so it is suggested whenever possible to fully pipeline this function.  If this DSP48 function was inferred, it is suggested to describe an additional register stage after this function.  If the DSP48 was instantiated in the design, it is suggested to set the PREG attribute to 1.
Related violations: <none>

DPOP-1#113 Warning
PREG Output pipelining  
DSP TCU_WRAPPER_i/u_tc0/u_octect0/u_dpu_array/DPU7/dpu_fp32/mac3/multOp__0 output TCU_WRAPPER_i/u_tc0/u_octect0/u_dpu_array/DPU7/dpu_fp32/mac3/multOp__0/P[47:0] is not pipelined (PREG=0). Pipelining the DSP48 output will improve performance and often saves power so it is suggested whenever possible to fully pipeline this function.  If this DSP48 function was inferred, it is suggested to describe an additional register stage after this function.  If the DSP48 was instantiated in the design, it is suggested to set the PREG attribute to 1.
Related violations: <none>

DPOP-1#114 Warning
PREG Output pipelining  
DSP TCU_WRAPPER_i/u_tc0/u_octect0/u_dpu_array/DPU7/dpu_posit32/posit32_mul0/multOp output TCU_WRAPPER_i/u_tc0/u_octect0/u_dpu_array/DPU7/dpu_posit32/posit32_mul0/multOp/P[47:0] is not pipelined (PREG=0). Pipelining the DSP48 output will improve performance and often saves power so it is suggested whenever possible to fully pipeline this function.  If this DSP48 function was inferred, it is suggested to describe an additional register stage after this function.  If the DSP48 was instantiated in the design, it is suggested to set the PREG attribute to 1.
Related violations: <none>

DPOP-1#115 Warning
PREG Output pipelining  
DSP TCU_WRAPPER_i/u_tc0/u_octect0/u_dpu_array/DPU7/dpu_posit32/posit32_mul0/multOp__0 output TCU_WRAPPER_i/u_tc0/u_octect0/u_dpu_array/DPU7/dpu_posit32/posit32_mul0/multOp__0/P[47:0] is not pipelined (PREG=0). Pipelining the DSP48 output will improve performance and often saves power so it is suggested whenever possible to fully pipeline this function.  If this DSP48 function was inferred, it is suggested to describe an additional register stage after this function.  If the DSP48 was instantiated in the design, it is suggested to set the PREG attribute to 1.
Related violations: <none>

DPOP-1#116 Warning
PREG Output pipelining  
DSP TCU_WRAPPER_i/u_tc0/u_octect0/u_dpu_array/DPU7/dpu_posit32/posit32_mul1/multOp output TCU_WRAPPER_i/u_tc0/u_octect0/u_dpu_array/DPU7/dpu_posit32/posit32_mul1/multOp/P[47:0] is not pipelined (PREG=0). Pipelining the DSP48 output will improve performance and often saves power so it is suggested whenever possible to fully pipeline this function.  If this DSP48 function was inferred, it is suggested to describe an additional register stage after this function.  If the DSP48 was instantiated in the design, it is suggested to set the PREG attribute to 1.
Related violations: <none>

DPOP-1#117 Warning
PREG Output pipelining  
DSP TCU_WRAPPER_i/u_tc0/u_octect0/u_dpu_array/DPU7/dpu_posit32/posit32_mul1/multOp__0 output TCU_WRAPPER_i/u_tc0/u_octect0/u_dpu_array/DPU7/dpu_posit32/posit32_mul1/multOp__0/P[47:0] is not pipelined (PREG=0). Pipelining the DSP48 output will improve performance and often saves power so it is suggested whenever possible to fully pipeline this function.  If this DSP48 function was inferred, it is suggested to describe an additional register stage after this function.  If the DSP48 was instantiated in the design, it is suggested to set the PREG attribute to 1.
Related violations: <none>

DPOP-1#118 Warning
PREG Output pipelining  
DSP TCU_WRAPPER_i/u_tc0/u_octect0/u_dpu_array/DPU7/dpu_posit32/posit32_mul2/multOp output TCU_WRAPPER_i/u_tc0/u_octect0/u_dpu_array/DPU7/dpu_posit32/posit32_mul2/multOp/P[47:0] is not pipelined (PREG=0). Pipelining the DSP48 output will improve performance and often saves power so it is suggested whenever possible to fully pipeline this function.  If this DSP48 function was inferred, it is suggested to describe an additional register stage after this function.  If the DSP48 was instantiated in the design, it is suggested to set the PREG attribute to 1.
Related violations: <none>

DPOP-1#119 Warning
PREG Output pipelining  
DSP TCU_WRAPPER_i/u_tc0/u_octect0/u_dpu_array/DPU7/dpu_posit32/posit32_mul2/multOp__0 output TCU_WRAPPER_i/u_tc0/u_octect0/u_dpu_array/DPU7/dpu_posit32/posit32_mul2/multOp__0/P[47:0] is not pipelined (PREG=0). Pipelining the DSP48 output will improve performance and often saves power so it is suggested whenever possible to fully pipeline this function.  If this DSP48 function was inferred, it is suggested to describe an additional register stage after this function.  If the DSP48 was instantiated in the design, it is suggested to set the PREG attribute to 1.
Related violations: <none>

DPOP-1#120 Warning
PREG Output pipelining  
DSP TCU_WRAPPER_i/u_tc0/u_octect0/u_dpu_array/DPU7/dpu_posit32/posit32_mul3/multOp output TCU_WRAPPER_i/u_tc0/u_octect0/u_dpu_array/DPU7/dpu_posit32/posit32_mul3/multOp/P[47:0] is not pipelined (PREG=0). Pipelining the DSP48 output will improve performance and often saves power so it is suggested whenever possible to fully pipeline this function.  If this DSP48 function was inferred, it is suggested to describe an additional register stage after this function.  If the DSP48 was instantiated in the design, it is suggested to set the PREG attribute to 1.
Related violations: <none>

DPOP-1#121 Warning
PREG Output pipelining  
DSP TCU_WRAPPER_i/u_tc0/u_octect1/u_dpu_array/DPU0/dpu_fp32/mac0/multOp output TCU_WRAPPER_i/u_tc0/u_octect1/u_dpu_array/DPU0/dpu_fp32/mac0/multOp/P[47:0] is not pipelined (PREG=0). Pipelining the DSP48 output will improve performance and often saves power so it is suggested whenever possible to fully pipeline this function.  If this DSP48 function was inferred, it is suggested to describe an additional register stage after this function.  If the DSP48 was instantiated in the design, it is suggested to set the PREG attribute to 1.
Related violations: <none>

DPOP-1#122 Warning
PREG Output pipelining  
DSP TCU_WRAPPER_i/u_tc0/u_octect1/u_dpu_array/DPU0/dpu_fp32/mac0/multOp__0 output TCU_WRAPPER_i/u_tc0/u_octect1/u_dpu_array/DPU0/dpu_fp32/mac0/multOp__0/P[47:0] is not pipelined (PREG=0). Pipelining the DSP48 output will improve performance and often saves power so it is suggested whenever possible to fully pipeline this function.  If this DSP48 function was inferred, it is suggested to describe an additional register stage after this function.  If the DSP48 was instantiated in the design, it is suggested to set the PREG attribute to 1.
Related violations: <none>

DPOP-1#123 Warning
PREG Output pipelining  
DSP TCU_WRAPPER_i/u_tc0/u_octect1/u_dpu_array/DPU0/dpu_fp32/mac1/multOp output TCU_WRAPPER_i/u_tc0/u_octect1/u_dpu_array/DPU0/dpu_fp32/mac1/multOp/P[47:0] is not pipelined (PREG=0). Pipelining the DSP48 output will improve performance and often saves power so it is suggested whenever possible to fully pipeline this function.  If this DSP48 function was inferred, it is suggested to describe an additional register stage after this function.  If the DSP48 was instantiated in the design, it is suggested to set the PREG attribute to 1.
Related violations: <none>

DPOP-1#124 Warning
PREG Output pipelining  
DSP TCU_WRAPPER_i/u_tc0/u_octect1/u_dpu_array/DPU0/dpu_fp32/mac1/multOp__0 output TCU_WRAPPER_i/u_tc0/u_octect1/u_dpu_array/DPU0/dpu_fp32/mac1/multOp__0/P[47:0] is not pipelined (PREG=0). Pipelining the DSP48 output will improve performance and often saves power so it is suggested whenever possible to fully pipeline this function.  If this DSP48 function was inferred, it is suggested to describe an additional register stage after this function.  If the DSP48 was instantiated in the design, it is suggested to set the PREG attribute to 1.
Related violations: <none>

DPOP-1#125 Warning
PREG Output pipelining  
DSP TCU_WRAPPER_i/u_tc0/u_octect1/u_dpu_array/DPU0/dpu_fp32/mac2/multOp output TCU_WRAPPER_i/u_tc0/u_octect1/u_dpu_array/DPU0/dpu_fp32/mac2/multOp/P[47:0] is not pipelined (PREG=0). Pipelining the DSP48 output will improve performance and often saves power so it is suggested whenever possible to fully pipeline this function.  If this DSP48 function was inferred, it is suggested to describe an additional register stage after this function.  If the DSP48 was instantiated in the design, it is suggested to set the PREG attribute to 1.
Related violations: <none>

DPOP-1#126 Warning
PREG Output pipelining  
DSP TCU_WRAPPER_i/u_tc0/u_octect1/u_dpu_array/DPU0/dpu_fp32/mac2/multOp__0 output TCU_WRAPPER_i/u_tc0/u_octect1/u_dpu_array/DPU0/dpu_fp32/mac2/multOp__0/P[47:0] is not pipelined (PREG=0). Pipelining the DSP48 output will improve performance and often saves power so it is suggested whenever possible to fully pipeline this function.  If this DSP48 function was inferred, it is suggested to describe an additional register stage after this function.  If the DSP48 was instantiated in the design, it is suggested to set the PREG attribute to 1.
Related violations: <none>

DPOP-1#127 Warning
PREG Output pipelining  
DSP TCU_WRAPPER_i/u_tc0/u_octect1/u_dpu_array/DPU0/dpu_fp32/mac3/multOp output TCU_WRAPPER_i/u_tc0/u_octect1/u_dpu_array/DPU0/dpu_fp32/mac3/multOp/P[47:0] is not pipelined (PREG=0). Pipelining the DSP48 output will improve performance and often saves power so it is suggested whenever possible to fully pipeline this function.  If this DSP48 function was inferred, it is suggested to describe an additional register stage after this function.  If the DSP48 was instantiated in the design, it is suggested to set the PREG attribute to 1.
Related violations: <none>

DPOP-1#128 Warning
PREG Output pipelining  
DSP TCU_WRAPPER_i/u_tc0/u_octect1/u_dpu_array/DPU0/dpu_fp32/mac3/multOp__0 output TCU_WRAPPER_i/u_tc0/u_octect1/u_dpu_array/DPU0/dpu_fp32/mac3/multOp__0/P[47:0] is not pipelined (PREG=0). Pipelining the DSP48 output will improve performance and often saves power so it is suggested whenever possible to fully pipeline this function.  If this DSP48 function was inferred, it is suggested to describe an additional register stage after this function.  If the DSP48 was instantiated in the design, it is suggested to set the PREG attribute to 1.
Related violations: <none>

DPOP-1#129 Warning
PREG Output pipelining  
DSP TCU_WRAPPER_i/u_tc0/u_octect1/u_dpu_array/DPU0/dpu_posit32/posit32_mul0/multOp output TCU_WRAPPER_i/u_tc0/u_octect1/u_dpu_array/DPU0/dpu_posit32/posit32_mul0/multOp/P[47:0] is not pipelined (PREG=0). Pipelining the DSP48 output will improve performance and often saves power so it is suggested whenever possible to fully pipeline this function.  If this DSP48 function was inferred, it is suggested to describe an additional register stage after this function.  If the DSP48 was instantiated in the design, it is suggested to set the PREG attribute to 1.
Related violations: <none>

DPOP-1#130 Warning
PREG Output pipelining  
DSP TCU_WRAPPER_i/u_tc0/u_octect1/u_dpu_array/DPU0/dpu_posit32/posit32_mul0/multOp__0 output TCU_WRAPPER_i/u_tc0/u_octect1/u_dpu_array/DPU0/dpu_posit32/posit32_mul0/multOp__0/P[47:0] is not pipelined (PREG=0). Pipelining the DSP48 output will improve performance and often saves power so it is suggested whenever possible to fully pipeline this function.  If this DSP48 function was inferred, it is suggested to describe an additional register stage after this function.  If the DSP48 was instantiated in the design, it is suggested to set the PREG attribute to 1.
Related violations: <none>

DPOP-1#131 Warning
PREG Output pipelining  
DSP TCU_WRAPPER_i/u_tc0/u_octect1/u_dpu_array/DPU0/dpu_posit32/posit32_mul1/multOp output TCU_WRAPPER_i/u_tc0/u_octect1/u_dpu_array/DPU0/dpu_posit32/posit32_mul1/multOp/P[47:0] is not pipelined (PREG=0). Pipelining the DSP48 output will improve performance and often saves power so it is suggested whenever possible to fully pipeline this function.  If this DSP48 function was inferred, it is suggested to describe an additional register stage after this function.  If the DSP48 was instantiated in the design, it is suggested to set the PREG attribute to 1.
Related violations: <none>

DPOP-1#132 Warning
PREG Output pipelining  
DSP TCU_WRAPPER_i/u_tc0/u_octect1/u_dpu_array/DPU0/dpu_posit32/posit32_mul1/multOp__0 output TCU_WRAPPER_i/u_tc0/u_octect1/u_dpu_array/DPU0/dpu_posit32/posit32_mul1/multOp__0/P[47:0] is not pipelined (PREG=0). Pipelining the DSP48 output will improve performance and often saves power so it is suggested whenever possible to fully pipeline this function.  If this DSP48 function was inferred, it is suggested to describe an additional register stage after this function.  If the DSP48 was instantiated in the design, it is suggested to set the PREG attribute to 1.
Related violations: <none>

DPOP-1#133 Warning
PREG Output pipelining  
DSP TCU_WRAPPER_i/u_tc0/u_octect1/u_dpu_array/DPU0/dpu_posit32/posit32_mul2/multOp output TCU_WRAPPER_i/u_tc0/u_octect1/u_dpu_array/DPU0/dpu_posit32/posit32_mul2/multOp/P[47:0] is not pipelined (PREG=0). Pipelining the DSP48 output will improve performance and often saves power so it is suggested whenever possible to fully pipeline this function.  If this DSP48 function was inferred, it is suggested to describe an additional register stage after this function.  If the DSP48 was instantiated in the design, it is suggested to set the PREG attribute to 1.
Related violations: <none>

DPOP-1#134 Warning
PREG Output pipelining  
DSP TCU_WRAPPER_i/u_tc0/u_octect1/u_dpu_array/DPU0/dpu_posit32/posit32_mul2/multOp__0 output TCU_WRAPPER_i/u_tc0/u_octect1/u_dpu_array/DPU0/dpu_posit32/posit32_mul2/multOp__0/P[47:0] is not pipelined (PREG=0). Pipelining the DSP48 output will improve performance and often saves power so it is suggested whenever possible to fully pipeline this function.  If this DSP48 function was inferred, it is suggested to describe an additional register stage after this function.  If the DSP48 was instantiated in the design, it is suggested to set the PREG attribute to 1.
Related violations: <none>

DPOP-1#135 Warning
PREG Output pipelining  
DSP TCU_WRAPPER_i/u_tc0/u_octect1/u_dpu_array/DPU0/dpu_posit32/posit32_mul3/multOp output TCU_WRAPPER_i/u_tc0/u_octect1/u_dpu_array/DPU0/dpu_posit32/posit32_mul3/multOp/P[47:0] is not pipelined (PREG=0). Pipelining the DSP48 output will improve performance and often saves power so it is suggested whenever possible to fully pipeline this function.  If this DSP48 function was inferred, it is suggested to describe an additional register stage after this function.  If the DSP48 was instantiated in the design, it is suggested to set the PREG attribute to 1.
Related violations: <none>

DPOP-1#136 Warning
PREG Output pipelining  
DSP TCU_WRAPPER_i/u_tc0/u_octect1/u_dpu_array/DPU1/dpu_fp32/mac0/multOp output TCU_WRAPPER_i/u_tc0/u_octect1/u_dpu_array/DPU1/dpu_fp32/mac0/multOp/P[47:0] is not pipelined (PREG=0). Pipelining the DSP48 output will improve performance and often saves power so it is suggested whenever possible to fully pipeline this function.  If this DSP48 function was inferred, it is suggested to describe an additional register stage after this function.  If the DSP48 was instantiated in the design, it is suggested to set the PREG attribute to 1.
Related violations: <none>

DPOP-1#137 Warning
PREG Output pipelining  
DSP TCU_WRAPPER_i/u_tc0/u_octect1/u_dpu_array/DPU1/dpu_fp32/mac0/multOp__0 output TCU_WRAPPER_i/u_tc0/u_octect1/u_dpu_array/DPU1/dpu_fp32/mac0/multOp__0/P[47:0] is not pipelined (PREG=0). Pipelining the DSP48 output will improve performance and often saves power so it is suggested whenever possible to fully pipeline this function.  If this DSP48 function was inferred, it is suggested to describe an additional register stage after this function.  If the DSP48 was instantiated in the design, it is suggested to set the PREG attribute to 1.
Related violations: <none>

DPOP-1#138 Warning
PREG Output pipelining  
DSP TCU_WRAPPER_i/u_tc0/u_octect1/u_dpu_array/DPU1/dpu_fp32/mac1/multOp output TCU_WRAPPER_i/u_tc0/u_octect1/u_dpu_array/DPU1/dpu_fp32/mac1/multOp/P[47:0] is not pipelined (PREG=0). Pipelining the DSP48 output will improve performance and often saves power so it is suggested whenever possible to fully pipeline this function.  If this DSP48 function was inferred, it is suggested to describe an additional register stage after this function.  If the DSP48 was instantiated in the design, it is suggested to set the PREG attribute to 1.
Related violations: <none>

DPOP-1#139 Warning
PREG Output pipelining  
DSP TCU_WRAPPER_i/u_tc0/u_octect1/u_dpu_array/DPU1/dpu_fp32/mac1/multOp__0 output TCU_WRAPPER_i/u_tc0/u_octect1/u_dpu_array/DPU1/dpu_fp32/mac1/multOp__0/P[47:0] is not pipelined (PREG=0). Pipelining the DSP48 output will improve performance and often saves power so it is suggested whenever possible to fully pipeline this function.  If this DSP48 function was inferred, it is suggested to describe an additional register stage after this function.  If the DSP48 was instantiated in the design, it is suggested to set the PREG attribute to 1.
Related violations: <none>

DPOP-1#140 Warning
PREG Output pipelining  
DSP TCU_WRAPPER_i/u_tc0/u_octect1/u_dpu_array/DPU1/dpu_fp32/mac2/multOp output TCU_WRAPPER_i/u_tc0/u_octect1/u_dpu_array/DPU1/dpu_fp32/mac2/multOp/P[47:0] is not pipelined (PREG=0). Pipelining the DSP48 output will improve performance and often saves power so it is suggested whenever possible to fully pipeline this function.  If this DSP48 function was inferred, it is suggested to describe an additional register stage after this function.  If the DSP48 was instantiated in the design, it is suggested to set the PREG attribute to 1.
Related violations: <none>

DPOP-1#141 Warning
PREG Output pipelining  
DSP TCU_WRAPPER_i/u_tc0/u_octect1/u_dpu_array/DPU1/dpu_fp32/mac2/multOp__0 output TCU_WRAPPER_i/u_tc0/u_octect1/u_dpu_array/DPU1/dpu_fp32/mac2/multOp__0/P[47:0] is not pipelined (PREG=0). Pipelining the DSP48 output will improve performance and often saves power so it is suggested whenever possible to fully pipeline this function.  If this DSP48 function was inferred, it is suggested to describe an additional register stage after this function.  If the DSP48 was instantiated in the design, it is suggested to set the PREG attribute to 1.
Related violations: <none>

DPOP-1#142 Warning
PREG Output pipelining  
DSP TCU_WRAPPER_i/u_tc0/u_octect1/u_dpu_array/DPU1/dpu_fp32/mac3/multOp output TCU_WRAPPER_i/u_tc0/u_octect1/u_dpu_array/DPU1/dpu_fp32/mac3/multOp/P[47:0] is not pipelined (PREG=0). Pipelining the DSP48 output will improve performance and often saves power so it is suggested whenever possible to fully pipeline this function.  If this DSP48 function was inferred, it is suggested to describe an additional register stage after this function.  If the DSP48 was instantiated in the design, it is suggested to set the PREG attribute to 1.
Related violations: <none>

DPOP-1#143 Warning
PREG Output pipelining  
DSP TCU_WRAPPER_i/u_tc0/u_octect1/u_dpu_array/DPU1/dpu_fp32/mac3/multOp__0 output TCU_WRAPPER_i/u_tc0/u_octect1/u_dpu_array/DPU1/dpu_fp32/mac3/multOp__0/P[47:0] is not pipelined (PREG=0). Pipelining the DSP48 output will improve performance and often saves power so it is suggested whenever possible to fully pipeline this function.  If this DSP48 function was inferred, it is suggested to describe an additional register stage after this function.  If the DSP48 was instantiated in the design, it is suggested to set the PREG attribute to 1.
Related violations: <none>

DPOP-1#144 Warning
PREG Output pipelining  
DSP TCU_WRAPPER_i/u_tc0/u_octect1/u_dpu_array/DPU1/dpu_posit32/posit32_mul0/multOp output TCU_WRAPPER_i/u_tc0/u_octect1/u_dpu_array/DPU1/dpu_posit32/posit32_mul0/multOp/P[47:0] is not pipelined (PREG=0). Pipelining the DSP48 output will improve performance and often saves power so it is suggested whenever possible to fully pipeline this function.  If this DSP48 function was inferred, it is suggested to describe an additional register stage after this function.  If the DSP48 was instantiated in the design, it is suggested to set the PREG attribute to 1.
Related violations: <none>

DPOP-1#145 Warning
PREG Output pipelining  
DSP TCU_WRAPPER_i/u_tc0/u_octect1/u_dpu_array/DPU1/dpu_posit32/posit32_mul0/multOp__0 output TCU_WRAPPER_i/u_tc0/u_octect1/u_dpu_array/DPU1/dpu_posit32/posit32_mul0/multOp__0/P[47:0] is not pipelined (PREG=0). Pipelining the DSP48 output will improve performance and often saves power so it is suggested whenever possible to fully pipeline this function.  If this DSP48 function was inferred, it is suggested to describe an additional register stage after this function.  If the DSP48 was instantiated in the design, it is suggested to set the PREG attribute to 1.
Related violations: <none>

DPOP-1#146 Warning
PREG Output pipelining  
DSP TCU_WRAPPER_i/u_tc0/u_octect1/u_dpu_array/DPU1/dpu_posit32/posit32_mul1/multOp output TCU_WRAPPER_i/u_tc0/u_octect1/u_dpu_array/DPU1/dpu_posit32/posit32_mul1/multOp/P[47:0] is not pipelined (PREG=0). Pipelining the DSP48 output will improve performance and often saves power so it is suggested whenever possible to fully pipeline this function.  If this DSP48 function was inferred, it is suggested to describe an additional register stage after this function.  If the DSP48 was instantiated in the design, it is suggested to set the PREG attribute to 1.
Related violations: <none>

DPOP-1#147 Warning
PREG Output pipelining  
DSP TCU_WRAPPER_i/u_tc0/u_octect1/u_dpu_array/DPU1/dpu_posit32/posit32_mul1/multOp__0 output TCU_WRAPPER_i/u_tc0/u_octect1/u_dpu_array/DPU1/dpu_posit32/posit32_mul1/multOp__0/P[47:0] is not pipelined (PREG=0). Pipelining the DSP48 output will improve performance and often saves power so it is suggested whenever possible to fully pipeline this function.  If this DSP48 function was inferred, it is suggested to describe an additional register stage after this function.  If the DSP48 was instantiated in the design, it is suggested to set the PREG attribute to 1.
Related violations: <none>

DPOP-1#148 Warning
PREG Output pipelining  
DSP TCU_WRAPPER_i/u_tc0/u_octect1/u_dpu_array/DPU1/dpu_posit32/posit32_mul2/multOp output TCU_WRAPPER_i/u_tc0/u_octect1/u_dpu_array/DPU1/dpu_posit32/posit32_mul2/multOp/P[47:0] is not pipelined (PREG=0). Pipelining the DSP48 output will improve performance and often saves power so it is suggested whenever possible to fully pipeline this function.  If this DSP48 function was inferred, it is suggested to describe an additional register stage after this function.  If the DSP48 was instantiated in the design, it is suggested to set the PREG attribute to 1.
Related violations: <none>

DPOP-1#149 Warning
PREG Output pipelining  
DSP TCU_WRAPPER_i/u_tc0/u_octect1/u_dpu_array/DPU1/dpu_posit32/posit32_mul2/multOp__0 output TCU_WRAPPER_i/u_tc0/u_octect1/u_dpu_array/DPU1/dpu_posit32/posit32_mul2/multOp__0/P[47:0] is not pipelined (PREG=0). Pipelining the DSP48 output will improve performance and often saves power so it is suggested whenever possible to fully pipeline this function.  If this DSP48 function was inferred, it is suggested to describe an additional register stage after this function.  If the DSP48 was instantiated in the design, it is suggested to set the PREG attribute to 1.
Related violations: <none>

DPOP-1#150 Warning
PREG Output pipelining  
DSP TCU_WRAPPER_i/u_tc0/u_octect1/u_dpu_array/DPU1/dpu_posit32/posit32_mul3/multOp output TCU_WRAPPER_i/u_tc0/u_octect1/u_dpu_array/DPU1/dpu_posit32/posit32_mul3/multOp/P[47:0] is not pipelined (PREG=0). Pipelining the DSP48 output will improve performance and often saves power so it is suggested whenever possible to fully pipeline this function.  If this DSP48 function was inferred, it is suggested to describe an additional register stage after this function.  If the DSP48 was instantiated in the design, it is suggested to set the PREG attribute to 1.
Related violations: <none>

DPOP-1#151 Warning
PREG Output pipelining  
DSP TCU_WRAPPER_i/u_tc0/u_octect1/u_dpu_array/DPU2/dpu_fp32/mac0/multOp output TCU_WRAPPER_i/u_tc0/u_octect1/u_dpu_array/DPU2/dpu_fp32/mac0/multOp/P[47:0] is not pipelined (PREG=0). Pipelining the DSP48 output will improve performance and often saves power so it is suggested whenever possible to fully pipeline this function.  If this DSP48 function was inferred, it is suggested to describe an additional register stage after this function.  If the DSP48 was instantiated in the design, it is suggested to set the PREG attribute to 1.
Related violations: <none>

DPOP-1#152 Warning
PREG Output pipelining  
DSP TCU_WRAPPER_i/u_tc0/u_octect1/u_dpu_array/DPU2/dpu_fp32/mac0/multOp__0 output TCU_WRAPPER_i/u_tc0/u_octect1/u_dpu_array/DPU2/dpu_fp32/mac0/multOp__0/P[47:0] is not pipelined (PREG=0). Pipelining the DSP48 output will improve performance and often saves power so it is suggested whenever possible to fully pipeline this function.  If this DSP48 function was inferred, it is suggested to describe an additional register stage after this function.  If the DSP48 was instantiated in the design, it is suggested to set the PREG attribute to 1.
Related violations: <none>

DPOP-1#153 Warning
PREG Output pipelining  
DSP TCU_WRAPPER_i/u_tc0/u_octect1/u_dpu_array/DPU2/dpu_fp32/mac1/multOp output TCU_WRAPPER_i/u_tc0/u_octect1/u_dpu_array/DPU2/dpu_fp32/mac1/multOp/P[47:0] is not pipelined (PREG=0). Pipelining the DSP48 output will improve performance and often saves power so it is suggested whenever possible to fully pipeline this function.  If this DSP48 function was inferred, it is suggested to describe an additional register stage after this function.  If the DSP48 was instantiated in the design, it is suggested to set the PREG attribute to 1.
Related violations: <none>

DPOP-1#154 Warning
PREG Output pipelining  
DSP TCU_WRAPPER_i/u_tc0/u_octect1/u_dpu_array/DPU2/dpu_fp32/mac1/multOp__0 output TCU_WRAPPER_i/u_tc0/u_octect1/u_dpu_array/DPU2/dpu_fp32/mac1/multOp__0/P[47:0] is not pipelined (PREG=0). Pipelining the DSP48 output will improve performance and often saves power so it is suggested whenever possible to fully pipeline this function.  If this DSP48 function was inferred, it is suggested to describe an additional register stage after this function.  If the DSP48 was instantiated in the design, it is suggested to set the PREG attribute to 1.
Related violations: <none>

DPOP-1#155 Warning
PREG Output pipelining  
DSP TCU_WRAPPER_i/u_tc0/u_octect1/u_dpu_array/DPU2/dpu_fp32/mac2/multOp output TCU_WRAPPER_i/u_tc0/u_octect1/u_dpu_array/DPU2/dpu_fp32/mac2/multOp/P[47:0] is not pipelined (PREG=0). Pipelining the DSP48 output will improve performance and often saves power so it is suggested whenever possible to fully pipeline this function.  If this DSP48 function was inferred, it is suggested to describe an additional register stage after this function.  If the DSP48 was instantiated in the design, it is suggested to set the PREG attribute to 1.
Related violations: <none>

DPOP-1#156 Warning
PREG Output pipelining  
DSP TCU_WRAPPER_i/u_tc0/u_octect1/u_dpu_array/DPU2/dpu_fp32/mac2/multOp__0 output TCU_WRAPPER_i/u_tc0/u_octect1/u_dpu_array/DPU2/dpu_fp32/mac2/multOp__0/P[47:0] is not pipelined (PREG=0). Pipelining the DSP48 output will improve performance and often saves power so it is suggested whenever possible to fully pipeline this function.  If this DSP48 function was inferred, it is suggested to describe an additional register stage after this function.  If the DSP48 was instantiated in the design, it is suggested to set the PREG attribute to 1.
Related violations: <none>

DPOP-1#157 Warning
PREG Output pipelining  
DSP TCU_WRAPPER_i/u_tc0/u_octect1/u_dpu_array/DPU2/dpu_fp32/mac3/multOp output TCU_WRAPPER_i/u_tc0/u_octect1/u_dpu_array/DPU2/dpu_fp32/mac3/multOp/P[47:0] is not pipelined (PREG=0). Pipelining the DSP48 output will improve performance and often saves power so it is suggested whenever possible to fully pipeline this function.  If this DSP48 function was inferred, it is suggested to describe an additional register stage after this function.  If the DSP48 was instantiated in the design, it is suggested to set the PREG attribute to 1.
Related violations: <none>

DPOP-1#158 Warning
PREG Output pipelining  
DSP TCU_WRAPPER_i/u_tc0/u_octect1/u_dpu_array/DPU2/dpu_fp32/mac3/multOp__0 output TCU_WRAPPER_i/u_tc0/u_octect1/u_dpu_array/DPU2/dpu_fp32/mac3/multOp__0/P[47:0] is not pipelined (PREG=0). Pipelining the DSP48 output will improve performance and often saves power so it is suggested whenever possible to fully pipeline this function.  If this DSP48 function was inferred, it is suggested to describe an additional register stage after this function.  If the DSP48 was instantiated in the design, it is suggested to set the PREG attribute to 1.
Related violations: <none>

DPOP-1#159 Warning
PREG Output pipelining  
DSP TCU_WRAPPER_i/u_tc0/u_octect1/u_dpu_array/DPU2/dpu_posit32/posit32_mul0/multOp output TCU_WRAPPER_i/u_tc0/u_octect1/u_dpu_array/DPU2/dpu_posit32/posit32_mul0/multOp/P[47:0] is not pipelined (PREG=0). Pipelining the DSP48 output will improve performance and often saves power so it is suggested whenever possible to fully pipeline this function.  If this DSP48 function was inferred, it is suggested to describe an additional register stage after this function.  If the DSP48 was instantiated in the design, it is suggested to set the PREG attribute to 1.
Related violations: <none>

DPOP-1#160 Warning
PREG Output pipelining  
DSP TCU_WRAPPER_i/u_tc0/u_octect1/u_dpu_array/DPU2/dpu_posit32/posit32_mul0/multOp__0 output TCU_WRAPPER_i/u_tc0/u_octect1/u_dpu_array/DPU2/dpu_posit32/posit32_mul0/multOp__0/P[47:0] is not pipelined (PREG=0). Pipelining the DSP48 output will improve performance and often saves power so it is suggested whenever possible to fully pipeline this function.  If this DSP48 function was inferred, it is suggested to describe an additional register stage after this function.  If the DSP48 was instantiated in the design, it is suggested to set the PREG attribute to 1.
Related violations: <none>

DPOP-1#161 Warning
PREG Output pipelining  
DSP TCU_WRAPPER_i/u_tc0/u_octect1/u_dpu_array/DPU2/dpu_posit32/posit32_mul1/multOp output TCU_WRAPPER_i/u_tc0/u_octect1/u_dpu_array/DPU2/dpu_posit32/posit32_mul1/multOp/P[47:0] is not pipelined (PREG=0). Pipelining the DSP48 output will improve performance and often saves power so it is suggested whenever possible to fully pipeline this function.  If this DSP48 function was inferred, it is suggested to describe an additional register stage after this function.  If the DSP48 was instantiated in the design, it is suggested to set the PREG attribute to 1.
Related violations: <none>

DPOP-1#162 Warning
PREG Output pipelining  
DSP TCU_WRAPPER_i/u_tc0/u_octect1/u_dpu_array/DPU2/dpu_posit32/posit32_mul1/multOp__0 output TCU_WRAPPER_i/u_tc0/u_octect1/u_dpu_array/DPU2/dpu_posit32/posit32_mul1/multOp__0/P[47:0] is not pipelined (PREG=0). Pipelining the DSP48 output will improve performance and often saves power so it is suggested whenever possible to fully pipeline this function.  If this DSP48 function was inferred, it is suggested to describe an additional register stage after this function.  If the DSP48 was instantiated in the design, it is suggested to set the PREG attribute to 1.
Related violations: <none>

DPOP-1#163 Warning
PREG Output pipelining  
DSP TCU_WRAPPER_i/u_tc0/u_octect1/u_dpu_array/DPU2/dpu_posit32/posit32_mul2/multOp output TCU_WRAPPER_i/u_tc0/u_octect1/u_dpu_array/DPU2/dpu_posit32/posit32_mul2/multOp/P[47:0] is not pipelined (PREG=0). Pipelining the DSP48 output will improve performance and often saves power so it is suggested whenever possible to fully pipeline this function.  If this DSP48 function was inferred, it is suggested to describe an additional register stage after this function.  If the DSP48 was instantiated in the design, it is suggested to set the PREG attribute to 1.
Related violations: <none>

DPOP-1#164 Warning
PREG Output pipelining  
DSP TCU_WRAPPER_i/u_tc0/u_octect1/u_dpu_array/DPU2/dpu_posit32/posit32_mul2/multOp__0 output TCU_WRAPPER_i/u_tc0/u_octect1/u_dpu_array/DPU2/dpu_posit32/posit32_mul2/multOp__0/P[47:0] is not pipelined (PREG=0). Pipelining the DSP48 output will improve performance and often saves power so it is suggested whenever possible to fully pipeline this function.  If this DSP48 function was inferred, it is suggested to describe an additional register stage after this function.  If the DSP48 was instantiated in the design, it is suggested to set the PREG attribute to 1.
Related violations: <none>

DPOP-1#165 Warning
PREG Output pipelining  
DSP TCU_WRAPPER_i/u_tc0/u_octect1/u_dpu_array/DPU2/dpu_posit32/posit32_mul3/multOp output TCU_WRAPPER_i/u_tc0/u_octect1/u_dpu_array/DPU2/dpu_posit32/posit32_mul3/multOp/P[47:0] is not pipelined (PREG=0). Pipelining the DSP48 output will improve performance and often saves power so it is suggested whenever possible to fully pipeline this function.  If this DSP48 function was inferred, it is suggested to describe an additional register stage after this function.  If the DSP48 was instantiated in the design, it is suggested to set the PREG attribute to 1.
Related violations: <none>

DPOP-1#166 Warning
PREG Output pipelining  
DSP TCU_WRAPPER_i/u_tc0/u_octect1/u_dpu_array/DPU3/dpu_fp32/mac0/multOp output TCU_WRAPPER_i/u_tc0/u_octect1/u_dpu_array/DPU3/dpu_fp32/mac0/multOp/P[47:0] is not pipelined (PREG=0). Pipelining the DSP48 output will improve performance and often saves power so it is suggested whenever possible to fully pipeline this function.  If this DSP48 function was inferred, it is suggested to describe an additional register stage after this function.  If the DSP48 was instantiated in the design, it is suggested to set the PREG attribute to 1.
Related violations: <none>

DPOP-1#167 Warning
PREG Output pipelining  
DSP TCU_WRAPPER_i/u_tc0/u_octect1/u_dpu_array/DPU3/dpu_fp32/mac0/multOp__0 output TCU_WRAPPER_i/u_tc0/u_octect1/u_dpu_array/DPU3/dpu_fp32/mac0/multOp__0/P[47:0] is not pipelined (PREG=0). Pipelining the DSP48 output will improve performance and often saves power so it is suggested whenever possible to fully pipeline this function.  If this DSP48 function was inferred, it is suggested to describe an additional register stage after this function.  If the DSP48 was instantiated in the design, it is suggested to set the PREG attribute to 1.
Related violations: <none>

DPOP-1#168 Warning
PREG Output pipelining  
DSP TCU_WRAPPER_i/u_tc0/u_octect1/u_dpu_array/DPU3/dpu_fp32/mac1/multOp output TCU_WRAPPER_i/u_tc0/u_octect1/u_dpu_array/DPU3/dpu_fp32/mac1/multOp/P[47:0] is not pipelined (PREG=0). Pipelining the DSP48 output will improve performance and often saves power so it is suggested whenever possible to fully pipeline this function.  If this DSP48 function was inferred, it is suggested to describe an additional register stage after this function.  If the DSP48 was instantiated in the design, it is suggested to set the PREG attribute to 1.
Related violations: <none>

DPOP-1#169 Warning
PREG Output pipelining  
DSP TCU_WRAPPER_i/u_tc0/u_octect1/u_dpu_array/DPU3/dpu_fp32/mac1/multOp__0 output TCU_WRAPPER_i/u_tc0/u_octect1/u_dpu_array/DPU3/dpu_fp32/mac1/multOp__0/P[47:0] is not pipelined (PREG=0). Pipelining the DSP48 output will improve performance and often saves power so it is suggested whenever possible to fully pipeline this function.  If this DSP48 function was inferred, it is suggested to describe an additional register stage after this function.  If the DSP48 was instantiated in the design, it is suggested to set the PREG attribute to 1.
Related violations: <none>

DPOP-1#170 Warning
PREG Output pipelining  
DSP TCU_WRAPPER_i/u_tc0/u_octect1/u_dpu_array/DPU3/dpu_fp32/mac2/multOp output TCU_WRAPPER_i/u_tc0/u_octect1/u_dpu_array/DPU3/dpu_fp32/mac2/multOp/P[47:0] is not pipelined (PREG=0). Pipelining the DSP48 output will improve performance and often saves power so it is suggested whenever possible to fully pipeline this function.  If this DSP48 function was inferred, it is suggested to describe an additional register stage after this function.  If the DSP48 was instantiated in the design, it is suggested to set the PREG attribute to 1.
Related violations: <none>

DPOP-1#171 Warning
PREG Output pipelining  
DSP TCU_WRAPPER_i/u_tc0/u_octect1/u_dpu_array/DPU3/dpu_fp32/mac2/multOp__0 output TCU_WRAPPER_i/u_tc0/u_octect1/u_dpu_array/DPU3/dpu_fp32/mac2/multOp__0/P[47:0] is not pipelined (PREG=0). Pipelining the DSP48 output will improve performance and often saves power so it is suggested whenever possible to fully pipeline this function.  If this DSP48 function was inferred, it is suggested to describe an additional register stage after this function.  If the DSP48 was instantiated in the design, it is suggested to set the PREG attribute to 1.
Related violations: <none>

DPOP-1#172 Warning
PREG Output pipelining  
DSP TCU_WRAPPER_i/u_tc0/u_octect1/u_dpu_array/DPU3/dpu_fp32/mac3/multOp output TCU_WRAPPER_i/u_tc0/u_octect1/u_dpu_array/DPU3/dpu_fp32/mac3/multOp/P[47:0] is not pipelined (PREG=0). Pipelining the DSP48 output will improve performance and often saves power so it is suggested whenever possible to fully pipeline this function.  If this DSP48 function was inferred, it is suggested to describe an additional register stage after this function.  If the DSP48 was instantiated in the design, it is suggested to set the PREG attribute to 1.
Related violations: <none>

DPOP-1#173 Warning
PREG Output pipelining  
DSP TCU_WRAPPER_i/u_tc0/u_octect1/u_dpu_array/DPU3/dpu_fp32/mac3/multOp__0 output TCU_WRAPPER_i/u_tc0/u_octect1/u_dpu_array/DPU3/dpu_fp32/mac3/multOp__0/P[47:0] is not pipelined (PREG=0). Pipelining the DSP48 output will improve performance and often saves power so it is suggested whenever possible to fully pipeline this function.  If this DSP48 function was inferred, it is suggested to describe an additional register stage after this function.  If the DSP48 was instantiated in the design, it is suggested to set the PREG attribute to 1.
Related violations: <none>

DPOP-1#174 Warning
PREG Output pipelining  
DSP TCU_WRAPPER_i/u_tc0/u_octect1/u_dpu_array/DPU3/dpu_posit32/posit32_mul0/multOp output TCU_WRAPPER_i/u_tc0/u_octect1/u_dpu_array/DPU3/dpu_posit32/posit32_mul0/multOp/P[47:0] is not pipelined (PREG=0). Pipelining the DSP48 output will improve performance and often saves power so it is suggested whenever possible to fully pipeline this function.  If this DSP48 function was inferred, it is suggested to describe an additional register stage after this function.  If the DSP48 was instantiated in the design, it is suggested to set the PREG attribute to 1.
Related violations: <none>

DPOP-1#175 Warning
PREG Output pipelining  
DSP TCU_WRAPPER_i/u_tc0/u_octect1/u_dpu_array/DPU3/dpu_posit32/posit32_mul0/multOp__0 output TCU_WRAPPER_i/u_tc0/u_octect1/u_dpu_array/DPU3/dpu_posit32/posit32_mul0/multOp__0/P[47:0] is not pipelined (PREG=0). Pipelining the DSP48 output will improve performance and often saves power so it is suggested whenever possible to fully pipeline this function.  If this DSP48 function was inferred, it is suggested to describe an additional register stage after this function.  If the DSP48 was instantiated in the design, it is suggested to set the PREG attribute to 1.
Related violations: <none>

DPOP-1#176 Warning
PREG Output pipelining  
DSP TCU_WRAPPER_i/u_tc0/u_octect1/u_dpu_array/DPU3/dpu_posit32/posit32_mul1/multOp output TCU_WRAPPER_i/u_tc0/u_octect1/u_dpu_array/DPU3/dpu_posit32/posit32_mul1/multOp/P[47:0] is not pipelined (PREG=0). Pipelining the DSP48 output will improve performance and often saves power so it is suggested whenever possible to fully pipeline this function.  If this DSP48 function was inferred, it is suggested to describe an additional register stage after this function.  If the DSP48 was instantiated in the design, it is suggested to set the PREG attribute to 1.
Related violations: <none>

DPOP-1#177 Warning
PREG Output pipelining  
DSP TCU_WRAPPER_i/u_tc0/u_octect1/u_dpu_array/DPU3/dpu_posit32/posit32_mul1/multOp__0 output TCU_WRAPPER_i/u_tc0/u_octect1/u_dpu_array/DPU3/dpu_posit32/posit32_mul1/multOp__0/P[47:0] is not pipelined (PREG=0). Pipelining the DSP48 output will improve performance and often saves power so it is suggested whenever possible to fully pipeline this function.  If this DSP48 function was inferred, it is suggested to describe an additional register stage after this function.  If the DSP48 was instantiated in the design, it is suggested to set the PREG attribute to 1.
Related violations: <none>

DPOP-1#178 Warning
PREG Output pipelining  
DSP TCU_WRAPPER_i/u_tc0/u_octect1/u_dpu_array/DPU3/dpu_posit32/posit32_mul2/multOp output TCU_WRAPPER_i/u_tc0/u_octect1/u_dpu_array/DPU3/dpu_posit32/posit32_mul2/multOp/P[47:0] is not pipelined (PREG=0). Pipelining the DSP48 output will improve performance and often saves power so it is suggested whenever possible to fully pipeline this function.  If this DSP48 function was inferred, it is suggested to describe an additional register stage after this function.  If the DSP48 was instantiated in the design, it is suggested to set the PREG attribute to 1.
Related violations: <none>

DPOP-1#179 Warning
PREG Output pipelining  
DSP TCU_WRAPPER_i/u_tc0/u_octect1/u_dpu_array/DPU3/dpu_posit32/posit32_mul2/multOp__0 output TCU_WRAPPER_i/u_tc0/u_octect1/u_dpu_array/DPU3/dpu_posit32/posit32_mul2/multOp__0/P[47:0] is not pipelined (PREG=0). Pipelining the DSP48 output will improve performance and often saves power so it is suggested whenever possible to fully pipeline this function.  If this DSP48 function was inferred, it is suggested to describe an additional register stage after this function.  If the DSP48 was instantiated in the design, it is suggested to set the PREG attribute to 1.
Related violations: <none>

DPOP-1#180 Warning
PREG Output pipelining  
DSP TCU_WRAPPER_i/u_tc0/u_octect1/u_dpu_array/DPU3/dpu_posit32/posit32_mul3/multOp output TCU_WRAPPER_i/u_tc0/u_octect1/u_dpu_array/DPU3/dpu_posit32/posit32_mul3/multOp/P[47:0] is not pipelined (PREG=0). Pipelining the DSP48 output will improve performance and often saves power so it is suggested whenever possible to fully pipeline this function.  If this DSP48 function was inferred, it is suggested to describe an additional register stage after this function.  If the DSP48 was instantiated in the design, it is suggested to set the PREG attribute to 1.
Related violations: <none>

DPOP-1#181 Warning
PREG Output pipelining  
DSP TCU_WRAPPER_i/u_tc0/u_octect1/u_dpu_array/DPU4/dpu_fp32/mac0/multOp output TCU_WRAPPER_i/u_tc0/u_octect1/u_dpu_array/DPU4/dpu_fp32/mac0/multOp/P[47:0] is not pipelined (PREG=0). Pipelining the DSP48 output will improve performance and often saves power so it is suggested whenever possible to fully pipeline this function.  If this DSP48 function was inferred, it is suggested to describe an additional register stage after this function.  If the DSP48 was instantiated in the design, it is suggested to set the PREG attribute to 1.
Related violations: <none>

DPOP-1#182 Warning
PREG Output pipelining  
DSP TCU_WRAPPER_i/u_tc0/u_octect1/u_dpu_array/DPU4/dpu_fp32/mac0/multOp__0 output TCU_WRAPPER_i/u_tc0/u_octect1/u_dpu_array/DPU4/dpu_fp32/mac0/multOp__0/P[47:0] is not pipelined (PREG=0). Pipelining the DSP48 output will improve performance and often saves power so it is suggested whenever possible to fully pipeline this function.  If this DSP48 function was inferred, it is suggested to describe an additional register stage after this function.  If the DSP48 was instantiated in the design, it is suggested to set the PREG attribute to 1.
Related violations: <none>

DPOP-1#183 Warning
PREG Output pipelining  
DSP TCU_WRAPPER_i/u_tc0/u_octect1/u_dpu_array/DPU4/dpu_fp32/mac1/multOp output TCU_WRAPPER_i/u_tc0/u_octect1/u_dpu_array/DPU4/dpu_fp32/mac1/multOp/P[47:0] is not pipelined (PREG=0). Pipelining the DSP48 output will improve performance and often saves power so it is suggested whenever possible to fully pipeline this function.  If this DSP48 function was inferred, it is suggested to describe an additional register stage after this function.  If the DSP48 was instantiated in the design, it is suggested to set the PREG attribute to 1.
Related violations: <none>

DPOP-1#184 Warning
PREG Output pipelining  
DSP TCU_WRAPPER_i/u_tc0/u_octect1/u_dpu_array/DPU4/dpu_fp32/mac1/multOp__0 output TCU_WRAPPER_i/u_tc0/u_octect1/u_dpu_array/DPU4/dpu_fp32/mac1/multOp__0/P[47:0] is not pipelined (PREG=0). Pipelining the DSP48 output will improve performance and often saves power so it is suggested whenever possible to fully pipeline this function.  If this DSP48 function was inferred, it is suggested to describe an additional register stage after this function.  If the DSP48 was instantiated in the design, it is suggested to set the PREG attribute to 1.
Related violations: <none>

DPOP-1#185 Warning
PREG Output pipelining  
DSP TCU_WRAPPER_i/u_tc0/u_octect1/u_dpu_array/DPU4/dpu_fp32/mac2/multOp output TCU_WRAPPER_i/u_tc0/u_octect1/u_dpu_array/DPU4/dpu_fp32/mac2/multOp/P[47:0] is not pipelined (PREG=0). Pipelining the DSP48 output will improve performance and often saves power so it is suggested whenever possible to fully pipeline this function.  If this DSP48 function was inferred, it is suggested to describe an additional register stage after this function.  If the DSP48 was instantiated in the design, it is suggested to set the PREG attribute to 1.
Related violations: <none>

DPOP-1#186 Warning
PREG Output pipelining  
DSP TCU_WRAPPER_i/u_tc0/u_octect1/u_dpu_array/DPU4/dpu_fp32/mac2/multOp__0 output TCU_WRAPPER_i/u_tc0/u_octect1/u_dpu_array/DPU4/dpu_fp32/mac2/multOp__0/P[47:0] is not pipelined (PREG=0). Pipelining the DSP48 output will improve performance and often saves power so it is suggested whenever possible to fully pipeline this function.  If this DSP48 function was inferred, it is suggested to describe an additional register stage after this function.  If the DSP48 was instantiated in the design, it is suggested to set the PREG attribute to 1.
Related violations: <none>

DPOP-1#187 Warning
PREG Output pipelining  
DSP TCU_WRAPPER_i/u_tc0/u_octect1/u_dpu_array/DPU4/dpu_fp32/mac3/multOp output TCU_WRAPPER_i/u_tc0/u_octect1/u_dpu_array/DPU4/dpu_fp32/mac3/multOp/P[47:0] is not pipelined (PREG=0). Pipelining the DSP48 output will improve performance and often saves power so it is suggested whenever possible to fully pipeline this function.  If this DSP48 function was inferred, it is suggested to describe an additional register stage after this function.  If the DSP48 was instantiated in the design, it is suggested to set the PREG attribute to 1.
Related violations: <none>

DPOP-1#188 Warning
PREG Output pipelining  
DSP TCU_WRAPPER_i/u_tc0/u_octect1/u_dpu_array/DPU4/dpu_fp32/mac3/multOp__0 output TCU_WRAPPER_i/u_tc0/u_octect1/u_dpu_array/DPU4/dpu_fp32/mac3/multOp__0/P[47:0] is not pipelined (PREG=0). Pipelining the DSP48 output will improve performance and often saves power so it is suggested whenever possible to fully pipeline this function.  If this DSP48 function was inferred, it is suggested to describe an additional register stage after this function.  If the DSP48 was instantiated in the design, it is suggested to set the PREG attribute to 1.
Related violations: <none>

DPOP-1#189 Warning
PREG Output pipelining  
DSP TCU_WRAPPER_i/u_tc0/u_octect1/u_dpu_array/DPU4/dpu_posit32/posit32_mul0/multOp output TCU_WRAPPER_i/u_tc0/u_octect1/u_dpu_array/DPU4/dpu_posit32/posit32_mul0/multOp/P[47:0] is not pipelined (PREG=0). Pipelining the DSP48 output will improve performance and often saves power so it is suggested whenever possible to fully pipeline this function.  If this DSP48 function was inferred, it is suggested to describe an additional register stage after this function.  If the DSP48 was instantiated in the design, it is suggested to set the PREG attribute to 1.
Related violations: <none>

DPOP-1#190 Warning
PREG Output pipelining  
DSP TCU_WRAPPER_i/u_tc0/u_octect1/u_dpu_array/DPU4/dpu_posit32/posit32_mul0/multOp__0 output TCU_WRAPPER_i/u_tc0/u_octect1/u_dpu_array/DPU4/dpu_posit32/posit32_mul0/multOp__0/P[47:0] is not pipelined (PREG=0). Pipelining the DSP48 output will improve performance and often saves power so it is suggested whenever possible to fully pipeline this function.  If this DSP48 function was inferred, it is suggested to describe an additional register stage after this function.  If the DSP48 was instantiated in the design, it is suggested to set the PREG attribute to 1.
Related violations: <none>

DPOP-1#191 Warning
PREG Output pipelining  
DSP TCU_WRAPPER_i/u_tc0/u_octect1/u_dpu_array/DPU4/dpu_posit32/posit32_mul1/multOp output TCU_WRAPPER_i/u_tc0/u_octect1/u_dpu_array/DPU4/dpu_posit32/posit32_mul1/multOp/P[47:0] is not pipelined (PREG=0). Pipelining the DSP48 output will improve performance and often saves power so it is suggested whenever possible to fully pipeline this function.  If this DSP48 function was inferred, it is suggested to describe an additional register stage after this function.  If the DSP48 was instantiated in the design, it is suggested to set the PREG attribute to 1.
Related violations: <none>

DPOP-1#192 Warning
PREG Output pipelining  
DSP TCU_WRAPPER_i/u_tc0/u_octect1/u_dpu_array/DPU4/dpu_posit32/posit32_mul1/multOp__0 output TCU_WRAPPER_i/u_tc0/u_octect1/u_dpu_array/DPU4/dpu_posit32/posit32_mul1/multOp__0/P[47:0] is not pipelined (PREG=0). Pipelining the DSP48 output will improve performance and often saves power so it is suggested whenever possible to fully pipeline this function.  If this DSP48 function was inferred, it is suggested to describe an additional register stage after this function.  If the DSP48 was instantiated in the design, it is suggested to set the PREG attribute to 1.
Related violations: <none>

DPOP-1#193 Warning
PREG Output pipelining  
DSP TCU_WRAPPER_i/u_tc0/u_octect1/u_dpu_array/DPU4/dpu_posit32/posit32_mul2/multOp output TCU_WRAPPER_i/u_tc0/u_octect1/u_dpu_array/DPU4/dpu_posit32/posit32_mul2/multOp/P[47:0] is not pipelined (PREG=0). Pipelining the DSP48 output will improve performance and often saves power so it is suggested whenever possible to fully pipeline this function.  If this DSP48 function was inferred, it is suggested to describe an additional register stage after this function.  If the DSP48 was instantiated in the design, it is suggested to set the PREG attribute to 1.
Related violations: <none>

DPOP-1#194 Warning
PREG Output pipelining  
DSP TCU_WRAPPER_i/u_tc0/u_octect1/u_dpu_array/DPU4/dpu_posit32/posit32_mul2/multOp__0 output TCU_WRAPPER_i/u_tc0/u_octect1/u_dpu_array/DPU4/dpu_posit32/posit32_mul2/multOp__0/P[47:0] is not pipelined (PREG=0). Pipelining the DSP48 output will improve performance and often saves power so it is suggested whenever possible to fully pipeline this function.  If this DSP48 function was inferred, it is suggested to describe an additional register stage after this function.  If the DSP48 was instantiated in the design, it is suggested to set the PREG attribute to 1.
Related violations: <none>

DPOP-1#195 Warning
PREG Output pipelining  
DSP TCU_WRAPPER_i/u_tc0/u_octect1/u_dpu_array/DPU4/dpu_posit32/posit32_mul3/multOp output TCU_WRAPPER_i/u_tc0/u_octect1/u_dpu_array/DPU4/dpu_posit32/posit32_mul3/multOp/P[47:0] is not pipelined (PREG=0). Pipelining the DSP48 output will improve performance and often saves power so it is suggested whenever possible to fully pipeline this function.  If this DSP48 function was inferred, it is suggested to describe an additional register stage after this function.  If the DSP48 was instantiated in the design, it is suggested to set the PREG attribute to 1.
Related violations: <none>

DPOP-1#196 Warning
PREG Output pipelining  
DSP TCU_WRAPPER_i/u_tc0/u_octect1/u_dpu_array/DPU5/dpu_fp32/mac0/multOp output TCU_WRAPPER_i/u_tc0/u_octect1/u_dpu_array/DPU5/dpu_fp32/mac0/multOp/P[47:0] is not pipelined (PREG=0). Pipelining the DSP48 output will improve performance and often saves power so it is suggested whenever possible to fully pipeline this function.  If this DSP48 function was inferred, it is suggested to describe an additional register stage after this function.  If the DSP48 was instantiated in the design, it is suggested to set the PREG attribute to 1.
Related violations: <none>

DPOP-1#197 Warning
PREG Output pipelining  
DSP TCU_WRAPPER_i/u_tc0/u_octect1/u_dpu_array/DPU5/dpu_fp32/mac0/multOp__0 output TCU_WRAPPER_i/u_tc0/u_octect1/u_dpu_array/DPU5/dpu_fp32/mac0/multOp__0/P[47:0] is not pipelined (PREG=0). Pipelining the DSP48 output will improve performance and often saves power so it is suggested whenever possible to fully pipeline this function.  If this DSP48 function was inferred, it is suggested to describe an additional register stage after this function.  If the DSP48 was instantiated in the design, it is suggested to set the PREG attribute to 1.
Related violations: <none>

DPOP-1#198 Warning
PREG Output pipelining  
DSP TCU_WRAPPER_i/u_tc0/u_octect1/u_dpu_array/DPU5/dpu_fp32/mac1/multOp output TCU_WRAPPER_i/u_tc0/u_octect1/u_dpu_array/DPU5/dpu_fp32/mac1/multOp/P[47:0] is not pipelined (PREG=0). Pipelining the DSP48 output will improve performance and often saves power so it is suggested whenever possible to fully pipeline this function.  If this DSP48 function was inferred, it is suggested to describe an additional register stage after this function.  If the DSP48 was instantiated in the design, it is suggested to set the PREG attribute to 1.
Related violations: <none>

DPOP-1#199 Warning
PREG Output pipelining  
DSP TCU_WRAPPER_i/u_tc0/u_octect1/u_dpu_array/DPU5/dpu_fp32/mac1/multOp__0 output TCU_WRAPPER_i/u_tc0/u_octect1/u_dpu_array/DPU5/dpu_fp32/mac1/multOp__0/P[47:0] is not pipelined (PREG=0). Pipelining the DSP48 output will improve performance and often saves power so it is suggested whenever possible to fully pipeline this function.  If this DSP48 function was inferred, it is suggested to describe an additional register stage after this function.  If the DSP48 was instantiated in the design, it is suggested to set the PREG attribute to 1.
Related violations: <none>

DPOP-1#200 Warning
PREG Output pipelining  
DSP TCU_WRAPPER_i/u_tc0/u_octect1/u_dpu_array/DPU5/dpu_fp32/mac2/multOp output TCU_WRAPPER_i/u_tc0/u_octect1/u_dpu_array/DPU5/dpu_fp32/mac2/multOp/P[47:0] is not pipelined (PREG=0). Pipelining the DSP48 output will improve performance and often saves power so it is suggested whenever possible to fully pipeline this function.  If this DSP48 function was inferred, it is suggested to describe an additional register stage after this function.  If the DSP48 was instantiated in the design, it is suggested to set the PREG attribute to 1.
Related violations: <none>

DPOP-1#201 Warning
PREG Output pipelining  
DSP TCU_WRAPPER_i/u_tc0/u_octect1/u_dpu_array/DPU5/dpu_fp32/mac2/multOp__0 output TCU_WRAPPER_i/u_tc0/u_octect1/u_dpu_array/DPU5/dpu_fp32/mac2/multOp__0/P[47:0] is not pipelined (PREG=0). Pipelining the DSP48 output will improve performance and often saves power so it is suggested whenever possible to fully pipeline this function.  If this DSP48 function was inferred, it is suggested to describe an additional register stage after this function.  If the DSP48 was instantiated in the design, it is suggested to set the PREG attribute to 1.
Related violations: <none>

DPOP-1#202 Warning
PREG Output pipelining  
DSP TCU_WRAPPER_i/u_tc0/u_octect1/u_dpu_array/DPU5/dpu_fp32/mac3/multOp output TCU_WRAPPER_i/u_tc0/u_octect1/u_dpu_array/DPU5/dpu_fp32/mac3/multOp/P[47:0] is not pipelined (PREG=0). Pipelining the DSP48 output will improve performance and often saves power so it is suggested whenever possible to fully pipeline this function.  If this DSP48 function was inferred, it is suggested to describe an additional register stage after this function.  If the DSP48 was instantiated in the design, it is suggested to set the PREG attribute to 1.
Related violations: <none>

DPOP-1#203 Warning
PREG Output pipelining  
DSP TCU_WRAPPER_i/u_tc0/u_octect1/u_dpu_array/DPU5/dpu_fp32/mac3/multOp__0 output TCU_WRAPPER_i/u_tc0/u_octect1/u_dpu_array/DPU5/dpu_fp32/mac3/multOp__0/P[47:0] is not pipelined (PREG=0). Pipelining the DSP48 output will improve performance and often saves power so it is suggested whenever possible to fully pipeline this function.  If this DSP48 function was inferred, it is suggested to describe an additional register stage after this function.  If the DSP48 was instantiated in the design, it is suggested to set the PREG attribute to 1.
Related violations: <none>

DPOP-1#204 Warning
PREG Output pipelining  
DSP TCU_WRAPPER_i/u_tc0/u_octect1/u_dpu_array/DPU5/dpu_posit32/posit32_mul0/multOp output TCU_WRAPPER_i/u_tc0/u_octect1/u_dpu_array/DPU5/dpu_posit32/posit32_mul0/multOp/P[47:0] is not pipelined (PREG=0). Pipelining the DSP48 output will improve performance and often saves power so it is suggested whenever possible to fully pipeline this function.  If this DSP48 function was inferred, it is suggested to describe an additional register stage after this function.  If the DSP48 was instantiated in the design, it is suggested to set the PREG attribute to 1.
Related violations: <none>

DPOP-1#205 Warning
PREG Output pipelining  
DSP TCU_WRAPPER_i/u_tc0/u_octect1/u_dpu_array/DPU5/dpu_posit32/posit32_mul0/multOp__0 output TCU_WRAPPER_i/u_tc0/u_octect1/u_dpu_array/DPU5/dpu_posit32/posit32_mul0/multOp__0/P[47:0] is not pipelined (PREG=0). Pipelining the DSP48 output will improve performance and often saves power so it is suggested whenever possible to fully pipeline this function.  If this DSP48 function was inferred, it is suggested to describe an additional register stage after this function.  If the DSP48 was instantiated in the design, it is suggested to set the PREG attribute to 1.
Related violations: <none>

DPOP-1#206 Warning
PREG Output pipelining  
DSP TCU_WRAPPER_i/u_tc0/u_octect1/u_dpu_array/DPU5/dpu_posit32/posit32_mul1/multOp output TCU_WRAPPER_i/u_tc0/u_octect1/u_dpu_array/DPU5/dpu_posit32/posit32_mul1/multOp/P[47:0] is not pipelined (PREG=0). Pipelining the DSP48 output will improve performance and often saves power so it is suggested whenever possible to fully pipeline this function.  If this DSP48 function was inferred, it is suggested to describe an additional register stage after this function.  If the DSP48 was instantiated in the design, it is suggested to set the PREG attribute to 1.
Related violations: <none>

DPOP-1#207 Warning
PREG Output pipelining  
DSP TCU_WRAPPER_i/u_tc0/u_octect1/u_dpu_array/DPU5/dpu_posit32/posit32_mul1/multOp__0 output TCU_WRAPPER_i/u_tc0/u_octect1/u_dpu_array/DPU5/dpu_posit32/posit32_mul1/multOp__0/P[47:0] is not pipelined (PREG=0). Pipelining the DSP48 output will improve performance and often saves power so it is suggested whenever possible to fully pipeline this function.  If this DSP48 function was inferred, it is suggested to describe an additional register stage after this function.  If the DSP48 was instantiated in the design, it is suggested to set the PREG attribute to 1.
Related violations: <none>

DPOP-1#208 Warning
PREG Output pipelining  
DSP TCU_WRAPPER_i/u_tc0/u_octect1/u_dpu_array/DPU5/dpu_posit32/posit32_mul2/multOp output TCU_WRAPPER_i/u_tc0/u_octect1/u_dpu_array/DPU5/dpu_posit32/posit32_mul2/multOp/P[47:0] is not pipelined (PREG=0). Pipelining the DSP48 output will improve performance and often saves power so it is suggested whenever possible to fully pipeline this function.  If this DSP48 function was inferred, it is suggested to describe an additional register stage after this function.  If the DSP48 was instantiated in the design, it is suggested to set the PREG attribute to 1.
Related violations: <none>

DPOP-1#209 Warning
PREG Output pipelining  
DSP TCU_WRAPPER_i/u_tc0/u_octect1/u_dpu_array/DPU5/dpu_posit32/posit32_mul2/multOp__0 output TCU_WRAPPER_i/u_tc0/u_octect1/u_dpu_array/DPU5/dpu_posit32/posit32_mul2/multOp__0/P[47:0] is not pipelined (PREG=0). Pipelining the DSP48 output will improve performance and often saves power so it is suggested whenever possible to fully pipeline this function.  If this DSP48 function was inferred, it is suggested to describe an additional register stage after this function.  If the DSP48 was instantiated in the design, it is suggested to set the PREG attribute to 1.
Related violations: <none>

DPOP-1#210 Warning
PREG Output pipelining  
DSP TCU_WRAPPER_i/u_tc0/u_octect1/u_dpu_array/DPU5/dpu_posit32/posit32_mul3/multOp output TCU_WRAPPER_i/u_tc0/u_octect1/u_dpu_array/DPU5/dpu_posit32/posit32_mul3/multOp/P[47:0] is not pipelined (PREG=0). Pipelining the DSP48 output will improve performance and often saves power so it is suggested whenever possible to fully pipeline this function.  If this DSP48 function was inferred, it is suggested to describe an additional register stage after this function.  If the DSP48 was instantiated in the design, it is suggested to set the PREG attribute to 1.
Related violations: <none>

DPOP-1#211 Warning
PREG Output pipelining  
DSP TCU_WRAPPER_i/u_tc0/u_octect1/u_dpu_array/DPU6/dpu_fp32/mac0/multOp output TCU_WRAPPER_i/u_tc0/u_octect1/u_dpu_array/DPU6/dpu_fp32/mac0/multOp/P[47:0] is not pipelined (PREG=0). Pipelining the DSP48 output will improve performance and often saves power so it is suggested whenever possible to fully pipeline this function.  If this DSP48 function was inferred, it is suggested to describe an additional register stage after this function.  If the DSP48 was instantiated in the design, it is suggested to set the PREG attribute to 1.
Related violations: <none>

DPOP-1#212 Warning
PREG Output pipelining  
DSP TCU_WRAPPER_i/u_tc0/u_octect1/u_dpu_array/DPU6/dpu_fp32/mac0/multOp__0 output TCU_WRAPPER_i/u_tc0/u_octect1/u_dpu_array/DPU6/dpu_fp32/mac0/multOp__0/P[47:0] is not pipelined (PREG=0). Pipelining the DSP48 output will improve performance and often saves power so it is suggested whenever possible to fully pipeline this function.  If this DSP48 function was inferred, it is suggested to describe an additional register stage after this function.  If the DSP48 was instantiated in the design, it is suggested to set the PREG attribute to 1.
Related violations: <none>

DPOP-1#213 Warning
PREG Output pipelining  
DSP TCU_WRAPPER_i/u_tc0/u_octect1/u_dpu_array/DPU6/dpu_fp32/mac1/multOp output TCU_WRAPPER_i/u_tc0/u_octect1/u_dpu_array/DPU6/dpu_fp32/mac1/multOp/P[47:0] is not pipelined (PREG=0). Pipelining the DSP48 output will improve performance and often saves power so it is suggested whenever possible to fully pipeline this function.  If this DSP48 function was inferred, it is suggested to describe an additional register stage after this function.  If the DSP48 was instantiated in the design, it is suggested to set the PREG attribute to 1.
Related violations: <none>

DPOP-1#214 Warning
PREG Output pipelining  
DSP TCU_WRAPPER_i/u_tc0/u_octect1/u_dpu_array/DPU6/dpu_fp32/mac1/multOp__0 output TCU_WRAPPER_i/u_tc0/u_octect1/u_dpu_array/DPU6/dpu_fp32/mac1/multOp__0/P[47:0] is not pipelined (PREG=0). Pipelining the DSP48 output will improve performance and often saves power so it is suggested whenever possible to fully pipeline this function.  If this DSP48 function was inferred, it is suggested to describe an additional register stage after this function.  If the DSP48 was instantiated in the design, it is suggested to set the PREG attribute to 1.
Related violations: <none>

DPOP-1#215 Warning
PREG Output pipelining  
DSP TCU_WRAPPER_i/u_tc0/u_octect1/u_dpu_array/DPU6/dpu_fp32/mac2/multOp output TCU_WRAPPER_i/u_tc0/u_octect1/u_dpu_array/DPU6/dpu_fp32/mac2/multOp/P[47:0] is not pipelined (PREG=0). Pipelining the DSP48 output will improve performance and often saves power so it is suggested whenever possible to fully pipeline this function.  If this DSP48 function was inferred, it is suggested to describe an additional register stage after this function.  If the DSP48 was instantiated in the design, it is suggested to set the PREG attribute to 1.
Related violations: <none>

DPOP-1#216 Warning
PREG Output pipelining  
DSP TCU_WRAPPER_i/u_tc0/u_octect1/u_dpu_array/DPU6/dpu_fp32/mac2/multOp__0 output TCU_WRAPPER_i/u_tc0/u_octect1/u_dpu_array/DPU6/dpu_fp32/mac2/multOp__0/P[47:0] is not pipelined (PREG=0). Pipelining the DSP48 output will improve performance and often saves power so it is suggested whenever possible to fully pipeline this function.  If this DSP48 function was inferred, it is suggested to describe an additional register stage after this function.  If the DSP48 was instantiated in the design, it is suggested to set the PREG attribute to 1.
Related violations: <none>

DPOP-1#217 Warning
PREG Output pipelining  
DSP TCU_WRAPPER_i/u_tc0/u_octect1/u_dpu_array/DPU6/dpu_fp32/mac3/multOp output TCU_WRAPPER_i/u_tc0/u_octect1/u_dpu_array/DPU6/dpu_fp32/mac3/multOp/P[47:0] is not pipelined (PREG=0). Pipelining the DSP48 output will improve performance and often saves power so it is suggested whenever possible to fully pipeline this function.  If this DSP48 function was inferred, it is suggested to describe an additional register stage after this function.  If the DSP48 was instantiated in the design, it is suggested to set the PREG attribute to 1.
Related violations: <none>

DPOP-1#218 Warning
PREG Output pipelining  
DSP TCU_WRAPPER_i/u_tc0/u_octect1/u_dpu_array/DPU6/dpu_fp32/mac3/multOp__0 output TCU_WRAPPER_i/u_tc0/u_octect1/u_dpu_array/DPU6/dpu_fp32/mac3/multOp__0/P[47:0] is not pipelined (PREG=0). Pipelining the DSP48 output will improve performance and often saves power so it is suggested whenever possible to fully pipeline this function.  If this DSP48 function was inferred, it is suggested to describe an additional register stage after this function.  If the DSP48 was instantiated in the design, it is suggested to set the PREG attribute to 1.
Related violations: <none>

DPOP-1#219 Warning
PREG Output pipelining  
DSP TCU_WRAPPER_i/u_tc0/u_octect1/u_dpu_array/DPU6/dpu_posit32/posit32_mul0/multOp output TCU_WRAPPER_i/u_tc0/u_octect1/u_dpu_array/DPU6/dpu_posit32/posit32_mul0/multOp/P[47:0] is not pipelined (PREG=0). Pipelining the DSP48 output will improve performance and often saves power so it is suggested whenever possible to fully pipeline this function.  If this DSP48 function was inferred, it is suggested to describe an additional register stage after this function.  If the DSP48 was instantiated in the design, it is suggested to set the PREG attribute to 1.
Related violations: <none>

DPOP-1#220 Warning
PREG Output pipelining  
DSP TCU_WRAPPER_i/u_tc0/u_octect1/u_dpu_array/DPU6/dpu_posit32/posit32_mul0/multOp__0 output TCU_WRAPPER_i/u_tc0/u_octect1/u_dpu_array/DPU6/dpu_posit32/posit32_mul0/multOp__0/P[47:0] is not pipelined (PREG=0). Pipelining the DSP48 output will improve performance and often saves power so it is suggested whenever possible to fully pipeline this function.  If this DSP48 function was inferred, it is suggested to describe an additional register stage after this function.  If the DSP48 was instantiated in the design, it is suggested to set the PREG attribute to 1.
Related violations: <none>

DPOP-1#221 Warning
PREG Output pipelining  
DSP TCU_WRAPPER_i/u_tc0/u_octect1/u_dpu_array/DPU6/dpu_posit32/posit32_mul1/multOp output TCU_WRAPPER_i/u_tc0/u_octect1/u_dpu_array/DPU6/dpu_posit32/posit32_mul1/multOp/P[47:0] is not pipelined (PREG=0). Pipelining the DSP48 output will improve performance and often saves power so it is suggested whenever possible to fully pipeline this function.  If this DSP48 function was inferred, it is suggested to describe an additional register stage after this function.  If the DSP48 was instantiated in the design, it is suggested to set the PREG attribute to 1.
Related violations: <none>

DPOP-1#222 Warning
PREG Output pipelining  
DSP TCU_WRAPPER_i/u_tc0/u_octect1/u_dpu_array/DPU6/dpu_posit32/posit32_mul1/multOp__0 output TCU_WRAPPER_i/u_tc0/u_octect1/u_dpu_array/DPU6/dpu_posit32/posit32_mul1/multOp__0/P[47:0] is not pipelined (PREG=0). Pipelining the DSP48 output will improve performance and often saves power so it is suggested whenever possible to fully pipeline this function.  If this DSP48 function was inferred, it is suggested to describe an additional register stage after this function.  If the DSP48 was instantiated in the design, it is suggested to set the PREG attribute to 1.
Related violations: <none>

DPOP-1#223 Warning
PREG Output pipelining  
DSP TCU_WRAPPER_i/u_tc0/u_octect1/u_dpu_array/DPU6/dpu_posit32/posit32_mul2/multOp output TCU_WRAPPER_i/u_tc0/u_octect1/u_dpu_array/DPU6/dpu_posit32/posit32_mul2/multOp/P[47:0] is not pipelined (PREG=0). Pipelining the DSP48 output will improve performance and often saves power so it is suggested whenever possible to fully pipeline this function.  If this DSP48 function was inferred, it is suggested to describe an additional register stage after this function.  If the DSP48 was instantiated in the design, it is suggested to set the PREG attribute to 1.
Related violations: <none>

DPOP-1#224 Warning
PREG Output pipelining  
DSP TCU_WRAPPER_i/u_tc0/u_octect1/u_dpu_array/DPU6/dpu_posit32/posit32_mul2/multOp__0 output TCU_WRAPPER_i/u_tc0/u_octect1/u_dpu_array/DPU6/dpu_posit32/posit32_mul2/multOp__0/P[47:0] is not pipelined (PREG=0). Pipelining the DSP48 output will improve performance and often saves power so it is suggested whenever possible to fully pipeline this function.  If this DSP48 function was inferred, it is suggested to describe an additional register stage after this function.  If the DSP48 was instantiated in the design, it is suggested to set the PREG attribute to 1.
Related violations: <none>

DPOP-1#225 Warning
PREG Output pipelining  
DSP TCU_WRAPPER_i/u_tc0/u_octect1/u_dpu_array/DPU6/dpu_posit32/posit32_mul3/multOp output TCU_WRAPPER_i/u_tc0/u_octect1/u_dpu_array/DPU6/dpu_posit32/posit32_mul3/multOp/P[47:0] is not pipelined (PREG=0). Pipelining the DSP48 output will improve performance and often saves power so it is suggested whenever possible to fully pipeline this function.  If this DSP48 function was inferred, it is suggested to describe an additional register stage after this function.  If the DSP48 was instantiated in the design, it is suggested to set the PREG attribute to 1.
Related violations: <none>

DPOP-1#226 Warning
PREG Output pipelining  
DSP TCU_WRAPPER_i/u_tc0/u_octect1/u_dpu_array/DPU7/dpu_fp32/mac0/multOp output TCU_WRAPPER_i/u_tc0/u_octect1/u_dpu_array/DPU7/dpu_fp32/mac0/multOp/P[47:0] is not pipelined (PREG=0). Pipelining the DSP48 output will improve performance and often saves power so it is suggested whenever possible to fully pipeline this function.  If this DSP48 function was inferred, it is suggested to describe an additional register stage after this function.  If the DSP48 was instantiated in the design, it is suggested to set the PREG attribute to 1.
Related violations: <none>

DPOP-1#227 Warning
PREG Output pipelining  
DSP TCU_WRAPPER_i/u_tc0/u_octect1/u_dpu_array/DPU7/dpu_fp32/mac0/multOp__0 output TCU_WRAPPER_i/u_tc0/u_octect1/u_dpu_array/DPU7/dpu_fp32/mac0/multOp__0/P[47:0] is not pipelined (PREG=0). Pipelining the DSP48 output will improve performance and often saves power so it is suggested whenever possible to fully pipeline this function.  If this DSP48 function was inferred, it is suggested to describe an additional register stage after this function.  If the DSP48 was instantiated in the design, it is suggested to set the PREG attribute to 1.
Related violations: <none>

DPOP-1#228 Warning
PREG Output pipelining  
DSP TCU_WRAPPER_i/u_tc0/u_octect1/u_dpu_array/DPU7/dpu_fp32/mac1/multOp output TCU_WRAPPER_i/u_tc0/u_octect1/u_dpu_array/DPU7/dpu_fp32/mac1/multOp/P[47:0] is not pipelined (PREG=0). Pipelining the DSP48 output will improve performance and often saves power so it is suggested whenever possible to fully pipeline this function.  If this DSP48 function was inferred, it is suggested to describe an additional register stage after this function.  If the DSP48 was instantiated in the design, it is suggested to set the PREG attribute to 1.
Related violations: <none>

DPOP-1#229 Warning
PREG Output pipelining  
DSP TCU_WRAPPER_i/u_tc0/u_octect1/u_dpu_array/DPU7/dpu_fp32/mac1/multOp__0 output TCU_WRAPPER_i/u_tc0/u_octect1/u_dpu_array/DPU7/dpu_fp32/mac1/multOp__0/P[47:0] is not pipelined (PREG=0). Pipelining the DSP48 output will improve performance and often saves power so it is suggested whenever possible to fully pipeline this function.  If this DSP48 function was inferred, it is suggested to describe an additional register stage after this function.  If the DSP48 was instantiated in the design, it is suggested to set the PREG attribute to 1.
Related violations: <none>

DPOP-1#230 Warning
PREG Output pipelining  
DSP TCU_WRAPPER_i/u_tc0/u_octect1/u_dpu_array/DPU7/dpu_fp32/mac2/multOp output TCU_WRAPPER_i/u_tc0/u_octect1/u_dpu_array/DPU7/dpu_fp32/mac2/multOp/P[47:0] is not pipelined (PREG=0). Pipelining the DSP48 output will improve performance and often saves power so it is suggested whenever possible to fully pipeline this function.  If this DSP48 function was inferred, it is suggested to describe an additional register stage after this function.  If the DSP48 was instantiated in the design, it is suggested to set the PREG attribute to 1.
Related violations: <none>

DPOP-1#231 Warning
PREG Output pipelining  
DSP TCU_WRAPPER_i/u_tc0/u_octect1/u_dpu_array/DPU7/dpu_fp32/mac2/multOp__0 output TCU_WRAPPER_i/u_tc0/u_octect1/u_dpu_array/DPU7/dpu_fp32/mac2/multOp__0/P[47:0] is not pipelined (PREG=0). Pipelining the DSP48 output will improve performance and often saves power so it is suggested whenever possible to fully pipeline this function.  If this DSP48 function was inferred, it is suggested to describe an additional register stage after this function.  If the DSP48 was instantiated in the design, it is suggested to set the PREG attribute to 1.
Related violations: <none>

DPOP-1#232 Warning
PREG Output pipelining  
DSP TCU_WRAPPER_i/u_tc0/u_octect1/u_dpu_array/DPU7/dpu_fp32/mac3/multOp output TCU_WRAPPER_i/u_tc0/u_octect1/u_dpu_array/DPU7/dpu_fp32/mac3/multOp/P[47:0] is not pipelined (PREG=0). Pipelining the DSP48 output will improve performance and often saves power so it is suggested whenever possible to fully pipeline this function.  If this DSP48 function was inferred, it is suggested to describe an additional register stage after this function.  If the DSP48 was instantiated in the design, it is suggested to set the PREG attribute to 1.
Related violations: <none>

DPOP-1#233 Warning
PREG Output pipelining  
DSP TCU_WRAPPER_i/u_tc0/u_octect1/u_dpu_array/DPU7/dpu_fp32/mac3/multOp__0 output TCU_WRAPPER_i/u_tc0/u_octect1/u_dpu_array/DPU7/dpu_fp32/mac3/multOp__0/P[47:0] is not pipelined (PREG=0). Pipelining the DSP48 output will improve performance and often saves power so it is suggested whenever possible to fully pipeline this function.  If this DSP48 function was inferred, it is suggested to describe an additional register stage after this function.  If the DSP48 was instantiated in the design, it is suggested to set the PREG attribute to 1.
Related violations: <none>

DPOP-1#234 Warning
PREG Output pipelining  
DSP TCU_WRAPPER_i/u_tc0/u_octect1/u_dpu_array/DPU7/dpu_posit32/posit32_mul0/multOp output TCU_WRAPPER_i/u_tc0/u_octect1/u_dpu_array/DPU7/dpu_posit32/posit32_mul0/multOp/P[47:0] is not pipelined (PREG=0). Pipelining the DSP48 output will improve performance and often saves power so it is suggested whenever possible to fully pipeline this function.  If this DSP48 function was inferred, it is suggested to describe an additional register stage after this function.  If the DSP48 was instantiated in the design, it is suggested to set the PREG attribute to 1.
Related violations: <none>

DPOP-1#235 Warning
PREG Output pipelining  
DSP TCU_WRAPPER_i/u_tc0/u_octect1/u_dpu_array/DPU7/dpu_posit32/posit32_mul0/multOp__0 output TCU_WRAPPER_i/u_tc0/u_octect1/u_dpu_array/DPU7/dpu_posit32/posit32_mul0/multOp__0/P[47:0] is not pipelined (PREG=0). Pipelining the DSP48 output will improve performance and often saves power so it is suggested whenever possible to fully pipeline this function.  If this DSP48 function was inferred, it is suggested to describe an additional register stage after this function.  If the DSP48 was instantiated in the design, it is suggested to set the PREG attribute to 1.
Related violations: <none>

DPOP-1#236 Warning
PREG Output pipelining  
DSP TCU_WRAPPER_i/u_tc0/u_octect1/u_dpu_array/DPU7/dpu_posit32/posit32_mul1/multOp output TCU_WRAPPER_i/u_tc0/u_octect1/u_dpu_array/DPU7/dpu_posit32/posit32_mul1/multOp/P[47:0] is not pipelined (PREG=0). Pipelining the DSP48 output will improve performance and often saves power so it is suggested whenever possible to fully pipeline this function.  If this DSP48 function was inferred, it is suggested to describe an additional register stage after this function.  If the DSP48 was instantiated in the design, it is suggested to set the PREG attribute to 1.
Related violations: <none>

DPOP-1#237 Warning
PREG Output pipelining  
DSP TCU_WRAPPER_i/u_tc0/u_octect1/u_dpu_array/DPU7/dpu_posit32/posit32_mul1/multOp__0 output TCU_WRAPPER_i/u_tc0/u_octect1/u_dpu_array/DPU7/dpu_posit32/posit32_mul1/multOp__0/P[47:0] is not pipelined (PREG=0). Pipelining the DSP48 output will improve performance and often saves power so it is suggested whenever possible to fully pipeline this function.  If this DSP48 function was inferred, it is suggested to describe an additional register stage after this function.  If the DSP48 was instantiated in the design, it is suggested to set the PREG attribute to 1.
Related violations: <none>

DPOP-1#238 Warning
PREG Output pipelining  
DSP TCU_WRAPPER_i/u_tc0/u_octect1/u_dpu_array/DPU7/dpu_posit32/posit32_mul2/multOp output TCU_WRAPPER_i/u_tc0/u_octect1/u_dpu_array/DPU7/dpu_posit32/posit32_mul2/multOp/P[47:0] is not pipelined (PREG=0). Pipelining the DSP48 output will improve performance and often saves power so it is suggested whenever possible to fully pipeline this function.  If this DSP48 function was inferred, it is suggested to describe an additional register stage after this function.  If the DSP48 was instantiated in the design, it is suggested to set the PREG attribute to 1.
Related violations: <none>

DPOP-1#239 Warning
PREG Output pipelining  
DSP TCU_WRAPPER_i/u_tc0/u_octect1/u_dpu_array/DPU7/dpu_posit32/posit32_mul2/multOp__0 output TCU_WRAPPER_i/u_tc0/u_octect1/u_dpu_array/DPU7/dpu_posit32/posit32_mul2/multOp__0/P[47:0] is not pipelined (PREG=0). Pipelining the DSP48 output will improve performance and often saves power so it is suggested whenever possible to fully pipeline this function.  If this DSP48 function was inferred, it is suggested to describe an additional register stage after this function.  If the DSP48 was instantiated in the design, it is suggested to set the PREG attribute to 1.
Related violations: <none>

DPOP-1#240 Warning
PREG Output pipelining  
DSP TCU_WRAPPER_i/u_tc0/u_octect1/u_dpu_array/DPU7/dpu_posit32/posit32_mul3/multOp output TCU_WRAPPER_i/u_tc0/u_octect1/u_dpu_array/DPU7/dpu_posit32/posit32_mul3/multOp/P[47:0] is not pipelined (PREG=0). Pipelining the DSP48 output will improve performance and often saves power so it is suggested whenever possible to fully pipeline this function.  If this DSP48 function was inferred, it is suggested to describe an additional register stage after this function.  If the DSP48 was instantiated in the design, it is suggested to set the PREG attribute to 1.
Related violations: <none>

DPOP-2#1 Warning
MREG Output pipelining  
DSP TCU_WRAPPER_i/u_tc0/u_octect0/u_dpu_array/DPU0/dpu_fp32/mac0/multOp multiplier stage TCU_WRAPPER_i/u_tc0/u_octect0/u_dpu_array/DPU0/dpu_fp32/mac0/multOp/P[47:0] is not pipelined (MREG=0). Pipelining the multiplier function will improve performance and will save significant power so it is suggested whenever possible to fully pipeline this function.  If this multiplier was inferred, it is suggested to describe an additional register stage after this function.  If there is no registered adder/accumulator following the multiply function, two pipeline stages are suggested to allow both the MREG and PREG registers to be used.  If the DSP48 was instantiated in the design, it is suggested to set both the MREG and PREG attributes to 1 when performing multiply functions.
Related violations: <none>

DPOP-2#2 Warning
MREG Output pipelining  
DSP TCU_WRAPPER_i/u_tc0/u_octect0/u_dpu_array/DPU0/dpu_fp32/mac0/multOp__0 multiplier stage TCU_WRAPPER_i/u_tc0/u_octect0/u_dpu_array/DPU0/dpu_fp32/mac0/multOp__0/P[47:0] is not pipelined (MREG=0). Pipelining the multiplier function will improve performance and will save significant power so it is suggested whenever possible to fully pipeline this function.  If this multiplier was inferred, it is suggested to describe an additional register stage after this function.  If there is no registered adder/accumulator following the multiply function, two pipeline stages are suggested to allow both the MREG and PREG registers to be used.  If the DSP48 was instantiated in the design, it is suggested to set both the MREG and PREG attributes to 1 when performing multiply functions.
Related violations: <none>

DPOP-2#3 Warning
MREG Output pipelining  
DSP TCU_WRAPPER_i/u_tc0/u_octect0/u_dpu_array/DPU0/dpu_fp32/mac1/multOp multiplier stage TCU_WRAPPER_i/u_tc0/u_octect0/u_dpu_array/DPU0/dpu_fp32/mac1/multOp/P[47:0] is not pipelined (MREG=0). Pipelining the multiplier function will improve performance and will save significant power so it is suggested whenever possible to fully pipeline this function.  If this multiplier was inferred, it is suggested to describe an additional register stage after this function.  If there is no registered adder/accumulator following the multiply function, two pipeline stages are suggested to allow both the MREG and PREG registers to be used.  If the DSP48 was instantiated in the design, it is suggested to set both the MREG and PREG attributes to 1 when performing multiply functions.
Related violations: <none>

DPOP-2#4 Warning
MREG Output pipelining  
DSP TCU_WRAPPER_i/u_tc0/u_octect0/u_dpu_array/DPU0/dpu_fp32/mac1/multOp__0 multiplier stage TCU_WRAPPER_i/u_tc0/u_octect0/u_dpu_array/DPU0/dpu_fp32/mac1/multOp__0/P[47:0] is not pipelined (MREG=0). Pipelining the multiplier function will improve performance and will save significant power so it is suggested whenever possible to fully pipeline this function.  If this multiplier was inferred, it is suggested to describe an additional register stage after this function.  If there is no registered adder/accumulator following the multiply function, two pipeline stages are suggested to allow both the MREG and PREG registers to be used.  If the DSP48 was instantiated in the design, it is suggested to set both the MREG and PREG attributes to 1 when performing multiply functions.
Related violations: <none>

DPOP-2#5 Warning
MREG Output pipelining  
DSP TCU_WRAPPER_i/u_tc0/u_octect0/u_dpu_array/DPU0/dpu_fp32/mac2/multOp multiplier stage TCU_WRAPPER_i/u_tc0/u_octect0/u_dpu_array/DPU0/dpu_fp32/mac2/multOp/P[47:0] is not pipelined (MREG=0). Pipelining the multiplier function will improve performance and will save significant power so it is suggested whenever possible to fully pipeline this function.  If this multiplier was inferred, it is suggested to describe an additional register stage after this function.  If there is no registered adder/accumulator following the multiply function, two pipeline stages are suggested to allow both the MREG and PREG registers to be used.  If the DSP48 was instantiated in the design, it is suggested to set both the MREG and PREG attributes to 1 when performing multiply functions.
Related violations: <none>

DPOP-2#6 Warning
MREG Output pipelining  
DSP TCU_WRAPPER_i/u_tc0/u_octect0/u_dpu_array/DPU0/dpu_fp32/mac2/multOp__0 multiplier stage TCU_WRAPPER_i/u_tc0/u_octect0/u_dpu_array/DPU0/dpu_fp32/mac2/multOp__0/P[47:0] is not pipelined (MREG=0). Pipelining the multiplier function will improve performance and will save significant power so it is suggested whenever possible to fully pipeline this function.  If this multiplier was inferred, it is suggested to describe an additional register stage after this function.  If there is no registered adder/accumulator following the multiply function, two pipeline stages are suggested to allow both the MREG and PREG registers to be used.  If the DSP48 was instantiated in the design, it is suggested to set both the MREG and PREG attributes to 1 when performing multiply functions.
Related violations: <none>

DPOP-2#7 Warning
MREG Output pipelining  
DSP TCU_WRAPPER_i/u_tc0/u_octect0/u_dpu_array/DPU0/dpu_fp32/mac3/multOp multiplier stage TCU_WRAPPER_i/u_tc0/u_octect0/u_dpu_array/DPU0/dpu_fp32/mac3/multOp/P[47:0] is not pipelined (MREG=0). Pipelining the multiplier function will improve performance and will save significant power so it is suggested whenever possible to fully pipeline this function.  If this multiplier was inferred, it is suggested to describe an additional register stage after this function.  If there is no registered adder/accumulator following the multiply function, two pipeline stages are suggested to allow both the MREG and PREG registers to be used.  If the DSP48 was instantiated in the design, it is suggested to set both the MREG and PREG attributes to 1 when performing multiply functions.
Related violations: <none>

DPOP-2#8 Warning
MREG Output pipelining  
DSP TCU_WRAPPER_i/u_tc0/u_octect0/u_dpu_array/DPU0/dpu_fp32/mac3/multOp__0 multiplier stage TCU_WRAPPER_i/u_tc0/u_octect0/u_dpu_array/DPU0/dpu_fp32/mac3/multOp__0/P[47:0] is not pipelined (MREG=0). Pipelining the multiplier function will improve performance and will save significant power so it is suggested whenever possible to fully pipeline this function.  If this multiplier was inferred, it is suggested to describe an additional register stage after this function.  If there is no registered adder/accumulator following the multiply function, two pipeline stages are suggested to allow both the MREG and PREG registers to be used.  If the DSP48 was instantiated in the design, it is suggested to set both the MREG and PREG attributes to 1 when performing multiply functions.
Related violations: <none>

DPOP-2#9 Warning
MREG Output pipelining  
DSP TCU_WRAPPER_i/u_tc0/u_octect0/u_dpu_array/DPU0/dpu_posit32/posit32_mul0/multOp multiplier stage TCU_WRAPPER_i/u_tc0/u_octect0/u_dpu_array/DPU0/dpu_posit32/posit32_mul0/multOp/P[47:0] is not pipelined (MREG=0). Pipelining the multiplier function will improve performance and will save significant power so it is suggested whenever possible to fully pipeline this function.  If this multiplier was inferred, it is suggested to describe an additional register stage after this function.  If there is no registered adder/accumulator following the multiply function, two pipeline stages are suggested to allow both the MREG and PREG registers to be used.  If the DSP48 was instantiated in the design, it is suggested to set both the MREG and PREG attributes to 1 when performing multiply functions.
Related violations: <none>

DPOP-2#10 Warning
MREG Output pipelining  
DSP TCU_WRAPPER_i/u_tc0/u_octect0/u_dpu_array/DPU0/dpu_posit32/posit32_mul0/multOp__0 multiplier stage TCU_WRAPPER_i/u_tc0/u_octect0/u_dpu_array/DPU0/dpu_posit32/posit32_mul0/multOp__0/P[47:0] is not pipelined (MREG=0). Pipelining the multiplier function will improve performance and will save significant power so it is suggested whenever possible to fully pipeline this function.  If this multiplier was inferred, it is suggested to describe an additional register stage after this function.  If there is no registered adder/accumulator following the multiply function, two pipeline stages are suggested to allow both the MREG and PREG registers to be used.  If the DSP48 was instantiated in the design, it is suggested to set both the MREG and PREG attributes to 1 when performing multiply functions.
Related violations: <none>

DPOP-2#11 Warning
MREG Output pipelining  
DSP TCU_WRAPPER_i/u_tc0/u_octect0/u_dpu_array/DPU0/dpu_posit32/posit32_mul1/multOp multiplier stage TCU_WRAPPER_i/u_tc0/u_octect0/u_dpu_array/DPU0/dpu_posit32/posit32_mul1/multOp/P[47:0] is not pipelined (MREG=0). Pipelining the multiplier function will improve performance and will save significant power so it is suggested whenever possible to fully pipeline this function.  If this multiplier was inferred, it is suggested to describe an additional register stage after this function.  If there is no registered adder/accumulator following the multiply function, two pipeline stages are suggested to allow both the MREG and PREG registers to be used.  If the DSP48 was instantiated in the design, it is suggested to set both the MREG and PREG attributes to 1 when performing multiply functions.
Related violations: <none>

DPOP-2#12 Warning
MREG Output pipelining  
DSP TCU_WRAPPER_i/u_tc0/u_octect0/u_dpu_array/DPU0/dpu_posit32/posit32_mul1/multOp__0 multiplier stage TCU_WRAPPER_i/u_tc0/u_octect0/u_dpu_array/DPU0/dpu_posit32/posit32_mul1/multOp__0/P[47:0] is not pipelined (MREG=0). Pipelining the multiplier function will improve performance and will save significant power so it is suggested whenever possible to fully pipeline this function.  If this multiplier was inferred, it is suggested to describe an additional register stage after this function.  If there is no registered adder/accumulator following the multiply function, two pipeline stages are suggested to allow both the MREG and PREG registers to be used.  If the DSP48 was instantiated in the design, it is suggested to set both the MREG and PREG attributes to 1 when performing multiply functions.
Related violations: <none>

DPOP-2#13 Warning
MREG Output pipelining  
DSP TCU_WRAPPER_i/u_tc0/u_octect0/u_dpu_array/DPU0/dpu_posit32/posit32_mul2/multOp multiplier stage TCU_WRAPPER_i/u_tc0/u_octect0/u_dpu_array/DPU0/dpu_posit32/posit32_mul2/multOp/P[47:0] is not pipelined (MREG=0). Pipelining the multiplier function will improve performance and will save significant power so it is suggested whenever possible to fully pipeline this function.  If this multiplier was inferred, it is suggested to describe an additional register stage after this function.  If there is no registered adder/accumulator following the multiply function, two pipeline stages are suggested to allow both the MREG and PREG registers to be used.  If the DSP48 was instantiated in the design, it is suggested to set both the MREG and PREG attributes to 1 when performing multiply functions.
Related violations: <none>

DPOP-2#14 Warning
MREG Output pipelining  
DSP TCU_WRAPPER_i/u_tc0/u_octect0/u_dpu_array/DPU0/dpu_posit32/posit32_mul2/multOp__0 multiplier stage TCU_WRAPPER_i/u_tc0/u_octect0/u_dpu_array/DPU0/dpu_posit32/posit32_mul2/multOp__0/P[47:0] is not pipelined (MREG=0). Pipelining the multiplier function will improve performance and will save significant power so it is suggested whenever possible to fully pipeline this function.  If this multiplier was inferred, it is suggested to describe an additional register stage after this function.  If there is no registered adder/accumulator following the multiply function, two pipeline stages are suggested to allow both the MREG and PREG registers to be used.  If the DSP48 was instantiated in the design, it is suggested to set both the MREG and PREG attributes to 1 when performing multiply functions.
Related violations: <none>

DPOP-2#15 Warning
MREG Output pipelining  
DSP TCU_WRAPPER_i/u_tc0/u_octect0/u_dpu_array/DPU0/dpu_posit32/posit32_mul3/multOp multiplier stage TCU_WRAPPER_i/u_tc0/u_octect0/u_dpu_array/DPU0/dpu_posit32/posit32_mul3/multOp/P[47:0] is not pipelined (MREG=0). Pipelining the multiplier function will improve performance and will save significant power so it is suggested whenever possible to fully pipeline this function.  If this multiplier was inferred, it is suggested to describe an additional register stage after this function.  If there is no registered adder/accumulator following the multiply function, two pipeline stages are suggested to allow both the MREG and PREG registers to be used.  If the DSP48 was instantiated in the design, it is suggested to set both the MREG and PREG attributes to 1 when performing multiply functions.
Related violations: <none>

DPOP-2#16 Warning
MREG Output pipelining  
DSP TCU_WRAPPER_i/u_tc0/u_octect0/u_dpu_array/DPU1/dpu_fp32/mac0/multOp multiplier stage TCU_WRAPPER_i/u_tc0/u_octect0/u_dpu_array/DPU1/dpu_fp32/mac0/multOp/P[47:0] is not pipelined (MREG=0). Pipelining the multiplier function will improve performance and will save significant power so it is suggested whenever possible to fully pipeline this function.  If this multiplier was inferred, it is suggested to describe an additional register stage after this function.  If there is no registered adder/accumulator following the multiply function, two pipeline stages are suggested to allow both the MREG and PREG registers to be used.  If the DSP48 was instantiated in the design, it is suggested to set both the MREG and PREG attributes to 1 when performing multiply functions.
Related violations: <none>

DPOP-2#17 Warning
MREG Output pipelining  
DSP TCU_WRAPPER_i/u_tc0/u_octect0/u_dpu_array/DPU1/dpu_fp32/mac0/multOp__0 multiplier stage TCU_WRAPPER_i/u_tc0/u_octect0/u_dpu_array/DPU1/dpu_fp32/mac0/multOp__0/P[47:0] is not pipelined (MREG=0). Pipelining the multiplier function will improve performance and will save significant power so it is suggested whenever possible to fully pipeline this function.  If this multiplier was inferred, it is suggested to describe an additional register stage after this function.  If there is no registered adder/accumulator following the multiply function, two pipeline stages are suggested to allow both the MREG and PREG registers to be used.  If the DSP48 was instantiated in the design, it is suggested to set both the MREG and PREG attributes to 1 when performing multiply functions.
Related violations: <none>

DPOP-2#18 Warning
MREG Output pipelining  
DSP TCU_WRAPPER_i/u_tc0/u_octect0/u_dpu_array/DPU1/dpu_fp32/mac1/multOp multiplier stage TCU_WRAPPER_i/u_tc0/u_octect0/u_dpu_array/DPU1/dpu_fp32/mac1/multOp/P[47:0] is not pipelined (MREG=0). Pipelining the multiplier function will improve performance and will save significant power so it is suggested whenever possible to fully pipeline this function.  If this multiplier was inferred, it is suggested to describe an additional register stage after this function.  If there is no registered adder/accumulator following the multiply function, two pipeline stages are suggested to allow both the MREG and PREG registers to be used.  If the DSP48 was instantiated in the design, it is suggested to set both the MREG and PREG attributes to 1 when performing multiply functions.
Related violations: <none>

DPOP-2#19 Warning
MREG Output pipelining  
DSP TCU_WRAPPER_i/u_tc0/u_octect0/u_dpu_array/DPU1/dpu_fp32/mac1/multOp__0 multiplier stage TCU_WRAPPER_i/u_tc0/u_octect0/u_dpu_array/DPU1/dpu_fp32/mac1/multOp__0/P[47:0] is not pipelined (MREG=0). Pipelining the multiplier function will improve performance and will save significant power so it is suggested whenever possible to fully pipeline this function.  If this multiplier was inferred, it is suggested to describe an additional register stage after this function.  If there is no registered adder/accumulator following the multiply function, two pipeline stages are suggested to allow both the MREG and PREG registers to be used.  If the DSP48 was instantiated in the design, it is suggested to set both the MREG and PREG attributes to 1 when performing multiply functions.
Related violations: <none>

DPOP-2#20 Warning
MREG Output pipelining  
DSP TCU_WRAPPER_i/u_tc0/u_octect0/u_dpu_array/DPU1/dpu_fp32/mac2/multOp multiplier stage TCU_WRAPPER_i/u_tc0/u_octect0/u_dpu_array/DPU1/dpu_fp32/mac2/multOp/P[47:0] is not pipelined (MREG=0). Pipelining the multiplier function will improve performance and will save significant power so it is suggested whenever possible to fully pipeline this function.  If this multiplier was inferred, it is suggested to describe an additional register stage after this function.  If there is no registered adder/accumulator following the multiply function, two pipeline stages are suggested to allow both the MREG and PREG registers to be used.  If the DSP48 was instantiated in the design, it is suggested to set both the MREG and PREG attributes to 1 when performing multiply functions.
Related violations: <none>

DPOP-2#21 Warning
MREG Output pipelining  
DSP TCU_WRAPPER_i/u_tc0/u_octect0/u_dpu_array/DPU1/dpu_fp32/mac2/multOp__0 multiplier stage TCU_WRAPPER_i/u_tc0/u_octect0/u_dpu_array/DPU1/dpu_fp32/mac2/multOp__0/P[47:0] is not pipelined (MREG=0). Pipelining the multiplier function will improve performance and will save significant power so it is suggested whenever possible to fully pipeline this function.  If this multiplier was inferred, it is suggested to describe an additional register stage after this function.  If there is no registered adder/accumulator following the multiply function, two pipeline stages are suggested to allow both the MREG and PREG registers to be used.  If the DSP48 was instantiated in the design, it is suggested to set both the MREG and PREG attributes to 1 when performing multiply functions.
Related violations: <none>

DPOP-2#22 Warning
MREG Output pipelining  
DSP TCU_WRAPPER_i/u_tc0/u_octect0/u_dpu_array/DPU1/dpu_fp32/mac3/multOp multiplier stage TCU_WRAPPER_i/u_tc0/u_octect0/u_dpu_array/DPU1/dpu_fp32/mac3/multOp/P[47:0] is not pipelined (MREG=0). Pipelining the multiplier function will improve performance and will save significant power so it is suggested whenever possible to fully pipeline this function.  If this multiplier was inferred, it is suggested to describe an additional register stage after this function.  If there is no registered adder/accumulator following the multiply function, two pipeline stages are suggested to allow both the MREG and PREG registers to be used.  If the DSP48 was instantiated in the design, it is suggested to set both the MREG and PREG attributes to 1 when performing multiply functions.
Related violations: <none>

DPOP-2#23 Warning
MREG Output pipelining  
DSP TCU_WRAPPER_i/u_tc0/u_octect0/u_dpu_array/DPU1/dpu_fp32/mac3/multOp__0 multiplier stage TCU_WRAPPER_i/u_tc0/u_octect0/u_dpu_array/DPU1/dpu_fp32/mac3/multOp__0/P[47:0] is not pipelined (MREG=0). Pipelining the multiplier function will improve performance and will save significant power so it is suggested whenever possible to fully pipeline this function.  If this multiplier was inferred, it is suggested to describe an additional register stage after this function.  If there is no registered adder/accumulator following the multiply function, two pipeline stages are suggested to allow both the MREG and PREG registers to be used.  If the DSP48 was instantiated in the design, it is suggested to set both the MREG and PREG attributes to 1 when performing multiply functions.
Related violations: <none>

DPOP-2#24 Warning
MREG Output pipelining  
DSP TCU_WRAPPER_i/u_tc0/u_octect0/u_dpu_array/DPU1/dpu_posit32/posit32_mul0/multOp multiplier stage TCU_WRAPPER_i/u_tc0/u_octect0/u_dpu_array/DPU1/dpu_posit32/posit32_mul0/multOp/P[47:0] is not pipelined (MREG=0). Pipelining the multiplier function will improve performance and will save significant power so it is suggested whenever possible to fully pipeline this function.  If this multiplier was inferred, it is suggested to describe an additional register stage after this function.  If there is no registered adder/accumulator following the multiply function, two pipeline stages are suggested to allow both the MREG and PREG registers to be used.  If the DSP48 was instantiated in the design, it is suggested to set both the MREG and PREG attributes to 1 when performing multiply functions.
Related violations: <none>

DPOP-2#25 Warning
MREG Output pipelining  
DSP TCU_WRAPPER_i/u_tc0/u_octect0/u_dpu_array/DPU1/dpu_posit32/posit32_mul0/multOp__0 multiplier stage TCU_WRAPPER_i/u_tc0/u_octect0/u_dpu_array/DPU1/dpu_posit32/posit32_mul0/multOp__0/P[47:0] is not pipelined (MREG=0). Pipelining the multiplier function will improve performance and will save significant power so it is suggested whenever possible to fully pipeline this function.  If this multiplier was inferred, it is suggested to describe an additional register stage after this function.  If there is no registered adder/accumulator following the multiply function, two pipeline stages are suggested to allow both the MREG and PREG registers to be used.  If the DSP48 was instantiated in the design, it is suggested to set both the MREG and PREG attributes to 1 when performing multiply functions.
Related violations: <none>

DPOP-2#26 Warning
MREG Output pipelining  
DSP TCU_WRAPPER_i/u_tc0/u_octect0/u_dpu_array/DPU1/dpu_posit32/posit32_mul1/multOp multiplier stage TCU_WRAPPER_i/u_tc0/u_octect0/u_dpu_array/DPU1/dpu_posit32/posit32_mul1/multOp/P[47:0] is not pipelined (MREG=0). Pipelining the multiplier function will improve performance and will save significant power so it is suggested whenever possible to fully pipeline this function.  If this multiplier was inferred, it is suggested to describe an additional register stage after this function.  If there is no registered adder/accumulator following the multiply function, two pipeline stages are suggested to allow both the MREG and PREG registers to be used.  If the DSP48 was instantiated in the design, it is suggested to set both the MREG and PREG attributes to 1 when performing multiply functions.
Related violations: <none>

DPOP-2#27 Warning
MREG Output pipelining  
DSP TCU_WRAPPER_i/u_tc0/u_octect0/u_dpu_array/DPU1/dpu_posit32/posit32_mul1/multOp__0 multiplier stage TCU_WRAPPER_i/u_tc0/u_octect0/u_dpu_array/DPU1/dpu_posit32/posit32_mul1/multOp__0/P[47:0] is not pipelined (MREG=0). Pipelining the multiplier function will improve performance and will save significant power so it is suggested whenever possible to fully pipeline this function.  If this multiplier was inferred, it is suggested to describe an additional register stage after this function.  If there is no registered adder/accumulator following the multiply function, two pipeline stages are suggested to allow both the MREG and PREG registers to be used.  If the DSP48 was instantiated in the design, it is suggested to set both the MREG and PREG attributes to 1 when performing multiply functions.
Related violations: <none>

DPOP-2#28 Warning
MREG Output pipelining  
DSP TCU_WRAPPER_i/u_tc0/u_octect0/u_dpu_array/DPU1/dpu_posit32/posit32_mul2/multOp multiplier stage TCU_WRAPPER_i/u_tc0/u_octect0/u_dpu_array/DPU1/dpu_posit32/posit32_mul2/multOp/P[47:0] is not pipelined (MREG=0). Pipelining the multiplier function will improve performance and will save significant power so it is suggested whenever possible to fully pipeline this function.  If this multiplier was inferred, it is suggested to describe an additional register stage after this function.  If there is no registered adder/accumulator following the multiply function, two pipeline stages are suggested to allow both the MREG and PREG registers to be used.  If the DSP48 was instantiated in the design, it is suggested to set both the MREG and PREG attributes to 1 when performing multiply functions.
Related violations: <none>

DPOP-2#29 Warning
MREG Output pipelining  
DSP TCU_WRAPPER_i/u_tc0/u_octect0/u_dpu_array/DPU1/dpu_posit32/posit32_mul2/multOp__0 multiplier stage TCU_WRAPPER_i/u_tc0/u_octect0/u_dpu_array/DPU1/dpu_posit32/posit32_mul2/multOp__0/P[47:0] is not pipelined (MREG=0). Pipelining the multiplier function will improve performance and will save significant power so it is suggested whenever possible to fully pipeline this function.  If this multiplier was inferred, it is suggested to describe an additional register stage after this function.  If there is no registered adder/accumulator following the multiply function, two pipeline stages are suggested to allow both the MREG and PREG registers to be used.  If the DSP48 was instantiated in the design, it is suggested to set both the MREG and PREG attributes to 1 when performing multiply functions.
Related violations: <none>

DPOP-2#30 Warning
MREG Output pipelining  
DSP TCU_WRAPPER_i/u_tc0/u_octect0/u_dpu_array/DPU1/dpu_posit32/posit32_mul3/multOp multiplier stage TCU_WRAPPER_i/u_tc0/u_octect0/u_dpu_array/DPU1/dpu_posit32/posit32_mul3/multOp/P[47:0] is not pipelined (MREG=0). Pipelining the multiplier function will improve performance and will save significant power so it is suggested whenever possible to fully pipeline this function.  If this multiplier was inferred, it is suggested to describe an additional register stage after this function.  If there is no registered adder/accumulator following the multiply function, two pipeline stages are suggested to allow both the MREG and PREG registers to be used.  If the DSP48 was instantiated in the design, it is suggested to set both the MREG and PREG attributes to 1 when performing multiply functions.
Related violations: <none>

DPOP-2#31 Warning
MREG Output pipelining  
DSP TCU_WRAPPER_i/u_tc0/u_octect0/u_dpu_array/DPU2/dpu_fp32/mac0/multOp multiplier stage TCU_WRAPPER_i/u_tc0/u_octect0/u_dpu_array/DPU2/dpu_fp32/mac0/multOp/P[47:0] is not pipelined (MREG=0). Pipelining the multiplier function will improve performance and will save significant power so it is suggested whenever possible to fully pipeline this function.  If this multiplier was inferred, it is suggested to describe an additional register stage after this function.  If there is no registered adder/accumulator following the multiply function, two pipeline stages are suggested to allow both the MREG and PREG registers to be used.  If the DSP48 was instantiated in the design, it is suggested to set both the MREG and PREG attributes to 1 when performing multiply functions.
Related violations: <none>

DPOP-2#32 Warning
MREG Output pipelining  
DSP TCU_WRAPPER_i/u_tc0/u_octect0/u_dpu_array/DPU2/dpu_fp32/mac0/multOp__0 multiplier stage TCU_WRAPPER_i/u_tc0/u_octect0/u_dpu_array/DPU2/dpu_fp32/mac0/multOp__0/P[47:0] is not pipelined (MREG=0). Pipelining the multiplier function will improve performance and will save significant power so it is suggested whenever possible to fully pipeline this function.  If this multiplier was inferred, it is suggested to describe an additional register stage after this function.  If there is no registered adder/accumulator following the multiply function, two pipeline stages are suggested to allow both the MREG and PREG registers to be used.  If the DSP48 was instantiated in the design, it is suggested to set both the MREG and PREG attributes to 1 when performing multiply functions.
Related violations: <none>

DPOP-2#33 Warning
MREG Output pipelining  
DSP TCU_WRAPPER_i/u_tc0/u_octect0/u_dpu_array/DPU2/dpu_fp32/mac1/multOp multiplier stage TCU_WRAPPER_i/u_tc0/u_octect0/u_dpu_array/DPU2/dpu_fp32/mac1/multOp/P[47:0] is not pipelined (MREG=0). Pipelining the multiplier function will improve performance and will save significant power so it is suggested whenever possible to fully pipeline this function.  If this multiplier was inferred, it is suggested to describe an additional register stage after this function.  If there is no registered adder/accumulator following the multiply function, two pipeline stages are suggested to allow both the MREG and PREG registers to be used.  If the DSP48 was instantiated in the design, it is suggested to set both the MREG and PREG attributes to 1 when performing multiply functions.
Related violations: <none>

DPOP-2#34 Warning
MREG Output pipelining  
DSP TCU_WRAPPER_i/u_tc0/u_octect0/u_dpu_array/DPU2/dpu_fp32/mac1/multOp__0 multiplier stage TCU_WRAPPER_i/u_tc0/u_octect0/u_dpu_array/DPU2/dpu_fp32/mac1/multOp__0/P[47:0] is not pipelined (MREG=0). Pipelining the multiplier function will improve performance and will save significant power so it is suggested whenever possible to fully pipeline this function.  If this multiplier was inferred, it is suggested to describe an additional register stage after this function.  If there is no registered adder/accumulator following the multiply function, two pipeline stages are suggested to allow both the MREG and PREG registers to be used.  If the DSP48 was instantiated in the design, it is suggested to set both the MREG and PREG attributes to 1 when performing multiply functions.
Related violations: <none>

DPOP-2#35 Warning
MREG Output pipelining  
DSP TCU_WRAPPER_i/u_tc0/u_octect0/u_dpu_array/DPU2/dpu_fp32/mac2/multOp multiplier stage TCU_WRAPPER_i/u_tc0/u_octect0/u_dpu_array/DPU2/dpu_fp32/mac2/multOp/P[47:0] is not pipelined (MREG=0). Pipelining the multiplier function will improve performance and will save significant power so it is suggested whenever possible to fully pipeline this function.  If this multiplier was inferred, it is suggested to describe an additional register stage after this function.  If there is no registered adder/accumulator following the multiply function, two pipeline stages are suggested to allow both the MREG and PREG registers to be used.  If the DSP48 was instantiated in the design, it is suggested to set both the MREG and PREG attributes to 1 when performing multiply functions.
Related violations: <none>

DPOP-2#36 Warning
MREG Output pipelining  
DSP TCU_WRAPPER_i/u_tc0/u_octect0/u_dpu_array/DPU2/dpu_fp32/mac2/multOp__0 multiplier stage TCU_WRAPPER_i/u_tc0/u_octect0/u_dpu_array/DPU2/dpu_fp32/mac2/multOp__0/P[47:0] is not pipelined (MREG=0). Pipelining the multiplier function will improve performance and will save significant power so it is suggested whenever possible to fully pipeline this function.  If this multiplier was inferred, it is suggested to describe an additional register stage after this function.  If there is no registered adder/accumulator following the multiply function, two pipeline stages are suggested to allow both the MREG and PREG registers to be used.  If the DSP48 was instantiated in the design, it is suggested to set both the MREG and PREG attributes to 1 when performing multiply functions.
Related violations: <none>

DPOP-2#37 Warning
MREG Output pipelining  
DSP TCU_WRAPPER_i/u_tc0/u_octect0/u_dpu_array/DPU2/dpu_fp32/mac3/multOp multiplier stage TCU_WRAPPER_i/u_tc0/u_octect0/u_dpu_array/DPU2/dpu_fp32/mac3/multOp/P[47:0] is not pipelined (MREG=0). Pipelining the multiplier function will improve performance and will save significant power so it is suggested whenever possible to fully pipeline this function.  If this multiplier was inferred, it is suggested to describe an additional register stage after this function.  If there is no registered adder/accumulator following the multiply function, two pipeline stages are suggested to allow both the MREG and PREG registers to be used.  If the DSP48 was instantiated in the design, it is suggested to set both the MREG and PREG attributes to 1 when performing multiply functions.
Related violations: <none>

DPOP-2#38 Warning
MREG Output pipelining  
DSP TCU_WRAPPER_i/u_tc0/u_octect0/u_dpu_array/DPU2/dpu_fp32/mac3/multOp__0 multiplier stage TCU_WRAPPER_i/u_tc0/u_octect0/u_dpu_array/DPU2/dpu_fp32/mac3/multOp__0/P[47:0] is not pipelined (MREG=0). Pipelining the multiplier function will improve performance and will save significant power so it is suggested whenever possible to fully pipeline this function.  If this multiplier was inferred, it is suggested to describe an additional register stage after this function.  If there is no registered adder/accumulator following the multiply function, two pipeline stages are suggested to allow both the MREG and PREG registers to be used.  If the DSP48 was instantiated in the design, it is suggested to set both the MREG and PREG attributes to 1 when performing multiply functions.
Related violations: <none>

DPOP-2#39 Warning
MREG Output pipelining  
DSP TCU_WRAPPER_i/u_tc0/u_octect0/u_dpu_array/DPU2/dpu_posit32/posit32_mul0/multOp multiplier stage TCU_WRAPPER_i/u_tc0/u_octect0/u_dpu_array/DPU2/dpu_posit32/posit32_mul0/multOp/P[47:0] is not pipelined (MREG=0). Pipelining the multiplier function will improve performance and will save significant power so it is suggested whenever possible to fully pipeline this function.  If this multiplier was inferred, it is suggested to describe an additional register stage after this function.  If there is no registered adder/accumulator following the multiply function, two pipeline stages are suggested to allow both the MREG and PREG registers to be used.  If the DSP48 was instantiated in the design, it is suggested to set both the MREG and PREG attributes to 1 when performing multiply functions.
Related violations: <none>

DPOP-2#40 Warning
MREG Output pipelining  
DSP TCU_WRAPPER_i/u_tc0/u_octect0/u_dpu_array/DPU2/dpu_posit32/posit32_mul0/multOp__0 multiplier stage TCU_WRAPPER_i/u_tc0/u_octect0/u_dpu_array/DPU2/dpu_posit32/posit32_mul0/multOp__0/P[47:0] is not pipelined (MREG=0). Pipelining the multiplier function will improve performance and will save significant power so it is suggested whenever possible to fully pipeline this function.  If this multiplier was inferred, it is suggested to describe an additional register stage after this function.  If there is no registered adder/accumulator following the multiply function, two pipeline stages are suggested to allow both the MREG and PREG registers to be used.  If the DSP48 was instantiated in the design, it is suggested to set both the MREG and PREG attributes to 1 when performing multiply functions.
Related violations: <none>

DPOP-2#41 Warning
MREG Output pipelining  
DSP TCU_WRAPPER_i/u_tc0/u_octect0/u_dpu_array/DPU2/dpu_posit32/posit32_mul1/multOp multiplier stage TCU_WRAPPER_i/u_tc0/u_octect0/u_dpu_array/DPU2/dpu_posit32/posit32_mul1/multOp/P[47:0] is not pipelined (MREG=0). Pipelining the multiplier function will improve performance and will save significant power so it is suggested whenever possible to fully pipeline this function.  If this multiplier was inferred, it is suggested to describe an additional register stage after this function.  If there is no registered adder/accumulator following the multiply function, two pipeline stages are suggested to allow both the MREG and PREG registers to be used.  If the DSP48 was instantiated in the design, it is suggested to set both the MREG and PREG attributes to 1 when performing multiply functions.
Related violations: <none>

DPOP-2#42 Warning
MREG Output pipelining  
DSP TCU_WRAPPER_i/u_tc0/u_octect0/u_dpu_array/DPU2/dpu_posit32/posit32_mul1/multOp__0 multiplier stage TCU_WRAPPER_i/u_tc0/u_octect0/u_dpu_array/DPU2/dpu_posit32/posit32_mul1/multOp__0/P[47:0] is not pipelined (MREG=0). Pipelining the multiplier function will improve performance and will save significant power so it is suggested whenever possible to fully pipeline this function.  If this multiplier was inferred, it is suggested to describe an additional register stage after this function.  If there is no registered adder/accumulator following the multiply function, two pipeline stages are suggested to allow both the MREG and PREG registers to be used.  If the DSP48 was instantiated in the design, it is suggested to set both the MREG and PREG attributes to 1 when performing multiply functions.
Related violations: <none>

DPOP-2#43 Warning
MREG Output pipelining  
DSP TCU_WRAPPER_i/u_tc0/u_octect0/u_dpu_array/DPU2/dpu_posit32/posit32_mul2/multOp multiplier stage TCU_WRAPPER_i/u_tc0/u_octect0/u_dpu_array/DPU2/dpu_posit32/posit32_mul2/multOp/P[47:0] is not pipelined (MREG=0). Pipelining the multiplier function will improve performance and will save significant power so it is suggested whenever possible to fully pipeline this function.  If this multiplier was inferred, it is suggested to describe an additional register stage after this function.  If there is no registered adder/accumulator following the multiply function, two pipeline stages are suggested to allow both the MREG and PREG registers to be used.  If the DSP48 was instantiated in the design, it is suggested to set both the MREG and PREG attributes to 1 when performing multiply functions.
Related violations: <none>

DPOP-2#44 Warning
MREG Output pipelining  
DSP TCU_WRAPPER_i/u_tc0/u_octect0/u_dpu_array/DPU2/dpu_posit32/posit32_mul2/multOp__0 multiplier stage TCU_WRAPPER_i/u_tc0/u_octect0/u_dpu_array/DPU2/dpu_posit32/posit32_mul2/multOp__0/P[47:0] is not pipelined (MREG=0). Pipelining the multiplier function will improve performance and will save significant power so it is suggested whenever possible to fully pipeline this function.  If this multiplier was inferred, it is suggested to describe an additional register stage after this function.  If there is no registered adder/accumulator following the multiply function, two pipeline stages are suggested to allow both the MREG and PREG registers to be used.  If the DSP48 was instantiated in the design, it is suggested to set both the MREG and PREG attributes to 1 when performing multiply functions.
Related violations: <none>

DPOP-2#45 Warning
MREG Output pipelining  
DSP TCU_WRAPPER_i/u_tc0/u_octect0/u_dpu_array/DPU2/dpu_posit32/posit32_mul3/multOp multiplier stage TCU_WRAPPER_i/u_tc0/u_octect0/u_dpu_array/DPU2/dpu_posit32/posit32_mul3/multOp/P[47:0] is not pipelined (MREG=0). Pipelining the multiplier function will improve performance and will save significant power so it is suggested whenever possible to fully pipeline this function.  If this multiplier was inferred, it is suggested to describe an additional register stage after this function.  If there is no registered adder/accumulator following the multiply function, two pipeline stages are suggested to allow both the MREG and PREG registers to be used.  If the DSP48 was instantiated in the design, it is suggested to set both the MREG and PREG attributes to 1 when performing multiply functions.
Related violations: <none>

DPOP-2#46 Warning
MREG Output pipelining  
DSP TCU_WRAPPER_i/u_tc0/u_octect0/u_dpu_array/DPU3/dpu_fp32/mac0/multOp multiplier stage TCU_WRAPPER_i/u_tc0/u_octect0/u_dpu_array/DPU3/dpu_fp32/mac0/multOp/P[47:0] is not pipelined (MREG=0). Pipelining the multiplier function will improve performance and will save significant power so it is suggested whenever possible to fully pipeline this function.  If this multiplier was inferred, it is suggested to describe an additional register stage after this function.  If there is no registered adder/accumulator following the multiply function, two pipeline stages are suggested to allow both the MREG and PREG registers to be used.  If the DSP48 was instantiated in the design, it is suggested to set both the MREG and PREG attributes to 1 when performing multiply functions.
Related violations: <none>

DPOP-2#47 Warning
MREG Output pipelining  
DSP TCU_WRAPPER_i/u_tc0/u_octect0/u_dpu_array/DPU3/dpu_fp32/mac0/multOp__0 multiplier stage TCU_WRAPPER_i/u_tc0/u_octect0/u_dpu_array/DPU3/dpu_fp32/mac0/multOp__0/P[47:0] is not pipelined (MREG=0). Pipelining the multiplier function will improve performance and will save significant power so it is suggested whenever possible to fully pipeline this function.  If this multiplier was inferred, it is suggested to describe an additional register stage after this function.  If there is no registered adder/accumulator following the multiply function, two pipeline stages are suggested to allow both the MREG and PREG registers to be used.  If the DSP48 was instantiated in the design, it is suggested to set both the MREG and PREG attributes to 1 when performing multiply functions.
Related violations: <none>

DPOP-2#48 Warning
MREG Output pipelining  
DSP TCU_WRAPPER_i/u_tc0/u_octect0/u_dpu_array/DPU3/dpu_fp32/mac1/multOp multiplier stage TCU_WRAPPER_i/u_tc0/u_octect0/u_dpu_array/DPU3/dpu_fp32/mac1/multOp/P[47:0] is not pipelined (MREG=0). Pipelining the multiplier function will improve performance and will save significant power so it is suggested whenever possible to fully pipeline this function.  If this multiplier was inferred, it is suggested to describe an additional register stage after this function.  If there is no registered adder/accumulator following the multiply function, two pipeline stages are suggested to allow both the MREG and PREG registers to be used.  If the DSP48 was instantiated in the design, it is suggested to set both the MREG and PREG attributes to 1 when performing multiply functions.
Related violations: <none>

DPOP-2#49 Warning
MREG Output pipelining  
DSP TCU_WRAPPER_i/u_tc0/u_octect0/u_dpu_array/DPU3/dpu_fp32/mac1/multOp__0 multiplier stage TCU_WRAPPER_i/u_tc0/u_octect0/u_dpu_array/DPU3/dpu_fp32/mac1/multOp__0/P[47:0] is not pipelined (MREG=0). Pipelining the multiplier function will improve performance and will save significant power so it is suggested whenever possible to fully pipeline this function.  If this multiplier was inferred, it is suggested to describe an additional register stage after this function.  If there is no registered adder/accumulator following the multiply function, two pipeline stages are suggested to allow both the MREG and PREG registers to be used.  If the DSP48 was instantiated in the design, it is suggested to set both the MREG and PREG attributes to 1 when performing multiply functions.
Related violations: <none>

DPOP-2#50 Warning
MREG Output pipelining  
DSP TCU_WRAPPER_i/u_tc0/u_octect0/u_dpu_array/DPU3/dpu_fp32/mac2/multOp multiplier stage TCU_WRAPPER_i/u_tc0/u_octect0/u_dpu_array/DPU3/dpu_fp32/mac2/multOp/P[47:0] is not pipelined (MREG=0). Pipelining the multiplier function will improve performance and will save significant power so it is suggested whenever possible to fully pipeline this function.  If this multiplier was inferred, it is suggested to describe an additional register stage after this function.  If there is no registered adder/accumulator following the multiply function, two pipeline stages are suggested to allow both the MREG and PREG registers to be used.  If the DSP48 was instantiated in the design, it is suggested to set both the MREG and PREG attributes to 1 when performing multiply functions.
Related violations: <none>

DPOP-2#51 Warning
MREG Output pipelining  
DSP TCU_WRAPPER_i/u_tc0/u_octect0/u_dpu_array/DPU3/dpu_fp32/mac2/multOp__0 multiplier stage TCU_WRAPPER_i/u_tc0/u_octect0/u_dpu_array/DPU3/dpu_fp32/mac2/multOp__0/P[47:0] is not pipelined (MREG=0). Pipelining the multiplier function will improve performance and will save significant power so it is suggested whenever possible to fully pipeline this function.  If this multiplier was inferred, it is suggested to describe an additional register stage after this function.  If there is no registered adder/accumulator following the multiply function, two pipeline stages are suggested to allow both the MREG and PREG registers to be used.  If the DSP48 was instantiated in the design, it is suggested to set both the MREG and PREG attributes to 1 when performing multiply functions.
Related violations: <none>

DPOP-2#52 Warning
MREG Output pipelining  
DSP TCU_WRAPPER_i/u_tc0/u_octect0/u_dpu_array/DPU3/dpu_fp32/mac3/multOp multiplier stage TCU_WRAPPER_i/u_tc0/u_octect0/u_dpu_array/DPU3/dpu_fp32/mac3/multOp/P[47:0] is not pipelined (MREG=0). Pipelining the multiplier function will improve performance and will save significant power so it is suggested whenever possible to fully pipeline this function.  If this multiplier was inferred, it is suggested to describe an additional register stage after this function.  If there is no registered adder/accumulator following the multiply function, two pipeline stages are suggested to allow both the MREG and PREG registers to be used.  If the DSP48 was instantiated in the design, it is suggested to set both the MREG and PREG attributes to 1 when performing multiply functions.
Related violations: <none>

DPOP-2#53 Warning
MREG Output pipelining  
DSP TCU_WRAPPER_i/u_tc0/u_octect0/u_dpu_array/DPU3/dpu_fp32/mac3/multOp__0 multiplier stage TCU_WRAPPER_i/u_tc0/u_octect0/u_dpu_array/DPU3/dpu_fp32/mac3/multOp__0/P[47:0] is not pipelined (MREG=0). Pipelining the multiplier function will improve performance and will save significant power so it is suggested whenever possible to fully pipeline this function.  If this multiplier was inferred, it is suggested to describe an additional register stage after this function.  If there is no registered adder/accumulator following the multiply function, two pipeline stages are suggested to allow both the MREG and PREG registers to be used.  If the DSP48 was instantiated in the design, it is suggested to set both the MREG and PREG attributes to 1 when performing multiply functions.
Related violations: <none>

DPOP-2#54 Warning
MREG Output pipelining  
DSP TCU_WRAPPER_i/u_tc0/u_octect0/u_dpu_array/DPU3/dpu_posit32/posit32_mul0/multOp multiplier stage TCU_WRAPPER_i/u_tc0/u_octect0/u_dpu_array/DPU3/dpu_posit32/posit32_mul0/multOp/P[47:0] is not pipelined (MREG=0). Pipelining the multiplier function will improve performance and will save significant power so it is suggested whenever possible to fully pipeline this function.  If this multiplier was inferred, it is suggested to describe an additional register stage after this function.  If there is no registered adder/accumulator following the multiply function, two pipeline stages are suggested to allow both the MREG and PREG registers to be used.  If the DSP48 was instantiated in the design, it is suggested to set both the MREG and PREG attributes to 1 when performing multiply functions.
Related violations: <none>

DPOP-2#55 Warning
MREG Output pipelining  
DSP TCU_WRAPPER_i/u_tc0/u_octect0/u_dpu_array/DPU3/dpu_posit32/posit32_mul0/multOp__0 multiplier stage TCU_WRAPPER_i/u_tc0/u_octect0/u_dpu_array/DPU3/dpu_posit32/posit32_mul0/multOp__0/P[47:0] is not pipelined (MREG=0). Pipelining the multiplier function will improve performance and will save significant power so it is suggested whenever possible to fully pipeline this function.  If this multiplier was inferred, it is suggested to describe an additional register stage after this function.  If there is no registered adder/accumulator following the multiply function, two pipeline stages are suggested to allow both the MREG and PREG registers to be used.  If the DSP48 was instantiated in the design, it is suggested to set both the MREG and PREG attributes to 1 when performing multiply functions.
Related violations: <none>

DPOP-2#56 Warning
MREG Output pipelining  
DSP TCU_WRAPPER_i/u_tc0/u_octect0/u_dpu_array/DPU3/dpu_posit32/posit32_mul1/multOp multiplier stage TCU_WRAPPER_i/u_tc0/u_octect0/u_dpu_array/DPU3/dpu_posit32/posit32_mul1/multOp/P[47:0] is not pipelined (MREG=0). Pipelining the multiplier function will improve performance and will save significant power so it is suggested whenever possible to fully pipeline this function.  If this multiplier was inferred, it is suggested to describe an additional register stage after this function.  If there is no registered adder/accumulator following the multiply function, two pipeline stages are suggested to allow both the MREG and PREG registers to be used.  If the DSP48 was instantiated in the design, it is suggested to set both the MREG and PREG attributes to 1 when performing multiply functions.
Related violations: <none>

DPOP-2#57 Warning
MREG Output pipelining  
DSP TCU_WRAPPER_i/u_tc0/u_octect0/u_dpu_array/DPU3/dpu_posit32/posit32_mul1/multOp__0 multiplier stage TCU_WRAPPER_i/u_tc0/u_octect0/u_dpu_array/DPU3/dpu_posit32/posit32_mul1/multOp__0/P[47:0] is not pipelined (MREG=0). Pipelining the multiplier function will improve performance and will save significant power so it is suggested whenever possible to fully pipeline this function.  If this multiplier was inferred, it is suggested to describe an additional register stage after this function.  If there is no registered adder/accumulator following the multiply function, two pipeline stages are suggested to allow both the MREG and PREG registers to be used.  If the DSP48 was instantiated in the design, it is suggested to set both the MREG and PREG attributes to 1 when performing multiply functions.
Related violations: <none>

DPOP-2#58 Warning
MREG Output pipelining  
DSP TCU_WRAPPER_i/u_tc0/u_octect0/u_dpu_array/DPU3/dpu_posit32/posit32_mul2/multOp multiplier stage TCU_WRAPPER_i/u_tc0/u_octect0/u_dpu_array/DPU3/dpu_posit32/posit32_mul2/multOp/P[47:0] is not pipelined (MREG=0). Pipelining the multiplier function will improve performance and will save significant power so it is suggested whenever possible to fully pipeline this function.  If this multiplier was inferred, it is suggested to describe an additional register stage after this function.  If there is no registered adder/accumulator following the multiply function, two pipeline stages are suggested to allow both the MREG and PREG registers to be used.  If the DSP48 was instantiated in the design, it is suggested to set both the MREG and PREG attributes to 1 when performing multiply functions.
Related violations: <none>

DPOP-2#59 Warning
MREG Output pipelining  
DSP TCU_WRAPPER_i/u_tc0/u_octect0/u_dpu_array/DPU3/dpu_posit32/posit32_mul2/multOp__0 multiplier stage TCU_WRAPPER_i/u_tc0/u_octect0/u_dpu_array/DPU3/dpu_posit32/posit32_mul2/multOp__0/P[47:0] is not pipelined (MREG=0). Pipelining the multiplier function will improve performance and will save significant power so it is suggested whenever possible to fully pipeline this function.  If this multiplier was inferred, it is suggested to describe an additional register stage after this function.  If there is no registered adder/accumulator following the multiply function, two pipeline stages are suggested to allow both the MREG and PREG registers to be used.  If the DSP48 was instantiated in the design, it is suggested to set both the MREG and PREG attributes to 1 when performing multiply functions.
Related violations: <none>

DPOP-2#60 Warning
MREG Output pipelining  
DSP TCU_WRAPPER_i/u_tc0/u_octect0/u_dpu_array/DPU3/dpu_posit32/posit32_mul3/multOp multiplier stage TCU_WRAPPER_i/u_tc0/u_octect0/u_dpu_array/DPU3/dpu_posit32/posit32_mul3/multOp/P[47:0] is not pipelined (MREG=0). Pipelining the multiplier function will improve performance and will save significant power so it is suggested whenever possible to fully pipeline this function.  If this multiplier was inferred, it is suggested to describe an additional register stage after this function.  If there is no registered adder/accumulator following the multiply function, two pipeline stages are suggested to allow both the MREG and PREG registers to be used.  If the DSP48 was instantiated in the design, it is suggested to set both the MREG and PREG attributes to 1 when performing multiply functions.
Related violations: <none>

DPOP-2#61 Warning
MREG Output pipelining  
DSP TCU_WRAPPER_i/u_tc0/u_octect0/u_dpu_array/DPU4/dpu_fp32/mac0/multOp multiplier stage TCU_WRAPPER_i/u_tc0/u_octect0/u_dpu_array/DPU4/dpu_fp32/mac0/multOp/P[47:0] is not pipelined (MREG=0). Pipelining the multiplier function will improve performance and will save significant power so it is suggested whenever possible to fully pipeline this function.  If this multiplier was inferred, it is suggested to describe an additional register stage after this function.  If there is no registered adder/accumulator following the multiply function, two pipeline stages are suggested to allow both the MREG and PREG registers to be used.  If the DSP48 was instantiated in the design, it is suggested to set both the MREG and PREG attributes to 1 when performing multiply functions.
Related violations: <none>

DPOP-2#62 Warning
MREG Output pipelining  
DSP TCU_WRAPPER_i/u_tc0/u_octect0/u_dpu_array/DPU4/dpu_fp32/mac0/multOp__0 multiplier stage TCU_WRAPPER_i/u_tc0/u_octect0/u_dpu_array/DPU4/dpu_fp32/mac0/multOp__0/P[47:0] is not pipelined (MREG=0). Pipelining the multiplier function will improve performance and will save significant power so it is suggested whenever possible to fully pipeline this function.  If this multiplier was inferred, it is suggested to describe an additional register stage after this function.  If there is no registered adder/accumulator following the multiply function, two pipeline stages are suggested to allow both the MREG and PREG registers to be used.  If the DSP48 was instantiated in the design, it is suggested to set both the MREG and PREG attributes to 1 when performing multiply functions.
Related violations: <none>

DPOP-2#63 Warning
MREG Output pipelining  
DSP TCU_WRAPPER_i/u_tc0/u_octect0/u_dpu_array/DPU4/dpu_fp32/mac1/multOp multiplier stage TCU_WRAPPER_i/u_tc0/u_octect0/u_dpu_array/DPU4/dpu_fp32/mac1/multOp/P[47:0] is not pipelined (MREG=0). Pipelining the multiplier function will improve performance and will save significant power so it is suggested whenever possible to fully pipeline this function.  If this multiplier was inferred, it is suggested to describe an additional register stage after this function.  If there is no registered adder/accumulator following the multiply function, two pipeline stages are suggested to allow both the MREG and PREG registers to be used.  If the DSP48 was instantiated in the design, it is suggested to set both the MREG and PREG attributes to 1 when performing multiply functions.
Related violations: <none>

DPOP-2#64 Warning
MREG Output pipelining  
DSP TCU_WRAPPER_i/u_tc0/u_octect0/u_dpu_array/DPU4/dpu_fp32/mac1/multOp__0 multiplier stage TCU_WRAPPER_i/u_tc0/u_octect0/u_dpu_array/DPU4/dpu_fp32/mac1/multOp__0/P[47:0] is not pipelined (MREG=0). Pipelining the multiplier function will improve performance and will save significant power so it is suggested whenever possible to fully pipeline this function.  If this multiplier was inferred, it is suggested to describe an additional register stage after this function.  If there is no registered adder/accumulator following the multiply function, two pipeline stages are suggested to allow both the MREG and PREG registers to be used.  If the DSP48 was instantiated in the design, it is suggested to set both the MREG and PREG attributes to 1 when performing multiply functions.
Related violations: <none>

DPOP-2#65 Warning
MREG Output pipelining  
DSP TCU_WRAPPER_i/u_tc0/u_octect0/u_dpu_array/DPU4/dpu_fp32/mac2/multOp multiplier stage TCU_WRAPPER_i/u_tc0/u_octect0/u_dpu_array/DPU4/dpu_fp32/mac2/multOp/P[47:0] is not pipelined (MREG=0). Pipelining the multiplier function will improve performance and will save significant power so it is suggested whenever possible to fully pipeline this function.  If this multiplier was inferred, it is suggested to describe an additional register stage after this function.  If there is no registered adder/accumulator following the multiply function, two pipeline stages are suggested to allow both the MREG and PREG registers to be used.  If the DSP48 was instantiated in the design, it is suggested to set both the MREG and PREG attributes to 1 when performing multiply functions.
Related violations: <none>

DPOP-2#66 Warning
MREG Output pipelining  
DSP TCU_WRAPPER_i/u_tc0/u_octect0/u_dpu_array/DPU4/dpu_fp32/mac2/multOp__0 multiplier stage TCU_WRAPPER_i/u_tc0/u_octect0/u_dpu_array/DPU4/dpu_fp32/mac2/multOp__0/P[47:0] is not pipelined (MREG=0). Pipelining the multiplier function will improve performance and will save significant power so it is suggested whenever possible to fully pipeline this function.  If this multiplier was inferred, it is suggested to describe an additional register stage after this function.  If there is no registered adder/accumulator following the multiply function, two pipeline stages are suggested to allow both the MREG and PREG registers to be used.  If the DSP48 was instantiated in the design, it is suggested to set both the MREG and PREG attributes to 1 when performing multiply functions.
Related violations: <none>

DPOP-2#67 Warning
MREG Output pipelining  
DSP TCU_WRAPPER_i/u_tc0/u_octect0/u_dpu_array/DPU4/dpu_fp32/mac3/multOp multiplier stage TCU_WRAPPER_i/u_tc0/u_octect0/u_dpu_array/DPU4/dpu_fp32/mac3/multOp/P[47:0] is not pipelined (MREG=0). Pipelining the multiplier function will improve performance and will save significant power so it is suggested whenever possible to fully pipeline this function.  If this multiplier was inferred, it is suggested to describe an additional register stage after this function.  If there is no registered adder/accumulator following the multiply function, two pipeline stages are suggested to allow both the MREG and PREG registers to be used.  If the DSP48 was instantiated in the design, it is suggested to set both the MREG and PREG attributes to 1 when performing multiply functions.
Related violations: <none>

DPOP-2#68 Warning
MREG Output pipelining  
DSP TCU_WRAPPER_i/u_tc0/u_octect0/u_dpu_array/DPU4/dpu_fp32/mac3/multOp__0 multiplier stage TCU_WRAPPER_i/u_tc0/u_octect0/u_dpu_array/DPU4/dpu_fp32/mac3/multOp__0/P[47:0] is not pipelined (MREG=0). Pipelining the multiplier function will improve performance and will save significant power so it is suggested whenever possible to fully pipeline this function.  If this multiplier was inferred, it is suggested to describe an additional register stage after this function.  If there is no registered adder/accumulator following the multiply function, two pipeline stages are suggested to allow both the MREG and PREG registers to be used.  If the DSP48 was instantiated in the design, it is suggested to set both the MREG and PREG attributes to 1 when performing multiply functions.
Related violations: <none>

DPOP-2#69 Warning
MREG Output pipelining  
DSP TCU_WRAPPER_i/u_tc0/u_octect0/u_dpu_array/DPU4/dpu_posit32/posit32_mul0/multOp multiplier stage TCU_WRAPPER_i/u_tc0/u_octect0/u_dpu_array/DPU4/dpu_posit32/posit32_mul0/multOp/P[47:0] is not pipelined (MREG=0). Pipelining the multiplier function will improve performance and will save significant power so it is suggested whenever possible to fully pipeline this function.  If this multiplier was inferred, it is suggested to describe an additional register stage after this function.  If there is no registered adder/accumulator following the multiply function, two pipeline stages are suggested to allow both the MREG and PREG registers to be used.  If the DSP48 was instantiated in the design, it is suggested to set both the MREG and PREG attributes to 1 when performing multiply functions.
Related violations: <none>

DPOP-2#70 Warning
MREG Output pipelining  
DSP TCU_WRAPPER_i/u_tc0/u_octect0/u_dpu_array/DPU4/dpu_posit32/posit32_mul0/multOp__0 multiplier stage TCU_WRAPPER_i/u_tc0/u_octect0/u_dpu_array/DPU4/dpu_posit32/posit32_mul0/multOp__0/P[47:0] is not pipelined (MREG=0). Pipelining the multiplier function will improve performance and will save significant power so it is suggested whenever possible to fully pipeline this function.  If this multiplier was inferred, it is suggested to describe an additional register stage after this function.  If there is no registered adder/accumulator following the multiply function, two pipeline stages are suggested to allow both the MREG and PREG registers to be used.  If the DSP48 was instantiated in the design, it is suggested to set both the MREG and PREG attributes to 1 when performing multiply functions.
Related violations: <none>

DPOP-2#71 Warning
MREG Output pipelining  
DSP TCU_WRAPPER_i/u_tc0/u_octect0/u_dpu_array/DPU4/dpu_posit32/posit32_mul1/multOp multiplier stage TCU_WRAPPER_i/u_tc0/u_octect0/u_dpu_array/DPU4/dpu_posit32/posit32_mul1/multOp/P[47:0] is not pipelined (MREG=0). Pipelining the multiplier function will improve performance and will save significant power so it is suggested whenever possible to fully pipeline this function.  If this multiplier was inferred, it is suggested to describe an additional register stage after this function.  If there is no registered adder/accumulator following the multiply function, two pipeline stages are suggested to allow both the MREG and PREG registers to be used.  If the DSP48 was instantiated in the design, it is suggested to set both the MREG and PREG attributes to 1 when performing multiply functions.
Related violations: <none>

DPOP-2#72 Warning
MREG Output pipelining  
DSP TCU_WRAPPER_i/u_tc0/u_octect0/u_dpu_array/DPU4/dpu_posit32/posit32_mul1/multOp__0 multiplier stage TCU_WRAPPER_i/u_tc0/u_octect0/u_dpu_array/DPU4/dpu_posit32/posit32_mul1/multOp__0/P[47:0] is not pipelined (MREG=0). Pipelining the multiplier function will improve performance and will save significant power so it is suggested whenever possible to fully pipeline this function.  If this multiplier was inferred, it is suggested to describe an additional register stage after this function.  If there is no registered adder/accumulator following the multiply function, two pipeline stages are suggested to allow both the MREG and PREG registers to be used.  If the DSP48 was instantiated in the design, it is suggested to set both the MREG and PREG attributes to 1 when performing multiply functions.
Related violations: <none>

DPOP-2#73 Warning
MREG Output pipelining  
DSP TCU_WRAPPER_i/u_tc0/u_octect0/u_dpu_array/DPU4/dpu_posit32/posit32_mul2/multOp multiplier stage TCU_WRAPPER_i/u_tc0/u_octect0/u_dpu_array/DPU4/dpu_posit32/posit32_mul2/multOp/P[47:0] is not pipelined (MREG=0). Pipelining the multiplier function will improve performance and will save significant power so it is suggested whenever possible to fully pipeline this function.  If this multiplier was inferred, it is suggested to describe an additional register stage after this function.  If there is no registered adder/accumulator following the multiply function, two pipeline stages are suggested to allow both the MREG and PREG registers to be used.  If the DSP48 was instantiated in the design, it is suggested to set both the MREG and PREG attributes to 1 when performing multiply functions.
Related violations: <none>

DPOP-2#74 Warning
MREG Output pipelining  
DSP TCU_WRAPPER_i/u_tc0/u_octect0/u_dpu_array/DPU4/dpu_posit32/posit32_mul2/multOp__0 multiplier stage TCU_WRAPPER_i/u_tc0/u_octect0/u_dpu_array/DPU4/dpu_posit32/posit32_mul2/multOp__0/P[47:0] is not pipelined (MREG=0). Pipelining the multiplier function will improve performance and will save significant power so it is suggested whenever possible to fully pipeline this function.  If this multiplier was inferred, it is suggested to describe an additional register stage after this function.  If there is no registered adder/accumulator following the multiply function, two pipeline stages are suggested to allow both the MREG and PREG registers to be used.  If the DSP48 was instantiated in the design, it is suggested to set both the MREG and PREG attributes to 1 when performing multiply functions.
Related violations: <none>

DPOP-2#75 Warning
MREG Output pipelining  
DSP TCU_WRAPPER_i/u_tc0/u_octect0/u_dpu_array/DPU4/dpu_posit32/posit32_mul3/multOp multiplier stage TCU_WRAPPER_i/u_tc0/u_octect0/u_dpu_array/DPU4/dpu_posit32/posit32_mul3/multOp/P[47:0] is not pipelined (MREG=0). Pipelining the multiplier function will improve performance and will save significant power so it is suggested whenever possible to fully pipeline this function.  If this multiplier was inferred, it is suggested to describe an additional register stage after this function.  If there is no registered adder/accumulator following the multiply function, two pipeline stages are suggested to allow both the MREG and PREG registers to be used.  If the DSP48 was instantiated in the design, it is suggested to set both the MREG and PREG attributes to 1 when performing multiply functions.
Related violations: <none>

DPOP-2#76 Warning
MREG Output pipelining  
DSP TCU_WRAPPER_i/u_tc0/u_octect0/u_dpu_array/DPU5/dpu_fp32/mac0/multOp multiplier stage TCU_WRAPPER_i/u_tc0/u_octect0/u_dpu_array/DPU5/dpu_fp32/mac0/multOp/P[47:0] is not pipelined (MREG=0). Pipelining the multiplier function will improve performance and will save significant power so it is suggested whenever possible to fully pipeline this function.  If this multiplier was inferred, it is suggested to describe an additional register stage after this function.  If there is no registered adder/accumulator following the multiply function, two pipeline stages are suggested to allow both the MREG and PREG registers to be used.  If the DSP48 was instantiated in the design, it is suggested to set both the MREG and PREG attributes to 1 when performing multiply functions.
Related violations: <none>

DPOP-2#77 Warning
MREG Output pipelining  
DSP TCU_WRAPPER_i/u_tc0/u_octect0/u_dpu_array/DPU5/dpu_fp32/mac0/multOp__0 multiplier stage TCU_WRAPPER_i/u_tc0/u_octect0/u_dpu_array/DPU5/dpu_fp32/mac0/multOp__0/P[47:0] is not pipelined (MREG=0). Pipelining the multiplier function will improve performance and will save significant power so it is suggested whenever possible to fully pipeline this function.  If this multiplier was inferred, it is suggested to describe an additional register stage after this function.  If there is no registered adder/accumulator following the multiply function, two pipeline stages are suggested to allow both the MREG and PREG registers to be used.  If the DSP48 was instantiated in the design, it is suggested to set both the MREG and PREG attributes to 1 when performing multiply functions.
Related violations: <none>

DPOP-2#78 Warning
MREG Output pipelining  
DSP TCU_WRAPPER_i/u_tc0/u_octect0/u_dpu_array/DPU5/dpu_fp32/mac1/multOp multiplier stage TCU_WRAPPER_i/u_tc0/u_octect0/u_dpu_array/DPU5/dpu_fp32/mac1/multOp/P[47:0] is not pipelined (MREG=0). Pipelining the multiplier function will improve performance and will save significant power so it is suggested whenever possible to fully pipeline this function.  If this multiplier was inferred, it is suggested to describe an additional register stage after this function.  If there is no registered adder/accumulator following the multiply function, two pipeline stages are suggested to allow both the MREG and PREG registers to be used.  If the DSP48 was instantiated in the design, it is suggested to set both the MREG and PREG attributes to 1 when performing multiply functions.
Related violations: <none>

DPOP-2#79 Warning
MREG Output pipelining  
DSP TCU_WRAPPER_i/u_tc0/u_octect0/u_dpu_array/DPU5/dpu_fp32/mac1/multOp__0 multiplier stage TCU_WRAPPER_i/u_tc0/u_octect0/u_dpu_array/DPU5/dpu_fp32/mac1/multOp__0/P[47:0] is not pipelined (MREG=0). Pipelining the multiplier function will improve performance and will save significant power so it is suggested whenever possible to fully pipeline this function.  If this multiplier was inferred, it is suggested to describe an additional register stage after this function.  If there is no registered adder/accumulator following the multiply function, two pipeline stages are suggested to allow both the MREG and PREG registers to be used.  If the DSP48 was instantiated in the design, it is suggested to set both the MREG and PREG attributes to 1 when performing multiply functions.
Related violations: <none>

DPOP-2#80 Warning
MREG Output pipelining  
DSP TCU_WRAPPER_i/u_tc0/u_octect0/u_dpu_array/DPU5/dpu_fp32/mac2/multOp multiplier stage TCU_WRAPPER_i/u_tc0/u_octect0/u_dpu_array/DPU5/dpu_fp32/mac2/multOp/P[47:0] is not pipelined (MREG=0). Pipelining the multiplier function will improve performance and will save significant power so it is suggested whenever possible to fully pipeline this function.  If this multiplier was inferred, it is suggested to describe an additional register stage after this function.  If there is no registered adder/accumulator following the multiply function, two pipeline stages are suggested to allow both the MREG and PREG registers to be used.  If the DSP48 was instantiated in the design, it is suggested to set both the MREG and PREG attributes to 1 when performing multiply functions.
Related violations: <none>

DPOP-2#81 Warning
MREG Output pipelining  
DSP TCU_WRAPPER_i/u_tc0/u_octect0/u_dpu_array/DPU5/dpu_fp32/mac2/multOp__0 multiplier stage TCU_WRAPPER_i/u_tc0/u_octect0/u_dpu_array/DPU5/dpu_fp32/mac2/multOp__0/P[47:0] is not pipelined (MREG=0). Pipelining the multiplier function will improve performance and will save significant power so it is suggested whenever possible to fully pipeline this function.  If this multiplier was inferred, it is suggested to describe an additional register stage after this function.  If there is no registered adder/accumulator following the multiply function, two pipeline stages are suggested to allow both the MREG and PREG registers to be used.  If the DSP48 was instantiated in the design, it is suggested to set both the MREG and PREG attributes to 1 when performing multiply functions.
Related violations: <none>

DPOP-2#82 Warning
MREG Output pipelining  
DSP TCU_WRAPPER_i/u_tc0/u_octect0/u_dpu_array/DPU5/dpu_fp32/mac3/multOp multiplier stage TCU_WRAPPER_i/u_tc0/u_octect0/u_dpu_array/DPU5/dpu_fp32/mac3/multOp/P[47:0] is not pipelined (MREG=0). Pipelining the multiplier function will improve performance and will save significant power so it is suggested whenever possible to fully pipeline this function.  If this multiplier was inferred, it is suggested to describe an additional register stage after this function.  If there is no registered adder/accumulator following the multiply function, two pipeline stages are suggested to allow both the MREG and PREG registers to be used.  If the DSP48 was instantiated in the design, it is suggested to set both the MREG and PREG attributes to 1 when performing multiply functions.
Related violations: <none>

DPOP-2#83 Warning
MREG Output pipelining  
DSP TCU_WRAPPER_i/u_tc0/u_octect0/u_dpu_array/DPU5/dpu_fp32/mac3/multOp__0 multiplier stage TCU_WRAPPER_i/u_tc0/u_octect0/u_dpu_array/DPU5/dpu_fp32/mac3/multOp__0/P[47:0] is not pipelined (MREG=0). Pipelining the multiplier function will improve performance and will save significant power so it is suggested whenever possible to fully pipeline this function.  If this multiplier was inferred, it is suggested to describe an additional register stage after this function.  If there is no registered adder/accumulator following the multiply function, two pipeline stages are suggested to allow both the MREG and PREG registers to be used.  If the DSP48 was instantiated in the design, it is suggested to set both the MREG and PREG attributes to 1 when performing multiply functions.
Related violations: <none>

DPOP-2#84 Warning
MREG Output pipelining  
DSP TCU_WRAPPER_i/u_tc0/u_octect0/u_dpu_array/DPU5/dpu_posit32/posit32_mul0/multOp multiplier stage TCU_WRAPPER_i/u_tc0/u_octect0/u_dpu_array/DPU5/dpu_posit32/posit32_mul0/multOp/P[47:0] is not pipelined (MREG=0). Pipelining the multiplier function will improve performance and will save significant power so it is suggested whenever possible to fully pipeline this function.  If this multiplier was inferred, it is suggested to describe an additional register stage after this function.  If there is no registered adder/accumulator following the multiply function, two pipeline stages are suggested to allow both the MREG and PREG registers to be used.  If the DSP48 was instantiated in the design, it is suggested to set both the MREG and PREG attributes to 1 when performing multiply functions.
Related violations: <none>

DPOP-2#85 Warning
MREG Output pipelining  
DSP TCU_WRAPPER_i/u_tc0/u_octect0/u_dpu_array/DPU5/dpu_posit32/posit32_mul0/multOp__0 multiplier stage TCU_WRAPPER_i/u_tc0/u_octect0/u_dpu_array/DPU5/dpu_posit32/posit32_mul0/multOp__0/P[47:0] is not pipelined (MREG=0). Pipelining the multiplier function will improve performance and will save significant power so it is suggested whenever possible to fully pipeline this function.  If this multiplier was inferred, it is suggested to describe an additional register stage after this function.  If there is no registered adder/accumulator following the multiply function, two pipeline stages are suggested to allow both the MREG and PREG registers to be used.  If the DSP48 was instantiated in the design, it is suggested to set both the MREG and PREG attributes to 1 when performing multiply functions.
Related violations: <none>

DPOP-2#86 Warning
MREG Output pipelining  
DSP TCU_WRAPPER_i/u_tc0/u_octect0/u_dpu_array/DPU5/dpu_posit32/posit32_mul1/multOp multiplier stage TCU_WRAPPER_i/u_tc0/u_octect0/u_dpu_array/DPU5/dpu_posit32/posit32_mul1/multOp/P[47:0] is not pipelined (MREG=0). Pipelining the multiplier function will improve performance and will save significant power so it is suggested whenever possible to fully pipeline this function.  If this multiplier was inferred, it is suggested to describe an additional register stage after this function.  If there is no registered adder/accumulator following the multiply function, two pipeline stages are suggested to allow both the MREG and PREG registers to be used.  If the DSP48 was instantiated in the design, it is suggested to set both the MREG and PREG attributes to 1 when performing multiply functions.
Related violations: <none>

DPOP-2#87 Warning
MREG Output pipelining  
DSP TCU_WRAPPER_i/u_tc0/u_octect0/u_dpu_array/DPU5/dpu_posit32/posit32_mul1/multOp__0 multiplier stage TCU_WRAPPER_i/u_tc0/u_octect0/u_dpu_array/DPU5/dpu_posit32/posit32_mul1/multOp__0/P[47:0] is not pipelined (MREG=0). Pipelining the multiplier function will improve performance and will save significant power so it is suggested whenever possible to fully pipeline this function.  If this multiplier was inferred, it is suggested to describe an additional register stage after this function.  If there is no registered adder/accumulator following the multiply function, two pipeline stages are suggested to allow both the MREG and PREG registers to be used.  If the DSP48 was instantiated in the design, it is suggested to set both the MREG and PREG attributes to 1 when performing multiply functions.
Related violations: <none>

DPOP-2#88 Warning
MREG Output pipelining  
DSP TCU_WRAPPER_i/u_tc0/u_octect0/u_dpu_array/DPU5/dpu_posit32/posit32_mul2/multOp multiplier stage TCU_WRAPPER_i/u_tc0/u_octect0/u_dpu_array/DPU5/dpu_posit32/posit32_mul2/multOp/P[47:0] is not pipelined (MREG=0). Pipelining the multiplier function will improve performance and will save significant power so it is suggested whenever possible to fully pipeline this function.  If this multiplier was inferred, it is suggested to describe an additional register stage after this function.  If there is no registered adder/accumulator following the multiply function, two pipeline stages are suggested to allow both the MREG and PREG registers to be used.  If the DSP48 was instantiated in the design, it is suggested to set both the MREG and PREG attributes to 1 when performing multiply functions.
Related violations: <none>

DPOP-2#89 Warning
MREG Output pipelining  
DSP TCU_WRAPPER_i/u_tc0/u_octect0/u_dpu_array/DPU5/dpu_posit32/posit32_mul2/multOp__0 multiplier stage TCU_WRAPPER_i/u_tc0/u_octect0/u_dpu_array/DPU5/dpu_posit32/posit32_mul2/multOp__0/P[47:0] is not pipelined (MREG=0). Pipelining the multiplier function will improve performance and will save significant power so it is suggested whenever possible to fully pipeline this function.  If this multiplier was inferred, it is suggested to describe an additional register stage after this function.  If there is no registered adder/accumulator following the multiply function, two pipeline stages are suggested to allow both the MREG and PREG registers to be used.  If the DSP48 was instantiated in the design, it is suggested to set both the MREG and PREG attributes to 1 when performing multiply functions.
Related violations: <none>

DPOP-2#90 Warning
MREG Output pipelining  
DSP TCU_WRAPPER_i/u_tc0/u_octect0/u_dpu_array/DPU5/dpu_posit32/posit32_mul3/multOp multiplier stage TCU_WRAPPER_i/u_tc0/u_octect0/u_dpu_array/DPU5/dpu_posit32/posit32_mul3/multOp/P[47:0] is not pipelined (MREG=0). Pipelining the multiplier function will improve performance and will save significant power so it is suggested whenever possible to fully pipeline this function.  If this multiplier was inferred, it is suggested to describe an additional register stage after this function.  If there is no registered adder/accumulator following the multiply function, two pipeline stages are suggested to allow both the MREG and PREG registers to be used.  If the DSP48 was instantiated in the design, it is suggested to set both the MREG and PREG attributes to 1 when performing multiply functions.
Related violations: <none>

DPOP-2#91 Warning
MREG Output pipelining  
DSP TCU_WRAPPER_i/u_tc0/u_octect0/u_dpu_array/DPU6/dpu_fp32/mac0/multOp multiplier stage TCU_WRAPPER_i/u_tc0/u_octect0/u_dpu_array/DPU6/dpu_fp32/mac0/multOp/P[47:0] is not pipelined (MREG=0). Pipelining the multiplier function will improve performance and will save significant power so it is suggested whenever possible to fully pipeline this function.  If this multiplier was inferred, it is suggested to describe an additional register stage after this function.  If there is no registered adder/accumulator following the multiply function, two pipeline stages are suggested to allow both the MREG and PREG registers to be used.  If the DSP48 was instantiated in the design, it is suggested to set both the MREG and PREG attributes to 1 when performing multiply functions.
Related violations: <none>

DPOP-2#92 Warning
MREG Output pipelining  
DSP TCU_WRAPPER_i/u_tc0/u_octect0/u_dpu_array/DPU6/dpu_fp32/mac0/multOp__0 multiplier stage TCU_WRAPPER_i/u_tc0/u_octect0/u_dpu_array/DPU6/dpu_fp32/mac0/multOp__0/P[47:0] is not pipelined (MREG=0). Pipelining the multiplier function will improve performance and will save significant power so it is suggested whenever possible to fully pipeline this function.  If this multiplier was inferred, it is suggested to describe an additional register stage after this function.  If there is no registered adder/accumulator following the multiply function, two pipeline stages are suggested to allow both the MREG and PREG registers to be used.  If the DSP48 was instantiated in the design, it is suggested to set both the MREG and PREG attributes to 1 when performing multiply functions.
Related violations: <none>

DPOP-2#93 Warning
MREG Output pipelining  
DSP TCU_WRAPPER_i/u_tc0/u_octect0/u_dpu_array/DPU6/dpu_fp32/mac1/multOp multiplier stage TCU_WRAPPER_i/u_tc0/u_octect0/u_dpu_array/DPU6/dpu_fp32/mac1/multOp/P[47:0] is not pipelined (MREG=0). Pipelining the multiplier function will improve performance and will save significant power so it is suggested whenever possible to fully pipeline this function.  If this multiplier was inferred, it is suggested to describe an additional register stage after this function.  If there is no registered adder/accumulator following the multiply function, two pipeline stages are suggested to allow both the MREG and PREG registers to be used.  If the DSP48 was instantiated in the design, it is suggested to set both the MREG and PREG attributes to 1 when performing multiply functions.
Related violations: <none>

DPOP-2#94 Warning
MREG Output pipelining  
DSP TCU_WRAPPER_i/u_tc0/u_octect0/u_dpu_array/DPU6/dpu_fp32/mac1/multOp__0 multiplier stage TCU_WRAPPER_i/u_tc0/u_octect0/u_dpu_array/DPU6/dpu_fp32/mac1/multOp__0/P[47:0] is not pipelined (MREG=0). Pipelining the multiplier function will improve performance and will save significant power so it is suggested whenever possible to fully pipeline this function.  If this multiplier was inferred, it is suggested to describe an additional register stage after this function.  If there is no registered adder/accumulator following the multiply function, two pipeline stages are suggested to allow both the MREG and PREG registers to be used.  If the DSP48 was instantiated in the design, it is suggested to set both the MREG and PREG attributes to 1 when performing multiply functions.
Related violations: <none>

DPOP-2#95 Warning
MREG Output pipelining  
DSP TCU_WRAPPER_i/u_tc0/u_octect0/u_dpu_array/DPU6/dpu_fp32/mac2/multOp multiplier stage TCU_WRAPPER_i/u_tc0/u_octect0/u_dpu_array/DPU6/dpu_fp32/mac2/multOp/P[47:0] is not pipelined (MREG=0). Pipelining the multiplier function will improve performance and will save significant power so it is suggested whenever possible to fully pipeline this function.  If this multiplier was inferred, it is suggested to describe an additional register stage after this function.  If there is no registered adder/accumulator following the multiply function, two pipeline stages are suggested to allow both the MREG and PREG registers to be used.  If the DSP48 was instantiated in the design, it is suggested to set both the MREG and PREG attributes to 1 when performing multiply functions.
Related violations: <none>

DPOP-2#96 Warning
MREG Output pipelining  
DSP TCU_WRAPPER_i/u_tc0/u_octect0/u_dpu_array/DPU6/dpu_fp32/mac2/multOp__0 multiplier stage TCU_WRAPPER_i/u_tc0/u_octect0/u_dpu_array/DPU6/dpu_fp32/mac2/multOp__0/P[47:0] is not pipelined (MREG=0). Pipelining the multiplier function will improve performance and will save significant power so it is suggested whenever possible to fully pipeline this function.  If this multiplier was inferred, it is suggested to describe an additional register stage after this function.  If there is no registered adder/accumulator following the multiply function, two pipeline stages are suggested to allow both the MREG and PREG registers to be used.  If the DSP48 was instantiated in the design, it is suggested to set both the MREG and PREG attributes to 1 when performing multiply functions.
Related violations: <none>

DPOP-2#97 Warning
MREG Output pipelining  
DSP TCU_WRAPPER_i/u_tc0/u_octect0/u_dpu_array/DPU6/dpu_fp32/mac3/multOp multiplier stage TCU_WRAPPER_i/u_tc0/u_octect0/u_dpu_array/DPU6/dpu_fp32/mac3/multOp/P[47:0] is not pipelined (MREG=0). Pipelining the multiplier function will improve performance and will save significant power so it is suggested whenever possible to fully pipeline this function.  If this multiplier was inferred, it is suggested to describe an additional register stage after this function.  If there is no registered adder/accumulator following the multiply function, two pipeline stages are suggested to allow both the MREG and PREG registers to be used.  If the DSP48 was instantiated in the design, it is suggested to set both the MREG and PREG attributes to 1 when performing multiply functions.
Related violations: <none>

DPOP-2#98 Warning
MREG Output pipelining  
DSP TCU_WRAPPER_i/u_tc0/u_octect0/u_dpu_array/DPU6/dpu_fp32/mac3/multOp__0 multiplier stage TCU_WRAPPER_i/u_tc0/u_octect0/u_dpu_array/DPU6/dpu_fp32/mac3/multOp__0/P[47:0] is not pipelined (MREG=0). Pipelining the multiplier function will improve performance and will save significant power so it is suggested whenever possible to fully pipeline this function.  If this multiplier was inferred, it is suggested to describe an additional register stage after this function.  If there is no registered adder/accumulator following the multiply function, two pipeline stages are suggested to allow both the MREG and PREG registers to be used.  If the DSP48 was instantiated in the design, it is suggested to set both the MREG and PREG attributes to 1 when performing multiply functions.
Related violations: <none>

DPOP-2#99 Warning
MREG Output pipelining  
DSP TCU_WRAPPER_i/u_tc0/u_octect0/u_dpu_array/DPU6/dpu_posit32/posit32_mul0/multOp multiplier stage TCU_WRAPPER_i/u_tc0/u_octect0/u_dpu_array/DPU6/dpu_posit32/posit32_mul0/multOp/P[47:0] is not pipelined (MREG=0). Pipelining the multiplier function will improve performance and will save significant power so it is suggested whenever possible to fully pipeline this function.  If this multiplier was inferred, it is suggested to describe an additional register stage after this function.  If there is no registered adder/accumulator following the multiply function, two pipeline stages are suggested to allow both the MREG and PREG registers to be used.  If the DSP48 was instantiated in the design, it is suggested to set both the MREG and PREG attributes to 1 when performing multiply functions.
Related violations: <none>

DPOP-2#100 Warning
MREG Output pipelining  
DSP TCU_WRAPPER_i/u_tc0/u_octect0/u_dpu_array/DPU6/dpu_posit32/posit32_mul0/multOp__0 multiplier stage TCU_WRAPPER_i/u_tc0/u_octect0/u_dpu_array/DPU6/dpu_posit32/posit32_mul0/multOp__0/P[47:0] is not pipelined (MREG=0). Pipelining the multiplier function will improve performance and will save significant power so it is suggested whenever possible to fully pipeline this function.  If this multiplier was inferred, it is suggested to describe an additional register stage after this function.  If there is no registered adder/accumulator following the multiply function, two pipeline stages are suggested to allow both the MREG and PREG registers to be used.  If the DSP48 was instantiated in the design, it is suggested to set both the MREG and PREG attributes to 1 when performing multiply functions.
Related violations: <none>

DPOP-2#101 Warning
MREG Output pipelining  
DSP TCU_WRAPPER_i/u_tc0/u_octect0/u_dpu_array/DPU6/dpu_posit32/posit32_mul1/multOp multiplier stage TCU_WRAPPER_i/u_tc0/u_octect0/u_dpu_array/DPU6/dpu_posit32/posit32_mul1/multOp/P[47:0] is not pipelined (MREG=0). Pipelining the multiplier function will improve performance and will save significant power so it is suggested whenever possible to fully pipeline this function.  If this multiplier was inferred, it is suggested to describe an additional register stage after this function.  If there is no registered adder/accumulator following the multiply function, two pipeline stages are suggested to allow both the MREG and PREG registers to be used.  If the DSP48 was instantiated in the design, it is suggested to set both the MREG and PREG attributes to 1 when performing multiply functions.
Related violations: <none>

DPOP-2#102 Warning
MREG Output pipelining  
DSP TCU_WRAPPER_i/u_tc0/u_octect0/u_dpu_array/DPU6/dpu_posit32/posit32_mul1/multOp__0 multiplier stage TCU_WRAPPER_i/u_tc0/u_octect0/u_dpu_array/DPU6/dpu_posit32/posit32_mul1/multOp__0/P[47:0] is not pipelined (MREG=0). Pipelining the multiplier function will improve performance and will save significant power so it is suggested whenever possible to fully pipeline this function.  If this multiplier was inferred, it is suggested to describe an additional register stage after this function.  If there is no registered adder/accumulator following the multiply function, two pipeline stages are suggested to allow both the MREG and PREG registers to be used.  If the DSP48 was instantiated in the design, it is suggested to set both the MREG and PREG attributes to 1 when performing multiply functions.
Related violations: <none>

DPOP-2#103 Warning
MREG Output pipelining  
DSP TCU_WRAPPER_i/u_tc0/u_octect0/u_dpu_array/DPU6/dpu_posit32/posit32_mul2/multOp multiplier stage TCU_WRAPPER_i/u_tc0/u_octect0/u_dpu_array/DPU6/dpu_posit32/posit32_mul2/multOp/P[47:0] is not pipelined (MREG=0). Pipelining the multiplier function will improve performance and will save significant power so it is suggested whenever possible to fully pipeline this function.  If this multiplier was inferred, it is suggested to describe an additional register stage after this function.  If there is no registered adder/accumulator following the multiply function, two pipeline stages are suggested to allow both the MREG and PREG registers to be used.  If the DSP48 was instantiated in the design, it is suggested to set both the MREG and PREG attributes to 1 when performing multiply functions.
Related violations: <none>

DPOP-2#104 Warning
MREG Output pipelining  
DSP TCU_WRAPPER_i/u_tc0/u_octect0/u_dpu_array/DPU6/dpu_posit32/posit32_mul2/multOp__0 multiplier stage TCU_WRAPPER_i/u_tc0/u_octect0/u_dpu_array/DPU6/dpu_posit32/posit32_mul2/multOp__0/P[47:0] is not pipelined (MREG=0). Pipelining the multiplier function will improve performance and will save significant power so it is suggested whenever possible to fully pipeline this function.  If this multiplier was inferred, it is suggested to describe an additional register stage after this function.  If there is no registered adder/accumulator following the multiply function, two pipeline stages are suggested to allow both the MREG and PREG registers to be used.  If the DSP48 was instantiated in the design, it is suggested to set both the MREG and PREG attributes to 1 when performing multiply functions.
Related violations: <none>

DPOP-2#105 Warning
MREG Output pipelining  
DSP TCU_WRAPPER_i/u_tc0/u_octect0/u_dpu_array/DPU6/dpu_posit32/posit32_mul3/multOp multiplier stage TCU_WRAPPER_i/u_tc0/u_octect0/u_dpu_array/DPU6/dpu_posit32/posit32_mul3/multOp/P[47:0] is not pipelined (MREG=0). Pipelining the multiplier function will improve performance and will save significant power so it is suggested whenever possible to fully pipeline this function.  If this multiplier was inferred, it is suggested to describe an additional register stage after this function.  If there is no registered adder/accumulator following the multiply function, two pipeline stages are suggested to allow both the MREG and PREG registers to be used.  If the DSP48 was instantiated in the design, it is suggested to set both the MREG and PREG attributes to 1 when performing multiply functions.
Related violations: <none>

DPOP-2#106 Warning
MREG Output pipelining  
DSP TCU_WRAPPER_i/u_tc0/u_octect0/u_dpu_array/DPU7/dpu_fp32/mac0/multOp multiplier stage TCU_WRAPPER_i/u_tc0/u_octect0/u_dpu_array/DPU7/dpu_fp32/mac0/multOp/P[47:0] is not pipelined (MREG=0). Pipelining the multiplier function will improve performance and will save significant power so it is suggested whenever possible to fully pipeline this function.  If this multiplier was inferred, it is suggested to describe an additional register stage after this function.  If there is no registered adder/accumulator following the multiply function, two pipeline stages are suggested to allow both the MREG and PREG registers to be used.  If the DSP48 was instantiated in the design, it is suggested to set both the MREG and PREG attributes to 1 when performing multiply functions.
Related violations: <none>

DPOP-2#107 Warning
MREG Output pipelining  
DSP TCU_WRAPPER_i/u_tc0/u_octect0/u_dpu_array/DPU7/dpu_fp32/mac0/multOp__0 multiplier stage TCU_WRAPPER_i/u_tc0/u_octect0/u_dpu_array/DPU7/dpu_fp32/mac0/multOp__0/P[47:0] is not pipelined (MREG=0). Pipelining the multiplier function will improve performance and will save significant power so it is suggested whenever possible to fully pipeline this function.  If this multiplier was inferred, it is suggested to describe an additional register stage after this function.  If there is no registered adder/accumulator following the multiply function, two pipeline stages are suggested to allow both the MREG and PREG registers to be used.  If the DSP48 was instantiated in the design, it is suggested to set both the MREG and PREG attributes to 1 when performing multiply functions.
Related violations: <none>

DPOP-2#108 Warning
MREG Output pipelining  
DSP TCU_WRAPPER_i/u_tc0/u_octect0/u_dpu_array/DPU7/dpu_fp32/mac1/multOp multiplier stage TCU_WRAPPER_i/u_tc0/u_octect0/u_dpu_array/DPU7/dpu_fp32/mac1/multOp/P[47:0] is not pipelined (MREG=0). Pipelining the multiplier function will improve performance and will save significant power so it is suggested whenever possible to fully pipeline this function.  If this multiplier was inferred, it is suggested to describe an additional register stage after this function.  If there is no registered adder/accumulator following the multiply function, two pipeline stages are suggested to allow both the MREG and PREG registers to be used.  If the DSP48 was instantiated in the design, it is suggested to set both the MREG and PREG attributes to 1 when performing multiply functions.
Related violations: <none>

DPOP-2#109 Warning
MREG Output pipelining  
DSP TCU_WRAPPER_i/u_tc0/u_octect0/u_dpu_array/DPU7/dpu_fp32/mac1/multOp__0 multiplier stage TCU_WRAPPER_i/u_tc0/u_octect0/u_dpu_array/DPU7/dpu_fp32/mac1/multOp__0/P[47:0] is not pipelined (MREG=0). Pipelining the multiplier function will improve performance and will save significant power so it is suggested whenever possible to fully pipeline this function.  If this multiplier was inferred, it is suggested to describe an additional register stage after this function.  If there is no registered adder/accumulator following the multiply function, two pipeline stages are suggested to allow both the MREG and PREG registers to be used.  If the DSP48 was instantiated in the design, it is suggested to set both the MREG and PREG attributes to 1 when performing multiply functions.
Related violations: <none>

DPOP-2#110 Warning
MREG Output pipelining  
DSP TCU_WRAPPER_i/u_tc0/u_octect0/u_dpu_array/DPU7/dpu_fp32/mac2/multOp multiplier stage TCU_WRAPPER_i/u_tc0/u_octect0/u_dpu_array/DPU7/dpu_fp32/mac2/multOp/P[47:0] is not pipelined (MREG=0). Pipelining the multiplier function will improve performance and will save significant power so it is suggested whenever possible to fully pipeline this function.  If this multiplier was inferred, it is suggested to describe an additional register stage after this function.  If there is no registered adder/accumulator following the multiply function, two pipeline stages are suggested to allow both the MREG and PREG registers to be used.  If the DSP48 was instantiated in the design, it is suggested to set both the MREG and PREG attributes to 1 when performing multiply functions.
Related violations: <none>

DPOP-2#111 Warning
MREG Output pipelining  
DSP TCU_WRAPPER_i/u_tc0/u_octect0/u_dpu_array/DPU7/dpu_fp32/mac2/multOp__0 multiplier stage TCU_WRAPPER_i/u_tc0/u_octect0/u_dpu_array/DPU7/dpu_fp32/mac2/multOp__0/P[47:0] is not pipelined (MREG=0). Pipelining the multiplier function will improve performance and will save significant power so it is suggested whenever possible to fully pipeline this function.  If this multiplier was inferred, it is suggested to describe an additional register stage after this function.  If there is no registered adder/accumulator following the multiply function, two pipeline stages are suggested to allow both the MREG and PREG registers to be used.  If the DSP48 was instantiated in the design, it is suggested to set both the MREG and PREG attributes to 1 when performing multiply functions.
Related violations: <none>

DPOP-2#112 Warning
MREG Output pipelining  
DSP TCU_WRAPPER_i/u_tc0/u_octect0/u_dpu_array/DPU7/dpu_fp32/mac3/multOp multiplier stage TCU_WRAPPER_i/u_tc0/u_octect0/u_dpu_array/DPU7/dpu_fp32/mac3/multOp/P[47:0] is not pipelined (MREG=0). Pipelining the multiplier function will improve performance and will save significant power so it is suggested whenever possible to fully pipeline this function.  If this multiplier was inferred, it is suggested to describe an additional register stage after this function.  If there is no registered adder/accumulator following the multiply function, two pipeline stages are suggested to allow both the MREG and PREG registers to be used.  If the DSP48 was instantiated in the design, it is suggested to set both the MREG and PREG attributes to 1 when performing multiply functions.
Related violations: <none>

DPOP-2#113 Warning
MREG Output pipelining  
DSP TCU_WRAPPER_i/u_tc0/u_octect0/u_dpu_array/DPU7/dpu_fp32/mac3/multOp__0 multiplier stage TCU_WRAPPER_i/u_tc0/u_octect0/u_dpu_array/DPU7/dpu_fp32/mac3/multOp__0/P[47:0] is not pipelined (MREG=0). Pipelining the multiplier function will improve performance and will save significant power so it is suggested whenever possible to fully pipeline this function.  If this multiplier was inferred, it is suggested to describe an additional register stage after this function.  If there is no registered adder/accumulator following the multiply function, two pipeline stages are suggested to allow both the MREG and PREG registers to be used.  If the DSP48 was instantiated in the design, it is suggested to set both the MREG and PREG attributes to 1 when performing multiply functions.
Related violations: <none>

DPOP-2#114 Warning
MREG Output pipelining  
DSP TCU_WRAPPER_i/u_tc0/u_octect0/u_dpu_array/DPU7/dpu_posit32/posit32_mul0/multOp multiplier stage TCU_WRAPPER_i/u_tc0/u_octect0/u_dpu_array/DPU7/dpu_posit32/posit32_mul0/multOp/P[47:0] is not pipelined (MREG=0). Pipelining the multiplier function will improve performance and will save significant power so it is suggested whenever possible to fully pipeline this function.  If this multiplier was inferred, it is suggested to describe an additional register stage after this function.  If there is no registered adder/accumulator following the multiply function, two pipeline stages are suggested to allow both the MREG and PREG registers to be used.  If the DSP48 was instantiated in the design, it is suggested to set both the MREG and PREG attributes to 1 when performing multiply functions.
Related violations: <none>

DPOP-2#115 Warning
MREG Output pipelining  
DSP TCU_WRAPPER_i/u_tc0/u_octect0/u_dpu_array/DPU7/dpu_posit32/posit32_mul0/multOp__0 multiplier stage TCU_WRAPPER_i/u_tc0/u_octect0/u_dpu_array/DPU7/dpu_posit32/posit32_mul0/multOp__0/P[47:0] is not pipelined (MREG=0). Pipelining the multiplier function will improve performance and will save significant power so it is suggested whenever possible to fully pipeline this function.  If this multiplier was inferred, it is suggested to describe an additional register stage after this function.  If there is no registered adder/accumulator following the multiply function, two pipeline stages are suggested to allow both the MREG and PREG registers to be used.  If the DSP48 was instantiated in the design, it is suggested to set both the MREG and PREG attributes to 1 when performing multiply functions.
Related violations: <none>

DPOP-2#116 Warning
MREG Output pipelining  
DSP TCU_WRAPPER_i/u_tc0/u_octect0/u_dpu_array/DPU7/dpu_posit32/posit32_mul1/multOp multiplier stage TCU_WRAPPER_i/u_tc0/u_octect0/u_dpu_array/DPU7/dpu_posit32/posit32_mul1/multOp/P[47:0] is not pipelined (MREG=0). Pipelining the multiplier function will improve performance and will save significant power so it is suggested whenever possible to fully pipeline this function.  If this multiplier was inferred, it is suggested to describe an additional register stage after this function.  If there is no registered adder/accumulator following the multiply function, two pipeline stages are suggested to allow both the MREG and PREG registers to be used.  If the DSP48 was instantiated in the design, it is suggested to set both the MREG and PREG attributes to 1 when performing multiply functions.
Related violations: <none>

DPOP-2#117 Warning
MREG Output pipelining  
DSP TCU_WRAPPER_i/u_tc0/u_octect0/u_dpu_array/DPU7/dpu_posit32/posit32_mul1/multOp__0 multiplier stage TCU_WRAPPER_i/u_tc0/u_octect0/u_dpu_array/DPU7/dpu_posit32/posit32_mul1/multOp__0/P[47:0] is not pipelined (MREG=0). Pipelining the multiplier function will improve performance and will save significant power so it is suggested whenever possible to fully pipeline this function.  If this multiplier was inferred, it is suggested to describe an additional register stage after this function.  If there is no registered adder/accumulator following the multiply function, two pipeline stages are suggested to allow both the MREG and PREG registers to be used.  If the DSP48 was instantiated in the design, it is suggested to set both the MREG and PREG attributes to 1 when performing multiply functions.
Related violations: <none>

DPOP-2#118 Warning
MREG Output pipelining  
DSP TCU_WRAPPER_i/u_tc0/u_octect0/u_dpu_array/DPU7/dpu_posit32/posit32_mul2/multOp multiplier stage TCU_WRAPPER_i/u_tc0/u_octect0/u_dpu_array/DPU7/dpu_posit32/posit32_mul2/multOp/P[47:0] is not pipelined (MREG=0). Pipelining the multiplier function will improve performance and will save significant power so it is suggested whenever possible to fully pipeline this function.  If this multiplier was inferred, it is suggested to describe an additional register stage after this function.  If there is no registered adder/accumulator following the multiply function, two pipeline stages are suggested to allow both the MREG and PREG registers to be used.  If the DSP48 was instantiated in the design, it is suggested to set both the MREG and PREG attributes to 1 when performing multiply functions.
Related violations: <none>

DPOP-2#119 Warning
MREG Output pipelining  
DSP TCU_WRAPPER_i/u_tc0/u_octect0/u_dpu_array/DPU7/dpu_posit32/posit32_mul2/multOp__0 multiplier stage TCU_WRAPPER_i/u_tc0/u_octect0/u_dpu_array/DPU7/dpu_posit32/posit32_mul2/multOp__0/P[47:0] is not pipelined (MREG=0). Pipelining the multiplier function will improve performance and will save significant power so it is suggested whenever possible to fully pipeline this function.  If this multiplier was inferred, it is suggested to describe an additional register stage after this function.  If there is no registered adder/accumulator following the multiply function, two pipeline stages are suggested to allow both the MREG and PREG registers to be used.  If the DSP48 was instantiated in the design, it is suggested to set both the MREG and PREG attributes to 1 when performing multiply functions.
Related violations: <none>

DPOP-2#120 Warning
MREG Output pipelining  
DSP TCU_WRAPPER_i/u_tc0/u_octect0/u_dpu_array/DPU7/dpu_posit32/posit32_mul3/multOp multiplier stage TCU_WRAPPER_i/u_tc0/u_octect0/u_dpu_array/DPU7/dpu_posit32/posit32_mul3/multOp/P[47:0] is not pipelined (MREG=0). Pipelining the multiplier function will improve performance and will save significant power so it is suggested whenever possible to fully pipeline this function.  If this multiplier was inferred, it is suggested to describe an additional register stage after this function.  If there is no registered adder/accumulator following the multiply function, two pipeline stages are suggested to allow both the MREG and PREG registers to be used.  If the DSP48 was instantiated in the design, it is suggested to set both the MREG and PREG attributes to 1 when performing multiply functions.
Related violations: <none>

DPOP-2#121 Warning
MREG Output pipelining  
DSP TCU_WRAPPER_i/u_tc0/u_octect1/u_dpu_array/DPU0/dpu_fp32/mac0/multOp multiplier stage TCU_WRAPPER_i/u_tc0/u_octect1/u_dpu_array/DPU0/dpu_fp32/mac0/multOp/P[47:0] is not pipelined (MREG=0). Pipelining the multiplier function will improve performance and will save significant power so it is suggested whenever possible to fully pipeline this function.  If this multiplier was inferred, it is suggested to describe an additional register stage after this function.  If there is no registered adder/accumulator following the multiply function, two pipeline stages are suggested to allow both the MREG and PREG registers to be used.  If the DSP48 was instantiated in the design, it is suggested to set both the MREG and PREG attributes to 1 when performing multiply functions.
Related violations: <none>

DPOP-2#122 Warning
MREG Output pipelining  
DSP TCU_WRAPPER_i/u_tc0/u_octect1/u_dpu_array/DPU0/dpu_fp32/mac0/multOp__0 multiplier stage TCU_WRAPPER_i/u_tc0/u_octect1/u_dpu_array/DPU0/dpu_fp32/mac0/multOp__0/P[47:0] is not pipelined (MREG=0). Pipelining the multiplier function will improve performance and will save significant power so it is suggested whenever possible to fully pipeline this function.  If this multiplier was inferred, it is suggested to describe an additional register stage after this function.  If there is no registered adder/accumulator following the multiply function, two pipeline stages are suggested to allow both the MREG and PREG registers to be used.  If the DSP48 was instantiated in the design, it is suggested to set both the MREG and PREG attributes to 1 when performing multiply functions.
Related violations: <none>

DPOP-2#123 Warning
MREG Output pipelining  
DSP TCU_WRAPPER_i/u_tc0/u_octect1/u_dpu_array/DPU0/dpu_fp32/mac1/multOp multiplier stage TCU_WRAPPER_i/u_tc0/u_octect1/u_dpu_array/DPU0/dpu_fp32/mac1/multOp/P[47:0] is not pipelined (MREG=0). Pipelining the multiplier function will improve performance and will save significant power so it is suggested whenever possible to fully pipeline this function.  If this multiplier was inferred, it is suggested to describe an additional register stage after this function.  If there is no registered adder/accumulator following the multiply function, two pipeline stages are suggested to allow both the MREG and PREG registers to be used.  If the DSP48 was instantiated in the design, it is suggested to set both the MREG and PREG attributes to 1 when performing multiply functions.
Related violations: <none>

DPOP-2#124 Warning
MREG Output pipelining  
DSP TCU_WRAPPER_i/u_tc0/u_octect1/u_dpu_array/DPU0/dpu_fp32/mac1/multOp__0 multiplier stage TCU_WRAPPER_i/u_tc0/u_octect1/u_dpu_array/DPU0/dpu_fp32/mac1/multOp__0/P[47:0] is not pipelined (MREG=0). Pipelining the multiplier function will improve performance and will save significant power so it is suggested whenever possible to fully pipeline this function.  If this multiplier was inferred, it is suggested to describe an additional register stage after this function.  If there is no registered adder/accumulator following the multiply function, two pipeline stages are suggested to allow both the MREG and PREG registers to be used.  If the DSP48 was instantiated in the design, it is suggested to set both the MREG and PREG attributes to 1 when performing multiply functions.
Related violations: <none>

DPOP-2#125 Warning
MREG Output pipelining  
DSP TCU_WRAPPER_i/u_tc0/u_octect1/u_dpu_array/DPU0/dpu_fp32/mac2/multOp multiplier stage TCU_WRAPPER_i/u_tc0/u_octect1/u_dpu_array/DPU0/dpu_fp32/mac2/multOp/P[47:0] is not pipelined (MREG=0). Pipelining the multiplier function will improve performance and will save significant power so it is suggested whenever possible to fully pipeline this function.  If this multiplier was inferred, it is suggested to describe an additional register stage after this function.  If there is no registered adder/accumulator following the multiply function, two pipeline stages are suggested to allow both the MREG and PREG registers to be used.  If the DSP48 was instantiated in the design, it is suggested to set both the MREG and PREG attributes to 1 when performing multiply functions.
Related violations: <none>

DPOP-2#126 Warning
MREG Output pipelining  
DSP TCU_WRAPPER_i/u_tc0/u_octect1/u_dpu_array/DPU0/dpu_fp32/mac2/multOp__0 multiplier stage TCU_WRAPPER_i/u_tc0/u_octect1/u_dpu_array/DPU0/dpu_fp32/mac2/multOp__0/P[47:0] is not pipelined (MREG=0). Pipelining the multiplier function will improve performance and will save significant power so it is suggested whenever possible to fully pipeline this function.  If this multiplier was inferred, it is suggested to describe an additional register stage after this function.  If there is no registered adder/accumulator following the multiply function, two pipeline stages are suggested to allow both the MREG and PREG registers to be used.  If the DSP48 was instantiated in the design, it is suggested to set both the MREG and PREG attributes to 1 when performing multiply functions.
Related violations: <none>

DPOP-2#127 Warning
MREG Output pipelining  
DSP TCU_WRAPPER_i/u_tc0/u_octect1/u_dpu_array/DPU0/dpu_fp32/mac3/multOp multiplier stage TCU_WRAPPER_i/u_tc0/u_octect1/u_dpu_array/DPU0/dpu_fp32/mac3/multOp/P[47:0] is not pipelined (MREG=0). Pipelining the multiplier function will improve performance and will save significant power so it is suggested whenever possible to fully pipeline this function.  If this multiplier was inferred, it is suggested to describe an additional register stage after this function.  If there is no registered adder/accumulator following the multiply function, two pipeline stages are suggested to allow both the MREG and PREG registers to be used.  If the DSP48 was instantiated in the design, it is suggested to set both the MREG and PREG attributes to 1 when performing multiply functions.
Related violations: <none>

DPOP-2#128 Warning
MREG Output pipelining  
DSP TCU_WRAPPER_i/u_tc0/u_octect1/u_dpu_array/DPU0/dpu_fp32/mac3/multOp__0 multiplier stage TCU_WRAPPER_i/u_tc0/u_octect1/u_dpu_array/DPU0/dpu_fp32/mac3/multOp__0/P[47:0] is not pipelined (MREG=0). Pipelining the multiplier function will improve performance and will save significant power so it is suggested whenever possible to fully pipeline this function.  If this multiplier was inferred, it is suggested to describe an additional register stage after this function.  If there is no registered adder/accumulator following the multiply function, two pipeline stages are suggested to allow both the MREG and PREG registers to be used.  If the DSP48 was instantiated in the design, it is suggested to set both the MREG and PREG attributes to 1 when performing multiply functions.
Related violations: <none>

DPOP-2#129 Warning
MREG Output pipelining  
DSP TCU_WRAPPER_i/u_tc0/u_octect1/u_dpu_array/DPU0/dpu_posit32/posit32_mul0/multOp multiplier stage TCU_WRAPPER_i/u_tc0/u_octect1/u_dpu_array/DPU0/dpu_posit32/posit32_mul0/multOp/P[47:0] is not pipelined (MREG=0). Pipelining the multiplier function will improve performance and will save significant power so it is suggested whenever possible to fully pipeline this function.  If this multiplier was inferred, it is suggested to describe an additional register stage after this function.  If there is no registered adder/accumulator following the multiply function, two pipeline stages are suggested to allow both the MREG and PREG registers to be used.  If the DSP48 was instantiated in the design, it is suggested to set both the MREG and PREG attributes to 1 when performing multiply functions.
Related violations: <none>

DPOP-2#130 Warning
MREG Output pipelining  
DSP TCU_WRAPPER_i/u_tc0/u_octect1/u_dpu_array/DPU0/dpu_posit32/posit32_mul0/multOp__0 multiplier stage TCU_WRAPPER_i/u_tc0/u_octect1/u_dpu_array/DPU0/dpu_posit32/posit32_mul0/multOp__0/P[47:0] is not pipelined (MREG=0). Pipelining the multiplier function will improve performance and will save significant power so it is suggested whenever possible to fully pipeline this function.  If this multiplier was inferred, it is suggested to describe an additional register stage after this function.  If there is no registered adder/accumulator following the multiply function, two pipeline stages are suggested to allow both the MREG and PREG registers to be used.  If the DSP48 was instantiated in the design, it is suggested to set both the MREG and PREG attributes to 1 when performing multiply functions.
Related violations: <none>

DPOP-2#131 Warning
MREG Output pipelining  
DSP TCU_WRAPPER_i/u_tc0/u_octect1/u_dpu_array/DPU0/dpu_posit32/posit32_mul1/multOp multiplier stage TCU_WRAPPER_i/u_tc0/u_octect1/u_dpu_array/DPU0/dpu_posit32/posit32_mul1/multOp/P[47:0] is not pipelined (MREG=0). Pipelining the multiplier function will improve performance and will save significant power so it is suggested whenever possible to fully pipeline this function.  If this multiplier was inferred, it is suggested to describe an additional register stage after this function.  If there is no registered adder/accumulator following the multiply function, two pipeline stages are suggested to allow both the MREG and PREG registers to be used.  If the DSP48 was instantiated in the design, it is suggested to set both the MREG and PREG attributes to 1 when performing multiply functions.
Related violations: <none>

DPOP-2#132 Warning
MREG Output pipelining  
DSP TCU_WRAPPER_i/u_tc0/u_octect1/u_dpu_array/DPU0/dpu_posit32/posit32_mul1/multOp__0 multiplier stage TCU_WRAPPER_i/u_tc0/u_octect1/u_dpu_array/DPU0/dpu_posit32/posit32_mul1/multOp__0/P[47:0] is not pipelined (MREG=0). Pipelining the multiplier function will improve performance and will save significant power so it is suggested whenever possible to fully pipeline this function.  If this multiplier was inferred, it is suggested to describe an additional register stage after this function.  If there is no registered adder/accumulator following the multiply function, two pipeline stages are suggested to allow both the MREG and PREG registers to be used.  If the DSP48 was instantiated in the design, it is suggested to set both the MREG and PREG attributes to 1 when performing multiply functions.
Related violations: <none>

DPOP-2#133 Warning
MREG Output pipelining  
DSP TCU_WRAPPER_i/u_tc0/u_octect1/u_dpu_array/DPU0/dpu_posit32/posit32_mul2/multOp multiplier stage TCU_WRAPPER_i/u_tc0/u_octect1/u_dpu_array/DPU0/dpu_posit32/posit32_mul2/multOp/P[47:0] is not pipelined (MREG=0). Pipelining the multiplier function will improve performance and will save significant power so it is suggested whenever possible to fully pipeline this function.  If this multiplier was inferred, it is suggested to describe an additional register stage after this function.  If there is no registered adder/accumulator following the multiply function, two pipeline stages are suggested to allow both the MREG and PREG registers to be used.  If the DSP48 was instantiated in the design, it is suggested to set both the MREG and PREG attributes to 1 when performing multiply functions.
Related violations: <none>

DPOP-2#134 Warning
MREG Output pipelining  
DSP TCU_WRAPPER_i/u_tc0/u_octect1/u_dpu_array/DPU0/dpu_posit32/posit32_mul2/multOp__0 multiplier stage TCU_WRAPPER_i/u_tc0/u_octect1/u_dpu_array/DPU0/dpu_posit32/posit32_mul2/multOp__0/P[47:0] is not pipelined (MREG=0). Pipelining the multiplier function will improve performance and will save significant power so it is suggested whenever possible to fully pipeline this function.  If this multiplier was inferred, it is suggested to describe an additional register stage after this function.  If there is no registered adder/accumulator following the multiply function, two pipeline stages are suggested to allow both the MREG and PREG registers to be used.  If the DSP48 was instantiated in the design, it is suggested to set both the MREG and PREG attributes to 1 when performing multiply functions.
Related violations: <none>

DPOP-2#135 Warning
MREG Output pipelining  
DSP TCU_WRAPPER_i/u_tc0/u_octect1/u_dpu_array/DPU0/dpu_posit32/posit32_mul3/multOp multiplier stage TCU_WRAPPER_i/u_tc0/u_octect1/u_dpu_array/DPU0/dpu_posit32/posit32_mul3/multOp/P[47:0] is not pipelined (MREG=0). Pipelining the multiplier function will improve performance and will save significant power so it is suggested whenever possible to fully pipeline this function.  If this multiplier was inferred, it is suggested to describe an additional register stage after this function.  If there is no registered adder/accumulator following the multiply function, two pipeline stages are suggested to allow both the MREG and PREG registers to be used.  If the DSP48 was instantiated in the design, it is suggested to set both the MREG and PREG attributes to 1 when performing multiply functions.
Related violations: <none>

DPOP-2#136 Warning
MREG Output pipelining  
DSP TCU_WRAPPER_i/u_tc0/u_octect1/u_dpu_array/DPU1/dpu_fp32/mac0/multOp multiplier stage TCU_WRAPPER_i/u_tc0/u_octect1/u_dpu_array/DPU1/dpu_fp32/mac0/multOp/P[47:0] is not pipelined (MREG=0). Pipelining the multiplier function will improve performance and will save significant power so it is suggested whenever possible to fully pipeline this function.  If this multiplier was inferred, it is suggested to describe an additional register stage after this function.  If there is no registered adder/accumulator following the multiply function, two pipeline stages are suggested to allow both the MREG and PREG registers to be used.  If the DSP48 was instantiated in the design, it is suggested to set both the MREG and PREG attributes to 1 when performing multiply functions.
Related violations: <none>

DPOP-2#137 Warning
MREG Output pipelining  
DSP TCU_WRAPPER_i/u_tc0/u_octect1/u_dpu_array/DPU1/dpu_fp32/mac0/multOp__0 multiplier stage TCU_WRAPPER_i/u_tc0/u_octect1/u_dpu_array/DPU1/dpu_fp32/mac0/multOp__0/P[47:0] is not pipelined (MREG=0). Pipelining the multiplier function will improve performance and will save significant power so it is suggested whenever possible to fully pipeline this function.  If this multiplier was inferred, it is suggested to describe an additional register stage after this function.  If there is no registered adder/accumulator following the multiply function, two pipeline stages are suggested to allow both the MREG and PREG registers to be used.  If the DSP48 was instantiated in the design, it is suggested to set both the MREG and PREG attributes to 1 when performing multiply functions.
Related violations: <none>

DPOP-2#138 Warning
MREG Output pipelining  
DSP TCU_WRAPPER_i/u_tc0/u_octect1/u_dpu_array/DPU1/dpu_fp32/mac1/multOp multiplier stage TCU_WRAPPER_i/u_tc0/u_octect1/u_dpu_array/DPU1/dpu_fp32/mac1/multOp/P[47:0] is not pipelined (MREG=0). Pipelining the multiplier function will improve performance and will save significant power so it is suggested whenever possible to fully pipeline this function.  If this multiplier was inferred, it is suggested to describe an additional register stage after this function.  If there is no registered adder/accumulator following the multiply function, two pipeline stages are suggested to allow both the MREG and PREG registers to be used.  If the DSP48 was instantiated in the design, it is suggested to set both the MREG and PREG attributes to 1 when performing multiply functions.
Related violations: <none>

DPOP-2#139 Warning
MREG Output pipelining  
DSP TCU_WRAPPER_i/u_tc0/u_octect1/u_dpu_array/DPU1/dpu_fp32/mac1/multOp__0 multiplier stage TCU_WRAPPER_i/u_tc0/u_octect1/u_dpu_array/DPU1/dpu_fp32/mac1/multOp__0/P[47:0] is not pipelined (MREG=0). Pipelining the multiplier function will improve performance and will save significant power so it is suggested whenever possible to fully pipeline this function.  If this multiplier was inferred, it is suggested to describe an additional register stage after this function.  If there is no registered adder/accumulator following the multiply function, two pipeline stages are suggested to allow both the MREG and PREG registers to be used.  If the DSP48 was instantiated in the design, it is suggested to set both the MREG and PREG attributes to 1 when performing multiply functions.
Related violations: <none>

DPOP-2#140 Warning
MREG Output pipelining  
DSP TCU_WRAPPER_i/u_tc0/u_octect1/u_dpu_array/DPU1/dpu_fp32/mac2/multOp multiplier stage TCU_WRAPPER_i/u_tc0/u_octect1/u_dpu_array/DPU1/dpu_fp32/mac2/multOp/P[47:0] is not pipelined (MREG=0). Pipelining the multiplier function will improve performance and will save significant power so it is suggested whenever possible to fully pipeline this function.  If this multiplier was inferred, it is suggested to describe an additional register stage after this function.  If there is no registered adder/accumulator following the multiply function, two pipeline stages are suggested to allow both the MREG and PREG registers to be used.  If the DSP48 was instantiated in the design, it is suggested to set both the MREG and PREG attributes to 1 when performing multiply functions.
Related violations: <none>

DPOP-2#141 Warning
MREG Output pipelining  
DSP TCU_WRAPPER_i/u_tc0/u_octect1/u_dpu_array/DPU1/dpu_fp32/mac2/multOp__0 multiplier stage TCU_WRAPPER_i/u_tc0/u_octect1/u_dpu_array/DPU1/dpu_fp32/mac2/multOp__0/P[47:0] is not pipelined (MREG=0). Pipelining the multiplier function will improve performance and will save significant power so it is suggested whenever possible to fully pipeline this function.  If this multiplier was inferred, it is suggested to describe an additional register stage after this function.  If there is no registered adder/accumulator following the multiply function, two pipeline stages are suggested to allow both the MREG and PREG registers to be used.  If the DSP48 was instantiated in the design, it is suggested to set both the MREG and PREG attributes to 1 when performing multiply functions.
Related violations: <none>

DPOP-2#142 Warning
MREG Output pipelining  
DSP TCU_WRAPPER_i/u_tc0/u_octect1/u_dpu_array/DPU1/dpu_fp32/mac3/multOp multiplier stage TCU_WRAPPER_i/u_tc0/u_octect1/u_dpu_array/DPU1/dpu_fp32/mac3/multOp/P[47:0] is not pipelined (MREG=0). Pipelining the multiplier function will improve performance and will save significant power so it is suggested whenever possible to fully pipeline this function.  If this multiplier was inferred, it is suggested to describe an additional register stage after this function.  If there is no registered adder/accumulator following the multiply function, two pipeline stages are suggested to allow both the MREG and PREG registers to be used.  If the DSP48 was instantiated in the design, it is suggested to set both the MREG and PREG attributes to 1 when performing multiply functions.
Related violations: <none>

DPOP-2#143 Warning
MREG Output pipelining  
DSP TCU_WRAPPER_i/u_tc0/u_octect1/u_dpu_array/DPU1/dpu_fp32/mac3/multOp__0 multiplier stage TCU_WRAPPER_i/u_tc0/u_octect1/u_dpu_array/DPU1/dpu_fp32/mac3/multOp__0/P[47:0] is not pipelined (MREG=0). Pipelining the multiplier function will improve performance and will save significant power so it is suggested whenever possible to fully pipeline this function.  If this multiplier was inferred, it is suggested to describe an additional register stage after this function.  If there is no registered adder/accumulator following the multiply function, two pipeline stages are suggested to allow both the MREG and PREG registers to be used.  If the DSP48 was instantiated in the design, it is suggested to set both the MREG and PREG attributes to 1 when performing multiply functions.
Related violations: <none>

DPOP-2#144 Warning
MREG Output pipelining  
DSP TCU_WRAPPER_i/u_tc0/u_octect1/u_dpu_array/DPU1/dpu_posit32/posit32_mul0/multOp multiplier stage TCU_WRAPPER_i/u_tc0/u_octect1/u_dpu_array/DPU1/dpu_posit32/posit32_mul0/multOp/P[47:0] is not pipelined (MREG=0). Pipelining the multiplier function will improve performance and will save significant power so it is suggested whenever possible to fully pipeline this function.  If this multiplier was inferred, it is suggested to describe an additional register stage after this function.  If there is no registered adder/accumulator following the multiply function, two pipeline stages are suggested to allow both the MREG and PREG registers to be used.  If the DSP48 was instantiated in the design, it is suggested to set both the MREG and PREG attributes to 1 when performing multiply functions.
Related violations: <none>

DPOP-2#145 Warning
MREG Output pipelining  
DSP TCU_WRAPPER_i/u_tc0/u_octect1/u_dpu_array/DPU1/dpu_posit32/posit32_mul0/multOp__0 multiplier stage TCU_WRAPPER_i/u_tc0/u_octect1/u_dpu_array/DPU1/dpu_posit32/posit32_mul0/multOp__0/P[47:0] is not pipelined (MREG=0). Pipelining the multiplier function will improve performance and will save significant power so it is suggested whenever possible to fully pipeline this function.  If this multiplier was inferred, it is suggested to describe an additional register stage after this function.  If there is no registered adder/accumulator following the multiply function, two pipeline stages are suggested to allow both the MREG and PREG registers to be used.  If the DSP48 was instantiated in the design, it is suggested to set both the MREG and PREG attributes to 1 when performing multiply functions.
Related violations: <none>

DPOP-2#146 Warning
MREG Output pipelining  
DSP TCU_WRAPPER_i/u_tc0/u_octect1/u_dpu_array/DPU1/dpu_posit32/posit32_mul1/multOp multiplier stage TCU_WRAPPER_i/u_tc0/u_octect1/u_dpu_array/DPU1/dpu_posit32/posit32_mul1/multOp/P[47:0] is not pipelined (MREG=0). Pipelining the multiplier function will improve performance and will save significant power so it is suggested whenever possible to fully pipeline this function.  If this multiplier was inferred, it is suggested to describe an additional register stage after this function.  If there is no registered adder/accumulator following the multiply function, two pipeline stages are suggested to allow both the MREG and PREG registers to be used.  If the DSP48 was instantiated in the design, it is suggested to set both the MREG and PREG attributes to 1 when performing multiply functions.
Related violations: <none>

DPOP-2#147 Warning
MREG Output pipelining  
DSP TCU_WRAPPER_i/u_tc0/u_octect1/u_dpu_array/DPU1/dpu_posit32/posit32_mul1/multOp__0 multiplier stage TCU_WRAPPER_i/u_tc0/u_octect1/u_dpu_array/DPU1/dpu_posit32/posit32_mul1/multOp__0/P[47:0] is not pipelined (MREG=0). Pipelining the multiplier function will improve performance and will save significant power so it is suggested whenever possible to fully pipeline this function.  If this multiplier was inferred, it is suggested to describe an additional register stage after this function.  If there is no registered adder/accumulator following the multiply function, two pipeline stages are suggested to allow both the MREG and PREG registers to be used.  If the DSP48 was instantiated in the design, it is suggested to set both the MREG and PREG attributes to 1 when performing multiply functions.
Related violations: <none>

DPOP-2#148 Warning
MREG Output pipelining  
DSP TCU_WRAPPER_i/u_tc0/u_octect1/u_dpu_array/DPU1/dpu_posit32/posit32_mul2/multOp multiplier stage TCU_WRAPPER_i/u_tc0/u_octect1/u_dpu_array/DPU1/dpu_posit32/posit32_mul2/multOp/P[47:0] is not pipelined (MREG=0). Pipelining the multiplier function will improve performance and will save significant power so it is suggested whenever possible to fully pipeline this function.  If this multiplier was inferred, it is suggested to describe an additional register stage after this function.  If there is no registered adder/accumulator following the multiply function, two pipeline stages are suggested to allow both the MREG and PREG registers to be used.  If the DSP48 was instantiated in the design, it is suggested to set both the MREG and PREG attributes to 1 when performing multiply functions.
Related violations: <none>

DPOP-2#149 Warning
MREG Output pipelining  
DSP TCU_WRAPPER_i/u_tc0/u_octect1/u_dpu_array/DPU1/dpu_posit32/posit32_mul2/multOp__0 multiplier stage TCU_WRAPPER_i/u_tc0/u_octect1/u_dpu_array/DPU1/dpu_posit32/posit32_mul2/multOp__0/P[47:0] is not pipelined (MREG=0). Pipelining the multiplier function will improve performance and will save significant power so it is suggested whenever possible to fully pipeline this function.  If this multiplier was inferred, it is suggested to describe an additional register stage after this function.  If there is no registered adder/accumulator following the multiply function, two pipeline stages are suggested to allow both the MREG and PREG registers to be used.  If the DSP48 was instantiated in the design, it is suggested to set both the MREG and PREG attributes to 1 when performing multiply functions.
Related violations: <none>

DPOP-2#150 Warning
MREG Output pipelining  
DSP TCU_WRAPPER_i/u_tc0/u_octect1/u_dpu_array/DPU1/dpu_posit32/posit32_mul3/multOp multiplier stage TCU_WRAPPER_i/u_tc0/u_octect1/u_dpu_array/DPU1/dpu_posit32/posit32_mul3/multOp/P[47:0] is not pipelined (MREG=0). Pipelining the multiplier function will improve performance and will save significant power so it is suggested whenever possible to fully pipeline this function.  If this multiplier was inferred, it is suggested to describe an additional register stage after this function.  If there is no registered adder/accumulator following the multiply function, two pipeline stages are suggested to allow both the MREG and PREG registers to be used.  If the DSP48 was instantiated in the design, it is suggested to set both the MREG and PREG attributes to 1 when performing multiply functions.
Related violations: <none>

DPOP-2#151 Warning
MREG Output pipelining  
DSP TCU_WRAPPER_i/u_tc0/u_octect1/u_dpu_array/DPU2/dpu_fp32/mac0/multOp multiplier stage TCU_WRAPPER_i/u_tc0/u_octect1/u_dpu_array/DPU2/dpu_fp32/mac0/multOp/P[47:0] is not pipelined (MREG=0). Pipelining the multiplier function will improve performance and will save significant power so it is suggested whenever possible to fully pipeline this function.  If this multiplier was inferred, it is suggested to describe an additional register stage after this function.  If there is no registered adder/accumulator following the multiply function, two pipeline stages are suggested to allow both the MREG and PREG registers to be used.  If the DSP48 was instantiated in the design, it is suggested to set both the MREG and PREG attributes to 1 when performing multiply functions.
Related violations: <none>

DPOP-2#152 Warning
MREG Output pipelining  
DSP TCU_WRAPPER_i/u_tc0/u_octect1/u_dpu_array/DPU2/dpu_fp32/mac0/multOp__0 multiplier stage TCU_WRAPPER_i/u_tc0/u_octect1/u_dpu_array/DPU2/dpu_fp32/mac0/multOp__0/P[47:0] is not pipelined (MREG=0). Pipelining the multiplier function will improve performance and will save significant power so it is suggested whenever possible to fully pipeline this function.  If this multiplier was inferred, it is suggested to describe an additional register stage after this function.  If there is no registered adder/accumulator following the multiply function, two pipeline stages are suggested to allow both the MREG and PREG registers to be used.  If the DSP48 was instantiated in the design, it is suggested to set both the MREG and PREG attributes to 1 when performing multiply functions.
Related violations: <none>

DPOP-2#153 Warning
MREG Output pipelining  
DSP TCU_WRAPPER_i/u_tc0/u_octect1/u_dpu_array/DPU2/dpu_fp32/mac1/multOp multiplier stage TCU_WRAPPER_i/u_tc0/u_octect1/u_dpu_array/DPU2/dpu_fp32/mac1/multOp/P[47:0] is not pipelined (MREG=0). Pipelining the multiplier function will improve performance and will save significant power so it is suggested whenever possible to fully pipeline this function.  If this multiplier was inferred, it is suggested to describe an additional register stage after this function.  If there is no registered adder/accumulator following the multiply function, two pipeline stages are suggested to allow both the MREG and PREG registers to be used.  If the DSP48 was instantiated in the design, it is suggested to set both the MREG and PREG attributes to 1 when performing multiply functions.
Related violations: <none>

DPOP-2#154 Warning
MREG Output pipelining  
DSP TCU_WRAPPER_i/u_tc0/u_octect1/u_dpu_array/DPU2/dpu_fp32/mac1/multOp__0 multiplier stage TCU_WRAPPER_i/u_tc0/u_octect1/u_dpu_array/DPU2/dpu_fp32/mac1/multOp__0/P[47:0] is not pipelined (MREG=0). Pipelining the multiplier function will improve performance and will save significant power so it is suggested whenever possible to fully pipeline this function.  If this multiplier was inferred, it is suggested to describe an additional register stage after this function.  If there is no registered adder/accumulator following the multiply function, two pipeline stages are suggested to allow both the MREG and PREG registers to be used.  If the DSP48 was instantiated in the design, it is suggested to set both the MREG and PREG attributes to 1 when performing multiply functions.
Related violations: <none>

DPOP-2#155 Warning
MREG Output pipelining  
DSP TCU_WRAPPER_i/u_tc0/u_octect1/u_dpu_array/DPU2/dpu_fp32/mac2/multOp multiplier stage TCU_WRAPPER_i/u_tc0/u_octect1/u_dpu_array/DPU2/dpu_fp32/mac2/multOp/P[47:0] is not pipelined (MREG=0). Pipelining the multiplier function will improve performance and will save significant power so it is suggested whenever possible to fully pipeline this function.  If this multiplier was inferred, it is suggested to describe an additional register stage after this function.  If there is no registered adder/accumulator following the multiply function, two pipeline stages are suggested to allow both the MREG and PREG registers to be used.  If the DSP48 was instantiated in the design, it is suggested to set both the MREG and PREG attributes to 1 when performing multiply functions.
Related violations: <none>

DPOP-2#156 Warning
MREG Output pipelining  
DSP TCU_WRAPPER_i/u_tc0/u_octect1/u_dpu_array/DPU2/dpu_fp32/mac2/multOp__0 multiplier stage TCU_WRAPPER_i/u_tc0/u_octect1/u_dpu_array/DPU2/dpu_fp32/mac2/multOp__0/P[47:0] is not pipelined (MREG=0). Pipelining the multiplier function will improve performance and will save significant power so it is suggested whenever possible to fully pipeline this function.  If this multiplier was inferred, it is suggested to describe an additional register stage after this function.  If there is no registered adder/accumulator following the multiply function, two pipeline stages are suggested to allow both the MREG and PREG registers to be used.  If the DSP48 was instantiated in the design, it is suggested to set both the MREG and PREG attributes to 1 when performing multiply functions.
Related violations: <none>

DPOP-2#157 Warning
MREG Output pipelining  
DSP TCU_WRAPPER_i/u_tc0/u_octect1/u_dpu_array/DPU2/dpu_fp32/mac3/multOp multiplier stage TCU_WRAPPER_i/u_tc0/u_octect1/u_dpu_array/DPU2/dpu_fp32/mac3/multOp/P[47:0] is not pipelined (MREG=0). Pipelining the multiplier function will improve performance and will save significant power so it is suggested whenever possible to fully pipeline this function.  If this multiplier was inferred, it is suggested to describe an additional register stage after this function.  If there is no registered adder/accumulator following the multiply function, two pipeline stages are suggested to allow both the MREG and PREG registers to be used.  If the DSP48 was instantiated in the design, it is suggested to set both the MREG and PREG attributes to 1 when performing multiply functions.
Related violations: <none>

DPOP-2#158 Warning
MREG Output pipelining  
DSP TCU_WRAPPER_i/u_tc0/u_octect1/u_dpu_array/DPU2/dpu_fp32/mac3/multOp__0 multiplier stage TCU_WRAPPER_i/u_tc0/u_octect1/u_dpu_array/DPU2/dpu_fp32/mac3/multOp__0/P[47:0] is not pipelined (MREG=0). Pipelining the multiplier function will improve performance and will save significant power so it is suggested whenever possible to fully pipeline this function.  If this multiplier was inferred, it is suggested to describe an additional register stage after this function.  If there is no registered adder/accumulator following the multiply function, two pipeline stages are suggested to allow both the MREG and PREG registers to be used.  If the DSP48 was instantiated in the design, it is suggested to set both the MREG and PREG attributes to 1 when performing multiply functions.
Related violations: <none>

DPOP-2#159 Warning
MREG Output pipelining  
DSP TCU_WRAPPER_i/u_tc0/u_octect1/u_dpu_array/DPU2/dpu_posit32/posit32_mul0/multOp multiplier stage TCU_WRAPPER_i/u_tc0/u_octect1/u_dpu_array/DPU2/dpu_posit32/posit32_mul0/multOp/P[47:0] is not pipelined (MREG=0). Pipelining the multiplier function will improve performance and will save significant power so it is suggested whenever possible to fully pipeline this function.  If this multiplier was inferred, it is suggested to describe an additional register stage after this function.  If there is no registered adder/accumulator following the multiply function, two pipeline stages are suggested to allow both the MREG and PREG registers to be used.  If the DSP48 was instantiated in the design, it is suggested to set both the MREG and PREG attributes to 1 when performing multiply functions.
Related violations: <none>

DPOP-2#160 Warning
MREG Output pipelining  
DSP TCU_WRAPPER_i/u_tc0/u_octect1/u_dpu_array/DPU2/dpu_posit32/posit32_mul0/multOp__0 multiplier stage TCU_WRAPPER_i/u_tc0/u_octect1/u_dpu_array/DPU2/dpu_posit32/posit32_mul0/multOp__0/P[47:0] is not pipelined (MREG=0). Pipelining the multiplier function will improve performance and will save significant power so it is suggested whenever possible to fully pipeline this function.  If this multiplier was inferred, it is suggested to describe an additional register stage after this function.  If there is no registered adder/accumulator following the multiply function, two pipeline stages are suggested to allow both the MREG and PREG registers to be used.  If the DSP48 was instantiated in the design, it is suggested to set both the MREG and PREG attributes to 1 when performing multiply functions.
Related violations: <none>

DPOP-2#161 Warning
MREG Output pipelining  
DSP TCU_WRAPPER_i/u_tc0/u_octect1/u_dpu_array/DPU2/dpu_posit32/posit32_mul1/multOp multiplier stage TCU_WRAPPER_i/u_tc0/u_octect1/u_dpu_array/DPU2/dpu_posit32/posit32_mul1/multOp/P[47:0] is not pipelined (MREG=0). Pipelining the multiplier function will improve performance and will save significant power so it is suggested whenever possible to fully pipeline this function.  If this multiplier was inferred, it is suggested to describe an additional register stage after this function.  If there is no registered adder/accumulator following the multiply function, two pipeline stages are suggested to allow both the MREG and PREG registers to be used.  If the DSP48 was instantiated in the design, it is suggested to set both the MREG and PREG attributes to 1 when performing multiply functions.
Related violations: <none>

DPOP-2#162 Warning
MREG Output pipelining  
DSP TCU_WRAPPER_i/u_tc0/u_octect1/u_dpu_array/DPU2/dpu_posit32/posit32_mul1/multOp__0 multiplier stage TCU_WRAPPER_i/u_tc0/u_octect1/u_dpu_array/DPU2/dpu_posit32/posit32_mul1/multOp__0/P[47:0] is not pipelined (MREG=0). Pipelining the multiplier function will improve performance and will save significant power so it is suggested whenever possible to fully pipeline this function.  If this multiplier was inferred, it is suggested to describe an additional register stage after this function.  If there is no registered adder/accumulator following the multiply function, two pipeline stages are suggested to allow both the MREG and PREG registers to be used.  If the DSP48 was instantiated in the design, it is suggested to set both the MREG and PREG attributes to 1 when performing multiply functions.
Related violations: <none>

DPOP-2#163 Warning
MREG Output pipelining  
DSP TCU_WRAPPER_i/u_tc0/u_octect1/u_dpu_array/DPU2/dpu_posit32/posit32_mul2/multOp multiplier stage TCU_WRAPPER_i/u_tc0/u_octect1/u_dpu_array/DPU2/dpu_posit32/posit32_mul2/multOp/P[47:0] is not pipelined (MREG=0). Pipelining the multiplier function will improve performance and will save significant power so it is suggested whenever possible to fully pipeline this function.  If this multiplier was inferred, it is suggested to describe an additional register stage after this function.  If there is no registered adder/accumulator following the multiply function, two pipeline stages are suggested to allow both the MREG and PREG registers to be used.  If the DSP48 was instantiated in the design, it is suggested to set both the MREG and PREG attributes to 1 when performing multiply functions.
Related violations: <none>

DPOP-2#164 Warning
MREG Output pipelining  
DSP TCU_WRAPPER_i/u_tc0/u_octect1/u_dpu_array/DPU2/dpu_posit32/posit32_mul2/multOp__0 multiplier stage TCU_WRAPPER_i/u_tc0/u_octect1/u_dpu_array/DPU2/dpu_posit32/posit32_mul2/multOp__0/P[47:0] is not pipelined (MREG=0). Pipelining the multiplier function will improve performance and will save significant power so it is suggested whenever possible to fully pipeline this function.  If this multiplier was inferred, it is suggested to describe an additional register stage after this function.  If there is no registered adder/accumulator following the multiply function, two pipeline stages are suggested to allow both the MREG and PREG registers to be used.  If the DSP48 was instantiated in the design, it is suggested to set both the MREG and PREG attributes to 1 when performing multiply functions.
Related violations: <none>

DPOP-2#165 Warning
MREG Output pipelining  
DSP TCU_WRAPPER_i/u_tc0/u_octect1/u_dpu_array/DPU2/dpu_posit32/posit32_mul3/multOp multiplier stage TCU_WRAPPER_i/u_tc0/u_octect1/u_dpu_array/DPU2/dpu_posit32/posit32_mul3/multOp/P[47:0] is not pipelined (MREG=0). Pipelining the multiplier function will improve performance and will save significant power so it is suggested whenever possible to fully pipeline this function.  If this multiplier was inferred, it is suggested to describe an additional register stage after this function.  If there is no registered adder/accumulator following the multiply function, two pipeline stages are suggested to allow both the MREG and PREG registers to be used.  If the DSP48 was instantiated in the design, it is suggested to set both the MREG and PREG attributes to 1 when performing multiply functions.
Related violations: <none>

DPOP-2#166 Warning
MREG Output pipelining  
DSP TCU_WRAPPER_i/u_tc0/u_octect1/u_dpu_array/DPU3/dpu_fp32/mac0/multOp multiplier stage TCU_WRAPPER_i/u_tc0/u_octect1/u_dpu_array/DPU3/dpu_fp32/mac0/multOp/P[47:0] is not pipelined (MREG=0). Pipelining the multiplier function will improve performance and will save significant power so it is suggested whenever possible to fully pipeline this function.  If this multiplier was inferred, it is suggested to describe an additional register stage after this function.  If there is no registered adder/accumulator following the multiply function, two pipeline stages are suggested to allow both the MREG and PREG registers to be used.  If the DSP48 was instantiated in the design, it is suggested to set both the MREG and PREG attributes to 1 when performing multiply functions.
Related violations: <none>

DPOP-2#167 Warning
MREG Output pipelining  
DSP TCU_WRAPPER_i/u_tc0/u_octect1/u_dpu_array/DPU3/dpu_fp32/mac0/multOp__0 multiplier stage TCU_WRAPPER_i/u_tc0/u_octect1/u_dpu_array/DPU3/dpu_fp32/mac0/multOp__0/P[47:0] is not pipelined (MREG=0). Pipelining the multiplier function will improve performance and will save significant power so it is suggested whenever possible to fully pipeline this function.  If this multiplier was inferred, it is suggested to describe an additional register stage after this function.  If there is no registered adder/accumulator following the multiply function, two pipeline stages are suggested to allow both the MREG and PREG registers to be used.  If the DSP48 was instantiated in the design, it is suggested to set both the MREG and PREG attributes to 1 when performing multiply functions.
Related violations: <none>

DPOP-2#168 Warning
MREG Output pipelining  
DSP TCU_WRAPPER_i/u_tc0/u_octect1/u_dpu_array/DPU3/dpu_fp32/mac1/multOp multiplier stage TCU_WRAPPER_i/u_tc0/u_octect1/u_dpu_array/DPU3/dpu_fp32/mac1/multOp/P[47:0] is not pipelined (MREG=0). Pipelining the multiplier function will improve performance and will save significant power so it is suggested whenever possible to fully pipeline this function.  If this multiplier was inferred, it is suggested to describe an additional register stage after this function.  If there is no registered adder/accumulator following the multiply function, two pipeline stages are suggested to allow both the MREG and PREG registers to be used.  If the DSP48 was instantiated in the design, it is suggested to set both the MREG and PREG attributes to 1 when performing multiply functions.
Related violations: <none>

DPOP-2#169 Warning
MREG Output pipelining  
DSP TCU_WRAPPER_i/u_tc0/u_octect1/u_dpu_array/DPU3/dpu_fp32/mac1/multOp__0 multiplier stage TCU_WRAPPER_i/u_tc0/u_octect1/u_dpu_array/DPU3/dpu_fp32/mac1/multOp__0/P[47:0] is not pipelined (MREG=0). Pipelining the multiplier function will improve performance and will save significant power so it is suggested whenever possible to fully pipeline this function.  If this multiplier was inferred, it is suggested to describe an additional register stage after this function.  If there is no registered adder/accumulator following the multiply function, two pipeline stages are suggested to allow both the MREG and PREG registers to be used.  If the DSP48 was instantiated in the design, it is suggested to set both the MREG and PREG attributes to 1 when performing multiply functions.
Related violations: <none>

DPOP-2#170 Warning
MREG Output pipelining  
DSP TCU_WRAPPER_i/u_tc0/u_octect1/u_dpu_array/DPU3/dpu_fp32/mac2/multOp multiplier stage TCU_WRAPPER_i/u_tc0/u_octect1/u_dpu_array/DPU3/dpu_fp32/mac2/multOp/P[47:0] is not pipelined (MREG=0). Pipelining the multiplier function will improve performance and will save significant power so it is suggested whenever possible to fully pipeline this function.  If this multiplier was inferred, it is suggested to describe an additional register stage after this function.  If there is no registered adder/accumulator following the multiply function, two pipeline stages are suggested to allow both the MREG and PREG registers to be used.  If the DSP48 was instantiated in the design, it is suggested to set both the MREG and PREG attributes to 1 when performing multiply functions.
Related violations: <none>

DPOP-2#171 Warning
MREG Output pipelining  
DSP TCU_WRAPPER_i/u_tc0/u_octect1/u_dpu_array/DPU3/dpu_fp32/mac2/multOp__0 multiplier stage TCU_WRAPPER_i/u_tc0/u_octect1/u_dpu_array/DPU3/dpu_fp32/mac2/multOp__0/P[47:0] is not pipelined (MREG=0). Pipelining the multiplier function will improve performance and will save significant power so it is suggested whenever possible to fully pipeline this function.  If this multiplier was inferred, it is suggested to describe an additional register stage after this function.  If there is no registered adder/accumulator following the multiply function, two pipeline stages are suggested to allow both the MREG and PREG registers to be used.  If the DSP48 was instantiated in the design, it is suggested to set both the MREG and PREG attributes to 1 when performing multiply functions.
Related violations: <none>

DPOP-2#172 Warning
MREG Output pipelining  
DSP TCU_WRAPPER_i/u_tc0/u_octect1/u_dpu_array/DPU3/dpu_fp32/mac3/multOp multiplier stage TCU_WRAPPER_i/u_tc0/u_octect1/u_dpu_array/DPU3/dpu_fp32/mac3/multOp/P[47:0] is not pipelined (MREG=0). Pipelining the multiplier function will improve performance and will save significant power so it is suggested whenever possible to fully pipeline this function.  If this multiplier was inferred, it is suggested to describe an additional register stage after this function.  If there is no registered adder/accumulator following the multiply function, two pipeline stages are suggested to allow both the MREG and PREG registers to be used.  If the DSP48 was instantiated in the design, it is suggested to set both the MREG and PREG attributes to 1 when performing multiply functions.
Related violations: <none>

DPOP-2#173 Warning
MREG Output pipelining  
DSP TCU_WRAPPER_i/u_tc0/u_octect1/u_dpu_array/DPU3/dpu_fp32/mac3/multOp__0 multiplier stage TCU_WRAPPER_i/u_tc0/u_octect1/u_dpu_array/DPU3/dpu_fp32/mac3/multOp__0/P[47:0] is not pipelined (MREG=0). Pipelining the multiplier function will improve performance and will save significant power so it is suggested whenever possible to fully pipeline this function.  If this multiplier was inferred, it is suggested to describe an additional register stage after this function.  If there is no registered adder/accumulator following the multiply function, two pipeline stages are suggested to allow both the MREG and PREG registers to be used.  If the DSP48 was instantiated in the design, it is suggested to set both the MREG and PREG attributes to 1 when performing multiply functions.
Related violations: <none>

DPOP-2#174 Warning
MREG Output pipelining  
DSP TCU_WRAPPER_i/u_tc0/u_octect1/u_dpu_array/DPU3/dpu_posit32/posit32_mul0/multOp multiplier stage TCU_WRAPPER_i/u_tc0/u_octect1/u_dpu_array/DPU3/dpu_posit32/posit32_mul0/multOp/P[47:0] is not pipelined (MREG=0). Pipelining the multiplier function will improve performance and will save significant power so it is suggested whenever possible to fully pipeline this function.  If this multiplier was inferred, it is suggested to describe an additional register stage after this function.  If there is no registered adder/accumulator following the multiply function, two pipeline stages are suggested to allow both the MREG and PREG registers to be used.  If the DSP48 was instantiated in the design, it is suggested to set both the MREG and PREG attributes to 1 when performing multiply functions.
Related violations: <none>

DPOP-2#175 Warning
MREG Output pipelining  
DSP TCU_WRAPPER_i/u_tc0/u_octect1/u_dpu_array/DPU3/dpu_posit32/posit32_mul0/multOp__0 multiplier stage TCU_WRAPPER_i/u_tc0/u_octect1/u_dpu_array/DPU3/dpu_posit32/posit32_mul0/multOp__0/P[47:0] is not pipelined (MREG=0). Pipelining the multiplier function will improve performance and will save significant power so it is suggested whenever possible to fully pipeline this function.  If this multiplier was inferred, it is suggested to describe an additional register stage after this function.  If there is no registered adder/accumulator following the multiply function, two pipeline stages are suggested to allow both the MREG and PREG registers to be used.  If the DSP48 was instantiated in the design, it is suggested to set both the MREG and PREG attributes to 1 when performing multiply functions.
Related violations: <none>

DPOP-2#176 Warning
MREG Output pipelining  
DSP TCU_WRAPPER_i/u_tc0/u_octect1/u_dpu_array/DPU3/dpu_posit32/posit32_mul1/multOp multiplier stage TCU_WRAPPER_i/u_tc0/u_octect1/u_dpu_array/DPU3/dpu_posit32/posit32_mul1/multOp/P[47:0] is not pipelined (MREG=0). Pipelining the multiplier function will improve performance and will save significant power so it is suggested whenever possible to fully pipeline this function.  If this multiplier was inferred, it is suggested to describe an additional register stage after this function.  If there is no registered adder/accumulator following the multiply function, two pipeline stages are suggested to allow both the MREG and PREG registers to be used.  If the DSP48 was instantiated in the design, it is suggested to set both the MREG and PREG attributes to 1 when performing multiply functions.
Related violations: <none>

DPOP-2#177 Warning
MREG Output pipelining  
DSP TCU_WRAPPER_i/u_tc0/u_octect1/u_dpu_array/DPU3/dpu_posit32/posit32_mul1/multOp__0 multiplier stage TCU_WRAPPER_i/u_tc0/u_octect1/u_dpu_array/DPU3/dpu_posit32/posit32_mul1/multOp__0/P[47:0] is not pipelined (MREG=0). Pipelining the multiplier function will improve performance and will save significant power so it is suggested whenever possible to fully pipeline this function.  If this multiplier was inferred, it is suggested to describe an additional register stage after this function.  If there is no registered adder/accumulator following the multiply function, two pipeline stages are suggested to allow both the MREG and PREG registers to be used.  If the DSP48 was instantiated in the design, it is suggested to set both the MREG and PREG attributes to 1 when performing multiply functions.
Related violations: <none>

DPOP-2#178 Warning
MREG Output pipelining  
DSP TCU_WRAPPER_i/u_tc0/u_octect1/u_dpu_array/DPU3/dpu_posit32/posit32_mul2/multOp multiplier stage TCU_WRAPPER_i/u_tc0/u_octect1/u_dpu_array/DPU3/dpu_posit32/posit32_mul2/multOp/P[47:0] is not pipelined (MREG=0). Pipelining the multiplier function will improve performance and will save significant power so it is suggested whenever possible to fully pipeline this function.  If this multiplier was inferred, it is suggested to describe an additional register stage after this function.  If there is no registered adder/accumulator following the multiply function, two pipeline stages are suggested to allow both the MREG and PREG registers to be used.  If the DSP48 was instantiated in the design, it is suggested to set both the MREG and PREG attributes to 1 when performing multiply functions.
Related violations: <none>

DPOP-2#179 Warning
MREG Output pipelining  
DSP TCU_WRAPPER_i/u_tc0/u_octect1/u_dpu_array/DPU3/dpu_posit32/posit32_mul2/multOp__0 multiplier stage TCU_WRAPPER_i/u_tc0/u_octect1/u_dpu_array/DPU3/dpu_posit32/posit32_mul2/multOp__0/P[47:0] is not pipelined (MREG=0). Pipelining the multiplier function will improve performance and will save significant power so it is suggested whenever possible to fully pipeline this function.  If this multiplier was inferred, it is suggested to describe an additional register stage after this function.  If there is no registered adder/accumulator following the multiply function, two pipeline stages are suggested to allow both the MREG and PREG registers to be used.  If the DSP48 was instantiated in the design, it is suggested to set both the MREG and PREG attributes to 1 when performing multiply functions.
Related violations: <none>

DPOP-2#180 Warning
MREG Output pipelining  
DSP TCU_WRAPPER_i/u_tc0/u_octect1/u_dpu_array/DPU3/dpu_posit32/posit32_mul3/multOp multiplier stage TCU_WRAPPER_i/u_tc0/u_octect1/u_dpu_array/DPU3/dpu_posit32/posit32_mul3/multOp/P[47:0] is not pipelined (MREG=0). Pipelining the multiplier function will improve performance and will save significant power so it is suggested whenever possible to fully pipeline this function.  If this multiplier was inferred, it is suggested to describe an additional register stage after this function.  If there is no registered adder/accumulator following the multiply function, two pipeline stages are suggested to allow both the MREG and PREG registers to be used.  If the DSP48 was instantiated in the design, it is suggested to set both the MREG and PREG attributes to 1 when performing multiply functions.
Related violations: <none>

DPOP-2#181 Warning
MREG Output pipelining  
DSP TCU_WRAPPER_i/u_tc0/u_octect1/u_dpu_array/DPU4/dpu_fp32/mac0/multOp multiplier stage TCU_WRAPPER_i/u_tc0/u_octect1/u_dpu_array/DPU4/dpu_fp32/mac0/multOp/P[47:0] is not pipelined (MREG=0). Pipelining the multiplier function will improve performance and will save significant power so it is suggested whenever possible to fully pipeline this function.  If this multiplier was inferred, it is suggested to describe an additional register stage after this function.  If there is no registered adder/accumulator following the multiply function, two pipeline stages are suggested to allow both the MREG and PREG registers to be used.  If the DSP48 was instantiated in the design, it is suggested to set both the MREG and PREG attributes to 1 when performing multiply functions.
Related violations: <none>

DPOP-2#182 Warning
MREG Output pipelining  
DSP TCU_WRAPPER_i/u_tc0/u_octect1/u_dpu_array/DPU4/dpu_fp32/mac0/multOp__0 multiplier stage TCU_WRAPPER_i/u_tc0/u_octect1/u_dpu_array/DPU4/dpu_fp32/mac0/multOp__0/P[47:0] is not pipelined (MREG=0). Pipelining the multiplier function will improve performance and will save significant power so it is suggested whenever possible to fully pipeline this function.  If this multiplier was inferred, it is suggested to describe an additional register stage after this function.  If there is no registered adder/accumulator following the multiply function, two pipeline stages are suggested to allow both the MREG and PREG registers to be used.  If the DSP48 was instantiated in the design, it is suggested to set both the MREG and PREG attributes to 1 when performing multiply functions.
Related violations: <none>

DPOP-2#183 Warning
MREG Output pipelining  
DSP TCU_WRAPPER_i/u_tc0/u_octect1/u_dpu_array/DPU4/dpu_fp32/mac1/multOp multiplier stage TCU_WRAPPER_i/u_tc0/u_octect1/u_dpu_array/DPU4/dpu_fp32/mac1/multOp/P[47:0] is not pipelined (MREG=0). Pipelining the multiplier function will improve performance and will save significant power so it is suggested whenever possible to fully pipeline this function.  If this multiplier was inferred, it is suggested to describe an additional register stage after this function.  If there is no registered adder/accumulator following the multiply function, two pipeline stages are suggested to allow both the MREG and PREG registers to be used.  If the DSP48 was instantiated in the design, it is suggested to set both the MREG and PREG attributes to 1 when performing multiply functions.
Related violations: <none>

DPOP-2#184 Warning
MREG Output pipelining  
DSP TCU_WRAPPER_i/u_tc0/u_octect1/u_dpu_array/DPU4/dpu_fp32/mac1/multOp__0 multiplier stage TCU_WRAPPER_i/u_tc0/u_octect1/u_dpu_array/DPU4/dpu_fp32/mac1/multOp__0/P[47:0] is not pipelined (MREG=0). Pipelining the multiplier function will improve performance and will save significant power so it is suggested whenever possible to fully pipeline this function.  If this multiplier was inferred, it is suggested to describe an additional register stage after this function.  If there is no registered adder/accumulator following the multiply function, two pipeline stages are suggested to allow both the MREG and PREG registers to be used.  If the DSP48 was instantiated in the design, it is suggested to set both the MREG and PREG attributes to 1 when performing multiply functions.
Related violations: <none>

DPOP-2#185 Warning
MREG Output pipelining  
DSP TCU_WRAPPER_i/u_tc0/u_octect1/u_dpu_array/DPU4/dpu_fp32/mac2/multOp multiplier stage TCU_WRAPPER_i/u_tc0/u_octect1/u_dpu_array/DPU4/dpu_fp32/mac2/multOp/P[47:0] is not pipelined (MREG=0). Pipelining the multiplier function will improve performance and will save significant power so it is suggested whenever possible to fully pipeline this function.  If this multiplier was inferred, it is suggested to describe an additional register stage after this function.  If there is no registered adder/accumulator following the multiply function, two pipeline stages are suggested to allow both the MREG and PREG registers to be used.  If the DSP48 was instantiated in the design, it is suggested to set both the MREG and PREG attributes to 1 when performing multiply functions.
Related violations: <none>

DPOP-2#186 Warning
MREG Output pipelining  
DSP TCU_WRAPPER_i/u_tc0/u_octect1/u_dpu_array/DPU4/dpu_fp32/mac2/multOp__0 multiplier stage TCU_WRAPPER_i/u_tc0/u_octect1/u_dpu_array/DPU4/dpu_fp32/mac2/multOp__0/P[47:0] is not pipelined (MREG=0). Pipelining the multiplier function will improve performance and will save significant power so it is suggested whenever possible to fully pipeline this function.  If this multiplier was inferred, it is suggested to describe an additional register stage after this function.  If there is no registered adder/accumulator following the multiply function, two pipeline stages are suggested to allow both the MREG and PREG registers to be used.  If the DSP48 was instantiated in the design, it is suggested to set both the MREG and PREG attributes to 1 when performing multiply functions.
Related violations: <none>

DPOP-2#187 Warning
MREG Output pipelining  
DSP TCU_WRAPPER_i/u_tc0/u_octect1/u_dpu_array/DPU4/dpu_fp32/mac3/multOp multiplier stage TCU_WRAPPER_i/u_tc0/u_octect1/u_dpu_array/DPU4/dpu_fp32/mac3/multOp/P[47:0] is not pipelined (MREG=0). Pipelining the multiplier function will improve performance and will save significant power so it is suggested whenever possible to fully pipeline this function.  If this multiplier was inferred, it is suggested to describe an additional register stage after this function.  If there is no registered adder/accumulator following the multiply function, two pipeline stages are suggested to allow both the MREG and PREG registers to be used.  If the DSP48 was instantiated in the design, it is suggested to set both the MREG and PREG attributes to 1 when performing multiply functions.
Related violations: <none>

DPOP-2#188 Warning
MREG Output pipelining  
DSP TCU_WRAPPER_i/u_tc0/u_octect1/u_dpu_array/DPU4/dpu_fp32/mac3/multOp__0 multiplier stage TCU_WRAPPER_i/u_tc0/u_octect1/u_dpu_array/DPU4/dpu_fp32/mac3/multOp__0/P[47:0] is not pipelined (MREG=0). Pipelining the multiplier function will improve performance and will save significant power so it is suggested whenever possible to fully pipeline this function.  If this multiplier was inferred, it is suggested to describe an additional register stage after this function.  If there is no registered adder/accumulator following the multiply function, two pipeline stages are suggested to allow both the MREG and PREG registers to be used.  If the DSP48 was instantiated in the design, it is suggested to set both the MREG and PREG attributes to 1 when performing multiply functions.
Related violations: <none>

DPOP-2#189 Warning
MREG Output pipelining  
DSP TCU_WRAPPER_i/u_tc0/u_octect1/u_dpu_array/DPU4/dpu_posit32/posit32_mul0/multOp multiplier stage TCU_WRAPPER_i/u_tc0/u_octect1/u_dpu_array/DPU4/dpu_posit32/posit32_mul0/multOp/P[47:0] is not pipelined (MREG=0). Pipelining the multiplier function will improve performance and will save significant power so it is suggested whenever possible to fully pipeline this function.  If this multiplier was inferred, it is suggested to describe an additional register stage after this function.  If there is no registered adder/accumulator following the multiply function, two pipeline stages are suggested to allow both the MREG and PREG registers to be used.  If the DSP48 was instantiated in the design, it is suggested to set both the MREG and PREG attributes to 1 when performing multiply functions.
Related violations: <none>

DPOP-2#190 Warning
MREG Output pipelining  
DSP TCU_WRAPPER_i/u_tc0/u_octect1/u_dpu_array/DPU4/dpu_posit32/posit32_mul0/multOp__0 multiplier stage TCU_WRAPPER_i/u_tc0/u_octect1/u_dpu_array/DPU4/dpu_posit32/posit32_mul0/multOp__0/P[47:0] is not pipelined (MREG=0). Pipelining the multiplier function will improve performance and will save significant power so it is suggested whenever possible to fully pipeline this function.  If this multiplier was inferred, it is suggested to describe an additional register stage after this function.  If there is no registered adder/accumulator following the multiply function, two pipeline stages are suggested to allow both the MREG and PREG registers to be used.  If the DSP48 was instantiated in the design, it is suggested to set both the MREG and PREG attributes to 1 when performing multiply functions.
Related violations: <none>

DPOP-2#191 Warning
MREG Output pipelining  
DSP TCU_WRAPPER_i/u_tc0/u_octect1/u_dpu_array/DPU4/dpu_posit32/posit32_mul1/multOp multiplier stage TCU_WRAPPER_i/u_tc0/u_octect1/u_dpu_array/DPU4/dpu_posit32/posit32_mul1/multOp/P[47:0] is not pipelined (MREG=0). Pipelining the multiplier function will improve performance and will save significant power so it is suggested whenever possible to fully pipeline this function.  If this multiplier was inferred, it is suggested to describe an additional register stage after this function.  If there is no registered adder/accumulator following the multiply function, two pipeline stages are suggested to allow both the MREG and PREG registers to be used.  If the DSP48 was instantiated in the design, it is suggested to set both the MREG and PREG attributes to 1 when performing multiply functions.
Related violations: <none>

DPOP-2#192 Warning
MREG Output pipelining  
DSP TCU_WRAPPER_i/u_tc0/u_octect1/u_dpu_array/DPU4/dpu_posit32/posit32_mul1/multOp__0 multiplier stage TCU_WRAPPER_i/u_tc0/u_octect1/u_dpu_array/DPU4/dpu_posit32/posit32_mul1/multOp__0/P[47:0] is not pipelined (MREG=0). Pipelining the multiplier function will improve performance and will save significant power so it is suggested whenever possible to fully pipeline this function.  If this multiplier was inferred, it is suggested to describe an additional register stage after this function.  If there is no registered adder/accumulator following the multiply function, two pipeline stages are suggested to allow both the MREG and PREG registers to be used.  If the DSP48 was instantiated in the design, it is suggested to set both the MREG and PREG attributes to 1 when performing multiply functions.
Related violations: <none>

DPOP-2#193 Warning
MREG Output pipelining  
DSP TCU_WRAPPER_i/u_tc0/u_octect1/u_dpu_array/DPU4/dpu_posit32/posit32_mul2/multOp multiplier stage TCU_WRAPPER_i/u_tc0/u_octect1/u_dpu_array/DPU4/dpu_posit32/posit32_mul2/multOp/P[47:0] is not pipelined (MREG=0). Pipelining the multiplier function will improve performance and will save significant power so it is suggested whenever possible to fully pipeline this function.  If this multiplier was inferred, it is suggested to describe an additional register stage after this function.  If there is no registered adder/accumulator following the multiply function, two pipeline stages are suggested to allow both the MREG and PREG registers to be used.  If the DSP48 was instantiated in the design, it is suggested to set both the MREG and PREG attributes to 1 when performing multiply functions.
Related violations: <none>

DPOP-2#194 Warning
MREG Output pipelining  
DSP TCU_WRAPPER_i/u_tc0/u_octect1/u_dpu_array/DPU4/dpu_posit32/posit32_mul2/multOp__0 multiplier stage TCU_WRAPPER_i/u_tc0/u_octect1/u_dpu_array/DPU4/dpu_posit32/posit32_mul2/multOp__0/P[47:0] is not pipelined (MREG=0). Pipelining the multiplier function will improve performance and will save significant power so it is suggested whenever possible to fully pipeline this function.  If this multiplier was inferred, it is suggested to describe an additional register stage after this function.  If there is no registered adder/accumulator following the multiply function, two pipeline stages are suggested to allow both the MREG and PREG registers to be used.  If the DSP48 was instantiated in the design, it is suggested to set both the MREG and PREG attributes to 1 when performing multiply functions.
Related violations: <none>

DPOP-2#195 Warning
MREG Output pipelining  
DSP TCU_WRAPPER_i/u_tc0/u_octect1/u_dpu_array/DPU4/dpu_posit32/posit32_mul3/multOp multiplier stage TCU_WRAPPER_i/u_tc0/u_octect1/u_dpu_array/DPU4/dpu_posit32/posit32_mul3/multOp/P[47:0] is not pipelined (MREG=0). Pipelining the multiplier function will improve performance and will save significant power so it is suggested whenever possible to fully pipeline this function.  If this multiplier was inferred, it is suggested to describe an additional register stage after this function.  If there is no registered adder/accumulator following the multiply function, two pipeline stages are suggested to allow both the MREG and PREG registers to be used.  If the DSP48 was instantiated in the design, it is suggested to set both the MREG and PREG attributes to 1 when performing multiply functions.
Related violations: <none>

DPOP-2#196 Warning
MREG Output pipelining  
DSP TCU_WRAPPER_i/u_tc0/u_octect1/u_dpu_array/DPU5/dpu_fp32/mac0/multOp multiplier stage TCU_WRAPPER_i/u_tc0/u_octect1/u_dpu_array/DPU5/dpu_fp32/mac0/multOp/P[47:0] is not pipelined (MREG=0). Pipelining the multiplier function will improve performance and will save significant power so it is suggested whenever possible to fully pipeline this function.  If this multiplier was inferred, it is suggested to describe an additional register stage after this function.  If there is no registered adder/accumulator following the multiply function, two pipeline stages are suggested to allow both the MREG and PREG registers to be used.  If the DSP48 was instantiated in the design, it is suggested to set both the MREG and PREG attributes to 1 when performing multiply functions.
Related violations: <none>

DPOP-2#197 Warning
MREG Output pipelining  
DSP TCU_WRAPPER_i/u_tc0/u_octect1/u_dpu_array/DPU5/dpu_fp32/mac0/multOp__0 multiplier stage TCU_WRAPPER_i/u_tc0/u_octect1/u_dpu_array/DPU5/dpu_fp32/mac0/multOp__0/P[47:0] is not pipelined (MREG=0). Pipelining the multiplier function will improve performance and will save significant power so it is suggested whenever possible to fully pipeline this function.  If this multiplier was inferred, it is suggested to describe an additional register stage after this function.  If there is no registered adder/accumulator following the multiply function, two pipeline stages are suggested to allow both the MREG and PREG registers to be used.  If the DSP48 was instantiated in the design, it is suggested to set both the MREG and PREG attributes to 1 when performing multiply functions.
Related violations: <none>

DPOP-2#198 Warning
MREG Output pipelining  
DSP TCU_WRAPPER_i/u_tc0/u_octect1/u_dpu_array/DPU5/dpu_fp32/mac1/multOp multiplier stage TCU_WRAPPER_i/u_tc0/u_octect1/u_dpu_array/DPU5/dpu_fp32/mac1/multOp/P[47:0] is not pipelined (MREG=0). Pipelining the multiplier function will improve performance and will save significant power so it is suggested whenever possible to fully pipeline this function.  If this multiplier was inferred, it is suggested to describe an additional register stage after this function.  If there is no registered adder/accumulator following the multiply function, two pipeline stages are suggested to allow both the MREG and PREG registers to be used.  If the DSP48 was instantiated in the design, it is suggested to set both the MREG and PREG attributes to 1 when performing multiply functions.
Related violations: <none>

DPOP-2#199 Warning
MREG Output pipelining  
DSP TCU_WRAPPER_i/u_tc0/u_octect1/u_dpu_array/DPU5/dpu_fp32/mac1/multOp__0 multiplier stage TCU_WRAPPER_i/u_tc0/u_octect1/u_dpu_array/DPU5/dpu_fp32/mac1/multOp__0/P[47:0] is not pipelined (MREG=0). Pipelining the multiplier function will improve performance and will save significant power so it is suggested whenever possible to fully pipeline this function.  If this multiplier was inferred, it is suggested to describe an additional register stage after this function.  If there is no registered adder/accumulator following the multiply function, two pipeline stages are suggested to allow both the MREG and PREG registers to be used.  If the DSP48 was instantiated in the design, it is suggested to set both the MREG and PREG attributes to 1 when performing multiply functions.
Related violations: <none>

DPOP-2#200 Warning
MREG Output pipelining  
DSP TCU_WRAPPER_i/u_tc0/u_octect1/u_dpu_array/DPU5/dpu_fp32/mac2/multOp multiplier stage TCU_WRAPPER_i/u_tc0/u_octect1/u_dpu_array/DPU5/dpu_fp32/mac2/multOp/P[47:0] is not pipelined (MREG=0). Pipelining the multiplier function will improve performance and will save significant power so it is suggested whenever possible to fully pipeline this function.  If this multiplier was inferred, it is suggested to describe an additional register stage after this function.  If there is no registered adder/accumulator following the multiply function, two pipeline stages are suggested to allow both the MREG and PREG registers to be used.  If the DSP48 was instantiated in the design, it is suggested to set both the MREG and PREG attributes to 1 when performing multiply functions.
Related violations: <none>

DPOP-2#201 Warning
MREG Output pipelining  
DSP TCU_WRAPPER_i/u_tc0/u_octect1/u_dpu_array/DPU5/dpu_fp32/mac2/multOp__0 multiplier stage TCU_WRAPPER_i/u_tc0/u_octect1/u_dpu_array/DPU5/dpu_fp32/mac2/multOp__0/P[47:0] is not pipelined (MREG=0). Pipelining the multiplier function will improve performance and will save significant power so it is suggested whenever possible to fully pipeline this function.  If this multiplier was inferred, it is suggested to describe an additional register stage after this function.  If there is no registered adder/accumulator following the multiply function, two pipeline stages are suggested to allow both the MREG and PREG registers to be used.  If the DSP48 was instantiated in the design, it is suggested to set both the MREG and PREG attributes to 1 when performing multiply functions.
Related violations: <none>

DPOP-2#202 Warning
MREG Output pipelining  
DSP TCU_WRAPPER_i/u_tc0/u_octect1/u_dpu_array/DPU5/dpu_fp32/mac3/multOp multiplier stage TCU_WRAPPER_i/u_tc0/u_octect1/u_dpu_array/DPU5/dpu_fp32/mac3/multOp/P[47:0] is not pipelined (MREG=0). Pipelining the multiplier function will improve performance and will save significant power so it is suggested whenever possible to fully pipeline this function.  If this multiplier was inferred, it is suggested to describe an additional register stage after this function.  If there is no registered adder/accumulator following the multiply function, two pipeline stages are suggested to allow both the MREG and PREG registers to be used.  If the DSP48 was instantiated in the design, it is suggested to set both the MREG and PREG attributes to 1 when performing multiply functions.
Related violations: <none>

DPOP-2#203 Warning
MREG Output pipelining  
DSP TCU_WRAPPER_i/u_tc0/u_octect1/u_dpu_array/DPU5/dpu_fp32/mac3/multOp__0 multiplier stage TCU_WRAPPER_i/u_tc0/u_octect1/u_dpu_array/DPU5/dpu_fp32/mac3/multOp__0/P[47:0] is not pipelined (MREG=0). Pipelining the multiplier function will improve performance and will save significant power so it is suggested whenever possible to fully pipeline this function.  If this multiplier was inferred, it is suggested to describe an additional register stage after this function.  If there is no registered adder/accumulator following the multiply function, two pipeline stages are suggested to allow both the MREG and PREG registers to be used.  If the DSP48 was instantiated in the design, it is suggested to set both the MREG and PREG attributes to 1 when performing multiply functions.
Related violations: <none>

DPOP-2#204 Warning
MREG Output pipelining  
DSP TCU_WRAPPER_i/u_tc0/u_octect1/u_dpu_array/DPU5/dpu_posit32/posit32_mul0/multOp multiplier stage TCU_WRAPPER_i/u_tc0/u_octect1/u_dpu_array/DPU5/dpu_posit32/posit32_mul0/multOp/P[47:0] is not pipelined (MREG=0). Pipelining the multiplier function will improve performance and will save significant power so it is suggested whenever possible to fully pipeline this function.  If this multiplier was inferred, it is suggested to describe an additional register stage after this function.  If there is no registered adder/accumulator following the multiply function, two pipeline stages are suggested to allow both the MREG and PREG registers to be used.  If the DSP48 was instantiated in the design, it is suggested to set both the MREG and PREG attributes to 1 when performing multiply functions.
Related violations: <none>

DPOP-2#205 Warning
MREG Output pipelining  
DSP TCU_WRAPPER_i/u_tc0/u_octect1/u_dpu_array/DPU5/dpu_posit32/posit32_mul0/multOp__0 multiplier stage TCU_WRAPPER_i/u_tc0/u_octect1/u_dpu_array/DPU5/dpu_posit32/posit32_mul0/multOp__0/P[47:0] is not pipelined (MREG=0). Pipelining the multiplier function will improve performance and will save significant power so it is suggested whenever possible to fully pipeline this function.  If this multiplier was inferred, it is suggested to describe an additional register stage after this function.  If there is no registered adder/accumulator following the multiply function, two pipeline stages are suggested to allow both the MREG and PREG registers to be used.  If the DSP48 was instantiated in the design, it is suggested to set both the MREG and PREG attributes to 1 when performing multiply functions.
Related violations: <none>

DPOP-2#206 Warning
MREG Output pipelining  
DSP TCU_WRAPPER_i/u_tc0/u_octect1/u_dpu_array/DPU5/dpu_posit32/posit32_mul1/multOp multiplier stage TCU_WRAPPER_i/u_tc0/u_octect1/u_dpu_array/DPU5/dpu_posit32/posit32_mul1/multOp/P[47:0] is not pipelined (MREG=0). Pipelining the multiplier function will improve performance and will save significant power so it is suggested whenever possible to fully pipeline this function.  If this multiplier was inferred, it is suggested to describe an additional register stage after this function.  If there is no registered adder/accumulator following the multiply function, two pipeline stages are suggested to allow both the MREG and PREG registers to be used.  If the DSP48 was instantiated in the design, it is suggested to set both the MREG and PREG attributes to 1 when performing multiply functions.
Related violations: <none>

DPOP-2#207 Warning
MREG Output pipelining  
DSP TCU_WRAPPER_i/u_tc0/u_octect1/u_dpu_array/DPU5/dpu_posit32/posit32_mul1/multOp__0 multiplier stage TCU_WRAPPER_i/u_tc0/u_octect1/u_dpu_array/DPU5/dpu_posit32/posit32_mul1/multOp__0/P[47:0] is not pipelined (MREG=0). Pipelining the multiplier function will improve performance and will save significant power so it is suggested whenever possible to fully pipeline this function.  If this multiplier was inferred, it is suggested to describe an additional register stage after this function.  If there is no registered adder/accumulator following the multiply function, two pipeline stages are suggested to allow both the MREG and PREG registers to be used.  If the DSP48 was instantiated in the design, it is suggested to set both the MREG and PREG attributes to 1 when performing multiply functions.
Related violations: <none>

DPOP-2#208 Warning
MREG Output pipelining  
DSP TCU_WRAPPER_i/u_tc0/u_octect1/u_dpu_array/DPU5/dpu_posit32/posit32_mul2/multOp multiplier stage TCU_WRAPPER_i/u_tc0/u_octect1/u_dpu_array/DPU5/dpu_posit32/posit32_mul2/multOp/P[47:0] is not pipelined (MREG=0). Pipelining the multiplier function will improve performance and will save significant power so it is suggested whenever possible to fully pipeline this function.  If this multiplier was inferred, it is suggested to describe an additional register stage after this function.  If there is no registered adder/accumulator following the multiply function, two pipeline stages are suggested to allow both the MREG and PREG registers to be used.  If the DSP48 was instantiated in the design, it is suggested to set both the MREG and PREG attributes to 1 when performing multiply functions.
Related violations: <none>

DPOP-2#209 Warning
MREG Output pipelining  
DSP TCU_WRAPPER_i/u_tc0/u_octect1/u_dpu_array/DPU5/dpu_posit32/posit32_mul2/multOp__0 multiplier stage TCU_WRAPPER_i/u_tc0/u_octect1/u_dpu_array/DPU5/dpu_posit32/posit32_mul2/multOp__0/P[47:0] is not pipelined (MREG=0). Pipelining the multiplier function will improve performance and will save significant power so it is suggested whenever possible to fully pipeline this function.  If this multiplier was inferred, it is suggested to describe an additional register stage after this function.  If there is no registered adder/accumulator following the multiply function, two pipeline stages are suggested to allow both the MREG and PREG registers to be used.  If the DSP48 was instantiated in the design, it is suggested to set both the MREG and PREG attributes to 1 when performing multiply functions.
Related violations: <none>

DPOP-2#210 Warning
MREG Output pipelining  
DSP TCU_WRAPPER_i/u_tc0/u_octect1/u_dpu_array/DPU5/dpu_posit32/posit32_mul3/multOp multiplier stage TCU_WRAPPER_i/u_tc0/u_octect1/u_dpu_array/DPU5/dpu_posit32/posit32_mul3/multOp/P[47:0] is not pipelined (MREG=0). Pipelining the multiplier function will improve performance and will save significant power so it is suggested whenever possible to fully pipeline this function.  If this multiplier was inferred, it is suggested to describe an additional register stage after this function.  If there is no registered adder/accumulator following the multiply function, two pipeline stages are suggested to allow both the MREG and PREG registers to be used.  If the DSP48 was instantiated in the design, it is suggested to set both the MREG and PREG attributes to 1 when performing multiply functions.
Related violations: <none>

DPOP-2#211 Warning
MREG Output pipelining  
DSP TCU_WRAPPER_i/u_tc0/u_octect1/u_dpu_array/DPU6/dpu_fp32/mac0/multOp multiplier stage TCU_WRAPPER_i/u_tc0/u_octect1/u_dpu_array/DPU6/dpu_fp32/mac0/multOp/P[47:0] is not pipelined (MREG=0). Pipelining the multiplier function will improve performance and will save significant power so it is suggested whenever possible to fully pipeline this function.  If this multiplier was inferred, it is suggested to describe an additional register stage after this function.  If there is no registered adder/accumulator following the multiply function, two pipeline stages are suggested to allow both the MREG and PREG registers to be used.  If the DSP48 was instantiated in the design, it is suggested to set both the MREG and PREG attributes to 1 when performing multiply functions.
Related violations: <none>

DPOP-2#212 Warning
MREG Output pipelining  
DSP TCU_WRAPPER_i/u_tc0/u_octect1/u_dpu_array/DPU6/dpu_fp32/mac0/multOp__0 multiplier stage TCU_WRAPPER_i/u_tc0/u_octect1/u_dpu_array/DPU6/dpu_fp32/mac0/multOp__0/P[47:0] is not pipelined (MREG=0). Pipelining the multiplier function will improve performance and will save significant power so it is suggested whenever possible to fully pipeline this function.  If this multiplier was inferred, it is suggested to describe an additional register stage after this function.  If there is no registered adder/accumulator following the multiply function, two pipeline stages are suggested to allow both the MREG and PREG registers to be used.  If the DSP48 was instantiated in the design, it is suggested to set both the MREG and PREG attributes to 1 when performing multiply functions.
Related violations: <none>

DPOP-2#213 Warning
MREG Output pipelining  
DSP TCU_WRAPPER_i/u_tc0/u_octect1/u_dpu_array/DPU6/dpu_fp32/mac1/multOp multiplier stage TCU_WRAPPER_i/u_tc0/u_octect1/u_dpu_array/DPU6/dpu_fp32/mac1/multOp/P[47:0] is not pipelined (MREG=0). Pipelining the multiplier function will improve performance and will save significant power so it is suggested whenever possible to fully pipeline this function.  If this multiplier was inferred, it is suggested to describe an additional register stage after this function.  If there is no registered adder/accumulator following the multiply function, two pipeline stages are suggested to allow both the MREG and PREG registers to be used.  If the DSP48 was instantiated in the design, it is suggested to set both the MREG and PREG attributes to 1 when performing multiply functions.
Related violations: <none>

DPOP-2#214 Warning
MREG Output pipelining  
DSP TCU_WRAPPER_i/u_tc0/u_octect1/u_dpu_array/DPU6/dpu_fp32/mac1/multOp__0 multiplier stage TCU_WRAPPER_i/u_tc0/u_octect1/u_dpu_array/DPU6/dpu_fp32/mac1/multOp__0/P[47:0] is not pipelined (MREG=0). Pipelining the multiplier function will improve performance and will save significant power so it is suggested whenever possible to fully pipeline this function.  If this multiplier was inferred, it is suggested to describe an additional register stage after this function.  If there is no registered adder/accumulator following the multiply function, two pipeline stages are suggested to allow both the MREG and PREG registers to be used.  If the DSP48 was instantiated in the design, it is suggested to set both the MREG and PREG attributes to 1 when performing multiply functions.
Related violations: <none>

DPOP-2#215 Warning
MREG Output pipelining  
DSP TCU_WRAPPER_i/u_tc0/u_octect1/u_dpu_array/DPU6/dpu_fp32/mac2/multOp multiplier stage TCU_WRAPPER_i/u_tc0/u_octect1/u_dpu_array/DPU6/dpu_fp32/mac2/multOp/P[47:0] is not pipelined (MREG=0). Pipelining the multiplier function will improve performance and will save significant power so it is suggested whenever possible to fully pipeline this function.  If this multiplier was inferred, it is suggested to describe an additional register stage after this function.  If there is no registered adder/accumulator following the multiply function, two pipeline stages are suggested to allow both the MREG and PREG registers to be used.  If the DSP48 was instantiated in the design, it is suggested to set both the MREG and PREG attributes to 1 when performing multiply functions.
Related violations: <none>

DPOP-2#216 Warning
MREG Output pipelining  
DSP TCU_WRAPPER_i/u_tc0/u_octect1/u_dpu_array/DPU6/dpu_fp32/mac2/multOp__0 multiplier stage TCU_WRAPPER_i/u_tc0/u_octect1/u_dpu_array/DPU6/dpu_fp32/mac2/multOp__0/P[47:0] is not pipelined (MREG=0). Pipelining the multiplier function will improve performance and will save significant power so it is suggested whenever possible to fully pipeline this function.  If this multiplier was inferred, it is suggested to describe an additional register stage after this function.  If there is no registered adder/accumulator following the multiply function, two pipeline stages are suggested to allow both the MREG and PREG registers to be used.  If the DSP48 was instantiated in the design, it is suggested to set both the MREG and PREG attributes to 1 when performing multiply functions.
Related violations: <none>

DPOP-2#217 Warning
MREG Output pipelining  
DSP TCU_WRAPPER_i/u_tc0/u_octect1/u_dpu_array/DPU6/dpu_fp32/mac3/multOp multiplier stage TCU_WRAPPER_i/u_tc0/u_octect1/u_dpu_array/DPU6/dpu_fp32/mac3/multOp/P[47:0] is not pipelined (MREG=0). Pipelining the multiplier function will improve performance and will save significant power so it is suggested whenever possible to fully pipeline this function.  If this multiplier was inferred, it is suggested to describe an additional register stage after this function.  If there is no registered adder/accumulator following the multiply function, two pipeline stages are suggested to allow both the MREG and PREG registers to be used.  If the DSP48 was instantiated in the design, it is suggested to set both the MREG and PREG attributes to 1 when performing multiply functions.
Related violations: <none>

DPOP-2#218 Warning
MREG Output pipelining  
DSP TCU_WRAPPER_i/u_tc0/u_octect1/u_dpu_array/DPU6/dpu_fp32/mac3/multOp__0 multiplier stage TCU_WRAPPER_i/u_tc0/u_octect1/u_dpu_array/DPU6/dpu_fp32/mac3/multOp__0/P[47:0] is not pipelined (MREG=0). Pipelining the multiplier function will improve performance and will save significant power so it is suggested whenever possible to fully pipeline this function.  If this multiplier was inferred, it is suggested to describe an additional register stage after this function.  If there is no registered adder/accumulator following the multiply function, two pipeline stages are suggested to allow both the MREG and PREG registers to be used.  If the DSP48 was instantiated in the design, it is suggested to set both the MREG and PREG attributes to 1 when performing multiply functions.
Related violations: <none>

DPOP-2#219 Warning
MREG Output pipelining  
DSP TCU_WRAPPER_i/u_tc0/u_octect1/u_dpu_array/DPU6/dpu_posit32/posit32_mul0/multOp multiplier stage TCU_WRAPPER_i/u_tc0/u_octect1/u_dpu_array/DPU6/dpu_posit32/posit32_mul0/multOp/P[47:0] is not pipelined (MREG=0). Pipelining the multiplier function will improve performance and will save significant power so it is suggested whenever possible to fully pipeline this function.  If this multiplier was inferred, it is suggested to describe an additional register stage after this function.  If there is no registered adder/accumulator following the multiply function, two pipeline stages are suggested to allow both the MREG and PREG registers to be used.  If the DSP48 was instantiated in the design, it is suggested to set both the MREG and PREG attributes to 1 when performing multiply functions.
Related violations: <none>

DPOP-2#220 Warning
MREG Output pipelining  
DSP TCU_WRAPPER_i/u_tc0/u_octect1/u_dpu_array/DPU6/dpu_posit32/posit32_mul0/multOp__0 multiplier stage TCU_WRAPPER_i/u_tc0/u_octect1/u_dpu_array/DPU6/dpu_posit32/posit32_mul0/multOp__0/P[47:0] is not pipelined (MREG=0). Pipelining the multiplier function will improve performance and will save significant power so it is suggested whenever possible to fully pipeline this function.  If this multiplier was inferred, it is suggested to describe an additional register stage after this function.  If there is no registered adder/accumulator following the multiply function, two pipeline stages are suggested to allow both the MREG and PREG registers to be used.  If the DSP48 was instantiated in the design, it is suggested to set both the MREG and PREG attributes to 1 when performing multiply functions.
Related violations: <none>

DPOP-2#221 Warning
MREG Output pipelining  
DSP TCU_WRAPPER_i/u_tc0/u_octect1/u_dpu_array/DPU6/dpu_posit32/posit32_mul1/multOp multiplier stage TCU_WRAPPER_i/u_tc0/u_octect1/u_dpu_array/DPU6/dpu_posit32/posit32_mul1/multOp/P[47:0] is not pipelined (MREG=0). Pipelining the multiplier function will improve performance and will save significant power so it is suggested whenever possible to fully pipeline this function.  If this multiplier was inferred, it is suggested to describe an additional register stage after this function.  If there is no registered adder/accumulator following the multiply function, two pipeline stages are suggested to allow both the MREG and PREG registers to be used.  If the DSP48 was instantiated in the design, it is suggested to set both the MREG and PREG attributes to 1 when performing multiply functions.
Related violations: <none>

DPOP-2#222 Warning
MREG Output pipelining  
DSP TCU_WRAPPER_i/u_tc0/u_octect1/u_dpu_array/DPU6/dpu_posit32/posit32_mul1/multOp__0 multiplier stage TCU_WRAPPER_i/u_tc0/u_octect1/u_dpu_array/DPU6/dpu_posit32/posit32_mul1/multOp__0/P[47:0] is not pipelined (MREG=0). Pipelining the multiplier function will improve performance and will save significant power so it is suggested whenever possible to fully pipeline this function.  If this multiplier was inferred, it is suggested to describe an additional register stage after this function.  If there is no registered adder/accumulator following the multiply function, two pipeline stages are suggested to allow both the MREG and PREG registers to be used.  If the DSP48 was instantiated in the design, it is suggested to set both the MREG and PREG attributes to 1 when performing multiply functions.
Related violations: <none>

DPOP-2#223 Warning
MREG Output pipelining  
DSP TCU_WRAPPER_i/u_tc0/u_octect1/u_dpu_array/DPU6/dpu_posit32/posit32_mul2/multOp multiplier stage TCU_WRAPPER_i/u_tc0/u_octect1/u_dpu_array/DPU6/dpu_posit32/posit32_mul2/multOp/P[47:0] is not pipelined (MREG=0). Pipelining the multiplier function will improve performance and will save significant power so it is suggested whenever possible to fully pipeline this function.  If this multiplier was inferred, it is suggested to describe an additional register stage after this function.  If there is no registered adder/accumulator following the multiply function, two pipeline stages are suggested to allow both the MREG and PREG registers to be used.  If the DSP48 was instantiated in the design, it is suggested to set both the MREG and PREG attributes to 1 when performing multiply functions.
Related violations: <none>

DPOP-2#224 Warning
MREG Output pipelining  
DSP TCU_WRAPPER_i/u_tc0/u_octect1/u_dpu_array/DPU6/dpu_posit32/posit32_mul2/multOp__0 multiplier stage TCU_WRAPPER_i/u_tc0/u_octect1/u_dpu_array/DPU6/dpu_posit32/posit32_mul2/multOp__0/P[47:0] is not pipelined (MREG=0). Pipelining the multiplier function will improve performance and will save significant power so it is suggested whenever possible to fully pipeline this function.  If this multiplier was inferred, it is suggested to describe an additional register stage after this function.  If there is no registered adder/accumulator following the multiply function, two pipeline stages are suggested to allow both the MREG and PREG registers to be used.  If the DSP48 was instantiated in the design, it is suggested to set both the MREG and PREG attributes to 1 when performing multiply functions.
Related violations: <none>

DPOP-2#225 Warning
MREG Output pipelining  
DSP TCU_WRAPPER_i/u_tc0/u_octect1/u_dpu_array/DPU6/dpu_posit32/posit32_mul3/multOp multiplier stage TCU_WRAPPER_i/u_tc0/u_octect1/u_dpu_array/DPU6/dpu_posit32/posit32_mul3/multOp/P[47:0] is not pipelined (MREG=0). Pipelining the multiplier function will improve performance and will save significant power so it is suggested whenever possible to fully pipeline this function.  If this multiplier was inferred, it is suggested to describe an additional register stage after this function.  If there is no registered adder/accumulator following the multiply function, two pipeline stages are suggested to allow both the MREG and PREG registers to be used.  If the DSP48 was instantiated in the design, it is suggested to set both the MREG and PREG attributes to 1 when performing multiply functions.
Related violations: <none>

DPOP-2#226 Warning
MREG Output pipelining  
DSP TCU_WRAPPER_i/u_tc0/u_octect1/u_dpu_array/DPU7/dpu_fp32/mac0/multOp multiplier stage TCU_WRAPPER_i/u_tc0/u_octect1/u_dpu_array/DPU7/dpu_fp32/mac0/multOp/P[47:0] is not pipelined (MREG=0). Pipelining the multiplier function will improve performance and will save significant power so it is suggested whenever possible to fully pipeline this function.  If this multiplier was inferred, it is suggested to describe an additional register stage after this function.  If there is no registered adder/accumulator following the multiply function, two pipeline stages are suggested to allow both the MREG and PREG registers to be used.  If the DSP48 was instantiated in the design, it is suggested to set both the MREG and PREG attributes to 1 when performing multiply functions.
Related violations: <none>

DPOP-2#227 Warning
MREG Output pipelining  
DSP TCU_WRAPPER_i/u_tc0/u_octect1/u_dpu_array/DPU7/dpu_fp32/mac0/multOp__0 multiplier stage TCU_WRAPPER_i/u_tc0/u_octect1/u_dpu_array/DPU7/dpu_fp32/mac0/multOp__0/P[47:0] is not pipelined (MREG=0). Pipelining the multiplier function will improve performance and will save significant power so it is suggested whenever possible to fully pipeline this function.  If this multiplier was inferred, it is suggested to describe an additional register stage after this function.  If there is no registered adder/accumulator following the multiply function, two pipeline stages are suggested to allow both the MREG and PREG registers to be used.  If the DSP48 was instantiated in the design, it is suggested to set both the MREG and PREG attributes to 1 when performing multiply functions.
Related violations: <none>

DPOP-2#228 Warning
MREG Output pipelining  
DSP TCU_WRAPPER_i/u_tc0/u_octect1/u_dpu_array/DPU7/dpu_fp32/mac1/multOp multiplier stage TCU_WRAPPER_i/u_tc0/u_octect1/u_dpu_array/DPU7/dpu_fp32/mac1/multOp/P[47:0] is not pipelined (MREG=0). Pipelining the multiplier function will improve performance and will save significant power so it is suggested whenever possible to fully pipeline this function.  If this multiplier was inferred, it is suggested to describe an additional register stage after this function.  If there is no registered adder/accumulator following the multiply function, two pipeline stages are suggested to allow both the MREG and PREG registers to be used.  If the DSP48 was instantiated in the design, it is suggested to set both the MREG and PREG attributes to 1 when performing multiply functions.
Related violations: <none>

DPOP-2#229 Warning
MREG Output pipelining  
DSP TCU_WRAPPER_i/u_tc0/u_octect1/u_dpu_array/DPU7/dpu_fp32/mac1/multOp__0 multiplier stage TCU_WRAPPER_i/u_tc0/u_octect1/u_dpu_array/DPU7/dpu_fp32/mac1/multOp__0/P[47:0] is not pipelined (MREG=0). Pipelining the multiplier function will improve performance and will save significant power so it is suggested whenever possible to fully pipeline this function.  If this multiplier was inferred, it is suggested to describe an additional register stage after this function.  If there is no registered adder/accumulator following the multiply function, two pipeline stages are suggested to allow both the MREG and PREG registers to be used.  If the DSP48 was instantiated in the design, it is suggested to set both the MREG and PREG attributes to 1 when performing multiply functions.
Related violations: <none>

DPOP-2#230 Warning
MREG Output pipelining  
DSP TCU_WRAPPER_i/u_tc0/u_octect1/u_dpu_array/DPU7/dpu_fp32/mac2/multOp multiplier stage TCU_WRAPPER_i/u_tc0/u_octect1/u_dpu_array/DPU7/dpu_fp32/mac2/multOp/P[47:0] is not pipelined (MREG=0). Pipelining the multiplier function will improve performance and will save significant power so it is suggested whenever possible to fully pipeline this function.  If this multiplier was inferred, it is suggested to describe an additional register stage after this function.  If there is no registered adder/accumulator following the multiply function, two pipeline stages are suggested to allow both the MREG and PREG registers to be used.  If the DSP48 was instantiated in the design, it is suggested to set both the MREG and PREG attributes to 1 when performing multiply functions.
Related violations: <none>

DPOP-2#231 Warning
MREG Output pipelining  
DSP TCU_WRAPPER_i/u_tc0/u_octect1/u_dpu_array/DPU7/dpu_fp32/mac2/multOp__0 multiplier stage TCU_WRAPPER_i/u_tc0/u_octect1/u_dpu_array/DPU7/dpu_fp32/mac2/multOp__0/P[47:0] is not pipelined (MREG=0). Pipelining the multiplier function will improve performance and will save significant power so it is suggested whenever possible to fully pipeline this function.  If this multiplier was inferred, it is suggested to describe an additional register stage after this function.  If there is no registered adder/accumulator following the multiply function, two pipeline stages are suggested to allow both the MREG and PREG registers to be used.  If the DSP48 was instantiated in the design, it is suggested to set both the MREG and PREG attributes to 1 when performing multiply functions.
Related violations: <none>

DPOP-2#232 Warning
MREG Output pipelining  
DSP TCU_WRAPPER_i/u_tc0/u_octect1/u_dpu_array/DPU7/dpu_fp32/mac3/multOp multiplier stage TCU_WRAPPER_i/u_tc0/u_octect1/u_dpu_array/DPU7/dpu_fp32/mac3/multOp/P[47:0] is not pipelined (MREG=0). Pipelining the multiplier function will improve performance and will save significant power so it is suggested whenever possible to fully pipeline this function.  If this multiplier was inferred, it is suggested to describe an additional register stage after this function.  If there is no registered adder/accumulator following the multiply function, two pipeline stages are suggested to allow both the MREG and PREG registers to be used.  If the DSP48 was instantiated in the design, it is suggested to set both the MREG and PREG attributes to 1 when performing multiply functions.
Related violations: <none>

DPOP-2#233 Warning
MREG Output pipelining  
DSP TCU_WRAPPER_i/u_tc0/u_octect1/u_dpu_array/DPU7/dpu_fp32/mac3/multOp__0 multiplier stage TCU_WRAPPER_i/u_tc0/u_octect1/u_dpu_array/DPU7/dpu_fp32/mac3/multOp__0/P[47:0] is not pipelined (MREG=0). Pipelining the multiplier function will improve performance and will save significant power so it is suggested whenever possible to fully pipeline this function.  If this multiplier was inferred, it is suggested to describe an additional register stage after this function.  If there is no registered adder/accumulator following the multiply function, two pipeline stages are suggested to allow both the MREG and PREG registers to be used.  If the DSP48 was instantiated in the design, it is suggested to set both the MREG and PREG attributes to 1 when performing multiply functions.
Related violations: <none>

DPOP-2#234 Warning
MREG Output pipelining  
DSP TCU_WRAPPER_i/u_tc0/u_octect1/u_dpu_array/DPU7/dpu_posit32/posit32_mul0/multOp multiplier stage TCU_WRAPPER_i/u_tc0/u_octect1/u_dpu_array/DPU7/dpu_posit32/posit32_mul0/multOp/P[47:0] is not pipelined (MREG=0). Pipelining the multiplier function will improve performance and will save significant power so it is suggested whenever possible to fully pipeline this function.  If this multiplier was inferred, it is suggested to describe an additional register stage after this function.  If there is no registered adder/accumulator following the multiply function, two pipeline stages are suggested to allow both the MREG and PREG registers to be used.  If the DSP48 was instantiated in the design, it is suggested to set both the MREG and PREG attributes to 1 when performing multiply functions.
Related violations: <none>

DPOP-2#235 Warning
MREG Output pipelining  
DSP TCU_WRAPPER_i/u_tc0/u_octect1/u_dpu_array/DPU7/dpu_posit32/posit32_mul0/multOp__0 multiplier stage TCU_WRAPPER_i/u_tc0/u_octect1/u_dpu_array/DPU7/dpu_posit32/posit32_mul0/multOp__0/P[47:0] is not pipelined (MREG=0). Pipelining the multiplier function will improve performance and will save significant power so it is suggested whenever possible to fully pipeline this function.  If this multiplier was inferred, it is suggested to describe an additional register stage after this function.  If there is no registered adder/accumulator following the multiply function, two pipeline stages are suggested to allow both the MREG and PREG registers to be used.  If the DSP48 was instantiated in the design, it is suggested to set both the MREG and PREG attributes to 1 when performing multiply functions.
Related violations: <none>

DPOP-2#236 Warning
MREG Output pipelining  
DSP TCU_WRAPPER_i/u_tc0/u_octect1/u_dpu_array/DPU7/dpu_posit32/posit32_mul1/multOp multiplier stage TCU_WRAPPER_i/u_tc0/u_octect1/u_dpu_array/DPU7/dpu_posit32/posit32_mul1/multOp/P[47:0] is not pipelined (MREG=0). Pipelining the multiplier function will improve performance and will save significant power so it is suggested whenever possible to fully pipeline this function.  If this multiplier was inferred, it is suggested to describe an additional register stage after this function.  If there is no registered adder/accumulator following the multiply function, two pipeline stages are suggested to allow both the MREG and PREG registers to be used.  If the DSP48 was instantiated in the design, it is suggested to set both the MREG and PREG attributes to 1 when performing multiply functions.
Related violations: <none>

DPOP-2#237 Warning
MREG Output pipelining  
DSP TCU_WRAPPER_i/u_tc0/u_octect1/u_dpu_array/DPU7/dpu_posit32/posit32_mul1/multOp__0 multiplier stage TCU_WRAPPER_i/u_tc0/u_octect1/u_dpu_array/DPU7/dpu_posit32/posit32_mul1/multOp__0/P[47:0] is not pipelined (MREG=0). Pipelining the multiplier function will improve performance and will save significant power so it is suggested whenever possible to fully pipeline this function.  If this multiplier was inferred, it is suggested to describe an additional register stage after this function.  If there is no registered adder/accumulator following the multiply function, two pipeline stages are suggested to allow both the MREG and PREG registers to be used.  If the DSP48 was instantiated in the design, it is suggested to set both the MREG and PREG attributes to 1 when performing multiply functions.
Related violations: <none>

DPOP-2#238 Warning
MREG Output pipelining  
DSP TCU_WRAPPER_i/u_tc0/u_octect1/u_dpu_array/DPU7/dpu_posit32/posit32_mul2/multOp multiplier stage TCU_WRAPPER_i/u_tc0/u_octect1/u_dpu_array/DPU7/dpu_posit32/posit32_mul2/multOp/P[47:0] is not pipelined (MREG=0). Pipelining the multiplier function will improve performance and will save significant power so it is suggested whenever possible to fully pipeline this function.  If this multiplier was inferred, it is suggested to describe an additional register stage after this function.  If there is no registered adder/accumulator following the multiply function, two pipeline stages are suggested to allow both the MREG and PREG registers to be used.  If the DSP48 was instantiated in the design, it is suggested to set both the MREG and PREG attributes to 1 when performing multiply functions.
Related violations: <none>

DPOP-2#239 Warning
MREG Output pipelining  
DSP TCU_WRAPPER_i/u_tc0/u_octect1/u_dpu_array/DPU7/dpu_posit32/posit32_mul2/multOp__0 multiplier stage TCU_WRAPPER_i/u_tc0/u_octect1/u_dpu_array/DPU7/dpu_posit32/posit32_mul2/multOp__0/P[47:0] is not pipelined (MREG=0). Pipelining the multiplier function will improve performance and will save significant power so it is suggested whenever possible to fully pipeline this function.  If this multiplier was inferred, it is suggested to describe an additional register stage after this function.  If there is no registered adder/accumulator following the multiply function, two pipeline stages are suggested to allow both the MREG and PREG registers to be used.  If the DSP48 was instantiated in the design, it is suggested to set both the MREG and PREG attributes to 1 when performing multiply functions.
Related violations: <none>

DPOP-2#240 Warning
MREG Output pipelining  
DSP TCU_WRAPPER_i/u_tc0/u_octect1/u_dpu_array/DPU7/dpu_posit32/posit32_mul3/multOp multiplier stage TCU_WRAPPER_i/u_tc0/u_octect1/u_dpu_array/DPU7/dpu_posit32/posit32_mul3/multOp/P[47:0] is not pipelined (MREG=0). Pipelining the multiplier function will improve performance and will save significant power so it is suggested whenever possible to fully pipeline this function.  If this multiplier was inferred, it is suggested to describe an additional register stage after this function.  If there is no registered adder/accumulator following the multiply function, two pipeline stages are suggested to allow both the MREG and PREG registers to be used.  If the DSP48 was instantiated in the design, it is suggested to set both the MREG and PREG attributes to 1 when performing multiply functions.
Related violations: <none>

IOCNT-1#1 Warning
Number of IOs  
The design contains 16787 unplaced I/O ports while the target device, xc7a100tcsg324-1, has 210 remaining available user I/O pins. This DRC assumes that all ports which do not drive MGT pins should be placed on user I/O pins. To correct this issue:
1. Ensure you are targeting the correct device and package. Select a larger device or different package if necessary.
2. Check the top-level ports of the design to ensure the correct number of ports are specified.
3. Consider design changes to reduce the number of user I/O pins needed.

Related violations: <none>


