test_id,reference_int,reference_hex,hw_hex,hw_int,abs_error_int,rel_error,squared_error,exact_match
0,-56,FFC8,FFC8,-56,0,0.0,0,1
1,-55,FFC9,FFC9,-55,0,0.0,0,1
2,-148,FF6C,FF6C,-148,0,0.0,0,1
3,-30,FFE2,FFE2,-30,0,0.0,0,1
4,-21,FFEB,FFEB,-21,0,0.0,0,1
5,77,004D,004D,77,0,0.0,0,1
6,15,000F,000F,15,0,0.0,0,1
7,-95,FFA1,FFA1,-95,0,0.0,0,1
8,-71,FFB9,FFB9,-71,0,0.0,0,1
9,62,003E,003E,62,0,0.0,0,1
10,94,005E,005E,94,0,0.0,0,1
11,-19,FFED,FFED,-19,0,0.0,0,1
12,-54,FFCA,FFCA,-54,0,0.0,0,1
13,173,00AD,00AD,173,0,0.0,0,1
14,18,0012,0012,18,0,0.0,0,1
15,46,002E,002E,46,0,0.0,0,1
16,13,000D,000D,13,0,0.0,0,1
17,1,0001,0001,1,0,0.0,0,1
18,167,00A7,00A7,167,0,0.0,0,1
19,96,0060,0060,96,0,0.0,0,1
20,100,0064,0064,100,0,0.0,0,1
21,51,0033,0033,51,0,0.0,0,1
22,-55,FFC9,FFC9,-55,0,0.0,0,1
23,-117,FF8B,FF8B,-117,0,0.0,0,1
24,72,0048,0048,72,0,0.0,0,1
25,-48,FFD0,FFD0,-48,0,0.0,0,1
26,-14,FFF2,FFF2,-14,0,0.0,0,1
27,-18,FFEE,FFEE,-18,0,0.0,0,1
28,97,0061,0061,97,0,0.0,0,1
29,-21,FFEB,FFEB,-21,0,0.0,0,1
30,55,0037,0037,55,0,0.0,0,1
31,142,008E,008E,142,0,0.0,0,1
32,106,006A,006A,106,0,0.0,0,1
33,17,0011,0011,17,0,0.0,0,1
34,41,0029,0029,41,0,0.0,0,1
35,-53,FFCB,FFCB,-53,0,0.0,0,1
36,14,000E,000E,14,0,0.0,0,1
37,201,00C9,00C9,201,0,0.0,0,1
38,18,0012,0012,18,0,0.0,0,1
39,38,0026,0026,38,0,0.0,0,1
40,49,0031,0031,49,0,0.0,0,1
41,-102,FF9A,FF9A,-102,0,0.0,0,1
42,-71,FFB9,FFB9,-71,0,0.0,0,1
43,47,002F,002F,47,0,0.0,0,1
44,-93,FFA3,FFA3,-93,0,0.0,0,1
45,32,0020,0020,32,0,0.0,0,1
46,-178,FF4E,FF4E,-178,0,0.0,0,1
47,141,008D,008D,141,0,0.0,0,1
48,51,0033,0033,51,0,0.0,0,1
49,-19,FFED,FFED,-19,0,0.0,0,1
50,222,00DE,00DE,222,0,0.0,0,1
51,73,0049,0049,73,0,0.0,0,1
52,-145,FF6F,FF6F,-145,0,0.0,0,1
53,150,0096,0096,150,0,0.0,0,1
54,-21,FFEB,FFEB,-21,0,0.0,0,1
55,13,000D,000D,13,0,0.0,0,1
56,-24,FFE8,FFE8,-24,0,0.0,0,1
57,-37,FFDB,FFDB,-37,0,0.0,0,1
58,49,0031,0031,49,0,0.0,0,1
59,-36,FFDC,FFDC,-36,0,0.0,0,1
60,-147,FF6D,FF6D,-147,0,0.0,0,1
61,-106,FF96,FF96,-106,0,0.0,0,1
62,43,002B,002B,43,0,0.0,0,1
63,-186,FF46,FF46,-186,0,0.0,0,1
64,-113,FF8F,FF8F,-113,0,0.0,0,1
65,36,0024,0024,36,0,0.0,0,1
66,-101,FF9B,FF9B,-101,0,0.0,0,1
67,217,00D9,00D9,217,0,0.0,0,1
68,-53,FFCB,FFCB,-53,0,0.0,0,1
69,-63,FFC1,FFC1,-63,0,0.0,0,1
70,70,0046,0046,70,0,0.0,0,1
71,-61,FFC3,FFC3,-61,0,0.0,0,1
72,10,000A,000A,10,0,0.0,0,1
73,-90,FFA6,FFA6,-90,0,0.0,0,1
74,-4,FFFC,FFFC,-4,0,0.0,0,1
75,-52,FFCC,FFCC,-52,0,0.0,0,1
76,-80,FFB0,FFB0,-80,0,0.0,0,1
77,82,0052,0052,82,0,0.0,0,1
78,35,0023,0023,35,0,0.0,0,1
79,14,000E,000E,14,0,0.0,0,1
80,82,0052,0052,82,0,0.0,0,1
81,-36,FFDC,FFDC,-36,0,0.0,0,1
82,-54,FFCA,FFCA,-54,0,0.0,0,1
83,-13,FFF3,FFF3,-13,0,0.0,0,1
84,64,0040,0040,64,0,0.0,0,1
85,45,002D,002D,45,0,0.0,0,1
86,-29,FFE3,FFE3,-29,0,0.0,0,1
87,-17,FFEF,FFEF,-17,0,0.0,0,1
88,-33,FFDF,FFDF,-33,0,0.0,0,1
89,47,002F,002F,47,0,0.0,0,1
90,72,0048,0048,72,0,0.0,0,1
91,-155,FF65,FF65,-155,0,0.0,0,1
92,72,0048,0048,72,0,0.0,0,1
93,7,0007,0007,7,0,0.0,0,1
94,-5,FFFB,FFFB,-5,0,0.0,0,1
95,197,00C5,00C5,197,0,0.0,0,1
96,-140,FF74,FF74,-140,0,0.0,0,1
97,0,0000,0000,0,0,0.0,0,1
98,96,0060,0060,96,0,0.0,0,1
99,69,0045,0045,69,0,0.0,0,1
100,118,0076,0076,118,0,0.0,0,1
101,114,0072,0072,114,0,0.0,0,1
102,16,0010,0010,16,0,0.0,0,1
103,209,00D1,00D1,209,0,0.0,0,1
104,12,000C,000C,12,0,0.0,0,1
105,38,0026,0026,38,0,0.0,0,1
106,-141,FF73,FF73,-141,0,0.0,0,1
107,-101,FF9B,FF9B,-101,0,0.0,0,1
108,164,00A4,00A4,164,0,0.0,0,1
109,-66,FFBE,FFBE,-66,0,0.0,0,1
110,68,0044,0044,68,0,0.0,0,1
111,-28,FFE4,FFE4,-28,0,0.0,0,1
112,-78,FFB2,FFB2,-78,0,0.0,0,1
113,13,000D,000D,13,0,0.0,0,1
114,62,003E,003E,62,0,0.0,0,1
115,-60,FFC4,FFC4,-60,0,0.0,0,1
116,128,0080,0080,128,0,0.0,0,1
117,18,0012,0012,18,0,0.0,0,1
118,-35,FFDD,FFDD,-35,0,0.0,0,1
119,-7,FFF9,FFF9,-7,0,0.0,0,1
120,248,00F8,00F8,248,0,0.0,0,1
121,-2,FFFE,FFFE,-2,0,0.0,0,1
122,140,008C,008C,140,0,0.0,0,1
123,-22,FFEA,FFEA,-22,0,0.0,0,1
124,-92,FFA4,FFA4,-92,0,0.0,0,1
125,-155,FF65,FF65,-155,0,0.0,0,1
126,6,0006,0006,6,0,0.0,0,1
127,-45,FFD3,FFD3,-45,0,0.0,0,1
128,-43,FFD5,FFD5,-43,0,0.0,0,1
129,-86,FFAA,FFAA,-86,0,0.0,0,1
130,-117,FF8B,FF8B,-117,0,0.0,0,1
131,56,0038,0038,56,0,0.0,0,1
132,-3,FFFD,FFFD,-3,0,0.0,0,1
133,-116,FF8C,FF8C,-116,0,0.0,0,1
134,-46,FFD2,FFD2,-46,0,0.0,0,1
135,29,001D,001D,29,0,0.0,0,1
136,-78,FFB2,FFB2,-78,0,0.0,0,1
137,15,000F,000F,15,0,0.0,0,1
138,-1,FFFF,FFFF,-1,0,0.0,0,1
139,-66,FFBE,FFBE,-66,0,0.0,0,1
140,209,00D1,00D1,209,0,0.0,0,1
141,-16,FFF0,FFF0,-16,0,0.0,0,1
142,45,002D,002D,45,0,0.0,0,1
143,78,004E,004E,78,0,0.0,0,1
144,-31,FFE1,FFE1,-31,0,0.0,0,1
145,-20,FFEC,FFEC,-20,0,0.0,0,1
146,50,0032,0032,50,0,0.0,0,1
147,95,005F,005F,95,0,0.0,0,1
148,-156,FF64,FF64,-156,0,0.0,0,1
149,-164,FF5C,FF5C,-164,0,0.0,0,1
150,-29,FFE3,FFE3,-29,0,0.0,0,1
151,84,0054,0054,84,0,0.0,0,1
152,3,0003,0003,3,0,0.0,0,1
153,-42,FFD6,FFD6,-42,0,0.0,0,1
154,42,002A,002A,42,0,0.0,0,1
155,-269,FEF3,FEF3,-269,0,0.0,0,1
156,58,003A,003A,58,0,0.0,0,1
157,32,0020,0020,32,0,0.0,0,1
158,-149,FF6B,FF6B,-149,0,0.0,0,1
159,-122,FF86,FF86,-122,0,0.0,0,1
160,138,008A,008A,138,0,0.0,0,1
161,-142,FF72,FF72,-142,0,0.0,0,1
162,-2,FFFE,FFFE,-2,0,0.0,0,1
163,-130,FF7E,FF7E,-130,0,0.0,0,1
164,49,0031,0031,49,0,0.0,0,1
165,52,0034,0034,52,0,0.0,0,1
166,80,0050,0050,80,0,0.0,0,1
167,276,0114,0114,276,0,0.0,0,1
168,-144,FF70,FF70,-144,0,0.0,0,1
169,-127,FF81,FF81,-127,0,0.0,0,1
170,-55,FFC9,FFC9,-55,0,0.0,0,1
171,76,004C,004C,76,0,0.0,0,1
172,-186,FF46,FF46,-186,0,0.0,0,1
173,-103,FF99,FF99,-103,0,0.0,0,1
174,71,0047,0047,71,0,0.0,0,1
175,-105,FF97,FF97,-105,0,0.0,0,1
176,-76,FFB4,FFB4,-76,0,0.0,0,1
177,3,0003,0003,3,0,0.0,0,1
178,98,0062,0062,98,0,0.0,0,1
179,299,012B,012B,299,0,0.0,0,1
180,104,0068,0068,104,0,0.0,0,1
181,146,0092,0092,146,0,0.0,0,1
182,-40,FFD8,FFD8,-40,0,0.0,0,1
183,63,003F,003F,63,0,0.0,0,1
184,-10,FFF6,FFF6,-10,0,0.0,0,1
185,-44,FFD4,FFD4,-44,0,0.0,0,1
186,65,0041,0041,65,0,0.0,0,1
187,-28,FFE4,FFE4,-28,0,0.0,0,1
188,-20,FFEC,FFEC,-20,0,0.0,0,1
189,-15,FFF1,FFF1,-15,0,0.0,0,1
190,-82,FFAE,FFAE,-82,0,0.0,0,1
191,27,001B,001B,27,0,0.0,0,1
192,230,00E6,00E6,230,0,0.0,0,1
193,26,001A,001A,26,0,0.0,0,1
194,97,0061,0061,97,0,0.0,0,1
195,-99,FF9D,FF9D,-99,0,0.0,0,1
196,-56,FFC8,FFC8,-56,0,0.0,0,1
197,38,0026,0026,38,0,0.0,0,1
198,-117,FF8B,FF8B,-117,0,0.0,0,1
199,38,0026,0026,38,0,0.0,0,1
200,-51,FFCD,FFCD,-51,0,0.0,0,1
201,98,0062,0062,98,0,0.0,0,1
202,88,0058,0058,88,0,0.0,0,1
203,-25,FFE7,FFE7,-25,0,0.0,0,1
204,-52,FFCC,FFCC,-52,0,0.0,0,1
205,5,0005,0005,5,0,0.0,0,1
206,-17,FFEF,FFEF,-17,0,0.0,0,1
207,-49,FFCF,FFCF,-49,0,0.0,0,1
208,-81,FFAF,FFAF,-81,0,0.0,0,1
209,45,002D,002D,45,0,0.0,0,1
210,-56,FFC8,FFC8,-56,0,0.0,0,1
211,-61,FFC3,FFC3,-61,0,0.0,0,1
212,70,0046,0046,70,0,0.0,0,1
213,41,0029,0029,41,0,0.0,0,1
214,-37,FFDB,FFDB,-37,0,0.0,0,1
215,41,0029,0029,41,0,0.0,0,1
216,-11,FFF5,FFF5,-11,0,0.0,0,1
217,-78,FFB2,FFB2,-78,0,0.0,0,1
218,-132,FF7C,FF7C,-132,0,0.0,0,1
219,173,00AD,00AD,173,0,0.0,0,1
220,24,0018,0018,24,0,0.0,0,1
221,-19,FFED,FFED,-19,0,0.0,0,1
222,83,0053,0053,83,0,0.0,0,1
223,-109,FF93,FF93,-109,0,0.0,0,1
224,-217,FF27,FF27,-217,0,0.0,0,1
225,-38,FFDA,FFDA,-38,0,0.0,0,1
226,-230,FF1A,FF1A,-230,0,0.0,0,1
227,-27,FFE5,FFE5,-27,0,0.0,0,1
228,-121,FF87,FF87,-121,0,0.0,0,1
229,-90,FFA6,FFA6,-90,0,0.0,0,1
230,22,0016,0016,22,0,0.0,0,1
231,-172,FF54,FF54,-172,0,0.0,0,1
232,71,0047,0047,71,0,0.0,0,1
233,-151,FF69,FF69,-151,0,0.0,0,1
234,113,0071,0071,113,0,0.0,0,1
235,-1,FFFF,FFFF,-1,0,0.0,0,1
236,-112,FF90,FF90,-112,0,0.0,0,1
237,-104,FF98,FF98,-104,0,0.0,0,1
238,19,0013,0013,19,0,0.0,0,1
239,56,0038,0038,56,0,0.0,0,1
240,153,0099,0099,153,0,0.0,0,1
241,-10,FFF6,FFF6,-10,0,0.0,0,1
242,93,005D,005D,93,0,0.0,0,1
243,-24,FFE8,FFE8,-24,0,0.0,0,1
244,46,002E,002E,46,0,0.0,0,1
245,-30,FFE2,FFE2,-30,0,0.0,0,1
246,89,0059,0059,89,0,0.0,0,1
247,85,0055,0055,85,0,0.0,0,1
248,121,0079,0079,121,0,0.0,0,1
249,182,00B6,00B6,182,0,0.0,0,1
250,-34,FFDE,FFDE,-34,0,0.0,0,1
251,8,0008,0008,8,0,0.0,0,1
252,-108,FF94,FF94,-108,0,0.0,0,1
253,64,0040,0040,64,0,0.0,0,1
254,-214,FF2A,FF2A,-214,0,0.0,0,1
255,81,0051,0051,81,0,0.0,0,1
256,-116,FF8C,FF8C,-116,0,0.0,0,1
257,0,0000,0000,0,0,0.0,0,1
258,-69,FFBB,FFBB,-69,0,0.0,0,1
259,-100,FF9C,FF9C,-100,0,0.0,0,1
260,-28,FFE4,FFE4,-28,0,0.0,0,1
261,-81,FFAF,FFAF,-81,0,0.0,0,1
262,-172,FF54,FF54,-172,0,0.0,0,1
263,-79,FFB1,FFB1,-79,0,0.0,0,1
264,115,0073,0073,115,0,0.0,0,1
265,-97,FF9F,FF9F,-97,0,0.0,0,1
266,-128,FF80,FF80,-128,0,0.0,0,1
267,-149,FF6B,FF6B,-149,0,0.0,0,1
268,32,0020,0020,32,0,0.0,0,1
269,9,0009,0009,9,0,0.0,0,1
270,-25,FFE7,FFE7,-25,0,0.0,0,1
271,-4,FFFC,FFFC,-4,0,0.0,0,1
272,-3,FFFD,FFFD,-3,0,0.0,0,1
273,-5,FFFB,FFFB,-5,0,0.0,0,1
274,-31,FFE1,FFE1,-31,0,0.0,0,1
275,-129,FF7F,FF7F,-129,0,0.0,0,1
276,77,004D,004D,77,0,0.0,0,1
277,-11,FFF5,FFF5,-11,0,0.0,0,1
278,139,008B,008B,139,0,0.0,0,1
279,-7,FFF9,FFF9,-7,0,0.0,0,1
280,86,0056,0056,86,0,0.0,0,1
281,92,005C,005C,92,0,0.0,0,1
282,43,002B,002B,43,0,0.0,0,1
283,200,00C8,00C8,200,0,0.0,0,1
284,-11,FFF5,FFF5,-11,0,0.0,0,1
285,-136,FF78,FF78,-136,0,0.0,0,1
286,-26,FFE6,FFE6,-26,0,0.0,0,1
287,-30,FFE2,FFE2,-30,0,0.0,0,1
288,-89,FFA7,FFA7,-89,0,0.0,0,1
289,-54,FFCA,FFCA,-54,0,0.0,0,1
290,17,0011,0011,17,0,0.0,0,1
291,-56,FFC8,FFC8,-56,0,0.0,0,1
292,73,0049,0049,73,0,0.0,0,1
293,14,000E,000E,14,0,0.0,0,1
294,62,003E,003E,62,0,0.0,0,1
295,-48,FFD0,FFD0,-48,0,0.0,0,1
296,-111,FF91,FF91,-111,0,0.0,0,1
297,-171,FF55,FF55,-171,0,0.0,0,1
298,23,0017,0017,23,0,0.0,0,1
299,-169,FF57,FF57,-169,0,0.0,0,1
300,-61,FFC3,FFC3,-61,0,0.0,0,1
301,-13,FFF3,FFF3,-13,0,0.0,0,1
302,-110,FF92,FF92,-110,0,0.0,0,1
303,-13,FFF3,FFF3,-13,0,0.0,0,1
304,9,0009,0009,9,0,0.0,0,1
305,-22,FFEA,FFEA,-22,0,0.0,0,1
306,-23,FFE9,FFE9,-23,0,0.0,0,1
307,-36,FFDC,FFDC,-36,0,0.0,0,1
308,9,0009,0009,9,0,0.0,0,1
309,6,0006,0006,6,0,0.0,0,1
310,177,00B1,00B1,177,0,0.0,0,1
311,-131,FF7D,FF7D,-131,0,0.0,0,1
312,-88,FFA8,FFA8,-88,0,0.0,0,1
313,13,000D,000D,13,0,0.0,0,1
314,-14,FFF2,FFF2,-14,0,0.0,0,1
315,-91,FFA5,FFA5,-91,0,0.0,0,1
316,5,0005,0005,5,0,0.0,0,1
317,-134,FF7A,FF7A,-134,0,0.0,0,1
318,33,0021,0021,33,0,0.0,0,1
319,-46,FFD2,FFD2,-46,0,0.0,0,1
320,151,0097,0097,151,0,0.0,0,1
321,63,003F,003F,63,0,0.0,0,1
322,-64,FFC0,FFC0,-64,0,0.0,0,1
323,34,0022,0022,34,0,0.0,0,1
324,26,001A,001A,26,0,0.0,0,1
325,-51,FFCD,FFCD,-51,0,0.0,0,1
326,-28,FFE4,FFE4,-28,0,0.0,0,1
327,-152,FF68,FF68,-152,0,0.0,0,1
328,48,0030,0030,48,0,0.0,0,1
329,2,0002,0002,2,0,0.0,0,1
330,-31,FFE1,FFE1,-31,0,0.0,0,1
331,-18,FFEE,FFEE,-18,0,0.0,0,1
332,113,0071,0071,113,0,0.0,0,1
333,-32,FFE0,FFE0,-32,0,0.0,0,1
334,34,0022,0022,34,0,0.0,0,1
335,-107,FF95,FF95,-107,0,0.0,0,1
336,113,0071,0071,113,0,0.0,0,1
337,15,000F,000F,15,0,0.0,0,1
338,109,006D,006D,109,0,0.0,0,1
339,89,0059,0059,89,0,0.0,0,1
340,95,005F,005F,95,0,0.0,0,1
341,-121,FF87,FF87,-121,0,0.0,0,1
342,-79,FFB1,FFB1,-79,0,0.0,0,1
343,76,004C,004C,76,0,0.0,0,1
344,15,000F,000F,15,0,0.0,0,1
345,-158,FF62,FF62,-158,0,0.0,0,1
346,-142,FF72,FF72,-142,0,0.0,0,1
347,-95,FFA1,FFA1,-95,0,0.0,0,1
348,18,0012,0012,18,0,0.0,0,1
349,-28,FFE4,FFE4,-28,0,0.0,0,1
350,-18,FFEE,FFEE,-18,0,0.0,0,1
351,-101,FF9B,FF9B,-101,0,0.0,0,1
352,-21,FFEB,FFEB,-21,0,0.0,0,1
353,-57,FFC7,FFC7,-57,0,0.0,0,1
354,52,0034,0034,52,0,0.0,0,1
355,59,003B,003B,59,0,0.0,0,1
356,-82,FFAE,FFAE,-82,0,0.0,0,1
357,16,0010,0010,16,0,0.0,0,1
358,-43,FFD5,FFD5,-43,0,0.0,0,1
359,85,0055,0055,85,0,0.0,0,1
360,-36,FFDC,FFDC,-36,0,0.0,0,1
361,-27,FFE5,FFE5,-27,0,0.0,0,1
362,138,008A,008A,138,0,0.0,0,1
363,86,0056,0056,86,0,0.0,0,1
364,-75,FFB5,FFB5,-75,0,0.0,0,1
365,-174,FF52,FF52,-174,0,0.0,0,1
366,-46,FFD2,FFD2,-46,0,0.0,0,1
367,257,0101,0101,257,0,0.0,0,1
368,147,0093,0093,147,0,0.0,0,1
369,44,002C,002C,44,0,0.0,0,1
370,46,002E,002E,46,0,0.0,0,1
371,-105,FF97,FF97,-105,0,0.0,0,1
372,-22,FFEA,FFEA,-22,0,0.0,0,1
373,46,002E,002E,46,0,0.0,0,1
374,201,00C9,00C9,201,0,0.0,0,1
375,73,0049,0049,73,0,0.0,0,1
376,132,0084,0084,132,0,0.0,0,1
377,96,0060,0060,96,0,0.0,0,1
378,-98,FF9E,FF9E,-98,0,0.0,0,1
379,171,00AB,00AB,171,0,0.0,0,1
380,-44,FFD4,FFD4,-44,0,0.0,0,1
381,17,0011,0011,17,0,0.0,0,1
382,39,0027,0027,39,0,0.0,0,1
383,9,0009,0009,9,0,0.0,0,1
384,-137,FF77,FF77,-137,0,0.0,0,1
385,15,000F,000F,15,0,0.0,0,1
386,-85,FFAB,FFAB,-85,0,0.0,0,1
387,86,0056,0056,86,0,0.0,0,1
388,-6,FFFA,FFFA,-6,0,0.0,0,1
389,121,0079,0079,121,0,0.0,0,1
390,-145,FF6F,FF6F,-145,0,0.0,0,1
391,-26,FFE6,FFE6,-26,0,0.0,0,1
392,37,0025,0025,37,0,0.0,0,1
393,-120,FF88,FF88,-120,0,0.0,0,1
394,-9,FFF7,FFF7,-9,0,0.0,0,1
395,-103,FF99,FF99,-103,0,0.0,0,1
396,-133,FF7B,FF7B,-133,0,0.0,0,1
397,1,0001,0001,1,0,0.0,0,1
398,51,0033,0033,51,0,0.0,0,1
399,49,0031,0031,49,0,0.0,0,1
400,-137,FF77,FF77,-137,0,0.0,0,1
401,27,001B,001B,27,0,0.0,0,1
402,137,0089,0089,137,0,0.0,0,1
403,42,002A,002A,42,0,0.0,0,1
404,19,0013,0013,19,0,0.0,0,1
405,-127,FF81,FF81,-127,0,0.0,0,1
406,-172,FF54,FF54,-172,0,0.0,0,1
407,-1,FFFF,FFFF,-1,0,0.0,0,1
408,158,009E,009E,158,0,0.0,0,1
409,-5,FFFB,FFFB,-5,0,0.0,0,1
410,-35,FFDD,FFDD,-35,0,0.0,0,1
411,51,0033,0033,51,0,0.0,0,1
412,86,0056,0056,86,0,0.0,0,1
413,29,001D,001D,29,0,0.0,0,1
414,88,0058,0058,88,0,0.0,0,1
415,-38,FFDA,FFDA,-38,0,0.0,0,1
416,30,001E,001E,30,0,0.0,0,1
417,29,001D,001D,29,0,0.0,0,1
418,-31,FFE1,FFE1,-31,0,0.0,0,1
419,-67,FFBD,FFBD,-67,0,0.0,0,1
420,70,0046,0046,70,0,0.0,0,1
421,46,002E,002E,46,0,0.0,0,1
422,-28,FFE4,FFE4,-28,0,0.0,0,1
423,-90,FFA6,FFA6,-90,0,0.0,0,1
424,129,0081,0081,129,0,0.0,0,1
425,-205,FF33,FF33,-205,0,0.0,0,1
426,-110,FF92,FF92,-110,0,0.0,0,1
427,29,001D,001D,29,0,0.0,0,1
428,88,0058,0058,88,0,0.0,0,1
429,-57,FFC7,FFC7,-57,0,0.0,0,1
430,-233,FF17,FF17,-233,0,0.0,0,1
431,8,0008,0008,8,0,0.0,0,1
432,-11,FFF5,FFF5,-11,0,0.0,0,1
433,1,0001,0001,1,0,0.0,0,1
434,60,003C,003C,60,0,0.0,0,1
435,-83,FFAD,FFAD,-83,0,0.0,0,1
436,115,0073,0073,115,0,0.0,0,1
437,-7,FFF9,FFF9,-7,0,0.0,0,1
438,-20,FFEC,FFEC,-20,0,0.0,0,1
439,-64,FFC0,FFC0,-64,0,0.0,0,1
440,25,0019,0019,25,0,0.0,0,1
441,-106,FF96,FF96,-106,0,0.0,0,1
442,100,0064,0064,100,0,0.0,0,1
443,-83,FFAD,FFAD,-83,0,0.0,0,1
444,-91,FFA5,FFA5,-91,0,0.0,0,1
445,186,00BA,00BA,186,0,0.0,0,1
446,-87,FFA9,FFA9,-87,0,0.0,0,1
447,-57,FFC7,FFC7,-57,0,0.0,0,1
448,151,0097,0097,151,0,0.0,0,1
449,55,0037,0037,55,0,0.0,0,1
450,-85,FFAB,FFAB,-85,0,0.0,0,1
451,27,001B,001B,27,0,0.0,0,1
452,178,00B2,00B2,178,0,0.0,0,1
453,-80,FFB0,FFB0,-80,0,0.0,0,1
454,-21,FFEB,FFEB,-21,0,0.0,0,1
455,-132,FF7C,FF7C,-132,0,0.0,0,1
456,-89,FFA7,FFA7,-89,0,0.0,0,1
457,9,0009,0009,9,0,0.0,0,1
458,121,0079,0079,121,0,0.0,0,1
459,-96,FFA0,FFA0,-96,0,0.0,0,1
460,143,008F,008F,143,0,0.0,0,1
461,-27,FFE5,FFE5,-27,0,0.0,0,1
462,154,009A,009A,154,0,0.0,0,1
463,74,004A,004A,74,0,0.0,0,1
464,-12,FFF4,FFF4,-12,0,0.0,0,1
465,50,0032,0032,50,0,0.0,0,1
466,-47,FFD1,FFD1,-47,0,0.0,0,1
467,-55,FFC9,FFC9,-55,0,0.0,0,1
468,96,0060,0060,96,0,0.0,0,1
469,18,0012,0012,18,0,0.0,0,1
470,93,005D,005D,93,0,0.0,0,1
471,87,0057,0057,87,0,0.0,0,1
472,3,0003,0003,3,0,0.0,0,1
473,205,00CD,00CD,205,0,0.0,0,1
474,-87,FFA9,FFA9,-87,0,0.0,0,1
475,152,0098,0098,152,0,0.0,0,1
476,-11,FFF5,FFF5,-11,0,0.0,0,1
477,-65,FFBF,FFBF,-65,0,0.0,0,1
478,-60,FFC4,FFC4,-60,0,0.0,0,1
479,-78,FFB2,FFB2,-78,0,0.0,0,1
480,-163,FF5D,FF5D,-163,0,0.0,0,1
481,-17,FFEF,FFEF,-17,0,0.0,0,1
482,48,0030,0030,48,0,0.0,0,1
483,34,0022,0022,34,0,0.0,0,1
484,-106,FF96,FF96,-106,0,0.0,0,1
485,19,0013,0013,19,0,0.0,0,1
486,-76,FFB4,FFB4,-76,0,0.0,0,1
487,-4,FFFC,FFFC,-4,0,0.0,0,1
488,133,0085,0085,133,0,0.0,0,1
489,-77,FFB3,FFB3,-77,0,0.0,0,1
490,-107,FF95,FF95,-107,0,0.0,0,1
491,74,004A,004A,74,0,0.0,0,1
492,-78,FFB2,FFB2,-78,0,0.0,0,1
493,-120,FF88,FF88,-120,0,0.0,0,1
494,-53,FFCB,FFCB,-53,0,0.0,0,1
495,69,0045,0045,69,0,0.0,0,1
496,96,0060,0060,96,0,0.0,0,1
497,-67,FFBD,FFBD,-67,0,0.0,0,1
498,113,0071,0071,113,0,0.0,0,1
499,136,0088,0088,136,0,0.0,0,1
500,146,0092,0092,146,0,0.0,0,1
501,-65,FFBF,FFBF,-65,0,0.0,0,1
502,-122,FF86,FF86,-122,0,0.0,0,1
503,57,0039,0039,57,0,0.0,0,1
504,33,0021,0021,33,0,0.0,0,1
505,-3,FFFD,FFFD,-3,0,0.0,0,1
506,-87,FFA9,FFA9,-87,0,0.0,0,1
507,-6,FFFA,FFFA,-6,0,0.0,0,1
508,-169,FF57,FF57,-169,0,0.0,0,1
509,67,0043,0043,67,0,0.0,0,1
510,114,0072,0072,114,0,0.0,0,1
511,80,0050,0050,80,0,0.0,0,1
512,100,0064,0064,100,0,0.0,0,1
513,138,008A,008A,138,0,0.0,0,1
514,-106,FF96,FF96,-106,0,0.0,0,1
515,-56,FFC8,FFC8,-56,0,0.0,0,1
516,-86,FFAA,FFAA,-86,0,0.0,0,1
517,-10,FFF6,FFF6,-10,0,0.0,0,1
518,18,0012,0012,18,0,0.0,0,1
519,-124,FF84,FF84,-124,0,0.0,0,1
520,-152,FF68,FF68,-152,0,0.0,0,1
521,9,0009,0009,9,0,0.0,0,1
522,20,0014,0014,20,0,0.0,0,1
523,64,0040,0040,64,0,0.0,0,1
524,49,0031,0031,49,0,0.0,0,1
525,10,000A,000A,10,0,0.0,0,1
526,-100,FF9C,FF9C,-100,0,0.0,0,1
527,71,0047,0047,71,0,0.0,0,1
528,-35,FFDD,FFDD,-35,0,0.0,0,1
529,32,0020,0020,32,0,0.0,0,1
530,-42,FFD6,FFD6,-42,0,0.0,0,1
531,-41,FFD7,FFD7,-41,0,0.0,0,1
532,118,0076,0076,118,0,0.0,0,1
533,-157,FF63,FF63,-157,0,0.0,0,1
534,28,001C,001C,28,0,0.0,0,1
535,-198,FF3A,FF3A,-198,0,0.0,0,1
536,-46,FFD2,FFD2,-46,0,0.0,0,1
537,42,002A,002A,42,0,0.0,0,1
538,8,0008,0008,8,0,0.0,0,1
539,101,0065,0065,101,0,0.0,0,1
540,38,0026,0026,38,0,0.0,0,1
541,-42,FFD6,FFD6,-42,0,0.0,0,1
542,-54,FFCA,FFCA,-54,0,0.0,0,1
543,44,002C,002C,44,0,0.0,0,1
544,-139,FF75,FF75,-139,0,0.0,0,1
545,79,004F,004F,79,0,0.0,0,1
546,-73,FFB7,FFB7,-73,0,0.0,0,1
547,-32,FFE0,FFE0,-32,0,0.0,0,1
548,110,006E,006E,110,0,0.0,0,1
549,-113,FF8F,FF8F,-113,0,0.0,0,1
550,-54,FFCA,FFCA,-54,0,0.0,0,1
551,162,00A2,00A2,162,0,0.0,0,1
552,-124,FF84,FF84,-124,0,0.0,0,1
553,110,006E,006E,110,0,0.0,0,1
554,91,005B,005B,91,0,0.0,0,1
555,24,0018,0018,24,0,0.0,0,1
556,103,0067,0067,103,0,0.0,0,1
557,38,0026,0026,38,0,0.0,0,1
558,-82,FFAE,FFAE,-82,0,0.0,0,1
559,-27,FFE5,FFE5,-27,0,0.0,0,1
560,59,003B,003B,59,0,0.0,0,1
561,221,00DD,00DD,221,0,0.0,0,1
562,-77,FFB3,FFB3,-77,0,0.0,0,1
563,58,003A,003A,58,0,0.0,0,1
564,-24,FFE8,FFE8,-24,0,0.0,0,1
565,35,0023,0023,35,0,0.0,0,1
566,-77,FFB3,FFB3,-77,0,0.0,0,1
567,-17,FFEF,FFEF,-17,0,0.0,0,1
568,-43,FFD5,FFD5,-43,0,0.0,0,1
569,220,00DC,00DC,220,0,0.0,0,1
570,-19,FFED,FFED,-19,0,0.0,0,1
571,3,0003,0003,3,0,0.0,0,1
572,-61,FFC3,FFC3,-61,0,0.0,0,1
573,-9,FFF7,FFF7,-9,0,0.0,0,1
574,-170,FF56,FF56,-170,0,0.0,0,1
575,-54,FFCA,FFCA,-54,0,0.0,0,1
576,-14,FFF2,FFF2,-14,0,0.0,0,1
577,-1,FFFF,FFFF,-1,0,0.0,0,1
578,-110,FF92,FF92,-110,0,0.0,0,1
579,-85,FFAB,FFAB,-85,0,0.0,0,1
580,-87,FFA9,FFA9,-87,0,0.0,0,1
581,-22,FFEA,FFEA,-22,0,0.0,0,1
582,-33,FFDF,FFDF,-33,0,0.0,0,1
583,88,0058,0058,88,0,0.0,0,1
584,85,0055,0055,85,0,0.0,0,1
585,-88,FFA8,FFA8,-88,0,0.0,0,1
586,-17,FFEF,FFEF,-17,0,0.0,0,1
587,-21,FFEB,FFEB,-21,0,0.0,0,1
588,-27,FFE5,FFE5,-27,0,0.0,0,1
589,53,0035,0035,53,0,0.0,0,1
590,-62,FFC2,FFC2,-62,0,0.0,0,1
591,-20,FFEC,FFEC,-20,0,0.0,0,1
592,-83,FFAD,FFAD,-83,0,0.0,0,1
593,-26,FFE6,FFE6,-26,0,0.0,0,1
594,-19,FFED,FFED,-19,0,0.0,0,1
595,12,000C,000C,12,0,0.0,0,1
596,2,0002,0002,2,0,0.0,0,1
597,-26,FFE6,FFE6,-26,0,0.0,0,1
598,-111,FF91,FF91,-111,0,0.0,0,1
599,22,0016,0016,22,0,0.0,0,1
600,-16,FFF0,FFF0,-16,0,0.0,0,1
601,63,003F,003F,63,0,0.0,0,1
602,125,007D,007D,125,0,0.0,0,1
603,-175,FF51,FF51,-175,0,0.0,0,1
604,104,0068,0068,104,0,0.0,0,1
605,-138,FF76,FF76,-138,0,0.0,0,1
606,48,0030,0030,48,0,0.0,0,1
607,111,006F,006F,111,0,0.0,0,1
608,-41,FFD7,FFD7,-41,0,0.0,0,1
609,-116,FF8C,FF8C,-116,0,0.0,0,1
610,-67,FFBD,FFBD,-67,0,0.0,0,1
611,38,0026,0026,38,0,0.0,0,1
612,47,002F,002F,47,0,0.0,0,1
613,-119,FF89,FF89,-119,0,0.0,0,1
614,112,0070,0070,112,0,0.0,0,1
615,-2,FFFE,FFFE,-2,0,0.0,0,1
616,-113,FF8F,FF8F,-113,0,0.0,0,1
617,173,00AD,00AD,173,0,0.0,0,1
618,-55,FFC9,FFC9,-55,0,0.0,0,1
619,141,008D,008D,141,0,0.0,0,1
620,123,007B,007B,123,0,0.0,0,1
621,196,00C4,00C4,196,0,0.0,0,1
622,63,003F,003F,63,0,0.0,0,1
623,-20,FFEC,FFEC,-20,0,0.0,0,1
624,-100,FF9C,FF9C,-100,0,0.0,0,1
625,42,002A,002A,42,0,0.0,0,1
626,-171,FF55,FF55,-171,0,0.0,0,1
627,-61,FFC3,FFC3,-61,0,0.0,0,1
628,-40,FFD8,FFD8,-40,0,0.0,0,1
629,-106,FF96,FF96,-106,0,0.0,0,1
630,-50,FFCE,FFCE,-50,0,0.0,0,1
631,-65,FFBF,FFBF,-65,0,0.0,0,1
632,-213,FF2B,FF2B,-213,0,0.0,0,1
633,143,008F,008F,143,0,0.0,0,1
634,114,0072,0072,114,0,0.0,0,1
635,105,0069,0069,105,0,0.0,0,1
636,46,002E,002E,46,0,0.0,0,1
637,87,0057,0057,87,0,0.0,0,1
638,-83,FFAD,FFAD,-83,0,0.0,0,1
639,52,0034,0034,52,0,0.0,0,1
640,-129,FF7F,FF7F,-129,0,0.0,0,1
641,12,000C,000C,12,0,0.0,0,1
642,-65,FFBF,FFBF,-65,0,0.0,0,1
643,186,00BA,00BA,186,0,0.0,0,1
644,120,0078,0078,120,0,0.0,0,1
645,70,0046,0046,70,0,0.0,0,1
646,-19,FFED,FFED,-19,0,0.0,0,1
647,76,004C,004C,76,0,0.0,0,1
648,17,0011,0011,17,0,0.0,0,1
649,126,007E,007E,126,0,0.0,0,1
650,-100,FF9C,FF9C,-100,0,0.0,0,1
651,25,0019,0019,25,0,0.0,0,1
652,-47,FFD1,FFD1,-47,0,0.0,0,1
653,-25,FFE7,FFE7,-25,0,0.0,0,1
654,-37,FFDB,FFDB,-37,0,0.0,0,1
655,52,0034,0034,52,0,0.0,0,1
656,132,0084,0084,132,0,0.0,0,1
657,-136,FF78,FF78,-136,0,0.0,0,1
658,151,0097,0097,151,0,0.0,0,1
659,98,0062,0062,98,0,0.0,0,1
660,-5,FFFB,FFFB,-5,0,0.0,0,1
661,12,000C,000C,12,0,0.0,0,1
662,83,0053,0053,83,0,0.0,0,1
663,121,0079,0079,121,0,0.0,0,1
664,209,00D1,00D1,209,0,0.0,0,1
665,24,0018,0018,24,0,0.0,0,1
666,-71,FFB9,FFB9,-71,0,0.0,0,1
667,17,0011,0011,17,0,0.0,0,1
668,-150,FF6A,FF6A,-150,0,0.0,0,1
669,37,0025,0025,37,0,0.0,0,1
670,78,004E,004E,78,0,0.0,0,1
671,17,0011,0011,17,0,0.0,0,1
672,-40,FFD8,FFD8,-40,0,0.0,0,1
673,-93,FFA3,FFA3,-93,0,0.0,0,1
674,240,00F0,00F0,240,0,0.0,0,1
675,121,0079,0079,121,0,0.0,0,1
676,9,0009,0009,9,0,0.0,0,1
677,-149,FF6B,FF6B,-149,0,0.0,0,1
678,-116,FF8C,FF8C,-116,0,0.0,0,1
679,114,0072,0072,114,0,0.0,0,1
680,24,0018,0018,24,0,0.0,0,1
681,-75,FFB5,FFB5,-75,0,0.0,0,1
682,37,0025,0025,37,0,0.0,0,1
683,44,002C,002C,44,0,0.0,0,1
684,39,0027,0027,39,0,0.0,0,1
685,-74,FFB6,FFB6,-74,0,0.0,0,1
686,82,0052,0052,82,0,0.0,0,1
687,132,0084,0084,132,0,0.0,0,1
688,-75,FFB5,FFB5,-75,0,0.0,0,1
689,-132,FF7C,FF7C,-132,0,0.0,0,1
690,-93,FFA3,FFA3,-93,0,0.0,0,1
691,-42,FFD6,FFD6,-42,0,0.0,0,1
692,-63,FFC1,FFC1,-63,0,0.0,0,1
693,167,00A7,00A7,167,0,0.0,0,1
694,-217,FF27,FF27,-217,0,0.0,0,1
695,-11,FFF5,FFF5,-11,0,0.0,0,1
696,78,004E,004E,78,0,0.0,0,1
697,31,001F,001F,31,0,0.0,0,1
698,86,0056,0056,86,0,0.0,0,1
699,178,00B2,00B2,178,0,0.0,0,1
700,-33,FFDF,FFDF,-33,0,0.0,0,1
701,-89,FFA7,FFA7,-89,0,0.0,0,1
702,59,003B,003B,59,0,0.0,0,1
703,-70,FFBA,FFBA,-70,0,0.0,0,1
704,-26,FFE6,FFE6,-26,0,0.0,0,1
705,-95,FFA1,FFA1,-95,0,0.0,0,1
706,128,0080,0080,128,0,0.0,0,1
707,124,007C,007C,124,0,0.0,0,1
708,-12,FFF4,FFF4,-12,0,0.0,0,1
709,25,0019,0019,25,0,0.0,0,1
710,-149,FF6B,FF6B,-149,0,0.0,0,1
711,-45,FFD3,FFD3,-45,0,0.0,0,1
712,122,007A,007A,122,0,0.0,0,1
713,-148,FF6C,FF6C,-148,0,0.0,0,1
714,-78,FFB2,FFB2,-78,0,0.0,0,1
715,0,0000,0000,0,0,0.0,0,1
716,-109,FF93,FF93,-109,0,0.0,0,1
717,-183,FF49,FF49,-183,0,0.0,0,1
718,-137,FF77,FF77,-137,0,0.0,0,1
719,-22,FFEA,FFEA,-22,0,0.0,0,1
720,64,0040,0040,64,0,0.0,0,1
721,-32,FFE0,FFE0,-32,0,0.0,0,1
722,-141,FF73,FF73,-141,0,0.0,0,1
723,-123,FF85,FF85,-123,0,0.0,0,1
724,21,0015,0015,21,0,0.0,0,1
725,-59,FFC5,FFC5,-59,0,0.0,0,1
726,46,002E,002E,46,0,0.0,0,1
727,-9,FFF7,FFF7,-9,0,0.0,0,1
728,5,0005,0005,5,0,0.0,0,1
729,34,0022,0022,34,0,0.0,0,1
730,-150,FF6A,FF6A,-150,0,0.0,0,1
731,68,0044,0044,68,0,0.0,0,1
732,23,0017,0017,23,0,0.0,0,1
733,-17,FFEF,FFEF,-17,0,0.0,0,1
734,-2,FFFE,FFFE,-2,0,0.0,0,1
735,86,0056,0056,86,0,0.0,0,1
736,39,0027,0027,39,0,0.0,0,1
737,37,0025,0025,37,0,0.0,0,1
738,-11,FFF5,FFF5,-11,0,0.0,0,1
739,172,00AC,00AC,172,0,0.0,0,1
740,37,0025,0025,37,0,0.0,0,1
741,74,004A,004A,74,0,0.0,0,1
742,12,000C,000C,12,0,0.0,0,1
743,-45,FFD3,FFD3,-45,0,0.0,0,1
744,8,0008,0008,8,0,0.0,0,1
745,11,000B,000B,11,0,0.0,0,1
746,-162,FF5E,FF5E,-162,0,0.0,0,1
747,-120,FF88,FF88,-120,0,0.0,0,1
748,-113,FF8F,FF8F,-113,0,0.0,0,1
749,-22,FFEA,FFEA,-22,0,0.0,0,1
750,69,0045,0045,69,0,0.0,0,1
751,1,0001,0001,1,0,0.0,0,1
752,58,003A,003A,58,0,0.0,0,1
753,142,008E,008E,142,0,0.0,0,1
754,174,00AE,00AE,174,0,0.0,0,1
755,75,004B,004B,75,0,0.0,0,1
756,107,006B,006B,107,0,0.0,0,1
757,-154,FF66,FF66,-154,0,0.0,0,1
758,-90,FFA6,FFA6,-90,0,0.0,0,1
759,-76,FFB4,FFB4,-76,0,0.0,0,1
760,124,007C,007C,124,0,0.0,0,1
761,62,003E,003E,62,0,0.0,0,1
762,1,0001,0001,1,0,0.0,0,1
763,71,0047,0047,71,0,0.0,0,1
764,73,0049,0049,73,0,0.0,0,1
765,-215,FF29,FF29,-215,0,0.0,0,1
766,74,004A,004A,74,0,0.0,0,1
767,50,0032,0032,50,0,0.0,0,1
768,105,0069,0069,105,0,0.0,0,1
769,-62,FFC2,FFC2,-62,0,0.0,0,1
770,260,0104,0104,260,0,0.0,0,1
771,175,00AF,00AF,175,0,0.0,0,1
772,129,0081,0081,129,0,0.0,0,1
773,23,0017,0017,23,0,0.0,0,1
774,-26,FFE6,FFE6,-26,0,0.0,0,1
775,-112,FF90,FF90,-112,0,0.0,0,1
776,-126,FF82,FF82,-126,0,0.0,0,1
777,147,0093,0093,147,0,0.0,0,1
778,60,003C,003C,60,0,0.0,0,1
779,28,001C,001C,28,0,0.0,0,1
780,-92,FFA4,FFA4,-92,0,0.0,0,1
781,-189,FF43,FF43,-189,0,0.0,0,1
782,31,001F,001F,31,0,0.0,0,1
783,86,0056,0056,86,0,0.0,0,1
784,-72,FFB8,FFB8,-72,0,0.0,0,1
785,34,0022,0022,34,0,0.0,0,1
786,-67,FFBD,FFBD,-67,0,0.0,0,1
787,-24,FFE8,FFE8,-24,0,0.0,0,1
788,138,008A,008A,138,0,0.0,0,1
789,-155,FF65,FF65,-155,0,0.0,0,1
790,-88,FFA8,FFA8,-88,0,0.0,0,1
791,-41,FFD7,FFD7,-41,0,0.0,0,1
792,-80,FFB0,FFB0,-80,0,0.0,0,1
793,53,0035,0035,53,0,0.0,0,1
794,89,0059,0059,89,0,0.0,0,1
795,187,00BB,00BB,187,0,0.0,0,1
796,-18,FFEE,FFEE,-18,0,0.0,0,1
797,-4,FFFC,FFFC,-4,0,0.0,0,1
798,-45,FFD3,FFD3,-45,0,0.0,0,1
799,-29,FFE3,FFE3,-29,0,0.0,0,1
800,15,000F,000F,15,0,0.0,0,1
801,-83,FFAD,FFAD,-83,0,0.0,0,1
802,113,0071,0071,113,0,0.0,0,1
803,33,0021,0021,33,0,0.0,0,1
804,-44,FFD4,FFD4,-44,0,0.0,0,1
805,285,011D,011D,285,0,0.0,0,1
806,-81,FFAF,FFAF,-81,0,0.0,0,1
807,58,003A,003A,58,0,0.0,0,1
808,-56,FFC8,FFC8,-56,0,0.0,0,1
809,-1,FFFF,FFFF,-1,0,0.0,0,1
810,-93,FFA3,FFA3,-93,0,0.0,0,1
811,21,0015,0015,21,0,0.0,0,1
812,87,0057,0057,87,0,0.0,0,1
813,-92,FFA4,FFA4,-92,0,0.0,0,1
814,5,0005,0005,5,0,0.0,0,1
815,98,0062,0062,98,0,0.0,0,1
816,-28,FFE4,FFE4,-28,0,0.0,0,1
817,-55,FFC9,FFC9,-55,0,0.0,0,1
818,-9,FFF7,FFF7,-9,0,0.0,0,1
819,187,00BB,00BB,187,0,0.0,0,1
820,-35,FFDD,FFDD,-35,0,0.0,0,1
821,19,0013,0013,19,0,0.0,0,1
822,96,0060,0060,96,0,0.0,0,1
823,91,005B,005B,91,0,0.0,0,1
824,64,0040,0040,64,0,0.0,0,1
825,-33,FFDF,FFDF,-33,0,0.0,0,1
826,-84,FFAC,FFAC,-84,0,0.0,0,1
827,28,001C,001C,28,0,0.0,0,1
828,185,00B9,00B9,185,0,0.0,0,1
829,-35,FFDD,FFDD,-35,0,0.0,0,1
830,-28,FFE4,FFE4,-28,0,0.0,0,1
831,-55,FFC9,FFC9,-55,0,0.0,0,1
832,-193,FF3F,FF3F,-193,0,0.0,0,1
833,-152,FF68,FF68,-152,0,0.0,0,1
834,-120,FF88,FF88,-120,0,0.0,0,1
835,-96,FFA0,FFA0,-96,0,0.0,0,1
836,69,0045,0045,69,0,0.0,0,1
837,-85,FFAB,FFAB,-85,0,0.0,0,1
838,-31,FFE1,FFE1,-31,0,0.0,0,1
839,14,000E,000E,14,0,0.0,0,1
840,-264,FEF8,FEF8,-264,0,0.0,0,1
841,-8,FFF8,FFF8,-8,0,0.0,0,1
842,24,0018,0018,24,0,0.0,0,1
843,166,00A6,00A6,166,0,0.0,0,1
844,-150,FF6A,FF6A,-150,0,0.0,0,1
845,-19,FFED,FFED,-19,0,0.0,0,1
846,-95,FFA1,FFA1,-95,0,0.0,0,1
847,-14,FFF2,FFF2,-14,0,0.0,0,1
848,52,0034,0034,52,0,0.0,0,1
849,39,0027,0027,39,0,0.0,0,1
850,-20,FFEC,FFEC,-20,0,0.0,0,1
851,57,0039,0039,57,0,0.0,0,1
852,-177,FF4F,FF4F,-177,0,0.0,0,1
853,-27,FFE5,FFE5,-27,0,0.0,0,1
854,106,006A,006A,106,0,0.0,0,1
855,-57,FFC7,FFC7,-57,0,0.0,0,1
856,-25,FFE7,FFE7,-25,0,0.0,0,1
857,-55,FFC9,FFC9,-55,0,0.0,0,1
858,159,009F,009F,159,0,0.0,0,1
859,114,0072,0072,114,0,0.0,0,1
860,140,008C,008C,140,0,0.0,0,1
861,120,0078,0078,120,0,0.0,0,1
862,98,0062,0062,98,0,0.0,0,1
863,70,0046,0046,70,0,0.0,0,1
864,-69,FFBB,FFBB,-69,0,0.0,0,1
865,25,0019,0019,25,0,0.0,0,1
866,252,00FC,00FC,252,0,0.0,0,1
867,219,00DB,00DB,219,0,0.0,0,1
868,18,0012,0012,18,0,0.0,0,1
869,-116,FF8C,FF8C,-116,0,0.0,0,1
870,60,003C,003C,60,0,0.0,0,1
871,189,00BD,00BD,189,0,0.0,0,1
872,-203,FF35,FF35,-203,0,0.0,0,1
873,4,0004,0004,4,0,0.0,0,1
874,231,00E7,00E7,231,0,0.0,0,1
875,113,0071,0071,113,0,0.0,0,1
876,-44,FFD4,FFD4,-44,0,0.0,0,1
877,113,0071,0071,113,0,0.0,0,1
878,115,0073,0073,115,0,0.0,0,1
879,-69,FFBB,FFBB,-69,0,0.0,0,1
880,-80,FFB0,FFB0,-80,0,0.0,0,1
881,-78,FFB2,FFB2,-78,0,0.0,0,1
882,-25,FFE7,FFE7,-25,0,0.0,0,1
883,-134,FF7A,FF7A,-134,0,0.0,0,1
884,-83,FFAD,FFAD,-83,0,0.0,0,1
885,26,001A,001A,26,0,0.0,0,1
886,-75,FFB5,FFB5,-75,0,0.0,0,1
887,-47,FFD1,FFD1,-47,0,0.0,0,1
888,49,0031,0031,49,0,0.0,0,1
889,-63,FFC1,FFC1,-63,0,0.0,0,1
890,-5,FFFB,FFFB,-5,0,0.0,0,1
891,123,007B,007B,123,0,0.0,0,1
892,29,001D,001D,29,0,0.0,0,1
893,-49,FFCF,FFCF,-49,0,0.0,0,1
894,29,001D,001D,29,0,0.0,0,1
895,14,000E,000E,14,0,0.0,0,1
896,-8,FFF8,FFF8,-8,0,0.0,0,1
897,43,002B,002B,43,0,0.0,0,1
898,-60,FFC4,FFC4,-60,0,0.0,0,1
899,181,00B5,00B5,181,0,0.0,0,1
900,114,0072,0072,114,0,0.0,0,1
901,12,000C,000C,12,0,0.0,0,1
902,23,0017,0017,23,0,0.0,0,1
903,112,0070,0070,112,0,0.0,0,1
904,-36,FFDC,FFDC,-36,0,0.0,0,1
905,-56,FFC8,FFC8,-56,0,0.0,0,1
906,-3,FFFD,FFFD,-3,0,0.0,0,1
907,-23,FFE9,FFE9,-23,0,0.0,0,1
908,21,0015,0015,21,0,0.0,0,1
909,0,0000,0000,0,0,0.0,0,1
910,-124,FF84,FF84,-124,0,0.0,0,1
911,51,0033,0033,51,0,0.0,0,1
912,-148,FF6C,FF6C,-148,0,0.0,0,1
913,82,0052,0052,82,0,0.0,0,1
914,266,010A,010A,266,0,0.0,0,1
915,-26,FFE6,FFE6,-26,0,0.0,0,1
916,66,0042,0042,66,0,0.0,0,1
917,-87,FFA9,FFA9,-87,0,0.0,0,1
918,95,005F,005F,95,0,0.0,0,1
919,35,0023,0023,35,0,0.0,0,1
920,58,003A,003A,58,0,0.0,0,1
921,152,0098,0098,152,0,0.0,0,1
922,-75,FFB5,FFB5,-75,0,0.0,0,1
923,-53,FFCB,FFCB,-53,0,0.0,0,1
924,24,0018,0018,24,0,0.0,0,1
925,-150,FF6A,FF6A,-150,0,0.0,0,1
926,-85,FFAB,FFAB,-85,0,0.0,0,1
927,52,0034,0034,52,0,0.0,0,1
928,72,0048,0048,72,0,0.0,0,1
929,54,0036,0036,54,0,0.0,0,1
930,72,0048,0048,72,0,0.0,0,1
931,39,0027,0027,39,0,0.0,0,1
932,149,0095,0095,149,0,0.0,0,1
933,57,0039,0039,57,0,0.0,0,1
934,20,0014,0014,20,0,0.0,0,1
935,22,0016,0016,22,0,0.0,0,1
936,147,0093,0093,147,0,0.0,0,1
937,-59,FFC5,FFC5,-59,0,0.0,0,1
938,4,0004,0004,4,0,0.0,0,1
939,-23,FFE9,FFE9,-23,0,0.0,0,1
940,-129,FF7F,FF7F,-129,0,0.0,0,1
941,-61,FFC3,FFC3,-61,0,0.0,0,1
942,44,002C,002C,44,0,0.0,0,1
943,66,0042,0042,66,0,0.0,0,1
944,124,007C,007C,124,0,0.0,0,1
945,-198,FF3A,FF3A,-198,0,0.0,0,1
946,12,000C,000C,12,0,0.0,0,1
947,17,0011,0011,17,0,0.0,0,1
948,-62,FFC2,FFC2,-62,0,0.0,0,1
949,109,006D,006D,109,0,0.0,0,1
950,33,0021,0021,33,0,0.0,0,1
951,-14,FFF2,FFF2,-14,0,0.0,0,1
952,2,0002,0002,2,0,0.0,0,1
953,-38,FFDA,FFDA,-38,0,0.0,0,1
954,6,0006,0006,6,0,0.0,0,1
955,97,0061,0061,97,0,0.0,0,1
956,-193,FF3F,FF3F,-193,0,0.0,0,1
957,78,004E,004E,78,0,0.0,0,1
958,-223,FF21,FF21,-223,0,0.0,0,1
959,-58,FFC6,FFC6,-58,0,0.0,0,1
960,96,0060,0060,96,0,0.0,0,1
961,-56,FFC8,FFC8,-56,0,0.0,0,1
962,139,008B,008B,139,0,0.0,0,1
963,0,0000,0000,0,0,0.0,0,1
964,7,0007,0007,7,0,0.0,0,1
965,57,0039,0039,57,0,0.0,0,1
966,17,0011,0011,17,0,0.0,0,1
967,-88,FFA8,FFA8,-88,0,0.0,0,1
968,-180,FF4C,FF4C,-180,0,0.0,0,1
969,-48,FFD0,FFD0,-48,0,0.0,0,1
970,-129,FF7F,FF7F,-129,0,0.0,0,1
971,-231,FF19,FF19,-231,0,0.0,0,1
972,-90,FFA6,FFA6,-90,0,0.0,0,1
973,210,00D2,00D2,210,0,0.0,0,1
974,106,006A,006A,106,0,0.0,0,1
975,-193,FF3F,FF3F,-193,0,0.0,0,1
976,-30,FFE2,FFE2,-30,0,0.0,0,1
977,-114,FF8E,FF8E,-114,0,0.0,0,1
978,6,0006,0006,6,0,0.0,0,1
979,-137,FF77,FF77,-137,0,0.0,0,1
980,46,002E,002E,46,0,0.0,0,1
981,-143,FF71,FF71,-143,0,0.0,0,1
982,-30,FFE2,FFE2,-30,0,0.0,0,1
983,-90,FFA6,FFA6,-90,0,0.0,0,1
984,-117,FF8B,FF8B,-117,0,0.0,0,1
985,22,0016,0016,22,0,0.0,0,1
986,-121,FF87,FF87,-121,0,0.0,0,1
987,-85,FFAB,FFAB,-85,0,0.0,0,1
988,-34,FFDE,FFDE,-34,0,0.0,0,1
989,57,0039,0039,57,0,0.0,0,1
990,-170,FF56,FF56,-170,0,0.0,0,1
991,57,0039,0039,57,0,0.0,0,1
992,-11,FFF5,FFF5,-11,0,0.0,0,1
993,-96,FFA0,FFA0,-96,0,0.0,0,1
994,74,004A,004A,74,0,0.0,0,1
995,-49,FFCF,FFCF,-49,0,0.0,0,1
996,8,0008,0008,8,0,0.0,0,1
997,61,003D,003D,61,0,0.0,0,1
998,-119,FF89,FF89,-119,0,0.0,0,1
999,-88,FFA8,FFA8,-88,0,0.0,0,1
1000,52,0034,0034,52,0,0.0,0,1
1001,140,008C,008C,140,0,0.0,0,1
1002,-73,FFB7,FFB7,-73,0,0.0,0,1
1003,46,002E,002E,46,0,0.0,0,1
1004,-72,FFB8,FFB8,-72,0,0.0,0,1
1005,219,00DB,00DB,219,0,0.0,0,1
1006,57,0039,0039,57,0,0.0,0,1
1007,110,006E,006E,110,0,0.0,0,1
1008,221,00DD,00DD,221,0,0.0,0,1
1009,-29,FFE3,FFE3,-29,0,0.0,0,1
1010,37,0025,0025,37,0,0.0,0,1
1011,6,0006,0006,6,0,0.0,0,1
1012,152,0098,0098,152,0,0.0,0,1
1013,-66,FFBE,FFBE,-66,0,0.0,0,1
1014,64,0040,0040,64,0,0.0,0,1
1015,-146,FF6E,FF6E,-146,0,0.0,0,1
1016,-98,FF9E,FF9E,-98,0,0.0,0,1
1017,88,0058,0058,88,0,0.0,0,1
1018,-134,FF7A,FF7A,-134,0,0.0,0,1
1019,-36,FFDC,FFDC,-36,0,0.0,0,1
1020,62,003E,003E,62,0,0.0,0,1
1021,-169,FF57,FF57,-169,0,0.0,0,1
1022,-174,FF52,FF52,-174,0,0.0,0,1
1023,-128,FF80,FF80,-128,0,0.0,0,1
1024,-78,FFB2,FFB2,-78,0,0.0,0,1
1025,-36,FFDC,FFDC,-36,0,0.0,0,1
1026,-180,FF4C,FF4C,-180,0,0.0,0,1
1027,80,0050,0050,80,0,0.0,0,1
1028,-181,FF4B,FF4B,-181,0,0.0,0,1
1029,37,0025,0025,37,0,0.0,0,1
1030,-48,FFD0,FFD0,-48,0,0.0,0,1
1031,74,004A,004A,74,0,0.0,0,1
1032,-67,FFBD,FFBD,-67,0,0.0,0,1
1033,101,0065,0065,101,0,0.0,0,1
1034,-41,FFD7,FFD7,-41,0,0.0,0,1
1035,-32,FFE0,FFE0,-32,0,0.0,0,1
1036,131,0083,0083,131,0,0.0,0,1
1037,36,0024,0024,36,0,0.0,0,1
1038,7,0007,0007,7,0,0.0,0,1
1039,83,0053,0053,83,0,0.0,0,1
1040,87,0057,0057,87,0,0.0,0,1
1041,8,0008,0008,8,0,0.0,0,1
1042,-108,FF94,FF94,-108,0,0.0,0,1
1043,18,0012,0012,18,0,0.0,0,1
1044,209,00D1,00D1,209,0,0.0,0,1
1045,-118,FF8A,FF8A,-118,0,0.0,0,1
1046,122,007A,007A,122,0,0.0,0,1
1047,-44,FFD4,FFD4,-44,0,0.0,0,1
1048,-48,FFD0,FFD0,-48,0,0.0,0,1
1049,43,002B,002B,43,0,0.0,0,1
1050,-6,FFFA,FFFA,-6,0,0.0,0,1
1051,51,0033,0033,51,0,0.0,0,1
1052,-115,FF8D,FF8D,-115,0,0.0,0,1
1053,-38,FFDA,FFDA,-38,0,0.0,0,1
1054,49,0031,0031,49,0,0.0,0,1
1055,38,0026,0026,38,0,0.0,0,1
1056,-82,FFAE,FFAE,-82,0,0.0,0,1
1057,227,00E3,00E3,227,0,0.0,0,1
1058,-23,FFE9,FFE9,-23,0,0.0,0,1
1059,4,0004,0004,4,0,0.0,0,1
1060,34,0022,0022,34,0,0.0,0,1
1061,14,000E,000E,14,0,0.0,0,1
1062,-27,FFE5,FFE5,-27,0,0.0,0,1
1063,-70,FFBA,FFBA,-70,0,0.0,0,1
1064,-112,FF90,FF90,-112,0,0.0,0,1
1065,96,0060,0060,96,0,0.0,0,1
1066,-76,FFB4,FFB4,-76,0,0.0,0,1
1067,-46,FFD2,FFD2,-46,0,0.0,0,1
1068,116,0074,0074,116,0,0.0,0,1
1069,12,000C,000C,12,0,0.0,0,1
1070,272,0110,0110,272,0,0.0,0,1
1071,-163,FF5D,FF5D,-163,0,0.0,0,1
1072,210,00D2,00D2,210,0,0.0,0,1
1073,78,004E,004E,78,0,0.0,0,1
1074,31,001F,001F,31,0,0.0,0,1
1075,93,005D,005D,93,0,0.0,0,1
1076,67,0043,0043,67,0,0.0,0,1
1077,-80,FFB0,FFB0,-80,0,0.0,0,1
1078,-126,FF82,FF82,-126,0,0.0,0,1
1079,-87,FFA9,FFA9,-87,0,0.0,0,1
1080,-83,FFAD,FFAD,-83,0,0.0,0,1
1081,109,006D,006D,109,0,0.0,0,1
1082,43,002B,002B,43,0,0.0,0,1
1083,1,0001,0001,1,0,0.0,0,1
1084,-22,FFEA,FFEA,-22,0,0.0,0,1
1085,-76,FFB4,FFB4,-76,0,0.0,0,1
1086,194,00C2,00C2,194,0,0.0,0,1
1087,3,0003,0003,3,0,0.0,0,1
1088,206,00CE,00CE,206,0,0.0,0,1
1089,-41,FFD7,FFD7,-41,0,0.0,0,1
1090,201,00C9,00C9,201,0,0.0,0,1
1091,60,003C,003C,60,0,0.0,0,1
1092,8,0008,0008,8,0,0.0,0,1
1093,300,012C,012C,300,0,0.0,0,1
1094,84,0054,0054,84,0,0.0,0,1
1095,5,0005,0005,5,0,0.0,0,1
1096,-156,FF64,FF64,-156,0,0.0,0,1
1097,-223,FF21,FF21,-223,0,0.0,0,1
1098,-23,FFE9,FFE9,-23,0,0.0,0,1
1099,9,0009,0009,9,0,0.0,0,1
1100,-71,FFB9,FFB9,-71,0,0.0,0,1
1101,110,006E,006E,110,0,0.0,0,1
1102,-81,FFAF,FFAF,-81,0,0.0,0,1
1103,150,0096,0096,150,0,0.0,0,1
1104,-82,FFAE,FFAE,-82,0,0.0,0,1
1105,213,00D5,00D5,213,0,0.0,0,1
1106,-178,FF4E,FF4E,-178,0,0.0,0,1
1107,80,0050,0050,80,0,0.0,0,1
1108,-60,FFC4,FFC4,-60,0,0.0,0,1
1109,-70,FFBA,FFBA,-70,0,0.0,0,1
1110,-31,FFE1,FFE1,-31,0,0.0,0,1
1111,-31,FFE1,FFE1,-31,0,0.0,0,1
1112,-93,FFA3,FFA3,-93,0,0.0,0,1
1113,-54,FFCA,FFCA,-54,0,0.0,0,1
1114,-92,FFA4,FFA4,-92,0,0.0,0,1
1115,26,001A,001A,26,0,0.0,0,1
1116,37,0025,0025,37,0,0.0,0,1
1117,-139,FF75,FF75,-139,0,0.0,0,1
1118,-138,FF76,FF76,-138,0,0.0,0,1
1119,20,0014,0014,20,0,0.0,0,1
1120,-49,FFCF,FFCF,-49,0,0.0,0,1
1121,-4,FFFC,FFFC,-4,0,0.0,0,1
1122,-113,FF8F,FF8F,-113,0,0.0,0,1
1123,-57,FFC7,FFC7,-57,0,0.0,0,1
1124,-36,FFDC,FFDC,-36,0,0.0,0,1
1125,-27,FFE5,FFE5,-27,0,0.0,0,1
1126,17,0011,0011,17,0,0.0,0,1
1127,-183,FF49,FF49,-183,0,0.0,0,1
1128,-68,FFBC,FFBC,-68,0,0.0,0,1
1129,176,00B0,00B0,176,0,0.0,0,1
1130,-108,FF94,FF94,-108,0,0.0,0,1
1131,189,00BD,00BD,189,0,0.0,0,1
1132,-108,FF94,FF94,-108,0,0.0,0,1
1133,33,0021,0021,33,0,0.0,0,1
1134,-38,FFDA,FFDA,-38,0,0.0,0,1
1135,-46,FFD2,FFD2,-46,0,0.0,0,1
1136,-43,FFD5,FFD5,-43,0,0.0,0,1
1137,15,000F,000F,15,0,0.0,0,1
1138,77,004D,004D,77,0,0.0,0,1
1139,-105,FF97,FF97,-105,0,0.0,0,1
1140,-168,FF58,FF58,-168,0,0.0,0,1
1141,114,0072,0072,114,0,0.0,0,1
1142,-33,FFDF,FFDF,-33,0,0.0,0,1
1143,-33,FFDF,FFDF,-33,0,0.0,0,1
1144,101,0065,0065,101,0,0.0,0,1
1145,-36,FFDC,FFDC,-36,0,0.0,0,1
1146,-36,FFDC,FFDC,-36,0,0.0,0,1
1147,72,0048,0048,72,0,0.0,0,1
1148,-37,FFDB,FFDB,-37,0,0.0,0,1
1149,-113,FF8F,FF8F,-113,0,0.0,0,1
1150,6,0006,0006,6,0,0.0,0,1
1151,36,0024,0024,36,0,0.0,0,1
1152,-66,FFBE,FFBE,-66,0,0.0,0,1
1153,-61,FFC3,FFC3,-61,0,0.0,0,1
1154,-89,FFA7,FFA7,-89,0,0.0,0,1
1155,224,00E0,00E0,224,0,0.0,0,1
1156,-12,FFF4,FFF4,-12,0,0.0,0,1
1157,-83,FFAD,FFAD,-83,0,0.0,0,1
1158,-85,FFAB,FFAB,-85,0,0.0,0,1
1159,-49,FFCF,FFCF,-49,0,0.0,0,1
1160,23,0017,0017,23,0,0.0,0,1
1161,-100,FF9C,FF9C,-100,0,0.0,0,1
1162,97,0061,0061,97,0,0.0,0,1
1163,31,001F,001F,31,0,0.0,0,1
1164,-82,FFAE,FFAE,-82,0,0.0,0,1
1165,-67,FFBD,FFBD,-67,0,0.0,0,1
1166,-20,FFEC,FFEC,-20,0,0.0,0,1
1167,-2,FFFE,FFFE,-2,0,0.0,0,1
1168,-119,FF89,FF89,-119,0,0.0,0,1
1169,-34,FFDE,FFDE,-34,0,0.0,0,1
1170,-165,FF5B,FF5B,-165,0,0.0,0,1
1171,67,0043,0043,67,0,0.0,0,1
1172,133,0085,0085,133,0,0.0,0,1
1173,-28,FFE4,FFE4,-28,0,0.0,0,1
1174,39,0027,0027,39,0,0.0,0,1
1175,22,0016,0016,22,0,0.0,0,1
1176,-62,FFC2,FFC2,-62,0,0.0,0,1
1177,45,002D,002D,45,0,0.0,0,1
1178,76,004C,004C,76,0,0.0,0,1
1179,-59,FFC5,FFC5,-59,0,0.0,0,1
1180,-65,FFBF,FFBF,-65,0,0.0,0,1
1181,-99,FF9D,FF9D,-99,0,0.0,0,1
1182,12,000C,000C,12,0,0.0,0,1
1183,165,00A5,00A5,165,0,0.0,0,1
1184,76,004C,004C,76,0,0.0,0,1
1185,119,0077,0077,119,0,0.0,0,1
1186,-87,FFA9,FFA9,-87,0,0.0,0,1
1187,-190,FF42,FF42,-190,0,0.0,0,1
1188,91,005B,005B,91,0,0.0,0,1
1189,-66,FFBE,FFBE,-66,0,0.0,0,1
1190,-15,FFF1,FFF1,-15,0,0.0,0,1
1191,38,0026,0026,38,0,0.0,0,1
1192,71,0047,0047,71,0,0.0,0,1
1193,-43,FFD5,FFD5,-43,0,0.0,0,1
1194,93,005D,005D,93,0,0.0,0,1
1195,-69,FFBB,FFBB,-69,0,0.0,0,1
1196,198,00C6,00C6,198,0,0.0,0,1
1197,-82,FFAE,FFAE,-82,0,0.0,0,1
1198,-34,FFDE,FFDE,-34,0,0.0,0,1
1199,-61,FFC3,FFC3,-61,0,0.0,0,1
1200,-47,FFD1,FFD1,-47,0,0.0,0,1
1201,63,003F,003F,63,0,0.0,0,1
1202,-122,FF86,FF86,-122,0,0.0,0,1
1203,63,003F,003F,63,0,0.0,0,1
1204,83,0053,0053,83,0,0.0,0,1
1205,-136,FF78,FF78,-136,0,0.0,0,1
1206,32,0020,0020,32,0,0.0,0,1
1207,109,006D,006D,109,0,0.0,0,1
1208,-63,FFC1,FFC1,-63,0,0.0,0,1
1209,-13,FFF3,FFF3,-13,0,0.0,0,1
1210,14,000E,000E,14,0,0.0,0,1
1211,-92,FFA4,FFA4,-92,0,0.0,0,1
1212,-97,FF9F,FF9F,-97,0,0.0,0,1
1213,89,0059,0059,89,0,0.0,0,1
1214,36,0024,0024,36,0,0.0,0,1
1215,-46,FFD2,FFD2,-46,0,0.0,0,1
1216,44,002C,002C,44,0,0.0,0,1
1217,-127,FF81,FF81,-127,0,0.0,0,1
1218,61,003D,003D,61,0,0.0,0,1
1219,-42,FFD6,FFD6,-42,0,0.0,0,1
1220,68,0044,0044,68,0,0.0,0,1
1221,135,0087,0087,135,0,0.0,0,1
1222,67,0043,0043,67,0,0.0,0,1
1223,176,00B0,00B0,176,0,0.0,0,1
1224,53,0035,0035,53,0,0.0,0,1
1225,192,00C0,00C0,192,0,0.0,0,1
1226,54,0036,0036,54,0,0.0,0,1
1227,-136,FF78,FF78,-136,0,0.0,0,1
1228,-185,FF47,FF47,-185,0,0.0,0,1
1229,-23,FFE9,FFE9,-23,0,0.0,0,1
1230,-49,FFCF,FFCF,-49,0,0.0,0,1
1231,-86,FFAA,FFAA,-86,0,0.0,0,1
1232,4,0004,0004,4,0,0.0,0,1
1233,36,0024,0024,36,0,0.0,0,1
1234,95,005F,005F,95,0,0.0,0,1
1235,64,0040,0040,64,0,0.0,0,1
1236,-110,FF92,FF92,-110,0,0.0,0,1
1237,66,0042,0042,66,0,0.0,0,1
1238,-12,FFF4,FFF4,-12,0,0.0,0,1
1239,-65,FFBF,FFBF,-65,0,0.0,0,1
1240,-148,FF6C,FF6C,-148,0,0.0,0,1
1241,-38,FFDA,FFDA,-38,0,0.0,0,1
1242,108,006C,006C,108,0,0.0,0,1
1243,-10,FFF6,FFF6,-10,0,0.0,0,1
1244,15,000F,000F,15,0,0.0,0,1
1245,85,0055,0055,85,0,0.0,0,1
1246,-47,FFD1,FFD1,-47,0,0.0,0,1
1247,-76,FFB4,FFB4,-76,0,0.0,0,1
1248,86,0056,0056,86,0,0.0,0,1
1249,26,001A,001A,26,0,0.0,0,1
1250,-50,FFCE,FFCE,-50,0,0.0,0,1
1251,51,0033,0033,51,0,0.0,0,1
1252,107,006B,006B,107,0,0.0,0,1
1253,171,00AB,00AB,171,0,0.0,0,1
1254,-227,FF1D,FF1D,-227,0,0.0,0,1
1255,-190,FF42,FF42,-190,0,0.0,0,1
1256,-27,FFE5,FFE5,-27,0,0.0,0,1
1257,15,000F,000F,15,0,0.0,0,1
1258,29,001D,001D,29,0,0.0,0,1
1259,186,00BA,00BA,186,0,0.0,0,1
1260,96,0060,0060,96,0,0.0,0,1
1261,4,0004,0004,4,0,0.0,0,1
1262,-187,FF45,FF45,-187,0,0.0,0,1
1263,-106,FF96,FF96,-106,0,0.0,0,1
1264,170,00AA,00AA,170,0,0.0,0,1
1265,40,0028,0028,40,0,0.0,0,1
1266,-65,FFBF,FFBF,-65,0,0.0,0,1
1267,27,001B,001B,27,0,0.0,0,1
1268,93,005D,005D,93,0,0.0,0,1
1269,176,00B0,00B0,176,0,0.0,0,1
1270,-90,FFA6,FFA6,-90,0,0.0,0,1
1271,-142,FF72,FF72,-142,0,0.0,0,1
1272,-31,FFE1,FFE1,-31,0,0.0,0,1
1273,69,0045,0045,69,0,0.0,0,1
1274,-78,FFB2,FFB2,-78,0,0.0,0,1
1275,83,0053,0053,83,0,0.0,0,1
1276,-92,FFA4,FFA4,-92,0,0.0,0,1
1277,-119,FF89,FF89,-119,0,0.0,0,1
1278,174,00AE,00AE,174,0,0.0,0,1
1279,60,003C,003C,60,0,0.0,0,1
1280,121,0079,0079,121,0,0.0,0,1
1281,-71,FFB9,FFB9,-71,0,0.0,0,1
1282,22,0016,0016,22,0,0.0,0,1
1283,-142,FF72,FF72,-142,0,0.0,0,1
1284,67,0043,0043,67,0,0.0,0,1
1285,35,0023,0023,35,0,0.0,0,1
1286,-184,FF48,FF48,-184,0,0.0,0,1
1287,-118,FF8A,FF8A,-118,0,0.0,0,1
1288,14,000E,000E,14,0,0.0,0,1
1289,-69,FFBB,FFBB,-69,0,0.0,0,1
1290,-22,FFEA,FFEA,-22,0,0.0,0,1
1291,-81,FFAF,FFAF,-81,0,0.0,0,1
1292,12,000C,000C,12,0,0.0,0,1
1293,155,009B,009B,155,0,0.0,0,1
1294,45,002D,002D,45,0,0.0,0,1
1295,69,0045,0045,69,0,0.0,0,1
1296,42,002A,002A,42,0,0.0,0,1
1297,-27,FFE5,FFE5,-27,0,0.0,0,1
1298,-66,FFBE,FFBE,-66,0,0.0,0,1
1299,-65,FFBF,FFBF,-65,0,0.0,0,1
1300,-80,FFB0,FFB0,-80,0,0.0,0,1
1301,107,006B,006B,107,0,0.0,0,1
1302,-135,FF79,FF79,-135,0,0.0,0,1
1303,-23,FFE9,FFE9,-23,0,0.0,0,1
1304,93,005D,005D,93,0,0.0,0,1
1305,-62,FFC2,FFC2,-62,0,0.0,0,1
1306,-80,FFB0,FFB0,-80,0,0.0,0,1
1307,-53,FFCB,FFCB,-53,0,0.0,0,1
1308,28,001C,001C,28,0,0.0,0,1
1309,86,0056,0056,86,0,0.0,0,1
1310,10,000A,000A,10,0,0.0,0,1
1311,-208,FF30,FF30,-208,0,0.0,0,1
1312,-42,FFD6,FFD6,-42,0,0.0,0,1
1313,-29,FFE3,FFE3,-29,0,0.0,0,1
1314,181,00B5,00B5,181,0,0.0,0,1
1315,-58,FFC6,FFC6,-58,0,0.0,0,1
1316,55,0037,0037,55,0,0.0,0,1
1317,135,0087,0087,135,0,0.0,0,1
1318,26,001A,001A,26,0,0.0,0,1
1319,289,0121,0121,289,0,0.0,0,1
1320,56,0038,0038,56,0,0.0,0,1
1321,-18,FFEE,FFEE,-18,0,0.0,0,1
1322,-49,FFCF,FFCF,-49,0,0.0,0,1
1323,-93,FFA3,FFA3,-93,0,0.0,0,1
1324,41,0029,0029,41,0,0.0,0,1
1325,-15,FFF1,FFF1,-15,0,0.0,0,1
1326,74,004A,004A,74,0,0.0,0,1
1327,192,00C0,00C0,192,0,0.0,0,1
1328,-228,FF1C,FF1C,-228,0,0.0,0,1
1329,-53,FFCB,FFCB,-53,0,0.0,0,1
1330,93,005D,005D,93,0,0.0,0,1
1331,12,000C,000C,12,0,0.0,0,1
1332,103,0067,0067,103,0,0.0,0,1
1333,-37,FFDB,FFDB,-37,0,0.0,0,1
1334,46,002E,002E,46,0,0.0,0,1
1335,-71,FFB9,FFB9,-71,0,0.0,0,1
1336,-55,FFC9,FFC9,-55,0,0.0,0,1
1337,41,0029,0029,41,0,0.0,0,1
1338,-15,FFF1,FFF1,-15,0,0.0,0,1
1339,78,004E,004E,78,0,0.0,0,1
1340,4,0004,0004,4,0,0.0,0,1
1341,58,003A,003A,58,0,0.0,0,1
1342,-54,FFCA,FFCA,-54,0,0.0,0,1
1343,108,006C,006C,108,0,0.0,0,1
1344,-31,FFE1,FFE1,-31,0,0.0,0,1
1345,25,0019,0019,25,0,0.0,0,1
1346,28,001C,001C,28,0,0.0,0,1
1347,109,006D,006D,109,0,0.0,0,1
1348,-28,FFE4,FFE4,-28,0,0.0,0,1
1349,-84,FFAC,FFAC,-84,0,0.0,0,1
1350,-28,FFE4,FFE4,-28,0,0.0,0,1
1351,-13,FFF3,FFF3,-13,0,0.0,0,1
1352,-11,FFF5,FFF5,-11,0,0.0,0,1
1353,-23,FFE9,FFE9,-23,0,0.0,0,1
1354,67,0043,0043,67,0,0.0,0,1
1355,-83,FFAD,FFAD,-83,0,0.0,0,1
1356,-119,FF89,FF89,-119,0,0.0,0,1
1357,-75,FFB5,FFB5,-75,0,0.0,0,1
1358,26,001A,001A,26,0,0.0,0,1
1359,-28,FFE4,FFE4,-28,0,0.0,0,1
1360,10,000A,000A,10,0,0.0,0,1
1361,138,008A,008A,138,0,0.0,0,1
1362,-108,FF94,FF94,-108,0,0.0,0,1
1363,30,001E,001E,30,0,0.0,0,1
1364,-51,FFCD,FFCD,-51,0,0.0,0,1
1365,-42,FFD6,FFD6,-42,0,0.0,0,1
1366,-212,FF2C,FF2C,-212,0,0.0,0,1
1367,-16,FFF0,FFF0,-16,0,0.0,0,1
1368,58,003A,003A,58,0,0.0,0,1
1369,-38,FFDA,FFDA,-38,0,0.0,0,1
1370,-59,FFC5,FFC5,-59,0,0.0,0,1
1371,28,001C,001C,28,0,0.0,0,1
1372,70,0046,0046,70,0,0.0,0,1
1373,42,002A,002A,42,0,0.0,0,1
1374,-74,FFB6,FFB6,-74,0,0.0,0,1
1375,-133,FF7B,FF7B,-133,0,0.0,0,1
1376,43,002B,002B,43,0,0.0,0,1
1377,-105,FF97,FF97,-105,0,0.0,0,1
1378,112,0070,0070,112,0,0.0,0,1
1379,134,0086,0086,134,0,0.0,0,1
1380,200,00C8,00C8,200,0,0.0,0,1
1381,-35,FFDD,FFDD,-35,0,0.0,0,1
1382,-3,FFFD,FFFD,-3,0,0.0,0,1
1383,-25,FFE7,FFE7,-25,0,0.0,0,1
1384,17,0011,0011,17,0,0.0,0,1
1385,37,0025,0025,37,0,0.0,0,1
1386,-15,FFF1,FFF1,-15,0,0.0,0,1
1387,-73,FFB7,FFB7,-73,0,0.0,0,1
1388,22,0016,0016,22,0,0.0,0,1
1389,105,0069,0069,105,0,0.0,0,1
1390,33,0021,0021,33,0,0.0,0,1
1391,49,0031,0031,49,0,0.0,0,1
1392,157,009D,009D,157,0,0.0,0,1
1393,-44,FFD4,FFD4,-44,0,0.0,0,1
1394,84,0054,0054,84,0,0.0,0,1
1395,-163,FF5D,FF5D,-163,0,0.0,0,1
1396,101,0065,0065,101,0,0.0,0,1
1397,85,0055,0055,85,0,0.0,0,1
1398,-105,FF97,FF97,-105,0,0.0,0,1
1399,-24,FFE8,FFE8,-24,0,0.0,0,1
1400,-212,FF2C,FF2C,-212,0,0.0,0,1
1401,138,008A,008A,138,0,0.0,0,1
1402,70,0046,0046,70,0,0.0,0,1
1403,-16,FFF0,FFF0,-16,0,0.0,0,1
1404,117,0075,0075,117,0,0.0,0,1
1405,120,0078,0078,120,0,0.0,0,1
1406,117,0075,0075,117,0,0.0,0,1
1407,53,0035,0035,53,0,0.0,0,1
1408,9,0009,0009,9,0,0.0,0,1
1409,131,0083,0083,131,0,0.0,0,1
1410,12,000C,000C,12,0,0.0,0,1
1411,51,0033,0033,51,0,0.0,0,1
1412,45,002D,002D,45,0,0.0,0,1
1413,9,0009,0009,9,0,0.0,0,1
1414,17,0011,0011,17,0,0.0,0,1
1415,-134,FF7A,FF7A,-134,0,0.0,0,1
1416,118,0076,0076,118,0,0.0,0,1
1417,-19,FFED,FFED,-19,0,0.0,0,1
1418,61,003D,003D,61,0,0.0,0,1
1419,-76,FFB4,FFB4,-76,0,0.0,0,1
1420,46,002E,002E,46,0,0.0,0,1
1421,-85,FFAB,FFAB,-85,0,0.0,0,1
1422,74,004A,004A,74,0,0.0,0,1
1423,-69,FFBB,FFBB,-69,0,0.0,0,1
1424,214,00D6,00D6,214,0,0.0,0,1
1425,40,0028,0028,40,0,0.0,0,1
1426,-113,FF8F,FF8F,-113,0,0.0,0,1
1427,-53,FFCB,FFCB,-53,0,0.0,0,1
1428,138,008A,008A,138,0,0.0,0,1
1429,-102,FF9A,FF9A,-102,0,0.0,0,1
1430,-38,FFDA,FFDA,-38,0,0.0,0,1
1431,50,0032,0032,50,0,0.0,0,1
1432,-145,FF6F,FF6F,-145,0,0.0,0,1
1433,-33,FFDF,FFDF,-33,0,0.0,0,1
1434,-110,FF92,FF92,-110,0,0.0,0,1
1435,113,0071,0071,113,0,0.0,0,1
1436,138,008A,008A,138,0,0.0,0,1
1437,133,0085,0085,133,0,0.0,0,1
1438,70,0046,0046,70,0,0.0,0,1
1439,21,0015,0015,21,0,0.0,0,1
1440,14,000E,000E,14,0,0.0,0,1
1441,-80,FFB0,FFB0,-80,0,0.0,0,1
1442,-62,FFC2,FFC2,-62,0,0.0,0,1
1443,-145,FF6F,FF6F,-145,0,0.0,0,1
1444,-276,FEEC,FEEC,-276,0,0.0,0,1
1445,11,000B,000B,11,0,0.0,0,1
1446,-109,FF93,FF93,-109,0,0.0,0,1
1447,-38,FFDA,FFDA,-38,0,0.0,0,1
1448,-71,FFB9,FFB9,-71,0,0.0,0,1
1449,39,0027,0027,39,0,0.0,0,1
1450,77,004D,004D,77,0,0.0,0,1
1451,75,004B,004B,75,0,0.0,0,1
1452,-73,FFB7,FFB7,-73,0,0.0,0,1
1453,-131,FF7D,FF7D,-131,0,0.0,0,1
1454,121,0079,0079,121,0,0.0,0,1
1455,40,0028,0028,40,0,0.0,0,1
1456,91,005B,005B,91,0,0.0,0,1
1457,159,009F,009F,159,0,0.0,0,1
1458,161,00A1,00A1,161,0,0.0,0,1
1459,-48,FFD0,FFD0,-48,0,0.0,0,1
1460,-58,FFC6,FFC6,-58,0,0.0,0,1
1461,165,00A5,00A5,165,0,0.0,0,1
1462,235,00EB,00EB,235,0,0.0,0,1
1463,-70,FFBA,FFBA,-70,0,0.0,0,1
1464,-12,FFF4,FFF4,-12,0,0.0,0,1
1465,-36,FFDC,FFDC,-36,0,0.0,0,1
1466,53,0035,0035,53,0,0.0,0,1
1467,-62,FFC2,FFC2,-62,0,0.0,0,1
1468,55,0037,0037,55,0,0.0,0,1
1469,-72,FFB8,FFB8,-72,0,0.0,0,1
1470,-69,FFBB,FFBB,-69,0,0.0,0,1
1471,67,0043,0043,67,0,0.0,0,1
1472,-117,FF8B,FF8B,-117,0,0.0,0,1
1473,80,0050,0050,80,0,0.0,0,1
1474,-113,FF8F,FF8F,-113,0,0.0,0,1
1475,70,0046,0046,70,0,0.0,0,1
1476,-83,FFAD,FFAD,-83,0,0.0,0,1
1477,-91,FFA5,FFA5,-91,0,0.0,0,1
1478,64,0040,0040,64,0,0.0,0,1
1479,-137,FF77,FF77,-137,0,0.0,0,1
1480,-59,FFC5,FFC5,-59,0,0.0,0,1
1481,-19,FFED,FFED,-19,0,0.0,0,1
1482,-31,FFE1,FFE1,-31,0,0.0,0,1
1483,90,005A,005A,90,0,0.0,0,1
1484,5,0005,0005,5,0,0.0,0,1
1485,20,0014,0014,20,0,0.0,0,1
1486,-154,FF66,FF66,-154,0,0.0,0,1
1487,10,000A,000A,10,0,0.0,0,1
1488,128,0080,0080,128,0,0.0,0,1
1489,59,003B,003B,59,0,0.0,0,1
1490,-30,FFE2,FFE2,-30,0,0.0,0,1
1491,80,0050,0050,80,0,0.0,0,1
1492,-89,FFA7,FFA7,-89,0,0.0,0,1
1493,-4,FFFC,FFFC,-4,0,0.0,0,1
1494,-163,FF5D,FF5D,-163,0,0.0,0,1
1495,19,0013,0013,19,0,0.0,0,1
1496,-100,FF9C,FF9C,-100,0,0.0,0,1
1497,-76,FFB4,FFB4,-76,0,0.0,0,1
1498,-47,FFD1,FFD1,-47,0,0.0,0,1
1499,-113,FF8F,FF8F,-113,0,0.0,0,1
1500,-207,FF31,FF31,-207,0,0.0,0,1
1501,136,0088,0088,136,0,0.0,0,1
1502,-72,FFB8,FFB8,-72,0,0.0,0,1
1503,16,0010,0010,16,0,0.0,0,1
1504,166,00A6,00A6,166,0,0.0,0,1
1505,60,003C,003C,60,0,0.0,0,1
1506,-43,FFD5,FFD5,-43,0,0.0,0,1
1507,-7,FFF9,FFF9,-7,0,0.0,0,1
1508,-70,FFBA,FFBA,-70,0,0.0,0,1
1509,-39,FFD9,FFD9,-39,0,0.0,0,1
1510,33,0021,0021,33,0,0.0,0,1
1511,143,008F,008F,143,0,0.0,0,1
1512,20,0014,0014,20,0,0.0,0,1
1513,16,0010,0010,16,0,0.0,0,1
1514,-25,FFE7,FFE7,-25,0,0.0,0,1
1515,87,0057,0057,87,0,0.0,0,1
1516,119,0077,0077,119,0,0.0,0,1
1517,-136,FF78,FF78,-136,0,0.0,0,1
1518,-108,FF94,FF94,-108,0,0.0,0,1
1519,6,0006,0006,6,0,0.0,0,1
1520,-35,FFDD,FFDD,-35,0,0.0,0,1
1521,42,002A,002A,42,0,0.0,0,1
1522,87,0057,0057,87,0,0.0,0,1
1523,-98,FF9E,FF9E,-98,0,0.0,0,1
1524,-26,FFE6,FFE6,-26,0,0.0,0,1
1525,126,007E,007E,126,0,0.0,0,1
1526,92,005C,005C,92,0,0.0,0,1
1527,-169,FF57,FF57,-169,0,0.0,0,1
1528,-114,FF8E,FF8E,-114,0,0.0,0,1
1529,-54,FFCA,FFCA,-54,0,0.0,0,1
1530,-46,FFD2,FFD2,-46,0,0.0,0,1
1531,126,007E,007E,126,0,0.0,0,1
1532,-155,FF65,FF65,-155,0,0.0,0,1
1533,-140,FF74,FF74,-140,0,0.0,0,1
1534,-13,FFF3,FFF3,-13,0,0.0,0,1
1535,-21,FFEB,FFEB,-21,0,0.0,0,1
1536,-157,FF63,FF63,-157,0,0.0,0,1
1537,-67,FFBD,FFBD,-67,0,0.0,0,1
1538,-8,FFF8,FFF8,-8,0,0.0,0,1
1539,-128,FF80,FF80,-128,0,0.0,0,1
1540,100,0064,0064,100,0,0.0,0,1
1541,-34,FFDE,FFDE,-34,0,0.0,0,1
1542,41,0029,0029,41,0,0.0,0,1
1543,-42,FFD6,FFD6,-42,0,0.0,0,1
1544,-44,FFD4,FFD4,-44,0,0.0,0,1
1545,5,0005,0005,5,0,0.0,0,1
1546,98,0062,0062,98,0,0.0,0,1
1547,85,0055,0055,85,0,0.0,0,1
1548,39,0027,0027,39,0,0.0,0,1
1549,-115,FF8D,FF8D,-115,0,0.0,0,1
1550,9,0009,0009,9,0,0.0,0,1
1551,86,0056,0056,86,0,0.0,0,1
1552,17,0011,0011,17,0,0.0,0,1
1553,96,0060,0060,96,0,0.0,0,1
1554,-57,FFC7,FFC7,-57,0,0.0,0,1
1555,-11,FFF5,FFF5,-11,0,0.0,0,1
1556,-98,FF9E,FF9E,-98,0,0.0,0,1
1557,-127,FF81,FF81,-127,0,0.0,0,1
1558,157,009D,009D,157,0,0.0,0,1
1559,38,0026,0026,38,0,0.0,0,1
1560,19,0013,0013,19,0,0.0,0,1
1561,54,0036,0036,54,0,0.0,0,1
1562,-30,FFE2,FFE2,-30,0,0.0,0,1
1563,8,0008,0008,8,0,0.0,0,1
1564,6,0006,0006,6,0,0.0,0,1
1565,-132,FF7C,FF7C,-132,0,0.0,0,1
1566,-29,FFE3,FFE3,-29,0,0.0,0,1
1567,-98,FF9E,FF9E,-98,0,0.0,0,1
1568,-1,FFFF,FFFF,-1,0,0.0,0,1
1569,209,00D1,00D1,209,0,0.0,0,1
1570,228,00E4,00E4,228,0,0.0,0,1
1571,-47,FFD1,FFD1,-47,0,0.0,0,1
1572,-179,FF4D,FF4D,-179,0,0.0,0,1
1573,-29,FFE3,FFE3,-29,0,0.0,0,1
1574,-126,FF82,FF82,-126,0,0.0,0,1
1575,2,0002,0002,2,0,0.0,0,1
1576,-43,FFD5,FFD5,-43,0,0.0,0,1
1577,-30,FFE2,FFE2,-30,0,0.0,0,1
1578,56,0038,0038,56,0,0.0,0,1
1579,-47,FFD1,FFD1,-47,0,0.0,0,1
1580,94,005E,005E,94,0,0.0,0,1
1581,-73,FFB7,FFB7,-73,0,0.0,0,1
1582,34,0022,0022,34,0,0.0,0,1
1583,-63,FFC1,FFC1,-63,0,0.0,0,1
1584,-184,FF48,FF48,-184,0,0.0,0,1
1585,54,0036,0036,54,0,0.0,0,1
1586,-28,FFE4,FFE4,-28,0,0.0,0,1
1587,-69,FFBB,FFBB,-69,0,0.0,0,1
1588,70,0046,0046,70,0,0.0,0,1
1589,-138,FF76,FF76,-138,0,0.0,0,1
1590,-54,FFCA,FFCA,-54,0,0.0,0,1
1591,-73,FFB7,FFB7,-73,0,0.0,0,1
1592,-129,FF7F,FF7F,-129,0,0.0,0,1
1593,25,0019,0019,25,0,0.0,0,1
1594,-20,FFEC,FFEC,-20,0,0.0,0,1
1595,18,0012,0012,18,0,0.0,0,1
1596,-1,FFFF,FFFF,-1,0,0.0,0,1
1597,-22,FFEA,FFEA,-22,0,0.0,0,1
1598,170,00AA,00AA,170,0,0.0,0,1
1599,63,003F,003F,63,0,0.0,0,1
1600,161,00A1,00A1,161,0,0.0,0,1
1601,43,002B,002B,43,0,0.0,0,1
1602,66,0042,0042,66,0,0.0,0,1
1603,33,0021,0021,33,0,0.0,0,1
1604,-178,FF4E,FF4E,-178,0,0.0,0,1
1605,-73,FFB7,FFB7,-73,0,0.0,0,1
1606,35,0023,0023,35,0,0.0,0,1
1607,-93,FFA3,FFA3,-93,0,0.0,0,1
1608,0,0000,0000,0,0,0.0,0,1
1609,-35,FFDD,FFDD,-35,0,0.0,0,1
1610,167,00A7,00A7,167,0,0.0,0,1
1611,-95,FFA1,FFA1,-95,0,0.0,0,1
1612,241,00F1,00F1,241,0,0.0,0,1
1613,-9,FFF7,FFF7,-9,0,0.0,0,1
1614,137,0089,0089,137,0,0.0,0,1
1615,20,0014,0014,20,0,0.0,0,1
1616,-125,FF83,FF83,-125,0,0.0,0,1
1617,-23,FFE9,FFE9,-23,0,0.0,0,1
1618,-70,FFBA,FFBA,-70,0,0.0,0,1
1619,-39,FFD9,FFD9,-39,0,0.0,0,1
1620,87,0057,0057,87,0,0.0,0,1
1621,84,0054,0054,84,0,0.0,0,1
1622,9,0009,0009,9,0,0.0,0,1
1623,-102,FF9A,FF9A,-102,0,0.0,0,1
1624,184,00B8,00B8,184,0,0.0,0,1
1625,-79,FFB1,FFB1,-79,0,0.0,0,1
1626,128,0080,0080,128,0,0.0,0,1
1627,20,0014,0014,20,0,0.0,0,1
1628,-112,FF90,FF90,-112,0,0.0,0,1
1629,-49,FFCF,FFCF,-49,0,0.0,0,1
1630,-68,FFBC,FFBC,-68,0,0.0,0,1
1631,-151,FF69,FF69,-151,0,0.0,0,1
1632,-82,FFAE,FFAE,-82,0,0.0,0,1
1633,-79,FFB1,FFB1,-79,0,0.0,0,1
1634,49,0031,0031,49,0,0.0,0,1
1635,-41,FFD7,FFD7,-41,0,0.0,0,1
1636,-181,FF4B,FF4B,-181,0,0.0,0,1
1637,-85,FFAB,FFAB,-85,0,0.0,0,1
1638,-67,FFBD,FFBD,-67,0,0.0,0,1
1639,89,0059,0059,89,0,0.0,0,1
1640,73,0049,0049,73,0,0.0,0,1
1641,134,0086,0086,134,0,0.0,0,1
1642,-56,FFC8,FFC8,-56,0,0.0,0,1
1643,-139,FF75,FF75,-139,0,0.0,0,1
1644,5,0005,0005,5,0,0.0,0,1
1645,49,0031,0031,49,0,0.0,0,1
1646,-16,FFF0,FFF0,-16,0,0.0,0,1
1647,8,0008,0008,8,0,0.0,0,1
1648,118,0076,0076,118,0,0.0,0,1
1649,-72,FFB8,FFB8,-72,0,0.0,0,1
1650,-46,FFD2,FFD2,-46,0,0.0,0,1
1651,55,0037,0037,55,0,0.0,0,1
1652,-47,FFD1,FFD1,-47,0,0.0,0,1
1653,-48,FFD0,FFD0,-48,0,0.0,0,1
1654,-13,FFF3,FFF3,-13,0,0.0,0,1
1655,-9,FFF7,FFF7,-9,0,0.0,0,1
1656,-9,FFF7,FFF7,-9,0,0.0,0,1
1657,8,0008,0008,8,0,0.0,0,1
1658,19,0013,0013,19,0,0.0,0,1
1659,-70,FFBA,FFBA,-70,0,0.0,0,1
1660,-113,FF8F,FF8F,-113,0,0.0,0,1
1661,-72,FFB8,FFB8,-72,0,0.0,0,1
1662,108,006C,006C,108,0,0.0,0,1
1663,130,0082,0082,130,0,0.0,0,1
1664,-44,FFD4,FFD4,-44,0,0.0,0,1
1665,64,0040,0040,64,0,0.0,0,1
1666,-15,FFF1,FFF1,-15,0,0.0,0,1
1667,114,0072,0072,114,0,0.0,0,1
1668,49,0031,0031,49,0,0.0,0,1
1669,-45,FFD3,FFD3,-45,0,0.0,0,1
1670,24,0018,0018,24,0,0.0,0,1
1671,110,006E,006E,110,0,0.0,0,1
1672,-48,FFD0,FFD0,-48,0,0.0,0,1
1673,120,0078,0078,120,0,0.0,0,1
1674,-3,FFFD,FFFD,-3,0,0.0,0,1
1675,-31,FFE1,FFE1,-31,0,0.0,0,1
1676,76,004C,004C,76,0,0.0,0,1
1677,149,0095,0095,149,0,0.0,0,1
1678,20,0014,0014,20,0,0.0,0,1
1679,8,0008,0008,8,0,0.0,0,1
1680,183,00B7,00B7,183,0,0.0,0,1
1681,-100,FF9C,FF9C,-100,0,0.0,0,1
1682,47,002F,002F,47,0,0.0,0,1
1683,-39,FFD9,FFD9,-39,0,0.0,0,1
1684,-108,FF94,FF94,-108,0,0.0,0,1
1685,-51,FFCD,FFCD,-51,0,0.0,0,1
1686,194,00C2,00C2,194,0,0.0,0,1
1687,-28,FFE4,FFE4,-28,0,0.0,0,1
1688,-115,FF8D,FF8D,-115,0,0.0,0,1
1689,-17,FFEF,FFEF,-17,0,0.0,0,1
1690,-135,FF79,FF79,-135,0,0.0,0,1
1691,53,0035,0035,53,0,0.0,0,1
1692,74,004A,004A,74,0,0.0,0,1
1693,40,0028,0028,40,0,0.0,0,1
1694,-37,FFDB,FFDB,-37,0,0.0,0,1
1695,16,0010,0010,16,0,0.0,0,1
1696,-10,FFF6,FFF6,-10,0,0.0,0,1
1697,28,001C,001C,28,0,0.0,0,1
1698,-21,FFEB,FFEB,-21,0,0.0,0,1
1699,-27,FFE5,FFE5,-27,0,0.0,0,1
1700,74,004A,004A,74,0,0.0,0,1
1701,22,0016,0016,22,0,0.0,0,1
1702,95,005F,005F,95,0,0.0,0,1
1703,12,000C,000C,12,0,0.0,0,1
1704,71,0047,0047,71,0,0.0,0,1
1705,-12,FFF4,FFF4,-12,0,0.0,0,1
1706,98,0062,0062,98,0,0.0,0,1
1707,60,003C,003C,60,0,0.0,0,1
1708,228,00E4,00E4,228,0,0.0,0,1
1709,6,0006,0006,6,0,0.0,0,1
1710,14,000E,000E,14,0,0.0,0,1
1711,-132,FF7C,FF7C,-132,0,0.0,0,1
1712,131,0083,0083,131,0,0.0,0,1
1713,35,0023,0023,35,0,0.0,0,1
1714,-57,FFC7,FFC7,-57,0,0.0,0,1
1715,-24,FFE8,FFE8,-24,0,0.0,0,1
1716,72,0048,0048,72,0,0.0,0,1
1717,71,0047,0047,71,0,0.0,0,1
1718,-20,FFEC,FFEC,-20,0,0.0,0,1
1719,53,0035,0035,53,0,0.0,0,1
1720,67,0043,0043,67,0,0.0,0,1
1721,6,0006,0006,6,0,0.0,0,1
1722,6,0006,0006,6,0,0.0,0,1
1723,92,005C,005C,92,0,0.0,0,1
1724,-69,FFBB,FFBB,-69,0,0.0,0,1
1725,103,0067,0067,103,0,0.0,0,1
1726,41,0029,0029,41,0,0.0,0,1
1727,190,00BE,00BE,190,0,0.0,0,1
1728,-67,FFBD,FFBD,-67,0,0.0,0,1
1729,60,003C,003C,60,0,0.0,0,1
1730,129,0081,0081,129,0,0.0,0,1
1731,39,0027,0027,39,0,0.0,0,1
1732,-41,FFD7,FFD7,-41,0,0.0,0,1
1733,-110,FF92,FF92,-110,0,0.0,0,1
1734,-75,FFB5,FFB5,-75,0,0.0,0,1
1735,68,0044,0044,68,0,0.0,0,1
1736,-110,FF92,FF92,-110,0,0.0,0,1
1737,100,0064,0064,100,0,0.0,0,1
1738,-66,FFBE,FFBE,-66,0,0.0,0,1
1739,-24,FFE8,FFE8,-24,0,0.0,0,1
1740,119,0077,0077,119,0,0.0,0,1
1741,-157,FF63,FF63,-157,0,0.0,0,1
1742,111,006F,006F,111,0,0.0,0,1
1743,-30,FFE2,FFE2,-30,0,0.0,0,1
1744,-145,FF6F,FF6F,-145,0,0.0,0,1
1745,-53,FFCB,FFCB,-53,0,0.0,0,1
1746,35,0023,0023,35,0,0.0,0,1
1747,-88,FFA8,FFA8,-88,0,0.0,0,1
1748,161,00A1,00A1,161,0,0.0,0,1
1749,-96,FFA0,FFA0,-96,0,0.0,0,1
1750,-22,FFEA,FFEA,-22,0,0.0,0,1
1751,82,0052,0052,82,0,0.0,0,1
1752,-12,FFF4,FFF4,-12,0,0.0,0,1
1753,-67,FFBD,FFBD,-67,0,0.0,0,1
1754,80,0050,0050,80,0,0.0,0,1
1755,-83,FFAD,FFAD,-83,0,0.0,0,1
1756,-69,FFBB,FFBB,-69,0,0.0,0,1
1757,-94,FFA2,FFA2,-94,0,0.0,0,1
1758,34,0022,0022,34,0,0.0,0,1
1759,32,0020,0020,32,0,0.0,0,1
1760,-64,FFC0,FFC0,-64,0,0.0,0,1
1761,76,004C,004C,76,0,0.0,0,1
1762,-76,FFB4,FFB4,-76,0,0.0,0,1
1763,80,0050,0050,80,0,0.0,0,1
1764,-146,FF6E,FF6E,-146,0,0.0,0,1
1765,-8,FFF8,FFF8,-8,0,0.0,0,1
1766,-33,FFDF,FFDF,-33,0,0.0,0,1
1767,-93,FFA3,FFA3,-93,0,0.0,0,1
1768,43,002B,002B,43,0,0.0,0,1
1769,44,002C,002C,44,0,0.0,0,1
1770,-76,FFB4,FFB4,-76,0,0.0,0,1
1771,-24,FFE8,FFE8,-24,0,0.0,0,1
1772,-49,FFCF,FFCF,-49,0,0.0,0,1
1773,33,0021,0021,33,0,0.0,0,1
1774,11,000B,000B,11,0,0.0,0,1
1775,-67,FFBD,FFBD,-67,0,0.0,0,1
1776,8,0008,0008,8,0,0.0,0,1
1777,42,002A,002A,42,0,0.0,0,1
1778,53,0035,0035,53,0,0.0,0,1
1779,174,00AE,00AE,174,0,0.0,0,1
1780,132,0084,0084,132,0,0.0,0,1
1781,89,0059,0059,89,0,0.0,0,1
1782,-24,FFE8,FFE8,-24,0,0.0,0,1
1783,195,00C3,00C3,195,0,0.0,0,1
1784,4,0004,0004,4,0,0.0,0,1
1785,149,0095,0095,149,0,0.0,0,1
1786,-76,FFB4,FFB4,-76,0,0.0,0,1
1787,106,006A,006A,106,0,0.0,0,1
1788,-76,FFB4,FFB4,-76,0,0.0,0,1
1789,1,0001,0001,1,0,0.0,0,1
1790,45,002D,002D,45,0,0.0,0,1
1791,-87,FFA9,FFA9,-87,0,0.0,0,1
1792,148,0094,0094,148,0,0.0,0,1
1793,-65,FFBF,FFBF,-65,0,0.0,0,1
1794,42,002A,002A,42,0,0.0,0,1
1795,-101,FF9B,FF9B,-101,0,0.0,0,1
1796,29,001D,001D,29,0,0.0,0,1
1797,44,002C,002C,44,0,0.0,0,1
1798,-84,FFAC,FFAC,-84,0,0.0,0,1
1799,38,0026,0026,38,0,0.0,0,1
1800,-52,FFCC,FFCC,-52,0,0.0,0,1
1801,107,006B,006B,107,0,0.0,0,1
1802,27,001B,001B,27,0,0.0,0,1
1803,-22,FFEA,FFEA,-22,0,0.0,0,1
1804,154,009A,009A,154,0,0.0,0,1
1805,28,001C,001C,28,0,0.0,0,1
1806,-144,FF70,FF70,-144,0,0.0,0,1
1807,-101,FF9B,FF9B,-101,0,0.0,0,1
1808,-126,FF82,FF82,-126,0,0.0,0,1
1809,83,0053,0053,83,0,0.0,0,1
1810,19,0013,0013,19,0,0.0,0,1
1811,173,00AD,00AD,173,0,0.0,0,1
1812,-178,FF4E,FF4E,-178,0,0.0,0,1
1813,-120,FF88,FF88,-120,0,0.0,0,1
1814,-23,FFE9,FFE9,-23,0,0.0,0,1
1815,49,0031,0031,49,0,0.0,0,1
1816,-5,FFFB,FFFB,-5,0,0.0,0,1
1817,-70,FFBA,FFBA,-70,0,0.0,0,1
1818,-182,FF4A,FF4A,-182,0,0.0,0,1
1819,108,006C,006C,108,0,0.0,0,1
1820,148,0094,0094,148,0,0.0,0,1
1821,141,008D,008D,141,0,0.0,0,1
1822,99,0063,0063,99,0,0.0,0,1
1823,-7,FFF9,FFF9,-7,0,0.0,0,1
1824,-61,FFC3,FFC3,-61,0,0.0,0,1
1825,58,003A,003A,58,0,0.0,0,1
1826,34,0022,0022,34,0,0.0,0,1
1827,-29,FFE3,FFE3,-29,0,0.0,0,1
1828,-41,FFD7,FFD7,-41,0,0.0,0,1
1829,-65,FFBF,FFBF,-65,0,0.0,0,1
1830,25,0019,0019,25,0,0.0,0,1
1831,67,0043,0043,67,0,0.0,0,1
1832,0,0000,0000,0,0,0.0,0,1
1833,-33,FFDF,FFDF,-33,0,0.0,0,1
1834,-28,FFE4,FFE4,-28,0,0.0,0,1
1835,61,003D,003D,61,0,0.0,0,1
1836,-3,FFFD,FFFD,-3,0,0.0,0,1
1837,40,0028,0028,40,0,0.0,0,1
1838,18,0012,0012,18,0,0.0,0,1
1839,-45,FFD3,FFD3,-45,0,0.0,0,1
1840,36,0024,0024,36,0,0.0,0,1
1841,-57,FFC7,FFC7,-57,0,0.0,0,1
1842,-186,FF46,FF46,-186,0,0.0,0,1
1843,10,000A,000A,10,0,0.0,0,1
1844,-79,FFB1,FFB1,-79,0,0.0,0,1
1845,-43,FFD5,FFD5,-43,0,0.0,0,1
1846,-76,FFB4,FFB4,-76,0,0.0,0,1
1847,28,001C,001C,28,0,0.0,0,1
1848,38,0026,0026,38,0,0.0,0,1
1849,-41,FFD7,FFD7,-41,0,0.0,0,1
1850,56,0038,0038,56,0,0.0,0,1
1851,0,0000,0000,0,0,0.0,0,1
1852,-26,FFE6,FFE6,-26,0,0.0,0,1
1853,120,0078,0078,120,0,0.0,0,1
1854,18,0012,0012,18,0,0.0,0,1
1855,-51,FFCD,FFCD,-51,0,0.0,0,1
1856,25,0019,0019,25,0,0.0,0,1
1857,23,0017,0017,23,0,0.0,0,1
1858,52,0034,0034,52,0,0.0,0,1
1859,36,0024,0024,36,0,0.0,0,1
1860,-25,FFE7,FFE7,-25,0,0.0,0,1
1861,-134,FF7A,FF7A,-134,0,0.0,0,1
1862,-25,FFE7,FFE7,-25,0,0.0,0,1
1863,97,0061,0061,97,0,0.0,0,1
1864,-17,FFEF,FFEF,-17,0,0.0,0,1
1865,-94,FFA2,FFA2,-94,0,0.0,0,1
1866,24,0018,0018,24,0,0.0,0,1
1867,37,0025,0025,37,0,0.0,0,1
1868,-54,FFCA,FFCA,-54,0,0.0,0,1
1869,49,0031,0031,49,0,0.0,0,1
1870,-88,FFA8,FFA8,-88,0,0.0,0,1
1871,-128,FF80,FF80,-128,0,0.0,0,1
1872,28,001C,001C,28,0,0.0,0,1
1873,-45,FFD3,FFD3,-45,0,0.0,0,1
1874,-8,FFF8,FFF8,-8,0,0.0,0,1
1875,-75,FFB5,FFB5,-75,0,0.0,0,1
1876,118,0076,0076,118,0,0.0,0,1
1877,-76,FFB4,FFB4,-76,0,0.0,0,1
1878,-78,FFB2,FFB2,-78,0,0.0,0,1
1879,81,0051,0051,81,0,0.0,0,1
1880,-153,FF67,FF67,-153,0,0.0,0,1
1881,-236,FF14,FF14,-236,0,0.0,0,1
1882,-62,FFC2,FFC2,-62,0,0.0,0,1
1883,61,003D,003D,61,0,0.0,0,1
1884,92,005C,005C,92,0,0.0,0,1
1885,-72,FFB8,FFB8,-72,0,0.0,0,1
1886,104,0068,0068,104,0,0.0,0,1
1887,19,0013,0013,19,0,0.0,0,1
1888,-10,FFF6,FFF6,-10,0,0.0,0,1
1889,97,0061,0061,97,0,0.0,0,1
1890,-136,FF78,FF78,-136,0,0.0,0,1
1891,76,004C,004C,76,0,0.0,0,1
1892,71,0047,0047,71,0,0.0,0,1
1893,225,00E1,00E1,225,0,0.0,0,1
1894,33,0021,0021,33,0,0.0,0,1
1895,-85,FFAB,FFAB,-85,0,0.0,0,1
1896,-168,FF58,FF58,-168,0,0.0,0,1
1897,-38,FFDA,FFDA,-38,0,0.0,0,1
1898,121,0079,0079,121,0,0.0,0,1
1899,19,0013,0013,19,0,0.0,0,1
1900,-136,FF78,FF78,-136,0,0.0,0,1
1901,-54,FFCA,FFCA,-54,0,0.0,0,1
1902,53,0035,0035,53,0,0.0,0,1
1903,16,0010,0010,16,0,0.0,0,1
1904,167,00A7,00A7,167,0,0.0,0,1
1905,76,004C,004C,76,0,0.0,0,1
1906,91,005B,005B,91,0,0.0,0,1
1907,-188,FF44,FF44,-188,0,0.0,0,1
1908,-41,FFD7,FFD7,-41,0,0.0,0,1
1909,23,0017,0017,23,0,0.0,0,1
1910,48,0030,0030,48,0,0.0,0,1
1911,115,0073,0073,115,0,0.0,0,1
1912,86,0056,0056,86,0,0.0,0,1
1913,-100,FF9C,FF9C,-100,0,0.0,0,1
1914,-34,FFDE,FFDE,-34,0,0.0,0,1
1915,11,000B,000B,11,0,0.0,0,1
1916,57,0039,0039,57,0,0.0,0,1
1917,101,0065,0065,101,0,0.0,0,1
1918,121,0079,0079,121,0,0.0,0,1
1919,-12,FFF4,FFF4,-12,0,0.0,0,1
1920,-158,FF62,FF62,-158,0,0.0,0,1
1921,165,00A5,00A5,165,0,0.0,0,1
1922,257,0101,0101,257,0,0.0,0,1
1923,-63,FFC1,FFC1,-63,0,0.0,0,1
1924,-168,FF58,FF58,-168,0,0.0,0,1
1925,83,0053,0053,83,0,0.0,0,1
1926,99,0063,0063,99,0,0.0,0,1
1927,-14,FFF2,FFF2,-14,0,0.0,0,1
1928,-143,FF71,FF71,-143,0,0.0,0,1
1929,114,0072,0072,114,0,0.0,0,1
1930,-1,FFFF,FFFF,-1,0,0.0,0,1
1931,-50,FFCE,FFCE,-50,0,0.0,0,1
1932,19,0013,0013,19,0,0.0,0,1
1933,81,0051,0051,81,0,0.0,0,1
1934,55,0037,0037,55,0,0.0,0,1
1935,5,0005,0005,5,0,0.0,0,1
1936,-141,FF73,FF73,-141,0,0.0,0,1
1937,99,0063,0063,99,0,0.0,0,1
1938,-109,FF93,FF93,-109,0,0.0,0,1
1939,-65,FFBF,FFBF,-65,0,0.0,0,1
1940,185,00B9,00B9,185,0,0.0,0,1
1941,162,00A2,00A2,162,0,0.0,0,1
1942,-10,FFF6,FFF6,-10,0,0.0,0,1
1943,51,0033,0033,51,0,0.0,0,1
1944,-9,FFF7,FFF7,-9,0,0.0,0,1
1945,98,0062,0062,98,0,0.0,0,1
1946,87,0057,0057,87,0,0.0,0,1
1947,-221,FF23,FF23,-221,0,0.0,0,1
1948,20,0014,0014,20,0,0.0,0,1
1949,-94,FFA2,FFA2,-94,0,0.0,0,1
1950,-70,FFBA,FFBA,-70,0,0.0,0,1
1951,-2,FFFE,FFFE,-2,0,0.0,0,1
1952,-28,FFE4,FFE4,-28,0,0.0,0,1
1953,22,0016,0016,22,0,0.0,0,1
1954,31,001F,001F,31,0,0.0,0,1
1955,-40,FFD8,FFD8,-40,0,0.0,0,1
1956,4,0004,0004,4,0,0.0,0,1
1957,30,001E,001E,30,0,0.0,0,1
1958,72,0048,0048,72,0,0.0,0,1
1959,-113,FF8F,FF8F,-113,0,0.0,0,1
1960,87,0057,0057,87,0,0.0,0,1
1961,-36,FFDC,FFDC,-36,0,0.0,0,1
1962,-30,FFE2,FFE2,-30,0,0.0,0,1
1963,7,0007,0007,7,0,0.0,0,1
1964,53,0035,0035,53,0,0.0,0,1
1965,29,001D,001D,29,0,0.0,0,1
1966,42,002A,002A,42,0,0.0,0,1
1967,26,001A,001A,26,0,0.0,0,1
1968,139,008B,008B,139,0,0.0,0,1
1969,33,0021,0021,33,0,0.0,0,1
1970,156,009C,009C,156,0,0.0,0,1
1971,30,001E,001E,30,0,0.0,0,1
1972,37,0025,0025,37,0,0.0,0,1
1973,112,0070,0070,112,0,0.0,0,1
1974,-129,FF7F,FF7F,-129,0,0.0,0,1
1975,85,0055,0055,85,0,0.0,0,1
1976,-67,FFBD,FFBD,-67,0,0.0,0,1
1977,107,006B,006B,107,0,0.0,0,1
1978,0,0000,0000,0,0,0.0,0,1
1979,-108,FF94,FF94,-108,0,0.0,0,1
1980,23,0017,0017,23,0,0.0,0,1
1981,-35,FFDD,FFDD,-35,0,0.0,0,1
1982,84,0054,0054,84,0,0.0,0,1
1983,85,0055,0055,85,0,0.0,0,1
1984,79,004F,004F,79,0,0.0,0,1
1985,13,000D,000D,13,0,0.0,0,1
1986,16,0010,0010,16,0,0.0,0,1
1987,-38,FFDA,FFDA,-38,0,0.0,0,1
1988,288,0120,0120,288,0,0.0,0,1
1989,123,007B,007B,123,0,0.0,0,1
1990,-9,FFF7,FFF7,-9,0,0.0,0,1
1991,90,005A,005A,90,0,0.0,0,1
1992,84,0054,0054,84,0,0.0,0,1
1993,-96,FFA0,FFA0,-96,0,0.0,0,1
1994,52,0034,0034,52,0,0.0,0,1
1995,50,0032,0032,50,0,0.0,0,1
1996,8,0008,0008,8,0,0.0,0,1
1997,-82,FFAE,FFAE,-82,0,0.0,0,1
1998,23,0017,0017,23,0,0.0,0,1
1999,-60,FFC4,FFC4,-60,0,0.0,0,1
2000,-106,FF96,FF96,-106,0,0.0,0,1
2001,-92,FFA4,FFA4,-92,0,0.0,0,1
2002,48,0030,0030,48,0,0.0,0,1
2003,132,0084,0084,132,0,0.0,0,1
2004,94,005E,005E,94,0,0.0,0,1
2005,73,0049,0049,73,0,0.0,0,1
2006,-23,FFE9,FFE9,-23,0,0.0,0,1
2007,97,0061,0061,97,0,0.0,0,1
2008,-107,FF95,FF95,-107,0,0.0,0,1
2009,140,008C,008C,140,0,0.0,0,1
2010,-18,FFEE,FFEE,-18,0,0.0,0,1
2011,11,000B,000B,11,0,0.0,0,1
2012,-159,FF61,FF61,-159,0,0.0,0,1
2013,55,0037,0037,55,0,0.0,0,1
2014,-70,FFBA,FFBA,-70,0,0.0,0,1
2015,131,0083,0083,131,0,0.0,0,1
2016,-72,FFB8,FFB8,-72,0,0.0,0,1
2017,-103,FF99,FF99,-103,0,0.0,0,1
2018,-31,FFE1,FFE1,-31,0,0.0,0,1
2019,-91,FFA5,FFA5,-91,0,0.0,0,1
2020,137,0089,0089,137,0,0.0,0,1
2021,40,0028,0028,40,0,0.0,0,1
2022,-43,FFD5,FFD5,-43,0,0.0,0,1
2023,79,004F,004F,79,0,0.0,0,1
2024,-78,FFB2,FFB2,-78,0,0.0,0,1
2025,131,0083,0083,131,0,0.0,0,1
2026,-59,FFC5,FFC5,-59,0,0.0,0,1
2027,51,0033,0033,51,0,0.0,0,1
2028,3,0003,0003,3,0,0.0,0,1
2029,151,0097,0097,151,0,0.0,0,1
2030,-14,FFF2,FFF2,-14,0,0.0,0,1
2031,-30,FFE2,FFE2,-30,0,0.0,0,1
2032,11,000B,000B,11,0,0.0,0,1
2033,-81,FFAF,FFAF,-81,0,0.0,0,1
2034,12,000C,000C,12,0,0.0,0,1
2035,43,002B,002B,43,0,0.0,0,1
2036,57,0039,0039,57,0,0.0,0,1
2037,-103,FF99,FF99,-103,0,0.0,0,1
2038,-246,FF0A,FF0A,-246,0,0.0,0,1
2039,-125,FF83,FF83,-125,0,0.0,0,1
2040,205,00CD,00CD,205,0,0.0,0,1
2041,-4,FFFC,FFFC,-4,0,0.0,0,1
2042,8,0008,0008,8,0,0.0,0,1
2043,79,004F,004F,79,0,0.0,0,1
2044,98,0062,0062,98,0,0.0,0,1
2045,21,0015,0015,21,0,0.0,0,1
2046,92,005C,005C,92,0,0.0,0,1
2047,-28,FFE4,FFE4,-28,0,0.0,0,1
2048,22,0016,0016,22,0,0.0,0,1
2049,-128,FF80,FF80,-128,0,0.0,0,1
2050,-200,FF38,FF38,-200,0,0.0,0,1
2051,91,005B,005B,91,0,0.0,0,1
2052,75,004B,004B,75,0,0.0,0,1
2053,39,0027,0027,39,0,0.0,0,1
2054,-47,FFD1,FFD1,-47,0,0.0,0,1
2055,8,0008,0008,8,0,0.0,0,1
2056,33,0021,0021,33,0,0.0,0,1
2057,93,005D,005D,93,0,0.0,0,1
2058,80,0050,0050,80,0,0.0,0,1
2059,-85,FFAB,FFAB,-85,0,0.0,0,1
2060,143,008F,008F,143,0,0.0,0,1
2061,-35,FFDD,FFDD,-35,0,0.0,0,1
2062,-45,FFD3,FFD3,-45,0,0.0,0,1
2063,-225,FF1F,FF1F,-225,0,0.0,0,1
2064,138,008A,008A,138,0,0.0,0,1
2065,-41,FFD7,FFD7,-41,0,0.0,0,1
2066,49,0031,0031,49,0,0.0,0,1
2067,-2,FFFE,FFFE,-2,0,0.0,0,1
2068,-32,FFE0,FFE0,-32,0,0.0,0,1
2069,14,000E,000E,14,0,0.0,0,1
2070,55,0037,0037,55,0,0.0,0,1
2071,93,005D,005D,93,0,0.0,0,1
2072,16,0010,0010,16,0,0.0,0,1
2073,100,0064,0064,100,0,0.0,0,1
2074,58,003A,003A,58,0,0.0,0,1
2075,-30,FFE2,FFE2,-30,0,0.0,0,1
2076,19,0013,0013,19,0,0.0,0,1
2077,-89,FFA7,FFA7,-89,0,0.0,0,1
2078,89,0059,0059,89,0,0.0,0,1
2079,20,0014,0014,20,0,0.0,0,1
2080,-44,FFD4,FFD4,-44,0,0.0,0,1
2081,14,000E,000E,14,0,0.0,0,1
2082,-6,FFFA,FFFA,-6,0,0.0,0,1
2083,-41,FFD7,FFD7,-41,0,0.0,0,1
2084,-164,FF5C,FF5C,-164,0,0.0,0,1
2085,13,000D,000D,13,0,0.0,0,1
2086,98,0062,0062,98,0,0.0,0,1
2087,32,0020,0020,32,0,0.0,0,1
2088,6,0006,0006,6,0,0.0,0,1
2089,56,0038,0038,56,0,0.0,0,1
2090,19,0013,0013,19,0,0.0,0,1
2091,-83,FFAD,FFAD,-83,0,0.0,0,1
2092,6,0006,0006,6,0,0.0,0,1
2093,-132,FF7C,FF7C,-132,0,0.0,0,1
2094,56,0038,0038,56,0,0.0,0,1
2095,32,0020,0020,32,0,0.0,0,1
2096,-18,FFEE,FFEE,-18,0,0.0,0,1
2097,163,00A3,00A3,163,0,0.0,0,1
2098,30,001E,001E,30,0,0.0,0,1
2099,66,0042,0042,66,0,0.0,0,1
2100,14,000E,000E,14,0,0.0,0,1
2101,28,001C,001C,28,0,0.0,0,1
2102,6,0006,0006,6,0,0.0,0,1
2103,156,009C,009C,156,0,0.0,0,1
2104,65,0041,0041,65,0,0.0,0,1
2105,29,001D,001D,29,0,0.0,0,1
2106,-52,FFCC,FFCC,-52,0,0.0,0,1
2107,-17,FFEF,FFEF,-17,0,0.0,0,1
2108,33,0021,0021,33,0,0.0,0,1
2109,-5,FFFB,FFFB,-5,0,0.0,0,1
2110,98,0062,0062,98,0,0.0,0,1
2111,-74,FFB6,FFB6,-74,0,0.0,0,1
2112,49,0031,0031,49,0,0.0,0,1
2113,-65,FFBF,FFBF,-65,0,0.0,0,1
2114,34,0022,0022,34,0,0.0,0,1
2115,-33,FFDF,FFDF,-33,0,0.0,0,1
2116,-101,FF9B,FF9B,-101,0,0.0,0,1
2117,-33,FFDF,FFDF,-33,0,0.0,0,1
2118,0,0000,0000,0,0,0.0,0,1
2119,-97,FF9F,FF9F,-97,0,0.0,0,1
2120,169,00A9,00A9,169,0,0.0,0,1
2121,-26,FFE6,FFE6,-26,0,0.0,0,1
2122,200,00C8,00C8,200,0,0.0,0,1
2123,23,0017,0017,23,0,0.0,0,1
2124,-73,FFB7,FFB7,-73,0,0.0,0,1
2125,-36,FFDC,FFDC,-36,0,0.0,0,1
2126,57,0039,0039,57,0,0.0,0,1
2127,0,0000,0000,0,0,0.0,0,1
2128,81,0051,0051,81,0,0.0,0,1
2129,-22,FFEA,FFEA,-22,0,0.0,0,1
2130,-25,FFE7,FFE7,-25,0,0.0,0,1
2131,-23,FFE9,FFE9,-23,0,0.0,0,1
2132,-31,FFE1,FFE1,-31,0,0.0,0,1
2133,209,00D1,00D1,209,0,0.0,0,1
2134,193,00C1,00C1,193,0,0.0,0,1
2135,-57,FFC7,FFC7,-57,0,0.0,0,1
2136,64,0040,0040,64,0,0.0,0,1
2137,119,0077,0077,119,0,0.0,0,1
2138,28,001C,001C,28,0,0.0,0,1
2139,46,002E,002E,46,0,0.0,0,1
2140,-44,FFD4,FFD4,-44,0,0.0,0,1
2141,65,0041,0041,65,0,0.0,0,1
2142,146,0092,0092,146,0,0.0,0,1
2143,68,0044,0044,68,0,0.0,0,1
2144,-185,FF47,FF47,-185,0,0.0,0,1
2145,16,0010,0010,16,0,0.0,0,1
2146,162,00A2,00A2,162,0,0.0,0,1
2147,-106,FF96,FF96,-106,0,0.0,0,1
2148,151,0097,0097,151,0,0.0,0,1
2149,86,0056,0056,86,0,0.0,0,1
2150,128,0080,0080,128,0,0.0,0,1
2151,97,0061,0061,97,0,0.0,0,1
2152,72,0048,0048,72,0,0.0,0,1
2153,-106,FF96,FF96,-106,0,0.0,0,1
2154,1,0001,0001,1,0,0.0,0,1
2155,60,003C,003C,60,0,0.0,0,1
2156,-187,FF45,FF45,-187,0,0.0,0,1
2157,-209,FF2F,FF2F,-209,0,0.0,0,1
2158,67,0043,0043,67,0,0.0,0,1
2159,-135,FF79,FF79,-135,0,0.0,0,1
2160,-120,FF88,FF88,-120,0,0.0,0,1
2161,18,0012,0012,18,0,0.0,0,1
2162,25,0019,0019,25,0,0.0,0,1
2163,-45,FFD3,FFD3,-45,0,0.0,0,1
2164,-88,FFA8,FFA8,-88,0,0.0,0,1
2165,188,00BC,00BC,188,0,0.0,0,1
2166,-15,FFF1,FFF1,-15,0,0.0,0,1
2167,-99,FF9D,FF9D,-99,0,0.0,0,1
2168,157,009D,009D,157,0,0.0,0,1
2169,45,002D,002D,45,0,0.0,0,1
2170,-77,FFB3,FFB3,-77,0,0.0,0,1
2171,41,0029,0029,41,0,0.0,0,1
2172,179,00B3,00B3,179,0,0.0,0,1
2173,-9,FFF7,FFF7,-9,0,0.0,0,1
2174,-63,FFC1,FFC1,-63,0,0.0,0,1
2175,-62,FFC2,FFC2,-62,0,0.0,0,1
2176,86,0056,0056,86,0,0.0,0,1
2177,-13,FFF3,FFF3,-13,0,0.0,0,1
2178,65,0041,0041,65,0,0.0,0,1
2179,57,0039,0039,57,0,0.0,0,1
2180,88,0058,0058,88,0,0.0,0,1
2181,-139,FF75,FF75,-139,0,0.0,0,1
2182,-210,FF2E,FF2E,-210,0,0.0,0,1
2183,-13,FFF3,FFF3,-13,0,0.0,0,1
2184,48,0030,0030,48,0,0.0,0,1
2185,-23,FFE9,FFE9,-23,0,0.0,0,1
2186,-22,FFEA,FFEA,-22,0,0.0,0,1
2187,-34,FFDE,FFDE,-34,0,0.0,0,1
2188,-137,FF77,FF77,-137,0,0.0,0,1
2189,5,0005,0005,5,0,0.0,0,1
2190,-116,FF8C,FF8C,-116,0,0.0,0,1
2191,139,008B,008B,139,0,0.0,0,1
2192,-136,FF78,FF78,-136,0,0.0,0,1
2193,-98,FF9E,FF9E,-98,0,0.0,0,1
2194,-33,FFDF,FFDF,-33,0,0.0,0,1
2195,49,0031,0031,49,0,0.0,0,1
2196,50,0032,0032,50,0,0.0,0,1
2197,-7,FFF9,FFF9,-7,0,0.0,0,1
2198,-33,FFDF,FFDF,-33,0,0.0,0,1
2199,-47,FFD1,FFD1,-47,0,0.0,0,1
2200,-52,FFCC,FFCC,-52,0,0.0,0,1
2201,115,0073,0073,115,0,0.0,0,1
2202,154,009A,009A,154,0,0.0,0,1
2203,-101,FF9B,FF9B,-101,0,0.0,0,1
2204,23,0017,0017,23,0,0.0,0,1
2205,18,0012,0012,18,0,0.0,0,1
2206,-16,FFF0,FFF0,-16,0,0.0,0,1
2207,1,0001,0001,1,0,0.0,0,1
2208,-45,FFD3,FFD3,-45,0,0.0,0,1
2209,-65,FFBF,FFBF,-65,0,0.0,0,1
2210,68,0044,0044,68,0,0.0,0,1
2211,-139,FF75,FF75,-139,0,0.0,0,1
2212,86,0056,0056,86,0,0.0,0,1
2213,-94,FFA2,FFA2,-94,0,0.0,0,1
2214,-85,FFAB,FFAB,-85,0,0.0,0,1
2215,-56,FFC8,FFC8,-56,0,0.0,0,1
2216,-119,FF89,FF89,-119,0,0.0,0,1
2217,116,0074,0074,116,0,0.0,0,1
2218,110,006E,006E,110,0,0.0,0,1
2219,10,000A,000A,10,0,0.0,0,1
2220,63,003F,003F,63,0,0.0,0,1
2221,-76,FFB4,FFB4,-76,0,0.0,0,1
2222,219,00DB,00DB,219,0,0.0,0,1
2223,-49,FFCF,FFCF,-49,0,0.0,0,1
2224,38,0026,0026,38,0,0.0,0,1
2225,68,0044,0044,68,0,0.0,0,1
2226,-69,FFBB,FFBB,-69,0,0.0,0,1
2227,38,0026,0026,38,0,0.0,0,1
2228,113,0071,0071,113,0,0.0,0,1
2229,-3,FFFD,FFFD,-3,0,0.0,0,1
2230,-121,FF87,FF87,-121,0,0.0,0,1
2231,-21,FFEB,FFEB,-21,0,0.0,0,1
2232,17,0011,0011,17,0,0.0,0,1
2233,-146,FF6E,FF6E,-146,0,0.0,0,1
2234,7,0007,0007,7,0,0.0,0,1
2235,-27,FFE5,FFE5,-27,0,0.0,0,1
2236,12,000C,000C,12,0,0.0,0,1
2237,-10,FFF6,FFF6,-10,0,0.0,0,1
2238,47,002F,002F,47,0,0.0,0,1
2239,135,0087,0087,135,0,0.0,0,1
2240,-137,FF77,FF77,-137,0,0.0,0,1
2241,-32,FFE0,FFE0,-32,0,0.0,0,1
2242,-4,FFFC,FFFC,-4,0,0.0,0,1
2243,-153,FF67,FF67,-153,0,0.0,0,1
2244,-59,FFC5,FFC5,-59,0,0.0,0,1
2245,55,0037,0037,55,0,0.0,0,1
2246,8,0008,0008,8,0,0.0,0,1
2247,16,0010,0010,16,0,0.0,0,1
2248,-67,FFBD,FFBD,-67,0,0.0,0,1
2249,-38,FFDA,FFDA,-38,0,0.0,0,1
2250,-109,FF93,FF93,-109,0,0.0,0,1
2251,84,0054,0054,84,0,0.0,0,1
2252,69,0045,0045,69,0,0.0,0,1
2253,87,0057,0057,87,0,0.0,0,1
2254,-37,FFDB,FFDB,-37,0,0.0,0,1
2255,69,0045,0045,69,0,0.0,0,1
2256,-12,FFF4,FFF4,-12,0,0.0,0,1
2257,154,009A,009A,154,0,0.0,0,1
2258,16,0010,0010,16,0,0.0,0,1
2259,167,00A7,00A7,167,0,0.0,0,1
2260,-22,FFEA,FFEA,-22,0,0.0,0,1
2261,10,000A,000A,10,0,0.0,0,1
2262,-158,FF62,FF62,-158,0,0.0,0,1
2263,-118,FF8A,FF8A,-118,0,0.0,0,1
2264,110,006E,006E,110,0,0.0,0,1
2265,-8,FFF8,FFF8,-8,0,0.0,0,1
2266,40,0028,0028,40,0,0.0,0,1
2267,-193,FF3F,FF3F,-193,0,0.0,0,1
2268,-17,FFEF,FFEF,-17,0,0.0,0,1
2269,143,008F,008F,143,0,0.0,0,1
2270,-124,FF84,FF84,-124,0,0.0,0,1
2271,-31,FFE1,FFE1,-31,0,0.0,0,1
2272,141,008D,008D,141,0,0.0,0,1
2273,-2,FFFE,FFFE,-2,0,0.0,0,1
2274,45,002D,002D,45,0,0.0,0,1
2275,-75,FFB5,FFB5,-75,0,0.0,0,1
2276,89,0059,0059,89,0,0.0,0,1
2277,152,0098,0098,152,0,0.0,0,1
2278,22,0016,0016,22,0,0.0,0,1
2279,18,0012,0012,18,0,0.0,0,1
2280,149,0095,0095,149,0,0.0,0,1
2281,54,0036,0036,54,0,0.0,0,1
2282,268,010C,010C,268,0,0.0,0,1
2283,-154,FF66,FF66,-154,0,0.0,0,1
2284,34,0022,0022,34,0,0.0,0,1
2285,-145,FF6F,FF6F,-145,0,0.0,0,1
2286,39,0027,0027,39,0,0.0,0,1
2287,-21,FFEB,FFEB,-21,0,0.0,0,1
2288,118,0076,0076,118,0,0.0,0,1
2289,104,0068,0068,104,0,0.0,0,1
2290,104,0068,0068,104,0,0.0,0,1
2291,-61,FFC3,FFC3,-61,0,0.0,0,1
2292,140,008C,008C,140,0,0.0,0,1
2293,-137,FF77,FF77,-137,0,0.0,0,1
2294,129,0081,0081,129,0,0.0,0,1
2295,17,0011,0011,17,0,0.0,0,1
2296,-206,FF32,FF32,-206,0,0.0,0,1
2297,-16,FFF0,FFF0,-16,0,0.0,0,1
2298,16,0010,0010,16,0,0.0,0,1
2299,-16,FFF0,FFF0,-16,0,0.0,0,1
2300,201,00C9,00C9,201,0,0.0,0,1
2301,-155,FF65,FF65,-155,0,0.0,0,1
2302,49,0031,0031,49,0,0.0,0,1
2303,47,002F,002F,47,0,0.0,0,1
2304,-50,FFCE,FFCE,-50,0,0.0,0,1
2305,-17,FFEF,FFEF,-17,0,0.0,0,1
2306,-35,FFDD,FFDD,-35,0,0.0,0,1
2307,-44,FFD4,FFD4,-44,0,0.0,0,1
2308,-49,FFCF,FFCF,-49,0,0.0,0,1
2309,-92,FFA4,FFA4,-92,0,0.0,0,1
2310,-5,FFFB,FFFB,-5,0,0.0,0,1
2311,75,004B,004B,75,0,0.0,0,1
2312,-69,FFBB,FFBB,-69,0,0.0,0,1
2313,-140,FF74,FF74,-140,0,0.0,0,1
2314,33,0021,0021,33,0,0.0,0,1
2315,26,001A,001A,26,0,0.0,0,1
2316,8,0008,0008,8,0,0.0,0,1
2317,31,001F,001F,31,0,0.0,0,1
2318,-9,FFF7,FFF7,-9,0,0.0,0,1
2319,-55,FFC9,FFC9,-55,0,0.0,0,1
2320,74,004A,004A,74,0,0.0,0,1
2321,-24,FFE8,FFE8,-24,0,0.0,0,1
2322,162,00A2,00A2,162,0,0.0,0,1
2323,109,006D,006D,109,0,0.0,0,1
2324,-141,FF73,FF73,-141,0,0.0,0,1
2325,-97,FF9F,FF9F,-97,0,0.0,0,1
2326,-42,FFD6,FFD6,-42,0,0.0,0,1
2327,-90,FFA6,FFA6,-90,0,0.0,0,1
2328,-101,FF9B,FF9B,-101,0,0.0,0,1
2329,131,0083,0083,131,0,0.0,0,1
2330,153,0099,0099,153,0,0.0,0,1
2331,133,0085,0085,133,0,0.0,0,1
2332,-94,FFA2,FFA2,-94,0,0.0,0,1
2333,56,0038,0038,56,0,0.0,0,1
2334,-7,FFF9,FFF9,-7,0,0.0,0,1
2335,218,00DA,00DA,218,0,0.0,0,1
2336,151,0097,0097,151,0,0.0,0,1
2337,109,006D,006D,109,0,0.0,0,1
2338,-150,FF6A,FF6A,-150,0,0.0,0,1
2339,11,000B,000B,11,0,0.0,0,1
2340,73,0049,0049,73,0,0.0,0,1
2341,-160,FF60,FF60,-160,0,0.0,0,1
2342,-123,FF85,FF85,-123,0,0.0,0,1
2343,139,008B,008B,139,0,0.0,0,1
2344,-7,FFF9,FFF9,-7,0,0.0,0,1
2345,-60,FFC4,FFC4,-60,0,0.0,0,1
2346,30,001E,001E,30,0,0.0,0,1
2347,53,0035,0035,53,0,0.0,0,1
2348,-52,FFCC,FFCC,-52,0,0.0,0,1
2349,-58,FFC6,FFC6,-58,0,0.0,0,1
2350,110,006E,006E,110,0,0.0,0,1
2351,153,0099,0099,153,0,0.0,0,1
2352,116,0074,0074,116,0,0.0,0,1
2353,-15,FFF1,FFF1,-15,0,0.0,0,1
2354,-210,FF2E,FF2E,-210,0,0.0,0,1
2355,-137,FF77,FF77,-137,0,0.0,0,1
2356,-64,FFC0,FFC0,-64,0,0.0,0,1
2357,48,0030,0030,48,0,0.0,0,1
2358,-31,FFE1,FFE1,-31,0,0.0,0,1
2359,36,0024,0024,36,0,0.0,0,1
2360,-18,FFEE,FFEE,-18,0,0.0,0,1
2361,133,0085,0085,133,0,0.0,0,1
2362,-55,FFC9,FFC9,-55,0,0.0,0,1
2363,30,001E,001E,30,0,0.0,0,1
2364,-101,FF9B,FF9B,-101,0,0.0,0,1
2365,-93,FFA3,FFA3,-93,0,0.0,0,1
2366,126,007E,007E,126,0,0.0,0,1
2367,-5,FFFB,FFFB,-5,0,0.0,0,1
2368,-32,FFE0,FFE0,-32,0,0.0,0,1
2369,-140,FF74,FF74,-140,0,0.0,0,1
2370,44,002C,002C,44,0,0.0,0,1
2371,49,0031,0031,49,0,0.0,0,1
2372,47,002F,002F,47,0,0.0,0,1
2373,109,006D,006D,109,0,0.0,0,1
2374,-37,FFDB,FFDB,-37,0,0.0,0,1
2375,-69,FFBB,FFBB,-69,0,0.0,0,1
2376,-130,FF7E,FF7E,-130,0,0.0,0,1
2377,142,008E,008E,142,0,0.0,0,1
2378,137,0089,0089,137,0,0.0,0,1
2379,-38,FFDA,FFDA,-38,0,0.0,0,1
2380,95,005F,005F,95,0,0.0,0,1
2381,-58,FFC6,FFC6,-58,0,0.0,0,1
2382,3,0003,0003,3,0,0.0,0,1
2383,87,0057,0057,87,0,0.0,0,1
2384,46,002E,002E,46,0,0.0,0,1
2385,118,0076,0076,118,0,0.0,0,1
2386,10,000A,000A,10,0,0.0,0,1
2387,-17,FFEF,FFEF,-17,0,0.0,0,1
2388,50,0032,0032,50,0,0.0,0,1
2389,-115,FF8D,FF8D,-115,0,0.0,0,1
2390,-83,FFAD,FFAD,-83,0,0.0,0,1
2391,30,001E,001E,30,0,0.0,0,1
2392,-28,FFE4,FFE4,-28,0,0.0,0,1
2393,-124,FF84,FF84,-124,0,0.0,0,1
2394,63,003F,003F,63,0,0.0,0,1
2395,-4,FFFC,FFFC,-4,0,0.0,0,1
2396,143,008F,008F,143,0,0.0,0,1
2397,-109,FF93,FF93,-109,0,0.0,0,1
2398,-30,FFE2,FFE2,-30,0,0.0,0,1
2399,-52,FFCC,FFCC,-52,0,0.0,0,1
2400,13,000D,000D,13,0,0.0,0,1
2401,121,0079,0079,121,0,0.0,0,1
2402,22,0016,0016,22,0,0.0,0,1
2403,69,0045,0045,69,0,0.0,0,1
2404,-5,FFFB,FFFB,-5,0,0.0,0,1
2405,0,0000,0000,0,0,0.0,0,1
2406,45,002D,002D,45,0,0.0,0,1
2407,-60,FFC4,FFC4,-60,0,0.0,0,1
2408,-205,FF33,FF33,-205,0,0.0,0,1
2409,13,000D,000D,13,0,0.0,0,1
2410,-89,FFA7,FFA7,-89,0,0.0,0,1
2411,-32,FFE0,FFE0,-32,0,0.0,0,1
2412,3,0003,0003,3,0,0.0,0,1
2413,34,0022,0022,34,0,0.0,0,1
2414,-20,FFEC,FFEC,-20,0,0.0,0,1
2415,-40,FFD8,FFD8,-40,0,0.0,0,1
2416,39,0027,0027,39,0,0.0,0,1
2417,-101,FF9B,FF9B,-101,0,0.0,0,1
2418,-224,FF20,FF20,-224,0,0.0,0,1
2419,-56,FFC8,FFC8,-56,0,0.0,0,1
2420,80,0050,0050,80,0,0.0,0,1
2421,39,0027,0027,39,0,0.0,0,1
2422,-152,FF68,FF68,-152,0,0.0,0,1
2423,124,007C,007C,124,0,0.0,0,1
2424,162,00A2,00A2,162,0,0.0,0,1
2425,95,005F,005F,95,0,0.0,0,1
2426,-116,FF8C,FF8C,-116,0,0.0,0,1
2427,52,0034,0034,52,0,0.0,0,1
2428,-34,FFDE,FFDE,-34,0,0.0,0,1
2429,-59,FFC5,FFC5,-59,0,0.0,0,1
2430,-38,FFDA,FFDA,-38,0,0.0,0,1
2431,74,004A,004A,74,0,0.0,0,1
2432,63,003F,003F,63,0,0.0,0,1
2433,36,0024,0024,36,0,0.0,0,1
2434,-135,FF79,FF79,-135,0,0.0,0,1
2435,66,0042,0042,66,0,0.0,0,1
2436,-111,FF91,FF91,-111,0,0.0,0,1
2437,-40,FFD8,FFD8,-40,0,0.0,0,1
2438,-200,FF38,FF38,-200,0,0.0,0,1
2439,59,003B,003B,59,0,0.0,0,1
2440,44,002C,002C,44,0,0.0,0,1
2441,-33,FFDF,FFDF,-33,0,0.0,0,1
2442,74,004A,004A,74,0,0.0,0,1
2443,-92,FFA4,FFA4,-92,0,0.0,0,1
2444,-20,FFEC,FFEC,-20,0,0.0,0,1
2445,65,0041,0041,65,0,0.0,0,1
2446,-89,FFA7,FFA7,-89,0,0.0,0,1
2447,54,0036,0036,54,0,0.0,0,1
2448,22,0016,0016,22,0,0.0,0,1
2449,178,00B2,00B2,178,0,0.0,0,1
2450,102,0066,0066,102,0,0.0,0,1
2451,-145,FF6F,FF6F,-145,0,0.0,0,1
2452,-33,FFDF,FFDF,-33,0,0.0,0,1
2453,84,0054,0054,84,0,0.0,0,1
2454,81,0051,0051,81,0,0.0,0,1
2455,152,0098,0098,152,0,0.0,0,1
2456,-34,FFDE,FFDE,-34,0,0.0,0,1
2457,52,0034,0034,52,0,0.0,0,1
2458,49,0031,0031,49,0,0.0,0,1
2459,-8,FFF8,FFF8,-8,0,0.0,0,1
2460,-151,FF69,FF69,-151,0,0.0,0,1
2461,27,001B,001B,27,0,0.0,0,1
2462,19,0013,0013,19,0,0.0,0,1
2463,207,00CF,00CF,207,0,0.0,0,1
2464,82,0052,0052,82,0,0.0,0,1
2465,94,005E,005E,94,0,0.0,0,1
2466,37,0025,0025,37,0,0.0,0,1
2467,72,0048,0048,72,0,0.0,0,1
2468,70,0046,0046,70,0,0.0,0,1
2469,-42,FFD6,FFD6,-42,0,0.0,0,1
2470,-2,FFFE,FFFE,-2,0,0.0,0,1
2471,83,0053,0053,83,0,0.0,0,1
2472,74,004A,004A,74,0,0.0,0,1
2473,74,004A,004A,74,0,0.0,0,1
2474,20,0014,0014,20,0,0.0,0,1
2475,-18,FFEE,FFEE,-18,0,0.0,0,1
2476,56,0038,0038,56,0,0.0,0,1
2477,23,0017,0017,23,0,0.0,0,1
2478,-106,FF96,FF96,-106,0,0.0,0,1
2479,-142,FF72,FF72,-142,0,0.0,0,1
2480,152,0098,0098,152,0,0.0,0,1
2481,-10,FFF6,FFF6,-10,0,0.0,0,1
2482,31,001F,001F,31,0,0.0,0,1
2483,56,0038,0038,56,0,0.0,0,1
2484,-55,FFC9,FFC9,-55,0,0.0,0,1
2485,-113,FF8F,FF8F,-113,0,0.0,0,1
2486,90,005A,005A,90,0,0.0,0,1
2487,-101,FF9B,FF9B,-101,0,0.0,0,1
2488,-20,FFEC,FFEC,-20,0,0.0,0,1
2489,-18,FFEE,FFEE,-18,0,0.0,0,1
2490,-58,FFC6,FFC6,-58,0,0.0,0,1
2491,-207,FF31,FF31,-207,0,0.0,0,1
2492,2,0002,0002,2,0,0.0,0,1
2493,150,0096,0096,150,0,0.0,0,1
2494,7,0007,0007,7,0,0.0,0,1
2495,-91,FFA5,FFA5,-91,0,0.0,0,1
2496,-96,FFA0,FFA0,-96,0,0.0,0,1
2497,-3,FFFD,FFFD,-3,0,0.0,0,1
2498,-30,FFE2,FFE2,-30,0,0.0,0,1
2499,74,004A,004A,74,0,0.0,0,1
2500,12,000C,000C,12,0,0.0,0,1
2501,139,008B,008B,139,0,0.0,0,1
2502,-30,FFE2,FFE2,-30,0,0.0,0,1
2503,-37,FFDB,FFDB,-37,0,0.0,0,1
2504,-62,FFC2,FFC2,-62,0,0.0,0,1
2505,107,006B,006B,107,0,0.0,0,1
2506,-11,FFF5,FFF5,-11,0,0.0,0,1
2507,-70,FFBA,FFBA,-70,0,0.0,0,1
2508,87,0057,0057,87,0,0.0,0,1
2509,-64,FFC0,FFC0,-64,0,0.0,0,1
2510,-9,FFF7,FFF7,-9,0,0.0,0,1
2511,-87,FFA9,FFA9,-87,0,0.0,0,1
2512,-34,FFDE,FFDE,-34,0,0.0,0,1
2513,31,001F,001F,31,0,0.0,0,1
2514,40,0028,0028,40,0,0.0,0,1
2515,-90,FFA6,FFA6,-90,0,0.0,0,1
2516,8,0008,0008,8,0,0.0,0,1
2517,1,0001,0001,1,0,0.0,0,1
2518,32,0020,0020,32,0,0.0,0,1
2519,5,0005,0005,5,0,0.0,0,1
2520,-56,FFC8,FFC8,-56,0,0.0,0,1
2521,-9,FFF7,FFF7,-9,0,0.0,0,1
2522,-60,FFC4,FFC4,-60,0,0.0,0,1
2523,18,0012,0012,18,0,0.0,0,1
2524,-18,FFEE,FFEE,-18,0,0.0,0,1
2525,109,006D,006D,109,0,0.0,0,1
2526,-42,FFD6,FFD6,-42,0,0.0,0,1
2527,53,0035,0035,53,0,0.0,0,1
2528,-245,FF0B,FF0B,-245,0,0.0,0,1
2529,-42,FFD6,FFD6,-42,0,0.0,0,1
2530,30,001E,001E,30,0,0.0,0,1
2531,118,0076,0076,118,0,0.0,0,1
2532,-99,FF9D,FF9D,-99,0,0.0,0,1
2533,3,0003,0003,3,0,0.0,0,1
2534,109,006D,006D,109,0,0.0,0,1
2535,-193,FF3F,FF3F,-193,0,0.0,0,1
2536,-47,FFD1,FFD1,-47,0,0.0,0,1
2537,32,0020,0020,32,0,0.0,0,1
2538,-7,FFF9,FFF9,-7,0,0.0,0,1
2539,-62,FFC2,FFC2,-62,0,0.0,0,1
2540,-14,FFF2,FFF2,-14,0,0.0,0,1
2541,-297,FED7,FED7,-297,0,0.0,0,1
2542,-47,FFD1,FFD1,-47,0,0.0,0,1
2543,-38,FFDA,FFDA,-38,0,0.0,0,1
2544,-12,FFF4,FFF4,-12,0,0.0,0,1
2545,-27,FFE5,FFE5,-27,0,0.0,0,1
2546,-91,FFA5,FFA5,-91,0,0.0,0,1
2547,-33,FFDF,FFDF,-33,0,0.0,0,1
2548,-125,FF83,FF83,-125,0,0.0,0,1
2549,91,005B,005B,91,0,0.0,0,1
2550,-235,FF15,FF15,-235,0,0.0,0,1
2551,-151,FF69,FF69,-151,0,0.0,0,1
2552,56,0038,0038,56,0,0.0,0,1
2553,-143,FF71,FF71,-143,0,0.0,0,1
2554,128,0080,0080,128,0,0.0,0,1
2555,188,00BC,00BC,188,0,0.0,0,1
2556,8,0008,0008,8,0,0.0,0,1
2557,124,007C,007C,124,0,0.0,0,1
2558,111,006F,006F,111,0,0.0,0,1
2559,185,00B9,00B9,185,0,0.0,0,1
2560,23,0017,0017,23,0,0.0,0,1
2561,-84,FFAC,FFAC,-84,0,0.0,0,1
2562,-201,FF37,FF37,-201,0,0.0,0,1
2563,60,003C,003C,60,0,0.0,0,1
2564,-52,FFCC,FFCC,-52,0,0.0,0,1
2565,-9,FFF7,FFF7,-9,0,0.0,0,1
2566,-32,FFE0,FFE0,-32,0,0.0,0,1
2567,76,004C,004C,76,0,0.0,0,1
2568,-119,FF89,FF89,-119,0,0.0,0,1
2569,-5,FFFB,FFFB,-5,0,0.0,0,1
2570,0,0000,0000,0,0,0.0,0,1
2571,30,001E,001E,30,0,0.0,0,1
2572,46,002E,002E,46,0,0.0,0,1
2573,-147,FF6D,FF6D,-147,0,0.0,0,1
2574,-29,FFE3,FFE3,-29,0,0.0,0,1
2575,69,0045,0045,69,0,0.0,0,1
2576,-10,FFF6,FFF6,-10,0,0.0,0,1
2577,-93,FFA3,FFA3,-93,0,0.0,0,1
2578,56,0038,0038,56,0,0.0,0,1
2579,28,001C,001C,28,0,0.0,0,1
2580,218,00DA,00DA,218,0,0.0,0,1
2581,-229,FF1B,FF1B,-229,0,0.0,0,1
2582,-157,FF63,FF63,-157,0,0.0,0,1
2583,20,0014,0014,20,0,0.0,0,1
2584,63,003F,003F,63,0,0.0,0,1
2585,-19,FFED,FFED,-19,0,0.0,0,1
2586,106,006A,006A,106,0,0.0,0,1
2587,-38,FFDA,FFDA,-38,0,0.0,0,1
2588,2,0002,0002,2,0,0.0,0,1
2589,82,0052,0052,82,0,0.0,0,1
2590,-53,FFCB,FFCB,-53,0,0.0,0,1
2591,-32,FFE0,FFE0,-32,0,0.0,0,1
2592,70,0046,0046,70,0,0.0,0,1
2593,25,0019,0019,25,0,0.0,0,1
2594,-123,FF85,FF85,-123,0,0.0,0,1
2595,14,000E,000E,14,0,0.0,0,1
2596,-60,FFC4,FFC4,-60,0,0.0,0,1
2597,-47,FFD1,FFD1,-47,0,0.0,0,1
2598,-138,FF76,FF76,-138,0,0.0,0,1
2599,-4,FFFC,FFFC,-4,0,0.0,0,1
2600,-124,FF84,FF84,-124,0,0.0,0,1
2601,-90,FFA6,FFA6,-90,0,0.0,0,1
2602,84,0054,0054,84,0,0.0,0,1
2603,-77,FFB3,FFB3,-77,0,0.0,0,1
2604,-15,FFF1,FFF1,-15,0,0.0,0,1
2605,-32,FFE0,FFE0,-32,0,0.0,0,1
2606,-8,FFF8,FFF8,-8,0,0.0,0,1
2607,121,0079,0079,121,0,0.0,0,1
2608,-21,FFEB,FFEB,-21,0,0.0,0,1
2609,-31,FFE1,FFE1,-31,0,0.0,0,1
2610,-44,FFD4,FFD4,-44,0,0.0,0,1
2611,13,000D,000D,13,0,0.0,0,1
2612,35,0023,0023,35,0,0.0,0,1
2613,30,001E,001E,30,0,0.0,0,1
2614,24,0018,0018,24,0,0.0,0,1
2615,-44,FFD4,FFD4,-44,0,0.0,0,1
2616,-31,FFE1,FFE1,-31,0,0.0,0,1
2617,58,003A,003A,58,0,0.0,0,1
2618,-139,FF75,FF75,-139,0,0.0,0,1
2619,86,0056,0056,86,0,0.0,0,1
2620,-24,FFE8,FFE8,-24,0,0.0,0,1
2621,-126,FF82,FF82,-126,0,0.0,0,1
2622,71,0047,0047,71,0,0.0,0,1
2623,5,0005,0005,5,0,0.0,0,1
2624,-109,FF93,FF93,-109,0,0.0,0,1
2625,-116,FF8C,FF8C,-116,0,0.0,0,1
2626,-93,FFA3,FFA3,-93,0,0.0,0,1
2627,48,0030,0030,48,0,0.0,0,1
2628,98,0062,0062,98,0,0.0,0,1
2629,-106,FF96,FF96,-106,0,0.0,0,1
2630,-79,FFB1,FFB1,-79,0,0.0,0,1
2631,93,005D,005D,93,0,0.0,0,1
2632,-45,FFD3,FFD3,-45,0,0.0,0,1
2633,-36,FFDC,FFDC,-36,0,0.0,0,1
2634,-94,FFA2,FFA2,-94,0,0.0,0,1
2635,6,0006,0006,6,0,0.0,0,1
2636,-162,FF5E,FF5E,-162,0,0.0,0,1
2637,-49,FFCF,FFCF,-49,0,0.0,0,1
2638,99,0063,0063,99,0,0.0,0,1
2639,164,00A4,00A4,164,0,0.0,0,1
2640,-130,FF7E,FF7E,-130,0,0.0,0,1
2641,161,00A1,00A1,161,0,0.0,0,1
2642,48,0030,0030,48,0,0.0,0,1
2643,-124,FF84,FF84,-124,0,0.0,0,1
2644,-28,FFE4,FFE4,-28,0,0.0,0,1
2645,-41,FFD7,FFD7,-41,0,0.0,0,1
2646,-14,FFF2,FFF2,-14,0,0.0,0,1
2647,-30,FFE2,FFE2,-30,0,0.0,0,1
2648,-39,FFD9,FFD9,-39,0,0.0,0,1
2649,24,0018,0018,24,0,0.0,0,1
2650,-129,FF7F,FF7F,-129,0,0.0,0,1
2651,124,007C,007C,124,0,0.0,0,1
2652,-37,FFDB,FFDB,-37,0,0.0,0,1
2653,59,003B,003B,59,0,0.0,0,1
2654,7,0007,0007,7,0,0.0,0,1
2655,6,0006,0006,6,0,0.0,0,1
2656,97,0061,0061,97,0,0.0,0,1
2657,-58,FFC6,FFC6,-58,0,0.0,0,1
2658,-114,FF8E,FF8E,-114,0,0.0,0,1
2659,22,0016,0016,22,0,0.0,0,1
2660,41,0029,0029,41,0,0.0,0,1
2661,191,00BF,00BF,191,0,0.0,0,1
2662,-197,FF3B,FF3B,-197,0,0.0,0,1
2663,-104,FF98,FF98,-104,0,0.0,0,1
2664,2,0002,0002,2,0,0.0,0,1
2665,28,001C,001C,28,0,0.0,0,1
2666,-108,FF94,FF94,-108,0,0.0,0,1
2667,64,0040,0040,64,0,0.0,0,1
2668,-58,FFC6,FFC6,-58,0,0.0,0,1
2669,-34,FFDE,FFDE,-34,0,0.0,0,1
2670,83,0053,0053,83,0,0.0,0,1
2671,-95,FFA1,FFA1,-95,0,0.0,0,1
2672,-136,FF78,FF78,-136,0,0.0,0,1
2673,-41,FFD7,FFD7,-41,0,0.0,0,1
2674,-42,FFD6,FFD6,-42,0,0.0,0,1
2675,-77,FFB3,FFB3,-77,0,0.0,0,1
2676,18,0012,0012,18,0,0.0,0,1
2677,44,002C,002C,44,0,0.0,0,1
2678,-89,FFA7,FFA7,-89,0,0.0,0,1
2679,110,006E,006E,110,0,0.0,0,1
2680,15,000F,000F,15,0,0.0,0,1
2681,27,001B,001B,27,0,0.0,0,1
2682,-69,FFBB,FFBB,-69,0,0.0,0,1
2683,130,0082,0082,130,0,0.0,0,1
2684,150,0096,0096,150,0,0.0,0,1
2685,14,000E,000E,14,0,0.0,0,1
2686,37,0025,0025,37,0,0.0,0,1
2687,228,00E4,00E4,228,0,0.0,0,1
2688,-98,FF9E,FF9E,-98,0,0.0,0,1
2689,4,0004,0004,4,0,0.0,0,1
2690,18,0012,0012,18,0,0.0,0,1
2691,120,0078,0078,120,0,0.0,0,1
2692,-68,FFBC,FFBC,-68,0,0.0,0,1
2693,80,0050,0050,80,0,0.0,0,1
2694,129,0081,0081,129,0,0.0,0,1
2695,84,0054,0054,84,0,0.0,0,1
2696,-32,FFE0,FFE0,-32,0,0.0,0,1
2697,40,0028,0028,40,0,0.0,0,1
2698,37,0025,0025,37,0,0.0,0,1
2699,-200,FF38,FF38,-200,0,0.0,0,1
2700,-81,FFAF,FFAF,-81,0,0.0,0,1
2701,7,0007,0007,7,0,0.0,0,1
2702,-46,FFD2,FFD2,-46,0,0.0,0,1
2703,-51,FFCD,FFCD,-51,0,0.0,0,1
2704,22,0016,0016,22,0,0.0,0,1
2705,-32,FFE0,FFE0,-32,0,0.0,0,1
2706,51,0033,0033,51,0,0.0,0,1
2707,7,0007,0007,7,0,0.0,0,1
2708,54,0036,0036,54,0,0.0,0,1
2709,-47,FFD1,FFD1,-47,0,0.0,0,1
2710,44,002C,002C,44,0,0.0,0,1
2711,-77,FFB3,FFB3,-77,0,0.0,0,1
2712,16,0010,0010,16,0,0.0,0,1
2713,-95,FFA1,FFA1,-95,0,0.0,0,1
2714,0,0000,0000,0,0,0.0,0,1
2715,-99,FF9D,FF9D,-99,0,0.0,0,1
2716,-81,FFAF,FFAF,-81,0,0.0,0,1
2717,-163,FF5D,FF5D,-163,0,0.0,0,1
2718,17,0011,0011,17,0,0.0,0,1
2719,-73,FFB7,FFB7,-73,0,0.0,0,1
2720,-19,FFED,FFED,-19,0,0.0,0,1
2721,63,003F,003F,63,0,0.0,0,1
2722,32,0020,0020,32,0,0.0,0,1
2723,-5,FFFB,FFFB,-5,0,0.0,0,1
2724,75,004B,004B,75,0,0.0,0,1
2725,62,003E,003E,62,0,0.0,0,1
2726,-18,FFEE,FFEE,-18,0,0.0,0,1
2727,14,000E,000E,14,0,0.0,0,1
2728,76,004C,004C,76,0,0.0,0,1
2729,31,001F,001F,31,0,0.0,0,1
2730,-51,FFCD,FFCD,-51,0,0.0,0,1
2731,163,00A3,00A3,163,0,0.0,0,1
2732,124,007C,007C,124,0,0.0,0,1
2733,64,0040,0040,64,0,0.0,0,1
2734,117,0075,0075,117,0,0.0,0,1
2735,-101,FF9B,FF9B,-101,0,0.0,0,1
2736,-53,FFCB,FFCB,-53,0,0.0,0,1
2737,-86,FFAA,FFAA,-86,0,0.0,0,1
2738,-59,FFC5,FFC5,-59,0,0.0,0,1
2739,35,0023,0023,35,0,0.0,0,1
2740,58,003A,003A,58,0,0.0,0,1
2741,-119,FF89,FF89,-119,0,0.0,0,1
2742,-40,FFD8,FFD8,-40,0,0.0,0,1
2743,-113,FF8F,FF8F,-113,0,0.0,0,1
2744,143,008F,008F,143,0,0.0,0,1
2745,-142,FF72,FF72,-142,0,0.0,0,1
2746,108,006C,006C,108,0,0.0,0,1
2747,-14,FFF2,FFF2,-14,0,0.0,0,1
2748,-150,FF6A,FF6A,-150,0,0.0,0,1
2749,31,001F,001F,31,0,0.0,0,1
2750,97,0061,0061,97,0,0.0,0,1
2751,-23,FFE9,FFE9,-23,0,0.0,0,1
2752,217,00D9,00D9,217,0,0.0,0,1
2753,-104,FF98,FF98,-104,0,0.0,0,1
2754,109,006D,006D,109,0,0.0,0,1
2755,-53,FFCB,FFCB,-53,0,0.0,0,1
2756,-53,FFCB,FFCB,-53,0,0.0,0,1
2757,-33,FFDF,FFDF,-33,0,0.0,0,1
2758,-27,FFE5,FFE5,-27,0,0.0,0,1
2759,13,000D,000D,13,0,0.0,0,1
2760,9,0009,0009,9,0,0.0,0,1
2761,-70,FFBA,FFBA,-70,0,0.0,0,1
2762,-16,FFF0,FFF0,-16,0,0.0,0,1
2763,101,0065,0065,101,0,0.0,0,1
2764,35,0023,0023,35,0,0.0,0,1
2765,-52,FFCC,FFCC,-52,0,0.0,0,1
2766,-55,FFC9,FFC9,-55,0,0.0,0,1
2767,143,008F,008F,143,0,0.0,0,1
2768,-40,FFD8,FFD8,-40,0,0.0,0,1
2769,-130,FF7E,FF7E,-130,0,0.0,0,1
2770,12,000C,000C,12,0,0.0,0,1
2771,85,0055,0055,85,0,0.0,0,1
2772,62,003E,003E,62,0,0.0,0,1
2773,123,007B,007B,123,0,0.0,0,1
2774,-32,FFE0,FFE0,-32,0,0.0,0,1
2775,-31,FFE1,FFE1,-31,0,0.0,0,1
2776,142,008E,008E,142,0,0.0,0,1
2777,-79,FFB1,FFB1,-79,0,0.0,0,1
2778,98,0062,0062,98,0,0.0,0,1
2779,-185,FF47,FF47,-185,0,0.0,0,1
2780,-18,FFEE,FFEE,-18,0,0.0,0,1
2781,1,0001,0001,1,0,0.0,0,1
2782,21,0015,0015,21,0,0.0,0,1
2783,83,0053,0053,83,0,0.0,0,1
2784,-59,FFC5,FFC5,-59,0,0.0,0,1
2785,-137,FF77,FF77,-137,0,0.0,0,1
2786,5,0005,0005,5,0,0.0,0,1
2787,141,008D,008D,141,0,0.0,0,1
2788,168,00A8,00A8,168,0,0.0,0,1
2789,82,0052,0052,82,0,0.0,0,1
2790,97,0061,0061,97,0,0.0,0,1
2791,-53,FFCB,FFCB,-53,0,0.0,0,1
2792,75,004B,004B,75,0,0.0,0,1
2793,-99,FF9D,FF9D,-99,0,0.0,0,1
2794,93,005D,005D,93,0,0.0,0,1
2795,51,0033,0033,51,0,0.0,0,1
2796,85,0055,0055,85,0,0.0,0,1
2797,23,0017,0017,23,0,0.0,0,1
2798,128,0080,0080,128,0,0.0,0,1
2799,47,002F,002F,47,0,0.0,0,1
2800,82,0052,0052,82,0,0.0,0,1
2801,53,0035,0035,53,0,0.0,0,1
2802,-84,FFAC,FFAC,-84,0,0.0,0,1
2803,-75,FFB5,FFB5,-75,0,0.0,0,1
2804,73,0049,0049,73,0,0.0,0,1
2805,-42,FFD6,FFD6,-42,0,0.0,0,1
2806,-3,FFFD,FFFD,-3,0,0.0,0,1
2807,2,0002,0002,2,0,0.0,0,1
2808,-55,FFC9,FFC9,-55,0,0.0,0,1
2809,-12,FFF4,FFF4,-12,0,0.0,0,1
2810,-66,FFBE,FFBE,-66,0,0.0,0,1
2811,48,0030,0030,48,0,0.0,0,1
2812,76,004C,004C,76,0,0.0,0,1
2813,42,002A,002A,42,0,0.0,0,1
2814,27,001B,001B,27,0,0.0,0,1
2815,45,002D,002D,45,0,0.0,0,1
2816,-49,FFCF,FFCF,-49,0,0.0,0,1
2817,-72,FFB8,FFB8,-72,0,0.0,0,1
2818,-26,FFE6,FFE6,-26,0,0.0,0,1
2819,228,00E4,00E4,228,0,0.0,0,1
2820,175,00AF,00AF,175,0,0.0,0,1
2821,-55,FFC9,FFC9,-55,0,0.0,0,1
2822,-155,FF65,FF65,-155,0,0.0,0,1
2823,193,00C1,00C1,193,0,0.0,0,1
2824,-22,FFEA,FFEA,-22,0,0.0,0,1
2825,77,004D,004D,77,0,0.0,0,1
2826,-47,FFD1,FFD1,-47,0,0.0,0,1
2827,61,003D,003D,61,0,0.0,0,1
2828,105,0069,0069,105,0,0.0,0,1
2829,91,005B,005B,91,0,0.0,0,1
2830,-60,FFC4,FFC4,-60,0,0.0,0,1
2831,-92,FFA4,FFA4,-92,0,0.0,0,1
2832,170,00AA,00AA,170,0,0.0,0,1
2833,5,0005,0005,5,0,0.0,0,1
2834,-62,FFC2,FFC2,-62,0,0.0,0,1
2835,-167,FF59,FF59,-167,0,0.0,0,1
2836,-43,FFD5,FFD5,-43,0,0.0,0,1
2837,5,0005,0005,5,0,0.0,0,1
2838,-6,FFFA,FFFA,-6,0,0.0,0,1
2839,2,0002,0002,2,0,0.0,0,1
2840,-35,FFDD,FFDD,-35,0,0.0,0,1
2841,-215,FF29,FF29,-215,0,0.0,0,1
2842,-42,FFD6,FFD6,-42,0,0.0,0,1
2843,10,000A,000A,10,0,0.0,0,1
2844,43,002B,002B,43,0,0.0,0,1
2845,-154,FF66,FF66,-154,0,0.0,0,1
2846,-30,FFE2,FFE2,-30,0,0.0,0,1
2847,159,009F,009F,159,0,0.0,0,1
2848,-199,FF39,FF39,-199,0,0.0,0,1
2849,87,0057,0057,87,0,0.0,0,1
2850,1,0001,0001,1,0,0.0,0,1
2851,-16,FFF0,FFF0,-16,0,0.0,0,1
2852,-3,FFFD,FFFD,-3,0,0.0,0,1
2853,50,0032,0032,50,0,0.0,0,1
2854,-49,FFCF,FFCF,-49,0,0.0,0,1
2855,54,0036,0036,54,0,0.0,0,1
2856,57,0039,0039,57,0,0.0,0,1
2857,53,0035,0035,53,0,0.0,0,1
2858,88,0058,0058,88,0,0.0,0,1
2859,-60,FFC4,FFC4,-60,0,0.0,0,1
2860,-50,FFCE,FFCE,-50,0,0.0,0,1
2861,-119,FF89,FF89,-119,0,0.0,0,1
2862,-52,FFCC,FFCC,-52,0,0.0,0,1
2863,-52,FFCC,FFCC,-52,0,0.0,0,1
2864,-50,FFCE,FFCE,-50,0,0.0,0,1
2865,-15,FFF1,FFF1,-15,0,0.0,0,1
2866,14,000E,000E,14,0,0.0,0,1
2867,58,003A,003A,58,0,0.0,0,1
2868,17,0011,0011,17,0,0.0,0,1
2869,-97,FF9F,FF9F,-97,0,0.0,0,1
2870,-110,FF92,FF92,-110,0,0.0,0,1
2871,115,0073,0073,115,0,0.0,0,1
2872,236,00EC,00EC,236,0,0.0,0,1
2873,125,007D,007D,125,0,0.0,0,1
2874,146,0092,0092,146,0,0.0,0,1
2875,70,0046,0046,70,0,0.0,0,1
2876,79,004F,004F,79,0,0.0,0,1
2877,1,0001,0001,1,0,0.0,0,1
2878,-73,FFB7,FFB7,-73,0,0.0,0,1
2879,91,005B,005B,91,0,0.0,0,1
2880,86,0056,0056,86,0,0.0,0,1
2881,76,004C,004C,76,0,0.0,0,1
2882,181,00B5,00B5,181,0,0.0,0,1
2883,-9,FFF7,FFF7,-9,0,0.0,0,1
2884,51,0033,0033,51,0,0.0,0,1
2885,28,001C,001C,28,0,0.0,0,1
2886,-103,FF99,FF99,-103,0,0.0,0,1
2887,-67,FFBD,FFBD,-67,0,0.0,0,1
2888,-48,FFD0,FFD0,-48,0,0.0,0,1
2889,135,0087,0087,135,0,0.0,0,1
2890,69,0045,0045,69,0,0.0,0,1
2891,30,001E,001E,30,0,0.0,0,1
2892,-68,FFBC,FFBC,-68,0,0.0,0,1
2893,-40,FFD8,FFD8,-40,0,0.0,0,1
2894,49,0031,0031,49,0,0.0,0,1
2895,-29,FFE3,FFE3,-29,0,0.0,0,1
2896,71,0047,0047,71,0,0.0,0,1
2897,-47,FFD1,FFD1,-47,0,0.0,0,1
2898,-111,FF91,FF91,-111,0,0.0,0,1
2899,-86,FFAA,FFAA,-86,0,0.0,0,1
2900,145,0091,0091,145,0,0.0,0,1
2901,-96,FFA0,FFA0,-96,0,0.0,0,1
2902,-109,FF93,FF93,-109,0,0.0,0,1
2903,-13,FFF3,FFF3,-13,0,0.0,0,1
2904,56,0038,0038,56,0,0.0,0,1
2905,92,005C,005C,92,0,0.0,0,1
2906,-41,FFD7,FFD7,-41,0,0.0,0,1
2907,16,0010,0010,16,0,0.0,0,1
2908,-74,FFB6,FFB6,-74,0,0.0,0,1
2909,-58,FFC6,FFC6,-58,0,0.0,0,1
2910,-97,FF9F,FF9F,-97,0,0.0,0,1
2911,83,0053,0053,83,0,0.0,0,1
2912,-106,FF96,FF96,-106,0,0.0,0,1
2913,-106,FF96,FF96,-106,0,0.0,0,1
2914,44,002C,002C,44,0,0.0,0,1
2915,49,0031,0031,49,0,0.0,0,1
2916,7,0007,0007,7,0,0.0,0,1
2917,10,000A,000A,10,0,0.0,0,1
2918,160,00A0,00A0,160,0,0.0,0,1
2919,-154,FF66,FF66,-154,0,0.0,0,1
2920,144,0090,0090,144,0,0.0,0,1
2921,78,004E,004E,78,0,0.0,0,1
2922,-45,FFD3,FFD3,-45,0,0.0,0,1
2923,-38,FFDA,FFDA,-38,0,0.0,0,1
2924,16,0010,0010,16,0,0.0,0,1
2925,40,0028,0028,40,0,0.0,0,1
2926,-292,FEDC,FEDC,-292,0,0.0,0,1
2927,102,0066,0066,102,0,0.0,0,1
2928,26,001A,001A,26,0,0.0,0,1
2929,102,0066,0066,102,0,0.0,0,1
2930,30,001E,001E,30,0,0.0,0,1
2931,13,000D,000D,13,0,0.0,0,1
2932,-114,FF8E,FF8E,-114,0,0.0,0,1
2933,25,0019,0019,25,0,0.0,0,1
2934,11,000B,000B,11,0,0.0,0,1
2935,67,0043,0043,67,0,0.0,0,1
2936,-81,FFAF,FFAF,-81,0,0.0,0,1
2937,-31,FFE1,FFE1,-31,0,0.0,0,1
2938,63,003F,003F,63,0,0.0,0,1
2939,64,0040,0040,64,0,0.0,0,1
2940,-160,FF60,FF60,-160,0,0.0,0,1
2941,-184,FF48,FF48,-184,0,0.0,0,1
2942,91,005B,005B,91,0,0.0,0,1
2943,-71,FFB9,FFB9,-71,0,0.0,0,1
2944,-36,FFDC,FFDC,-36,0,0.0,0,1
2945,-68,FFBC,FFBC,-68,0,0.0,0,1
2946,54,0036,0036,54,0,0.0,0,1
2947,35,0023,0023,35,0,0.0,0,1
2948,212,00D4,00D4,212,0,0.0,0,1
2949,-61,FFC3,FFC3,-61,0,0.0,0,1
2950,50,0032,0032,50,0,0.0,0,1
2951,-11,FFF5,FFF5,-11,0,0.0,0,1
2952,41,0029,0029,41,0,0.0,0,1
2953,60,003C,003C,60,0,0.0,0,1
2954,-101,FF9B,FF9B,-101,0,0.0,0,1
2955,30,001E,001E,30,0,0.0,0,1
2956,-61,FFC3,FFC3,-61,0,0.0,0,1
2957,-173,FF53,FF53,-173,0,0.0,0,1
2958,187,00BB,00BB,187,0,0.0,0,1
2959,7,0007,0007,7,0,0.0,0,1
2960,33,0021,0021,33,0,0.0,0,1
2961,-115,FF8D,FF8D,-115,0,0.0,0,1
2962,-23,FFE9,FFE9,-23,0,0.0,0,1
2963,-26,FFE6,FFE6,-26,0,0.0,0,1
2964,-11,FFF5,FFF5,-11,0,0.0,0,1
2965,-77,FFB3,FFB3,-77,0,0.0,0,1
2966,-50,FFCE,FFCE,-50,0,0.0,0,1
2967,111,006F,006F,111,0,0.0,0,1
2968,-17,FFEF,FFEF,-17,0,0.0,0,1
2969,24,0018,0018,24,0,0.0,0,1
2970,199,00C7,00C7,199,0,0.0,0,1
2971,0,0000,0000,0,0,0.0,0,1
2972,38,0026,0026,38,0,0.0,0,1
2973,-101,FF9B,FF9B,-101,0,0.0,0,1
2974,109,006D,006D,109,0,0.0,0,1
2975,-37,FFDB,FFDB,-37,0,0.0,0,1
2976,-105,FF97,FF97,-105,0,0.0,0,1
2977,-70,FFBA,FFBA,-70,0,0.0,0,1
2978,-98,FF9E,FF9E,-98,0,0.0,0,1
2979,17,0011,0011,17,0,0.0,0,1
2980,-40,FFD8,FFD8,-40,0,0.0,0,1
2981,-90,FFA6,FFA6,-90,0,0.0,0,1
2982,147,0093,0093,147,0,0.0,0,1
2983,64,0040,0040,64,0,0.0,0,1
2984,-66,FFBE,FFBE,-66,0,0.0,0,1
2985,-14,FFF2,FFF2,-14,0,0.0,0,1
2986,-53,FFCB,FFCB,-53,0,0.0,0,1
2987,-133,FF7B,FF7B,-133,0,0.0,0,1
2988,31,001F,001F,31,0,0.0,0,1
2989,44,002C,002C,44,0,0.0,0,1
2990,-95,FFA1,FFA1,-95,0,0.0,0,1
2991,102,0066,0066,102,0,0.0,0,1
2992,-176,FF50,FF50,-176,0,0.0,0,1
2993,184,00B8,00B8,184,0,0.0,0,1
2994,-152,FF68,FF68,-152,0,0.0,0,1
2995,163,00A3,00A3,163,0,0.0,0,1
2996,-174,FF52,FF52,-174,0,0.0,0,1
2997,-61,FFC3,FFC3,-61,0,0.0,0,1
2998,172,00AC,00AC,172,0,0.0,0,1
2999,-66,FFBE,FFBE,-66,0,0.0,0,1
3000,-118,FF8A,FF8A,-118,0,0.0,0,1
3001,-90,FFA6,FFA6,-90,0,0.0,0,1
3002,-69,FFBB,FFBB,-69,0,0.0,0,1
3003,56,0038,0038,56,0,0.0,0,1
3004,-2,FFFE,FFFE,-2,0,0.0,0,1
3005,144,0090,0090,144,0,0.0,0,1
3006,13,000D,000D,13,0,0.0,0,1
3007,-168,FF58,FF58,-168,0,0.0,0,1
3008,145,0091,0091,145,0,0.0,0,1
3009,-61,FFC3,FFC3,-61,0,0.0,0,1
3010,254,00FE,00FE,254,0,0.0,0,1
3011,-32,FFE0,FFE0,-32,0,0.0,0,1
3012,29,001D,001D,29,0,0.0,0,1
3013,-14,FFF2,FFF2,-14,0,0.0,0,1
3014,31,001F,001F,31,0,0.0,0,1
3015,-5,FFFB,FFFB,-5,0,0.0,0,1
3016,158,009E,009E,158,0,0.0,0,1
3017,70,0046,0046,70,0,0.0,0,1
3018,21,0015,0015,21,0,0.0,0,1
3019,133,0085,0085,133,0,0.0,0,1
3020,-66,FFBE,FFBE,-66,0,0.0,0,1
3021,-109,FF93,FF93,-109,0,0.0,0,1
3022,85,0055,0055,85,0,0.0,0,1
3023,54,0036,0036,54,0,0.0,0,1
3024,-75,FFB5,FFB5,-75,0,0.0,0,1
3025,-214,FF2A,FF2A,-214,0,0.0,0,1
3026,81,0051,0051,81,0,0.0,0,1
3027,21,0015,0015,21,0,0.0,0,1
3028,-152,FF68,FF68,-152,0,0.0,0,1
3029,28,001C,001C,28,0,0.0,0,1
3030,116,0074,0074,116,0,0.0,0,1
3031,0,0000,0000,0,0,0.0,0,1
3032,110,006E,006E,110,0,0.0,0,1
3033,-39,FFD9,FFD9,-39,0,0.0,0,1
3034,83,0053,0053,83,0,0.0,0,1
3035,104,0068,0068,104,0,0.0,0,1
3036,83,0053,0053,83,0,0.0,0,1
3037,80,0050,0050,80,0,0.0,0,1
3038,-173,FF53,FF53,-173,0,0.0,0,1
3039,28,001C,001C,28,0,0.0,0,1
3040,-43,FFD5,FFD5,-43,0,0.0,0,1
3041,14,000E,000E,14,0,0.0,0,1
3042,19,0013,0013,19,0,0.0,0,1
3043,20,0014,0014,20,0,0.0,0,1
3044,-95,FFA1,FFA1,-95,0,0.0,0,1
3045,55,0037,0037,55,0,0.0,0,1
3046,-49,FFCF,FFCF,-49,0,0.0,0,1
3047,67,0043,0043,67,0,0.0,0,1
3048,-35,FFDD,FFDD,-35,0,0.0,0,1
3049,59,003B,003B,59,0,0.0,0,1
3050,81,0051,0051,81,0,0.0,0,1
3051,17,0011,0011,17,0,0.0,0,1
3052,-85,FFAB,FFAB,-85,0,0.0,0,1
3053,-161,FF5F,FF5F,-161,0,0.0,0,1
3054,5,0005,0005,5,0,0.0,0,1
3055,56,0038,0038,56,0,0.0,0,1
3056,38,0026,0026,38,0,0.0,0,1
3057,154,009A,009A,154,0,0.0,0,1
3058,-106,FF96,FF96,-106,0,0.0,0,1
3059,-73,FFB7,FFB7,-73,0,0.0,0,1
3060,44,002C,002C,44,0,0.0,0,1
3061,-109,FF93,FF93,-109,0,0.0,0,1
3062,3,0003,0003,3,0,0.0,0,1
3063,-52,FFCC,FFCC,-52,0,0.0,0,1
3064,80,0050,0050,80,0,0.0,0,1
3065,96,0060,0060,96,0,0.0,0,1
3066,-115,FF8D,FF8D,-115,0,0.0,0,1
3067,71,0047,0047,71,0,0.0,0,1
3068,-62,FFC2,FFC2,-62,0,0.0,0,1
3069,60,003C,003C,60,0,0.0,0,1
3070,66,0042,0042,66,0,0.0,0,1
3071,53,0035,0035,53,0,0.0,0,1
3072,-13,FFF3,FFF3,-13,0,0.0,0,1
3073,-148,FF6C,FF6C,-148,0,0.0,0,1
3074,-45,FFD3,FFD3,-45,0,0.0,0,1
3075,71,0047,0047,71,0,0.0,0,1
3076,90,005A,005A,90,0,0.0,0,1
3077,19,0013,0013,19,0,0.0,0,1
3078,23,0017,0017,23,0,0.0,0,1
3079,87,0057,0057,87,0,0.0,0,1
3080,143,008F,008F,143,0,0.0,0,1
3081,-27,FFE5,FFE5,-27,0,0.0,0,1
3082,-167,FF59,FF59,-167,0,0.0,0,1
3083,88,0058,0058,88,0,0.0,0,1
3084,88,0058,0058,88,0,0.0,0,1
3085,-79,FFB1,FFB1,-79,0,0.0,0,1
3086,86,0056,0056,86,0,0.0,0,1
3087,75,004B,004B,75,0,0.0,0,1
3088,213,00D5,00D5,213,0,0.0,0,1
3089,127,007F,007F,127,0,0.0,0,1
3090,-65,FFBF,FFBF,-65,0,0.0,0,1
3091,-54,FFCA,FFCA,-54,0,0.0,0,1
3092,63,003F,003F,63,0,0.0,0,1
3093,150,0096,0096,150,0,0.0,0,1
3094,-74,FFB6,FFB6,-74,0,0.0,0,1
3095,43,002B,002B,43,0,0.0,0,1
3096,31,001F,001F,31,0,0.0,0,1
3097,146,0092,0092,146,0,0.0,0,1
3098,-40,FFD8,FFD8,-40,0,0.0,0,1
3099,-51,FFCD,FFCD,-51,0,0.0,0,1
3100,-245,FF0B,FF0B,-245,0,0.0,0,1
3101,-63,FFC1,FFC1,-63,0,0.0,0,1
3102,-58,FFC6,FFC6,-58,0,0.0,0,1
3103,-118,FF8A,FF8A,-118,0,0.0,0,1
3104,-7,FFF9,FFF9,-7,0,0.0,0,1
3105,44,002C,002C,44,0,0.0,0,1
3106,164,00A4,00A4,164,0,0.0,0,1
3107,-110,FF92,FF92,-110,0,0.0,0,1
3108,-30,FFE2,FFE2,-30,0,0.0,0,1
3109,43,002B,002B,43,0,0.0,0,1
3110,-43,FFD5,FFD5,-43,0,0.0,0,1
3111,-175,FF51,FF51,-175,0,0.0,0,1
3112,181,00B5,00B5,181,0,0.0,0,1
3113,25,0019,0019,25,0,0.0,0,1
3114,-11,FFF5,FFF5,-11,0,0.0,0,1
3115,215,00D7,00D7,215,0,0.0,0,1
3116,78,004E,004E,78,0,0.0,0,1
3117,90,005A,005A,90,0,0.0,0,1
3118,-26,FFE6,FFE6,-26,0,0.0,0,1
3119,98,0062,0062,98,0,0.0,0,1
3120,-175,FF51,FF51,-175,0,0.0,0,1
3121,85,0055,0055,85,0,0.0,0,1
3122,73,0049,0049,73,0,0.0,0,1
3123,59,003B,003B,59,0,0.0,0,1
3124,57,0039,0039,57,0,0.0,0,1
3125,195,00C3,00C3,195,0,0.0,0,1
3126,25,0019,0019,25,0,0.0,0,1
3127,69,0045,0045,69,0,0.0,0,1
3128,32,0020,0020,32,0,0.0,0,1
3129,31,001F,001F,31,0,0.0,0,1
3130,-21,FFEB,FFEB,-21,0,0.0,0,1
3131,-17,FFEF,FFEF,-17,0,0.0,0,1
3132,97,0061,0061,97,0,0.0,0,1
3133,156,009C,009C,156,0,0.0,0,1
3134,-141,FF73,FF73,-141,0,0.0,0,1
3135,61,003D,003D,61,0,0.0,0,1
3136,120,0078,0078,120,0,0.0,0,1
3137,-20,FFEC,FFEC,-20,0,0.0,0,1
3138,10,000A,000A,10,0,0.0,0,1
3139,-63,FFC1,FFC1,-63,0,0.0,0,1
3140,29,001D,001D,29,0,0.0,0,1
3141,66,0042,0042,66,0,0.0,0,1
3142,140,008C,008C,140,0,0.0,0,1
3143,-90,FFA6,FFA6,-90,0,0.0,0,1
3144,53,0035,0035,53,0,0.0,0,1
3145,-181,FF4B,FF4B,-181,0,0.0,0,1
3146,97,0061,0061,97,0,0.0,0,1
3147,-67,FFBD,FFBD,-67,0,0.0,0,1
3148,-14,FFF2,FFF2,-14,0,0.0,0,1
3149,-264,FEF8,FEF8,-264,0,0.0,0,1
3150,-21,FFEB,FFEB,-21,0,0.0,0,1
3151,-44,FFD4,FFD4,-44,0,0.0,0,1
3152,30,001E,001E,30,0,0.0,0,1
3153,46,002E,002E,46,0,0.0,0,1
3154,11,000B,000B,11,0,0.0,0,1
3155,-35,FFDD,FFDD,-35,0,0.0,0,1
3156,87,0057,0057,87,0,0.0,0,1
3157,37,0025,0025,37,0,0.0,0,1
3158,-60,FFC4,FFC4,-60,0,0.0,0,1
3159,44,002C,002C,44,0,0.0,0,1
3160,141,008D,008D,141,0,0.0,0,1
3161,35,0023,0023,35,0,0.0,0,1
3162,70,0046,0046,70,0,0.0,0,1
3163,103,0067,0067,103,0,0.0,0,1
3164,-165,FF5B,FF5B,-165,0,0.0,0,1
3165,-66,FFBE,FFBE,-66,0,0.0,0,1
3166,34,0022,0022,34,0,0.0,0,1
3167,118,0076,0076,118,0,0.0,0,1
3168,94,005E,005E,94,0,0.0,0,1
3169,4,0004,0004,4,0,0.0,0,1
3170,141,008D,008D,141,0,0.0,0,1
3171,-7,FFF9,FFF9,-7,0,0.0,0,1
3172,135,0087,0087,135,0,0.0,0,1
3173,65,0041,0041,65,0,0.0,0,1
3174,65,0041,0041,65,0,0.0,0,1
3175,53,0035,0035,53,0,0.0,0,1
3176,178,00B2,00B2,178,0,0.0,0,1
3177,-9,FFF7,FFF7,-9,0,0.0,0,1
3178,50,0032,0032,50,0,0.0,0,1
3179,104,0068,0068,104,0,0.0,0,1
3180,85,0055,0055,85,0,0.0,0,1
3181,-51,FFCD,FFCD,-51,0,0.0,0,1
3182,-15,FFF1,FFF1,-15,0,0.0,0,1
3183,-121,FF87,FF87,-121,0,0.0,0,1
3184,114,0072,0072,114,0,0.0,0,1
3185,-35,FFDD,FFDD,-35,0,0.0,0,1
3186,-30,FFE2,FFE2,-30,0,0.0,0,1
3187,-78,FFB2,FFB2,-78,0,0.0,0,1
3188,13,000D,000D,13,0,0.0,0,1
3189,-76,FFB4,FFB4,-76,0,0.0,0,1
3190,52,0034,0034,52,0,0.0,0,1
3191,56,0038,0038,56,0,0.0,0,1
3192,-114,FF8E,FF8E,-114,0,0.0,0,1
3193,30,001E,001E,30,0,0.0,0,1
3194,-50,FFCE,FFCE,-50,0,0.0,0,1
3195,28,001C,001C,28,0,0.0,0,1
3196,81,0051,0051,81,0,0.0,0,1
3197,-78,FFB2,FFB2,-78,0,0.0,0,1
3198,44,002C,002C,44,0,0.0,0,1
3199,-34,FFDE,FFDE,-34,0,0.0,0,1
3200,167,00A7,00A7,167,0,0.0,0,1
3201,81,0051,0051,81,0,0.0,0,1
3202,59,003B,003B,59,0,0.0,0,1
3203,-32,FFE0,FFE0,-32,0,0.0,0,1
3204,-47,FFD1,FFD1,-47,0,0.0,0,1
3205,-77,FFB3,FFB3,-77,0,0.0,0,1
3206,38,0026,0026,38,0,0.0,0,1
3207,-57,FFC7,FFC7,-57,0,0.0,0,1
3208,83,0053,0053,83,0,0.0,0,1
3209,91,005B,005B,91,0,0.0,0,1
3210,-138,FF76,FF76,-138,0,0.0,0,1
3211,189,00BD,00BD,189,0,0.0,0,1
3212,53,0035,0035,53,0,0.0,0,1
3213,86,0056,0056,86,0,0.0,0,1
3214,-151,FF69,FF69,-151,0,0.0,0,1
3215,-13,FFF3,FFF3,-13,0,0.0,0,1
3216,-2,FFFE,FFFE,-2,0,0.0,0,1
3217,99,0063,0063,99,0,0.0,0,1
3218,-191,FF41,FF41,-191,0,0.0,0,1
3219,105,0069,0069,105,0,0.0,0,1
3220,-57,FFC7,FFC7,-57,0,0.0,0,1
3221,-103,FF99,FF99,-103,0,0.0,0,1
3222,-147,FF6D,FF6D,-147,0,0.0,0,1
3223,-87,FFA9,FFA9,-87,0,0.0,0,1
3224,-39,FFD9,FFD9,-39,0,0.0,0,1
3225,20,0014,0014,20,0,0.0,0,1
3226,-86,FFAA,FFAA,-86,0,0.0,0,1
3227,62,003E,003E,62,0,0.0,0,1
3228,-84,FFAC,FFAC,-84,0,0.0,0,1
3229,-73,FFB7,FFB7,-73,0,0.0,0,1
3230,-3,FFFD,FFFD,-3,0,0.0,0,1
3231,-4,FFFC,FFFC,-4,0,0.0,0,1
3232,0,0000,0000,0,0,0.0,0,1
3233,87,0057,0057,87,0,0.0,0,1
3234,-4,FFFC,FFFC,-4,0,0.0,0,1
3235,-92,FFA4,FFA4,-92,0,0.0,0,1
3236,-155,FF65,FF65,-155,0,0.0,0,1
3237,-42,FFD6,FFD6,-42,0,0.0,0,1
3238,109,006D,006D,109,0,0.0,0,1
3239,26,001A,001A,26,0,0.0,0,1
3240,22,0016,0016,22,0,0.0,0,1
3241,-36,FFDC,FFDC,-36,0,0.0,0,1
3242,-41,FFD7,FFD7,-41,0,0.0,0,1
3243,-31,FFE1,FFE1,-31,0,0.0,0,1
3244,133,0085,0085,133,0,0.0,0,1
3245,0,0000,0000,0,0,0.0,0,1
3246,207,00CF,00CF,207,0,0.0,0,1
3247,-65,FFBF,FFBF,-65,0,0.0,0,1
3248,-117,FF8B,FF8B,-117,0,0.0,0,1
3249,-73,FFB7,FFB7,-73,0,0.0,0,1
3250,-30,FFE2,FFE2,-30,0,0.0,0,1
3251,38,0026,0026,38,0,0.0,0,1
3252,84,0054,0054,84,0,0.0,0,1
3253,-22,FFEA,FFEA,-22,0,0.0,0,1
3254,-16,FFF0,FFF0,-16,0,0.0,0,1
3255,-81,FFAF,FFAF,-81,0,0.0,0,1
3256,-67,FFBD,FFBD,-67,0,0.0,0,1
3257,-105,FF97,FF97,-105,0,0.0,0,1
3258,179,00B3,00B3,179,0,0.0,0,1
3259,-120,FF88,FF88,-120,0,0.0,0,1
3260,128,0080,0080,128,0,0.0,0,1
3261,-93,FFA3,FFA3,-93,0,0.0,0,1
3262,-239,FF11,FF11,-239,0,0.0,0,1
3263,130,0082,0082,130,0,0.0,0,1
3264,32,0020,0020,32,0,0.0,0,1
3265,-19,FFED,FFED,-19,0,0.0,0,1
3266,-101,FF9B,FF9B,-101,0,0.0,0,1
3267,-135,FF79,FF79,-135,0,0.0,0,1
3268,-50,FFCE,FFCE,-50,0,0.0,0,1
3269,47,002F,002F,47,0,0.0,0,1
3270,-54,FFCA,FFCA,-54,0,0.0,0,1
3271,34,0022,0022,34,0,0.0,0,1
3272,-94,FFA2,FFA2,-94,0,0.0,0,1
3273,104,0068,0068,104,0,0.0,0,1
3274,-185,FF47,FF47,-185,0,0.0,0,1
3275,134,0086,0086,134,0,0.0,0,1
3276,187,00BB,00BB,187,0,0.0,0,1
3277,-8,FFF8,FFF8,-8,0,0.0,0,1
3278,-1,FFFF,FFFF,-1,0,0.0,0,1
3279,-125,FF83,FF83,-125,0,0.0,0,1
3280,-21,FFEB,FFEB,-21,0,0.0,0,1
3281,-35,FFDD,FFDD,-35,0,0.0,0,1
3282,-124,FF84,FF84,-124,0,0.0,0,1
3283,24,0018,0018,24,0,0.0,0,1
3284,-66,FFBE,FFBE,-66,0,0.0,0,1
3285,-178,FF4E,FF4E,-178,0,0.0,0,1
3286,-2,FFFE,FFFE,-2,0,0.0,0,1
3287,17,0011,0011,17,0,0.0,0,1
3288,-10,FFF6,FFF6,-10,0,0.0,0,1
3289,35,0023,0023,35,0,0.0,0,1
3290,-39,FFD9,FFD9,-39,0,0.0,0,1
3291,73,0049,0049,73,0,0.0,0,1
3292,-142,FF72,FF72,-142,0,0.0,0,1
3293,-38,FFDA,FFDA,-38,0,0.0,0,1
3294,-27,FFE5,FFE5,-27,0,0.0,0,1
3295,69,0045,0045,69,0,0.0,0,1
3296,-155,FF65,FF65,-155,0,0.0,0,1
3297,-83,FFAD,FFAD,-83,0,0.0,0,1
3298,-1,FFFF,FFFF,-1,0,0.0,0,1
3299,-5,FFFB,FFFB,-5,0,0.0,0,1
3300,124,007C,007C,124,0,0.0,0,1
3301,29,001D,001D,29,0,0.0,0,1
3302,-146,FF6E,FF6E,-146,0,0.0,0,1
3303,-5,FFFB,FFFB,-5,0,0.0,0,1
3304,-27,FFE5,FFE5,-27,0,0.0,0,1
3305,97,0061,0061,97,0,0.0,0,1
3306,19,0013,0013,19,0,0.0,0,1
3307,60,003C,003C,60,0,0.0,0,1
3308,63,003F,003F,63,0,0.0,0,1
3309,59,003B,003B,59,0,0.0,0,1
3310,117,0075,0075,117,0,0.0,0,1
3311,69,0045,0045,69,0,0.0,0,1
3312,-44,FFD4,FFD4,-44,0,0.0,0,1
3313,-31,FFE1,FFE1,-31,0,0.0,0,1
3314,11,000B,000B,11,0,0.0,0,1
3315,183,00B7,00B7,183,0,0.0,0,1
3316,23,0017,0017,23,0,0.0,0,1
3317,0,0000,0000,0,0,0.0,0,1
3318,-34,FFDE,FFDE,-34,0,0.0,0,1
3319,-56,FFC8,FFC8,-56,0,0.0,0,1
3320,-45,FFD3,FFD3,-45,0,0.0,0,1
3321,104,0068,0068,104,0,0.0,0,1
3322,-93,FFA3,FFA3,-93,0,0.0,0,1
3323,-12,FFF4,FFF4,-12,0,0.0,0,1
3324,-34,FFDE,FFDE,-34,0,0.0,0,1
3325,100,0064,0064,100,0,0.0,0,1
3326,102,0066,0066,102,0,0.0,0,1
3327,-57,FFC7,FFC7,-57,0,0.0,0,1
3328,-37,FFDB,FFDB,-37,0,0.0,0,1
3329,52,0034,0034,52,0,0.0,0,1
3330,127,007F,007F,127,0,0.0,0,1
3331,41,0029,0029,41,0,0.0,0,1
3332,-130,FF7E,FF7E,-130,0,0.0,0,1
3333,-176,FF50,FF50,-176,0,0.0,0,1
3334,-86,FFAA,FFAA,-86,0,0.0,0,1
3335,-150,FF6A,FF6A,-150,0,0.0,0,1
3336,40,0028,0028,40,0,0.0,0,1
3337,-99,FF9D,FF9D,-99,0,0.0,0,1
3338,-179,FF4D,FF4D,-179,0,0.0,0,1
3339,153,0099,0099,153,0,0.0,0,1
3340,46,002E,002E,46,0,0.0,0,1
3341,-79,FFB1,FFB1,-79,0,0.0,0,1
3342,20,0014,0014,20,0,0.0,0,1
3343,17,0011,0011,17,0,0.0,0,1
3344,-218,FF26,FF26,-218,0,0.0,0,1
3345,-42,FFD6,FFD6,-42,0,0.0,0,1
3346,-55,FFC9,FFC9,-55,0,0.0,0,1
3347,-73,FFB7,FFB7,-73,0,0.0,0,1
3348,40,0028,0028,40,0,0.0,0,1
3349,-10,FFF6,FFF6,-10,0,0.0,0,1
3350,40,0028,0028,40,0,0.0,0,1
3351,37,0025,0025,37,0,0.0,0,1
3352,26,001A,001A,26,0,0.0,0,1
3353,-87,FFA9,FFA9,-87,0,0.0,0,1
3354,158,009E,009E,158,0,0.0,0,1
3355,-70,FFBA,FFBA,-70,0,0.0,0,1
3356,-33,FFDF,FFDF,-33,0,0.0,0,1
3357,-45,FFD3,FFD3,-45,0,0.0,0,1
3358,51,0033,0033,51,0,0.0,0,1
3359,126,007E,007E,126,0,0.0,0,1
3360,57,0039,0039,57,0,0.0,0,1
3361,-78,FFB2,FFB2,-78,0,0.0,0,1
3362,132,0084,0084,132,0,0.0,0,1
3363,-6,FFFA,FFFA,-6,0,0.0,0,1
3364,-120,FF88,FF88,-120,0,0.0,0,1
3365,23,0017,0017,23,0,0.0,0,1
3366,-157,FF63,FF63,-157,0,0.0,0,1
3367,27,001B,001B,27,0,0.0,0,1
3368,-19,FFED,FFED,-19,0,0.0,0,1
3369,-44,FFD4,FFD4,-44,0,0.0,0,1
3370,93,005D,005D,93,0,0.0,0,1
3371,90,005A,005A,90,0,0.0,0,1
3372,-148,FF6C,FF6C,-148,0,0.0,0,1
3373,-50,FFCE,FFCE,-50,0,0.0,0,1
3374,202,00CA,00CA,202,0,0.0,0,1
3375,15,000F,000F,15,0,0.0,0,1
3376,14,000E,000E,14,0,0.0,0,1
3377,46,002E,002E,46,0,0.0,0,1
3378,187,00BB,00BB,187,0,0.0,0,1
3379,10,000A,000A,10,0,0.0,0,1
3380,49,0031,0031,49,0,0.0,0,1
3381,-45,FFD3,FFD3,-45,0,0.0,0,1
3382,-185,FF47,FF47,-185,0,0.0,0,1
3383,-66,FFBE,FFBE,-66,0,0.0,0,1
3384,152,0098,0098,152,0,0.0,0,1
3385,74,004A,004A,74,0,0.0,0,1
3386,18,0012,0012,18,0,0.0,0,1
3387,130,0082,0082,130,0,0.0,0,1
3388,-128,FF80,FF80,-128,0,0.0,0,1
3389,49,0031,0031,49,0,0.0,0,1
3390,41,0029,0029,41,0,0.0,0,1
3391,-2,FFFE,FFFE,-2,0,0.0,0,1
3392,-182,FF4A,FF4A,-182,0,0.0,0,1
3393,6,0006,0006,6,0,0.0,0,1
3394,-31,FFE1,FFE1,-31,0,0.0,0,1
3395,57,0039,0039,57,0,0.0,0,1
3396,-272,FEF0,FEF0,-272,0,0.0,0,1
3397,-99,FF9D,FF9D,-99,0,0.0,0,1
3398,-53,FFCB,FFCB,-53,0,0.0,0,1
3399,-29,FFE3,FFE3,-29,0,0.0,0,1
3400,10,000A,000A,10,0,0.0,0,1
3401,61,003D,003D,61,0,0.0,0,1
3402,-105,FF97,FF97,-105,0,0.0,0,1
3403,110,006E,006E,110,0,0.0,0,1
3404,-98,FF9E,FF9E,-98,0,0.0,0,1
3405,54,0036,0036,54,0,0.0,0,1
3406,47,002F,002F,47,0,0.0,0,1
3407,-43,FFD5,FFD5,-43,0,0.0,0,1
3408,-102,FF9A,FF9A,-102,0,0.0,0,1
3409,54,0036,0036,54,0,0.0,0,1
3410,-197,FF3B,FF3B,-197,0,0.0,0,1
3411,220,00DC,00DC,220,0,0.0,0,1
3412,77,004D,004D,77,0,0.0,0,1
3413,98,0062,0062,98,0,0.0,0,1
3414,-56,FFC8,FFC8,-56,0,0.0,0,1
3415,-119,FF89,FF89,-119,0,0.0,0,1
3416,-170,FF56,FF56,-170,0,0.0,0,1
3417,80,0050,0050,80,0,0.0,0,1
3418,-53,FFCB,FFCB,-53,0,0.0,0,1
3419,23,0017,0017,23,0,0.0,0,1
3420,-112,FF90,FF90,-112,0,0.0,0,1
3421,-101,FF9B,FF9B,-101,0,0.0,0,1
3422,-26,FFE6,FFE6,-26,0,0.0,0,1
3423,72,0048,0048,72,0,0.0,0,1
3424,63,003F,003F,63,0,0.0,0,1
3425,-10,FFF6,FFF6,-10,0,0.0,0,1
3426,55,0037,0037,55,0,0.0,0,1
3427,-38,FFDA,FFDA,-38,0,0.0,0,1
3428,-215,FF29,FF29,-215,0,0.0,0,1
3429,58,003A,003A,58,0,0.0,0,1
3430,-49,FFCF,FFCF,-49,0,0.0,0,1
3431,-48,FFD0,FFD0,-48,0,0.0,0,1
3432,-12,FFF4,FFF4,-12,0,0.0,0,1
3433,20,0014,0014,20,0,0.0,0,1
3434,110,006E,006E,110,0,0.0,0,1
3435,-110,FF92,FF92,-110,0,0.0,0,1
3436,-36,FFDC,FFDC,-36,0,0.0,0,1
3437,3,0003,0003,3,0,0.0,0,1
3438,-46,FFD2,FFD2,-46,0,0.0,0,1
3439,34,0022,0022,34,0,0.0,0,1
3440,48,0030,0030,48,0,0.0,0,1
3441,-101,FF9B,FF9B,-101,0,0.0,0,1
3442,0,0000,0000,0,0,0.0,0,1
3443,-129,FF7F,FF7F,-129,0,0.0,0,1
3444,69,0045,0045,69,0,0.0,0,1
3445,20,0014,0014,20,0,0.0,0,1
3446,24,0018,0018,24,0,0.0,0,1
3447,-42,FFD6,FFD6,-42,0,0.0,0,1
3448,-50,FFCE,FFCE,-50,0,0.0,0,1
3449,135,0087,0087,135,0,0.0,0,1
3450,-101,FF9B,FF9B,-101,0,0.0,0,1
3451,-88,FFA8,FFA8,-88,0,0.0,0,1
3452,-82,FFAE,FFAE,-82,0,0.0,0,1
3453,32,0020,0020,32,0,0.0,0,1
3454,56,0038,0038,56,0,0.0,0,1
3455,136,0088,0088,136,0,0.0,0,1
3456,68,0044,0044,68,0,0.0,0,1
3457,47,002F,002F,47,0,0.0,0,1
3458,-86,FFAA,FFAA,-86,0,0.0,0,1
3459,-44,FFD4,FFD4,-44,0,0.0,0,1
3460,15,000F,000F,15,0,0.0,0,1
3461,-34,FFDE,FFDE,-34,0,0.0,0,1
3462,63,003F,003F,63,0,0.0,0,1
3463,36,0024,0024,36,0,0.0,0,1
3464,-94,FFA2,FFA2,-94,0,0.0,0,1
3465,116,0074,0074,116,0,0.0,0,1
3466,177,00B1,00B1,177,0,0.0,0,1
3467,-65,FFBF,FFBF,-65,0,0.0,0,1
3468,-82,FFAE,FFAE,-82,0,0.0,0,1
3469,-27,FFE5,FFE5,-27,0,0.0,0,1
3470,71,0047,0047,71,0,0.0,0,1
3471,-59,FFC5,FFC5,-59,0,0.0,0,1
3472,150,0096,0096,150,0,0.0,0,1
3473,78,004E,004E,78,0,0.0,0,1
3474,-250,FF06,FF06,-250,0,0.0,0,1
3475,83,0053,0053,83,0,0.0,0,1
3476,-38,FFDA,FFDA,-38,0,0.0,0,1
3477,32,0020,0020,32,0,0.0,0,1
3478,61,003D,003D,61,0,0.0,0,1
3479,-5,FFFB,FFFB,-5,0,0.0,0,1
3480,-20,FFEC,FFEC,-20,0,0.0,0,1
3481,97,0061,0061,97,0,0.0,0,1
3482,-166,FF5A,FF5A,-166,0,0.0,0,1
3483,-39,FFD9,FFD9,-39,0,0.0,0,1
3484,151,0097,0097,151,0,0.0,0,1
3485,-125,FF83,FF83,-125,0,0.0,0,1
3486,-21,FFEB,FFEB,-21,0,0.0,0,1
3487,57,0039,0039,57,0,0.0,0,1
3488,0,0000,0000,0,0,0.0,0,1
3489,-42,FFD6,FFD6,-42,0,0.0,0,1
3490,-76,FFB4,FFB4,-76,0,0.0,0,1
3491,-168,FF58,FF58,-168,0,0.0,0,1
3492,8,0008,0008,8,0,0.0,0,1
3493,79,004F,004F,79,0,0.0,0,1
3494,84,0054,0054,84,0,0.0,0,1
3495,110,006E,006E,110,0,0.0,0,1
3496,138,008A,008A,138,0,0.0,0,1
3497,-54,FFCA,FFCA,-54,0,0.0,0,1
3498,-69,FFBB,FFBB,-69,0,0.0,0,1
3499,-104,FF98,FF98,-104,0,0.0,0,1
3500,77,004D,004D,77,0,0.0,0,1
3501,-36,FFDC,FFDC,-36,0,0.0,0,1
3502,-35,FFDD,FFDD,-35,0,0.0,0,1
3503,131,0083,0083,131,0,0.0,0,1
3504,-158,FF62,FF62,-158,0,0.0,0,1
3505,182,00B6,00B6,182,0,0.0,0,1
3506,-61,FFC3,FFC3,-61,0,0.0,0,1
3507,8,0008,0008,8,0,0.0,0,1
3508,53,0035,0035,53,0,0.0,0,1
3509,77,004D,004D,77,0,0.0,0,1
3510,23,0017,0017,23,0,0.0,0,1
3511,-71,FFB9,FFB9,-71,0,0.0,0,1
3512,21,0015,0015,21,0,0.0,0,1
3513,-75,FFB5,FFB5,-75,0,0.0,0,1
3514,-76,FFB4,FFB4,-76,0,0.0,0,1
3515,-45,FFD3,FFD3,-45,0,0.0,0,1
3516,-54,FFCA,FFCA,-54,0,0.0,0,1
3517,-197,FF3B,FF3B,-197,0,0.0,0,1
3518,47,002F,002F,47,0,0.0,0,1
3519,-15,FFF1,FFF1,-15,0,0.0,0,1
3520,127,007F,007F,127,0,0.0,0,1
3521,-79,FFB1,FFB1,-79,0,0.0,0,1
3522,-50,FFCE,FFCE,-50,0,0.0,0,1
3523,-86,FFAA,FFAA,-86,0,0.0,0,1
3524,153,0099,0099,153,0,0.0,0,1
3525,55,0037,0037,55,0,0.0,0,1
3526,-122,FF86,FF86,-122,0,0.0,0,1
3527,10,000A,000A,10,0,0.0,0,1
3528,19,0013,0013,19,0,0.0,0,1
3529,11,000B,000B,11,0,0.0,0,1
3530,23,0017,0017,23,0,0.0,0,1
3531,97,0061,0061,97,0,0.0,0,1
3532,5,0005,0005,5,0,0.0,0,1
3533,-103,FF99,FF99,-103,0,0.0,0,1
3534,-49,FFCF,FFCF,-49,0,0.0,0,1
3535,36,0024,0024,36,0,0.0,0,1
3536,86,0056,0056,86,0,0.0,0,1
3537,-99,FF9D,FF9D,-99,0,0.0,0,1
3538,114,0072,0072,114,0,0.0,0,1
3539,-154,FF66,FF66,-154,0,0.0,0,1
3540,57,0039,0039,57,0,0.0,0,1
3541,-67,FFBD,FFBD,-67,0,0.0,0,1
3542,-66,FFBE,FFBE,-66,0,0.0,0,1
3543,89,0059,0059,89,0,0.0,0,1
3544,107,006B,006B,107,0,0.0,0,1
3545,46,002E,002E,46,0,0.0,0,1
3546,-134,FF7A,FF7A,-134,0,0.0,0,1
3547,1,0001,0001,1,0,0.0,0,1
3548,-52,FFCC,FFCC,-52,0,0.0,0,1
3549,-13,FFF3,FFF3,-13,0,0.0,0,1
3550,-149,FF6B,FF6B,-149,0,0.0,0,1
3551,-119,FF89,FF89,-119,0,0.0,0,1
3552,-66,FFBE,FFBE,-66,0,0.0,0,1
3553,-56,FFC8,FFC8,-56,0,0.0,0,1
3554,-99,FF9D,FF9D,-99,0,0.0,0,1
3555,14,000E,000E,14,0,0.0,0,1
3556,159,009F,009F,159,0,0.0,0,1
3557,4,0004,0004,4,0,0.0,0,1
3558,134,0086,0086,134,0,0.0,0,1
3559,16,0010,0010,16,0,0.0,0,1
3560,-96,FFA0,FFA0,-96,0,0.0,0,1
3561,75,004B,004B,75,0,0.0,0,1
3562,-26,FFE6,FFE6,-26,0,0.0,0,1
3563,51,0033,0033,51,0,0.0,0,1
3564,-36,FFDC,FFDC,-36,0,0.0,0,1
3565,86,0056,0056,86,0,0.0,0,1
3566,41,0029,0029,41,0,0.0,0,1
3567,49,0031,0031,49,0,0.0,0,1
3568,20,0014,0014,20,0,0.0,0,1
3569,134,0086,0086,134,0,0.0,0,1
3570,119,0077,0077,119,0,0.0,0,1
3571,81,0051,0051,81,0,0.0,0,1
3572,243,00F3,00F3,243,0,0.0,0,1
3573,-145,FF6F,FF6F,-145,0,0.0,0,1
3574,-24,FFE8,FFE8,-24,0,0.0,0,1
3575,94,005E,005E,94,0,0.0,0,1
3576,7,0007,0007,7,0,0.0,0,1
3577,157,009D,009D,157,0,0.0,0,1
3578,-15,FFF1,FFF1,-15,0,0.0,0,1
3579,82,0052,0052,82,0,0.0,0,1
3580,-62,FFC2,FFC2,-62,0,0.0,0,1
3581,115,0073,0073,115,0,0.0,0,1
3582,-29,FFE3,FFE3,-29,0,0.0,0,1
3583,-107,FF95,FF95,-107,0,0.0,0,1
3584,53,0035,0035,53,0,0.0,0,1
3585,-118,FF8A,FF8A,-118,0,0.0,0,1
3586,-26,FFE6,FFE6,-26,0,0.0,0,1
3587,166,00A6,00A6,166,0,0.0,0,1
3588,-91,FFA5,FFA5,-91,0,0.0,0,1
3589,159,009F,009F,159,0,0.0,0,1
3590,-36,FFDC,FFDC,-36,0,0.0,0,1
3591,61,003D,003D,61,0,0.0,0,1
3592,-166,FF5A,FF5A,-166,0,0.0,0,1
3593,-21,FFEB,FFEB,-21,0,0.0,0,1
3594,40,0028,0028,40,0,0.0,0,1
3595,29,001D,001D,29,0,0.0,0,1
3596,148,0094,0094,148,0,0.0,0,1
3597,21,0015,0015,21,0,0.0,0,1
3598,-98,FF9E,FF9E,-98,0,0.0,0,1
3599,39,0027,0027,39,0,0.0,0,1
3600,116,0074,0074,116,0,0.0,0,1
3601,-57,FFC7,FFC7,-57,0,0.0,0,1
3602,-44,FFD4,FFD4,-44,0,0.0,0,1
3603,-36,FFDC,FFDC,-36,0,0.0,0,1
3604,28,001C,001C,28,0,0.0,0,1
3605,-11,FFF5,FFF5,-11,0,0.0,0,1
3606,27,001B,001B,27,0,0.0,0,1
3607,-94,FFA2,FFA2,-94,0,0.0,0,1
3608,44,002C,002C,44,0,0.0,0,1
3609,70,0046,0046,70,0,0.0,0,1
3610,103,0067,0067,103,0,0.0,0,1
3611,144,0090,0090,144,0,0.0,0,1
3612,-69,FFBB,FFBB,-69,0,0.0,0,1
3613,100,0064,0064,100,0,0.0,0,1
3614,38,0026,0026,38,0,0.0,0,1
3615,117,0075,0075,117,0,0.0,0,1
3616,-37,FFDB,FFDB,-37,0,0.0,0,1
3617,-34,FFDE,FFDE,-34,0,0.0,0,1
3618,-42,FFD6,FFD6,-42,0,0.0,0,1
3619,-14,FFF2,FFF2,-14,0,0.0,0,1
3620,96,0060,0060,96,0,0.0,0,1
3621,-230,FF1A,FF1A,-230,0,0.0,0,1
3622,-17,FFEF,FFEF,-17,0,0.0,0,1
3623,66,0042,0042,66,0,0.0,0,1
3624,20,0014,0014,20,0,0.0,0,1
3625,77,004D,004D,77,0,0.0,0,1
3626,7,0007,0007,7,0,0.0,0,1
3627,-99,FF9D,FF9D,-99,0,0.0,0,1
3628,0,0000,0000,0,0,0.0,0,1
3629,60,003C,003C,60,0,0.0,0,1
3630,100,0064,0064,100,0,0.0,0,1
3631,-22,FFEA,FFEA,-22,0,0.0,0,1
3632,132,0084,0084,132,0,0.0,0,1
3633,129,0081,0081,129,0,0.0,0,1
3634,-204,FF34,FF34,-204,0,0.0,0,1
3635,39,0027,0027,39,0,0.0,0,1
3636,136,0088,0088,136,0,0.0,0,1
3637,-49,FFCF,FFCF,-49,0,0.0,0,1
3638,54,0036,0036,54,0,0.0,0,1
3639,-49,FFCF,FFCF,-49,0,0.0,0,1
3640,-49,FFCF,FFCF,-49,0,0.0,0,1
3641,173,00AD,00AD,173,0,0.0,0,1
3642,122,007A,007A,122,0,0.0,0,1
3643,46,002E,002E,46,0,0.0,0,1
3644,-67,FFBD,FFBD,-67,0,0.0,0,1
3645,36,0024,0024,36,0,0.0,0,1
3646,-110,FF92,FF92,-110,0,0.0,0,1
3647,155,009B,009B,155,0,0.0,0,1
3648,-28,FFE4,FFE4,-28,0,0.0,0,1
3649,-78,FFB2,FFB2,-78,0,0.0,0,1
3650,38,0026,0026,38,0,0.0,0,1
3651,-170,FF56,FF56,-170,0,0.0,0,1
3652,-104,FF98,FF98,-104,0,0.0,0,1
3653,106,006A,006A,106,0,0.0,0,1
3654,46,002E,002E,46,0,0.0,0,1
3655,-10,FFF6,FFF6,-10,0,0.0,0,1
3656,54,0036,0036,54,0,0.0,0,1
3657,42,002A,002A,42,0,0.0,0,1
3658,-98,FF9E,FF9E,-98,0,0.0,0,1
3659,-50,FFCE,FFCE,-50,0,0.0,0,1
3660,20,0014,0014,20,0,0.0,0,1
3661,32,0020,0020,32,0,0.0,0,1
3662,102,0066,0066,102,0,0.0,0,1
3663,-54,FFCA,FFCA,-54,0,0.0,0,1
3664,-197,FF3B,FF3B,-197,0,0.0,0,1
3665,-106,FF96,FF96,-106,0,0.0,0,1
3666,-14,FFF2,FFF2,-14,0,0.0,0,1
3667,250,00FA,00FA,250,0,0.0,0,1
3668,-61,FFC3,FFC3,-61,0,0.0,0,1
3669,97,0061,0061,97,0,0.0,0,1
3670,213,00D5,00D5,213,0,0.0,0,1
3671,119,0077,0077,119,0,0.0,0,1
3672,77,004D,004D,77,0,0.0,0,1
3673,85,0055,0055,85,0,0.0,0,1
3674,19,0013,0013,19,0,0.0,0,1
3675,9,0009,0009,9,0,0.0,0,1
3676,39,0027,0027,39,0,0.0,0,1
3677,88,0058,0058,88,0,0.0,0,1
3678,81,0051,0051,81,0,0.0,0,1
3679,158,009E,009E,158,0,0.0,0,1
3680,81,0051,0051,81,0,0.0,0,1
3681,-96,FFA0,FFA0,-96,0,0.0,0,1
3682,-99,FF9D,FF9D,-99,0,0.0,0,1
3683,-95,FFA1,FFA1,-95,0,0.0,0,1
3684,70,0046,0046,70,0,0.0,0,1
3685,-18,FFEE,FFEE,-18,0,0.0,0,1
3686,41,0029,0029,41,0,0.0,0,1
3687,-47,FFD1,FFD1,-47,0,0.0,0,1
3688,34,0022,0022,34,0,0.0,0,1
3689,-19,FFED,FFED,-19,0,0.0,0,1
3690,-58,FFC6,FFC6,-58,0,0.0,0,1
3691,-112,FF90,FF90,-112,0,0.0,0,1
3692,34,0022,0022,34,0,0.0,0,1
3693,-122,FF86,FF86,-122,0,0.0,0,1
3694,67,0043,0043,67,0,0.0,0,1
3695,115,0073,0073,115,0,0.0,0,1
3696,84,0054,0054,84,0,0.0,0,1
3697,70,0046,0046,70,0,0.0,0,1
3698,-116,FF8C,FF8C,-116,0,0.0,0,1
3699,26,001A,001A,26,0,0.0,0,1
3700,80,0050,0050,80,0,0.0,0,1
3701,29,001D,001D,29,0,0.0,0,1
3702,-52,FFCC,FFCC,-52,0,0.0,0,1
3703,97,0061,0061,97,0,0.0,0,1
3704,-8,FFF8,FFF8,-8,0,0.0,0,1
3705,25,0019,0019,25,0,0.0,0,1
3706,-72,FFB8,FFB8,-72,0,0.0,0,1
3707,28,001C,001C,28,0,0.0,0,1
3708,-59,FFC5,FFC5,-59,0,0.0,0,1
3709,28,001C,001C,28,0,0.0,0,1
3710,148,0094,0094,148,0,0.0,0,1
3711,30,001E,001E,30,0,0.0,0,1
3712,67,0043,0043,67,0,0.0,0,1
3713,-19,FFED,FFED,-19,0,0.0,0,1
3714,48,0030,0030,48,0,0.0,0,1
3715,-125,FF83,FF83,-125,0,0.0,0,1
3716,63,003F,003F,63,0,0.0,0,1
3717,100,0064,0064,100,0,0.0,0,1
3718,-31,FFE1,FFE1,-31,0,0.0,0,1
3719,172,00AC,00AC,172,0,0.0,0,1
3720,-11,FFF5,FFF5,-11,0,0.0,0,1
3721,-141,FF73,FF73,-141,0,0.0,0,1
3722,-83,FFAD,FFAD,-83,0,0.0,0,1
3723,174,00AE,00AE,174,0,0.0,0,1
3724,-32,FFE0,FFE0,-32,0,0.0,0,1
3725,-110,FF92,FF92,-110,0,0.0,0,1
3726,64,0040,0040,64,0,0.0,0,1
3727,146,0092,0092,146,0,0.0,0,1
3728,-53,FFCB,FFCB,-53,0,0.0,0,1
3729,77,004D,004D,77,0,0.0,0,1
3730,51,0033,0033,51,0,0.0,0,1
3731,-20,FFEC,FFEC,-20,0,0.0,0,1
3732,5,0005,0005,5,0,0.0,0,1
3733,6,0006,0006,6,0,0.0,0,1
3734,-123,FF85,FF85,-123,0,0.0,0,1
3735,-17,FFEF,FFEF,-17,0,0.0,0,1
3736,38,0026,0026,38,0,0.0,0,1
3737,24,0018,0018,24,0,0.0,0,1
3738,-46,FFD2,FFD2,-46,0,0.0,0,1
3739,4,0004,0004,4,0,0.0,0,1
3740,69,0045,0045,69,0,0.0,0,1
3741,-3,FFFD,FFFD,-3,0,0.0,0,1
3742,134,0086,0086,134,0,0.0,0,1
3743,-48,FFD0,FFD0,-48,0,0.0,0,1
3744,1,0001,0001,1,0,0.0,0,1
3745,-15,FFF1,FFF1,-15,0,0.0,0,1
3746,-145,FF6F,FF6F,-145,0,0.0,0,1
3747,51,0033,0033,51,0,0.0,0,1
3748,-169,FF57,FF57,-169,0,0.0,0,1
3749,75,004B,004B,75,0,0.0,0,1
3750,-75,FFB5,FFB5,-75,0,0.0,0,1
3751,17,0011,0011,17,0,0.0,0,1
3752,-159,FF61,FF61,-159,0,0.0,0,1
3753,-39,FFD9,FFD9,-39,0,0.0,0,1
3754,-75,FFB5,FFB5,-75,0,0.0,0,1
3755,-51,FFCD,FFCD,-51,0,0.0,0,1
3756,103,0067,0067,103,0,0.0,0,1
3757,145,0091,0091,145,0,0.0,0,1
3758,-101,FF9B,FF9B,-101,0,0.0,0,1
3759,-42,FFD6,FFD6,-42,0,0.0,0,1
3760,10,000A,000A,10,0,0.0,0,1
3761,145,0091,0091,145,0,0.0,0,1
3762,-26,FFE6,FFE6,-26,0,0.0,0,1
3763,-5,FFFB,FFFB,-5,0,0.0,0,1
3764,-50,FFCE,FFCE,-50,0,0.0,0,1
3765,-172,FF54,FF54,-172,0,0.0,0,1
3766,-70,FFBA,FFBA,-70,0,0.0,0,1
3767,-148,FF6C,FF6C,-148,0,0.0,0,1
3768,69,0045,0045,69,0,0.0,0,1
3769,-11,FFF5,FFF5,-11,0,0.0,0,1
3770,203,00CB,00CB,203,0,0.0,0,1
3771,-266,FEF6,FEF6,-266,0,0.0,0,1
3772,110,006E,006E,110,0,0.0,0,1
3773,111,006F,006F,111,0,0.0,0,1
3774,-7,FFF9,FFF9,-7,0,0.0,0,1
3775,9,0009,0009,9,0,0.0,0,1
3776,196,00C4,00C4,196,0,0.0,0,1
3777,20,0014,0014,20,0,0.0,0,1
3778,-48,FFD0,FFD0,-48,0,0.0,0,1
3779,42,002A,002A,42,0,0.0,0,1
3780,-68,FFBC,FFBC,-68,0,0.0,0,1
3781,44,002C,002C,44,0,0.0,0,1
3782,-3,FFFD,FFFD,-3,0,0.0,0,1
3783,-102,FF9A,FF9A,-102,0,0.0,0,1
3784,161,00A1,00A1,161,0,0.0,0,1
3785,136,0088,0088,136,0,0.0,0,1
3786,-119,FF89,FF89,-119,0,0.0,0,1
3787,-151,FF69,FF69,-151,0,0.0,0,1
3788,23,0017,0017,23,0,0.0,0,1
3789,98,0062,0062,98,0,0.0,0,1
3790,-9,FFF7,FFF7,-9,0,0.0,0,1
3791,42,002A,002A,42,0,0.0,0,1
3792,-71,FFB9,FFB9,-71,0,0.0,0,1
3793,-125,FF83,FF83,-125,0,0.0,0,1
3794,-30,FFE2,FFE2,-30,0,0.0,0,1
3795,24,0018,0018,24,0,0.0,0,1
3796,10,000A,000A,10,0,0.0,0,1
3797,101,0065,0065,101,0,0.0,0,1
3798,-80,FFB0,FFB0,-80,0,0.0,0,1
3799,-66,FFBE,FFBE,-66,0,0.0,0,1
3800,81,0051,0051,81,0,0.0,0,1
3801,27,001B,001B,27,0,0.0,0,1
3802,-179,FF4D,FF4D,-179,0,0.0,0,1
3803,-136,FF78,FF78,-136,0,0.0,0,1
3804,-25,FFE7,FFE7,-25,0,0.0,0,1
3805,-40,FFD8,FFD8,-40,0,0.0,0,1
3806,125,007D,007D,125,0,0.0,0,1
3807,-71,FFB9,FFB9,-71,0,0.0,0,1
3808,-38,FFDA,FFDA,-38,0,0.0,0,1
3809,-95,FFA1,FFA1,-95,0,0.0,0,1
3810,-114,FF8E,FF8E,-114,0,0.0,0,1
3811,-62,FFC2,FFC2,-62,0,0.0,0,1
3812,158,009E,009E,158,0,0.0,0,1
3813,81,0051,0051,81,0,0.0,0,1
3814,-132,FF7C,FF7C,-132,0,0.0,0,1
3815,-111,FF91,FF91,-111,0,0.0,0,1
3816,-155,FF65,FF65,-155,0,0.0,0,1
3817,19,0013,0013,19,0,0.0,0,1
3818,169,00A9,00A9,169,0,0.0,0,1
3819,57,0039,0039,57,0,0.0,0,1
3820,126,007E,007E,126,0,0.0,0,1
3821,-18,FFEE,FFEE,-18,0,0.0,0,1
3822,-30,FFE2,FFE2,-30,0,0.0,0,1
3823,1,0001,0001,1,0,0.0,0,1
3824,11,000B,000B,11,0,0.0,0,1
3825,78,004E,004E,78,0,0.0,0,1
3826,-27,FFE5,FFE5,-27,0,0.0,0,1
3827,3,0003,0003,3,0,0.0,0,1
3828,31,001F,001F,31,0,0.0,0,1
3829,-30,FFE2,FFE2,-30,0,0.0,0,1
3830,-27,FFE5,FFE5,-27,0,0.0,0,1
3831,109,006D,006D,109,0,0.0,0,1
3832,35,0023,0023,35,0,0.0,0,1
3833,-107,FF95,FF95,-107,0,0.0,0,1
3834,-34,FFDE,FFDE,-34,0,0.0,0,1
3835,31,001F,001F,31,0,0.0,0,1
3836,66,0042,0042,66,0,0.0,0,1
3837,45,002D,002D,45,0,0.0,0,1
3838,-75,FFB5,FFB5,-75,0,0.0,0,1
3839,37,0025,0025,37,0,0.0,0,1
3840,138,008A,008A,138,0,0.0,0,1
3841,151,0097,0097,151,0,0.0,0,1
3842,14,000E,000E,14,0,0.0,0,1
3843,148,0094,0094,148,0,0.0,0,1
3844,-16,FFF0,FFF0,-16,0,0.0,0,1
3845,-173,FF53,FF53,-173,0,0.0,0,1
3846,53,0035,0035,53,0,0.0,0,1
3847,-76,FFB4,FFB4,-76,0,0.0,0,1
3848,179,00B3,00B3,179,0,0.0,0,1
3849,-144,FF70,FF70,-144,0,0.0,0,1
3850,-31,FFE1,FFE1,-31,0,0.0,0,1
3851,-88,FFA8,FFA8,-88,0,0.0,0,1
3852,79,004F,004F,79,0,0.0,0,1
3853,135,0087,0087,135,0,0.0,0,1
3854,-116,FF8C,FF8C,-116,0,0.0,0,1
3855,-75,FFB5,FFB5,-75,0,0.0,0,1
3856,-190,FF42,FF42,-190,0,0.0,0,1
3857,28,001C,001C,28,0,0.0,0,1
3858,-40,FFD8,FFD8,-40,0,0.0,0,1
3859,-3,FFFD,FFFD,-3,0,0.0,0,1
3860,112,0070,0070,112,0,0.0,0,1
3861,-45,FFD3,FFD3,-45,0,0.0,0,1
3862,-9,FFF7,FFF7,-9,0,0.0,0,1
3863,-49,FFCF,FFCF,-49,0,0.0,0,1
3864,-112,FF90,FF90,-112,0,0.0,0,1
3865,37,0025,0025,37,0,0.0,0,1
3866,-13,FFF3,FFF3,-13,0,0.0,0,1
3867,-52,FFCC,FFCC,-52,0,0.0,0,1
3868,-192,FF40,FF40,-192,0,0.0,0,1
3869,124,007C,007C,124,0,0.0,0,1
3870,-62,FFC2,FFC2,-62,0,0.0,0,1
3871,114,0072,0072,114,0,0.0,0,1
3872,-21,FFEB,FFEB,-21,0,0.0,0,1
3873,-46,FFD2,FFD2,-46,0,0.0,0,1
3874,5,0005,0005,5,0,0.0,0,1
3875,-111,FF91,FF91,-111,0,0.0,0,1
3876,64,0040,0040,64,0,0.0,0,1
3877,-12,FFF4,FFF4,-12,0,0.0,0,1
3878,-197,FF3B,FF3B,-197,0,0.0,0,1
3879,-53,FFCB,FFCB,-53,0,0.0,0,1
3880,19,0013,0013,19,0,0.0,0,1
3881,10,000A,000A,10,0,0.0,0,1
3882,-148,FF6C,FF6C,-148,0,0.0,0,1
3883,-114,FF8E,FF8E,-114,0,0.0,0,1
3884,-133,FF7B,FF7B,-133,0,0.0,0,1
3885,-19,FFED,FFED,-19,0,0.0,0,1
3886,-25,FFE7,FFE7,-25,0,0.0,0,1
3887,-71,FFB9,FFB9,-71,0,0.0,0,1
3888,-30,FFE2,FFE2,-30,0,0.0,0,1
3889,66,0042,0042,66,0,0.0,0,1
3890,-80,FFB0,FFB0,-80,0,0.0,0,1
3891,33,0021,0021,33,0,0.0,0,1
3892,-53,FFCB,FFCB,-53,0,0.0,0,1
3893,-22,FFEA,FFEA,-22,0,0.0,0,1
3894,-25,FFE7,FFE7,-25,0,0.0,0,1
3895,36,0024,0024,36,0,0.0,0,1
3896,-228,FF1C,FF1C,-228,0,0.0,0,1
3897,-131,FF7D,FF7D,-131,0,0.0,0,1
3898,-158,FF62,FF62,-158,0,0.0,0,1
3899,97,0061,0061,97,0,0.0,0,1
3900,107,006B,006B,107,0,0.0,0,1
3901,-82,FFAE,FFAE,-82,0,0.0,0,1
3902,16,0010,0010,16,0,0.0,0,1
3903,-59,FFC5,FFC5,-59,0,0.0,0,1
3904,17,0011,0011,17,0,0.0,0,1
3905,-215,FF29,FF29,-215,0,0.0,0,1
3906,28,001C,001C,28,0,0.0,0,1
3907,113,0071,0071,113,0,0.0,0,1
3908,20,0014,0014,20,0,0.0,0,1
3909,15,000F,000F,15,0,0.0,0,1
3910,28,001C,001C,28,0,0.0,0,1
3911,56,0038,0038,56,0,0.0,0,1
3912,-11,FFF5,FFF5,-11,0,0.0,0,1
3913,107,006B,006B,107,0,0.0,0,1
3914,-33,FFDF,FFDF,-33,0,0.0,0,1
3915,88,0058,0058,88,0,0.0,0,1
3916,35,0023,0023,35,0,0.0,0,1
3917,17,0011,0011,17,0,0.0,0,1
3918,71,0047,0047,71,0,0.0,0,1
3919,-10,FFF6,FFF6,-10,0,0.0,0,1
3920,-120,FF88,FF88,-120,0,0.0,0,1
3921,27,001B,001B,27,0,0.0,0,1
3922,-30,FFE2,FFE2,-30,0,0.0,0,1
3923,68,0044,0044,68,0,0.0,0,1
3924,-31,FFE1,FFE1,-31,0,0.0,0,1
3925,132,0084,0084,132,0,0.0,0,1
3926,39,0027,0027,39,0,0.0,0,1
3927,-88,FFA8,FFA8,-88,0,0.0,0,1
3928,-69,FFBB,FFBB,-69,0,0.0,0,1
3929,-80,FFB0,FFB0,-80,0,0.0,0,1
3930,73,0049,0049,73,0,0.0,0,1
3931,-93,FFA3,FFA3,-93,0,0.0,0,1
3932,-28,FFE4,FFE4,-28,0,0.0,0,1
3933,-116,FF8C,FF8C,-116,0,0.0,0,1
3934,-114,FF8E,FF8E,-114,0,0.0,0,1
3935,122,007A,007A,122,0,0.0,0,1
3936,11,000B,000B,11,0,0.0,0,1
3937,24,0018,0018,24,0,0.0,0,1
3938,24,0018,0018,24,0,0.0,0,1
3939,159,009F,009F,159,0,0.0,0,1
3940,-52,FFCC,FFCC,-52,0,0.0,0,1
3941,-151,FF69,FF69,-151,0,0.0,0,1
3942,2,0002,0002,2,0,0.0,0,1
3943,-15,FFF1,FFF1,-15,0,0.0,0,1
3944,35,0023,0023,35,0,0.0,0,1
3945,-146,FF6E,FF6E,-146,0,0.0,0,1
3946,-136,FF78,FF78,-136,0,0.0,0,1
3947,50,0032,0032,50,0,0.0,0,1
3948,146,0092,0092,146,0,0.0,0,1
3949,151,0097,0097,151,0,0.0,0,1
3950,-200,FF38,FF38,-200,0,0.0,0,1
3951,-139,FF75,FF75,-139,0,0.0,0,1
3952,52,0034,0034,52,0,0.0,0,1
3953,-102,FF9A,FF9A,-102,0,0.0,0,1
3954,88,0058,0058,88,0,0.0,0,1
3955,109,006D,006D,109,0,0.0,0,1
3956,-93,FFA3,FFA3,-93,0,0.0,0,1
3957,-54,FFCA,FFCA,-54,0,0.0,0,1
3958,94,005E,005E,94,0,0.0,0,1
3959,-143,FF71,FF71,-143,0,0.0,0,1
3960,-84,FFAC,FFAC,-84,0,0.0,0,1
3961,44,002C,002C,44,0,0.0,0,1
3962,185,00B9,00B9,185,0,0.0,0,1
3963,0,0000,0000,0,0,0.0,0,1
3964,-154,FF66,FF66,-154,0,0.0,0,1
3965,-11,FFF5,FFF5,-11,0,0.0,0,1
3966,62,003E,003E,62,0,0.0,0,1
3967,130,0082,0082,130,0,0.0,0,1
3968,14,000E,000E,14,0,0.0,0,1
3969,-128,FF80,FF80,-128,0,0.0,0,1
3970,65,0041,0041,65,0,0.0,0,1
3971,-100,FF9C,FF9C,-100,0,0.0,0,1
3972,14,000E,000E,14,0,0.0,0,1
3973,94,005E,005E,94,0,0.0,0,1
3974,124,007C,007C,124,0,0.0,0,1
3975,-70,FFBA,FFBA,-70,0,0.0,0,1
3976,-69,FFBB,FFBB,-69,0,0.0,0,1
3977,74,004A,004A,74,0,0.0,0,1
3978,8,0008,0008,8,0,0.0,0,1
3979,44,002C,002C,44,0,0.0,0,1
3980,82,0052,0052,82,0,0.0,0,1
3981,-103,FF99,FF99,-103,0,0.0,0,1
3982,-11,FFF5,FFF5,-11,0,0.0,0,1
3983,179,00B3,00B3,179,0,0.0,0,1
3984,-100,FF9C,FF9C,-100,0,0.0,0,1
3985,60,003C,003C,60,0,0.0,0,1
3986,103,0067,0067,103,0,0.0,0,1
3987,-80,FFB0,FFB0,-80,0,0.0,0,1
3988,-42,FFD6,FFD6,-42,0,0.0,0,1
3989,40,0028,0028,40,0,0.0,0,1
3990,-38,FFDA,FFDA,-38,0,0.0,0,1
3991,33,0021,0021,33,0,0.0,0,1
3992,-10,FFF6,FFF6,-10,0,0.0,0,1
3993,-25,FFE7,FFE7,-25,0,0.0,0,1
3994,-70,FFBA,FFBA,-70,0,0.0,0,1
3995,79,004F,004F,79,0,0.0,0,1
3996,79,004F,004F,79,0,0.0,0,1
3997,30,001E,001E,30,0,0.0,0,1
3998,-120,FF88,FF88,-120,0,0.0,0,1
3999,-134,FF7A,FF7A,-134,0,0.0,0,1
4000,-35,FFDD,FFDD,-35,0,0.0,0,1
4001,58,003A,003A,58,0,0.0,0,1
4002,-78,FFB2,FFB2,-78,0,0.0,0,1
4003,44,002C,002C,44,0,0.0,0,1
4004,12,000C,000C,12,0,0.0,0,1
4005,-103,FF99,FF99,-103,0,0.0,0,1
4006,180,00B4,00B4,180,0,0.0,0,1
4007,97,0061,0061,97,0,0.0,0,1
4008,-11,FFF5,FFF5,-11,0,0.0,0,1
4009,-71,FFB9,FFB9,-71,0,0.0,0,1
4010,16,0010,0010,16,0,0.0,0,1
4011,194,00C2,00C2,194,0,0.0,0,1
4012,159,009F,009F,159,0,0.0,0,1
4013,62,003E,003E,62,0,0.0,0,1
4014,-48,FFD0,FFD0,-48,0,0.0,0,1
4015,-112,FF90,FF90,-112,0,0.0,0,1
4016,-23,FFE9,FFE9,-23,0,0.0,0,1
4017,-26,FFE6,FFE6,-26,0,0.0,0,1
4018,-10,FFF6,FFF6,-10,0,0.0,0,1
4019,74,004A,004A,74,0,0.0,0,1
4020,-79,FFB1,FFB1,-79,0,0.0,0,1
4021,109,006D,006D,109,0,0.0,0,1
4022,-227,FF1D,FF1D,-227,0,0.0,0,1
4023,90,005A,005A,90,0,0.0,0,1
4024,-90,FFA6,FFA6,-90,0,0.0,0,1
4025,29,001D,001D,29,0,0.0,0,1
4026,-21,FFEB,FFEB,-21,0,0.0,0,1
4027,142,008E,008E,142,0,0.0,0,1
4028,107,006B,006B,107,0,0.0,0,1
4029,-63,FFC1,FFC1,-63,0,0.0,0,1
4030,-122,FF86,FF86,-122,0,0.0,0,1
4031,-81,FFAF,FFAF,-81,0,0.0,0,1
4032,-74,FFB6,FFB6,-74,0,0.0,0,1
4033,35,0023,0023,35,0,0.0,0,1
4034,-54,FFCA,FFCA,-54,0,0.0,0,1
4035,37,0025,0025,37,0,0.0,0,1
4036,166,00A6,00A6,166,0,0.0,0,1
4037,116,0074,0074,116,0,0.0,0,1
4038,27,001B,001B,27,0,0.0,0,1
4039,80,0050,0050,80,0,0.0,0,1
4040,268,010C,010C,268,0,0.0,0,1
4041,-33,FFDF,FFDF,-33,0,0.0,0,1
4042,32,0020,0020,32,0,0.0,0,1
4043,10,000A,000A,10,0,0.0,0,1
4044,-3,FFFD,FFFD,-3,0,0.0,0,1
4045,-16,FFF0,FFF0,-16,0,0.0,0,1
4046,-138,FF76,FF76,-138,0,0.0,0,1
4047,-123,FF85,FF85,-123,0,0.0,0,1
4048,14,000E,000E,14,0,0.0,0,1
4049,-53,FFCB,FFCB,-53,0,0.0,0,1
4050,15,000F,000F,15,0,0.0,0,1
4051,45,002D,002D,45,0,0.0,0,1
4052,-24,FFE8,FFE8,-24,0,0.0,0,1
4053,-152,FF68,FF68,-152,0,0.0,0,1
4054,-41,FFD7,FFD7,-41,0,0.0,0,1
4055,54,0036,0036,54,0,0.0,0,1
4056,152,0098,0098,152,0,0.0,0,1
4057,-72,FFB8,FFB8,-72,0,0.0,0,1
4058,25,0019,0019,25,0,0.0,0,1
4059,43,002B,002B,43,0,0.0,0,1
4060,170,00AA,00AA,170,0,0.0,0,1
4061,-17,FFEF,FFEF,-17,0,0.0,0,1
4062,34,0022,0022,34,0,0.0,0,1
4063,24,0018,0018,24,0,0.0,0,1
4064,10,000A,000A,10,0,0.0,0,1
4065,-127,FF81,FF81,-127,0,0.0,0,1
4066,-86,FFAA,FFAA,-86,0,0.0,0,1
4067,3,0003,0003,3,0,0.0,0,1
4068,160,00A0,00A0,160,0,0.0,0,1
4069,-16,FFF0,FFF0,-16,0,0.0,0,1
4070,-60,FFC4,FFC4,-60,0,0.0,0,1
4071,136,0088,0088,136,0,0.0,0,1
4072,158,009E,009E,158,0,0.0,0,1
4073,-88,FFA8,FFA8,-88,0,0.0,0,1
4074,84,0054,0054,84,0,0.0,0,1
4075,-26,FFE6,FFE6,-26,0,0.0,0,1
4076,65,0041,0041,65,0,0.0,0,1
4077,34,0022,0022,34,0,0.0,0,1
4078,65,0041,0041,65,0,0.0,0,1
4079,-165,FF5B,FF5B,-165,0,0.0,0,1
4080,-1,FFFF,FFFF,-1,0,0.0,0,1
4081,32,0020,0020,32,0,0.0,0,1
4082,-26,FFE6,FFE6,-26,0,0.0,0,1
4083,-106,FF96,FF96,-106,0,0.0,0,1
4084,14,000E,000E,14,0,0.0,0,1
4085,-63,FFC1,FFC1,-63,0,0.0,0,1
4086,-71,FFB9,FFB9,-71,0,0.0,0,1
4087,62,003E,003E,62,0,0.0,0,1
4088,97,0061,0061,97,0,0.0,0,1
4089,-54,FFCA,FFCA,-54,0,0.0,0,1
4090,-30,FFE2,FFE2,-30,0,0.0,0,1
4091,29,001D,001D,29,0,0.0,0,1
4092,44,002C,002C,44,0,0.0,0,1
4093,-87,FFA9,FFA9,-87,0,0.0,0,1
4094,-245,FF0B,FF0B,-245,0,0.0,0,1
4095,-133,FF7B,FF7B,-133,0,0.0,0,1
4096,22,0016,0016,22,0,0.0,0,1
4097,28,001C,001C,28,0,0.0,0,1
4098,10,000A,000A,10,0,0.0,0,1
4099,-4,FFFC,FFFC,-4,0,0.0,0,1
4100,86,0056,0056,86,0,0.0,0,1
4101,139,008B,008B,139,0,0.0,0,1
4102,59,003B,003B,59,0,0.0,0,1
4103,1,0001,0001,1,0,0.0,0,1
4104,112,0070,0070,112,0,0.0,0,1
4105,-123,FF85,FF85,-123,0,0.0,0,1
4106,-20,FFEC,FFEC,-20,0,0.0,0,1
4107,127,007F,007F,127,0,0.0,0,1
4108,4,0004,0004,4,0,0.0,0,1
4109,-77,FFB3,FFB3,-77,0,0.0,0,1
4110,-20,FFEC,FFEC,-20,0,0.0,0,1
4111,-19,FFED,FFED,-19,0,0.0,0,1
4112,1,0001,0001,1,0,0.0,0,1
4113,64,0040,0040,64,0,0.0,0,1
4114,-27,FFE5,FFE5,-27,0,0.0,0,1
4115,-81,FFAF,FFAF,-81,0,0.0,0,1
4116,-117,FF8B,FF8B,-117,0,0.0,0,1
4117,-128,FF80,FF80,-128,0,0.0,0,1
4118,8,0008,0008,8,0,0.0,0,1
4119,-65,FFBF,FFBF,-65,0,0.0,0,1
4120,-67,FFBD,FFBD,-67,0,0.0,0,1
4121,-72,FFB8,FFB8,-72,0,0.0,0,1
4122,-18,FFEE,FFEE,-18,0,0.0,0,1
4123,11,000B,000B,11,0,0.0,0,1
4124,-8,FFF8,FFF8,-8,0,0.0,0,1
4125,15,000F,000F,15,0,0.0,0,1
4126,103,0067,0067,103,0,0.0,0,1
4127,-83,FFAD,FFAD,-83,0,0.0,0,1
4128,-24,FFE8,FFE8,-24,0,0.0,0,1
4129,115,0073,0073,115,0,0.0,0,1
4130,-67,FFBD,FFBD,-67,0,0.0,0,1
4131,-25,FFE7,FFE7,-25,0,0.0,0,1
4132,-164,FF5C,FF5C,-164,0,0.0,0,1
4133,-132,FF7C,FF7C,-132,0,0.0,0,1
4134,128,0080,0080,128,0,0.0,0,1
4135,-11,FFF5,FFF5,-11,0,0.0,0,1
4136,-36,FFDC,FFDC,-36,0,0.0,0,1
4137,61,003D,003D,61,0,0.0,0,1
4138,-28,FFE4,FFE4,-28,0,0.0,0,1
4139,79,004F,004F,79,0,0.0,0,1
4140,9,0009,0009,9,0,0.0,0,1
4141,71,0047,0047,71,0,0.0,0,1
4142,125,007D,007D,125,0,0.0,0,1
4143,118,0076,0076,118,0,0.0,0,1
4144,103,0067,0067,103,0,0.0,0,1
4145,-94,FFA2,FFA2,-94,0,0.0,0,1
4146,137,0089,0089,137,0,0.0,0,1
4147,143,008F,008F,143,0,0.0,0,1
4148,155,009B,009B,155,0,0.0,0,1
4149,0,0000,0000,0,0,0.0,0,1
4150,-136,FF78,FF78,-136,0,0.0,0,1
4151,69,0045,0045,69,0,0.0,0,1
4152,-48,FFD0,FFD0,-48,0,0.0,0,1
4153,-37,FFDB,FFDB,-37,0,0.0,0,1
4154,-48,FFD0,FFD0,-48,0,0.0,0,1
4155,-21,FFEB,FFEB,-21,0,0.0,0,1
4156,-35,FFDD,FFDD,-35,0,0.0,0,1
4157,164,00A4,00A4,164,0,0.0,0,1
4158,-25,FFE7,FFE7,-25,0,0.0,0,1
4159,131,0083,0083,131,0,0.0,0,1
4160,30,001E,001E,30,0,0.0,0,1
4161,-29,FFE3,FFE3,-29,0,0.0,0,1
4162,26,001A,001A,26,0,0.0,0,1
4163,168,00A8,00A8,168,0,0.0,0,1
4164,-1,FFFF,FFFF,-1,0,0.0,0,1
4165,34,0022,0022,34,0,0.0,0,1
4166,-127,FF81,FF81,-127,0,0.0,0,1
4167,-92,FFA4,FFA4,-92,0,0.0,0,1
4168,-114,FF8E,FF8E,-114,0,0.0,0,1
4169,206,00CE,00CE,206,0,0.0,0,1
4170,-51,FFCD,FFCD,-51,0,0.0,0,1
4171,-131,FF7D,FF7D,-131,0,0.0,0,1
4172,-123,FF85,FF85,-123,0,0.0,0,1
4173,194,00C2,00C2,194,0,0.0,0,1
4174,147,0093,0093,147,0,0.0,0,1
4175,-130,FF7E,FF7E,-130,0,0.0,0,1
4176,129,0081,0081,129,0,0.0,0,1
4177,-23,FFE9,FFE9,-23,0,0.0,0,1
4178,38,0026,0026,38,0,0.0,0,1
4179,223,00DF,00DF,223,0,0.0,0,1
4180,139,008B,008B,139,0,0.0,0,1
4181,20,0014,0014,20,0,0.0,0,1
4182,-21,FFEB,FFEB,-21,0,0.0,0,1
4183,-4,FFFC,FFFC,-4,0,0.0,0,1
4184,36,0024,0024,36,0,0.0,0,1
4185,8,0008,0008,8,0,0.0,0,1
4186,8,0008,0008,8,0,0.0,0,1
4187,-32,FFE0,FFE0,-32,0,0.0,0,1
4188,-2,FFFE,FFFE,-2,0,0.0,0,1
4189,239,00EF,00EF,239,0,0.0,0,1
4190,-115,FF8D,FF8D,-115,0,0.0,0,1
4191,36,0024,0024,36,0,0.0,0,1
4192,127,007F,007F,127,0,0.0,0,1
4193,62,003E,003E,62,0,0.0,0,1
4194,287,011F,011F,287,0,0.0,0,1
4195,7,0007,0007,7,0,0.0,0,1
4196,-46,FFD2,FFD2,-46,0,0.0,0,1
4197,-119,FF89,FF89,-119,0,0.0,0,1
4198,132,0084,0084,132,0,0.0,0,1
4199,165,00A5,00A5,165,0,0.0,0,1
4200,-112,FF90,FF90,-112,0,0.0,0,1
4201,-120,FF88,FF88,-120,0,0.0,0,1
4202,-106,FF96,FF96,-106,0,0.0,0,1
4203,-1,FFFF,FFFF,-1,0,0.0,0,1
4204,74,004A,004A,74,0,0.0,0,1
4205,-147,FF6D,FF6D,-147,0,0.0,0,1
4206,145,0091,0091,145,0,0.0,0,1
4207,-33,FFDF,FFDF,-33,0,0.0,0,1
4208,90,005A,005A,90,0,0.0,0,1
4209,-52,FFCC,FFCC,-52,0,0.0,0,1
4210,-45,FFD3,FFD3,-45,0,0.0,0,1
4211,-31,FFE1,FFE1,-31,0,0.0,0,1
4212,63,003F,003F,63,0,0.0,0,1
4213,-126,FF82,FF82,-126,0,0.0,0,1
4214,-31,FFE1,FFE1,-31,0,0.0,0,1
4215,-31,FFE1,FFE1,-31,0,0.0,0,1
4216,-36,FFDC,FFDC,-36,0,0.0,0,1
4217,-9,FFF7,FFF7,-9,0,0.0,0,1
4218,48,0030,0030,48,0,0.0,0,1
4219,-151,FF69,FF69,-151,0,0.0,0,1
4220,-12,FFF4,FFF4,-12,0,0.0,0,1
4221,232,00E8,00E8,232,0,0.0,0,1
4222,-45,FFD3,FFD3,-45,0,0.0,0,1
4223,-111,FF91,FF91,-111,0,0.0,0,1
4224,-218,FF26,FF26,-218,0,0.0,0,1
4225,-15,FFF1,FFF1,-15,0,0.0,0,1
4226,5,0005,0005,5,0,0.0,0,1
4227,-82,FFAE,FFAE,-82,0,0.0,0,1
4228,-25,FFE7,FFE7,-25,0,0.0,0,1
4229,30,001E,001E,30,0,0.0,0,1
4230,55,0037,0037,55,0,0.0,0,1
4231,37,0025,0025,37,0,0.0,0,1
4232,51,0033,0033,51,0,0.0,0,1
4233,-140,FF74,FF74,-140,0,0.0,0,1
4234,-3,FFFD,FFFD,-3,0,0.0,0,1
4235,99,0063,0063,99,0,0.0,0,1
4236,94,005E,005E,94,0,0.0,0,1
4237,58,003A,003A,58,0,0.0,0,1
4238,84,0054,0054,84,0,0.0,0,1
4239,1,0001,0001,1,0,0.0,0,1
4240,62,003E,003E,62,0,0.0,0,1
4241,-25,FFE7,FFE7,-25,0,0.0,0,1
4242,-42,FFD6,FFD6,-42,0,0.0,0,1
4243,16,0010,0010,16,0,0.0,0,1
4244,138,008A,008A,138,0,0.0,0,1
4245,-174,FF52,FF52,-174,0,0.0,0,1
4246,12,000C,000C,12,0,0.0,0,1
4247,-135,FF79,FF79,-135,0,0.0,0,1
4248,278,0116,0116,278,0,0.0,0,1
4249,139,008B,008B,139,0,0.0,0,1
4250,67,0043,0043,67,0,0.0,0,1
4251,-40,FFD8,FFD8,-40,0,0.0,0,1
4252,75,004B,004B,75,0,0.0,0,1
4253,38,0026,0026,38,0,0.0,0,1
4254,103,0067,0067,103,0,0.0,0,1
4255,-166,FF5A,FF5A,-166,0,0.0,0,1
4256,106,006A,006A,106,0,0.0,0,1
4257,-43,FFD5,FFD5,-43,0,0.0,0,1
4258,79,004F,004F,79,0,0.0,0,1
4259,-82,FFAE,FFAE,-82,0,0.0,0,1
4260,-11,FFF5,FFF5,-11,0,0.0,0,1
4261,-48,FFD0,FFD0,-48,0,0.0,0,1
4262,90,005A,005A,90,0,0.0,0,1
4263,-69,FFBB,FFBB,-69,0,0.0,0,1
4264,8,0008,0008,8,0,0.0,0,1
4265,-15,FFF1,FFF1,-15,0,0.0,0,1
4266,34,0022,0022,34,0,0.0,0,1
4267,64,0040,0040,64,0,0.0,0,1
4268,14,000E,000E,14,0,0.0,0,1
4269,-130,FF7E,FF7E,-130,0,0.0,0,1
4270,-82,FFAE,FFAE,-82,0,0.0,0,1
4271,-107,FF95,FF95,-107,0,0.0,0,1
4272,-55,FFC9,FFC9,-55,0,0.0,0,1
4273,35,0023,0023,35,0,0.0,0,1
4274,-49,FFCF,FFCF,-49,0,0.0,0,1
4275,-19,FFED,FFED,-19,0,0.0,0,1
4276,163,00A3,00A3,163,0,0.0,0,1
4277,28,001C,001C,28,0,0.0,0,1
4278,18,0012,0012,18,0,0.0,0,1
4279,121,0079,0079,121,0,0.0,0,1
4280,131,0083,0083,131,0,0.0,0,1
4281,-33,FFDF,FFDF,-33,0,0.0,0,1
4282,-98,FF9E,FF9E,-98,0,0.0,0,1
4283,-58,FFC6,FFC6,-58,0,0.0,0,1
4284,11,000B,000B,11,0,0.0,0,1
4285,-140,FF74,FF74,-140,0,0.0,0,1
4286,39,0027,0027,39,0,0.0,0,1
4287,-8,FFF8,FFF8,-8,0,0.0,0,1
4288,153,0099,0099,153,0,0.0,0,1
4289,-60,FFC4,FFC4,-60,0,0.0,0,1
4290,-91,FFA5,FFA5,-91,0,0.0,0,1
4291,57,0039,0039,57,0,0.0,0,1
4292,-88,FFA8,FFA8,-88,0,0.0,0,1
4293,-130,FF7E,FF7E,-130,0,0.0,0,1
4294,-74,FFB6,FFB6,-74,0,0.0,0,1
4295,-27,FFE5,FFE5,-27,0,0.0,0,1
4296,-107,FF95,FF95,-107,0,0.0,0,1
4297,47,002F,002F,47,0,0.0,0,1
4298,-19,FFED,FFED,-19,0,0.0,0,1
4299,53,0035,0035,53,0,0.0,0,1
4300,-36,FFDC,FFDC,-36,0,0.0,0,1
4301,144,0090,0090,144,0,0.0,0,1
4302,14,000E,000E,14,0,0.0,0,1
4303,-102,FF9A,FF9A,-102,0,0.0,0,1
4304,65,0041,0041,65,0,0.0,0,1
4305,-51,FFCD,FFCD,-51,0,0.0,0,1
4306,-93,FFA3,FFA3,-93,0,0.0,0,1
4307,-44,FFD4,FFD4,-44,0,0.0,0,1
4308,104,0068,0068,104,0,0.0,0,1
4309,62,003E,003E,62,0,0.0,0,1
4310,-163,FF5D,FF5D,-163,0,0.0,0,1
4311,-54,FFCA,FFCA,-54,0,0.0,0,1
4312,-157,FF63,FF63,-157,0,0.0,0,1
4313,-32,FFE0,FFE0,-32,0,0.0,0,1
4314,80,0050,0050,80,0,0.0,0,1
4315,-55,FFC9,FFC9,-55,0,0.0,0,1
4316,-75,FFB5,FFB5,-75,0,0.0,0,1
4317,77,004D,004D,77,0,0.0,0,1
4318,83,0053,0053,83,0,0.0,0,1
4319,-93,FFA3,FFA3,-93,0,0.0,0,1
4320,-76,FFB4,FFB4,-76,0,0.0,0,1
4321,20,0014,0014,20,0,0.0,0,1
4322,36,0024,0024,36,0,0.0,0,1
4323,-106,FF96,FF96,-106,0,0.0,0,1
4324,-134,FF7A,FF7A,-134,0,0.0,0,1
4325,-19,FFED,FFED,-19,0,0.0,0,1
4326,-51,FFCD,FFCD,-51,0,0.0,0,1
4327,39,0027,0027,39,0,0.0,0,1
4328,-84,FFAC,FFAC,-84,0,0.0,0,1
4329,-31,FFE1,FFE1,-31,0,0.0,0,1
4330,84,0054,0054,84,0,0.0,0,1
4331,-131,FF7D,FF7D,-131,0,0.0,0,1
4332,-51,FFCD,FFCD,-51,0,0.0,0,1
4333,80,0050,0050,80,0,0.0,0,1
4334,55,0037,0037,55,0,0.0,0,1
4335,-126,FF82,FF82,-126,0,0.0,0,1
4336,-128,FF80,FF80,-128,0,0.0,0,1
4337,-37,FFDB,FFDB,-37,0,0.0,0,1
4338,5,0005,0005,5,0,0.0,0,1
4339,19,0013,0013,19,0,0.0,0,1
4340,40,0028,0028,40,0,0.0,0,1
4341,151,0097,0097,151,0,0.0,0,1
4342,14,000E,000E,14,0,0.0,0,1
4343,-69,FFBB,FFBB,-69,0,0.0,0,1
4344,-68,FFBC,FFBC,-68,0,0.0,0,1
4345,57,0039,0039,57,0,0.0,0,1
4346,-12,FFF4,FFF4,-12,0,0.0,0,1
4347,43,002B,002B,43,0,0.0,0,1
4348,-5,FFFB,FFFB,-5,0,0.0,0,1
4349,-8,FFF8,FFF8,-8,0,0.0,0,1
4350,100,0064,0064,100,0,0.0,0,1
4351,-4,FFFC,FFFC,-4,0,0.0,0,1
4352,-96,FFA0,FFA0,-96,0,0.0,0,1
4353,-45,FFD3,FFD3,-45,0,0.0,0,1
4354,-191,FF41,FF41,-191,0,0.0,0,1
4355,42,002A,002A,42,0,0.0,0,1
4356,156,009C,009C,156,0,0.0,0,1
4357,-16,FFF0,FFF0,-16,0,0.0,0,1
4358,-7,FFF9,FFF9,-7,0,0.0,0,1
4359,-169,FF57,FF57,-169,0,0.0,0,1
4360,-48,FFD0,FFD0,-48,0,0.0,0,1
4361,-260,FEFC,FEFC,-260,0,0.0,0,1
4362,-52,FFCC,FFCC,-52,0,0.0,0,1
4363,-91,FFA5,FFA5,-91,0,0.0,0,1
4364,-111,FF91,FF91,-111,0,0.0,0,1
4365,18,0012,0012,18,0,0.0,0,1
4366,-3,FFFD,FFFD,-3,0,0.0,0,1
4367,33,0021,0021,33,0,0.0,0,1
4368,44,002C,002C,44,0,0.0,0,1
4369,77,004D,004D,77,0,0.0,0,1
4370,153,0099,0099,153,0,0.0,0,1
4371,120,0078,0078,120,0,0.0,0,1
4372,228,00E4,00E4,228,0,0.0,0,1
4373,31,001F,001F,31,0,0.0,0,1
4374,74,004A,004A,74,0,0.0,0,1
4375,117,0075,0075,117,0,0.0,0,1
4376,161,00A1,00A1,161,0,0.0,0,1
4377,-99,FF9D,FF9D,-99,0,0.0,0,1
4378,-76,FFB4,FFB4,-76,0,0.0,0,1
4379,184,00B8,00B8,184,0,0.0,0,1
4380,-111,FF91,FF91,-111,0,0.0,0,1
4381,-20,FFEC,FFEC,-20,0,0.0,0,1
4382,-292,FEDC,FEDC,-292,0,0.0,0,1
4383,22,0016,0016,22,0,0.0,0,1
4384,15,000F,000F,15,0,0.0,0,1
4385,120,0078,0078,120,0,0.0,0,1
4386,-40,FFD8,FFD8,-40,0,0.0,0,1
4387,19,0013,0013,19,0,0.0,0,1
4388,-93,FFA3,FFA3,-93,0,0.0,0,1
4389,155,009B,009B,155,0,0.0,0,1
4390,-71,FFB9,FFB9,-71,0,0.0,0,1
4391,79,004F,004F,79,0,0.0,0,1
4392,-36,FFDC,FFDC,-36,0,0.0,0,1
4393,50,0032,0032,50,0,0.0,0,1
4394,7,0007,0007,7,0,0.0,0,1
4395,134,0086,0086,134,0,0.0,0,1
4396,72,0048,0048,72,0,0.0,0,1
4397,159,009F,009F,159,0,0.0,0,1
4398,-151,FF69,FF69,-151,0,0.0,0,1
4399,-64,FFC0,FFC0,-64,0,0.0,0,1
4400,61,003D,003D,61,0,0.0,0,1
4401,-12,FFF4,FFF4,-12,0,0.0,0,1
4402,-71,FFB9,FFB9,-71,0,0.0,0,1
4403,114,0072,0072,114,0,0.0,0,1
4404,60,003C,003C,60,0,0.0,0,1
4405,-27,FFE5,FFE5,-27,0,0.0,0,1
4406,-14,FFF2,FFF2,-14,0,0.0,0,1
4407,-91,FFA5,FFA5,-91,0,0.0,0,1
4408,-9,FFF7,FFF7,-9,0,0.0,0,1
4409,151,0097,0097,151,0,0.0,0,1
4410,39,0027,0027,39,0,0.0,0,1
4411,-131,FF7D,FF7D,-131,0,0.0,0,1
4412,-135,FF79,FF79,-135,0,0.0,0,1
4413,-3,FFFD,FFFD,-3,0,0.0,0,1
4414,20,0014,0014,20,0,0.0,0,1
4415,-46,FFD2,FFD2,-46,0,0.0,0,1
4416,-268,FEF4,FEF4,-268,0,0.0,0,1
4417,-100,FF9C,FF9C,-100,0,0.0,0,1
4418,2,0002,0002,2,0,0.0,0,1
4419,3,0003,0003,3,0,0.0,0,1
4420,-38,FFDA,FFDA,-38,0,0.0,0,1
4421,-41,FFD7,FFD7,-41,0,0.0,0,1
4422,-43,FFD5,FFD5,-43,0,0.0,0,1
4423,112,0070,0070,112,0,0.0,0,1
4424,-45,FFD3,FFD3,-45,0,0.0,0,1
4425,2,0002,0002,2,0,0.0,0,1
4426,-21,FFEB,FFEB,-21,0,0.0,0,1
4427,-116,FF8C,FF8C,-116,0,0.0,0,1
4428,-2,FFFE,FFFE,-2,0,0.0,0,1
4429,-112,FF90,FF90,-112,0,0.0,0,1
4430,-114,FF8E,FF8E,-114,0,0.0,0,1
4431,-131,FF7D,FF7D,-131,0,0.0,0,1
4432,-80,FFB0,FFB0,-80,0,0.0,0,1
4433,100,0064,0064,100,0,0.0,0,1
4434,5,0005,0005,5,0,0.0,0,1
4435,-154,FF66,FF66,-154,0,0.0,0,1
4436,-159,FF61,FF61,-159,0,0.0,0,1
4437,176,00B0,00B0,176,0,0.0,0,1
4438,7,0007,0007,7,0,0.0,0,1
4439,-99,FF9D,FF9D,-99,0,0.0,0,1
4440,-43,FFD5,FFD5,-43,0,0.0,0,1
4441,-6,FFFA,FFFA,-6,0,0.0,0,1
4442,43,002B,002B,43,0,0.0,0,1
4443,-69,FFBB,FFBB,-69,0,0.0,0,1
4444,4,0004,0004,4,0,0.0,0,1
4445,-85,FFAB,FFAB,-85,0,0.0,0,1
4446,42,002A,002A,42,0,0.0,0,1
4447,34,0022,0022,34,0,0.0,0,1
4448,-59,FFC5,FFC5,-59,0,0.0,0,1
4449,113,0071,0071,113,0,0.0,0,1
4450,-13,FFF3,FFF3,-13,0,0.0,0,1
4451,23,0017,0017,23,0,0.0,0,1
4452,103,0067,0067,103,0,0.0,0,1
4453,-60,FFC4,FFC4,-60,0,0.0,0,1
4454,88,0058,0058,88,0,0.0,0,1
4455,-92,FFA4,FFA4,-92,0,0.0,0,1
4456,59,003B,003B,59,0,0.0,0,1
4457,-45,FFD3,FFD3,-45,0,0.0,0,1
4458,-49,FFCF,FFCF,-49,0,0.0,0,1
4459,-37,FFDB,FFDB,-37,0,0.0,0,1
4460,57,0039,0039,57,0,0.0,0,1
4461,70,0046,0046,70,0,0.0,0,1
4462,-139,FF75,FF75,-139,0,0.0,0,1
4463,-97,FF9F,FF9F,-97,0,0.0,0,1
4464,-15,FFF1,FFF1,-15,0,0.0,0,1
4465,121,0079,0079,121,0,0.0,0,1
4466,-68,FFBC,FFBC,-68,0,0.0,0,1
4467,-124,FF84,FF84,-124,0,0.0,0,1
4468,117,0075,0075,117,0,0.0,0,1
4469,-28,FFE4,FFE4,-28,0,0.0,0,1
4470,-56,FFC8,FFC8,-56,0,0.0,0,1
4471,12,000C,000C,12,0,0.0,0,1
4472,174,00AE,00AE,174,0,0.0,0,1
4473,-63,FFC1,FFC1,-63,0,0.0,0,1
4474,-39,FFD9,FFD9,-39,0,0.0,0,1
4475,-171,FF55,FF55,-171,0,0.0,0,1
4476,-50,FFCE,FFCE,-50,0,0.0,0,1
4477,-95,FFA1,FFA1,-95,0,0.0,0,1
4478,-90,FFA6,FFA6,-90,0,0.0,0,1
4479,-141,FF73,FF73,-141,0,0.0,0,1
4480,-35,FFDD,FFDD,-35,0,0.0,0,1
4481,25,0019,0019,25,0,0.0,0,1
4482,220,00DC,00DC,220,0,0.0,0,1
4483,-109,FF93,FF93,-109,0,0.0,0,1
4484,15,000F,000F,15,0,0.0,0,1
4485,-62,FFC2,FFC2,-62,0,0.0,0,1
4486,-45,FFD3,FFD3,-45,0,0.0,0,1
4487,150,0096,0096,150,0,0.0,0,1
4488,-180,FF4C,FF4C,-180,0,0.0,0,1
4489,-60,FFC4,FFC4,-60,0,0.0,0,1
4490,79,004F,004F,79,0,0.0,0,1
4491,18,0012,0012,18,0,0.0,0,1
4492,0,0000,0000,0,0,0.0,0,1
4493,0,0000,0000,0,0,0.0,0,1
4494,-49,FFCF,FFCF,-49,0,0.0,0,1
4495,-18,FFEE,FFEE,-18,0,0.0,0,1
4496,77,004D,004D,77,0,0.0,0,1
4497,-85,FFAB,FFAB,-85,0,0.0,0,1
4498,60,003C,003C,60,0,0.0,0,1
4499,31,001F,001F,31,0,0.0,0,1
4500,54,0036,0036,54,0,0.0,0,1
4501,170,00AA,00AA,170,0,0.0,0,1
4502,-43,FFD5,FFD5,-43,0,0.0,0,1
4503,55,0037,0037,55,0,0.0,0,1
4504,62,003E,003E,62,0,0.0,0,1
4505,-126,FF82,FF82,-126,0,0.0,0,1
4506,-206,FF32,FF32,-206,0,0.0,0,1
4507,-194,FF3E,FF3E,-194,0,0.0,0,1
4508,69,0045,0045,69,0,0.0,0,1
4509,-77,FFB3,FFB3,-77,0,0.0,0,1
4510,-10,FFF6,FFF6,-10,0,0.0,0,1
4511,-83,FFAD,FFAD,-83,0,0.0,0,1
4512,-149,FF6B,FF6B,-149,0,0.0,0,1
4513,-32,FFE0,FFE0,-32,0,0.0,0,1
4514,145,0091,0091,145,0,0.0,0,1
4515,-137,FF77,FF77,-137,0,0.0,0,1
4516,-36,FFDC,FFDC,-36,0,0.0,0,1
4517,28,001C,001C,28,0,0.0,0,1
4518,-88,FFA8,FFA8,-88,0,0.0,0,1
4519,106,006A,006A,106,0,0.0,0,1
4520,-100,FF9C,FF9C,-100,0,0.0,0,1
4521,-81,FFAF,FFAF,-81,0,0.0,0,1
4522,111,006F,006F,111,0,0.0,0,1
4523,-150,FF6A,FF6A,-150,0,0.0,0,1
4524,48,0030,0030,48,0,0.0,0,1
4525,-78,FFB2,FFB2,-78,0,0.0,0,1
4526,147,0093,0093,147,0,0.0,0,1
4527,127,007F,007F,127,0,0.0,0,1
4528,-142,FF72,FF72,-142,0,0.0,0,1
4529,114,0072,0072,114,0,0.0,0,1
4530,-15,FFF1,FFF1,-15,0,0.0,0,1
4531,-55,FFC9,FFC9,-55,0,0.0,0,1
4532,176,00B0,00B0,176,0,0.0,0,1
4533,-182,FF4A,FF4A,-182,0,0.0,0,1
4534,39,0027,0027,39,0,0.0,0,1
4535,-41,FFD7,FFD7,-41,0,0.0,0,1
4536,-37,FFDB,FFDB,-37,0,0.0,0,1
4537,-37,FFDB,FFDB,-37,0,0.0,0,1
4538,24,0018,0018,24,0,0.0,0,1
4539,-21,FFEB,FFEB,-21,0,0.0,0,1
4540,1,0001,0001,1,0,0.0,0,1
4541,-5,FFFB,FFFB,-5,0,0.0,0,1
4542,-43,FFD5,FFD5,-43,0,0.0,0,1
4543,117,0075,0075,117,0,0.0,0,1
4544,-8,FFF8,FFF8,-8,0,0.0,0,1
4545,0,0000,0000,0,0,0.0,0,1
4546,-49,FFCF,FFCF,-49,0,0.0,0,1
4547,80,0050,0050,80,0,0.0,0,1
4548,141,008D,008D,141,0,0.0,0,1
4549,55,0037,0037,55,0,0.0,0,1
4550,-22,FFEA,FFEA,-22,0,0.0,0,1
4551,-51,FFCD,FFCD,-51,0,0.0,0,1
4552,116,0074,0074,116,0,0.0,0,1
4553,-13,FFF3,FFF3,-13,0,0.0,0,1
4554,-50,FFCE,FFCE,-50,0,0.0,0,1
4555,97,0061,0061,97,0,0.0,0,1
4556,-10,FFF6,FFF6,-10,0,0.0,0,1
4557,-111,FF91,FF91,-111,0,0.0,0,1
4558,-43,FFD5,FFD5,-43,0,0.0,0,1
4559,102,0066,0066,102,0,0.0,0,1
4560,24,0018,0018,24,0,0.0,0,1
4561,256,0100,0100,256,0,0.0,0,1
4562,29,001D,001D,29,0,0.0,0,1
4563,95,005F,005F,95,0,0.0,0,1
4564,-107,FF95,FF95,-107,0,0.0,0,1
4565,105,0069,0069,105,0,0.0,0,1
4566,34,0022,0022,34,0,0.0,0,1
4567,-11,FFF5,FFF5,-11,0,0.0,0,1
4568,68,0044,0044,68,0,0.0,0,1
4569,-34,FFDE,FFDE,-34,0,0.0,0,1
4570,48,0030,0030,48,0,0.0,0,1
4571,-32,FFE0,FFE0,-32,0,0.0,0,1
4572,-42,FFD6,FFD6,-42,0,0.0,0,1
4573,-95,FFA1,FFA1,-95,0,0.0,0,1
4574,-35,FFDD,FFDD,-35,0,0.0,0,1
4575,-8,FFF8,FFF8,-8,0,0.0,0,1
4576,-11,FFF5,FFF5,-11,0,0.0,0,1
4577,-66,FFBE,FFBE,-66,0,0.0,0,1
4578,-110,FF92,FF92,-110,0,0.0,0,1
4579,82,0052,0052,82,0,0.0,0,1
4580,-244,FF0C,FF0C,-244,0,0.0,0,1
4581,-86,FFAA,FFAA,-86,0,0.0,0,1
4582,78,004E,004E,78,0,0.0,0,1
4583,-112,FF90,FF90,-112,0,0.0,0,1
4584,-111,FF91,FF91,-111,0,0.0,0,1
4585,-85,FFAB,FFAB,-85,0,0.0,0,1
4586,-10,FFF6,FFF6,-10,0,0.0,0,1
4587,-43,FFD5,FFD5,-43,0,0.0,0,1
4588,-37,FFDB,FFDB,-37,0,0.0,0,1
4589,-55,FFC9,FFC9,-55,0,0.0,0,1
4590,-60,FFC4,FFC4,-60,0,0.0,0,1
4591,108,006C,006C,108,0,0.0,0,1
4592,45,002D,002D,45,0,0.0,0,1
4593,7,0007,0007,7,0,0.0,0,1
4594,18,0012,0012,18,0,0.0,0,1
4595,-105,FF97,FF97,-105,0,0.0,0,1
4596,-75,FFB5,FFB5,-75,0,0.0,0,1
4597,-76,FFB4,FFB4,-76,0,0.0,0,1
4598,65,0041,0041,65,0,0.0,0,1
4599,-75,FFB5,FFB5,-75,0,0.0,0,1
4600,18,0012,0012,18,0,0.0,0,1
4601,-106,FF96,FF96,-106,0,0.0,0,1
4602,107,006B,006B,107,0,0.0,0,1
4603,58,003A,003A,58,0,0.0,0,1
4604,-118,FF8A,FF8A,-118,0,0.0,0,1
4605,-2,FFFE,FFFE,-2,0,0.0,0,1
4606,-50,FFCE,FFCE,-50,0,0.0,0,1
4607,-28,FFE4,FFE4,-28,0,0.0,0,1
4608,146,0092,0092,146,0,0.0,0,1
4609,-25,FFE7,FFE7,-25,0,0.0,0,1
4610,-29,FFE3,FFE3,-29,0,0.0,0,1
4611,15,000F,000F,15,0,0.0,0,1
4612,-130,FF7E,FF7E,-130,0,0.0,0,1
4613,37,0025,0025,37,0,0.0,0,1
4614,69,0045,0045,69,0,0.0,0,1
4615,10,000A,000A,10,0,0.0,0,1
4616,-104,FF98,FF98,-104,0,0.0,0,1
4617,-177,FF4F,FF4F,-177,0,0.0,0,1
4618,-31,FFE1,FFE1,-31,0,0.0,0,1
4619,-11,FFF5,FFF5,-11,0,0.0,0,1
4620,-171,FF55,FF55,-171,0,0.0,0,1
4621,-9,FFF7,FFF7,-9,0,0.0,0,1
4622,45,002D,002D,45,0,0.0,0,1
4623,-70,FFBA,FFBA,-70,0,0.0,0,1
4624,-26,FFE6,FFE6,-26,0,0.0,0,1
4625,24,0018,0018,24,0,0.0,0,1
4626,47,002F,002F,47,0,0.0,0,1
4627,-69,FFBB,FFBB,-69,0,0.0,0,1
4628,-35,FFDD,FFDD,-35,0,0.0,0,1
4629,-65,FFBF,FFBF,-65,0,0.0,0,1
4630,132,0084,0084,132,0,0.0,0,1
4631,16,0010,0010,16,0,0.0,0,1
4632,72,0048,0048,72,0,0.0,0,1
4633,10,000A,000A,10,0,0.0,0,1
4634,-1,FFFF,FFFF,-1,0,0.0,0,1
4635,-81,FFAF,FFAF,-81,0,0.0,0,1
4636,25,0019,0019,25,0,0.0,0,1
4637,118,0076,0076,118,0,0.0,0,1
4638,84,0054,0054,84,0,0.0,0,1
4639,-167,FF59,FF59,-167,0,0.0,0,1
4640,-104,FF98,FF98,-104,0,0.0,0,1
4641,0,0000,0000,0,0,0.0,0,1
4642,-80,FFB0,FFB0,-80,0,0.0,0,1
4643,54,0036,0036,54,0,0.0,0,1
4644,-71,FFB9,FFB9,-71,0,0.0,0,1
4645,121,0079,0079,121,0,0.0,0,1
4646,-57,FFC7,FFC7,-57,0,0.0,0,1
4647,-243,FF0D,FF0D,-243,0,0.0,0,1
4648,139,008B,008B,139,0,0.0,0,1
4649,-98,FF9E,FF9E,-98,0,0.0,0,1
4650,165,00A5,00A5,165,0,0.0,0,1
4651,59,003B,003B,59,0,0.0,0,1
4652,-37,FFDB,FFDB,-37,0,0.0,0,1
4653,44,002C,002C,44,0,0.0,0,1
4654,-165,FF5B,FF5B,-165,0,0.0,0,1
4655,0,0000,0000,0,0,0.0,0,1
4656,10,000A,000A,10,0,0.0,0,1
4657,34,0022,0022,34,0,0.0,0,1
4658,-129,FF7F,FF7F,-129,0,0.0,0,1
4659,7,0007,0007,7,0,0.0,0,1
4660,-6,FFFA,FFFA,-6,0,0.0,0,1
4661,-57,FFC7,FFC7,-57,0,0.0,0,1
4662,-22,FFEA,FFEA,-22,0,0.0,0,1
4663,31,001F,001F,31,0,0.0,0,1
4664,-45,FFD3,FFD3,-45,0,0.0,0,1
4665,-142,FF72,FF72,-142,0,0.0,0,1
4666,12,000C,000C,12,0,0.0,0,1
4667,29,001D,001D,29,0,0.0,0,1
4668,43,002B,002B,43,0,0.0,0,1
4669,-56,FFC8,FFC8,-56,0,0.0,0,1
4670,-153,FF67,FF67,-153,0,0.0,0,1
4671,-34,FFDE,FFDE,-34,0,0.0,0,1
4672,11,000B,000B,11,0,0.0,0,1
4673,80,0050,0050,80,0,0.0,0,1
4674,58,003A,003A,58,0,0.0,0,1
4675,131,0083,0083,131,0,0.0,0,1
4676,-65,FFBF,FFBF,-65,0,0.0,0,1
4677,-94,FFA2,FFA2,-94,0,0.0,0,1
4678,-3,FFFD,FFFD,-3,0,0.0,0,1
4679,-178,FF4E,FF4E,-178,0,0.0,0,1
4680,36,0024,0024,36,0,0.0,0,1
4681,-46,FFD2,FFD2,-46,0,0.0,0,1
4682,-102,FF9A,FF9A,-102,0,0.0,0,1
4683,156,009C,009C,156,0,0.0,0,1
4684,-122,FF86,FF86,-122,0,0.0,0,1
4685,51,0033,0033,51,0,0.0,0,1
4686,63,003F,003F,63,0,0.0,0,1
4687,164,00A4,00A4,164,0,0.0,0,1
4688,88,0058,0058,88,0,0.0,0,1
4689,88,0058,0058,88,0,0.0,0,1
4690,44,002C,002C,44,0,0.0,0,1
4691,173,00AD,00AD,173,0,0.0,0,1
4692,-41,FFD7,FFD7,-41,0,0.0,0,1
4693,100,0064,0064,100,0,0.0,0,1
4694,-12,FFF4,FFF4,-12,0,0.0,0,1
4695,43,002B,002B,43,0,0.0,0,1
4696,127,007F,007F,127,0,0.0,0,1
4697,164,00A4,00A4,164,0,0.0,0,1
4698,77,004D,004D,77,0,0.0,0,1
4699,40,0028,0028,40,0,0.0,0,1
4700,157,009D,009D,157,0,0.0,0,1
4701,100,0064,0064,100,0,0.0,0,1
4702,28,001C,001C,28,0,0.0,0,1
4703,134,0086,0086,134,0,0.0,0,1
4704,89,0059,0059,89,0,0.0,0,1
4705,-61,FFC3,FFC3,-61,0,0.0,0,1
4706,-151,FF69,FF69,-151,0,0.0,0,1
4707,41,0029,0029,41,0,0.0,0,1
4708,-9,FFF7,FFF7,-9,0,0.0,0,1
4709,12,000C,000C,12,0,0.0,0,1
4710,123,007B,007B,123,0,0.0,0,1
4711,-112,FF90,FF90,-112,0,0.0,0,1
4712,-16,FFF0,FFF0,-16,0,0.0,0,1
4713,42,002A,002A,42,0,0.0,0,1
4714,-1,FFFF,FFFF,-1,0,0.0,0,1
4715,-94,FFA2,FFA2,-94,0,0.0,0,1
4716,-215,FF29,FF29,-215,0,0.0,0,1
4717,56,0038,0038,56,0,0.0,0,1
4718,31,001F,001F,31,0,0.0,0,1
4719,-68,FFBC,FFBC,-68,0,0.0,0,1
4720,-8,FFF8,FFF8,-8,0,0.0,0,1
4721,34,0022,0022,34,0,0.0,0,1
4722,-123,FF85,FF85,-123,0,0.0,0,1
4723,60,003C,003C,60,0,0.0,0,1
4724,-67,FFBD,FFBD,-67,0,0.0,0,1
4725,40,0028,0028,40,0,0.0,0,1
4726,-137,FF77,FF77,-137,0,0.0,0,1
4727,-126,FF82,FF82,-126,0,0.0,0,1
4728,-9,FFF7,FFF7,-9,0,0.0,0,1
4729,-44,FFD4,FFD4,-44,0,0.0,0,1
4730,-161,FF5F,FF5F,-161,0,0.0,0,1
4731,-12,FFF4,FFF4,-12,0,0.0,0,1
4732,-82,FFAE,FFAE,-82,0,0.0,0,1
4733,87,0057,0057,87,0,0.0,0,1
4734,99,0063,0063,99,0,0.0,0,1
4735,123,007B,007B,123,0,0.0,0,1
4736,-18,FFEE,FFEE,-18,0,0.0,0,1
4737,43,002B,002B,43,0,0.0,0,1
4738,132,0084,0084,132,0,0.0,0,1
4739,89,0059,0059,89,0,0.0,0,1
4740,55,0037,0037,55,0,0.0,0,1
4741,-81,FFAF,FFAF,-81,0,0.0,0,1
4742,-15,FFF1,FFF1,-15,0,0.0,0,1
4743,118,0076,0076,118,0,0.0,0,1
4744,17,0011,0011,17,0,0.0,0,1
4745,-37,FFDB,FFDB,-37,0,0.0,0,1
4746,-115,FF8D,FF8D,-115,0,0.0,0,1
4747,-61,FFC3,FFC3,-61,0,0.0,0,1
4748,194,00C2,00C2,194,0,0.0,0,1
4749,-67,FFBD,FFBD,-67,0,0.0,0,1
4750,43,002B,002B,43,0,0.0,0,1
4751,51,0033,0033,51,0,0.0,0,1
4752,-146,FF6E,FF6E,-146,0,0.0,0,1
4753,-43,FFD5,FFD5,-43,0,0.0,0,1
4754,-7,FFF9,FFF9,-7,0,0.0,0,1
4755,-206,FF32,FF32,-206,0,0.0,0,1
4756,54,0036,0036,54,0,0.0,0,1
4757,-75,FFB5,FFB5,-75,0,0.0,0,1
4758,-129,FF7F,FF7F,-129,0,0.0,0,1
4759,-18,FFEE,FFEE,-18,0,0.0,0,1
4760,96,0060,0060,96,0,0.0,0,1
4761,73,0049,0049,73,0,0.0,0,1
4762,-93,FFA3,FFA3,-93,0,0.0,0,1
4763,-125,FF83,FF83,-125,0,0.0,0,1
4764,3,0003,0003,3,0,0.0,0,1
4765,49,0031,0031,49,0,0.0,0,1
4766,158,009E,009E,158,0,0.0,0,1
4767,25,0019,0019,25,0,0.0,0,1
4768,-51,FFCD,FFCD,-51,0,0.0,0,1
4769,79,004F,004F,79,0,0.0,0,1
4770,-37,FFDB,FFDB,-37,0,0.0,0,1
4771,-20,FFEC,FFEC,-20,0,0.0,0,1
4772,-4,FFFC,FFFC,-4,0,0.0,0,1
4773,-180,FF4C,FF4C,-180,0,0.0,0,1
4774,199,00C7,00C7,199,0,0.0,0,1
4775,83,0053,0053,83,0,0.0,0,1
4776,171,00AB,00AB,171,0,0.0,0,1
4777,-120,FF88,FF88,-120,0,0.0,0,1
4778,22,0016,0016,22,0,0.0,0,1
4779,63,003F,003F,63,0,0.0,0,1
4780,-15,FFF1,FFF1,-15,0,0.0,0,1
4781,5,0005,0005,5,0,0.0,0,1
4782,33,0021,0021,33,0,0.0,0,1
4783,-6,FFFA,FFFA,-6,0,0.0,0,1
4784,-65,FFBF,FFBF,-65,0,0.0,0,1
4785,-122,FF86,FF86,-122,0,0.0,0,1
4786,34,0022,0022,34,0,0.0,0,1
4787,40,0028,0028,40,0,0.0,0,1
4788,-4,FFFC,FFFC,-4,0,0.0,0,1
4789,-110,FF92,FF92,-110,0,0.0,0,1
4790,118,0076,0076,118,0,0.0,0,1
4791,128,0080,0080,128,0,0.0,0,1
4792,27,001B,001B,27,0,0.0,0,1
4793,-25,FFE7,FFE7,-25,0,0.0,0,1
4794,-16,FFF0,FFF0,-16,0,0.0,0,1
4795,139,008B,008B,139,0,0.0,0,1
4796,-133,FF7B,FF7B,-133,0,0.0,0,1
4797,3,0003,0003,3,0,0.0,0,1
4798,-58,FFC6,FFC6,-58,0,0.0,0,1
4799,124,007C,007C,124,0,0.0,0,1
4800,125,007D,007D,125,0,0.0,0,1
4801,165,00A5,00A5,165,0,0.0,0,1
4802,82,0052,0052,82,0,0.0,0,1
4803,86,0056,0056,86,0,0.0,0,1
4804,-60,FFC4,FFC4,-60,0,0.0,0,1
4805,92,005C,005C,92,0,0.0,0,1
4806,-127,FF81,FF81,-127,0,0.0,0,1
4807,180,00B4,00B4,180,0,0.0,0,1
4808,-201,FF37,FF37,-201,0,0.0,0,1
4809,-124,FF84,FF84,-124,0,0.0,0,1
4810,45,002D,002D,45,0,0.0,0,1
4811,-181,FF4B,FF4B,-181,0,0.0,0,1
4812,39,0027,0027,39,0,0.0,0,1
4813,35,0023,0023,35,0,0.0,0,1
4814,68,0044,0044,68,0,0.0,0,1
4815,-33,FFDF,FFDF,-33,0,0.0,0,1
4816,-23,FFE9,FFE9,-23,0,0.0,0,1
4817,44,002C,002C,44,0,0.0,0,1
4818,154,009A,009A,154,0,0.0,0,1
4819,-26,FFE6,FFE6,-26,0,0.0,0,1
4820,-117,FF8B,FF8B,-117,0,0.0,0,1
4821,-78,FFB2,FFB2,-78,0,0.0,0,1
4822,37,0025,0025,37,0,0.0,0,1
4823,-24,FFE8,FFE8,-24,0,0.0,0,1
4824,-20,FFEC,FFEC,-20,0,0.0,0,1
4825,-111,FF91,FF91,-111,0,0.0,0,1
4826,-123,FF85,FF85,-123,0,0.0,0,1
4827,-185,FF47,FF47,-185,0,0.0,0,1
4828,98,0062,0062,98,0,0.0,0,1
4829,180,00B4,00B4,180,0,0.0,0,1
4830,147,0093,0093,147,0,0.0,0,1
4831,-133,FF7B,FF7B,-133,0,0.0,0,1
4832,-132,FF7C,FF7C,-132,0,0.0,0,1
4833,-118,FF8A,FF8A,-118,0,0.0,0,1
4834,90,005A,005A,90,0,0.0,0,1
4835,-119,FF89,FF89,-119,0,0.0,0,1
4836,30,001E,001E,30,0,0.0,0,1
4837,143,008F,008F,143,0,0.0,0,1
4838,-102,FF9A,FF9A,-102,0,0.0,0,1
4839,27,001B,001B,27,0,0.0,0,1
4840,-92,FFA4,FFA4,-92,0,0.0,0,1
4841,-30,FFE2,FFE2,-30,0,0.0,0,1
4842,-36,FFDC,FFDC,-36,0,0.0,0,1
4843,5,0005,0005,5,0,0.0,0,1
4844,-89,FFA7,FFA7,-89,0,0.0,0,1
4845,-127,FF81,FF81,-127,0,0.0,0,1
4846,56,0038,0038,56,0,0.0,0,1
4847,80,0050,0050,80,0,0.0,0,1
4848,71,0047,0047,71,0,0.0,0,1
4849,-15,FFF1,FFF1,-15,0,0.0,0,1
4850,34,0022,0022,34,0,0.0,0,1
4851,-64,FFC0,FFC0,-64,0,0.0,0,1
4852,142,008E,008E,142,0,0.0,0,1
4853,80,0050,0050,80,0,0.0,0,1
4854,46,002E,002E,46,0,0.0,0,1
4855,31,001F,001F,31,0,0.0,0,1
4856,78,004E,004E,78,0,0.0,0,1
4857,4,0004,0004,4,0,0.0,0,1
4858,63,003F,003F,63,0,0.0,0,1
4859,14,000E,000E,14,0,0.0,0,1
4860,-18,FFEE,FFEE,-18,0,0.0,0,1
4861,-141,FF73,FF73,-141,0,0.0,0,1
4862,79,004F,004F,79,0,0.0,0,1
4863,-57,FFC7,FFC7,-57,0,0.0,0,1
4864,-100,FF9C,FF9C,-100,0,0.0,0,1
4865,134,0086,0086,134,0,0.0,0,1
4866,-61,FFC3,FFC3,-61,0,0.0,0,1
4867,-82,FFAE,FFAE,-82,0,0.0,0,1
4868,187,00BB,00BB,187,0,0.0,0,1
4869,130,0082,0082,130,0,0.0,0,1
4870,49,0031,0031,49,0,0.0,0,1
4871,-23,FFE9,FFE9,-23,0,0.0,0,1
4872,89,0059,0059,89,0,0.0,0,1
4873,29,001D,001D,29,0,0.0,0,1
4874,85,0055,0055,85,0,0.0,0,1
4875,-59,FFC5,FFC5,-59,0,0.0,0,1
4876,58,003A,003A,58,0,0.0,0,1
4877,-20,FFEC,FFEC,-20,0,0.0,0,1
4878,-18,FFEE,FFEE,-18,0,0.0,0,1
4879,86,0056,0056,86,0,0.0,0,1
4880,10,000A,000A,10,0,0.0,0,1
4881,128,0080,0080,128,0,0.0,0,1
4882,-70,FFBA,FFBA,-70,0,0.0,0,1
4883,40,0028,0028,40,0,0.0,0,1
4884,-51,FFCD,FFCD,-51,0,0.0,0,1
4885,117,0075,0075,117,0,0.0,0,1
4886,-37,FFDB,FFDB,-37,0,0.0,0,1
4887,132,0084,0084,132,0,0.0,0,1
4888,-99,FF9D,FF9D,-99,0,0.0,0,1
4889,86,0056,0056,86,0,0.0,0,1
4890,95,005F,005F,95,0,0.0,0,1
4891,-24,FFE8,FFE8,-24,0,0.0,0,1
4892,107,006B,006B,107,0,0.0,0,1
4893,120,0078,0078,120,0,0.0,0,1
4894,34,0022,0022,34,0,0.0,0,1
4895,-143,FF71,FF71,-143,0,0.0,0,1
4896,92,005C,005C,92,0,0.0,0,1
4897,-93,FFA3,FFA3,-93,0,0.0,0,1
4898,35,0023,0023,35,0,0.0,0,1
4899,61,003D,003D,61,0,0.0,0,1
4900,-38,FFDA,FFDA,-38,0,0.0,0,1
4901,-8,FFF8,FFF8,-8,0,0.0,0,1
4902,-58,FFC6,FFC6,-58,0,0.0,0,1
4903,-43,FFD5,FFD5,-43,0,0.0,0,1
4904,48,0030,0030,48,0,0.0,0,1
4905,133,0085,0085,133,0,0.0,0,1
4906,193,00C1,00C1,193,0,0.0,0,1
4907,26,001A,001A,26,0,0.0,0,1
4908,-44,FFD4,FFD4,-44,0,0.0,0,1
4909,-86,FFAA,FFAA,-86,0,0.0,0,1
4910,115,0073,0073,115,0,0.0,0,1
4911,44,002C,002C,44,0,0.0,0,1
4912,-153,FF67,FF67,-153,0,0.0,0,1
4913,80,0050,0050,80,0,0.0,0,1
4914,-72,FFB8,FFB8,-72,0,0.0,0,1
4915,-124,FF84,FF84,-124,0,0.0,0,1
4916,180,00B4,00B4,180,0,0.0,0,1
4917,-94,FFA2,FFA2,-94,0,0.0,0,1
4918,-123,FF85,FF85,-123,0,0.0,0,1
4919,-42,FFD6,FFD6,-42,0,0.0,0,1
4920,-201,FF37,FF37,-201,0,0.0,0,1
4921,96,0060,0060,96,0,0.0,0,1
4922,-154,FF66,FF66,-154,0,0.0,0,1
4923,-86,FFAA,FFAA,-86,0,0.0,0,1
4924,23,0017,0017,23,0,0.0,0,1
4925,-87,FFA9,FFA9,-87,0,0.0,0,1
4926,26,001A,001A,26,0,0.0,0,1
4927,-52,FFCC,FFCC,-52,0,0.0,0,1
4928,-44,FFD4,FFD4,-44,0,0.0,0,1
4929,-96,FFA0,FFA0,-96,0,0.0,0,1
4930,-112,FF90,FF90,-112,0,0.0,0,1
4931,-132,FF7C,FF7C,-132,0,0.0,0,1
4932,-162,FF5E,FF5E,-162,0,0.0,0,1
4933,25,0019,0019,25,0,0.0,0,1
4934,37,0025,0025,37,0,0.0,0,1
4935,-170,FF56,FF56,-170,0,0.0,0,1
4936,-3,FFFD,FFFD,-3,0,0.0,0,1
4937,-6,FFFA,FFFA,-6,0,0.0,0,1
4938,-137,FF77,FF77,-137,0,0.0,0,1
4939,72,0048,0048,72,0,0.0,0,1
4940,-53,FFCB,FFCB,-53,0,0.0,0,1
4941,105,0069,0069,105,0,0.0,0,1
4942,12,000C,000C,12,0,0.0,0,1
4943,-76,FFB4,FFB4,-76,0,0.0,0,1
4944,-151,FF69,FF69,-151,0,0.0,0,1
4945,79,004F,004F,79,0,0.0,0,1
4946,-6,FFFA,FFFA,-6,0,0.0,0,1
4947,104,0068,0068,104,0,0.0,0,1
4948,-106,FF96,FF96,-106,0,0.0,0,1
4949,-59,FFC5,FFC5,-59,0,0.0,0,1
4950,-122,FF86,FF86,-122,0,0.0,0,1
4951,-70,FFBA,FFBA,-70,0,0.0,0,1
4952,150,0096,0096,150,0,0.0,0,1
4953,37,0025,0025,37,0,0.0,0,1
4954,-55,FFC9,FFC9,-55,0,0.0,0,1
4955,36,0024,0024,36,0,0.0,0,1
4956,182,00B6,00B6,182,0,0.0,0,1
4957,-73,FFB7,FFB7,-73,0,0.0,0,1
4958,-120,FF88,FF88,-120,0,0.0,0,1
4959,96,0060,0060,96,0,0.0,0,1
4960,-266,FEF6,FEF6,-266,0,0.0,0,1
4961,-77,FFB3,FFB3,-77,0,0.0,0,1
4962,-66,FFBE,FFBE,-66,0,0.0,0,1
4963,-116,FF8C,FF8C,-116,0,0.0,0,1
4964,-153,FF67,FF67,-153,0,0.0,0,1
4965,-70,FFBA,FFBA,-70,0,0.0,0,1
4966,30,001E,001E,30,0,0.0,0,1
4967,-118,FF8A,FF8A,-118,0,0.0,0,1
4968,44,002C,002C,44,0,0.0,0,1
4969,-64,FFC0,FFC0,-64,0,0.0,0,1
4970,-154,FF66,FF66,-154,0,0.0,0,1
4971,-68,FFBC,FFBC,-68,0,0.0,0,1
4972,30,001E,001E,30,0,0.0,0,1
4973,-15,FFF1,FFF1,-15,0,0.0,0,1
4974,58,003A,003A,58,0,0.0,0,1
4975,-101,FF9B,FF9B,-101,0,0.0,0,1
4976,-120,FF88,FF88,-120,0,0.0,0,1
4977,-171,FF55,FF55,-171,0,0.0,0,1
4978,111,006F,006F,111,0,0.0,0,1
4979,-130,FF7E,FF7E,-130,0,0.0,0,1
4980,47,002F,002F,47,0,0.0,0,1
4981,-92,FFA4,FFA4,-92,0,0.0,0,1
4982,66,0042,0042,66,0,0.0,0,1
4983,39,0027,0027,39,0,0.0,0,1
4984,-120,FF88,FF88,-120,0,0.0,0,1
4985,84,0054,0054,84,0,0.0,0,1
4986,-4,FFFC,FFFC,-4,0,0.0,0,1
4987,78,004E,004E,78,0,0.0,0,1
4988,91,005B,005B,91,0,0.0,0,1
4989,-46,FFD2,FFD2,-46,0,0.0,0,1
4990,42,002A,002A,42,0,0.0,0,1
4991,18,0012,0012,18,0,0.0,0,1
4992,106,006A,006A,106,0,0.0,0,1
4993,31,001F,001F,31,0,0.0,0,1
4994,-36,FFDC,FFDC,-36,0,0.0,0,1
4995,-126,FF82,FF82,-126,0,0.0,0,1
4996,118,0076,0076,118,0,0.0,0,1
4997,-82,FFAE,FFAE,-82,0,0.0,0,1
4998,-110,FF92,FF92,-110,0,0.0,0,1
4999,-43,FFD5,FFD5,-43,0,0.0,0,1
5000,-63,FFC1,FFC1,-63,0,0.0,0,1
5001,-70,FFBA,FFBA,-70,0,0.0,0,1
5002,66,0042,0042,66,0,0.0,0,1
5003,115,0073,0073,115,0,0.0,0,1
5004,34,0022,0022,34,0,0.0,0,1
5005,-7,FFF9,FFF9,-7,0,0.0,0,1
5006,11,000B,000B,11,0,0.0,0,1
5007,-141,FF73,FF73,-141,0,0.0,0,1
5008,-137,FF77,FF77,-137,0,0.0,0,1
5009,-36,FFDC,FFDC,-36,0,0.0,0,1
5010,176,00B0,00B0,176,0,0.0,0,1
5011,29,001D,001D,29,0,0.0,0,1
5012,-4,FFFC,FFFC,-4,0,0.0,0,1
5013,-174,FF52,FF52,-174,0,0.0,0,1
5014,10,000A,000A,10,0,0.0,0,1
5015,5,0005,0005,5,0,0.0,0,1
5016,-104,FF98,FF98,-104,0,0.0,0,1
5017,-54,FFCA,FFCA,-54,0,0.0,0,1
5018,96,0060,0060,96,0,0.0,0,1
5019,110,006E,006E,110,0,0.0,0,1
5020,-110,FF92,FF92,-110,0,0.0,0,1
5021,71,0047,0047,71,0,0.0,0,1
5022,37,0025,0025,37,0,0.0,0,1
5023,-15,FFF1,FFF1,-15,0,0.0,0,1
5024,-2,FFFE,FFFE,-2,0,0.0,0,1
5025,46,002E,002E,46,0,0.0,0,1
5026,64,0040,0040,64,0,0.0,0,1
5027,49,0031,0031,49,0,0.0,0,1
5028,228,00E4,00E4,228,0,0.0,0,1
5029,163,00A3,00A3,163,0,0.0,0,1
5030,73,0049,0049,73,0,0.0,0,1
5031,-157,FF63,FF63,-157,0,0.0,0,1
5032,-241,FF0F,FF0F,-241,0,0.0,0,1
5033,-185,FF47,FF47,-185,0,0.0,0,1
5034,128,0080,0080,128,0,0.0,0,1
5035,-87,FFA9,FFA9,-87,0,0.0,0,1
5036,10,000A,000A,10,0,0.0,0,1
5037,-107,FF95,FF95,-107,0,0.0,0,1
5038,61,003D,003D,61,0,0.0,0,1
5039,7,0007,0007,7,0,0.0,0,1
5040,31,001F,001F,31,0,0.0,0,1
5041,-75,FFB5,FFB5,-75,0,0.0,0,1
5042,-98,FF9E,FF9E,-98,0,0.0,0,1
5043,122,007A,007A,122,0,0.0,0,1
5044,-99,FF9D,FF9D,-99,0,0.0,0,1
5045,89,0059,0059,89,0,0.0,0,1
5046,19,0013,0013,19,0,0.0,0,1
5047,102,0066,0066,102,0,0.0,0,1
5048,131,0083,0083,131,0,0.0,0,1
5049,54,0036,0036,54,0,0.0,0,1
5050,-20,FFEC,FFEC,-20,0,0.0,0,1
5051,-28,FFE4,FFE4,-28,0,0.0,0,1
5052,12,000C,000C,12,0,0.0,0,1
5053,-37,FFDB,FFDB,-37,0,0.0,0,1
5054,96,0060,0060,96,0,0.0,0,1
5055,-56,FFC8,FFC8,-56,0,0.0,0,1
5056,-18,FFEE,FFEE,-18,0,0.0,0,1
5057,-117,FF8B,FF8B,-117,0,0.0,0,1
5058,148,0094,0094,148,0,0.0,0,1
5059,-85,FFAB,FFAB,-85,0,0.0,0,1
5060,126,007E,007E,126,0,0.0,0,1
5061,73,0049,0049,73,0,0.0,0,1
5062,-7,FFF9,FFF9,-7,0,0.0,0,1
5063,-7,FFF9,FFF9,-7,0,0.0,0,1
5064,-10,FFF6,FFF6,-10,0,0.0,0,1
5065,6,0006,0006,6,0,0.0,0,1
5066,147,0093,0093,147,0,0.0,0,1
5067,-51,FFCD,FFCD,-51,0,0.0,0,1
5068,-165,FF5B,FF5B,-165,0,0.0,0,1
5069,118,0076,0076,118,0,0.0,0,1
5070,7,0007,0007,7,0,0.0,0,1
5071,-77,FFB3,FFB3,-77,0,0.0,0,1
5072,-25,FFE7,FFE7,-25,0,0.0,0,1
5073,-149,FF6B,FF6B,-149,0,0.0,0,1
5074,60,003C,003C,60,0,0.0,0,1
5075,-113,FF8F,FF8F,-113,0,0.0,0,1
5076,122,007A,007A,122,0,0.0,0,1
5077,145,0091,0091,145,0,0.0,0,1
5078,-27,FFE5,FFE5,-27,0,0.0,0,1
5079,142,008E,008E,142,0,0.0,0,1
5080,-45,FFD3,FFD3,-45,0,0.0,0,1
5081,-87,FFA9,FFA9,-87,0,0.0,0,1
5082,24,0018,0018,24,0,0.0,0,1
5083,-14,FFF2,FFF2,-14,0,0.0,0,1
5084,-23,FFE9,FFE9,-23,0,0.0,0,1
5085,-3,FFFD,FFFD,-3,0,0.0,0,1
5086,-12,FFF4,FFF4,-12,0,0.0,0,1
5087,22,0016,0016,22,0,0.0,0,1
5088,-24,FFE8,FFE8,-24,0,0.0,0,1
5089,-119,FF89,FF89,-119,0,0.0,0,1
5090,38,0026,0026,38,0,0.0,0,1
5091,113,0071,0071,113,0,0.0,0,1
5092,67,0043,0043,67,0,0.0,0,1
5093,63,003F,003F,63,0,0.0,0,1
5094,-9,FFF7,FFF7,-9,0,0.0,0,1
5095,-73,FFB7,FFB7,-73,0,0.0,0,1
5096,104,0068,0068,104,0,0.0,0,1
5097,201,00C9,00C9,201,0,0.0,0,1
5098,130,0082,0082,130,0,0.0,0,1
5099,91,005B,005B,91,0,0.0,0,1
5100,7,0007,0007,7,0,0.0,0,1
5101,-75,FFB5,FFB5,-75,0,0.0,0,1
5102,-43,FFD5,FFD5,-43,0,0.0,0,1
5103,-51,FFCD,FFCD,-51,0,0.0,0,1
5104,-63,FFC1,FFC1,-63,0,0.0,0,1
5105,8,0008,0008,8,0,0.0,0,1
5106,-104,FF98,FF98,-104,0,0.0,0,1
5107,-10,FFF6,FFF6,-10,0,0.0,0,1
5108,63,003F,003F,63,0,0.0,0,1
5109,142,008E,008E,142,0,0.0,0,1
5110,93,005D,005D,93,0,0.0,0,1
5111,59,003B,003B,59,0,0.0,0,1
5112,39,0027,0027,39,0,0.0,0,1
5113,-35,FFDD,FFDD,-35,0,0.0,0,1
5114,90,005A,005A,90,0,0.0,0,1
5115,-111,FF91,FF91,-111,0,0.0,0,1
5116,-49,FFCF,FFCF,-49,0,0.0,0,1
5117,91,005B,005B,91,0,0.0,0,1
5118,59,003B,003B,59,0,0.0,0,1
5119,-12,FFF4,FFF4,-12,0,0.0,0,1
5120,19,0013,0013,19,0,0.0,0,1
5121,-78,FFB2,FFB2,-78,0,0.0,0,1
5122,34,0022,0022,34,0,0.0,0,1
5123,-97,FF9F,FF9F,-97,0,0.0,0,1
5124,-21,FFEB,FFEB,-21,0,0.0,0,1
5125,63,003F,003F,63,0,0.0,0,1
5126,142,008E,008E,142,0,0.0,0,1
5127,74,004A,004A,74,0,0.0,0,1
5128,-11,FFF5,FFF5,-11,0,0.0,0,1
5129,-167,FF59,FF59,-167,0,0.0,0,1
5130,-3,FFFD,FFFD,-3,0,0.0,0,1
5131,-148,FF6C,FF6C,-148,0,0.0,0,1
5132,5,0005,0005,5,0,0.0,0,1
5133,-105,FF97,FF97,-105,0,0.0,0,1
5134,-50,FFCE,FFCE,-50,0,0.0,0,1
5135,-141,FF73,FF73,-141,0,0.0,0,1
5136,-161,FF5F,FF5F,-161,0,0.0,0,1
5137,-161,FF5F,FF5F,-161,0,0.0,0,1
5138,7,0007,0007,7,0,0.0,0,1
5139,64,0040,0040,64,0,0.0,0,1
5140,42,002A,002A,42,0,0.0,0,1
5141,13,000D,000D,13,0,0.0,0,1
5142,74,004A,004A,74,0,0.0,0,1
5143,137,0089,0089,137,0,0.0,0,1
5144,84,0054,0054,84,0,0.0,0,1
5145,-122,FF86,FF86,-122,0,0.0,0,1
5146,-77,FFB3,FFB3,-77,0,0.0,0,1
5147,-9,FFF7,FFF7,-9,0,0.0,0,1
5148,-51,FFCD,FFCD,-51,0,0.0,0,1
5149,81,0051,0051,81,0,0.0,0,1
5150,-28,FFE4,FFE4,-28,0,0.0,0,1
5151,18,0012,0012,18,0,0.0,0,1
5152,-37,FFDB,FFDB,-37,0,0.0,0,1
5153,99,0063,0063,99,0,0.0,0,1
5154,78,004E,004E,78,0,0.0,0,1
5155,162,00A2,00A2,162,0,0.0,0,1
5156,58,003A,003A,58,0,0.0,0,1
5157,-66,FFBE,FFBE,-66,0,0.0,0,1
5158,-70,FFBA,FFBA,-70,0,0.0,0,1
5159,-64,FFC0,FFC0,-64,0,0.0,0,1
5160,55,0037,0037,55,0,0.0,0,1
5161,-68,FFBC,FFBC,-68,0,0.0,0,1
5162,2,0002,0002,2,0,0.0,0,1
5163,-49,FFCF,FFCF,-49,0,0.0,0,1
5164,-23,FFE9,FFE9,-23,0,0.0,0,1
5165,73,0049,0049,73,0,0.0,0,1
5166,14,000E,000E,14,0,0.0,0,1
5167,10,000A,000A,10,0,0.0,0,1
5168,-75,FFB5,FFB5,-75,0,0.0,0,1
5169,-12,FFF4,FFF4,-12,0,0.0,0,1
5170,-42,FFD6,FFD6,-42,0,0.0,0,1
5171,-6,FFFA,FFFA,-6,0,0.0,0,1
5172,-154,FF66,FF66,-154,0,0.0,0,1
5173,19,0013,0013,19,0,0.0,0,1
5174,-60,FFC4,FFC4,-60,0,0.0,0,1
5175,62,003E,003E,62,0,0.0,0,1
5176,105,0069,0069,105,0,0.0,0,1
5177,-15,FFF1,FFF1,-15,0,0.0,0,1
5178,-45,FFD3,FFD3,-45,0,0.0,0,1
5179,-24,FFE8,FFE8,-24,0,0.0,0,1
5180,-62,FFC2,FFC2,-62,0,0.0,0,1
5181,-105,FF97,FF97,-105,0,0.0,0,1
5182,0,0000,0000,0,0,0.0,0,1
5183,-123,FF85,FF85,-123,0,0.0,0,1
5184,70,0046,0046,70,0,0.0,0,1
5185,20,0014,0014,20,0,0.0,0,1
5186,-69,FFBB,FFBB,-69,0,0.0,0,1
5187,50,0032,0032,50,0,0.0,0,1
5188,22,0016,0016,22,0,0.0,0,1
5189,-78,FFB2,FFB2,-78,0,0.0,0,1
5190,-2,FFFE,FFFE,-2,0,0.0,0,1
5191,-135,FF79,FF79,-135,0,0.0,0,1
5192,-20,FFEC,FFEC,-20,0,0.0,0,1
5193,-16,FFF0,FFF0,-16,0,0.0,0,1
5194,-15,FFF1,FFF1,-15,0,0.0,0,1
5195,105,0069,0069,105,0,0.0,0,1
5196,55,0037,0037,55,0,0.0,0,1
5197,-30,FFE2,FFE2,-30,0,0.0,0,1
5198,99,0063,0063,99,0,0.0,0,1
5199,34,0022,0022,34,0,0.0,0,1
5200,150,0096,0096,150,0,0.0,0,1
5201,61,003D,003D,61,0,0.0,0,1
5202,31,001F,001F,31,0,0.0,0,1
5203,-152,FF68,FF68,-152,0,0.0,0,1
5204,87,0057,0057,87,0,0.0,0,1
5205,-53,FFCB,FFCB,-53,0,0.0,0,1
5206,190,00BE,00BE,190,0,0.0,0,1
5207,66,0042,0042,66,0,0.0,0,1
5208,105,0069,0069,105,0,0.0,0,1
5209,-25,FFE7,FFE7,-25,0,0.0,0,1
5210,121,0079,0079,121,0,0.0,0,1
5211,140,008C,008C,140,0,0.0,0,1
5212,129,0081,0081,129,0,0.0,0,1
5213,-11,FFF5,FFF5,-11,0,0.0,0,1
5214,140,008C,008C,140,0,0.0,0,1
5215,69,0045,0045,69,0,0.0,0,1
5216,-114,FF8E,FF8E,-114,0,0.0,0,1
5217,-184,FF48,FF48,-184,0,0.0,0,1
5218,-46,FFD2,FFD2,-46,0,0.0,0,1
5219,-20,FFEC,FFEC,-20,0,0.0,0,1
5220,70,0046,0046,70,0,0.0,0,1
5221,97,0061,0061,97,0,0.0,0,1
5222,-56,FFC8,FFC8,-56,0,0.0,0,1
5223,-124,FF84,FF84,-124,0,0.0,0,1
5224,-25,FFE7,FFE7,-25,0,0.0,0,1
5225,53,0035,0035,53,0,0.0,0,1
5226,-81,FFAF,FFAF,-81,0,0.0,0,1
5227,-172,FF54,FF54,-172,0,0.0,0,1
5228,181,00B5,00B5,181,0,0.0,0,1
5229,72,0048,0048,72,0,0.0,0,1
5230,28,001C,001C,28,0,0.0,0,1
5231,282,011A,011A,282,0,0.0,0,1
5232,155,009B,009B,155,0,0.0,0,1
5233,-162,FF5E,FF5E,-162,0,0.0,0,1
5234,-68,FFBC,FFBC,-68,0,0.0,0,1
5235,3,0003,0003,3,0,0.0,0,1
5236,-212,FF2C,FF2C,-212,0,0.0,0,1
5237,-194,FF3E,FF3E,-194,0,0.0,0,1
5238,109,006D,006D,109,0,0.0,0,1
5239,-173,FF53,FF53,-173,0,0.0,0,1
5240,-10,FFF6,FFF6,-10,0,0.0,0,1
5241,-62,FFC2,FFC2,-62,0,0.0,0,1
5242,-192,FF40,FF40,-192,0,0.0,0,1
5243,-72,FFB8,FFB8,-72,0,0.0,0,1
5244,-9,FFF7,FFF7,-9,0,0.0,0,1
5245,91,005B,005B,91,0,0.0,0,1
5246,-101,FF9B,FF9B,-101,0,0.0,0,1
5247,22,0016,0016,22,0,0.0,0,1
5248,46,002E,002E,46,0,0.0,0,1
5249,78,004E,004E,78,0,0.0,0,1
5250,50,0032,0032,50,0,0.0,0,1
5251,-25,FFE7,FFE7,-25,0,0.0,0,1
5252,-23,FFE9,FFE9,-23,0,0.0,0,1
5253,-49,FFCF,FFCF,-49,0,0.0,0,1
5254,-101,FF9B,FF9B,-101,0,0.0,0,1
5255,37,0025,0025,37,0,0.0,0,1
5256,87,0057,0057,87,0,0.0,0,1
5257,-87,FFA9,FFA9,-87,0,0.0,0,1
5258,-1,FFFF,FFFF,-1,0,0.0,0,1
5259,16,0010,0010,16,0,0.0,0,1
5260,-28,FFE4,FFE4,-28,0,0.0,0,1
5261,7,0007,0007,7,0,0.0,0,1
5262,6,0006,0006,6,0,0.0,0,1
5263,53,0035,0035,53,0,0.0,0,1
5264,125,007D,007D,125,0,0.0,0,1
5265,-41,FFD7,FFD7,-41,0,0.0,0,1
5266,114,0072,0072,114,0,0.0,0,1
5267,-23,FFE9,FFE9,-23,0,0.0,0,1
5268,-140,FF74,FF74,-140,0,0.0,0,1
5269,162,00A2,00A2,162,0,0.0,0,1
5270,69,0045,0045,69,0,0.0,0,1
5271,64,0040,0040,64,0,0.0,0,1
5272,-48,FFD0,FFD0,-48,0,0.0,0,1
5273,12,000C,000C,12,0,0.0,0,1
5274,-85,FFAB,FFAB,-85,0,0.0,0,1
5275,86,0056,0056,86,0,0.0,0,1
5276,-221,FF23,FF23,-221,0,0.0,0,1
5277,-1,FFFF,FFFF,-1,0,0.0,0,1
5278,-12,FFF4,FFF4,-12,0,0.0,0,1
5279,9,0009,0009,9,0,0.0,0,1
5280,152,0098,0098,152,0,0.0,0,1
5281,198,00C6,00C6,198,0,0.0,0,1
5282,-118,FF8A,FF8A,-118,0,0.0,0,1
5283,52,0034,0034,52,0,0.0,0,1
5284,28,001C,001C,28,0,0.0,0,1
5285,108,006C,006C,108,0,0.0,0,1
5286,-72,FFB8,FFB8,-72,0,0.0,0,1
5287,-30,FFE2,FFE2,-30,0,0.0,0,1
5288,65,0041,0041,65,0,0.0,0,1
5289,54,0036,0036,54,0,0.0,0,1
5290,98,0062,0062,98,0,0.0,0,1
5291,-94,FFA2,FFA2,-94,0,0.0,0,1
5292,-59,FFC5,FFC5,-59,0,0.0,0,1
5293,-126,FF82,FF82,-126,0,0.0,0,1
5294,51,0033,0033,51,0,0.0,0,1
5295,121,0079,0079,121,0,0.0,0,1
5296,31,001F,001F,31,0,0.0,0,1
5297,-14,FFF2,FFF2,-14,0,0.0,0,1
5298,-1,FFFF,FFFF,-1,0,0.0,0,1
5299,-70,FFBA,FFBA,-70,0,0.0,0,1
5300,4,0004,0004,4,0,0.0,0,1
5301,157,009D,009D,157,0,0.0,0,1
5302,-17,FFEF,FFEF,-17,0,0.0,0,1
5303,-176,FF50,FF50,-176,0,0.0,0,1
5304,-22,FFEA,FFEA,-22,0,0.0,0,1
5305,-50,FFCE,FFCE,-50,0,0.0,0,1
5306,170,00AA,00AA,170,0,0.0,0,1
5307,-58,FFC6,FFC6,-58,0,0.0,0,1
5308,-47,FFD1,FFD1,-47,0,0.0,0,1
5309,-77,FFB3,FFB3,-77,0,0.0,0,1
5310,-176,FF50,FF50,-176,0,0.0,0,1
5311,69,0045,0045,69,0,0.0,0,1
5312,101,0065,0065,101,0,0.0,0,1
5313,-151,FF69,FF69,-151,0,0.0,0,1
5314,-9,FFF7,FFF7,-9,0,0.0,0,1
5315,155,009B,009B,155,0,0.0,0,1
5316,-137,FF77,FF77,-137,0,0.0,0,1
5317,-135,FF79,FF79,-135,0,0.0,0,1
5318,11,000B,000B,11,0,0.0,0,1
5319,-8,FFF8,FFF8,-8,0,0.0,0,1
5320,133,0085,0085,133,0,0.0,0,1
5321,-44,FFD4,FFD4,-44,0,0.0,0,1
5322,-58,FFC6,FFC6,-58,0,0.0,0,1
5323,-104,FF98,FF98,-104,0,0.0,0,1
5324,6,0006,0006,6,0,0.0,0,1
5325,-1,FFFF,FFFF,-1,0,0.0,0,1
5326,-48,FFD0,FFD0,-48,0,0.0,0,1
5327,-131,FF7D,FF7D,-131,0,0.0,0,1
5328,-17,FFEF,FFEF,-17,0,0.0,0,1
5329,-102,FF9A,FF9A,-102,0,0.0,0,1
5330,7,0007,0007,7,0,0.0,0,1
5331,-87,FFA9,FFA9,-87,0,0.0,0,1
5332,-47,FFD1,FFD1,-47,0,0.0,0,1
5333,-25,FFE7,FFE7,-25,0,0.0,0,1
5334,18,0012,0012,18,0,0.0,0,1
5335,222,00DE,00DE,222,0,0.0,0,1
5336,-52,FFCC,FFCC,-52,0,0.0,0,1
5337,-26,FFE6,FFE6,-26,0,0.0,0,1
5338,-39,FFD9,FFD9,-39,0,0.0,0,1
5339,-180,FF4C,FF4C,-180,0,0.0,0,1
5340,-72,FFB8,FFB8,-72,0,0.0,0,1
5341,-3,FFFD,FFFD,-3,0,0.0,0,1
5342,-69,FFBB,FFBB,-69,0,0.0,0,1
5343,90,005A,005A,90,0,0.0,0,1
5344,15,000F,000F,15,0,0.0,0,1
5345,-27,FFE5,FFE5,-27,0,0.0,0,1
5346,-31,FFE1,FFE1,-31,0,0.0,0,1
5347,82,0052,0052,82,0,0.0,0,1
5348,-83,FFAD,FFAD,-83,0,0.0,0,1
5349,233,00E9,00E9,233,0,0.0,0,1
5350,-58,FFC6,FFC6,-58,0,0.0,0,1
5351,-123,FF85,FF85,-123,0,0.0,0,1
5352,155,009B,009B,155,0,0.0,0,1
5353,-125,FF83,FF83,-125,0,0.0,0,1
5354,12,000C,000C,12,0,0.0,0,1
5355,63,003F,003F,63,0,0.0,0,1
5356,90,005A,005A,90,0,0.0,0,1
5357,106,006A,006A,106,0,0.0,0,1
5358,38,0026,0026,38,0,0.0,0,1
5359,96,0060,0060,96,0,0.0,0,1
5360,42,002A,002A,42,0,0.0,0,1
5361,-190,FF42,FF42,-190,0,0.0,0,1
5362,23,0017,0017,23,0,0.0,0,1
5363,149,0095,0095,149,0,0.0,0,1
5364,1,0001,0001,1,0,0.0,0,1
5365,-37,FFDB,FFDB,-37,0,0.0,0,1
5366,-62,FFC2,FFC2,-62,0,0.0,0,1
5367,-31,FFE1,FFE1,-31,0,0.0,0,1
5368,87,0057,0057,87,0,0.0,0,1
5369,-179,FF4D,FF4D,-179,0,0.0,0,1
5370,-73,FFB7,FFB7,-73,0,0.0,0,1
5371,-37,FFDB,FFDB,-37,0,0.0,0,1
5372,19,0013,0013,19,0,0.0,0,1
5373,54,0036,0036,54,0,0.0,0,1
5374,25,0019,0019,25,0,0.0,0,1
5375,-35,FFDD,FFDD,-35,0,0.0,0,1
5376,-136,FF78,FF78,-136,0,0.0,0,1
5377,-39,FFD9,FFD9,-39,0,0.0,0,1
5378,245,00F5,00F5,245,0,0.0,0,1
5379,14,000E,000E,14,0,0.0,0,1
5380,-96,FFA0,FFA0,-96,0,0.0,0,1
5381,-3,FFFD,FFFD,-3,0,0.0,0,1
5382,36,0024,0024,36,0,0.0,0,1
5383,-200,FF38,FF38,-200,0,0.0,0,1
5384,160,00A0,00A0,160,0,0.0,0,1
5385,-29,FFE3,FFE3,-29,0,0.0,0,1
5386,-24,FFE8,FFE8,-24,0,0.0,0,1
5387,58,003A,003A,58,0,0.0,0,1
5388,90,005A,005A,90,0,0.0,0,1
5389,58,003A,003A,58,0,0.0,0,1
5390,-62,FFC2,FFC2,-62,0,0.0,0,1
5391,-29,FFE3,FFE3,-29,0,0.0,0,1
5392,115,0073,0073,115,0,0.0,0,1
5393,-41,FFD7,FFD7,-41,0,0.0,0,1
5394,-121,FF87,FF87,-121,0,0.0,0,1
5395,68,0044,0044,68,0,0.0,0,1
5396,9,0009,0009,9,0,0.0,0,1
5397,153,0099,0099,153,0,0.0,0,1
5398,52,0034,0034,52,0,0.0,0,1
5399,163,00A3,00A3,163,0,0.0,0,1
5400,174,00AE,00AE,174,0,0.0,0,1
5401,-43,FFD5,FFD5,-43,0,0.0,0,1
5402,-3,FFFD,FFFD,-3,0,0.0,0,1
5403,42,002A,002A,42,0,0.0,0,1
5404,-128,FF80,FF80,-128,0,0.0,0,1
5405,79,004F,004F,79,0,0.0,0,1
5406,162,00A2,00A2,162,0,0.0,0,1
5407,-152,FF68,FF68,-152,0,0.0,0,1
5408,-156,FF64,FF64,-156,0,0.0,0,1
5409,-44,FFD4,FFD4,-44,0,0.0,0,1
5410,123,007B,007B,123,0,0.0,0,1
5411,31,001F,001F,31,0,0.0,0,1
5412,-48,FFD0,FFD0,-48,0,0.0,0,1
5413,-31,FFE1,FFE1,-31,0,0.0,0,1
5414,-92,FFA4,FFA4,-92,0,0.0,0,1
5415,-111,FF91,FF91,-111,0,0.0,0,1
5416,-46,FFD2,FFD2,-46,0,0.0,0,1
5417,175,00AF,00AF,175,0,0.0,0,1
5418,28,001C,001C,28,0,0.0,0,1
5419,28,001C,001C,28,0,0.0,0,1
5420,68,0044,0044,68,0,0.0,0,1
5421,-54,FFCA,FFCA,-54,0,0.0,0,1
5422,36,0024,0024,36,0,0.0,0,1
5423,32,0020,0020,32,0,0.0,0,1
5424,114,0072,0072,114,0,0.0,0,1
5425,63,003F,003F,63,0,0.0,0,1
5426,22,0016,0016,22,0,0.0,0,1
5427,-6,FFFA,FFFA,-6,0,0.0,0,1
5428,36,0024,0024,36,0,0.0,0,1
5429,-179,FF4D,FF4D,-179,0,0.0,0,1
5430,-36,FFDC,FFDC,-36,0,0.0,0,1
5431,-82,FFAE,FFAE,-82,0,0.0,0,1
5432,56,0038,0038,56,0,0.0,0,1
5433,-57,FFC7,FFC7,-57,0,0.0,0,1
5434,-184,FF48,FF48,-184,0,0.0,0,1
5435,53,0035,0035,53,0,0.0,0,1
5436,-94,FFA2,FFA2,-94,0,0.0,0,1
5437,43,002B,002B,43,0,0.0,0,1
5438,34,0022,0022,34,0,0.0,0,1
5439,-15,FFF1,FFF1,-15,0,0.0,0,1
5440,-82,FFAE,FFAE,-82,0,0.0,0,1
5441,46,002E,002E,46,0,0.0,0,1
5442,-24,FFE8,FFE8,-24,0,0.0,0,1
5443,27,001B,001B,27,0,0.0,0,1
5444,-17,FFEF,FFEF,-17,0,0.0,0,1
5445,-73,FFB7,FFB7,-73,0,0.0,0,1
5446,124,007C,007C,124,0,0.0,0,1
5447,6,0006,0006,6,0,0.0,0,1
5448,45,002D,002D,45,0,0.0,0,1
5449,104,0068,0068,104,0,0.0,0,1
5450,71,0047,0047,71,0,0.0,0,1
5451,113,0071,0071,113,0,0.0,0,1
5452,-104,FF98,FF98,-104,0,0.0,0,1
5453,-6,FFFA,FFFA,-6,0,0.0,0,1
5454,137,0089,0089,137,0,0.0,0,1
5455,-14,FFF2,FFF2,-14,0,0.0,0,1
5456,144,0090,0090,144,0,0.0,0,1
5457,59,003B,003B,59,0,0.0,0,1
5458,169,00A9,00A9,169,0,0.0,0,1
5459,202,00CA,00CA,202,0,0.0,0,1
5460,113,0071,0071,113,0,0.0,0,1
5461,168,00A8,00A8,168,0,0.0,0,1
5462,-90,FFA6,FFA6,-90,0,0.0,0,1
5463,123,007B,007B,123,0,0.0,0,1
5464,-82,FFAE,FFAE,-82,0,0.0,0,1
5465,-165,FF5B,FF5B,-165,0,0.0,0,1
5466,-153,FF67,FF67,-153,0,0.0,0,1
5467,98,0062,0062,98,0,0.0,0,1
5468,34,0022,0022,34,0,0.0,0,1
5469,32,0020,0020,32,0,0.0,0,1
5470,95,005F,005F,95,0,0.0,0,1
5471,7,0007,0007,7,0,0.0,0,1
5472,23,0017,0017,23,0,0.0,0,1
5473,94,005E,005E,94,0,0.0,0,1
5474,175,00AF,00AF,175,0,0.0,0,1
5475,73,0049,0049,73,0,0.0,0,1
5476,-41,FFD7,FFD7,-41,0,0.0,0,1
5477,-52,FFCC,FFCC,-52,0,0.0,0,1
5478,-172,FF54,FF54,-172,0,0.0,0,1
5479,-52,FFCC,FFCC,-52,0,0.0,0,1
5480,18,0012,0012,18,0,0.0,0,1
5481,-43,FFD5,FFD5,-43,0,0.0,0,1
5482,-110,FF92,FF92,-110,0,0.0,0,1
5483,-172,FF54,FF54,-172,0,0.0,0,1
5484,-42,FFD6,FFD6,-42,0,0.0,0,1
5485,197,00C5,00C5,197,0,0.0,0,1
5486,52,0034,0034,52,0,0.0,0,1
5487,167,00A7,00A7,167,0,0.0,0,1
5488,50,0032,0032,50,0,0.0,0,1
5489,-78,FFB2,FFB2,-78,0,0.0,0,1
5490,89,0059,0059,89,0,0.0,0,1
5491,56,0038,0038,56,0,0.0,0,1
5492,106,006A,006A,106,0,0.0,0,1
5493,32,0020,0020,32,0,0.0,0,1
5494,-116,FF8C,FF8C,-116,0,0.0,0,1
5495,112,0070,0070,112,0,0.0,0,1
5496,-39,FFD9,FFD9,-39,0,0.0,0,1
5497,98,0062,0062,98,0,0.0,0,1
5498,55,0037,0037,55,0,0.0,0,1
5499,203,00CB,00CB,203,0,0.0,0,1
5500,112,0070,0070,112,0,0.0,0,1
5501,76,004C,004C,76,0,0.0,0,1
5502,-11,FFF5,FFF5,-11,0,0.0,0,1
5503,-85,FFAB,FFAB,-85,0,0.0,0,1
5504,-219,FF25,FF25,-219,0,0.0,0,1
5505,-46,FFD2,FFD2,-46,0,0.0,0,1
5506,122,007A,007A,122,0,0.0,0,1
5507,193,00C1,00C1,193,0,0.0,0,1
5508,93,005D,005D,93,0,0.0,0,1
5509,160,00A0,00A0,160,0,0.0,0,1
5510,-207,FF31,FF31,-207,0,0.0,0,1
5511,-18,FFEE,FFEE,-18,0,0.0,0,1
5512,158,009E,009E,158,0,0.0,0,1
5513,-74,FFB6,FFB6,-74,0,0.0,0,1
5514,158,009E,009E,158,0,0.0,0,1
5515,129,0081,0081,129,0,0.0,0,1
5516,20,0014,0014,20,0,0.0,0,1
5517,44,002C,002C,44,0,0.0,0,1
5518,93,005D,005D,93,0,0.0,0,1
5519,114,0072,0072,114,0,0.0,0,1
5520,13,000D,000D,13,0,0.0,0,1
5521,-205,FF33,FF33,-205,0,0.0,0,1
5522,-33,FFDF,FFDF,-33,0,0.0,0,1
5523,-80,FFB0,FFB0,-80,0,0.0,0,1
5524,20,0014,0014,20,0,0.0,0,1
5525,-41,FFD7,FFD7,-41,0,0.0,0,1
5526,-92,FFA4,FFA4,-92,0,0.0,0,1
5527,31,001F,001F,31,0,0.0,0,1
5528,-140,FF74,FF74,-140,0,0.0,0,1
5529,-85,FFAB,FFAB,-85,0,0.0,0,1
5530,26,001A,001A,26,0,0.0,0,1
5531,-29,FFE3,FFE3,-29,0,0.0,0,1
5532,-107,FF95,FF95,-107,0,0.0,0,1
5533,39,0027,0027,39,0,0.0,0,1
5534,214,00D6,00D6,214,0,0.0,0,1
5535,90,005A,005A,90,0,0.0,0,1
5536,-34,FFDE,FFDE,-34,0,0.0,0,1
5537,31,001F,001F,31,0,0.0,0,1
5538,-51,FFCD,FFCD,-51,0,0.0,0,1
5539,-29,FFE3,FFE3,-29,0,0.0,0,1
5540,-107,FF95,FF95,-107,0,0.0,0,1
5541,39,0027,0027,39,0,0.0,0,1
5542,60,003C,003C,60,0,0.0,0,1
5543,-98,FF9E,FF9E,-98,0,0.0,0,1
5544,-136,FF78,FF78,-136,0,0.0,0,1
5545,-20,FFEC,FFEC,-20,0,0.0,0,1
5546,-52,FFCC,FFCC,-52,0,0.0,0,1
5547,-27,FFE5,FFE5,-27,0,0.0,0,1
5548,113,0071,0071,113,0,0.0,0,1
5549,15,000F,000F,15,0,0.0,0,1
5550,-77,FFB3,FFB3,-77,0,0.0,0,1
5551,-136,FF78,FF78,-136,0,0.0,0,1
5552,-113,FF8F,FF8F,-113,0,0.0,0,1
5553,25,0019,0019,25,0,0.0,0,1
5554,-11,FFF5,FFF5,-11,0,0.0,0,1
5555,-83,FFAD,FFAD,-83,0,0.0,0,1
5556,-38,FFDA,FFDA,-38,0,0.0,0,1
5557,62,003E,003E,62,0,0.0,0,1
5558,-31,FFE1,FFE1,-31,0,0.0,0,1
5559,-45,FFD3,FFD3,-45,0,0.0,0,1
5560,12,000C,000C,12,0,0.0,0,1
5561,-65,FFBF,FFBF,-65,0,0.0,0,1
5562,-122,FF86,FF86,-122,0,0.0,0,1
5563,51,0033,0033,51,0,0.0,0,1
5564,-31,FFE1,FFE1,-31,0,0.0,0,1
5565,31,001F,001F,31,0,0.0,0,1
5566,-21,FFEB,FFEB,-21,0,0.0,0,1
5567,42,002A,002A,42,0,0.0,0,1
5568,61,003D,003D,61,0,0.0,0,1
5569,-125,FF83,FF83,-125,0,0.0,0,1
5570,-93,FFA3,FFA3,-93,0,0.0,0,1
5571,73,0049,0049,73,0,0.0,0,1
5572,-38,FFDA,FFDA,-38,0,0.0,0,1
5573,-95,FFA1,FFA1,-95,0,0.0,0,1
5574,-45,FFD3,FFD3,-45,0,0.0,0,1
5575,-123,FF85,FF85,-123,0,0.0,0,1
5576,92,005C,005C,92,0,0.0,0,1
5577,-24,FFE8,FFE8,-24,0,0.0,0,1
5578,72,0048,0048,72,0,0.0,0,1
5579,-274,FEEE,FEEE,-274,0,0.0,0,1
5580,-18,FFEE,FFEE,-18,0,0.0,0,1
5581,-77,FFB3,FFB3,-77,0,0.0,0,1
5582,85,0055,0055,85,0,0.0,0,1
5583,78,004E,004E,78,0,0.0,0,1
5584,165,00A5,00A5,165,0,0.0,0,1
5585,16,0010,0010,16,0,0.0,0,1
5586,-200,FF38,FF38,-200,0,0.0,0,1
5587,-63,FFC1,FFC1,-63,0,0.0,0,1
5588,-54,FFCA,FFCA,-54,0,0.0,0,1
5589,10,000A,000A,10,0,0.0,0,1
5590,0,0000,0000,0,0,0.0,0,1
5591,-43,FFD5,FFD5,-43,0,0.0,0,1
5592,64,0040,0040,64,0,0.0,0,1
5593,135,0087,0087,135,0,0.0,0,1
5594,41,0029,0029,41,0,0.0,0,1
5595,27,001B,001B,27,0,0.0,0,1
5596,-57,FFC7,FFC7,-57,0,0.0,0,1
5597,143,008F,008F,143,0,0.0,0,1
5598,-98,FF9E,FF9E,-98,0,0.0,0,1
5599,71,0047,0047,71,0,0.0,0,1
5600,-85,FFAB,FFAB,-85,0,0.0,0,1
5601,81,0051,0051,81,0,0.0,0,1
5602,-183,FF49,FF49,-183,0,0.0,0,1
5603,59,003B,003B,59,0,0.0,0,1
5604,-66,FFBE,FFBE,-66,0,0.0,0,1
5605,-36,FFDC,FFDC,-36,0,0.0,0,1
5606,201,00C9,00C9,201,0,0.0,0,1
5607,-23,FFE9,FFE9,-23,0,0.0,0,1
5608,-164,FF5C,FF5C,-164,0,0.0,0,1
5609,115,0073,0073,115,0,0.0,0,1
5610,68,0044,0044,68,0,0.0,0,1
5611,-66,FFBE,FFBE,-66,0,0.0,0,1
5612,-127,FF81,FF81,-127,0,0.0,0,1
5613,211,00D3,00D3,211,0,0.0,0,1
5614,34,0022,0022,34,0,0.0,0,1
5615,-21,FFEB,FFEB,-21,0,0.0,0,1
5616,165,00A5,00A5,165,0,0.0,0,1
5617,21,0015,0015,21,0,0.0,0,1
5618,161,00A1,00A1,161,0,0.0,0,1
5619,78,004E,004E,78,0,0.0,0,1
5620,-27,FFE5,FFE5,-27,0,0.0,0,1
5621,-167,FF59,FF59,-167,0,0.0,0,1
5622,70,0046,0046,70,0,0.0,0,1
5623,-83,FFAD,FFAD,-83,0,0.0,0,1
5624,6,0006,0006,6,0,0.0,0,1
5625,-117,FF8B,FF8B,-117,0,0.0,0,1
5626,-143,FF71,FF71,-143,0,0.0,0,1
5627,-127,FF81,FF81,-127,0,0.0,0,1
5628,12,000C,000C,12,0,0.0,0,1
5629,-93,FFA3,FFA3,-93,0,0.0,0,1
5630,141,008D,008D,141,0,0.0,0,1
5631,49,0031,0031,49,0,0.0,0,1
5632,-8,FFF8,FFF8,-8,0,0.0,0,1
5633,-155,FF65,FF65,-155,0,0.0,0,1
5634,-86,FFAA,FFAA,-86,0,0.0,0,1
5635,51,0033,0033,51,0,0.0,0,1
5636,44,002C,002C,44,0,0.0,0,1
5637,-3,FFFD,FFFD,-3,0,0.0,0,1
5638,-26,FFE6,FFE6,-26,0,0.0,0,1
5639,2,0002,0002,2,0,0.0,0,1
5640,108,006C,006C,108,0,0.0,0,1
5641,123,007B,007B,123,0,0.0,0,1
5642,110,006E,006E,110,0,0.0,0,1
5643,45,002D,002D,45,0,0.0,0,1
5644,58,003A,003A,58,0,0.0,0,1
5645,-40,FFD8,FFD8,-40,0,0.0,0,1
5646,-35,FFDD,FFDD,-35,0,0.0,0,1
5647,-21,FFEB,FFEB,-21,0,0.0,0,1
5648,123,007B,007B,123,0,0.0,0,1
5649,14,000E,000E,14,0,0.0,0,1
5650,-26,FFE6,FFE6,-26,0,0.0,0,1
5651,-86,FFAA,FFAA,-86,0,0.0,0,1
5652,34,0022,0022,34,0,0.0,0,1
5653,12,000C,000C,12,0,0.0,0,1
5654,17,0011,0011,17,0,0.0,0,1
5655,203,00CB,00CB,203,0,0.0,0,1
5656,154,009A,009A,154,0,0.0,0,1
5657,-194,FF3E,FF3E,-194,0,0.0,0,1
5658,8,0008,0008,8,0,0.0,0,1
5659,63,003F,003F,63,0,0.0,0,1
5660,-138,FF76,FF76,-138,0,0.0,0,1
5661,-36,FFDC,FFDC,-36,0,0.0,0,1
5662,-389,FE7B,FE7B,-389,0,0.0,0,1
5663,175,00AF,00AF,175,0,0.0,0,1
5664,123,007B,007B,123,0,0.0,0,1
5665,30,001E,001E,30,0,0.0,0,1
5666,-51,FFCD,FFCD,-51,0,0.0,0,1
5667,-8,FFF8,FFF8,-8,0,0.0,0,1
5668,169,00A9,00A9,169,0,0.0,0,1
5669,53,0035,0035,53,0,0.0,0,1
5670,157,009D,009D,157,0,0.0,0,1
5671,108,006C,006C,108,0,0.0,0,1
5672,59,003B,003B,59,0,0.0,0,1
5673,-171,FF55,FF55,-171,0,0.0,0,1
5674,26,001A,001A,26,0,0.0,0,1
5675,-52,FFCC,FFCC,-52,0,0.0,0,1
5676,75,004B,004B,75,0,0.0,0,1
5677,-103,FF99,FF99,-103,0,0.0,0,1
5678,86,0056,0056,86,0,0.0,0,1
5679,18,0012,0012,18,0,0.0,0,1
5680,-120,FF88,FF88,-120,0,0.0,0,1
5681,-154,FF66,FF66,-154,0,0.0,0,1
5682,-55,FFC9,FFC9,-55,0,0.0,0,1
5683,107,006B,006B,107,0,0.0,0,1
5684,-49,FFCF,FFCF,-49,0,0.0,0,1
5685,149,0095,0095,149,0,0.0,0,1
5686,-123,FF85,FF85,-123,0,0.0,0,1
5687,72,0048,0048,72,0,0.0,0,1
5688,-86,FFAA,FFAA,-86,0,0.0,0,1
5689,97,0061,0061,97,0,0.0,0,1
5690,-90,FFA6,FFA6,-90,0,0.0,0,1
5691,7,0007,0007,7,0,0.0,0,1
5692,38,0026,0026,38,0,0.0,0,1
5693,19,0013,0013,19,0,0.0,0,1
5694,132,0084,0084,132,0,0.0,0,1
5695,-98,FF9E,FF9E,-98,0,0.0,0,1
5696,-40,FFD8,FFD8,-40,0,0.0,0,1
5697,-118,FF8A,FF8A,-118,0,0.0,0,1
5698,-154,FF66,FF66,-154,0,0.0,0,1
5699,118,0076,0076,118,0,0.0,0,1
5700,-15,FFF1,FFF1,-15,0,0.0,0,1
5701,-65,FFBF,FFBF,-65,0,0.0,0,1
5702,-220,FF24,FF24,-220,0,0.0,0,1
5703,-73,FFB7,FFB7,-73,0,0.0,0,1
5704,-76,FFB4,FFB4,-76,0,0.0,0,1
5705,-114,FF8E,FF8E,-114,0,0.0,0,1
5706,4,0004,0004,4,0,0.0,0,1
5707,-156,FF64,FF64,-156,0,0.0,0,1
5708,53,0035,0035,53,0,0.0,0,1
5709,-116,FF8C,FF8C,-116,0,0.0,0,1
5710,-35,FFDD,FFDD,-35,0,0.0,0,1
5711,-34,FFDE,FFDE,-34,0,0.0,0,1
5712,-12,FFF4,FFF4,-12,0,0.0,0,1
5713,90,005A,005A,90,0,0.0,0,1
5714,-131,FF7D,FF7D,-131,0,0.0,0,1
5715,-150,FF6A,FF6A,-150,0,0.0,0,1
5716,-63,FFC1,FFC1,-63,0,0.0,0,1
5717,-31,FFE1,FFE1,-31,0,0.0,0,1
5718,24,0018,0018,24,0,0.0,0,1
5719,-30,FFE2,FFE2,-30,0,0.0,0,1
5720,-47,FFD1,FFD1,-47,0,0.0,0,1
5721,193,00C1,00C1,193,0,0.0,0,1
5722,-10,FFF6,FFF6,-10,0,0.0,0,1
5723,-41,FFD7,FFD7,-41,0,0.0,0,1
5724,95,005F,005F,95,0,0.0,0,1
5725,-26,FFE6,FFE6,-26,0,0.0,0,1
5726,-8,FFF8,FFF8,-8,0,0.0,0,1
5727,129,0081,0081,129,0,0.0,0,1
5728,104,0068,0068,104,0,0.0,0,1
5729,-76,FFB4,FFB4,-76,0,0.0,0,1
5730,-202,FF36,FF36,-202,0,0.0,0,1
5731,-61,FFC3,FFC3,-61,0,0.0,0,1
5732,22,0016,0016,22,0,0.0,0,1
5733,131,0083,0083,131,0,0.0,0,1
5734,-13,FFF3,FFF3,-13,0,0.0,0,1
5735,104,0068,0068,104,0,0.0,0,1
5736,-243,FF0D,FF0D,-243,0,0.0,0,1
5737,-196,FF3C,FF3C,-196,0,0.0,0,1
5738,63,003F,003F,63,0,0.0,0,1
5739,-14,FFF2,FFF2,-14,0,0.0,0,1
5740,-2,FFFE,FFFE,-2,0,0.0,0,1
5741,-109,FF93,FF93,-109,0,0.0,0,1
5742,22,0016,0016,22,0,0.0,0,1
5743,-93,FFA3,FFA3,-93,0,0.0,0,1
5744,-130,FF7E,FF7E,-130,0,0.0,0,1
5745,39,0027,0027,39,0,0.0,0,1
5746,-70,FFBA,FFBA,-70,0,0.0,0,1
5747,1,0001,0001,1,0,0.0,0,1
5748,37,0025,0025,37,0,0.0,0,1
5749,53,0035,0035,53,0,0.0,0,1
5750,-36,FFDC,FFDC,-36,0,0.0,0,1
5751,97,0061,0061,97,0,0.0,0,1
5752,109,006D,006D,109,0,0.0,0,1
5753,30,001E,001E,30,0,0.0,0,1
5754,23,0017,0017,23,0,0.0,0,1
5755,-116,FF8C,FF8C,-116,0,0.0,0,1
5756,89,0059,0059,89,0,0.0,0,1
5757,-99,FF9D,FF9D,-99,0,0.0,0,1
5758,-56,FFC8,FFC8,-56,0,0.0,0,1
5759,-168,FF58,FF58,-168,0,0.0,0,1
5760,-59,FFC5,FFC5,-59,0,0.0,0,1
5761,3,0003,0003,3,0,0.0,0,1
5762,5,0005,0005,5,0,0.0,0,1
5763,-1,FFFF,FFFF,-1,0,0.0,0,1
5764,-123,FF85,FF85,-123,0,0.0,0,1
5765,117,0075,0075,117,0,0.0,0,1
5766,175,00AF,00AF,175,0,0.0,0,1
5767,22,0016,0016,22,0,0.0,0,1
5768,71,0047,0047,71,0,0.0,0,1
5769,129,0081,0081,129,0,0.0,0,1
5770,-83,FFAD,FFAD,-83,0,0.0,0,1
5771,97,0061,0061,97,0,0.0,0,1
5772,-45,FFD3,FFD3,-45,0,0.0,0,1
5773,-26,FFE6,FFE6,-26,0,0.0,0,1
5774,20,0014,0014,20,0,0.0,0,1
5775,-20,FFEC,FFEC,-20,0,0.0,0,1
5776,39,0027,0027,39,0,0.0,0,1
5777,-27,FFE5,FFE5,-27,0,0.0,0,1
5778,47,002F,002F,47,0,0.0,0,1
5779,-24,FFE8,FFE8,-24,0,0.0,0,1
5780,-60,FFC4,FFC4,-60,0,0.0,0,1
5781,52,0034,0034,52,0,0.0,0,1
5782,-26,FFE6,FFE6,-26,0,0.0,0,1
5783,-120,FF88,FF88,-120,0,0.0,0,1
5784,4,0004,0004,4,0,0.0,0,1
5785,21,0015,0015,21,0,0.0,0,1
5786,-117,FF8B,FF8B,-117,0,0.0,0,1
5787,-1,FFFF,FFFF,-1,0,0.0,0,1
5788,-45,FFD3,FFD3,-45,0,0.0,0,1
5789,-113,FF8F,FF8F,-113,0,0.0,0,1
5790,-112,FF90,FF90,-112,0,0.0,0,1
5791,39,0027,0027,39,0,0.0,0,1
5792,-125,FF83,FF83,-125,0,0.0,0,1
5793,115,0073,0073,115,0,0.0,0,1
5794,-57,FFC7,FFC7,-57,0,0.0,0,1
5795,-16,FFF0,FFF0,-16,0,0.0,0,1
5796,105,0069,0069,105,0,0.0,0,1
5797,138,008A,008A,138,0,0.0,0,1
5798,-61,FFC3,FFC3,-61,0,0.0,0,1
5799,17,0011,0011,17,0,0.0,0,1
5800,-50,FFCE,FFCE,-50,0,0.0,0,1
5801,-93,FFA3,FFA3,-93,0,0.0,0,1
5802,1,0001,0001,1,0,0.0,0,1
5803,112,0070,0070,112,0,0.0,0,1
5804,0,0000,0000,0,0,0.0,0,1
5805,-67,FFBD,FFBD,-67,0,0.0,0,1
5806,32,0020,0020,32,0,0.0,0,1
5807,22,0016,0016,22,0,0.0,0,1
5808,-245,FF0B,FF0B,-245,0,0.0,0,1
5809,-45,FFD3,FFD3,-45,0,0.0,0,1
5810,53,0035,0035,53,0,0.0,0,1
5811,-102,FF9A,FF9A,-102,0,0.0,0,1
5812,179,00B3,00B3,179,0,0.0,0,1
5813,146,0092,0092,146,0,0.0,0,1
5814,-139,FF75,FF75,-139,0,0.0,0,1
5815,-45,FFD3,FFD3,-45,0,0.0,0,1
5816,-3,FFFD,FFFD,-3,0,0.0,0,1
5817,-43,FFD5,FFD5,-43,0,0.0,0,1
5818,-1,FFFF,FFFF,-1,0,0.0,0,1
5819,18,0012,0012,18,0,0.0,0,1
5820,65,0041,0041,65,0,0.0,0,1
5821,-156,FF64,FF64,-156,0,0.0,0,1
5822,-7,FFF9,FFF9,-7,0,0.0,0,1
5823,-40,FFD8,FFD8,-40,0,0.0,0,1
5824,-114,FF8E,FF8E,-114,0,0.0,0,1
5825,-73,FFB7,FFB7,-73,0,0.0,0,1
5826,-48,FFD0,FFD0,-48,0,0.0,0,1
5827,63,003F,003F,63,0,0.0,0,1
5828,-34,FFDE,FFDE,-34,0,0.0,0,1
5829,60,003C,003C,60,0,0.0,0,1
5830,-17,FFEF,FFEF,-17,0,0.0,0,1
5831,-217,FF27,FF27,-217,0,0.0,0,1
5832,-4,FFFC,FFFC,-4,0,0.0,0,1
5833,-46,FFD2,FFD2,-46,0,0.0,0,1
5834,51,0033,0033,51,0,0.0,0,1
5835,-205,FF33,FF33,-205,0,0.0,0,1
5836,216,00D8,00D8,216,0,0.0,0,1
5837,124,007C,007C,124,0,0.0,0,1
5838,37,0025,0025,37,0,0.0,0,1
5839,7,0007,0007,7,0,0.0,0,1
5840,-47,FFD1,FFD1,-47,0,0.0,0,1
5841,49,0031,0031,49,0,0.0,0,1
5842,92,005C,005C,92,0,0.0,0,1
5843,-33,FFDF,FFDF,-33,0,0.0,0,1
5844,-66,FFBE,FFBE,-66,0,0.0,0,1
5845,-32,FFE0,FFE0,-32,0,0.0,0,1
5846,80,0050,0050,80,0,0.0,0,1
5847,-145,FF6F,FF6F,-145,0,0.0,0,1
5848,-185,FF47,FF47,-185,0,0.0,0,1
5849,-61,FFC3,FFC3,-61,0,0.0,0,1
5850,-185,FF47,FF47,-185,0,0.0,0,1
5851,38,0026,0026,38,0,0.0,0,1
5852,-7,FFF9,FFF9,-7,0,0.0,0,1
5853,65,0041,0041,65,0,0.0,0,1
5854,-9,FFF7,FFF7,-9,0,0.0,0,1
5855,84,0054,0054,84,0,0.0,0,1
5856,44,002C,002C,44,0,0.0,0,1
5857,61,003D,003D,61,0,0.0,0,1
5858,-69,FFBB,FFBB,-69,0,0.0,0,1
5859,-80,FFB0,FFB0,-80,0,0.0,0,1
5860,-54,FFCA,FFCA,-54,0,0.0,0,1
5861,-114,FF8E,FF8E,-114,0,0.0,0,1
5862,105,0069,0069,105,0,0.0,0,1
5863,43,002B,002B,43,0,0.0,0,1
5864,-175,FF51,FF51,-175,0,0.0,0,1
5865,-70,FFBA,FFBA,-70,0,0.0,0,1
5866,60,003C,003C,60,0,0.0,0,1
5867,-158,FF62,FF62,-158,0,0.0,0,1
5868,31,001F,001F,31,0,0.0,0,1
5869,-75,FFB5,FFB5,-75,0,0.0,0,1
5870,-227,FF1D,FF1D,-227,0,0.0,0,1
5871,51,0033,0033,51,0,0.0,0,1
5872,24,0018,0018,24,0,0.0,0,1
5873,-187,FF45,FF45,-187,0,0.0,0,1
5874,79,004F,004F,79,0,0.0,0,1
5875,70,0046,0046,70,0,0.0,0,1
5876,152,0098,0098,152,0,0.0,0,1
5877,-35,FFDD,FFDD,-35,0,0.0,0,1
5878,12,000C,000C,12,0,0.0,0,1
5879,-50,FFCE,FFCE,-50,0,0.0,0,1
5880,58,003A,003A,58,0,0.0,0,1
5881,24,0018,0018,24,0,0.0,0,1
5882,-94,FFA2,FFA2,-94,0,0.0,0,1
5883,126,007E,007E,126,0,0.0,0,1
5884,-80,FFB0,FFB0,-80,0,0.0,0,1
5885,-36,FFDC,FFDC,-36,0,0.0,0,1
5886,-15,FFF1,FFF1,-15,0,0.0,0,1
5887,-90,FFA6,FFA6,-90,0,0.0,0,1
5888,125,007D,007D,125,0,0.0,0,1
5889,90,005A,005A,90,0,0.0,0,1
5890,-187,FF45,FF45,-187,0,0.0,0,1
5891,82,0052,0052,82,0,0.0,0,1
5892,62,003E,003E,62,0,0.0,0,1
5893,-15,FFF1,FFF1,-15,0,0.0,0,1
5894,-33,FFDF,FFDF,-33,0,0.0,0,1
5895,26,001A,001A,26,0,0.0,0,1
5896,3,0003,0003,3,0,0.0,0,1
5897,-115,FF8D,FF8D,-115,0,0.0,0,1
5898,-54,FFCA,FFCA,-54,0,0.0,0,1
5899,21,0015,0015,21,0,0.0,0,1
5900,74,004A,004A,74,0,0.0,0,1
5901,-56,FFC8,FFC8,-56,0,0.0,0,1
5902,105,0069,0069,105,0,0.0,0,1
5903,24,0018,0018,24,0,0.0,0,1
5904,126,007E,007E,126,0,0.0,0,1
5905,-41,FFD7,FFD7,-41,0,0.0,0,1
5906,23,0017,0017,23,0,0.0,0,1
5907,-78,FFB2,FFB2,-78,0,0.0,0,1
5908,-15,FFF1,FFF1,-15,0,0.0,0,1
5909,-116,FF8C,FF8C,-116,0,0.0,0,1
5910,-98,FF9E,FF9E,-98,0,0.0,0,1
5911,-65,FFBF,FFBF,-65,0,0.0,0,1
5912,-136,FF78,FF78,-136,0,0.0,0,1
5913,67,0043,0043,67,0,0.0,0,1
5914,-129,FF7F,FF7F,-129,0,0.0,0,1
5915,38,0026,0026,38,0,0.0,0,1
5916,117,0075,0075,117,0,0.0,0,1
5917,74,004A,004A,74,0,0.0,0,1
5918,84,0054,0054,84,0,0.0,0,1
5919,-16,FFF0,FFF0,-16,0,0.0,0,1
5920,-60,FFC4,FFC4,-60,0,0.0,0,1
5921,257,0101,0101,257,0,0.0,0,1
5922,4,0004,0004,4,0,0.0,0,1
5923,-9,FFF7,FFF7,-9,0,0.0,0,1
5924,32,0020,0020,32,0,0.0,0,1
5925,-61,FFC3,FFC3,-61,0,0.0,0,1
5926,122,007A,007A,122,0,0.0,0,1
5927,187,00BB,00BB,187,0,0.0,0,1
5928,35,0023,0023,35,0,0.0,0,1
5929,21,0015,0015,21,0,0.0,0,1
5930,-144,FF70,FF70,-144,0,0.0,0,1
5931,-171,FF55,FF55,-171,0,0.0,0,1
5932,-3,FFFD,FFFD,-3,0,0.0,0,1
5933,-54,FFCA,FFCA,-54,0,0.0,0,1
5934,26,001A,001A,26,0,0.0,0,1
5935,-137,FF77,FF77,-137,0,0.0,0,1
5936,112,0070,0070,112,0,0.0,0,1
5937,-57,FFC7,FFC7,-57,0,0.0,0,1
5938,36,0024,0024,36,0,0.0,0,1
5939,-84,FFAC,FFAC,-84,0,0.0,0,1
5940,82,0052,0052,82,0,0.0,0,1
5941,46,002E,002E,46,0,0.0,0,1
5942,-58,FFC6,FFC6,-58,0,0.0,0,1
5943,15,000F,000F,15,0,0.0,0,1
5944,-14,FFF2,FFF2,-14,0,0.0,0,1
5945,75,004B,004B,75,0,0.0,0,1
5946,-78,FFB2,FFB2,-78,0,0.0,0,1
5947,56,0038,0038,56,0,0.0,0,1
5948,-15,FFF1,FFF1,-15,0,0.0,0,1
5949,-190,FF42,FF42,-190,0,0.0,0,1
5950,-92,FFA4,FFA4,-92,0,0.0,0,1
5951,52,0034,0034,52,0,0.0,0,1
5952,198,00C6,00C6,198,0,0.0,0,1
5953,-23,FFE9,FFE9,-23,0,0.0,0,1
5954,-92,FFA4,FFA4,-92,0,0.0,0,1
5955,51,0033,0033,51,0,0.0,0,1
5956,-25,FFE7,FFE7,-25,0,0.0,0,1
5957,-99,FF9D,FF9D,-99,0,0.0,0,1
5958,-5,FFFB,FFFB,-5,0,0.0,0,1
5959,-55,FFC9,FFC9,-55,0,0.0,0,1
5960,-57,FFC7,FFC7,-57,0,0.0,0,1
5961,-190,FF42,FF42,-190,0,0.0,0,1
5962,-150,FF6A,FF6A,-150,0,0.0,0,1
5963,45,002D,002D,45,0,0.0,0,1
5964,-120,FF88,FF88,-120,0,0.0,0,1
5965,125,007D,007D,125,0,0.0,0,1
5966,46,002E,002E,46,0,0.0,0,1
5967,72,0048,0048,72,0,0.0,0,1
5968,124,007C,007C,124,0,0.0,0,1
5969,71,0047,0047,71,0,0.0,0,1
5970,93,005D,005D,93,0,0.0,0,1
5971,13,000D,000D,13,0,0.0,0,1
5972,81,0051,0051,81,0,0.0,0,1
5973,6,0006,0006,6,0,0.0,0,1
5974,-86,FFAA,FFAA,-86,0,0.0,0,1
5975,-1,FFFF,FFFF,-1,0,0.0,0,1
5976,137,0089,0089,137,0,0.0,0,1
5977,-126,FF82,FF82,-126,0,0.0,0,1
5978,58,003A,003A,58,0,0.0,0,1
5979,84,0054,0054,84,0,0.0,0,1
5980,160,00A0,00A0,160,0,0.0,0,1
5981,27,001B,001B,27,0,0.0,0,1
5982,91,005B,005B,91,0,0.0,0,1
5983,16,0010,0010,16,0,0.0,0,1
5984,-47,FFD1,FFD1,-47,0,0.0,0,1
5985,0,0000,0000,0,0,0.0,0,1
5986,79,004F,004F,79,0,0.0,0,1
5987,-72,FFB8,FFB8,-72,0,0.0,0,1
5988,-139,FF75,FF75,-139,0,0.0,0,1
5989,-216,FF28,FF28,-216,0,0.0,0,1
5990,-2,FFFE,FFFE,-2,0,0.0,0,1
5991,-97,FF9F,FF9F,-97,0,0.0,0,1
5992,-202,FF36,FF36,-202,0,0.0,0,1
5993,-147,FF6D,FF6D,-147,0,0.0,0,1
5994,-64,FFC0,FFC0,-64,0,0.0,0,1
5995,-48,FFD0,FFD0,-48,0,0.0,0,1
5996,18,0012,0012,18,0,0.0,0,1
5997,-64,FFC0,FFC0,-64,0,0.0,0,1
5998,-255,FF01,FF01,-255,0,0.0,0,1
5999,-201,FF37,FF37,-201,0,0.0,0,1
6000,152,0098,0098,152,0,0.0,0,1
6001,-21,FFEB,FFEB,-21,0,0.0,0,1
6002,46,002E,002E,46,0,0.0,0,1
6003,51,0033,0033,51,0,0.0,0,1
6004,-23,FFE9,FFE9,-23,0,0.0,0,1
6005,-48,FFD0,FFD0,-48,0,0.0,0,1
6006,64,0040,0040,64,0,0.0,0,1
6007,146,0092,0092,146,0,0.0,0,1
6008,-62,FFC2,FFC2,-62,0,0.0,0,1
6009,150,0096,0096,150,0,0.0,0,1
6010,16,0010,0010,16,0,0.0,0,1
6011,132,0084,0084,132,0,0.0,0,1
6012,-20,FFEC,FFEC,-20,0,0.0,0,1
6013,-156,FF64,FF64,-156,0,0.0,0,1
6014,-173,FF53,FF53,-173,0,0.0,0,1
6015,-24,FFE8,FFE8,-24,0,0.0,0,1
6016,70,0046,0046,70,0,0.0,0,1
6017,33,0021,0021,33,0,0.0,0,1
6018,-33,FFDF,FFDF,-33,0,0.0,0,1
6019,9,0009,0009,9,0,0.0,0,1
6020,77,004D,004D,77,0,0.0,0,1
6021,110,006E,006E,110,0,0.0,0,1
6022,-209,FF2F,FF2F,-209,0,0.0,0,1
6023,-107,FF95,FF95,-107,0,0.0,0,1
6024,-81,FFAF,FFAF,-81,0,0.0,0,1
6025,-59,FFC5,FFC5,-59,0,0.0,0,1
6026,-51,FFCD,FFCD,-51,0,0.0,0,1
6027,75,004B,004B,75,0,0.0,0,1
6028,-87,FFA9,FFA9,-87,0,0.0,0,1
6029,-98,FF9E,FF9E,-98,0,0.0,0,1
6030,71,0047,0047,71,0,0.0,0,1
6031,28,001C,001C,28,0,0.0,0,1
6032,-104,FF98,FF98,-104,0,0.0,0,1
6033,-160,FF60,FF60,-160,0,0.0,0,1
6034,97,0061,0061,97,0,0.0,0,1
6035,-33,FFDF,FFDF,-33,0,0.0,0,1
6036,125,007D,007D,125,0,0.0,0,1
6037,14,000E,000E,14,0,0.0,0,1
6038,-100,FF9C,FF9C,-100,0,0.0,0,1
6039,-36,FFDC,FFDC,-36,0,0.0,0,1
6040,-124,FF84,FF84,-124,0,0.0,0,1
6041,4,0004,0004,4,0,0.0,0,1
6042,-119,FF89,FF89,-119,0,0.0,0,1
6043,148,0094,0094,148,0,0.0,0,1
6044,-211,FF2D,FF2D,-211,0,0.0,0,1
6045,41,0029,0029,41,0,0.0,0,1
6046,-21,FFEB,FFEB,-21,0,0.0,0,1
6047,122,007A,007A,122,0,0.0,0,1
6048,59,003B,003B,59,0,0.0,0,1
6049,-33,FFDF,FFDF,-33,0,0.0,0,1
6050,68,0044,0044,68,0,0.0,0,1
6051,-7,FFF9,FFF9,-7,0,0.0,0,1
6052,-128,FF80,FF80,-128,0,0.0,0,1
6053,3,0003,0003,3,0,0.0,0,1
6054,13,000D,000D,13,0,0.0,0,1
6055,-151,FF69,FF69,-151,0,0.0,0,1
6056,6,0006,0006,6,0,0.0,0,1
6057,224,00E0,00E0,224,0,0.0,0,1
6058,-130,FF7E,FF7E,-130,0,0.0,0,1
6059,-36,FFDC,FFDC,-36,0,0.0,0,1
6060,-76,FFB4,FFB4,-76,0,0.0,0,1
6061,-178,FF4E,FF4E,-178,0,0.0,0,1
6062,10,000A,000A,10,0,0.0,0,1
6063,-121,FF87,FF87,-121,0,0.0,0,1
6064,34,0022,0022,34,0,0.0,0,1
6065,-10,FFF6,FFF6,-10,0,0.0,0,1
6066,41,0029,0029,41,0,0.0,0,1
6067,8,0008,0008,8,0,0.0,0,1
6068,38,0026,0026,38,0,0.0,0,1
6069,-36,FFDC,FFDC,-36,0,0.0,0,1
6070,42,002A,002A,42,0,0.0,0,1
6071,-205,FF33,FF33,-205,0,0.0,0,1
6072,-29,FFE3,FFE3,-29,0,0.0,0,1
6073,-16,FFF0,FFF0,-16,0,0.0,0,1
6074,-5,FFFB,FFFB,-5,0,0.0,0,1
6075,172,00AC,00AC,172,0,0.0,0,1
6076,-221,FF23,FF23,-221,0,0.0,0,1
6077,115,0073,0073,115,0,0.0,0,1
6078,141,008D,008D,141,0,0.0,0,1
6079,140,008C,008C,140,0,0.0,0,1
6080,-67,FFBD,FFBD,-67,0,0.0,0,1
6081,21,0015,0015,21,0,0.0,0,1
6082,45,002D,002D,45,0,0.0,0,1
6083,60,003C,003C,60,0,0.0,0,1
6084,-142,FF72,FF72,-142,0,0.0,0,1
6085,21,0015,0015,21,0,0.0,0,1
6086,-60,FFC4,FFC4,-60,0,0.0,0,1
6087,-33,FFDF,FFDF,-33,0,0.0,0,1
6088,-11,FFF5,FFF5,-11,0,0.0,0,1
6089,-81,FFAF,FFAF,-81,0,0.0,0,1
6090,-108,FF94,FF94,-108,0,0.0,0,1
6091,-33,FFDF,FFDF,-33,0,0.0,0,1
6092,-202,FF36,FF36,-202,0,0.0,0,1
6093,-173,FF53,FF53,-173,0,0.0,0,1
6094,142,008E,008E,142,0,0.0,0,1
6095,31,001F,001F,31,0,0.0,0,1
6096,-26,FFE6,FFE6,-26,0,0.0,0,1
6097,-113,FF8F,FF8F,-113,0,0.0,0,1
6098,-127,FF81,FF81,-127,0,0.0,0,1
6099,149,0095,0095,149,0,0.0,0,1
6100,-83,FFAD,FFAD,-83,0,0.0,0,1
6101,152,0098,0098,152,0,0.0,0,1
6102,140,008C,008C,140,0,0.0,0,1
6103,-92,FFA4,FFA4,-92,0,0.0,0,1
6104,-19,FFED,FFED,-19,0,0.0,0,1
6105,-122,FF86,FF86,-122,0,0.0,0,1
6106,-263,FEF9,FEF9,-263,0,0.0,0,1
6107,-177,FF4F,FF4F,-177,0,0.0,0,1
6108,116,0074,0074,116,0,0.0,0,1
6109,-247,FF09,FF09,-247,0,0.0,0,1
6110,32,0020,0020,32,0,0.0,0,1
6111,27,001B,001B,27,0,0.0,0,1
6112,119,0077,0077,119,0,0.0,0,1
6113,-102,FF9A,FF9A,-102,0,0.0,0,1
6114,30,001E,001E,30,0,0.0,0,1
6115,-26,FFE6,FFE6,-26,0,0.0,0,1
6116,174,00AE,00AE,174,0,0.0,0,1
6117,123,007B,007B,123,0,0.0,0,1
6118,-38,FFDA,FFDA,-38,0,0.0,0,1
6119,-31,FFE1,FFE1,-31,0,0.0,0,1
6120,88,0058,0058,88,0,0.0,0,1
6121,-44,FFD4,FFD4,-44,0,0.0,0,1
6122,38,0026,0026,38,0,0.0,0,1
6123,-35,FFDD,FFDD,-35,0,0.0,0,1
6124,16,0010,0010,16,0,0.0,0,1
6125,2,0002,0002,2,0,0.0,0,1
6126,-19,FFED,FFED,-19,0,0.0,0,1
6127,-3,FFFD,FFFD,-3,0,0.0,0,1
6128,70,0046,0046,70,0,0.0,0,1
6129,49,0031,0031,49,0,0.0,0,1
6130,64,0040,0040,64,0,0.0,0,1
6131,31,001F,001F,31,0,0.0,0,1
6132,73,0049,0049,73,0,0.0,0,1
6133,-201,FF37,FF37,-201,0,0.0,0,1
6134,29,001D,001D,29,0,0.0,0,1
6135,125,007D,007D,125,0,0.0,0,1
6136,57,0039,0039,57,0,0.0,0,1
6137,24,0018,0018,24,0,0.0,0,1
6138,-86,FFAA,FFAA,-86,0,0.0,0,1
6139,133,0085,0085,133,0,0.0,0,1
6140,127,007F,007F,127,0,0.0,0,1
6141,-56,FFC8,FFC8,-56,0,0.0,0,1
6142,-62,FFC2,FFC2,-62,0,0.0,0,1
6143,55,0037,0037,55,0,0.0,0,1
6144,-46,FFD2,FFD2,-46,0,0.0,0,1
6145,-93,FFA3,FFA3,-93,0,0.0,0,1
6146,-111,FF91,FF91,-111,0,0.0,0,1
6147,74,004A,004A,74,0,0.0,0,1
6148,32,0020,0020,32,0,0.0,0,1
6149,36,0024,0024,36,0,0.0,0,1
6150,7,0007,0007,7,0,0.0,0,1
6151,-75,FFB5,FFB5,-75,0,0.0,0,1
6152,95,005F,005F,95,0,0.0,0,1
6153,-23,FFE9,FFE9,-23,0,0.0,0,1
6154,-4,FFFC,FFFC,-4,0,0.0,0,1
6155,24,0018,0018,24,0,0.0,0,1
6156,-5,FFFB,FFFB,-5,0,0.0,0,1
6157,21,0015,0015,21,0,0.0,0,1
6158,-33,FFDF,FFDF,-33,0,0.0,0,1
6159,44,002C,002C,44,0,0.0,0,1
6160,89,0059,0059,89,0,0.0,0,1
6161,20,0014,0014,20,0,0.0,0,1
6162,-146,FF6E,FF6E,-146,0,0.0,0,1
6163,61,003D,003D,61,0,0.0,0,1
6164,102,0066,0066,102,0,0.0,0,1
6165,-104,FF98,FF98,-104,0,0.0,0,1
6166,20,0014,0014,20,0,0.0,0,1
6167,48,0030,0030,48,0,0.0,0,1
6168,-118,FF8A,FF8A,-118,0,0.0,0,1
6169,-16,FFF0,FFF0,-16,0,0.0,0,1
6170,15,000F,000F,15,0,0.0,0,1
6171,6,0006,0006,6,0,0.0,0,1
6172,-88,FFA8,FFA8,-88,0,0.0,0,1
6173,15,000F,000F,15,0,0.0,0,1
6174,31,001F,001F,31,0,0.0,0,1
6175,-97,FF9F,FF9F,-97,0,0.0,0,1
6176,-7,FFF9,FFF9,-7,0,0.0,0,1
6177,-34,FFDE,FFDE,-34,0,0.0,0,1
6178,-81,FFAF,FFAF,-81,0,0.0,0,1
6179,256,0100,0100,256,0,0.0,0,1
6180,99,0063,0063,99,0,0.0,0,1
6181,104,0068,0068,104,0,0.0,0,1
6182,144,0090,0090,144,0,0.0,0,1
6183,-135,FF79,FF79,-135,0,0.0,0,1
6184,101,0065,0065,101,0,0.0,0,1
6185,79,004F,004F,79,0,0.0,0,1
6186,4,0004,0004,4,0,0.0,0,1
6187,-142,FF72,FF72,-142,0,0.0,0,1
6188,-42,FFD6,FFD6,-42,0,0.0,0,1
6189,-188,FF44,FF44,-188,0,0.0,0,1
6190,-109,FF93,FF93,-109,0,0.0,0,1
6191,-78,FFB2,FFB2,-78,0,0.0,0,1
6192,7,0007,0007,7,0,0.0,0,1
6193,-105,FF97,FF97,-105,0,0.0,0,1
6194,-121,FF87,FF87,-121,0,0.0,0,1
6195,86,0056,0056,86,0,0.0,0,1
6196,30,001E,001E,30,0,0.0,0,1
6197,0,0000,0000,0,0,0.0,0,1
6198,105,0069,0069,105,0,0.0,0,1
6199,-10,FFF6,FFF6,-10,0,0.0,0,1
6200,-37,FFDB,FFDB,-37,0,0.0,0,1
6201,-182,FF4A,FF4A,-182,0,0.0,0,1
6202,21,0015,0015,21,0,0.0,0,1
6203,-58,FFC6,FFC6,-58,0,0.0,0,1
6204,-122,FF86,FF86,-122,0,0.0,0,1
6205,47,002F,002F,47,0,0.0,0,1
6206,61,003D,003D,61,0,0.0,0,1
6207,70,0046,0046,70,0,0.0,0,1
6208,-16,FFF0,FFF0,-16,0,0.0,0,1
6209,-101,FF9B,FF9B,-101,0,0.0,0,1
6210,17,0011,0011,17,0,0.0,0,1
6211,88,0058,0058,88,0,0.0,0,1
6212,53,0035,0035,53,0,0.0,0,1
6213,196,00C4,00C4,196,0,0.0,0,1
6214,-55,FFC9,FFC9,-55,0,0.0,0,1
6215,-144,FF70,FF70,-144,0,0.0,0,1
6216,111,006F,006F,111,0,0.0,0,1
6217,105,0069,0069,105,0,0.0,0,1
6218,89,0059,0059,89,0,0.0,0,1
6219,73,0049,0049,73,0,0.0,0,1
6220,10,000A,000A,10,0,0.0,0,1
6221,-21,FFEB,FFEB,-21,0,0.0,0,1
6222,40,0028,0028,40,0,0.0,0,1
6223,112,0070,0070,112,0,0.0,0,1
6224,31,001F,001F,31,0,0.0,0,1
6225,83,0053,0053,83,0,0.0,0,1
6226,-64,FFC0,FFC0,-64,0,0.0,0,1
6227,87,0057,0057,87,0,0.0,0,1
6228,-14,FFF2,FFF2,-14,0,0.0,0,1
6229,-15,FFF1,FFF1,-15,0,0.0,0,1
6230,105,0069,0069,105,0,0.0,0,1
6231,45,002D,002D,45,0,0.0,0,1
6232,-32,FFE0,FFE0,-32,0,0.0,0,1
6233,-25,FFE7,FFE7,-25,0,0.0,0,1
6234,-197,FF3B,FF3B,-197,0,0.0,0,1
6235,-63,FFC1,FFC1,-63,0,0.0,0,1
6236,33,0021,0021,33,0,0.0,0,1
6237,82,0052,0052,82,0,0.0,0,1
6238,-54,FFCA,FFCA,-54,0,0.0,0,1
6239,34,0022,0022,34,0,0.0,0,1
6240,59,003B,003B,59,0,0.0,0,1
6241,-204,FF34,FF34,-204,0,0.0,0,1
6242,43,002B,002B,43,0,0.0,0,1
6243,-59,FFC5,FFC5,-59,0,0.0,0,1
6244,55,0037,0037,55,0,0.0,0,1
6245,-160,FF60,FF60,-160,0,0.0,0,1
6246,67,0043,0043,67,0,0.0,0,1
6247,61,003D,003D,61,0,0.0,0,1
6248,-6,FFFA,FFFA,-6,0,0.0,0,1
6249,-89,FFA7,FFA7,-89,0,0.0,0,1
6250,-32,FFE0,FFE0,-32,0,0.0,0,1
6251,-109,FF93,FF93,-109,0,0.0,0,1
6252,-75,FFB5,FFB5,-75,0,0.0,0,1
6253,-123,FF85,FF85,-123,0,0.0,0,1
6254,-53,FFCB,FFCB,-53,0,0.0,0,1
6255,-57,FFC7,FFC7,-57,0,0.0,0,1
6256,47,002F,002F,47,0,0.0,0,1
6257,116,0074,0074,116,0,0.0,0,1
6258,27,001B,001B,27,0,0.0,0,1
6259,-9,FFF7,FFF7,-9,0,0.0,0,1
6260,-34,FFDE,FFDE,-34,0,0.0,0,1
6261,55,0037,0037,55,0,0.0,0,1
6262,-2,FFFE,FFFE,-2,0,0.0,0,1
6263,-154,FF66,FF66,-154,0,0.0,0,1
6264,-121,FF87,FF87,-121,0,0.0,0,1
6265,-168,FF58,FF58,-168,0,0.0,0,1
6266,-13,FFF3,FFF3,-13,0,0.0,0,1
6267,256,0100,0100,256,0,0.0,0,1
6268,-6,FFFA,FFFA,-6,0,0.0,0,1
6269,-130,FF7E,FF7E,-130,0,0.0,0,1
6270,-26,FFE6,FFE6,-26,0,0.0,0,1
6271,28,001C,001C,28,0,0.0,0,1
6272,-64,FFC0,FFC0,-64,0,0.0,0,1
6273,71,0047,0047,71,0,0.0,0,1
6274,-48,FFD0,FFD0,-48,0,0.0,0,1
6275,-172,FF54,FF54,-172,0,0.0,0,1
6276,-77,FFB3,FFB3,-77,0,0.0,0,1
6277,59,003B,003B,59,0,0.0,0,1
6278,14,000E,000E,14,0,0.0,0,1
6279,183,00B7,00B7,183,0,0.0,0,1
6280,-53,FFCB,FFCB,-53,0,0.0,0,1
6281,-10,FFF6,FFF6,-10,0,0.0,0,1
6282,34,0022,0022,34,0,0.0,0,1
6283,42,002A,002A,42,0,0.0,0,1
6284,-148,FF6C,FF6C,-148,0,0.0,0,1
6285,88,0058,0058,88,0,0.0,0,1
6286,23,0017,0017,23,0,0.0,0,1
6287,-3,FFFD,FFFD,-3,0,0.0,0,1
6288,-129,FF7F,FF7F,-129,0,0.0,0,1
6289,33,0021,0021,33,0,0.0,0,1
6290,165,00A5,00A5,165,0,0.0,0,1
6291,-30,FFE2,FFE2,-30,0,0.0,0,1
6292,60,003C,003C,60,0,0.0,0,1
6293,-63,FFC1,FFC1,-63,0,0.0,0,1
6294,15,000F,000F,15,0,0.0,0,1
6295,-119,FF89,FF89,-119,0,0.0,0,1
6296,-25,FFE7,FFE7,-25,0,0.0,0,1
6297,110,006E,006E,110,0,0.0,0,1
6298,47,002F,002F,47,0,0.0,0,1
6299,-15,FFF1,FFF1,-15,0,0.0,0,1
6300,-89,FFA7,FFA7,-89,0,0.0,0,1
6301,-142,FF72,FF72,-142,0,0.0,0,1
6302,37,0025,0025,37,0,0.0,0,1
6303,-8,FFF8,FFF8,-8,0,0.0,0,1
6304,-18,FFEE,FFEE,-18,0,0.0,0,1
6305,46,002E,002E,46,0,0.0,0,1
6306,62,003E,003E,62,0,0.0,0,1
6307,129,0081,0081,129,0,0.0,0,1
6308,141,008D,008D,141,0,0.0,0,1
6309,235,00EB,00EB,235,0,0.0,0,1
6310,98,0062,0062,98,0,0.0,0,1
6311,18,0012,0012,18,0,0.0,0,1
6312,-30,FFE2,FFE2,-30,0,0.0,0,1
6313,167,00A7,00A7,167,0,0.0,0,1
6314,38,0026,0026,38,0,0.0,0,1
6315,31,001F,001F,31,0,0.0,0,1
6316,-24,FFE8,FFE8,-24,0,0.0,0,1
6317,-104,FF98,FF98,-104,0,0.0,0,1
6318,-73,FFB7,FFB7,-73,0,0.0,0,1
6319,3,0003,0003,3,0,0.0,0,1
6320,-56,FFC8,FFC8,-56,0,0.0,0,1
6321,-68,FFBC,FFBC,-68,0,0.0,0,1
6322,26,001A,001A,26,0,0.0,0,1
6323,-35,FFDD,FFDD,-35,0,0.0,0,1
6324,-54,FFCA,FFCA,-54,0,0.0,0,1
6325,-59,FFC5,FFC5,-59,0,0.0,0,1
6326,176,00B0,00B0,176,0,0.0,0,1
6327,79,004F,004F,79,0,0.0,0,1
6328,-166,FF5A,FF5A,-166,0,0.0,0,1
6329,13,000D,000D,13,0,0.0,0,1
6330,189,00BD,00BD,189,0,0.0,0,1
6331,182,00B6,00B6,182,0,0.0,0,1
6332,194,00C2,00C2,194,0,0.0,0,1
6333,64,0040,0040,64,0,0.0,0,1
6334,59,003B,003B,59,0,0.0,0,1
6335,36,0024,0024,36,0,0.0,0,1
6336,-17,FFEF,FFEF,-17,0,0.0,0,1
6337,10,000A,000A,10,0,0.0,0,1
6338,-10,FFF6,FFF6,-10,0,0.0,0,1
6339,-198,FF3A,FF3A,-198,0,0.0,0,1
6340,-3,FFFD,FFFD,-3,0,0.0,0,1
6341,-119,FF89,FF89,-119,0,0.0,0,1
6342,26,001A,001A,26,0,0.0,0,1
6343,1,0001,0001,1,0,0.0,0,1
6344,42,002A,002A,42,0,0.0,0,1
6345,10,000A,000A,10,0,0.0,0,1
6346,-147,FF6D,FF6D,-147,0,0.0,0,1
6347,-3,FFFD,FFFD,-3,0,0.0,0,1
6348,23,0017,0017,23,0,0.0,0,1
6349,90,005A,005A,90,0,0.0,0,1
6350,66,0042,0042,66,0,0.0,0,1
6351,71,0047,0047,71,0,0.0,0,1
6352,28,001C,001C,28,0,0.0,0,1
6353,72,0048,0048,72,0,0.0,0,1
6354,-83,FFAD,FFAD,-83,0,0.0,0,1
6355,-47,FFD1,FFD1,-47,0,0.0,0,1
6356,-72,FFB8,FFB8,-72,0,0.0,0,1
6357,-198,FF3A,FF3A,-198,0,0.0,0,1
6358,-137,FF77,FF77,-137,0,0.0,0,1
6359,28,001C,001C,28,0,0.0,0,1
6360,19,0013,0013,19,0,0.0,0,1
6361,10,000A,000A,10,0,0.0,0,1
6362,64,0040,0040,64,0,0.0,0,1
6363,82,0052,0052,82,0,0.0,0,1
6364,46,002E,002E,46,0,0.0,0,1
6365,30,001E,001E,30,0,0.0,0,1
6366,-23,FFE9,FFE9,-23,0,0.0,0,1
6367,119,0077,0077,119,0,0.0,0,1
6368,80,0050,0050,80,0,0.0,0,1
6369,-72,FFB8,FFB8,-72,0,0.0,0,1
6370,-220,FF24,FF24,-220,0,0.0,0,1
6371,44,002C,002C,44,0,0.0,0,1
6372,-15,FFF1,FFF1,-15,0,0.0,0,1
6373,153,0099,0099,153,0,0.0,0,1
6374,-1,FFFF,FFFF,-1,0,0.0,0,1
6375,-49,FFCF,FFCF,-49,0,0.0,0,1
6376,66,0042,0042,66,0,0.0,0,1
6377,-17,FFEF,FFEF,-17,0,0.0,0,1
6378,-17,FFEF,FFEF,-17,0,0.0,0,1
6379,97,0061,0061,97,0,0.0,0,1
6380,-21,FFEB,FFEB,-21,0,0.0,0,1
6381,191,00BF,00BF,191,0,0.0,0,1
6382,22,0016,0016,22,0,0.0,0,1
6383,19,0013,0013,19,0,0.0,0,1
6384,-130,FF7E,FF7E,-130,0,0.0,0,1
6385,-31,FFE1,FFE1,-31,0,0.0,0,1
6386,-172,FF54,FF54,-172,0,0.0,0,1
6387,100,0064,0064,100,0,0.0,0,1
6388,-200,FF38,FF38,-200,0,0.0,0,1
6389,11,000B,000B,11,0,0.0,0,1
6390,2,0002,0002,2,0,0.0,0,1
6391,-155,FF65,FF65,-155,0,0.0,0,1
6392,-55,FFC9,FFC9,-55,0,0.0,0,1
6393,73,0049,0049,73,0,0.0,0,1
6394,-91,FFA5,FFA5,-91,0,0.0,0,1
6395,59,003B,003B,59,0,0.0,0,1
6396,52,0034,0034,52,0,0.0,0,1
6397,44,002C,002C,44,0,0.0,0,1
6398,-57,FFC7,FFC7,-57,0,0.0,0,1
6399,210,00D2,00D2,210,0,0.0,0,1
6400,-115,FF8D,FF8D,-115,0,0.0,0,1
6401,97,0061,0061,97,0,0.0,0,1
6402,-243,FF0D,FF0D,-243,0,0.0,0,1
6403,-51,FFCD,FFCD,-51,0,0.0,0,1
6404,-61,FFC3,FFC3,-61,0,0.0,0,1
6405,6,0006,0006,6,0,0.0,0,1
6406,-35,FFDD,FFDD,-35,0,0.0,0,1
6407,-38,FFDA,FFDA,-38,0,0.0,0,1
6408,78,004E,004E,78,0,0.0,0,1
6409,-45,FFD3,FFD3,-45,0,0.0,0,1
6410,286,011E,011E,286,0,0.0,0,1
6411,-83,FFAD,FFAD,-83,0,0.0,0,1
6412,37,0025,0025,37,0,0.0,0,1
6413,-4,FFFC,FFFC,-4,0,0.0,0,1
6414,22,0016,0016,22,0,0.0,0,1
6415,138,008A,008A,138,0,0.0,0,1
6416,35,0023,0023,35,0,0.0,0,1
6417,2,0002,0002,2,0,0.0,0,1
6418,16,0010,0010,16,0,0.0,0,1
6419,120,0078,0078,120,0,0.0,0,1
6420,58,003A,003A,58,0,0.0,0,1
6421,-181,FF4B,FF4B,-181,0,0.0,0,1
6422,84,0054,0054,84,0,0.0,0,1
6423,11,000B,000B,11,0,0.0,0,1
6424,-125,FF83,FF83,-125,0,0.0,0,1
6425,170,00AA,00AA,170,0,0.0,0,1
6426,6,0006,0006,6,0,0.0,0,1
6427,-135,FF79,FF79,-135,0,0.0,0,1
6428,-18,FFEE,FFEE,-18,0,0.0,0,1
6429,153,0099,0099,153,0,0.0,0,1
6430,165,00A5,00A5,165,0,0.0,0,1
6431,31,001F,001F,31,0,0.0,0,1
6432,-149,FF6B,FF6B,-149,0,0.0,0,1
6433,23,0017,0017,23,0,0.0,0,1
6434,-134,FF7A,FF7A,-134,0,0.0,0,1
6435,66,0042,0042,66,0,0.0,0,1
6436,-122,FF86,FF86,-122,0,0.0,0,1
6437,37,0025,0025,37,0,0.0,0,1
6438,-95,FFA1,FFA1,-95,0,0.0,0,1
6439,1,0001,0001,1,0,0.0,0,1
6440,15,000F,000F,15,0,0.0,0,1
6441,-36,FFDC,FFDC,-36,0,0.0,0,1
6442,87,0057,0057,87,0,0.0,0,1
6443,79,004F,004F,79,0,0.0,0,1
6444,-108,FF94,FF94,-108,0,0.0,0,1
6445,-95,FFA1,FFA1,-95,0,0.0,0,1
6446,-111,FF91,FF91,-111,0,0.0,0,1
6447,-2,FFFE,FFFE,-2,0,0.0,0,1
6448,-7,FFF9,FFF9,-7,0,0.0,0,1
6449,-132,FF7C,FF7C,-132,0,0.0,0,1
6450,115,0073,0073,115,0,0.0,0,1
6451,197,00C5,00C5,197,0,0.0,0,1
6452,-71,FFB9,FFB9,-71,0,0.0,0,1
6453,19,0013,0013,19,0,0.0,0,1
6454,98,0062,0062,98,0,0.0,0,1
6455,-38,FFDA,FFDA,-38,0,0.0,0,1
6456,-141,FF73,FF73,-141,0,0.0,0,1
6457,-264,FEF8,FEF8,-264,0,0.0,0,1
6458,-25,FFE7,FFE7,-25,0,0.0,0,1
6459,-144,FF70,FF70,-144,0,0.0,0,1
6460,-36,FFDC,FFDC,-36,0,0.0,0,1
6461,41,0029,0029,41,0,0.0,0,1
6462,62,003E,003E,62,0,0.0,0,1
6463,-120,FF88,FF88,-120,0,0.0,0,1
6464,34,0022,0022,34,0,0.0,0,1
6465,12,000C,000C,12,0,0.0,0,1
6466,-144,FF70,FF70,-144,0,0.0,0,1
6467,-17,FFEF,FFEF,-17,0,0.0,0,1
6468,87,0057,0057,87,0,0.0,0,1
6469,13,000D,000D,13,0,0.0,0,1
6470,-189,FF43,FF43,-189,0,0.0,0,1
6471,-38,FFDA,FFDA,-38,0,0.0,0,1
6472,-43,FFD5,FFD5,-43,0,0.0,0,1
6473,65,0041,0041,65,0,0.0,0,1
6474,179,00B3,00B3,179,0,0.0,0,1
6475,44,002C,002C,44,0,0.0,0,1
6476,23,0017,0017,23,0,0.0,0,1
6477,5,0005,0005,5,0,0.0,0,1
6478,-28,FFE4,FFE4,-28,0,0.0,0,1
6479,-56,FFC8,FFC8,-56,0,0.0,0,1
6480,115,0073,0073,115,0,0.0,0,1
6481,-42,FFD6,FFD6,-42,0,0.0,0,1
6482,50,0032,0032,50,0,0.0,0,1
6483,115,0073,0073,115,0,0.0,0,1
6484,-32,FFE0,FFE0,-32,0,0.0,0,1
6485,-6,FFFA,FFFA,-6,0,0.0,0,1
6486,53,0035,0035,53,0,0.0,0,1
6487,59,003B,003B,59,0,0.0,0,1
6488,-52,FFCC,FFCC,-52,0,0.0,0,1
6489,-64,FFC0,FFC0,-64,0,0.0,0,1
6490,183,00B7,00B7,183,0,0.0,0,1
6491,67,0043,0043,67,0,0.0,0,1
6492,49,0031,0031,49,0,0.0,0,1
6493,-112,FF90,FF90,-112,0,0.0,0,1
6494,-196,FF3C,FF3C,-196,0,0.0,0,1
6495,-37,FFDB,FFDB,-37,0,0.0,0,1
6496,68,0044,0044,68,0,0.0,0,1
6497,-17,FFEF,FFEF,-17,0,0.0,0,1
6498,31,001F,001F,31,0,0.0,0,1
6499,-27,FFE5,FFE5,-27,0,0.0,0,1
6500,-30,FFE2,FFE2,-30,0,0.0,0,1
6501,14,000E,000E,14,0,0.0,0,1
6502,26,001A,001A,26,0,0.0,0,1
6503,146,0092,0092,146,0,0.0,0,1
6504,12,000C,000C,12,0,0.0,0,1
6505,42,002A,002A,42,0,0.0,0,1
6506,-119,FF89,FF89,-119,0,0.0,0,1
6507,141,008D,008D,141,0,0.0,0,1
6508,-111,FF91,FF91,-111,0,0.0,0,1
6509,193,00C1,00C1,193,0,0.0,0,1
6510,-175,FF51,FF51,-175,0,0.0,0,1
6511,7,0007,0007,7,0,0.0,0,1
6512,-176,FF50,FF50,-176,0,0.0,0,1
6513,26,001A,001A,26,0,0.0,0,1
6514,101,0065,0065,101,0,0.0,0,1
6515,-14,FFF2,FFF2,-14,0,0.0,0,1
6516,-30,FFE2,FFE2,-30,0,0.0,0,1
6517,49,0031,0031,49,0,0.0,0,1
6518,19,0013,0013,19,0,0.0,0,1
6519,-77,FFB3,FFB3,-77,0,0.0,0,1
6520,11,000B,000B,11,0,0.0,0,1
6521,-124,FF84,FF84,-124,0,0.0,0,1
6522,34,0022,0022,34,0,0.0,0,1
6523,128,0080,0080,128,0,0.0,0,1
6524,-76,FFB4,FFB4,-76,0,0.0,0,1
6525,89,0059,0059,89,0,0.0,0,1
6526,15,000F,000F,15,0,0.0,0,1
6527,98,0062,0062,98,0,0.0,0,1
6528,-8,FFF8,FFF8,-8,0,0.0,0,1
6529,154,009A,009A,154,0,0.0,0,1
6530,66,0042,0042,66,0,0.0,0,1
6531,42,002A,002A,42,0,0.0,0,1
6532,97,0061,0061,97,0,0.0,0,1
6533,-91,FFA5,FFA5,-91,0,0.0,0,1
6534,-15,FFF1,FFF1,-15,0,0.0,0,1
6535,10,000A,000A,10,0,0.0,0,1
6536,-35,FFDD,FFDD,-35,0,0.0,0,1
6537,-73,FFB7,FFB7,-73,0,0.0,0,1
6538,-58,FFC6,FFC6,-58,0,0.0,0,1
6539,51,0033,0033,51,0,0.0,0,1
6540,-181,FF4B,FF4B,-181,0,0.0,0,1
6541,143,008F,008F,143,0,0.0,0,1
6542,-52,FFCC,FFCC,-52,0,0.0,0,1
6543,-117,FF8B,FF8B,-117,0,0.0,0,1
6544,-14,FFF2,FFF2,-14,0,0.0,0,1
6545,94,005E,005E,94,0,0.0,0,1
6546,69,0045,0045,69,0,0.0,0,1
6547,-1,FFFF,FFFF,-1,0,0.0,0,1
6548,35,0023,0023,35,0,0.0,0,1
6549,-74,FFB6,FFB6,-74,0,0.0,0,1
6550,71,0047,0047,71,0,0.0,0,1
6551,-81,FFAF,FFAF,-81,0,0.0,0,1
6552,-6,FFFA,FFFA,-6,0,0.0,0,1
6553,-3,FFFD,FFFD,-3,0,0.0,0,1
6554,127,007F,007F,127,0,0.0,0,1
6555,165,00A5,00A5,165,0,0.0,0,1
6556,-68,FFBC,FFBC,-68,0,0.0,0,1
6557,66,0042,0042,66,0,0.0,0,1
6558,-142,FF72,FF72,-142,0,0.0,0,1
6559,32,0020,0020,32,0,0.0,0,1
6560,-12,FFF4,FFF4,-12,0,0.0,0,1
6561,-134,FF7A,FF7A,-134,0,0.0,0,1
6562,-129,FF7F,FF7F,-129,0,0.0,0,1
6563,64,0040,0040,64,0,0.0,0,1
6564,-82,FFAE,FFAE,-82,0,0.0,0,1
6565,-44,FFD4,FFD4,-44,0,0.0,0,1
6566,-113,FF8F,FF8F,-113,0,0.0,0,1
6567,-172,FF54,FF54,-172,0,0.0,0,1
6568,98,0062,0062,98,0,0.0,0,1
6569,-73,FFB7,FFB7,-73,0,0.0,0,1
6570,58,003A,003A,58,0,0.0,0,1
6571,-79,FFB1,FFB1,-79,0,0.0,0,1
6572,-82,FFAE,FFAE,-82,0,0.0,0,1
6573,62,003E,003E,62,0,0.0,0,1
6574,-5,FFFB,FFFB,-5,0,0.0,0,1
6575,69,0045,0045,69,0,0.0,0,1
6576,119,0077,0077,119,0,0.0,0,1
6577,-11,FFF5,FFF5,-11,0,0.0,0,1
6578,140,008C,008C,140,0,0.0,0,1
6579,23,0017,0017,23,0,0.0,0,1
6580,-1,FFFF,FFFF,-1,0,0.0,0,1
6581,-19,FFED,FFED,-19,0,0.0,0,1
6582,63,003F,003F,63,0,0.0,0,1
6583,-31,FFE1,FFE1,-31,0,0.0,0,1
6584,-17,FFEF,FFEF,-17,0,0.0,0,1
6585,117,0075,0075,117,0,0.0,0,1
6586,-79,FFB1,FFB1,-79,0,0.0,0,1
6587,-83,FFAD,FFAD,-83,0,0.0,0,1
6588,103,0067,0067,103,0,0.0,0,1
6589,21,0015,0015,21,0,0.0,0,1
6590,82,0052,0052,82,0,0.0,0,1
6591,-54,FFCA,FFCA,-54,0,0.0,0,1
6592,70,0046,0046,70,0,0.0,0,1
6593,59,003B,003B,59,0,0.0,0,1
6594,-188,FF44,FF44,-188,0,0.0,0,1
6595,-4,FFFC,FFFC,-4,0,0.0,0,1
6596,78,004E,004E,78,0,0.0,0,1
6597,318,013E,013E,318,0,0.0,0,1
6598,88,0058,0058,88,0,0.0,0,1
6599,136,0088,0088,136,0,0.0,0,1
6600,-161,FF5F,FF5F,-161,0,0.0,0,1
6601,-50,FFCE,FFCE,-50,0,0.0,0,1
6602,-37,FFDB,FFDB,-37,0,0.0,0,1
6603,-169,FF57,FF57,-169,0,0.0,0,1
6604,48,0030,0030,48,0,0.0,0,1
6605,-49,FFCF,FFCF,-49,0,0.0,0,1
6606,-211,FF2D,FF2D,-211,0,0.0,0,1
6607,31,001F,001F,31,0,0.0,0,1
6608,-27,FFE5,FFE5,-27,0,0.0,0,1
6609,-133,FF7B,FF7B,-133,0,0.0,0,1
6610,16,0010,0010,16,0,0.0,0,1
6611,37,0025,0025,37,0,0.0,0,1
6612,112,0070,0070,112,0,0.0,0,1
6613,-134,FF7A,FF7A,-134,0,0.0,0,1
6614,59,003B,003B,59,0,0.0,0,1
6615,83,0053,0053,83,0,0.0,0,1
6616,-39,FFD9,FFD9,-39,0,0.0,0,1
6617,141,008D,008D,141,0,0.0,0,1
6618,-54,FFCA,FFCA,-54,0,0.0,0,1
6619,-112,FF90,FF90,-112,0,0.0,0,1
6620,24,0018,0018,24,0,0.0,0,1
6621,112,0070,0070,112,0,0.0,0,1
6622,1,0001,0001,1,0,0.0,0,1
6623,45,002D,002D,45,0,0.0,0,1
6624,140,008C,008C,140,0,0.0,0,1
6625,142,008E,008E,142,0,0.0,0,1
6626,-129,FF7F,FF7F,-129,0,0.0,0,1
6627,74,004A,004A,74,0,0.0,0,1
6628,-72,FFB8,FFB8,-72,0,0.0,0,1
6629,-104,FF98,FF98,-104,0,0.0,0,1
6630,-111,FF91,FF91,-111,0,0.0,0,1
6631,-21,FFEB,FFEB,-21,0,0.0,0,1
6632,32,0020,0020,32,0,0.0,0,1
6633,-81,FFAF,FFAF,-81,0,0.0,0,1
6634,104,0068,0068,104,0,0.0,0,1
6635,27,001B,001B,27,0,0.0,0,1
6636,-186,FF46,FF46,-186,0,0.0,0,1
6637,47,002F,002F,47,0,0.0,0,1
6638,7,0007,0007,7,0,0.0,0,1
6639,-43,FFD5,FFD5,-43,0,0.0,0,1
6640,271,010F,010F,271,0,0.0,0,1
6641,107,006B,006B,107,0,0.0,0,1
6642,-58,FFC6,FFC6,-58,0,0.0,0,1
6643,-92,FFA4,FFA4,-92,0,0.0,0,1
6644,27,001B,001B,27,0,0.0,0,1
6645,-32,FFE0,FFE0,-32,0,0.0,0,1
6646,-86,FFAA,FFAA,-86,0,0.0,0,1
6647,-9,FFF7,FFF7,-9,0,0.0,0,1
6648,-98,FF9E,FF9E,-98,0,0.0,0,1
6649,-17,FFEF,FFEF,-17,0,0.0,0,1
6650,-46,FFD2,FFD2,-46,0,0.0,0,1
6651,6,0006,0006,6,0,0.0,0,1
6652,14,000E,000E,14,0,0.0,0,1
6653,-34,FFDE,FFDE,-34,0,0.0,0,1
6654,27,001B,001B,27,0,0.0,0,1
6655,-32,FFE0,FFE0,-32,0,0.0,0,1
6656,113,0071,0071,113,0,0.0,0,1
6657,-175,FF51,FF51,-175,0,0.0,0,1
6658,-78,FFB2,FFB2,-78,0,0.0,0,1
6659,-75,FFB5,FFB5,-75,0,0.0,0,1
6660,-183,FF49,FF49,-183,0,0.0,0,1
6661,-26,FFE6,FFE6,-26,0,0.0,0,1
6662,157,009D,009D,157,0,0.0,0,1
6663,104,0068,0068,104,0,0.0,0,1
6664,-150,FF6A,FF6A,-150,0,0.0,0,1
6665,-79,FFB1,FFB1,-79,0,0.0,0,1
6666,-179,FF4D,FF4D,-179,0,0.0,0,1
6667,-5,FFFB,FFFB,-5,0,0.0,0,1
6668,64,0040,0040,64,0,0.0,0,1
6669,116,0074,0074,116,0,0.0,0,1
6670,-160,FF60,FF60,-160,0,0.0,0,1
6671,-74,FFB6,FFB6,-74,0,0.0,0,1
6672,37,0025,0025,37,0,0.0,0,1
6673,114,0072,0072,114,0,0.0,0,1
6674,-36,FFDC,FFDC,-36,0,0.0,0,1
6675,112,0070,0070,112,0,0.0,0,1
6676,57,0039,0039,57,0,0.0,0,1
6677,158,009E,009E,158,0,0.0,0,1
6678,187,00BB,00BB,187,0,0.0,0,1
6679,14,000E,000E,14,0,0.0,0,1
6680,-152,FF68,FF68,-152,0,0.0,0,1
6681,62,003E,003E,62,0,0.0,0,1
6682,87,0057,0057,87,0,0.0,0,1
6683,-49,FFCF,FFCF,-49,0,0.0,0,1
6684,184,00B8,00B8,184,0,0.0,0,1
6685,0,0000,0000,0,0,0.0,0,1
6686,100,0064,0064,100,0,0.0,0,1
6687,130,0082,0082,130,0,0.0,0,1
6688,140,008C,008C,140,0,0.0,0,1
6689,109,006D,006D,109,0,0.0,0,1
6690,132,0084,0084,132,0,0.0,0,1
6691,102,0066,0066,102,0,0.0,0,1
6692,117,0075,0075,117,0,0.0,0,1
6693,140,008C,008C,140,0,0.0,0,1
6694,-54,FFCA,FFCA,-54,0,0.0,0,1
6695,-188,FF44,FF44,-188,0,0.0,0,1
6696,6,0006,0006,6,0,0.0,0,1
6697,-29,FFE3,FFE3,-29,0,0.0,0,1
6698,-18,FFEE,FFEE,-18,0,0.0,0,1
6699,70,0046,0046,70,0,0.0,0,1
6700,-29,FFE3,FFE3,-29,0,0.0,0,1
6701,-37,FFDB,FFDB,-37,0,0.0,0,1
6702,-107,FF95,FF95,-107,0,0.0,0,1
6703,34,0022,0022,34,0,0.0,0,1
6704,-71,FFB9,FFB9,-71,0,0.0,0,1
6705,-120,FF88,FF88,-120,0,0.0,0,1
6706,37,0025,0025,37,0,0.0,0,1
6707,-26,FFE6,FFE6,-26,0,0.0,0,1
6708,127,007F,007F,127,0,0.0,0,1
6709,-148,FF6C,FF6C,-148,0,0.0,0,1
6710,21,0015,0015,21,0,0.0,0,1
6711,176,00B0,00B0,176,0,0.0,0,1
6712,67,0043,0043,67,0,0.0,0,1
6713,-188,FF44,FF44,-188,0,0.0,0,1
6714,-159,FF61,FF61,-159,0,0.0,0,1
6715,13,000D,000D,13,0,0.0,0,1
6716,65,0041,0041,65,0,0.0,0,1
6717,-10,FFF6,FFF6,-10,0,0.0,0,1
6718,119,0077,0077,119,0,0.0,0,1
6719,51,0033,0033,51,0,0.0,0,1
6720,228,00E4,00E4,228,0,0.0,0,1
6721,25,0019,0019,25,0,0.0,0,1
6722,219,00DB,00DB,219,0,0.0,0,1
6723,113,0071,0071,113,0,0.0,0,1
6724,-267,FEF5,FEF5,-267,0,0.0,0,1
6725,18,0012,0012,18,0,0.0,0,1
6726,-103,FF99,FF99,-103,0,0.0,0,1
6727,-44,FFD4,FFD4,-44,0,0.0,0,1
6728,39,0027,0027,39,0,0.0,0,1
6729,-58,FFC6,FFC6,-58,0,0.0,0,1
6730,17,0011,0011,17,0,0.0,0,1
6731,-128,FF80,FF80,-128,0,0.0,0,1
6732,-42,FFD6,FFD6,-42,0,0.0,0,1
6733,43,002B,002B,43,0,0.0,0,1
6734,91,005B,005B,91,0,0.0,0,1
6735,66,0042,0042,66,0,0.0,0,1
6736,34,0022,0022,34,0,0.0,0,1
6737,-94,FFA2,FFA2,-94,0,0.0,0,1
6738,-9,FFF7,FFF7,-9,0,0.0,0,1
6739,-45,FFD3,FFD3,-45,0,0.0,0,1
6740,27,001B,001B,27,0,0.0,0,1
6741,-76,FFB4,FFB4,-76,0,0.0,0,1
6742,99,0063,0063,99,0,0.0,0,1
6743,65,0041,0041,65,0,0.0,0,1
6744,-54,FFCA,FFCA,-54,0,0.0,0,1
6745,-89,FFA7,FFA7,-89,0,0.0,0,1
6746,-55,FFC9,FFC9,-55,0,0.0,0,1
6747,-15,FFF1,FFF1,-15,0,0.0,0,1
6748,22,0016,0016,22,0,0.0,0,1
6749,-110,FF92,FF92,-110,0,0.0,0,1
6750,15,000F,000F,15,0,0.0,0,1
6751,-47,FFD1,FFD1,-47,0,0.0,0,1
6752,-21,FFEB,FFEB,-21,0,0.0,0,1
6753,53,0035,0035,53,0,0.0,0,1
6754,-18,FFEE,FFEE,-18,0,0.0,0,1
6755,-46,FFD2,FFD2,-46,0,0.0,0,1
6756,49,0031,0031,49,0,0.0,0,1
6757,96,0060,0060,96,0,0.0,0,1
6758,-75,FFB5,FFB5,-75,0,0.0,0,1
6759,27,001B,001B,27,0,0.0,0,1
6760,91,005B,005B,91,0,0.0,0,1
6761,29,001D,001D,29,0,0.0,0,1
6762,-41,FFD7,FFD7,-41,0,0.0,0,1
6763,62,003E,003E,62,0,0.0,0,1
6764,27,001B,001B,27,0,0.0,0,1
6765,-114,FF8E,FF8E,-114,0,0.0,0,1
6766,65,0041,0041,65,0,0.0,0,1
6767,-54,FFCA,FFCA,-54,0,0.0,0,1
6768,-113,FF8F,FF8F,-113,0,0.0,0,1
6769,-105,FF97,FF97,-105,0,0.0,0,1
6770,14,000E,000E,14,0,0.0,0,1
6771,117,0075,0075,117,0,0.0,0,1
6772,-56,FFC8,FFC8,-56,0,0.0,0,1
6773,-16,FFF0,FFF0,-16,0,0.0,0,1
6774,0,0000,0000,0,0,0.0,0,1
6775,72,0048,0048,72,0,0.0,0,1
6776,-163,FF5D,FF5D,-163,0,0.0,0,1
6777,136,0088,0088,136,0,0.0,0,1
6778,-73,FFB7,FFB7,-73,0,0.0,0,1
6779,87,0057,0057,87,0,0.0,0,1
6780,-81,FFAF,FFAF,-81,0,0.0,0,1
6781,-123,FF85,FF85,-123,0,0.0,0,1
6782,-110,FF92,FF92,-110,0,0.0,0,1
6783,27,001B,001B,27,0,0.0,0,1
6784,-51,FFCD,FFCD,-51,0,0.0,0,1
6785,41,0029,0029,41,0,0.0,0,1
6786,-62,FFC2,FFC2,-62,0,0.0,0,1
6787,-54,FFCA,FFCA,-54,0,0.0,0,1
6788,-84,FFAC,FFAC,-84,0,0.0,0,1
6789,-170,FF56,FF56,-170,0,0.0,0,1
6790,72,0048,0048,72,0,0.0,0,1
6791,81,0051,0051,81,0,0.0,0,1
6792,40,0028,0028,40,0,0.0,0,1
6793,53,0035,0035,53,0,0.0,0,1
6794,68,0044,0044,68,0,0.0,0,1
6795,2,0002,0002,2,0,0.0,0,1
6796,101,0065,0065,101,0,0.0,0,1
6797,58,003A,003A,58,0,0.0,0,1
6798,110,006E,006E,110,0,0.0,0,1
6799,-101,FF9B,FF9B,-101,0,0.0,0,1
6800,44,002C,002C,44,0,0.0,0,1
6801,-69,FFBB,FFBB,-69,0,0.0,0,1
6802,158,009E,009E,158,0,0.0,0,1
6803,14,000E,000E,14,0,0.0,0,1
6804,-63,FFC1,FFC1,-63,0,0.0,0,1
6805,-223,FF21,FF21,-223,0,0.0,0,1
6806,96,0060,0060,96,0,0.0,0,1
6807,-86,FFAA,FFAA,-86,0,0.0,0,1
6808,42,002A,002A,42,0,0.0,0,1
6809,69,0045,0045,69,0,0.0,0,1
6810,-37,FFDB,FFDB,-37,0,0.0,0,1
6811,42,002A,002A,42,0,0.0,0,1
6812,-118,FF8A,FF8A,-118,0,0.0,0,1
6813,59,003B,003B,59,0,0.0,0,1
6814,-58,FFC6,FFC6,-58,0,0.0,0,1
6815,30,001E,001E,30,0,0.0,0,1
6816,-70,FFBA,FFBA,-70,0,0.0,0,1
6817,-47,FFD1,FFD1,-47,0,0.0,0,1
6818,-8,FFF8,FFF8,-8,0,0.0,0,1
6819,163,00A3,00A3,163,0,0.0,0,1
6820,22,0016,0016,22,0,0.0,0,1
6821,-28,FFE4,FFE4,-28,0,0.0,0,1
6822,54,0036,0036,54,0,0.0,0,1
6823,73,0049,0049,73,0,0.0,0,1
6824,97,0061,0061,97,0,0.0,0,1
6825,71,0047,0047,71,0,0.0,0,1
6826,-64,FFC0,FFC0,-64,0,0.0,0,1
6827,124,007C,007C,124,0,0.0,0,1
6828,135,0087,0087,135,0,0.0,0,1
6829,113,0071,0071,113,0,0.0,0,1
6830,-126,FF82,FF82,-126,0,0.0,0,1
6831,-15,FFF1,FFF1,-15,0,0.0,0,1
6832,35,0023,0023,35,0,0.0,0,1
6833,-27,FFE5,FFE5,-27,0,0.0,0,1
6834,-48,FFD0,FFD0,-48,0,0.0,0,1
6835,45,002D,002D,45,0,0.0,0,1
6836,34,0022,0022,34,0,0.0,0,1
6837,27,001B,001B,27,0,0.0,0,1
6838,10,000A,000A,10,0,0.0,0,1
6839,68,0044,0044,68,0,0.0,0,1
6840,-6,FFFA,FFFA,-6,0,0.0,0,1
6841,5,0005,0005,5,0,0.0,0,1
6842,-57,FFC7,FFC7,-57,0,0.0,0,1
6843,-66,FFBE,FFBE,-66,0,0.0,0,1
6844,-71,FFB9,FFB9,-71,0,0.0,0,1
6845,-66,FFBE,FFBE,-66,0,0.0,0,1
6846,124,007C,007C,124,0,0.0,0,1
6847,109,006D,006D,109,0,0.0,0,1
6848,38,0026,0026,38,0,0.0,0,1
6849,71,0047,0047,71,0,0.0,0,1
6850,0,0000,0000,0,0,0.0,0,1
6851,-76,FFB4,FFB4,-76,0,0.0,0,1
6852,-42,FFD6,FFD6,-42,0,0.0,0,1
6853,241,00F1,00F1,241,0,0.0,0,1
6854,149,0095,0095,149,0,0.0,0,1
6855,78,004E,004E,78,0,0.0,0,1
6856,97,0061,0061,97,0,0.0,0,1
6857,125,007D,007D,125,0,0.0,0,1
6858,89,0059,0059,89,0,0.0,0,1
6859,153,0099,0099,153,0,0.0,0,1
6860,-109,FF93,FF93,-109,0,0.0,0,1
6861,145,0091,0091,145,0,0.0,0,1
6862,-43,FFD5,FFD5,-43,0,0.0,0,1
6863,-128,FF80,FF80,-128,0,0.0,0,1
6864,-49,FFCF,FFCF,-49,0,0.0,0,1
6865,162,00A2,00A2,162,0,0.0,0,1
6866,-26,FFE6,FFE6,-26,0,0.0,0,1
6867,-30,FFE2,FFE2,-30,0,0.0,0,1
6868,203,00CB,00CB,203,0,0.0,0,1
6869,61,003D,003D,61,0,0.0,0,1
6870,-148,FF6C,FF6C,-148,0,0.0,0,1
6871,-156,FF64,FF64,-156,0,0.0,0,1
6872,33,0021,0021,33,0,0.0,0,1
6873,24,0018,0018,24,0,0.0,0,1
6874,113,0071,0071,113,0,0.0,0,1
6875,4,0004,0004,4,0,0.0,0,1
6876,51,0033,0033,51,0,0.0,0,1
6877,-168,FF58,FF58,-168,0,0.0,0,1
6878,-29,FFE3,FFE3,-29,0,0.0,0,1
6879,-1,FFFF,FFFF,-1,0,0.0,0,1
6880,-123,FF85,FF85,-123,0,0.0,0,1
6881,51,0033,0033,51,0,0.0,0,1
6882,-50,FFCE,FFCE,-50,0,0.0,0,1
6883,-74,FFB6,FFB6,-74,0,0.0,0,1
6884,85,0055,0055,85,0,0.0,0,1
6885,-65,FFBF,FFBF,-65,0,0.0,0,1
6886,-47,FFD1,FFD1,-47,0,0.0,0,1
6887,-29,FFE3,FFE3,-29,0,0.0,0,1
6888,-69,FFBB,FFBB,-69,0,0.0,0,1
6889,21,0015,0015,21,0,0.0,0,1
6890,-45,FFD3,FFD3,-45,0,0.0,0,1
6891,175,00AF,00AF,175,0,0.0,0,1
6892,52,0034,0034,52,0,0.0,0,1
6893,91,005B,005B,91,0,0.0,0,1
6894,-63,FFC1,FFC1,-63,0,0.0,0,1
6895,-109,FF93,FF93,-109,0,0.0,0,1
6896,-44,FFD4,FFD4,-44,0,0.0,0,1
6897,-53,FFCB,FFCB,-53,0,0.0,0,1
6898,-56,FFC8,FFC8,-56,0,0.0,0,1
6899,269,010D,010D,269,0,0.0,0,1
6900,-105,FF97,FF97,-105,0,0.0,0,1
6901,-155,FF65,FF65,-155,0,0.0,0,1
6902,-86,FFAA,FFAA,-86,0,0.0,0,1
6903,-104,FF98,FF98,-104,0,0.0,0,1
6904,-48,FFD0,FFD0,-48,0,0.0,0,1
6905,24,0018,0018,24,0,0.0,0,1
6906,-103,FF99,FF99,-103,0,0.0,0,1
6907,-3,FFFD,FFFD,-3,0,0.0,0,1
6908,22,0016,0016,22,0,0.0,0,1
6909,95,005F,005F,95,0,0.0,0,1
6910,-156,FF64,FF64,-156,0,0.0,0,1
6911,70,0046,0046,70,0,0.0,0,1
6912,51,0033,0033,51,0,0.0,0,1
6913,60,003C,003C,60,0,0.0,0,1
6914,73,0049,0049,73,0,0.0,0,1
6915,-60,FFC4,FFC4,-60,0,0.0,0,1
6916,7,0007,0007,7,0,0.0,0,1
6917,-151,FF69,FF69,-151,0,0.0,0,1
6918,145,0091,0091,145,0,0.0,0,1
6919,112,0070,0070,112,0,0.0,0,1
6920,189,00BD,00BD,189,0,0.0,0,1
6921,-14,FFF2,FFF2,-14,0,0.0,0,1
6922,82,0052,0052,82,0,0.0,0,1
6923,86,0056,0056,86,0,0.0,0,1
6924,47,002F,002F,47,0,0.0,0,1
6925,-9,FFF7,FFF7,-9,0,0.0,0,1
6926,25,0019,0019,25,0,0.0,0,1
6927,-139,FF75,FF75,-139,0,0.0,0,1
6928,195,00C3,00C3,195,0,0.0,0,1
6929,-123,FF85,FF85,-123,0,0.0,0,1
6930,108,006C,006C,108,0,0.0,0,1
6931,71,0047,0047,71,0,0.0,0,1
6932,22,0016,0016,22,0,0.0,0,1
6933,-146,FF6E,FF6E,-146,0,0.0,0,1
6934,-58,FFC6,FFC6,-58,0,0.0,0,1
6935,-68,FFBC,FFBC,-68,0,0.0,0,1
6936,-125,FF83,FF83,-125,0,0.0,0,1
6937,18,0012,0012,18,0,0.0,0,1
6938,-111,FF91,FF91,-111,0,0.0,0,1
6939,80,0050,0050,80,0,0.0,0,1
6940,133,0085,0085,133,0,0.0,0,1
6941,39,0027,0027,39,0,0.0,0,1
6942,66,0042,0042,66,0,0.0,0,1
6943,93,005D,005D,93,0,0.0,0,1
6944,-98,FF9E,FF9E,-98,0,0.0,0,1
6945,-25,FFE7,FFE7,-25,0,0.0,0,1
6946,57,0039,0039,57,0,0.0,0,1
6947,82,0052,0052,82,0,0.0,0,1
6948,67,0043,0043,67,0,0.0,0,1
6949,79,004F,004F,79,0,0.0,0,1
6950,6,0006,0006,6,0,0.0,0,1
6951,70,0046,0046,70,0,0.0,0,1
6952,80,0050,0050,80,0,0.0,0,1
6953,70,0046,0046,70,0,0.0,0,1
6954,-94,FFA2,FFA2,-94,0,0.0,0,1
6955,-99,FF9D,FF9D,-99,0,0.0,0,1
6956,-44,FFD4,FFD4,-44,0,0.0,0,1
6957,53,0035,0035,53,0,0.0,0,1
6958,124,007C,007C,124,0,0.0,0,1
6959,-27,FFE5,FFE5,-27,0,0.0,0,1
6960,-62,FFC2,FFC2,-62,0,0.0,0,1
6961,90,005A,005A,90,0,0.0,0,1
6962,-168,FF58,FF58,-168,0,0.0,0,1
6963,78,004E,004E,78,0,0.0,0,1
6964,-133,FF7B,FF7B,-133,0,0.0,0,1
6965,-169,FF57,FF57,-169,0,0.0,0,1
6966,-60,FFC4,FFC4,-60,0,0.0,0,1
6967,103,0067,0067,103,0,0.0,0,1
6968,-20,FFEC,FFEC,-20,0,0.0,0,1
6969,-102,FF9A,FF9A,-102,0,0.0,0,1
6970,-29,FFE3,FFE3,-29,0,0.0,0,1
6971,-98,FF9E,FF9E,-98,0,0.0,0,1
6972,134,0086,0086,134,0,0.0,0,1
6973,-103,FF99,FF99,-103,0,0.0,0,1
6974,68,0044,0044,68,0,0.0,0,1
6975,-57,FFC7,FFC7,-57,0,0.0,0,1
6976,14,000E,000E,14,0,0.0,0,1
6977,214,00D6,00D6,214,0,0.0,0,1
6978,-50,FFCE,FFCE,-50,0,0.0,0,1
6979,21,0015,0015,21,0,0.0,0,1
6980,95,005F,005F,95,0,0.0,0,1
6981,65,0041,0041,65,0,0.0,0,1
6982,-47,FFD1,FFD1,-47,0,0.0,0,1
6983,68,0044,0044,68,0,0.0,0,1
6984,-58,FFC6,FFC6,-58,0,0.0,0,1
6985,96,0060,0060,96,0,0.0,0,1
6986,-71,FFB9,FFB9,-71,0,0.0,0,1
6987,151,0097,0097,151,0,0.0,0,1
6988,-61,FFC3,FFC3,-61,0,0.0,0,1
6989,-76,FFB4,FFB4,-76,0,0.0,0,1
6990,19,0013,0013,19,0,0.0,0,1
6991,-50,FFCE,FFCE,-50,0,0.0,0,1
6992,-4,FFFC,FFFC,-4,0,0.0,0,1
6993,-22,FFEA,FFEA,-22,0,0.0,0,1
6994,16,0010,0010,16,0,0.0,0,1
6995,-124,FF84,FF84,-124,0,0.0,0,1
6996,-104,FF98,FF98,-104,0,0.0,0,1
6997,75,004B,004B,75,0,0.0,0,1
6998,17,0011,0011,17,0,0.0,0,1
6999,0,0000,0000,0,0,0.0,0,1
7000,-46,FFD2,FFD2,-46,0,0.0,0,1
7001,4,0004,0004,4,0,0.0,0,1
7002,115,0073,0073,115,0,0.0,0,1
7003,-12,FFF4,FFF4,-12,0,0.0,0,1
7004,-56,FFC8,FFC8,-56,0,0.0,0,1
7005,-57,FFC7,FFC7,-57,0,0.0,0,1
7006,-41,FFD7,FFD7,-41,0,0.0,0,1
7007,1,0001,0001,1,0,0.0,0,1
7008,-8,FFF8,FFF8,-8,0,0.0,0,1
7009,-16,FFF0,FFF0,-16,0,0.0,0,1
7010,22,0016,0016,22,0,0.0,0,1
7011,34,0022,0022,34,0,0.0,0,1
7012,88,0058,0058,88,0,0.0,0,1
7013,248,00F8,00F8,248,0,0.0,0,1
7014,6,0006,0006,6,0,0.0,0,1
7015,74,004A,004A,74,0,0.0,0,1
7016,-28,FFE4,FFE4,-28,0,0.0,0,1
7017,-93,FFA3,FFA3,-93,0,0.0,0,1
7018,-27,FFE5,FFE5,-27,0,0.0,0,1
7019,22,0016,0016,22,0,0.0,0,1
7020,-8,FFF8,FFF8,-8,0,0.0,0,1
7021,24,0018,0018,24,0,0.0,0,1
7022,82,0052,0052,82,0,0.0,0,1
7023,-5,FFFB,FFFB,-5,0,0.0,0,1
7024,86,0056,0056,86,0,0.0,0,1
7025,173,00AD,00AD,173,0,0.0,0,1
7026,-156,FF64,FF64,-156,0,0.0,0,1
7027,79,004F,004F,79,0,0.0,0,1
7028,28,001C,001C,28,0,0.0,0,1
7029,72,0048,0048,72,0,0.0,0,1
7030,157,009D,009D,157,0,0.0,0,1
7031,-164,FF5C,FF5C,-164,0,0.0,0,1
7032,157,009D,009D,157,0,0.0,0,1
7033,-89,FFA7,FFA7,-89,0,0.0,0,1
7034,-109,FF93,FF93,-109,0,0.0,0,1
7035,8,0008,0008,8,0,0.0,0,1
7036,6,0006,0006,6,0,0.0,0,1
7037,68,0044,0044,68,0,0.0,0,1
7038,-63,FFC1,FFC1,-63,0,0.0,0,1
7039,106,006A,006A,106,0,0.0,0,1
7040,-70,FFBA,FFBA,-70,0,0.0,0,1
7041,75,004B,004B,75,0,0.0,0,1
7042,75,004B,004B,75,0,0.0,0,1
7043,28,001C,001C,28,0,0.0,0,1
7044,13,000D,000D,13,0,0.0,0,1
7045,24,0018,0018,24,0,0.0,0,1
7046,-230,FF1A,FF1A,-230,0,0.0,0,1
7047,-42,FFD6,FFD6,-42,0,0.0,0,1
7048,228,00E4,00E4,228,0,0.0,0,1
7049,92,005C,005C,92,0,0.0,0,1
7050,11,000B,000B,11,0,0.0,0,1
7051,16,0010,0010,16,0,0.0,0,1
7052,15,000F,000F,15,0,0.0,0,1
7053,23,0017,0017,23,0,0.0,0,1
7054,24,0018,0018,24,0,0.0,0,1
7055,-15,FFF1,FFF1,-15,0,0.0,0,1
7056,-60,FFC4,FFC4,-60,0,0.0,0,1
7057,-11,FFF5,FFF5,-11,0,0.0,0,1
7058,-19,FFED,FFED,-19,0,0.0,0,1
7059,70,0046,0046,70,0,0.0,0,1
7060,106,006A,006A,106,0,0.0,0,1
7061,47,002F,002F,47,0,0.0,0,1
7062,-22,FFEA,FFEA,-22,0,0.0,0,1
7063,19,0013,0013,19,0,0.0,0,1
7064,62,003E,003E,62,0,0.0,0,1
7065,-9,FFF7,FFF7,-9,0,0.0,0,1
7066,-13,FFF3,FFF3,-13,0,0.0,0,1
7067,76,004C,004C,76,0,0.0,0,1
7068,269,010D,010D,269,0,0.0,0,1
7069,20,0014,0014,20,0,0.0,0,1
7070,-26,FFE6,FFE6,-26,0,0.0,0,1
7071,144,0090,0090,144,0,0.0,0,1
7072,-85,FFAB,FFAB,-85,0,0.0,0,1
7073,64,0040,0040,64,0,0.0,0,1
7074,-51,FFCD,FFCD,-51,0,0.0,0,1
7075,-109,FF93,FF93,-109,0,0.0,0,1
7076,-111,FF91,FF91,-111,0,0.0,0,1
7077,95,005F,005F,95,0,0.0,0,1
7078,-144,FF70,FF70,-144,0,0.0,0,1
7079,-17,FFEF,FFEF,-17,0,0.0,0,1
7080,195,00C3,00C3,195,0,0.0,0,1
7081,17,0011,0011,17,0,0.0,0,1
7082,-125,FF83,FF83,-125,0,0.0,0,1
7083,-5,FFFB,FFFB,-5,0,0.0,0,1
7084,-113,FF8F,FF8F,-113,0,0.0,0,1
7085,149,0095,0095,149,0,0.0,0,1
7086,-104,FF98,FF98,-104,0,0.0,0,1
7087,30,001E,001E,30,0,0.0,0,1
7088,128,0080,0080,128,0,0.0,0,1
7089,130,0082,0082,130,0,0.0,0,1
7090,33,0021,0021,33,0,0.0,0,1
7091,-54,FFCA,FFCA,-54,0,0.0,0,1
7092,-199,FF39,FF39,-199,0,0.0,0,1
7093,-101,FF9B,FF9B,-101,0,0.0,0,1
7094,-252,FF04,FF04,-252,0,0.0,0,1
7095,-74,FFB6,FFB6,-74,0,0.0,0,1
7096,7,0007,0007,7,0,0.0,0,1
7097,77,004D,004D,77,0,0.0,0,1
7098,-77,FFB3,FFB3,-77,0,0.0,0,1
7099,-12,FFF4,FFF4,-12,0,0.0,0,1
7100,147,0093,0093,147,0,0.0,0,1
7101,120,0078,0078,120,0,0.0,0,1
7102,101,0065,0065,101,0,0.0,0,1
7103,-236,FF14,FF14,-236,0,0.0,0,1
7104,-33,FFDF,FFDF,-33,0,0.0,0,1
7105,16,0010,0010,16,0,0.0,0,1
7106,-110,FF92,FF92,-110,0,0.0,0,1
7107,-66,FFBE,FFBE,-66,0,0.0,0,1
7108,-71,FFB9,FFB9,-71,0,0.0,0,1
7109,-122,FF86,FF86,-122,0,0.0,0,1
7110,8,0008,0008,8,0,0.0,0,1
7111,-67,FFBD,FFBD,-67,0,0.0,0,1
7112,-96,FFA0,FFA0,-96,0,0.0,0,1
7113,-145,FF6F,FF6F,-145,0,0.0,0,1
7114,-31,FFE1,FFE1,-31,0,0.0,0,1
7115,-69,FFBB,FFBB,-69,0,0.0,0,1
7116,-85,FFAB,FFAB,-85,0,0.0,0,1
7117,44,002C,002C,44,0,0.0,0,1
7118,-59,FFC5,FFC5,-59,0,0.0,0,1
7119,173,00AD,00AD,173,0,0.0,0,1
7120,-107,FF95,FF95,-107,0,0.0,0,1
7121,69,0045,0045,69,0,0.0,0,1
7122,191,00BF,00BF,191,0,0.0,0,1
7123,-144,FF70,FF70,-144,0,0.0,0,1
7124,108,006C,006C,108,0,0.0,0,1
7125,-105,FF97,FF97,-105,0,0.0,0,1
7126,34,0022,0022,34,0,0.0,0,1
7127,16,0010,0010,16,0,0.0,0,1
7128,72,0048,0048,72,0,0.0,0,1
7129,-44,FFD4,FFD4,-44,0,0.0,0,1
7130,-61,FFC3,FFC3,-61,0,0.0,0,1
7131,32,0020,0020,32,0,0.0,0,1
7132,-29,FFE3,FFE3,-29,0,0.0,0,1
7133,9,0009,0009,9,0,0.0,0,1
7134,48,0030,0030,48,0,0.0,0,1
7135,48,0030,0030,48,0,0.0,0,1
7136,15,000F,000F,15,0,0.0,0,1
7137,1,0001,0001,1,0,0.0,0,1
7138,-142,FF72,FF72,-142,0,0.0,0,1
7139,-120,FF88,FF88,-120,0,0.0,0,1
7140,-110,FF92,FF92,-110,0,0.0,0,1
7141,25,0019,0019,25,0,0.0,0,1
7142,-131,FF7D,FF7D,-131,0,0.0,0,1
7143,-64,FFC0,FFC0,-64,0,0.0,0,1
7144,174,00AE,00AE,174,0,0.0,0,1
7145,-53,FFCB,FFCB,-53,0,0.0,0,1
7146,-6,FFFA,FFFA,-6,0,0.0,0,1
7147,-13,FFF3,FFF3,-13,0,0.0,0,1
7148,-128,FF80,FF80,-128,0,0.0,0,1
7149,39,0027,0027,39,0,0.0,0,1
7150,2,0002,0002,2,0,0.0,0,1
7151,-108,FF94,FF94,-108,0,0.0,0,1
7152,142,008E,008E,142,0,0.0,0,1
7153,-35,FFDD,FFDD,-35,0,0.0,0,1
7154,-56,FFC8,FFC8,-56,0,0.0,0,1
7155,-8,FFF8,FFF8,-8,0,0.0,0,1
7156,42,002A,002A,42,0,0.0,0,1
7157,146,0092,0092,146,0,0.0,0,1
7158,-102,FF9A,FF9A,-102,0,0.0,0,1
7159,-34,FFDE,FFDE,-34,0,0.0,0,1
7160,127,007F,007F,127,0,0.0,0,1
7161,-87,FFA9,FFA9,-87,0,0.0,0,1
7162,108,006C,006C,108,0,0.0,0,1
7163,27,001B,001B,27,0,0.0,0,1
7164,-61,FFC3,FFC3,-61,0,0.0,0,1
7165,-20,FFEC,FFEC,-20,0,0.0,0,1
7166,-31,FFE1,FFE1,-31,0,0.0,0,1
7167,-114,FF8E,FF8E,-114,0,0.0,0,1
7168,16,0010,0010,16,0,0.0,0,1
7169,144,0090,0090,144,0,0.0,0,1
7170,-130,FF7E,FF7E,-130,0,0.0,0,1
7171,-74,FFB6,FFB6,-74,0,0.0,0,1
7172,-85,FFAB,FFAB,-85,0,0.0,0,1
7173,-67,FFBD,FFBD,-67,0,0.0,0,1
7174,-17,FFEF,FFEF,-17,0,0.0,0,1
7175,126,007E,007E,126,0,0.0,0,1
7176,192,00C0,00C0,192,0,0.0,0,1
7177,50,0032,0032,50,0,0.0,0,1
7178,-84,FFAC,FFAC,-84,0,0.0,0,1
7179,-55,FFC9,FFC9,-55,0,0.0,0,1
7180,38,0026,0026,38,0,0.0,0,1
7181,53,0035,0035,53,0,0.0,0,1
7182,8,0008,0008,8,0,0.0,0,1
7183,112,0070,0070,112,0,0.0,0,1
7184,178,00B2,00B2,178,0,0.0,0,1
7185,-73,FFB7,FFB7,-73,0,0.0,0,1
7186,-64,FFC0,FFC0,-64,0,0.0,0,1
7187,85,0055,0055,85,0,0.0,0,1
7188,-32,FFE0,FFE0,-32,0,0.0,0,1
7189,-30,FFE2,FFE2,-30,0,0.0,0,1
7190,45,002D,002D,45,0,0.0,0,1
7191,-13,FFF3,FFF3,-13,0,0.0,0,1
7192,-12,FFF4,FFF4,-12,0,0.0,0,1
7193,69,0045,0045,69,0,0.0,0,1
7194,190,00BE,00BE,190,0,0.0,0,1
7195,-72,FFB8,FFB8,-72,0,0.0,0,1
7196,-80,FFB0,FFB0,-80,0,0.0,0,1
7197,-88,FFA8,FFA8,-88,0,0.0,0,1
7198,-5,FFFB,FFFB,-5,0,0.0,0,1
7199,-80,FFB0,FFB0,-80,0,0.0,0,1
7200,104,0068,0068,104,0,0.0,0,1
7201,109,006D,006D,109,0,0.0,0,1
7202,-23,FFE9,FFE9,-23,0,0.0,0,1
7203,-93,FFA3,FFA3,-93,0,0.0,0,1
7204,14,000E,000E,14,0,0.0,0,1
7205,-21,FFEB,FFEB,-21,0,0.0,0,1
7206,146,0092,0092,146,0,0.0,0,1
7207,-92,FFA4,FFA4,-92,0,0.0,0,1
7208,-194,FF3E,FF3E,-194,0,0.0,0,1
7209,-25,FFE7,FFE7,-25,0,0.0,0,1
7210,-154,FF66,FF66,-154,0,0.0,0,1
7211,151,0097,0097,151,0,0.0,0,1
7212,-165,FF5B,FF5B,-165,0,0.0,0,1
7213,-198,FF3A,FF3A,-198,0,0.0,0,1
7214,194,00C2,00C2,194,0,0.0,0,1
7215,-130,FF7E,FF7E,-130,0,0.0,0,1
7216,163,00A3,00A3,163,0,0.0,0,1
7217,11,000B,000B,11,0,0.0,0,1
7218,102,0066,0066,102,0,0.0,0,1
7219,-75,FFB5,FFB5,-75,0,0.0,0,1
7220,-31,FFE1,FFE1,-31,0,0.0,0,1
7221,-134,FF7A,FF7A,-134,0,0.0,0,1
7222,-9,FFF7,FFF7,-9,0,0.0,0,1
7223,-52,FFCC,FFCC,-52,0,0.0,0,1
7224,-151,FF69,FF69,-151,0,0.0,0,1
7225,-7,FFF9,FFF9,-7,0,0.0,0,1
7226,-33,FFDF,FFDF,-33,0,0.0,0,1
7227,55,0037,0037,55,0,0.0,0,1
7228,-126,FF82,FF82,-126,0,0.0,0,1
7229,-41,FFD7,FFD7,-41,0,0.0,0,1
7230,-134,FF7A,FF7A,-134,0,0.0,0,1
7231,49,0031,0031,49,0,0.0,0,1
7232,99,0063,0063,99,0,0.0,0,1
7233,-24,FFE8,FFE8,-24,0,0.0,0,1
7234,-73,FFB7,FFB7,-73,0,0.0,0,1
7235,-94,FFA2,FFA2,-94,0,0.0,0,1
7236,-189,FF43,FF43,-189,0,0.0,0,1
7237,111,006F,006F,111,0,0.0,0,1
7238,-14,FFF2,FFF2,-14,0,0.0,0,1
7239,107,006B,006B,107,0,0.0,0,1
7240,180,00B4,00B4,180,0,0.0,0,1
7241,-34,FFDE,FFDE,-34,0,0.0,0,1
7242,138,008A,008A,138,0,0.0,0,1
7243,134,0086,0086,134,0,0.0,0,1
7244,25,0019,0019,25,0,0.0,0,1
7245,14,000E,000E,14,0,0.0,0,1
7246,33,0021,0021,33,0,0.0,0,1
7247,-237,FF13,FF13,-237,0,0.0,0,1
7248,49,0031,0031,49,0,0.0,0,1
7249,-36,FFDC,FFDC,-36,0,0.0,0,1
7250,-17,FFEF,FFEF,-17,0,0.0,0,1
7251,54,0036,0036,54,0,0.0,0,1
7252,-118,FF8A,FF8A,-118,0,0.0,0,1
7253,131,0083,0083,131,0,0.0,0,1
7254,34,0022,0022,34,0,0.0,0,1
7255,-4,FFFC,FFFC,-4,0,0.0,0,1
7256,8,0008,0008,8,0,0.0,0,1
7257,10,000A,000A,10,0,0.0,0,1
7258,-38,FFDA,FFDA,-38,0,0.0,0,1
7259,58,003A,003A,58,0,0.0,0,1
7260,-88,FFA8,FFA8,-88,0,0.0,0,1
7261,119,0077,0077,119,0,0.0,0,1
7262,-43,FFD5,FFD5,-43,0,0.0,0,1
7263,-59,FFC5,FFC5,-59,0,0.0,0,1
7264,-9,FFF7,FFF7,-9,0,0.0,0,1
7265,22,0016,0016,22,0,0.0,0,1
7266,97,0061,0061,97,0,0.0,0,1
7267,2,0002,0002,2,0,0.0,0,1
7268,98,0062,0062,98,0,0.0,0,1
7269,-45,FFD3,FFD3,-45,0,0.0,0,1
7270,-39,FFD9,FFD9,-39,0,0.0,0,1
7271,153,0099,0099,153,0,0.0,0,1
7272,16,0010,0010,16,0,0.0,0,1
7273,16,0010,0010,16,0,0.0,0,1
7274,61,003D,003D,61,0,0.0,0,1
7275,-125,FF83,FF83,-125,0,0.0,0,1
7276,-143,FF71,FF71,-143,0,0.0,0,1
7277,96,0060,0060,96,0,0.0,0,1
7278,-99,FF9D,FF9D,-99,0,0.0,0,1
7279,-2,FFFE,FFFE,-2,0,0.0,0,1
7280,-40,FFD8,FFD8,-40,0,0.0,0,1
7281,22,0016,0016,22,0,0.0,0,1
7282,-109,FF93,FF93,-109,0,0.0,0,1
7283,70,0046,0046,70,0,0.0,0,1
7284,160,00A0,00A0,160,0,0.0,0,1
7285,-240,FF10,FF10,-240,0,0.0,0,1
7286,-17,FFEF,FFEF,-17,0,0.0,0,1
7287,56,0038,0038,56,0,0.0,0,1
7288,-180,FF4C,FF4C,-180,0,0.0,0,1
7289,15,000F,000F,15,0,0.0,0,1
7290,-97,FF9F,FF9F,-97,0,0.0,0,1
7291,-131,FF7D,FF7D,-131,0,0.0,0,1
7292,-105,FF97,FF97,-105,0,0.0,0,1
7293,-100,FF9C,FF9C,-100,0,0.0,0,1
7294,95,005F,005F,95,0,0.0,0,1
7295,15,000F,000F,15,0,0.0,0,1
7296,-7,FFF9,FFF9,-7,0,0.0,0,1
7297,49,0031,0031,49,0,0.0,0,1
7298,-81,FFAF,FFAF,-81,0,0.0,0,1
7299,-54,FFCA,FFCA,-54,0,0.0,0,1
7300,-21,FFEB,FFEB,-21,0,0.0,0,1
7301,-74,FFB6,FFB6,-74,0,0.0,0,1
7302,192,00C0,00C0,192,0,0.0,0,1
7303,64,0040,0040,64,0,0.0,0,1
7304,-58,FFC6,FFC6,-58,0,0.0,0,1
7305,-9,FFF7,FFF7,-9,0,0.0,0,1
7306,-51,FFCD,FFCD,-51,0,0.0,0,1
7307,-104,FF98,FF98,-104,0,0.0,0,1
7308,29,001D,001D,29,0,0.0,0,1
7309,31,001F,001F,31,0,0.0,0,1
7310,82,0052,0052,82,0,0.0,0,1
7311,132,0084,0084,132,0,0.0,0,1
7312,-33,FFDF,FFDF,-33,0,0.0,0,1
7313,61,003D,003D,61,0,0.0,0,1
7314,-24,FFE8,FFE8,-24,0,0.0,0,1
7315,-86,FFAA,FFAA,-86,0,0.0,0,1
7316,-4,FFFC,FFFC,-4,0,0.0,0,1
7317,-6,FFFA,FFFA,-6,0,0.0,0,1
7318,-68,FFBC,FFBC,-68,0,0.0,0,1
7319,106,006A,006A,106,0,0.0,0,1
7320,-13,FFF3,FFF3,-13,0,0.0,0,1
7321,-118,FF8A,FF8A,-118,0,0.0,0,1
7322,-25,FFE7,FFE7,-25,0,0.0,0,1
7323,-58,FFC6,FFC6,-58,0,0.0,0,1
7324,-45,FFD3,FFD3,-45,0,0.0,0,1
7325,-60,FFC4,FFC4,-60,0,0.0,0,1
7326,-99,FF9D,FF9D,-99,0,0.0,0,1
7327,160,00A0,00A0,160,0,0.0,0,1
7328,-63,FFC1,FFC1,-63,0,0.0,0,1
7329,54,0036,0036,54,0,0.0,0,1
7330,16,0010,0010,16,0,0.0,0,1
7331,-78,FFB2,FFB2,-78,0,0.0,0,1
7332,65,0041,0041,65,0,0.0,0,1
7333,39,0027,0027,39,0,0.0,0,1
7334,238,00EE,00EE,238,0,0.0,0,1
7335,-109,FF93,FF93,-109,0,0.0,0,1
7336,-153,FF67,FF67,-153,0,0.0,0,1
7337,-4,FFFC,FFFC,-4,0,0.0,0,1
7338,219,00DB,00DB,219,0,0.0,0,1
7339,-57,FFC7,FFC7,-57,0,0.0,0,1
7340,8,0008,0008,8,0,0.0,0,1
7341,-62,FFC2,FFC2,-62,0,0.0,0,1
7342,75,004B,004B,75,0,0.0,0,1
7343,141,008D,008D,141,0,0.0,0,1
7344,-38,FFDA,FFDA,-38,0,0.0,0,1
7345,-73,FFB7,FFB7,-73,0,0.0,0,1
7346,-142,FF72,FF72,-142,0,0.0,0,1
7347,85,0055,0055,85,0,0.0,0,1
7348,-15,FFF1,FFF1,-15,0,0.0,0,1
7349,145,0091,0091,145,0,0.0,0,1
7350,143,008F,008F,143,0,0.0,0,1
7351,-113,FF8F,FF8F,-113,0,0.0,0,1
7352,-83,FFAD,FFAD,-83,0,0.0,0,1
7353,-80,FFB0,FFB0,-80,0,0.0,0,1
7354,-69,FFBB,FFBB,-69,0,0.0,0,1
7355,44,002C,002C,44,0,0.0,0,1
7356,-44,FFD4,FFD4,-44,0,0.0,0,1
7357,-87,FFA9,FFA9,-87,0,0.0,0,1
7358,12,000C,000C,12,0,0.0,0,1
7359,-74,FFB6,FFB6,-74,0,0.0,0,1
7360,61,003D,003D,61,0,0.0,0,1
7361,74,004A,004A,74,0,0.0,0,1
7362,91,005B,005B,91,0,0.0,0,1
7363,62,003E,003E,62,0,0.0,0,1
7364,103,0067,0067,103,0,0.0,0,1
7365,-56,FFC8,FFC8,-56,0,0.0,0,1
7366,-66,FFBE,FFBE,-66,0,0.0,0,1
7367,-106,FF96,FF96,-106,0,0.0,0,1
7368,-66,FFBE,FFBE,-66,0,0.0,0,1
7369,-185,FF47,FF47,-185,0,0.0,0,1
7370,-74,FFB6,FFB6,-74,0,0.0,0,1
7371,91,005B,005B,91,0,0.0,0,1
7372,60,003C,003C,60,0,0.0,0,1
7373,132,0084,0084,132,0,0.0,0,1
7374,107,006B,006B,107,0,0.0,0,1
7375,-2,FFFE,FFFE,-2,0,0.0,0,1
7376,-119,FF89,FF89,-119,0,0.0,0,1
7377,12,000C,000C,12,0,0.0,0,1
7378,10,000A,000A,10,0,0.0,0,1
7379,-179,FF4D,FF4D,-179,0,0.0,0,1
7380,114,0072,0072,114,0,0.0,0,1
7381,23,0017,0017,23,0,0.0,0,1
7382,53,0035,0035,53,0,0.0,0,1
7383,-16,FFF0,FFF0,-16,0,0.0,0,1
7384,-93,FFA3,FFA3,-93,0,0.0,0,1
7385,124,007C,007C,124,0,0.0,0,1
7386,-70,FFBA,FFBA,-70,0,0.0,0,1
7387,40,0028,0028,40,0,0.0,0,1
7388,74,004A,004A,74,0,0.0,0,1
7389,-37,FFDB,FFDB,-37,0,0.0,0,1
7390,38,0026,0026,38,0,0.0,0,1
7391,62,003E,003E,62,0,0.0,0,1
7392,96,0060,0060,96,0,0.0,0,1
7393,23,0017,0017,23,0,0.0,0,1
7394,-9,FFF7,FFF7,-9,0,0.0,0,1
7395,69,0045,0045,69,0,0.0,0,1
7396,88,0058,0058,88,0,0.0,0,1
7397,9,0009,0009,9,0,0.0,0,1
7398,-54,FFCA,FFCA,-54,0,0.0,0,1
7399,-39,FFD9,FFD9,-39,0,0.0,0,1
7400,-134,FF7A,FF7A,-134,0,0.0,0,1
7401,-26,FFE6,FFE6,-26,0,0.0,0,1
7402,-151,FF69,FF69,-151,0,0.0,0,1
7403,22,0016,0016,22,0,0.0,0,1
7404,142,008E,008E,142,0,0.0,0,1
7405,24,0018,0018,24,0,0.0,0,1
7406,85,0055,0055,85,0,0.0,0,1
7407,33,0021,0021,33,0,0.0,0,1
7408,172,00AC,00AC,172,0,0.0,0,1
7409,-93,FFA3,FFA3,-93,0,0.0,0,1
7410,20,0014,0014,20,0,0.0,0,1
7411,21,0015,0015,21,0,0.0,0,1
7412,172,00AC,00AC,172,0,0.0,0,1
7413,76,004C,004C,76,0,0.0,0,1
7414,71,0047,0047,71,0,0.0,0,1
7415,33,0021,0021,33,0,0.0,0,1
7416,147,0093,0093,147,0,0.0,0,1
7417,-43,FFD5,FFD5,-43,0,0.0,0,1
7418,-35,FFDD,FFDD,-35,0,0.0,0,1
7419,22,0016,0016,22,0,0.0,0,1
7420,-160,FF60,FF60,-160,0,0.0,0,1
7421,-30,FFE2,FFE2,-30,0,0.0,0,1
7422,51,0033,0033,51,0,0.0,0,1
7423,-83,FFAD,FFAD,-83,0,0.0,0,1
7424,-103,FF99,FF99,-103,0,0.0,0,1
7425,-12,FFF4,FFF4,-12,0,0.0,0,1
7426,-23,FFE9,FFE9,-23,0,0.0,0,1
7427,-129,FF7F,FF7F,-129,0,0.0,0,1
7428,86,0056,0056,86,0,0.0,0,1
7429,-54,FFCA,FFCA,-54,0,0.0,0,1
7430,-83,FFAD,FFAD,-83,0,0.0,0,1
7431,24,0018,0018,24,0,0.0,0,1
7432,-58,FFC6,FFC6,-58,0,0.0,0,1
7433,114,0072,0072,114,0,0.0,0,1
7434,-111,FF91,FF91,-111,0,0.0,0,1
7435,-19,FFED,FFED,-19,0,0.0,0,1
7436,-75,FFB5,FFB5,-75,0,0.0,0,1
7437,80,0050,0050,80,0,0.0,0,1
7438,-137,FF77,FF77,-137,0,0.0,0,1
7439,-42,FFD6,FFD6,-42,0,0.0,0,1
7440,-56,FFC8,FFC8,-56,0,0.0,0,1
7441,-97,FF9F,FF9F,-97,0,0.0,0,1
7442,-225,FF1F,FF1F,-225,0,0.0,0,1
7443,-32,FFE0,FFE0,-32,0,0.0,0,1
7444,-152,FF68,FF68,-152,0,0.0,0,1
7445,-1,FFFF,FFFF,-1,0,0.0,0,1
7446,52,0034,0034,52,0,0.0,0,1
7447,133,0085,0085,133,0,0.0,0,1
7448,34,0022,0022,34,0,0.0,0,1
7449,168,00A8,00A8,168,0,0.0,0,1
7450,83,0053,0053,83,0,0.0,0,1
7451,93,005D,005D,93,0,0.0,0,1
7452,56,0038,0038,56,0,0.0,0,1
7453,78,004E,004E,78,0,0.0,0,1
7454,-66,FFBE,FFBE,-66,0,0.0,0,1
7455,-119,FF89,FF89,-119,0,0.0,0,1
7456,8,0008,0008,8,0,0.0,0,1
7457,-121,FF87,FF87,-121,0,0.0,0,1
7458,-68,FFBC,FFBC,-68,0,0.0,0,1
7459,84,0054,0054,84,0,0.0,0,1
7460,36,0024,0024,36,0,0.0,0,1
7461,-91,FFA5,FFA5,-91,0,0.0,0,1
7462,136,0088,0088,136,0,0.0,0,1
7463,-3,FFFD,FFFD,-3,0,0.0,0,1
7464,-163,FF5D,FF5D,-163,0,0.0,0,1
7465,44,002C,002C,44,0,0.0,0,1
7466,153,0099,0099,153,0,0.0,0,1
7467,24,0018,0018,24,0,0.0,0,1
7468,85,0055,0055,85,0,0.0,0,1
7469,-11,FFF5,FFF5,-11,0,0.0,0,1
7470,43,002B,002B,43,0,0.0,0,1
7471,-14,FFF2,FFF2,-14,0,0.0,0,1
7472,65,0041,0041,65,0,0.0,0,1
7473,-92,FFA4,FFA4,-92,0,0.0,0,1
7474,40,0028,0028,40,0,0.0,0,1
7475,51,0033,0033,51,0,0.0,0,1
7476,73,0049,0049,73,0,0.0,0,1
7477,-60,FFC4,FFC4,-60,0,0.0,0,1
7478,-73,FFB7,FFB7,-73,0,0.0,0,1
7479,-18,FFEE,FFEE,-18,0,0.0,0,1
7480,6,0006,0006,6,0,0.0,0,1
7481,9,0009,0009,9,0,0.0,0,1
7482,119,0077,0077,119,0,0.0,0,1
7483,-76,FFB4,FFB4,-76,0,0.0,0,1
7484,-107,FF95,FF95,-107,0,0.0,0,1
7485,-21,FFEB,FFEB,-21,0,0.0,0,1
7486,96,0060,0060,96,0,0.0,0,1
7487,-8,FFF8,FFF8,-8,0,0.0,0,1
7488,10,000A,000A,10,0,0.0,0,1
7489,19,0013,0013,19,0,0.0,0,1
7490,-112,FF90,FF90,-112,0,0.0,0,1
7491,143,008F,008F,143,0,0.0,0,1
7492,-115,FF8D,FF8D,-115,0,0.0,0,1
7493,10,000A,000A,10,0,0.0,0,1
7494,-62,FFC2,FFC2,-62,0,0.0,0,1
7495,63,003F,003F,63,0,0.0,0,1
7496,-2,FFFE,FFFE,-2,0,0.0,0,1
7497,-129,FF7F,FF7F,-129,0,0.0,0,1
7498,-9,FFF7,FFF7,-9,0,0.0,0,1
7499,-13,FFF3,FFF3,-13,0,0.0,0,1
7500,81,0051,0051,81,0,0.0,0,1
7501,130,0082,0082,130,0,0.0,0,1
7502,153,0099,0099,153,0,0.0,0,1
7503,-180,FF4C,FF4C,-180,0,0.0,0,1
7504,-115,FF8D,FF8D,-115,0,0.0,0,1
7505,-79,FFB1,FFB1,-79,0,0.0,0,1
7506,29,001D,001D,29,0,0.0,0,1
7507,110,006E,006E,110,0,0.0,0,1
7508,18,0012,0012,18,0,0.0,0,1
7509,-47,FFD1,FFD1,-47,0,0.0,0,1
7510,-49,FFCF,FFCF,-49,0,0.0,0,1
7511,79,004F,004F,79,0,0.0,0,1
7512,-66,FFBE,FFBE,-66,0,0.0,0,1
7513,-107,FF95,FF95,-107,0,0.0,0,1
7514,-42,FFD6,FFD6,-42,0,0.0,0,1
7515,-38,FFDA,FFDA,-38,0,0.0,0,1
7516,-170,FF56,FF56,-170,0,0.0,0,1
7517,82,0052,0052,82,0,0.0,0,1
7518,57,0039,0039,57,0,0.0,0,1
7519,99,0063,0063,99,0,0.0,0,1
7520,86,0056,0056,86,0,0.0,0,1
7521,39,0027,0027,39,0,0.0,0,1
7522,-42,FFD6,FFD6,-42,0,0.0,0,1
7523,-242,FF0E,FF0E,-242,0,0.0,0,1
7524,24,0018,0018,24,0,0.0,0,1
7525,-136,FF78,FF78,-136,0,0.0,0,1
7526,-123,FF85,FF85,-123,0,0.0,0,1
7527,-47,FFD1,FFD1,-47,0,0.0,0,1
7528,2,0002,0002,2,0,0.0,0,1
7529,91,005B,005B,91,0,0.0,0,1
7530,-71,FFB9,FFB9,-71,0,0.0,0,1
7531,-43,FFD5,FFD5,-43,0,0.0,0,1
7532,-56,FFC8,FFC8,-56,0,0.0,0,1
7533,97,0061,0061,97,0,0.0,0,1
7534,112,0070,0070,112,0,0.0,0,1
7535,-103,FF99,FF99,-103,0,0.0,0,1
7536,82,0052,0052,82,0,0.0,0,1
7537,27,001B,001B,27,0,0.0,0,1
7538,-65,FFBF,FFBF,-65,0,0.0,0,1
7539,-80,FFB0,FFB0,-80,0,0.0,0,1
7540,-65,FFBF,FFBF,-65,0,0.0,0,1
7541,40,0028,0028,40,0,0.0,0,1
7542,164,00A4,00A4,164,0,0.0,0,1
7543,101,0065,0065,101,0,0.0,0,1
7544,-32,FFE0,FFE0,-32,0,0.0,0,1
7545,23,0017,0017,23,0,0.0,0,1
7546,148,0094,0094,148,0,0.0,0,1
7547,78,004E,004E,78,0,0.0,0,1
7548,146,0092,0092,146,0,0.0,0,1
7549,-74,FFB6,FFB6,-74,0,0.0,0,1
7550,-106,FF96,FF96,-106,0,0.0,0,1
7551,208,00D0,00D0,208,0,0.0,0,1
7552,-136,FF78,FF78,-136,0,0.0,0,1
7553,-43,FFD5,FFD5,-43,0,0.0,0,1
7554,65,0041,0041,65,0,0.0,0,1
7555,-58,FFC6,FFC6,-58,0,0.0,0,1
7556,34,0022,0022,34,0,0.0,0,1
7557,-70,FFBA,FFBA,-70,0,0.0,0,1
7558,-6,FFFA,FFFA,-6,0,0.0,0,1
7559,147,0093,0093,147,0,0.0,0,1
7560,79,004F,004F,79,0,0.0,0,1
7561,143,008F,008F,143,0,0.0,0,1
7562,30,001E,001E,30,0,0.0,0,1
7563,-87,FFA9,FFA9,-87,0,0.0,0,1
7564,92,005C,005C,92,0,0.0,0,1
7565,30,001E,001E,30,0,0.0,0,1
7566,-50,FFCE,FFCE,-50,0,0.0,0,1
7567,182,00B6,00B6,182,0,0.0,0,1
7568,71,0047,0047,71,0,0.0,0,1
7569,-22,FFEA,FFEA,-22,0,0.0,0,1
7570,-93,FFA3,FFA3,-93,0,0.0,0,1
7571,-110,FF92,FF92,-110,0,0.0,0,1
7572,74,004A,004A,74,0,0.0,0,1
7573,-21,FFEB,FFEB,-21,0,0.0,0,1
7574,60,003C,003C,60,0,0.0,0,1
7575,-87,FFA9,FFA9,-87,0,0.0,0,1
7576,-67,FFBD,FFBD,-67,0,0.0,0,1
7577,118,0076,0076,118,0,0.0,0,1
7578,93,005D,005D,93,0,0.0,0,1
7579,-17,FFEF,FFEF,-17,0,0.0,0,1
7580,19,0013,0013,19,0,0.0,0,1
7581,-107,FF95,FF95,-107,0,0.0,0,1
7582,30,001E,001E,30,0,0.0,0,1
7583,-58,FFC6,FFC6,-58,0,0.0,0,1
7584,175,00AF,00AF,175,0,0.0,0,1
7585,190,00BE,00BE,190,0,0.0,0,1
7586,63,003F,003F,63,0,0.0,0,1
7587,34,0022,0022,34,0,0.0,0,1
7588,-87,FFA9,FFA9,-87,0,0.0,0,1
7589,-214,FF2A,FF2A,-214,0,0.0,0,1
7590,48,0030,0030,48,0,0.0,0,1
7591,21,0015,0015,21,0,0.0,0,1
7592,-11,FFF5,FFF5,-11,0,0.0,0,1
7593,-37,FFDB,FFDB,-37,0,0.0,0,1
7594,34,0022,0022,34,0,0.0,0,1
7595,-168,FF58,FF58,-168,0,0.0,0,1
7596,-200,FF38,FF38,-200,0,0.0,0,1
7597,-8,FFF8,FFF8,-8,0,0.0,0,1
7598,43,002B,002B,43,0,0.0,0,1
7599,-45,FFD3,FFD3,-45,0,0.0,0,1
7600,-51,FFCD,FFCD,-51,0,0.0,0,1
7601,-14,FFF2,FFF2,-14,0,0.0,0,1
7602,20,0014,0014,20,0,0.0,0,1
7603,-131,FF7D,FF7D,-131,0,0.0,0,1
7604,-137,FF77,FF77,-137,0,0.0,0,1
7605,-69,FFBB,FFBB,-69,0,0.0,0,1
7606,138,008A,008A,138,0,0.0,0,1
7607,-42,FFD6,FFD6,-42,0,0.0,0,1
7608,-28,FFE4,FFE4,-28,0,0.0,0,1
7609,48,0030,0030,48,0,0.0,0,1
7610,-66,FFBE,FFBE,-66,0,0.0,0,1
7611,48,0030,0030,48,0,0.0,0,1
7612,54,0036,0036,54,0,0.0,0,1
7613,-11,FFF5,FFF5,-11,0,0.0,0,1
7614,38,0026,0026,38,0,0.0,0,1
7615,-4,FFFC,FFFC,-4,0,0.0,0,1
7616,-100,FF9C,FF9C,-100,0,0.0,0,1
7617,-109,FF93,FF93,-109,0,0.0,0,1
7618,-108,FF94,FF94,-108,0,0.0,0,1
7619,197,00C5,00C5,197,0,0.0,0,1
7620,-47,FFD1,FFD1,-47,0,0.0,0,1
7621,1,0001,0001,1,0,0.0,0,1
7622,-15,FFF1,FFF1,-15,0,0.0,0,1
7623,78,004E,004E,78,0,0.0,0,1
7624,88,0058,0058,88,0,0.0,0,1
7625,57,0039,0039,57,0,0.0,0,1
7626,-85,FFAB,FFAB,-85,0,0.0,0,1
7627,43,002B,002B,43,0,0.0,0,1
7628,-87,FFA9,FFA9,-87,0,0.0,0,1
7629,171,00AB,00AB,171,0,0.0,0,1
7630,-79,FFB1,FFB1,-79,0,0.0,0,1
7631,156,009C,009C,156,0,0.0,0,1
7632,16,0010,0010,16,0,0.0,0,1
7633,-150,FF6A,FF6A,-150,0,0.0,0,1
7634,57,0039,0039,57,0,0.0,0,1
7635,-60,FFC4,FFC4,-60,0,0.0,0,1
7636,-20,FFEC,FFEC,-20,0,0.0,0,1
7637,-36,FFDC,FFDC,-36,0,0.0,0,1
7638,-140,FF74,FF74,-140,0,0.0,0,1
7639,35,0023,0023,35,0,0.0,0,1
7640,-30,FFE2,FFE2,-30,0,0.0,0,1
7641,6,0006,0006,6,0,0.0,0,1
7642,20,0014,0014,20,0,0.0,0,1
7643,-59,FFC5,FFC5,-59,0,0.0,0,1
7644,125,007D,007D,125,0,0.0,0,1
7645,49,0031,0031,49,0,0.0,0,1
7646,-75,FFB5,FFB5,-75,0,0.0,0,1
7647,57,0039,0039,57,0,0.0,0,1
7648,-169,FF57,FF57,-169,0,0.0,0,1
7649,42,002A,002A,42,0,0.0,0,1
7650,5,0005,0005,5,0,0.0,0,1
7651,134,0086,0086,134,0,0.0,0,1
7652,30,001E,001E,30,0,0.0,0,1
7653,-231,FF19,FF19,-231,0,0.0,0,1
7654,-81,FFAF,FFAF,-81,0,0.0,0,1
7655,20,0014,0014,20,0,0.0,0,1
7656,10,000A,000A,10,0,0.0,0,1
7657,51,0033,0033,51,0,0.0,0,1
7658,-25,FFE7,FFE7,-25,0,0.0,0,1
7659,3,0003,0003,3,0,0.0,0,1
7660,-129,FF7F,FF7F,-129,0,0.0,0,1
7661,30,001E,001E,30,0,0.0,0,1
7662,112,0070,0070,112,0,0.0,0,1
7663,-168,FF58,FF58,-168,0,0.0,0,1
7664,49,0031,0031,49,0,0.0,0,1
7665,-68,FFBC,FFBC,-68,0,0.0,0,1
7666,-9,FFF7,FFF7,-9,0,0.0,0,1
7667,-135,FF79,FF79,-135,0,0.0,0,1
7668,-125,FF83,FF83,-125,0,0.0,0,1
7669,113,0071,0071,113,0,0.0,0,1
7670,100,0064,0064,100,0,0.0,0,1
7671,156,009C,009C,156,0,0.0,0,1
7672,132,0084,0084,132,0,0.0,0,1
7673,-38,FFDA,FFDA,-38,0,0.0,0,1
7674,13,000D,000D,13,0,0.0,0,1
7675,-193,FF3F,FF3F,-193,0,0.0,0,1
7676,7,0007,0007,7,0,0.0,0,1
7677,121,0079,0079,121,0,0.0,0,1
7678,112,0070,0070,112,0,0.0,0,1
7679,-97,FF9F,FF9F,-97,0,0.0,0,1
7680,-147,FF6D,FF6D,-147,0,0.0,0,1
7681,47,002F,002F,47,0,0.0,0,1
7682,-157,FF63,FF63,-157,0,0.0,0,1
7683,-122,FF86,FF86,-122,0,0.0,0,1
7684,-38,FFDA,FFDA,-38,0,0.0,0,1
7685,30,001E,001E,30,0,0.0,0,1
7686,-125,FF83,FF83,-125,0,0.0,0,1
7687,-248,FF08,FF08,-248,0,0.0,0,1
7688,-108,FF94,FF94,-108,0,0.0,0,1
7689,90,005A,005A,90,0,0.0,0,1
7690,-59,FFC5,FFC5,-59,0,0.0,0,1
7691,45,002D,002D,45,0,0.0,0,1
7692,-31,FFE1,FFE1,-31,0,0.0,0,1
7693,-155,FF65,FF65,-155,0,0.0,0,1
7694,-69,FFBB,FFBB,-69,0,0.0,0,1
7695,-50,FFCE,FFCE,-50,0,0.0,0,1
7696,-79,FFB1,FFB1,-79,0,0.0,0,1
7697,19,0013,0013,19,0,0.0,0,1
7698,44,002C,002C,44,0,0.0,0,1
7699,-145,FF6F,FF6F,-145,0,0.0,0,1
7700,-34,FFDE,FFDE,-34,0,0.0,0,1
7701,24,0018,0018,24,0,0.0,0,1
7702,-143,FF71,FF71,-143,0,0.0,0,1
7703,70,0046,0046,70,0,0.0,0,1
7704,112,0070,0070,112,0,0.0,0,1
7705,-62,FFC2,FFC2,-62,0,0.0,0,1
7706,92,005C,005C,92,0,0.0,0,1
7707,114,0072,0072,114,0,0.0,0,1
7708,-39,FFD9,FFD9,-39,0,0.0,0,1
7709,71,0047,0047,71,0,0.0,0,1
7710,-115,FF8D,FF8D,-115,0,0.0,0,1
7711,134,0086,0086,134,0,0.0,0,1
7712,64,0040,0040,64,0,0.0,0,1
7713,-33,FFDF,FFDF,-33,0,0.0,0,1
7714,-45,FFD3,FFD3,-45,0,0.0,0,1
7715,-74,FFB6,FFB6,-74,0,0.0,0,1
7716,-153,FF67,FF67,-153,0,0.0,0,1
7717,-104,FF98,FF98,-104,0,0.0,0,1
7718,-24,FFE8,FFE8,-24,0,0.0,0,1
7719,-25,FFE7,FFE7,-25,0,0.0,0,1
7720,192,00C0,00C0,192,0,0.0,0,1
7721,149,0095,0095,149,0,0.0,0,1
7722,-3,FFFD,FFFD,-3,0,0.0,0,1
7723,25,0019,0019,25,0,0.0,0,1
7724,-90,FFA6,FFA6,-90,0,0.0,0,1
7725,17,0011,0011,17,0,0.0,0,1
7726,35,0023,0023,35,0,0.0,0,1
7727,69,0045,0045,69,0,0.0,0,1
7728,-126,FF82,FF82,-126,0,0.0,0,1
7729,-16,FFF0,FFF0,-16,0,0.0,0,1
7730,-63,FFC1,FFC1,-63,0,0.0,0,1
7731,9,0009,0009,9,0,0.0,0,1
7732,93,005D,005D,93,0,0.0,0,1
7733,52,0034,0034,52,0,0.0,0,1
7734,-9,FFF7,FFF7,-9,0,0.0,0,1
7735,86,0056,0056,86,0,0.0,0,1
7736,-63,FFC1,FFC1,-63,0,0.0,0,1
7737,190,00BE,00BE,190,0,0.0,0,1
7738,-57,FFC7,FFC7,-57,0,0.0,0,1
7739,-15,FFF1,FFF1,-15,0,0.0,0,1
7740,-152,FF68,FF68,-152,0,0.0,0,1
7741,-61,FFC3,FFC3,-61,0,0.0,0,1
7742,-143,FF71,FF71,-143,0,0.0,0,1
7743,-122,FF86,FF86,-122,0,0.0,0,1
7744,-87,FFA9,FFA9,-87,0,0.0,0,1
7745,79,004F,004F,79,0,0.0,0,1
7746,30,001E,001E,30,0,0.0,0,1
7747,129,0081,0081,129,0,0.0,0,1
7748,-101,FF9B,FF9B,-101,0,0.0,0,1
7749,75,004B,004B,75,0,0.0,0,1
7750,-90,FFA6,FFA6,-90,0,0.0,0,1
7751,14,000E,000E,14,0,0.0,0,1
7752,-3,FFFD,FFFD,-3,0,0.0,0,1
7753,12,000C,000C,12,0,0.0,0,1
7754,-28,FFE4,FFE4,-28,0,0.0,0,1
7755,-33,FFDF,FFDF,-33,0,0.0,0,1
7756,-33,FFDF,FFDF,-33,0,0.0,0,1
7757,195,00C3,00C3,195,0,0.0,0,1
7758,-23,FFE9,FFE9,-23,0,0.0,0,1
7759,33,0021,0021,33,0,0.0,0,1
7760,12,000C,000C,12,0,0.0,0,1
7761,-59,FFC5,FFC5,-59,0,0.0,0,1
7762,98,0062,0062,98,0,0.0,0,1
7763,106,006A,006A,106,0,0.0,0,1
7764,-79,FFB1,FFB1,-79,0,0.0,0,1
7765,-89,FFA7,FFA7,-89,0,0.0,0,1
7766,40,0028,0028,40,0,0.0,0,1
7767,-118,FF8A,FF8A,-118,0,0.0,0,1
7768,75,004B,004B,75,0,0.0,0,1
7769,22,0016,0016,22,0,0.0,0,1
7770,147,0093,0093,147,0,0.0,0,1
7771,16,0010,0010,16,0,0.0,0,1
7772,85,0055,0055,85,0,0.0,0,1
7773,19,0013,0013,19,0,0.0,0,1
7774,48,0030,0030,48,0,0.0,0,1
7775,131,0083,0083,131,0,0.0,0,1
7776,25,0019,0019,25,0,0.0,0,1
7777,62,003E,003E,62,0,0.0,0,1
7778,-23,FFE9,FFE9,-23,0,0.0,0,1
7779,35,0023,0023,35,0,0.0,0,1
7780,60,003C,003C,60,0,0.0,0,1
7781,100,0064,0064,100,0,0.0,0,1
7782,15,000F,000F,15,0,0.0,0,1
7783,-2,FFFE,FFFE,-2,0,0.0,0,1
7784,130,0082,0082,130,0,0.0,0,1
7785,-80,FFB0,FFB0,-80,0,0.0,0,1
7786,88,0058,0058,88,0,0.0,0,1
7787,-105,FF97,FF97,-105,0,0.0,0,1
7788,-113,FF8F,FF8F,-113,0,0.0,0,1
7789,-78,FFB2,FFB2,-78,0,0.0,0,1
7790,-98,FF9E,FF9E,-98,0,0.0,0,1
7791,152,0098,0098,152,0,0.0,0,1
7792,15,000F,000F,15,0,0.0,0,1
7793,163,00A3,00A3,163,0,0.0,0,1
7794,174,00AE,00AE,174,0,0.0,0,1
7795,84,0054,0054,84,0,0.0,0,1
7796,146,0092,0092,146,0,0.0,0,1
7797,31,001F,001F,31,0,0.0,0,1
7798,-184,FF48,FF48,-184,0,0.0,0,1
7799,-47,FFD1,FFD1,-47,0,0.0,0,1
7800,91,005B,005B,91,0,0.0,0,1
7801,119,0077,0077,119,0,0.0,0,1
7802,-13,FFF3,FFF3,-13,0,0.0,0,1
7803,-27,FFE5,FFE5,-27,0,0.0,0,1
7804,0,0000,0000,0,0,0.0,0,1
7805,-136,FF78,FF78,-136,0,0.0,0,1
7806,51,0033,0033,51,0,0.0,0,1
7807,-46,FFD2,FFD2,-46,0,0.0,0,1
7808,-215,FF29,FF29,-215,0,0.0,0,1
7809,-109,FF93,FF93,-109,0,0.0,0,1
7810,-71,FFB9,FFB9,-71,0,0.0,0,1
7811,-38,FFDA,FFDA,-38,0,0.0,0,1
7812,20,0014,0014,20,0,0.0,0,1
7813,37,0025,0025,37,0,0.0,0,1
7814,-64,FFC0,FFC0,-64,0,0.0,0,1
7815,-10,FFF6,FFF6,-10,0,0.0,0,1
7816,-45,FFD3,FFD3,-45,0,0.0,0,1
7817,-62,FFC2,FFC2,-62,0,0.0,0,1
7818,160,00A0,00A0,160,0,0.0,0,1
7819,149,0095,0095,149,0,0.0,0,1
7820,33,0021,0021,33,0,0.0,0,1
7821,124,007C,007C,124,0,0.0,0,1
7822,-177,FF4F,FF4F,-177,0,0.0,0,1
7823,-1,FFFF,FFFF,-1,0,0.0,0,1
7824,128,0080,0080,128,0,0.0,0,1
7825,96,0060,0060,96,0,0.0,0,1
7826,138,008A,008A,138,0,0.0,0,1
7827,-68,FFBC,FFBC,-68,0,0.0,0,1
7828,-33,FFDF,FFDF,-33,0,0.0,0,1
7829,64,0040,0040,64,0,0.0,0,1
7830,-71,FFB9,FFB9,-71,0,0.0,0,1
7831,-45,FFD3,FFD3,-45,0,0.0,0,1
7832,-249,FF07,FF07,-249,0,0.0,0,1
7833,10,000A,000A,10,0,0.0,0,1
7834,-67,FFBD,FFBD,-67,0,0.0,0,1
7835,191,00BF,00BF,191,0,0.0,0,1
7836,99,0063,0063,99,0,0.0,0,1
7837,90,005A,005A,90,0,0.0,0,1
7838,28,001C,001C,28,0,0.0,0,1
7839,178,00B2,00B2,178,0,0.0,0,1
7840,-29,FFE3,FFE3,-29,0,0.0,0,1
7841,64,0040,0040,64,0,0.0,0,1
7842,-23,FFE9,FFE9,-23,0,0.0,0,1
7843,-43,FFD5,FFD5,-43,0,0.0,0,1
7844,-22,FFEA,FFEA,-22,0,0.0,0,1
7845,27,001B,001B,27,0,0.0,0,1
7846,61,003D,003D,61,0,0.0,0,1
7847,100,0064,0064,100,0,0.0,0,1
7848,25,0019,0019,25,0,0.0,0,1
7849,4,0004,0004,4,0,0.0,0,1
7850,-5,FFFB,FFFB,-5,0,0.0,0,1
7851,-38,FFDA,FFDA,-38,0,0.0,0,1
7852,3,0003,0003,3,0,0.0,0,1
7853,-79,FFB1,FFB1,-79,0,0.0,0,1
7854,-118,FF8A,FF8A,-118,0,0.0,0,1
7855,-126,FF82,FF82,-126,0,0.0,0,1
7856,-39,FFD9,FFD9,-39,0,0.0,0,1
7857,-58,FFC6,FFC6,-58,0,0.0,0,1
7858,-40,FFD8,FFD8,-40,0,0.0,0,1
7859,-28,FFE4,FFE4,-28,0,0.0,0,1
7860,-153,FF67,FF67,-153,0,0.0,0,1
7861,-75,FFB5,FFB5,-75,0,0.0,0,1
7862,-111,FF91,FF91,-111,0,0.0,0,1
7863,-8,FFF8,FFF8,-8,0,0.0,0,1
7864,-45,FFD3,FFD3,-45,0,0.0,0,1
7865,-49,FFCF,FFCF,-49,0,0.0,0,1
7866,19,0013,0013,19,0,0.0,0,1
7867,-93,FFA3,FFA3,-93,0,0.0,0,1
7868,48,0030,0030,48,0,0.0,0,1
7869,-97,FF9F,FF9F,-97,0,0.0,0,1
7870,-126,FF82,FF82,-126,0,0.0,0,1
7871,10,000A,000A,10,0,0.0,0,1
7872,22,0016,0016,22,0,0.0,0,1
7873,-167,FF59,FF59,-167,0,0.0,0,1
7874,37,0025,0025,37,0,0.0,0,1
7875,-84,FFAC,FFAC,-84,0,0.0,0,1
7876,15,000F,000F,15,0,0.0,0,1
7877,-18,FFEE,FFEE,-18,0,0.0,0,1
7878,15,000F,000F,15,0,0.0,0,1
7879,44,002C,002C,44,0,0.0,0,1
7880,-70,FFBA,FFBA,-70,0,0.0,0,1
7881,193,00C1,00C1,193,0,0.0,0,1
7882,65,0041,0041,65,0,0.0,0,1
7883,111,006F,006F,111,0,0.0,0,1
7884,-112,FF90,FF90,-112,0,0.0,0,1
7885,-35,FFDD,FFDD,-35,0,0.0,0,1
7886,-38,FFDA,FFDA,-38,0,0.0,0,1
7887,-135,FF79,FF79,-135,0,0.0,0,1
7888,-90,FFA6,FFA6,-90,0,0.0,0,1
7889,47,002F,002F,47,0,0.0,0,1
7890,23,0017,0017,23,0,0.0,0,1
7891,12,000C,000C,12,0,0.0,0,1
7892,174,00AE,00AE,174,0,0.0,0,1
7893,94,005E,005E,94,0,0.0,0,1
7894,-20,FFEC,FFEC,-20,0,0.0,0,1
7895,-154,FF66,FF66,-154,0,0.0,0,1
7896,181,00B5,00B5,181,0,0.0,0,1
7897,-41,FFD7,FFD7,-41,0,0.0,0,1
7898,-54,FFCA,FFCA,-54,0,0.0,0,1
7899,-63,FFC1,FFC1,-63,0,0.0,0,1
7900,-7,FFF9,FFF9,-7,0,0.0,0,1
7901,102,0066,0066,102,0,0.0,0,1
7902,7,0007,0007,7,0,0.0,0,1
7903,-120,FF88,FF88,-120,0,0.0,0,1
7904,89,0059,0059,89,0,0.0,0,1
7905,3,0003,0003,3,0,0.0,0,1
7906,-88,FFA8,FFA8,-88,0,0.0,0,1
7907,-105,FF97,FF97,-105,0,0.0,0,1
7908,-11,FFF5,FFF5,-11,0,0.0,0,1
7909,-32,FFE0,FFE0,-32,0,0.0,0,1
7910,-45,FFD3,FFD3,-45,0,0.0,0,1
7911,63,003F,003F,63,0,0.0,0,1
7912,129,0081,0081,129,0,0.0,0,1
7913,0,0000,0000,0,0,0.0,0,1
7914,35,0023,0023,35,0,0.0,0,1
7915,-44,FFD4,FFD4,-44,0,0.0,0,1
7916,96,0060,0060,96,0,0.0,0,1
7917,-101,FF9B,FF9B,-101,0,0.0,0,1
7918,-22,FFEA,FFEA,-22,0,0.0,0,1
7919,61,003D,003D,61,0,0.0,0,1
7920,-171,FF55,FF55,-171,0,0.0,0,1
7921,142,008E,008E,142,0,0.0,0,1
7922,-88,FFA8,FFA8,-88,0,0.0,0,1
7923,55,0037,0037,55,0,0.0,0,1
7924,-163,FF5D,FF5D,-163,0,0.0,0,1
7925,-158,FF62,FF62,-158,0,0.0,0,1
7926,-9,FFF7,FFF7,-9,0,0.0,0,1
7927,-102,FF9A,FF9A,-102,0,0.0,0,1
7928,-71,FFB9,FFB9,-71,0,0.0,0,1
7929,73,0049,0049,73,0,0.0,0,1
7930,64,0040,0040,64,0,0.0,0,1
7931,-63,FFC1,FFC1,-63,0,0.0,0,1
7932,-77,FFB3,FFB3,-77,0,0.0,0,1
7933,-222,FF22,FF22,-222,0,0.0,0,1
7934,22,0016,0016,22,0,0.0,0,1
7935,38,0026,0026,38,0,0.0,0,1
7936,36,0024,0024,36,0,0.0,0,1
7937,19,0013,0013,19,0,0.0,0,1
7938,23,0017,0017,23,0,0.0,0,1
7939,126,007E,007E,126,0,0.0,0,1
7940,-25,FFE7,FFE7,-25,0,0.0,0,1
7941,-23,FFE9,FFE9,-23,0,0.0,0,1
7942,104,0068,0068,104,0,0.0,0,1
7943,-9,FFF7,FFF7,-9,0,0.0,0,1
7944,116,0074,0074,116,0,0.0,0,1
7945,49,0031,0031,49,0,0.0,0,1
7946,-170,FF56,FF56,-170,0,0.0,0,1
7947,178,00B2,00B2,178,0,0.0,0,1
7948,-33,FFDF,FFDF,-33,0,0.0,0,1
7949,103,0067,0067,103,0,0.0,0,1
7950,-96,FFA0,FFA0,-96,0,0.0,0,1
7951,-100,FF9C,FF9C,-100,0,0.0,0,1
7952,134,0086,0086,134,0,0.0,0,1
7953,-53,FFCB,FFCB,-53,0,0.0,0,1
7954,-17,FFEF,FFEF,-17,0,0.0,0,1
7955,-60,FFC4,FFC4,-60,0,0.0,0,1
7956,-16,FFF0,FFF0,-16,0,0.0,0,1
7957,167,00A7,00A7,167,0,0.0,0,1
7958,71,0047,0047,71,0,0.0,0,1
7959,-12,FFF4,FFF4,-12,0,0.0,0,1
7960,167,00A7,00A7,167,0,0.0,0,1
7961,24,0018,0018,24,0,0.0,0,1
7962,183,00B7,00B7,183,0,0.0,0,1
7963,-12,FFF4,FFF4,-12,0,0.0,0,1
7964,71,0047,0047,71,0,0.0,0,1
7965,239,00EF,00EF,239,0,0.0,0,1
7966,99,0063,0063,99,0,0.0,0,1
7967,79,004F,004F,79,0,0.0,0,1
7968,-201,FF37,FF37,-201,0,0.0,0,1
7969,173,00AD,00AD,173,0,0.0,0,1
7970,21,0015,0015,21,0,0.0,0,1
7971,-38,FFDA,FFDA,-38,0,0.0,0,1
7972,-32,FFE0,FFE0,-32,0,0.0,0,1
7973,0,0000,0000,0,0,0.0,0,1
7974,146,0092,0092,146,0,0.0,0,1
7975,-83,FFAD,FFAD,-83,0,0.0,0,1
7976,-72,FFB8,FFB8,-72,0,0.0,0,1
7977,27,001B,001B,27,0,0.0,0,1
7978,-58,FFC6,FFC6,-58,0,0.0,0,1
7979,19,0013,0013,19,0,0.0,0,1
7980,-65,FFBF,FFBF,-65,0,0.0,0,1
7981,2,0002,0002,2,0,0.0,0,1
7982,50,0032,0032,50,0,0.0,0,1
7983,-22,FFEA,FFEA,-22,0,0.0,0,1
7984,58,003A,003A,58,0,0.0,0,1
7985,-89,FFA7,FFA7,-89,0,0.0,0,1
7986,142,008E,008E,142,0,0.0,0,1
7987,88,0058,0058,88,0,0.0,0,1
7988,16,0010,0010,16,0,0.0,0,1
7989,-11,FFF5,FFF5,-11,0,0.0,0,1
7990,-128,FF80,FF80,-128,0,0.0,0,1
7991,19,0013,0013,19,0,0.0,0,1
7992,-5,FFFB,FFFB,-5,0,0.0,0,1
7993,47,002F,002F,47,0,0.0,0,1
7994,2,0002,0002,2,0,0.0,0,1
7995,6,0006,0006,6,0,0.0,0,1
7996,113,0071,0071,113,0,0.0,0,1
7997,-70,FFBA,FFBA,-70,0,0.0,0,1
7998,-332,FEB4,FEB4,-332,0,0.0,0,1
7999,132,0084,0084,132,0,0.0,0,1
8000,-35,FFDD,FFDD,-35,0,0.0,0,1
8001,-68,FFBC,FFBC,-68,0,0.0,0,1
8002,9,0009,0009,9,0,0.0,0,1
8003,153,0099,0099,153,0,0.0,0,1
8004,-199,FF39,FF39,-199,0,0.0,0,1
8005,-118,FF8A,FF8A,-118,0,0.0,0,1
8006,6,0006,0006,6,0,0.0,0,1
8007,-129,FF7F,FF7F,-129,0,0.0,0,1
8008,-31,FFE1,FFE1,-31,0,0.0,0,1
8009,147,0093,0093,147,0,0.0,0,1
8010,-132,FF7C,FF7C,-132,0,0.0,0,1
8011,94,005E,005E,94,0,0.0,0,1
8012,-79,FFB1,FFB1,-79,0,0.0,0,1
8013,-29,FFE3,FFE3,-29,0,0.0,0,1
8014,-50,FFCE,FFCE,-50,0,0.0,0,1
8015,88,0058,0058,88,0,0.0,0,1
8016,91,005B,005B,91,0,0.0,0,1
8017,-19,FFED,FFED,-19,0,0.0,0,1
8018,184,00B8,00B8,184,0,0.0,0,1
8019,-50,FFCE,FFCE,-50,0,0.0,0,1
8020,-32,FFE0,FFE0,-32,0,0.0,0,1
8021,-45,FFD3,FFD3,-45,0,0.0,0,1
8022,-17,FFEF,FFEF,-17,0,0.0,0,1
8023,-20,FFEC,FFEC,-20,0,0.0,0,1
8024,-85,FFAB,FFAB,-85,0,0.0,0,1
8025,46,002E,002E,46,0,0.0,0,1
8026,-174,FF52,FF52,-174,0,0.0,0,1
8027,109,006D,006D,109,0,0.0,0,1
8028,-44,FFD4,FFD4,-44,0,0.0,0,1
8029,25,0019,0019,25,0,0.0,0,1
8030,-82,FFAE,FFAE,-82,0,0.0,0,1
8031,53,0035,0035,53,0,0.0,0,1
8032,103,0067,0067,103,0,0.0,0,1
8033,107,006B,006B,107,0,0.0,0,1
8034,-89,FFA7,FFA7,-89,0,0.0,0,1
8035,51,0033,0033,51,0,0.0,0,1
8036,-12,FFF4,FFF4,-12,0,0.0,0,1
8037,6,0006,0006,6,0,0.0,0,1
8038,70,0046,0046,70,0,0.0,0,1
8039,51,0033,0033,51,0,0.0,0,1
8040,-139,FF75,FF75,-139,0,0.0,0,1
8041,27,001B,001B,27,0,0.0,0,1
8042,77,004D,004D,77,0,0.0,0,1
8043,-137,FF77,FF77,-137,0,0.0,0,1
8044,-81,FFAF,FFAF,-81,0,0.0,0,1
8045,-52,FFCC,FFCC,-52,0,0.0,0,1
8046,-25,FFE7,FFE7,-25,0,0.0,0,1
8047,-102,FF9A,FF9A,-102,0,0.0,0,1
8048,7,0007,0007,7,0,0.0,0,1
8049,-62,FFC2,FFC2,-62,0,0.0,0,1
8050,-35,FFDD,FFDD,-35,0,0.0,0,1
8051,71,0047,0047,71,0,0.0,0,1
8052,36,0024,0024,36,0,0.0,0,1
8053,-4,FFFC,FFFC,-4,0,0.0,0,1
8054,-151,FF69,FF69,-151,0,0.0,0,1
8055,-88,FFA8,FFA8,-88,0,0.0,0,1
8056,1,0001,0001,1,0,0.0,0,1
8057,181,00B5,00B5,181,0,0.0,0,1
8058,-80,FFB0,FFB0,-80,0,0.0,0,1
8059,137,0089,0089,137,0,0.0,0,1
8060,-54,FFCA,FFCA,-54,0,0.0,0,1
8061,-14,FFF2,FFF2,-14,0,0.0,0,1
8062,-134,FF7A,FF7A,-134,0,0.0,0,1
8063,226,00E2,00E2,226,0,0.0,0,1
8064,67,0043,0043,67,0,0.0,0,1
8065,-42,FFD6,FFD6,-42,0,0.0,0,1
8066,51,0033,0033,51,0,0.0,0,1
8067,74,004A,004A,74,0,0.0,0,1
8068,122,007A,007A,122,0,0.0,0,1
8069,-6,FFFA,FFFA,-6,0,0.0,0,1
8070,-2,FFFE,FFFE,-2,0,0.0,0,1
8071,58,003A,003A,58,0,0.0,0,1
8072,-129,FF7F,FF7F,-129,0,0.0,0,1
8073,144,0090,0090,144,0,0.0,0,1
8074,62,003E,003E,62,0,0.0,0,1
8075,-16,FFF0,FFF0,-16,0,0.0,0,1
8076,38,0026,0026,38,0,0.0,0,1
8077,81,0051,0051,81,0,0.0,0,1
8078,-73,FFB7,FFB7,-73,0,0.0,0,1
8079,-93,FFA3,FFA3,-93,0,0.0,0,1
8080,-5,FFFB,FFFB,-5,0,0.0,0,1
8081,-14,FFF2,FFF2,-14,0,0.0,0,1
8082,41,0029,0029,41,0,0.0,0,1
8083,106,006A,006A,106,0,0.0,0,1
8084,10,000A,000A,10,0,0.0,0,1
8085,15,000F,000F,15,0,0.0,0,1
8086,-84,FFAC,FFAC,-84,0,0.0,0,1
8087,-159,FF61,FF61,-159,0,0.0,0,1
8088,-22,FFEA,FFEA,-22,0,0.0,0,1
8089,-125,FF83,FF83,-125,0,0.0,0,1
8090,-2,FFFE,FFFE,-2,0,0.0,0,1
8091,-174,FF52,FF52,-174,0,0.0,0,1
8092,23,0017,0017,23,0,0.0,0,1
8093,-112,FF90,FF90,-112,0,0.0,0,1
8094,63,003F,003F,63,0,0.0,0,1
8095,-1,FFFF,FFFF,-1,0,0.0,0,1
8096,-47,FFD1,FFD1,-47,0,0.0,0,1
8097,96,0060,0060,96,0,0.0,0,1
8098,-4,FFFC,FFFC,-4,0,0.0,0,1
8099,54,0036,0036,54,0,0.0,0,1
8100,77,004D,004D,77,0,0.0,0,1
8101,52,0034,0034,52,0,0.0,0,1
8102,81,0051,0051,81,0,0.0,0,1
8103,-114,FF8E,FF8E,-114,0,0.0,0,1
8104,-21,FFEB,FFEB,-21,0,0.0,0,1
8105,100,0064,0064,100,0,0.0,0,1
8106,-35,FFDD,FFDD,-35,0,0.0,0,1
8107,-84,FFAC,FFAC,-84,0,0.0,0,1
8108,-16,FFF0,FFF0,-16,0,0.0,0,1
8109,74,004A,004A,74,0,0.0,0,1
8110,-111,FF91,FF91,-111,0,0.0,0,1
8111,-18,FFEE,FFEE,-18,0,0.0,0,1
8112,-121,FF87,FF87,-121,0,0.0,0,1
8113,-146,FF6E,FF6E,-146,0,0.0,0,1
8114,-80,FFB0,FFB0,-80,0,0.0,0,1
8115,96,0060,0060,96,0,0.0,0,1
8116,-201,FF37,FF37,-201,0,0.0,0,1
8117,-80,FFB0,FFB0,-80,0,0.0,0,1
8118,-8,FFF8,FFF8,-8,0,0.0,0,1
8119,-11,FFF5,FFF5,-11,0,0.0,0,1
8120,81,0051,0051,81,0,0.0,0,1
8121,73,0049,0049,73,0,0.0,0,1
8122,69,0045,0045,69,0,0.0,0,1
8123,222,00DE,00DE,222,0,0.0,0,1
8124,-18,FFEE,FFEE,-18,0,0.0,0,1
8125,93,005D,005D,93,0,0.0,0,1
8126,-6,FFFA,FFFA,-6,0,0.0,0,1
8127,12,000C,000C,12,0,0.0,0,1
8128,17,0011,0011,17,0,0.0,0,1
8129,-174,FF52,FF52,-174,0,0.0,0,1
8130,-10,FFF6,FFF6,-10,0,0.0,0,1
8131,-162,FF5E,FF5E,-162,0,0.0,0,1
8132,-93,FFA3,FFA3,-93,0,0.0,0,1
8133,-76,FFB4,FFB4,-76,0,0.0,0,1
8134,-71,FFB9,FFB9,-71,0,0.0,0,1
8135,-30,FFE2,FFE2,-30,0,0.0,0,1
8136,83,0053,0053,83,0,0.0,0,1
8137,-15,FFF1,FFF1,-15,0,0.0,0,1
8138,-79,FFB1,FFB1,-79,0,0.0,0,1
8139,-184,FF48,FF48,-184,0,0.0,0,1
8140,-33,FFDF,FFDF,-33,0,0.0,0,1
8141,-92,FFA4,FFA4,-92,0,0.0,0,1
8142,2,0002,0002,2,0,0.0,0,1
8143,115,0073,0073,115,0,0.0,0,1
8144,-89,FFA7,FFA7,-89,0,0.0,0,1
8145,-88,FFA8,FFA8,-88,0,0.0,0,1
8146,60,003C,003C,60,0,0.0,0,1
8147,121,0079,0079,121,0,0.0,0,1
8148,-48,FFD0,FFD0,-48,0,0.0,0,1
8149,-76,FFB4,FFB4,-76,0,0.0,0,1
8150,92,005C,005C,92,0,0.0,0,1
8151,-58,FFC6,FFC6,-58,0,0.0,0,1
8152,-69,FFBB,FFBB,-69,0,0.0,0,1
8153,-32,FFE0,FFE0,-32,0,0.0,0,1
8154,-46,FFD2,FFD2,-46,0,0.0,0,1
8155,-41,FFD7,FFD7,-41,0,0.0,0,1
8156,-70,FFBA,FFBA,-70,0,0.0,0,1
8157,56,0038,0038,56,0,0.0,0,1
8158,-97,FF9F,FF9F,-97,0,0.0,0,1
8159,8,0008,0008,8,0,0.0,0,1
8160,54,0036,0036,54,0,0.0,0,1
8161,0,0000,0000,0,0,0.0,0,1
8162,-16,FFF0,FFF0,-16,0,0.0,0,1
8163,-96,FFA0,FFA0,-96,0,0.0,0,1
8164,-121,FF87,FF87,-121,0,0.0,0,1
8165,72,0048,0048,72,0,0.0,0,1
8166,110,006E,006E,110,0,0.0,0,1
8167,-96,FFA0,FFA0,-96,0,0.0,0,1
8168,298,012A,012A,298,0,0.0,0,1
8169,107,006B,006B,107,0,0.0,0,1
8170,12,000C,000C,12,0,0.0,0,1
8171,15,000F,000F,15,0,0.0,0,1
8172,-12,FFF4,FFF4,-12,0,0.0,0,1
8173,-17,FFEF,FFEF,-17,0,0.0,0,1
8174,-6,FFFA,FFFA,-6,0,0.0,0,1
8175,-111,FF91,FF91,-111,0,0.0,0,1
8176,-18,FFEE,FFEE,-18,0,0.0,0,1
8177,-62,FFC2,FFC2,-62,0,0.0,0,1
8178,-240,FF10,FF10,-240,0,0.0,0,1
8179,-31,FFE1,FFE1,-31,0,0.0,0,1
8180,93,005D,005D,93,0,0.0,0,1
8181,47,002F,002F,47,0,0.0,0,1
8182,-38,FFDA,FFDA,-38,0,0.0,0,1
8183,-44,FFD4,FFD4,-44,0,0.0,0,1
8184,-67,FFBD,FFBD,-67,0,0.0,0,1
8185,163,00A3,00A3,163,0,0.0,0,1
8186,-96,FFA0,FFA0,-96,0,0.0,0,1
8187,-20,FFEC,FFEC,-20,0,0.0,0,1
8188,-74,FFB6,FFB6,-74,0,0.0,0,1
8189,-10,FFF6,FFF6,-10,0,0.0,0,1
8190,227,00E3,00E3,227,0,0.0,0,1
8191,-46,FFD2,FFD2,-46,0,0.0,0,1
8192,86,0056,0056,86,0,0.0,0,1
8193,51,0033,0033,51,0,0.0,0,1
8194,189,00BD,00BD,189,0,0.0,0,1
8195,58,003A,003A,58,0,0.0,0,1
8196,-243,FF0D,FF0D,-243,0,0.0,0,1
8197,1,0001,0001,1,0,0.0,0,1
8198,64,0040,0040,64,0,0.0,0,1
8199,-22,FFEA,FFEA,-22,0,0.0,0,1
8200,20,0014,0014,20,0,0.0,0,1
8201,190,00BE,00BE,190,0,0.0,0,1
8202,131,0083,0083,131,0,0.0,0,1
8203,-18,FFEE,FFEE,-18,0,0.0,0,1
8204,-88,FFA8,FFA8,-88,0,0.0,0,1
8205,87,0057,0057,87,0,0.0,0,1
8206,-57,FFC7,FFC7,-57,0,0.0,0,1
8207,73,0049,0049,73,0,0.0,0,1
8208,54,0036,0036,54,0,0.0,0,1
8209,-150,FF6A,FF6A,-150,0,0.0,0,1
8210,73,0049,0049,73,0,0.0,0,1
8211,-25,FFE7,FFE7,-25,0,0.0,0,1
8212,40,0028,0028,40,0,0.0,0,1
8213,-175,FF51,FF51,-175,0,0.0,0,1
8214,-84,FFAC,FFAC,-84,0,0.0,0,1
8215,6,0006,0006,6,0,0.0,0,1
8216,110,006E,006E,110,0,0.0,0,1
8217,128,0080,0080,128,0,0.0,0,1
8218,-80,FFB0,FFB0,-80,0,0.0,0,1
8219,71,0047,0047,71,0,0.0,0,1
8220,86,0056,0056,86,0,0.0,0,1
8221,-77,FFB3,FFB3,-77,0,0.0,0,1
8222,-15,FFF1,FFF1,-15,0,0.0,0,1
8223,-32,FFE0,FFE0,-32,0,0.0,0,1
8224,173,00AD,00AD,173,0,0.0,0,1
8225,64,0040,0040,64,0,0.0,0,1
8226,140,008C,008C,140,0,0.0,0,1
8227,-88,FFA8,FFA8,-88,0,0.0,0,1
8228,129,0081,0081,129,0,0.0,0,1
8229,-17,FFEF,FFEF,-17,0,0.0,0,1
8230,-61,FFC3,FFC3,-61,0,0.0,0,1
8231,-30,FFE2,FFE2,-30,0,0.0,0,1
8232,45,002D,002D,45,0,0.0,0,1
8233,-142,FF72,FF72,-142,0,0.0,0,1
8234,19,0013,0013,19,0,0.0,0,1
8235,76,004C,004C,76,0,0.0,0,1
8236,144,0090,0090,144,0,0.0,0,1
8237,104,0068,0068,104,0,0.0,0,1
8238,42,002A,002A,42,0,0.0,0,1
8239,23,0017,0017,23,0,0.0,0,1
8240,-125,FF83,FF83,-125,0,0.0,0,1
8241,11,000B,000B,11,0,0.0,0,1
8242,-33,FFDF,FFDF,-33,0,0.0,0,1
8243,7,0007,0007,7,0,0.0,0,1
8244,112,0070,0070,112,0,0.0,0,1
8245,72,0048,0048,72,0,0.0,0,1
8246,-6,FFFA,FFFA,-6,0,0.0,0,1
8247,-31,FFE1,FFE1,-31,0,0.0,0,1
8248,109,006D,006D,109,0,0.0,0,1
8249,-83,FFAD,FFAD,-83,0,0.0,0,1
8250,-87,FFA9,FFA9,-87,0,0.0,0,1
8251,-129,FF7F,FF7F,-129,0,0.0,0,1
8252,10,000A,000A,10,0,0.0,0,1
8253,28,001C,001C,28,0,0.0,0,1
8254,20,0014,0014,20,0,0.0,0,1
8255,-57,FFC7,FFC7,-57,0,0.0,0,1
8256,-133,FF7B,FF7B,-133,0,0.0,0,1
8257,-49,FFCF,FFCF,-49,0,0.0,0,1
8258,-137,FF77,FF77,-137,0,0.0,0,1
8259,-58,FFC6,FFC6,-58,0,0.0,0,1
8260,9,0009,0009,9,0,0.0,0,1
8261,85,0055,0055,85,0,0.0,0,1
8262,-116,FF8C,FF8C,-116,0,0.0,0,1
8263,87,0057,0057,87,0,0.0,0,1
8264,35,0023,0023,35,0,0.0,0,1
8265,-55,FFC9,FFC9,-55,0,0.0,0,1
8266,-65,FFBF,FFBF,-65,0,0.0,0,1
8267,125,007D,007D,125,0,0.0,0,1
8268,82,0052,0052,82,0,0.0,0,1
8269,-106,FF96,FF96,-106,0,0.0,0,1
8270,-69,FFBB,FFBB,-69,0,0.0,0,1
8271,-81,FFAF,FFAF,-81,0,0.0,0,1
8272,-35,FFDD,FFDD,-35,0,0.0,0,1
8273,-51,FFCD,FFCD,-51,0,0.0,0,1
8274,-35,FFDD,FFDD,-35,0,0.0,0,1
8275,171,00AB,00AB,171,0,0.0,0,1
8276,19,0013,0013,19,0,0.0,0,1
8277,-120,FF88,FF88,-120,0,0.0,0,1
8278,169,00A9,00A9,169,0,0.0,0,1
8279,-228,FF1C,FF1C,-228,0,0.0,0,1
8280,31,001F,001F,31,0,0.0,0,1
8281,4,0004,0004,4,0,0.0,0,1
8282,-33,FFDF,FFDF,-33,0,0.0,0,1
8283,67,0043,0043,67,0,0.0,0,1
8284,89,0059,0059,89,0,0.0,0,1
8285,17,0011,0011,17,0,0.0,0,1
8286,-51,FFCD,FFCD,-51,0,0.0,0,1
8287,-21,FFEB,FFEB,-21,0,0.0,0,1
8288,80,0050,0050,80,0,0.0,0,1
8289,106,006A,006A,106,0,0.0,0,1
8290,48,0030,0030,48,0,0.0,0,1
8291,24,0018,0018,24,0,0.0,0,1
8292,-26,FFE6,FFE6,-26,0,0.0,0,1
8293,112,0070,0070,112,0,0.0,0,1
8294,-27,FFE5,FFE5,-27,0,0.0,0,1
8295,94,005E,005E,94,0,0.0,0,1
8296,24,0018,0018,24,0,0.0,0,1
8297,86,0056,0056,86,0,0.0,0,1
8298,-72,FFB8,FFB8,-72,0,0.0,0,1
8299,94,005E,005E,94,0,0.0,0,1
8300,-118,FF8A,FF8A,-118,0,0.0,0,1
8301,76,004C,004C,76,0,0.0,0,1
8302,-19,FFED,FFED,-19,0,0.0,0,1
8303,53,0035,0035,53,0,0.0,0,1
8304,-154,FF66,FF66,-154,0,0.0,0,1
8305,-125,FF83,FF83,-125,0,0.0,0,1
8306,-93,FFA3,FFA3,-93,0,0.0,0,1
8307,35,0023,0023,35,0,0.0,0,1
8308,34,0022,0022,34,0,0.0,0,1
8309,43,002B,002B,43,0,0.0,0,1
8310,12,000C,000C,12,0,0.0,0,1
8311,95,005F,005F,95,0,0.0,0,1
8312,233,00E9,00E9,233,0,0.0,0,1
8313,52,0034,0034,52,0,0.0,0,1
8314,73,0049,0049,73,0,0.0,0,1
8315,-74,FFB6,FFB6,-74,0,0.0,0,1
8316,-45,FFD3,FFD3,-45,0,0.0,0,1
8317,-100,FF9C,FF9C,-100,0,0.0,0,1
8318,113,0071,0071,113,0,0.0,0,1
8319,-193,FF3F,FF3F,-193,0,0.0,0,1
8320,48,0030,0030,48,0,0.0,0,1
8321,61,003D,003D,61,0,0.0,0,1
8322,-101,FF9B,FF9B,-101,0,0.0,0,1
8323,16,0010,0010,16,0,0.0,0,1
8324,25,0019,0019,25,0,0.0,0,1
8325,62,003E,003E,62,0,0.0,0,1
8326,-96,FFA0,FFA0,-96,0,0.0,0,1
8327,95,005F,005F,95,0,0.0,0,1
8328,-50,FFCE,FFCE,-50,0,0.0,0,1
8329,102,0066,0066,102,0,0.0,0,1
8330,-127,FF81,FF81,-127,0,0.0,0,1
8331,-3,FFFD,FFFD,-3,0,0.0,0,1
8332,-79,FFB1,FFB1,-79,0,0.0,0,1
8333,160,00A0,00A0,160,0,0.0,0,1
8334,95,005F,005F,95,0,0.0,0,1
8335,-158,FF62,FF62,-158,0,0.0,0,1
8336,-102,FF9A,FF9A,-102,0,0.0,0,1
8337,-18,FFEE,FFEE,-18,0,0.0,0,1
8338,21,0015,0015,21,0,0.0,0,1
8339,-28,FFE4,FFE4,-28,0,0.0,0,1
8340,-66,FFBE,FFBE,-66,0,0.0,0,1
8341,66,0042,0042,66,0,0.0,0,1
8342,81,0051,0051,81,0,0.0,0,1
8343,-50,FFCE,FFCE,-50,0,0.0,0,1
8344,-165,FF5B,FF5B,-165,0,0.0,0,1
8345,-137,FF77,FF77,-137,0,0.0,0,1
8346,0,0000,0000,0,0,0.0,0,1
8347,-158,FF62,FF62,-158,0,0.0,0,1
8348,148,0094,0094,148,0,0.0,0,1
8349,43,002B,002B,43,0,0.0,0,1
8350,-95,FFA1,FFA1,-95,0,0.0,0,1
8351,-38,FFDA,FFDA,-38,0,0.0,0,1
8352,46,002E,002E,46,0,0.0,0,1
8353,6,0006,0006,6,0,0.0,0,1
8354,-68,FFBC,FFBC,-68,0,0.0,0,1
8355,114,0072,0072,114,0,0.0,0,1
8356,97,0061,0061,97,0,0.0,0,1
8357,-108,FF94,FF94,-108,0,0.0,0,1
8358,-16,FFF0,FFF0,-16,0,0.0,0,1
8359,-167,FF59,FF59,-167,0,0.0,0,1
8360,-42,FFD6,FFD6,-42,0,0.0,0,1
8361,99,0063,0063,99,0,0.0,0,1
8362,-95,FFA1,FFA1,-95,0,0.0,0,1
8363,-30,FFE2,FFE2,-30,0,0.0,0,1
8364,-21,FFEB,FFEB,-21,0,0.0,0,1
8365,-14,FFF2,FFF2,-14,0,0.0,0,1
8366,-11,FFF5,FFF5,-11,0,0.0,0,1
8367,-4,FFFC,FFFC,-4,0,0.0,0,1
8368,31,001F,001F,31,0,0.0,0,1
8369,-18,FFEE,FFEE,-18,0,0.0,0,1
8370,-15,FFF1,FFF1,-15,0,0.0,0,1
8371,141,008D,008D,141,0,0.0,0,1
8372,-138,FF76,FF76,-138,0,0.0,0,1
8373,187,00BB,00BB,187,0,0.0,0,1
8374,2,0002,0002,2,0,0.0,0,1
8375,-74,FFB6,FFB6,-74,0,0.0,0,1
8376,-81,FFAF,FFAF,-81,0,0.0,0,1
8377,-28,FFE4,FFE4,-28,0,0.0,0,1
8378,-160,FF60,FF60,-160,0,0.0,0,1
8379,-76,FFB4,FFB4,-76,0,0.0,0,1
8380,-90,FFA6,FFA6,-90,0,0.0,0,1
8381,286,011E,011E,286,0,0.0,0,1
8382,42,002A,002A,42,0,0.0,0,1
8383,-61,FFC3,FFC3,-61,0,0.0,0,1
8384,15,000F,000F,15,0,0.0,0,1
8385,50,0032,0032,50,0,0.0,0,1
8386,-83,FFAD,FFAD,-83,0,0.0,0,1
8387,-30,FFE2,FFE2,-30,0,0.0,0,1
8388,-201,FF37,FF37,-201,0,0.0,0,1
8389,-141,FF73,FF73,-141,0,0.0,0,1
8390,-26,FFE6,FFE6,-26,0,0.0,0,1
8391,-72,FFB8,FFB8,-72,0,0.0,0,1
8392,103,0067,0067,103,0,0.0,0,1
8393,36,0024,0024,36,0,0.0,0,1
8394,116,0074,0074,116,0,0.0,0,1
8395,10,000A,000A,10,0,0.0,0,1
8396,-71,FFB9,FFB9,-71,0,0.0,0,1
8397,-30,FFE2,FFE2,-30,0,0.0,0,1
8398,-164,FF5C,FF5C,-164,0,0.0,0,1
8399,185,00B9,00B9,185,0,0.0,0,1
8400,37,0025,0025,37,0,0.0,0,1
8401,-7,FFF9,FFF9,-7,0,0.0,0,1
8402,-7,FFF9,FFF9,-7,0,0.0,0,1
8403,-10,FFF6,FFF6,-10,0,0.0,0,1
8404,14,000E,000E,14,0,0.0,0,1
8405,102,0066,0066,102,0,0.0,0,1
8406,-164,FF5C,FF5C,-164,0,0.0,0,1
8407,-74,FFB6,FFB6,-74,0,0.0,0,1
8408,-72,FFB8,FFB8,-72,0,0.0,0,1
8409,-28,FFE4,FFE4,-28,0,0.0,0,1
8410,129,0081,0081,129,0,0.0,0,1
8411,-89,FFA7,FFA7,-89,0,0.0,0,1
8412,-65,FFBF,FFBF,-65,0,0.0,0,1
8413,123,007B,007B,123,0,0.0,0,1
8414,-3,FFFD,FFFD,-3,0,0.0,0,1
8415,-131,FF7D,FF7D,-131,0,0.0,0,1
8416,-76,FFB4,FFB4,-76,0,0.0,0,1
8417,-75,FFB5,FFB5,-75,0,0.0,0,1
8418,-26,FFE6,FFE6,-26,0,0.0,0,1
8419,-85,FFAB,FFAB,-85,0,0.0,0,1
8420,-64,FFC0,FFC0,-64,0,0.0,0,1
8421,83,0053,0053,83,0,0.0,0,1
8422,75,004B,004B,75,0,0.0,0,1
8423,2,0002,0002,2,0,0.0,0,1
8424,-53,FFCB,FFCB,-53,0,0.0,0,1
8425,-57,FFC7,FFC7,-57,0,0.0,0,1
8426,-69,FFBB,FFBB,-69,0,0.0,0,1
8427,-16,FFF0,FFF0,-16,0,0.0,0,1
8428,139,008B,008B,139,0,0.0,0,1
8429,-167,FF59,FF59,-167,0,0.0,0,1
8430,-6,FFFA,FFFA,-6,0,0.0,0,1
8431,48,0030,0030,48,0,0.0,0,1
8432,29,001D,001D,29,0,0.0,0,1
8433,-34,FFDE,FFDE,-34,0,0.0,0,1
8434,207,00CF,00CF,207,0,0.0,0,1
8435,73,0049,0049,73,0,0.0,0,1
8436,-58,FFC6,FFC6,-58,0,0.0,0,1
8437,-83,FFAD,FFAD,-83,0,0.0,0,1
8438,286,011E,011E,286,0,0.0,0,1
8439,31,001F,001F,31,0,0.0,0,1
8440,160,00A0,00A0,160,0,0.0,0,1
8441,-97,FF9F,FF9F,-97,0,0.0,0,1
8442,122,007A,007A,122,0,0.0,0,1
8443,-61,FFC3,FFC3,-61,0,0.0,0,1
8444,4,0004,0004,4,0,0.0,0,1
8445,144,0090,0090,144,0,0.0,0,1
8446,31,001F,001F,31,0,0.0,0,1
8447,-32,FFE0,FFE0,-32,0,0.0,0,1
8448,-85,FFAB,FFAB,-85,0,0.0,0,1
8449,96,0060,0060,96,0,0.0,0,1
8450,-40,FFD8,FFD8,-40,0,0.0,0,1
8451,-100,FF9C,FF9C,-100,0,0.0,0,1
8452,-145,FF6F,FF6F,-145,0,0.0,0,1
8453,46,002E,002E,46,0,0.0,0,1
8454,-74,FFB6,FFB6,-74,0,0.0,0,1
8455,-64,FFC0,FFC0,-64,0,0.0,0,1
8456,-156,FF64,FF64,-156,0,0.0,0,1
8457,-36,FFDC,FFDC,-36,0,0.0,0,1
8458,53,0035,0035,53,0,0.0,0,1
8459,-74,FFB6,FFB6,-74,0,0.0,0,1
8460,-40,FFD8,FFD8,-40,0,0.0,0,1
8461,-89,FFA7,FFA7,-89,0,0.0,0,1
8462,27,001B,001B,27,0,0.0,0,1
8463,50,0032,0032,50,0,0.0,0,1
8464,-92,FFA4,FFA4,-92,0,0.0,0,1
8465,110,006E,006E,110,0,0.0,0,1
8466,51,0033,0033,51,0,0.0,0,1
8467,110,006E,006E,110,0,0.0,0,1
8468,27,001B,001B,27,0,0.0,0,1
8469,193,00C1,00C1,193,0,0.0,0,1
8470,5,0005,0005,5,0,0.0,0,1
8471,111,006F,006F,111,0,0.0,0,1
8472,36,0024,0024,36,0,0.0,0,1
8473,-52,FFCC,FFCC,-52,0,0.0,0,1
8474,-164,FF5C,FF5C,-164,0,0.0,0,1
8475,-150,FF6A,FF6A,-150,0,0.0,0,1
8476,41,0029,0029,41,0,0.0,0,1
8477,64,0040,0040,64,0,0.0,0,1
8478,74,004A,004A,74,0,0.0,0,1
8479,130,0082,0082,130,0,0.0,0,1
8480,132,0084,0084,132,0,0.0,0,1
8481,84,0054,0054,84,0,0.0,0,1
8482,-14,FFF2,FFF2,-14,0,0.0,0,1
8483,-90,FFA6,FFA6,-90,0,0.0,0,1
8484,33,0021,0021,33,0,0.0,0,1
8485,-184,FF48,FF48,-184,0,0.0,0,1
8486,308,0134,0134,308,0,0.0,0,1
8487,14,000E,000E,14,0,0.0,0,1
8488,191,00BF,00BF,191,0,0.0,0,1
8489,-44,FFD4,FFD4,-44,0,0.0,0,1
8490,-238,FF12,FF12,-238,0,0.0,0,1
8491,48,0030,0030,48,0,0.0,0,1
8492,-102,FF9A,FF9A,-102,0,0.0,0,1
8493,55,0037,0037,55,0,0.0,0,1
8494,60,003C,003C,60,0,0.0,0,1
8495,-83,FFAD,FFAD,-83,0,0.0,0,1
8496,-83,FFAD,FFAD,-83,0,0.0,0,1
8497,-237,FF13,FF13,-237,0,0.0,0,1
8498,-139,FF75,FF75,-139,0,0.0,0,1
8499,-77,FFB3,FFB3,-77,0,0.0,0,1
8500,4,0004,0004,4,0,0.0,0,1
8501,-39,FFD9,FFD9,-39,0,0.0,0,1
8502,25,0019,0019,25,0,0.0,0,1
8503,240,00F0,00F0,240,0,0.0,0,1
8504,-22,FFEA,FFEA,-22,0,0.0,0,1
8505,-56,FFC8,FFC8,-56,0,0.0,0,1
8506,-94,FFA2,FFA2,-94,0,0.0,0,1
8507,14,000E,000E,14,0,0.0,0,1
8508,102,0066,0066,102,0,0.0,0,1
8509,179,00B3,00B3,179,0,0.0,0,1
8510,-87,FFA9,FFA9,-87,0,0.0,0,1
8511,-91,FFA5,FFA5,-91,0,0.0,0,1
8512,-27,FFE5,FFE5,-27,0,0.0,0,1
8513,-76,FFB4,FFB4,-76,0,0.0,0,1
8514,-26,FFE6,FFE6,-26,0,0.0,0,1
8515,148,0094,0094,148,0,0.0,0,1
8516,-122,FF86,FF86,-122,0,0.0,0,1
8517,169,00A9,00A9,169,0,0.0,0,1
8518,-77,FFB3,FFB3,-77,0,0.0,0,1
8519,13,000D,000D,13,0,0.0,0,1
8520,117,0075,0075,117,0,0.0,0,1
8521,83,0053,0053,83,0,0.0,0,1
8522,-112,FF90,FF90,-112,0,0.0,0,1
8523,103,0067,0067,103,0,0.0,0,1
8524,-64,FFC0,FFC0,-64,0,0.0,0,1
8525,-8,FFF8,FFF8,-8,0,0.0,0,1
8526,99,0063,0063,99,0,0.0,0,1
8527,145,0091,0091,145,0,0.0,0,1
8528,-28,FFE4,FFE4,-28,0,0.0,0,1
8529,14,000E,000E,14,0,0.0,0,1
8530,200,00C8,00C8,200,0,0.0,0,1
8531,25,0019,0019,25,0,0.0,0,1
8532,-49,FFCF,FFCF,-49,0,0.0,0,1
8533,16,0010,0010,16,0,0.0,0,1
8534,235,00EB,00EB,235,0,0.0,0,1
8535,56,0038,0038,56,0,0.0,0,1
8536,-218,FF26,FF26,-218,0,0.0,0,1
8537,25,0019,0019,25,0,0.0,0,1
8538,155,009B,009B,155,0,0.0,0,1
8539,-67,FFBD,FFBD,-67,0,0.0,0,1
8540,-17,FFEF,FFEF,-17,0,0.0,0,1
8541,-192,FF40,FF40,-192,0,0.0,0,1
8542,-15,FFF1,FFF1,-15,0,0.0,0,1
8543,-109,FF93,FF93,-109,0,0.0,0,1
8544,-21,FFEB,FFEB,-21,0,0.0,0,1
8545,122,007A,007A,122,0,0.0,0,1
8546,-42,FFD6,FFD6,-42,0,0.0,0,1
8547,-127,FF81,FF81,-127,0,0.0,0,1
8548,23,0017,0017,23,0,0.0,0,1
8549,9,0009,0009,9,0,0.0,0,1
8550,170,00AA,00AA,170,0,0.0,0,1
8551,-51,FFCD,FFCD,-51,0,0.0,0,1
8552,37,0025,0025,37,0,0.0,0,1
8553,-8,FFF8,FFF8,-8,0,0.0,0,1
8554,84,0054,0054,84,0,0.0,0,1
8555,-38,FFDA,FFDA,-38,0,0.0,0,1
8556,11,000B,000B,11,0,0.0,0,1
8557,20,0014,0014,20,0,0.0,0,1
8558,27,001B,001B,27,0,0.0,0,1
8559,-121,FF87,FF87,-121,0,0.0,0,1
8560,-119,FF89,FF89,-119,0,0.0,0,1
8561,-26,FFE6,FFE6,-26,0,0.0,0,1
8562,133,0085,0085,133,0,0.0,0,1
8563,-12,FFF4,FFF4,-12,0,0.0,0,1
8564,139,008B,008B,139,0,0.0,0,1
8565,106,006A,006A,106,0,0.0,0,1
8566,93,005D,005D,93,0,0.0,0,1
8567,57,0039,0039,57,0,0.0,0,1
8568,67,0043,0043,67,0,0.0,0,1
8569,-31,FFE1,FFE1,-31,0,0.0,0,1
8570,18,0012,0012,18,0,0.0,0,1
8571,30,001E,001E,30,0,0.0,0,1
8572,-100,FF9C,FF9C,-100,0,0.0,0,1
8573,100,0064,0064,100,0,0.0,0,1
8574,94,005E,005E,94,0,0.0,0,1
8575,106,006A,006A,106,0,0.0,0,1
8576,-10,FFF6,FFF6,-10,0,0.0,0,1
8577,-72,FFB8,FFB8,-72,0,0.0,0,1
8578,45,002D,002D,45,0,0.0,0,1
8579,-69,FFBB,FFBB,-69,0,0.0,0,1
8580,-8,FFF8,FFF8,-8,0,0.0,0,1
8581,-121,FF87,FF87,-121,0,0.0,0,1
8582,-73,FFB7,FFB7,-73,0,0.0,0,1
8583,77,004D,004D,77,0,0.0,0,1
8584,9,0009,0009,9,0,0.0,0,1
8585,-68,FFBC,FFBC,-68,0,0.0,0,1
8586,99,0063,0063,99,0,0.0,0,1
8587,-64,FFC0,FFC0,-64,0,0.0,0,1
8588,64,0040,0040,64,0,0.0,0,1
8589,189,00BD,00BD,189,0,0.0,0,1
8590,-82,FFAE,FFAE,-82,0,0.0,0,1
8591,-55,FFC9,FFC9,-55,0,0.0,0,1
8592,31,001F,001F,31,0,0.0,0,1
8593,77,004D,004D,77,0,0.0,0,1
8594,56,0038,0038,56,0,0.0,0,1
8595,8,0008,0008,8,0,0.0,0,1
8596,-79,FFB1,FFB1,-79,0,0.0,0,1
8597,-51,FFCD,FFCD,-51,0,0.0,0,1
8598,159,009F,009F,159,0,0.0,0,1
8599,-129,FF7F,FF7F,-129,0,0.0,0,1
8600,0,0000,0000,0,0,0.0,0,1
8601,-190,FF42,FF42,-190,0,0.0,0,1
8602,-90,FFA6,FFA6,-90,0,0.0,0,1
8603,56,0038,0038,56,0,0.0,0,1
8604,82,0052,0052,82,0,0.0,0,1
8605,39,0027,0027,39,0,0.0,0,1
8606,-41,FFD7,FFD7,-41,0,0.0,0,1
8607,-34,FFDE,FFDE,-34,0,0.0,0,1
8608,56,0038,0038,56,0,0.0,0,1
8609,-164,FF5C,FF5C,-164,0,0.0,0,1
8610,83,0053,0053,83,0,0.0,0,1
8611,147,0093,0093,147,0,0.0,0,1
8612,-39,FFD9,FFD9,-39,0,0.0,0,1
8613,-69,FFBB,FFBB,-69,0,0.0,0,1
8614,-119,FF89,FF89,-119,0,0.0,0,1
8615,95,005F,005F,95,0,0.0,0,1
8616,-139,FF75,FF75,-139,0,0.0,0,1
8617,147,0093,0093,147,0,0.0,0,1
8618,78,004E,004E,78,0,0.0,0,1
8619,-154,FF66,FF66,-154,0,0.0,0,1
8620,64,0040,0040,64,0,0.0,0,1
8621,-28,FFE4,FFE4,-28,0,0.0,0,1
8622,-107,FF95,FF95,-107,0,0.0,0,1
8623,-156,FF64,FF64,-156,0,0.0,0,1
8624,-51,FFCD,FFCD,-51,0,0.0,0,1
8625,-77,FFB3,FFB3,-77,0,0.0,0,1
8626,-146,FF6E,FF6E,-146,0,0.0,0,1
8627,36,0024,0024,36,0,0.0,0,1
8628,23,0017,0017,23,0,0.0,0,1
8629,231,00E7,00E7,231,0,0.0,0,1
8630,-55,FFC9,FFC9,-55,0,0.0,0,1
8631,-65,FFBF,FFBF,-65,0,0.0,0,1
8632,73,0049,0049,73,0,0.0,0,1
8633,-61,FFC3,FFC3,-61,0,0.0,0,1
8634,119,0077,0077,119,0,0.0,0,1
8635,-36,FFDC,FFDC,-36,0,0.0,0,1
8636,114,0072,0072,114,0,0.0,0,1
8637,108,006C,006C,108,0,0.0,0,1
8638,-28,FFE4,FFE4,-28,0,0.0,0,1
8639,-158,FF62,FF62,-158,0,0.0,0,1
8640,12,000C,000C,12,0,0.0,0,1
8641,16,0010,0010,16,0,0.0,0,1
8642,-57,FFC7,FFC7,-57,0,0.0,0,1
8643,-32,FFE0,FFE0,-32,0,0.0,0,1
8644,25,0019,0019,25,0,0.0,0,1
8645,198,00C6,00C6,198,0,0.0,0,1
8646,-94,FFA2,FFA2,-94,0,0.0,0,1
8647,104,0068,0068,104,0,0.0,0,1
8648,-23,FFE9,FFE9,-23,0,0.0,0,1
8649,105,0069,0069,105,0,0.0,0,1
8650,-75,FFB5,FFB5,-75,0,0.0,0,1
8651,-37,FFDB,FFDB,-37,0,0.0,0,1
8652,-64,FFC0,FFC0,-64,0,0.0,0,1
8653,54,0036,0036,54,0,0.0,0,1
8654,48,0030,0030,48,0,0.0,0,1
8655,-23,FFE9,FFE9,-23,0,0.0,0,1
8656,-8,FFF8,FFF8,-8,0,0.0,0,1
8657,-45,FFD3,FFD3,-45,0,0.0,0,1
8658,58,003A,003A,58,0,0.0,0,1
8659,32,0020,0020,32,0,0.0,0,1
8660,156,009C,009C,156,0,0.0,0,1
8661,-40,FFD8,FFD8,-40,0,0.0,0,1
8662,73,0049,0049,73,0,0.0,0,1
8663,20,0014,0014,20,0,0.0,0,1
8664,-61,FFC3,FFC3,-61,0,0.0,0,1
8665,97,0061,0061,97,0,0.0,0,1
8666,-62,FFC2,FFC2,-62,0,0.0,0,1
8667,11,000B,000B,11,0,0.0,0,1
8668,-96,FFA0,FFA0,-96,0,0.0,0,1
8669,-27,FFE5,FFE5,-27,0,0.0,0,1
8670,-123,FF85,FF85,-123,0,0.0,0,1
8671,-91,FFA5,FFA5,-91,0,0.0,0,1
8672,-92,FFA4,FFA4,-92,0,0.0,0,1
8673,-95,FFA1,FFA1,-95,0,0.0,0,1
8674,1,0001,0001,1,0,0.0,0,1
8675,90,005A,005A,90,0,0.0,0,1
8676,141,008D,008D,141,0,0.0,0,1
8677,40,0028,0028,40,0,0.0,0,1
8678,-103,FF99,FF99,-103,0,0.0,0,1
8679,-2,FFFE,FFFE,-2,0,0.0,0,1
8680,-105,FF97,FF97,-105,0,0.0,0,1
8681,195,00C3,00C3,195,0,0.0,0,1
8682,-15,FFF1,FFF1,-15,0,0.0,0,1
8683,151,0097,0097,151,0,0.0,0,1
8684,-46,FFD2,FFD2,-46,0,0.0,0,1
8685,46,002E,002E,46,0,0.0,0,1
8686,-80,FFB0,FFB0,-80,0,0.0,0,1
8687,160,00A0,00A0,160,0,0.0,0,1
8688,8,0008,0008,8,0,0.0,0,1
8689,145,0091,0091,145,0,0.0,0,1
8690,72,0048,0048,72,0,0.0,0,1
8691,-14,FFF2,FFF2,-14,0,0.0,0,1
8692,111,006F,006F,111,0,0.0,0,1
8693,-132,FF7C,FF7C,-132,0,0.0,0,1
8694,121,0079,0079,121,0,0.0,0,1
8695,-88,FFA8,FFA8,-88,0,0.0,0,1
8696,91,005B,005B,91,0,0.0,0,1
8697,35,0023,0023,35,0,0.0,0,1
8698,-69,FFBB,FFBB,-69,0,0.0,0,1
8699,94,005E,005E,94,0,0.0,0,1
8700,88,0058,0058,88,0,0.0,0,1
8701,-12,FFF4,FFF4,-12,0,0.0,0,1
8702,-3,FFFD,FFFD,-3,0,0.0,0,1
8703,159,009F,009F,159,0,0.0,0,1
8704,76,004C,004C,76,0,0.0,0,1
8705,50,0032,0032,50,0,0.0,0,1
8706,82,0052,0052,82,0,0.0,0,1
8707,-112,FF90,FF90,-112,0,0.0,0,1
8708,138,008A,008A,138,0,0.0,0,1
8709,101,0065,0065,101,0,0.0,0,1
8710,-82,FFAE,FFAE,-82,0,0.0,0,1
8711,3,0003,0003,3,0,0.0,0,1
8712,108,006C,006C,108,0,0.0,0,1
8713,-21,FFEB,FFEB,-21,0,0.0,0,1
8714,55,0037,0037,55,0,0.0,0,1
8715,-37,FFDB,FFDB,-37,0,0.0,0,1
8716,67,0043,0043,67,0,0.0,0,1
8717,-46,FFD2,FFD2,-46,0,0.0,0,1
8718,3,0003,0003,3,0,0.0,0,1
8719,-110,FF92,FF92,-110,0,0.0,0,1
8720,11,000B,000B,11,0,0.0,0,1
8721,-52,FFCC,FFCC,-52,0,0.0,0,1
8722,9,0009,0009,9,0,0.0,0,1
8723,-46,FFD2,FFD2,-46,0,0.0,0,1
8724,-53,FFCB,FFCB,-53,0,0.0,0,1
8725,-5,FFFB,FFFB,-5,0,0.0,0,1
8726,-220,FF24,FF24,-220,0,0.0,0,1
8727,-137,FF77,FF77,-137,0,0.0,0,1
8728,-43,FFD5,FFD5,-43,0,0.0,0,1
8729,19,0013,0013,19,0,0.0,0,1
8730,95,005F,005F,95,0,0.0,0,1
8731,42,002A,002A,42,0,0.0,0,1
8732,60,003C,003C,60,0,0.0,0,1
8733,-31,FFE1,FFE1,-31,0,0.0,0,1
8734,19,0013,0013,19,0,0.0,0,1
8735,23,0017,0017,23,0,0.0,0,1
8736,-14,FFF2,FFF2,-14,0,0.0,0,1
8737,-63,FFC1,FFC1,-63,0,0.0,0,1
8738,64,0040,0040,64,0,0.0,0,1
8739,20,0014,0014,20,0,0.0,0,1
8740,18,0012,0012,18,0,0.0,0,1
8741,58,003A,003A,58,0,0.0,0,1
8742,-65,FFBF,FFBF,-65,0,0.0,0,1
8743,31,001F,001F,31,0,0.0,0,1
8744,-67,FFBD,FFBD,-67,0,0.0,0,1
8745,-154,FF66,FF66,-154,0,0.0,0,1
8746,-60,FFC4,FFC4,-60,0,0.0,0,1
8747,63,003F,003F,63,0,0.0,0,1
8748,-71,FFB9,FFB9,-71,0,0.0,0,1
8749,3,0003,0003,3,0,0.0,0,1
8750,-66,FFBE,FFBE,-66,0,0.0,0,1
8751,-66,FFBE,FFBE,-66,0,0.0,0,1
8752,-9,FFF7,FFF7,-9,0,0.0,0,1
8753,-148,FF6C,FF6C,-148,0,0.0,0,1
8754,-96,FFA0,FFA0,-96,0,0.0,0,1
8755,128,0080,0080,128,0,0.0,0,1
8756,133,0085,0085,133,0,0.0,0,1
8757,-123,FF85,FF85,-123,0,0.0,0,1
8758,118,0076,0076,118,0,0.0,0,1
8759,-4,FFFC,FFFC,-4,0,0.0,0,1
8760,-95,FFA1,FFA1,-95,0,0.0,0,1
8761,45,002D,002D,45,0,0.0,0,1
8762,21,0015,0015,21,0,0.0,0,1
8763,-113,FF8F,FF8F,-113,0,0.0,0,1
8764,14,000E,000E,14,0,0.0,0,1
8765,-62,FFC2,FFC2,-62,0,0.0,0,1
8766,86,0056,0056,86,0,0.0,0,1
8767,64,0040,0040,64,0,0.0,0,1
8768,11,000B,000B,11,0,0.0,0,1
8769,125,007D,007D,125,0,0.0,0,1
8770,-109,FF93,FF93,-109,0,0.0,0,1
8771,-145,FF6F,FF6F,-145,0,0.0,0,1
8772,25,0019,0019,25,0,0.0,0,1
8773,61,003D,003D,61,0,0.0,0,1
8774,-99,FF9D,FF9D,-99,0,0.0,0,1
8775,-31,FFE1,FFE1,-31,0,0.0,0,1
8776,144,0090,0090,144,0,0.0,0,1
8777,25,0019,0019,25,0,0.0,0,1
8778,-172,FF54,FF54,-172,0,0.0,0,1
8779,-215,FF29,FF29,-215,0,0.0,0,1
8780,64,0040,0040,64,0,0.0,0,1
8781,-54,FFCA,FFCA,-54,0,0.0,0,1
8782,195,00C3,00C3,195,0,0.0,0,1
8783,-63,FFC1,FFC1,-63,0,0.0,0,1
8784,88,0058,0058,88,0,0.0,0,1
8785,130,0082,0082,130,0,0.0,0,1
8786,-143,FF71,FF71,-143,0,0.0,0,1
8787,38,0026,0026,38,0,0.0,0,1
8788,-122,FF86,FF86,-122,0,0.0,0,1
8789,2,0002,0002,2,0,0.0,0,1
8790,5,0005,0005,5,0,0.0,0,1
8791,90,005A,005A,90,0,0.0,0,1
8792,-141,FF73,FF73,-141,0,0.0,0,1
8793,45,002D,002D,45,0,0.0,0,1
8794,70,0046,0046,70,0,0.0,0,1
8795,61,003D,003D,61,0,0.0,0,1
8796,-269,FEF3,FEF3,-269,0,0.0,0,1
8797,85,0055,0055,85,0,0.0,0,1
8798,41,0029,0029,41,0,0.0,0,1
8799,-32,FFE0,FFE0,-32,0,0.0,0,1
8800,32,0020,0020,32,0,0.0,0,1
8801,-218,FF26,FF26,-218,0,0.0,0,1
8802,-103,FF99,FF99,-103,0,0.0,0,1
8803,-13,FFF3,FFF3,-13,0,0.0,0,1
8804,219,00DB,00DB,219,0,0.0,0,1
8805,86,0056,0056,86,0,0.0,0,1
8806,-102,FF9A,FF9A,-102,0,0.0,0,1
8807,145,0091,0091,145,0,0.0,0,1
8808,-15,FFF1,FFF1,-15,0,0.0,0,1
8809,101,0065,0065,101,0,0.0,0,1
8810,-73,FFB7,FFB7,-73,0,0.0,0,1
8811,76,004C,004C,76,0,0.0,0,1
8812,-80,FFB0,FFB0,-80,0,0.0,0,1
8813,-164,FF5C,FF5C,-164,0,0.0,0,1
8814,21,0015,0015,21,0,0.0,0,1
8815,63,003F,003F,63,0,0.0,0,1
8816,-152,FF68,FF68,-152,0,0.0,0,1
8817,22,0016,0016,22,0,0.0,0,1
8818,-21,FFEB,FFEB,-21,0,0.0,0,1
8819,113,0071,0071,113,0,0.0,0,1
8820,-95,FFA1,FFA1,-95,0,0.0,0,1
8821,176,00B0,00B0,176,0,0.0,0,1
8822,-86,FFAA,FFAA,-86,0,0.0,0,1
8823,-107,FF95,FF95,-107,0,0.0,0,1
8824,-76,FFB4,FFB4,-76,0,0.0,0,1
8825,176,00B0,00B0,176,0,0.0,0,1
8826,-115,FF8D,FF8D,-115,0,0.0,0,1
8827,-101,FF9B,FF9B,-101,0,0.0,0,1
8828,27,001B,001B,27,0,0.0,0,1
8829,-60,FFC4,FFC4,-60,0,0.0,0,1
8830,21,0015,0015,21,0,0.0,0,1
8831,27,001B,001B,27,0,0.0,0,1
8832,109,006D,006D,109,0,0.0,0,1
8833,-11,FFF5,FFF5,-11,0,0.0,0,1
8834,25,0019,0019,25,0,0.0,0,1
8835,39,0027,0027,39,0,0.0,0,1
8836,-22,FFEA,FFEA,-22,0,0.0,0,1
8837,-7,FFF9,FFF9,-7,0,0.0,0,1
8838,159,009F,009F,159,0,0.0,0,1
8839,19,0013,0013,19,0,0.0,0,1
8840,236,00EC,00EC,236,0,0.0,0,1
8841,-90,FFA6,FFA6,-90,0,0.0,0,1
8842,66,0042,0042,66,0,0.0,0,1
8843,134,0086,0086,134,0,0.0,0,1
8844,52,0034,0034,52,0,0.0,0,1
8845,35,0023,0023,35,0,0.0,0,1
8846,1,0001,0001,1,0,0.0,0,1
8847,-137,FF77,FF77,-137,0,0.0,0,1
8848,34,0022,0022,34,0,0.0,0,1
8849,-88,FFA8,FFA8,-88,0,0.0,0,1
8850,-16,FFF0,FFF0,-16,0,0.0,0,1
8851,-42,FFD6,FFD6,-42,0,0.0,0,1
8852,-46,FFD2,FFD2,-46,0,0.0,0,1
8853,87,0057,0057,87,0,0.0,0,1
8854,99,0063,0063,99,0,0.0,0,1
8855,-209,FF2F,FF2F,-209,0,0.0,0,1
8856,-86,FFAA,FFAA,-86,0,0.0,0,1
8857,3,0003,0003,3,0,0.0,0,1
8858,-153,FF67,FF67,-153,0,0.0,0,1
8859,143,008F,008F,143,0,0.0,0,1
8860,-81,FFAF,FFAF,-81,0,0.0,0,1
8861,-117,FF8B,FF8B,-117,0,0.0,0,1
8862,-4,FFFC,FFFC,-4,0,0.0,0,1
8863,-12,FFF4,FFF4,-12,0,0.0,0,1
8864,172,00AC,00AC,172,0,0.0,0,1
8865,-73,FFB7,FFB7,-73,0,0.0,0,1
8866,122,007A,007A,122,0,0.0,0,1
8867,2,0002,0002,2,0,0.0,0,1
8868,110,006E,006E,110,0,0.0,0,1
8869,98,0062,0062,98,0,0.0,0,1
8870,-119,FF89,FF89,-119,0,0.0,0,1
8871,72,0048,0048,72,0,0.0,0,1
8872,112,0070,0070,112,0,0.0,0,1
8873,38,0026,0026,38,0,0.0,0,1
8874,-40,FFD8,FFD8,-40,0,0.0,0,1
8875,1,0001,0001,1,0,0.0,0,1
8876,32,0020,0020,32,0,0.0,0,1
8877,-89,FFA7,FFA7,-89,0,0.0,0,1
8878,70,0046,0046,70,0,0.0,0,1
8879,39,0027,0027,39,0,0.0,0,1
8880,-42,FFD6,FFD6,-42,0,0.0,0,1
8881,41,0029,0029,41,0,0.0,0,1
8882,-119,FF89,FF89,-119,0,0.0,0,1
8883,228,00E4,00E4,228,0,0.0,0,1
8884,-79,FFB1,FFB1,-79,0,0.0,0,1
8885,-125,FF83,FF83,-125,0,0.0,0,1
8886,-110,FF92,FF92,-110,0,0.0,0,1
8887,6,0006,0006,6,0,0.0,0,1
8888,1,0001,0001,1,0,0.0,0,1
8889,-8,FFF8,FFF8,-8,0,0.0,0,1
8890,29,001D,001D,29,0,0.0,0,1
8891,-1,FFFF,FFFF,-1,0,0.0,0,1
8892,-92,FFA4,FFA4,-92,0,0.0,0,1
8893,-75,FFB5,FFB5,-75,0,0.0,0,1
8894,49,0031,0031,49,0,0.0,0,1
8895,5,0005,0005,5,0,0.0,0,1
8896,49,0031,0031,49,0,0.0,0,1
8897,16,0010,0010,16,0,0.0,0,1
8898,-6,FFFA,FFFA,-6,0,0.0,0,1
8899,38,0026,0026,38,0,0.0,0,1
8900,-54,FFCA,FFCA,-54,0,0.0,0,1
8901,-42,FFD6,FFD6,-42,0,0.0,0,1
8902,-9,FFF7,FFF7,-9,0,0.0,0,1
8903,165,00A5,00A5,165,0,0.0,0,1
8904,93,005D,005D,93,0,0.0,0,1
8905,19,0013,0013,19,0,0.0,0,1
8906,72,0048,0048,72,0,0.0,0,1
8907,113,0071,0071,113,0,0.0,0,1
8908,-34,FFDE,FFDE,-34,0,0.0,0,1
8909,-25,FFE7,FFE7,-25,0,0.0,0,1
8910,192,00C0,00C0,192,0,0.0,0,1
8911,16,0010,0010,16,0,0.0,0,1
8912,187,00BB,00BB,187,0,0.0,0,1
8913,137,0089,0089,137,0,0.0,0,1
8914,-11,FFF5,FFF5,-11,0,0.0,0,1
8915,34,0022,0022,34,0,0.0,0,1
8916,100,0064,0064,100,0,0.0,0,1
8917,19,0013,0013,19,0,0.0,0,1
8918,-10,FFF6,FFF6,-10,0,0.0,0,1
8919,-123,FF85,FF85,-123,0,0.0,0,1
8920,-126,FF82,FF82,-126,0,0.0,0,1
8921,67,0043,0043,67,0,0.0,0,1
8922,30,001E,001E,30,0,0.0,0,1
8923,2,0002,0002,2,0,0.0,0,1
8924,-109,FF93,FF93,-109,0,0.0,0,1
8925,-59,FFC5,FFC5,-59,0,0.0,0,1
8926,248,00F8,00F8,248,0,0.0,0,1
8927,-59,FFC5,FFC5,-59,0,0.0,0,1
8928,-104,FF98,FF98,-104,0,0.0,0,1
8929,-92,FFA4,FFA4,-92,0,0.0,0,1
8930,89,0059,0059,89,0,0.0,0,1
8931,-134,FF7A,FF7A,-134,0,0.0,0,1
8932,-91,FFA5,FFA5,-91,0,0.0,0,1
8933,-64,FFC0,FFC0,-64,0,0.0,0,1
8934,43,002B,002B,43,0,0.0,0,1
8935,171,00AB,00AB,171,0,0.0,0,1
8936,55,0037,0037,55,0,0.0,0,1
8937,-163,FF5D,FF5D,-163,0,0.0,0,1
8938,3,0003,0003,3,0,0.0,0,1
8939,88,0058,0058,88,0,0.0,0,1
8940,59,003B,003B,59,0,0.0,0,1
8941,-240,FF10,FF10,-240,0,0.0,0,1
8942,81,0051,0051,81,0,0.0,0,1
8943,-42,FFD6,FFD6,-42,0,0.0,0,1
8944,-36,FFDC,FFDC,-36,0,0.0,0,1
8945,127,007F,007F,127,0,0.0,0,1
8946,163,00A3,00A3,163,0,0.0,0,1
8947,86,0056,0056,86,0,0.0,0,1
8948,18,0012,0012,18,0,0.0,0,1
8949,73,0049,0049,73,0,0.0,0,1
8950,199,00C7,00C7,199,0,0.0,0,1
8951,-38,FFDA,FFDA,-38,0,0.0,0,1
8952,-96,FFA0,FFA0,-96,0,0.0,0,1
8953,181,00B5,00B5,181,0,0.0,0,1
8954,-61,FFC3,FFC3,-61,0,0.0,0,1
8955,144,0090,0090,144,0,0.0,0,1
8956,-98,FF9E,FF9E,-98,0,0.0,0,1
8957,26,001A,001A,26,0,0.0,0,1
8958,75,004B,004B,75,0,0.0,0,1
8959,1,0001,0001,1,0,0.0,0,1
8960,-4,FFFC,FFFC,-4,0,0.0,0,1
8961,69,0045,0045,69,0,0.0,0,1
8962,-80,FFB0,FFB0,-80,0,0.0,0,1
8963,15,000F,000F,15,0,0.0,0,1
8964,45,002D,002D,45,0,0.0,0,1
8965,12,000C,000C,12,0,0.0,0,1
8966,-198,FF3A,FF3A,-198,0,0.0,0,1
8967,-155,FF65,FF65,-155,0,0.0,0,1
8968,39,0027,0027,39,0,0.0,0,1
8969,7,0007,0007,7,0,0.0,0,1
8970,-20,FFEC,FFEC,-20,0,0.0,0,1
8971,16,0010,0010,16,0,0.0,0,1
8972,-54,FFCA,FFCA,-54,0,0.0,0,1
8973,133,0085,0085,133,0,0.0,0,1
8974,118,0076,0076,118,0,0.0,0,1
8975,1,0001,0001,1,0,0.0,0,1
8976,53,0035,0035,53,0,0.0,0,1
8977,-39,FFD9,FFD9,-39,0,0.0,0,1
8978,-66,FFBE,FFBE,-66,0,0.0,0,1
8979,-88,FFA8,FFA8,-88,0,0.0,0,1
8980,-30,FFE2,FFE2,-30,0,0.0,0,1
8981,78,004E,004E,78,0,0.0,0,1
8982,-128,FF80,FF80,-128,0,0.0,0,1
8983,-5,FFFB,FFFB,-5,0,0.0,0,1
8984,-10,FFF6,FFF6,-10,0,0.0,0,1
8985,-40,FFD8,FFD8,-40,0,0.0,0,1
8986,30,001E,001E,30,0,0.0,0,1
8987,36,0024,0024,36,0,0.0,0,1
8988,-28,FFE4,FFE4,-28,0,0.0,0,1
8989,-22,FFEA,FFEA,-22,0,0.0,0,1
8990,-88,FFA8,FFA8,-88,0,0.0,0,1
8991,-91,FFA5,FFA5,-91,0,0.0,0,1
8992,114,0072,0072,114,0,0.0,0,1
8993,18,0012,0012,18,0,0.0,0,1
8994,-17,FFEF,FFEF,-17,0,0.0,0,1
8995,11,000B,000B,11,0,0.0,0,1
8996,56,0038,0038,56,0,0.0,0,1
8997,93,005D,005D,93,0,0.0,0,1
8998,68,0044,0044,68,0,0.0,0,1
8999,110,006E,006E,110,0,0.0,0,1
9000,12,000C,000C,12,0,0.0,0,1
9001,89,0059,0059,89,0,0.0,0,1
9002,111,006F,006F,111,0,0.0,0,1
9003,48,0030,0030,48,0,0.0,0,1
9004,-51,FFCD,FFCD,-51,0,0.0,0,1
9005,-12,FFF4,FFF4,-12,0,0.0,0,1
9006,-108,FF94,FF94,-108,0,0.0,0,1
9007,23,0017,0017,23,0,0.0,0,1
9008,-109,FF93,FF93,-109,0,0.0,0,1
9009,63,003F,003F,63,0,0.0,0,1
9010,47,002F,002F,47,0,0.0,0,1
9011,-94,FFA2,FFA2,-94,0,0.0,0,1
9012,49,0031,0031,49,0,0.0,0,1
9013,-79,FFB1,FFB1,-79,0,0.0,0,1
9014,29,001D,001D,29,0,0.0,0,1
9015,43,002B,002B,43,0,0.0,0,1
9016,-197,FF3B,FF3B,-197,0,0.0,0,1
9017,2,0002,0002,2,0,0.0,0,1
9018,16,0010,0010,16,0,0.0,0,1
9019,76,004C,004C,76,0,0.0,0,1
9020,95,005F,005F,95,0,0.0,0,1
9021,26,001A,001A,26,0,0.0,0,1
9022,-25,FFE7,FFE7,-25,0,0.0,0,1
9023,144,0090,0090,144,0,0.0,0,1
9024,64,0040,0040,64,0,0.0,0,1
9025,-213,FF2B,FF2B,-213,0,0.0,0,1
9026,-21,FFEB,FFEB,-21,0,0.0,0,1
9027,-40,FFD8,FFD8,-40,0,0.0,0,1
9028,-23,FFE9,FFE9,-23,0,0.0,0,1
9029,-72,FFB8,FFB8,-72,0,0.0,0,1
9030,-46,FFD2,FFD2,-46,0,0.0,0,1
9031,211,00D3,00D3,211,0,0.0,0,1
9032,-129,FF7F,FF7F,-129,0,0.0,0,1
9033,-79,FFB1,FFB1,-79,0,0.0,0,1
9034,81,0051,0051,81,0,0.0,0,1
9035,84,0054,0054,84,0,0.0,0,1
9036,-76,FFB4,FFB4,-76,0,0.0,0,1
9037,-82,FFAE,FFAE,-82,0,0.0,0,1
9038,143,008F,008F,143,0,0.0,0,1
9039,-170,FF56,FF56,-170,0,0.0,0,1
9040,-40,FFD8,FFD8,-40,0,0.0,0,1
9041,26,001A,001A,26,0,0.0,0,1
9042,-28,FFE4,FFE4,-28,0,0.0,0,1
9043,-64,FFC0,FFC0,-64,0,0.0,0,1
9044,-153,FF67,FF67,-153,0,0.0,0,1
9045,53,0035,0035,53,0,0.0,0,1
9046,-77,FFB3,FFB3,-77,0,0.0,0,1
9047,284,011C,011C,284,0,0.0,0,1
9048,-36,FFDC,FFDC,-36,0,0.0,0,1
9049,-9,FFF7,FFF7,-9,0,0.0,0,1
9050,-104,FF98,FF98,-104,0,0.0,0,1
9051,85,0055,0055,85,0,0.0,0,1
9052,111,006F,006F,111,0,0.0,0,1
9053,47,002F,002F,47,0,0.0,0,1
9054,-125,FF83,FF83,-125,0,0.0,0,1
9055,50,0032,0032,50,0,0.0,0,1
9056,-59,FFC5,FFC5,-59,0,0.0,0,1
9057,117,0075,0075,117,0,0.0,0,1
9058,-100,FF9C,FF9C,-100,0,0.0,0,1
9059,130,0082,0082,130,0,0.0,0,1
9060,76,004C,004C,76,0,0.0,0,1
9061,25,0019,0019,25,0,0.0,0,1
9062,-103,FF99,FF99,-103,0,0.0,0,1
9063,-41,FFD7,FFD7,-41,0,0.0,0,1
9064,-19,FFED,FFED,-19,0,0.0,0,1
9065,-118,FF8A,FF8A,-118,0,0.0,0,1
9066,-1,FFFF,FFFF,-1,0,0.0,0,1
9067,-52,FFCC,FFCC,-52,0,0.0,0,1
9068,-91,FFA5,FFA5,-91,0,0.0,0,1
9069,-151,FF69,FF69,-151,0,0.0,0,1
9070,93,005D,005D,93,0,0.0,0,1
9071,15,000F,000F,15,0,0.0,0,1
9072,-230,FF1A,FF1A,-230,0,0.0,0,1
9073,-14,FFF2,FFF2,-14,0,0.0,0,1
9074,-176,FF50,FF50,-176,0,0.0,0,1
9075,127,007F,007F,127,0,0.0,0,1
9076,60,003C,003C,60,0,0.0,0,1
9077,46,002E,002E,46,0,0.0,0,1
9078,-25,FFE7,FFE7,-25,0,0.0,0,1
9079,-33,FFDF,FFDF,-33,0,0.0,0,1
9080,96,0060,0060,96,0,0.0,0,1
9081,78,004E,004E,78,0,0.0,0,1
9082,-152,FF68,FF68,-152,0,0.0,0,1
9083,62,003E,003E,62,0,0.0,0,1
9084,50,0032,0032,50,0,0.0,0,1
9085,-107,FF95,FF95,-107,0,0.0,0,1
9086,194,00C2,00C2,194,0,0.0,0,1
9087,164,00A4,00A4,164,0,0.0,0,1
9088,103,0067,0067,103,0,0.0,0,1
9089,-83,FFAD,FFAD,-83,0,0.0,0,1
9090,132,0084,0084,132,0,0.0,0,1
9091,53,0035,0035,53,0,0.0,0,1
9092,-51,FFCD,FFCD,-51,0,0.0,0,1
9093,110,006E,006E,110,0,0.0,0,1
9094,98,0062,0062,98,0,0.0,0,1
9095,-56,FFC8,FFC8,-56,0,0.0,0,1
9096,-86,FFAA,FFAA,-86,0,0.0,0,1
9097,117,0075,0075,117,0,0.0,0,1
9098,119,0077,0077,119,0,0.0,0,1
9099,-35,FFDD,FFDD,-35,0,0.0,0,1
9100,-9,FFF7,FFF7,-9,0,0.0,0,1
9101,20,0014,0014,20,0,0.0,0,1
9102,-146,FF6E,FF6E,-146,0,0.0,0,1
9103,69,0045,0045,69,0,0.0,0,1
9104,-18,FFEE,FFEE,-18,0,0.0,0,1
9105,108,006C,006C,108,0,0.0,0,1
9106,-81,FFAF,FFAF,-81,0,0.0,0,1
9107,-94,FFA2,FFA2,-94,0,0.0,0,1
9108,-121,FF87,FF87,-121,0,0.0,0,1
9109,-15,FFF1,FFF1,-15,0,0.0,0,1
9110,-56,FFC8,FFC8,-56,0,0.0,0,1
9111,11,000B,000B,11,0,0.0,0,1
9112,56,0038,0038,56,0,0.0,0,1
9113,-113,FF8F,FF8F,-113,0,0.0,0,1
9114,86,0056,0056,86,0,0.0,0,1
9115,64,0040,0040,64,0,0.0,0,1
9116,143,008F,008F,143,0,0.0,0,1
9117,-41,FFD7,FFD7,-41,0,0.0,0,1
9118,216,00D8,00D8,216,0,0.0,0,1
9119,58,003A,003A,58,0,0.0,0,1
9120,-95,FFA1,FFA1,-95,0,0.0,0,1
9121,-59,FFC5,FFC5,-59,0,0.0,0,1
9122,-42,FFD6,FFD6,-42,0,0.0,0,1
9123,93,005D,005D,93,0,0.0,0,1
9124,75,004B,004B,75,0,0.0,0,1
9125,-72,FFB8,FFB8,-72,0,0.0,0,1
9126,27,001B,001B,27,0,0.0,0,1
9127,-108,FF94,FF94,-108,0,0.0,0,1
9128,81,0051,0051,81,0,0.0,0,1
9129,69,0045,0045,69,0,0.0,0,1
9130,195,00C3,00C3,195,0,0.0,0,1
9131,-37,FFDB,FFDB,-37,0,0.0,0,1
9132,-8,FFF8,FFF8,-8,0,0.0,0,1
9133,-90,FFA6,FFA6,-90,0,0.0,0,1
9134,26,001A,001A,26,0,0.0,0,1
9135,51,0033,0033,51,0,0.0,0,1
9136,-25,FFE7,FFE7,-25,0,0.0,0,1
9137,-7,FFF9,FFF9,-7,0,0.0,0,1
9138,-19,FFED,FFED,-19,0,0.0,0,1
9139,-10,FFF6,FFF6,-10,0,0.0,0,1
9140,35,0023,0023,35,0,0.0,0,1
9141,-106,FF96,FF96,-106,0,0.0,0,1
9142,-162,FF5E,FF5E,-162,0,0.0,0,1
9143,180,00B4,00B4,180,0,0.0,0,1
9144,94,005E,005E,94,0,0.0,0,1
9145,76,004C,004C,76,0,0.0,0,1
9146,-25,FFE7,FFE7,-25,0,0.0,0,1
9147,-21,FFEB,FFEB,-21,0,0.0,0,1
9148,169,00A9,00A9,169,0,0.0,0,1
9149,19,0013,0013,19,0,0.0,0,1
9150,228,00E4,00E4,228,0,0.0,0,1
9151,126,007E,007E,126,0,0.0,0,1
9152,60,003C,003C,60,0,0.0,0,1
9153,101,0065,0065,101,0,0.0,0,1
9154,40,0028,0028,40,0,0.0,0,1
9155,28,001C,001C,28,0,0.0,0,1
9156,-148,FF6C,FF6C,-148,0,0.0,0,1
9157,9,0009,0009,9,0,0.0,0,1
9158,-22,FFEA,FFEA,-22,0,0.0,0,1
9159,-46,FFD2,FFD2,-46,0,0.0,0,1
9160,84,0054,0054,84,0,0.0,0,1
9161,-7,FFF9,FFF9,-7,0,0.0,0,1
9162,28,001C,001C,28,0,0.0,0,1
9163,-86,FFAA,FFAA,-86,0,0.0,0,1
9164,41,0029,0029,41,0,0.0,0,1
9165,-94,FFA2,FFA2,-94,0,0.0,0,1
9166,2,0002,0002,2,0,0.0,0,1
9167,-16,FFF0,FFF0,-16,0,0.0,0,1
9168,-57,FFC7,FFC7,-57,0,0.0,0,1
9169,-84,FFAC,FFAC,-84,0,0.0,0,1
9170,12,000C,000C,12,0,0.0,0,1
9171,97,0061,0061,97,0,0.0,0,1
9172,-100,FF9C,FF9C,-100,0,0.0,0,1
9173,-178,FF4E,FF4E,-178,0,0.0,0,1
9174,89,0059,0059,89,0,0.0,0,1
9175,-13,FFF3,FFF3,-13,0,0.0,0,1
9176,168,00A8,00A8,168,0,0.0,0,1
9177,-52,FFCC,FFCC,-52,0,0.0,0,1
9178,-82,FFAE,FFAE,-82,0,0.0,0,1
9179,85,0055,0055,85,0,0.0,0,1
9180,-81,FFAF,FFAF,-81,0,0.0,0,1
9181,-58,FFC6,FFC6,-58,0,0.0,0,1
9182,-93,FFA3,FFA3,-93,0,0.0,0,1
9183,-54,FFCA,FFCA,-54,0,0.0,0,1
9184,50,0032,0032,50,0,0.0,0,1
9185,0,0000,0000,0,0,0.0,0,1
9186,-151,FF69,FF69,-151,0,0.0,0,1
9187,9,0009,0009,9,0,0.0,0,1
9188,-10,FFF6,FFF6,-10,0,0.0,0,1
9189,-119,FF89,FF89,-119,0,0.0,0,1
9190,44,002C,002C,44,0,0.0,0,1
9191,173,00AD,00AD,173,0,0.0,0,1
9192,-1,FFFF,FFFF,-1,0,0.0,0,1
9193,29,001D,001D,29,0,0.0,0,1
9194,123,007B,007B,123,0,0.0,0,1
9195,31,001F,001F,31,0,0.0,0,1
9196,-31,FFE1,FFE1,-31,0,0.0,0,1
9197,102,0066,0066,102,0,0.0,0,1
9198,254,00FE,00FE,254,0,0.0,0,1
9199,-109,FF93,FF93,-109,0,0.0,0,1
9200,32,0020,0020,32,0,0.0,0,1
9201,-55,FFC9,FFC9,-55,0,0.0,0,1
9202,-21,FFEB,FFEB,-21,0,0.0,0,1
9203,-61,FFC3,FFC3,-61,0,0.0,0,1
9204,-35,FFDD,FFDD,-35,0,0.0,0,1
9205,-33,FFDF,FFDF,-33,0,0.0,0,1
9206,94,005E,005E,94,0,0.0,0,1
9207,-33,FFDF,FFDF,-33,0,0.0,0,1
9208,109,006D,006D,109,0,0.0,0,1
9209,32,0020,0020,32,0,0.0,0,1
9210,99,0063,0063,99,0,0.0,0,1
9211,21,0015,0015,21,0,0.0,0,1
9212,60,003C,003C,60,0,0.0,0,1
9213,66,0042,0042,66,0,0.0,0,1
9214,38,0026,0026,38,0,0.0,0,1
9215,79,004F,004F,79,0,0.0,0,1
9216,-125,FF83,FF83,-125,0,0.0,0,1
9217,30,001E,001E,30,0,0.0,0,1
9218,-110,FF92,FF92,-110,0,0.0,0,1
9219,141,008D,008D,141,0,0.0,0,1
9220,-50,FFCE,FFCE,-50,0,0.0,0,1
9221,10,000A,000A,10,0,0.0,0,1
9222,-70,FFBA,FFBA,-70,0,0.0,0,1
9223,7,0007,0007,7,0,0.0,0,1
9224,128,0080,0080,128,0,0.0,0,1
9225,-111,FF91,FF91,-111,0,0.0,0,1
9226,54,0036,0036,54,0,0.0,0,1
9227,23,0017,0017,23,0,0.0,0,1
9228,160,00A0,00A0,160,0,0.0,0,1
9229,-102,FF9A,FF9A,-102,0,0.0,0,1
9230,187,00BB,00BB,187,0,0.0,0,1
9231,-128,FF80,FF80,-128,0,0.0,0,1
9232,-16,FFF0,FFF0,-16,0,0.0,0,1
9233,32,0020,0020,32,0,0.0,0,1
9234,47,002F,002F,47,0,0.0,0,1
9235,33,0021,0021,33,0,0.0,0,1
9236,89,0059,0059,89,0,0.0,0,1
9237,-101,FF9B,FF9B,-101,0,0.0,0,1
9238,-33,FFDF,FFDF,-33,0,0.0,0,1
9239,116,0074,0074,116,0,0.0,0,1
9240,-60,FFC4,FFC4,-60,0,0.0,0,1
9241,-74,FFB6,FFB6,-74,0,0.0,0,1
9242,53,0035,0035,53,0,0.0,0,1
9243,-18,FFEE,FFEE,-18,0,0.0,0,1
9244,-10,FFF6,FFF6,-10,0,0.0,0,1
9245,-150,FF6A,FF6A,-150,0,0.0,0,1
9246,-28,FFE4,FFE4,-28,0,0.0,0,1
9247,4,0004,0004,4,0,0.0,0,1
9248,62,003E,003E,62,0,0.0,0,1
9249,61,003D,003D,61,0,0.0,0,1
9250,88,0058,0058,88,0,0.0,0,1
9251,17,0011,0011,17,0,0.0,0,1
9252,94,005E,005E,94,0,0.0,0,1
9253,-17,FFEF,FFEF,-17,0,0.0,0,1
9254,69,0045,0045,69,0,0.0,0,1
9255,-142,FF72,FF72,-142,0,0.0,0,1
9256,-26,FFE6,FFE6,-26,0,0.0,0,1
9257,37,0025,0025,37,0,0.0,0,1
9258,-21,FFEB,FFEB,-21,0,0.0,0,1
9259,90,005A,005A,90,0,0.0,0,1
9260,272,0110,0110,272,0,0.0,0,1
9261,76,004C,004C,76,0,0.0,0,1
9262,73,0049,0049,73,0,0.0,0,1
9263,208,00D0,00D0,208,0,0.0,0,1
9264,117,0075,0075,117,0,0.0,0,1
9265,19,0013,0013,19,0,0.0,0,1
9266,108,006C,006C,108,0,0.0,0,1
9267,-82,FFAE,FFAE,-82,0,0.0,0,1
9268,-60,FFC4,FFC4,-60,0,0.0,0,1
9269,113,0071,0071,113,0,0.0,0,1
9270,-73,FFB7,FFB7,-73,0,0.0,0,1
9271,101,0065,0065,101,0,0.0,0,1
9272,-130,FF7E,FF7E,-130,0,0.0,0,1
9273,-24,FFE8,FFE8,-24,0,0.0,0,1
9274,-84,FFAC,FFAC,-84,0,0.0,0,1
9275,-135,FF79,FF79,-135,0,0.0,0,1
9276,133,0085,0085,133,0,0.0,0,1
9277,-71,FFB9,FFB9,-71,0,0.0,0,1
9278,-53,FFCB,FFCB,-53,0,0.0,0,1
9279,113,0071,0071,113,0,0.0,0,1
9280,-80,FFB0,FFB0,-80,0,0.0,0,1
9281,-54,FFCA,FFCA,-54,0,0.0,0,1
9282,-40,FFD8,FFD8,-40,0,0.0,0,1
9283,-214,FF2A,FF2A,-214,0,0.0,0,1
9284,151,0097,0097,151,0,0.0,0,1
9285,-116,FF8C,FF8C,-116,0,0.0,0,1
9286,-134,FF7A,FF7A,-134,0,0.0,0,1
9287,-88,FFA8,FFA8,-88,0,0.0,0,1
9288,-102,FF9A,FF9A,-102,0,0.0,0,1
9289,-45,FFD3,FFD3,-45,0,0.0,0,1
9290,-86,FFAA,FFAA,-86,0,0.0,0,1
9291,114,0072,0072,114,0,0.0,0,1
9292,72,0048,0048,72,0,0.0,0,1
9293,-125,FF83,FF83,-125,0,0.0,0,1
9294,-221,FF23,FF23,-221,0,0.0,0,1
9295,16,0010,0010,16,0,0.0,0,1
9296,-2,FFFE,FFFE,-2,0,0.0,0,1
9297,30,001E,001E,30,0,0.0,0,1
9298,-141,FF73,FF73,-141,0,0.0,0,1
9299,-23,FFE9,FFE9,-23,0,0.0,0,1
9300,-23,FFE9,FFE9,-23,0,0.0,0,1
9301,-243,FF0D,FF0D,-243,0,0.0,0,1
9302,-86,FFAA,FFAA,-86,0,0.0,0,1
9303,0,0000,0000,0,0,0.0,0,1
9304,28,001C,001C,28,0,0.0,0,1
9305,66,0042,0042,66,0,0.0,0,1
9306,159,009F,009F,159,0,0.0,0,1
9307,71,0047,0047,71,0,0.0,0,1
9308,-22,FFEA,FFEA,-22,0,0.0,0,1
9309,20,0014,0014,20,0,0.0,0,1
9310,-59,FFC5,FFC5,-59,0,0.0,0,1
9311,-94,FFA2,FFA2,-94,0,0.0,0,1
9312,21,0015,0015,21,0,0.0,0,1
9313,76,004C,004C,76,0,0.0,0,1
9314,169,00A9,00A9,169,0,0.0,0,1
9315,-21,FFEB,FFEB,-21,0,0.0,0,1
9316,-3,FFFD,FFFD,-3,0,0.0,0,1
9317,54,0036,0036,54,0,0.0,0,1
9318,-78,FFB2,FFB2,-78,0,0.0,0,1
9319,-29,FFE3,FFE3,-29,0,0.0,0,1
9320,78,004E,004E,78,0,0.0,0,1
9321,2,0002,0002,2,0,0.0,0,1
9322,137,0089,0089,137,0,0.0,0,1
9323,97,0061,0061,97,0,0.0,0,1
9324,-116,FF8C,FF8C,-116,0,0.0,0,1
9325,-124,FF84,FF84,-124,0,0.0,0,1
9326,45,002D,002D,45,0,0.0,0,1
9327,21,0015,0015,21,0,0.0,0,1
9328,-59,FFC5,FFC5,-59,0,0.0,0,1
9329,46,002E,002E,46,0,0.0,0,1
9330,109,006D,006D,109,0,0.0,0,1
9331,9,0009,0009,9,0,0.0,0,1
9332,45,002D,002D,45,0,0.0,0,1
9333,12,000C,000C,12,0,0.0,0,1
9334,-73,FFB7,FFB7,-73,0,0.0,0,1
9335,-50,FFCE,FFCE,-50,0,0.0,0,1
9336,-118,FF8A,FF8A,-118,0,0.0,0,1
9337,-72,FFB8,FFB8,-72,0,0.0,0,1
9338,97,0061,0061,97,0,0.0,0,1
9339,-117,FF8B,FF8B,-117,0,0.0,0,1
9340,129,0081,0081,129,0,0.0,0,1
9341,-43,FFD5,FFD5,-43,0,0.0,0,1
9342,-25,FFE7,FFE7,-25,0,0.0,0,1
9343,9,0009,0009,9,0,0.0,0,1
9344,-77,FFB3,FFB3,-77,0,0.0,0,1
9345,-153,FF67,FF67,-153,0,0.0,0,1
9346,-153,FF67,FF67,-153,0,0.0,0,1
9347,-31,FFE1,FFE1,-31,0,0.0,0,1
9348,42,002A,002A,42,0,0.0,0,1
9349,-81,FFAF,FFAF,-81,0,0.0,0,1
9350,35,0023,0023,35,0,0.0,0,1
9351,-74,FFB6,FFB6,-74,0,0.0,0,1
9352,5,0005,0005,5,0,0.0,0,1
9353,160,00A0,00A0,160,0,0.0,0,1
9354,-128,FF80,FF80,-128,0,0.0,0,1
9355,125,007D,007D,125,0,0.0,0,1
9356,102,0066,0066,102,0,0.0,0,1
9357,24,0018,0018,24,0,0.0,0,1
9358,16,0010,0010,16,0,0.0,0,1
9359,125,007D,007D,125,0,0.0,0,1
9360,-76,FFB4,FFB4,-76,0,0.0,0,1
9361,66,0042,0042,66,0,0.0,0,1
9362,-147,FF6D,FF6D,-147,0,0.0,0,1
9363,63,003F,003F,63,0,0.0,0,1
9364,6,0006,0006,6,0,0.0,0,1
9365,-153,FF67,FF67,-153,0,0.0,0,1
9366,79,004F,004F,79,0,0.0,0,1
9367,-9,FFF7,FFF7,-9,0,0.0,0,1
9368,-160,FF60,FF60,-160,0,0.0,0,1
9369,-259,FEFD,FEFD,-259,0,0.0,0,1
9370,-211,FF2D,FF2D,-211,0,0.0,0,1
9371,-28,FFE4,FFE4,-28,0,0.0,0,1
9372,-80,FFB0,FFB0,-80,0,0.0,0,1
9373,-24,FFE8,FFE8,-24,0,0.0,0,1
9374,30,001E,001E,30,0,0.0,0,1
9375,53,0035,0035,53,0,0.0,0,1
9376,27,001B,001B,27,0,0.0,0,1
9377,48,0030,0030,48,0,0.0,0,1
9378,-68,FFBC,FFBC,-68,0,0.0,0,1
9379,19,0013,0013,19,0,0.0,0,1
9380,118,0076,0076,118,0,0.0,0,1
9381,-32,FFE0,FFE0,-32,0,0.0,0,1
9382,33,0021,0021,33,0,0.0,0,1
9383,7,0007,0007,7,0,0.0,0,1
9384,32,0020,0020,32,0,0.0,0,1
9385,12,000C,000C,12,0,0.0,0,1
9386,53,0035,0035,53,0,0.0,0,1
9387,88,0058,0058,88,0,0.0,0,1
9388,-65,FFBF,FFBF,-65,0,0.0,0,1
9389,-49,FFCF,FFCF,-49,0,0.0,0,1
9390,0,0000,0000,0,0,0.0,0,1
9391,-23,FFE9,FFE9,-23,0,0.0,0,1
9392,-8,FFF8,FFF8,-8,0,0.0,0,1
9393,45,002D,002D,45,0,0.0,0,1
9394,83,0053,0053,83,0,0.0,0,1
9395,-196,FF3C,FF3C,-196,0,0.0,0,1
9396,-24,FFE8,FFE8,-24,0,0.0,0,1
9397,23,0017,0017,23,0,0.0,0,1
9398,3,0003,0003,3,0,0.0,0,1
9399,233,00E9,00E9,233,0,0.0,0,1
9400,-11,FFF5,FFF5,-11,0,0.0,0,1
9401,-139,FF75,FF75,-139,0,0.0,0,1
9402,22,0016,0016,22,0,0.0,0,1
9403,-193,FF3F,FF3F,-193,0,0.0,0,1
9404,107,006B,006B,107,0,0.0,0,1
9405,1,0001,0001,1,0,0.0,0,1
9406,6,0006,0006,6,0,0.0,0,1
9407,67,0043,0043,67,0,0.0,0,1
9408,-112,FF90,FF90,-112,0,0.0,0,1
9409,-28,FFE4,FFE4,-28,0,0.0,0,1
9410,-101,FF9B,FF9B,-101,0,0.0,0,1
9411,32,0020,0020,32,0,0.0,0,1
9412,75,004B,004B,75,0,0.0,0,1
9413,5,0005,0005,5,0,0.0,0,1
9414,114,0072,0072,114,0,0.0,0,1
9415,-46,FFD2,FFD2,-46,0,0.0,0,1
9416,89,0059,0059,89,0,0.0,0,1
9417,139,008B,008B,139,0,0.0,0,1
9418,-61,FFC3,FFC3,-61,0,0.0,0,1
9419,88,0058,0058,88,0,0.0,0,1
9420,57,0039,0039,57,0,0.0,0,1
9421,97,0061,0061,97,0,0.0,0,1
9422,-143,FF71,FF71,-143,0,0.0,0,1
9423,-229,FF1B,FF1B,-229,0,0.0,0,1
9424,-178,FF4E,FF4E,-178,0,0.0,0,1
9425,-143,FF71,FF71,-143,0,0.0,0,1
9426,-123,FF85,FF85,-123,0,0.0,0,1
9427,36,0024,0024,36,0,0.0,0,1
9428,-53,FFCB,FFCB,-53,0,0.0,0,1
9429,12,000C,000C,12,0,0.0,0,1
9430,-51,FFCD,FFCD,-51,0,0.0,0,1
9431,-56,FFC8,FFC8,-56,0,0.0,0,1
9432,-155,FF65,FF65,-155,0,0.0,0,1
9433,106,006A,006A,106,0,0.0,0,1
9434,-83,FFAD,FFAD,-83,0,0.0,0,1
9435,-100,FF9C,FF9C,-100,0,0.0,0,1
9436,-108,FF94,FF94,-108,0,0.0,0,1
9437,1,0001,0001,1,0,0.0,0,1
9438,50,0032,0032,50,0,0.0,0,1
9439,-73,FFB7,FFB7,-73,0,0.0,0,1
9440,-47,FFD1,FFD1,-47,0,0.0,0,1
9441,-83,FFAD,FFAD,-83,0,0.0,0,1
9442,-136,FF78,FF78,-136,0,0.0,0,1
9443,-84,FFAC,FFAC,-84,0,0.0,0,1
9444,73,0049,0049,73,0,0.0,0,1
9445,-57,FFC7,FFC7,-57,0,0.0,0,1
9446,80,0050,0050,80,0,0.0,0,1
9447,-139,FF75,FF75,-139,0,0.0,0,1
9448,21,0015,0015,21,0,0.0,0,1
9449,6,0006,0006,6,0,0.0,0,1
9450,25,0019,0019,25,0,0.0,0,1
9451,125,007D,007D,125,0,0.0,0,1
9452,-23,FFE9,FFE9,-23,0,0.0,0,1
9453,108,006C,006C,108,0,0.0,0,1
9454,-73,FFB7,FFB7,-73,0,0.0,0,1
9455,-67,FFBD,FFBD,-67,0,0.0,0,1
9456,156,009C,009C,156,0,0.0,0,1
9457,-22,FFEA,FFEA,-22,0,0.0,0,1
9458,-210,FF2E,FF2E,-210,0,0.0,0,1
9459,80,0050,0050,80,0,0.0,0,1
9460,87,0057,0057,87,0,0.0,0,1
9461,-50,FFCE,FFCE,-50,0,0.0,0,1
9462,-62,FFC2,FFC2,-62,0,0.0,0,1
9463,50,0032,0032,50,0,0.0,0,1
9464,39,0027,0027,39,0,0.0,0,1
9465,-13,FFF3,FFF3,-13,0,0.0,0,1
9466,-98,FF9E,FF9E,-98,0,0.0,0,1
9467,-100,FF9C,FF9C,-100,0,0.0,0,1
9468,136,0088,0088,136,0,0.0,0,1
9469,158,009E,009E,158,0,0.0,0,1
9470,-53,FFCB,FFCB,-53,0,0.0,0,1
9471,-8,FFF8,FFF8,-8,0,0.0,0,1
9472,148,0094,0094,148,0,0.0,0,1
9473,-72,FFB8,FFB8,-72,0,0.0,0,1
9474,1,0001,0001,1,0,0.0,0,1
9475,-10,FFF6,FFF6,-10,0,0.0,0,1
9476,41,0029,0029,41,0,0.0,0,1
9477,-107,FF95,FF95,-107,0,0.0,0,1
9478,120,0078,0078,120,0,0.0,0,1
9479,89,0059,0059,89,0,0.0,0,1
9480,-11,FFF5,FFF5,-11,0,0.0,0,1
9481,-148,FF6C,FF6C,-148,0,0.0,0,1
9482,12,000C,000C,12,0,0.0,0,1
9483,198,00C6,00C6,198,0,0.0,0,1
9484,2,0002,0002,2,0,0.0,0,1
9485,-42,FFD6,FFD6,-42,0,0.0,0,1
9486,138,008A,008A,138,0,0.0,0,1
9487,35,0023,0023,35,0,0.0,0,1
9488,56,0038,0038,56,0,0.0,0,1
9489,21,0015,0015,21,0,0.0,0,1
9490,-11,FFF5,FFF5,-11,0,0.0,0,1
9491,-30,FFE2,FFE2,-30,0,0.0,0,1
9492,-85,FFAB,FFAB,-85,0,0.0,0,1
9493,97,0061,0061,97,0,0.0,0,1
9494,-8,FFF8,FFF8,-8,0,0.0,0,1
9495,-8,FFF8,FFF8,-8,0,0.0,0,1
9496,-23,FFE9,FFE9,-23,0,0.0,0,1
9497,-19,FFED,FFED,-19,0,0.0,0,1
9498,88,0058,0058,88,0,0.0,0,1
9499,5,0005,0005,5,0,0.0,0,1
9500,-113,FF8F,FF8F,-113,0,0.0,0,1
9501,38,0026,0026,38,0,0.0,0,1
9502,79,004F,004F,79,0,0.0,0,1
9503,106,006A,006A,106,0,0.0,0,1
9504,45,002D,002D,45,0,0.0,0,1
9505,65,0041,0041,65,0,0.0,0,1
9506,24,0018,0018,24,0,0.0,0,1
9507,95,005F,005F,95,0,0.0,0,1
9508,10,000A,000A,10,0,0.0,0,1
9509,2,0002,0002,2,0,0.0,0,1
9510,-108,FF94,FF94,-108,0,0.0,0,1
9511,-67,FFBD,FFBD,-67,0,0.0,0,1
9512,115,0073,0073,115,0,0.0,0,1
9513,-108,FF94,FF94,-108,0,0.0,0,1
9514,123,007B,007B,123,0,0.0,0,1
9515,164,00A4,00A4,164,0,0.0,0,1
9516,47,002F,002F,47,0,0.0,0,1
9517,-25,FFE7,FFE7,-25,0,0.0,0,1
9518,-23,FFE9,FFE9,-23,0,0.0,0,1
9519,-87,FFA9,FFA9,-87,0,0.0,0,1
9520,-114,FF8E,FF8E,-114,0,0.0,0,1
9521,-101,FF9B,FF9B,-101,0,0.0,0,1
9522,67,0043,0043,67,0,0.0,0,1
9523,86,0056,0056,86,0,0.0,0,1
9524,140,008C,008C,140,0,0.0,0,1
9525,-114,FF8E,FF8E,-114,0,0.0,0,1
9526,8,0008,0008,8,0,0.0,0,1
9527,-51,FFCD,FFCD,-51,0,0.0,0,1
9528,44,002C,002C,44,0,0.0,0,1
9529,7,0007,0007,7,0,0.0,0,1
9530,73,0049,0049,73,0,0.0,0,1
9531,-47,FFD1,FFD1,-47,0,0.0,0,1
9532,165,00A5,00A5,165,0,0.0,0,1
9533,-63,FFC1,FFC1,-63,0,0.0,0,1
9534,-180,FF4C,FF4C,-180,0,0.0,0,1
9535,-1,FFFF,FFFF,-1,0,0.0,0,1
9536,-8,FFF8,FFF8,-8,0,0.0,0,1
9537,-37,FFDB,FFDB,-37,0,0.0,0,1
9538,-95,FFA1,FFA1,-95,0,0.0,0,1
9539,-65,FFBF,FFBF,-65,0,0.0,0,1
9540,75,004B,004B,75,0,0.0,0,1
9541,14,000E,000E,14,0,0.0,0,1
9542,49,0031,0031,49,0,0.0,0,1
9543,84,0054,0054,84,0,0.0,0,1
9544,132,0084,0084,132,0,0.0,0,1
9545,-66,FFBE,FFBE,-66,0,0.0,0,1
9546,66,0042,0042,66,0,0.0,0,1
9547,-41,FFD7,FFD7,-41,0,0.0,0,1
9548,146,0092,0092,146,0,0.0,0,1
9549,-122,FF86,FF86,-122,0,0.0,0,1
9550,-63,FFC1,FFC1,-63,0,0.0,0,1
9551,-37,FFDB,FFDB,-37,0,0.0,0,1
9552,121,0079,0079,121,0,0.0,0,1
9553,44,002C,002C,44,0,0.0,0,1
9554,16,0010,0010,16,0,0.0,0,1
9555,-1,FFFF,FFFF,-1,0,0.0,0,1
9556,-17,FFEF,FFEF,-17,0,0.0,0,1
9557,198,00C6,00C6,198,0,0.0,0,1
9558,-141,FF73,FF73,-141,0,0.0,0,1
9559,-86,FFAA,FFAA,-86,0,0.0,0,1
9560,-146,FF6E,FF6E,-146,0,0.0,0,1
9561,61,003D,003D,61,0,0.0,0,1
9562,-43,FFD5,FFD5,-43,0,0.0,0,1
9563,-2,FFFE,FFFE,-2,0,0.0,0,1
9564,72,0048,0048,72,0,0.0,0,1
9565,-267,FEF5,FEF5,-267,0,0.0,0,1
9566,-60,FFC4,FFC4,-60,0,0.0,0,1
9567,9,0009,0009,9,0,0.0,0,1
9568,-48,FFD0,FFD0,-48,0,0.0,0,1
9569,99,0063,0063,99,0,0.0,0,1
9570,-67,FFBD,FFBD,-67,0,0.0,0,1
9571,122,007A,007A,122,0,0.0,0,1
9572,74,004A,004A,74,0,0.0,0,1
9573,-85,FFAB,FFAB,-85,0,0.0,0,1
9574,-27,FFE5,FFE5,-27,0,0.0,0,1
9575,0,0000,0000,0,0,0.0,0,1
9576,2,0002,0002,2,0,0.0,0,1
9577,13,000D,000D,13,0,0.0,0,1
9578,-83,FFAD,FFAD,-83,0,0.0,0,1
9579,-55,FFC9,FFC9,-55,0,0.0,0,1
9580,-5,FFFB,FFFB,-5,0,0.0,0,1
9581,124,007C,007C,124,0,0.0,0,1
9582,78,004E,004E,78,0,0.0,0,1
9583,18,0012,0012,18,0,0.0,0,1
9584,156,009C,009C,156,0,0.0,0,1
9585,141,008D,008D,141,0,0.0,0,1
9586,-98,FF9E,FF9E,-98,0,0.0,0,1
9587,-101,FF9B,FF9B,-101,0,0.0,0,1
9588,52,0034,0034,52,0,0.0,0,1
9589,127,007F,007F,127,0,0.0,0,1
9590,115,0073,0073,115,0,0.0,0,1
9591,242,00F2,00F2,242,0,0.0,0,1
9592,-71,FFB9,FFB9,-71,0,0.0,0,1
9593,-111,FF91,FF91,-111,0,0.0,0,1
9594,-28,FFE4,FFE4,-28,0,0.0,0,1
9595,113,0071,0071,113,0,0.0,0,1
9596,-5,FFFB,FFFB,-5,0,0.0,0,1
9597,102,0066,0066,102,0,0.0,0,1
9598,-2,FFFE,FFFE,-2,0,0.0,0,1
9599,-6,FFFA,FFFA,-6,0,0.0,0,1
9600,34,0022,0022,34,0,0.0,0,1
9601,10,000A,000A,10,0,0.0,0,1
9602,87,0057,0057,87,0,0.0,0,1
9603,-115,FF8D,FF8D,-115,0,0.0,0,1
9604,-37,FFDB,FFDB,-37,0,0.0,0,1
9605,-11,FFF5,FFF5,-11,0,0.0,0,1
9606,93,005D,005D,93,0,0.0,0,1
9607,-21,FFEB,FFEB,-21,0,0.0,0,1
9608,34,0022,0022,34,0,0.0,0,1
9609,23,0017,0017,23,0,0.0,0,1
9610,-113,FF8F,FF8F,-113,0,0.0,0,1
9611,124,007C,007C,124,0,0.0,0,1
9612,55,0037,0037,55,0,0.0,0,1
9613,-49,FFCF,FFCF,-49,0,0.0,0,1
9614,-53,FFCB,FFCB,-53,0,0.0,0,1
9615,-83,FFAD,FFAD,-83,0,0.0,0,1
9616,57,0039,0039,57,0,0.0,0,1
9617,88,0058,0058,88,0,0.0,0,1
9618,56,0038,0038,56,0,0.0,0,1
9619,-116,FF8C,FF8C,-116,0,0.0,0,1
9620,-63,FFC1,FFC1,-63,0,0.0,0,1
9621,-14,FFF2,FFF2,-14,0,0.0,0,1
9622,-114,FF8E,FF8E,-114,0,0.0,0,1
9623,114,0072,0072,114,0,0.0,0,1
9624,-44,FFD4,FFD4,-44,0,0.0,0,1
9625,17,0011,0011,17,0,0.0,0,1
9626,-51,FFCD,FFCD,-51,0,0.0,0,1
9627,-17,FFEF,FFEF,-17,0,0.0,0,1
9628,-68,FFBC,FFBC,-68,0,0.0,0,1
9629,-47,FFD1,FFD1,-47,0,0.0,0,1
9630,-165,FF5B,FF5B,-165,0,0.0,0,1
9631,9,0009,0009,9,0,0.0,0,1
9632,-130,FF7E,FF7E,-130,0,0.0,0,1
9633,16,0010,0010,16,0,0.0,0,1
9634,99,0063,0063,99,0,0.0,0,1
9635,-3,FFFD,FFFD,-3,0,0.0,0,1
9636,-86,FFAA,FFAA,-86,0,0.0,0,1
9637,-123,FF85,FF85,-123,0,0.0,0,1
9638,-30,FFE2,FFE2,-30,0,0.0,0,1
9639,-27,FFE5,FFE5,-27,0,0.0,0,1
9640,-118,FF8A,FF8A,-118,0,0.0,0,1
9641,-15,FFF1,FFF1,-15,0,0.0,0,1
9642,245,00F5,00F5,245,0,0.0,0,1
9643,-19,FFED,FFED,-19,0,0.0,0,1
9644,65,0041,0041,65,0,0.0,0,1
9645,-17,FFEF,FFEF,-17,0,0.0,0,1
9646,74,004A,004A,74,0,0.0,0,1
9647,177,00B1,00B1,177,0,0.0,0,1
9648,-149,FF6B,FF6B,-149,0,0.0,0,1
9649,138,008A,008A,138,0,0.0,0,1
9650,-36,FFDC,FFDC,-36,0,0.0,0,1
9651,75,004B,004B,75,0,0.0,0,1
9652,-189,FF43,FF43,-189,0,0.0,0,1
9653,-161,FF5F,FF5F,-161,0,0.0,0,1
9654,-27,FFE5,FFE5,-27,0,0.0,0,1
9655,30,001E,001E,30,0,0.0,0,1
9656,-8,FFF8,FFF8,-8,0,0.0,0,1
9657,-135,FF79,FF79,-135,0,0.0,0,1
9658,-122,FF86,FF86,-122,0,0.0,0,1
9659,156,009C,009C,156,0,0.0,0,1
9660,109,006D,006D,109,0,0.0,0,1
9661,-90,FFA6,FFA6,-90,0,0.0,0,1
9662,-51,FFCD,FFCD,-51,0,0.0,0,1
9663,9,0009,0009,9,0,0.0,0,1
9664,175,00AF,00AF,175,0,0.0,0,1
9665,-152,FF68,FF68,-152,0,0.0,0,1
9666,-69,FFBB,FFBB,-69,0,0.0,0,1
9667,-37,FFDB,FFDB,-37,0,0.0,0,1
9668,-169,FF57,FF57,-169,0,0.0,0,1
9669,-156,FF64,FF64,-156,0,0.0,0,1
9670,84,0054,0054,84,0,0.0,0,1
9671,-6,FFFA,FFFA,-6,0,0.0,0,1
9672,22,0016,0016,22,0,0.0,0,1
9673,172,00AC,00AC,172,0,0.0,0,1
9674,-264,FEF8,FEF8,-264,0,0.0,0,1
9675,103,0067,0067,103,0,0.0,0,1
9676,65,0041,0041,65,0,0.0,0,1
9677,19,0013,0013,19,0,0.0,0,1
9678,-73,FFB7,FFB7,-73,0,0.0,0,1
9679,52,0034,0034,52,0,0.0,0,1
9680,-116,FF8C,FF8C,-116,0,0.0,0,1
9681,-159,FF61,FF61,-159,0,0.0,0,1
9682,-103,FF99,FF99,-103,0,0.0,0,1
9683,23,0017,0017,23,0,0.0,0,1
9684,-105,FF97,FF97,-105,0,0.0,0,1
9685,-38,FFDA,FFDA,-38,0,0.0,0,1
9686,62,003E,003E,62,0,0.0,0,1
9687,5,0005,0005,5,0,0.0,0,1
9688,127,007F,007F,127,0,0.0,0,1
9689,-146,FF6E,FF6E,-146,0,0.0,0,1
9690,-73,FFB7,FFB7,-73,0,0.0,0,1
9691,-91,FFA5,FFA5,-91,0,0.0,0,1
9692,14,000E,000E,14,0,0.0,0,1
9693,-21,FFEB,FFEB,-21,0,0.0,0,1
9694,64,0040,0040,64,0,0.0,0,1
9695,41,0029,0029,41,0,0.0,0,1
9696,-57,FFC7,FFC7,-57,0,0.0,0,1
9697,12,000C,000C,12,0,0.0,0,1
9698,115,0073,0073,115,0,0.0,0,1
9699,79,004F,004F,79,0,0.0,0,1
9700,-61,FFC3,FFC3,-61,0,0.0,0,1
9701,-87,FFA9,FFA9,-87,0,0.0,0,1
9702,-114,FF8E,FF8E,-114,0,0.0,0,1
9703,-16,FFF0,FFF0,-16,0,0.0,0,1
9704,-136,FF78,FF78,-136,0,0.0,0,1
9705,-17,FFEF,FFEF,-17,0,0.0,0,1
9706,77,004D,004D,77,0,0.0,0,1
9707,50,0032,0032,50,0,0.0,0,1
9708,-109,FF93,FF93,-109,0,0.0,0,1
9709,31,001F,001F,31,0,0.0,0,1
9710,83,0053,0053,83,0,0.0,0,1
9711,41,0029,0029,41,0,0.0,0,1
9712,-214,FF2A,FF2A,-214,0,0.0,0,1
9713,-66,FFBE,FFBE,-66,0,0.0,0,1
9714,-15,FFF1,FFF1,-15,0,0.0,0,1
9715,-23,FFE9,FFE9,-23,0,0.0,0,1
9716,61,003D,003D,61,0,0.0,0,1
9717,-8,FFF8,FFF8,-8,0,0.0,0,1
9718,-240,FF10,FF10,-240,0,0.0,0,1
9719,-63,FFC1,FFC1,-63,0,0.0,0,1
9720,-72,FFB8,FFB8,-72,0,0.0,0,1
9721,56,0038,0038,56,0,0.0,0,1
9722,273,0111,0111,273,0,0.0,0,1
9723,-52,FFCC,FFCC,-52,0,0.0,0,1
9724,5,0005,0005,5,0,0.0,0,1
9725,29,001D,001D,29,0,0.0,0,1
9726,-118,FF8A,FF8A,-118,0,0.0,0,1
9727,-191,FF41,FF41,-191,0,0.0,0,1
9728,55,0037,0037,55,0,0.0,0,1
9729,-39,FFD9,FFD9,-39,0,0.0,0,1
9730,12,000C,000C,12,0,0.0,0,1
9731,-47,FFD1,FFD1,-47,0,0.0,0,1
9732,-39,FFD9,FFD9,-39,0,0.0,0,1
9733,-47,FFD1,FFD1,-47,0,0.0,0,1
9734,-66,FFBE,FFBE,-66,0,0.0,0,1
9735,161,00A1,00A1,161,0,0.0,0,1
9736,26,001A,001A,26,0,0.0,0,1
9737,44,002C,002C,44,0,0.0,0,1
9738,32,0020,0020,32,0,0.0,0,1
9739,-70,FFBA,FFBA,-70,0,0.0,0,1
9740,28,001C,001C,28,0,0.0,0,1
9741,-85,FFAB,FFAB,-85,0,0.0,0,1
9742,-43,FFD5,FFD5,-43,0,0.0,0,1
9743,20,0014,0014,20,0,0.0,0,1
9744,-68,FFBC,FFBC,-68,0,0.0,0,1
9745,103,0067,0067,103,0,0.0,0,1
9746,116,0074,0074,116,0,0.0,0,1
9747,-47,FFD1,FFD1,-47,0,0.0,0,1
9748,-1,FFFF,FFFF,-1,0,0.0,0,1
9749,49,0031,0031,49,0,0.0,0,1
9750,147,0093,0093,147,0,0.0,0,1
9751,109,006D,006D,109,0,0.0,0,1
9752,16,0010,0010,16,0,0.0,0,1
9753,67,0043,0043,67,0,0.0,0,1
9754,217,00D9,00D9,217,0,0.0,0,1
9755,14,000E,000E,14,0,0.0,0,1
9756,48,0030,0030,48,0,0.0,0,1
9757,51,0033,0033,51,0,0.0,0,1
9758,15,000F,000F,15,0,0.0,0,1
9759,-33,FFDF,FFDF,-33,0,0.0,0,1
9760,16,0010,0010,16,0,0.0,0,1
9761,-21,FFEB,FFEB,-21,0,0.0,0,1
9762,190,00BE,00BE,190,0,0.0,0,1
9763,158,009E,009E,158,0,0.0,0,1
9764,-50,FFCE,FFCE,-50,0,0.0,0,1
9765,67,0043,0043,67,0,0.0,0,1
9766,35,0023,0023,35,0,0.0,0,1
9767,145,0091,0091,145,0,0.0,0,1
9768,-62,FFC2,FFC2,-62,0,0.0,0,1
9769,25,0019,0019,25,0,0.0,0,1
9770,3,0003,0003,3,0,0.0,0,1
9771,-271,FEF1,FEF1,-271,0,0.0,0,1
9772,-150,FF6A,FF6A,-150,0,0.0,0,1
9773,-19,FFED,FFED,-19,0,0.0,0,1
9774,-2,FFFE,FFFE,-2,0,0.0,0,1
9775,-27,FFE5,FFE5,-27,0,0.0,0,1
9776,128,0080,0080,128,0,0.0,0,1
9777,219,00DB,00DB,219,0,0.0,0,1
9778,-34,FFDE,FFDE,-34,0,0.0,0,1
9779,73,0049,0049,73,0,0.0,0,1
9780,-87,FFA9,FFA9,-87,0,0.0,0,1
9781,-11,FFF5,FFF5,-11,0,0.0,0,1
9782,-143,FF71,FF71,-143,0,0.0,0,1
9783,-36,FFDC,FFDC,-36,0,0.0,0,1
9784,-44,FFD4,FFD4,-44,0,0.0,0,1
9785,110,006E,006E,110,0,0.0,0,1
9786,90,005A,005A,90,0,0.0,0,1
9787,-21,FFEB,FFEB,-21,0,0.0,0,1
9788,-141,FF73,FF73,-141,0,0.0,0,1
9789,152,0098,0098,152,0,0.0,0,1
9790,9,0009,0009,9,0,0.0,0,1
9791,120,0078,0078,120,0,0.0,0,1
9792,-92,FFA4,FFA4,-92,0,0.0,0,1
9793,-57,FFC7,FFC7,-57,0,0.0,0,1
9794,70,0046,0046,70,0,0.0,0,1
9795,128,0080,0080,128,0,0.0,0,1
9796,55,0037,0037,55,0,0.0,0,1
9797,-68,FFBC,FFBC,-68,0,0.0,0,1
9798,72,0048,0048,72,0,0.0,0,1
9799,-95,FFA1,FFA1,-95,0,0.0,0,1
9800,21,0015,0015,21,0,0.0,0,1
9801,-97,FF9F,FF9F,-97,0,0.0,0,1
9802,-76,FFB4,FFB4,-76,0,0.0,0,1
9803,117,0075,0075,117,0,0.0,0,1
9804,9,0009,0009,9,0,0.0,0,1
9805,-34,FFDE,FFDE,-34,0,0.0,0,1
9806,-111,FF91,FF91,-111,0,0.0,0,1
9807,38,0026,0026,38,0,0.0,0,1
9808,-213,FF2B,FF2B,-213,0,0.0,0,1
9809,-57,FFC7,FFC7,-57,0,0.0,0,1
9810,6,0006,0006,6,0,0.0,0,1
9811,0,0000,0000,0,0,0.0,0,1
9812,-15,FFF1,FFF1,-15,0,0.0,0,1
9813,103,0067,0067,103,0,0.0,0,1
9814,28,001C,001C,28,0,0.0,0,1
9815,112,0070,0070,112,0,0.0,0,1
9816,-1,FFFF,FFFF,-1,0,0.0,0,1
9817,68,0044,0044,68,0,0.0,0,1
9818,121,0079,0079,121,0,0.0,0,1
9819,-92,FFA4,FFA4,-92,0,0.0,0,1
9820,-19,FFED,FFED,-19,0,0.0,0,1
9821,46,002E,002E,46,0,0.0,0,1
9822,54,0036,0036,54,0,0.0,0,1
9823,0,0000,0000,0,0,0.0,0,1
9824,149,0095,0095,149,0,0.0,0,1
9825,41,0029,0029,41,0,0.0,0,1
9826,20,0014,0014,20,0,0.0,0,1
9827,3,0003,0003,3,0,0.0,0,1
9828,-161,FF5F,FF5F,-161,0,0.0,0,1
9829,-47,FFD1,FFD1,-47,0,0.0,0,1
9830,43,002B,002B,43,0,0.0,0,1
9831,115,0073,0073,115,0,0.0,0,1
9832,-104,FF98,FF98,-104,0,0.0,0,1
9833,91,005B,005B,91,0,0.0,0,1
9834,14,000E,000E,14,0,0.0,0,1
9835,121,0079,0079,121,0,0.0,0,1
9836,21,0015,0015,21,0,0.0,0,1
9837,45,002D,002D,45,0,0.0,0,1
9838,26,001A,001A,26,0,0.0,0,1
9839,-22,FFEA,FFEA,-22,0,0.0,0,1
9840,-168,FF58,FF58,-168,0,0.0,0,1
9841,-69,FFBB,FFBB,-69,0,0.0,0,1
9842,19,0013,0013,19,0,0.0,0,1
9843,22,0016,0016,22,0,0.0,0,1
9844,-2,FFFE,FFFE,-2,0,0.0,0,1
9845,81,0051,0051,81,0,0.0,0,1
9846,-39,FFD9,FFD9,-39,0,0.0,0,1
9847,171,00AB,00AB,171,0,0.0,0,1
9848,174,00AE,00AE,174,0,0.0,0,1
9849,-32,FFE0,FFE0,-32,0,0.0,0,1
9850,-40,FFD8,FFD8,-40,0,0.0,0,1
9851,103,0067,0067,103,0,0.0,0,1
9852,-72,FFB8,FFB8,-72,0,0.0,0,1
9853,-18,FFEE,FFEE,-18,0,0.0,0,1
9854,22,0016,0016,22,0,0.0,0,1
9855,-21,FFEB,FFEB,-21,0,0.0,0,1
9856,-85,FFAB,FFAB,-85,0,0.0,0,1
9857,-76,FFB4,FFB4,-76,0,0.0,0,1
9858,156,009C,009C,156,0,0.0,0,1
9859,-23,FFE9,FFE9,-23,0,0.0,0,1
9860,57,0039,0039,57,0,0.0,0,1
9861,8,0008,0008,8,0,0.0,0,1
9862,-41,FFD7,FFD7,-41,0,0.0,0,1
9863,-124,FF84,FF84,-124,0,0.0,0,1
9864,27,001B,001B,27,0,0.0,0,1
9865,29,001D,001D,29,0,0.0,0,1
9866,-146,FF6E,FF6E,-146,0,0.0,0,1
9867,69,0045,0045,69,0,0.0,0,1
9868,105,0069,0069,105,0,0.0,0,1
9869,157,009D,009D,157,0,0.0,0,1
9870,-89,FFA7,FFA7,-89,0,0.0,0,1
9871,-204,FF34,FF34,-204,0,0.0,0,1
9872,-119,FF89,FF89,-119,0,0.0,0,1
9873,-56,FFC8,FFC8,-56,0,0.0,0,1
9874,41,0029,0029,41,0,0.0,0,1
9875,-147,FF6D,FF6D,-147,0,0.0,0,1
9876,-135,FF79,FF79,-135,0,0.0,0,1
9877,-60,FFC4,FFC4,-60,0,0.0,0,1
9878,-37,FFDB,FFDB,-37,0,0.0,0,1
9879,16,0010,0010,16,0,0.0,0,1
9880,15,000F,000F,15,0,0.0,0,1
9881,-72,FFB8,FFB8,-72,0,0.0,0,1
9882,-95,FFA1,FFA1,-95,0,0.0,0,1
9883,-68,FFBC,FFBC,-68,0,0.0,0,1
9884,45,002D,002D,45,0,0.0,0,1
9885,-93,FFA3,FFA3,-93,0,0.0,0,1
9886,105,0069,0069,105,0,0.0,0,1
9887,147,0093,0093,147,0,0.0,0,1
9888,10,000A,000A,10,0,0.0,0,1
9889,59,003B,003B,59,0,0.0,0,1
9890,19,0013,0013,19,0,0.0,0,1
9891,45,002D,002D,45,0,0.0,0,1
9892,28,001C,001C,28,0,0.0,0,1
9893,-155,FF65,FF65,-155,0,0.0,0,1
9894,-15,FFF1,FFF1,-15,0,0.0,0,1
9895,95,005F,005F,95,0,0.0,0,1
9896,38,0026,0026,38,0,0.0,0,1
9897,-188,FF44,FF44,-188,0,0.0,0,1
9898,77,004D,004D,77,0,0.0,0,1
9899,43,002B,002B,43,0,0.0,0,1
9900,-20,FFEC,FFEC,-20,0,0.0,0,1
9901,-24,FFE8,FFE8,-24,0,0.0,0,1
9902,-84,FFAC,FFAC,-84,0,0.0,0,1
9903,-38,FFDA,FFDA,-38,0,0.0,0,1
9904,163,00A3,00A3,163,0,0.0,0,1
9905,-21,FFEB,FFEB,-21,0,0.0,0,1
9906,-9,FFF7,FFF7,-9,0,0.0,0,1
9907,-76,FFB4,FFB4,-76,0,0.0,0,1
9908,85,0055,0055,85,0,0.0,0,1
9909,-17,FFEF,FFEF,-17,0,0.0,0,1
9910,158,009E,009E,158,0,0.0,0,1
9911,184,00B8,00B8,184,0,0.0,0,1
9912,-39,FFD9,FFD9,-39,0,0.0,0,1
9913,-195,FF3D,FF3D,-195,0,0.0,0,1
9914,22,0016,0016,22,0,0.0,0,1
9915,-24,FFE8,FFE8,-24,0,0.0,0,1
9916,-22,FFEA,FFEA,-22,0,0.0,0,1
9917,5,0005,0005,5,0,0.0,0,1
9918,-18,FFEE,FFEE,-18,0,0.0,0,1
9919,99,0063,0063,99,0,0.0,0,1
9920,86,0056,0056,86,0,0.0,0,1
9921,85,0055,0055,85,0,0.0,0,1
9922,51,0033,0033,51,0,0.0,0,1
9923,116,0074,0074,116,0,0.0,0,1
9924,114,0072,0072,114,0,0.0,0,1
9925,-182,FF4A,FF4A,-182,0,0.0,0,1
9926,9,0009,0009,9,0,0.0,0,1
9927,40,0028,0028,40,0,0.0,0,1
9928,48,0030,0030,48,0,0.0,0,1
9929,15,000F,000F,15,0,0.0,0,1
9930,-35,FFDD,FFDD,-35,0,0.0,0,1
9931,-73,FFB7,FFB7,-73,0,0.0,0,1
9932,59,003B,003B,59,0,0.0,0,1
9933,-25,FFE7,FFE7,-25,0,0.0,0,1
9934,16,0010,0010,16,0,0.0,0,1
9935,67,0043,0043,67,0,0.0,0,1
9936,7,0007,0007,7,0,0.0,0,1
9937,35,0023,0023,35,0,0.0,0,1
9938,44,002C,002C,44,0,0.0,0,1
9939,26,001A,001A,26,0,0.0,0,1
9940,75,004B,004B,75,0,0.0,0,1
9941,-60,FFC4,FFC4,-60,0,0.0,0,1
9942,23,0017,0017,23,0,0.0,0,1
9943,33,0021,0021,33,0,0.0,0,1
9944,-166,FF5A,FF5A,-166,0,0.0,0,1
9945,53,0035,0035,53,0,0.0,0,1
9946,65,0041,0041,65,0,0.0,0,1
9947,-59,FFC5,FFC5,-59,0,0.0,0,1
9948,-83,FFAD,FFAD,-83,0,0.0,0,1
9949,126,007E,007E,126,0,0.0,0,1
9950,92,005C,005C,92,0,0.0,0,1
9951,-92,FFA4,FFA4,-92,0,0.0,0,1
9952,197,00C5,00C5,197,0,0.0,0,1
9953,-72,FFB8,FFB8,-72,0,0.0,0,1
9954,-213,FF2B,FF2B,-213,0,0.0,0,1
9955,-102,FF9A,FF9A,-102,0,0.0,0,1
9956,24,0018,0018,24,0,0.0,0,1
9957,-39,FFD9,FFD9,-39,0,0.0,0,1
9958,-118,FF8A,FF8A,-118,0,0.0,0,1
9959,-111,FF91,FF91,-111,0,0.0,0,1
9960,24,0018,0018,24,0,0.0,0,1
9961,29,001D,001D,29,0,0.0,0,1
9962,38,0026,0026,38,0,0.0,0,1
9963,0,0000,0000,0,0,0.0,0,1
9964,42,002A,002A,42,0,0.0,0,1
9965,41,0029,0029,41,0,0.0,0,1
9966,128,0080,0080,128,0,0.0,0,1
9967,-111,FF91,FF91,-111,0,0.0,0,1
9968,-33,FFDF,FFDF,-33,0,0.0,0,1
9969,250,00FA,00FA,250,0,0.0,0,1
9970,-85,FFAB,FFAB,-85,0,0.0,0,1
9971,92,005C,005C,92,0,0.0,0,1
9972,6,0006,0006,6,0,0.0,0,1
9973,-89,FFA7,FFA7,-89,0,0.0,0,1
9974,116,0074,0074,116,0,0.0,0,1
9975,11,000B,000B,11,0,0.0,0,1
9976,-44,FFD4,FFD4,-44,0,0.0,0,1
9977,-26,FFE6,FFE6,-26,0,0.0,0,1
9978,226,00E2,00E2,226,0,0.0,0,1
9979,-98,FF9E,FF9E,-98,0,0.0,0,1
9980,75,004B,004B,75,0,0.0,0,1
9981,-131,FF7D,FF7D,-131,0,0.0,0,1
9982,-13,FFF3,FFF3,-13,0,0.0,0,1
9983,-72,FFB8,FFB8,-72,0,0.0,0,1
9984,77,004D,004D,77,0,0.0,0,1
9985,49,0031,0031,49,0,0.0,0,1
9986,-60,FFC4,FFC4,-60,0,0.0,0,1
9987,11,000B,000B,11,0,0.0,0,1
9988,-23,FFE9,FFE9,-23,0,0.0,0,1
9989,25,0019,0019,25,0,0.0,0,1
9990,-196,FF3C,FF3C,-196,0,0.0,0,1
9991,-25,FFE7,FFE7,-25,0,0.0,0,1
9992,-96,FFA0,FFA0,-96,0,0.0,0,1
9993,15,000F,000F,15,0,0.0,0,1
9994,-121,FF87,FF87,-121,0,0.0,0,1
9995,-50,FFCE,FFCE,-50,0,0.0,0,1
9996,-76,FFB4,FFB4,-76,0,0.0,0,1
9997,179,00B3,00B3,179,0,0.0,0,1
9998,69,0045,0045,69,0,0.0,0,1
9999,-45,FFD3,FFD3,-45,0,0.0,0,1
