test_id,reference_real,reference_rounded_posit8_hex,reference_rounded_posit8_real,hw_hex,hw_real,abs_error,rel_error,squared_error,exact_match_to_reference_rounded_posit8
0,0.25048828125,10,0.25,0F,0.234375,0.01611328125,0.06432748538011696,0.00025963783264160156,0
1,0.62255859375,28,0.625,28,0.625,0.00244140625,0.00392156862745098,5.9604644775390625e-06,1
2,0.888916015625,39,0.890625,38,0.875,0.013916015625,0.015655039824224115,0.00019365549087524414,0
3,0.84765625,36,0.84375,36,0.84375,0.00390625,0.004608294930875576,1.52587890625e-05,1
4,0.77490234375,32,0.78125,31,0.765625,0.00927734375,0.011972274732199117,8.606910705566406e-05,0
5,-0.072509765625,FB,-0.078125,FB,-0.078125,0.005615234375,0.07744107744107744,3.153085708618164e-05,1
6,0.783935546875,32,0.78125,32,0.78125,0.002685546875,0.003425724073497353,7.212162017822266e-06,1
7,-0.15283203125,F6,-0.15625,F5,-0.171875,0.01904296875,0.12460063897763578,0.00036263465881347656,0
8,1.07421875,42,1.0625,42,1.0625,0.01171875,0.01090909090909091,0.0001373291015625,1
9,0.912353515625,3A,0.90625,3A,0.90625,0.006103515625,0.00668985817500669,3.725290298461914e-05,1
10,-0.9970703125,C0,-1.0,C0,-1.0,0.0029296875,0.002938295788442703,8.58306884765625e-06,1
11,-0.906982421875,C6,-0.90625,C7,-0.890625,0.016357421875,0.0180349932705249,0.0002675652503967285,0
12,-0.03662109375,FE,-0.03125,FE,-0.03125,0.00537109375,0.14666666666666667,2.8848648071289062e-05,1
13,0.756103515625,30,0.75,30,0.75,0.006103515625,0.008072328059412335,3.725290298461914e-05,1
14,-0.108642578125,F9,-0.109375,FA,-0.09375,0.014892578125,0.13707865168539327,0.00022178888320922852,0
15,-0.09033203125,FA,-0.09375,FA,-0.09375,0.00341796875,0.03783783783783784,1.1682510375976562e-05,1
16,-1.26416015625,B8,-1.25,B8,-1.25,0.01416015625,0.011201235998455001,0.00020051002502441406,1
17,-1.170654296875,BB,-1.15625,BA,-1.1875,0.016845703125,0.014389989572471324,0.00028377771377563477,0
18,0.99951171875,40,1.0,3F,0.984375,0.01513671875,0.015144113336590131,0.00022912025451660156,0
19,0.084228515625,05,0.078125,06,0.09375,0.009521484375,0.11304347826086956,9.065866470336914e-05,0
20,0.2841796875,12,0.28125,12,0.28125,0.0029296875,0.010309278350515464,8.58306884765625e-06,1
21,-0.1669921875,F5,-0.171875,F5,-0.171875,0.0048828125,0.029239766081871343,2.384185791015625e-05,1
22,-1.53173828125,AF,-1.53125,AF,-1.53125,0.00048828125,0.000318775900541919,2.384185791015625e-07,1
23,0.21435546875,0E,0.21875,0D,0.203125,0.01123046875,0.05239179954441914,0.00012612342834472656,0
24,0.422119140625,1B,0.421875,19,0.390625,0.031494140625,0.0746096009253904,0.0009918808937072754,0
25,0.968994140625,3E,0.96875,3E,0.96875,0.000244140625,0.0002519526329050139,5.960464477539063e-08,1
26,0.18505859375,0C,0.1875,0C,0.1875,0.00244140625,0.013192612137203167,5.9604644775390625e-06,1
27,0.4716796875,1E,0.46875,1E,0.46875,0.0029296875,0.006211180124223602,8.58306884765625e-06,1
28,2.06689453125,61,2.125,60,2.0,0.06689453125,0.03236475313016773,0.0044748783111572266,0
29,-0.333984375,EB,-0.328125,EC,-0.3125,0.021484375,0.06432748538011696,0.000461578369140625,0
30,0.583984375,25,0.578125,26,0.59375,0.009765625,0.016722408026755852,9.5367431640625e-05,0
31,-0.057861328125,FC,-0.0625,FC,-0.0625,0.004638671875,0.08016877637130802,2.1517276763916016e-05,1
32,-0.5615234375,DC,-0.5625,DC,-0.5625,0.0009765625,0.0017391304347826088,9.5367431640625e-07,1
33,0.178955078125,0B,0.171875,0B,0.171875,0.007080078125,0.03956343792633015,5.0127506256103516e-05,1
34,1.85009765625,5B,1.84375,5C,1.875,0.02490234375,0.013460015835312747,0.0006201267242431641,0
35,-0.82958984375,CB,-0.828125,CB,-0.828125,0.00146484375,0.0017657445556209534,2.1457672119140625e-06,1
36,-0.76806640625,CF,-0.765625,CF,-0.765625,0.00244140625,0.003178639542275906,5.9604644775390625e-06,1
37,-0.27685546875,EE,-0.28125,EE,-0.28125,0.00439453125,0.015873015873015872,1.9311904907226562e-05,1
38,-0.05078125,FD,-0.046875,FD,-0.046875,0.00390625,0.07692307692307693,1.52587890625e-05,1
39,-0.724365234375,D2,-0.71875,D2,-0.71875,0.005615234375,0.007751937984496124,3.153085708618164e-05,1
40,-1.5390625,AF,-1.53125,AF,-1.53125,0.0078125,0.005076142131979695,6.103515625e-05,1
41,-1.3740234375,B4,-1.375,B4,-1.375,0.0009765625,0.0007107320540156361,9.5367431640625e-07,1
42,-1.670654296875,AB,-1.65625,AA,-1.6875,0.016845703125,0.010083296799649276,0.00028377771377563477,0
43,0.0048828125,01,0.015625,00,0.0,0.0048828125,1.0,2.384185791015625e-05,0
44,2.087890625,61,2.125,61,2.125,0.037109375,0.01777362020579981,0.001377105712890625,1
45,-0.107421875,F9,-0.109375,F9,-0.109375,0.001953125,0.01818181818181818,3.814697265625e-06,1
46,-0.515380859375,DF,-0.515625,DF,-0.515625,0.000244140625,0.0004737091425864519,5.960464477539063e-08,1
47,-0.439453125,E4,-0.4375,E4,-0.4375,0.001953125,0.0044444444444444444,3.814697265625e-06,1
48,-1.3994140625,B3,-1.40625,B3,-1.40625,0.0068359375,0.004884856943475227,4.673004150390625e-05,1
49,-1.20361328125,B9,-1.21875,BA,-1.1875,0.01611328125,0.013387423935091278,0.00025963783264160156,0
50,0.732421875,2F,0.734375,2F,0.734375,0.001953125,0.0026666666666666666,3.814697265625e-06,1
51,-1.351806640625,B5,-1.34375,B4,-1.375,0.023193359375,0.01715730540003612,0.0005379319190979004,0
52,-0.144775390625,F7,-0.140625,F7,-0.140625,0.004150390625,0.02866779089376054,1.722574234008789e-05,1
53,-0.16064453125,F6,-0.15625,F5,-0.171875,0.01123046875,0.06990881458966565,0.00012612342834472656,0
54,1.985107421875,60,2.0,60,2.0,0.014892578125,0.007502152256794982,0.00022178888320922852,1
55,1.471435546875,4F,1.46875,50,1.5,0.028564453125,0.019412643106022896,0.0008159279823303223,0
56,1.7685546875,59,1.78125,5A,1.8125,0.0439453125,0.02484815019326339,0.0019311904907226562,0
57,0.83154296875,35,0.828125,34,0.8125,0.01904296875,0.022900763358778626,0.00036263465881347656,0
58,-1.14208984375,BB,-1.15625,BB,-1.15625,0.01416015625,0.012398460880718255,0.00020051002502441406,1
59,-0.85302734375,C9,-0.859375,CA,-0.84375,0.00927734375,0.010875787063537493,8.606910705566406e-05,0
60,-0.296142578125,ED,-0.296875,ED,-0.296875,0.000732421875,0.00247320692497939,5.364418029785156e-07,1
61,0.057861328125,04,0.0625,04,0.0625,0.004638671875,0.08016877637130802,2.1517276763916016e-05,1
62,-0.023193359375,FF,-0.015625,FE,-0.03125,0.008056640625,0.3473684210526316,6.490945816040039e-05,0
63,-1.52587890625,AF,-1.53125,AF,-1.53125,0.00537109375,0.00352,2.8848648071289062e-05,1
64,-0.397216796875,E7,-0.390625,E6,-0.40625,0.009033203125,0.022741241548862937,8.159875869750977e-05,0
65,-1.10498046875,BD,-1.09375,BC,-1.125,0.02001953125,0.018117543084401236,0.00040078163146972656,0
66,-0.43408203125,E4,-0.4375,E5,-0.421875,0.01220703125,0.0281214848143982,0.00014901161193847656,0
67,-0.069580078125,FC,-0.0625,FC,-0.0625,0.007080078125,0.10175438596491228,5.0127506256103516e-05,1
68,1.09521484375,43,1.09375,43,1.09375,0.00146484375,0.0013374944271065537,2.1457672119140625e-06,1
69,1.087646484375,43,1.09375,42,1.0625,0.025146484375,0.023120089786756455,0.0006323456764221191,0
70,0.477783203125,1F,0.484375,1E,0.46875,0.009033203125,0.01890648952478283,8.159875869750977e-05,0
71,-0.386962890625,E7,-0.390625,E7,-0.390625,0.003662109375,0.00946372239747634,1.341104507446289e-05,1
72,0.28662109375,12,0.28125,13,0.296875,0.01025390625,0.03577512776831346,0.00010514259338378906,0
73,-1.165771484375,BB,-1.15625,BA,-1.1875,0.021728515625,0.018638743455497382,0.00047212839126586914,0
74,0.2431640625,10,0.25,0F,0.234375,0.0087890625,0.03614457831325301,7.724761962890625e-05,0
75,0.012939453125,01,0.015625,00,0.0,0.012939453125,1.0,0.00016742944717407227,0
76,-0.99462890625,C0,-1.0,C0,-1.0,0.00537109375,0.005400098183603338,2.8848648071289062e-05,1
77,0.2255859375,0E,0.21875,0F,0.234375,0.0087890625,0.03896103896103896,7.724761962890625e-05,0
78,0.29736328125,13,0.296875,14,0.3125,0.01513671875,0.05090311986863711,0.00022912025451660156,0
79,-1.434326171875,B2,-1.4375,B2,-1.4375,0.003173828125,0.0022127659574468087,1.0073184967041016e-05,1
80,1.273681640625,49,1.28125,48,1.25,0.023681640625,0.018593061146252636,0.0005608201026916504,0
81,1.821533203125,5A,1.8125,5A,1.8125,0.009033203125,0.004959120761292052,8.159875869750977e-05,1
82,-0.816162109375,CC,-0.8125,CD,-0.796875,0.019287109375,0.02363146874065211,0.0003719925880432129,0
83,-0.807373046875,CC,-0.8125,CB,-0.828125,0.020751953125,0.025703054127608104,0.00043064355850219727,0
84,-1.23583984375,B8,-1.25,B8,-1.25,0.01416015625,0.011457921770051362,0.00020051002502441406,1
85,0.420166015625,1B,0.421875,1B,0.421875,0.001708984375,0.004067402672864613,2.9206275939941406e-06,1
86,-0.849365234375,CA,-0.84375,CA,-0.84375,0.005615234375,0.006611095142282265,3.153085708618164e-05,1
87,-0.474365234375,E2,-0.46875,E1,-0.484375,0.010009765625,0.02110138960370561,0.00010019540786743164,0
88,-1.3115234375,B6,-1.3125,B6,-1.3125,0.0009765625,0.0007446016381236039,9.5367431640625e-07,1
89,0.39208984375,19,0.390625,19,0.390625,0.00146484375,0.0037359900373599006,2.1457672119140625e-06,1
90,0.8291015625,35,0.828125,36,0.84375,0.0146484375,0.0176678445229682,0.00021457672119140625,0
91,2.04638671875,60,2.0,60,2.0,0.04638671875,0.022667621092817943,0.0021517276763916016,1
92,0.007568359375,01,0.015625,00,0.0,0.007568359375,1.0,5.728006362915039e-05,0
93,0.009033203125,01,0.015625,01,0.015625,0.006591796875,0.7297297297297297,4.3451786041259766e-05,1
94,-1.9248046875,A2,-1.9375,A2,-1.9375,0.0126953125,0.006595636732623034,0.00016117095947265625,1
95,0.545654296875,23,0.546875,23,0.546875,0.001220703125,0.0022371364653243847,1.4901161193847656e-06,1
96,0.470947265625,1E,0.46875,1F,0.484375,0.013427734375,0.02851218247796786,0.00018030405044555664,0
97,-0.817138671875,CC,-0.8125,CC,-0.8125,0.004638671875,0.005676725425754407,2.1517276763916016e-05,1
98,-0.859619140625,C9,-0.859375,C8,-0.875,0.015380859375,0.017892644135188866,0.0002365708351135254,0
99,-1.5791015625,AD,-1.59375,AE,-1.5625,0.0166015625,0.010513296227581941,0.00027561187744140625,0
100,-0.37109375,E8,-0.375,E8,-0.375,0.00390625,0.010526315789473684,1.52587890625e-05,1
101,0.7216796875,2E,0.71875,2F,0.734375,0.0126953125,0.017591339648173207,0.00016117095947265625,0
102,0.4833984375,1F,0.484375,1E,0.46875,0.0146484375,0.030303030303030304,0.00021457672119140625,0
103,-0.207763671875,F3,-0.203125,F2,-0.21875,0.010986328125,0.052878965922444184,0.00012069940567016602,0
104,3.072998046875,69,3.125,69,3.125,0.052001953125,0.01692222133947724,0.0027042031288146973,1
105,-0.802734375,CD,-0.796875,CD,-0.796875,0.005859375,0.0072992700729927005,3.4332275390625e-05,1
106,0.606201171875,27,0.609375,27,0.609375,0.003173828125,0.005235602094240838,1.0073184967041016e-05,1
107,0.7744140625,32,0.78125,32,0.78125,0.0068359375,0.008827238335435058,4.673004150390625e-05,1
108,0.97900390625,3F,0.984375,3F,0.984375,0.00537109375,0.005486284289276808,2.8848648071289062e-05,1
109,0.716552734375,2E,0.71875,2E,0.71875,0.002197265625,0.0030664395229982964,4.827976226806641e-06,1
110,0.17626953125,0B,0.171875,0B,0.171875,0.00439453125,0.024930747922437674,1.9311904907226562e-05,1
111,-1.582763671875,AD,-1.59375,AE,-1.5625,0.020263671875,0.012802714792534321,0.000410616397857666,0
112,0.091552734375,06,0.09375,05,0.078125,0.013427734375,0.14666666666666667,0.00018030405044555664,0
113,-0.304443359375,ED,-0.296875,EE,-0.28125,0.023193359375,0.07618283881315156,0.0005379319190979004,0
114,-0.341552734375,EA,-0.34375,EA,-0.34375,0.002197265625,0.006433166547533953,4.827976226806641e-06,1
115,-0.694091796875,D4,-0.6875,D3,-0.703125,0.009033203125,0.013014421385860007,8.159875869750977e-05,0
116,0.632080078125,28,0.625,29,0.640625,0.008544921875,0.013518733101583623,7.301568984985352e-05,0
117,0.13134765625,08,0.125,08,0.125,0.00634765625,0.048327137546468404,4.029273986816406e-05,1
118,1.908447265625,5D,1.90625,5C,1.875,0.033447265625,0.017525905078674683,0.0011187195777893066,0
119,1.332763671875,4B,1.34375,4A,1.3125,0.020263671875,0.0152042498626122,0.000410616397857666,0
120,0.13330078125,09,0.140625,08,0.125,0.00830078125,0.06227106227106227,6.890296936035156e-05,0
121,1.029541015625,41,1.03125,40,1.0,0.029541015625,0.02869338392221959,0.0008726716041564941,0
122,-1.342529296875,B5,-1.34375,B5,-1.34375,0.001220703125,0.0009092562284051646,1.4901161193847656e-06,1
123,-0.81201171875,CC,-0.8125,CC,-0.8125,0.00048828125,0.0006013229104028864,2.384185791015625e-07,1
124,-1.636962890625,AC,-1.625,AC,-1.625,0.011962890625,0.007307979120059657,0.0001431107521057129,1
125,-0.1923828125,F4,-0.1875,F4,-0.1875,0.0048828125,0.025380710659898477,2.384185791015625e-05,1
126,1.397216796875,4D,1.40625,4C,1.375,0.022216796875,0.015900751354184867,0.0004935860633850098,0
127,-0.33837890625,EA,-0.34375,EA,-0.34375,0.00537109375,0.015873015873015872,2.8848648071289062e-05,1
128,0.787353515625,32,0.78125,33,0.796875,0.009521484375,0.012093023255813953,9.065866470336914e-05,0
129,-0.381103515625,E8,-0.375,E9,-0.359375,0.021728515625,0.057014734144778985,0.00047212839126586914,0
130,0.951416015625,3D,0.953125,3E,0.96875,0.017333984375,0.01821914293045933,0.00030046701431274414,0
131,1.84033203125,5B,1.84375,5C,1.875,0.03466796875,0.01883788803396126,0.0012018680572509766,0
132,0.8388671875,36,0.84375,35,0.828125,0.0107421875,0.012805587892898719,0.00011539459228515625,0
133,0.12548828125,08,0.125,07,0.109375,0.01611328125,0.12840466926070038,0.00025963783264160156,0
134,1.330322265625,4B,1.34375,4A,1.3125,0.017822265625,0.013396953569462286,0.00031763315200805664,0
135,0.31982421875,14,0.3125,14,0.3125,0.00732421875,0.022900763358778626,5.364418029785156e-05,1
136,-0.56591796875,DC,-0.5625,DC,-0.5625,0.00341796875,0.0060396893874029335,1.1682510375976562e-05,1
137,0.34033203125,16,0.34375,16,0.34375,0.00341796875,0.010043041606886656,1.1682510375976562e-05,1
138,-0.15185546875,F6,-0.15625,F6,-0.15625,0.00439453125,0.028938906752411574,1.9311904907226562e-05,1
139,-0.771484375,CF,-0.765625,CE,-0.78125,0.009765625,0.012658227848101266,9.5367431640625e-05,0
140,0.090576171875,06,0.09375,05,0.078125,0.012451171875,0.13746630727762804,0.00015503168106079102,0
141,0.447265625,1D,0.453125,1C,0.4375,0.009765625,0.021834061135371178,9.5367431640625e-05,0
142,-0.21875,F2,-0.21875,F2,-0.21875,0.0,0.0,0.0,1
143,-1.349609375,B5,-1.34375,B4,-1.375,0.025390625,0.01881331403762663,0.000644683837890625,0
144,-1.60595703125,AD,-1.59375,AC,-1.625,0.01904296875,0.011857707509881422,0.00036263465881347656,0
145,0.300537109375,13,0.296875,14,0.3125,0.011962890625,0.039805036555645816,0.0001431107521057129,0
146,1.31005859375,4A,1.3125,4A,1.3125,0.00244140625,0.0018635855385762206,5.9604644775390625e-06,1
147,-0.155517578125,F6,-0.15625,F6,-0.15625,0.000732421875,0.004709576138147566,5.364418029785156e-07,1
148,1.564697265625,52,1.5625,52,1.5625,0.002197265625,0.0014042752379466376,4.827976226806641e-06,1
149,-1.0751953125,BE,-1.0625,BE,-1.0625,0.0126953125,0.011807447774750226,0.00016117095947265625,1
150,0.5,20,0.5,20,0.5,0.0,0.0,0.0,1
151,2.0341796875,60,2.0,60,2.0,0.0341796875,0.016802688430148822,0.0011682510375976562,1
152,-2.3427734375,9D,-2.375,9D,-2.375,0.0322265625,0.013755731554814505,0.0010385513305664062,1
153,1.04296875,41,1.03125,42,1.0625,0.01953125,0.018726591760299626,0.0003814697265625,0
154,1.56591796875,52,1.5625,52,1.5625,0.00341796875,0.002182725288431556,1.1682510375976562e-05,1
155,-0.953125,C3,-0.953125,C3,-0.953125,0.0,0.0,0.0,1
156,0.049560546875,03,0.046875,03,0.046875,0.002685546875,0.054187192118226604,7.212162017822266e-06,1
157,-0.20458984375,F3,-0.203125,F3,-0.203125,0.00146484375,0.007159904534606206,2.1457672119140625e-06,1
158,-1.48388671875,B1,-1.46875,B2,-1.4375,0.04638671875,0.03126028298782494,0.0021517276763916016,0
159,1.185546875,46,1.1875,46,1.1875,0.001953125,0.0016474464579901153,3.814697265625e-06,1
160,-0.19384765625,F4,-0.1875,F3,-0.203125,0.00927734375,0.04785894206549118,8.606910705566406e-05,0
161,0.50244140625,20,0.5,21,0.515625,0.01318359375,0.026239067055393587,0.00017380714416503906,0
162,-0.06103515625,FC,-0.0625,FC,-0.0625,0.00146484375,0.024,2.1457672119140625e-06,1
163,1.17822265625,46,1.1875,46,1.1875,0.00927734375,0.007874015748031496,8.606910705566406e-05,1
164,-0.708984375,D3,-0.703125,D3,-0.703125,0.005859375,0.008264462809917356,3.4332275390625e-05,1
165,-0.37744140625,E8,-0.375,E8,-0.375,0.00244140625,0.00646830530401035,5.9604644775390625e-06,1
166,1.95703125,5F,1.96875,5E,1.9375,0.01953125,0.00998003992015968,0.0003814697265625,0
167,0.85986328125,37,0.859375,37,0.859375,0.00048828125,0.0005678591709256105,2.384185791015625e-07,1
168,0.574951171875,25,0.578125,25,0.578125,0.003173828125,0.005520169851380042,1.0073184967041016e-05,1
169,0.9443359375,3C,0.9375,3B,0.921875,0.0224609375,0.023784901758014478,0.0005044937133789062,0
170,-1.543212890625,AF,-1.53125,AF,-1.53125,0.011962890625,0.007751937984496124,0.0001431107521057129,1
171,-0.01318359375,FF,-0.015625,FF,-0.015625,0.00244140625,0.18518518518518517,5.9604644775390625e-06,1
172,-0.4296875,E4,-0.4375,E5,-0.421875,0.0078125,0.01818181818181818,6.103515625e-05,0
173,-0.3251953125,EB,-0.328125,EB,-0.328125,0.0029296875,0.009009009009009009,8.58306884765625e-06,1
174,0.20361328125,0D,0.203125,0D,0.203125,0.00048828125,0.002398081534772182,2.384185791015625e-07,1
175,-0.393310546875,E7,-0.390625,E6,-0.40625,0.012939453125,0.032898820608317815,0.00016742944717407227,0
176,0.364013671875,17,0.359375,18,0.375,0.010986328125,0.030181086519114688,0.00012069940567016602,0
177,-0.190673828125,F4,-0.1875,F3,-0.203125,0.012451171875,0.06530089628681178,0.00015503168106079102,0
178,-1.08837890625,BD,-1.09375,BD,-1.09375,0.00537109375,0.00493494840735756,2.8848648071289062e-05,1
179,-0.276123046875,EE,-0.28125,ED,-0.296875,0.020751953125,0.07515473032714412,0.00043064355850219727,0
180,0.18359375,0C,0.1875,0C,0.1875,0.00390625,0.02127659574468085,1.52587890625e-05,1
181,0.54541015625,23,0.546875,22,0.53125,0.01416015625,0.025962399283795883,0.00020051002502441406,0
182,0.6640625,2A,0.65625,2A,0.65625,0.0078125,0.011764705882352941,6.103515625e-05,1
183,-0.00341796875,FF,-0.015625,FF,-0.015625,0.01220703125,3.5714285714285716,0.00014901161193847656,1
184,1.079833984375,43,1.09375,42,1.0625,0.017333984375,0.016052453086140627,0.00030046701431274414,0
185,0.240234375,0F,0.234375,10,0.25,0.009765625,0.04065040650406504,9.5367431640625e-05,0
186,0.462158203125,1E,0.46875,1D,0.453125,0.009033203125,0.01954569466455362,8.159875869750977e-05,0
187,-0.1728515625,F5,-0.171875,F5,-0.171875,0.0009765625,0.005649717514124294,9.5367431640625e-07,1
188,1.02392578125,41,1.03125,40,1.0,0.02392578125,0.023366714353838816,0.0005724430084228516,0
189,0.916748046875,3B,0.921875,3A,0.90625,0.010498046875,0.011451398135818908,0.00011020898818969727,0
190,0.1728515625,0B,0.171875,0C,0.1875,0.0146484375,0.0847457627118644,0.00021457672119140625,0
191,0.82421875,35,0.828125,34,0.8125,0.01171875,0.014218009478672985,0.0001373291015625,0
192,0.797119140625,33,0.796875,31,0.765625,0.031494140625,0.03950995405819296,0.0009918808937072754,0
193,-0.141845703125,F7,-0.140625,F8,-0.125,0.016845703125,0.11876075731497418,0.00028377771377563477,0
194,-0.14599609375,F7,-0.140625,F6,-0.15625,0.01025390625,0.07023411371237458,0.00010514259338378906,0
195,-0.24267578125,F0,-0.25,EF,-0.265625,0.02294921875,0.09456740442655935,0.0005266666412353516,0
196,1.2294921875,47,1.21875,48,1.25,0.0205078125,0.016679904686258934,0.00042057037353515625,0
197,0.90380859375,3A,0.90625,3A,0.90625,0.00244140625,0.002701242571582928,5.9604644775390625e-06,1
198,-0.29296875,ED,-0.296875,EE,-0.28125,0.01171875,0.04,0.0001373291015625,0
199,-0.0400390625,FD,-0.046875,FD,-0.046875,0.0068359375,0.17073170731707318,4.673004150390625e-05,1
200,0.323486328125,15,0.328125,16,0.34375,0.020263671875,0.06264150943396227,0.000410616397857666,0
201,0.641845703125,29,0.640625,2A,0.65625,0.014404296875,0.022441993153290225,0.00020748376846313477,0
202,0.903564453125,3A,0.90625,3B,0.921875,0.018310546875,0.02026479329910835,0.00033527612686157227,0
203,0.277099609375,12,0.28125,12,0.28125,0.004150390625,0.014977973568281937,1.722574234008789e-05,1
204,0.237060546875,0F,0.234375,0F,0.234375,0.002685546875,0.01132852729145211,7.212162017822266e-06,1
205,-0.333984375,EB,-0.328125,EA,-0.34375,0.009765625,0.029239766081871343,9.5367431640625e-05,0
206,-0.515380859375,DF,-0.515625,DF,-0.515625,0.000244140625,0.0004737091425864519,5.960464477539063e-08,1
207,-0.170166015625,F5,-0.171875,F6,-0.15625,0.013916015625,0.08177905308464849,0.00019365549087524414,0
208,-1.117919921875,BC,-1.125,BC,-1.125,0.007080078125,0.0063332605372352045,5.0127506256103516e-05,1
209,-0.271240234375,EF,-0.265625,F0,-0.25,0.021240234375,0.0783078307830783,0.00045114755630493164,0
210,0.503662109375,20,0.5,21,0.515625,0.011962890625,0.02375181774115366,0.0001431107521057129,0
211,-1.353759765625,B5,-1.34375,B5,-1.34375,0.010009765625,0.00739404869251578,0.00010019540786743164,1
212,-0.20654296875,F3,-0.203125,F3,-0.203125,0.00341796875,0.016548463356973995,1.1682510375976562e-05,1
213,-1.583984375,AD,-1.59375,AE,-1.5625,0.021484375,0.013563501849568433,0.000461578369140625,0
214,0.37841796875,18,0.375,19,0.390625,0.01220703125,0.03225806451612903,0.00014901161193847656,0
215,-0.93310546875,C4,-0.9375,C4,-0.9375,0.00439453125,0.004709576138147566,1.9311904907226562e-05,1
216,-1.497802734375,B0,-1.5,AF,-1.53125,0.033447265625,0.022330888345558273,0.0011187195777893066,0
217,-1.251953125,B8,-1.25,B8,-1.25,0.001953125,0.0015600624024961,3.814697265625e-06,1
218,1.176513671875,46,1.1875,46,1.1875,0.010986328125,0.009338036937123885,0.00012069940567016602,1
219,-0.36474609375,E9,-0.359375,E8,-0.375,0.01025390625,0.028112449799196786,0.00010514259338378906,0
220,0.580810546875,25,0.578125,26,0.59375,0.012939453125,0.022278268179907523,0.00016742944717407227,0
221,-0.66259765625,D6,-0.65625,D5,-0.671875,0.00927734375,0.01400147383935151,8.606910705566406e-05,0
222,0.11279296875,07,0.109375,07,0.109375,0.00341796875,0.030303030303030304,1.1682510375976562e-05,1
223,1.1015625,43,1.09375,43,1.09375,0.0078125,0.0070921985815602835,6.103515625e-05,1
224,-0.833740234375,CB,-0.828125,CA,-0.84375,0.010009765625,0.012005856515373352,0.00010019540786743164,0
225,-1.01904296875,BF,-1.03125,C0,-1.0,0.01904296875,0.018687110685194058,0.00036263465881347656,0
226,0.91748046875,3B,0.921875,3A,0.90625,0.01123046875,0.012240553485896753,0.00012612342834472656,0
227,-1.41845703125,B3,-1.40625,B4,-1.375,0.04345703125,0.0306368330464716,0.0018885135650634766,0
228,-0.248779296875,F0,-0.25,F0,-0.25,0.001220703125,0.004906771344455349,1.4901161193847656e-06,1
229,0.3232421875,15,0.328125,15,0.328125,0.0048828125,0.015105740181268883,2.384185791015625e-05,1
230,0.093017578125,06,0.09375,06,0.09375,0.000732421875,0.007874015748031496,5.364418029785156e-07,1
231,-0.98193359375,C1,-0.984375,C0,-1.0,0.01806640625,0.018398806563898557,0.00032639503479003906,0
232,-0.835205078125,CB,-0.828125,CB,-0.828125,0.007080078125,0.008477053493130663,5.0127506256103516e-05,1
233,-1.079833984375,BD,-1.09375,BE,-1.0625,0.017333984375,0.016052453086140627,0.00030046701431274414,0
234,-0.04638671875,FD,-0.046875,FD,-0.046875,0.00048828125,0.010526315789473684,2.384185791015625e-07,1
235,-0.74609375,D0,-0.75,D0,-0.75,0.00390625,0.005235602094240838,1.52587890625e-05,1
236,0.052490234375,03,0.046875,04,0.0625,0.010009765625,0.19069767441860466,0.00010019540786743164,0
237,-0.4736328125,E2,-0.46875,E2,-0.46875,0.0048828125,0.010309278350515464,2.384185791015625e-05,1
238,1.083740234375,43,1.09375,42,1.0625,0.021240234375,0.01959900878576256,0.00045114755630493164,0
239,-0.453125,E3,-0.453125,E3,-0.453125,0.0,0.0,0.0,1
240,-0.21630859375,F2,-0.21875,F2,-0.21875,0.00244140625,0.011286681715575621,5.9604644775390625e-06,1
241,0.232421875,0F,0.234375,10,0.25,0.017578125,0.07563025210084033,0.000308990478515625,0
242,-0.424072265625,E5,-0.421875,E5,-0.421875,0.002197265625,0.0051813471502590676,4.827976226806641e-06,1
243,-0.956787109375,C3,-0.953125,C2,-0.96875,0.011962890625,0.012503189589180914,0.0001431107521057129,0
244,0.47998046875,1F,0.484375,1F,0.484375,0.00439453125,0.009155645981688708,1.9311904907226562e-05,1
245,0.37841796875,18,0.375,19,0.390625,0.01220703125,0.03225806451612903,0.00014901161193847656,0
246,-0.6904296875,D4,-0.6875,D4,-0.6875,0.0029296875,0.004243281471004243,8.58306884765625e-06,1
247,-0.500244140625,E0,-0.5,E0,-0.5,0.000244140625,0.0004880429477794046,5.960464477539063e-08,1
248,0.869384765625,38,0.875,37,0.859375,0.010009765625,0.011513619769727604,0.00010019540786743164,0
249,-0.1201171875,F8,-0.125,F9,-0.109375,0.0107421875,0.08943089430894309,0.00011539459228515625,0
250,-0.853271484375,C9,-0.859375,CA,-0.84375,0.009521484375,0.011158798283261802,9.065866470336914e-05,0
251,0.782958984375,32,0.78125,33,0.796875,0.013916015625,0.01777362020579981,0.00019365549087524414,0
252,2.095458984375,61,2.125,61,2.125,0.029541015625,0.014097634859606198,0.0008726716041564941,1
253,-0.925537109375,C5,-0.921875,C5,-0.921875,0.003662109375,0.003956739646531258,1.341104507446289e-05,1
254,-0.58544921875,DB,-0.578125,DA,-0.59375,0.00830078125,0.014178482068390326,6.890296936035156e-05,0
255,-1.06982421875,BE,-1.0625,BE,-1.0625,0.00732421875,0.006846188954815153,5.364418029785156e-05,1
256,-1.490478515625,B0,-1.5,B0,-1.5,0.009521484375,0.0063882063882063885,9.065866470336914e-05,1
257,0.580322265625,25,0.578125,26,0.59375,0.013427734375,0.023138409760201935,0.00018030405044555664,0
258,-0.24609375,F0,-0.25,F1,-0.234375,0.01171875,0.047619047619047616,0.0001373291015625,0
259,0.903564453125,3A,0.90625,3A,0.90625,0.002685546875,0.0029721696838692245,7.212162017822266e-06,1
260,-0.19873046875,F3,-0.203125,F4,-0.1875,0.01123046875,0.056511056511056514,0.00012612342834472656,0
261,-0.21240234375,F2,-0.21875,F2,-0.21875,0.00634765625,0.029885057471264367,4.029273986816406e-05,1
262,-0.231689453125,F1,-0.234375,F1,-0.234375,0.002685546875,0.011591148577449948,7.212162017822266e-06,1
263,0.441650390625,1C,0.4375,1C,0.4375,0.004150390625,0.009397457158651189,1.722574234008789e-05,1
264,-1.25830078125,B8,-1.25,B8,-1.25,0.00830078125,0.006596818005432673,6.890296936035156e-05,1
265,-0.8955078125,C7,-0.890625,C7,-0.890625,0.0048828125,0.0054525627044711015,2.384185791015625e-05,1
266,0.487060546875,1F,0.484375,1F,0.484375,0.002685546875,0.005513784461152882,7.212162017822266e-06,1
267,-1.755859375,A8,-1.75,A8,-1.75,0.005859375,0.0033370411568409346,3.4332275390625e-05,1
268,0.060546875,04,0.0625,03,0.046875,0.013671875,0.22580645161290322,0.000186920166015625,0
269,-0.33984375,EA,-0.34375,EA,-0.34375,0.00390625,0.011494252873563218,1.52587890625e-05,1
270,-0.385986328125,E7,-0.390625,E7,-0.390625,0.004638671875,0.012017710309930424,2.1517276763916016e-05,1
271,-0.05126953125,FD,-0.046875,FE,-0.03125,0.02001953125,0.3904761904761905,0.00040078163146972656,0
272,0.599609375,26,0.59375,25,0.578125,0.021484375,0.035830618892508145,0.000461578369140625,0
273,-1.306640625,B6,-1.3125,B6,-1.3125,0.005859375,0.004484304932735426,3.4332275390625e-05,1
274,0.240234375,0F,0.234375,0F,0.234375,0.005859375,0.024390243902439025,3.4332275390625e-05,1
275,0.050048828125,03,0.046875,03,0.046875,0.003173828125,0.06341463414634146,1.0073184967041016e-05,1
276,-0.376220703125,E8,-0.375,E8,-0.375,0.001220703125,0.003244646333549643,1.4901161193847656e-06,1
277,0.127197265625,08,0.125,08,0.125,0.002197265625,0.01727447216890595,4.827976226806641e-06,1
278,0.319091796875,14,0.3125,14,0.3125,0.006591796875,0.020657995409334353,4.3451786041259766e-05,1
279,0.30859375,14,0.3125,13,0.296875,0.01171875,0.0379746835443038,0.0001373291015625,0
280,0.68017578125,2C,0.6875,2B,0.671875,0.00830078125,0.012203876525484566,6.890296936035156e-05,0
281,-0.138916015625,F7,-0.140625,F7,-0.140625,0.001708984375,0.012302284710017574,2.9206275939941406e-06,1
282,0.20068359375,0D,0.203125,0C,0.1875,0.01318359375,0.06569343065693431,0.00017380714416503906,0
283,0.631591796875,28,0.625,28,0.625,0.006591796875,0.010436799381522999,4.3451786041259766e-05,1
284,0.842041015625,36,0.84375,36,0.84375,0.001708984375,0.002029573789504204,2.9206275939941406e-06,1
285,-0.21923828125,F2,-0.21875,F2,-0.21875,0.00048828125,0.0022271714922048997,2.384185791015625e-07,1
286,-0.2392578125,F1,-0.234375,F0,-0.25,0.0107421875,0.044897959183673466,0.00011539459228515625,0
287,-0.18896484375,F4,-0.1875,F4,-0.1875,0.00146484375,0.007751937984496124,2.1457672119140625e-06,1
288,-2.478271484375,9C,-2.5,9C,-2.5,0.021728515625,0.008767609102551473,0.00047212839126586914,1
289,0.0546875,04,0.0625,04,0.0625,0.0078125,0.14285714285714285,6.103515625e-05,1
290,0.118896484375,08,0.125,08,0.125,0.006103515625,0.0513347022587269,3.725290298461914e-05,1
291,0.518310546875,21,0.515625,21,0.515625,0.002685546875,0.0051813471502590676,7.212162017822266e-06,1
292,0.5009765625,20,0.5,21,0.515625,0.0146484375,0.029239766081871343,0.00021457672119140625,0
293,0.229248046875,0F,0.234375,0F,0.234375,0.005126953125,0.022364217252396165,2.6285648345947266e-05,1
294,0.184814453125,0C,0.1875,0B,0.171875,0.012939453125,0.07001321003963012,0.00016742944717407227,0
295,0.385986328125,19,0.390625,18,0.375,0.010986328125,0.028462998102466792,0.00012069940567016602,0
296,-0.002197265625,FF,-0.015625,00,0.0,0.002197265625,1.0,4.827976226806641e-06,0
297,-1.564208984375,AE,-1.5625,AE,-1.5625,0.001708984375,0.0010925550179491181,2.9206275939941406e-06,1
298,-0.191650390625,F4,-0.1875,F4,-0.1875,0.004150390625,0.02165605095541401,1.722574234008789e-05,1
299,-0.455322265625,E3,-0.453125,E4,-0.4375,0.017822265625,0.039142091152815014,0.00031763315200805664,0
300,1.00927734375,40,1.0,40,1.0,0.00927734375,0.009192065795839382,8.606910705566406e-05,1
301,1.4521484375,4E,1.4375,4E,1.4375,0.0146484375,0.010087424344317418,0.00021457672119140625,1
302,-0.0859375,FA,-0.09375,FB,-0.078125,0.0078125,0.09090909090909091,6.103515625e-05,0
303,-1.696533203125,AA,-1.6875,AA,-1.6875,0.009033203125,0.005324507123327098,8.159875869750977e-05,1
304,0.7978515625,33,0.796875,33,0.796875,0.0009765625,0.0012239902080783353,9.5367431640625e-07,1
305,-1.43359375,B2,-1.4375,B2,-1.4375,0.00390625,0.0027247956403269754,1.52587890625e-05,1
306,1.0732421875,42,1.0625,42,1.0625,0.0107421875,0.010009099181073703,0.00011539459228515625,1
307,0.173828125,0B,0.171875,0B,0.171875,0.001953125,0.011235955056179775,3.814697265625e-06,1
308,-0.99072265625,C1,-0.984375,C0,-1.0,0.00927734375,0.009364218827008379,8.606910705566406e-05,0
309,-0.8623046875,C9,-0.859375,C8,-0.875,0.0126953125,0.014722536806342015,0.00016117095947265625,0
310,0.58740234375,26,0.59375,27,0.609375,0.02197265625,0.03740648379052369,0.00048279762268066406,0
311,-1.096923828125,BD,-1.09375,BD,-1.09375,0.003173828125,0.0028933897173380814,1.0073184967041016e-05,1
312,-0.42626953125,E5,-0.421875,E5,-0.421875,0.00439453125,0.010309278350515464,1.9311904907226562e-05,1
313,-0.236083984375,F1,-0.234375,F2,-0.21875,0.017333984375,0.0734229576008273,0.00030046701431274414,0
314,-0.407958984375,E6,-0.40625,E6,-0.40625,0.001708984375,0.004189108318372232,2.9206275939941406e-06,1
315,-0.214111328125,F2,-0.21875,F3,-0.203125,0.010986328125,0.05131128848346636,0.00012069940567016602,0
316,1.9912109375,60,2.0,60,2.0,0.0087890625,0.004413928396272682,7.724761962890625e-05,1
317,0.771728515625,31,0.765625,32,0.78125,0.009521484375,0.012337867763366024,9.065866470336914e-05,0
318,-1.508544921875,B0,-1.5,B0,-1.5,0.008544921875,0.005664346981712251,7.301568984985352e-05,1
319,-0.015380859375,FF,-0.015625,FE,-0.03125,0.015869140625,1.0317460317460319,0.0002518296241760254,0
320,-0.80078125,CD,-0.796875,CE,-0.78125,0.01953125,0.024390243902439025,0.0003814697265625,0
321,0.992919921875,40,1.0,3F,0.984375,0.008544921875,0.008605851979345954,7.301568984985352e-05,0
322,-0.76708984375,CF,-0.765625,CF,-0.765625,0.00146484375,0.0019096117122851686,2.1457672119140625e-06,1
323,0.142578125,09,0.140625,09,0.140625,0.001953125,0.0136986301369863,3.814697265625e-06,1
324,-0.745849609375,D0,-0.75,D0,-0.75,0.004150390625,0.005564648117839607,1.722574234008789e-05,1
325,0.2587890625,11,0.265625,11,0.265625,0.0068359375,0.026415094339622643,4.673004150390625e-05,1
326,-1.51708984375,AF,-1.53125,B0,-1.5,0.01708984375,0.01126488574187319,0.00029206275939941406,0
327,-1.060791015625,BE,-1.0625,BE,-1.0625,0.001708984375,0.001611047180667434,2.9206275939941406e-06,1
328,0.396728515625,19,0.390625,19,0.390625,0.006103515625,0.015384615384615385,3.725290298461914e-05,1
329,0.500732421875,20,0.5,20,0.5,0.000732421875,0.0014627011214041932,5.364418029785156e-07,1
330,1.126708984375,44,1.125,44,1.125,0.001708984375,0.0015167930660888408,2.9206275939941406e-06,1
331,-0.041015625,FD,-0.046875,FD,-0.046875,0.005859375,0.14285714285714285,3.4332275390625e-05,1
332,0.46728515625,1E,0.46875,1D,0.453125,0.01416015625,0.030303030303030304,0.00020051002502441406,0
333,0.60009765625,26,0.59375,26,0.59375,0.00634765625,0.010577705451586655,4.029273986816406e-05,1
334,-0.6279296875,D8,-0.625,D9,-0.609375,0.0185546875,0.029548989113530325,0.00034427642822265625,0
335,-1.696044921875,AA,-1.6875,AA,-1.6875,0.008544921875,0.0050381459622858785,7.301568984985352e-05,1
336,0.85595703125,37,0.859375,37,0.859375,0.00341796875,0.003993154592127781,1.1682510375976562e-05,1
337,0.964111328125,3E,0.96875,3D,0.953125,0.010986328125,0.01139528994682198,0.00012069940567016602,0
338,-2.232421875,9E,-2.25,9E,-2.25,0.017578125,0.007874015748031496,0.000308990478515625,1
339,0.34130859375,16,0.34375,17,0.359375,0.01806640625,0.05293276108726753,0.00032639503479003906,0
340,-0.671875,D5,-0.671875,D5,-0.671875,0.0,0.0,0.0,1
341,0.135009765625,09,0.140625,09,0.140625,0.005615234375,0.04159132007233273,3.153085708618164e-05,1
342,0.267578125,11,0.265625,12,0.28125,0.013671875,0.051094890510948905,0.000186920166015625,0
343,0.49169921875,1F,0.484375,20,0.5,0.00830078125,0.016881827209533268,6.890296936035156e-05,0
344,0.764404296875,31,0.765625,32,0.78125,0.016845703125,0.022037687639731716,0.00028377771377563477,0
345,-0.820068359375,CC,-0.8125,CB,-0.828125,0.008056640625,0.009824352485858886,6.490945816040039e-05,0
346,-2.391845703125,9D,-2.375,9D,-2.375,0.016845703125,0.00704297233847096,0.00028377771377563477,1
347,-0.67529296875,D5,-0.671875,D5,-0.671875,0.00341796875,0.005061460592913955,1.1682510375976562e-05,1
348,0.906005859375,3A,0.90625,39,0.890625,0.015380859375,0.016976556184316895,0.0002365708351135254,0
349,-0.92822265625,C5,-0.921875,C5,-0.921875,0.00634765625,0.006838506049447659,4.029273986816406e-05,1
350,1.30029296875,4A,1.3125,4A,1.3125,0.01220703125,0.00938790837401427,0.00014901161193847656,1
351,-1.693359375,AA,-1.6875,AA,-1.6875,0.005859375,0.0034602076124567475,3.4332275390625e-05,1
352,-1.73193359375,A9,-1.71875,A8,-1.75,0.01806640625,0.010431350436989005,0.00032639503479003906,0
353,-1.048095703125,BE,-1.0625,BE,-1.0625,0.014404296875,0.013743303051479153,0.00020748376846313477,1
354,-0.47216796875,E2,-0.46875,E2,-0.46875,0.00341796875,0.007238883143743537,1.1682510375976562e-05,1
355,0.14501953125,09,0.140625,09,0.140625,0.00439453125,0.030303030303030304,1.9311904907226562e-05,1
356,-0.787353515625,CE,-0.78125,CD,-0.796875,0.009521484375,0.012093023255813953,9.065866470336914e-05,0
357,-0.124267578125,F8,-0.125,F8,-0.125,0.000732421875,0.005893909626719057,5.364418029785156e-07,1
358,-0.707275390625,D3,-0.703125,D3,-0.703125,0.004150390625,0.005868139454608215,1.722574234008789e-05,1
359,0.8095703125,34,0.8125,35,0.828125,0.0185546875,0.022919179734620022,0.00034427642822265625,0
360,-0.211669921875,F2,-0.21875,F2,-0.21875,0.007080078125,0.03344867358708189,5.0127506256103516e-05,1
361,-1.284423828125,B7,-1.28125,B7,-1.28125,0.003173828125,0.0024710131153773047,1.0073184967041016e-05,1
362,0.400146484375,1A,0.40625,1A,0.40625,0.006103515625,0.01525320317266626,3.725290298461914e-05,1
363,0.281005859375,12,0.28125,12,0.28125,0.000244140625,0.0008688097306689834,5.960464477539063e-08,1
364,1.327392578125,4A,1.3125,4A,1.3125,0.014892578125,0.011219422475629943,0.00022178888320922852,1
365,0.21826171875,0E,0.21875,0E,0.21875,0.00048828125,0.0022371364653243847,2.384185791015625e-07,1
366,-0.9580078125,C3,-0.953125,C3,-0.953125,0.0048828125,0.0050968399592252805,2.384185791015625e-05,1
367,-0.280517578125,EE,-0.28125,EE,-0.28125,0.000732421875,0.0026109660574412533,5.364418029785156e-07,1
368,-0.177490234375,F5,-0.171875,F5,-0.171875,0.005615234375,0.03163686382393398,3.153085708618164e-05,1
369,0.21826171875,0E,0.21875,0E,0.21875,0.00048828125,0.0022371364653243847,2.384185791015625e-07,1
370,0.083251953125,05,0.078125,05,0.078125,0.005126953125,0.06158357771260997,2.6285648345947266e-05,1
371,-0.9326171875,C4,-0.9375,C4,-0.9375,0.0048828125,0.005235602094240838,2.384185791015625e-05,1
372,1.23193359375,47,1.21875,48,1.25,0.01806640625,0.01466508125247721,0.00032639503479003906,0
373,-0.066650390625,FC,-0.0625,FB,-0.078125,0.011474609375,0.17216117216117216,0.0001316666603088379,0
374,-0.761962890625,CF,-0.765625,D0,-0.75,0.011962890625,0.015700096123037487,0.0001431107521057129,0
375,-1.51953125,AF,-1.53125,B0,-1.5,0.01953125,0.012853470437017995,0.0003814697265625,0
376,0.1865234375,0C,0.1875,0C,0.1875,0.0009765625,0.005235602094240838,9.5367431640625e-07,1
377,0.404541015625,1A,0.40625,19,0.390625,0.013916015625,0.0343995171997586,0.00019365549087524414,0
378,0.35791015625,17,0.359375,18,0.375,0.01708984375,0.047748976807639835,0.00029206275939941406,0
379,1.1201171875,44,1.125,44,1.125,0.0048828125,0.004359197907585004,2.384185791015625e-05,1
380,-2.20703125,9E,-2.25,9E,-2.25,0.04296875,0.019469026548672566,0.0018463134765625,1
381,-1.27587890625,B7,-1.28125,B8,-1.25,0.02587890625,0.020283199387677,0.0006697177886962891,0
382,-0.43359375,E4,-0.4375,E5,-0.421875,0.01171875,0.02702702702702703,0.0001373291015625,0
383,2.18212890625,61,2.125,62,2.25,0.06787109375,0.03110315506824793,0.004606485366821289,0
384,0.4248046875,1B,0.421875,1B,0.421875,0.0029296875,0.006896551724137931,8.58306884765625e-06,1
385,-0.253662109375,F0,-0.25,F0,-0.25,0.003662109375,0.014436958614051972,1.341104507446289e-05,1
386,0.82373046875,35,0.828125,34,0.8125,0.01123046875,0.013633669235328987,0.00012612342834472656,0
387,-0.41162109375,E6,-0.40625,E6,-0.40625,0.00537109375,0.013048635824436536,2.8848648071289062e-05,1
388,0.06396484375,04,0.0625,03,0.046875,0.01708984375,0.26717557251908397,0.00029206275939941406,0
389,0.579833984375,25,0.578125,24,0.5625,0.017333984375,0.029894736842105262,0.00030046701431274414,0
390,-1.86376953125,A4,-1.875,A4,-1.875,0.01123046875,0.006025674613570867,0.00012612342834472656,1
391,0.54052734375,23,0.546875,22,0.53125,0.00927734375,0.017163504968383016,8.606910705566406e-05,0
392,1.0,40,1.0,40,1.0,0.0,0.0,0.0,1
393,1.150390625,45,1.15625,44,1.125,0.025390625,0.022071307300509338,0.000644683837890625,0
394,-1.802734375,A6,-1.8125,A6,-1.8125,0.009765625,0.005417118093174431,9.5367431640625e-05,1
395,1.27490234375,49,1.28125,49,1.28125,0.00634765625,0.00497893527384144,4.029273986816406e-05,1
396,0.017578125,01,0.015625,01,0.015625,0.001953125,0.1111111111111111,3.814697265625e-06,1
397,1.7080078125,57,1.71875,56,1.6875,0.0205078125,0.012006861063464836,0.00042057037353515625,0
398,0.06396484375,04,0.0625,05,0.078125,0.01416015625,0.22137404580152673,0.00020051002502441406,0
399,1.665771484375,55,1.65625,55,1.65625,0.009521484375,0.0057159607210904295,9.065866470336914e-05,1
400,0.77294921875,31,0.765625,32,0.78125,0.00830078125,0.010739102969046115,6.890296936035156e-05,0
401,-0.64892578125,D6,-0.65625,D7,-0.640625,0.00830078125,0.012791572610985704,6.890296936035156e-05,0
402,1.6669921875,55,1.65625,56,1.6875,0.0205078125,0.012302284710017574,0.00042057037353515625,0
403,-0.5087890625,DF,-0.515625,DE,-0.53125,0.0224609375,0.044145873320537425,0.0005044937133789062,0
404,-0.70849609375,D3,-0.703125,D2,-0.71875,0.01025390625,0.014472777394900068,0.00010514259338378906,0
405,1.582763671875,53,1.59375,53,1.59375,0.010986328125,0.006941230911614993,0.00012069940567016602,1
406,0.051025390625,03,0.046875,03,0.046875,0.004150390625,0.08133971291866028,1.722574234008789e-05,1
407,-0.149169921875,F6,-0.15625,F7,-0.140625,0.008544921875,0.057283142389525366,7.301568984985352e-05,0
408,0.184326171875,0C,0.1875,0D,0.203125,0.018798828125,0.10198675496688742,0.000353395938873291,0
409,-1.551025390625,AE,-1.5625,AF,-1.53125,0.019775390625,0.012749881945537542,0.0003910660743713379,0
410,0.242919921875,10,0.25,0F,0.234375,0.008544921875,0.035175879396984924,7.301568984985352e-05,0
411,0.117919921875,08,0.125,08,0.125,0.007080078125,0.060041407867494824,5.0127506256103516e-05,1
412,1.108642578125,43,1.09375,44,1.125,0.016357421875,0.01475445937018278,0.0002675652503967285,0
413,-0.09423828125,FA,-0.09375,F9,-0.109375,0.01513671875,0.16062176165803108,0.00022912025451660156,0
414,2.0244140625,60,2.0,60,2.0,0.0244140625,0.0120598166907863,0.0005960464477539062,1
415,-0.760009765625,CF,-0.765625,D0,-0.75,0.010009765625,0.013170575008030838,0.00010019540786743164,0
416,0.89892578125,3A,0.90625,3B,0.921875,0.02294921875,0.025529603476371537,0.0005266666412353516,0
417,1.42822265625,4E,1.4375,4E,1.4375,0.00927734375,0.006495726495726496,8.606910705566406e-05,1
418,-0.5234375,DE,-0.53125,DE,-0.53125,0.0078125,0.014925373134328358,6.103515625e-05,1
419,1.23291015625,47,1.21875,48,1.25,0.01708984375,0.013861386138613862,0.00029206275939941406,0
420,-0.6728515625,D5,-0.671875,D5,-0.671875,0.0009765625,0.001451378809869376,9.5367431640625e-07,1
421,0.82861328125,35,0.828125,36,0.84375,0.01513671875,0.018267530936947555,0.00022912025451660156,0
422,-0.755126953125,D0,-0.75,CF,-0.765625,0.010498046875,0.013902360168121564,0.00011020898818969727,0
423,-0.97412109375,C2,-0.96875,C2,-0.96875,0.00537109375,0.005513784461152882,2.8848648071289062e-05,1
424,-0.381103515625,E8,-0.375,E8,-0.375,0.006103515625,0.016015374759769378,3.725290298461914e-05,1
425,0.244140625,10,0.25,10,0.25,0.005859375,0.024,3.4332275390625e-05,1
426,-0.51708984375,DF,-0.515625,DF,-0.515625,0.00146484375,0.0028328611898017,2.1457672119140625e-06,1
427,0.690185546875,2C,0.6875,2C,0.6875,0.002685546875,0.0038910505836575876,7.212162017822266e-06,1
428,0.968017578125,3E,0.96875,3F,0.984375,0.016357421875,0.016897856242118536,0.0002675652503967285,0
429,0.11083984375,07,0.109375,08,0.125,0.01416015625,0.1277533039647577,0.00020051002502441406,0
430,1.230224609375,47,1.21875,48,1.25,0.019775390625,0.01607461797975789,0.0003910660743713379,0
431,-1.384765625,B4,-1.375,B4,-1.375,0.009765625,0.007052186177715092,9.5367431640625e-05,1
432,-0.187255859375,F4,-0.1875,F4,-0.1875,0.000244140625,0.001303780964797914,5.960464477539063e-08,1
433,-0.352294921875,E9,-0.359375,EA,-0.34375,0.008544921875,0.024255024255024255,7.301568984985352e-05,0
434,-0.44921875,E3,-0.453125,E2,-0.46875,0.01953125,0.043478260869565216,0.0003814697265625,0
435,-0.2822265625,EE,-0.28125,EE,-0.28125,0.0009765625,0.0034602076124567475,9.5367431640625e-07,1
436,-0.8134765625,CC,-0.8125,CB,-0.828125,0.0146484375,0.01800720288115246,0.00021457672119140625,0
437,0.41162109375,1A,0.40625,1B,0.421875,0.01025390625,0.02491103202846975,0.00010514259338378906,0
438,0.626953125,28,0.625,28,0.625,0.001953125,0.003115264797507788,3.814697265625e-06,1
439,-0.738037109375,D1,-0.734375,D1,-0.734375,0.003662109375,0.004961958319550115,1.341104507446289e-05,1
440,0.173828125,0B,0.171875,0B,0.171875,0.001953125,0.011235955056179775,3.814697265625e-06,1
441,-1.56298828125,AE,-1.5625,AE,-1.5625,0.00048828125,0.00031240237425804435,2.384185791015625e-07,1
442,0.196533203125,0D,0.203125,0D,0.203125,0.006591796875,0.03354037267080745,4.3451786041259766e-05,1
443,0.68310546875,2C,0.6875,2B,0.671875,0.01123046875,0.016440314510364547,0.00012612342834472656,0
444,0.18798828125,0C,0.1875,0C,0.1875,0.00048828125,0.0025974025974025974,2.384185791015625e-07,1
445,-0.215576171875,F2,-0.21875,F3,-0.203125,0.012451171875,0.057757644394110984,0.00015503168106079102,0
446,1.861083984375,5C,1.875,5B,1.84375,0.017333984375,0.009313918404827495,0.00030046701431274414,0
447,0.230224609375,0F,0.234375,0F,0.234375,0.004150390625,0.018027571580063628,1.722574234008789e-05,1
448,0.85009765625,36,0.84375,36,0.84375,0.00634765625,0.007466973004020678,4.029273986816406e-05,1
449,0.3662109375,17,0.359375,18,0.375,0.0087890625,0.024,7.724761962890625e-05,0
450,-0.97216796875,C2,-0.96875,C1,-0.984375,0.01220703125,0.012556504269211451,0.00014901161193847656,0
451,0.650634765625,2A,0.65625,29,0.640625,0.010009765625,0.015384615384615385,0.00010019540786743164,0
452,-0.1826171875,F4,-0.1875,F4,-0.1875,0.0048828125,0.026737967914438502,2.384185791015625e-05,1
453,0.882080078125,38,0.875,38,0.875,0.007080078125,0.008026570716855799,5.0127506256103516e-05,1
454,-0.106201171875,F9,-0.109375,F9,-0.109375,0.003173828125,0.029885057471264367,1.0073184967041016e-05,1
455,1.148681640625,45,1.15625,44,1.125,0.023681640625,0.020616365568544102,0.0005608201026916504,0
456,1.20556640625,47,1.21875,46,1.1875,0.01806640625,0.014985824220332119,0.00032639503479003906,0
457,0.351806640625,17,0.359375,18,0.375,0.023193359375,0.0659264399722415,0.0005379319190979004,0
458,1.042724609375,41,1.03125,42,1.0625,0.019775390625,0.018965113556544136,0.0003910660743713379,0
459,0.0546875,04,0.0625,04,0.0625,0.0078125,0.14285714285714285,6.103515625e-05,1
460,-1.059326171875,BE,-1.0625,BE,-1.0625,0.003173828125,0.0029960820465545056,1.0073184967041016e-05,1
461,0.039794921875,03,0.046875,02,0.03125,0.008544921875,0.2147239263803681,7.301568984985352e-05,0
462,0.03369140625,02,0.03125,03,0.046875,0.01318359375,0.391304347826087,0.00017380714416503906,0
463,-0.700927734375,D3,-0.703125,D3,-0.703125,0.002197265625,0.003134796238244514,4.827976226806641e-06,1
464,1.42529296875,4E,1.4375,4E,1.4375,0.01220703125,0.00856457690990065,0.00014901161193847656,1
465,-0.274169921875,EE,-0.28125,EF,-0.265625,0.008544921875,0.031166518254674976,7.301568984985352e-05,0
466,0.14599609375,09,0.140625,0A,0.15625,0.01025390625,0.07023411371237458,0.00010514259338378906,0
467,1.3544921875,4B,1.34375,4B,1.34375,0.0107421875,0.007930785868781542,0.00011539459228515625,1
468,0.555419921875,24,0.5625,23,0.546875,0.008544921875,0.015384615384615385,7.301568984985352e-05,0
469,-0.33154296875,EB,-0.328125,EA,-0.34375,0.01220703125,0.036818851251840944,0.00014901161193847656,0
470,-0.479736328125,E1,-0.484375,E2,-0.46875,0.010986328125,0.022900763358778626,0.00012069940567016602,0
471,-0.724609375,D2,-0.71875,D2,-0.71875,0.005859375,0.008086253369272238,3.4332275390625e-05,1
472,1.063232421875,42,1.0625,42,1.0625,0.000732421875,0.0006888633754305396,5.364418029785156e-07,1
473,1.03564453125,41,1.03125,42,1.0625,0.02685546875,0.02593116454502593,0.0007212162017822266,0
474,-1.056396484375,BE,-1.0625,BE,-1.0625,0.006103515625,0.005777675063554426,3.725290298461914e-05,1
475,-0.624267578125,D8,-0.625,D7,-0.640625,0.016357421875,0.026202581149784906,0.0002675652503967285,0
476,0.03857421875,02,0.03125,03,0.046875,0.00830078125,0.21518987341772153,6.890296936035156e-05,0
477,0.8525390625,37,0.859375,37,0.859375,0.0068359375,0.008018327605956471,4.673004150390625e-05,1
478,-1.81884765625,A6,-1.8125,A6,-1.8125,0.00634765625,0.00348993288590604,4.029273986816406e-05,1
479,-0.281982421875,EE,-0.28125,EE,-0.28125,0.000732421875,0.0025974025974025974,5.364418029785156e-07,1
480,0.947998046875,3D,0.953125,3C,0.9375,0.010498046875,0.011073911923770281,0.00011020898818969727,0
481,-0.2275390625,F1,-0.234375,F1,-0.234375,0.0068359375,0.030042918454935622,4.673004150390625e-05,1
482,-0.690185546875,D4,-0.6875,D4,-0.6875,0.002685546875,0.0038910505836575876,7.212162017822266e-06,1
483,-0.864501953125,C9,-0.859375,C8,-0.875,0.010498046875,0.012143462298785653,0.00011020898818969727,0
484,0.599609375,26,0.59375,26,0.59375,0.005859375,0.009771986970684038,3.4332275390625e-05,1
485,1.4501953125,4E,1.4375,4F,1.46875,0.0185546875,0.012794612794612794,0.00034427642822265625,0
486,0.49560546875,20,0.5,1F,0.484375,0.01123046875,0.022660098522167486,0.00012612342834472656,0
487,-0.22998046875,F1,-0.234375,F2,-0.21875,0.01123046875,0.04883227176220807,0.00012612342834472656,0
488,0.56787109375,24,0.5625,24,0.5625,0.00537109375,0.009458297506448839,2.8848648071289062e-05,1
489,0.148193359375,09,0.140625,0A,0.15625,0.008056640625,0.054365733113673806,6.490945816040039e-05,0
490,0.78515625,32,0.78125,34,0.8125,0.02734375,0.03482587064676617,0.0007476806640625,0
491,1.471923828125,4F,1.46875,50,1.5,0.028076171875,0.019074473378669764,0.000788271427154541,0
492,-1.43017578125,B2,-1.4375,B2,-1.4375,0.00732421875,0.005121201775349949,5.364418029785156e-05,1
493,0.02197265625,01,0.015625,02,0.03125,0.00927734375,0.4222222222222222,8.606910705566406e-05,0
494,0.265625,11,0.265625,11,0.265625,0.0,0.0,0.0,1
495,1.273193359375,49,1.28125,48,1.25,0.023193359375,0.01821668264621285,0.0005379319190979004,0
496,1.531494140625,51,1.53125,51,1.53125,0.000244140625,0.00015941335883947074,5.960464477539063e-08,1
497,-1.32958984375,B5,-1.34375,B6,-1.3125,0.01708984375,0.012853470437017995,0.00029206275939941406,0
498,1.431396484375,4E,1.4375,4E,1.4375,0.006103515625,0.004264028654272557,3.725290298461914e-05,1
499,-0.320556640625,EB,-0.328125,EC,-0.3125,0.008056640625,0.02513328255902513,6.490945816040039e-05,0
500,-1.307861328125,B6,-1.3125,B6,-1.3125,0.004638671875,0.003546761246966586,2.1517276763916016e-05,1
501,0.541015625,23,0.546875,22,0.53125,0.009765625,0.018050541516245487,9.5367431640625e-05,0
502,0.509033203125,21,0.515625,22,0.53125,0.022216796875,0.04364508393285372,0.0004935860633850098,0
503,0.26416015625,11,0.265625,11,0.265625,0.00146484375,0.005545286506469501,2.1457672119140625e-06,1
504,1.484375,50,1.5,50,1.5,0.015625,0.010526315789473684,0.000244140625,1
505,-0.753173828125,D0,-0.75,D0,-0.75,0.003173828125,0.004213938411669368,1.0073184967041016e-05,1
506,-1.788330078125,A7,-1.78125,A6,-1.8125,0.024169921875,0.013515358361774744,0.0005841851234436035,0
507,-0.250244140625,F0,-0.25,F1,-0.234375,0.015869140625,0.06341463414634146,0.0002518296241760254,0
508,-0.210205078125,F3,-0.203125,F2,-0.21875,0.008544921875,0.04065040650406504,7.301568984985352e-05,0
509,-2.054931640625,A0,-2.0,A0,-2.0,0.054931640625,0.026731614589521207,0.0030174851417541504,1
510,-1.013427734375,C0,-1.0,C0,-1.0,0.013427734375,0.013249819320645628,0.00018030405044555664,1
511,1.070556640625,42,1.0625,42,1.0625,0.008056640625,0.007525655644241733,6.490945816040039e-05,1
512,-0.32666015625,EB,-0.328125,EA,-0.34375,0.01708984375,0.052316890881913304,0.00029206275939941406,0
513,-1.108642578125,BD,-1.09375,BC,-1.125,0.016357421875,0.01475445937018278,0.0002675652503967285,0
514,-0.16650390625,F5,-0.171875,F5,-0.171875,0.00537109375,0.03225806451612903,2.8848648071289062e-05,1
515,-0.329833984375,EB,-0.328125,EA,-0.34375,0.013916015625,0.04219096965210955,0.00019365549087524414,0
516,0.441650390625,1C,0.4375,1B,0.421875,0.019775390625,0.04477611940298507,0.0003910660743713379,0
517,0.346435546875,16,0.34375,16,0.34375,0.002685546875,0.007751937984496124,7.212162017822266e-06,1
518,-0.8623046875,C9,-0.859375,CA,-0.84375,0.0185546875,0.021517553793884484,0.00034427642822265625,0
519,0.85107421875,36,0.84375,38,0.875,0.02392578125,0.028112449799196786,0.0005724430084228516,0
520,-1.107421875,BD,-1.09375,BC,-1.125,0.017578125,0.015873015873015872,0.000308990478515625,0
521,-0.826904296875,CB,-0.828125,CB,-0.828125,0.001220703125,0.0014762326542663124,1.4901161193847656e-06,1
522,-0.222412109375,F2,-0.21875,F2,-0.21875,0.003662109375,0.01646542261251372,1.341104507446289e-05,1
523,0.492919921875,20,0.5,20,0.5,0.007080078125,0.014363546310054482,5.0127506256103516e-05,1
524,0.473388671875,1E,0.46875,1F,0.484375,0.010986328125,0.02320783909231563,0.00012069940567016602,0
525,-0.91650390625,C5,-0.921875,C5,-0.921875,0.00537109375,0.005860415556739478,2.8848648071289062e-05,1
526,-1.1318359375,BC,-1.125,BC,-1.125,0.0068359375,0.0060396893874029335,4.673004150390625e-05,1
527,-0.82080078125,CB,-0.828125,CA,-0.84375,0.02294921875,0.02795954788816181,0.0005266666412353516,0
528,-0.80224609375,CD,-0.796875,CC,-0.8125,0.01025390625,0.01278149726110773,0.00010514259338378906,0
529,1.8056640625,5A,1.8125,5A,1.8125,0.0068359375,0.0037858301784748512,4.673004150390625e-05,1
530,-0.702392578125,D3,-0.703125,D2,-0.71875,0.016357421875,0.023288147375738616,0.0002675652503967285,0
531,-0.51171875,DF,-0.515625,DF,-0.515625,0.00390625,0.007633587786259542,1.52587890625e-05,1
532,-2.0908203125,9F,-2.125,9F,-2.125,0.0341796875,0.016347501167678656,0.0011682510375976562,1
533,0.26953125,11,0.265625,11,0.265625,0.00390625,0.014492753623188406,1.52587890625e-05,1
534,0.968017578125,3E,0.96875,3F,0.984375,0.016357421875,0.016897856242118536,0.0002675652503967285,0
535,0.9267578125,3B,0.921875,3B,0.921875,0.0048828125,0.005268703898840885,2.384185791015625e-05,1
536,-1.746826171875,A8,-1.75,A8,-1.75,0.003173828125,0.001816911250873515,1.0073184967041016e-05,1
537,0.5302734375,22,0.53125,22,0.53125,0.0009765625,0.001841620626151013,9.5367431640625e-07,1
538,-1.173828125,BA,-1.1875,BA,-1.1875,0.013671875,0.011647254575707155,0.000186920166015625,1
539,1.71875,57,1.71875,58,1.75,0.03125,0.01818181818181818,0.0009765625,0
540,0.32666015625,15,0.328125,14,0.3125,0.01416015625,0.043348281016442454,0.00020051002502441406,0
541,1.87744140625,5C,1.875,5C,1.875,0.00244140625,0.0013003901170351106,5.9604644775390625e-06,1
542,1.902587890625,5D,1.90625,5C,1.875,0.027587890625,0.014500192480431157,0.0007610917091369629,0
543,0.908447265625,3A,0.90625,3A,0.90625,0.002197265625,0.002418704649287826,4.827976226806641e-06,1
544,1.1572265625,45,1.15625,45,1.15625,0.0009765625,0.0008438818565400844,9.5367431640625e-07,1
545,-0.710205078125,D3,-0.703125,D1,-0.734375,0.024169921875,0.03403231350979718,0.0005841851234436035,0
546,0.285400390625,12,0.28125,11,0.265625,0.019775390625,0.06928999144568007,0.0003910660743713379,0
547,-0.11474609375,F9,-0.109375,F8,-0.125,0.01025390625,0.08936170212765958,0.00010514259338378906,0
548,1.695068359375,56,1.6875,56,1.6875,0.007568359375,0.004464928705170675,5.728006362915039e-05,1
549,0.025390625,02,0.03125,02,0.03125,0.005859375,0.23076923076923078,3.4332275390625e-05,1
550,-0.595703125,DA,-0.59375,DA,-0.59375,0.001953125,0.003278688524590164,3.814697265625e-06,1
551,-1.24560546875,B8,-1.25,B8,-1.25,0.00439453125,0.0035280282242257936,1.9311904907226562e-05,1
552,0.4052734375,1A,0.40625,1A,0.40625,0.0009765625,0.0024096385542168677,9.5367431640625e-07,1
553,-0.4677734375,E2,-0.46875,E2,-0.46875,0.0009765625,0.0020876826722338203,9.5367431640625e-07,1
554,-1.7626953125,A8,-1.75,A8,-1.75,0.0126953125,0.007202216066481994,0.00016117095947265625,1
555,0.6796875,2C,0.6875,2B,0.671875,0.0078125,0.011494252873563218,6.103515625e-05,0
556,-0.998291015625,C0,-1.0,C0,-1.0,0.001708984375,0.0017119100024455857,2.9206275939941406e-06,1
557,0.74853515625,30,0.75,31,0.765625,0.01708984375,0.0228310502283105,0.00029206275939941406,0
558,-0.5263671875,DE,-0.53125,DD,-0.546875,0.0205078125,0.03896103896103896,0.00042057037353515625,0
559,0.4521484375,1D,0.453125,1D,0.453125,0.0009765625,0.0021598272138228943,9.5367431640625e-07,1
560,-0.018310546875,FF,-0.015625,FF,-0.015625,0.002685546875,0.14666666666666667,7.212162017822266e-06,1
561,-0.60205078125,D9,-0.609375,DA,-0.59375,0.00830078125,0.013787510137875101,6.890296936035156e-05,0
562,-0.390380859375,E7,-0.390625,E7,-0.390625,0.000244140625,0.0006253908692933083,5.960464477539063e-08,1
563,-0.259765625,EF,-0.265625,EF,-0.265625,0.005859375,0.022556390977443608,3.4332275390625e-05,1
564,-1.3115234375,B6,-1.3125,B6,-1.3125,0.0009765625,0.0007446016381236039,9.5367431640625e-07,1
565,-1.88427734375,A4,-1.875,A4,-1.875,0.00927734375,0.004923555325213786,8.606910705566406e-05,1
566,0.68310546875,2C,0.6875,2C,0.6875,0.00439453125,0.006433166547533953,1.9311904907226562e-05,1
567,1.3408203125,4B,1.34375,4C,1.375,0.0341796875,0.025491624180626365,0.0011682510375976562,0
568,-0.37841796875,E8,-0.375,E8,-0.375,0.00341796875,0.00903225806451613,1.1682510375976562e-05,1
569,0.21533203125,0E,0.21875,0F,0.234375,0.01904296875,0.08843537414965986,0.00036263465881347656,0
570,0.931884765625,3C,0.9375,3B,0.921875,0.010009765625,0.01074141996332198,0.00010019540786743164,0
571,-0.05615234375,FC,-0.0625,FC,-0.0625,0.00634765625,0.11304347826086956,4.029273986816406e-05,1
572,-0.9833984375,C1,-0.984375,C1,-0.984375,0.0009765625,0.0009930486593843098,9.5367431640625e-07,1
573,0.791748046875,33,0.796875,33,0.796875,0.005126953125,0.0064754856614246065,2.6285648345947266e-05,1
574,-0.777587890625,CE,-0.78125,CF,-0.765625,0.011962890625,0.015384615384615385,0.0001431107521057129,0
575,0.454833984375,1D,0.453125,1D,0.453125,0.001708984375,0.003757380568974772,2.9206275939941406e-06,1
576,-0.18798828125,F4,-0.1875,F4,-0.1875,0.00048828125,0.0025974025974025974,2.384185791015625e-07,1
577,-1.45166015625,B2,-1.4375,B2,-1.4375,0.01416015625,0.009754456777665657,0.00020051002502441406,1
578,-1.090087890625,BD,-1.09375,BD,-1.09375,0.003662109375,0.0033594624860022394,1.341104507446289e-05,1
579,0.533447265625,22,0.53125,23,0.546875,0.013427734375,0.02517162471395881,0.00018030405044555664,0
580,0.919189453125,3B,0.921875,3B,0.921875,0.002685546875,0.0029216467463479417,7.212162017822266e-06,1
581,-0.06201171875,FC,-0.0625,FB,-0.078125,0.01611328125,0.25984251968503935,0.00025963783264160156,0
582,1.81787109375,5A,1.8125,5A,1.8125,0.00537109375,0.0029546065001343,2.8848648071289062e-05,1
583,2.15185546875,61,2.125,61,2.125,0.02685546875,0.012480145223508056,0.0007212162017822266,1
584,0.62353515625,28,0.625,27,0.609375,0.01416015625,0.022709475332811275,0.00020051002502441406,0
585,-1.3310546875,B5,-1.34375,B5,-1.34375,0.0126953125,0.009537784299339692,0.00016117095947265625,1
586,-0.179931640625,F4,-0.1875,F5,-0.171875,0.008056640625,0.04477611940298507,6.490945816040039e-05,0
587,-1.3173828125,B6,-1.3125,B6,-1.3125,0.0048828125,0.0037064492216456633,2.384185791015625e-05,1
588,0.480712890625,1F,0.484375,1E,0.46875,0.011962890625,0.02488572879634332,0.0001431107521057129,0
589,-0.3369140625,EA,-0.34375,EB,-0.328125,0.0087890625,0.02608695652173913,7.724761962890625e-05,0
590,0.126708984375,08,0.125,09,0.140625,0.013916015625,0.10982658959537572,0.00019365549087524414,0
591,0.572998046875,25,0.578125,25,0.578125,0.005126953125,0.008947592671495527,2.6285648345947266e-05,1
592,1.2275390625,47,1.21875,46,1.1875,0.0400390625,0.03261734287987271,0.0016031265258789062,0
593,-0.4921875,E0,-0.5,DF,-0.515625,0.0234375,0.047619047619047616,0.00054931640625,0
594,1.045654296875,41,1.03125,42,1.0625,0.016845703125,0.016110203128648144,0.00028377771377563477,0
595,0.026611328125,02,0.03125,01,0.015625,0.010986328125,0.41284403669724773,0.00012069940567016602,0
596,-1.205810546875,B9,-1.21875,BA,-1.1875,0.018310546875,0.015185260174124316,0.00033527612686157227,0
597,1.19189453125,46,1.1875,46,1.1875,0.00439453125,0.0036870135190495697,1.9311904907226562e-05,1
598,1.4384765625,4E,1.4375,4E,1.4375,0.0009765625,0.0006788866259334691,9.5367431640625e-07,1
599,-0.666748046875,D5,-0.671875,D6,-0.65625,0.010498046875,0.015745148297326986,0.00011020898818969727,0
600,-0.843505859375,CA,-0.84375,CB,-0.828125,0.015380859375,0.018234442836468887,0.0002365708351135254,0
601,0.022705078125,01,0.015625,01,0.015625,0.007080078125,0.3118279569892473,5.0127506256103516e-05,1
602,-0.050048828125,FD,-0.046875,FD,-0.046875,0.003173828125,0.06341463414634146,1.0073184967041016e-05,1
603,0.062255859375,04,0.0625,04,0.0625,0.000244140625,0.00392156862745098,5.960464477539063e-08,1
604,0.8681640625,38,0.875,39,0.890625,0.0224609375,0.025871766029246346,0.0005044937133789062,0
605,-0.78466796875,CE,-0.78125,CD,-0.796875,0.01220703125,0.015556938394523958,0.00014901161193847656,0
606,-1.2158203125,B9,-1.21875,B9,-1.21875,0.0029296875,0.0024096385542168677,8.58306884765625e-06,1
607,0.180908203125,0C,0.1875,0B,0.171875,0.009033203125,0.04993252361673414,8.159875869750977e-05,0
608,-0.64453125,D7,-0.640625,D6,-0.65625,0.01171875,0.01818181818181818,0.0001373291015625,0
609,1.003173828125,40,1.0,40,1.0,0.003173828125,0.003163786809442687,1.0073184967041016e-05,1
610,-1.27099609375,B7,-1.28125,B8,-1.25,0.02099609375,0.016519400691509797,0.00044083595275878906,0
611,-0.403564453125,E6,-0.40625,E6,-0.40625,0.002685546875,0.006654567453115548,7.212162017822266e-06,1
612,0.8046875,34,0.8125,33,0.796875,0.0078125,0.009708737864077669,6.103515625e-05,0
613,-1.9453125,A2,-1.9375,A2,-1.9375,0.0078125,0.004016064257028112,6.103515625e-05,1
614,0.206298828125,0D,0.203125,0E,0.21875,0.012451171875,0.06035502958579882,0.00015503168106079102,0
615,-0.929443359375,C5,-0.921875,C4,-0.9375,0.008056640625,0.008668242710795903,6.490945816040039e-05,0
616,-0.38525390625,E7,-0.390625,E7,-0.390625,0.00537109375,0.01394169835234474,2.8848648071289062e-05,1
617,-0.23779296875,F1,-0.234375,F0,-0.25,0.01220703125,0.0513347022587269,0.00014901161193847656,0
618,-0.0341796875,FE,-0.03125,FD,-0.046875,0.0126953125,0.37142857142857144,0.00016117095947265625,0
619,-0.17529296875,F5,-0.171875,F4,-0.1875,0.01220703125,0.06963788300835655,0.00014901161193847656,0
620,-0.05859375,FC,-0.0625,FC,-0.0625,0.00390625,0.06666666666666667,1.52587890625e-05,1
621,0.2275390625,0F,0.234375,0E,0.21875,0.0087890625,0.03862660944206009,7.724761962890625e-05,0
622,-0.040283203125,FD,-0.046875,FE,-0.03125,0.009033203125,0.22424242424242424,8.159875869750977e-05,0
623,-1.119873046875,BC,-1.125,BC,-1.125,0.005126953125,0.004578155657292348,2.6285648345947266e-05,1
624,-0.052490234375,FD,-0.046875,FC,-0.0625,0.010009765625,0.19069767441860466,0.00010019540786743164,0
625,0.1357421875,09,0.140625,09,0.140625,0.0048828125,0.03597122302158273,2.384185791015625e-05,1
626,-0.125,F8,-0.125,F7,-0.140625,0.015625,0.125,0.000244140625,0
627,1.046630859375,41,1.03125,42,1.0625,0.015869140625,0.015162118031257289,0.0002518296241760254,0
628,0.56396484375,24,0.5625,24,0.5625,0.00146484375,0.0025974025974025974,2.1457672119140625e-06,1
629,-1.075439453125,BE,-1.0625,BE,-1.0625,0.012939453125,0.012031782065834279,0.00016742944717407227,1
630,1.400390625,4D,1.40625,4D,1.40625,0.005859375,0.0041841004184100415,3.4332275390625e-05,1
631,-0.36083984375,E9,-0.359375,E8,-0.375,0.01416015625,0.03924221921515562,0.00020051002502441406,0
632,0.218994140625,0E,0.21875,0E,0.21875,0.000244140625,0.0011148272017837235,5.960464477539063e-08,1
633,-0.11962890625,F8,-0.125,F8,-0.125,0.00537109375,0.044897959183673466,2.8848648071289062e-05,1
634,-0.61279296875,D9,-0.609375,D9,-0.609375,0.00341796875,0.005577689243027889,1.1682510375976562e-05,1
635,0.88623046875,39,0.890625,38,0.875,0.01123046875,0.012672176308539946,0.00012612342834472656,0
636,-0.609619140625,D9,-0.609375,D9,-0.609375,0.000244140625,0.00040048057669203043,5.960464477539063e-08,1
637,0.762451171875,31,0.765625,31,0.765625,0.003173828125,0.004162664105027218,1.0073184967041016e-05,1
638,-0.27490234375,EE,-0.28125,EC,-0.3125,0.03759765625,0.13676731793960922,0.001413583755493164,0
639,-0.17138671875,F5,-0.171875,F5,-0.171875,0.00048828125,0.002849002849002849,2.384185791015625e-07,1
640,0.524658203125,22,0.53125,22,0.53125,0.006591796875,0.012563983248022336,4.3451786041259766e-05,1
641,0.12890625,08,0.125,09,0.140625,0.01171875,0.09090909090909091,0.0001373291015625,0
642,0.069091796875,04,0.0625,05,0.078125,0.009033203125,0.13074204946996468,8.159875869750977e-05,0
643,-1.015380859375,C0,-1.0,C0,-1.0,0.015380859375,0.01514787208463573,0.0002365708351135254,1
644,0.61083984375,27,0.609375,28,0.625,0.01416015625,0.023181454836131096,0.00020051002502441406,0
645,0.37890625,18,0.375,18,0.375,0.00390625,0.010309278350515464,1.52587890625e-05,1
646,-0.93408203125,C4,-0.9375,C5,-0.921875,0.01220703125,0.013068478829064296,0.00014901161193847656,0
647,-1.325439453125,B6,-1.3125,B6,-1.3125,0.012939453125,0.009762387179959477,0.00016742944717407227,1
648,-1.245849609375,B8,-1.25,B8,-1.25,0.004150390625,0.003331373701744072,1.722574234008789e-05,1
649,-0.093505859375,FA,-0.09375,FA,-0.09375,0.000244140625,0.0026109660574412533,5.960464477539063e-08,1
650,1.32470703125,4A,1.3125,4A,1.3125,0.01220703125,0.009214891264283081,0.00014901161193847656,1
651,0.075927734375,05,0.078125,04,0.0625,0.013427734375,0.17684887459807075,0.00018030405044555664,0
652,-0.571533203125,DB,-0.578125,DB,-0.578125,0.006591796875,0.011533532678342588,4.3451786041259766e-05,1
653,-0.0166015625,FF,-0.015625,FF,-0.015625,0.0009765625,0.058823529411764705,9.5367431640625e-07,1
654,-0.1884765625,F4,-0.1875,F3,-0.203125,0.0146484375,0.07772020725388601,0.00021457672119140625,0
655,1.329833984375,4B,1.34375,4A,1.3125,0.017333984375,0.013034697998898476,0.00030046701431274414,0
656,0.16796875,0B,0.171875,0B,0.171875,0.00390625,0.023255813953488372,1.52587890625e-05,1
657,-0.903076171875,C6,-0.90625,C6,-0.90625,0.003173828125,0.003514463368477967,1.0073184967041016e-05,1
658,-0.6943359375,D4,-0.6875,D4,-0.6875,0.0068359375,0.009845288326300985,4.673004150390625e-05,1
659,-0.01513671875,FF,-0.015625,FF,-0.015625,0.00048828125,0.03225806451612903,2.384185791015625e-07,1
660,-0.16796875,F5,-0.171875,F5,-0.171875,0.00390625,0.023255813953488372,1.52587890625e-05,1
661,-0.53125,DE,-0.53125,DE,-0.53125,0.0,0.0,0.0,1
662,-0.171875,F5,-0.171875,F4,-0.1875,0.015625,0.09090909090909091,0.000244140625,0
663,0.191162109375,0C,0.1875,0C,0.1875,0.003662109375,0.019157088122605363,1.341104507446289e-05,1
664,0.76806640625,31,0.765625,31,0.765625,0.00244140625,0.003178639542275906,5.9604644775390625e-06,1
665,0.065185546875,04,0.0625,04,0.0625,0.002685546875,0.04119850187265917,7.212162017822266e-06,1
666,-1.75048828125,A8,-1.75,A8,-1.75,0.00048828125,0.0002789400278940028,2.384185791015625e-07,1
667,-0.827392578125,CB,-0.828125,CA,-0.84375,0.016357421875,0.01976984361168486,0.0002675652503967285,0
668,0.65576171875,2A,0.65625,2A,0.65625,0.00048828125,0.0007446016381236039,2.384185791015625e-07,1
669,1.6552734375,55,1.65625,55,1.65625,0.0009765625,0.0005899705014749262,9.5367431640625e-07,1
670,1.82666015625,5A,1.8125,5A,1.8125,0.01416015625,0.007751937984496124,0.00020051002502441406,1
671,-0.268798828125,EF,-0.265625,F0,-0.25,0.018798828125,0.06993642143505904,0.000353395938873291,0
672,-1.5693359375,AE,-1.5625,AE,-1.5625,0.0068359375,0.0043559427504667085,4.673004150390625e-05,1
673,0.445068359375,1C,0.4375,1C,0.4375,0.007568359375,0.017004936917169502,5.728006362915039e-05,1
674,-1.34814453125,B5,-1.34375,B5,-1.34375,0.00439453125,0.0032596885186526622,1.9311904907226562e-05,1
675,0.59326171875,26,0.59375,27,0.609375,0.01611328125,0.027160493827160494,0.00025963783264160156,0
676,0.472900390625,1E,0.46875,1E,0.46875,0.004150390625,0.008776458440887971,1.722574234008789e-05,1
677,-0.71435546875,D2,-0.71875,D2,-0.71875,0.00439453125,0.006151742993848257,1.9311904907226562e-05,1
678,0.729248046875,2F,0.734375,2E,0.71875,0.010498046875,0.014395714763977234,0.00011020898818969727,0
679,0.58251953125,25,0.578125,25,0.578125,0.00439453125,0.0075440067057837385,1.9311904907226562e-05,1
680,1.579833984375,53,1.59375,53,1.59375,0.013916015625,0.00880853036624942,0.00019365549087524414,1
681,-0.34716796875,EA,-0.34375,EA,-0.34375,0.00341796875,0.009845288326300985,1.1682510375976562e-05,1
682,-0.043212890625,FD,-0.046875,FC,-0.0625,0.019287109375,0.4463276836158192,0.0003719925880432129,0
683,-0.20947265625,F3,-0.203125,F3,-0.203125,0.00634765625,0.030303030303030304,4.029273986816406e-05,1
684,0.716796875,2E,0.71875,30,0.75,0.033203125,0.04632152588555858,0.001102447509765625,0
685,-0.06982421875,FC,-0.0625,FC,-0.0625,0.00732421875,0.1048951048951049,5.364418029785156e-05,1
686,-0.466552734375,E2,-0.46875,E2,-0.46875,0.002197265625,0.004709576138147566,4.827976226806641e-06,1
687,-0.08154296875,FB,-0.078125,FA,-0.09375,0.01220703125,0.1497005988023952,0.00014901161193847656,0
688,1.294677734375,49,1.28125,49,1.28125,0.013427734375,0.010371487837073355,0.00018030405044555664,1
689,1.56591796875,52,1.5625,52,1.5625,0.00341796875,0.002182725288431556,1.1682510375976562e-05,1
690,-0.06591796875,FC,-0.0625,FB,-0.078125,0.01220703125,0.18518518518518517,0.00014901161193847656,0
691,-0.77685546875,CE,-0.78125,CF,-0.765625,0.01123046875,0.014456316781898177,0.00012612342834472656,0
692,-0.132080078125,F8,-0.125,F7,-0.140625,0.008544921875,0.06469500924214418,7.301568984985352e-05,0
693,-0.971435546875,C2,-0.96875,C2,-0.96875,0.002685546875,0.002764513696908771,7.212162017822266e-06,1
694,0.696533203125,2D,0.703125,2D,0.703125,0.006591796875,0.00946372239747634,4.3451786041259766e-05,1
695,-0.181884765625,F4,-0.1875,F4,-0.1875,0.005615234375,0.03087248322147651,3.153085708618164e-05,1
696,-0.580078125,DB,-0.578125,DC,-0.5625,0.017578125,0.030303030303030304,0.000308990478515625,0
697,-0.493408203125,E0,-0.5,E1,-0.484375,0.009033203125,0.01830776843146957,8.159875869750977e-05,0
698,-0.131591796875,F8,-0.125,F8,-0.125,0.006591796875,0.05009276437847866,4.3451786041259766e-05,1
699,0.177001953125,0B,0.171875,0B,0.171875,0.005126953125,0.028965517241379312,2.6285648345947266e-05,1
700,-1.822021484375,A6,-1.8125,A6,-1.8125,0.009521484375,0.005225780517218277,9.065866470336914e-05,1
701,-0.304931640625,EC,-0.3125,ED,-0.296875,0.008056640625,0.02642113690952762,6.490945816040039e-05,0
702,0.219970703125,0E,0.21875,0F,0.234375,0.014404296875,0.06548279689234185,0.00020748376846313477,0
703,-0.801513671875,CD,-0.796875,CE,-0.78125,0.020263671875,0.025281754492841913,0.000410616397857666,0
704,-0.021484375,FF,-0.015625,FF,-0.015625,0.005859375,0.2727272727272727,3.4332275390625e-05,1
705,-1.4169921875,B3,-1.40625,B3,-1.40625,0.0107421875,0.007580978635423846,0.00011539459228515625,1
706,-1.8896484375,A4,-1.875,A4,-1.875,0.0146484375,0.007751937984496124,0.00021457672119140625,1
707,0.875244140625,38,0.875,38,0.875,0.000244140625,0.0002789400278940028,5.960464477539063e-08,1
708,0.42919921875,1B,0.421875,1B,0.421875,0.00732421875,0.017064846416382253,5.364418029785156e-05,1
709,-0.5009765625,E0,-0.5,E0,-0.5,0.0009765625,0.001949317738791423,9.5367431640625e-07,1
710,0.07666015625,05,0.078125,04,0.0625,0.01416015625,0.18471337579617833,0.00020051002502441406,0
711,0.251708984375,10,0.25,10,0.25,0.001708984375,0.006789524733268671,2.9206275939941406e-06,1
712,-0.734619140625,D1,-0.734375,D1,-0.734375,0.000244140625,0.00033233632436025255,5.960464477539063e-08,1
713,-1.14599609375,BB,-1.15625,BC,-1.125,0.02099609375,0.018321261184490838,0.00044083595275878906,0
714,0.380615234375,18,0.375,18,0.375,0.005615234375,0.014753046824887749,3.153085708618164e-05,1
715,0.15673828125,0A,0.15625,09,0.140625,0.01611328125,0.102803738317757,0.00025963783264160156,0
716,-0.237060546875,F1,-0.234375,F2,-0.21875,0.018310546875,0.07723995880535531,0.00033527612686157227,0
717,-0.126220703125,F8,-0.125,F8,-0.125,0.001220703125,0.009671179883945842,1.4901161193847656e-06,1
718,0.830078125,35,0.828125,35,0.828125,0.001953125,0.002352941176470588,3.814697265625e-06,1
719,0.322265625,15,0.328125,15,0.328125,0.005859375,0.01818181818181818,3.4332275390625e-05,1
720,0.20458984375,0D,0.203125,0D,0.203125,0.00146484375,0.007159904534606206,2.1457672119140625e-06,1
721,-1.782470703125,A7,-1.78125,A6,-1.8125,0.030029296875,0.01684700725927955,0.0009017586708068848,0
722,0.035888671875,02,0.03125,03,0.046875,0.010986328125,0.30612244897959184,0.00012069940567016602,0
723,-0.8916015625,C7,-0.890625,C7,-0.890625,0.0009765625,0.001095290251916758,9.5367431640625e-07,1
724,-0.69091796875,D4,-0.6875,D3,-0.703125,0.01220703125,0.0176678445229682,0.00014901161193847656,0
725,1.6318359375,54,1.625,54,1.625,0.0068359375,0.004189108318372232,4.673004150390625e-05,1
726,-1.365966796875,B4,-1.375,B4,-1.375,0.009033203125,0.006613047363717605,8.159875869750977e-05,1
727,1.069091796875,42,1.0625,42,1.0625,0.006591796875,0.006165791276547157,4.3451786041259766e-05,1
728,0.39697265625,19,0.390625,1A,0.40625,0.00927734375,0.023370233702337023,8.606910705566406e-05,0
729,-0.94482421875,C4,-0.9375,C4,-0.9375,0.00732421875,0.007751937984496124,5.364418029785156e-05,1
730,-1.581298828125,AD,-1.59375,AE,-1.5625,0.018798828125,0.011888219854871082,0.000353395938873291,0
731,0.825927734375,35,0.828125,35,0.828125,0.002197265625,0.0026603606266627253,4.827976226806641e-06,1
732,1.364013671875,4C,1.375,4C,1.375,0.010986328125,0.008054412027921962,0.00012069940567016602,1
733,-1.745849609375,A8,-1.75,A8,-1.75,0.004150390625,0.0023772898895259406,1.722574234008789e-05,1
734,-0.58740234375,DA,-0.59375,DB,-0.578125,0.00927734375,0.015793848711554447,8.606910705566406e-05,0
735,-0.36767578125,E8,-0.375,E9,-0.359375,0.00830078125,0.02257636122177955,6.890296936035156e-05,0
736,0.241455078125,0F,0.234375,0F,0.234375,0.007080078125,0.029322548028311426,5.0127506256103516e-05,1
737,0.310791015625,14,0.3125,14,0.3125,0.001708984375,0.0054988216810683424,2.9206275939941406e-06,1
738,-1.106201171875,BD,-1.09375,BC,-1.125,0.018798828125,0.01699404105054072,0.000353395938873291,0
739,-0.129150390625,F8,-0.125,F8,-0.125,0.004150390625,0.03213610586011342,1.722574234008789e-05,1
740,0.12548828125,08,0.125,08,0.125,0.00048828125,0.0038910505836575876,2.384185791015625e-07,1
741,-0.48095703125,E1,-0.484375,E2,-0.46875,0.01220703125,0.025380710659898477,0.00014901161193847656,0
742,-0.715576171875,D2,-0.71875,D2,-0.71875,0.003173828125,0.004435346298191744,1.0073184967041016e-05,1
743,0.26171875,11,0.265625,12,0.28125,0.01953125,0.07462686567164178,0.0003814697265625,0
744,1.434326171875,4E,1.4375,4E,1.4375,0.003173828125,0.0022127659574468087,1.0073184967041016e-05,1
745,0.97509765625,3E,0.96875,3F,0.984375,0.00927734375,0.009514271407110666,8.606910705566406e-05,0
746,-0.82470703125,CB,-0.828125,CA,-0.84375,0.01904296875,0.023090586145648313,0.00036263465881347656,0
747,-0.55712890625,DC,-0.5625,DC,-0.5625,0.00537109375,0.009640666082383873,2.8848648071289062e-05,1
748,-0.416015625,E5,-0.421875,E6,-0.40625,0.009765625,0.023474178403755867,9.5367431640625e-05,0
749,1.767578125,59,1.78125,59,1.78125,0.013671875,0.0077348066298342545,0.000186920166015625,1
750,-1.142822265625,BB,-1.15625,BB,-1.15625,0.013427734375,0.01174962614825892,0.00018030405044555664,1
751,1.229248046875,47,1.21875,48,1.25,0.020751953125,0.016881827209533268,0.00043064355850219727,0
752,-0.196533203125,F3,-0.203125,F4,-0.1875,0.009033203125,0.04596273291925466,8.159875869750977e-05,0
753,-0.60546875,D9,-0.609375,DB,-0.578125,0.02734375,0.04516129032258064,0.0007476806640625,0
754,-1.27978515625,B7,-1.28125,B7,-1.28125,0.00146484375,0.0011446012972148034,2.1457672119140625e-06,1
755,0.596435546875,26,0.59375,26,0.59375,0.002685546875,0.0045026606631191155,7.212162017822266e-06,1
756,0.28466796875,12,0.28125,12,0.28125,0.00341796875,0.012006861063464836,1.1682510375976562e-05,1
757,0.41064453125,1A,0.40625,1A,0.40625,0.00439453125,0.01070154577883472,1.9311904907226562e-05,1
758,0.1923828125,0C,0.1875,0C,0.1875,0.0048828125,0.025380710659898477,2.384185791015625e-05,1
759,0.525146484375,22,0.53125,22,0.53125,0.006103515625,0.011622501162250116,3.725290298461914e-05,1
760,0.822998046875,35,0.828125,36,0.84375,0.020751953125,0.025215069712251556,0.00043064355850219727,0
761,0.525390625,22,0.53125,22,0.53125,0.005859375,0.011152416356877323,3.4332275390625e-05,1
762,-0.30517578125,EC,-0.3125,ED,-0.296875,0.00830078125,0.0272,6.890296936035156e-05,0
763,-0.088134765625,FA,-0.09375,FB,-0.078125,0.010009765625,0.11357340720221606,0.00010019540786743164,0
764,-1.09814453125,BD,-1.09375,BD,-1.09375,0.00439453125,0.004001778568252557,1.9311904907226562e-05,1
765,1.048583984375,42,1.0625,41,1.03125,0.017333984375,0.016530849825378346,0.00030046701431274414,0
766,-0.87939453125,C8,-0.875,C7,-0.890625,0.01123046875,0.012770682953914493,0.00012612342834472656,0
767,0.761962890625,31,0.765625,31,0.765625,0.003662109375,0.004806151874399231,1.341104507446289e-05,1
768,1.35888671875,4B,1.34375,4C,1.375,0.01611328125,0.011857707509881422,0.00025963783264160156,0
769,-0.257568359375,F0,-0.25,F0,-0.25,0.007568359375,0.029383886255924172,5.728006362915039e-05,1
770,-0.927490234375,C5,-0.921875,C5,-0.921875,0.005615234375,0.006054224795998947,3.153085708618164e-05,1
771,0.430419921875,1C,0.4375,1C,0.4375,0.007080078125,0.016449234259784458,5.0127506256103516e-05,1
772,0.873779296875,38,0.875,37,0.859375,0.014404296875,0.01648505169041632,0.00020748376846313477,0
773,1.55810546875,52,1.5625,52,1.5625,0.00439453125,0.002820432466311501,1.9311904907226562e-05,1
774,-0.25830078125,EF,-0.265625,EF,-0.265625,0.00732421875,0.02835538752362949,5.364418029785156e-05,1
775,-0.1962890625,F3,-0.203125,F4,-0.1875,0.0087890625,0.04477611940298507,7.724761962890625e-05,0
776,-0.57373046875,DB,-0.578125,DB,-0.578125,0.00439453125,0.007659574468085106,1.9311904907226562e-05,1
777,-0.925048828125,C5,-0.921875,C3,-0.953125,0.028076171875,0.030351016099234625,0.000788271427154541,0
778,0.423828125,1B,0.421875,1B,0.421875,0.001953125,0.004608294930875576,3.814697265625e-06,1
779,-0.59423828125,DA,-0.59375,DA,-0.59375,0.00048828125,0.0008216926869350862,2.384185791015625e-07,1
780,0.9375,3C,0.9375,3D,0.953125,0.015625,0.016666666666666666,0.000244140625,0
781,0.46142578125,1E,0.46875,1E,0.46875,0.00732421875,0.015873015873015872,5.364418029785156e-05,1
782,0.472900390625,1E,0.46875,1E,0.46875,0.004150390625,0.008776458440887971,1.722574234008789e-05,1
783,-0.849609375,CA,-0.84375,CA,-0.84375,0.005859375,0.006896551724137931,3.4332275390625e-05,1
784,0.55712890625,24,0.5625,23,0.546875,0.01025390625,0.018404907975460124,0.00010514259338378906,0
785,0.9453125,3C,0.9375,3D,0.953125,0.0078125,0.008264462809917356,6.103515625e-05,0
786,-0.95166015625,C3,-0.953125,C3,-0.953125,0.00146484375,0.0015392508978963571,2.1457672119140625e-06,1
787,-0.319580078125,EC,-0.3125,EC,-0.3125,0.007080078125,0.02215431627196333,5.0127506256103516e-05,1
788,-1.491455078125,B0,-1.5,B0,-1.5,0.008544921875,0.0057292519233917176,7.301568984985352e-05,1
789,0.275634765625,12,0.28125,11,0.265625,0.010009765625,0.03631532329495128,0.00010019540786743164,0
790,0.2587890625,11,0.265625,10,0.25,0.0087890625,0.033962264150943396,7.724761962890625e-05,0
791,-0.178466796875,F5,-0.171875,F5,-0.171875,0.006591796875,0.036935704514363885,4.3451786041259766e-05,1
792,-0.885986328125,C7,-0.890625,C8,-0.875,0.010986328125,0.012400110223201984,0.00012069940567016602,0
793,-1.298583984375,B6,-1.3125,B6,-1.3125,0.013916015625,0.01071630005640158,0.00019365549087524414,1
794,-0.676025390625,D5,-0.671875,D5,-0.671875,0.004150390625,0.0061394005055976884,1.722574234008789e-05,1
795,-0.9482421875,C3,-0.953125,C2,-0.96875,0.0205078125,0.021627188465499485,0.00042057037353515625,0
796,0.43896484375,1C,0.4375,1B,0.421875,0.01708984375,0.0389321468298109,0.00029206275939941406,0
797,1.502197265625,50,1.5,50,1.5,0.002197265625,0.0014627011214041932,4.827976226806641e-06,1
798,0.080322265625,05,0.078125,06,0.09375,0.013427734375,0.16717325227963525,0.00018030405044555664,0
799,0.0390625,02,0.03125,02,0.03125,0.0078125,0.2,6.103515625e-05,1
800,-1.689697265625,AA,-1.6875,AA,-1.6875,0.002197265625,0.0013003901170351106,4.827976226806641e-06,1
801,0.7236328125,2E,0.71875,2E,0.71875,0.0048828125,0.006747638326585695,2.384185791015625e-05,1
802,0.3232421875,15,0.328125,15,0.328125,0.0048828125,0.015105740181268883,2.384185791015625e-05,1
803,0.42236328125,1B,0.421875,1C,0.4375,0.01513671875,0.035838150289017344,0.00022912025451660156,0
804,-0.64404296875,D7,-0.640625,D7,-0.640625,0.00341796875,0.00530705079605762,1.1682510375976562e-05,1
805,0.14697265625,09,0.140625,0A,0.15625,0.00927734375,0.06312292358803986,8.606910705566406e-05,0
806,1.434326171875,4E,1.4375,4E,1.4375,0.003173828125,0.0022127659574468087,1.0073184967041016e-05,1
807,-1.873046875,A4,-1.875,A4,-1.875,0.001953125,0.0010427528675703858,3.814697265625e-06,1
808,-1.527099609375,AF,-1.53125,B0,-1.5,0.027099609375,0.017745803357314148,0.0007343888282775879,0
809,-0.59619140625,DA,-0.59375,DA,-0.59375,0.00244140625,0.004095004095004095,5.9604644775390625e-06,1
810,-0.067138671875,FC,-0.0625,FC,-0.0625,0.004638671875,0.06909090909090909,2.1517276763916016e-05,1
811,-0.566650390625,DC,-0.5625,DB,-0.578125,0.011474609375,0.020249892287806978,0.0001316666603088379,0
812,-0.541748046875,DD,-0.546875,DC,-0.5625,0.020751953125,0.03830554303740424,0.00043064355850219727,0
813,1.057373046875,42,1.0625,42,1.0625,0.005126953125,0.004848764719464327,2.6285648345947266e-05,1
814,-1.3974609375,B3,-1.40625,B3,-1.40625,0.0087890625,0.006289308176100629,7.724761962890625e-05,1
815,0.396484375,19,0.390625,19,0.390625,0.005859375,0.014778325123152709,3.4332275390625e-05,1
816,-0.4033203125,E6,-0.40625,E7,-0.390625,0.0126953125,0.031476997578692496,0.00016117095947265625,0
817,0.766845703125,31,0.765625,31,0.765625,0.001220703125,0.001591849729385546,1.4901161193847656e-06,1
818,0.037109375,02,0.03125,01,0.015625,0.021484375,0.5789473684210527,0.000461578369140625,0
819,0.010498046875,01,0.015625,01,0.015625,0.005126953125,0.4883720930232558,2.6285648345947266e-05,1
820,-0.740478515625,D1,-0.734375,D0,-0.75,0.009521484375,0.012858555885262116,9.065866470336914e-05,0
821,0.84765625,36,0.84375,36,0.84375,0.00390625,0.004608294930875576,1.52587890625e-05,1
822,0.23779296875,0F,0.234375,0F,0.234375,0.00341796875,0.014373716632443531,1.1682510375976562e-05,1
823,0.18115234375,0C,0.1875,0C,0.1875,0.00634765625,0.03504043126684636,4.029273986816406e-05,1
824,-2.199951171875,9E,-2.25,9E,-2.25,0.050048828125,0.022749972256131394,0.002504885196685791,1
825,-0.971923828125,C2,-0.96875,C1,-0.984375,0.012451171875,0.01281085154483798,0.00015503168106079102,0
826,-0.544921875,DD,-0.546875,DD,-0.546875,0.001953125,0.0035842293906810036,3.814697265625e-06,1
827,-0.586181640625,DA,-0.59375,DB,-0.578125,0.008056640625,0.013744273219491879,6.490945816040039e-05,0
828,1.3359375,4B,1.34375,4B,1.34375,0.0078125,0.005847953216374269,6.103515625e-05,1
829,0.75048828125,30,0.75,31,0.765625,0.01513671875,0.020169160702667534,0.00022912025451660156,0
830,0.14208984375,09,0.140625,09,0.140625,0.00146484375,0.010309278350515464,2.1457672119140625e-06,1
831,-1.45849609375,B1,-1.46875,B2,-1.4375,0.02099609375,0.014395714763977234,0.00044083595275878906,0
832,-1.09716796875,BD,-1.09375,BD,-1.09375,0.00341796875,0.003115264797507788,1.1682510375976562e-05,1
833,0.630126953125,28,0.625,29,0.640625,0.010498046875,0.01666020922123208,0.00011020898818969727,0
834,0.37109375,18,0.375,17,0.359375,0.01171875,0.031578947368421054,0.0001373291015625,0
835,1.340576171875,4B,1.34375,4A,1.3125,0.028076171875,0.020943361864869788,0.000788271427154541,0
836,-1.045654296875,BF,-1.03125,BF,-1.03125,0.014404296875,0.013775391081017978,0.00020748376846313477,1
837,0.605224609375,27,0.609375,28,0.625,0.019775390625,0.0326744655102864,0.0003910660743713379,0
838,-1.42529296875,B2,-1.4375,B2,-1.4375,0.01220703125,0.00856457690990065,0.00014901161193847656,1
839,0.697021484375,2D,0.703125,2D,0.703125,0.006103515625,0.008756567425569177,3.725290298461914e-05,1
840,-1.036376953125,BF,-1.03125,BE,-1.0625,0.026123046875,0.025206124852767964,0.0006824135780334473,0
841,-0.13525390625,F7,-0.140625,F6,-0.15625,0.02099609375,0.1552346570397112,0.00044083595275878906,0
842,-0.30419921875,ED,-0.296875,EC,-0.3125,0.00830078125,0.027287319422150885,6.890296936035156e-05,0
843,-1.205322265625,B9,-1.21875,BA,-1.1875,0.017822265625,0.0147863074741746,0.00031763315200805664,0
844,0.73291015625,2F,0.734375,2F,0.734375,0.00146484375,0.001998667554963358,2.1457672119140625e-06,1
845,-0.134765625,F7,-0.140625,F7,-0.140625,0.005859375,0.043478260869565216,3.4332275390625e-05,1
846,1.095458984375,43,1.09375,44,1.125,0.029541015625,0.026966792957432584,0.0008726716041564941,0
847,1.0498046875,42,1.0625,41,1.03125,0.0185546875,0.017674418604651163,0.00034427642822265625,0
848,-1.047119140625,BE,-1.0625,BE,-1.0625,0.015380859375,0.014688738633714152,0.0002365708351135254,1
849,-1.156494140625,BB,-1.15625,BB,-1.15625,0.000244140625,0.00021110407430863416,5.960464477539063e-08,1
850,-0.35107421875,EA,-0.34375,EA,-0.34375,0.00732421875,0.02086230876216968,5.364418029785156e-05,1
851,0.337158203125,16,0.34375,15,0.328125,0.009033203125,0.026792179580014484,8.159875869750977e-05,0
852,-0.015380859375,FF,-0.015625,FE,-0.03125,0.015869140625,1.0317460317460319,0.0002518296241760254,0
853,0.571044921875,25,0.578125,25,0.578125,0.007080078125,0.012398460880718255,5.0127506256103516e-05,1
854,0.27197265625,11,0.265625,12,0.28125,0.00927734375,0.03411131059245961,8.606910705566406e-05,0
855,-0.413818359375,E6,-0.40625,E6,-0.40625,0.007568359375,0.018289085545722714,5.728006362915039e-05,1
856,-1.2666015625,B7,-1.28125,B9,-1.21875,0.0478515625,0.03777949113338473,0.0022897720336914062,0
857,-0.806396484375,CC,-0.8125,CD,-0.796875,0.009521484375,0.011807447774750226,9.065866470336914e-05,0
858,-0.973388671875,C2,-0.96875,C1,-0.984375,0.010986328125,0.011286681715575621,0.00012069940567016602,0
859,1.38427734375,4C,1.375,4C,1.375,0.00927734375,0.006701940035273368,8.606910705566406e-05,1
860,-0.89794921875,C7,-0.890625,C6,-0.90625,0.00830078125,0.009244154431756389,6.890296936035156e-05,0
861,-0.38916015625,E7,-0.390625,E8,-0.375,0.01416015625,0.03638644918444166,0.00020051002502441406,0
862,-1.066162109375,BE,-1.0625,BE,-1.0625,0.003662109375,0.0034348523013510417,1.341104507446289e-05,1
863,0.29541015625,13,0.296875,13,0.296875,0.00146484375,0.0049586776859504135,2.1457672119140625e-06,1
864,-0.28271484375,EE,-0.28125,ED,-0.296875,0.01416015625,0.05008635578583765,0.00020051002502441406,0
865,0.549560546875,23,0.546875,22,0.53125,0.018310546875,0.03331852509995557,0.00033527612686157227,0
866,0.752685546875,30,0.75,31,0.765625,0.012939453125,0.01719104768083036,0.00016742944717407227,0
867,-0.516357421875,DF,-0.515625,DF,-0.515625,0.000732421875,0.0014184397163120568,5.364418029785156e-07,1
868,0.2255859375,0E,0.21875,0E,0.21875,0.0068359375,0.030303030303030304,4.673004150390625e-05,1
869,0.618896484375,28,0.625,28,0.625,0.006103515625,0.009861932938856016,3.725290298461914e-05,1
870,-1.010986328125,C0,-1.0,C0,-1.0,0.010986328125,0.010866940352571842,0.00012069940567016602,1
871,0.34326171875,16,0.34375,17,0.359375,0.01611328125,0.04694167852062589,0.00025963783264160156,0
872,-0.06982421875,FC,-0.0625,FC,-0.0625,0.00732421875,0.1048951048951049,5.364418029785156e-05,1
873,-0.7431640625,D0,-0.75,D0,-0.75,0.0068359375,0.009198423127463863,4.673004150390625e-05,1
874,-0.045166015625,FD,-0.046875,FD,-0.046875,0.001708984375,0.03783783783783784,2.9206275939941406e-06,1
875,-0.24169921875,F1,-0.234375,F1,-0.234375,0.00732421875,0.030303030303030304,5.364418029785156e-05,1
876,-0.023681640625,FE,-0.03125,FF,-0.015625,0.008056640625,0.3402061855670103,6.490945816040039e-05,0
877,0.7734375,32,0.78125,31,0.765625,0.0078125,0.010101010101010102,6.103515625e-05,0
878,-0.091796875,FA,-0.09375,FA,-0.09375,0.001953125,0.02127659574468085,3.814697265625e-06,1
879,0.056640625,04,0.0625,04,0.0625,0.005859375,0.10344827586206896,3.4332275390625e-05,1
880,-1.497314453125,B0,-1.5,B2,-1.4375,0.059814453125,0.039947823251263656,0.0035777688026428223,0
881,0.499755859375,20,0.5,20,0.5,0.000244140625,0.0004885197850512946,5.960464477539063e-08,1
882,0.331787109375,15,0.328125,14,0.3125,0.019287109375,0.058130978660779986,0.0003719925880432129,0
883,0.403564453125,1A,0.40625,19,0.390625,0.012939453125,0.03206291591046582,0.00016742944717407227,0
884,1.732666015625,57,1.71875,57,1.71875,0.013916015625,0.008031562632098069,0.00019365549087524414,1
885,0.553466796875,23,0.546875,23,0.546875,0.006591796875,0.011910013233348038,4.3451786041259766e-05,1
886,0.995361328125,40,1.0,40,1.0,0.004638671875,0.004660289428501349,2.1517276763916016e-05,1
887,0.57763671875,25,0.578125,25,0.578125,0.00048828125,0.0008453085376162299,2.384185791015625e-07,1
888,-0.280029296875,EE,-0.28125,ED,-0.296875,0.016845703125,0.06015693112467306,0.00028377771377563477,0
889,0.728759765625,2F,0.734375,30,0.75,0.021240234375,0.02914572864321608,0.00045114755630493164,0
890,1.23876953125,48,1.25,48,1.25,0.01123046875,0.009065825778478517,0.00012612342834472656,1
891,0.08740234375,06,0.09375,07,0.109375,0.02197265625,0.25139664804469275,0.00048279762268066406,0
892,-0.688232421875,D4,-0.6875,D5,-0.671875,0.016357421875,0.023767293366442,0.0002675652503967285,0
893,0.5732421875,25,0.578125,24,0.5625,0.0107421875,0.018739352640545145,0.00011539459228515625,0
894,0.64697265625,29,0.640625,29,0.640625,0.00634765625,0.009811320754716982,4.029273986816406e-05,1
895,1.683349609375,56,1.6875,56,1.6875,0.004150390625,0.0024655547498187093,1.722574234008789e-05,1
896,0.286865234375,12,0.28125,13,0.296875,0.010009765625,0.03489361702127659,0.00010019540786743164,0
897,1.1904296875,46,1.1875,46,1.1875,0.0029296875,0.002461033634126333,8.58306884765625e-06,1
898,-0.6142578125,D9,-0.609375,D8,-0.625,0.0107421875,0.017488076311605722,0.00011539459228515625,0
899,-0.110107421875,F9,-0.109375,F9,-0.109375,0.000732421875,0.0066518847006651885,5.364418029785156e-07,1
900,-1.978271484375,A1,-1.96875,A1,-1.96875,0.009521484375,0.004813032210292484,9.065866470336914e-05,1
901,0.58251953125,25,0.578125,26,0.59375,0.01123046875,0.019279128248113998,0.00012612342834472656,0
902,-1.341796875,B5,-1.34375,B5,-1.34375,0.001953125,0.001455604075691412,3.814697265625e-06,1
903,1.5146484375,50,1.5,50,1.5,0.0146484375,0.009671179883945842,0.00021457672119140625,1
904,0.0771484375,05,0.078125,05,0.078125,0.0009765625,0.012658227848101266,9.5367431640625e-07,1
905,0.732177734375,2F,0.734375,2F,0.734375,0.002197265625,0.0030010003334444814,4.827976226806641e-06,1
906,0.3505859375,16,0.34375,18,0.375,0.0244140625,0.06963788300835655,0.0005960464477539062,0
907,-0.73828125,D1,-0.734375,D1,-0.734375,0.00390625,0.005291005291005291,1.52587890625e-05,1
908,-1.20703125,B9,-1.21875,B9,-1.21875,0.01171875,0.009708737864077669,0.0001373291015625,1
909,0.61865234375,28,0.625,27,0.609375,0.00927734375,0.01499605367008682,8.606910705566406e-05,0
910,0.9423828125,3C,0.9375,3B,0.921875,0.0205078125,0.021761658031088083,0.00042057037353515625,0
911,0.803955078125,33,0.796875,34,0.8125,0.008544921875,0.010628606134224112,7.301568984985352e-05,0
912,-1.1455078125,BB,-1.15625,BB,-1.15625,0.0107421875,0.00937766410912191,0.00011539459228515625,1
913,-0.161376953125,F6,-0.15625,F6,-0.15625,0.005126953125,0.03177004538577912,2.6285648345947266e-05,1
914,0.544921875,23,0.546875,24,0.5625,0.017578125,0.03225806451612903,0.000308990478515625,0
915,-1.512939453125,B0,-1.5,B0,-1.5,0.012939453125,0.00855252541552364,0.00016742944717407227,1
916,1.389404296875,4C,1.375,4C,1.375,0.014404296875,0.010367246529608153,0.00020748376846313477,1
917,0.400146484375,1A,0.40625,19,0.390625,0.009521484375,0.023794996949359364,9.065866470336914e-05,0
918,-0.680419921875,D4,-0.6875,D5,-0.671875,0.008544921875,0.012558306422676713,7.301568984985352e-05,0
919,0.18603515625,0C,0.1875,0C,0.1875,0.00146484375,0.007874015748031496,2.1457672119140625e-06,1
920,0.038330078125,02,0.03125,02,0.03125,0.007080078125,0.18471337579617833,5.0127506256103516e-05,1
921,1.104736328125,43,1.09375,43,1.09375,0.010986328125,0.009944751381215469,0.00012069940567016602,1
922,-1.56396484375,AE,-1.5625,AE,-1.5625,0.00146484375,0.0009366219169528567,2.1457672119140625e-06,1
923,1.307861328125,4A,1.3125,4A,1.3125,0.004638671875,0.003546761246966586,2.1517276763916016e-05,1
924,-0.5205078125,DF,-0.515625,DE,-0.53125,0.0107421875,0.020637898686679174,0.00011539459228515625,0
925,0.315185546875,14,0.3125,14,0.3125,0.002685546875,0.008520526723470178,7.212162017822266e-06,1
926,0.10205078125,07,0.109375,06,0.09375,0.00830078125,0.08133971291866028,6.890296936035156e-05,0
927,0.060302734375,04,0.0625,04,0.0625,0.002197265625,0.03643724696356275,4.827976226806641e-06,1
928,1.5224609375,51,1.53125,50,1.5,0.0224609375,0.014753046824887749,0.0005044937133789062,0
929,1.061279296875,42,1.0625,42,1.0625,0.001220703125,0.0011502185415228894,1.4901161193847656e-06,1
930,0.236572265625,0F,0.234375,0F,0.234375,0.002197265625,0.009287925696594427,4.827976226806641e-06,1
931,-0.15283203125,F6,-0.15625,F7,-0.140625,0.01220703125,0.07987220447284345,0.00014901161193847656,0
932,-0.650390625,D6,-0.65625,D6,-0.65625,0.005859375,0.009009009009009009,3.4332275390625e-05,1
933,-1.063232421875,BE,-1.0625,BE,-1.0625,0.000732421875,0.0006888633754305396,5.364418029785156e-07,1
934,0.43359375,1C,0.4375,1C,0.4375,0.00390625,0.009009009009009009,1.52587890625e-05,1
935,-0.2568359375,F0,-0.25,EF,-0.265625,0.0087890625,0.034220532319391636,7.724761962890625e-05,0
936,-0.23779296875,F1,-0.234375,F2,-0.21875,0.01904296875,0.08008213552361396,0.00036263465881347656,0
937,0.449951171875,1D,0.453125,1D,0.453125,0.003173828125,0.00705371676614216,1.0073184967041016e-05,1
938,0.718017578125,2E,0.71875,2E,0.71875,0.000732421875,0.0010200612036722204,5.364418029785156e-07,1
939,-1.527099609375,AF,-1.53125,AF,-1.53125,0.004150390625,0.0027178257394084734,1.722574234008789e-05,1
940,-0.625,D8,-0.625,D8,-0.625,0.0,0.0,0.0,1
941,-0.08251953125,FB,-0.078125,FC,-0.0625,0.02001953125,0.24260355029585798,0.00040078163146972656,0
942,-0.7177734375,D2,-0.71875,D1,-0.734375,0.0166015625,0.02312925170068027,0.00027561187744140625,0
943,-0.242431640625,F0,-0.25,EF,-0.265625,0.023193359375,0.09566968781470292,0.0005379319190979004,0
944,-1.041259765625,BF,-1.03125,BE,-1.0625,0.021240234375,0.020398593200468933,0.00045114755630493164,0
945,-1.5771484375,AE,-1.5625,AE,-1.5625,0.0146484375,0.009287925696594427,0.00021457672119140625,1
946,0.896484375,39,0.890625,3A,0.90625,0.009765625,0.010893246187363835,9.5367431640625e-05,0
947,0.597412109375,26,0.59375,26,0.59375,0.003662109375,0.006129955046996322,1.341104507446289e-05,1
948,0.690673828125,2C,0.6875,2D,0.703125,0.012451171875,0.018027571580063628,0.00015503168106079102,0
949,0.475830078125,1E,0.46875,1F,0.484375,0.008544921875,0.017957927142124165,7.301568984985352e-05,0
950,-0.248779296875,F0,-0.25,EF,-0.265625,0.016845703125,0.06771344455348381,0.00028377771377563477,0
951,-0.852783203125,C9,-0.859375,CA,-0.84375,0.009033203125,0.010592613799026625,8.159875869750977e-05,0
952,-0.76318359375,CF,-0.765625,CF,-0.765625,0.00244140625,0.003198976327575176,5.9604644775390625e-06,1
953,-0.06298828125,FC,-0.0625,FB,-0.078125,0.01513671875,0.24031007751937986,0.00022912025451660156,0
954,0.71923828125,2E,0.71875,2E,0.71875,0.00048828125,0.0006788866259334691,2.384185791015625e-07,1
955,-0.7373046875,D1,-0.734375,D1,-0.734375,0.0029296875,0.003973509933774834,8.58306884765625e-06,1
956,-0.051025390625,FD,-0.046875,FD,-0.046875,0.004150390625,0.08133971291866028,1.722574234008789e-05,1
957,0.2412109375,0F,0.234375,0E,0.21875,0.0224609375,0.0931174089068826,0.0005044937133789062,0
958,0.656005859375,2A,0.65625,29,0.640625,0.015380859375,0.023446222553033122,0.0002365708351135254,0
959,0.181396484375,0C,0.1875,0C,0.1875,0.006103515625,0.033647375504710635,3.725290298461914e-05,1
960,-0.701171875,D3,-0.703125,D2,-0.71875,0.017578125,0.025069637883008356,0.000308990478515625,0
961,-1.62646484375,AC,-1.625,AC,-1.625,0.00146484375,0.0009006304413089162,2.1457672119140625e-06,1
962,-2.21044921875,9E,-2.25,9E,-2.25,0.03955078125,0.017892644135188866,0.0015642642974853516,1
963,0.820556640625,35,0.828125,35,0.828125,0.007568359375,0.009223445403153823,5.728006362915039e-05,1
964,-0.56494140625,DC,-0.5625,DC,-0.5625,0.00244140625,0.00432152117545376,5.9604644775390625e-06,1
965,0.4130859375,1A,0.40625,1A,0.40625,0.0068359375,0.016548463356973995,4.673004150390625e-05,1
966,-0.172119140625,F5,-0.171875,F6,-0.15625,0.015869140625,0.09219858156028368,0.0002518296241760254,0
967,0.36181640625,17,0.359375,17,0.359375,0.00244140625,0.006747638326585695,5.9604644775390625e-06,1
968,0.625,28,0.625,28,0.625,0.0,0.0,0.0,1
969,-0.25244140625,F0,-0.25,EF,-0.265625,0.01318359375,0.05222437137330754,0.00017380714416503906,0
970,-1.255859375,B8,-1.25,B8,-1.25,0.005859375,0.004665629860031105,3.4332275390625e-05,1
971,0.66943359375,2B,0.671875,2B,0.671875,0.00244140625,0.0036469730123997084,5.9604644775390625e-06,1
972,-0.54638671875,DD,-0.546875,DE,-0.53125,0.01513671875,0.02770330652368186,0.00022912025451660156,0
973,-0.054443359375,FD,-0.046875,FC,-0.0625,0.008056640625,0.14798206278026907,6.490945816040039e-05,0
974,1.104248046875,43,1.09375,43,1.09375,0.010498046875,0.009506964404156533,0.00011020898818969727,1
975,-0.28466796875,EE,-0.28125,EE,-0.28125,0.00341796875,0.012006861063464836,1.1682510375976562e-05,1
976,-1.532470703125,AF,-1.53125,AF,-1.53125,0.001220703125,0.0007965588657001752,1.4901161193847656e-06,1
977,-1.032470703125,BF,-1.03125,C0,-1.0,0.032470703125,0.03144951525183259,0.0010543465614318848,0
978,-0.47265625,E2,-0.46875,E3,-0.453125,0.01953125,0.04132231404958678,0.0003814697265625,0
979,0.248291015625,10,0.25,11,0.265625,0.017333984375,0.06981317600786627,0.00030046701431274414,0
980,-0.244140625,F0,-0.25,F1,-0.234375,0.009765625,0.04,9.5367431640625e-05,0
981,0.162353515625,0A,0.15625,0A,0.15625,0.006103515625,0.03759398496240601,3.725290298461914e-05,1
982,0.303955078125,13,0.296875,14,0.3125,0.008544921875,0.028112449799196786,7.301568984985352e-05,0
983,0.290771484375,13,0.296875,12,0.28125,0.009521484375,0.0327455919395466,9.065866470336914e-05,0
984,-0.9462890625,C3,-0.953125,C3,-0.953125,0.0068359375,0.007223942208462332,4.673004150390625e-05,1
985,-0.674560546875,D5,-0.671875,D4,-0.6875,0.012939453125,0.01918204849800941,0.00016742944717407227,0
986,1.19384765625,46,1.1875,46,1.1875,0.00634765625,0.005316973415132925,4.029273986816406e-05,1
987,-0.94091796875,C4,-0.9375,C5,-0.921875,0.01904296875,0.020238713025428127,0.00036263465881347656,0
988,0.74951171875,30,0.75,2F,0.734375,0.01513671875,0.020195439739413682,0.00022912025451660156,0
989,0.36865234375,18,0.375,18,0.375,0.00634765625,0.017218543046357615,4.029273986816406e-05,1
990,0.115478515625,07,0.109375,08,0.125,0.009521484375,0.0824524312896406,9.065866470336914e-05,0
991,-0.547119140625,DD,-0.546875,DD,-0.546875,0.000244140625,0.0004462293618920125,5.960464477539063e-08,1
992,0.7138671875,2E,0.71875,2E,0.71875,0.0048828125,0.006839945280437756,2.384185791015625e-05,1
993,-1.7333984375,A9,-1.71875,A9,-1.71875,0.0146484375,0.008450704225352112,0.00021457672119140625,1
994,-0.4697265625,E2,-0.46875,E3,-0.453125,0.0166015625,0.035343035343035345,0.00027561187744140625,0
995,0.54541015625,23,0.546875,23,0.546875,0.00146484375,0.0026857654431512983,2.1457672119140625e-06,1
996,0.286865234375,12,0.28125,12,0.28125,0.005615234375,0.01957446808510638,3.153085708618164e-05,1
997,0.2724609375,11,0.265625,12,0.28125,0.0087890625,0.03225806451612903,7.724761962890625e-05,0
998,0.0390625,02,0.03125,03,0.046875,0.0078125,0.2,6.103515625e-05,0
999,-1.25244140625,B8,-1.25,B8,-1.25,0.00244140625,0.001949317738791423,5.9604644775390625e-06,1
1000,0.614501953125,27,0.609375,27,0.609375,0.005126953125,0.00834326579261025,2.6285648345947266e-05,1
1001,0.713134765625,2E,0.71875,2E,0.71875,0.005615234375,0.007874015748031496,3.153085708618164e-05,1
1002,-0.1943359375,F4,-0.1875,F3,-0.203125,0.0087890625,0.04522613065326633,7.724761962890625e-05,0
1003,-1.1875,BA,-1.1875,BA,-1.1875,0.0,0.0,0.0,1
1004,0.842041015625,36,0.84375,36,0.84375,0.001708984375,0.002029573789504204,2.9206275939941406e-06,1
1005,-1.1044921875,BD,-1.09375,BD,-1.09375,0.0107421875,0.009725906277630416,0.00011539459228515625,1
1006,-0.4931640625,E0,-0.5,DF,-0.515625,0.0224609375,0.04554455445544554,0.0005044937133789062,0
1007,1.663330078125,55,1.65625,55,1.65625,0.007080078125,0.004256568325260532,5.0127506256103516e-05,1
1008,0.791015625,33,0.796875,33,0.796875,0.005859375,0.007407407407407408,3.4332275390625e-05,1
1009,-1.0849609375,BD,-1.09375,BE,-1.0625,0.0224609375,0.020702070207020702,0.0005044937133789062,0
1010,-0.668701171875,D5,-0.671875,D7,-0.640625,0.028076171875,0.041986126323475724,0.000788271427154541,0
1011,0.851806640625,37,0.859375,37,0.859375,0.007568359375,0.008885067354542848,5.728006362915039e-05,1
1012,-0.43896484375,E4,-0.4375,E4,-0.4375,0.00146484375,0.0033370411568409346,2.1457672119140625e-06,1
1013,-1.016357421875,BF,-1.03125,C0,-1.0,0.016357421875,0.01609416286331972,0.0002675652503967285,0
1014,-1.079345703125,BD,-1.09375,BE,-1.0625,0.016845703125,0.015607328658674507,0.00028377771377563477,0
1015,-0.371826171875,E8,-0.375,E7,-0.390625,0.018798828125,0.050558108995403805,0.000353395938873291,0
1016,0.523681640625,22,0.53125,20,0.5,0.023681640625,0.04522144522144522,0.0005608201026916504,0
1017,-1.7275390625,A9,-1.71875,A9,-1.71875,0.0087890625,0.005087620124364048,7.724761962890625e-05,1
1018,-0.11865234375,F8,-0.125,F8,-0.125,0.00634765625,0.053497942386831275,4.029273986816406e-05,1
1019,-0.902587890625,C6,-0.90625,C7,-0.890625,0.011962890625,0.013253989721395727,0.0001431107521057129,0
1020,1.467041015625,4F,1.46875,4E,1.4375,0.029541015625,0.020136461973706107,0.0008726716041564941,0
1021,-1.884521484375,A4,-1.875,A4,-1.875,0.009521484375,0.005052467936261173,9.065866470336914e-05,1
1022,-0.95263671875,C3,-0.953125,C2,-0.96875,0.01611328125,0.016914402870322913,0.00025963783264160156,0
1023,-0.564208984375,DC,-0.5625,DB,-0.578125,0.013916015625,0.024664647338814367,0.00019365549087524414,0
1024,1.03466796875,41,1.03125,42,1.0625,0.02783203125,0.026899480887210947,0.0007746219635009766,0
1025,0.238525390625,0F,0.234375,0F,0.234375,0.004150390625,0.017400204708290685,1.722574234008789e-05,1
1026,0.39404296875,19,0.390625,19,0.390625,0.00341796875,0.008674101610904586,1.1682510375976562e-05,1
1027,0.70751953125,2D,0.703125,2E,0.71875,0.01123046875,0.015873015873015872,0.00012612342834472656,0
1028,-0.089599609375,FA,-0.09375,F9,-0.109375,0.019775390625,0.22070844686648503,0.0003910660743713379,0
1029,0.24169921875,0F,0.234375,0F,0.234375,0.00732421875,0.030303030303030304,5.364418029785156e-05,1
1030,0.03125,02,0.03125,02,0.03125,0.0,0.0,0.0,1
1031,0.282470703125,12,0.28125,12,0.28125,0.001220703125,0.00432152117545376,1.4901161193847656e-06,1
1032,0.404052734375,1A,0.40625,1A,0.40625,0.002197265625,0.005438066465256798,4.827976226806641e-06,1
1033,-0.428466796875,E5,-0.421875,E4,-0.4375,0.009033203125,0.021082621082621083,8.159875869750977e-05,0
1034,0.60107421875,26,0.59375,26,0.59375,0.00732421875,0.012185215272136474,5.364418029785156e-05,1
1035,-0.67041015625,D5,-0.671875,D5,-0.671875,0.00146484375,0.0021849963583394027,2.1457672119140625e-06,1
1036,-1.097412109375,BD,-1.09375,BC,-1.125,0.027587890625,0.02513904338153504,0.0007610917091369629,0
1037,-2.1318359375,9F,-2.125,9F,-2.125,0.0068359375,0.00320659642693541,4.673004150390625e-05,1
1038,1.209228515625,47,1.21875,46,1.1875,0.021728515625,0.01796890773268726,0.00047212839126586914,0
1039,-0.162353515625,F6,-0.15625,F6,-0.15625,0.006103515625,0.03759398496240601,3.725290298461914e-05,1
1040,-1.331298828125,B5,-1.34375,B6,-1.3125,0.018798828125,0.014120667522464698,0.000353395938873291,0
1041,-0.625,D8,-0.625,D7,-0.640625,0.015625,0.025,0.000244140625,0
1042,-0.52978515625,DE,-0.53125,DE,-0.53125,0.00146484375,0.0027649769585253456,2.1457672119140625e-06,1
1043,0.588134765625,26,0.59375,25,0.578125,0.010009765625,0.017019510170195103,0.00010019540786743164,0
1044,-1.18896484375,BA,-1.1875,BA,-1.1875,0.00146484375,0.0012320328542094457,2.1457672119140625e-06,1
1045,0.1455078125,09,0.140625,09,0.140625,0.0048828125,0.03355704697986577,2.384185791015625e-05,1
1046,0.562744140625,24,0.5625,24,0.5625,0.000244140625,0.0004338394793926247,5.960464477539063e-08,1
1047,-2.0830078125,9F,-2.125,A0,-2.0,0.0830078125,0.03984997655883732,0.006890296936035156,0
1048,-0.841552734375,CA,-0.84375,CA,-0.84375,0.002197265625,0.0026109660574412533,4.827976226806641e-06,1
1049,1.50390625,50,1.5,50,1.5,0.00390625,0.0025974025974025974,1.52587890625e-05,1
1050,-0.60986328125,D9,-0.609375,D9,-0.609375,0.00048828125,0.0008006405124099279,2.384185791015625e-07,1
1051,1.136474609375,44,1.125,44,1.125,0.011474609375,0.010096670247046188,0.0001316666603088379,1
1052,0.595703125,26,0.59375,26,0.59375,0.001953125,0.003278688524590164,3.814697265625e-06,1
1053,0.827392578125,35,0.828125,36,0.84375,0.016357421875,0.01976984361168486,0.0002675652503967285,0
1054,-0.50537109375,E0,-0.5,DF,-0.515625,0.01025390625,0.020289855072463767,0.00010514259338378906,0
1055,-0.831787109375,CB,-0.828125,CC,-0.8125,0.019287109375,0.023187555033754036,0.0003719925880432129,0
1056,0.1435546875,09,0.140625,09,0.140625,0.0029296875,0.02040816326530612,8.58306884765625e-06,1
1057,-0.60498046875,D9,-0.609375,D9,-0.609375,0.00439453125,0.007263922518159807,1.9311904907226562e-05,1
1058,-0.775390625,CE,-0.78125,CF,-0.765625,0.009765625,0.012594458438287154,9.5367431640625e-05,0
1059,-0.674560546875,D5,-0.671875,D5,-0.671875,0.002685546875,0.003981179876945349,7.212162017822266e-06,1
1060,-0.537841796875,DE,-0.53125,DD,-0.546875,0.009033203125,0.016795279164775308,8.159875869750977e-05,0
1061,0.861328125,37,0.859375,38,0.875,0.013671875,0.015873015873015872,0.000186920166015625,0
1062,-1.0029296875,C0,-1.0,C0,-1.0,0.0029296875,0.0029211295034079843,8.58306884765625e-06,1
1063,0.857421875,37,0.859375,37,0.859375,0.001953125,0.002277904328018223,3.814697265625e-06,1
1064,0.192626953125,0C,0.1875,0C,0.1875,0.005126953125,0.026615969581749048,2.6285648345947266e-05,1
1065,-1.367919921875,B4,-1.375,B4,-1.375,0.007080078125,0.005175798679278957,5.0127506256103516e-05,1
1066,-0.99560546875,C0,-1.0,C0,-1.0,0.00439453125,0.004413928396272682,1.9311904907226562e-05,1
1067,-0.991455078125,C1,-0.984375,C1,-0.984375,0.007080078125,0.007141098251662152,5.0127506256103516e-05,1
1068,2.895263671875,67,2.875,67,2.875,0.020263671875,0.006998903786153976,0.000410616397857666,1
1069,-0.452880859375,E3,-0.453125,E3,-0.453125,0.000244140625,0.0005390835579514825,5.960464477539063e-08,1
1070,1.052001953125,42,1.0625,42,1.0625,0.010498046875,0.009979113483406823,0.00011020898818969727,1
1071,0.685791015625,2C,0.6875,2B,0.671875,0.013916015625,0.02029191883232467,0.00019365549087524414,0
1072,-1.285888671875,B7,-1.28125,B6,-1.3125,0.026611328125,0.020694892728308333,0.000708162784576416,0
1073,-0.135009765625,F7,-0.140625,F8,-0.125,0.010009765625,0.07414104882459313,0.00010019540786743164,0
1074,-1.379150390625,B4,-1.375,B4,-1.375,0.004150390625,0.0030093821915383252,1.722574234008789e-05,1
1075,-0.675537109375,D5,-0.671875,D5,-0.671875,0.003662109375,0.005421033610408385,1.341104507446289e-05,1
1076,-0.837890625,CA,-0.84375,CA,-0.84375,0.005859375,0.006993006993006993,3.4332275390625e-05,1
1077,-1.169921875,BB,-1.15625,BB,-1.15625,0.013671875,0.011686143572621035,0.000186920166015625,1
1078,-1.25830078125,B8,-1.25,B8,-1.25,0.00830078125,0.006596818005432673,6.890296936035156e-05,1
1079,0.509765625,21,0.515625,20,0.5,0.009765625,0.019157088122605363,9.5367431640625e-05,0
1080,0.15478515625,0A,0.15625,0A,0.15625,0.00146484375,0.00946372239747634,2.1457672119140625e-06,1
1081,0.771484375,31,0.765625,31,0.765625,0.005859375,0.007594936708860759,3.4332275390625e-05,1
1082,-0.35595703125,E9,-0.359375,E9,-0.359375,0.00341796875,0.009602194787379973,1.1682510375976562e-05,1
1083,-0.22119140625,F2,-0.21875,F2,-0.21875,0.00244140625,0.011037527593818985,5.9604644775390625e-06,1
1084,-0.4912109375,E1,-0.484375,E1,-0.484375,0.0068359375,0.013916500994035786,4.673004150390625e-05,1
1085,0.799560546875,33,0.796875,33,0.796875,0.002685546875,0.0033587786259541984,7.212162017822266e-06,1
1086,0.9990234375,40,1.0,3F,0.984375,0.0146484375,0.01466275659824047,0.00021457672119140625,0
1087,-0.360107421875,E9,-0.359375,E8,-0.375,0.014892578125,0.04135593220338983,0.00022178888320922852,0
1088,1.4052734375,4D,1.40625,4D,1.40625,0.0009765625,0.0006949270326615705,9.5367431640625e-07,1
1089,0.039306640625,03,0.046875,03,0.046875,0.007568359375,0.19254658385093168,5.728006362915039e-05,1
1090,0.068115234375,04,0.0625,04,0.0625,0.005615234375,0.08243727598566308,3.153085708618164e-05,1
1091,0.53125,22,0.53125,22,0.53125,0.0,0.0,0.0,1
1092,-0.60693359375,D9,-0.609375,D9,-0.609375,0.00244140625,0.004022526146419952,5.9604644775390625e-06,1
1093,-0.2568359375,F0,-0.25,EF,-0.265625,0.0087890625,0.034220532319391636,7.724761962890625e-05,0
1094,-1.0048828125,C0,-1.0,C0,-1.0,0.0048828125,0.004859086491739553,2.384185791015625e-05,1
1095,-0.246337890625,F0,-0.25,F0,-0.25,0.003662109375,0.014866204162537165,1.341104507446289e-05,1
1096,0.2861328125,12,0.28125,12,0.28125,0.0048828125,0.017064846416382253,2.384185791015625e-05,1
1097,-0.910400390625,C6,-0.90625,C6,-0.90625,0.004150390625,0.004558862965942612,1.722574234008789e-05,1
1098,0.132568359375,08,0.125,09,0.140625,0.008056640625,0.06077348066298342,6.490945816040039e-05,0
1099,-0.161376953125,F6,-0.15625,F6,-0.15625,0.005126953125,0.03177004538577912,2.6285648345947266e-05,1
1100,1.3779296875,4C,1.375,4C,1.375,0.0029296875,0.002126151665485471,8.58306884765625e-06,1
1101,0.8857421875,39,0.890625,38,0.875,0.0107421875,0.012127894156560088,0.00011539459228515625,0
1102,-0.9853515625,C1,-0.984375,C1,-0.984375,0.0009765625,0.0009910802775024777,9.5367431640625e-07,1
1103,-1.634033203125,AC,-1.625,AC,-1.625,0.009033203125,0.005528163753174959,8.159875869750977e-05,1
1104,-0.09130859375,FA,-0.09375,FA,-0.09375,0.00244140625,0.026737967914438502,5.9604644775390625e-06,1
1105,-0.06005859375,FC,-0.0625,FD,-0.046875,0.01318359375,0.21951219512195122,0.00017380714416503906,0
1106,1.0947265625,43,1.09375,44,1.125,0.0302734375,0.027653880463871544,0.0009164810180664062,0
1107,-1.651123046875,AB,-1.65625,AC,-1.625,0.026123046875,0.015821381043915422,0.0006824135780334473,0
1108,-0.298828125,ED,-0.296875,ED,-0.296875,0.001953125,0.006535947712418301,3.814697265625e-06,1
1109,-0.904296875,C6,-0.90625,C7,-0.890625,0.013671875,0.01511879049676026,0.000186920166015625,0
1110,0.82421875,35,0.828125,35,0.828125,0.00390625,0.004739336492890996,1.52587890625e-05,1
1111,0.576171875,25,0.578125,24,0.5625,0.013671875,0.023728813559322035,0.000186920166015625,0
1112,-0.386474609375,E7,-0.390625,E7,-0.390625,0.004150390625,0.010739102969046115,1.722574234008789e-05,1
1113,0.74755859375,30,0.75,31,0.765625,0.01806640625,0.024167210973220117,0.00032639503479003906,0
1114,-0.401611328125,E6,-0.40625,E7,-0.390625,0.010986328125,0.02735562310030395,0.00012069940567016602,0
1115,-0.022216796875,FF,-0.015625,FE,-0.03125,0.009033203125,0.4065934065934066,8.159875869750977e-05,0
1116,-0.405029296875,E6,-0.40625,E6,-0.40625,0.001220703125,0.0030138637733574444,1.4901161193847656e-06,1
1117,-0.31201171875,EC,-0.3125,EC,-0.3125,0.00048828125,0.001564945226917058,2.384185791015625e-07,1
1118,-0.421875,E5,-0.421875,E4,-0.4375,0.015625,0.037037037037037035,0.000244140625,0
1119,-0.509033203125,DF,-0.515625,DF,-0.515625,0.006591796875,0.012949640287769784,4.3451786041259766e-05,1
1120,-1.191650390625,BA,-1.1875,BA,-1.1875,0.004150390625,0.0034828928498258555,1.722574234008789e-05,1
1121,-0.03515625,FE,-0.03125,FD,-0.046875,0.01171875,0.3333333333333333,0.0001373291015625,0
1122,-0.7939453125,CD,-0.796875,CD,-0.796875,0.0029296875,0.0036900369003690036,8.58306884765625e-06,1
1123,0.182373046875,0C,0.1875,0C,0.1875,0.005126953125,0.028112449799196786,2.6285648345947266e-05,1
1124,-0.769287109375,CF,-0.765625,CE,-0.78125,0.011962890625,0.015550618851158363,0.0001431107521057129,0
1125,-0.135009765625,F7,-0.140625,F7,-0.140625,0.005615234375,0.04159132007233273,3.153085708618164e-05,1
1126,-0.9287109375,C5,-0.921875,C5,-0.921875,0.0068359375,0.007360672975814932,4.673004150390625e-05,1
1127,1.2900390625,49,1.28125,49,1.28125,0.0087890625,0.006813020439061317,7.724761962890625e-05,1
1128,-0.473876953125,E2,-0.46875,E2,-0.46875,0.005126953125,0.010819165378670788,2.6285648345947266e-05,1
1129,-0.00390625,FF,-0.015625,FF,-0.015625,0.01171875,3.0,0.0001373291015625,1
1130,-0.441650390625,E4,-0.4375,E4,-0.4375,0.004150390625,0.009397457158651189,1.722574234008789e-05,1
1131,-1.9619140625,A1,-1.96875,A4,-1.875,0.0869140625,0.04430064708810354,0.007554054260253906,0
1132,0.0810546875,05,0.078125,06,0.09375,0.0126953125,0.1566265060240964,0.00016117095947265625,0
1133,0.20751953125,0D,0.203125,0D,0.203125,0.00439453125,0.021176470588235293,1.9311904907226562e-05,1
1134,-0.3583984375,E9,-0.359375,EA,-0.34375,0.0146484375,0.04087193460490463,0.00021457672119140625,0
1135,0.628662109375,28,0.625,28,0.625,0.003662109375,0.005825242718446602,1.341104507446289e-05,1
1136,-1.223388671875,B9,-1.21875,BA,-1.1875,0.035888671875,0.029335461983636,0.001287996768951416,0
1137,1.463623046875,4F,1.46875,4F,1.46875,0.005126953125,0.0035029190992493745,2.6285648345947266e-05,1
1138,-0.3173828125,EC,-0.3125,EC,-0.3125,0.0048828125,0.015384615384615385,2.384185791015625e-05,1
1139,0.62451171875,28,0.625,2A,0.65625,0.03173828125,0.0508209538702111,0.0010073184967041016,0
1140,-0.63134765625,D8,-0.625,D8,-0.625,0.00634765625,0.010054137664346482,4.029273986816406e-05,1
1141,0.33837890625,16,0.34375,17,0.359375,0.02099609375,0.06204906204906205,0.00044083595275878906,0
1142,-1.68310546875,AA,-1.6875,AA,-1.6875,0.00439453125,0.0026109660574412533,1.9311904907226562e-05,1
1143,-0.2744140625,EE,-0.28125,EF,-0.265625,0.0087890625,0.03202846975088968,7.724761962890625e-05,0
1144,-0.02490234375,FE,-0.03125,FF,-0.015625,0.00927734375,0.37254901960784315,8.606910705566406e-05,0
1145,0.50341796875,20,0.5,20,0.5,0.00341796875,0.006789524733268671,1.1682510375976562e-05,1
1146,1.432861328125,4E,1.4375,4E,1.4375,0.004638671875,0.0032373487817345375,2.1517276763916016e-05,1
1147,-0.7490234375,D0,-0.75,D1,-0.734375,0.0146484375,0.01955671447196871,0.00021457672119140625,0
1148,0.39501953125,19,0.390625,19,0.390625,0.00439453125,0.011124845488257108,1.9311904907226562e-05,1
1149,0.56884765625,24,0.5625,24,0.5625,0.00634765625,0.011158798283261802,4.029273986816406e-05,1
1150,1.066650390625,42,1.0625,42,1.0625,0.004150390625,0.0038910505836575876,1.722574234008789e-05,1
1151,-1.016357421875,BF,-1.03125,C0,-1.0,0.016357421875,0.01609416286331972,0.0002675652503967285,0
1152,0.17041015625,0B,0.171875,0A,0.15625,0.01416015625,0.0830945558739255,0.00020051002502441406,0
1153,0.359130859375,17,0.359375,16,0.34375,0.015380859375,0.04282800815771584,0.0002365708351135254,0
1154,0.727783203125,2F,0.734375,2E,0.71875,0.009033203125,0.012411942301241194,8.159875869750977e-05,0
1155,-0.69873046875,D3,-0.703125,D3,-0.703125,0.00439453125,0.006289308176100629,1.9311904907226562e-05,1
1156,1.059326171875,42,1.0625,42,1.0625,0.003173828125,0.0029960820465545056,1.0073184967041016e-05,1
1157,-1.590576171875,AD,-1.59375,AD,-1.59375,0.003173828125,0.001995395241749808,1.0073184967041016e-05,1
1158,-0.035400390625,FE,-0.03125,FE,-0.03125,0.004150390625,0.11724137931034483,1.722574234008789e-05,1
1159,1.531494140625,51,1.53125,51,1.53125,0.000244140625,0.00015941335883947074,5.960464477539063e-08,1
1160,1.88916015625,5C,1.875,5C,1.875,0.01416015625,0.007495476867407599,0.00020051002502441406,1
1161,-1.330078125,B5,-1.34375,B6,-1.3125,0.017578125,0.013215859030837005,0.000308990478515625,0
1162,-0.06640625,FC,-0.0625,FA,-0.09375,0.02734375,0.4117647058823529,0.0007476806640625,0
1163,-0.0576171875,FC,-0.0625,FB,-0.078125,0.0205078125,0.3559322033898305,0.00042057037353515625,0
1164,-0.28857421875,EE,-0.28125,EE,-0.28125,0.00732421875,0.025380710659898477,5.364418029785156e-05,1
1165,0.9033203125,3A,0.90625,3A,0.90625,0.0029296875,0.003243243243243243,8.58306884765625e-06,1
1166,0.15576171875,0A,0.15625,0B,0.171875,0.01611328125,0.10344827586206896,0.00025963783264160156,0
1167,-1.13720703125,BC,-1.125,BC,-1.125,0.01220703125,0.010734220695577501,0.00014901161193847656,1
1168,0.064697265625,04,0.0625,04,0.0625,0.002197265625,0.033962264150943396,4.827976226806641e-06,1
1169,-1.4306640625,B2,-1.4375,B2,-1.4375,0.0068359375,0.00477815699658703,4.673004150390625e-05,1
1170,-0.31787109375,EC,-0.3125,EB,-0.328125,0.01025390625,0.03225806451612903,0.00010514259338378906,0
1171,0.441162109375,1C,0.4375,1D,0.453125,0.011962890625,0.027116768123962368,0.0001431107521057129,0
1172,-1.02490234375,BF,-1.03125,C0,-1.0,0.02490234375,0.02429728442115293,0.0006201267242431641,0
1173,0.102294921875,07,0.109375,08,0.125,0.022705078125,0.22195704057279236,0.0005155205726623535,0
1174,-0.48876953125,E1,-0.484375,E2,-0.46875,0.02001953125,0.04095904095904096,0.00040078163146972656,0
1175,-1.137939453125,BC,-1.125,BC,-1.125,0.012939453125,0.01137095043981978,0.00016742944717407227,1
1176,0.35302734375,17,0.359375,17,0.359375,0.00634765625,0.017980636237897647,4.029273986816406e-05,1
1177,-0.56884765625,DC,-0.5625,DB,-0.578125,0.00927734375,0.01630901287553648,8.606910705566406e-05,0
1178,-0.280029296875,EE,-0.28125,EE,-0.28125,0.001220703125,0.004359197907585004,1.4901161193847656e-06,1
1179,-0.039306640625,FD,-0.046875,FD,-0.046875,0.007568359375,0.19254658385093168,5.728006362915039e-05,1
1180,1.6220703125,54,1.625,54,1.625,0.0029296875,0.001806140878988561,8.58306884765625e-06,1
1181,-0.279541015625,EE,-0.28125,EE,-0.28125,0.001708984375,0.00611353711790393,2.9206275939941406e-06,1
1182,1.614501953125,54,1.625,54,1.625,0.010498046875,0.006502343868138515,0.00011020898818969727,1
1183,-0.4990234375,E0,-0.5,E0,-0.5,0.0009765625,0.0019569471624266144,9.5367431640625e-07,1
1184,-0.265380859375,EF,-0.265625,F0,-0.25,0.015380859375,0.05795768169273229,0.0002365708351135254,0
1185,-0.174072265625,F5,-0.171875,F6,-0.15625,0.017822265625,0.10238429172510519,0.00031763315200805664,0
1186,0.318603515625,14,0.3125,13,0.296875,0.021728515625,0.0681992337164751,0.00047212839126586914,0
1187,1.896484375,5D,1.90625,5C,1.875,0.021484375,0.01132852729145211,0.000461578369140625,0
1188,0.63916015625,29,0.640625,2A,0.65625,0.01708984375,0.026737967914438502,0.00029206275939941406,0
1189,-1.3017578125,B6,-1.3125,B6,-1.3125,0.0107421875,0.008252063015753939,0.00011539459228515625,1
1190,0.5830078125,25,0.578125,26,0.59375,0.0107421875,0.018425460636515914,0.00011539459228515625,0
1191,-1.095947265625,BD,-1.09375,BD,-1.09375,0.002197265625,0.0020049008687903764,4.827976226806641e-06,1
1192,-0.2412109375,F1,-0.234375,F1,-0.234375,0.0068359375,0.02834008097165992,4.673004150390625e-05,1
1193,1.364501953125,4C,1.375,4C,1.375,0.010498046875,0.007693684022186438,0.00011020898818969727,1
1194,0.375732421875,18,0.375,18,0.375,0.000732421875,0.001949317738791423,5.364418029785156e-07,1
1195,1.0419921875,41,1.03125,42,1.0625,0.0205078125,0.019681349578256794,0.00042057037353515625,0
1196,-1.107421875,BD,-1.09375,BC,-1.125,0.017578125,0.015873015873015872,0.000308990478515625,0
1197,2.171630859375,61,2.125,61,2.125,0.046630859375,0.02147273749297358,0.0021744370460510254,1
1198,-0.073974609375,FB,-0.078125,FB,-0.078125,0.004150390625,0.056105610561056105,1.722574234008789e-05,1
1199,0.2822265625,12,0.28125,12,0.28125,0.0009765625,0.0034602076124567475,9.5367431640625e-07,1
1200,0.59716796875,26,0.59375,26,0.59375,0.00341796875,0.005723630417007359,1.1682510375976562e-05,1
1201,0.152587890625,0A,0.15625,0A,0.15625,0.003662109375,0.024,1.341104507446289e-05,1
1202,1.064697265625,42,1.0625,42,1.0625,0.002197265625,0.0020637468470534283,4.827976226806641e-06,1
1203,-1.177490234375,BA,-1.1875,BA,-1.1875,0.010009765625,0.008500933029234915,0.00010019540786743164,1
1204,-0.251708984375,F0,-0.25,F0,-0.25,0.001708984375,0.006789524733268671,2.9206275939941406e-06,1
1205,0.857666015625,37,0.859375,37,0.859375,0.001708984375,0.0019925989183034445,2.9206275939941406e-06,1
1206,-0.828857421875,CB,-0.828125,CC,-0.8125,0.016357421875,0.019734904270986744,0.0002675652503967285,0
1207,-1.3623046875,B4,-1.375,B4,-1.375,0.0126953125,0.00931899641577061,0.00016117095947265625,1
1208,-1.052001953125,BE,-1.0625,BE,-1.0625,0.010498046875,0.009979113483406823,0.00011020898818969727,1
1209,0.263671875,11,0.265625,11,0.265625,0.001953125,0.007407407407407408,3.814697265625e-06,1
1210,-0.887939453125,C7,-0.890625,C7,-0.890625,0.002685546875,0.0030244707176244156,7.212162017822266e-06,1
1211,-0.933837890625,C4,-0.9375,C5,-0.921875,0.011962890625,0.01281045751633987,0.0001431107521057129,0
1212,1.18115234375,46,1.1875,46,1.1875,0.00634765625,0.005374121537825548,4.029273986816406e-05,1
1213,1.81787109375,5A,1.8125,5A,1.8125,0.00537109375,0.0029546065001343,2.8848648071289062e-05,1
1214,0.031982421875,02,0.03125,03,0.046875,0.014892578125,0.46564885496183206,0.00022178888320922852,0
1215,0.877685546875,38,0.875,39,0.890625,0.012939453125,0.01474269819193324,0.00016742944717407227,0
1216,0.626953125,28,0.625,29,0.640625,0.013671875,0.021806853582554516,0.000186920166015625,0
1217,0.28173828125,12,0.28125,12,0.28125,0.00048828125,0.0017331022530329288,2.384185791015625e-07,1
1218,-0.8720703125,C8,-0.875,C8,-0.875,0.0029296875,0.0033594624860022394,8.58306884765625e-06,1
1219,-0.2060546875,F3,-0.203125,F4,-0.1875,0.0185546875,0.09004739336492891,0.00034427642822265625,0
1220,-1.1884765625,BA,-1.1875,BA,-1.1875,0.0009765625,0.0008216926869350862,9.5367431640625e-07,1
1221,0.4345703125,1C,0.4375,1D,0.453125,0.0185546875,0.04269662921348315,0.00034427642822265625,0
1222,-0.140380859375,F7,-0.140625,F7,-0.140625,0.000244140625,0.0017391304347826088,5.960464477539063e-08,1
1223,-1.616943359375,AC,-1.625,AC,-1.625,0.008056640625,0.004982636267552468,6.490945816040039e-05,1
1224,-1.9189453125,A3,-1.90625,A2,-1.9375,0.0185546875,0.009669211195928753,0.00034427642822265625,0
1225,0.431396484375,1C,0.4375,1B,0.421875,0.009521484375,0.022071307300509338,9.065866470336914e-05,0
1226,-1.4208984375,B3,-1.40625,B2,-1.4375,0.0166015625,0.01168384879725086,0.00027561187744140625,0
1227,1.303955078125,4A,1.3125,4A,1.3125,0.008544921875,0.00655307994757536,7.301568984985352e-05,1
1228,0.42919921875,1B,0.421875,1B,0.421875,0.00732421875,0.017064846416382253,5.364418029785156e-05,1
1229,-2.15283203125,9F,-2.125,9F,-2.125,0.02783203125,0.01292810161034248,0.0007746219635009766,1
1230,1.80078125,5A,1.8125,5A,1.8125,0.01171875,0.006507592190889371,0.0001373291015625,1
1231,0.216796875,0E,0.21875,0E,0.21875,0.001953125,0.009009009009009009,3.814697265625e-06,1
1232,0.533203125,22,0.53125,22,0.53125,0.001953125,0.003663003663003663,3.814697265625e-06,1
1233,-0.59912109375,DA,-0.59375,D9,-0.609375,0.01025390625,0.017114914425427872,0.00010514259338378906,0
1234,0.058837890625,04,0.0625,03,0.046875,0.011962890625,0.2033195020746888,0.0001431107521057129,0
1235,-0.9208984375,C5,-0.921875,C5,-0.921875,0.0009765625,0.0010604453870625664,9.5367431640625e-07,1
1236,-1.64208984375,AB,-1.65625,AB,-1.65625,0.01416015625,0.008623253047873923,0.00020051002502441406,1
1237,0.42626953125,1B,0.421875,1C,0.4375,0.01123046875,0.026345933562428408,0.00012612342834472656,0
1238,-0.126708984375,F8,-0.125,F9,-0.109375,0.017333984375,0.13680154142581888,0.00030046701431274414,0
1239,1.621826171875,54,1.625,53,1.59375,0.028076171875,0.017311455667620053,0.000788271427154541,0
1240,-0.163330078125,F6,-0.15625,F5,-0.171875,0.008544921875,0.052316890881913304,7.301568984985352e-05,0
1241,-0.293212890625,ED,-0.296875,EE,-0.28125,0.011962890625,0.04079933388842631,0.0001431107521057129,0
1242,0.99267578125,40,1.0,40,1.0,0.00732421875,0.0073782587309394985,5.364418029785156e-05,1
1243,-0.16015625,F6,-0.15625,F6,-0.15625,0.00390625,0.024390243902439025,1.52587890625e-05,1
1244,0.767822265625,31,0.765625,32,0.78125,0.013427734375,0.017488076311605722,0.00018030405044555664,0
1245,1.019775390625,41,1.03125,40,1.0,0.019775390625,0.019391908067991383,0.0003910660743713379,0
1246,0.27978515625,12,0.28125,11,0.265625,0.01416015625,0.0506108202443281,0.00020051002502441406,0
1247,0.9765625,3E,0.96875,3E,0.96875,0.0078125,0.008,6.103515625e-05,1
1248,-0.788330078125,CE,-0.78125,CD,-0.796875,0.008544921875,0.010839269123567669,7.301568984985352e-05,0
1249,0.2275390625,0F,0.234375,0F,0.234375,0.0068359375,0.030042918454935622,4.673004150390625e-05,1
1250,0.731689453125,2F,0.734375,30,0.75,0.018310546875,0.025025025025025027,0.00033527612686157227,0
1251,-0.76220703125,CF,-0.765625,CE,-0.78125,0.01904296875,0.024983984625240232,0.00036263465881347656,0
1252,0.442138671875,1C,0.4375,1D,0.453125,0.010986328125,0.02484815019326339,0.00012069940567016602,0
1253,-0.6669921875,D5,-0.671875,D6,-0.65625,0.0107421875,0.016105417276720352,0.00011539459228515625,0
1254,0.54541015625,23,0.546875,24,0.5625,0.01708984375,0.03133393017009848,0.00029206275939941406,0
1255,0.032958984375,02,0.03125,02,0.03125,0.001708984375,0.05185185185185185,2.9206275939941406e-06,1
1256,-1.466064453125,B1,-1.46875,B1,-1.46875,0.002685546875,0.0018318068276436303,7.212162017822266e-06,1
1257,-0.01318359375,FF,-0.015625,FF,-0.015625,0.00244140625,0.18518518518518517,5.9604644775390625e-06,1
1258,-0.484375,E1,-0.484375,E1,-0.484375,0.0,0.0,0.0,1
1259,0.931640625,3C,0.9375,3B,0.921875,0.009765625,0.010482180293501049,9.5367431640625e-05,0
1260,0.906494140625,3A,0.90625,3A,0.90625,0.000244140625,0.00026932399676811203,5.960464477539063e-08,1
1261,-2.34423828125,9D,-2.375,9E,-2.25,0.09423828125,0.04019995834201208,0.008880853652954102,0
1262,-1.45361328125,B1,-1.46875,B2,-1.4375,0.01611328125,0.011084984884111521,0.00025963783264160156,0
1263,-0.6220703125,D8,-0.625,D8,-0.625,0.0029296875,0.004709576138147566,8.58306884765625e-06,1
1264,-0.572265625,DB,-0.578125,DB,-0.578125,0.005859375,0.010238907849829351,3.4332275390625e-05,1
1265,0.261474609375,11,0.265625,10,0.25,0.011474609375,0.04388422035480859,0.0001316666603088379,0
1266,0.237060546875,0F,0.234375,0F,0.234375,0.002685546875,0.01132852729145211,7.212162017822266e-06,1
1267,-0.534423828125,DE,-0.53125,DE,-0.53125,0.003173828125,0.005938784833257195,1.0073184967041016e-05,1
1268,-0.064208984375,FC,-0.0625,FB,-0.078125,0.013916015625,0.21673003802281368,0.00019365549087524414,0
1269,-1.72021484375,A9,-1.71875,A9,-1.71875,0.00146484375,0.0008515469770082316,2.1457672119140625e-06,1
1270,0.231689453125,0F,0.234375,0F,0.234375,0.002685546875,0.011591148577449948,7.212162017822266e-06,1
1271,1.40576171875,4D,1.40625,4D,1.40625,0.00048828125,0.0003473428273706148,2.384185791015625e-07,1
1272,-0.0986328125,FA,-0.09375,F9,-0.109375,0.0107421875,0.10891089108910891,0.00011539459228515625,0
1273,0.30419921875,13,0.296875,13,0.296875,0.00732421875,0.024077046548956663,5.364418029785156e-05,1
1274,-1.51611328125,AF,-1.53125,B0,-1.5,0.01611328125,0.010628019323671498,0.00025963783264160156,0
1275,-0.188232421875,F4,-0.1875,F4,-0.1875,0.000732421875,0.0038910505836575876,5.364418029785156e-07,1
1276,-0.763671875,CF,-0.765625,D0,-0.75,0.013671875,0.017902813299232736,0.000186920166015625,0
1277,1.146484375,45,1.15625,44,1.125,0.021484375,0.018739352640545145,0.000461578369140625,0
1278,0.19921875,0D,0.203125,0D,0.203125,0.00390625,0.0196078431372549,1.52587890625e-05,1
1279,0.1181640625,08,0.125,07,0.109375,0.0087890625,0.0743801652892562,7.724761962890625e-05,0
1280,0.072509765625,05,0.078125,05,0.078125,0.005615234375,0.07744107744107744,3.153085708618164e-05,1
1281,-2.1396484375,9F,-2.125,9F,-2.125,0.0146484375,0.006846188954815153,0.00021457672119140625,1
1282,0.187255859375,0C,0.1875,0C,0.1875,0.000244140625,0.001303780964797914,5.960464477539063e-08,1
1283,1.629150390625,54,1.625,55,1.65625,0.027099609375,0.016634197512363256,0.0007343888282775879,0
1284,-0.2822265625,EE,-0.28125,EE,-0.28125,0.0009765625,0.0034602076124567475,9.5367431640625e-07,1
1285,-1.49951171875,B0,-1.5,B0,-1.5,0.00048828125,0.00032562683165092806,2.384185791015625e-07,1
1286,0.349853515625,16,0.34375,17,0.359375,0.009521484375,0.02721563154221912,9.065866470336914e-05,0
1287,0.072021484375,05,0.078125,05,0.078125,0.006103515625,0.0847457627118644,3.725290298461914e-05,1
1288,-0.3828125,E8,-0.375,E7,-0.390625,0.0078125,0.02040816326530612,6.103515625e-05,0
1289,-0.226318359375,F2,-0.21875,F2,-0.21875,0.007568359375,0.03344120819848975,5.728006362915039e-05,1
1290,0.781005859375,32,0.78125,31,0.765625,0.015380859375,0.019693654266958426,0.0002365708351135254,0
1291,-0.8740234375,C8,-0.875,C8,-0.875,0.0009765625,0.0011173184357541898,9.5367431640625e-07,1
1292,0.30712890625,14,0.3125,15,0.328125,0.02099609375,0.06836248012718601,0.00044083595275878906,0
1293,0.2177734375,0E,0.21875,0E,0.21875,0.0009765625,0.004484304932735426,9.5367431640625e-07,1
1294,-0.1201171875,F8,-0.125,F9,-0.109375,0.0107421875,0.08943089430894309,0.00011539459228515625,0
1295,0.93017578125,3C,0.9375,3B,0.921875,0.00830078125,0.008923884514435695,6.890296936035156e-05,0
1296,0.799560546875,33,0.796875,33,0.796875,0.002685546875,0.0033587786259541984,7.212162017822266e-06,1
1297,-1.692626953125,AA,-1.6875,AA,-1.6875,0.005126953125,0.003028991778450887,2.6285648345947266e-05,1
1298,-0.33984375,EA,-0.34375,EA,-0.34375,0.00390625,0.011494252873563218,1.52587890625e-05,1
1299,-0.912353515625,C6,-0.90625,C6,-0.90625,0.006103515625,0.00668985817500669,3.725290298461914e-05,1
1300,2.50244140625,64,2.5,64,2.5,0.00244140625,0.000975609756097561,5.9604644775390625e-06,1
1301,-1.27001953125,B7,-1.28125,B8,-1.25,0.02001953125,0.015763168012302962,0.00040078163146972656,0
1302,0.29443359375,13,0.296875,13,0.296875,0.00244140625,0.008291873963515755,5.9604644775390625e-06,1
1303,-1.524169921875,AF,-1.53125,AF,-1.53125,0.007080078125,0.0046452026269421754,5.0127506256103516e-05,1
1304,0.2763671875,12,0.28125,11,0.265625,0.0107421875,0.038869257950530034,0.00011539459228515625,0
1305,-0.369384765625,E8,-0.375,EA,-0.34375,0.025634765625,0.06939854593522803,0.0006571412086486816,0
1306,-0.273193359375,EF,-0.265625,EF,-0.265625,0.007568359375,0.02770330652368186,5.728006362915039e-05,1
1307,-0.181640625,F4,-0.1875,F3,-0.203125,0.021484375,0.11827956989247312,0.000461578369140625,0
1308,0.723876953125,2E,0.71875,2F,0.734375,0.010498046875,0.014502529510961214,0.00011020898818969727,0
1309,1.23291015625,47,1.21875,48,1.25,0.01708984375,0.013861386138613862,0.00029206275939941406,0
1310,1.22021484375,47,1.21875,48,1.25,0.02978515625,0.024409763905562223,0.0008871555328369141,0
1311,-0.1806640625,F4,-0.1875,F6,-0.15625,0.0244140625,0.13513513513513514,0.0005960464477539062,0
1312,-0.07861328125,FB,-0.078125,FA,-0.09375,0.01513671875,0.19254658385093168,0.00022912025451660156,0
1313,0.3232421875,15,0.328125,16,0.34375,0.0205078125,0.0634441087613293,0.00042057037353515625,0
1314,1.0380859375,41,1.03125,41,1.03125,0.0068359375,0.00658513640639699,4.673004150390625e-05,1
1315,-0.42724609375,E5,-0.421875,E4,-0.4375,0.01025390625,0.024,0.00010514259338378906,0
1316,-0.724609375,D2,-0.71875,D2,-0.71875,0.005859375,0.008086253369272238,3.4332275390625e-05,1
1317,1.540283203125,51,1.53125,51,1.53125,0.009033203125,0.005864637818988746,8.159875869750977e-05,1
1318,0.988037109375,3F,0.984375,3F,0.984375,0.003662109375,0.0037064492216456633,1.341104507446289e-05,1
1319,1.20068359375,46,1.1875,46,1.1875,0.01318359375,0.010980073200488003,0.00017380714416503906,1
1320,0.240478515625,0F,0.234375,11,0.265625,0.025146484375,0.10456852791878173,0.0006323456764221191,0
1321,-1.156494140625,BB,-1.15625,BA,-1.1875,0.031005859375,0.026810217437196537,0.0009613633155822754,0
1322,-0.55517578125,DC,-0.5625,DD,-0.546875,0.00830078125,0.014951627088830254,6.890296936035156e-05,0
1323,-0.08642578125,FA,-0.09375,FA,-0.09375,0.00732421875,0.0847457627118644,5.364418029785156e-05,1
1324,-1.041015625,BF,-1.03125,BE,-1.0625,0.021484375,0.020637898686679174,0.000461578369140625,0
1325,0.724609375,2E,0.71875,2E,0.71875,0.005859375,0.008086253369272238,3.4332275390625e-05,1
1326,1.40478515625,4D,1.40625,4D,1.40625,0.00146484375,0.0010427528675703858,2.1457672119140625e-06,1
1327,-0.214599609375,F2,-0.21875,F1,-0.234375,0.019775390625,0.09215017064846416,0.0003910660743713379,0
1328,0.398681640625,1A,0.40625,19,0.390625,0.008056640625,0.02020820575627679,6.490945816040039e-05,0
1329,0.3798828125,18,0.375,18,0.375,0.0048828125,0.012853470437017995,2.384185791015625e-05,1
1330,1.241455078125,48,1.25,48,1.25,0.008544921875,0.00688298918387414,7.301568984985352e-05,1
1331,-1.602783203125,AD,-1.59375,AD,-1.59375,0.009033203125,0.005635948210205636,8.159875869750977e-05,1
1332,1.193359375,46,1.1875,46,1.1875,0.005859375,0.004909983633387889,3.4332275390625e-05,1
1333,0.875244140625,38,0.875,38,0.875,0.000244140625,0.0002789400278940028,5.960464477539063e-08,1
1334,0.79248046875,33,0.796875,33,0.796875,0.00439453125,0.005545286506469501,1.9311904907226562e-05,1
1335,-0.73486328125,D1,-0.734375,D0,-0.75,0.01513671875,0.020598006644518274,0.00022912025451660156,0
1336,-0.548828125,DD,-0.546875,DC,-0.5625,0.013671875,0.02491103202846975,0.000186920166015625,0
1337,0.139892578125,09,0.140625,09,0.140625,0.000732421875,0.005235602094240838,5.364418029785156e-07,1
1338,-1.15234375,BB,-1.15625,BC,-1.125,0.02734375,0.023728813559322035,0.0007476806640625,0
1339,0.510009765625,21,0.515625,21,0.515625,0.005615234375,0.011010052656773576,3.153085708618164e-05,1
1340,-0.538330078125,DE,-0.53125,DD,-0.546875,0.008544921875,0.015873015873015872,7.301568984985352e-05,0
1341,0.35546875,17,0.359375,18,0.375,0.01953125,0.054945054945054944,0.0003814697265625,0
1342,-0.57470703125,DB,-0.578125,DA,-0.59375,0.01904296875,0.03313508920985556,0.00036263465881347656,0
1343,0.37548828125,18,0.375,18,0.375,0.00048828125,0.0013003901170351106,2.384185791015625e-07,1
1344,-0.1083984375,F9,-0.109375,F9,-0.109375,0.0009765625,0.009009009009009009,9.5367431640625e-07,1
1345,-0.000732421875,FF,-0.015625,00,0.0,0.000732421875,1.0,5.364418029785156e-07,0
1346,-0.149658203125,F6,-0.15625,F7,-0.140625,0.009033203125,0.06035889070146819,8.159875869750977e-05,0
1347,-0.925048828125,C5,-0.921875,C4,-0.9375,0.012451171875,0.013460015835312747,0.00015503168106079102,0
1348,-0.2529296875,F0,-0.25,F0,-0.25,0.0029296875,0.011583011583011582,8.58306884765625e-06,1
1349,0.678466796875,2B,0.671875,2B,0.671875,0.006591796875,0.009715725080964376,4.3451786041259766e-05,1
1350,-0.8037109375,CD,-0.796875,CB,-0.828125,0.0244140625,0.030376670716889428,0.0005960464477539062,0
1351,-1.016357421875,BF,-1.03125,C0,-1.0,0.016357421875,0.01609416286331972,0.0002675652503967285,0
1352,-0.564697265625,DC,-0.5625,DD,-0.546875,0.017822265625,0.03156074362300043,0.00031763315200805664,0
1353,0.71728515625,2E,0.71875,2F,0.734375,0.01708984375,0.023825731790333562,0.00029206275939941406,0
1354,-0.708984375,D3,-0.703125,D2,-0.71875,0.009765625,0.013774104683195593,9.5367431640625e-05,0
1355,0.000244140625,01,0.015625,FF,-0.015625,0.015869140625,65.0,0.0002518296241760254,0
1356,-0.3896484375,E7,-0.390625,E7,-0.390625,0.0009765625,0.002506265664160401,9.5367431640625e-07,1
1357,-0.854248046875,C9,-0.859375,C9,-0.859375,0.005126953125,0.006001714775650186,2.6285648345947266e-05,1
1358,-0.468017578125,E2,-0.46875,E1,-0.484375,0.016357421875,0.03495044340114763,0.0002675652503967285,0
1359,-0.948974609375,C3,-0.953125,C4,-0.9375,0.011474609375,0.012091587342423462,0.0001316666603088379,0
1360,0.160400390625,0A,0.15625,0B,0.171875,0.011474609375,0.0715372907153729,0.0001316666603088379,0
1361,-0.747314453125,D0,-0.75,D0,-0.75,0.002685546875,0.0035935968637700096,7.212162017822266e-06,1
1362,0.215576171875,0E,0.21875,0F,0.234375,0.018798828125,0.08720271800679502,0.000353395938873291,0
1363,-0.02294921875,FF,-0.015625,FE,-0.03125,0.00830078125,0.3617021276595745,6.890296936035156e-05,0
1364,-0.20751953125,F3,-0.203125,F2,-0.21875,0.01123046875,0.05411764705882353,0.00012612342834472656,0
1365,1.131103515625,44,1.125,44,1.125,0.006103515625,0.005396071659831643,3.725290298461914e-05,1
1366,-0.061767578125,FC,-0.0625,FC,-0.0625,0.000732421875,0.011857707509881422,5.364418029785156e-07,1
1367,0.568115234375,24,0.5625,25,0.578125,0.010009765625,0.017619252256123763,0.00010019540786743164,0
1368,0.042236328125,03,0.046875,03,0.046875,0.004638671875,0.10982658959537572,2.1517276763916016e-05,1
1369,-0.60107421875,DA,-0.59375,DA,-0.59375,0.00732421875,0.012185215272136474,5.364418029785156e-05,1
1370,-0.034423828125,FE,-0.03125,FE,-0.03125,0.003173828125,0.09219858156028368,1.0073184967041016e-05,1
1371,-0.218017578125,F2,-0.21875,F3,-0.203125,0.014892578125,0.0683090705487122,0.00022178888320922852,0
1372,-0.759521484375,CF,-0.765625,CF,-0.765625,0.006103515625,0.008036001285760206,3.725290298461914e-05,1
1373,-0.25537109375,F0,-0.25,EF,-0.265625,0.01025390625,0.040152963671128104,0.00010514259338378906,0
1374,0.805908203125,34,0.8125,35,0.828125,0.022216796875,0.027567403817025143,0.0004935860633850098,0
1375,0.225830078125,0E,0.21875,0E,0.21875,0.007080078125,0.03135135135135135,5.0127506256103516e-05,1
1376,-1.426025390625,B2,-1.4375,B2,-1.4375,0.011474609375,0.008046567368601267,0.0001316666603088379,1
1377,-1.040283203125,BF,-1.03125,C0,-1.0,0.040283203125,0.03872330438864116,0.0016227364540100098,0
1378,0.03076171875,02,0.03125,02,0.03125,0.00048828125,0.015873015873015872,2.384185791015625e-07,1
1379,-0.746826171875,D0,-0.75,D1,-0.734375,0.012451171875,0.016672115070284408,0.00015503168106079102,0
1380,0.304931640625,14,0.3125,14,0.3125,0.007568359375,0.024819855884707767,5.728006362915039e-05,1
1381,0.4462890625,1D,0.453125,1E,0.46875,0.0224609375,0.05032822757111598,0.0005044937133789062,0
1382,-0.458251953125,E3,-0.453125,E3,-0.453125,0.005126953125,0.011188066062866276,2.6285648345947266e-05,1
1383,-1.065185546875,BE,-1.0625,BE,-1.0625,0.002685546875,0.0025212010084804033,7.212162017822266e-06,1
1384,0.480224609375,1F,0.484375,1E,0.46875,0.011474609375,0.02389425521098119,0.0001316666603088379,0
1385,1.12353515625,44,1.125,44,1.125,0.00146484375,0.001303780964797914,2.1457672119140625e-06,1
1386,0.938232421875,3C,0.9375,3C,0.9375,0.000732421875,0.00078064012490242,5.364418029785156e-07,1
1387,-0.53857421875,DE,-0.53125,DF,-0.515625,0.02294921875,0.04261106074342702,0.0005266666412353516,0
1388,0.448974609375,1D,0.453125,1C,0.4375,0.011474609375,0.0255573681348559,0.0001316666603088379,0
1389,0.714599609375,2E,0.71875,2E,0.71875,0.004150390625,0.0058079945336522035,1.722574234008789e-05,1
1390,0.67333984375,2B,0.671875,2A,0.65625,0.01708984375,0.025380710659898477,0.00029206275939941406,0
1391,-1.594482421875,AD,-1.59375,AD,-1.59375,0.000732421875,0.00045934772622875517,5.364418029785156e-07,1
1392,-0.6533203125,D6,-0.65625,D6,-0.65625,0.0029296875,0.004484304932735426,8.58306884765625e-06,1
1393,0.138916015625,09,0.140625,08,0.125,0.013916015625,0.10017574692442882,0.00019365549087524414,0
1394,-0.552490234375,DD,-0.546875,DE,-0.53125,0.021240234375,0.03844454264250994,0.00045114755630493164,0
1395,0.10205078125,07,0.109375,06,0.09375,0.00830078125,0.08133971291866028,6.890296936035156e-05,0
1396,-0.76318359375,CF,-0.765625,CF,-0.765625,0.00244140625,0.003198976327575176,5.9604644775390625e-06,1
1397,-1.018310546875,BF,-1.03125,BF,-1.03125,0.012939453125,0.012706784943658594,0.00016742944717407227,1
1398,0.965576171875,3E,0.96875,3E,0.96875,0.003173828125,0.0032869785082174463,1.0073184967041016e-05,1
1399,-0.069091796875,FC,-0.0625,FB,-0.078125,0.009033203125,0.13074204946996468,8.159875869750977e-05,0
1400,-0.037109375,FE,-0.03125,FD,-0.046875,0.009765625,0.2631578947368421,9.5367431640625e-05,0
1401,-0.91357421875,C6,-0.90625,C6,-0.90625,0.00732421875,0.008017103153393906,5.364418029785156e-05,1
1402,-0.28369140625,EE,-0.28125,EE,-0.28125,0.00244140625,0.008605851979345954,5.9604644775390625e-06,1
1403,-0.310791015625,EC,-0.3125,EB,-0.328125,0.017333984375,0.05577376276512176,0.00030046701431274414,0
1404,-0.6259765625,D8,-0.625,D8,-0.625,0.0009765625,0.0015600624024961,9.5367431640625e-07,1
1405,0.83837890625,36,0.84375,36,0.84375,0.00537109375,0.0064065230052417,2.8848648071289062e-05,1
1406,-0.87109375,C8,-0.875,C8,-0.875,0.00390625,0.004484304932735426,1.52587890625e-05,1
1407,1.497314453125,50,1.5,4F,1.46875,0.028564453125,0.01907712375672591,0.0008159279823303223,0
1408,0.97412109375,3E,0.96875,3F,0.984375,0.01025390625,0.010526315789473684,0.00010514259338378906,0
1409,0.5,20,0.5,20,0.5,0.0,0.0,0.0,1
1410,-0.58935546875,DA,-0.59375,DA,-0.59375,0.00439453125,0.007456503728251864,1.9311904907226562e-05,1
1411,0.878173828125,38,0.875,37,0.859375,0.018798828125,0.021406727828746176,0.000353395938873291,0
1412,0.744384765625,30,0.75,2F,0.734375,0.010009765625,0.013447031813709412,0.00010019540786743164,0
1413,-0.709716796875,D3,-0.703125,D3,-0.703125,0.006591796875,0.009287925696594427,4.3451786041259766e-05,1
1414,-1.24365234375,B8,-1.25,B8,-1.25,0.00634765625,0.005104043973301924,4.029273986816406e-05,1
1415,-0.836669921875,CA,-0.84375,CB,-0.828125,0.008544921875,0.010213014298220018,7.301568984985352e-05,0
1416,-0.83740234375,CA,-0.84375,CA,-0.84375,0.00634765625,0.007580174927113703,4.029273986816406e-05,1
1417,-0.44384765625,E4,-0.4375,E4,-0.4375,0.00634765625,0.014301430143014302,4.029273986816406e-05,1
1418,1.435302734375,4E,1.4375,4E,1.4375,0.002197265625,0.0015308725973805068,4.827976226806641e-06,1
1419,0.279541015625,12,0.28125,13,0.296875,0.017333984375,0.06200873362445415,0.00030046701431274414,0
1420,0.702392578125,2D,0.703125,2D,0.703125,0.000732421875,0.0010427528675703858,5.364418029785156e-07,1
1421,-1.769287109375,A7,-1.78125,A7,-1.78125,0.011962890625,0.006761418518007451,0.0001431107521057129,1
1422,-0.74560546875,D0,-0.75,D1,-0.734375,0.01123046875,0.015062213490504257,0.00012612342834472656,0
1423,-0.51171875,DF,-0.515625,E0,-0.5,0.01171875,0.022900763358778626,0.0001373291015625,0
1424,-1.361572265625,B4,-1.375,B4,-1.375,0.013427734375,0.009861932938856016,0.00018030405044555664,1
1425,1.1591796875,45,1.15625,45,1.15625,0.0029296875,0.002527379949452401,8.58306884765625e-06,1
1426,-0.090087890625,FA,-0.09375,FA,-0.09375,0.003662109375,0.04065040650406504,1.341104507446289e-05,1
1427,-0.051513671875,FD,-0.046875,FD,-0.046875,0.004638671875,0.09004739336492891,2.1517276763916016e-05,1
1428,-1.421875,B2,-1.4375,B2,-1.4375,0.015625,0.01098901098901099,0.000244140625,1
1429,-0.496337890625,E0,-0.5,E1,-0.484375,0.011962890625,0.024102311854402363,0.0001431107521057129,0
1430,0.302734375,13,0.296875,13,0.296875,0.005859375,0.01935483870967742,3.4332275390625e-05,1
1431,-1.35107421875,B5,-1.34375,B4,-1.375,0.02392578125,0.017708709794000722,0.0005724430084228516,0
1432,0.751708984375,30,0.75,30,0.75,0.001708984375,0.0022734654108476776,2.9206275939941406e-06,1
1433,0.093994140625,06,0.09375,05,0.078125,0.015869140625,0.16883116883116883,0.0002518296241760254,0
1434,0.0654296875,04,0.0625,04,0.0625,0.0029296875,0.04477611940298507,8.58306884765625e-06,1
1435,0.35205078125,17,0.359375,16,0.34375,0.00830078125,0.023578363384188627,6.890296936035156e-05,0
1436,0.56884765625,24,0.5625,25,0.578125,0.00927734375,0.01630901287553648,8.606910705566406e-05,0
1437,0.366455078125,17,0.359375,17,0.359375,0.007080078125,0.019320453031312457,5.0127506256103516e-05,1
1438,0.583251953125,25,0.578125,26,0.59375,0.010498046875,0.01799916282963583,0.00011020898818969727,0
1439,-0.52880859375,DE,-0.53125,DF,-0.515625,0.01318359375,0.024930747922437674,0.00017380714416503906,0
1440,-1.218017578125,B9,-1.21875,B9,-1.21875,0.000732421875,0.0006013229104028864,5.364418029785156e-07,1
1441,0.06396484375,04,0.0625,05,0.078125,0.01416015625,0.22137404580152673,0.00020051002502441406,0
1442,-0.304931640625,EC,-0.3125,ED,-0.296875,0.008056640625,0.02642113690952762,6.490945816040039e-05,0
1443,-0.189208984375,F4,-0.1875,F4,-0.1875,0.001708984375,0.00903225806451613,2.9206275939941406e-06,1
1444,-0.56201171875,DC,-0.5625,DC,-0.5625,0.00048828125,0.0008688097306689834,2.384185791015625e-07,1
1445,0.187255859375,0C,0.1875,0C,0.1875,0.000244140625,0.001303780964797914,5.960464477539063e-08,1
1446,1.185546875,46,1.1875,46,1.1875,0.001953125,0.0016474464579901153,3.814697265625e-06,1
1447,-0.509765625,DF,-0.515625,DF,-0.515625,0.005859375,0.011494252873563218,3.4332275390625e-05,1
1448,0.890625,39,0.890625,39,0.890625,0.0,0.0,0.0,1
1449,1.141357421875,45,1.15625,44,1.125,0.016357421875,0.014331550802139038,0.0002675652503967285,0
1450,0.1044921875,07,0.109375,07,0.109375,0.0048828125,0.04672897196261682,2.384185791015625e-05,1
1451,-0.44189453125,E4,-0.4375,E3,-0.453125,0.01123046875,0.02541436464088398,0.00012612342834472656,0
1452,0.345947265625,16,0.34375,16,0.34375,0.002197265625,0.006351446718419196,4.827976226806641e-06,1
1453,-1.266845703125,B7,-1.28125,B8,-1.25,0.016845703125,0.013297359799576027,0.00028377771377563477,0
1454,0.3193359375,14,0.3125,14,0.3125,0.0068359375,0.021406727828746176,4.673004150390625e-05,1
1455,1.764404296875,58,1.75,59,1.78125,0.016845703125,0.009547530095475302,0.00028377771377563477,0
1456,0.56787109375,24,0.5625,24,0.5625,0.00537109375,0.009458297506448839,2.8848648071289062e-05,1
1457,-0.276611328125,EE,-0.28125,EE,-0.28125,0.004638671875,0.01676963812886143,2.1517276763916016e-05,1
1458,-0.488525390625,E1,-0.484375,E1,-0.484375,0.004150390625,0.00849575212393803,1.722574234008789e-05,1
1459,-0.318115234375,EC,-0.3125,EC,-0.3125,0.005615234375,0.017651573292402148,3.153085708618164e-05,1
1460,-0.85107421875,CA,-0.84375,CB,-0.828125,0.02294921875,0.026965002868617326,0.0005266666412353516,0
1461,-1.194091796875,BA,-1.1875,BA,-1.1875,0.006591796875,0.005520343488039256,4.3451786041259766e-05,1
1462,0.7255859375,2E,0.71875,2E,0.71875,0.0068359375,0.009421265141318977,4.673004150390625e-05,1
1463,0.2490234375,10,0.25,10,0.25,0.0009765625,0.00392156862745098,9.5367431640625e-07,1
1464,-1.19482421875,BA,-1.1875,BA,-1.1875,0.00732421875,0.006129955046996322,5.364418029785156e-05,1
1465,-0.622314453125,D8,-0.625,D8,-0.625,0.002685546875,0.004315417810906237,7.212162017822266e-06,1
1466,-1.302001953125,B6,-1.3125,B6,-1.3125,0.010498046875,0.008063003937746109,0.00011020898818969727,1
1467,2.1396484375,61,2.125,61,2.125,0.0146484375,0.006846188954815153,0.00021457672119140625,1
1468,-1.39013671875,B4,-1.375,B4,-1.375,0.01513671875,0.010888654724271163,0.00022912025451660156,1
1469,0.0791015625,05,0.078125,06,0.09375,0.0146484375,0.18518518518518517,0.00021457672119140625,0
1470,-0.925537109375,C5,-0.921875,C5,-0.921875,0.003662109375,0.003956739646531258,1.341104507446289e-05,1
1471,0.333251953125,15,0.328125,15,0.328125,0.005126953125,0.015384615384615385,2.6285648345947266e-05,1
1472,-0.1787109375,F5,-0.171875,F6,-0.15625,0.0224609375,0.12568306010928962,0.0005044937133789062,0
1473,1.271484375,49,1.28125,49,1.28125,0.009765625,0.007680491551459293,9.5367431640625e-05,1
1474,-0.935302734375,C4,-0.9375,C4,-0.9375,0.002197265625,0.0023492560689115116,4.827976226806641e-06,1
1475,-0.577880859375,DB,-0.578125,DB,-0.578125,0.000244140625,0.0004224757076468103,5.960464477539063e-08,1
1476,0.8916015625,39,0.890625,39,0.890625,0.0009765625,0.001095290251916758,9.5367431640625e-07,1
1477,-2.07861328125,9F,-2.125,9F,-2.125,0.04638671875,0.022316185106882783,0.0021517276763916016,1
1478,-0.188232421875,F4,-0.1875,F4,-0.1875,0.000732421875,0.0038910505836575876,5.364418029785156e-07,1
1479,-0.4140625,E6,-0.40625,E5,-0.421875,0.0078125,0.018867924528301886,6.103515625e-05,0
1480,0.81494140625,34,0.8125,36,0.84375,0.02880859375,0.035350509286998205,0.0008299350738525391,0
1481,0.44140625,1C,0.4375,1B,0.421875,0.01953125,0.04424778761061947,0.0003814697265625,0
1482,0.076904296875,05,0.078125,05,0.078125,0.001220703125,0.015873015873015872,1.4901161193847656e-06,1
1483,-0.121337890625,F8,-0.125,F9,-0.109375,0.011962890625,0.09859154929577464,0.0001431107521057129,0
1484,-0.148193359375,F7,-0.140625,F6,-0.15625,0.008056640625,0.054365733113673806,6.490945816040039e-05,0
1485,-0.265625,EF,-0.265625,F0,-0.25,0.015625,0.058823529411764705,0.000244140625,0
1486,0.8837890625,39,0.890625,38,0.875,0.0087890625,0.009944751381215469,7.724761962890625e-05,0
1487,-1.119384765625,BC,-1.125,BC,-1.125,0.005615234375,0.005016357688113413,3.153085708618164e-05,1
1488,-0.542724609375,DD,-0.546875,DD,-0.546875,0.004150390625,0.007647323436797121,1.722574234008789e-05,1
1489,0.879638671875,38,0.875,39,0.890625,0.010986328125,0.012489592006661115,0.00012069940567016602,0
1490,0.63330078125,29,0.640625,29,0.640625,0.00732421875,0.01156515034695451,5.364418029785156e-05,1
1491,0.14892578125,0A,0.15625,0A,0.15625,0.00732421875,0.04918032786885246,5.364418029785156e-05,1
1492,-0.267578125,EF,-0.265625,F0,-0.25,0.017578125,0.06569343065693431,0.000308990478515625,0
1493,-0.986572265625,C1,-0.984375,C0,-1.0,0.013427734375,0.013610492452363277,0.00018030405044555664,0
1494,0.91064453125,3A,0.90625,3A,0.90625,0.00439453125,0.00482573726541555,1.9311904907226562e-05,1
1495,-0.261474609375,EF,-0.265625,F0,-0.25,0.011474609375,0.04388422035480859,0.0001316666603088379,0
1496,-0.600341796875,DA,-0.59375,DA,-0.59375,0.006591796875,0.010980073200488003,4.3451786041259766e-05,1
1497,1.4833984375,4F,1.46875,50,1.5,0.0166015625,0.01119157340355497,0.00027561187744140625,0
1498,-0.858154296875,C9,-0.859375,C9,-0.859375,0.001220703125,0.001422475106685633,1.4901161193847656e-06,1
1499,0.902587890625,3A,0.90625,3A,0.90625,0.003662109375,0.004057343792263998,1.341104507446289e-05,1
1500,-0.778076171875,CE,-0.78125,CF,-0.765625,0.012451171875,0.016002510197678066,0.00015503168106079102,0
1501,0.101318359375,06,0.09375,07,0.109375,0.008056640625,0.07951807228915662,6.490945816040039e-05,0
1502,0.47119140625,1E,0.46875,1E,0.46875,0.00244140625,0.0051813471502590676,5.9604644775390625e-06,1
1503,-1.05126953125,BE,-1.0625,BE,-1.0625,0.01123046875,0.010682768230376219,0.00012612342834472656,1
1504,-0.29833984375,ED,-0.296875,ED,-0.296875,0.00146484375,0.004909983633387889,2.1457672119140625e-06,1
1505,0.6484375,2A,0.65625,2A,0.65625,0.0078125,0.012048192771084338,6.103515625e-05,1
1506,0.9462890625,3D,0.953125,3C,0.9375,0.0087890625,0.009287925696594427,7.724761962890625e-05,0
1507,1.591552734375,53,1.59375,53,1.59375,0.002197265625,0.0013805798435342844,4.827976226806641e-06,1
1508,0.10400390625,07,0.109375,06,0.09375,0.01025390625,0.09859154929577464,0.00010514259338378906,0
1509,-0.01318359375,FF,-0.015625,FF,-0.015625,0.00244140625,0.18518518518518517,5.9604644775390625e-06,1
1510,-0.8955078125,C7,-0.890625,C7,-0.890625,0.0048828125,0.0054525627044711015,2.384185791015625e-05,1
1511,0.253173828125,10,0.25,10,0.25,0.003173828125,0.01253616200578592,1.0073184967041016e-05,1
1512,-1.534912109375,AF,-1.53125,AF,-1.53125,0.003662109375,0.002385875616351201,1.341104507446289e-05,1
1513,-0.213623046875,F2,-0.21875,F2,-0.21875,0.005126953125,0.024,2.6285648345947266e-05,1
1514,0.317626953125,14,0.3125,15,0.328125,0.010498046875,0.033051498847040735,0.00011020898818969727,0
1515,0.32666015625,15,0.328125,16,0.34375,0.01708984375,0.052316890881913304,0.00029206275939941406,0
1516,0.43212890625,1C,0.4375,1B,0.421875,0.01025390625,0.023728813559322035,0.00010514259338378906,0
1517,-0.012939453125,FF,-0.015625,FF,-0.015625,0.002685546875,0.20754716981132076,7.212162017822266e-06,1
1518,0.355224609375,17,0.359375,16,0.34375,0.011474609375,0.03230240549828179,0.0001316666603088379,0
1519,0.22607421875,0E,0.21875,0E,0.21875,0.00732421875,0.032397408207343416,5.364418029785156e-05,1
1520,0.58544921875,25,0.578125,26,0.59375,0.00830078125,0.014178482068390326,6.890296936035156e-05,0
1521,0.691162109375,2C,0.6875,2D,0.703125,0.011962890625,0.017308371600141294,0.0001431107521057129,0
1522,0.810791015625,34,0.8125,33,0.796875,0.013916015625,0.017163504968383016,0.00019365549087524414,0
1523,0.585205078125,25,0.578125,25,0.578125,0.007080078125,0.012098456403838132,5.0127506256103516e-05,1
1524,0.502197265625,20,0.5,21,0.515625,0.013427734375,0.026737967914438502,0.00018030405044555664,0
1525,0.896240234375,39,0.890625,39,0.890625,0.005615234375,0.006265322800326887,3.153085708618164e-05,1
1526,1.000732421875,40,1.0,3F,0.984375,0.016357421875,0.016345450109782875,0.0002675652503967285,0
1527,0.40478515625,1A,0.40625,1A,0.40625,0.00146484375,0.0036188178528347406,2.1457672119140625e-06,1
1528,-0.353515625,E9,-0.359375,E9,-0.359375,0.005859375,0.016574585635359115,3.4332275390625e-05,1
1529,-1.45068359375,B2,-1.4375,B2,-1.4375,0.01318359375,0.009087849209020532,0.00017380714416503906,1
1530,-0.342529296875,EA,-0.34375,EA,-0.34375,0.001220703125,0.003563791874554526,1.4901161193847656e-06,1
1531,0.38232421875,18,0.375,18,0.375,0.00732421875,0.019157088122605363,5.364418029785156e-05,1
1532,-0.00390625,FF,-0.015625,FF,-0.015625,0.01171875,3.0,0.0001373291015625,1
1533,-0.063720703125,FC,-0.0625,FB,-0.078125,0.014404296875,0.2260536398467433,0.00020748376846313477,0
1534,-0.936279296875,C4,-0.9375,C5,-0.921875,0.014404296875,0.015384615384615385,0.00020748376846313477,0
1535,0.536376953125,22,0.53125,22,0.53125,0.005126953125,0.009558488848429678,2.6285648345947266e-05,1
1536,-1.071044921875,BE,-1.0625,BE,-1.0625,0.008544921875,0.007978117164349213,7.301568984985352e-05,1
1537,-0.884765625,C7,-0.890625,C7,-0.890625,0.005859375,0.006622516556291391,3.4332275390625e-05,1
1538,-0.05078125,FD,-0.046875,FC,-0.0625,0.01171875,0.23076923076923078,0.0001373291015625,0
1539,-0.295166015625,ED,-0.296875,ED,-0.296875,0.001708984375,0.005789909015715467,2.9206275939941406e-06,1
1540,1.280029296875,49,1.28125,49,1.28125,0.001220703125,0.0009536524890329964,1.4901161193847656e-06,1
1541,-1.871826171875,A4,-1.875,A4,-1.875,0.003173828125,0.0016955784531107344,1.0073184967041016e-05,1
1542,1.2265625,47,1.21875,48,1.25,0.0234375,0.01910828025477707,0.00054931640625,0
1543,-0.962890625,C2,-0.96875,C3,-0.953125,0.009765625,0.010141987829614604,9.5367431640625e-05,0
1544,-1.804443359375,A6,-1.8125,A6,-1.8125,0.008056640625,0.00446488973075362,6.490945816040039e-05,1
1545,-0.350341796875,EA,-0.34375,E9,-0.359375,0.009033203125,0.02578397212543554,8.159875869750977e-05,0
1546,-0.82421875,CB,-0.828125,CB,-0.828125,0.00390625,0.004739336492890996,1.52587890625e-05,1
1547,-0.844970703125,CA,-0.84375,C9,-0.859375,0.014404296875,0.01704709621496677,0.00020748376846313477,0
1548,0.428466796875,1B,0.421875,1C,0.4375,0.009033203125,0.021082621082621083,8.159875869750977e-05,0
1549,0.188232421875,0C,0.1875,0C,0.1875,0.000732421875,0.0038910505836575876,5.364418029785156e-07,1
1550,-0.4375,E4,-0.4375,E5,-0.421875,0.015625,0.03571428571428571,0.000244140625,0
1551,0.80419921875,33,0.796875,33,0.796875,0.00732421875,0.009107468123861567,5.364418029785156e-05,1
1552,0.614013671875,27,0.609375,27,0.609375,0.004638671875,0.0075546719681908545,2.1517276763916016e-05,1
1553,-0.838134765625,CA,-0.84375,CB,-0.828125,0.010009765625,0.011942907078357122,0.00010019540786743164,0
1554,0.444091796875,1C,0.4375,1D,0.453125,0.009033203125,0.02034084661902144,8.159875869750977e-05,0
1555,0.02294921875,01,0.015625,01,0.015625,0.00732421875,0.3191489361702128,5.364418029785156e-05,1
1556,1.109130859375,43,1.09375,44,1.125,0.015869140625,0.014307726172132952,0.0002518296241760254,0
1557,1.322265625,4A,1.3125,4A,1.3125,0.009765625,0.007385524372230428,9.5367431640625e-05,1
1558,0.768798828125,31,0.765625,31,0.765625,0.003173828125,0.00412829469672912,1.0073184967041016e-05,1
1559,-1.187255859375,BA,-1.1875,BA,-1.1875,0.000244140625,0.00020563438206868187,5.960464477539063e-08,1
1560,1.406494140625,4D,1.40625,4E,1.4375,0.031005859375,0.02204478389168547,0.0009613633155822754,0
1561,-1.44873046875,B2,-1.4375,B2,-1.4375,0.01123046875,0.007751937984496124,0.00012612342834472656,1
1562,-0.383056640625,E7,-0.390625,E7,-0.390625,0.007568359375,0.019757807520713832,5.728006362915039e-05,1
1563,-1.7236328125,A9,-1.71875,A9,-1.71875,0.0048828125,0.0028328611898017,2.384185791015625e-05,1
1564,0.099365234375,06,0.09375,06,0.09375,0.005615234375,0.056511056511056514,3.153085708618164e-05,1
1565,-1.630126953125,AC,-1.625,AC,-1.625,0.005126953125,0.0031451250561629475,2.6285648345947266e-05,1
1566,0.437255859375,1C,0.4375,1C,0.4375,0.000244140625,0.0005583472920156337,5.960464477539063e-08,1
1567,-0.835693359375,CB,-0.828125,CB,-0.828125,0.007568359375,0.009056383289512124,5.728006362915039e-05,1
1568,0.607177734375,27,0.609375,27,0.609375,0.002197265625,0.0036188178528347406,4.827976226806641e-06,1
1569,-0.0634765625,FC,-0.0625,FD,-0.046875,0.0166015625,0.26153846153846155,0.00027561187744140625,0
1570,-0.3447265625,EA,-0.34375,E9,-0.359375,0.0146484375,0.042492917847025496,0.00021457672119140625,0
1571,-0.10498046875,F9,-0.109375,FA,-0.09375,0.01123046875,0.10697674418604651,0.00012612342834472656,0
1572,0.310546875,14,0.3125,14,0.3125,0.001953125,0.006289308176100629,3.814697265625e-06,1
1573,1.255859375,48,1.25,48,1.25,0.005859375,0.004665629860031105,3.4332275390625e-05,1
1574,-1.672119140625,AA,-1.6875,AA,-1.6875,0.015380859375,0.009198423127463863,0.0002365708351135254,1
1575,0.53955078125,23,0.546875,22,0.53125,0.00830078125,0.015384615384615385,6.890296936035156e-05,0
1576,0.85791015625,37,0.859375,37,0.859375,0.00146484375,0.001707455890722823,2.1457672119140625e-06,1
1577,0.799560546875,33,0.796875,33,0.796875,0.002685546875,0.0033587786259541984,7.212162017822266e-06,1
1578,0.267578125,11,0.265625,11,0.265625,0.001953125,0.0072992700729927005,3.814697265625e-06,1
1579,-0.77392578125,CE,-0.78125,CE,-0.78125,0.00732421875,0.00946372239747634,5.364418029785156e-05,1
1580,0.54248046875,23,0.546875,22,0.53125,0.01123046875,0.020702070207020702,0.00012612342834472656,0
1581,0.816162109375,34,0.8125,34,0.8125,0.003662109375,0.004486987735566856,1.341104507446289e-05,1
1582,-0.383544921875,E7,-0.390625,E8,-0.375,0.008544921875,0.022278803309993635,7.301568984985352e-05,0
1583,1.379150390625,4C,1.375,4C,1.375,0.004150390625,0.0030093821915383252,1.722574234008789e-05,1
1584,-0.388671875,E7,-0.390625,E8,-0.375,0.013671875,0.035175879396984924,0.000186920166015625,0
1585,-1.01220703125,C0,-1.0,C0,-1.0,0.01220703125,0.0120598166907863,0.00014901161193847656,1
1586,1.028564453125,41,1.03125,40,1.0,0.028564453125,0.027771184429147874,0.0008159279823303223,0
1587,0.232177734375,0F,0.234375,0F,0.234375,0.002197265625,0.00946372239747634,4.827976226806641e-06,1
1588,-2.23681640625,9E,-2.25,9E,-2.25,0.01318359375,0.005893909626719057,0.00017380714416503906,1
1589,0.208251953125,0D,0.203125,0D,0.203125,0.005126953125,0.0246189917936694,2.6285648345947266e-05,1
1590,-0.69189453125,D4,-0.6875,D4,-0.6875,0.00439453125,0.006351446718419196,1.9311904907226562e-05,1
1591,0.117431640625,08,0.125,08,0.125,0.007568359375,0.06444906444906445,5.728006362915039e-05,1
1592,0.178466796875,0B,0.171875,0B,0.171875,0.006591796875,0.036935704514363885,4.3451786041259766e-05,1
1593,-0.19677734375,F3,-0.203125,F3,-0.203125,0.00634765625,0.03225806451612903,4.029273986816406e-05,1
1594,1.578857421875,53,1.59375,53,1.59375,0.014892578125,0.009432503479202103,0.00022178888320922852,1
1595,1.259033203125,48,1.25,48,1.25,0.009033203125,0.007174713980996703,8.159875869750977e-05,1
1596,0.63818359375,29,0.640625,29,0.640625,0.00244140625,0.0038255547054322878,5.9604644775390625e-06,1
1597,-1.94482421875,A2,-1.9375,A2,-1.9375,0.00732421875,0.0037660055234747677,5.364418029785156e-05,1
1598,0.633544921875,29,0.640625,2A,0.65625,0.022705078125,0.035838150289017344,0.0005155205726623535,0
1599,1.3798828125,4C,1.375,4C,1.375,0.0048828125,0.003538570417551309,2.384185791015625e-05,1
1600,-0.315673828125,EC,-0.3125,EA,-0.34375,0.028076171875,0.08894044856921887,0.000788271427154541,0
1601,-0.389892578125,E7,-0.390625,E7,-0.390625,0.000732421875,0.001878522229179712,5.364418029785156e-07,1
1602,-0.323974609375,EB,-0.328125,EC,-0.3125,0.011474609375,0.03541823662396383,0.0001316666603088379,0
1603,0.214111328125,0E,0.21875,0E,0.21875,0.004638671875,0.021664766248574687,2.1517276763916016e-05,1
1604,0.91162109375,3A,0.90625,3A,0.90625,0.00537109375,0.0058918050348152114,2.8848648071289062e-05,1
1605,-0.663818359375,D6,-0.65625,D5,-0.671875,0.008056640625,0.012136815005516733,6.490945816040039e-05,0
1606,-0.2529296875,F0,-0.25,F0,-0.25,0.0029296875,0.011583011583011582,8.58306884765625e-06,1
1607,-0.204833984375,F3,-0.203125,F3,-0.203125,0.001708984375,0.00834326579261025,2.9206275939941406e-06,1
1608,-1.052734375,BE,-1.0625,BE,-1.0625,0.009765625,0.00927643784786642,9.5367431640625e-05,1
1609,-0.550537109375,DD,-0.546875,DB,-0.578125,0.027587890625,0.050110864745011086,0.0007610917091369629,0
1610,-0.100830078125,FA,-0.09375,FA,-0.09375,0.007080078125,0.07021791767554479,5.0127506256103516e-05,1
1611,-1.261474609375,B8,-1.25,B8,-1.25,0.011474609375,0.00909618734275208,0.0001316666603088379,1
1612,-0.765625,CF,-0.765625,CF,-0.765625,0.0,0.0,0.0,1
1613,1.343017578125,4B,1.34375,4A,1.3125,0.030517578125,0.02272314124704599,0.0009313225746154785,0
1614,-0.016357421875,FF,-0.015625,FF,-0.015625,0.000732421875,0.04477611940298507,5.364418029785156e-07,1
1615,-0.889404296875,C7,-0.890625,C5,-0.921875,0.032470703125,0.03650837222069723,0.0010543465614318848,0
1616,-1.116455078125,BC,-1.125,BC,-1.125,0.008544921875,0.007653619068445222,7.301568984985352e-05,1
1617,-0.28173828125,EE,-0.28125,EE,-0.28125,0.00048828125,0.0017331022530329288,2.384185791015625e-07,1
1618,0.427734375,1B,0.421875,1B,0.421875,0.005859375,0.0136986301369863,3.4332275390625e-05,1
1619,1.001220703125,40,1.0,40,1.0,0.001220703125,0.00121921482565228,1.4901161193847656e-06,1
1620,0.80615234375,34,0.8125,34,0.8125,0.00634765625,0.007874015748031496,4.029273986816406e-05,1
1621,-0.09326171875,FA,-0.09375,FB,-0.078125,0.01513671875,0.16230366492146597,0.00022912025451660156,0
1622,1.35107421875,4B,1.34375,4B,1.34375,0.00732421875,0.005421033610408385,5.364418029785156e-05,1
1623,-1.560546875,AE,-1.5625,AE,-1.5625,0.001953125,0.0012515644555694619,3.814697265625e-06,1
1624,1.137939453125,44,1.125,44,1.125,0.012939453125,0.01137095043981978,0.00016742944717407227,1
1625,-0.529052734375,DE,-0.53125,DE,-0.53125,0.002197265625,0.004153207198892478,4.827976226806641e-06,1
1626,-0.290771484375,ED,-0.296875,EE,-0.28125,0.009521484375,0.0327455919395466,9.065866470336914e-05,0
1627,0.410400390625,1A,0.40625,1A,0.40625,0.004150390625,0.010113027959547887,1.722574234008789e-05,1
1628,-0.168212890625,F5,-0.171875,F5,-0.171875,0.003662109375,0.02177068214804064,1.341104507446289e-05,1
1629,-0.059326171875,FC,-0.0625,FC,-0.0625,0.003173828125,0.053497942386831275,1.0073184967041016e-05,1
1630,0.100830078125,06,0.09375,07,0.109375,0.008544921875,0.0847457627118644,7.301568984985352e-05,0
1631,0.44482421875,1C,0.4375,1C,0.4375,0.00732421875,0.01646542261251372,5.364418029785156e-05,1
1632,0.54248046875,23,0.546875,22,0.53125,0.01123046875,0.020702070207020702,0.00012612342834472656,0
1633,0.81494140625,34,0.8125,34,0.8125,0.00244140625,0.0029958058717795086,5.9604644775390625e-06,1
1634,-0.364990234375,E9,-0.359375,E9,-0.359375,0.005615234375,0.015384615384615385,3.153085708618164e-05,1
1635,1.17919921875,46,1.1875,46,1.1875,0.00830078125,0.007039337474120083,6.890296936035156e-05,1
1636,0.32763671875,15,0.328125,15,0.328125,0.00048828125,0.0014903129657228018,2.384185791015625e-07,1
1637,1.646240234375,55,1.65625,56,1.6875,0.041259765625,0.025063028325671068,0.0017023682594299316,0
1638,0.715576171875,2E,0.71875,2D,0.703125,0.012451171875,0.017400204708290685,0.00015503168106079102,0
1639,-1.76171875,A8,-1.75,A8,-1.75,0.01171875,0.0066518847006651885,0.0001373291015625,1
1640,1.06298828125,42,1.0625,42,1.0625,0.00048828125,0.00045934772622875517,2.384185791015625e-07,1
1641,0.496826171875,20,0.5,20,0.5,0.003173828125,0.0063882063882063885,1.0073184967041016e-05,1
1642,0.576171875,25,0.578125,24,0.5625,0.013671875,0.023728813559322035,0.000186920166015625,0
1643,1.097412109375,43,1.09375,44,1.125,0.027587890625,0.02513904338153504,0.0007610917091369629,0
1644,0.914306640625,3B,0.921875,39,0.890625,0.023681640625,0.02590120160213618,0.0005608201026916504,0
1645,-0.262451171875,EF,-0.265625,EF,-0.265625,0.003173828125,0.012093023255813953,1.0073184967041016e-05,1
1646,0.342529296875,16,0.34375,16,0.34375,0.001220703125,0.003563791874554526,1.4901161193847656e-06,1
1647,0.2626953125,11,0.265625,12,0.28125,0.0185546875,0.07063197026022305,0.00034427642822265625,0
1648,0.428955078125,1B,0.421875,1C,0.4375,0.008544921875,0.0199203187250996,7.301568984985352e-05,0
1649,0.9912109375,3F,0.984375,40,1.0,0.0087890625,0.008866995073891626,7.724761962890625e-05,0
1650,-0.7734375,CE,-0.78125,CF,-0.765625,0.0078125,0.010101010101010102,6.103515625e-05,0
1651,-0.205078125,F3,-0.203125,F2,-0.21875,0.013671875,0.06666666666666667,0.000186920166015625,0
1652,1.15869140625,45,1.15625,45,1.15625,0.00244140625,0.002107037505267594,5.9604644775390625e-06,1
1653,-0.23388671875,F1,-0.234375,F1,-0.234375,0.00048828125,0.0020876826722338203,2.384185791015625e-07,1
1654,0.1015625,06,0.09375,07,0.109375,0.0078125,0.07692307692307693,6.103515625e-05,0
1655,-1.1171875,BC,-1.125,BC,-1.125,0.0078125,0.006993006993006993,6.103515625e-05,1
1656,-0.3544921875,E9,-0.359375,EA,-0.34375,0.0107421875,0.030303030303030304,0.00011539459228515625,0
1657,-1.433837890625,B2,-1.4375,B2,-1.4375,0.003662109375,0.002554060956921505,1.341104507446289e-05,1
1658,1.033203125,41,1.03125,42,1.0625,0.029296875,0.02835538752362949,0.000858306884765625,0
1659,-0.606201171875,D9,-0.609375,D8,-0.625,0.018798828125,0.031010873942811115,0.000353395938873291,0
1660,0.438232421875,1C,0.4375,1C,0.4375,0.000732421875,0.001671309192200557,5.364418029785156e-07,1
1661,1.0068359375,40,1.0,40,1.0,0.0068359375,0.006789524733268671,4.673004150390625e-05,1
1662,2.138916015625,61,2.125,61,2.125,0.013916015625,0.006506106608834608,0.00019365549087524414,1
1663,-0.90185546875,C6,-0.90625,C6,-0.90625,0.00439453125,0.004872766648619383,1.9311904907226562e-05,1
1664,0.063232421875,04,0.0625,04,0.0625,0.000732421875,0.011583011583011582,5.364418029785156e-07,1
1665,-0.595458984375,DA,-0.59375,DA,-0.59375,0.001708984375,0.002870028700287003,2.9206275939941406e-06,1
1666,0.20263671875,0D,0.203125,0D,0.203125,0.00048828125,0.0024096385542168677,2.384185791015625e-07,1
1667,-0.025390625,FE,-0.03125,FF,-0.015625,0.009765625,0.38461538461538464,9.5367431640625e-05,0
1668,1.41650390625,4D,1.40625,4A,1.3125,0.10400390625,0.0734229576008273,0.010816812515258789,0
1669,0.27587890625,12,0.28125,12,0.28125,0.00537109375,0.019469026548672566,2.8848648071289062e-05,1
1670,-1.176513671875,BA,-1.1875,BA,-1.1875,0.010986328125,0.009338036937123885,0.00012069940567016602,1
1671,-0.319091796875,EC,-0.3125,EB,-0.328125,0.009033203125,0.028309104820198928,8.159875869750977e-05,0
1672,0.058837890625,04,0.0625,04,0.0625,0.003662109375,0.06224066390041494,1.341104507446289e-05,1
1673,0.107421875,07,0.109375,08,0.125,0.017578125,0.16363636363636364,0.000308990478515625,0
1674,-0.0693359375,FC,-0.0625,FB,-0.078125,0.0087890625,0.1267605633802817,7.724761962890625e-05,0
1675,0.111572265625,07,0.109375,08,0.125,0.013427734375,0.12035010940919037,0.00018030405044555664,0
1676,-0.04833984375,FD,-0.046875,FD,-0.046875,0.00146484375,0.030303030303030304,2.1457672119140625e-06,1
1677,0.642578125,29,0.640625,29,0.640625,0.001953125,0.00303951367781155,3.814697265625e-06,1
1678,-0.622802734375,D8,-0.625,D9,-0.609375,0.013427734375,0.02156017248137985,0.00018030405044555664,0
1679,0.11328125,07,0.109375,08,0.125,0.01171875,0.10344827586206896,0.0001373291015625,0
1680,-1.3359375,B5,-1.34375,B6,-1.3125,0.0234375,0.017543859649122806,0.00054931640625,0
1681,1.374755859375,4C,1.375,4C,1.375,0.000244140625,0.0001775883502042266,5.960464477539063e-08,1
1682,-1.224853515625,B9,-1.21875,B8,-1.25,0.025146484375,0.020530197329081123,0.0006323456764221191,0
1683,0.507080078125,20,0.5,20,0.5,0.007080078125,0.013962445835339432,5.0127506256103516e-05,1
1684,-0.353271484375,E9,-0.359375,E8,-0.375,0.021728515625,0.061506565307532825,0.00047212839126586914,0
1685,0.496826171875,20,0.5,20,0.5,0.003173828125,0.0063882063882063885,1.0073184967041016e-05,1
1686,0.0703125,04,0.0625,05,0.078125,0.0078125,0.1111111111111111,6.103515625e-05,0
1687,-0.2412109375,F1,-0.234375,F1,-0.234375,0.0068359375,0.02834008097165992,4.673004150390625e-05,1
1688,-0.163818359375,F6,-0.15625,F4,-0.1875,0.023681640625,0.14456035767511177,0.0005608201026916504,0
1689,0.96337890625,3E,0.96875,3E,0.96875,0.00537109375,0.005575266092245312,2.8848648071289062e-05,1
1690,0.133056640625,09,0.140625,08,0.125,0.008056640625,0.060550458715596334,6.490945816040039e-05,0
1691,0.423583984375,1B,0.421875,1B,0.421875,0.001708984375,0.004034582132564841,2.9206275939941406e-06,1
1692,-0.292724609375,ED,-0.296875,EE,-0.28125,0.011474609375,0.03919933277731443,0.0001316666603088379,0
1693,0.57177734375,25,0.578125,25,0.578125,0.00634765625,0.011101622544833475,4.029273986816406e-05,1
1694,-0.14697265625,F7,-0.140625,F6,-0.15625,0.00927734375,0.06312292358803986,8.606910705566406e-05,0
1695,-1.779052734375,A7,-1.78125,A6,-1.8125,0.033447265625,0.018800603815013035,0.0011187195777893066,0
1696,1.423095703125,4E,1.4375,4E,1.4375,0.014404296875,0.010121804769257163,0.00020748376846313477,1
1697,0.69482421875,2C,0.6875,2C,0.6875,0.00732421875,0.010541110330288124,5.364418029785156e-05,1
1698,0.63525390625,29,0.640625,2A,0.65625,0.02099609375,0.033051498847040735,0.00044083595275878906,0
1699,-0.77392578125,CE,-0.78125,CE,-0.78125,0.00732421875,0.00946372239747634,5.364418029785156e-05,1
1700,1.450927734375,4E,1.4375,4E,1.4375,0.013427734375,0.009254585226316675,0.00018030405044555664,1
1701,1.40087890625,4D,1.40625,4D,1.40625,0.00537109375,0.0038340885325897525,2.8848648071289062e-05,1
1702,-1.177490234375,BA,-1.1875,BA,-1.1875,0.010009765625,0.008500933029234915,0.00010019540786743164,1
1703,-1.50927734375,B0,-1.5,B0,-1.5,0.00927734375,0.0061468780329990294,8.606910705566406e-05,1
1704,-0.453125,E3,-0.453125,E3,-0.453125,0.0,0.0,0.0,1
1705,-0.169921875,F5,-0.171875,F5,-0.171875,0.001953125,0.011494252873563218,3.814697265625e-06,1
1706,0.003173828125,01,0.015625,00,0.0,0.003173828125,1.0,1.0073184967041016e-05,0
1707,-1.408935546875,B3,-1.40625,B3,-1.40625,0.002685546875,0.001906082134811991,7.212162017822266e-06,1
1708,0.230224609375,0F,0.234375,0F,0.234375,0.004150390625,0.018027571580063628,1.722574234008789e-05,1
1709,-0.31201171875,EC,-0.3125,EC,-0.3125,0.00048828125,0.001564945226917058,2.384185791015625e-07,1
1710,-0.80517578125,CC,-0.8125,CD,-0.796875,0.00830078125,0.010309278350515464,6.890296936035156e-05,0
1711,-0.781005859375,CE,-0.78125,CE,-0.78125,0.000244140625,0.00031259768677711783,5.960464477539063e-08,1
1712,1.37646484375,4C,1.375,4C,1.375,0.00146484375,0.001064207165661582,2.1457672119140625e-06,1
1713,-0.981689453125,C1,-0.984375,C2,-0.96875,0.012939453125,0.013180800795821936,0.00016742944717407227,0
1714,0.248779296875,10,0.25,10,0.25,0.001220703125,0.004906771344455349,1.4901161193847656e-06,1
1715,0.119140625,08,0.125,07,0.109375,0.009765625,0.08196721311475409,9.5367431640625e-05,0
1716,-1.58837890625,AD,-1.59375,AC,-1.625,0.03662109375,0.02305564094681832,0.001341104507446289,0
1717,-1.52587890625,AF,-1.53125,B0,-1.5,0.02587890625,0.01696,0.0006697177886962891,0
1718,-0.09130859375,FA,-0.09375,FB,-0.078125,0.01318359375,0.1443850267379679,0.00017380714416503906,0
1719,0.0380859375,02,0.03125,03,0.046875,0.0087890625,0.23076923076923078,7.724761962890625e-05,0
1720,-0.341064453125,EA,-0.34375,EA,-0.34375,0.002685546875,0.007874015748031496,7.212162017822266e-06,1
1721,0.174560546875,0B,0.171875,0B,0.171875,0.002685546875,0.015384615384615385,7.212162017822266e-06,1
1722,-1.96044921875,A1,-1.96875,A1,-1.96875,0.00830078125,0.004234122042341221,6.890296936035156e-05,1
1723,0.3525390625,17,0.359375,17,0.359375,0.0068359375,0.019390581717451522,4.673004150390625e-05,1
1724,1.0498046875,42,1.0625,42,1.0625,0.0126953125,0.012093023255813953,0.00016117095947265625,1
1725,-1.4287109375,B2,-1.4375,B2,-1.4375,0.0087890625,0.006151742993848257,7.724761962890625e-05,1
1726,-0.87353515625,C8,-0.875,C8,-0.875,0.00146484375,0.0016769144773616546,2.1457672119140625e-06,1
1727,-0.954833984375,C3,-0.953125,C4,-0.9375,0.017333984375,0.018153924827409868,0.00030046701431274414,0
1728,0.4501953125,1D,0.453125,1D,0.453125,0.0029296875,0.006507592190889371,8.58306884765625e-06,1
1729,-0.471923828125,E2,-0.46875,E2,-0.46875,0.003173828125,0.006725297465080186,1.0073184967041016e-05,1
1730,-1.71875,A9,-1.71875,AA,-1.6875,0.03125,0.01818181818181818,0.0009765625,0
1731,1.4169921875,4D,1.40625,4C,1.375,0.0419921875,0.029634734665747762,0.0017633438110351562,0
1732,0.95068359375,3D,0.953125,3D,0.953125,0.00244140625,0.0025680534155110425,5.9604644775390625e-06,1
1733,1.253662109375,48,1.25,48,1.25,0.003662109375,0.0029211295034079843,1.341104507446289e-05,1
1734,0.330078125,15,0.328125,14,0.3125,0.017578125,0.05325443786982249,0.000308990478515625,0
1735,0.853759765625,37,0.859375,36,0.84375,0.010009765625,0.011724335144409494,0.00010019540786743164,0
1736,0.131591796875,08,0.125,08,0.125,0.006591796875,0.05009276437847866,4.3451786041259766e-05,1
1737,-0.2451171875,F0,-0.25,F0,-0.25,0.0048828125,0.0199203187250996,2.384185791015625e-05,1
1738,1.04052734375,41,1.03125,3F,0.984375,0.05615234375,0.05396527451900516,0.003153085708618164,0
1739,0.74951171875,30,0.75,30,0.75,0.00048828125,0.0006514657980456026,2.384185791015625e-07,1
1740,0.501220703125,20,0.5,20,0.5,0.001220703125,0.0024354603019970775,1.4901161193847656e-06,1
1741,0.6494140625,2A,0.65625,2A,0.65625,0.0068359375,0.010526315789473684,4.673004150390625e-05,1
1742,-1.827392578125,A6,-1.8125,A5,-1.84375,0.016357421875,0.00895123580494322,0.0002675652503967285,0
1743,0.71142578125,2E,0.71875,2D,0.703125,0.00830078125,0.011667810569663692,6.890296936035156e-05,0
1744,-0.96142578125,C2,-0.96875,C3,-0.953125,0.00830078125,0.008633824276282377,6.890296936035156e-05,0
1745,-1.43408203125,B2,-1.4375,B2,-1.4375,0.00341796875,0.002383384405856316,1.1682510375976562e-05,1
1746,0.24267578125,10,0.25,0F,0.234375,0.00830078125,0.03420523138832998,6.890296936035156e-05,0
1747,-1.26708984375,B7,-1.28125,B8,-1.25,0.01708984375,0.01348747591522158,0.00029206275939941406,0
1748,0.66015625,2A,0.65625,2A,0.65625,0.00390625,0.005917159763313609,1.52587890625e-05,1
1749,0.334228515625,15,0.328125,16,0.34375,0.009521484375,0.028487947406866325,9.065866470336914e-05,0
1750,-0.983642578125,C1,-0.984375,C2,-0.96875,0.014892578125,0.015140233308513279,0.00022178888320922852,0
1751,0.431640625,1C,0.4375,1D,0.453125,0.021484375,0.049773755656108594,0.000461578369140625,0
1752,-0.273193359375,EF,-0.265625,EE,-0.28125,0.008056640625,0.029490616621983913,6.490945816040039e-05,0
1753,-1.143798828125,BB,-1.15625,BC,-1.125,0.018798828125,0.016435432230522944,0.000353395938873291,0
1754,-0.588134765625,DA,-0.59375,DA,-0.59375,0.005615234375,0.009547530095475302,3.153085708618164e-05,1
1755,0.273681640625,12,0.28125,11,0.265625,0.008056640625,0.029438001784121322,6.490945816040039e-05,0
1756,-0.842529296875,CA,-0.84375,CA,-0.84375,0.001220703125,0.0014488554042306578,1.4901161193847656e-06,1
1757,-0.797607421875,CD,-0.796875,CE,-0.78125,0.016357421875,0.020508111417202327,0.0002675652503967285,0
1758,1.17724609375,46,1.1875,46,1.1875,0.01025390625,0.008710078805474907,0.00010514259338378906,1
1759,-1.947265625,A2,-1.9375,A1,-1.96875,0.021484375,0.011033099297893681,0.000461578369140625,0
1760,0.321533203125,15,0.328125,13,0.296875,0.024658203125,0.07668944570994685,0.0006080269813537598,0
1761,-0.085693359375,FB,-0.078125,FA,-0.09375,0.008056640625,0.09401709401709402,6.490945816040039e-05,0
1762,-1.304443359375,B6,-1.3125,B6,-1.3125,0.008056640625,0.006176305446378439,6.490945816040039e-05,1
1763,-0.87158203125,C8,-0.875,C7,-0.890625,0.01904296875,0.021848739495798318,0.00036263465881347656,0
1764,-1.283447265625,B7,-1.28125,B7,-1.28125,0.002197265625,0.0017120030435609664,4.827976226806641e-06,1
1765,-0.43115234375,E4,-0.4375,E6,-0.40625,0.02490234375,0.057757644394110984,0.0006201267242431641,0
1766,0.368408203125,18,0.375,18,0.375,0.006591796875,0.017892644135188866,4.3451786041259766e-05,1
1767,1.57080078125,52,1.5625,52,1.5625,0.00830078125,0.0052844264843021444,6.890296936035156e-05,1
1768,0.289306640625,13,0.296875,12,0.28125,0.008056640625,0.027848101265822784,6.490945816040039e-05,0
1769,-0.032470703125,FE,-0.03125,FF,-0.015625,0.016845703125,0.518796992481203,0.00028377771377563477,0
1770,-0.38720703125,E7,-0.390625,E8,-0.375,0.01220703125,0.031525851197982346,0.00014901161193847656,0
1771,0.846923828125,36,0.84375,37,0.859375,0.012451171875,0.014701643124819834,0.00015503168106079102,0
1772,-0.607666015625,D9,-0.609375,D9,-0.609375,0.001708984375,0.002812374447569305,2.9206275939941406e-06,1
1773,0.4375,1C,0.4375,1C,0.4375,0.0,0.0,0.0,1
1774,-0.389404296875,E7,-0.390625,E6,-0.40625,0.016845703125,0.04326018808777429,0.00028377771377563477,0
1775,-1.374267578125,B4,-1.375,B4,-1.375,0.000732421875,0.0005329543435779002,5.364418029785156e-07,1
1776,1.276611328125,49,1.28125,4A,1.3125,0.035888671875,0.028112449799196786,0.001287996768951416,0
1777,-0.19384765625,F4,-0.1875,F4,-0.1875,0.00634765625,0.0327455919395466,4.029273986816406e-05,1
1778,0.365478515625,17,0.359375,18,0.375,0.009521484375,0.026052104208416832,9.065866470336914e-05,0
1779,1.18896484375,46,1.1875,46,1.1875,0.00146484375,0.0012320328542094457,2.1457672119140625e-06,1
1780,-0.92626953125,C5,-0.921875,C5,-0.921875,0.00439453125,0.004744333157617291,1.9311904907226562e-05,1
1781,-0.36767578125,E8,-0.375,E9,-0.359375,0.00830078125,0.02257636122177955,6.890296936035156e-05,0
1782,1.5068359375,50,1.5,50,1.5,0.0068359375,0.004536616979909268,4.673004150390625e-05,1
1783,-2.137451171875,9F,-2.125,9F,-2.125,0.012451171875,0.005825242718446602,0.00015503168106079102,1
1784,0.846923828125,36,0.84375,37,0.859375,0.012451171875,0.014701643124819834,0.00015503168106079102,0
1785,0.299072265625,13,0.296875,14,0.3125,0.013427734375,0.044897959183673466,0.00018030405044555664,0
1786,-0.46630859375,E2,-0.46875,E2,-0.46875,0.00244140625,0.005235602094240838,5.9604644775390625e-06,1
1787,0.579345703125,25,0.578125,27,0.609375,0.030029296875,0.051833122629582805,0.0009017586708068848,0
1788,-0.583251953125,DB,-0.578125,DA,-0.59375,0.010498046875,0.01799916282963583,0.00011020898818969727,0
1789,-0.1435546875,F7,-0.140625,F7,-0.140625,0.0029296875,0.02040816326530612,8.58306884765625e-06,1
1790,-0.5166015625,DF,-0.515625,DE,-0.53125,0.0146484375,0.02835538752362949,0.00021457672119140625,0
1791,-0.109375,F9,-0.109375,F9,-0.109375,0.0,0.0,0.0,1
1792,-0.374755859375,E8,-0.375,E8,-0.375,0.000244140625,0.0006514657980456026,5.960464477539063e-08,1
1793,0.66357421875,2A,0.65625,2B,0.671875,0.00830078125,0.012509197939661517,6.890296936035156e-05,0
1794,-1.538818359375,AF,-1.53125,AE,-1.5625,0.023681640625,0.015389497064889734,0.0005608201026916504,0
1795,0.051025390625,03,0.046875,02,0.03125,0.019775390625,0.3875598086124402,0.0003910660743713379,0
1796,1.05712890625,42,1.0625,42,1.0625,0.00537109375,0.005080831408775982,2.8848648071289062e-05,1
1797,0.696044921875,2D,0.703125,2C,0.6875,0.008544921875,0.012276394247632409,7.301568984985352e-05,0
1798,0.185791015625,0C,0.1875,0C,0.1875,0.001708984375,0.009198423127463863,2.9206275939941406e-06,1
1799,-0.314208984375,EC,-0.3125,EB,-0.328125,0.013916015625,0.04428904428904429,0.00019365549087524414,0
1800,0.4716796875,1E,0.46875,1E,0.46875,0.0029296875,0.006211180124223602,8.58306884765625e-06,1
1801,1.414794921875,4D,1.40625,4E,1.4375,0.022705078125,0.016048317515099223,0.0005155205726623535,0
1802,-0.3076171875,EC,-0.3125,EB,-0.328125,0.0205078125,0.06666666666666667,0.00042057037353515625,0
1803,0.5791015625,25,0.578125,24,0.5625,0.0166015625,0.02866779089376054,0.00027561187744140625,0
1804,-0.698974609375,D3,-0.703125,D3,-0.703125,0.004150390625,0.005937827453719874,1.722574234008789e-05,1
1805,1.427734375,4E,1.4375,4F,1.46875,0.041015625,0.028727770177838577,0.001682281494140625,0
1806,2.31591796875,63,2.375,62,2.25,0.06591796875,0.028462998102466792,0.0043451786041259766,0
1807,2.233154296875,62,2.25,62,2.25,0.016845703125,0.00754345687110528,0.00028377771377563477,1
1808,-0.748779296875,D0,-0.75,D1,-0.734375,0.014404296875,0.019237039452233453,0.00020748376846313477,0
1809,-0.023681640625,FE,-0.03125,FF,-0.015625,0.008056640625,0.3402061855670103,6.490945816040039e-05,0
1810,-1.1015625,BD,-1.09375,BD,-1.09375,0.0078125,0.0070921985815602835,6.103515625e-05,1
1811,-0.12158203125,F8,-0.125,F8,-0.125,0.00341796875,0.028112449799196786,1.1682510375976562e-05,1
1812,-1.31103515625,B6,-1.3125,B6,-1.3125,0.00146484375,0.0011173184357541898,2.1457672119140625e-06,1
1813,0.699951171875,2D,0.703125,2B,0.671875,0.028076171875,0.040111614928496686,0.000788271427154541,0
1814,-0.739990234375,D1,-0.734375,D0,-0.75,0.010009765625,0.013526888815572418,0.00010019540786743164,0
1815,0.493408203125,20,0.5,1F,0.484375,0.009033203125,0.01830776843146957,8.159875869750977e-05,0
1816,-0.886962890625,C7,-0.890625,C7,-0.890625,0.003662109375,0.004128819157720892,1.341104507446289e-05,1
1817,0.59765625,26,0.59375,27,0.609375,0.01171875,0.0196078431372549,0.0001373291015625,0
1818,0.013916015625,01,0.015625,01,0.015625,0.001708984375,0.12280701754385964,2.9206275939941406e-06,1
1819,0.61474609375,27,0.609375,27,0.609375,0.00537109375,0.008737092930897538,2.8848648071289062e-05,1
1820,1.7451171875,58,1.75,58,1.75,0.0048828125,0.0027979854504756574,2.384185791015625e-05,1
1821,0.16650390625,0B,0.171875,0A,0.15625,0.01025390625,0.06158357771260997,0.00010514259338378906,0
1822,-0.93212890625,C4,-0.9375,C4,-0.9375,0.00537109375,0.005762179151388162,2.8848648071289062e-05,1
1823,-1.291015625,B7,-1.28125,B6,-1.3125,0.021484375,0.01664145234493192,0.000461578369140625,0
1824,-0.534912109375,DE,-0.53125,DE,-0.53125,0.003662109375,0.006846188954815153,1.341104507446289e-05,1
1825,1.260009765625,48,1.25,48,1.25,0.010009765625,0.007944196861073435,0.00010019540786743164,1
1826,-1.24658203125,B8,-1.25,B8,-1.25,0.00341796875,0.0027418723070896985,1.1682510375976562e-05,1
1827,0.532470703125,22,0.53125,23,0.546875,0.014404296875,0.0270518110958276,0.00020748376846313477,0
1828,-0.4375,E4,-0.4375,E4,-0.4375,0.0,0.0,0.0,1
1829,0.726806640625,2F,0.734375,2F,0.734375,0.007568359375,0.010413167618407793,5.728006362915039e-05,1
1830,-1.07568359375,BE,-1.0625,BD,-1.09375,0.01806640625,0.016795279164775308,0.00032639503479003906,0
1831,-0.32470703125,EB,-0.328125,EB,-0.328125,0.00341796875,0.010526315789473684,1.1682510375976562e-05,1
1832,-0.548828125,DD,-0.546875,DE,-0.53125,0.017578125,0.03202846975088968,0.000308990478515625,0
1833,-0.137451171875,F7,-0.140625,F8,-0.125,0.012451171875,0.0905861456483126,0.00015503168106079102,0
1834,-0.688720703125,D4,-0.6875,D4,-0.6875,0.001220703125,0.001772421127259837,1.4901161193847656e-06,1
1835,-0.0703125,FC,-0.0625,FC,-0.0625,0.0078125,0.1111111111111111,6.103515625e-05,1
1836,-1.2158203125,B9,-1.21875,B9,-1.21875,0.0029296875,0.0024096385542168677,8.58306884765625e-06,1
1837,-0.084228515625,FB,-0.078125,FB,-0.078125,0.006103515625,0.07246376811594203,3.725290298461914e-05,1
1838,1.216552734375,47,1.21875,46,1.1875,0.029052734375,0.02388119606662653,0.0008440613746643066,0
1839,0.026123046875,02,0.03125,01,0.015625,0.010498046875,0.40186915887850466,0.00011020898818969727,0
1840,0.074462890625,05,0.078125,05,0.078125,0.003662109375,0.04918032786885246,1.341104507446289e-05,1
1841,0.72314453125,2E,0.71875,2E,0.71875,0.00439453125,0.006076975016880486,1.9311904907226562e-05,1
1842,0.180419921875,0C,0.1875,0C,0.1875,0.007080078125,0.03924221921515562,5.0127506256103516e-05,1
1843,0.017333984375,01,0.015625,00,0.0,0.017333984375,1.0,0.00030046701431274414,0
1844,1.478759765625,4F,1.46875,50,1.5,0.021240234375,0.014363546310054482,0.00045114755630493164,0
1845,0.05615234375,04,0.0625,04,0.0625,0.00634765625,0.11304347826086956,4.029273986816406e-05,1
1846,0.945556640625,3D,0.953125,3D,0.953125,0.007568359375,0.008004131164471986,5.728006362915039e-05,1
1847,0.167724609375,0B,0.171875,0A,0.15625,0.011474609375,0.06841339155749636,0.0001316666603088379,0
1848,-0.527099609375,DE,-0.53125,DE,-0.53125,0.004150390625,0.007874015748031496,1.722574234008789e-05,1
1849,-0.38671875,E7,-0.390625,E8,-0.375,0.01171875,0.030303030303030304,0.0001373291015625,0
1850,0.108642578125,07,0.109375,07,0.109375,0.000732421875,0.006741573033707865,5.364418029785156e-07,1
1851,-1.01611328125,BF,-1.03125,BF,-1.03125,0.01513671875,0.014896684286400768,0.00022912025451660156,1
1852,0.72216796875,2E,0.71875,2E,0.71875,0.00341796875,0.004732927653820149,1.1682510375976562e-05,1
1853,-0.824951171875,CB,-0.828125,CB,-0.828125,0.003173828125,0.0038472920982539215,1.0073184967041016e-05,1
1854,0.56787109375,24,0.5625,25,0.578125,0.01025390625,0.018056749785038694,0.00010514259338378906,0
1855,0.468505859375,1E,0.46875,1D,0.453125,0.015380859375,0.03282959874934862,0.0002365708351135254,0
1856,-0.2265625,F2,-0.21875,F1,-0.234375,0.0078125,0.034482758620689655,6.103515625e-05,0
1857,0.14404296875,09,0.140625,09,0.140625,0.00341796875,0.023728813559322035,1.1682510375976562e-05,1
1858,-1.3359375,B5,-1.34375,B5,-1.34375,0.0078125,0.005847953216374269,6.103515625e-05,1
1859,0.08984375,06,0.09375,06,0.09375,0.00390625,0.043478260869565216,1.52587890625e-05,1
1860,-0.2822265625,EE,-0.28125,EE,-0.28125,0.0009765625,0.0034602076124567475,9.5367431640625e-07,1
1861,1.103759765625,43,1.09375,44,1.125,0.021240234375,0.019243530192435302,0.00045114755630493164,0
1862,0.846923828125,36,0.84375,36,0.84375,0.003173828125,0.0037474776592678004,1.0073184967041016e-05,1
1863,0.3837890625,19,0.390625,19,0.390625,0.0068359375,0.017811704834605598,4.673004150390625e-05,1
1864,-1.75341796875,A8,-1.75,A8,-1.75,0.00341796875,0.001949317738791423,1.1682510375976562e-05,1
1865,-0.943115234375,C4,-0.9375,C3,-0.953125,0.010009765625,0.010613512813875226,0.00010019540786743164,0
1866,-0.821044921875,CB,-0.828125,CB,-0.828125,0.007080078125,0.008623253047873923,5.0127506256103516e-05,1
1867,0.040771484375,03,0.046875,02,0.03125,0.009521484375,0.23353293413173654,9.065866470336914e-05,0
1868,-0.649658203125,D6,-0.65625,D7,-0.640625,0.009033203125,0.013904547162720781,8.159875869750977e-05,0
1869,0.921142578125,3B,0.921875,3B,0.921875,0.000732421875,0.0007951232441028359,5.364418029785156e-07,1
1870,-1.834716796875,A5,-1.84375,A6,-1.8125,0.022216796875,0.01210911510312708,0.0004935860633850098,0
1871,-0.24755859375,F0,-0.25,F0,-0.25,0.00244140625,0.009861932938856016,5.9604644775390625e-06,1
1872,-0.1865234375,F4,-0.1875,F4,-0.1875,0.0009765625,0.005235602094240838,9.5367431640625e-07,1
1873,-0.531982421875,DE,-0.53125,DE,-0.53125,0.000732421875,0.0013767783386874712,5.364418029785156e-07,1
1874,0.589599609375,26,0.59375,25,0.578125,0.011474609375,0.019461697722567287,0.0001316666603088379,0
1875,1.43310546875,4E,1.4375,4E,1.4375,0.00439453125,0.0030664395229982964,1.9311904907226562e-05,1
1876,1.5087890625,50,1.5,50,1.5,0.0087890625,0.005825242718446602,7.724761962890625e-05,1
1877,-0.97509765625,C2,-0.96875,C2,-0.96875,0.00634765625,0.006509764646970456,4.029273986816406e-05,1
1878,1.548828125,52,1.5625,52,1.5625,0.013671875,0.008827238335435058,0.000186920166015625,1
1879,-0.953125,C3,-0.953125,C2,-0.96875,0.015625,0.01639344262295082,0.000244140625,0
1880,0.804931640625,34,0.8125,32,0.78125,0.023681640625,0.029420685471640885,0.0005608201026916504,0
1881,0.353515625,17,0.359375,16,0.34375,0.009765625,0.027624309392265192,9.5367431640625e-05,0
1882,-0.49609375,E0,-0.5,E1,-0.484375,0.01171875,0.023622047244094488,0.0001373291015625,0
1883,-0.018798828125,FF,-0.015625,FF,-0.015625,0.003173828125,0.16883116883116883,1.0073184967041016e-05,1
1884,2.273681640625,62,2.25,62,2.25,0.023681640625,0.010415548158488134,0.0005608201026916504,1
1885,0.149658203125,0A,0.15625,0A,0.15625,0.006591796875,0.04404567699836868,4.3451786041259766e-05,1
1886,-1.14306640625,BB,-1.15625,BC,-1.125,0.01806640625,0.015805211448099103,0.00032639503479003906,0
1887,-0.940185546875,C4,-0.9375,C5,-0.921875,0.018310546875,0.019475460919241756,0.00033527612686157227,0
1888,-0.06787109375,FC,-0.0625,FC,-0.0625,0.00537109375,0.07913669064748201,2.8848648071289062e-05,1
1889,-0.3291015625,EB,-0.328125,EB,-0.328125,0.0009765625,0.002967359050445104,9.5367431640625e-07,1
1890,-0.081787109375,FB,-0.078125,FA,-0.09375,0.011962890625,0.14626865671641792,0.0001431107521057129,0
1891,1.326171875,4A,1.3125,4A,1.3125,0.013671875,0.010309278350515464,0.000186920166015625,1
1892,0.1748046875,0B,0.171875,0B,0.171875,0.0029296875,0.01675977653631285,8.58306884765625e-06,1
1893,1.135498046875,44,1.125,44,1.125,0.010498046875,0.00924532358632552,0.00011020898818969727,1
1894,-1.16748046875,BB,-1.15625,BA,-1.1875,0.02001953125,0.017147636971978252,0.00040078163146972656,0
1895,0.6337890625,29,0.640625,29,0.640625,0.0068359375,0.01078582434514638,4.673004150390625e-05,1
1896,-0.721923828125,D2,-0.71875,D2,-0.71875,0.003173828125,0.00439634764964491,1.0073184967041016e-05,1
1897,0.416259765625,1B,0.421875,1B,0.421875,0.005615234375,0.013489736070381233,3.153085708618164e-05,1
1898,0.0185546875,01,0.015625,02,0.03125,0.0126953125,0.6842105263157895,0.00016117095947265625,0
1899,-0.15478515625,F6,-0.15625,F6,-0.15625,0.00146484375,0.00946372239747634,2.1457672119140625e-06,1
1900,-0.677978515625,D5,-0.671875,D5,-0.671875,0.006103515625,0.009002520705797623,3.725290298461914e-05,1
1901,1.34375,4B,1.34375,4B,1.34375,0.0,0.0,0.0,1
1902,0.726806640625,2F,0.734375,2F,0.734375,0.007568359375,0.010413167618407793,5.728006362915039e-05,1
1903,-0.626953125,D8,-0.625,D8,-0.625,0.001953125,0.003115264797507788,3.814697265625e-06,1
1904,0.114501953125,07,0.109375,08,0.125,0.010498046875,0.09168443496801706,0.00011020898818969727,0
1905,1.3369140625,4B,1.34375,4B,1.34375,0.0068359375,0.005113221329437546,4.673004150390625e-05,1
1906,-1.437255859375,B2,-1.4375,B2,-1.4375,0.000244140625,0.00016986580601324953,5.960464477539063e-08,1
1907,2.41455078125,63,2.375,64,2.5,0.08544921875,0.03538928210313448,0.0073015689849853516,0
1908,0.857421875,37,0.859375,37,0.859375,0.001953125,0.002277904328018223,3.814697265625e-06,1
1909,-0.678955078125,D5,-0.671875,D4,-0.6875,0.008544921875,0.012585400934915498,7.301568984985352e-05,0
1910,-0.15869140625,F6,-0.15625,F5,-0.171875,0.01318359375,0.08307692307692308,0.00017380714416503906,0
1911,-0.25244140625,F0,-0.25,F0,-0.25,0.00244140625,0.009671179883945842,5.9604644775390625e-06,1
1912,-1.238037109375,B8,-1.25,B8,-1.25,0.011962890625,0.009662788404653915,0.0001431107521057129,1
1913,0.34716796875,16,0.34375,16,0.34375,0.00341796875,0.009845288326300985,1.1682510375976562e-05,1
1914,0.6767578125,2B,0.671875,2C,0.6875,0.0107421875,0.015873015873015872,0.00011539459228515625,0
1915,-1.070556640625,BE,-1.0625,BE,-1.0625,0.008056640625,0.007525655644241733,6.490945816040039e-05,1
1916,0.58544921875,25,0.578125,25,0.578125,0.00732421875,0.012510425354462052,5.364418029785156e-05,1
1917,-0.1298828125,F8,-0.125,F8,-0.125,0.0048828125,0.03759398496240601,2.384185791015625e-05,1
1918,0.785400390625,32,0.78125,33,0.796875,0.011474609375,0.014609884986011812,0.0001316666603088379,0
1919,-0.559814453125,DC,-0.5625,DC,-0.5625,0.002685546875,0.004797208896641954,7.212162017822266e-06,1
1920,-0.217529296875,F2,-0.21875,F3,-0.203125,0.014404296875,0.06621773288439955,0.00020748376846313477,0
1921,-0.46728515625,E2,-0.46875,E2,-0.46875,0.00146484375,0.003134796238244514,2.1457672119140625e-06,1
1922,-1.47705078125,B1,-1.46875,B1,-1.46875,0.00830078125,0.005619834710743801,6.890296936035156e-05,1
1923,-0.28662109375,EE,-0.28125,EE,-0.28125,0.00537109375,0.018739352640545145,2.8848648071289062e-05,1
1924,-0.77099609375,CF,-0.765625,CE,-0.78125,0.01025390625,0.013299556681443952,0.00010514259338378906,0
1925,1.376220703125,4C,1.375,4C,1.375,0.001220703125,0.0008869966294128083,1.4901161193847656e-06,1
1926,-1.47607421875,B1,-1.46875,B0,-1.5,0.02392578125,0.01620906384386371,0.0005724430084228516,0
1927,-0.9052734375,C6,-0.90625,C6,-0.90625,0.0009765625,0.0010787486515641855,9.5367431640625e-07,1
1928,1.00634765625,40,1.0,40,1.0,0.00634765625,0.006307617661329452,4.029273986816406e-05,1
1929,0.2451171875,10,0.25,10,0.25,0.0048828125,0.0199203187250996,2.384185791015625e-05,1
1930,-0.71923828125,D2,-0.71875,D2,-0.71875,0.00048828125,0.0006788866259334691,2.384185791015625e-07,1
1931,-0.4189453125,E5,-0.421875,E5,-0.421875,0.0029296875,0.006993006993006993,8.58306884765625e-06,1
1932,0.49755859375,20,0.5,20,0.5,0.00244140625,0.004906771344455349,5.9604644775390625e-06,1
1933,-0.23779296875,F1,-0.234375,F0,-0.25,0.01220703125,0.0513347022587269,0.00014901161193847656,0
1934,-0.13671875,F7,-0.140625,F8,-0.125,0.01171875,0.08571428571428572,0.0001373291015625,0
1935,-0.13623046875,F7,-0.140625,F7,-0.140625,0.00439453125,0.03225806451612903,1.9311904907226562e-05,1
1936,1.49755859375,50,1.5,50,1.5,0.00244140625,0.0016302575806977503,5.9604644775390625e-06,1
1937,-1.136962890625,BC,-1.125,BC,-1.125,0.011962890625,0.010521795147090401,0.0001431107521057129,1
1938,0.55029296875,23,0.546875,23,0.546875,0.00341796875,0.006211180124223602,1.1682510375976562e-05,1
1939,1.186767578125,46,1.1875,46,1.1875,0.000732421875,0.0006171569635877391,5.364418029785156e-07,1
1940,1.0673828125,42,1.0625,42,1.0625,0.0048828125,0.004574565416285453,2.384185791015625e-05,1
1941,0.215087890625,0E,0.21875,0E,0.21875,0.003662109375,0.0170261066969353,1.341104507446289e-05,1
1942,0.586181640625,26,0.59375,26,0.59375,0.007568359375,0.012911286963765098,5.728006362915039e-05,1
1943,-0.9775390625,C1,-0.984375,C1,-0.984375,0.0068359375,0.006993006993006993,4.673004150390625e-05,1
1944,-0.419921875,E5,-0.421875,E5,-0.421875,0.001953125,0.004651162790697674,3.814697265625e-06,1
1945,-0.43408203125,E4,-0.4375,E4,-0.4375,0.00341796875,0.007874015748031496,1.1682510375976562e-05,1
1946,1.5869140625,53,1.59375,53,1.59375,0.0068359375,0.0043076923076923075,4.673004150390625e-05,1
1947,0.462646484375,1E,0.46875,1E,0.46875,0.006103515625,0.013192612137203167,3.725290298461914e-05,1
1948,-1.18603515625,BA,-1.1875,BA,-1.1875,0.00146484375,0.0012350761630300535,2.1457672119140625e-06,1
1949,-0.40185546875,E6,-0.40625,E6,-0.40625,0.00439453125,0.010935601458080195,1.9311904907226562e-05,1
1950,-0.643798828125,D7,-0.640625,D7,-0.640625,0.003173828125,0.004929844520288207,1.0073184967041016e-05,1
1951,-0.31640625,EC,-0.3125,EC,-0.3125,0.00390625,0.012345679012345678,1.52587890625e-05,1
1952,-0.890625,C7,-0.890625,C8,-0.875,0.015625,0.017543859649122806,0.000244140625,0
1953,0.508544921875,21,0.515625,20,0.5,0.008544921875,0.016802688430148822,7.301568984985352e-05,0
1954,0.19677734375,0D,0.203125,0B,0.171875,0.02490234375,0.12655086848635236,0.0006201267242431641,0
1955,-0.32373046875,EB,-0.328125,EB,-0.328125,0.00439453125,0.013574660633484163,1.9311904907226562e-05,1
1956,0.771728515625,31,0.765625,31,0.765625,0.006103515625,0.007908889591901298,3.725290298461914e-05,1
1957,-1.117431640625,BC,-1.125,BC,-1.125,0.007568359375,0.006772995411841818,5.728006362915039e-05,1
1958,-0.210205078125,F3,-0.203125,F4,-0.1875,0.022705078125,0.10801393728222997,0.0005155205726623535,0
1959,0.701171875,2D,0.703125,2C,0.6875,0.013671875,0.019498607242339833,0.000186920166015625,0
1960,0.178466796875,0B,0.171875,0B,0.171875,0.006591796875,0.036935704514363885,4.3451786041259766e-05,1
1961,-1.1416015625,BB,-1.15625,BC,-1.125,0.0166015625,0.01454234388366125,0.00027561187744140625,0
1962,-0.56396484375,DC,-0.5625,DC,-0.5625,0.00146484375,0.0025974025974025974,2.1457672119140625e-06,1
1963,0.4384765625,1C,0.4375,1C,0.4375,0.0009765625,0.0022271714922048997,9.5367431640625e-07,1
1964,0.496337890625,20,0.5,20,0.5,0.003662109375,0.0073782587309394985,1.341104507446289e-05,1
1965,-1.172119140625,BA,-1.1875,BA,-1.1875,0.015380859375,0.013122266194542804,0.0002365708351135254,1
1966,0.301025390625,13,0.296875,14,0.3125,0.011474609375,0.038118410381184104,0.0001316666603088379,0
1967,1.350830078125,4B,1.34375,4C,1.375,0.024169921875,0.017892644135188866,0.0005841851234436035,0
1968,2.631591796875,65,2.625,65,2.625,0.006591796875,0.0025048705816866127,4.3451786041259766e-05,1
1969,0.427978515625,1B,0.421875,1A,0.40625,0.021728515625,0.050770108385624645,0.00047212839126586914,0
1970,0.1455078125,09,0.140625,09,0.140625,0.0048828125,0.03355704697986577,2.384185791015625e-05,1
1971,0.38671875,19,0.390625,1A,0.40625,0.01953125,0.050505050505050504,0.0003814697265625,0
1972,0.13330078125,09,0.140625,09,0.140625,0.00732421875,0.054945054945054944,5.364418029785156e-05,1
1973,0.381591796875,18,0.375,1A,0.40625,0.024658203125,0.06461932181701856,0.0006080269813537598,0
1974,0.212158203125,0E,0.21875,0E,0.21875,0.006591796875,0.031070195627157654,4.3451786041259766e-05,1
1975,-0.4033203125,E6,-0.40625,E6,-0.40625,0.0029296875,0.007263922518159807,8.58306884765625e-06,1
1976,-0.425048828125,E5,-0.421875,E5,-0.421875,0.003173828125,0.007466973004020678,1.0073184967041016e-05,1
1977,-0.63525390625,D7,-0.640625,D7,-0.640625,0.00537109375,0.008455034588777863,2.8848648071289062e-05,1
1978,0.4619140625,1E,0.46875,1D,0.453125,0.0087890625,0.019027484143763214,7.724761962890625e-05,0
1979,0.227783203125,0F,0.234375,0F,0.234375,0.006591796875,0.028938906752411574,4.3451786041259766e-05,1
1980,-0.286376953125,EE,-0.28125,EE,-0.28125,0.005126953125,0.017902813299232736,2.6285648345947266e-05,1
1981,-0.5859375,DA,-0.59375,DB,-0.578125,0.0078125,0.013333333333333334,6.103515625e-05,0
1982,0.310546875,14,0.3125,14,0.3125,0.001953125,0.006289308176100629,3.814697265625e-06,1
1983,0.73681640625,2F,0.734375,2E,0.71875,0.01806640625,0.024519549370444003,0.00032639503479003906,0
1984,0.89892578125,3A,0.90625,3A,0.90625,0.00732421875,0.008147745790331342,5.364418029785156e-05,1
1985,0.7919921875,33,0.796875,32,0.78125,0.0107421875,0.013563501849568433,0.00011539459228515625,0
1986,-0.737548828125,D1,-0.734375,D0,-0.75,0.012451171875,0.016881827209533268,0.00015503168106079102,0
1987,0.8505859375,36,0.84375,36,0.84375,0.0068359375,0.008036739380022962,4.673004150390625e-05,1
1988,0.555419921875,24,0.5625,23,0.546875,0.008544921875,0.015384615384615385,7.301568984985352e-05,0
1989,-0.614501953125,D9,-0.609375,D8,-0.625,0.010498046875,0.01708382995629718,0.00011020898818969727,0
1990,1.029296875,41,1.03125,40,1.0,0.029296875,0.028462998102466792,0.000858306884765625,0
1991,0.2626953125,11,0.265625,11,0.265625,0.0029296875,0.011152416356877323,8.58306884765625e-06,1
1992,-0.236083984375,F1,-0.234375,F2,-0.21875,0.017333984375,0.0734229576008273,0.00030046701431274414,0
1993,-1.0537109375,BE,-1.0625,BE,-1.0625,0.0087890625,0.008341056533827619,7.724761962890625e-05,1
1994,-1.083740234375,BD,-1.09375,BE,-1.0625,0.021240234375,0.01959900878576256,0.00045114755630493164,0
1995,-1.023193359375,BF,-1.03125,BF,-1.03125,0.008056640625,0.007874015748031496,6.490945816040039e-05,1
1996,1.4306640625,4E,1.4375,4E,1.4375,0.0068359375,0.00477815699658703,4.673004150390625e-05,1
1997,0.5458984375,23,0.546875,23,0.546875,0.0009765625,0.0017889087656529517,9.5367431640625e-07,1
1998,0.196533203125,0D,0.203125,0D,0.203125,0.006591796875,0.03354037267080745,4.3451786041259766e-05,1
1999,-1.040283203125,BF,-1.03125,BF,-1.03125,0.009033203125,0.0086834076507862,8.159875869750977e-05,1
2000,0.857421875,37,0.859375,37,0.859375,0.001953125,0.002277904328018223,3.814697265625e-06,1
2001,-0.43017578125,E4,-0.4375,E4,-0.4375,0.00732421875,0.0170261066969353,5.364418029785156e-05,1
2002,-0.706298828125,D3,-0.703125,D3,-0.703125,0.003173828125,0.004493605254061528,1.0073184967041016e-05,1
2003,0.333251953125,15,0.328125,15,0.328125,0.005126953125,0.015384615384615385,2.6285648345947266e-05,1
2004,0.774169921875,32,0.78125,32,0.78125,0.007080078125,0.00914538000630716,5.0127506256103516e-05,1
2005,-0.630859375,D8,-0.625,D8,-0.625,0.005859375,0.009287925696594427,3.4332275390625e-05,1
2006,-1.1748046875,BA,-1.1875,BA,-1.1875,0.0126953125,0.010806317539484621,0.00016117095947265625,1
2007,0.3115234375,14,0.3125,15,0.328125,0.0166015625,0.05329153605015674,0.00027561187744140625,0
2008,0.314453125,14,0.3125,14,0.3125,0.001953125,0.006211180124223602,3.814697265625e-06,1
2009,1.61328125,54,1.625,54,1.625,0.01171875,0.007263922518159807,0.0001373291015625,1
2010,0.7802734375,32,0.78125,31,0.765625,0.0146484375,0.01877346683354193,0.00021457672119140625,0
2011,1.14990234375,45,1.15625,45,1.15625,0.00634765625,0.005520169851380042,4.029273986816406e-05,1
2012,-0.552978515625,DD,-0.546875,DD,-0.546875,0.006103515625,0.011037527593818985,3.725290298461914e-05,1
2013,-0.256591796875,F0,-0.25,EF,-0.265625,0.009033203125,0.035204567078972404,8.159875869750977e-05,0
2014,0.638427734375,29,0.640625,29,0.640625,0.002197265625,0.0034416826003824093,4.827976226806641e-06,1
2015,-0.68994140625,D4,-0.6875,D4,-0.6875,0.00244140625,0.003538570417551309,5.9604644775390625e-06,1
2016,0.706787109375,2D,0.703125,2D,0.703125,0.003662109375,0.0051813471502590676,1.341104507446289e-05,1
2017,-0.390625,E7,-0.390625,E7,-0.390625,0.0,0.0,0.0,1
2018,-1.835205078125,A5,-1.84375,A5,-1.84375,0.008544921875,0.00465611281096182,7.301568984985352e-05,1
2019,-1.728515625,A9,-1.71875,A9,-1.71875,0.009765625,0.005649717514124294,9.5367431640625e-05,1
2020,-0.6455078125,D7,-0.640625,D6,-0.65625,0.0107421875,0.01664145234493192,0.00011539459228515625,0
2021,-0.641357421875,D7,-0.640625,D7,-0.640625,0.000732421875,0.0011419870574800152,5.364418029785156e-07,1
2022,-1.393798828125,B3,-1.40625,B3,-1.40625,0.012451171875,0.008933263268523384,0.00015503168106079102,1
2023,0.66650390625,2B,0.671875,2B,0.671875,0.00537109375,0.00805860805860806,2.8848648071289062e-05,1
2024,1.4599609375,4F,1.46875,4E,1.4375,0.0224609375,0.015384615384615385,0.0005044937133789062,0
2025,-1.054931640625,BE,-1.0625,BE,-1.0625,0.007568359375,0.0071742652163850965,5.728006362915039e-05,1
2026,-0.593505859375,DA,-0.59375,DA,-0.59375,0.000244140625,0.00041135335252982314,5.960464477539063e-08,1
2027,-0.2041015625,F3,-0.203125,F2,-0.21875,0.0146484375,0.07177033492822966,0.00021457672119140625,0
2028,-0.554931640625,DC,-0.5625,DD,-0.546875,0.008056640625,0.014518257809062912,6.490945816040039e-05,0
2029,0.856201171875,37,0.859375,36,0.84375,0.012451171875,0.01454234388366125,0.00015503168106079102,0
2030,0.474365234375,1E,0.46875,1E,0.46875,0.005615234375,0.011837364899639732,3.153085708618164e-05,1
2031,0.146728515625,09,0.140625,09,0.140625,0.006103515625,0.04159733777038269,3.725290298461914e-05,1
2032,-0.954345703125,C3,-0.953125,C4,-0.9375,0.016845703125,0.017651573292402148,0.00028377771377563477,0
2033,0.94873046875,3D,0.953125,3C,0.9375,0.01123046875,0.011837364899639732,0.00012612342834472656,0
2034,0.50634765625,20,0.5,21,0.515625,0.00927734375,0.01832208293153327,8.606910705566406e-05,0
2035,-1.09423828125,BD,-1.09375,BE,-1.0625,0.03173828125,0.02900490852298081,0.0010073184967041016,0
2036,-0.564697265625,DC,-0.5625,DB,-0.578125,0.013427734375,0.023778642455685256,0.00018030405044555664,0
2037,0.524169921875,22,0.53125,22,0.53125,0.007080078125,0.01350721937587331,5.0127506256103516e-05,1
2038,0.150390625,0A,0.15625,09,0.140625,0.009765625,0.06493506493506493,9.5367431640625e-05,0
2039,0.46923828125,1E,0.46875,1E,0.46875,0.00048828125,0.001040582726326743,2.384185791015625e-07,1
2040,0.564453125,24,0.5625,24,0.5625,0.001953125,0.0034602076124567475,3.814697265625e-06,1
2041,-1.75048828125,A8,-1.75,A8,-1.75,0.00048828125,0.0002789400278940028,2.384185791015625e-07,1
2042,-0.41796875,E5,-0.421875,E5,-0.421875,0.00390625,0.009345794392523364,1.52587890625e-05,1
2043,-0.296875,ED,-0.296875,ED,-0.296875,0.0,0.0,0.0,1
2044,-1.858642578125,A5,-1.84375,A5,-1.84375,0.014892578125,0.008012610009194798,0.00022178888320922852,1
2045,0.10400390625,07,0.109375,07,0.109375,0.00537109375,0.051643192488262914,2.8848648071289062e-05,1
2046,0.5556640625,24,0.5625,23,0.546875,0.0087890625,0.015817223198594025,7.724761962890625e-05,0
2047,-0.697998046875,D3,-0.703125,D4,-0.6875,0.010498046875,0.015040223854494578,0.00011020898818969727,0
2048,0.730224609375,2F,0.734375,2F,0.734375,0.004150390625,0.0056837178201270475,1.722574234008789e-05,1
2049,-1.512451171875,B0,-1.5,B0,-1.5,0.012451171875,0.008232445520581114,0.00015503168106079102,1
2050,0.1025390625,07,0.109375,07,0.109375,0.0068359375,0.06666666666666667,4.673004150390625e-05,1
2051,-0.2431640625,F0,-0.25,F1,-0.234375,0.0087890625,0.03614457831325301,7.724761962890625e-05,0
2052,-0.05078125,FD,-0.046875,FC,-0.0625,0.01171875,0.23076923076923078,0.0001373291015625,0
2053,1.10546875,43,1.09375,42,1.0625,0.04296875,0.038869257950530034,0.0018463134765625,0
2054,1.329345703125,4B,1.34375,4A,1.3125,0.016845703125,0.012672176308539946,0.00028377771377563477,0
2055,-1.06884765625,BE,-1.0625,BE,-1.0625,0.00634765625,0.005938784833257195,4.029273986816406e-05,1
2056,0.248291015625,10,0.25,10,0.25,0.001708984375,0.00688298918387414,2.9206275939941406e-06,1
2057,-0.554443359375,DD,-0.546875,DD,-0.546875,0.007568359375,0.013650374284456186,5.728006362915039e-05,1
2058,-0.1123046875,F9,-0.109375,F8,-0.125,0.0126953125,0.11304347826086956,0.00016117095947265625,0
2059,-1.154296875,BB,-1.15625,BB,-1.15625,0.001953125,0.001692047377326565,3.814697265625e-06,1
2060,1.228271484375,47,1.21875,48,1.25,0.021728515625,0.01769032001590141,0.00047212839126586914,0
2061,-0.269775390625,EF,-0.265625,EF,-0.265625,0.004150390625,0.015384615384615385,1.722574234008789e-05,1
2062,-0.94091796875,C4,-0.9375,C4,-0.9375,0.00341796875,0.0036325895173845357,1.1682510375976562e-05,1
2063,1.819580078125,5A,1.8125,5C,1.875,0.055419921875,0.03045753387897491,0.0030713677406311035,0
2064,-1.640625,AC,-1.625,AC,-1.625,0.015625,0.009523809523809525,0.000244140625,1
2065,0.5693359375,24,0.5625,24,0.5625,0.0068359375,0.012006861063464836,4.673004150390625e-05,1
2066,-0.015380859375,FF,-0.015625,00,0.0,0.015380859375,1.0,0.0002365708351135254,0
2067,-0.1220703125,F8,-0.125,F7,-0.140625,0.0185546875,0.152,0.00034427642822265625,0
2068,-0.634765625,D7,-0.640625,D7,-0.640625,0.005859375,0.009230769230769232,3.4332275390625e-05,1
2069,-0.263916015625,EF,-0.265625,EE,-0.28125,0.017333984375,0.06567992599444958,0.00030046701431274414,0
2070,-2.10400390625,9F,-2.125,9F,-2.125,0.02099609375,0.009979113483406823,0.00044083595275878906,1
2071,-0.648681640625,D6,-0.65625,D7,-0.640625,0.008056640625,0.012420022581859239,6.490945816040039e-05,0
2072,-0.460205078125,E3,-0.453125,E3,-0.453125,0.007080078125,0.015384615384615385,5.0127506256103516e-05,1
2073,-0.19921875,F3,-0.203125,F4,-0.1875,0.01171875,0.058823529411764705,0.0001373291015625,0
2074,-2.754150390625,9A,-2.75,9A,-2.75,0.004150390625,0.0015069586029607305,1.722574234008789e-05,1
2075,0.279052734375,12,0.28125,12,0.28125,0.002197265625,0.007874015748031496,4.827976226806641e-06,1
2076,2.77197265625,66,2.75,66,2.75,0.02197265625,0.007926721860137396,0.00048279762268066406,1
2077,0.277099609375,12,0.28125,12,0.28125,0.004150390625,0.014977973568281937,1.722574234008789e-05,1
2078,0.226318359375,0E,0.21875,0E,0.21875,0.007568359375,0.03344120819848975,5.728006362915039e-05,1
2079,-0.58984375,DA,-0.59375,DC,-0.5625,0.02734375,0.046357615894039736,0.0007476806640625,0
2080,-1.017578125,BF,-1.03125,C0,-1.0,0.017578125,0.01727447216890595,0.000308990478515625,0
2081,-0.9697265625,C2,-0.96875,C1,-0.984375,0.0146484375,0.015105740181268883,0.00021457672119140625,0
2082,0.14990234375,0A,0.15625,09,0.140625,0.00927734375,0.06188925081433225,8.606910705566406e-05,0
2083,0.048583984375,03,0.046875,03,0.046875,0.001708984375,0.035175879396984924,2.9206275939941406e-06,1
2084,1.7080078125,57,1.71875,57,1.71875,0.0107421875,0.006289308176100629,0.00011539459228515625,1
2085,-0.017333984375,FF,-0.015625,FE,-0.03125,0.013916015625,0.8028169014084507,0.00019365549087524414,0
2086,0.429443359375,1B,0.421875,1B,0.421875,0.007568359375,0.01762364980102331,5.728006362915039e-05,1
2087,0.20166015625,0D,0.203125,0D,0.203125,0.00146484375,0.007263922518159807,2.1457672119140625e-06,1
2088,0.29931640625,13,0.296875,13,0.296875,0.00244140625,0.008156606851549755,5.9604644775390625e-06,1
2089,0.541259765625,23,0.546875,23,0.546875,0.005615234375,0.010374379792512404,3.153085708618164e-05,1
2090,0.128662109375,08,0.125,08,0.125,0.003662109375,0.028462998102466792,1.341104507446289e-05,1
2091,-0.63134765625,D8,-0.625,D7,-0.640625,0.00927734375,0.014694508894044857,8.606910705566406e-05,0
2092,-0.631591796875,D8,-0.625,D7,-0.640625,0.009033203125,0.014302280633938926,8.159875869750977e-05,0
2093,-0.4755859375,E2,-0.46875,E2,-0.46875,0.0068359375,0.014373716632443531,4.673004150390625e-05,1
2094,-1.333984375,B5,-1.34375,B6,-1.3125,0.021484375,0.016105417276720352,0.000461578369140625,0
2095,-0.871826171875,C8,-0.875,C8,-0.875,0.003173828125,0.0036404368524222907,1.0073184967041016e-05,1
2096,0.08251953125,05,0.078125,05,0.078125,0.00439453125,0.05325443786982249,1.9311904907226562e-05,1
2097,-0.10498046875,F9,-0.109375,F9,-0.109375,0.00439453125,0.04186046511627907,1.9311904907226562e-05,1
2098,-1.658935546875,AB,-1.65625,AB,-1.65625,0.002685546875,0.0016188373804267844,7.212162017822266e-06,1
2099,1.60205078125,53,1.59375,54,1.625,0.02294921875,0.014324900944833891,0.0005266666412353516,0
2100,-1.154052734375,BB,-1.15625,BA,-1.1875,0.033447265625,0.02898244129469008,0.0011187195777893066,0
2101,0.93603515625,3C,0.9375,3C,0.9375,0.00146484375,0.001564945226917058,2.1457672119140625e-06,1
2102,0.404541015625,1A,0.40625,19,0.390625,0.013916015625,0.0343995171997586,0.00019365549087524414,0
2103,0.81201171875,34,0.8125,34,0.8125,0.00048828125,0.0006013229104028864,2.384185791015625e-07,1
2104,-1.51171875,B0,-1.5,B0,-1.5,0.01171875,0.007751937984496124,0.0001373291015625,1
2105,-0.975341796875,C2,-0.96875,C0,-1.0,0.024658203125,0.02528160200250313,0.0006080269813537598,0
2106,-1.022705078125,BF,-1.03125,BF,-1.03125,0.008544921875,0.0083552160420148,7.301568984985352e-05,1
2107,0.01513671875,01,0.015625,02,0.03125,0.01611328125,1.064516129032258,0.00025963783264160156,0
2108,-0.254638671875,F0,-0.25,F0,-0.25,0.004638671875,0.01821668264621285,2.1517276763916016e-05,1
2109,0.24072265625,0F,0.234375,11,0.265625,0.02490234375,0.10344827586206896,0.0006201267242431641,0
2110,1.01611328125,41,1.03125,3F,0.984375,0.03173828125,0.0312349831811629,0.0010073184967041016,0
2111,0.6650390625,2B,0.671875,2B,0.671875,0.0068359375,0.010279001468428781,4.673004150390625e-05,1
2112,-0.01171875,FF,-0.015625,FF,-0.015625,0.00390625,0.3333333333333333,1.52587890625e-05,1
2113,-0.48974609375,E1,-0.484375,E0,-0.5,0.01025390625,0.020937188434695914,0.00010514259338378906,0
2114,2.478271484375,64,2.5,64,2.5,0.021728515625,0.008767609102551473,0.00047212839126586914,1
2115,1.393310546875,4D,1.40625,4C,1.375,0.018310546875,0.013141755738566673,0.00033527612686157227,0
2116,-0.695068359375,D4,-0.6875,D4,-0.6875,0.007568359375,0.010888654724271163,5.728006362915039e-05,1
2117,-0.74609375,D0,-0.75,D1,-0.734375,0.01171875,0.015706806282722512,0.0001373291015625,0
2118,0.915771484375,3B,0.921875,3B,0.921875,0.006103515625,0.006664889362836577,3.725290298461914e-05,1
2119,-0.03515625,FE,-0.03125,FF,-0.015625,0.01953125,0.5555555555555556,0.0003814697265625,0
2120,1.82568359375,5A,1.8125,5A,1.8125,0.01318359375,0.007221182134260497,0.00017380714416503906,1
2121,-1.423095703125,B2,-1.4375,B2,-1.4375,0.014404296875,0.010121804769257163,0.00020748376846313477,1
2122,-1.16943359375,BB,-1.15625,BA,-1.1875,0.01806640625,0.015448851774530271,0.00032639503479003906,0
2123,-1.049560546875,BE,-1.0625,BE,-1.0625,0.012939453125,0.012328448476389859,0.00016742944717407227,1
2124,0.4482421875,1D,0.453125,1D,0.453125,0.0048828125,0.010893246187363835,2.384185791015625e-05,1
2125,1.556884765625,52,1.5625,52,1.5625,0.005615234375,0.003606711619883958,3.153085708618164e-05,1
2126,-0.943115234375,C4,-0.9375,C4,-0.9375,0.005615234375,0.00595392182241781,3.153085708618164e-05,1
2127,0.45751953125,1D,0.453125,1D,0.453125,0.00439453125,0.0096051227321238,1.9311904907226562e-05,1
2128,-0.219482421875,F2,-0.21875,F2,-0.21875,0.000732421875,0.0033370411568409346,5.364418029785156e-07,1
2129,-0.088623046875,FA,-0.09375,FA,-0.09375,0.005126953125,0.05785123966942149,2.6285648345947266e-05,1
2130,2.01220703125,60,2.0,60,2.0,0.01220703125,0.006066488716330988,0.00014901161193847656,1
2131,0.204833984375,0D,0.203125,0D,0.203125,0.001708984375,0.00834326579261025,2.9206275939941406e-06,1
2132,-0.3037109375,ED,-0.296875,EC,-0.3125,0.0087890625,0.028938906752411574,7.724761962890625e-05,0
2133,-1.309814453125,B6,-1.3125,B6,-1.3125,0.002685546875,0.0020503261882572226,7.212162017822266e-06,1
2134,-0.367919921875,E8,-0.375,E8,-0.375,0.007080078125,0.019243530192435302,5.0127506256103516e-05,1
2135,1.383544921875,4C,1.375,4D,1.40625,0.022705078125,0.01641079936474325,0.0005155205726623535,0
2136,-0.205078125,F3,-0.203125,F3,-0.203125,0.001953125,0.009523809523809525,3.814697265625e-06,1
2137,-0.908935546875,C6,-0.90625,C6,-0.90625,0.002685546875,0.0029546065001343,7.212162017822266e-06,1
2138,-1.39501953125,B3,-1.40625,B4,-1.375,0.02001953125,0.014350717535876793,0.00040078163146972656,0
2139,0.3076171875,14,0.3125,14,0.3125,0.0048828125,0.015873015873015872,2.384185791015625e-05,1
2140,0.8955078125,39,0.890625,39,0.890625,0.0048828125,0.0054525627044711015,2.384185791015625e-05,1
2141,0.658935546875,2A,0.65625,2B,0.671875,0.012939453125,0.019636902556502408,0.00016742944717407227,0
2142,-0.260986328125,EF,-0.265625,EE,-0.28125,0.020263671875,0.07764265668849392,0.000410616397857666,0
2143,0.2490234375,10,0.25,10,0.25,0.0009765625,0.00392156862745098,9.5367431640625e-07,1
2144,1.8369140625,5B,1.84375,5B,1.84375,0.0068359375,0.003721424774056353,4.673004150390625e-05,1
2145,0.811279296875,34,0.8125,34,0.8125,0.001220703125,0.001504664459825459,1.4901161193847656e-06,1
2146,-0.780029296875,CE,-0.78125,CF,-0.765625,0.014404296875,0.018466353677621283,0.00020748376846313477,0
2147,-1.36669921875,B4,-1.375,B4,-1.375,0.00830078125,0.006073597713469096,6.890296936035156e-05,1
2148,0.5966796875,26,0.59375,27,0.609375,0.0126953125,0.02127659574468085,0.00016117095947265625,0
2149,-0.897216796875,C7,-0.890625,C6,-0.90625,0.009033203125,0.010068027210884354,8.159875869750977e-05,0
2150,-1.32861328125,B5,-1.34375,B5,-1.34375,0.01513671875,0.01139287026828372,0.00022912025451660156,1
2151,-0.14892578125,F6,-0.15625,F6,-0.15625,0.00732421875,0.04918032786885246,5.364418029785156e-05,1
2152,0.58447265625,25,0.578125,24,0.5625,0.02197265625,0.03759398496240601,0.00048279762268066406,0
2153,0.448974609375,1D,0.453125,1C,0.4375,0.011474609375,0.0255573681348559,0.0001316666603088379,0
2154,0.884765625,39,0.890625,39,0.890625,0.005859375,0.006622516556291391,3.4332275390625e-05,1
2155,-0.07177734375,FB,-0.078125,FB,-0.078125,0.00634765625,0.08843537414965986,4.029273986816406e-05,1
2156,-0.58154296875,DB,-0.578125,DA,-0.59375,0.01220703125,0.020990764063811923,0.00014901161193847656,0
2157,-0.51904296875,DF,-0.515625,DE,-0.53125,0.01220703125,0.023518344308560677,0.00014901161193847656,0
2158,-0.130859375,F8,-0.125,F7,-0.140625,0.009765625,0.07462686567164178,9.5367431640625e-05,0
2159,0.32275390625,15,0.328125,15,0.328125,0.00537109375,0.01664145234493192,2.8848648071289062e-05,1
2160,-1.220947265625,B9,-1.21875,B9,-1.21875,0.002197265625,0.001799640071985603,4.827976226806641e-06,1
2161,-0.4033203125,E6,-0.40625,E8,-0.375,0.0283203125,0.07021791767554479,0.0008020401000976562,0
2162,0.18212890625,0C,0.1875,0C,0.1875,0.00537109375,0.029490616621983913,2.8848648071289062e-05,1
2163,-0.85400390625,C9,-0.859375,CA,-0.84375,0.01025390625,0.012006861063464836,0.00010514259338378906,0
2164,-0.3818359375,E8,-0.375,E8,-0.375,0.0068359375,0.017902813299232736,4.673004150390625e-05,1
2165,0.341064453125,16,0.34375,15,0.328125,0.012939453125,0.03793843951324266,0.00016742944717407227,0
2166,0.55615234375,24,0.5625,24,0.5625,0.00634765625,0.01141352063213345,4.029273986816406e-05,1
2167,-1.23291015625,B9,-1.21875,B7,-1.28125,0.04833984375,0.03920792079207921,0.002336740493774414,0
2168,-0.394775390625,E7,-0.390625,E7,-0.390625,0.004150390625,0.010513296227581941,1.722574234008789e-05,1
2169,-0.5849609375,DB,-0.578125,DA,-0.59375,0.0087890625,0.015025041736227046,7.724761962890625e-05,0
2170,1.75830078125,58,1.75,59,1.78125,0.02294921875,0.013051930019439044,0.0005266666412353516,0
2171,-0.385009765625,E7,-0.390625,E7,-0.390625,0.005615234375,0.014584654407102092,3.153085708618164e-05,1
2172,-0.128173828125,F8,-0.125,F8,-0.125,0.003173828125,0.024761904761904763,1.0073184967041016e-05,1
2173,-0.171630859375,F5,-0.171875,F5,-0.171875,0.000244140625,0.001422475106685633,5.960464477539063e-08,1
2174,0.676025390625,2B,0.671875,2B,0.671875,0.004150390625,0.0061394005055976884,1.722574234008789e-05,1
2175,-1.52001953125,AF,-1.53125,B0,-1.5,0.02001953125,0.013170575008030838,0.00040078163146972656,0
2176,-1.242919921875,B8,-1.25,B8,-1.25,0.007080078125,0.005696326851306227,5.0127506256103516e-05,1
2177,-1.083251953125,BD,-1.09375,BD,-1.09375,0.010498046875,0.009691232814965067,0.00011020898818969727,1
2178,1.707275390625,57,1.71875,57,1.71875,0.011474609375,0.006721006721006721,0.0001316666603088379,1
2179,0.157470703125,0A,0.15625,0A,0.15625,0.001220703125,0.007751937984496124,1.4901161193847656e-06,1
2180,-1.17041015625,BB,-1.15625,BA,-1.1875,0.01708984375,0.014601585314977055,0.00029206275939941406,0
2181,1.4658203125,4F,1.46875,4E,1.4375,0.0283203125,0.019320453031312457,0.0008020401000976562,0
2182,0.295654296875,13,0.296875,13,0.296875,0.001220703125,0.004128819157720892,1.4901161193847656e-06,1
2183,0.012939453125,01,0.015625,01,0.015625,0.002685546875,0.20754716981132076,7.212162017822266e-06,1
2184,-0.63623046875,D7,-0.640625,D8,-0.625,0.01123046875,0.017651573292402148,0.00012612342834472656,0
2185,-0.533935546875,DE,-0.53125,DE,-0.53125,0.002685546875,0.005029721079103796,7.212162017822266e-06,1
2186,-0.0224609375,FF,-0.015625,FE,-0.03125,0.0087890625,0.391304347826087,7.724761962890625e-05,0
2187,-0.991455078125,C1,-0.984375,C2,-0.96875,0.022705078125,0.022900763358778626,0.0005155205726623535,0
2188,0.989501953125,3F,0.984375,3F,0.984375,0.005126953125,0.0051813471502590676,2.6285648345947266e-05,1
2189,-0.78564453125,CE,-0.78125,CE,-0.78125,0.00439453125,0.005593536357986327,1.9311904907226562e-05,1
2190,-0.151611328125,F6,-0.15625,F6,-0.15625,0.004638671875,0.030595813204508857,2.1517276763916016e-05,1
2191,-1.135498046875,BC,-1.125,BC,-1.125,0.010498046875,0.00924532358632552,0.00011020898818969727,1
2192,1.2646484375,48,1.25,48,1.25,0.0146484375,0.011583011583011582,0.00021457672119140625,1
2193,-1.75146484375,A8,-1.75,A8,-1.75,0.00146484375,0.0008363534987454698,2.1457672119140625e-06,1
2194,0.084716796875,05,0.078125,05,0.078125,0.006591796875,0.07780979827089338,4.3451786041259766e-05,1
2195,-0.09375,FA,-0.09375,FA,-0.09375,0.0,0.0,0.0,1
2196,-0.31494140625,EC,-0.3125,EC,-0.3125,0.00244140625,0.007751937984496124,5.9604644775390625e-06,1
2197,-1.60546875,AD,-1.59375,AD,-1.59375,0.01171875,0.0072992700729927005,0.0001373291015625,1
2198,0.985107421875,3F,0.984375,3D,0.953125,0.031982421875,0.03246592317224287,0.0010228753089904785,0
2199,0.62255859375,28,0.625,28,0.625,0.00244140625,0.00392156862745098,5.9604644775390625e-06,1
2200,0.79296875,33,0.796875,32,0.78125,0.01171875,0.014778325123152709,0.0001373291015625,0
2201,-0.13671875,F7,-0.140625,F7,-0.140625,0.00390625,0.02857142857142857,1.52587890625e-05,1
2202,0.53466796875,22,0.53125,22,0.53125,0.00341796875,0.006392694063926941,1.1682510375976562e-05,1
2203,-0.061767578125,FC,-0.0625,FC,-0.0625,0.000732421875,0.011857707509881422,5.364418029785156e-07,1
2204,0.627197265625,28,0.625,28,0.625,0.002197265625,0.0035033086804203972,4.827976226806641e-06,1
2205,-0.51220703125,DF,-0.515625,DF,-0.515625,0.00341796875,0.00667302192564347,1.1682510375976562e-05,1
2206,-1.263671875,B8,-1.25,B8,-1.25,0.013671875,0.010819165378670788,0.000186920166015625,1
2207,0.050048828125,03,0.046875,04,0.0625,0.012451171875,0.24878048780487805,0.00015503168106079102,0
2208,0.302490234375,13,0.296875,13,0.296875,0.005615234375,0.018563357546408393,3.153085708618164e-05,1
2209,-0.219482421875,F2,-0.21875,F2,-0.21875,0.000732421875,0.0033370411568409346,5.364418029785156e-07,1
2210,-0.429443359375,E5,-0.421875,E5,-0.421875,0.007568359375,0.01762364980102331,5.728006362915039e-05,1
2211,0.66357421875,2A,0.65625,29,0.640625,0.02294921875,0.034584253127299486,0.0005266666412353516,0
2212,1.926513671875,5E,1.9375,5E,1.9375,0.010986328125,0.005702699277658091,0.00012069940567016602,1
2213,0.701171875,2D,0.703125,2D,0.703125,0.001953125,0.002785515320334262,3.814697265625e-06,1
2214,0.36083984375,17,0.359375,16,0.34375,0.01708984375,0.04736129905277402,0.00029206275939941406,0
2215,1.091552734375,43,1.09375,43,1.09375,0.002197265625,0.0020129724893759786,4.827976226806641e-06,1
2216,-0.384521484375,E7,-0.390625,E8,-0.375,0.009521484375,0.024761904761904763,9.065866470336914e-05,0
2217,0.012451171875,01,0.015625,01,0.015625,0.003173828125,0.2549019607843137,1.0073184967041016e-05,1
2218,0.751220703125,30,0.75,30,0.75,0.001220703125,0.0016249593760155996,1.4901161193847656e-06,1
2219,-1.67041015625,AB,-1.65625,AA,-1.6875,0.01708984375,0.010230926629640456,0.00029206275939941406,0
2220,-1.239013671875,B8,-1.25,B8,-1.25,0.010986328125,0.008866995073891626,0.00012069940567016602,1
2221,0.50439453125,20,0.5,20,0.5,0.00439453125,0.008712487899322363,1.9311904907226562e-05,1
2222,0.340576171875,16,0.34375,16,0.34375,0.003173828125,0.00931899641577061,1.0073184967041016e-05,1
2223,0.279296875,12,0.28125,12,0.28125,0.001953125,0.006993006993006993,3.814697265625e-06,1
2224,-1.421142578125,B3,-1.40625,B2,-1.4375,0.016357421875,0.011510049819618623,0.0002675652503967285,0
2225,-0.264404296875,EF,-0.265625,EE,-0.28125,0.016845703125,0.06371191135734072,0.00028377771377563477,0
2226,0.232177734375,0F,0.234375,0F,0.234375,0.002197265625,0.00946372239747634,4.827976226806641e-06,1
2227,0.73193359375,2F,0.734375,2F,0.734375,0.00244140625,0.00333555703802535,5.9604644775390625e-06,1
2228,-0.664306640625,D5,-0.671875,D6,-0.65625,0.008056640625,0.012127894156560088,6.490945816040039e-05,0
2229,0.728759765625,2F,0.734375,2E,0.71875,0.010009765625,0.01373534338358459,0.00010019540786743164,0
2230,-1.55908203125,AE,-1.5625,AE,-1.5625,0.00341796875,0.002192295646727216,1.1682510375976562e-05,1
2231,0.29248046875,13,0.296875,12,0.28125,0.01123046875,0.038397328881469114,0.00012612342834472656,0
2232,-0.16357421875,F6,-0.15625,F5,-0.171875,0.00830078125,0.050746268656716415,6.890296936035156e-05,0
2233,-0.412353515625,E6,-0.40625,E5,-0.421875,0.009521484375,0.023090586145648313,9.065866470336914e-05,0
2234,0.526123046875,22,0.53125,23,0.546875,0.020751953125,0.03944315545243619,0.00043064355850219727,0
2235,-0.403564453125,E6,-0.40625,E6,-0.40625,0.002685546875,0.006654567453115548,7.212162017822266e-06,1
2236,1.475830078125,4F,1.46875,4E,1.4375,0.038330078125,0.02597187758478081,0.0014691948890686035,0
2237,-0.1181640625,F8,-0.125,F8,-0.125,0.0068359375,0.05785123966942149,4.673004150390625e-05,1
2238,0.9091796875,3A,0.90625,3B,0.921875,0.0126953125,0.013963480128893663,0.00016117095947265625,0
2239,0.843994140625,36,0.84375,37,0.859375,0.015380859375,0.01822389354932022,0.0002365708351135254,0
2240,-0.1787109375,F5,-0.171875,F4,-0.1875,0.0087890625,0.04918032786885246,7.724761962890625e-05,0
2241,-1.22265625,B9,-1.21875,B9,-1.21875,0.00390625,0.003194888178913738,1.52587890625e-05,1
2242,-0.425537109375,E5,-0.421875,E4,-0.4375,0.011962890625,0.028112449799196786,0.0001431107521057129,0
2243,-0.854248046875,C9,-0.859375,C9,-0.859375,0.005126953125,0.006001714775650186,2.6285648345947266e-05,1
2244,-0.619873046875,D8,-0.625,D9,-0.609375,0.010498046875,0.016935801496652227,0.00011020898818969727,0
2245,0.08056640625,05,0.078125,05,0.078125,0.00244140625,0.030303030303030304,5.9604644775390625e-06,1
2246,0.408447265625,1A,0.40625,1A,0.40625,0.002197265625,0.005379557680812911,4.827976226806641e-06,1
2247,-1.28759765625,B7,-1.28125,B6,-1.3125,0.02490234375,0.019340159271899887,0.0006201267242431641,0
2248,-0.384521484375,E7,-0.390625,E8,-0.375,0.009521484375,0.024761904761904763,9.065866470336914e-05,0
2249,1.13671875,44,1.125,45,1.15625,0.01953125,0.01718213058419244,0.0003814697265625,0
2250,-0.577880859375,DB,-0.578125,DA,-0.59375,0.015869140625,0.02746092099704267,0.0002518296241760254,0
2251,0.259765625,11,0.265625,11,0.265625,0.005859375,0.022556390977443608,3.4332275390625e-05,1
2252,-0.477294921875,E1,-0.484375,E2,-0.46875,0.008544921875,0.017902813299232736,7.301568984985352e-05,0
2253,0.765869140625,31,0.765625,32,0.78125,0.015380859375,0.020082881734140898,0.0002365708351135254,0
2254,-0.624267578125,D8,-0.625,D8,-0.625,0.000732421875,0.0011732499022291747,5.364418029785156e-07,1
2255,1.356201171875,4B,1.34375,4B,1.34375,0.012451171875,0.009180918091809182,0.00015503168106079102,1
2256,0.28564453125,12,0.28125,13,0.296875,0.01123046875,0.039316239316239315,0.00012612342834472656,0
2257,0.69580078125,2D,0.703125,2D,0.703125,0.00732421875,0.010526315789473684,5.364418029785156e-05,1
2258,-2.692138671875,9A,-2.75,9A,-2.75,0.057861328125,0.02149269973700916,0.003347933292388916,1
2259,-0.15625,F6,-0.15625,F7,-0.140625,0.015625,0.1,0.000244140625,0
2260,0.15576171875,0A,0.15625,0B,0.171875,0.01611328125,0.10344827586206896,0.00025963783264160156,0
2261,0.337646484375,16,0.34375,15,0.328125,0.009521484375,0.028199566160520606,9.065866470336914e-05,0
2262,0.6787109375,2B,0.671875,2B,0.671875,0.0068359375,0.010071942446043165,4.673004150390625e-05,1
2263,0.076171875,05,0.078125,05,0.078125,0.001953125,0.02564102564102564,3.814697265625e-06,1
2264,-0.943115234375,C4,-0.9375,C3,-0.953125,0.010009765625,0.010613512813875226,0.00010019540786743164,0
2265,-0.967041015625,C2,-0.96875,C2,-0.96875,0.001708984375,0.0017672304973491543,2.9206275939941406e-06,1
2266,-0.60693359375,D9,-0.609375,DA,-0.59375,0.01318359375,0.02172164119066774,0.00017380714416503906,0
2267,1.59619140625,53,1.59375,54,1.625,0.02880859375,0.018048332823493423,0.0008299350738525391,0
2268,0.04052734375,03,0.046875,02,0.03125,0.00927734375,0.2289156626506024,8.606910705566406e-05,0
2269,0.738525390625,2F,0.734375,2F,0.734375,0.004150390625,0.005619834710743801,1.722574234008789e-05,1
2270,1.066650390625,42,1.0625,42,1.0625,0.004150390625,0.0038910505836575876,1.722574234008789e-05,1
2271,-0.948486328125,C3,-0.953125,C4,-0.9375,0.010986328125,0.011583011583011582,0.00012069940567016602,0
2272,-0.04736328125,FD,-0.046875,FE,-0.03125,0.01611328125,0.3402061855670103,0.00025963783264160156,0
2273,-0.33154296875,EB,-0.328125,EB,-0.328125,0.00341796875,0.010309278350515464,1.1682510375976562e-05,1
2274,-0.46044921875,E3,-0.453125,E3,-0.453125,0.00732421875,0.015906680805938492,5.364418029785156e-05,1
2275,1.18505859375,46,1.1875,46,1.1875,0.00244140625,0.0020601565718994645,5.9604644775390625e-06,1
2276,-0.36279296875,E9,-0.359375,E9,-0.359375,0.00341796875,0.009421265141318977,1.1682510375976562e-05,1
2277,0.448486328125,1D,0.453125,1E,0.46875,0.020263671875,0.045182362547632006,0.000410616397857666,0
2278,1.042724609375,41,1.03125,42,1.0625,0.019775390625,0.018965113556544136,0.0003910660743713379,0
2279,-0.594482421875,DA,-0.59375,DA,-0.59375,0.000732421875,0.0012320328542094457,5.364418029785156e-07,1
2280,0.732421875,2F,0.734375,2F,0.734375,0.001953125,0.0026666666666666666,3.814697265625e-06,1
2281,-1.4384765625,B2,-1.4375,B2,-1.4375,0.0009765625,0.0006788866259334691,9.5367431640625e-07,1
2282,1.29541015625,49,1.28125,4A,1.3125,0.01708984375,0.013192612137203167,0.00029206275939941406,0
2283,-0.267333984375,EF,-0.265625,EF,-0.265625,0.001708984375,0.006392694063926941,2.9206275939941406e-06,1
2284,-0.78857421875,CE,-0.78125,CE,-0.78125,0.00732421875,0.009287925696594427,5.364418029785156e-05,1
2285,0.390380859375,19,0.390625,18,0.375,0.015380859375,0.039399624765478425,0.0002365708351135254,0
2286,0.900146484375,3A,0.90625,3A,0.90625,0.006103515625,0.0067805804176837535,3.725290298461914e-05,1
2287,-0.0859375,FA,-0.09375,FA,-0.09375,0.0078125,0.09090909090909091,6.103515625e-05,1
2288,-2.047607421875,A0,-2.0,A0,-2.0,0.047607421875,0.023250268272326218,0.0022664666175842285,1
2289,0.220458984375,0E,0.21875,0E,0.21875,0.001708984375,0.007751937984496124,2.9206275939941406e-06,1
2290,-0.6962890625,D3,-0.703125,D3,-0.703125,0.0068359375,0.009817671809256662,4.673004150390625e-05,1
2291,0.046875,03,0.046875,02,0.03125,0.015625,0.3333333333333333,0.000244140625,0
2292,0.08154296875,05,0.078125,05,0.078125,0.00341796875,0.041916167664670656,1.1682510375976562e-05,1
2293,0.42724609375,1B,0.421875,1C,0.4375,0.01025390625,0.024,0.00010514259338378906,0
2294,1.320556640625,4A,1.3125,4A,1.3125,0.008056640625,0.006100942872989462,6.490945816040039e-05,1
2295,-1.022216796875,BF,-1.03125,C0,-1.0,0.022216796875,0.021733938380702172,0.0004935860633850098,0
2296,-0.970947265625,C2,-0.96875,C3,-0.953125,0.017822265625,0.01835554438018607,0.00031763315200805664,0
2297,0.497802734375,20,0.5,20,0.5,0.002197265625,0.004413928396272682,4.827976226806641e-06,1
2298,0.231689453125,0F,0.234375,10,0.25,0.018310546875,0.07903055848261328,0.00033527612686157227,0
2299,0.894775390625,39,0.890625,3B,0.921875,0.027099609375,0.03028649386084584,0.0007343888282775879,0
2300,0.54833984375,23,0.546875,23,0.546875,0.00146484375,0.0026714158504007124,2.1457672119140625e-06,1
2301,0.511474609375,21,0.515625,20,0.5,0.011474609375,0.02243436754176611,0.0001316666603088379,0
2302,-0.071533203125,FB,-0.078125,FB,-0.078125,0.006591796875,0.09215017064846416,4.3451786041259766e-05,1
2303,0.2392578125,0F,0.234375,0F,0.234375,0.0048828125,0.02040816326530612,2.384185791015625e-05,1
2304,1.67041015625,55,1.65625,54,1.625,0.04541015625,0.027185033615901782,0.002062082290649414,0
2305,-0.037109375,FE,-0.03125,FE,-0.03125,0.005859375,0.15789473684210525,3.4332275390625e-05,1
2306,0.548828125,23,0.546875,23,0.546875,0.001953125,0.0035587188612099642,3.814697265625e-06,1
2307,0.052734375,03,0.046875,03,0.046875,0.005859375,0.1111111111111111,3.4332275390625e-05,1
2308,-0.898193359375,C7,-0.890625,C7,-0.890625,0.007568359375,0.008426202772492526,5.728006362915039e-05,1
2309,0.035400390625,02,0.03125,02,0.03125,0.004150390625,0.11724137931034483,1.722574234008789e-05,1
2310,-0.413818359375,E6,-0.40625,E6,-0.40625,0.007568359375,0.018289085545722714,5.728006362915039e-05,1
2311,-1.002197265625,C0,-1.0,C0,-1.0,0.002197265625,0.002192448233861145,4.827976226806641e-06,1
2312,-0.779296875,CE,-0.78125,CF,-0.765625,0.013671875,0.017543859649122806,0.000186920166015625,0
2313,-0.332763671875,EB,-0.328125,EB,-0.328125,0.004638671875,0.013939838591342627,2.1517276763916016e-05,1
2314,0.861328125,37,0.859375,37,0.859375,0.001953125,0.0022675736961451248,3.814697265625e-06,1
2315,-0.263671875,EF,-0.265625,EF,-0.265625,0.001953125,0.007407407407407408,3.814697265625e-06,1
2316,-1.689453125,AA,-1.6875,AA,-1.6875,0.001953125,0.0011560693641618498,3.814697265625e-06,1
2317,0.38037109375,18,0.375,19,0.390625,0.01025390625,0.026957637997432605,0.00010514259338378906,0
2318,-0.838623046875,CA,-0.84375,CA,-0.84375,0.005126953125,0.00611353711790393,2.6285648345947266e-05,1
2319,-2.16455078125,9F,-2.125,9E,-2.25,0.08544921875,0.039476652379878185,0.0073015689849853516,0
2320,-1.15478515625,BB,-1.15625,BA,-1.1875,0.03271484375,0.028329809725158563,0.001070261001586914,0
2321,-0.266357421875,EF,-0.265625,EE,-0.28125,0.014892578125,0.05591200733272227,0.00022178888320922852,0
2322,0.05859375,04,0.0625,03,0.046875,0.01171875,0.2,0.0001373291015625,0
2323,0.07470703125,05,0.078125,05,0.078125,0.00341796875,0.0457516339869281,1.1682510375976562e-05,1
2324,-0.577880859375,DB,-0.578125,DA,-0.59375,0.015869140625,0.02746092099704267,0.0002518296241760254,0
2325,-0.281005859375,EE,-0.28125,EF,-0.265625,0.015380859375,0.05473501303214596,0.0002365708351135254,0
2326,1.287353515625,49,1.28125,4A,1.3125,0.025146484375,0.01953347240659966,0.0006323456764221191,0
2327,-0.329345703125,EB,-0.328125,EB,-0.328125,0.001220703125,0.0037064492216456633,1.4901161193847656e-06,1
2328,-0.726318359375,D2,-0.71875,D2,-0.71875,0.007568359375,0.010420168067226891,5.728006362915039e-05,1
2329,1.188232421875,46,1.1875,46,1.1875,0.000732421875,0.0006163961372508733,5.364418029785156e-07,1
2330,-1.389892578125,B4,-1.375,B4,-1.375,0.014892578125,0.010714913051115405,0.00022178888320922852,1
2331,-1.5302734375,AF,-1.53125,B0,-1.5,0.0302734375,0.019783024888321635,0.0009164810180664062,0
2332,0.214599609375,0E,0.21875,0D,0.203125,0.011474609375,0.053469852104664393,0.0001316666603088379,0
2333,-1.35498046875,B5,-1.34375,B4,-1.375,0.02001953125,0.014774774774774775,0.00040078163146972656,0
2334,-0.021240234375,FF,-0.015625,FE,-0.03125,0.010009765625,0.47126436781609193,0.00010019540786743164,0
2335,2.216552734375,62,2.25,62,2.25,0.033447265625,0.01508976759555017,0.0011187195777893066,1
2336,-0.5166015625,DF,-0.515625,DF,-0.515625,0.0009765625,0.001890359168241966,9.5367431640625e-07,1
2337,-0.118408203125,F8,-0.125,F9,-0.109375,0.009033203125,0.07628865979381444,8.159875869750977e-05,0
2338,-1.97802734375,A1,-1.96875,A1,-1.96875,0.00927734375,0.004690199950629474,8.606910705566406e-05,1
2339,1.49658203125,50,1.5,50,1.5,0.00341796875,0.0022838499184339315,1.1682510375976562e-05,1
2340,0.45703125,1D,0.453125,1C,0.4375,0.01953125,0.042735042735042736,0.0003814697265625,0
2341,0.063232421875,04,0.0625,04,0.0625,0.000732421875,0.011583011583011582,5.364418029785156e-07,1
2342,0.609130859375,27,0.609375,28,0.625,0.015869140625,0.026052104208416832,0.0002518296241760254,0
2343,0.36962890625,18,0.375,18,0.375,0.00537109375,0.01453104359313078,2.8848648071289062e-05,1
2344,0.91552734375,3B,0.921875,3A,0.90625,0.00927734375,0.010133333333333333,8.606910705566406e-05,0
2345,2.29345703125,62,2.25,62,2.25,0.04345703125,0.018948264849904195,0.0018885135650634766,1
2346,1.088134765625,43,1.09375,43,1.09375,0.005615234375,0.005160421808391295,3.153085708618164e-05,1
2347,-0.776611328125,CE,-0.78125,CD,-0.796875,0.020263671875,0.026092423766111286,0.000410616397857666,0
2348,0.166259765625,0B,0.171875,0A,0.15625,0.010009765625,0.06020558002936858,0.00010019540786743164,0
2349,-0.228759765625,F1,-0.234375,F1,-0.234375,0.005615234375,0.02454642475987193,3.153085708618164e-05,1
2350,1.49560546875,50,1.5,50,1.5,0.00439453125,0.002938295788442703,1.9311904907226562e-05,1
2351,-1.278076171875,B7,-1.28125,B8,-1.25,0.028076171875,0.021967526265520534,0.000788271427154541,0
2352,0.16845703125,0B,0.171875,0B,0.171875,0.00341796875,0.020289855072463767,1.1682510375976562e-05,1
2353,0.129150390625,08,0.125,08,0.125,0.004150390625,0.03213610586011342,1.722574234008789e-05,1
2354,-1.471435546875,B1,-1.46875,B1,-1.46875,0.002685546875,0.0018251202920192466,7.212162017822266e-06,1
2355,-0.813720703125,CC,-0.8125,CB,-0.828125,0.014404296875,0.0177017701770177,0.00020748376846313477,0
2356,-0.92236328125,C5,-0.921875,C5,-0.921875,0.00048828125,0.0005293806246691371,2.384185791015625e-07,1
2357,-1.321044921875,B6,-1.3125,B6,-1.3125,0.008544921875,0.00646830530401035,7.301568984985352e-05,1
2358,1.670166015625,55,1.65625,56,1.6875,0.017333984375,0.010378599619938606,0.00030046701431274414,0
2359,-0.209228515625,F3,-0.203125,F2,-0.21875,0.009521484375,0.045507584597432905,9.065866470336914e-05,0
2360,0.342041015625,16,0.34375,17,0.359375,0.017333984375,0.05067808708065667,0.00030046701431274414,0
2361,0.80078125,33,0.796875,33,0.796875,0.00390625,0.004878048780487805,1.52587890625e-05,1
2362,0.748046875,30,0.75,31,0.765625,0.017578125,0.02349869451697128,0.000308990478515625,0
2363,0.53857421875,22,0.53125,22,0.53125,0.00732421875,0.013599274705349048,5.364418029785156e-05,1
2364,-0.7626953125,CF,-0.765625,CF,-0.765625,0.0029296875,0.0038412291933418692,8.58306884765625e-06,1
2365,1.50439453125,50,1.5,50,1.5,0.00439453125,0.0029211295034079843,1.9311904907226562e-05,1
2366,-1.5615234375,AE,-1.5625,AE,-1.5625,0.0009765625,0.0006253908692933083,9.5367431640625e-07,1
2367,-1.71142578125,A9,-1.71875,AA,-1.6875,0.02392578125,0.013980028530670471,0.0005724430084228516,0
2368,0.1767578125,0B,0.171875,0B,0.171875,0.0048828125,0.027624309392265192,2.384185791015625e-05,1
2369,0.83447265625,35,0.828125,34,0.8125,0.02197265625,0.02633118782913985,0.00048279762268066406,0
2370,0.0849609375,05,0.078125,05,0.078125,0.0068359375,0.08045977011494253,4.673004150390625e-05,1
2371,0.03173828125,02,0.03125,03,0.046875,0.01513671875,0.47692307692307695,0.00022912025451660156,0
2372,0.821533203125,35,0.828125,36,0.84375,0.022216796875,0.027043090638930165,0.0004935860633850098,0
2373,-0.48291015625,E1,-0.484375,E1,-0.484375,0.00146484375,0.003033367037411527,2.1457672119140625e-06,1
2374,-0.940673828125,C4,-0.9375,C4,-0.9375,0.003173828125,0.003373994290163509,1.0073184967041016e-05,1
2375,-0.618408203125,D8,-0.625,D8,-0.625,0.006591796875,0.010659297275957363,4.3451786041259766e-05,1
2376,0.948974609375,3D,0.953125,3C,0.9375,0.011474609375,0.012091587342423462,0.0001316666603088379,0
2377,-1.3349609375,B5,-1.34375,B6,-1.3125,0.0224609375,0.016825164594001463,0.0005044937133789062,0
2378,0.744873046875,30,0.75,2F,0.734375,0.010498046875,0.014093739757456572,0.00011020898818969727,0
2379,-0.940185546875,C4,-0.9375,C3,-0.953125,0.012939453125,0.013762659049597507,0.00016742944717407227,0
2380,0.137451171875,09,0.140625,09,0.140625,0.003173828125,0.023090586145648313,1.0073184967041016e-05,1
2381,1.170166015625,45,1.15625,46,1.1875,0.017333984375,0.014813269351137075,0.00030046701431274414,0
2382,-0.455322265625,E3,-0.453125,E3,-0.453125,0.002197265625,0.00482573726541555,4.827976226806641e-06,1
2383,0.90576171875,3A,0.90625,3A,0.90625,0.00048828125,0.0005390835579514825,2.384185791015625e-07,1
2384,-0.5595703125,DC,-0.5625,DC,-0.5625,0.0029296875,0.005235602094240838,8.58306884765625e-06,1
2385,0.875732421875,38,0.875,38,0.875,0.000732421875,0.0008363534987454698,5.364418029785156e-07,1
2386,-0.41943359375,E5,-0.421875,E7,-0.390625,0.02880859375,0.06868451688009314,0.0008299350738525391,0
2387,-0.806884765625,CC,-0.8125,CD,-0.796875,0.010009765625,0.012405446293494705,0.00010019540786743164,0
2388,0.05859375,04,0.0625,03,0.046875,0.01171875,0.2,0.0001373291015625,0
2389,0.90966796875,3A,0.90625,38,0.875,0.03466796875,0.0381105743424584,0.0012018680572509766,0
2390,-0.439453125,E4,-0.4375,E4,-0.4375,0.001953125,0.0044444444444444444,3.814697265625e-06,1
2391,0.753173828125,30,0.75,30,0.75,0.003173828125,0.004213938411669368,1.0073184967041016e-05,1
2392,0.3837890625,19,0.390625,19,0.390625,0.0068359375,0.017811704834605598,4.673004150390625e-05,1
2393,-0.049072265625,FD,-0.046875,FC,-0.0625,0.013427734375,0.2736318407960199,0.00018030405044555664,0
2394,-0.90625,C6,-0.90625,C6,-0.90625,0.0,0.0,0.0,1
2395,0.08642578125,06,0.09375,06,0.09375,0.00732421875,0.0847457627118644,5.364418029785156e-05,1
2396,-0.205078125,F3,-0.203125,F2,-0.21875,0.013671875,0.06666666666666667,0.000186920166015625,0
2397,0.538330078125,22,0.53125,23,0.546875,0.008544921875,0.015873015873015872,7.301568984985352e-05,0
2398,-0.07275390625,FB,-0.078125,FB,-0.078125,0.00537109375,0.0738255033557047,2.8848648071289062e-05,1
2399,-0.570556640625,DB,-0.578125,DB,-0.578125,0.007568359375,0.013264869490800172,5.728006362915039e-05,1
2400,-0.395263671875,E7,-0.390625,E7,-0.390625,0.004638671875,0.01173563928350834,2.1517276763916016e-05,1
2401,0.335693359375,15,0.328125,16,0.34375,0.008056640625,0.024,6.490945816040039e-05,0
2402,-1.41650390625,B3,-1.40625,B3,-1.40625,0.01025390625,0.007238883143743537,0.00010514259338378906,1
2403,0.603759765625,27,0.609375,28,0.625,0.021240234375,0.03517994338859685,0.00045114755630493164,0
2404,-0.748046875,D0,-0.75,D0,-0.75,0.001953125,0.0026109660574412533,3.814697265625e-06,1
2405,0.09912109375,06,0.09375,06,0.09375,0.00537109375,0.054187192118226604,2.8848648071289062e-05,1
2406,-1.175048828125,BA,-1.1875,BA,-1.1875,0.012451171875,0.010596301682942032,0.00015503168106079102,1
2407,-2.23193359375,9E,-2.25,9E,-2.25,0.01806640625,0.008094508860205645,0.00032639503479003906,1
2408,0.212646484375,0E,0.21875,0D,0.203125,0.009521484375,0.04477611940298507,9.065866470336914e-05,0
2409,-0.235107421875,F1,-0.234375,F1,-0.234375,0.000732421875,0.003115264797507788,5.364418029785156e-07,1
2410,1.23046875,47,1.21875,47,1.21875,0.01171875,0.009523809523809525,0.0001373291015625,1
2411,-0.389892578125,E7,-0.390625,E8,-0.375,0.014892578125,0.038196618659987476,0.00022178888320922852,0
2412,1.014892578125,40,1.0,41,1.03125,0.016357421875,0.016117392350252585,0.0002675652503967285,0
2413,0.16943359375,0B,0.171875,0B,0.171875,0.00244140625,0.01440922190201729,5.9604644775390625e-06,1
2414,-0.6728515625,D5,-0.671875,D5,-0.671875,0.0009765625,0.001451378809869376,9.5367431640625e-07,1
2415,1.18359375,46,1.1875,46,1.1875,0.00390625,0.0033003300330033004,1.52587890625e-05,1
2416,-1.09912109375,BD,-1.09375,BD,-1.09375,0.00537109375,0.004886717014660151,2.8848648071289062e-05,1
2417,1.64794921875,55,1.65625,55,1.65625,0.00830078125,0.005037037037037037,6.890296936035156e-05,1
2418,0.382080078125,18,0.375,18,0.375,0.007080078125,0.01853035143769968,5.0127506256103516e-05,1
2419,-0.618408203125,D8,-0.625,D9,-0.609375,0.009033203125,0.014607185155941572,8.159875869750977e-05,0
2420,1.415771484375,4D,1.40625,4E,1.4375,0.021728515625,0.015347473702362476,0.00047212839126586914,0
2421,-0.302734375,ED,-0.296875,EE,-0.28125,0.021484375,0.07096774193548387,0.000461578369140625,0
2422,-0.605712890625,D9,-0.609375,DA,-0.59375,0.011962890625,0.019750100765820233,0.0001431107521057129,0
2423,2.186279296875,61,2.125,62,2.25,0.063720703125,0.02914572864321608,0.004060328006744385,0
2424,-0.442626953125,E4,-0.4375,E4,-0.4375,0.005126953125,0.011583011583011582,2.6285648345947266e-05,1
2425,0.993408203125,40,1.0,3F,0.984375,0.009033203125,0.009093143278446793,8.159875869750977e-05,0
2426,-0.799072265625,CD,-0.796875,CC,-0.8125,0.013427734375,0.016804155209288116,0.00018030405044555664,0
2427,-0.211669921875,F2,-0.21875,F2,-0.21875,0.007080078125,0.03344867358708189,5.0127506256103516e-05,1
2428,-0.240966796875,F1,-0.234375,F0,-0.25,0.009033203125,0.037487335359675786,8.159875869750977e-05,0
2429,0.259521484375,11,0.265625,10,0.25,0.009521484375,0.036688617121354655,9.065866470336914e-05,0
2430,-1.044921875,BF,-1.03125,BF,-1.03125,0.013671875,0.013084112149532711,0.000186920166015625,1
2431,1.80859375,5A,1.8125,5A,1.8125,0.00390625,0.0021598272138228943,1.52587890625e-05,1
2432,0.4091796875,1A,0.40625,1A,0.40625,0.0029296875,0.007159904534606206,8.58306884765625e-06,1
2433,-0.414306640625,E5,-0.421875,E6,-0.40625,0.008056640625,0.019446081319976428,6.490945816040039e-05,0
2434,0.779296875,32,0.78125,31,0.765625,0.013671875,0.017543859649122806,0.000186920166015625,0
2435,-1.001220703125,C0,-1.0,C2,-0.96875,0.032470703125,0.032431114362350646,0.0010543465614318848,0
2436,1.335693359375,4B,1.34375,4B,1.34375,0.008056640625,0.0060318040577590935,6.490945816040039e-05,1
2437,0.295654296875,13,0.296875,13,0.296875,0.001220703125,0.004128819157720892,1.4901161193847656e-06,1
2438,-0.94140625,C4,-0.9375,C4,-0.9375,0.00390625,0.004149377593360996,1.52587890625e-05,1
2439,1.220947265625,47,1.21875,47,1.21875,0.002197265625,0.001799640071985603,4.827976226806641e-06,1
2440,-1.1728515625,BA,-1.1875,BA,-1.1875,0.0146484375,0.012489592006661115,0.00021457672119140625,1
2441,1.81640625,5A,1.8125,5A,1.8125,0.00390625,0.002150537634408602,1.52587890625e-05,1
2442,-1.391845703125,B3,-1.40625,B4,-1.375,0.016845703125,0.012103139800035082,0.00028377771377563477,0
2443,0.12158203125,08,0.125,07,0.109375,0.01220703125,0.10040160642570281,0.00014901161193847656,0
2444,0.22021484375,0E,0.21875,0D,0.203125,0.01708984375,0.07760532150776053,0.00029206275939941406,0
2445,0.238525390625,0F,0.234375,10,0.25,0.011474609375,0.048106448311156604,0.0001316666603088379,0
2446,0.447998046875,1D,0.453125,1C,0.4375,0.010498046875,0.023433242506811988,0.00011020898818969727,0
2447,0.634033203125,29,0.640625,29,0.640625,0.006591796875,0.010396611474778591,4.3451786041259766e-05,1
2448,-1.043212890625,BF,-1.03125,BF,-1.03125,0.011962890625,0.011467353147671425,0.0001431107521057129,1
2449,1.586669921875,53,1.59375,53,1.59375,0.007080078125,0.004462224957685798,5.0127506256103516e-05,1
2450,-1.10400390625,BD,-1.09375,BC,-1.125,0.02099609375,0.01901813356921716,0.00044083595275878906,0
2451,-0.474853515625,E2,-0.46875,E2,-0.46875,0.006103515625,0.012853470437017995,3.725290298461914e-05,1
2452,-1.29638671875,B7,-1.28125,B6,-1.3125,0.01611328125,0.012429378531073447,0.00025963783264160156,0
2453,1.3212890625,4A,1.3125,4A,1.3125,0.0087890625,0.0066518847006651885,7.724761962890625e-05,1
2454,0.324951171875,15,0.328125,14,0.3125,0.012451171875,0.03831705484598046,0.00015503168106079102,0
2455,0.301513671875,13,0.296875,14,0.3125,0.010986328125,0.03643724696356275,0.00012069940567016602,0
2456,0.365234375,17,0.359375,18,0.375,0.009765625,0.026737967914438502,9.5367431640625e-05,0
2457,0.781982421875,32,0.78125,32,0.78125,0.000732421875,0.0009366219169528567,5.364418029785156e-07,1
2458,-0.0478515625,FD,-0.046875,FD,-0.046875,0.0009765625,0.02040816326530612,9.5367431640625e-07,1
2459,0.302734375,13,0.296875,13,0.296875,0.005859375,0.01935483870967742,3.4332275390625e-05,1
2460,-0.30224609375,ED,-0.296875,EC,-0.3125,0.01025390625,0.033925686591276254,0.00010514259338378906,0
2461,1.0341796875,41,1.03125,40,1.0,0.0341796875,0.033050047214353166,0.0011682510375976562,0
2462,-0.1298828125,F8,-0.125,F9,-0.109375,0.0205078125,0.15789473684210525,0.00042057037353515625,0
2463,-0.749755859375,D0,-0.75,D0,-0.75,0.000244140625,0.00032562683165092806,5.960464477539063e-08,1
2464,-1.041748046875,BF,-1.03125,BE,-1.0625,0.020751953125,0.0199203187250996,0.00043064355850219727,0
2465,0.4189453125,1B,0.421875,1B,0.421875,0.0029296875,0.006993006993006993,8.58306884765625e-06,1
2466,0.230224609375,0F,0.234375,0F,0.234375,0.004150390625,0.018027571580063628,1.722574234008789e-05,1
2467,-1.035400390625,BF,-1.03125,BF,-1.03125,0.004150390625,0.00400848856401792,1.722574234008789e-05,1
2468,-0.931396484375,C4,-0.9375,C5,-0.921875,0.009521484375,0.010222804718217562,9.065866470336914e-05,0
2469,1.28564453125,49,1.28125,4A,1.3125,0.02685546875,0.020888720091150777,0.0007212162017822266,0
2470,0.0078125,01,0.015625,01,0.015625,0.0078125,1.0,6.103515625e-05,1
2471,0.326904296875,15,0.328125,15,0.328125,0.001220703125,0.0037341299477221808,1.4901161193847656e-06,1
2472,0.00146484375,01,0.015625,00,0.0,0.00146484375,1.0,2.1457672119140625e-06,0
2473,0.1416015625,09,0.140625,09,0.140625,0.0009765625,0.006896551724137931,9.5367431640625e-07,1
2474,0.8349609375,35,0.828125,36,0.84375,0.0087890625,0.010526315789473684,7.724761962890625e-05,0
2475,-0.06201171875,FC,-0.0625,FC,-0.0625,0.00048828125,0.007874015748031496,2.384185791015625e-07,1
2476,-0.030029296875,FE,-0.03125,FE,-0.03125,0.001220703125,0.04065040650406504,1.4901161193847656e-06,1
2477,0.027099609375,02,0.03125,02,0.03125,0.004150390625,0.15315315315315314,1.722574234008789e-05,1
2478,-0.304443359375,ED,-0.296875,ED,-0.296875,0.007568359375,0.024859663191659984,5.728006362915039e-05,1
2479,-1.247802734375,B8,-1.25,B8,-1.25,0.002197265625,0.0017609078458227353,4.827976226806641e-06,1
2480,1.21875,47,1.21875,47,1.21875,0.0,0.0,0.0,1
2481,0.00390625,01,0.015625,00,0.0,0.00390625,1.0,1.52587890625e-05,0
2482,0.658447265625,2A,0.65625,2A,0.65625,0.002197265625,0.0033370411568409346,4.827976226806641e-06,1
2483,0.194091796875,0C,0.1875,0D,0.203125,0.009033203125,0.04654088050314465,8.159875869750977e-05,0
2484,-0.5849609375,DB,-0.578125,DB,-0.578125,0.0068359375,0.011686143572621035,4.673004150390625e-05,1
2485,-1.0576171875,BE,-1.0625,BE,-1.0625,0.0048828125,0.0046168051708217915,2.384185791015625e-05,1
2486,1.3076171875,4A,1.3125,4A,1.3125,0.0048828125,0.0037341299477221808,2.384185791015625e-05,1
2487,1.02392578125,41,1.03125,40,1.0,0.02392578125,0.023366714353838816,0.0005724430084228516,0
2488,-0.30859375,EC,-0.3125,EC,-0.3125,0.00390625,0.012658227848101266,1.52587890625e-05,1
2489,-0.828125,CB,-0.828125,CB,-0.828125,0.0,0.0,0.0,1
2490,0.9365234375,3C,0.9375,3C,0.9375,0.0009765625,0.0010427528675703858,9.5367431640625e-07,1
2491,0.354248046875,17,0.359375,16,0.34375,0.010498046875,0.029634734665747762,0.00011020898818969727,0
2492,-0.987548828125,C1,-0.984375,C0,-1.0,0.012451171875,0.012608158220024722,0.00015503168106079102,0
2493,0.04052734375,03,0.046875,03,0.046875,0.00634765625,0.1566265060240964,4.029273986816406e-05,1
2494,-0.107666015625,F9,-0.109375,FA,-0.09375,0.013916015625,0.1292517006802721,0.00019365549087524414,0
2495,0.69384765625,2C,0.6875,2C,0.6875,0.00634765625,0.009148486980999296,4.029273986816406e-05,1
2496,-0.601806640625,D9,-0.609375,D9,-0.609375,0.007568359375,0.01257606490872211,5.728006362915039e-05,1
2497,0.15576171875,0A,0.15625,0A,0.15625,0.00048828125,0.003134796238244514,2.384185791015625e-07,1
2498,-0.113037109375,F9,-0.109375,F9,-0.109375,0.003662109375,0.032397408207343416,1.341104507446289e-05,1
2499,-0.77197265625,CF,-0.765625,CF,-0.765625,0.00634765625,0.008222643896268185,4.029273986816406e-05,1
2500,-0.69140625,D4,-0.6875,D3,-0.703125,0.01171875,0.01694915254237288,0.0001373291015625,0
2501,-0.203857421875,F3,-0.203125,F3,-0.203125,0.000732421875,0.003592814371257485,5.364418029785156e-07,1
2502,-0.124267578125,F8,-0.125,F8,-0.125,0.000732421875,0.005893909626719057,5.364418029785156e-07,1
2503,0.049560546875,03,0.046875,03,0.046875,0.002685546875,0.054187192118226604,7.212162017822266e-06,1
2504,0.0322265625,02,0.03125,02,0.03125,0.0009765625,0.030303030303030304,9.5367431640625e-07,1
2505,-1.244384765625,B8,-1.25,B8,-1.25,0.005615234375,0.004512458308809104,3.153085708618164e-05,1
2506,1.44482421875,4E,1.4375,4E,1.4375,0.00732421875,0.005069280162216965,5.364418029785156e-05,1
2507,0.196044921875,0D,0.203125,0C,0.1875,0.008544921875,0.043586550435865505,7.301568984985352e-05,0
2508,-0.38916015625,E7,-0.390625,E7,-0.390625,0.00146484375,0.0037641154328732747,2.1457672119140625e-06,1
2509,-0.7275390625,D1,-0.734375,D1,-0.734375,0.0068359375,0.009395973154362415,4.673004150390625e-05,1
2510,1.024169921875,41,1.03125,42,1.0625,0.038330078125,0.03742550655542312,0.0014691948890686035,0
2511,-0.51318359375,DF,-0.515625,DF,-0.515625,0.00244140625,0.004757373929590866,5.9604644775390625e-06,1
2512,1.25732421875,48,1.25,48,1.25,0.00732421875,0.005825242718446602,5.364418029785156e-05,1
2513,-1.17919921875,BA,-1.1875,BA,-1.1875,0.00830078125,0.007039337474120083,6.890296936035156e-05,1
2514,-0.64501953125,D7,-0.640625,D7,-0.640625,0.00439453125,0.006813020439061317,1.9311904907226562e-05,1
2515,0.0927734375,06,0.09375,06,0.09375,0.0009765625,0.010526315789473684,9.5367431640625e-07,1
2516,-1.281494140625,B7,-1.28125,B7,-1.28125,0.000244140625,0.00019051247856734617,5.960464477539063e-08,1
2517,-0.945068359375,C4,-0.9375,C3,-0.953125,0.008056640625,0.008524928958925343,6.490945816040039e-05,0
2518,-1.05419921875,BE,-1.0625,BE,-1.0625,0.00830078125,0.007874015748031496,6.890296936035156e-05,1
2519,-0.076416015625,FB,-0.078125,FB,-0.078125,0.001708984375,0.022364217252396165,2.9206275939941406e-06,1
2520,0.75390625,30,0.75,30,0.75,0.00390625,0.0051813471502590676,1.52587890625e-05,1
2521,-0.13134765625,F8,-0.125,F8,-0.125,0.00634765625,0.048327137546468404,4.029273986816406e-05,1
2522,0.1591796875,0A,0.15625,0A,0.15625,0.0029296875,0.018404907975460124,8.58306884765625e-06,1
2523,1.586181640625,53,1.59375,50,1.5,0.086181640625,0.05433276897029398,0.00742727518081665,0
2524,1.16796875,45,1.15625,46,1.1875,0.01953125,0.016722408026755852,0.0003814697265625,0
2525,0.869384765625,38,0.875,38,0.875,0.005615234375,0.006458859870822803,3.153085708618164e-05,1
2526,-0.181640625,F4,-0.1875,F3,-0.203125,0.021484375,0.11827956989247312,0.000461578369140625,0
2527,-0.03076171875,FE,-0.03125,FE,-0.03125,0.00048828125,0.015873015873015872,2.384185791015625e-07,1
2528,-0.15576171875,F6,-0.15625,F6,-0.15625,0.00048828125,0.003134796238244514,2.384185791015625e-07,1
2529,-0.3564453125,E9,-0.359375,E9,-0.359375,0.0029296875,0.00821917808219178,8.58306884765625e-06,1
2530,-1.535400390625,AF,-1.53125,AF,-1.53125,0.004150390625,0.002703132453490221,1.722574234008789e-05,1
2531,-0.460205078125,E3,-0.453125,E2,-0.46875,0.008544921875,0.01856763925729443,7.301568984985352e-05,0
2532,-0.316162109375,EC,-0.3125,EB,-0.328125,0.011962890625,0.03783783783783784,0.0001431107521057129,0
2533,-0.406005859375,E6,-0.40625,E5,-0.421875,0.015869140625,0.039085989176187615,0.0002518296241760254,0
2534,0.562744140625,24,0.5625,23,0.546875,0.015869140625,0.028199566160520606,0.0002518296241760254,0
2535,-0.227783203125,F1,-0.234375,F2,-0.21875,0.009033203125,0.03965702036441586,8.159875869750977e-05,0
2536,0.479736328125,1F,0.484375,1E,0.46875,0.010986328125,0.022900763358778626,0.00012069940567016602,0
2537,0.41259765625,1A,0.40625,1A,0.40625,0.00634765625,0.015384615384615385,4.029273986816406e-05,1
2538,0.430419921875,1C,0.4375,1C,0.4375,0.007080078125,0.016449234259784458,5.0127506256103516e-05,1
2539,-0.087646484375,FA,-0.09375,FC,-0.0625,0.025146484375,0.28690807799442897,0.0006323456764221191,0
2540,0.77294921875,31,0.765625,31,0.765625,0.00732421875,0.009475679090334808,5.364418029785156e-05,1
2541,1.132568359375,44,1.125,44,1.125,0.007568359375,0.006682474671265359,5.728006362915039e-05,1
2542,-0.509521484375,DF,-0.515625,DF,-0.515625,0.006103515625,0.011978917105893628,3.725290298461914e-05,1
2543,1.322509765625,4A,1.3125,4B,1.34375,0.021240234375,0.016060550119992616,0.00045114755630493164,0
2544,0.878173828125,38,0.875,3A,0.90625,0.028076171875,0.031971087016958576,0.000788271427154541,0
2545,1.41943359375,4D,1.40625,4E,1.4375,0.01806640625,0.012727898176814585,0.00032639503479003906,0
2546,0.615478515625,27,0.609375,27,0.609375,0.006103515625,0.009916699722332408,3.725290298461914e-05,1
2547,-0.00927734375,FF,-0.015625,00,0.0,0.00927734375,1.0,8.606910705566406e-05,0
2548,2.595458984375,65,2.625,65,2.625,0.029541015625,0.01138180792023328,0.0008726716041564941,1
2549,1.57421875,52,1.5625,52,1.5625,0.01171875,0.007444168734491315,0.0001373291015625,1
2550,-0.8720703125,C8,-0.875,C8,-0.875,0.0029296875,0.0033594624860022394,8.58306884765625e-06,1
2551,1.009765625,40,1.0,40,1.0,0.009765625,0.009671179883945842,9.5367431640625e-05,1
2552,0.240966796875,0F,0.234375,0F,0.234375,0.006591796875,0.02735562310030395,4.3451786041259766e-05,1
2553,-0.271240234375,EF,-0.265625,EE,-0.28125,0.010009765625,0.0369036903690369,0.00010019540786743164,0
2554,-0.0029296875,FF,-0.015625,00,0.0,0.0029296875,1.0,8.58306884765625e-06,0
2555,0.409423828125,1A,0.40625,1A,0.40625,0.003173828125,0.007751937984496124,1.0073184967041016e-05,1
2556,-1.318359375,B6,-1.3125,B6,-1.3125,0.005859375,0.0044444444444444444,3.4332275390625e-05,1
2557,-0.313720703125,EC,-0.3125,EC,-0.3125,0.001220703125,0.0038910505836575876,1.4901161193847656e-06,1
2558,0.513427734375,21,0.515625,20,0.5,0.013427734375,0.02615311459819306,0.00018030405044555664,0
2559,0.951416015625,3D,0.953125,3E,0.96875,0.017333984375,0.01821914293045933,0.00030046701431274414,0
2560,0.682861328125,2C,0.6875,2C,0.6875,0.004638671875,0.006792992491955667,2.1517276763916016e-05,1
2561,-0.26171875,EF,-0.265625,F1,-0.234375,0.02734375,0.1044776119402985,0.0007476806640625,0
2562,0.8369140625,36,0.84375,35,0.828125,0.0087890625,0.010501750291715286,7.724761962890625e-05,0
2563,-0.853759765625,C9,-0.859375,C9,-0.859375,0.005615234375,0.00657706605661996,3.153085708618164e-05,1
2564,0.59765625,26,0.59375,26,0.59375,0.00390625,0.006535947712418301,1.52587890625e-05,1
2565,0.57421875,25,0.578125,25,0.578125,0.00390625,0.006802721088435374,1.52587890625e-05,1
2566,0.001220703125,01,0.015625,00,0.0,0.001220703125,1.0,1.4901161193847656e-06,0
2567,1.02099609375,41,1.03125,40,1.0,0.02099609375,0.020564323290291727,0.00044083595275878906,0
2568,-0.535400390625,DE,-0.53125,DD,-0.546875,0.011474609375,0.021431828545371637,0.0001316666603088379,0
2569,0.0947265625,06,0.09375,06,0.09375,0.0009765625,0.010309278350515464,9.5367431640625e-07,1
2570,-1.392578125,B3,-1.40625,B4,-1.375,0.017578125,0.012622720897615708,0.000308990478515625,0
2571,-0.6142578125,D9,-0.609375,D8,-0.625,0.0107421875,0.017488076311605722,0.00011539459228515625,0
2572,1.131103515625,44,1.125,44,1.125,0.006103515625,0.005396071659831643,3.725290298461914e-05,1
2573,-0.8154296875,CC,-0.8125,CC,-0.8125,0.0029296875,0.003592814371257485,8.58306884765625e-06,1
2574,-0.796142578125,CD,-0.796875,CE,-0.78125,0.014892578125,0.01870591842992947,0.00022178888320922852,0
2575,-0.79443359375,CD,-0.796875,CD,-0.796875,0.00244140625,0.003073140749846343,5.9604644775390625e-06,1
2576,0.384033203125,19,0.390625,19,0.390625,0.006591796875,0.017164653528289893,4.3451786041259766e-05,1
2577,-1.11083984375,BC,-1.125,BC,-1.125,0.01416015625,0.012747252747252748,0.00020051002502441406,1
2578,0.61181640625,27,0.609375,27,0.609375,0.00244140625,0.0039904229848363925,5.9604644775390625e-06,1
2579,-0.44140625,E4,-0.4375,E5,-0.421875,0.01953125,0.04424778761061947,0.0003814697265625,0
2580,-1.794189453125,A7,-1.78125,A7,-1.78125,0.012939453125,0.007211865559940128,0.00016742944717407227,1
2581,0.769287109375,31,0.765625,32,0.78125,0.011962890625,0.015550618851158363,0.0001431107521057129,0
2582,0.06201171875,04,0.0625,03,0.046875,0.01513671875,0.2440944881889764,0.00022912025451660156,0
2583,0.22607421875,0E,0.21875,0E,0.21875,0.00732421875,0.032397408207343416,5.364418029785156e-05,1
2584,-0.2861328125,EE,-0.28125,EE,-0.28125,0.0048828125,0.017064846416382253,2.384185791015625e-05,1
2585,-0.225341796875,F2,-0.21875,F2,-0.21875,0.006591796875,0.02925243770314193,4.3451786041259766e-05,1
2586,0.090576171875,06,0.09375,06,0.09375,0.003173828125,0.03504043126684636,1.0073184967041016e-05,1
2587,0.854248046875,37,0.859375,37,0.859375,0.005126953125,0.006001714775650186,2.6285648345947266e-05,1
2588,-1.251953125,B8,-1.25,B8,-1.25,0.001953125,0.0015600624024961,3.814697265625e-06,1
2589,-0.92578125,C5,-0.921875,C6,-0.90625,0.01953125,0.02109704641350211,0.0003814697265625,0
2590,-0.456787109375,E3,-0.453125,E2,-0.46875,0.011962890625,0.026189203634420097,0.0001431107521057129,0
2591,-1.205078125,B9,-1.21875,BA,-1.1875,0.017578125,0.014586709886547812,0.000308990478515625,0
2592,0.63427734375,29,0.640625,28,0.625,0.00927734375,0.014626635873749037,8.606910705566406e-05,0
2593,0.60205078125,27,0.609375,27,0.609375,0.00732421875,0.012165450121654502,5.364418029785156e-05,1
2594,0.981201171875,3F,0.984375,3F,0.984375,0.003173828125,0.0032346354814630504,1.0073184967041016e-05,1
2595,1.689208984375,56,1.6875,56,1.6875,0.001708984375,0.0010117068940598353,2.9206275939941406e-06,1
2596,0.33642578125,16,0.34375,16,0.34375,0.00732421875,0.02177068214804064,5.364418029785156e-05,1
2597,-0.218994140625,F2,-0.21875,F2,-0.21875,0.000244140625,0.0011148272017837235,5.960464477539063e-08,1
2598,0.0986328125,06,0.09375,06,0.09375,0.0048828125,0.04950495049504951,2.384185791015625e-05,1
2599,-1.840087890625,A5,-1.84375,A5,-1.84375,0.003662109375,0.0019901817699349874,1.341104507446289e-05,1
2600,-0.957763671875,C3,-0.953125,C3,-0.953125,0.004638671875,0.004843232220239612,2.1517276763916016e-05,1
2601,-1.133544921875,BC,-1.125,BC,-1.125,0.008544921875,0.007538229592935602,7.301568984985352e-05,1
2602,1.126953125,44,1.125,44,1.125,0.001953125,0.0017331022530329288,3.814697265625e-06,1
2603,-0.423828125,E5,-0.421875,E4,-0.4375,0.013671875,0.03225806451612903,0.000186920166015625,0
2604,0.45654296875,1D,0.453125,1D,0.453125,0.00341796875,0.0074866310160427805,1.1682510375976562e-05,1
2605,-0.6376953125,D7,-0.640625,D7,-0.640625,0.0029296875,0.004594180704441042,8.58306884765625e-06,1
2606,-0.224365234375,F2,-0.21875,F2,-0.21875,0.005615234375,0.025027203482045703,3.153085708618164e-05,1
2607,-0.1923828125,F4,-0.1875,F4,-0.1875,0.0048828125,0.025380710659898477,2.384185791015625e-05,1
2608,0.3916015625,19,0.390625,19,0.390625,0.0009765625,0.0024937655860349127,9.5367431640625e-07,1
2609,0.43212890625,1C,0.4375,1B,0.421875,0.01025390625,0.023728813559322035,0.00010514259338378906,0
2610,-0.69189453125,D4,-0.6875,D3,-0.703125,0.01123046875,0.016231474947071278,0.00012612342834472656,0
2611,1.22705078125,47,1.21875,48,1.25,0.02294921875,0.01870274572224433,0.0005266666412353516,0
2612,0.43798828125,1C,0.4375,1C,0.4375,0.00048828125,0.0011148272017837235,2.384185791015625e-07,1
2613,0.093994140625,06,0.09375,06,0.09375,0.000244140625,0.0025974025974025974,5.960464477539063e-08,1
2614,-0.015380859375,FF,-0.015625,FF,-0.015625,0.000244140625,0.015873015873015872,5.960464477539063e-08,1
2615,-0.828125,CB,-0.828125,CA,-0.84375,0.015625,0.018867924528301886,0.000244140625,0
2616,0.321533203125,15,0.328125,14,0.3125,0.009033203125,0.02809415337889142,8.159875869750977e-05,0
2617,0.22509765625,0E,0.21875,0E,0.21875,0.00634765625,0.028199566160520606,4.029273986816406e-05,1
2618,0.82275390625,35,0.828125,35,0.828125,0.00537109375,0.006528189910979229,2.8848648071289062e-05,1
2619,0.7548828125,30,0.75,31,0.765625,0.0107421875,0.014230271668822769,0.00011539459228515625,0
2620,0.791015625,33,0.796875,33,0.796875,0.005859375,0.007407407407407408,3.4332275390625e-05,1
2621,0.83642578125,36,0.84375,35,0.828125,0.00830078125,0.0099241097489784,6.890296936035156e-05,0
2622,0.12158203125,08,0.125,08,0.125,0.00341796875,0.028112449799196786,1.1682510375976562e-05,1
2623,-0.176513671875,F5,-0.171875,F4,-0.1875,0.010986328125,0.06224066390041494,0.00012069940567016602,0
2624,-1.02490234375,BF,-1.03125,BF,-1.03125,0.00634765625,0.006193425440686041,4.029273986816406e-05,1
2625,1.57373046875,52,1.5625,52,1.5625,0.01123046875,0.007136208501396215,0.00012612342834472656,1
2626,1.7060546875,57,1.71875,56,1.6875,0.0185546875,0.010875787063537493,0.00034427642822265625,0
2627,-1.61328125,AC,-1.625,AC,-1.625,0.01171875,0.007263922518159807,0.0001373291015625,1
2628,-1.3447265625,B5,-1.34375,B5,-1.34375,0.0009765625,0.0007262164124909223,9.5367431640625e-07,1
2629,0.569091796875,24,0.5625,23,0.546875,0.022216796875,0.03903903903903904,0.0004935860633850098,0
2630,-0.00341796875,FF,-0.015625,FF,-0.015625,0.01220703125,3.5714285714285716,0.00014901161193847656,1
2631,0.442138671875,1C,0.4375,1C,0.4375,0.004638671875,0.010491441192711209,2.1517276763916016e-05,1
2632,0.861328125,37,0.859375,37,0.859375,0.001953125,0.0022675736961451248,3.814697265625e-06,1
2633,-0.040771484375,FD,-0.046875,FD,-0.046875,0.006103515625,0.1497005988023952,3.725290298461914e-05,1
2634,-0.2109375,F2,-0.21875,F3,-0.203125,0.0078125,0.037037037037037035,6.103515625e-05,0
2635,-0.2109375,F2,-0.21875,F3,-0.203125,0.0078125,0.037037037037037035,6.103515625e-05,0
2636,-0.215087890625,F2,-0.21875,F3,-0.203125,0.011962890625,0.05561861520998865,0.0001431107521057129,0
2637,1.119384765625,44,1.125,44,1.125,0.005615234375,0.005016357688113413,3.153085708618164e-05,1
2638,0.440673828125,1C,0.4375,1C,0.4375,0.003173828125,0.007202216066481994,1.0073184967041016e-05,1
2639,-1.04443359375,BF,-1.03125,BF,-1.03125,0.01318359375,0.012622720897615708,0.00017380714416503906,1
2640,1.108154296875,43,1.09375,44,1.125,0.016845703125,0.01520158625247852,0.00028377771377563477,0
2641,0.06005859375,04,0.0625,04,0.0625,0.00244140625,0.04065040650406504,5.9604644775390625e-06,1
2642,-2.235595703125,9E,-2.25,9E,-2.25,0.014404296875,0.006443158239598122,0.00020748376846313477,1
2643,0.52392578125,22,0.53125,21,0.515625,0.00830078125,0.015843429636533086,6.890296936035156e-05,0
2644,0.083740234375,05,0.078125,06,0.09375,0.010009765625,0.119533527696793,0.00010019540786743164,0
2645,1.431396484375,4E,1.4375,4E,1.4375,0.006103515625,0.004264028654272557,3.725290298461914e-05,1
2646,0.1650390625,0B,0.171875,0A,0.15625,0.0087890625,0.05325443786982249,7.724761962890625e-05,0
2647,0.334716796875,15,0.328125,15,0.328125,0.006591796875,0.019693654266958426,4.3451786041259766e-05,1
2648,1.0625,42,1.0625,42,1.0625,0.0,0.0,0.0,1
2649,0.910888671875,3A,0.90625,3A,0.90625,0.004638671875,0.0050924685071026534,2.1517276763916016e-05,1
2650,0.092041015625,06,0.09375,06,0.09375,0.001708984375,0.01856763925729443,2.9206275939941406e-06,1
2651,0.512451171875,21,0.515625,21,0.515625,0.003173828125,0.006193425440686041,1.0073184967041016e-05,1
2652,-0.698974609375,D3,-0.703125,D4,-0.6875,0.011474609375,0.016416346489696122,0.0001316666603088379,0
2653,-0.152099609375,F6,-0.15625,F6,-0.15625,0.004150390625,0.027287319422150885,1.722574234008789e-05,1
2654,1.61767578125,54,1.625,54,1.625,0.00732421875,0.004527618472683369,5.364418029785156e-05,1
2655,-0.28369140625,EE,-0.28125,EF,-0.265625,0.01806640625,0.06368330464716007,0.00032639503479003906,0
2656,0.27734375,12,0.28125,12,0.28125,0.00390625,0.014084507042253521,1.52587890625e-05,1
2657,0.5673828125,24,0.5625,24,0.5625,0.0048828125,0.008605851979345954,2.384185791015625e-05,1
2658,-0.08642578125,FA,-0.09375,FA,-0.09375,0.00732421875,0.0847457627118644,5.364418029785156e-05,1
2659,0.13720703125,09,0.140625,08,0.125,0.01220703125,0.08896797153024912,0.00014901161193847656,0
2660,-0.55419921875,DD,-0.546875,DD,-0.546875,0.00732421875,0.013215859030837005,5.364418029785156e-05,1
2661,0.31982421875,14,0.3125,13,0.296875,0.02294921875,0.0717557251908397,0.0005266666412353516,0
2662,-0.7373046875,D1,-0.734375,D1,-0.734375,0.0029296875,0.003973509933774834,8.58306884765625e-06,1
2663,-0.313232421875,EC,-0.3125,EB,-0.328125,0.014892578125,0.0475448168355417,0.00022178888320922852,0
2664,1.34130859375,4B,1.34375,4B,1.34375,0.00244140625,0.0018201674554058974,5.9604644775390625e-06,1
2665,0.172119140625,0B,0.171875,0B,0.171875,0.000244140625,0.0014184397163120568,5.960464477539063e-08,1
2666,-0.199951171875,F3,-0.203125,F2,-0.21875,0.018798828125,0.09401709401709402,0.000353395938873291,0
2667,0.5048828125,20,0.5,21,0.515625,0.0107421875,0.02127659574468085,0.00011539459228515625,0
2668,-0.4365234375,E4,-0.4375,E3,-0.453125,0.0166015625,0.03803131991051454,0.00027561187744140625,0
2669,0.974853515625,3E,0.96875,3E,0.96875,0.006103515625,0.006260956674179815,3.725290298461914e-05,1
2670,2.27001953125,62,2.25,62,2.25,0.02001953125,0.008819100881910088,0.00040078163146972656,1
2671,-1.923583984375,A2,-1.9375,A2,-1.9375,0.013916015625,0.0072344206117527605,0.00019365549087524414,1
2672,0.783447265625,32,0.78125,32,0.78125,0.002197265625,0.0028046120286693674,4.827976226806641e-06,1
2673,0.87939453125,38,0.875,39,0.890625,0.01123046875,0.012770682953914493,0.00012612342834472656,0
2674,0.035400390625,02,0.03125,02,0.03125,0.004150390625,0.11724137931034483,1.722574234008789e-05,1
2675,-0.226806640625,F1,-0.234375,F3,-0.203125,0.023681640625,0.10441334768568353,0.0005608201026916504,0
2676,1.66552734375,55,1.65625,55,1.65625,0.00927734375,0.0055702140134857815,8.606910705566406e-05,1
2677,0.7197265625,2E,0.71875,2D,0.703125,0.0166015625,0.023066485753052916,0.00027561187744140625,0
2678,1.69677734375,56,1.6875,56,1.6875,0.00927734375,0.005467625899280576,8.606910705566406e-05,1
2679,0.03759765625,02,0.03125,02,0.03125,0.00634765625,0.16883116883116883,4.029273986816406e-05,1
2680,-0.15576171875,F6,-0.15625,F6,-0.15625,0.00048828125,0.003134796238244514,2.384185791015625e-07,1
2681,0.793701171875,33,0.796875,33,0.796875,0.003173828125,0.003998769609350969,1.0073184967041016e-05,1
2682,0.3564453125,17,0.359375,17,0.359375,0.0029296875,0.00821917808219178,8.58306884765625e-06,1
2683,-1.01318359375,C0,-1.0,C0,-1.0,0.01318359375,0.013012048192771084,0.00017380714416503906,1
2684,-0.614990234375,D9,-0.609375,D9,-0.609375,0.005615234375,0.009130607383882492,3.153085708618164e-05,1
2685,-0.962890625,C2,-0.96875,C2,-0.96875,0.005859375,0.006085192697768763,3.4332275390625e-05,1
2686,-0.6494140625,D6,-0.65625,D7,-0.640625,0.0087890625,0.013533834586466165,7.724761962890625e-05,0
2687,0.70361328125,2D,0.703125,2C,0.6875,0.01611328125,0.022900763358778626,0.00025963783264160156,0
2688,-0.267333984375,EF,-0.265625,EE,-0.28125,0.013916015625,0.052054794520547946,0.00019365549087524414,0
2689,0.341796875,16,0.34375,15,0.328125,0.013671875,0.04,0.000186920166015625,0
2690,0.400634765625,1A,0.40625,1A,0.40625,0.005615234375,0.014015843997562462,3.153085708618164e-05,1
2691,-0.85302734375,C9,-0.859375,CA,-0.84375,0.00927734375,0.010875787063537493,8.606910705566406e-05,0
2692,-0.6220703125,D8,-0.625,D9,-0.609375,0.0126953125,0.02040816326530612,0.00016117095947265625,0
2693,1.730712890625,57,1.71875,56,1.6875,0.043212890625,0.02496826068556919,0.0018673539161682129,0
2694,-0.50341796875,E0,-0.5,E0,-0.5,0.00341796875,0.006789524733268671,1.1682510375976562e-05,1
2695,1.181640625,46,1.1875,46,1.1875,0.005859375,0.0049586776859504135,3.4332275390625e-05,1
2696,1.26220703125,48,1.25,48,1.25,0.01220703125,0.009671179883945842,0.00014901161193847656,1
2697,-0.197021484375,F3,-0.203125,F4,-0.1875,0.009521484375,0.048327137546468404,9.065866470336914e-05,0
2698,0.04638671875,03,0.046875,03,0.046875,0.00048828125,0.010526315789473684,2.384185791015625e-07,1
2699,0.490234375,1F,0.484375,1F,0.484375,0.005859375,0.01195219123505976,3.4332275390625e-05,1
2700,-0.81640625,CC,-0.8125,CC,-0.8125,0.00390625,0.004784688995215311,1.52587890625e-05,1
2701,-0.12939453125,F8,-0.125,F7,-0.140625,0.01123046875,0.08679245283018867,0.00012612342834472656,0
2702,-1.05712890625,BE,-1.0625,BE,-1.0625,0.00537109375,0.005080831408775982,2.8848648071289062e-05,1
2703,-0.385986328125,E7,-0.390625,E7,-0.390625,0.004638671875,0.012017710309930424,2.1517276763916016e-05,1
2704,0.006591796875,01,0.015625,00,0.0,0.006591796875,1.0,4.3451786041259766e-05,0
2705,-0.391357421875,E7,-0.390625,E7,-0.390625,0.000732421875,0.0018714909544603868,5.364418029785156e-07,1
2706,-1.833984375,A5,-1.84375,A6,-1.8125,0.021484375,0.011714589989350373,0.000461578369140625,0
2707,-0.42041015625,E5,-0.421875,E6,-0.40625,0.01416015625,0.03368176538908246,0.00020051002502441406,0
2708,-0.30810546875,EC,-0.3125,EC,-0.3125,0.00439453125,0.014263074484944533,1.9311904907226562e-05,1
2709,0.4306640625,1C,0.4375,1C,0.4375,0.0068359375,0.015873015873015872,4.673004150390625e-05,1
2710,-0.23876953125,F1,-0.234375,F1,-0.234375,0.00439453125,0.018404907975460124,1.9311904907226562e-05,1
2711,-1.666015625,AB,-1.65625,AA,-1.6875,0.021484375,0.012895662368112544,0.000461578369140625,0
2712,-0.87646484375,C8,-0.875,C7,-0.890625,0.01416015625,0.01615598885793872,0.00020051002502441406,0
2713,-0.937255859375,C4,-0.9375,C4,-0.9375,0.000244140625,0.00026048450117218026,5.960464477539063e-08,1
2714,1.157958984375,45,1.15625,45,1.15625,0.001708984375,0.0014758591608686486,2.9206275939941406e-06,1
2715,-0.55126953125,DD,-0.546875,DC,-0.5625,0.01123046875,0.02037201062887511,0.00012612342834472656,0
2716,0.15087890625,0A,0.15625,08,0.125,0.02587890625,0.1715210355987055,0.0006697177886962891,0
2717,0.198486328125,0D,0.203125,0D,0.203125,0.004638671875,0.023370233702337023,2.1517276763916016e-05,1
2718,-0.919189453125,C5,-0.921875,C4,-0.9375,0.018310546875,0.0199203187250996,0.00033527612686157227,0
2719,-0.00439453125,FF,-0.015625,01,0.015625,0.02001953125,4.555555555555555,0.00040078163146972656,0
2720,-0.345703125,EA,-0.34375,EA,-0.34375,0.001953125,0.005649717514124294,3.814697265625e-06,1
2721,1.756103515625,58,1.75,58,1.75,0.006103515625,0.0034756012790212705,3.725290298461914e-05,1
2722,0.784423828125,32,0.78125,31,0.765625,0.018798828125,0.023965141612200435,0.000353395938873291,0
2723,-1.2265625,B9,-1.21875,B9,-1.21875,0.0078125,0.006369426751592357,6.103515625e-05,1
2724,-0.333984375,EB,-0.328125,EB,-0.328125,0.005859375,0.017543859649122806,3.4332275390625e-05,1
2725,-0.08740234375,FA,-0.09375,FB,-0.078125,0.00927734375,0.10614525139664804,8.606910705566406e-05,0
2726,1.844970703125,5B,1.84375,5B,1.84375,0.001220703125,0.000661638216223369,1.4901161193847656e-06,1
2727,0.26953125,11,0.265625,12,0.28125,0.01171875,0.043478260869565216,0.0001373291015625,0
2728,0.82666015625,35,0.828125,35,0.828125,0.00146484375,0.0017720023626698169,2.1457672119140625e-06,1
2729,1.00927734375,40,1.0,40,1.0,0.00927734375,0.009192065795839382,8.606910705566406e-05,1
2730,-1.1435546875,BB,-1.15625,BC,-1.125,0.0185546875,0.016225448334756618,0.00034427642822265625,0
2731,0.4150390625,1B,0.421875,1B,0.421875,0.0068359375,0.01647058823529412,4.673004150390625e-05,1
2732,-0.528564453125,DE,-0.53125,DE,-0.53125,0.002685546875,0.005080831408775982,7.212162017822266e-06,1
2733,0.679443359375,2B,0.671875,2C,0.6875,0.008056640625,0.011857707509881422,6.490945816040039e-05,0
2734,-1.252685546875,B8,-1.25,B8,-1.25,0.002685546875,0.0021438316117715845,7.212162017822266e-06,1
2735,-0.5517578125,DD,-0.546875,DD,-0.546875,0.0048828125,0.008849557522123894,2.384185791015625e-05,1
2736,1.14892578125,45,1.15625,46,1.1875,0.03857421875,0.03357416064598385,0.0014879703521728516,0
2737,-0.007568359375,FF,-0.015625,00,0.0,0.007568359375,1.0,5.728006362915039e-05,0
2738,-1.62353515625,AC,-1.625,AC,-1.625,0.00146484375,0.0009022556390977444,2.1457672119140625e-06,1
2739,-1.32861328125,B5,-1.34375,B6,-1.3125,0.01611328125,0.012127894156560088,0.00025963783264160156,0
2740,-0.304931640625,EC,-0.3125,ED,-0.296875,0.008056640625,0.02642113690952762,6.490945816040039e-05,0
2741,0.68212890625,2C,0.6875,2B,0.671875,0.01025390625,0.015032211882605583,0.00010514259338378906,0
2742,0.135498046875,09,0.140625,08,0.125,0.010498046875,0.07747747747747748,0.00011020898818969727,0
2743,0.977783203125,3F,0.984375,3F,0.984375,0.006591796875,0.006741573033707865,4.3451786041259766e-05,1
2744,1.24853515625,48,1.25,48,1.25,0.00146484375,0.0011732499022291747,2.1457672119140625e-06,1
2745,-0.45849609375,E3,-0.453125,E3,-0.453125,0.00537109375,0.011714589989350373,2.8848648071289062e-05,1
2746,1.268310546875,49,1.28125,48,1.25,0.018310546875,0.014436958614051972,0.00033527612686157227,0
2747,-1.866455078125,A4,-1.875,A4,-1.875,0.008544921875,0.004578155657292348,7.301568984985352e-05,1
2748,-1.10546875,BD,-1.09375,BC,-1.125,0.01953125,0.0176678445229682,0.0003814697265625,0
2749,0.158935546875,0A,0.15625,0A,0.15625,0.002685546875,0.016897081413210446,7.212162017822266e-06,1
2750,0.802001953125,33,0.796875,32,0.78125,0.020751953125,0.0258751902587519,0.00043064355850219727,0
2751,-1.121826171875,BC,-1.125,BC,-1.125,0.003173828125,0.0028291621327529923,1.0073184967041016e-05,1
2752,-0.135009765625,F7,-0.140625,F8,-0.125,0.010009765625,0.07414104882459313,0.00010019540786743164,0
2753,0.052490234375,03,0.046875,03,0.046875,0.005615234375,0.10697674418604651,3.153085708618164e-05,1
2754,0.955078125,3D,0.953125,3E,0.96875,0.013671875,0.014314928425357873,0.000186920166015625,0
2755,-0.957275390625,C3,-0.953125,C3,-0.953125,0.004150390625,0.004335628666156593,1.722574234008789e-05,1
2756,0.92578125,3B,0.921875,3B,0.921875,0.00390625,0.004219409282700422,1.52587890625e-05,1
2757,0.64453125,29,0.640625,29,0.640625,0.00390625,0.006060606060606061,1.52587890625e-05,1
2758,-0.347900390625,EA,-0.34375,E9,-0.359375,0.011474609375,0.03298245614035088,0.0001316666603088379,0
2759,-0.1513671875,F6,-0.15625,F7,-0.140625,0.0107421875,0.07096774193548387,0.00011539459228515625,0
2760,0.354736328125,17,0.359375,16,0.34375,0.010986328125,0.030970406056434963,0.00012069940567016602,0
2761,0.867431640625,38,0.875,38,0.875,0.007568359375,0.008725021108922038,5.728006362915039e-05,1
2762,-0.412841796875,E6,-0.40625,E5,-0.421875,0.009033203125,0.02188054405677114,8.159875869750977e-05,0
2763,-0.16064453125,F6,-0.15625,F6,-0.15625,0.00439453125,0.02735562310030395,1.9311904907226562e-05,1
2764,-0.368896484375,E8,-0.375,E9,-0.359375,0.009521484375,0.025810721376571807,9.065866470336914e-05,0
2765,1.45068359375,4E,1.4375,4E,1.4375,0.01318359375,0.009087849209020532,0.00017380714416503906,1
2766,-0.416748046875,E5,-0.421875,E5,-0.421875,0.005126953125,0.012302284710017574,2.6285648345947266e-05,1
2767,-1.082275390625,BD,-1.09375,BE,-1.0625,0.019775390625,0.018272050530115047,0.0003910660743713379,0
2768,0.415283203125,1B,0.421875,1A,0.40625,0.009033203125,0.02175191064079953,8.159875869750977e-05,0
2769,-0.411865234375,E6,-0.40625,E6,-0.40625,0.005615234375,0.013633669235328987,3.153085708618164e-05,1
2770,0.426025390625,1B,0.421875,1B,0.421875,0.004150390625,0.009742120343839542,1.722574234008789e-05,1
2771,-1.197509765625,BA,-1.1875,BA,-1.1875,0.010009765625,0.00835881753312946,0.00010019540786743164,1
2772,-0.81494140625,CC,-0.8125,CB,-0.828125,0.01318359375,0.016177351707609346,0.00017380714416503906,0
2773,-0.1787109375,F5,-0.171875,F5,-0.171875,0.0068359375,0.03825136612021858,4.673004150390625e-05,1
2774,-1.271728515625,B7,-1.28125,B7,-1.28125,0.009521484375,0.0074870416586676905,9.065866470336914e-05,1
2775,0.366455078125,17,0.359375,17,0.359375,0.007080078125,0.019320453031312457,5.0127506256103516e-05,1
2776,2.246826171875,62,2.25,62,2.25,0.003173828125,0.0014125828534173638,1.0073184967041016e-05,1
2777,-1.578857421875,AD,-1.59375,AE,-1.5625,0.016357421875,0.010360290706664605,0.0002675652503967285,0
2778,-0.5458984375,DD,-0.546875,DD,-0.546875,0.0009765625,0.0017889087656529517,9.5367431640625e-07,1
2779,-0.824462890625,CB,-0.828125,CC,-0.8125,0.011962890625,0.01450992004737933,0.0001431107521057129,0
2780,-0.56005859375,DC,-0.5625,DC,-0.5625,0.00244140625,0.004359197907585004,5.9604644775390625e-06,1
2781,-1.447998046875,B2,-1.4375,B2,-1.4375,0.010498046875,0.007250042151407857,0.00011020898818969727,1
2782,-1.309814453125,B6,-1.3125,B6,-1.3125,0.002685546875,0.0020503261882572226,7.212162017822266e-06,1
2783,-0.605712890625,D9,-0.609375,D9,-0.609375,0.003662109375,0.006045949214026602,1.341104507446289e-05,1
2784,0.88720703125,39,0.890625,39,0.890625,0.00341796875,0.003852504127682994,1.1682510375976562e-05,1
2785,-0.5634765625,DC,-0.5625,DC,-0.5625,0.0009765625,0.0017331022530329288,9.5367431640625e-07,1
2786,0.3505859375,16,0.34375,17,0.359375,0.0087890625,0.025069637883008356,7.724761962890625e-05,0
2787,-0.403076171875,E6,-0.40625,E6,-0.40625,0.003173828125,0.007874015748031496,1.0073184967041016e-05,1
2788,-0.923583984375,C5,-0.921875,C4,-0.9375,0.013916015625,0.01506740681998414,0.00019365549087524414,0
2789,0.022216796875,01,0.015625,01,0.015625,0.006591796875,0.2967032967032967,4.3451786041259766e-05,1
2790,-0.160400390625,F6,-0.15625,F6,-0.15625,0.004150390625,0.0258751902587519,1.722574234008789e-05,1
2791,0.010498046875,01,0.015625,01,0.015625,0.005126953125,0.4883720930232558,2.6285648345947266e-05,1
2792,-0.300537109375,ED,-0.296875,ED,-0.296875,0.003662109375,0.012185215272136474,1.341104507446289e-05,1
2793,0.130126953125,08,0.125,09,0.140625,0.010498046875,0.08067542213883677,0.00011020898818969727,0
2794,-1.2470703125,B8,-1.25,B8,-1.25,0.0029296875,0.0023492560689115116,8.58306884765625e-06,1
2795,0.3759765625,18,0.375,18,0.375,0.0009765625,0.0025974025974025974,9.5367431640625e-07,1
2796,0.7763671875,32,0.78125,33,0.796875,0.0205078125,0.026415094339622643,0.00042057037353515625,0
2797,0.58935546875,26,0.59375,26,0.59375,0.00439453125,0.007456503728251864,1.9311904907226562e-05,1
2798,-0.61328125,D9,-0.609375,D8,-0.625,0.01171875,0.01910828025477707,0.0001373291015625,0
2799,0.24853515625,10,0.25,10,0.25,0.00146484375,0.005893909626719057,2.1457672119140625e-06,1
2800,-0.1484375,F6,-0.15625,F7,-0.140625,0.0078125,0.05263157894736842,6.103515625e-05,0
2801,-0.490966796875,E1,-0.484375,E1,-0.484375,0.006591796875,0.013426156141223273,4.3451786041259766e-05,1
2802,1.407958984375,4D,1.40625,4D,1.40625,0.001708984375,0.0012138026703658747,2.9206275939941406e-06,1
2803,-0.05078125,FD,-0.046875,FC,-0.0625,0.01171875,0.23076923076923078,0.0001373291015625,0
2804,1.023193359375,41,1.03125,40,1.0,0.023193359375,0.022667621092817943,0.0005379319190979004,0
2805,0.307861328125,14,0.3125,13,0.296875,0.010986328125,0.035685963521015066,0.00012069940567016602,0
2806,1.694091796875,56,1.6875,56,1.6875,0.006591796875,0.0038910505836575876,4.3451786041259766e-05,1
2807,0.49560546875,20,0.5,20,0.5,0.00439453125,0.008866995073891626,1.9311904907226562e-05,1
2808,-0.021484375,FF,-0.015625,FE,-0.03125,0.009765625,0.45454545454545453,9.5367431640625e-05,0
2809,-0.281494140625,EE,-0.28125,EE,-0.28125,0.000244140625,0.0008673026886383347,5.960464477539063e-08,1
2810,0.749267578125,30,0.75,30,0.75,0.000732421875,0.0009775171065493646,5.364418029785156e-07,1
2811,0.988525390625,3F,0.984375,40,1.0,0.011474609375,0.011607804396147196,0.0001316666603088379,0
2812,0.10302734375,07,0.109375,06,0.09375,0.00927734375,0.09004739336492891,8.606910705566406e-05,0
2813,-0.16259765625,F6,-0.15625,F5,-0.171875,0.00927734375,0.057057057057057055,8.606910705566406e-05,0
2814,0.15478515625,0A,0.15625,09,0.140625,0.01416015625,0.0914826498422713,0.00020051002502441406,0
2815,0.337890625,16,0.34375,17,0.359375,0.021484375,0.06358381502890173,0.000461578369140625,0
2816,0.51708984375,21,0.515625,20,0.5,0.01708984375,0.033050047214353166,0.00029206275939941406,0
2817,0.373291015625,18,0.375,17,0.359375,0.013916015625,0.03727926749509483,0.00019365549087524414,0
2818,-0.04150390625,FD,-0.046875,FE,-0.03125,0.01025390625,0.24705882352941178,0.00010514259338378906,0
2819,-0.69677734375,D3,-0.703125,D4,-0.6875,0.00927734375,0.013314646110721794,8.606910705566406e-05,0
2820,0.398193359375,19,0.390625,1A,0.40625,0.008056640625,0.02023298589822195,6.490945816040039e-05,0
2821,-1.654296875,AB,-1.65625,AC,-1.625,0.029296875,0.01770956316410862,0.000858306884765625,0
2822,1.518310546875,51,1.53125,50,1.5,0.018310546875,0.0120598166907863,0.00033527612686157227,0
2823,0.57080078125,25,0.578125,26,0.59375,0.02294921875,0.04020530367835757,0.0005266666412353516,0
2824,-0.12744140625,F8,-0.125,F7,-0.140625,0.01318359375,0.10344827586206896,0.00017380714416503906,0
2825,-0.10791015625,F9,-0.109375,FA,-0.09375,0.01416015625,0.13122171945701358,0.00020051002502441406,0
2826,-0.1474609375,F7,-0.140625,F7,-0.140625,0.0068359375,0.046357615894039736,4.673004150390625e-05,1
2827,0.668701171875,2B,0.671875,2A,0.65625,0.012451171875,0.018619934282584884,0.00015503168106079102,0
2828,0.64111328125,29,0.640625,29,0.640625,0.00048828125,0.0007616146230007616,2.384185791015625e-07,1
2829,-0.0302734375,FE,-0.03125,FF,-0.015625,0.0146484375,0.4838709677419355,0.00021457672119140625,0
2830,2.571044921875,65,2.625,65,2.625,0.053955078125,0.020985661380685593,0.0029111504554748535,1
2831,-0.462158203125,E2,-0.46875,E2,-0.46875,0.006591796875,0.014263074484944533,4.3451786041259766e-05,1
2832,1.37109375,4C,1.375,4C,1.375,0.00390625,0.002849002849002849,1.52587890625e-05,1
2833,-0.6103515625,D9,-0.609375,D9,-0.609375,0.0009765625,0.0016,9.5367431640625e-07,1
2834,1.52197265625,51,1.53125,50,1.5,0.02197265625,0.014436958614051972,0.00048279762268066406,0
2835,-0.75244140625,D0,-0.75,CF,-0.765625,0.01318359375,0.01752109020116807,0.00017380714416503906,0
2836,-0.26416015625,EF,-0.265625,EF,-0.265625,0.00146484375,0.005545286506469501,2.1457672119140625e-06,1
2837,-1.09130859375,BD,-1.09375,BE,-1.0625,0.02880859375,0.026398210290827742,0.0008299350738525391,0
2838,-0.83447265625,CB,-0.828125,C9,-0.859375,0.02490234375,0.02984201287302516,0.0006201267242431641,0
2839,1.634765625,54,1.625,55,1.65625,0.021484375,0.013142174432497013,0.000461578369140625,0
2840,-1.095703125,BD,-1.09375,BD,-1.09375,0.001953125,0.0017825311942959,3.814697265625e-06,1
2841,1.21484375,47,1.21875,47,1.21875,0.00390625,0.003215434083601286,1.52587890625e-05,1
2842,-0.20849609375,F3,-0.203125,F3,-0.203125,0.00537109375,0.02576112412177986,2.8848648071289062e-05,1
2843,-0.880859375,C8,-0.875,C8,-0.875,0.005859375,0.0066518847006651885,3.4332275390625e-05,1
2844,0.237548828125,0F,0.234375,10,0.25,0.012451171875,0.052415210688591986,0.00015503168106079102,0
2845,-0.0205078125,FF,-0.015625,FF,-0.015625,0.0048828125,0.23809523809523808,2.384185791015625e-05,1
2846,0.09228515625,06,0.09375,07,0.109375,0.01708984375,0.18518518518518517,0.00029206275939941406,0
2847,-1.343017578125,B5,-1.34375,B5,-1.34375,0.000732421875,0.0005453553899291038,5.364418029785156e-07,1
2848,-2.141357421875,9F,-2.125,9F,-2.125,0.016357421875,0.007638809713829666,0.0002675652503967285,1
2849,1.112060546875,44,1.125,43,1.09375,0.018310546875,0.01646542261251372,0.00033527612686157227,0
2850,-0.364990234375,E9,-0.359375,E8,-0.375,0.010009765625,0.0274247491638796,0.00010019540786743164,0
2851,0.087646484375,06,0.09375,05,0.078125,0.009521484375,0.10863509749303621,9.065866470336914e-05,0
2852,-0.09033203125,FA,-0.09375,FA,-0.09375,0.00341796875,0.03783783783783784,1.1682510375976562e-05,1
2853,0.803466796875,33,0.796875,33,0.796875,0.006591796875,0.008204193254329991,4.3451786041259766e-05,1
2854,-0.371337890625,E8,-0.375,E9,-0.359375,0.011962890625,0.032215647600262985,0.0001431107521057129,0
2855,0.613525390625,27,0.609375,28,0.625,0.011474609375,0.01870274572224433,0.0001316666603088379,0
2856,0.075927734375,05,0.078125,04,0.0625,0.013427734375,0.17684887459807075,0.00018030405044555664,0
2857,0.87158203125,38,0.875,38,0.875,0.00341796875,0.00392156862745098,1.1682510375976562e-05,1
2858,0.744873046875,30,0.75,30,0.75,0.005126953125,0.00688298918387414,2.6285648345947266e-05,1
2859,0.310791015625,14,0.3125,15,0.328125,0.017333984375,0.05577376276512176,0.00030046701431274414,0
2860,0.544677734375,23,0.546875,23,0.546875,0.002197265625,0.004034065441506051,4.827976226806641e-06,1
2861,-0.152587890625,F6,-0.15625,F7,-0.140625,0.011962890625,0.0784,0.0001431107521057129,0
2862,0.178466796875,0B,0.171875,0C,0.1875,0.009033203125,0.0506155950752394,8.159875869750977e-05,0
2863,-0.1865234375,F4,-0.1875,F5,-0.171875,0.0146484375,0.07853403141361257,0.00021457672119140625,0
2864,-0.7763671875,CE,-0.78125,CE,-0.78125,0.0048828125,0.006289308176100629,2.384185791015625e-05,1
2865,0.728515625,2F,0.734375,2E,0.71875,0.009765625,0.013404825737265416,9.5367431640625e-05,0
2866,-0.104248046875,F9,-0.109375,FB,-0.078125,0.026123046875,0.2505854800936768,0.0006824135780334473,0
2867,-1.54248046875,AF,-1.53125,AF,-1.53125,0.01123046875,0.0072807850585628366,0.00012612342834472656,1
2868,-0.00048828125,FF,-0.015625,00,0.0,0.00048828125,1.0,2.384185791015625e-07,0
2869,0.662353515625,2A,0.65625,29,0.640625,0.021728515625,0.03280501290084777,0.00047212839126586914,0
2870,-1.7509765625,A8,-1.75,A8,-1.75,0.0009765625,0.0005577244841048522,9.5367431640625e-07,1
2871,0.3935546875,19,0.390625,1A,0.40625,0.0126953125,0.03225806451612903,0.00016117095947265625,0
2872,0.891357421875,39,0.890625,39,0.890625,0.000732421875,0.0008216926869350862,5.364418029785156e-07,1
2873,0.08251953125,05,0.078125,05,0.078125,0.00439453125,0.05325443786982249,1.9311904907226562e-05,1
2874,0.13232421875,08,0.125,09,0.140625,0.00830078125,0.06273062730627306,6.890296936035156e-05,0
2875,0.75048828125,30,0.75,30,0.75,0.00048828125,0.0006506180871828237,2.384185791015625e-07,1
2876,0.4638671875,1E,0.46875,1D,0.453125,0.0107421875,0.023157894736842106,0.00011539459228515625,0
2877,-0.162353515625,F6,-0.15625,F5,-0.171875,0.009521484375,0.058646616541353384,9.065866470336914e-05,0
2878,-0.602783203125,D9,-0.609375,DA,-0.59375,0.009033203125,0.014985824220332119,8.159875869750977e-05,0
2879,-1.1650390625,BB,-1.15625,BB,-1.15625,0.0087890625,0.0075440067057837385,7.724761962890625e-05,1
2880,-0.825927734375,CB,-0.828125,CB,-0.828125,0.002197265625,0.0026603606266627253,4.827976226806641e-06,1
2881,0.0361328125,02,0.03125,03,0.046875,0.0107421875,0.2972972972972973,0.00011539459228515625,0
2882,-0.590087890625,DA,-0.59375,DB,-0.578125,0.011962890625,0.02027306578402979,0.0001431107521057129,0
2883,0.70751953125,2D,0.703125,2E,0.71875,0.01123046875,0.015873015873015872,0.00012612342834472656,0
2884,0.650146484375,2A,0.65625,2B,0.671875,0.021728515625,0.0334209538114908,0.00047212839126586914,0
2885,-0.218505859375,F2,-0.21875,F1,-0.234375,0.015869140625,0.07262569832402235,0.0002518296241760254,0
2886,0.1474609375,09,0.140625,0A,0.15625,0.0087890625,0.059602649006622516,7.724761962890625e-05,0
2887,0.971435546875,3E,0.96875,3E,0.96875,0.002685546875,0.002764513696908771,7.212162017822266e-06,1
2888,-0.904052734375,C6,-0.90625,C6,-0.90625,0.002197265625,0.0024304617877396704,4.827976226806641e-06,1
2889,-0.7109375,D2,-0.71875,D1,-0.734375,0.0234375,0.03296703296703297,0.00054931640625,0
2890,1.42578125,4E,1.4375,4E,1.4375,0.01171875,0.00821917808219178,0.0001373291015625,1
2891,-0.633544921875,D7,-0.640625,D7,-0.640625,0.007080078125,0.011175337186897881,5.0127506256103516e-05,1
2892,0.621826171875,28,0.625,28,0.625,0.003173828125,0.005104043973301924,1.0073184967041016e-05,1
2893,0.09228515625,06,0.09375,05,0.078125,0.01416015625,0.15343915343915343,0.00020051002502441406,0
2894,-0.777099609375,CE,-0.78125,CE,-0.78125,0.004150390625,0.0053408733898837575,1.722574234008789e-05,1
2895,-0.7568359375,D0,-0.75,D0,-0.75,0.0068359375,0.00903225806451613,4.673004150390625e-05,1
2896,-0.660400390625,D6,-0.65625,D6,-0.65625,0.004150390625,0.006284658040665434,1.722574234008789e-05,1
2897,-0.547607421875,DD,-0.546875,DE,-0.53125,0.016357421875,0.029870708872046365,0.0002675652503967285,0
2898,-0.943603515625,C4,-0.9375,C3,-0.953125,0.009521484375,0.010090556274256144,9.065866470336914e-05,0
2899,-0.368408203125,E8,-0.375,E8,-0.375,0.006591796875,0.017892644135188866,4.3451786041259766e-05,1
2900,-0.090087890625,FA,-0.09375,FA,-0.09375,0.003662109375,0.04065040650406504,1.341104507446289e-05,1
2901,0.39599609375,19,0.390625,19,0.390625,0.00537109375,0.013563501849568433,2.8848648071289062e-05,1
2902,1.9970703125,60,2.0,60,2.0,0.0029296875,0.001466992665036675,8.58306884765625e-06,1
2903,-1.05419921875,BE,-1.0625,C0,-1.0,0.05419921875,0.05141269106067624,0.0029375553131103516,0
2904,-0.8486328125,CA,-0.84375,CA,-0.84375,0.0048828125,0.005753739930955121,2.384185791015625e-05,1
2905,-0.91943359375,C5,-0.921875,C6,-0.90625,0.01318359375,0.014338821030270845,0.00017380714416503906,0
2906,-0.186767578125,F4,-0.1875,F3,-0.203125,0.016357421875,0.08758169934640522,0.0002675652503967285,0
2907,0.44189453125,1C,0.4375,1C,0.4375,0.00439453125,0.009944751381215469,1.9311904907226562e-05,1
2908,-1.7724609375,A7,-1.78125,A8,-1.75,0.0224609375,0.012672176308539946,0.0005044937133789062,0
2909,0.656005859375,2A,0.65625,2A,0.65625,0.000244140625,0.0003721622627465575,5.960464477539063e-08,1
2910,0.17236328125,0B,0.171875,0C,0.1875,0.01513671875,0.08781869688385269,0.00022912025451660156,0
2911,0.62353515625,28,0.625,29,0.640625,0.01708984375,0.0274079874706343,0.00029206275939941406,0
2912,1.68212890625,56,1.6875,56,1.6875,0.00537109375,0.003193033381712627,2.8848648071289062e-05,1
2913,0.363525390625,17,0.359375,18,0.375,0.011474609375,0.0315648085963734,0.0001316666603088379,0
2914,0.435791015625,1C,0.4375,1C,0.4375,0.001708984375,0.00392156862745098,2.9206275939941406e-06,1
2915,-0.735595703125,D1,-0.734375,D0,-0.75,0.014404296875,0.019581812147361433,0.00020748376846313477,0
2916,-1.478515625,B1,-1.46875,B1,-1.46875,0.009765625,0.0066050198150594455,9.5367431640625e-05,1
2917,2.112548828125,61,2.125,61,2.125,0.012451171875,0.005893909626719057,0.00015503168106079102,1
2918,0.99169921875,3F,0.984375,40,1.0,0.00830078125,0.008370260955194485,6.890296936035156e-05,0
2919,0.312255859375,14,0.3125,15,0.328125,0.015869140625,0.0508209538702111,0.0002518296241760254,0
2920,-0.0595703125,FC,-0.0625,FC,-0.0625,0.0029296875,0.04918032786885246,8.58306884765625e-06,1
2921,0.325439453125,15,0.328125,13,0.296875,0.028564453125,0.08777194298574643,0.0008159279823303223,0
2922,-0.322021484375,EB,-0.328125,EC,-0.3125,0.009521484375,0.029567854435178165,9.065866470336914e-05,0
2923,0.0234375,02,0.03125,02,0.03125,0.0078125,0.3333333333333333,6.103515625e-05,1
2924,0.61767578125,28,0.625,27,0.609375,0.00830078125,0.013438735177865613,6.890296936035156e-05,0
2925,1.275634765625,49,1.28125,48,1.25,0.025634765625,0.020095693779904306,0.0006571412086486816,0
2926,2.114013671875,61,2.125,61,2.125,0.010986328125,0.0051969049543827235,0.00012069940567016602,1
2927,-0.865966796875,C9,-0.859375,C8,-0.875,0.009033203125,0.010431350436989005,8.159875869750977e-05,0
2928,-0.5888671875,DA,-0.59375,DB,-0.578125,0.0107421875,0.01824212271973466,0.00011539459228515625,0
2929,-0.731689453125,D1,-0.734375,D2,-0.71875,0.012939453125,0.01768435101768435,0.00016742944717407227,0
2930,0.666748046875,2B,0.671875,2B,0.671875,0.005126953125,0.007689491028927133,2.6285648345947266e-05,1
2931,1.36181640625,4C,1.375,4C,1.375,0.01318359375,0.00968088920760129,0.00017380714416503906,1
2932,-0.961181640625,C2,-0.96875,C3,-0.953125,0.008056640625,0.008382016764033528,6.490945816040039e-05,0
2933,0.026123046875,02,0.03125,02,0.03125,0.005126953125,0.19626168224299065,2.6285648345947266e-05,1
2934,-0.438720703125,E4,-0.4375,E4,-0.4375,0.001220703125,0.0027824151363383415,1.4901161193847656e-06,1
2935,-1.04296875,BF,-1.03125,BF,-1.03125,0.01171875,0.011235955056179775,0.0001373291015625,1
2936,0.05859375,04,0.0625,05,0.078125,0.01953125,0.3333333333333333,0.0003814697265625,0
2937,0.733154296875,2F,0.734375,2E,0.71875,0.014404296875,0.019647019647019648,0.00020748376846313477,0
2938,0.853271484375,37,0.859375,36,0.84375,0.009521484375,0.011158798283261802,9.065866470336914e-05,0
2939,-1.38623046875,B4,-1.375,B4,-1.375,0.01123046875,0.008101444170482565,0.00012612342834472656,1
2940,-0.76513671875,CF,-0.765625,CE,-0.78125,0.01611328125,0.021059349074664963,0.00025963783264160156,0
2941,0.161376953125,0A,0.15625,0B,0.171875,0.010498046875,0.06505295007564296,0.00011020898818969727,0
2942,1.0830078125,43,1.09375,43,1.09375,0.0107421875,0.009918845807033363,0.00011539459228515625,1
2943,-1.43017578125,B2,-1.4375,B2,-1.4375,0.00732421875,0.005121201775349949,5.364418029785156e-05,1
2944,0.8173828125,34,0.8125,35,0.828125,0.0107421875,0.013142174432497013,0.00011539459228515625,0
2945,-1.15380859375,BB,-1.15625,BC,-1.125,0.02880859375,0.02496826068556919,0.0008299350738525391,0
2946,-0.35400390625,E9,-0.359375,EA,-0.34375,0.01025390625,0.028965517241379312,0.00010514259338378906,0
2947,0.55078125,23,0.546875,23,0.546875,0.00390625,0.0070921985815602835,1.52587890625e-05,1
2948,0.730224609375,2F,0.734375,2F,0.734375,0.004150390625,0.0056837178201270475,1.722574234008789e-05,1
2949,-0.88037109375,C8,-0.875,C8,-0.875,0.00537109375,0.006100942872989462,2.8848648071289062e-05,1
2950,-0.499267578125,E0,-0.5,E0,-0.5,0.000732421875,0.001466992665036675,5.364418029785156e-07,1
2951,-0.695068359375,D4,-0.6875,D4,-0.6875,0.007568359375,0.010888654724271163,5.728006362915039e-05,1
2952,-0.410400390625,E6,-0.40625,E6,-0.40625,0.004150390625,0.010113027959547887,1.722574234008789e-05,1
2953,0.208984375,0D,0.203125,0D,0.203125,0.005859375,0.028037383177570093,3.4332275390625e-05,1
2954,-1.1005859375,BD,-1.09375,BC,-1.125,0.0244140625,0.022182786157941437,0.0005960464477539062,0
2955,1.276123046875,49,1.28125,48,1.25,0.026123046875,0.020470633250430456,0.0006824135780334473,0
2956,0.253173828125,10,0.25,10,0.25,0.003173828125,0.01253616200578592,1.0073184967041016e-05,1
2957,0.154541015625,0A,0.15625,0B,0.171875,0.017333984375,0.11216429699842022,0.00030046701431274414,0
2958,1.162109375,45,1.15625,46,1.1875,0.025390625,0.021848739495798318,0.000644683837890625,0
2959,-0.828369140625,CB,-0.828125,CB,-0.828125,0.000244140625,0.0002947244326554671,5.960464477539063e-08,1
2960,1.402099609375,4D,1.40625,4C,1.375,0.027099609375,0.019327877415984678,0.0007343888282775879,0
2961,0.562744140625,24,0.5625,23,0.546875,0.015869140625,0.028199566160520606,0.0002518296241760254,0
2962,0.017333984375,01,0.015625,01,0.015625,0.001708984375,0.09859154929577464,2.9206275939941406e-06,1
2963,-0.409912109375,E6,-0.40625,E5,-0.421875,0.011962890625,0.029184038117927337,0.0001431107521057129,0
2964,1.0791015625,43,1.09375,43,1.09375,0.0146484375,0.013574660633484163,0.00021457672119140625,1
2965,1.300048828125,4A,1.3125,4A,1.3125,0.012451171875,0.009577464788732394,0.00015503168106079102,1
2966,-1.801513671875,A6,-1.8125,A6,-1.8125,0.010986328125,0.006098387315354384,0.00012069940567016602,1
2967,-1.42431640625,B2,-1.4375,B2,-1.4375,0.01318359375,0.009256085018854988,0.00017380714416503906,1
2968,0.46533203125,1E,0.46875,1E,0.46875,0.00341796875,0.007345225603357817,1.1682510375976562e-05,1
2969,-1.12109375,BC,-1.125,BC,-1.125,0.00390625,0.003484320557491289,1.52587890625e-05,1
2970,1.404541015625,4D,1.40625,4C,1.375,0.029541015625,0.021032504780114723,0.0008726716041564941,0
2971,-0.48046875,E1,-0.484375,E1,-0.484375,0.00390625,0.008130081300813009,1.52587890625e-05,1
2972,-0.552734375,DD,-0.546875,DC,-0.5625,0.009765625,0.0176678445229682,9.5367431640625e-05,0
2973,1.56103515625,52,1.5625,52,1.5625,0.00146484375,0.0009383797309978105,2.1457672119140625e-06,1
2974,0.03125,02,0.03125,01,0.015625,0.015625,0.5,0.000244140625,0
2975,0.510986328125,21,0.515625,21,0.515625,0.004638671875,0.009077878643096034,2.1517276763916016e-05,1
2976,0.093017578125,06,0.09375,06,0.09375,0.000732421875,0.007874015748031496,5.364418029785156e-07,1
2977,0.34716796875,16,0.34375,17,0.359375,0.01220703125,0.035161744022503515,0.00014901161193847656,0
2978,1.010009765625,40,1.0,40,1.0,0.010009765625,0.009910563210055595,0.00010019540786743164,1
2979,0.107666015625,07,0.109375,06,0.09375,0.013916015625,0.1292517006802721,0.00019365549087524414,0
2980,0.80810546875,34,0.8125,34,0.8125,0.00439453125,0.005438066465256798,1.9311904907226562e-05,1
2981,1.09228515625,43,1.09375,43,1.09375,0.00146484375,0.0013410818059901655,2.1457672119140625e-06,1
2982,-0.410400390625,E6,-0.40625,E6,-0.40625,0.004150390625,0.010113027959547887,1.722574234008789e-05,1
2983,-0.199462890625,F3,-0.203125,F3,-0.203125,0.003662109375,0.01835985312117503,1.341104507446289e-05,1
2984,0.5078125,20,0.5,22,0.53125,0.0234375,0.046153846153846156,0.00054931640625,0
2985,0.279541015625,12,0.28125,12,0.28125,0.001708984375,0.00611353711790393,2.9206275939941406e-06,1
2986,-1.18603515625,BA,-1.1875,BA,-1.1875,0.00146484375,0.0012350761630300535,2.1457672119140625e-06,1
2987,-0.910400390625,C6,-0.90625,C6,-0.90625,0.004150390625,0.004558862965942612,1.722574234008789e-05,1
2988,0.635498046875,29,0.640625,29,0.640625,0.005126953125,0.008067614291202459,2.6285648345947266e-05,1
2989,0.052734375,03,0.046875,02,0.03125,0.021484375,0.4074074074074074,0.000461578369140625,0
2990,-1.064697265625,BE,-1.0625,BE,-1.0625,0.002197265625,0.0020637468470534283,4.827976226806641e-06,1
2991,-1.135986328125,BC,-1.125,BC,-1.125,0.010986328125,0.009671179883945842,0.00012069940567016602,1
2992,0.681884765625,2C,0.6875,2B,0.671875,0.010009765625,0.014679556032939491,0.00010019540786743164,0
2993,0.97265625,3E,0.96875,3F,0.984375,0.01171875,0.012048192771084338,0.0001373291015625,0
2994,1.2705078125,49,1.28125,49,1.28125,0.0107421875,0.008455034588777863,0.00011539459228515625,1
2995,0.746337890625,30,0.75,30,0.75,0.003662109375,0.004906771344455349,1.341104507446289e-05,1
2996,-0.48193359375,E1,-0.484375,E2,-0.46875,0.01318359375,0.02735562310030395,0.00017380714416503906,0
2997,-0.156982421875,F6,-0.15625,F7,-0.140625,0.016357421875,0.104199066874028,0.0002675652503967285,0
2998,-1.3349609375,B5,-1.34375,B6,-1.3125,0.0224609375,0.016825164594001463,0.0005044937133789062,0
2999,-0.176513671875,F5,-0.171875,F4,-0.1875,0.010986328125,0.06224066390041494,0.00012069940567016602,0
3000,-0.428955078125,E5,-0.421875,E4,-0.4375,0.008544921875,0.0199203187250996,7.301568984985352e-05,0
3001,1.03662109375,41,1.03125,41,1.03125,0.00537109375,0.0051813471502590676,2.8848648071289062e-05,1
3002,-0.569091796875,DC,-0.5625,DD,-0.546875,0.022216796875,0.03903903903903904,0.0004935860633850098,0
3003,-1.139892578125,BC,-1.125,BC,-1.125,0.014892578125,0.013064896123366887,0.00022178888320922852,1
3004,-0.637939453125,D7,-0.640625,D8,-0.625,0.012939453125,0.020283199387677,0.00016742944717407227,0
3005,0.549072265625,23,0.546875,23,0.546875,0.002197265625,0.004001778568252557,4.827976226806641e-06,1
3006,1.51318359375,50,1.5,50,1.5,0.01318359375,0.008712487899322363,0.00017380714416503906,1
3007,0.65283203125,2A,0.65625,29,0.640625,0.01220703125,0.018698578908002993,0.00014901161193847656,0
3008,-0.967529296875,C2,-0.96875,C3,-0.953125,0.014404296875,0.014887711329800657,0.00020748376846313477,0
3009,1.249755859375,48,1.25,48,1.25,0.000244140625,0.0001953506544246923,5.960464477539063e-08,1
3010,0.1416015625,09,0.140625,09,0.140625,0.0009765625,0.006896551724137931,9.5367431640625e-07,1
3011,0.363525390625,17,0.359375,16,0.34375,0.019775390625,0.05439892545332438,0.0003910660743713379,0
3012,1.9912109375,60,2.0,60,2.0,0.0087890625,0.004413928396272682,7.724761962890625e-05,1
3013,-0.291748046875,ED,-0.296875,EE,-0.28125,0.010498046875,0.03598326359832636,0.00011020898818969727,0
3014,0.588623046875,26,0.59375,27,0.609375,0.020751953125,0.035255080879303194,0.00043064355850219727,0
3015,1.18408203125,46,1.1875,46,1.1875,0.00341796875,0.00288659793814433,1.1682510375976562e-05,1
3016,-0.767333984375,CF,-0.765625,CF,-0.765625,0.001708984375,0.0022271714922048997,2.9206275939941406e-06,1
3017,-0.842041015625,CA,-0.84375,CA,-0.84375,0.001708984375,0.002029573789504204,2.9206275939941406e-06,1
3018,0.502685546875,20,0.5,20,0.5,0.002685546875,0.005342399222923749,7.212162017822266e-06,1
3019,-0.2646484375,EF,-0.265625,F0,-0.25,0.0146484375,0.055350553505535055,0.00021457672119140625,0
3020,0.607421875,27,0.609375,28,0.625,0.017578125,0.028938906752411574,0.000308990478515625,0
3021,-0.877197265625,C8,-0.875,C7,-0.890625,0.013427734375,0.015307542443640411,0.00018030405044555664,0
3022,1.39404296875,4D,1.40625,4C,1.375,0.01904296875,0.013660245183887917,0.00036263465881347656,0
3023,1.22900390625,47,1.21875,47,1.21875,0.01025390625,0.00834326579261025,0.00010514259338378906,1
3024,1.105712890625,43,1.09375,43,1.09375,0.011962890625,0.010819165378670788,0.0001431107521057129,1
3025,0.805908203125,34,0.8125,34,0.8125,0.006591796875,0.008179339594062406,4.3451786041259766e-05,1
3026,0.260498046875,11,0.265625,10,0.25,0.010498046875,0.04029990627928772,0.00011020898818969727,0
3027,-0.8984375,C6,-0.90625,C7,-0.890625,0.0078125,0.008695652173913044,6.103515625e-05,0
3028,-1.984375,A0,-2.0,A1,-1.96875,0.015625,0.007874015748031496,0.000244140625,0
3029,-0.880859375,C8,-0.875,C8,-0.875,0.005859375,0.0066518847006651885,3.4332275390625e-05,1
3030,-1.4462890625,B2,-1.4375,B2,-1.4375,0.0087890625,0.006076975016880486,7.724761962890625e-05,1
3031,-0.291748046875,ED,-0.296875,EE,-0.28125,0.010498046875,0.03598326359832636,0.00011020898818969727,0
3032,-0.827392578125,CB,-0.828125,CB,-0.828125,0.000732421875,0.0008852168781351431,5.364418029785156e-07,1
3033,-1.73681640625,A8,-1.75,A8,-1.75,0.01318359375,0.007590666291818949,0.00017380714416503906,1
3034,0.56298828125,24,0.5625,24,0.5625,0.00048828125,0.0008673026886383347,2.384185791015625e-07,1
3035,0.930908203125,3C,0.9375,3C,0.9375,0.006591796875,0.007081038552321007,4.3451786041259766e-05,1
3036,0.769775390625,31,0.765625,33,0.796875,0.027099609375,0.035204567078972404,0.0007343888282775879,0
3037,-0.311279296875,EC,-0.3125,EC,-0.3125,0.001220703125,0.00392156862745098,1.4901161193847656e-06,1
3038,-0.760986328125,CF,-0.765625,D0,-0.75,0.010986328125,0.014436958614051972,0.00012069940567016602,0
3039,0.802490234375,33,0.796875,33,0.796875,0.005615234375,0.0069972619409796166,3.153085708618164e-05,1
3040,0.307373046875,14,0.3125,14,0.3125,0.005126953125,0.016679904686258934,2.6285648345947266e-05,1
3041,0.12353515625,08,0.125,09,0.140625,0.01708984375,0.1383399209486166,0.00029206275939941406,0
3042,-1.468505859375,B1,-1.46875,B2,-1.4375,0.031005859375,0.02111388196176226,0.0009613633155822754,0
3043,1.9677734375,5F,1.96875,60,2.0,0.0322265625,0.016377171215880892,0.0010385513305664062,0
3044,0.8251953125,35,0.828125,34,0.8125,0.0126953125,0.015384615384615385,0.00016117095947265625,0
3045,1.353759765625,4B,1.34375,4C,1.375,0.021240234375,0.01568981064021641,0.00045114755630493164,0
3046,0.350341796875,16,0.34375,17,0.359375,0.009033203125,0.02578397212543554,8.159875869750977e-05,0
3047,-0.5068359375,E0,-0.5,E0,-0.5,0.0068359375,0.01348747591522158,4.673004150390625e-05,1
3048,-0.23193359375,F1,-0.234375,F2,-0.21875,0.01318359375,0.056842105263157895,0.00017380714416503906,0
3049,0.35986328125,17,0.359375,17,0.359375,0.00048828125,0.0013568521031207597,2.384185791015625e-07,1
3050,-0.9267578125,C5,-0.921875,C4,-0.9375,0.0107421875,0.011591148577449948,0.00011539459228515625,0
3051,0.19189453125,0C,0.1875,0D,0.203125,0.01123046875,0.058524173027989825,0.00012612342834472656,0
3052,-1.40185546875,B3,-1.40625,B4,-1.375,0.02685546875,0.019157088122605363,0.0007212162017822266,0
3053,1.8203125,5A,1.8125,5A,1.8125,0.0078125,0.004291845493562232,6.103515625e-05,1
3054,-0.037841796875,FE,-0.03125,FE,-0.03125,0.006591796875,0.17419354838709677,4.3451786041259766e-05,1
3055,0.396484375,19,0.390625,1A,0.40625,0.009765625,0.024630541871921183,9.5367431640625e-05,0
3056,-0.35986328125,E9,-0.359375,E9,-0.359375,0.00048828125,0.0013568521031207597,2.384185791015625e-07,1
3057,0.55126953125,23,0.546875,24,0.5625,0.01123046875,0.02037201062887511,0.00012612342834472656,0
3058,1.80517578125,5A,1.8125,5A,1.8125,0.00732421875,0.004057343792263998,5.364418029785156e-05,1
3059,-1.8486328125,A5,-1.84375,A6,-1.8125,0.0361328125,0.01954569466455362,0.0013055801391601562,0
3060,0.08837890625,06,0.09375,07,0.109375,0.02099609375,0.23756906077348067,0.00044083595275878906,0
3061,-0.89794921875,C7,-0.890625,C7,-0.890625,0.00732421875,0.008156606851549755,5.364418029785156e-05,1
3062,-0.780029296875,CE,-0.78125,CE,-0.78125,0.001220703125,0.001564945226917058,1.4901161193847656e-06,1
3063,0.87353515625,38,0.875,37,0.859375,0.01416015625,0.01621017328116266,0.00020051002502441406,0
3064,0.503173828125,20,0.5,21,0.515625,0.012451171875,0.024745269286754003,0.00015503168106079102,0
3065,-0.563720703125,DC,-0.5625,DB,-0.578125,0.014404296875,0.025552187093980078,0.00020748376846313477,0
3066,-0.5380859375,DE,-0.53125,DD,-0.546875,0.0087890625,0.016333938294010888,7.724761962890625e-05,0
3067,0.252685546875,10,0.25,10,0.25,0.002685546875,0.010628019323671498,7.212162017822266e-06,1
3068,0.086669921875,06,0.09375,06,0.09375,0.007080078125,0.08169014084507042,5.0127506256103516e-05,1
3069,-1.38916015625,B4,-1.375,B4,-1.375,0.01416015625,0.010193321616871705,0.00020051002502441406,1
3070,-1.097412109375,BD,-1.09375,BD,-1.09375,0.003662109375,0.0033370411568409346,1.341104507446289e-05,1
3071,-1.21435546875,B9,-1.21875,BA,-1.1875,0.02685546875,0.022114997989545637,0.0007212162017822266,0
3072,-0.7001953125,D3,-0.703125,D4,-0.6875,0.0126953125,0.01813110181311018,0.00016117095947265625,0
3073,-0.099609375,FA,-0.09375,FA,-0.09375,0.005859375,0.058823529411764705,3.4332275390625e-05,1
3074,-0.41943359375,E5,-0.421875,E6,-0.40625,0.01318359375,0.03143189755529686,0.00017380714416503906,0
3075,0.6943359375,2C,0.6875,2C,0.6875,0.0068359375,0.009845288326300985,4.673004150390625e-05,1
3076,0.556640625,24,0.5625,22,0.53125,0.025390625,0.0456140350877193,0.000644683837890625,0
3077,-0.640625,D7,-0.640625,D7,-0.640625,0.0,0.0,0.0,1
3078,0.3818359375,18,0.375,19,0.390625,0.0087890625,0.023017902813299233,7.724761962890625e-05,0
3079,0.267578125,11,0.265625,11,0.265625,0.001953125,0.0072992700729927005,3.814697265625e-06,1
3080,-0.51171875,DF,-0.515625,DF,-0.515625,0.00390625,0.007633587786259542,1.52587890625e-05,1
3081,-0.98681640625,C1,-0.984375,C1,-0.984375,0.00244140625,0.002474022761009401,5.9604644775390625e-06,1
3082,-0.72119140625,D2,-0.71875,D2,-0.71875,0.00244140625,0.003385240352064997,5.9604644775390625e-06,1
3083,1.08447265625,43,1.09375,42,1.0625,0.02197265625,0.020261143628995948,0.00048279762268066406,0
3084,-1.1962890625,BA,-1.1875,BA,-1.1875,0.0087890625,0.007346938775510204,7.724761962890625e-05,1
3085,1.0498046875,42,1.0625,42,1.0625,0.0126953125,0.012093023255813953,0.00016117095947265625,1
3086,2.342529296875,63,2.375,63,2.375,0.032470703125,0.013861386138613862,0.0010543465614318848,1
3087,0.41552734375,1B,0.421875,1B,0.421875,0.00634765625,0.01527614571092832,4.029273986816406e-05,1
3088,1.145751953125,45,1.15625,44,1.125,0.020751953125,0.01811208182399318,0.00043064355850219727,0
3089,0.952880859375,3D,0.953125,3E,0.96875,0.015869140625,0.01665385600819882,0.0002518296241760254,0
3090,-0.167724609375,F5,-0.171875,F4,-0.1875,0.019775390625,0.11790393013100436,0.0003910660743713379,0
3091,-0.113037109375,F9,-0.109375,F8,-0.125,0.011962890625,0.10583153347732181,0.0001431107521057129,0
3092,0.53076171875,22,0.53125,22,0.53125,0.00048828125,0.0009199632014719411,2.384185791015625e-07,1
3093,-1.202392578125,BA,-1.1875,B9,-1.21875,0.016357421875,0.013604060913705585,0.0002675652503967285,0
3094,0.62060546875,28,0.625,27,0.609375,0.01123046875,0.01809598741148702,0.00012612342834472656,0
3095,-0.45361328125,E3,-0.453125,E3,-0.453125,0.00048828125,0.001076426264800861,2.384185791015625e-07,1
3096,0.391845703125,19,0.390625,19,0.390625,0.001220703125,0.003115264797507788,1.4901161193847656e-06,1
3097,0.408447265625,1A,0.40625,1A,0.40625,0.002197265625,0.005379557680812911,4.827976226806641e-06,1
3098,-0.395263671875,E7,-0.390625,E7,-0.390625,0.004638671875,0.01173563928350834,2.1517276763916016e-05,1
3099,-1.617919921875,AC,-1.625,AC,-1.625,0.007080078125,0.0043760374226648555,5.0127506256103516e-05,1
3100,1.0234375,41,1.03125,41,1.03125,0.0078125,0.007633587786259542,6.103515625e-05,1
3101,0.822265625,35,0.828125,35,0.828125,0.005859375,0.007125890736342043,3.4332275390625e-05,1
3102,0.616455078125,27,0.609375,28,0.625,0.008544921875,0.013861386138613862,7.301568984985352e-05,0
3103,0.341064453125,16,0.34375,16,0.34375,0.002685546875,0.007874015748031496,7.212162017822266e-06,1
3104,1.0478515625,42,1.0625,42,1.0625,0.0146484375,0.013979496738117428,0.00021457672119140625,1
3105,-1.249755859375,B8,-1.25,B8,-1.25,0.000244140625,0.0001953506544246923,5.960464477539063e-08,1
3106,-1.044189453125,BF,-1.03125,BF,-1.03125,0.012939453125,0.012391863455693243,0.00016742944717407227,1
3107,-0.578125,DB,-0.578125,DC,-0.5625,0.015625,0.02702702702702703,0.000244140625,0
3108,-0.521240234375,DF,-0.515625,DF,-0.515625,0.005615234375,0.010772833723653397,3.153085708618164e-05,1
3109,0.5986328125,26,0.59375,27,0.609375,0.0107421875,0.01794453507340946,0.00011539459228515625,0
3110,-1.046630859375,BF,-1.03125,BE,-1.0625,0.015869140625,0.015162118031257289,0.0002518296241760254,0
3111,-1.273681640625,B7,-1.28125,B7,-1.28125,0.007568359375,0.005942112325091048,5.728006362915039e-05,1
3112,-0.97900390625,C1,-0.984375,C0,-1.0,0.02099609375,0.02144638403990025,0.00044083595275878906,0
3113,-0.947509765625,C3,-0.953125,C3,-0.953125,0.005615234375,0.0059263076526668386,3.153085708618164e-05,1
3114,0.05126953125,03,0.046875,04,0.0625,0.01123046875,0.21904761904761905,0.00012612342834472656,0
3115,-1.94677734375,A2,-1.9375,A1,-1.96875,0.02197265625,0.011286681715575621,0.00048279762268066406,0
3116,1.3798828125,4C,1.375,4C,1.375,0.0048828125,0.003538570417551309,2.384185791015625e-05,1
3117,1.524169921875,51,1.53125,50,1.5,0.024169921875,0.01585776069197501,0.0005841851234436035,0
3118,-0.438232421875,E4,-0.4375,E5,-0.421875,0.016357421875,0.03732590529247911,0.0002675652503967285,0
3119,-0.18994140625,F4,-0.1875,F4,-0.1875,0.00244140625,0.012853470437017995,5.9604644775390625e-06,1
3120,1.18896484375,46,1.1875,46,1.1875,0.00146484375,0.0012320328542094457,2.1457672119140625e-06,1
3121,-0.976806640625,C1,-0.984375,C1,-0.984375,0.007568359375,0.007748062984253936,5.728006362915039e-05,1
3122,0.014892578125,01,0.015625,02,0.03125,0.016357421875,1.098360655737705,0.0002675652503967285,0
3123,0.0966796875,06,0.09375,07,0.109375,0.0126953125,0.13131313131313133,0.00016117095947265625,0
3124,0.13330078125,09,0.140625,08,0.125,0.00830078125,0.06227106227106227,6.890296936035156e-05,0
3125,-0.58837890625,DA,-0.59375,DC,-0.5625,0.02587890625,0.04398340248962656,0.0006697177886962891,0
3126,-0.304931640625,EC,-0.3125,EC,-0.3125,0.007568359375,0.024819855884707767,5.728006362915039e-05,1
3127,-0.158203125,F6,-0.15625,F6,-0.15625,0.001953125,0.012345679012345678,3.814697265625e-06,1
3128,0.9921875,40,1.0,3F,0.984375,0.0078125,0.007874015748031496,6.103515625e-05,0
3129,1.310302734375,4A,1.3125,4A,1.3125,0.002197265625,0.0016769144773616546,4.827976226806641e-06,1
3130,1.078125,42,1.0625,43,1.09375,0.015625,0.014492753623188406,0.000244140625,0
3131,0.203369140625,0D,0.203125,0D,0.203125,0.000244140625,0.0012004801920768306,5.960464477539063e-08,1
3132,1.127197265625,44,1.125,44,1.125,0.002197265625,0.001949317738791423,4.827976226806641e-06,1
3133,-1.6552734375,AB,-1.65625,AB,-1.65625,0.0009765625,0.0005899705014749262,9.5367431640625e-07,1
3134,0.67041015625,2B,0.671875,2A,0.65625,0.01416015625,0.02112163146394756,0.00020051002502441406,0
3135,2.4921875,64,2.5,64,2.5,0.0078125,0.003134796238244514,6.103515625e-05,1
3136,-0.293701171875,ED,-0.296875,EE,-0.28125,0.012451171875,0.04239401496259352,0.00015503168106079102,0
3137,-1.052978515625,BE,-1.0625,BE,-1.0625,0.009521484375,0.009042429863204266,9.065866470336914e-05,1
3138,0.350830078125,16,0.34375,16,0.34375,0.007080078125,0.020180932498260265,5.0127506256103516e-05,1
3139,0.59423828125,26,0.59375,26,0.59375,0.00048828125,0.0008216926869350862,2.384185791015625e-07,1
3140,-0.333251953125,EB,-0.328125,EA,-0.34375,0.010498046875,0.0315018315018315,0.00011020898818969727,0
3141,1.103759765625,43,1.09375,44,1.125,0.021240234375,0.019243530192435302,0.00045114755630493164,0
3142,0.702880859375,2D,0.703125,2E,0.71875,0.015869140625,0.022577283779089963,0.0002518296241760254,0
3143,-0.96630859375,C2,-0.96875,C2,-0.96875,0.00244140625,0.0025265285497726125,5.9604644775390625e-06,1
3144,-0.23046875,F1,-0.234375,F2,-0.21875,0.01171875,0.05084745762711865,0.0001373291015625,0
3145,1.260498046875,48,1.25,49,1.28125,0.020751953125,0.016463296533023437,0.00043064355850219727,0
3146,1.43359375,4E,1.4375,4E,1.4375,0.00390625,0.0027247956403269754,1.52587890625e-05,1
3147,-0.26513671875,EF,-0.265625,EF,-0.265625,0.00048828125,0.001841620626151013,2.384185791015625e-07,1
3148,-0.819091796875,CC,-0.8125,CB,-0.828125,0.009033203125,0.011028315946348734,8.159875869750977e-05,0
3149,-1.15087890625,BB,-1.15625,BA,-1.1875,0.03662109375,0.03182011030971574,0.001341104507446289,0
3150,-2.1826171875,9F,-2.125,9F,-2.125,0.0576171875,0.026398210290827742,0.0033197402954101562,1
3151,-1.713134765625,A9,-1.71875,A9,-1.71875,0.005615234375,0.0032777540259370103,3.153085708618164e-05,1
3152,1.0361328125,41,1.03125,41,1.03125,0.0048828125,0.00471253534401508,2.384185791015625e-05,1
3153,-0.44970703125,E3,-0.453125,E3,-0.453125,0.00341796875,0.00760043431053203,1.1682510375976562e-05,1
3154,-2.06494140625,9F,-2.125,9F,-2.125,0.06005859375,0.02908489004492788,0.003607034683227539,1
3155,-1.216064453125,B9,-1.21875,B9,-1.21875,0.002685546875,0.00220839188917888,7.212162017822266e-06,1
3156,-0.805908203125,CC,-0.8125,CD,-0.796875,0.009033203125,0.011208724628900333,8.159875869750977e-05,0
3157,1.745849609375,58,1.75,58,1.75,0.004150390625,0.0023772898895259406,1.722574234008789e-05,1
3158,0.631591796875,28,0.625,28,0.625,0.006591796875,0.010436799381522999,4.3451786041259766e-05,1
3159,1.81103515625,5A,1.8125,5A,1.8125,0.00146484375,0.0008088433540037746,2.1457672119140625e-06,1
3160,-0.3876953125,E7,-0.390625,E7,-0.390625,0.0029296875,0.007556675062972292,8.58306884765625e-06,1
3161,0.9951171875,40,1.0,3F,0.984375,0.0107421875,0.010794896957801767,0.00011539459228515625,0
3162,-0.279296875,EE,-0.28125,EF,-0.265625,0.013671875,0.04895104895104895,0.000186920166015625,0
3163,0.3876953125,19,0.390625,19,0.390625,0.0029296875,0.007556675062972292,8.58306884765625e-06,1
3164,1.30029296875,4A,1.3125,4A,1.3125,0.01220703125,0.00938790837401427,0.00014901161193847656,1
3165,0.09423828125,06,0.09375,06,0.09375,0.00048828125,0.0051813471502590676,2.384185791015625e-07,1
3166,-0.491455078125,E1,-0.484375,E0,-0.5,0.008544921875,0.017386984600099353,7.301568984985352e-05,0
3167,0.38525390625,19,0.390625,18,0.375,0.01025390625,0.026615969581749048,0.00010514259338378906,0
3168,-0.09375,FA,-0.09375,FB,-0.078125,0.015625,0.16666666666666666,0.000244140625,0
3169,0.451904296875,1D,0.453125,1C,0.4375,0.014404296875,0.031874662344678555,0.00020748376846313477,0
3170,0.13330078125,09,0.140625,09,0.140625,0.00732421875,0.054945054945054944,5.364418029785156e-05,1
3171,0.392333984375,19,0.390625,19,0.390625,0.001708984375,0.0043559427504667085,2.9206275939941406e-06,1
3172,0.4423828125,1C,0.4375,1C,0.4375,0.0048828125,0.011037527593818985,2.384185791015625e-05,1
3173,-0.801025390625,CD,-0.796875,CD,-0.796875,0.004150390625,0.0051813471502590676,1.722574234008789e-05,1
3174,-1.151611328125,BB,-1.15625,BC,-1.125,0.026611328125,0.023107907568369727,0.000708162784576416,0
3175,-0.57373046875,DB,-0.578125,DB,-0.578125,0.00439453125,0.007659574468085106,1.9311904907226562e-05,1
3176,0.14208984375,09,0.140625,0A,0.15625,0.01416015625,0.09965635738831616,0.00020051002502441406,0
3177,-0.940185546875,C4,-0.9375,C3,-0.953125,0.012939453125,0.013762659049597507,0.00016742944717407227,0
3178,0.079833984375,05,0.078125,06,0.09375,0.013916015625,0.1743119266055046,0.00019365549087524414,0
3179,-0.538818359375,DE,-0.53125,DC,-0.5625,0.023681640625,0.04395106479383779,0.0005608201026916504,0
3180,0.865966796875,37,0.859375,38,0.875,0.009033203125,0.010431350436989005,8.159875869750977e-05,0
3181,-1.553955078125,AE,-1.5625,AE,-1.5625,0.008544921875,0.0054988216810683424,7.301568984985352e-05,1
3182,-1.14892578125,BB,-1.15625,BC,-1.125,0.02392578125,0.0208244793880153,0.0005724430084228516,0
3183,0.01708984375,01,0.015625,01,0.015625,0.00146484375,0.08571428571428572,2.1457672119140625e-06,1
3184,0.390380859375,19,0.390625,1A,0.40625,0.015869140625,0.04065040650406504,0.0002518296241760254,0
3185,0.663330078125,2A,0.65625,2A,0.65625,0.007080078125,0.010673536989326464,5.0127506256103516e-05,1
3186,-0.662841796875,D6,-0.65625,D7,-0.640625,0.022216796875,0.033517495395948435,0.0004935860633850098,0
3187,-0.0986328125,FA,-0.09375,FA,-0.09375,0.0048828125,0.04950495049504951,2.384185791015625e-05,1
3188,-1.3681640625,B4,-1.375,B4,-1.375,0.0068359375,0.004996431120628123,4.673004150390625e-05,1
3189,0.26318359375,11,0.265625,11,0.265625,0.00244140625,0.00927643784786642,5.9604644775390625e-06,1
3190,0.17236328125,0B,0.171875,0B,0.171875,0.00048828125,0.0028328611898017,2.384185791015625e-07,1
3191,-0.385986328125,E7,-0.390625,E6,-0.40625,0.020263671875,0.05249841872232764,0.000410616397857666,0
3192,-1.1865234375,BA,-1.1875,BA,-1.1875,0.0009765625,0.0008230452674897119,9.5367431640625e-07,1
3193,0.400390625,1A,0.40625,1A,0.40625,0.005859375,0.014634146341463415,3.4332275390625e-05,1
3194,-1.07373046875,BE,-1.0625,BE,-1.0625,0.01123046875,0.010459299681673489,0.00012612342834472656,1
3195,0.3935546875,19,0.390625,18,0.375,0.0185546875,0.04714640198511166,0.00034427642822265625,0
3196,0.159912109375,0A,0.15625,08,0.125,0.034912109375,0.2183206106870229,0.0012188553810119629,0
3197,-0.5390625,DE,-0.53125,DE,-0.53125,0.0078125,0.014492753623188406,6.103515625e-05,1
3198,-0.531982421875,DE,-0.53125,DE,-0.53125,0.000732421875,0.0013767783386874712,5.364418029785156e-07,1
3199,0.0537109375,03,0.046875,04,0.0625,0.0087890625,0.16363636363636364,7.724761962890625e-05,0
3200,1.663818359375,55,1.65625,55,1.65625,0.007568359375,0.004548789435069699,5.728006362915039e-05,1
3201,0.5498046875,23,0.546875,23,0.546875,0.0029296875,0.0053285968028419185,8.58306884765625e-06,1
3202,-0.264892578125,EF,-0.265625,EF,-0.265625,0.000732421875,0.0027649769585253456,5.364418029785156e-07,1
3203,-0.21044921875,F3,-0.203125,F1,-0.234375,0.02392578125,0.1136890951276102,0.0005724430084228516,0
3204,0.82958984375,35,0.828125,35,0.828125,0.00146484375,0.0017657445556209534,2.1457672119140625e-06,1
3205,0.596435546875,26,0.59375,26,0.59375,0.002685546875,0.0045026606631191155,7.212162017822266e-06,1
3206,-0.348388671875,EA,-0.34375,EA,-0.34375,0.004638671875,0.013314646110721794,2.1517276763916016e-05,1
3207,-0.822509765625,CB,-0.828125,CB,-0.828125,0.005615234375,0.00682695161769071,3.153085708618164e-05,1
3208,-1.406494140625,B3,-1.40625,B2,-1.4375,0.031005859375,0.02204478389168547,0.0009613633155822754,0
3209,1.1748046875,46,1.1875,46,1.1875,0.0126953125,0.010806317539484621,0.00016117095947265625,1
3210,-0.98486328125,C1,-0.984375,C2,-0.96875,0.01611328125,0.01636093207734259,0.00025963783264160156,0
3211,-0.11083984375,F9,-0.109375,F9,-0.109375,0.00146484375,0.013215859030837005,2.1457672119140625e-06,1
3212,0.55615234375,24,0.5625,25,0.578125,0.02197265625,0.03950834064969271,0.00048279762268066406,0
3213,-0.50244140625,E0,-0.5,E0,-0.5,0.00244140625,0.004859086491739553,5.9604644775390625e-06,1
3214,-0.535400390625,DE,-0.53125,DD,-0.546875,0.011474609375,0.021431828545371637,0.0001316666603088379,0
3215,-0.13671875,F7,-0.140625,F7,-0.140625,0.00390625,0.02857142857142857,1.52587890625e-05,1
3216,0.130615234375,08,0.125,09,0.140625,0.010009765625,0.07663551401869159,0.00010019540786743164,0
3217,0.420654296875,1B,0.421875,1C,0.4375,0.016845703125,0.04004643064422519,0.00028377771377563477,0
3218,0.582763671875,25,0.578125,25,0.578125,0.004638671875,0.007959782153330541,2.1517276763916016e-05,1
3219,0.21630859375,0E,0.21875,0D,0.203125,0.01318359375,0.060948081264108354,0.00017380714416503906,0
3220,1.301025390625,4A,1.3125,4A,1.3125,0.011474609375,0.00881966597860762,0.0001316666603088379,1
3221,0.427001953125,1B,0.421875,1B,0.421875,0.005126953125,0.012006861063464836,2.6285648345947266e-05,1
3222,0.777587890625,32,0.78125,33,0.796875,0.019287109375,0.024803767660910518,0.0003719925880432129,0
3223,0.9794921875,3F,0.984375,40,1.0,0.0205078125,0.020937188434695914,0.00042057037353515625,0
3224,2.029052734375,60,2.0,60,2.0,0.029052734375,0.014318373240283962,0.0008440613746643066,1
3225,-0.12353515625,F8,-0.125,F7,-0.140625,0.01708984375,0.1383399209486166,0.00029206275939941406,0
3226,0.1513671875,0A,0.15625,0A,0.15625,0.0048828125,0.03225806451612903,2.384185791015625e-05,1
3227,0.72119140625,2E,0.71875,2F,0.734375,0.01318359375,0.01828029790115098,0.00017380714416503906,0
3228,1.912109375,5D,1.90625,5C,1.875,0.037109375,0.01940755873340143,0.001377105712890625,0
3229,0.91162109375,3A,0.90625,3C,0.9375,0.02587890625,0.028387787895018748,0.0006697177886962891,0
3230,0.414306640625,1B,0.421875,1A,0.40625,0.008056640625,0.019446081319976428,6.490945816040039e-05,0
3231,0.229248046875,0F,0.234375,0F,0.234375,0.005126953125,0.022364217252396165,2.6285648345947266e-05,1
3232,1.349365234375,4B,1.34375,4C,1.375,0.025634765625,0.01899764791025873,0.0006571412086486816,0
3233,0.053466796875,03,0.046875,03,0.046875,0.006591796875,0.1232876712328767,4.3451786041259766e-05,1
3234,-0.923828125,C5,-0.921875,C4,-0.9375,0.013671875,0.014799154334038054,0.000186920166015625,0
3235,-0.234130859375,F1,-0.234375,F1,-0.234375,0.000244140625,0.0010427528675703858,5.960464477539063e-08,1
3236,1.9619140625,5F,1.96875,5E,1.9375,0.0244140625,0.012444001991040319,0.0005960464477539062,0
3237,0.08251953125,05,0.078125,05,0.078125,0.00439453125,0.05325443786982249,1.9311904907226562e-05,1
3238,-1.88427734375,A4,-1.875,A4,-1.875,0.00927734375,0.004923555325213786,8.606910705566406e-05,1
3239,0.15380859375,0A,0.15625,09,0.140625,0.01318359375,0.08571428571428572,0.00017380714416503906,0
3240,-0.509765625,DF,-0.515625,E0,-0.5,0.009765625,0.019157088122605363,9.5367431640625e-05,0
3241,0.733642578125,2F,0.734375,30,0.75,0.016357421875,0.022296173044925125,0.0002675652503967285,0
3242,-0.056884765625,FC,-0.0625,FD,-0.046875,0.010009765625,0.1759656652360515,0.00010019540786743164,0
3243,-0.0244140625,FE,-0.03125,FE,-0.03125,0.0068359375,0.28,4.673004150390625e-05,1
3244,-0.5693359375,DC,-0.5625,DC,-0.5625,0.0068359375,0.012006861063464836,4.673004150390625e-05,1
3245,0.231201171875,0F,0.234375,0F,0.234375,0.003173828125,0.013727560718057022,1.0073184967041016e-05,1
3246,0.91748046875,3B,0.921875,3A,0.90625,0.01123046875,0.012240553485896753,0.00012612342834472656,0
3247,-1.58935546875,AD,-1.59375,AD,-1.59375,0.00439453125,0.0027649769585253456,1.9311904907226562e-05,1
3248,1.0703125,42,1.0625,42,1.0625,0.0078125,0.0072992700729927005,6.103515625e-05,1
3249,1.8115234375,5A,1.8125,5A,1.8125,0.0009765625,0.0005390835579514825,9.5367431640625e-07,1
3250,0.5498046875,23,0.546875,23,0.546875,0.0029296875,0.0053285968028419185,8.58306884765625e-06,1
3251,-0.531494140625,DE,-0.53125,DE,-0.53125,0.000244140625,0.00045934772622875517,5.960464477539063e-08,1
3252,0.181640625,0C,0.1875,0B,0.171875,0.009765625,0.053763440860215055,9.5367431640625e-05,0
3253,-0.054931640625,FC,-0.0625,FB,-0.078125,0.023193359375,0.4222222222222222,0.0005379319190979004,0
3254,-0.081298828125,FB,-0.078125,FB,-0.078125,0.003173828125,0.03903903903903904,1.0073184967041016e-05,1
3255,-2.366455078125,9D,-2.375,9D,-2.375,0.008544921875,0.003610853193025895,7.301568984985352e-05,1
3256,-1.746337890625,A8,-1.75,A8,-1.75,0.003662109375,0.0020970222284356216,1.341104507446289e-05,1
3257,-0.115234375,F9,-0.109375,F9,-0.109375,0.005859375,0.05084745762711865,3.4332275390625e-05,1
3258,0.527587890625,22,0.53125,22,0.53125,0.003662109375,0.006941230911614993,1.341104507446289e-05,1
3259,-1.297119140625,B6,-1.3125,B6,-1.3125,0.015380859375,0.011857707509881422,0.0002365708351135254,1
3260,-0.5458984375,DD,-0.546875,DC,-0.5625,0.0166015625,0.03041144901610018,0.00027561187744140625,0
3261,-0.48779296875,E1,-0.484375,E0,-0.5,0.01220703125,0.025025025025025027,0.00014901161193847656,0
3262,2.27099609375,62,2.25,62,2.25,0.02099609375,0.00924532358632552,0.00044083595275878906,1
3263,1.311279296875,4A,1.3125,4A,1.3125,0.001220703125,0.000930925339787749,1.4901161193847656e-06,1
3264,-0.446533203125,E3,-0.453125,E4,-0.4375,0.009033203125,0.020229633679606344,8.159875869750977e-05,0
3265,0.26416015625,11,0.265625,11,0.265625,0.00146484375,0.005545286506469501,2.1457672119140625e-06,1
3266,-1.22412109375,B9,-1.21875,B8,-1.25,0.02587890625,0.02114080574391703,0.0006697177886962891,0
3267,-0.45654296875,E3,-0.453125,E2,-0.46875,0.01220703125,0.026737967914438502,0.00014901161193847656,0
3268,-0.28759765625,EE,-0.28125,ED,-0.296875,0.00927734375,0.03225806451612903,8.606910705566406e-05,0
3269,-0.32958984375,EB,-0.328125,EB,-0.328125,0.00146484375,0.0044444444444444444,2.1457672119140625e-06,1
3270,-1.54931640625,AE,-1.5625,AE,-1.5625,0.01318359375,0.008509297195083518,0.00017380714416503906,1
3271,0.00390625,01,0.015625,00,0.0,0.00390625,1.0,1.52587890625e-05,0
3272,-0.814208984375,CC,-0.8125,CA,-0.84375,0.029541015625,0.036281859070464766,0.0008726716041564941,0
3273,0.48876953125,1F,0.484375,20,0.5,0.01123046875,0.022977022977022976,0.00012612342834472656,0
3274,0.47509765625,1E,0.46875,1E,0.46875,0.00634765625,0.013360739979445015,4.029273986816406e-05,1
3275,0.777099609375,32,0.78125,32,0.78125,0.004150390625,0.0053408733898837575,1.722574234008789e-05,1
3276,0.9921875,40,1.0,40,1.0,0.0078125,0.007874015748031496,6.103515625e-05,1
3277,-0.497314453125,E0,-0.5,E0,-0.5,0.002685546875,0.005400098183603338,7.212162017822266e-06,1
3278,1.622802734375,54,1.625,53,1.59375,0.029052734375,0.017902813299232736,0.0008440613746643066,0
3279,0.232177734375,0F,0.234375,0F,0.234375,0.002197265625,0.00946372239747634,4.827976226806641e-06,1
3280,0.261962890625,11,0.265625,11,0.265625,0.003662109375,0.013979496738117428,1.341104507446289e-05,1
3281,0.302978515625,13,0.296875,13,0.296875,0.006103515625,0.020145044319097503,3.725290298461914e-05,1
3282,0.71044921875,2D,0.703125,2D,0.703125,0.00732421875,0.010309278350515464,5.364418029785156e-05,1
3283,1.060546875,42,1.0625,42,1.0625,0.001953125,0.001841620626151013,3.814697265625e-06,1
3284,-0.65478515625,D6,-0.65625,D6,-0.65625,0.00146484375,0.0022371364653243847,2.1457672119140625e-06,1
3285,0.583740234375,25,0.578125,25,0.578125,0.005615234375,0.009619406106231703,3.153085708618164e-05,1
3286,-0.4013671875,E6,-0.40625,E6,-0.40625,0.0048828125,0.012165450121654502,2.384185791015625e-05,1
3287,0.740478515625,2F,0.734375,30,0.75,0.009521484375,0.012858555885262116,9.065866470336914e-05,0
3288,1.730712890625,57,1.71875,58,1.75,0.019287109375,0.011144025955706023,0.0003719925880432129,0
3289,-0.0986328125,FA,-0.09375,F9,-0.109375,0.0107421875,0.10891089108910891,0.00011539459228515625,0
3290,-0.7158203125,D2,-0.71875,D2,-0.71875,0.0029296875,0.004092769440654843,8.58306884765625e-06,1
3291,-1.4541015625,B1,-1.46875,B2,-1.4375,0.0166015625,0.011417058428475487,0.00027561187744140625,0
3292,0.433837890625,1C,0.4375,1B,0.421875,0.011962890625,0.027574563871693866,0.0001431107521057129,0
3293,1.2353515625,48,1.25,48,1.25,0.0146484375,0.011857707509881422,0.00021457672119140625,1
3294,-0.022216796875,FF,-0.015625,FF,-0.015625,0.006591796875,0.2967032967032967,4.3451786041259766e-05,1
3295,1.03857421875,41,1.03125,42,1.0625,0.02392578125,0.0230371415138693,0.0005724430084228516,0
3296,0.581298828125,25,0.578125,26,0.59375,0.012451171875,0.02141957160856783,0.00015503168106079102,0
3297,-1.371337890625,B4,-1.375,B4,-1.375,0.003662109375,0.002670464660850988,1.341104507446289e-05,1
3298,-0.340087890625,EA,-0.34375,EA,-0.34375,0.003662109375,0.010768126346015794,1.341104507446289e-05,1
3299,-1.400146484375,B3,-1.40625,B4,-1.375,0.025146484375,0.017959895379250218,0.0006323456764221191,0
3300,1.087890625,43,1.09375,42,1.0625,0.025390625,0.02333931777378815,0.000644683837890625,0
3301,-0.077392578125,FB,-0.078125,FB,-0.078125,0.000732421875,0.00946372239747634,5.364418029785156e-07,1
3302,0.3330078125,15,0.328125,14,0.3125,0.0205078125,0.06158357771260997,0.00042057037353515625,0
3303,-0.0888671875,FA,-0.09375,FA,-0.09375,0.0048828125,0.054945054945054944,2.384185791015625e-05,1
3304,0.057861328125,04,0.0625,04,0.0625,0.004638671875,0.08016877637130802,2.1517276763916016e-05,1
3305,-1.199462890625,BA,-1.1875,B9,-1.21875,0.019287109375,0.016079788316710766,0.0003719925880432129,0
3306,-0.700439453125,D3,-0.703125,D3,-0.703125,0.002685546875,0.0038340885325897525,7.212162017822266e-06,1
3307,0.562255859375,24,0.5625,24,0.5625,0.000244140625,0.0004342162396873643,5.960464477539063e-08,1
3308,1.369873046875,4C,1.375,4C,1.375,0.005126953125,0.003742648369274639,2.6285648345947266e-05,1
3309,0.82861328125,35,0.828125,34,0.8125,0.01611328125,0.019446081319976428,0.00025963783264160156,0
3310,0.956298828125,3D,0.953125,3C,0.9375,0.018798828125,0.019657901455195304,0.000353395938873291,0
3311,0.95849609375,3D,0.953125,3D,0.953125,0.00537109375,0.0056036678553234845,2.8848648071289062e-05,1
3312,0.06591796875,04,0.0625,05,0.078125,0.01220703125,0.18518518518518517,0.00014901161193847656,0
3313,0.5966796875,26,0.59375,25,0.578125,0.0185546875,0.031096563011456628,0.00034427642822265625,0
3314,0.411865234375,1A,0.40625,1B,0.421875,0.010009765625,0.024303497332542976,0.00010019540786743164,0
3315,0.078857421875,05,0.078125,05,0.078125,0.000732421875,0.009287925696594427,5.364418029785156e-07,1
3316,1.111083984375,44,1.125,44,1.125,0.013916015625,0.012524719841793012,0.00019365549087524414,1
3317,0.434326171875,1C,0.4375,1C,0.4375,0.003173828125,0.007307476110174255,1.0073184967041016e-05,1
3318,1.667724609375,55,1.65625,56,1.6875,0.019775390625,0.011857707509881422,0.0003910660743713379,0
3319,-0.478515625,E1,-0.484375,E1,-0.484375,0.005859375,0.012244897959183673,3.4332275390625e-05,1
3320,-0.125244140625,F8,-0.125,F7,-0.140625,0.015380859375,0.12280701754385964,0.0002365708351135254,0
3321,0.1787109375,0B,0.171875,0B,0.171875,0.0068359375,0.03825136612021858,4.673004150390625e-05,1
3322,0.955322265625,3D,0.953125,3E,0.96875,0.013427734375,0.014055711730130335,0.00018030405044555664,0
3323,1.108154296875,43,1.09375,44,1.125,0.016845703125,0.01520158625247852,0.00028377771377563477,0
3324,-0.36279296875,E9,-0.359375,E9,-0.359375,0.00341796875,0.009421265141318977,1.1682510375976562e-05,1
3325,-0.5615234375,DC,-0.5625,DC,-0.5625,0.0009765625,0.0017391304347826088,9.5367431640625e-07,1
3326,-0.034423828125,FE,-0.03125,FF,-0.015625,0.018798828125,0.5460992907801419,0.000353395938873291,0
3327,0.7607421875,31,0.765625,30,0.75,0.0107421875,0.014120667522464698,0.00011539459228515625,0
3328,-0.9677734375,C2,-0.96875,C2,-0.96875,0.0009765625,0.0010090817356205853,9.5367431640625e-07,1
3329,-0.36376953125,E9,-0.359375,E9,-0.359375,0.00439453125,0.012080536912751677,1.9311904907226562e-05,1
3330,-0.38671875,E7,-0.390625,E7,-0.390625,0.00390625,0.010101010101010102,1.52587890625e-05,1
3331,-0.064453125,FC,-0.0625,FB,-0.078125,0.013671875,0.21212121212121213,0.000186920166015625,0
3332,-0.6318359375,D8,-0.625,D9,-0.609375,0.0224609375,0.03554868624420402,0.0005044937133789062,0
3333,-1.135498046875,BC,-1.125,BC,-1.125,0.010498046875,0.00924532358632552,0.00011020898818969727,1
3334,0.783203125,32,0.78125,30,0.75,0.033203125,0.04239401496259352,0.001102447509765625,0
3335,-0.134033203125,F7,-0.140625,F7,-0.140625,0.006591796875,0.04918032786885246,4.3451786041259766e-05,1
3336,0.29345703125,13,0.296875,13,0.296875,0.00341796875,0.011647254575707155,1.1682510375976562e-05,1
3337,0.962890625,3E,0.96875,3E,0.96875,0.005859375,0.006085192697768763,3.4332275390625e-05,1
3338,1.139404296875,44,1.125,44,1.125,0.014404296875,0.012641954146132419,0.00020748376846313477,1
3339,0.5693359375,24,0.5625,25,0.578125,0.0087890625,0.015437392795883362,7.724761962890625e-05,0
3340,0.212890625,0E,0.21875,0E,0.21875,0.005859375,0.027522935779816515,3.4332275390625e-05,1
3341,0.268798828125,11,0.265625,13,0.296875,0.028076171875,0.1044504995458674,0.000788271427154541,0
3342,0.5185546875,21,0.515625,22,0.53125,0.0126953125,0.02448210922787194,0.00016117095947265625,0
3343,-1.314208984375,B6,-1.3125,B6,-1.3125,0.001708984375,0.0013003901170351106,2.9206275939941406e-06,1
3344,0.31005859375,14,0.3125,14,0.3125,0.00244140625,0.007874015748031496,5.9604644775390625e-06,1
3345,0.569580078125,24,0.5625,24,0.5625,0.007080078125,0.012430347192456065,5.0127506256103516e-05,1
3346,-2.737548828125,9A,-2.75,9A,-2.75,0.012451171875,0.004548292160884687,0.00015503168106079102,1
3347,0.031982421875,02,0.03125,02,0.03125,0.000732421875,0.022900763358778626,5.364418029785156e-07,1
3348,-0.028076171875,FE,-0.03125,FE,-0.03125,0.003173828125,0.11304347826086956,1.0073184967041016e-05,1
3349,0.901123046875,3A,0.90625,3A,0.90625,0.005126953125,0.005689515036575454,2.6285648345947266e-05,1
3350,-1.57470703125,AE,-1.5625,AE,-1.5625,0.01220703125,0.007751937984496124,0.00014901161193847656,1
3351,1.021484375,41,1.03125,40,1.0,0.021484375,0.021032504780114723,0.000461578369140625,0
3352,0.080322265625,05,0.078125,06,0.09375,0.013427734375,0.16717325227963525,0.00018030405044555664,0
3353,1.485107421875,50,1.5,50,1.5,0.014892578125,0.010027946736807496,0.00022178888320922852,1
3354,0.71240234375,2E,0.71875,2E,0.71875,0.00634765625,0.008910212474297465,4.029273986816406e-05,1
3355,0.27734375,12,0.28125,11,0.265625,0.01171875,0.04225352112676056,0.0001373291015625,0
3356,0.439208984375,1C,0.4375,1D,0.453125,0.013916015625,0.03168426903835464,0.00019365549087524414,0
3357,0.423095703125,1B,0.421875,1C,0.4375,0.014404296875,0.034045008655510675,0.00020748376846313477,0
3358,-0.437744140625,E4,-0.4375,E4,-0.4375,0.000244140625,0.0005577244841048522,5.960464477539063e-08,1
3359,-0.230224609375,F1,-0.234375,F0,-0.25,0.019775390625,0.08589607635206786,0.0003910660743713379,0
3360,0.03369140625,02,0.03125,03,0.046875,0.01318359375,0.391304347826087,0.00017380714416503906,0
3361,0.330078125,15,0.328125,15,0.328125,0.001953125,0.005917159763313609,3.814697265625e-06,1
3362,-1.250244140625,B8,-1.25,B8,-1.25,0.000244140625,0.00019527436047646945,5.960464477539063e-08,1
3363,-1.256103515625,B8,-1.25,B8,-1.25,0.006103515625,0.004859086491739553,3.725290298461914e-05,1
3364,-0.78466796875,CE,-0.78125,CD,-0.796875,0.01220703125,0.015556938394523958,0.00014901161193847656,0
3365,-1.76318359375,A8,-1.75,A8,-1.75,0.01318359375,0.007477153143173636,0.00017380714416503906,1
3366,-0.156005859375,F6,-0.15625,F6,-0.15625,0.000244140625,0.001564945226917058,5.960464477539063e-08,1
3367,0.6650390625,2B,0.671875,2B,0.671875,0.0068359375,0.010279001468428781,4.673004150390625e-05,1
3368,-0.195068359375,F4,-0.1875,F3,-0.203125,0.008056640625,0.04130162703379224,6.490945816040039e-05,0
3369,-0.651611328125,D6,-0.65625,D6,-0.65625,0.004638671875,0.007118771075309105,2.1517276763916016e-05,1
3370,0.17236328125,0B,0.171875,0B,0.171875,0.00048828125,0.0028328611898017,2.384185791015625e-07,1
3371,-0.161865234375,F6,-0.15625,F6,-0.15625,0.005615234375,0.03469079939668175,3.153085708618164e-05,1
3372,-0.518798828125,DF,-0.515625,DF,-0.515625,0.003173828125,0.00611764705882353,1.0073184967041016e-05,1
3373,0.06005859375,04,0.0625,04,0.0625,0.00244140625,0.04065040650406504,5.9604644775390625e-06,1
3374,-0.6826171875,D4,-0.6875,D4,-0.6875,0.0048828125,0.00715307582260372,2.384185791015625e-05,1
3375,-1.33740234375,B5,-1.34375,B6,-1.3125,0.02490234375,0.018619934282584884,0.0006201267242431641,0
3376,-0.292724609375,ED,-0.296875,EE,-0.28125,0.011474609375,0.03919933277731443,0.0001316666603088379,0
3377,-0.747314453125,D0,-0.75,D1,-0.734375,0.012939453125,0.017314603070891867,0.00016742944717407227,0
3378,-0.241943359375,F1,-0.234375,F0,-0.25,0.008056640625,0.033299697275479316,6.490945816040039e-05,0
3379,-0.636962890625,D7,-0.640625,D8,-0.625,0.011962890625,0.018781142200076657,0.0001431107521057129,0
3380,0.216796875,0E,0.21875,0E,0.21875,0.001953125,0.009009009009009009,3.814697265625e-06,1
3381,-1.132080078125,BC,-1.125,BC,-1.125,0.007080078125,0.006254043562648264,5.0127506256103516e-05,1
3382,-1.225341796875,B9,-1.21875,B9,-1.21875,0.006591796875,0.005379557680812911,4.3451786041259766e-05,1
3383,1.639892578125,54,1.625,54,1.625,0.014892578125,0.009081435164507965,0.00022178888320922852,1
3384,0.2822265625,12,0.28125,11,0.265625,0.0166015625,0.058823529411764705,0.00027561187744140625,0
3385,0.671875,2B,0.671875,2D,0.703125,0.03125,0.046511627906976744,0.0009765625,0
3386,-0.71923828125,D2,-0.71875,D3,-0.703125,0.01611328125,0.02240325865580448,0.00025963783264160156,0
3387,0.27001953125,11,0.265625,10,0.25,0.02001953125,0.07414104882459313,0.00040078163146972656,0
3388,0.535400390625,22,0.53125,22,0.53125,0.004150390625,0.007751937984496124,1.722574234008789e-05,1
3389,0.177001953125,0B,0.171875,0B,0.171875,0.005126953125,0.028965517241379312,2.6285648345947266e-05,1
3390,0.814208984375,34,0.8125,33,0.796875,0.017333984375,0.021289355322338832,0.00030046701431274414,0
3391,0.290771484375,13,0.296875,12,0.28125,0.009521484375,0.0327455919395466,9.065866470336914e-05,0
3392,-0.547119140625,DD,-0.546875,DD,-0.546875,0.000244140625,0.0004462293618920125,5.960464477539063e-08,1
3393,0.697509765625,2D,0.703125,2D,0.703125,0.005615234375,0.008050402520126006,3.153085708618164e-05,1
3394,0.276123046875,12,0.28125,13,0.296875,0.020751953125,0.07515473032714412,0.00043064355850219727,0
3395,2.01904296875,60,2.0,60,2.0,0.01904296875,0.0094316807738815,0.00036263465881347656,1
3396,-0.792236328125,CD,-0.796875,CD,-0.796875,0.004638671875,0.005855161787365178,2.1517276763916016e-05,1
3397,-1.060546875,BE,-1.0625,BE,-1.0625,0.001953125,0.001841620626151013,3.814697265625e-06,1
3398,-0.524169921875,DE,-0.53125,DE,-0.53125,0.007080078125,0.01350721937587331,5.0127506256103516e-05,1
3399,0.5888671875,26,0.59375,25,0.578125,0.0107421875,0.01824212271973466,0.00011539459228515625,0
3400,-1.130859375,BC,-1.125,BC,-1.125,0.005859375,0.0051813471502590676,3.4332275390625e-05,1
3401,-1.30859375,B6,-1.3125,B6,-1.3125,0.00390625,0.0029850746268656717,1.52587890625e-05,1
3402,0.244384765625,10,0.25,0E,0.21875,0.025634765625,0.1048951048951049,0.0006571412086486816,0
3403,-0.449462890625,E3,-0.453125,E4,-0.4375,0.011962890625,0.026615969581749048,0.0001431107521057129,0
3404,-0.8388671875,CA,-0.84375,CA,-0.84375,0.0048828125,0.005820721769499418,2.384185791015625e-05,1
3405,-0.632568359375,D8,-0.625,D8,-0.625,0.007568359375,0.011964492473948282,5.728006362915039e-05,1
3406,-0.802001953125,CD,-0.796875,CE,-0.78125,0.020751953125,0.0258751902587519,0.00043064355850219727,0
3407,-0.930908203125,C4,-0.9375,C4,-0.9375,0.006591796875,0.007081038552321007,4.3451786041259766e-05,1
3408,0.414306640625,1B,0.421875,1B,0.421875,0.007568359375,0.018267530936947555,5.728006362915039e-05,1
3409,-0.171630859375,F5,-0.171875,F4,-0.1875,0.015869140625,0.09246088193456614,0.0002518296241760254,0
3410,0.3515625,16,0.34375,16,0.34375,0.0078125,0.022222222222222223,6.103515625e-05,1
3411,0.517822265625,21,0.515625,21,0.515625,0.002197265625,0.004243281471004243,4.827976226806641e-06,1
3412,1.503173828125,50,1.5,50,1.5,0.003173828125,0.0021114178983271076,1.0073184967041016e-05,1
3413,1.2314453125,47,1.21875,48,1.25,0.0185546875,0.01506740681998414,0.00034427642822265625,0
3414,0.68701171875,2C,0.6875,2C,0.6875,0.00048828125,0.0007107320540156361,2.384185791015625e-07,1
3415,0.101806640625,07,0.109375,07,0.109375,0.007568359375,0.07434052757793765,5.728006362915039e-05,1
3416,-0.416259765625,E5,-0.421875,E5,-0.421875,0.005615234375,0.013489736070381233,3.153085708618164e-05,1
3417,-1.1728515625,BA,-1.1875,BA,-1.1875,0.0146484375,0.012489592006661115,0.00021457672119140625,1
3418,-0.723876953125,D2,-0.71875,D1,-0.734375,0.010498046875,0.014502529510961214,0.00011020898818969727,0
3419,-1.8857421875,A4,-1.875,A4,-1.875,0.0107421875,0.005696530295183843,0.00011539459228515625,1
3420,-0.56396484375,DC,-0.5625,DB,-0.578125,0.01416015625,0.025108225108225107,0.00020051002502441406,0
3421,0.498046875,20,0.5,21,0.515625,0.017578125,0.03529411764705882,0.000308990478515625,0
3422,0.865234375,37,0.859375,37,0.859375,0.005859375,0.006772009029345372,3.4332275390625e-05,1
3423,0.1259765625,08,0.125,08,0.125,0.0009765625,0.007751937984496124,9.5367431640625e-07,1
3424,-0.8759765625,C8,-0.875,C9,-0.859375,0.0166015625,0.0189520624303233,0.00027561187744140625,0
3425,0.580810546875,25,0.578125,24,0.5625,0.018310546875,0.031525851197982346,0.00033527612686157227,0
3426,1.15283203125,45,1.15625,44,1.125,0.02783203125,0.0241423125794155,0.0007746219635009766,0
3427,-0.970947265625,C2,-0.96875,C3,-0.953125,0.017822265625,0.01835554438018607,0.00031763315200805664,0
3428,1.703125,56,1.6875,56,1.6875,0.015625,0.009174311926605505,0.000244140625,1
3429,0.36328125,17,0.359375,18,0.375,0.01171875,0.03225806451612903,0.0001373291015625,0
3430,0.671875,2B,0.671875,2A,0.65625,0.015625,0.023255813953488372,0.000244140625,0
3431,-1.02978515625,BF,-1.03125,BF,-1.03125,0.00146484375,0.001422475106685633,2.1457672119140625e-06,1
3432,-0.34716796875,EA,-0.34375,E9,-0.359375,0.01220703125,0.035161744022503515,0.00014901161193847656,0
3433,-1.291259765625,B7,-1.28125,B6,-1.3125,0.021240234375,0.016449234259784458,0.00045114755630493164,0
3434,0.05419921875,03,0.046875,03,0.046875,0.00732421875,0.13513513513513514,5.364418029785156e-05,1
3435,0.739501953125,2F,0.734375,30,0.75,0.010498046875,0.014196104324859689,0.00011020898818969727,0
3436,0.305419921875,14,0.3125,13,0.296875,0.008544921875,0.027977617905675458,7.301568984985352e-05,0
3437,0.16259765625,0A,0.15625,0A,0.15625,0.00634765625,0.03903903903903904,4.029273986816406e-05,1
3438,-0.78564453125,CE,-0.78125,CE,-0.78125,0.00439453125,0.005593536357986327,1.9311904907226562e-05,1
3439,-0.155517578125,F6,-0.15625,F7,-0.140625,0.014892578125,0.09576138147566719,0.00022178888320922852,0
3440,-0.676513671875,D5,-0.671875,D5,-0.671875,0.004638671875,0.006856730422230242,2.1517276763916016e-05,1
3441,-0.8994140625,C6,-0.90625,C6,-0.90625,0.0068359375,0.00760043431053203,4.673004150390625e-05,1
3442,-0.189697265625,F4,-0.1875,F3,-0.203125,0.013427734375,0.07078507078507079,0.00018030405044555664,0
3443,-1.16748046875,BB,-1.15625,BA,-1.1875,0.02001953125,0.017147636971978252,0.00040078163146972656,0
3444,0.1318359375,08,0.125,09,0.140625,0.0087890625,0.06666666666666667,7.724761962890625e-05,0
3445,-0.331787109375,EB,-0.328125,EA,-0.34375,0.011962890625,0.036055923473142015,0.0001431107521057129,0
3446,-1.64013671875,AC,-1.625,AC,-1.625,0.01513671875,0.00922893718368562,0.00022912025451660156,1
3447,-1.257568359375,B8,-1.25,B8,-1.25,0.007568359375,0.006018248883711901,5.728006362915039e-05,1
3448,-0.92333984375,C5,-0.921875,C4,-0.9375,0.01416015625,0.015335801163405606,0.00020051002502441406,0
3449,-0.364990234375,E9,-0.359375,E8,-0.375,0.010009765625,0.0274247491638796,0.00010019540786743164,0
3450,0.88916015625,39,0.890625,38,0.875,0.01416015625,0.015925315760571115,0.00020051002502441406,0
3451,0.25537109375,10,0.25,10,0.25,0.00537109375,0.021032504780114723,2.8848648071289062e-05,1
3452,0.556640625,24,0.5625,24,0.5625,0.005859375,0.010526315789473684,3.4332275390625e-05,1
3453,-0.391357421875,E7,-0.390625,E8,-0.375,0.016357421875,0.041796631316281974,0.0002675652503967285,0
3454,0.564208984375,24,0.5625,24,0.5625,0.001708984375,0.003028991778450887,2.9206275939941406e-06,1
3455,-0.081787109375,FB,-0.078125,FB,-0.078125,0.003662109375,0.04477611940298507,1.341104507446289e-05,1
3456,0.29443359375,13,0.296875,12,0.28125,0.01318359375,0.04477611940298507,0.00017380714416503906,0
3457,-0.927490234375,C5,-0.921875,C4,-0.9375,0.010009765625,0.010792313766780732,0.00010019540786743164,0
3458,0.170654296875,0B,0.171875,0B,0.171875,0.001220703125,0.00715307582260372,1.4901161193847656e-06,1
3459,1.19482421875,46,1.1875,46,1.1875,0.00732421875,0.006129955046996322,5.364418029785156e-05,1
3460,1.479736328125,4F,1.46875,50,1.5,0.020263671875,0.013694109882857615,0.000410616397857666,0
3461,0.544921875,23,0.546875,23,0.546875,0.001953125,0.0035842293906810036,3.814697265625e-06,1
3462,0.7880859375,32,0.78125,32,0.78125,0.0068359375,0.008674101610904586,4.673004150390625e-05,1
3463,-0.5146484375,DF,-0.515625,DF,-0.515625,0.0009765625,0.0018975332068311196,9.5367431640625e-07,1
3464,0.068115234375,04,0.0625,04,0.0625,0.005615234375,0.08243727598566308,3.153085708618164e-05,1
3465,-2.159912109375,9F,-2.125,9E,-2.25,0.090087890625,0.04170905391658189,0.008115828037261963,0
3466,1.135498046875,44,1.125,44,1.125,0.010498046875,0.00924532358632552,0.00011020898818969727,1
3467,-0.218505859375,F2,-0.21875,F2,-0.21875,0.000244140625,0.0011173184357541898,5.960464477539063e-08,1
3468,0.327880859375,15,0.328125,15,0.328125,0.000244140625,0.0007446016381236039,5.960464477539063e-08,1
3469,-1.475830078125,B1,-1.46875,B1,-1.46875,0.007080078125,0.004797353184449959,5.0127506256103516e-05,1
3470,-0.17626953125,F5,-0.171875,F4,-0.1875,0.01123046875,0.06371191135734072,0.00012612342834472656,0
3471,-0.592529296875,DA,-0.59375,DB,-0.578125,0.014404296875,0.024309847548413678,0.00020748376846313477,0
3472,-0.310302734375,EC,-0.3125,EC,-0.3125,0.002197265625,0.007081038552321007,4.827976226806641e-06,1
3473,-0.796630859375,CD,-0.796875,CD,-0.796875,0.000244140625,0.00030646644192460924,5.960464477539063e-08,1
3474,-1.135986328125,BC,-1.125,BC,-1.125,0.010986328125,0.009671179883945842,0.00012069940567016602,1
3475,1.220947265625,47,1.21875,47,1.21875,0.002197265625,0.001799640071985603,4.827976226806641e-06,1
3476,-0.074951171875,FB,-0.078125,FB,-0.078125,0.003173828125,0.04234527687296417,1.0073184967041016e-05,1
3477,-0.214599609375,F2,-0.21875,F3,-0.203125,0.011474609375,0.053469852104664393,0.0001316666603088379,0
3478,0.15576171875,0A,0.15625,0A,0.15625,0.00048828125,0.003134796238244514,2.384185791015625e-07,1
3479,-0.608642578125,D9,-0.609375,DA,-0.59375,0.014892578125,0.024468511833132773,0.00022178888320922852,0
3480,-0.989990234375,C1,-0.984375,C1,-0.984375,0.005615234375,0.005672009864364982,3.153085708618164e-05,1
3481,-1.071533203125,BE,-1.0625,BE,-1.0625,0.009033203125,0.008430166324903166,8.159875869750977e-05,1
3482,0.6923828125,2C,0.6875,2D,0.703125,0.0107421875,0.015514809590973202,0.00011539459228515625,0
3483,0.461181640625,1E,0.46875,1E,0.46875,0.007568359375,0.01641079936474325,5.728006362915039e-05,1
3484,-0.4560546875,E3,-0.453125,E2,-0.46875,0.0126953125,0.027837259100642397,0.00016117095947265625,0
3485,-0.2880859375,EE,-0.28125,EE,-0.28125,0.0068359375,0.023728813559322035,4.673004150390625e-05,1
3486,0.038330078125,02,0.03125,02,0.03125,0.007080078125,0.18471337579617833,5.0127506256103516e-05,1
3487,-1.041748046875,BF,-1.03125,BF,-1.03125,0.010498046875,0.010077337707991563,0.00011020898818969727,1
3488,-0.975341796875,C2,-0.96875,C1,-0.984375,0.009033203125,0.009261576971214018,8.159875869750977e-05,0
3489,0.942138671875,3C,0.9375,3D,0.953125,0.010986328125,0.011661052086032651,0.00012069940567016602,0
3490,-0.308349609375,EC,-0.3125,ED,-0.296875,0.011474609375,0.03721298495645289,0.0001316666603088379,0
3491,-0.417236328125,E5,-0.421875,E5,-0.421875,0.004638671875,0.011117612638970159,2.1517276763916016e-05,1
3492,-0.36181640625,E9,-0.359375,E9,-0.359375,0.00244140625,0.006747638326585695,5.9604644775390625e-06,1
3493,-1.424072265625,B2,-1.4375,B2,-1.4375,0.013427734375,0.009429110234870563,0.00018030405044555664,1
3494,-0.048095703125,FD,-0.046875,FD,-0.046875,0.001220703125,0.025380710659898477,1.4901161193847656e-06,1
3495,0.641845703125,29,0.640625,28,0.625,0.016845703125,0.026245720806390264,0.00028377771377563477,0
3496,-0.10791015625,F9,-0.109375,FA,-0.09375,0.01416015625,0.13122171945701358,0.00020051002502441406,0
3497,-0.649169921875,D6,-0.65625,D6,-0.65625,0.007080078125,0.010906355772846935,5.0127506256103516e-05,1
3498,0.04296875,03,0.046875,03,0.046875,0.00390625,0.09090909090909091,1.52587890625e-05,1
3499,0.43701171875,1C,0.4375,1D,0.453125,0.01611328125,0.03687150837988827,0.00025963783264160156,0
3500,0.24658203125,10,0.25,10,0.25,0.00341796875,0.013861386138613862,1.1682510375976562e-05,1
3501,-0.252685546875,F0,-0.25,F1,-0.234375,0.018310546875,0.07246376811594203,0.00033527612686157227,0
3502,0.6484375,2A,0.65625,2A,0.65625,0.0078125,0.012048192771084338,6.103515625e-05,1
3503,0.893798828125,39,0.890625,3A,0.90625,0.012451171875,0.013930620049166894,0.00015503168106079102,0
3504,1.124267578125,44,1.125,44,1.125,0.000732421875,0.0006514657980456026,5.364418029785156e-07,1
3505,0.726318359375,2E,0.71875,2E,0.71875,0.007568359375,0.010420168067226891,5.728006362915039e-05,1
3506,-0.92236328125,C5,-0.921875,C6,-0.90625,0.01611328125,0.017469560614081524,0.00025963783264160156,0
3507,-1.257080078125,B8,-1.25,B8,-1.25,0.007080078125,0.0056321615847737426,5.0127506256103516e-05,1
3508,0.4091796875,1A,0.40625,1A,0.40625,0.0029296875,0.007159904534606206,8.58306884765625e-06,1
3509,-0.341552734375,EA,-0.34375,EA,-0.34375,0.002197265625,0.006433166547533953,4.827976226806641e-06,1
3510,1.36328125,4C,1.375,4B,1.34375,0.01953125,0.014326647564469915,0.0003814697265625,0
3511,1.4970703125,50,1.5,50,1.5,0.0029296875,0.0019569471624266144,8.58306884765625e-06,1
3512,-0.391845703125,E7,-0.390625,E7,-0.390625,0.001220703125,0.003115264797507788,1.4901161193847656e-06,1
3513,0.45361328125,1D,0.453125,1D,0.453125,0.00048828125,0.001076426264800861,2.384185791015625e-07,1
3514,-0.55712890625,DC,-0.5625,DD,-0.546875,0.01025390625,0.018404907975460124,0.00010514259338378906,0
3515,0.6201171875,28,0.625,28,0.625,0.0048828125,0.007874015748031496,2.384185791015625e-05,1
3516,1.235595703125,48,1.25,48,1.25,0.014404296875,0.011657775143252322,0.00020748376846313477,1
3517,-1.337646484375,B5,-1.34375,B5,-1.34375,0.006103515625,0.004562876437306078,3.725290298461914e-05,1
3518,-1.419677734375,B3,-1.40625,B2,-1.4375,0.017822265625,0.012553740326741187,0.00031763315200805664,0
3519,0.281494140625,12,0.28125,12,0.28125,0.000244140625,0.0008673026886383347,5.960464477539063e-08,1
3520,-0.80419921875,CD,-0.796875,CC,-0.8125,0.00830078125,0.010321797207043109,6.890296936035156e-05,0
3521,1.02685546875,41,1.03125,40,1.0,0.02685546875,0.02615311459819306,0.0007212162017822266,0
3522,-1.302734375,B6,-1.3125,B6,-1.3125,0.009765625,0.0074962518740629685,9.5367431640625e-05,1
3523,2.603271484375,65,2.625,65,2.625,0.021728515625,0.008346619150332926,0.00047212839126586914,1
3524,-0.5947265625,DA,-0.59375,DA,-0.59375,0.0009765625,0.0016420361247947454,9.5367431640625e-07,1
3525,0.262939453125,11,0.265625,11,0.265625,0.002685546875,0.01021355617455896,7.212162017822266e-06,1
3526,-1.06201171875,BE,-1.0625,BE,-1.0625,0.00048828125,0.0004597701149425287,2.384185791015625e-07,1
3527,0.19287109375,0C,0.1875,0D,0.203125,0.01025390625,0.053164556962025315,0.00010514259338378906,0
3528,0.197998046875,0D,0.203125,0D,0.203125,0.005126953125,0.025893958076448828,2.6285648345947266e-05,1
3529,0.412109375,1A,0.40625,1B,0.421875,0.009765625,0.023696682464454975,9.5367431640625e-05,0
3530,-0.648681640625,D6,-0.65625,D6,-0.65625,0.007568359375,0.011667293940534437,5.728006362915039e-05,1
3531,-0.786865234375,CE,-0.78125,CF,-0.765625,0.021240234375,0.026993484331368292,0.00045114755630493164,0
3532,-0.0859375,FA,-0.09375,FA,-0.09375,0.0078125,0.09090909090909091,6.103515625e-05,1
3533,-0.466552734375,E2,-0.46875,E2,-0.46875,0.002197265625,0.004709576138147566,4.827976226806641e-06,1
3534,-0.15869140625,F6,-0.15625,F6,-0.15625,0.00244140625,0.015384615384615385,5.9604644775390625e-06,1
3535,0.513427734375,21,0.515625,20,0.5,0.013427734375,0.02615311459819306,0.00018030405044555664,0
3536,-0.26220703125,EF,-0.265625,F0,-0.25,0.01220703125,0.04655493482309125,0.00014901161193847656,0
3537,-0.16796875,F5,-0.171875,F5,-0.171875,0.00390625,0.023255813953488372,1.52587890625e-05,1
3538,-1.921630859375,A3,-1.90625,A3,-1.90625,0.015380859375,0.008004065557108373,0.0002365708351135254,1
3539,-0.0068359375,FF,-0.015625,FF,-0.015625,0.0087890625,1.2857142857142858,7.724761962890625e-05,1
3540,-0.63818359375,D7,-0.640625,D7,-0.640625,0.00244140625,0.0038255547054322878,5.9604644775390625e-06,1
3541,1.610107421875,54,1.625,54,1.625,0.014892578125,0.009249431387414709,0.00022178888320922852,1
3542,0.07763671875,05,0.078125,05,0.078125,0.00048828125,0.006289308176100629,2.384185791015625e-07,1
3543,-0.510986328125,DF,-0.515625,E0,-0.5,0.010986328125,0.02150023889154324,0.00012069940567016602,0
3544,0.236083984375,0F,0.234375,0F,0.234375,0.001708984375,0.007238883143743537,2.9206275939941406e-06,1
3545,1.630615234375,54,1.625,53,1.59375,0.036865234375,0.022608174876478516,0.0013590455055236816,0
3546,-1.203125,BA,-1.1875,B9,-1.21875,0.015625,0.012987012987012988,0.000244140625,0
3547,0.335205078125,15,0.328125,16,0.34375,0.008544921875,0.025491624180626365,7.301568984985352e-05,0
3548,-0.4765625,E2,-0.46875,E2,-0.46875,0.0078125,0.01639344262295082,6.103515625e-05,1
3549,-0.483642578125,E1,-0.484375,E2,-0.46875,0.014892578125,0.030792529025744572,0.00022178888320922852,0
3550,0.148193359375,09,0.140625,0A,0.15625,0.008056640625,0.054365733113673806,6.490945816040039e-05,0
3551,0.585693359375,25,0.578125,26,0.59375,0.008056640625,0.013755731554814505,6.490945816040039e-05,0
3552,-1.213623046875,B9,-1.21875,B9,-1.21875,0.005126953125,0.004224502112251056,2.6285648345947266e-05,1
3553,0.08349609375,05,0.078125,05,0.078125,0.00537109375,0.06432748538011696,2.8848648071289062e-05,1
3554,-0.789794921875,CD,-0.796875,CE,-0.78125,0.008544921875,0.010819165378670788,7.301568984985352e-05,0
3555,-0.37255859375,E8,-0.375,E9,-0.359375,0.01318359375,0.035386631716906945,0.00017380714416503906,0
3556,0.144775390625,09,0.140625,09,0.140625,0.004150390625,0.02866779089376054,1.722574234008789e-05,1
3557,0.353759765625,17,0.359375,17,0.359375,0.005615234375,0.015873015873015872,3.153085708618164e-05,1
3558,-0.93310546875,C4,-0.9375,C5,-0.921875,0.01123046875,0.012035583464154892,0.00012612342834472656,0
3559,-0.087890625,FA,-0.09375,FB,-0.078125,0.009765625,0.1111111111111111,9.5367431640625e-05,0
3560,-0.147216796875,F7,-0.140625,F6,-0.15625,0.009033203125,0.06135986733001658,8.159875869750977e-05,0
3561,0.70703125,2D,0.703125,2C,0.6875,0.01953125,0.027624309392265192,0.0003814697265625,0
3562,-0.448486328125,E3,-0.453125,E4,-0.4375,0.010986328125,0.024496461622210124,0.00012069940567016602,0
3563,-0.294921875,ED,-0.296875,EE,-0.28125,0.013671875,0.046357615894039736,0.000186920166015625,0
3564,0.081298828125,05,0.078125,05,0.078125,0.003173828125,0.03903903903903904,1.0073184967041016e-05,1
3565,-0.18505859375,F4,-0.1875,F5,-0.171875,0.01318359375,0.0712401055408971,0.00017380714416503906,0
3566,-0.5224609375,DF,-0.515625,DD,-0.546875,0.0244140625,0.04672897196261682,0.0005960464477539062,0
3567,0.191650390625,0C,0.1875,0C,0.1875,0.004150390625,0.02165605095541401,1.722574234008789e-05,1
3568,1.14794921875,45,1.15625,45,1.15625,0.00830078125,0.007230965546575925,6.890296936035156e-05,1
3569,0.469482421875,1E,0.46875,1E,0.46875,0.000732421875,0.0015600624024961,5.364418029785156e-07,1
3570,-0.50341796875,E0,-0.5,E0,-0.5,0.00341796875,0.006789524733268671,1.1682510375976562e-05,1
3571,-0.00146484375,FF,-0.015625,00,0.0,0.00146484375,1.0,2.1457672119140625e-06,0
3572,0.095947265625,06,0.09375,06,0.09375,0.002197265625,0.022900763358778626,4.827976226806641e-06,1
3573,-1.41796875,B3,-1.40625,B2,-1.4375,0.01953125,0.013774104683195593,0.0003814697265625,0
3574,-0.704345703125,D3,-0.703125,D3,-0.703125,0.001220703125,0.0017331022530329288,1.4901161193847656e-06,1
3575,0.1572265625,0A,0.15625,0A,0.15625,0.0009765625,0.006211180124223602,9.5367431640625e-07,1
3576,-1.316650390625,B6,-1.3125,B6,-1.3125,0.004150390625,0.003152234377897274,1.722574234008789e-05,1
3577,0.6064453125,27,0.609375,27,0.609375,0.0029296875,0.004830917874396135,8.58306884765625e-06,1
3578,-0.96484375,C2,-0.96875,C3,-0.953125,0.01171875,0.012145748987854251,0.0001373291015625,0
3579,0.8740234375,38,0.875,38,0.875,0.0009765625,0.0011173184357541898,9.5367431640625e-07,1
3580,0.60302734375,27,0.609375,26,0.59375,0.00927734375,0.015384615384615385,8.606910705566406e-05,0
3581,0.43798828125,1C,0.4375,1D,0.453125,0.01513671875,0.03455964325529543,0.00022912025451660156,0
3582,-0.8671875,C8,-0.875,C7,-0.890625,0.0234375,0.02702702702702703,0.00054931640625,0
3583,-0.8095703125,CC,-0.8125,CD,-0.796875,0.0126953125,0.015681544028950542,0.00016117095947265625,0
3584,-0.57080078125,DB,-0.578125,DC,-0.5625,0.00830078125,0.01454234388366125,6.890296936035156e-05,0
3585,-0.359619140625,E9,-0.359375,E9,-0.359375,0.000244140625,0.0006788866259334691,5.960464477539063e-08,1
3586,-0.528076171875,DE,-0.53125,DF,-0.515625,0.012451171875,0.023578363384188627,0.00015503168106079102,0
3587,0.76708984375,31,0.765625,31,0.765625,0.00146484375,0.0019096117122851686,2.1457672119140625e-06,1
3588,-0.1865234375,F4,-0.1875,F4,-0.1875,0.0009765625,0.005235602094240838,9.5367431640625e-07,1
3589,0.147216796875,09,0.140625,0A,0.15625,0.009033203125,0.06135986733001658,8.159875869750977e-05,0
3590,-0.7001953125,D3,-0.703125,D3,-0.703125,0.0029296875,0.0041841004184100415,8.58306884765625e-06,1
3591,-0.62744140625,D8,-0.625,D8,-0.625,0.00244140625,0.0038910505836575876,5.9604644775390625e-06,1
3592,0.47314453125,1E,0.46875,1F,0.484375,0.01123046875,0.023735810113519093,0.00012612342834472656,0
3593,-0.879150390625,C8,-0.875,C9,-0.859375,0.019775390625,0.02249375173562899,0.0003910660743713379,0
3594,2.098876953125,61,2.125,61,2.125,0.026123046875,0.012446202163545422,0.0006824135780334473,1
3595,0.404541015625,1A,0.40625,1A,0.40625,0.001708984375,0.004224502112251056,2.9206275939941406e-06,1
3596,-0.478515625,E1,-0.484375,E2,-0.46875,0.009765625,0.02040816326530612,9.5367431640625e-05,0
3597,-0.069091796875,FC,-0.0625,FB,-0.078125,0.009033203125,0.13074204946996468,8.159875869750977e-05,0
3598,0.828857421875,35,0.828125,35,0.828125,0.000732421875,0.0008836524300441826,5.364418029785156e-07,1
3599,-1.205810546875,B9,-1.21875,BA,-1.1875,0.018310546875,0.015185260174124316,0.00033527612686157227,0
3600,0.85888671875,37,0.859375,37,0.859375,0.00048828125,0.0005685048322910744,2.384185791015625e-07,1
3601,-1.2890625,B7,-1.28125,B6,-1.3125,0.0234375,0.01818181818181818,0.00054931640625,0
3602,0.355712890625,17,0.359375,17,0.359375,0.003662109375,0.01029512697323267,1.341104507446289e-05,1
3603,1.525390625,51,1.53125,51,1.53125,0.005859375,0.0038412291933418692,3.4332275390625e-05,1
3604,1.280517578125,49,1.28125,48,1.25,0.030517578125,0.023832221163012392,0.0009313225746154785,0
3605,-1.099365234375,BD,-1.09375,BD,-1.09375,0.005615234375,0.005107705973795247,3.153085708618164e-05,1
3606,-0.072998046875,FB,-0.078125,FC,-0.0625,0.010498046875,0.14381270903010032,0.00011020898818969727,0
3607,0.028564453125,02,0.03125,02,0.03125,0.002685546875,0.09401709401709402,7.212162017822266e-06,1
3608,-1.068359375,BE,-1.0625,BE,-1.0625,0.005859375,0.005484460694698354,3.4332275390625e-05,1
3609,-1.730712890625,A9,-1.71875,A8,-1.75,0.019287109375,0.011144025955706023,0.0003719925880432129,0
3610,-0.271240234375,EF,-0.265625,EE,-0.28125,0.010009765625,0.0369036903690369,0.00010019540786743164,0
3611,0.6806640625,2C,0.6875,2B,0.671875,0.0087890625,0.01291248206599713,7.724761962890625e-05,0
3612,1.0009765625,40,1.0,40,1.0,0.0009765625,0.000975609756097561,9.5367431640625e-07,1
3613,-0.179443359375,F5,-0.171875,F5,-0.171875,0.007568359375,0.04217687074829932,5.728006362915039e-05,1
3614,-0.691650390625,D4,-0.6875,D4,-0.6875,0.004150390625,0.006000705965407695,1.722574234008789e-05,1
3615,-1.25537109375,B8,-1.25,B8,-1.25,0.00537109375,0.004278490859587709,2.8848648071289062e-05,1
3616,0.613037109375,27,0.609375,28,0.625,0.011962890625,0.019514137793707687,0.0001431107521057129,0
3617,-0.20166015625,F3,-0.203125,F2,-0.21875,0.01708984375,0.0847457627118644,0.00029206275939941406,0
3618,0.414794921875,1B,0.421875,1A,0.40625,0.008544921875,0.020600353148911125,7.301568984985352e-05,0
3619,-0.487548828125,E1,-0.484375,E1,-0.484375,0.003173828125,0.006509764646970456,1.0073184967041016e-05,1
3620,0.439697265625,1C,0.4375,1D,0.453125,0.013427734375,0.03053858967240422,0.00018030405044555664,0
3621,-1.407958984375,B3,-1.40625,B3,-1.40625,0.001708984375,0.0012138026703658747,2.9206275939941406e-06,1
3622,0.7822265625,32,0.78125,33,0.796875,0.0146484375,0.018726591760299626,0.00021457672119140625,0
3623,-0.166748046875,F5,-0.171875,F5,-0.171875,0.005126953125,0.03074670571010249,2.6285648345947266e-05,1
3624,1.02685546875,41,1.03125,40,1.0,0.02685546875,0.02615311459819306,0.0007212162017822266,0
3625,-0.61279296875,D9,-0.609375,D9,-0.609375,0.00341796875,0.005577689243027889,1.1682510375976562e-05,1
3626,-0.46044921875,E3,-0.453125,E2,-0.46875,0.00830078125,0.018027571580063628,6.890296936035156e-05,0
3627,0.68994140625,2C,0.6875,2C,0.6875,0.00244140625,0.003538570417551309,5.9604644775390625e-06,1
3628,-0.890380859375,C7,-0.890625,C7,-0.890625,0.000244140625,0.00027419797093501506,5.960464477539063e-08,1
3629,-1.096435546875,BD,-1.09375,BC,-1.125,0.028564453125,0.026052104208416832,0.0008159279823303223,0
3630,1.012939453125,40,1.0,40,1.0,0.012939453125,0.01277416244878284,0.00016742944717407227,1
3631,-0.51953125,DF,-0.515625,DF,-0.515625,0.00390625,0.007518796992481203,1.52587890625e-05,1
3632,0.40478515625,1A,0.40625,19,0.390625,0.01416015625,0.03498190591073583,0.00020051002502441406,0
3633,0.8046875,34,0.8125,33,0.796875,0.0078125,0.009708737864077669,6.103515625e-05,0
3634,-2.715576171875,9A,-2.75,9A,-2.75,0.034423828125,0.01267643621325182,0.001184999942779541,1
3635,-0.27685546875,EE,-0.28125,EF,-0.265625,0.01123046875,0.04056437389770723,0.00012612342834472656,0
3636,-1.572998046875,AE,-1.5625,AE,-1.5625,0.010498046875,0.006673909669408661,0.00011020898818969727,1
3637,0.9345703125,3C,0.9375,3B,0.921875,0.0126953125,0.013584117032392894,0.00016117095947265625,0
3638,-0.51416015625,DF,-0.515625,DF,-0.515625,0.00146484375,0.002849002849002849,2.1457672119140625e-06,1
3639,-0.425537109375,E5,-0.421875,E5,-0.421875,0.003662109375,0.008605851979345954,1.341104507446289e-05,1
3640,-0.258056640625,EF,-0.265625,EF,-0.265625,0.007568359375,0.0293282876064333,5.728006362915039e-05,1
3641,-0.257568359375,F0,-0.25,EF,-0.265625,0.008056640625,0.031279620853080566,6.490945816040039e-05,0
3642,-0.119140625,F8,-0.125,F8,-0.125,0.005859375,0.04918032786885246,3.4332275390625e-05,1
3643,0.9228515625,3B,0.921875,3C,0.9375,0.0146484375,0.015873015873015872,0.00021457672119140625,0
3644,0.3046875,14,0.3125,14,0.3125,0.0078125,0.02564102564102564,6.103515625e-05,1
3645,-0.0625,FC,-0.0625,FB,-0.078125,0.015625,0.25,0.000244140625,0
3646,0.48583984375,1F,0.484375,1F,0.484375,0.00146484375,0.003015075376884422,2.1457672119140625e-06,1
3647,-1.231689453125,B9,-1.21875,B8,-1.25,0.018310546875,0.014866204162537165,0.00033527612686157227,0
3648,0.711669921875,2E,0.71875,2D,0.703125,0.008544921875,0.012006861063464836,7.301568984985352e-05,0
3649,0.298828125,13,0.296875,13,0.296875,0.001953125,0.006535947712418301,3.814697265625e-06,1
3650,0.5068359375,20,0.5,20,0.5,0.0068359375,0.01348747591522158,4.673004150390625e-05,1
3651,0.781005859375,32,0.78125,32,0.78125,0.000244140625,0.00031259768677711783,5.960464477539063e-08,1
3652,0.266845703125,11,0.265625,11,0.265625,0.001220703125,0.004574565416285453,1.4901161193847656e-06,1
3653,0.412353515625,1A,0.40625,1B,0.421875,0.009521484375,0.023090586145648313,9.065866470336914e-05,0
3654,0.03173828125,02,0.03125,03,0.046875,0.01513671875,0.47692307692307695,0.00022912025451660156,0
3655,-0.501708984375,E0,-0.5,E0,-0.5,0.001708984375,0.0034063260340632603,2.9206275939941406e-06,1
3656,0.13134765625,08,0.125,08,0.125,0.00634765625,0.048327137546468404,4.029273986816406e-05,1
3657,-0.53125,DE,-0.53125,DD,-0.546875,0.015625,0.029411764705882353,0.000244140625,0
3658,-0.559814453125,DC,-0.5625,DC,-0.5625,0.002685546875,0.004797208896641954,7.212162017822266e-06,1
3659,0.54833984375,23,0.546875,22,0.53125,0.01708984375,0.031166518254674976,0.00029206275939941406,0
3660,0.79833984375,33,0.796875,33,0.796875,0.00146484375,0.001834862385321101,2.1457672119140625e-06,1
3661,0.23388671875,0F,0.234375,10,0.25,0.01611328125,0.06889352818371608,0.00025963783264160156,0
3662,0.69921875,2D,0.703125,2C,0.6875,0.01171875,0.01675977653631285,0.0001373291015625,0
3663,-0.903564453125,C6,-0.90625,C6,-0.90625,0.002685546875,0.0029721696838692245,7.212162017822266e-06,1
3664,0.47998046875,1F,0.484375,1E,0.46875,0.01123046875,0.023397761953204477,0.00012612342834472656,0
3665,0.77587890625,32,0.78125,33,0.796875,0.02099609375,0.027061044682190057,0.00044083595275878906,0
3666,0.915771484375,3B,0.921875,3B,0.921875,0.006103515625,0.006664889362836577,3.725290298461914e-05,1
3667,-1.104736328125,BD,-1.09375,BC,-1.125,0.020263671875,0.018342541436464087,0.000410616397857666,0
3668,1.67919921875,56,1.6875,56,1.6875,0.00830078125,0.004943297470194824,6.890296936035156e-05,1
3669,1.27099609375,49,1.28125,48,1.25,0.02099609375,0.016519400691509797,0.00044083595275878906,0
3670,0.371337890625,18,0.375,18,0.375,0.003662109375,0.009861932938856016,1.341104507446289e-05,1
3671,0.474609375,1E,0.46875,1F,0.484375,0.009765625,0.0205761316872428,9.5367431640625e-05,0
3672,-0.165771484375,F5,-0.171875,F6,-0.15625,0.009521484375,0.05743740795287187,9.065866470336914e-05,0
3673,1.969970703125,5F,1.96875,60,2.0,0.030029296875,0.01524352460032222,0.0009017586708068848,0
3674,1.438720703125,4E,1.4375,4E,1.4375,0.001220703125,0.0008484642796538266,1.4901161193847656e-06,1
3675,-1.12353515625,BC,-1.125,BC,-1.125,0.00146484375,0.001303780964797914,2.1457672119140625e-06,1
3676,1.052001953125,42,1.0625,42,1.0625,0.010498046875,0.009979113483406823,0.00011020898818969727,1
3677,-1.899169921875,A3,-1.90625,A3,-1.90625,0.007080078125,0.0037279856022625017,5.0127506256103516e-05,1
3678,-1.52880859375,AF,-1.53125,AE,-1.5625,0.03369140625,0.022037687639731716,0.001135110855102539,0
3679,0.752685546875,30,0.75,30,0.75,0.002685546875,0.0035679532922478106,7.212162017822266e-06,1
3680,0.981689453125,3F,0.984375,3F,0.984375,0.002685546875,0.002735637901019647,7.212162017822266e-06,1
3681,-1.036376953125,BF,-1.03125,BF,-1.03125,0.005126953125,0.0049469964664310955,2.6285648345947266e-05,1
3682,-0.412109375,E6,-0.40625,E5,-0.421875,0.009765625,0.023696682464454975,9.5367431640625e-05,0
3683,0.537841796875,22,0.53125,23,0.546875,0.009033203125,0.016795279164775308,8.159875869750977e-05,0
3684,0.21435546875,0E,0.21875,0D,0.203125,0.01123046875,0.05239179954441914,0.00012612342834472656,0
3685,0.056640625,04,0.0625,04,0.0625,0.005859375,0.10344827586206896,3.4332275390625e-05,1
3686,0.244384765625,10,0.25,11,0.265625,0.021240234375,0.08691308691308691,0.00045114755630493164,0
3687,-0.236572265625,F1,-0.234375,F1,-0.234375,0.002197265625,0.009287925696594427,4.827976226806641e-06,1
3688,-0.540283203125,DD,-0.546875,DD,-0.546875,0.006591796875,0.012200632625395391,4.3451786041259766e-05,1
3689,-0.72119140625,D2,-0.71875,D2,-0.71875,0.00244140625,0.003385240352064997,5.9604644775390625e-06,1
3690,-0.227294921875,F1,-0.234375,F1,-0.234375,0.007080078125,0.031149301825993556,5.0127506256103516e-05,1
3691,-1.36865234375,B4,-1.375,B4,-1.375,0.00634765625,0.00463788797716732,4.029273986816406e-05,1
3692,0.794921875,33,0.796875,34,0.8125,0.017578125,0.022113022113022112,0.000308990478515625,0
3693,-0.534912109375,DE,-0.53125,DE,-0.53125,0.003662109375,0.006846188954815153,1.341104507446289e-05,1
3694,0.581787109375,25,0.578125,25,0.578125,0.003662109375,0.00629458665547629,1.341104507446289e-05,1
3695,0.067138671875,04,0.0625,04,0.0625,0.004638671875,0.06909090909090909,2.1517276763916016e-05,1
3696,-0.16650390625,F5,-0.171875,F5,-0.171875,0.00537109375,0.03225806451612903,2.8848648071289062e-05,1
3697,-0.23828125,F1,-0.234375,F1,-0.234375,0.00390625,0.01639344262295082,1.52587890625e-05,1
3698,-0.122802734375,F8,-0.125,F8,-0.125,0.002197265625,0.017892644135188866,4.827976226806641e-06,1
3699,-0.197021484375,F3,-0.203125,F4,-0.1875,0.009521484375,0.048327137546468404,9.065866470336914e-05,0
3700,0.033203125,02,0.03125,01,0.015625,0.017578125,0.5294117647058824,0.000308990478515625,0
3701,0.249755859375,10,0.25,11,0.265625,0.015869140625,0.0635386119257087,0.0002518296241760254,0
3702,-0.08837890625,FA,-0.09375,FB,-0.078125,0.01025390625,0.11602209944751381,0.00010514259338378906,0
3703,-0.574462890625,DB,-0.578125,DB,-0.578125,0.003662109375,0.006374840628984276,1.341104507446289e-05,1
3704,-0.60302734375,D9,-0.609375,DA,-0.59375,0.00927734375,0.015384615384615385,8.606910705566406e-05,0
3705,-0.317626953125,EC,-0.3125,EC,-0.3125,0.005126953125,0.01614142966948501,2.6285648345947266e-05,1
3706,0.5380859375,22,0.53125,22,0.53125,0.0068359375,0.012704174228675136,4.673004150390625e-05,1
3707,0.371826171875,18,0.375,19,0.390625,0.018798828125,0.050558108995403805,0.000353395938873291,0
3708,0.88232421875,38,0.875,38,0.875,0.00732421875,0.008301051466519093,5.364418029785156e-05,1
3709,-0.486083984375,E1,-0.484375,E1,-0.484375,0.001708984375,0.0035158211953792064,2.9206275939941406e-06,1
3710,-1.08203125,BD,-1.09375,BE,-1.0625,0.01953125,0.018050541516245487,0.0003814697265625,0
3711,-0.20751953125,F3,-0.203125,F4,-0.1875,0.02001953125,0.09647058823529411,0.00040078163146972656,0
3712,-1.015380859375,C0,-1.0,C0,-1.0,0.015380859375,0.01514787208463573,0.0002365708351135254,1
3713,-0.702880859375,D3,-0.703125,D3,-0.703125,0.000244140625,0.0003473428273706148,5.960464477539063e-08,1
3714,0.180419921875,0C,0.1875,0B,0.171875,0.008544921875,0.04736129905277402,7.301568984985352e-05,0
3715,-0.46875,E2,-0.46875,E2,-0.46875,0.0,0.0,0.0,1
3716,-0.216552734375,F2,-0.21875,F2,-0.21875,0.002197265625,0.010146561443066516,4.827976226806641e-06,1
3717,-0.42919921875,E5,-0.421875,E4,-0.4375,0.00830078125,0.019340159271899887,6.890296936035156e-05,0
3718,0.013427734375,01,0.015625,00,0.0,0.013427734375,1.0,0.00018030405044555664,0
3719,0.87255859375,38,0.875,39,0.890625,0.01806640625,0.020705092333519866,0.00032639503479003906,0
3720,0.07861328125,05,0.078125,05,0.078125,0.00048828125,0.006211180124223602,2.384185791015625e-07,1
3721,-2.17626953125,9F,-2.125,9E,-2.25,0.07373046875,0.03387929100291676,0.0054361820220947266,0
3722,0.089599609375,06,0.09375,06,0.09375,0.004150390625,0.04632152588555858,1.722574234008789e-05,1
3723,1.04541015625,41,1.03125,42,1.0625,0.01708984375,0.016347501167678656,0.00029206275939941406,0
3724,0.882080078125,38,0.875,38,0.875,0.007080078125,0.008026570716855799,5.0127506256103516e-05,1
3725,-0.276123046875,EE,-0.28125,EF,-0.265625,0.010498046875,0.03801945181255526,0.00011020898818969727,0
3726,0.76806640625,31,0.765625,31,0.765625,0.00244140625,0.003178639542275906,5.9604644775390625e-06,1
3727,0.79833984375,33,0.796875,34,0.8125,0.01416015625,0.017737003058103974,0.00020051002502441406,0
3728,0.696533203125,2D,0.703125,2C,0.6875,0.009033203125,0.012968804766912022,8.159875869750977e-05,0
3729,-0.601806640625,D9,-0.609375,DA,-0.59375,0.008056640625,0.013387423935091278,6.490945816040039e-05,0
3730,-0.42724609375,E5,-0.421875,E5,-0.421875,0.00537109375,0.012571428571428572,2.8848648071289062e-05,1
3731,0.293701171875,13,0.296875,13,0.296875,0.003173828125,0.010806317539484621,1.0073184967041016e-05,1
3732,0.183349609375,0C,0.1875,0C,0.1875,0.004150390625,0.022636484687083888,1.722574234008789e-05,1
3733,1.830078125,5B,1.84375,5B,1.84375,0.013671875,0.007470651013874066,0.000186920166015625,1
3734,0.000244140625,01,0.015625,00,0.0,0.000244140625,1.0,5.960464477539063e-08,0
3735,-1.06689453125,BE,-1.0625,BE,-1.0625,0.00439453125,0.004118993135011442,1.9311904907226562e-05,1
3736,-1.237060546875,B8,-1.25,B8,-1.25,0.012939453125,0.010459838168541543,0.00016742944717407227,1
3737,-0.56396484375,DC,-0.5625,DD,-0.546875,0.01708984375,0.030303030303030304,0.00029206275939941406,0
3738,-0.452880859375,E3,-0.453125,E2,-0.46875,0.015869140625,0.03504043126684636,0.0002518296241760254,0
3739,-0.96533203125,C2,-0.96875,C2,-0.96875,0.00341796875,0.0035407182599898838,1.1682510375976562e-05,1
3740,0.466552734375,1E,0.46875,1E,0.46875,0.002197265625,0.004709576138147566,4.827976226806641e-06,1
3741,-0.431396484375,E4,-0.4375,E4,-0.4375,0.006103515625,0.014148273910582909,3.725290298461914e-05,1
3742,-1.953369140625,A1,-1.96875,A2,-1.9375,0.015869140625,0.008123984501937258,0.0002518296241760254,0
3743,0.591796875,26,0.59375,26,0.59375,0.001953125,0.0033003300330033004,3.814697265625e-06,1
3744,0.33447265625,15,0.328125,15,0.328125,0.00634765625,0.01897810218978102,4.029273986816406e-05,1
3745,-0.96826171875,C2,-0.96875,C1,-0.984375,0.01611328125,0.01664145234493192,0.00025963783264160156,0
3746,2.215576171875,62,2.25,62,2.25,0.034423828125,0.015537190082644628,0.001184999942779541,1
3747,0.185302734375,0C,0.1875,0C,0.1875,0.002197265625,0.011857707509881422,4.827976226806641e-06,1
3748,-1.405029296875,B3,-1.40625,B3,-1.40625,0.001220703125,0.0008688097306689834,1.4901161193847656e-06,1
3749,-0.981201171875,C1,-0.984375,C3,-0.953125,0.028076171875,0.02861408310525006,0.000788271427154541,0
3750,-0.53759765625,DE,-0.53125,DE,-0.53125,0.00634765625,0.011807447774750226,4.029273986816406e-05,1
3751,-0.479248046875,E1,-0.484375,E1,-0.484375,0.005126953125,0.010697911360163017,2.6285648345947266e-05,1
3752,-0.499267578125,E0,-0.5,E1,-0.484375,0.014892578125,0.02982885085574572,0.00022178888320922852,0
3753,-0.038330078125,FE,-0.03125,FD,-0.046875,0.008544921875,0.2229299363057325,7.301568984985352e-05,0
3754,0.404541015625,1A,0.40625,1A,0.40625,0.001708984375,0.004224502112251056,2.9206275939941406e-06,1
3755,0.42578125,1B,0.421875,1B,0.421875,0.00390625,0.009174311926605505,1.52587890625e-05,1
3756,-2.0693359375,9F,-2.125,A0,-2.0,0.0693359375,0.03350637092968381,0.004807472229003906,0
3757,-0.22509765625,F2,-0.21875,F2,-0.21875,0.00634765625,0.028199566160520606,4.029273986816406e-05,1
3758,2.443359375,64,2.5,64,2.5,0.056640625,0.023181454836131096,0.003208160400390625,1
3759,0.779052734375,32,0.78125,33,0.796875,0.017822265625,0.02287684111563773,0.00031763315200805664,0
3760,-0.975341796875,C2,-0.96875,C1,-0.984375,0.009033203125,0.009261576971214018,8.159875869750977e-05,0
3761,1.1494140625,45,1.15625,44,1.125,0.0244140625,0.021240441801189464,0.0005960464477539062,0
3762,0.8740234375,38,0.875,38,0.875,0.0009765625,0.0011173184357541898,9.5367431640625e-07,1
3763,0.046875,03,0.046875,03,0.046875,0.0,0.0,0.0,1
3764,1.83056640625,5B,1.84375,5B,1.84375,0.01318359375,0.00720192051213657,0.00017380714416503906,1
3765,2.0166015625,60,2.0,60,2.0,0.0166015625,0.008232445520581114,0.00027561187744140625,1
3766,0.36376953125,17,0.359375,18,0.375,0.01123046875,0.03087248322147651,0.00012612342834472656,0
3767,-0.4912109375,E1,-0.484375,E0,-0.5,0.0087890625,0.017892644135188866,7.724761962890625e-05,0
3768,0.121826171875,08,0.125,08,0.125,0.003173828125,0.026052104208416832,1.0073184967041016e-05,1
3769,-1.532958984375,AF,-1.53125,AE,-1.5625,0.029541015625,0.019270584487975792,0.0008726716041564941,0
3770,0.62646484375,28,0.625,28,0.625,0.00146484375,0.002338269680436477,2.1457672119140625e-06,1
3771,0.2822265625,12,0.28125,12,0.28125,0.0009765625,0.0034602076124567475,9.5367431640625e-07,1
3772,-0.81884765625,CC,-0.8125,CC,-0.8125,0.00634765625,0.007751937984496124,4.029273986816406e-05,1
3773,-0.084228515625,FB,-0.078125,FA,-0.09375,0.009521484375,0.11304347826086956,9.065866470336914e-05,0
3774,0.88671875,39,0.890625,38,0.875,0.01171875,0.013215859030837005,0.0001373291015625,0
3775,0.08642578125,06,0.09375,06,0.09375,0.00732421875,0.0847457627118644,5.364418029785156e-05,1
3776,-1.0029296875,C0,-1.0,C0,-1.0,0.0029296875,0.0029211295034079843,8.58306884765625e-06,1
3777,0.6708984375,2B,0.671875,2C,0.6875,0.0166015625,0.024745269286754003,0.00027561187744140625,0
3778,-0.45947265625,E3,-0.453125,E3,-0.453125,0.00634765625,0.01381509032943677,4.029273986816406e-05,1
3779,-2.045654296875,A0,-2.0,A0,-2.0,0.045654296875,0.022317699009428333,0.0020843148231506348,1
3780,0.125244140625,08,0.125,08,0.125,0.000244140625,0.001949317738791423,5.960464477539063e-08,1
3781,-0.678466796875,D5,-0.671875,D4,-0.6875,0.009033203125,0.013314141777617848,8.159875869750977e-05,0
3782,-0.27587890625,EE,-0.28125,EF,-0.265625,0.01025390625,0.03716814159292035,0.00010514259338378906,0
3783,-1.433349609375,B2,-1.4375,B2,-1.4375,0.004150390625,0.0028955884857775507,1.722574234008789e-05,1
3784,-1.745361328125,A8,-1.75,A8,-1.75,0.004638671875,0.002657714365645545,2.1517276763916016e-05,1
3785,0.129638671875,08,0.125,09,0.140625,0.010986328125,0.0847457627118644,0.00012069940567016602,0
3786,-1.099365234375,BD,-1.09375,BC,-1.125,0.025634765625,0.023317788141239172,0.0006571412086486816,0
3787,-1.037353515625,BF,-1.03125,C0,-1.0,0.037353515625,0.03600847258178395,0.0013952851295471191,0
3788,0.6787109375,2B,0.671875,2B,0.671875,0.0068359375,0.010071942446043165,4.673004150390625e-05,1
3789,-0.95751953125,C3,-0.953125,C2,-0.96875,0.01123046875,0.011728709841917389,0.00012612342834472656,0
3790,-1.03466796875,BF,-1.03125,BF,-1.03125,0.00341796875,0.0033034450212364322,1.1682510375976562e-05,1
3791,0.546630859375,23,0.546875,23,0.546875,0.000244140625,0.00044662795891022776,5.960464477539063e-08,1
3792,-0.653564453125,D6,-0.65625,D6,-0.65625,0.002685546875,0.004109077325364214,7.212162017822266e-06,1
3793,-0.530029296875,DE,-0.53125,DD,-0.546875,0.016845703125,0.03178258866881621,0.00028377771377563477,0
3794,0.87841796875,38,0.875,3A,0.90625,0.02783203125,0.03168426903835464,0.0007746219635009766,0
3795,0.8798828125,38,0.875,37,0.859375,0.0205078125,0.023307436182019976,0.00042057037353515625,0
3796,-0.560546875,DC,-0.5625,DC,-0.5625,0.001953125,0.003484320557491289,3.814697265625e-06,1
3797,0.35546875,17,0.359375,18,0.375,0.01953125,0.054945054945054944,0.0003814697265625,0
3798,-0.47900390625,E1,-0.484375,E2,-0.46875,0.01025390625,0.021406727828746176,0.00010514259338378906,0
3799,0.2109375,0E,0.21875,0D,0.203125,0.0078125,0.037037037037037035,6.103515625e-05,0
3800,-1.070068359375,BE,-1.0625,BE,-1.0625,0.007568359375,0.0070727812000912615,5.728006362915039e-05,1
3801,1.081787109375,43,1.09375,42,1.0625,0.019287109375,0.01782893252087565,0.0003719925880432129,0
3802,0.2744140625,12,0.28125,12,0.28125,0.0068359375,0.02491103202846975,4.673004150390625e-05,1
3803,-0.96044921875,C3,-0.953125,C2,-0.96875,0.00830078125,0.00864260294865277,6.890296936035156e-05,0
3804,-0.666748046875,D5,-0.671875,D6,-0.65625,0.010498046875,0.015745148297326986,0.00011020898818969727,0
3805,1.241455078125,48,1.25,48,1.25,0.008544921875,0.00688298918387414,7.301568984985352e-05,1
3806,0.8115234375,34,0.8125,34,0.8125,0.0009765625,0.0012033694344163659,9.5367431640625e-07,1
3807,-0.090087890625,FA,-0.09375,F9,-0.109375,0.019287109375,0.2140921409214092,0.0003719925880432129,0
3808,-0.941650390625,C4,-0.9375,C4,-0.9375,0.004150390625,0.0044075706507648435,1.722574234008789e-05,1
3809,0.0673828125,04,0.0625,05,0.078125,0.0107421875,0.15942028985507245,0.00011539459228515625,0
3810,-0.223876953125,F2,-0.21875,F2,-0.21875,0.005126953125,0.022900763358778626,2.6285648345947266e-05,1
3811,0.659912109375,2A,0.65625,29,0.640625,0.019287109375,0.029226785053644098,0.0003719925880432129,0
3812,0.960693359375,3D,0.953125,3E,0.96875,0.008056640625,0.008386277001270648,6.490945816040039e-05,0
3813,-0.037841796875,FE,-0.03125,FE,-0.03125,0.006591796875,0.17419354838709677,4.3451786041259766e-05,1
3814,1.12841796875,44,1.125,44,1.125,0.00341796875,0.003028991778450887,1.1682510375976562e-05,1
3815,-0.2626953125,EF,-0.265625,EF,-0.265625,0.0029296875,0.011152416356877323,8.58306884765625e-06,1
3816,-0.0673828125,FC,-0.0625,FB,-0.078125,0.0107421875,0.15942028985507245,0.00011539459228515625,0
3817,-0.2490234375,F0,-0.25,F1,-0.234375,0.0146484375,0.058823529411764705,0.00021457672119140625,0
3818,-0.763427734375,CF,-0.765625,D0,-0.75,0.013427734375,0.017588743204349215,0.00018030405044555664,0
3819,0.094970703125,06,0.09375,05,0.078125,0.016845703125,0.17737789203084833,0.00028377771377563477,0
3820,-0.287109375,EE,-0.28125,ED,-0.296875,0.009765625,0.034013605442176874,9.5367431640625e-05,0
3821,0.1943359375,0C,0.1875,0C,0.1875,0.0068359375,0.035175879396984924,4.673004150390625e-05,1
3822,0.242919921875,10,0.25,11,0.265625,0.022705078125,0.09346733668341708,0.0005155205726623535,0
3823,0.4541015625,1D,0.453125,1D,0.453125,0.0009765625,0.002150537634408602,9.5367431640625e-07,1
3824,1.06103515625,42,1.0625,42,1.0625,0.00146484375,0.0013805798435342844,2.1457672119140625e-06,1
3825,-0.86328125,C9,-0.859375,C8,-0.875,0.01171875,0.013574660633484163,0.0001373291015625,0
3826,-1.41943359375,B3,-1.40625,B2,-1.4375,0.01806640625,0.012727898176814585,0.00032639503479003906,0
3827,-0.13671875,F7,-0.140625,F7,-0.140625,0.00390625,0.02857142857142857,1.52587890625e-05,1
3828,0.47021484375,1E,0.46875,1F,0.484375,0.01416015625,0.030114226375908618,0.00020051002502441406,0
3829,-0.090087890625,FA,-0.09375,FC,-0.0625,0.027587890625,0.3062330623306233,0.0007610917091369629,0
3830,-0.354736328125,E9,-0.359375,EB,-0.328125,0.026611328125,0.07501720578114246,0.000708162784576416,0
3831,0.66162109375,2A,0.65625,2A,0.65625,0.00537109375,0.008118081180811807,2.8848648071289062e-05,1
3832,0.499267578125,20,0.5,20,0.5,0.000732421875,0.001466992665036675,5.364418029785156e-07,1
3833,-1.34912109375,B5,-1.34375,B5,-1.34375,0.00537109375,0.003981179876945349,2.8848648071289062e-05,1
3834,0.210205078125,0D,0.203125,0F,0.234375,0.024169921875,0.11498257839721254,0.0005841851234436035,0
3835,-1.232666015625,B9,-1.21875,B8,-1.25,0.017333984375,0.014062190532778768,0.00030046701431274414,0
3836,1.39208984375,4D,1.40625,4C,1.375,0.01708984375,0.012276394247632409,0.00029206275939941406,0
3837,0.42626953125,1B,0.421875,1B,0.421875,0.00439453125,0.010309278350515464,1.9311904907226562e-05,1
3838,1.075927734375,42,1.0625,42,1.0625,0.013427734375,0.012480145223508056,0.00018030405044555664,1
3839,0.0166015625,01,0.015625,01,0.015625,0.0009765625,0.058823529411764705,9.5367431640625e-07,1
3840,-0.092041015625,FA,-0.09375,FB,-0.078125,0.013916015625,0.15119363395225463,0.00019365549087524414,0
3841,-1.211181640625,B9,-1.21875,BA,-1.1875,0.023681640625,0.019552509574682523,0.0005608201026916504,0
3842,0.872802734375,38,0.875,39,0.890625,0.017822265625,0.02041958041958042,0.00031763315200805664,0
3843,-0.38232421875,E8,-0.375,E8,-0.375,0.00732421875,0.019157088122605363,5.364418029785156e-05,1
3844,0.6591796875,2A,0.65625,2A,0.65625,0.0029296875,0.0044444444444444444,8.58306884765625e-06,1
3845,0.599609375,26,0.59375,26,0.59375,0.005859375,0.009771986970684038,3.4332275390625e-05,1
3846,-0.407958984375,E6,-0.40625,E6,-0.40625,0.001708984375,0.004189108318372232,2.9206275939941406e-06,1
3847,-0.460693359375,E3,-0.453125,E3,-0.453125,0.007568359375,0.016428192898781134,5.728006362915039e-05,1
3848,-0.523681640625,DE,-0.53125,DF,-0.515625,0.008056640625,0.015384615384615385,6.490945816040039e-05,0
3849,0.7265625,2E,0.71875,2D,0.703125,0.0234375,0.03225806451612903,0.00054931640625,0
3850,0.71826171875,2E,0.71875,2E,0.71875,0.00048828125,0.0006798096532970768,2.384185791015625e-07,1
3851,-1.13818359375,BC,-1.125,BB,-1.15625,0.01806640625,0.015873015873015872,0.00032639503479003906,0
3852,-0.00390625,FF,-0.015625,FF,-0.015625,0.01171875,3.0,0.0001373291015625,1
3853,-0.162841796875,F6,-0.15625,F6,-0.15625,0.006591796875,0.04047976011994003,4.3451786041259766e-05,1
3854,0.358642578125,17,0.359375,18,0.375,0.016357421875,0.045609257998638526,0.0002675652503967285,0
3855,-0.814453125,CC,-0.8125,CD,-0.796875,0.017578125,0.02158273381294964,0.000308990478515625,0
3856,0.416748046875,1B,0.421875,1B,0.421875,0.005126953125,0.012302284710017574,2.6285648345947266e-05,1
3857,-1.2431640625,B8,-1.25,B8,-1.25,0.0068359375,0.0054988216810683424,4.673004150390625e-05,1
3858,0.394287109375,19,0.390625,19,0.390625,0.003662109375,0.009287925696594427,1.341104507446289e-05,1
3859,-0.0087890625,FF,-0.015625,00,0.0,0.0087890625,1.0,7.724761962890625e-05,0
3860,1.154296875,45,1.15625,45,1.15625,0.001953125,0.001692047377326565,3.814697265625e-06,1
3861,0.17919921875,0B,0.171875,0B,0.171875,0.00732421875,0.04087193460490463,5.364418029785156e-05,1
3862,-0.020263671875,FF,-0.015625,FF,-0.015625,0.004638671875,0.2289156626506024,2.1517276763916016e-05,1
3863,0.4345703125,1C,0.4375,1D,0.453125,0.0185546875,0.04269662921348315,0.00034427642822265625,0
3864,0.0693359375,04,0.0625,04,0.0625,0.0068359375,0.09859154929577464,4.673004150390625e-05,1
3865,-0.030029296875,FE,-0.03125,FF,-0.015625,0.014404296875,0.4796747967479675,0.00020748376846313477,0
3866,-1.151611328125,BB,-1.15625,BC,-1.125,0.026611328125,0.023107907568369727,0.000708162784576416,0
3867,0.6923828125,2C,0.6875,2B,0.671875,0.0205078125,0.029619181946403384,0.00042057037353515625,0
3868,0.26806640625,11,0.265625,11,0.265625,0.00244140625,0.009107468123861567,5.9604644775390625e-06,1
3869,0.312255859375,14,0.3125,15,0.328125,0.015869140625,0.0508209538702111,0.0002518296241760254,0
3870,-1.027587890625,BF,-1.03125,C0,-1.0,0.027587890625,0.026847232121644096,0.0007610917091369629,0
3871,-0.50439453125,E0,-0.5,E1,-0.484375,0.02001953125,0.03969022265246854,0.00040078163146972656,0
3872,-0.210205078125,F3,-0.203125,F3,-0.203125,0.007080078125,0.03368176538908246,5.0127506256103516e-05,1
3873,-1.9228515625,A2,-1.9375,A2,-1.9375,0.0146484375,0.007618080243778568,0.00021457672119140625,1
3874,-0.0087890625,FF,-0.015625,FF,-0.015625,0.0068359375,0.7777777777777778,4.673004150390625e-05,1
3875,-1.34033203125,B5,-1.34375,B6,-1.3125,0.02783203125,0.020765027322404372,0.0007746219635009766,0
3876,-0.22509765625,F2,-0.21875,F0,-0.25,0.02490234375,0.11062906724511931,0.0006201267242431641,0
3877,1.481201171875,4F,1.46875,4F,1.46875,0.012451171875,0.008406131531234548,0.00015503168106079102,1
3878,0.563720703125,24,0.5625,24,0.5625,0.001220703125,0.0021654395842356,1.4901161193847656e-06,1
3879,-0.0556640625,FC,-0.0625,FC,-0.0625,0.0068359375,0.12280701754385964,4.673004150390625e-05,1
3880,-1.028076171875,BF,-1.03125,BE,-1.0625,0.034423828125,0.0334837330800285,0.001184999942779541,0
3881,-0.815185546875,CC,-0.8125,CB,-0.828125,0.012939453125,0.015873015873015872,0.00016742944717407227,0
3882,0.85498046875,37,0.859375,37,0.859375,0.00439453125,0.005139920045688178,1.9311904907226562e-05,1
3883,-0.099365234375,FA,-0.09375,FA,-0.09375,0.005615234375,0.056511056511056514,3.153085708618164e-05,1
3884,2.187744140625,62,2.25,62,2.25,0.062255859375,0.02845664546367593,0.0038757920265197754,1
3885,0.00390625,01,0.015625,00,0.0,0.00390625,1.0,1.52587890625e-05,0
3886,1.284912109375,49,1.28125,4A,1.3125,0.027587890625,0.02147064411932358,0.0007610917091369629,0
3887,-1.1943359375,BA,-1.1875,BA,-1.1875,0.0068359375,0.005723630417007359,4.673004150390625e-05,1
3888,1.446533203125,4E,1.4375,4E,1.4375,0.009033203125,0.006244725738396625,8.159875869750977e-05,1
3889,-1.437255859375,B2,-1.4375,B2,-1.4375,0.000244140625,0.00016986580601324953,5.960464477539063e-08,1
3890,0.4306640625,1C,0.4375,1A,0.40625,0.0244140625,0.05668934240362812,0.0005960464477539062,0
3891,-0.977294921875,C1,-0.984375,C2,-0.96875,0.008544921875,0.00874344241818636,7.301568984985352e-05,0
3892,-1.259521484375,B8,-1.25,B8,-1.25,0.009521484375,0.007559604574529948,9.065866470336914e-05,1
3893,0.00439453125,01,0.015625,00,0.0,0.00439453125,1.0,1.9311904907226562e-05,0
3894,0.887451171875,39,0.890625,3A,0.90625,0.018798828125,0.021182943603851444,0.000353395938873291,0
3895,0.8525390625,37,0.859375,37,0.859375,0.0068359375,0.008018327605956471,4.673004150390625e-05,1
3896,-2.357177734375,9D,-2.375,9D,-2.375,0.017822265625,0.007560849300880373,0.00031763315200805664,1
3897,1.5224609375,51,1.53125,50,1.5,0.0224609375,0.014753046824887749,0.0005044937133789062,0
3898,0.781494140625,32,0.78125,32,0.78125,0.000244140625,0.00031240237425804435,5.960464477539063e-08,1
3899,-0.2314453125,F1,-0.234375,F1,-0.234375,0.0029296875,0.012658227848101266,8.58306884765625e-06,1
3900,-0.4111328125,E6,-0.40625,E5,-0.421875,0.0107421875,0.026128266033254157,0.00011539459228515625,0
3901,-0.89306640625,C7,-0.890625,C6,-0.90625,0.01318359375,0.014762165117550574,0.00017380714416503906,0
3902,0.755126953125,30,0.75,30,0.75,0.005126953125,0.006789524733268671,2.6285648345947266e-05,1
3903,0.660400390625,2A,0.65625,2B,0.671875,0.011474609375,0.017375231053604435,0.0001316666603088379,0
3904,-1.404296875,B3,-1.40625,B3,-1.40625,0.001953125,0.0013908205841446453,3.814697265625e-06,1
3905,1.4248046875,4E,1.4375,4E,1.4375,0.0126953125,0.008910212474297465,0.00016117095947265625,1
3906,-0.970458984375,C2,-0.96875,C3,-0.953125,0.017333984375,0.017861635220125786,0.00030046701431274414,0
3907,-0.840576171875,CA,-0.84375,CB,-0.828125,0.012451171875,0.014812663374963694,0.00015503168106079102,0
3908,-0.99951171875,C0,-1.0,C0,-1.0,0.00048828125,0.0004885197850512946,2.384185791015625e-07,1
3909,-0.97705078125,C1,-0.984375,C2,-0.96875,0.00830078125,0.00849575212393803,6.890296936035156e-05,0
3910,0.08642578125,06,0.09375,05,0.078125,0.00830078125,0.096045197740113,6.890296936035156e-05,0
3911,-0.0810546875,FB,-0.078125,FB,-0.078125,0.0029296875,0.03614457831325301,8.58306884765625e-06,1
3912,1.0888671875,43,1.09375,43,1.09375,0.0048828125,0.004484304932735426,2.384185791015625e-05,1
3913,1.134521484375,44,1.125,44,1.125,0.009521484375,0.008392511297611363,9.065866470336914e-05,1
3914,-0.7763671875,CE,-0.78125,CE,-0.78125,0.0048828125,0.006289308176100629,2.384185791015625e-05,1
3915,-0.001953125,FF,-0.015625,00,0.0,0.001953125,1.0,3.814697265625e-06,0
3916,-0.355712890625,E9,-0.359375,E9,-0.359375,0.003662109375,0.01029512697323267,1.341104507446289e-05,1
3917,1.46630859375,4F,1.46875,4F,1.46875,0.00244140625,0.001665001665001665,5.9604644775390625e-06,1
3918,0.589599609375,26,0.59375,26,0.59375,0.004150390625,0.007039337474120083,1.722574234008789e-05,1
3919,-1.821044921875,A6,-1.8125,A6,-1.8125,0.008544921875,0.004692318005094517,7.301568984985352e-05,1
3920,-0.586669921875,DA,-0.59375,DB,-0.578125,0.008544921875,0.014565126924677487,7.301568984985352e-05,0
3921,-0.210693359375,F3,-0.203125,F2,-0.21875,0.008056640625,0.038238702201622246,6.490945816040039e-05,0
3922,-1.3740234375,B4,-1.375,B4,-1.375,0.0009765625,0.0007107320540156361,9.5367431640625e-07,1
3923,1.42333984375,4E,1.4375,4E,1.4375,0.01416015625,0.009948542024013723,0.00020051002502441406,1
3924,-0.459716796875,E3,-0.453125,E3,-0.453125,0.006591796875,0.014338821030270845,4.3451786041259766e-05,1
3925,1.3798828125,4C,1.375,4C,1.375,0.0048828125,0.003538570417551309,2.384185791015625e-05,1
3926,-0.36328125,E9,-0.359375,E9,-0.359375,0.00390625,0.010752688172043012,1.52587890625e-05,1
3927,-0.7734375,CE,-0.78125,CF,-0.765625,0.0078125,0.010101010101010102,6.103515625e-05,0
3928,-0.220947265625,F2,-0.21875,F2,-0.21875,0.002197265625,0.009944751381215469,4.827976226806641e-06,1
3929,-0.820068359375,CC,-0.8125,CC,-0.8125,0.007568359375,0.00922893718368562,5.728006362915039e-05,1
3930,0.630859375,28,0.625,29,0.640625,0.009765625,0.015479876160990712,9.5367431640625e-05,0
3931,-1.42529296875,B2,-1.4375,B2,-1.4375,0.01220703125,0.00856457690990065,0.00014901161193847656,1
3932,-0.5849609375,DB,-0.578125,DB,-0.578125,0.0068359375,0.011686143572621035,4.673004150390625e-05,1
3933,-1.009765625,C0,-1.0,C0,-1.0,0.009765625,0.009671179883945842,9.5367431640625e-05,1
3934,-0.4482421875,E3,-0.453125,E3,-0.453125,0.0048828125,0.010893246187363835,2.384185791015625e-05,1
3935,-2.472900390625,9C,-2.5,9C,-2.5,0.027099609375,0.01095863362622174,0.0007343888282775879,1
3936,0.31884765625,14,0.3125,13,0.296875,0.02197265625,0.06891271056661562,0.00048279762268066406,0
3937,0.20361328125,0D,0.203125,0C,0.1875,0.01611328125,0.07913669064748201,0.00025963783264160156,0
3938,1.134033203125,44,1.125,44,1.125,0.009033203125,0.007965554359526372,8.159875869750977e-05,1
3939,-0.48681640625,E1,-0.484375,E0,-0.5,0.01318359375,0.02708124373119358,0.00017380714416503906,0
3940,-0.709228515625,D3,-0.703125,D2,-0.71875,0.009521484375,0.01342512908777969,9.065866470336914e-05,0
3941,-0.65869140625,D6,-0.65625,D6,-0.65625,0.00244140625,0.0037064492216456633,5.9604644775390625e-06,1
3942,-0.107666015625,F9,-0.109375,F9,-0.109375,0.001708984375,0.015873015873015872,2.9206275939941406e-06,1
3943,1.09521484375,43,1.09375,43,1.09375,0.00146484375,0.0013374944271065537,2.1457672119140625e-06,1
3944,0.694091796875,2C,0.6875,2C,0.6875,0.006591796875,0.009497010200492437,4.3451786041259766e-05,1
3945,-0.31201171875,EC,-0.3125,EC,-0.3125,0.00048828125,0.001564945226917058,2.384185791015625e-07,1
3946,-0.86279296875,C9,-0.859375,C9,-0.859375,0.00341796875,0.003961516694963215,1.1682510375976562e-05,1
3947,-1.28369140625,B7,-1.28125,B6,-1.3125,0.02880859375,0.022441993153290225,0.0008299350738525391,0
3948,1.3125,4A,1.3125,4A,1.3125,0.0,0.0,0.0,1
3949,-0.311767578125,EC,-0.3125,EC,-0.3125,0.000732421875,0.0023492560689115116,5.364418029785156e-07,1
3950,-0.43017578125,E4,-0.4375,E5,-0.421875,0.00830078125,0.019296254256526674,6.890296936035156e-05,0
3951,0.721923828125,2E,0.71875,2E,0.71875,0.003173828125,0.00439634764964491,1.0073184967041016e-05,1
3952,0.7685546875,31,0.765625,31,0.765625,0.0029296875,0.0038119440914866584,8.58306884765625e-06,1
3953,0.0634765625,04,0.0625,04,0.0625,0.0009765625,0.015384615384615385,9.5367431640625e-07,1
3954,-1.345947265625,B5,-1.34375,B4,-1.375,0.029052734375,0.02158534373299474,0.0008440613746643066,0
3955,0.228271484375,0F,0.234375,0F,0.234375,0.006103515625,0.026737967914438502,3.725290298461914e-05,1
3956,-0.596435546875,DA,-0.59375,D9,-0.609375,0.012939453125,0.02169463774048301,0.00016742944717407227,0
3957,-0.226318359375,F2,-0.21875,F1,-0.234375,0.008056640625,0.03559870550161812,6.490945816040039e-05,0
3958,0.40576171875,1A,0.40625,19,0.390625,0.01513671875,0.03730445246690734,0.00022912025451660156,0
3959,-1.47021484375,B1,-1.46875,B2,-1.4375,0.03271484375,0.02225174360677516,0.001070261001586914,0
3960,-0.496337890625,E0,-0.5,E1,-0.484375,0.011962890625,0.024102311854402363,0.0001431107521057129,0
3961,-1.04638671875,BF,-1.03125,BE,-1.0625,0.01611328125,0.015398973401773215,0.00025963783264160156,0
3962,-0.104736328125,F9,-0.109375,F9,-0.109375,0.004638671875,0.04428904428904429,2.1517276763916016e-05,1
3963,1.036376953125,41,1.03125,41,1.03125,0.005126953125,0.0049469964664310955,2.6285648345947266e-05,1
3964,-1.524169921875,AF,-1.53125,B0,-1.5,0.024169921875,0.01585776069197501,0.0005841851234436035,0
3965,-1.5888671875,AD,-1.59375,AD,-1.59375,0.0048828125,0.003073140749846343,2.384185791015625e-05,1
3966,-0.048095703125,FD,-0.046875,FD,-0.046875,0.001220703125,0.025380710659898477,1.4901161193847656e-06,1
3967,-0.21826171875,F2,-0.21875,F2,-0.21875,0.00048828125,0.0022371364653243847,2.384185791015625e-07,1
3968,-1.765869140625,A7,-1.78125,A8,-1.75,0.015869140625,0.008986589243743952,0.0002518296241760254,0
3969,-1.1083984375,BD,-1.09375,BC,-1.125,0.0166015625,0.014977973568281937,0.00027561187744140625,0
3970,-1.707763671875,A9,-1.71875,AA,-1.6875,0.020263671875,0.011865618298784845,0.000410616397857666,0
3971,0.588623046875,26,0.59375,26,0.59375,0.005126953125,0.008710078805474907,2.6285648345947266e-05,1
3972,-0.441650390625,E4,-0.4375,E4,-0.4375,0.004150390625,0.009397457158651189,1.722574234008789e-05,1
3973,-0.80908203125,CC,-0.8125,CB,-0.828125,0.01904296875,0.023536511768255886,0.00036263465881347656,0
3974,0.098876953125,06,0.09375,06,0.09375,0.005126953125,0.05185185185185185,2.6285648345947266e-05,1
3975,1.241943359375,48,1.25,48,1.25,0.008056640625,0.0064871240416748575,6.490945816040039e-05,1
3976,-1.249267578125,B8,-1.25,B8,-1.25,0.000732421875,0.000586281024037522,5.364418029785156e-07,1
3977,-0.387939453125,E7,-0.390625,E7,-0.390625,0.002685546875,0.006922592825676526,7.212162017822266e-06,1
3978,-0.65966796875,D6,-0.65625,D6,-0.65625,0.00341796875,0.0051813471502590676,1.1682510375976562e-05,1
3979,-0.470703125,E2,-0.46875,E1,-0.484375,0.013671875,0.029045643153526972,0.000186920166015625,0
3980,0.26513671875,11,0.265625,11,0.265625,0.00048828125,0.001841620626151013,2.384185791015625e-07,1
3981,0.67919921875,2B,0.671875,2C,0.6875,0.00830078125,0.012221423436376708,6.890296936035156e-05,0
3982,0.3369140625,16,0.34375,16,0.34375,0.0068359375,0.020289855072463767,4.673004150390625e-05,1
3983,0.1298828125,08,0.125,08,0.125,0.0048828125,0.03759398496240601,2.384185791015625e-05,1
3984,-0.34423828125,EA,-0.34375,EA,-0.34375,0.00048828125,0.0014184397163120568,2.384185791015625e-07,1
3985,-2.018310546875,A0,-2.0,A0,-2.0,0.018310546875,0.009072214830047175,0.00033527612686157227,1
3986,1.2734375,49,1.28125,49,1.28125,0.0078125,0.006134969325153374,6.103515625e-05,1
3987,-0.283203125,EE,-0.28125,EE,-0.28125,0.001953125,0.006896551724137931,3.814697265625e-06,1
3988,-0.634521484375,D7,-0.640625,D7,-0.640625,0.006103515625,0.009619084263178146,3.725290298461914e-05,1
3989,-0.5107421875,DF,-0.515625,DF,-0.515625,0.0048828125,0.009560229445506692,2.384185791015625e-05,1
3990,0.97998046875,3F,0.984375,3E,0.96875,0.01123046875,0.0114598903836572,0.00012612342834472656,0
3991,-1.042724609375,BF,-1.03125,BE,-1.0625,0.019775390625,0.018965113556544136,0.0003910660743713379,0
3992,-0.606201171875,D9,-0.609375,DA,-0.59375,0.012451171875,0.02053966975432944,0.00015503168106079102,0
3993,0.228515625,0F,0.234375,10,0.25,0.021484375,0.09401709401709402,0.000461578369140625,0
3994,0.05126953125,03,0.046875,03,0.046875,0.00439453125,0.08571428571428572,1.9311904907226562e-05,1
3995,-1.33251953125,B5,-1.34375,B6,-1.3125,0.02001953125,0.015023818248442653,0.00040078163146972656,0
3996,1.346435546875,4B,1.34375,4C,1.375,0.028564453125,0.021214868540344513,0.0008159279823303223,0
3997,-0.079833984375,FB,-0.078125,FA,-0.09375,0.013916015625,0.1743119266055046,0.00019365549087524414,0
3998,-1.369384765625,B4,-1.375,B4,-1.375,0.005615234375,0.004100552683187734,3.153085708618164e-05,1
3999,-0.235107421875,F1,-0.234375,F2,-0.21875,0.016357421875,0.0695742471443406,0.0002675652503967285,0
4000,0.743408203125,30,0.75,30,0.75,0.006591796875,0.008866995073891626,4.3451786041259766e-05,1
4001,1.517822265625,51,1.53125,50,1.5,0.017822265625,0.01174199774811002,0.00031763315200805664,0
4002,-1.1376953125,BC,-1.125,BC,-1.125,0.0126953125,0.011158798283261802,0.00016117095947265625,1
4003,0.093017578125,06,0.09375,06,0.09375,0.000732421875,0.007874015748031496,5.364418029785156e-07,1
4004,0.68017578125,2C,0.6875,2C,0.6875,0.00732421875,0.010768126346015794,5.364418029785156e-05,1
4005,0.666259765625,2B,0.671875,2B,0.671875,0.005615234375,0.008427995602784902,3.153085708618164e-05,1
4006,0.66015625,2A,0.65625,2A,0.65625,0.00390625,0.005917159763313609,1.52587890625e-05,1
4007,0.953125,3D,0.953125,3E,0.96875,0.015625,0.01639344262295082,0.000244140625,0
4008,1.261962890625,48,1.25,48,1.25,0.011962890625,0.009479589862642678,0.0001431107521057129,1
4009,-0.921875,C5,-0.921875,C5,-0.921875,0.0,0.0,0.0,1
4010,0.5849609375,25,0.578125,25,0.578125,0.0068359375,0.011686143572621035,4.673004150390625e-05,1
4011,0.49462890625,20,0.5,20,0.5,0.00537109375,0.01085883514313919,2.8848648071289062e-05,1
4012,0.7080078125,2D,0.703125,2C,0.6875,0.0205078125,0.028965517241379312,0.00042057037353515625,0
4013,0.804443359375,33,0.796875,33,0.796875,0.007568359375,0.009408194233687404,5.728006362915039e-05,1
4014,-0.343994140625,EA,-0.34375,EB,-0.328125,0.015869140625,0.046132008516678494,0.0002518296241760254,0
4015,-0.366943359375,E9,-0.359375,E9,-0.359375,0.007568359375,0.020625415834996674,5.728006362915039e-05,1
4016,-0.032958984375,FE,-0.03125,FF,-0.015625,0.017333984375,0.5259259259259259,0.00030046701431274414,0
4017,-2.180908203125,9F,-2.125,9E,-2.25,0.069091796875,0.03168028657785738,0.00477367639541626,0
4018,0.491943359375,1F,0.484375,20,0.5,0.008056640625,0.016377171215880892,6.490945816040039e-05,0
4019,0.311767578125,14,0.3125,14,0.3125,0.000732421875,0.0023492560689115116,5.364418029785156e-07,1
4020,-0.523193359375,DF,-0.515625,DF,-0.515625,0.007568359375,0.014465702286514233,5.728006362915039e-05,1
4021,-0.493408203125,E0,-0.5,E0,-0.5,0.006591796875,0.013359722909450767,4.3451786041259766e-05,1
4022,1.152099609375,45,1.15625,45,1.15625,0.004150390625,0.003602458147912693,1.722574234008789e-05,1
4023,1.8388671875,5B,1.84375,5A,1.8125,0.0263671875,0.014338821030270845,0.0006952285766601562,0
4024,-2.01171875,A0,-2.0,A0,-2.0,0.01171875,0.005825242718446602,0.0001373291015625,1
4025,-1.96435546875,A1,-1.96875,A1,-1.96875,0.00439453125,0.0022371364653243847,1.9311904907226562e-05,1
4026,0.5458984375,23,0.546875,23,0.546875,0.0009765625,0.0017889087656529517,9.5367431640625e-07,1
4027,-0.298583984375,ED,-0.296875,ED,-0.296875,0.001708984375,0.005723630417007359,2.9206275939941406e-06,1
4028,0.12548828125,08,0.125,08,0.125,0.00048828125,0.0038910505836575876,2.384185791015625e-07,1
4029,0.42236328125,1B,0.421875,1B,0.421875,0.00048828125,0.0011560693641618498,2.384185791015625e-07,1
4030,0.346923828125,16,0.34375,17,0.359375,0.012451171875,0.03589021815622801,0.00015503168106079102,0
4031,-0.05712890625,FC,-0.0625,FC,-0.0625,0.00537109375,0.09401709401709402,2.8848648071289062e-05,1
4032,-1.0224609375,BF,-1.03125,C0,-1.0,0.0224609375,0.021967526265520534,0.0005044937133789062,0
4033,1.215087890625,47,1.21875,47,1.21875,0.003662109375,0.0030138637733574444,1.341104507446289e-05,1
4034,-0.1767578125,F5,-0.171875,F6,-0.15625,0.0205078125,0.11602209944751381,0.00042057037353515625,0
4035,-0.022216796875,FF,-0.015625,FF,-0.015625,0.006591796875,0.2967032967032967,4.3451786041259766e-05,1
4036,0.581787109375,25,0.578125,25,0.578125,0.003662109375,0.00629458665547629,1.341104507446289e-05,1
4037,-0.2841796875,EE,-0.28125,EE,-0.28125,0.0029296875,0.010309278350515464,8.58306884765625e-06,1
4038,1.63232421875,54,1.625,54,1.625,0.00732421875,0.004486987735566856,5.364418029785156e-05,1
4039,-0.598388671875,DA,-0.59375,DA,-0.59375,0.004638671875,0.007751937984496124,2.1517276763916016e-05,1
4040,1.05615234375,42,1.0625,42,1.0625,0.00634765625,0.006010171058714748,4.029273986816406e-05,1
4041,-0.0224609375,FF,-0.015625,FE,-0.03125,0.0087890625,0.391304347826087,7.724761962890625e-05,0
4042,0.3466796875,16,0.34375,16,0.34375,0.0029296875,0.008450704225352112,8.58306884765625e-06,1
4043,-0.696044921875,D3,-0.703125,D3,-0.703125,0.007080078125,0.010171869519466853,5.0127506256103516e-05,1
4044,-0.9892578125,C1,-0.984375,C1,-0.984375,0.0048828125,0.004935834155972359,2.384185791015625e-05,1
4045,0.091796875,06,0.09375,05,0.078125,0.013671875,0.14893617021276595,0.000186920166015625,0
4046,-1.235595703125,B8,-1.25,B8,-1.25,0.014404296875,0.011657775143252322,0.00020748376846313477,1
4047,-0.9033203125,C6,-0.90625,C6,-0.90625,0.0029296875,0.003243243243243243,8.58306884765625e-06,1
4048,1.975341796875,5F,1.96875,60,2.0,0.024658203125,0.012483005808923496,0.0006080269813537598,0
4049,-0.8271484375,CB,-0.828125,CB,-0.828125,0.0009765625,0.0011806375442739079,9.5367431640625e-07,1
4050,1.03271484375,41,1.03125,41,1.03125,0.00146484375,0.0014184397163120568,2.1457672119140625e-06,1
4051,1.0361328125,41,1.03125,40,1.0,0.0361328125,0.034872761545711596,0.0013055801391601562,0
4052,0.6748046875,2B,0.671875,2B,0.671875,0.0029296875,0.004341534008683068,8.58306884765625e-06,1
4053,-1.797119140625,A6,-1.8125,A7,-1.78125,0.015869140625,0.008830321967124032,0.0002518296241760254,0
4054,-0.384033203125,E7,-0.390625,E8,-0.375,0.009033203125,0.023521932612841703,8.159875869750977e-05,0
4055,0.410888671875,1A,0.40625,1B,0.421875,0.010986328125,0.026737967914438502,0.00012069940567016602,0
4056,0.848876953125,36,0.84375,38,0.875,0.026123046875,0.030773655450100662,0.0006824135780334473,0
4057,-0.52783203125,DE,-0.53125,DF,-0.515625,0.01220703125,0.02312673450508788,0.00014901161193847656,0
4058,0.291259765625,13,0.296875,12,0.28125,0.010009765625,0.03436714165968147,0.00010019540786743164,0
4059,-0.74560546875,D0,-0.75,D1,-0.734375,0.01123046875,0.015062213490504257,0.00012612342834472656,0
4060,1.058349609375,42,1.0625,42,1.0625,0.004150390625,0.00392156862745098,1.722574234008789e-05,1
4061,-0.561279296875,DC,-0.5625,DC,-0.5625,0.001220703125,0.002174858634188778,1.4901161193847656e-06,1
4062,-1.511962890625,B0,-1.5,AF,-1.53125,0.019287109375,0.012756337800742774,0.0003719925880432129,0
4063,1.05029296875,42,1.0625,42,1.0625,0.01220703125,0.011622501162250116,0.00014901161193847656,1
4064,1.03662109375,41,1.03125,41,1.03125,0.00537109375,0.0051813471502590676,2.8848648071289062e-05,1
4065,0.03955078125,03,0.046875,02,0.03125,0.00830078125,0.20987654320987653,6.890296936035156e-05,0
4066,-0.416015625,E5,-0.421875,E5,-0.421875,0.005859375,0.014084507042253521,3.4332275390625e-05,1
4067,0.80615234375,34,0.8125,34,0.8125,0.00634765625,0.007874015748031496,4.029273986816406e-05,1
4068,1.602294921875,53,1.59375,53,1.59375,0.008544921875,0.005332927015084565,7.301568984985352e-05,1
4069,-0.590576171875,DA,-0.59375,DB,-0.578125,0.012451171875,0.02108309218685407,0.00015503168106079102,0
4070,-0.488525390625,E1,-0.484375,E0,-0.5,0.011474609375,0.02348825587206397,0.0001316666603088379,0
4071,0.25244140625,10,0.25,11,0.265625,0.01318359375,0.05222437137330754,0.00017380714416503906,0
4072,-0.336181640625,EA,-0.34375,EB,-0.328125,0.008056640625,0.023965141612200435,6.490945816040039e-05,0
4073,0.306396484375,14,0.3125,14,0.3125,0.006103515625,0.0199203187250996,3.725290298461914e-05,1
4074,0.006591796875,01,0.015625,01,0.015625,0.009033203125,1.3703703703703705,8.159875869750977e-05,1
4075,1.341796875,4B,1.34375,4B,1.34375,0.001953125,0.001455604075691412,3.814697265625e-06,1
4076,1.39501953125,4D,1.40625,4D,1.40625,0.01123046875,0.008050402520126006,0.00012612342834472656,1
4077,0.923095703125,3B,0.921875,3A,0.90625,0.016845703125,0.018249140439037293,0.00028377771377563477,0
4078,1.043212890625,41,1.03125,42,1.0625,0.019287109375,0.018488181605429442,0.0003719925880432129,0
4079,-0.200927734375,F3,-0.203125,F3,-0.203125,0.002197265625,0.010935601458080195,4.827976226806641e-06,1
4080,0.193115234375,0C,0.1875,0C,0.1875,0.005615234375,0.029077117572692796,3.153085708618164e-05,1
4081,-1.221923828125,B9,-1.21875,B9,-1.21875,0.003173828125,0.0025974025974025974,1.0073184967041016e-05,1
4082,-0.012451171875,FF,-0.015625,FF,-0.015625,0.003173828125,0.2549019607843137,1.0073184967041016e-05,1
4083,-0.21337890625,F2,-0.21875,F4,-0.1875,0.02587890625,0.12128146453089245,0.0006697177886962891,0
4084,0.742919921875,30,0.75,2F,0.734375,0.008544921875,0.011501807426881366,7.301568984985352e-05,0
4085,0.20849609375,0D,0.203125,0E,0.21875,0.01025390625,0.04918032786885246,0.00010514259338378906,0
4086,-0.537353515625,DE,-0.53125,DD,-0.546875,0.009521484375,0.017719218537028625,9.065866470336914e-05,0
4087,0.119873046875,08,0.125,08,0.125,0.005126953125,0.04276985743380855,2.6285648345947266e-05,1
4088,0.32958984375,15,0.328125,15,0.328125,0.00146484375,0.0044444444444444444,2.1457672119140625e-06,1
4089,0.50732421875,20,0.5,21,0.515625,0.00830078125,0.016361886429258902,6.890296936035156e-05,0
4090,0.02001953125,01,0.015625,02,0.03125,0.01123046875,0.5609756097560976,0.00012612342834472656,0
4091,-1.154296875,BB,-1.15625,BA,-1.1875,0.033203125,0.028764805414551606,0.001102447509765625,0
4092,0.70849609375,2D,0.703125,2E,0.71875,0.01025390625,0.014472777394900068,0.00010514259338378906,0
4093,0.0986328125,06,0.09375,07,0.109375,0.0107421875,0.10891089108910891,0.00011539459228515625,0
4094,1.081298828125,43,1.09375,43,1.09375,0.012451171875,0.011515014675999097,0.00015503168106079102,1
4095,-0.070556640625,FB,-0.078125,FB,-0.078125,0.007568359375,0.10726643598615918,5.728006362915039e-05,1
4096,0.051025390625,03,0.046875,03,0.046875,0.004150390625,0.08133971291866028,1.722574234008789e-05,1
4097,0.72705078125,2F,0.734375,2F,0.734375,0.00732421875,0.010073875083948958,5.364418029785156e-05,1
4098,0.467041015625,1E,0.46875,1E,0.46875,0.001708984375,0.0036591740721380033,2.9206275939941406e-06,1
4099,0.172607421875,0B,0.171875,0B,0.171875,0.000732421875,0.004243281471004243,5.364418029785156e-07,1
4100,-0.517333984375,DF,-0.515625,DE,-0.53125,0.013916015625,0.026899480887210947,0.00019365549087524414,0
4101,-1.4111328125,B3,-1.40625,B2,-1.4375,0.0263671875,0.018685121107266434,0.0006952285766601562,0
4102,0.781982421875,32,0.78125,32,0.78125,0.000732421875,0.0009366219169528567,5.364418029785156e-07,1
4103,-0.844482421875,CA,-0.84375,CA,-0.84375,0.000732421875,0.0008673026886383347,5.364418029785156e-07,1
4104,1.681396484375,56,1.6875,56,1.6875,0.006103515625,0.0036300275882096703,3.725290298461914e-05,1
4105,-0.933349609375,C4,-0.9375,C4,-0.9375,0.004150390625,0.004446769552707298,1.722574234008789e-05,1
4106,-0.998046875,C0,-1.0,C0,-1.0,0.001953125,0.0019569471624266144,3.814697265625e-06,1
4107,0.55615234375,24,0.5625,24,0.5625,0.00634765625,0.01141352063213345,4.029273986816406e-05,1
4108,-0.35693359375,E9,-0.359375,E9,-0.359375,0.00244140625,0.006839945280437756,5.9604644775390625e-06,1
4109,-1.26904296875,B7,-1.28125,B7,-1.28125,0.01220703125,0.009619084263178146,0.00014901161193847656,1
4110,-0.33642578125,EA,-0.34375,EC,-0.3125,0.02392578125,0.07111756168359942,0.0005724430084228516,0
4111,1.566650390625,52,1.5625,52,1.5625,0.004150390625,0.002649213027894655,1.722574234008789e-05,1
4112,0.478271484375,1F,0.484375,1F,0.484375,0.006103515625,0.012761613067891782,3.725290298461914e-05,1
4113,0.241455078125,0F,0.234375,0F,0.234375,0.007080078125,0.029322548028311426,5.0127506256103516e-05,1
4114,1.475830078125,4F,1.46875,50,1.5,0.024169921875,0.016377171215880892,0.0005841851234436035,0
4115,0.22509765625,0E,0.21875,0F,0.234375,0.00927734375,0.04121475054229935,8.606910705566406e-05,0
4116,-0.98486328125,C1,-0.984375,C1,-0.984375,0.00048828125,0.0004957858205255329,2.384185791015625e-07,1
4117,-0.300537109375,ED,-0.296875,ED,-0.296875,0.003662109375,0.012185215272136474,1.341104507446289e-05,1
4118,0.122802734375,08,0.125,07,0.109375,0.013427734375,0.10934393638170974,0.00018030405044555664,0
4119,1.76318359375,58,1.75,58,1.75,0.01318359375,0.007477153143173636,0.00017380714416503906,1
4120,-1.728759765625,A9,-1.71875,A8,-1.75,0.021240234375,0.012286400225956786,0.00045114755630493164,0
4121,0.930908203125,3C,0.9375,3B,0.921875,0.009033203125,0.00970364542355101,8.159875869750977e-05,0
4122,-0.531005859375,DE,-0.53125,DE,-0.53125,0.000244140625,0.0004597701149425287,5.960464477539063e-08,1
4123,1.438720703125,4E,1.4375,4E,1.4375,0.001220703125,0.0008484642796538266,1.4901161193847656e-06,1
4124,0.018798828125,01,0.015625,02,0.03125,0.012451171875,0.6623376623376623,0.00015503168106079102,0
4125,0.281494140625,12,0.28125,13,0.296875,0.015380859375,0.05464006938421509,0.0002365708351135254,0
4126,0.32958984375,15,0.328125,15,0.328125,0.00146484375,0.0044444444444444444,2.1457672119140625e-06,1
4127,-0.431884765625,E4,-0.4375,E5,-0.421875,0.010009765625,0.023176936122102882,0.00010019540786743164,0
4128,-0.45751953125,E3,-0.453125,E2,-0.46875,0.01123046875,0.02454642475987193,0.00012612342834472656,0
4129,0.79443359375,33,0.796875,33,0.796875,0.00244140625,0.003073140749846343,5.9604644775390625e-06,1
4130,-0.001220703125,FF,-0.015625,00,0.0,0.001220703125,1.0,1.4901161193847656e-06,0
4131,1.686279296875,56,1.6875,56,1.6875,0.001220703125,0.0007239032865209208,1.4901161193847656e-06,1
4132,-0.681884765625,D4,-0.6875,D5,-0.671875,0.010009765625,0.014679556032939491,0.00010019540786743164,0
4133,0.85595703125,37,0.859375,36,0.84375,0.01220703125,0.01426126640045636,0.00014901161193847656,0
4134,0.476806640625,1F,0.484375,1E,0.46875,0.008056640625,0.016897081413210446,6.490945816040039e-05,0
4135,0.314697265625,14,0.3125,14,0.3125,0.002197265625,0.0069821567106283944,4.827976226806641e-06,1
4136,-1.0810546875,BD,-1.09375,BE,-1.0625,0.0185546875,0.017163504968383016,0.00034427642822265625,0
4137,1.624267578125,54,1.625,54,1.625,0.000732421875,0.00045092439500977,5.364418029785156e-07,1
4138,0.823486328125,35,0.828125,35,0.828125,0.004638671875,0.0056329676845538095,2.1517276763916016e-05,1
4139,1.351806640625,4B,1.34375,4C,1.375,0.023193359375,0.01715730540003612,0.0005379319190979004,0
4140,-1.89111328125,A3,-1.90625,A4,-1.875,0.01611328125,0.008520526723470178,0.00025963783264160156,0
4141,-0.293701171875,ED,-0.296875,ED,-0.296875,0.003173828125,0.010806317539484621,1.0073184967041016e-05,1
4142,-0.823486328125,CB,-0.828125,CC,-0.8125,0.010986328125,0.013341239252890602,0.00012069940567016602,0
4143,0.086669921875,06,0.09375,06,0.09375,0.007080078125,0.08169014084507042,5.0127506256103516e-05,1
4144,0.643310546875,29,0.640625,29,0.640625,0.002685546875,0.004174573055028463,7.212162017822266e-06,1
4145,-1.110107421875,BC,-1.125,BD,-1.09375,0.016357421875,0.014734990103364856,0.0002675652503967285,0
4146,-0.5458984375,DD,-0.546875,DD,-0.546875,0.0009765625,0.0017889087656529517,9.5367431640625e-07,1
4147,2.169189453125,61,2.125,61,2.125,0.044189453125,0.020371412492965674,0.0019527077674865723,1
4148,-0.833251953125,CB,-0.828125,CA,-0.84375,0.010498046875,0.01259888661002051,0.00011020898818969727,0
4149,0.969970703125,3E,0.96875,3E,0.96875,0.001220703125,0.0012584948401711553,1.4901161193847656e-06,1
4150,-1.099609375,BD,-1.09375,BD,-1.09375,0.005859375,0.0053285968028419185,3.4332275390625e-05,1
4151,0.7646484375,31,0.765625,31,0.765625,0.0009765625,0.001277139208173691,9.5367431640625e-07,1
4152,-0.7490234375,D0,-0.75,CF,-0.765625,0.0166015625,0.02216427640156454,0.00027561187744140625,0
4153,0.0224609375,01,0.015625,01,0.015625,0.0068359375,0.30434782608695654,4.673004150390625e-05,1
4154,-1.73681640625,A8,-1.75,A8,-1.75,0.01318359375,0.007590666291818949,0.00017380714416503906,1
4155,0.025146484375,02,0.03125,01,0.015625,0.009521484375,0.3786407766990291,9.065866470336914e-05,0
4156,0.720947265625,2E,0.71875,2E,0.71875,0.002197265625,0.0030477480528276328,4.827976226806641e-06,1
4157,0.150146484375,0A,0.15625,0A,0.15625,0.006103515625,0.04065040650406504,3.725290298461914e-05,1
4158,0.810791015625,34,0.8125,33,0.796875,0.013916015625,0.017163504968383016,0.00019365549087524414,0
4159,0.394287109375,19,0.390625,19,0.390625,0.003662109375,0.009287925696594427,1.341104507446289e-05,1
4160,0.1484375,0A,0.15625,0A,0.15625,0.0078125,0.05263157894736842,6.103515625e-05,1
4161,1.14208984375,45,1.15625,45,1.15625,0.01416015625,0.012398460880718255,0.00020051002502441406,1
4162,0.046630859375,03,0.046875,02,0.03125,0.015380859375,0.3298429319371728,0.0002365708351135254,0
4163,-0.374267578125,E8,-0.375,E9,-0.359375,0.014892578125,0.03979125896934116,0.00022178888320922852,0
4164,0.15625,0A,0.15625,0A,0.15625,0.0,0.0,0.0,1
4165,-1.7255859375,A9,-1.71875,A8,-1.75,0.0244140625,0.014148273910582909,0.0005960464477539062,0
4166,0.517333984375,21,0.515625,21,0.515625,0.001708984375,0.0033034450212364322,2.9206275939941406e-06,1
4167,-0.072509765625,FB,-0.078125,FC,-0.0625,0.010009765625,0.13804713804713806,0.00010019540786743164,0
4168,-1.345703125,B5,-1.34375,B5,-1.34375,0.001953125,0.001451378809869376,3.814697265625e-06,1
4169,0.703125,2D,0.703125,2D,0.703125,0.0,0.0,0.0,1
4170,-1.0888671875,BD,-1.09375,BE,-1.0625,0.0263671875,0.0242152466367713,0.0006952285766601562,0
4171,0.72119140625,2E,0.71875,2E,0.71875,0.00244140625,0.003385240352064997,5.9604644775390625e-06,1
4172,0.582763671875,25,0.578125,25,0.578125,0.004638671875,0.007959782153330541,2.1517276763916016e-05,1
4173,0.724853515625,2E,0.71875,2F,0.734375,0.009521484375,0.013135735938026272,9.065866470336914e-05,0
4174,0.038818359375,02,0.03125,02,0.03125,0.007568359375,0.1949685534591195,5.728006362915039e-05,1
4175,-0.1689453125,F5,-0.171875,F5,-0.171875,0.0029296875,0.017341040462427744,8.58306884765625e-06,1
4176,-1.194091796875,BA,-1.1875,BA,-1.1875,0.006591796875,0.005520343488039256,4.3451786041259766e-05,1
4177,0.95458984375,3D,0.953125,3D,0.953125,0.00146484375,0.001534526854219949,2.1457672119140625e-06,1
4178,0.413818359375,1A,0.40625,18,0.375,0.038818359375,0.09380530973451327,0.0015068650245666504,0
4179,0.53369140625,22,0.53125,21,0.515625,0.01806640625,0.03385178408051235,0.00032639503479003906,0
4180,0.830078125,35,0.828125,35,0.828125,0.001953125,0.002352941176470588,3.814697265625e-06,1
4181,1.26904296875,49,1.28125,48,1.25,0.01904296875,0.015005771450557906,0.00036263465881347656,0
4182,-1.1982421875,BA,-1.1875,BA,-1.1875,0.0107421875,0.008964955175224124,0.00011539459228515625,1
4183,0.791015625,33,0.796875,32,0.78125,0.009765625,0.012345679012345678,9.5367431640625e-05,0
4184,-0.041015625,FD,-0.046875,FD,-0.046875,0.005859375,0.14285714285714285,3.4332275390625e-05,1
4185,0.874267578125,38,0.875,38,0.875,0.000732421875,0.0008377548170901983,5.364418029785156e-07,1
4186,-0.88720703125,C7,-0.890625,C8,-0.875,0.01220703125,0.01375894331315355,0.00014901161193847656,0
4187,-0.43896484375,E4,-0.4375,E4,-0.4375,0.00146484375,0.0033370411568409346,2.1457672119140625e-06,1
4188,0.296875,13,0.296875,14,0.3125,0.015625,0.05263157894736842,0.000244140625,0
4189,0.460693359375,1D,0.453125,1D,0.453125,0.007568359375,0.016428192898781134,5.728006362915039e-05,1
4190,1.24365234375,48,1.25,48,1.25,0.00634765625,0.005104043973301924,4.029273986816406e-05,1
4191,0.362548828125,17,0.359375,18,0.375,0.012451171875,0.03434343434343434,0.00015503168106079102,0
4192,-0.4853515625,E1,-0.484375,E2,-0.46875,0.0166015625,0.03420523138832998,0.00027561187744140625,0
4193,-1.26318359375,B8,-1.25,B8,-1.25,0.01318359375,0.010436799381522999,0.00017380714416503906,1
4194,0.71142578125,2E,0.71875,2E,0.71875,0.00732421875,0.01029512697323267,5.364418029785156e-05,1
4195,1.29931640625,4A,1.3125,4A,1.3125,0.01318359375,0.010146561443066516,0.00017380714416503906,1
4196,1.537841796875,51,1.53125,51,1.53125,0.006591796875,0.004286394665819971,4.3451786041259766e-05,1
4197,-2.00244140625,A0,-2.0,A0,-2.0,0.00244140625,0.00121921482565228,5.9604644775390625e-06,1
4198,0.30419921875,13,0.296875,13,0.296875,0.00732421875,0.024077046548956663,5.364418029785156e-05,1
4199,0.16748046875,0B,0.171875,0B,0.171875,0.00439453125,0.026239067055393587,1.9311904907226562e-05,1
4200,-0.38916015625,E7,-0.390625,E7,-0.390625,0.00146484375,0.0037641154328732747,2.1457672119140625e-06,1
4201,-0.27001953125,EF,-0.265625,EE,-0.28125,0.01123046875,0.04159132007233273,0.00012612342834472656,0
4202,0.610595703125,27,0.609375,27,0.609375,0.001220703125,0.001999200319872051,1.4901161193847656e-06,1
4203,-0.008544921875,FF,-0.015625,00,0.0,0.008544921875,1.0,7.301568984985352e-05,0
4204,0.2421875,10,0.25,0F,0.234375,0.0078125,0.03225806451612903,6.103515625e-05,0
4205,-0.8310546875,CB,-0.828125,CB,-0.828125,0.0029296875,0.0035252643948296123,8.58306884765625e-06,1
4206,0.53173828125,22,0.53125,22,0.53125,0.00048828125,0.0009182736455463728,2.384185791015625e-07,1
4207,-0.92333984375,C5,-0.921875,C5,-0.921875,0.00146484375,0.0015864621893178213,2.1457672119140625e-06,1
4208,0.937744140625,3C,0.9375,3B,0.921875,0.015869140625,0.016922676386357718,0.0002518296241760254,0
4209,-0.8544921875,C9,-0.859375,CA,-0.84375,0.0107421875,0.012571428571428572,0.00011539459228515625,0
4210,-0.913330078125,C6,-0.90625,C5,-0.921875,0.008544921875,0.009355787222667736,7.301568984985352e-05,0
4211,0.81591796875,34,0.8125,35,0.828125,0.01220703125,0.014961101137043686,0.00014901161193847656,0
4212,-0.023681640625,FE,-0.03125,FE,-0.03125,0.007568359375,0.31958762886597936,5.728006362915039e-05,1
4213,0.13134765625,08,0.125,08,0.125,0.00634765625,0.048327137546468404,4.029273986816406e-05,1
4214,0.54736328125,23,0.546875,23,0.546875,0.00048828125,0.0008920606601248885,2.384185791015625e-07,1
4215,-0.065185546875,FC,-0.0625,FC,-0.0625,0.002685546875,0.04119850187265917,7.212162017822266e-06,1
4216,-0.931884765625,C4,-0.9375,C4,-0.9375,0.005615234375,0.006025674613570867,3.153085708618164e-05,1
4217,-0.2890625,EE,-0.28125,EE,-0.28125,0.0078125,0.02702702702702703,6.103515625e-05,1
4218,-0.67822265625,D5,-0.671875,D5,-0.671875,0.00634765625,0.009359251259899209,4.029273986816406e-05,1
4219,0.953369140625,3D,0.953125,3E,0.96875,0.015380859375,0.016133162612035852,0.0002365708351135254,0
4220,0.36669921875,17,0.359375,17,0.359375,0.00732421875,0.019973368841544607,5.364418029785156e-05,1
4221,0.06494140625,04,0.0625,05,0.078125,0.01318359375,0.20300751879699247,0.00017380714416503906,0
4222,0.7734375,32,0.78125,31,0.765625,0.0078125,0.010101010101010102,6.103515625e-05,0
4223,-0.726318359375,D2,-0.71875,D2,-0.71875,0.007568359375,0.010420168067226891,5.728006362915039e-05,1
4224,-0.132080078125,F8,-0.125,F8,-0.125,0.007080078125,0.053604436229205174,5.0127506256103516e-05,1
4225,0.220703125,0E,0.21875,0F,0.234375,0.013671875,0.061946902654867256,0.000186920166015625,0
4226,-1.0380859375,BF,-1.03125,BF,-1.03125,0.0068359375,0.00658513640639699,4.673004150390625e-05,1
4227,1.85400390625,5B,1.84375,5C,1.875,0.02099609375,0.011324730050039505,0.00044083595275878906,0
4228,0.027587890625,02,0.03125,02,0.03125,0.003662109375,0.13274336283185842,1.341104507446289e-05,1
4229,0.3330078125,15,0.328125,16,0.34375,0.0107421875,0.03225806451612903,0.00011539459228515625,0
4230,-0.244384765625,F0,-0.25,F1,-0.234375,0.010009765625,0.04095904095904096,0.00010019540786743164,0
4231,0.62939453125,28,0.625,28,0.625,0.00439453125,0.0069821567106283944,1.9311904907226562e-05,1
4232,-1.248779296875,B8,-1.25,B7,-1.28125,0.032470703125,0.026001955034213098,0.0010543465614318848,0
4233,0.475830078125,1E,0.46875,1F,0.484375,0.008544921875,0.017957927142124165,7.301568984985352e-05,0
4234,0.337158203125,16,0.34375,15,0.328125,0.009033203125,0.026792179580014484,8.159875869750977e-05,0
4235,0.50634765625,20,0.5,20,0.5,0.00634765625,0.01253616200578592,4.029273986816406e-05,1
4236,1.600341796875,53,1.59375,53,1.59375,0.006591796875,0.004118993135011442,4.3451786041259766e-05,1
4237,-0.71923828125,D2,-0.71875,D2,-0.71875,0.00048828125,0.0006788866259334691,2.384185791015625e-07,1
4238,-0.496826171875,E0,-0.5,E0,-0.5,0.003173828125,0.0063882063882063885,1.0073184967041016e-05,1
4239,0.3798828125,18,0.375,18,0.375,0.0048828125,0.012853470437017995,2.384185791015625e-05,1
4240,-1.338623046875,B5,-1.34375,B6,-1.3125,0.026123046875,0.019514864125478752,0.0006824135780334473,0
4241,1.02099609375,41,1.03125,41,1.03125,0.01025390625,0.010043041606886656,0.00010514259338378906,1
4242,-1.79150390625,A7,-1.78125,A6,-1.8125,0.02099609375,0.01171981466339602,0.00044083595275878906,0
4243,-0.275146484375,EE,-0.28125,EE,-0.28125,0.006103515625,0.022182786157941437,3.725290298461914e-05,1
4244,0.712158203125,2E,0.71875,2E,0.71875,0.006591796875,0.009256085018854988,4.3451786041259766e-05,1
4245,-0.17626953125,F5,-0.171875,F5,-0.171875,0.00439453125,0.024930747922437674,1.9311904907226562e-05,1
4246,-1.5087890625,B0,-1.5,B0,-1.5,0.0087890625,0.005825242718446602,7.724761962890625e-05,1
4247,0.662353515625,2A,0.65625,2A,0.65625,0.006103515625,0.009214891264283081,3.725290298461914e-05,1
4248,0.2001953125,0D,0.203125,0C,0.1875,0.0126953125,0.06341463414634146,0.00016117095947265625,0
4249,1.7685546875,59,1.78125,59,1.78125,0.0126953125,0.00717835450027609,0.00016117095947265625,1
4250,0.593017578125,26,0.59375,26,0.59375,0.000732421875,0.0012350761630300535,5.364418029785156e-07,1
4251,0.58154296875,25,0.578125,26,0.59375,0.01220703125,0.020990764063811923,0.00014901161193847656,0
4252,1.318359375,4A,1.3125,4A,1.3125,0.005859375,0.0044444444444444444,3.4332275390625e-05,1
4253,-0.738525390625,D1,-0.734375,D0,-0.75,0.011474609375,0.015537190082644628,0.0001316666603088379,0
4254,0.2109375,0E,0.21875,0D,0.203125,0.0078125,0.037037037037037035,6.103515625e-05,0
4255,-0.251708984375,F0,-0.25,F0,-0.25,0.001708984375,0.006789524733268671,2.9206275939941406e-06,1
4256,0.5625,24,0.5625,24,0.5625,0.0,0.0,0.0,1
4257,-0.600830078125,DA,-0.59375,DA,-0.59375,0.007080078125,0.011783827712312069,5.0127506256103516e-05,1
4258,-0.70166015625,D3,-0.703125,D3,-0.703125,0.00146484375,0.0020876826722338203,2.1457672119140625e-06,1
4259,-0.91162109375,C6,-0.90625,C7,-0.890625,0.02099609375,0.023031601499732192,0.00044083595275878906,0
4260,-0.03759765625,FE,-0.03125,FD,-0.046875,0.00927734375,0.24675324675324675,8.606910705566406e-05,0
4261,0.217529296875,0E,0.21875,0E,0.21875,0.001220703125,0.005611672278338945,1.4901161193847656e-06,1
4262,0.23828125,0F,0.234375,0E,0.21875,0.01953125,0.08196721311475409,0.0003814697265625,0
4263,-0.589599609375,DA,-0.59375,D9,-0.609375,0.019775390625,0.03354037267080745,0.0003910660743713379,0
4264,0.194091796875,0C,0.1875,0D,0.203125,0.009033203125,0.04654088050314465,8.159875869750977e-05,0
4265,1.39404296875,4D,1.40625,4C,1.375,0.01904296875,0.013660245183887917,0.00036263465881347656,0
4266,-1.51416015625,B0,-1.5,B0,-1.5,0.01416015625,0.009351821992905514,0.00020051002502441406,1
4267,-0.061279296875,FC,-0.0625,FD,-0.046875,0.014404296875,0.2350597609561753,0.00020748376846313477,0
4268,0.068115234375,04,0.0625,04,0.0625,0.005615234375,0.08243727598566308,3.153085708618164e-05,1
4269,-0.867919921875,C8,-0.875,C7,-0.890625,0.022705078125,0.026160337552742614,0.0005155205726623535,0
4270,-0.2333984375,F1,-0.234375,F2,-0.21875,0.0146484375,0.06276150627615062,0.00021457672119140625,0
4271,-0.9619140625,C2,-0.96875,C2,-0.96875,0.0068359375,0.007106598984771574,4.673004150390625e-05,1
4272,0.10791015625,07,0.109375,07,0.109375,0.00146484375,0.013574660633484163,2.1457672119140625e-06,1
4273,0.83740234375,36,0.84375,35,0.828125,0.00927734375,0.011078717201166181,8.606910705566406e-05,0
4274,1.375,4C,1.375,4C,1.375,0.0,0.0,0.0,1
4275,1.214111328125,47,1.21875,46,1.1875,0.026611328125,0.021918359139352504,0.000708162784576416,0
4276,-0.127197265625,F8,-0.125,F7,-0.140625,0.013427734375,0.10556621880998081,0.00018030405044555664,0
4277,-0.138916015625,F7,-0.140625,F8,-0.125,0.013916015625,0.10017574692442882,0.00019365549087524414,0
4278,-0.9951171875,C0,-1.0,C0,-1.0,0.0048828125,0.004906771344455349,2.384185791015625e-05,1
4279,0.57470703125,25,0.578125,24,0.5625,0.01220703125,0.021240441801189464,0.00014901161193847656,0
4280,1.156494140625,45,1.15625,45,1.15625,0.000244140625,0.00021110407430863416,5.960464477539063e-08,1
4281,0.052001953125,03,0.046875,04,0.0625,0.010498046875,0.20187793427230047,0.00011020898818969727,0
4282,0.34716796875,16,0.34375,17,0.359375,0.01220703125,0.035161744022503515,0.00014901161193847656,0
4283,-0.610107421875,D9,-0.609375,D8,-0.625,0.014892578125,0.024409763905562223,0.00022178888320922852,0
4284,-1.22705078125,B9,-1.21875,B8,-1.25,0.02294921875,0.01870274572224433,0.0005266666412353516,0
4285,0.709228515625,2D,0.703125,2E,0.71875,0.009521484375,0.01342512908777969,9.065866470336914e-05,0
4286,1.061767578125,42,1.0625,42,1.0625,0.000732421875,0.0006898137502874224,5.364418029785156e-07,1
4287,-0.649169921875,D6,-0.65625,D7,-0.640625,0.008544921875,0.013162843174125612,7.301568984985352e-05,0
4288,-0.765625,CF,-0.765625,CF,-0.765625,0.0,0.0,0.0,1
4289,-1.436767578125,B2,-1.4375,B2,-1.4375,0.000732421875,0.0005097706032285472,5.364418029785156e-07,1
4290,0.4794921875,1F,0.484375,1F,0.484375,0.0048828125,0.010183299389002037,2.384185791015625e-05,1
4291,0.317626953125,14,0.3125,14,0.3125,0.005126953125,0.01614142966948501,2.6285648345947266e-05,1
4292,0.146240234375,09,0.140625,09,0.140625,0.005615234375,0.038397328881469114,3.153085708618164e-05,1
4293,0.96728515625,3E,0.96875,3E,0.96875,0.00146484375,0.001514386673397274,2.1457672119140625e-06,1
4294,1.253662109375,48,1.25,48,1.25,0.003662109375,0.0029211295034079843,1.341104507446289e-05,1
4295,0.642822265625,29,0.640625,29,0.640625,0.002197265625,0.003418154196733764,4.827976226806641e-06,1
4296,-0.057861328125,FC,-0.0625,FC,-0.0625,0.004638671875,0.08016877637130802,2.1517276763916016e-05,1
4297,-0.268310546875,EF,-0.265625,EF,-0.265625,0.002685546875,0.010009099181073703,7.212162017822266e-06,1
4298,2.1494140625,61,2.125,61,2.125,0.0244140625,0.011358473421172195,0.0005960464477539062,1
4299,1.058349609375,42,1.0625,42,1.0625,0.004150390625,0.00392156862745098,1.722574234008789e-05,1
4300,-0.988525390625,C1,-0.984375,C1,-0.984375,0.004150390625,0.0041985675475426035,1.722574234008789e-05,1
4301,-0.89599609375,C7,-0.890625,C7,-0.890625,0.00537109375,0.005994550408719346,2.8848648071289062e-05,1
4302,0.3828125,18,0.375,18,0.375,0.0078125,0.02040816326530612,6.103515625e-05,1
4303,0.225341796875,0E,0.21875,0F,0.234375,0.009033203125,0.04008667388949079,8.159875869750977e-05,0
4304,0.25341796875,10,0.25,10,0.25,0.00341796875,0.01348747591522158,1.1682510375976562e-05,1
4305,-0.177734375,F5,-0.171875,F5,-0.171875,0.005859375,0.03296703296703297,3.4332275390625e-05,1
4306,0.26025390625,11,0.265625,11,0.265625,0.00537109375,0.020637898686679174,2.8848648071289062e-05,1
4307,0.49072265625,1F,0.484375,1F,0.484375,0.00634765625,0.012935323383084577,4.029273986816406e-05,1
4308,0.260498046875,11,0.265625,10,0.25,0.010498046875,0.04029990627928772,0.00011020898818969727,0
4309,-0.49609375,E0,-0.5,E0,-0.5,0.00390625,0.007874015748031496,1.52587890625e-05,1
4310,-1.16552734375,BB,-1.15625,BB,-1.15625,0.00927734375,0.007959782153330541,8.606910705566406e-05,1
4311,0.861328125,37,0.859375,37,0.859375,0.001953125,0.0022675736961451248,3.814697265625e-06,1
4312,1.85107421875,5B,1.84375,5C,1.875,0.02392578125,0.01292534951200211,0.0005724430084228516,0
4313,0.94482421875,3C,0.9375,3D,0.953125,0.00830078125,0.008785529715762274,6.890296936035156e-05,0
4314,0.194091796875,0C,0.1875,0C,0.1875,0.006591796875,0.033962264150943396,4.3451786041259766e-05,1
4315,-0.32470703125,EB,-0.328125,EB,-0.328125,0.00341796875,0.010526315789473684,1.1682510375976562e-05,1
4316,0.75830078125,31,0.765625,30,0.75,0.00830078125,0.010946555054732776,6.890296936035156e-05,0
4317,0.64794921875,29,0.640625,2A,0.65625,0.00830078125,0.01281085154483798,6.890296936035156e-05,0
4318,-0.19287109375,F4,-0.1875,F4,-0.1875,0.00537109375,0.027848101265822784,2.8848648071289062e-05,1
4319,-0.24169921875,F1,-0.234375,F1,-0.234375,0.00732421875,0.030303030303030304,5.364418029785156e-05,1
4320,-1.88330078125,A4,-1.875,A4,-1.875,0.00830078125,0.0044075706507648435,6.890296936035156e-05,1
4321,-0.418212890625,E5,-0.421875,E5,-0.421875,0.003662109375,0.008756567425569177,1.341104507446289e-05,1
4322,-0.293212890625,ED,-0.296875,EC,-0.3125,0.019287109375,0.06577851790174855,0.0003719925880432129,0
4323,-0.862060546875,C9,-0.859375,C8,-0.875,0.012939453125,0.015009912206173889,0.00016742944717407227,0
4324,-0.819091796875,CC,-0.8125,CA,-0.84375,0.024658203125,0.030104321907600595,0.0006080269813537598,0
4325,-0.587890625,DA,-0.59375,DB,-0.578125,0.009765625,0.016611295681063124,9.5367431640625e-05,0
4326,0.0712890625,05,0.078125,04,0.0625,0.0087890625,0.1232876712328767,7.724761962890625e-05,0
4327,1.1044921875,43,1.09375,43,1.09375,0.0107421875,0.009725906277630416,0.00011539459228515625,1
4328,0.14892578125,0A,0.15625,0A,0.15625,0.00732421875,0.04918032786885246,5.364418029785156e-05,1
4329,0.127685546875,08,0.125,08,0.125,0.002685546875,0.021032504780114723,7.212162017822266e-06,1
4330,2.5869140625,65,2.625,64,2.5,0.0869140625,0.033597583993959984,0.007554054260253906,0
4331,0.420654296875,1B,0.421875,1A,0.40625,0.014404296875,0.03424260011607661,0.00020748376846313477,0
4332,-0.344482421875,EA,-0.34375,EA,-0.34375,0.000732421875,0.002126151665485471,5.364418029785156e-07,1
4333,-1.801025390625,A6,-1.8125,A6,-1.8125,0.011474609375,0.0063711535854683475,0.0001316666603088379,1
4334,-1.17724609375,BA,-1.1875,BA,-1.1875,0.01025390625,0.008710078805474907,0.00010514259338378906,1
4335,0.27392578125,12,0.28125,12,0.28125,0.00732421875,0.026737967914438502,5.364418029785156e-05,1
4336,1.0458984375,41,1.03125,42,1.0625,0.0166015625,0.015873015873015872,0.00027561187744140625,0
4337,-1.4130859375,B3,-1.40625,B3,-1.40625,0.0068359375,0.0048375950241879755,4.673004150390625e-05,1
4338,-0.87353515625,C8,-0.875,C9,-0.859375,0.01416015625,0.01621017328116266,0.00020051002502441406,0
4339,-0.626708984375,D8,-0.625,D8,-0.625,0.001708984375,0.0027269185820023374,2.9206275939941406e-06,1
4340,-1.59033203125,AD,-1.59375,AD,-1.59375,0.00341796875,0.0021492170709241634,1.1682510375976562e-05,1
4341,0.576416015625,25,0.578125,27,0.609375,0.032958984375,0.05717916137229987,0.0010862946510314941,0
4342,0.4697265625,1E,0.46875,1E,0.46875,0.0009765625,0.002079002079002079,9.5367431640625e-07,1
4343,0.85498046875,37,0.859375,37,0.859375,0.00439453125,0.005139920045688178,1.9311904907226562e-05,1
4344,0.521728515625,21,0.515625,21,0.515625,0.006103515625,0.01169864295741694,3.725290298461914e-05,1
4345,0.76318359375,31,0.765625,31,0.765625,0.00244140625,0.003198976327575176,5.9604644775390625e-06,1
4346,0.94921875,3D,0.953125,3C,0.9375,0.01171875,0.012345679012345678,0.0001373291015625,0
4347,0.095458984375,06,0.09375,05,0.078125,0.017333984375,0.1815856777493606,0.00030046701431274414,0
4348,0.2392578125,0F,0.234375,0F,0.234375,0.0048828125,0.02040816326530612,2.384185791015625e-05,1
4349,-0.953369140625,C3,-0.953125,C4,-0.9375,0.015869140625,0.016645326504481434,0.0002518296241760254,0
4350,-0.402099609375,E6,-0.40625,E6,-0.40625,0.004150390625,0.010321797207043109,1.722574234008789e-05,1
4351,-0.2470703125,F0,-0.25,F0,-0.25,0.0029296875,0.011857707509881422,8.58306884765625e-06,1
4352,1.04736328125,42,1.0625,41,1.03125,0.01611328125,0.015384615384615385,0.00025963783264160156,0
4353,-0.336181640625,EA,-0.34375,E9,-0.359375,0.023193359375,0.06899055918663761,0.0005379319190979004,0
4354,-1.336669921875,B5,-1.34375,B5,-1.34375,0.007080078125,0.0052968036529680365,5.0127506256103516e-05,1
4355,-0.387451171875,E7,-0.390625,E6,-0.40625,0.018798828125,0.048519218651543794,0.000353395938873291,0
4356,-0.315185546875,EC,-0.3125,EC,-0.3125,0.002685546875,0.008520526723470178,7.212162017822266e-06,1
4357,0.107421875,07,0.109375,07,0.109375,0.001953125,0.01818181818181818,3.814697265625e-06,1
4358,0.973388671875,3E,0.96875,3F,0.984375,0.010986328125,0.011286681715575621,0.00012069940567016602,0
4359,-1.0087890625,C0,-1.0,C0,-1.0,0.0087890625,0.008712487899322363,7.724761962890625e-05,1
4360,0.496826171875,20,0.5,1F,0.484375,0.012451171875,0.02506142506142506,0.00015503168106079102,0
4361,0.308837890625,14,0.3125,14,0.3125,0.003662109375,0.011857707509881422,1.341104507446289e-05,1
4362,-0.01123046875,FF,-0.015625,FF,-0.015625,0.00439453125,0.391304347826087,1.9311904907226562e-05,1
4363,-0.718505859375,D2,-0.71875,D2,-0.71875,0.000244140625,0.0003397893306150187,5.960464477539063e-08,1
4364,-1.106201171875,BD,-1.09375,BC,-1.125,0.018798828125,0.01699404105054072,0.000353395938873291,0
4365,-1.42919921875,B2,-1.4375,B2,-1.4375,0.00830078125,0.0058079945336522035,6.890296936035156e-05,1
4366,0.63134765625,28,0.625,28,0.625,0.00634765625,0.010054137664346482,4.029273986816406e-05,1
4367,0.540283203125,23,0.546875,22,0.53125,0.009033203125,0.016719385449615907,8.159875869750977e-05,0
4368,1.618896484375,54,1.625,54,1.625,0.006103515625,0.003770170411702609,3.725290298461914e-05,1
4369,0.6083984375,27,0.609375,28,0.625,0.0166015625,0.027287319422150885,0.00027561187744140625,0
4370,-0.738037109375,D1,-0.734375,D1,-0.734375,0.003662109375,0.004961958319550115,1.341104507446289e-05,1
4371,0.599365234375,26,0.59375,26,0.59375,0.005615234375,0.009368635437881873,3.153085708618164e-05,1
4372,1.14892578125,45,1.15625,44,1.125,0.02392578125,0.0208244793880153,0.0005724430084228516,0
4373,-0.22900390625,F1,-0.234375,F2,-0.21875,0.01025390625,0.04477611940298507,0.00010514259338378906,0
4374,-1.734130859375,A9,-1.71875,A8,-1.75,0.015869140625,0.00915106293115585,0.0002518296241760254,0
4375,0.786376953125,32,0.78125,32,0.78125,0.005126953125,0.006519714374417882,2.6285648345947266e-05,1
4376,-0.525634765625,DE,-0.53125,DE,-0.53125,0.005615234375,0.010682768230376219,3.153085708618164e-05,1
4377,-0.5927734375,DA,-0.59375,DA,-0.59375,0.0009765625,0.0016474464579901153,9.5367431640625e-07,1
4378,0.333251953125,15,0.328125,16,0.34375,0.010498046875,0.0315018315018315,0.00011020898818969727,0
4379,-1.483642578125,B1,-1.46875,B0,-1.5,0.016357421875,0.011025176896494982,0.0002675652503967285,0
4380,0.290283203125,13,0.296875,12,0.28125,0.009033203125,0.031118587047939444,8.159875869750977e-05,0
4381,-1.27978515625,B7,-1.28125,B8,-1.25,0.02978515625,0.02327355971003434,0.0008871555328369141,0
4382,-0.521484375,DF,-0.515625,DE,-0.53125,0.009765625,0.018726591760299626,9.5367431640625e-05,0
4383,0.53466796875,22,0.53125,23,0.546875,0.01220703125,0.0228310502283105,0.00014901161193847656,0
4384,-0.59033203125,DA,-0.59375,D9,-0.609375,0.01904296875,0.03225806451612903,0.00036263465881347656,0
4385,0.3056640625,14,0.3125,14,0.3125,0.0068359375,0.022364217252396165,4.673004150390625e-05,1
4386,-0.40625,E6,-0.40625,E6,-0.40625,0.0,0.0,0.0,1
4387,-0.880859375,C8,-0.875,C8,-0.875,0.005859375,0.0066518847006651885,3.4332275390625e-05,1
4388,0.265380859375,11,0.265625,10,0.25,0.015380859375,0.05795768169273229,0.0002365708351135254,0
4389,-0.48974609375,E1,-0.484375,E1,-0.484375,0.00537109375,0.010967098703888335,2.8848648071289062e-05,1
4390,1.2109375,47,1.21875,46,1.1875,0.0234375,0.01935483870967742,0.00054931640625,0
4391,0.32470703125,15,0.328125,14,0.3125,0.01220703125,0.03759398496240601,0.00014901161193847656,0
4392,-0.253173828125,F0,-0.25,F0,-0.25,0.003173828125,0.01253616200578592,1.0073184967041016e-05,1
4393,0.916748046875,3B,0.921875,3A,0.90625,0.010498046875,0.011451398135818908,0.00011020898818969727,0
4394,-0.04345703125,FD,-0.046875,FE,-0.03125,0.01220703125,0.2808988764044944,0.00014901161193847656,0
4395,0.7041015625,2D,0.703125,2D,0.703125,0.0009765625,0.0013869625520110957,9.5367431640625e-07,1
4396,-0.4921875,E0,-0.5,E0,-0.5,0.0078125,0.015873015873015872,6.103515625e-05,1
4397,-1.49267578125,B0,-1.5,B0,-1.5,0.00732421875,0.004906771344455349,5.364418029785156e-05,1
4398,0.1787109375,0B,0.171875,0A,0.15625,0.0224609375,0.12568306010928962,0.0005044937133789062,0
4399,-0.5126953125,DF,-0.515625,DF,-0.515625,0.0029296875,0.005714285714285714,8.58306884765625e-06,1
4400,0.24609375,10,0.25,10,0.25,0.00390625,0.015873015873015872,1.52587890625e-05,1
4401,-0.162841796875,F6,-0.15625,F6,-0.15625,0.006591796875,0.04047976011994003,4.3451786041259766e-05,1
4402,0.318115234375,14,0.3125,14,0.3125,0.005615234375,0.017651573292402148,3.153085708618164e-05,1
4403,-0.41845703125,E5,-0.421875,E5,-0.421875,0.00341796875,0.008168028004667444,1.1682510375976562e-05,1
4404,0.703369140625,2D,0.703125,2D,0.703125,0.000244140625,0.0003471017007983339,5.960464477539063e-08,1
4405,2.337158203125,63,2.375,62,2.25,0.087158203125,0.03729238483234096,0.00759655237197876,0
4406,1.3056640625,4A,1.3125,4A,1.3125,0.0068359375,0.005235602094240838,4.673004150390625e-05,1
4407,0.48974609375,1F,0.484375,20,0.5,0.01025390625,0.020937188434695914,0.00010514259338378906,0
4408,-0.560546875,DC,-0.5625,DC,-0.5625,0.001953125,0.003484320557491289,3.814697265625e-06,1
4409,0.988037109375,3F,0.984375,3F,0.984375,0.003662109375,0.0037064492216456633,1.341104507446289e-05,1
4410,-0.94775390625,C3,-0.953125,C2,-0.96875,0.02099609375,0.02215352910870685,0.00044083595275878906,0
4411,-0.107421875,F9,-0.109375,F9,-0.109375,0.001953125,0.01818181818181818,3.814697265625e-06,1
4412,0.702392578125,2D,0.703125,2E,0.71875,0.016357421875,0.023288147375738616,0.0002675652503967285,0
4413,0.0224609375,01,0.015625,01,0.015625,0.0068359375,0.30434782608695654,4.673004150390625e-05,1
4414,-0.53515625,DE,-0.53125,DE,-0.53125,0.00390625,0.0072992700729927005,1.52587890625e-05,1
4415,0.5908203125,26,0.59375,25,0.578125,0.0126953125,0.021487603305785124,0.00016117095947265625,0
4416,0.04052734375,03,0.046875,03,0.046875,0.00634765625,0.1566265060240964,4.029273986816406e-05,1
4417,2.2080078125,62,2.25,62,2.25,0.0419921875,0.01901813356921716,0.0017633438110351562,1
4418,0.269287109375,11,0.265625,11,0.265625,0.003662109375,0.013599274705349048,1.341104507446289e-05,1
4419,1.1181640625,44,1.125,44,1.125,0.0068359375,0.00611353711790393,4.673004150390625e-05,1
4420,-0.539794921875,DD,-0.546875,DF,-0.515625,0.024169921875,0.04477611940298507,0.0005841851234436035,0
4421,-0.67626953125,D5,-0.671875,D4,-0.6875,0.01123046875,0.01660649819494585,0.00012612342834472656,0
4422,-0.912841796875,C6,-0.90625,C6,-0.90625,0.006591796875,0.007221182134260497,4.3451786041259766e-05,1
4423,-0.921630859375,C5,-0.921875,C5,-0.921875,0.000244140625,0.00026490066225165563,5.960464477539063e-08,1
4424,-0.19873046875,F3,-0.203125,F4,-0.1875,0.01123046875,0.056511056511056514,0.00012612342834472656,0
4425,0.330322265625,15,0.328125,15,0.328125,0.002197265625,0.0066518847006651885,4.827976226806641e-06,1
4426,-1.064697265625,BE,-1.0625,BE,-1.0625,0.002197265625,0.0020637468470534283,4.827976226806641e-06,1
4427,-0.405029296875,E6,-0.40625,E6,-0.40625,0.001220703125,0.0030138637733574444,1.4901161193847656e-06,1
4428,-0.92138671875,C5,-0.921875,C4,-0.9375,0.01611328125,0.017488076311605722,0.00025963783264160156,0
4429,0.752197265625,30,0.75,31,0.765625,0.013427734375,0.017851346965271016,0.00018030405044555664,0
4430,-1.731201171875,A9,-1.71875,A9,-1.71875,0.012451171875,0.007192215484416866,0.00015503168106079102,1
4431,-0.414794921875,E5,-0.421875,E6,-0.40625,0.008544921875,0.020600353148911125,7.301568984985352e-05,0
4432,-0.6552734375,D6,-0.65625,D6,-0.65625,0.0009765625,0.0014903129657228018,9.5367431640625e-07,1
4433,-2.35009765625,9D,-2.375,9D,-2.375,0.02490234375,0.010596301682942032,0.0006201267242431641,1
4434,1.00244140625,40,1.0,40,1.0,0.00244140625,0.0024354603019970775,5.9604644775390625e-06,1
4435,0.240234375,0F,0.234375,0F,0.234375,0.005859375,0.024390243902439025,3.4332275390625e-05,1
4436,0.4541015625,1D,0.453125,1E,0.46875,0.0146484375,0.03225806451612903,0.00021457672119140625,0
4437,1.244384765625,48,1.25,48,1.25,0.005615234375,0.004512458308809104,3.153085708618164e-05,1
4438,1.05859375,42,1.0625,42,1.0625,0.00390625,0.0036900369003690036,1.52587890625e-05,1
4439,-1.27392578125,B7,-1.28125,B7,-1.28125,0.00732421875,0.005749329244921426,5.364418029785156e-05,1
4440,0.1533203125,0A,0.15625,09,0.140625,0.0126953125,0.08280254777070063,0.00016117095947265625,0
4441,0.10986328125,07,0.109375,06,0.09375,0.01611328125,0.14666666666666667,0.00025963783264160156,0
4442,1.087158203125,43,1.09375,43,1.09375,0.006591796875,0.006063328093420166,4.3451786041259766e-05,1
4443,-0.072021484375,FB,-0.078125,FB,-0.078125,0.006103515625,0.0847457627118644,3.725290298461914e-05,1
4444,0.109375,07,0.109375,07,0.109375,0.0,0.0,0.0,1
4445,0.61572265625,27,0.609375,27,0.609375,0.00634765625,0.010309278350515464,4.029273986816406e-05,1
4446,0.448486328125,1D,0.453125,1D,0.453125,0.004638671875,0.010342950462710943,2.1517276763916016e-05,1
4447,-0.156005859375,F6,-0.15625,F7,-0.140625,0.015380859375,0.09859154929577464,0.0002365708351135254,0
4448,-1.0283203125,BF,-1.03125,C0,-1.0,0.0283203125,0.027540360873694207,0.0008020401000976562,0
4449,1.16796875,45,1.15625,46,1.1875,0.01953125,0.016722408026755852,0.0003814697265625,0
4450,-0.152587890625,F6,-0.15625,F6,-0.15625,0.003662109375,0.024,1.341104507446289e-05,1
4451,0.744384765625,30,0.75,2F,0.734375,0.010009765625,0.013447031813709412,0.00010019540786743164,0
4452,1.330078125,4B,1.34375,4A,1.3125,0.017578125,0.013215859030837005,0.000308990478515625,0
4453,-0.30322265625,ED,-0.296875,EE,-0.28125,0.02197265625,0.07246376811594203,0.00048279762268066406,0
4454,0.158935546875,0A,0.15625,0A,0.15625,0.002685546875,0.016897081413210446,7.212162017822266e-06,1
4455,1.22998046875,47,1.21875,48,1.25,0.02001953125,0.01627630011909488,0.00040078163146972656,0
4456,-0.58837890625,DA,-0.59375,DC,-0.5625,0.02587890625,0.04398340248962656,0.0006697177886962891,0
4457,1.204345703125,47,1.21875,46,1.1875,0.016845703125,0.013987431583215082,0.00028377771377563477,0
4458,-0.20703125,F3,-0.203125,F3,-0.203125,0.00390625,0.018867924528301886,1.52587890625e-05,1
4459,-2.904541015625,99,-2.875,99,-2.875,0.029541015625,0.010170631251576027,0.0008726716041564941,1
4460,-0.070068359375,FC,-0.0625,FB,-0.078125,0.008056640625,0.11498257839721254,6.490945816040039e-05,0
4461,-0.2568359375,F0,-0.25,F0,-0.25,0.0068359375,0.026615969581749048,4.673004150390625e-05,1
4462,-0.467041015625,E2,-0.46875,E3,-0.453125,0.013916015625,0.029796131730266597,0.00019365549087524414,0
4463,-1.229248046875,B9,-1.21875,B9,-1.21875,0.010498046875,0.008540218470705064,0.00011020898818969727,1
4464,0.556884765625,24,0.5625,24,0.5625,0.005615234375,0.010083296799649276,3.153085708618164e-05,1
4465,-0.644775390625,D7,-0.640625,D7,-0.640625,0.004150390625,0.006436955698599016,1.722574234008789e-05,1
4466,-0.31591796875,EC,-0.3125,EC,-0.3125,0.00341796875,0.010819165378670788,1.1682510375976562e-05,1
4467,1.353759765625,4B,1.34375,4A,1.3125,0.041259765625,0.030477908025247972,0.0017023682594299316,0
4468,-1.562744140625,AE,-1.5625,AE,-1.5625,0.000244140625,0.0001562255897516013,5.960464477539063e-08,1
4469,-0.753662109375,D0,-0.75,D0,-0.75,0.003662109375,0.004859086491739553,1.341104507446289e-05,1
4470,-0.748291015625,D0,-0.75,D1,-0.734375,0.013916015625,0.018597063621533443,0.00019365549087524414,0
4471,-0.348876953125,EA,-0.34375,E9,-0.359375,0.010498046875,0.030090972708187544,0.00011020898818969727,0
4472,-0.512939453125,DF,-0.515625,E0,-0.5,0.012939453125,0.025226082817705855,0.00016742944717407227,0
4473,-1.4091796875,B3,-1.40625,B3,-1.40625,0.0029296875,0.002079002079002079,8.58306884765625e-06,1
4474,0.913818359375,3A,0.90625,39,0.890625,0.023193359375,0.025380710659898477,0.0005379319190979004,0
4475,-1.2607421875,B8,-1.25,B8,-1.25,0.0107421875,0.008520526723470178,0.00011539459228515625,1
4476,0.36572265625,17,0.359375,17,0.359375,0.00634765625,0.017356475300400534,4.029273986816406e-05,1
4477,2.273193359375,62,2.25,62,2.25,0.023193359375,0.010202985715819998,0.0005379319190979004,1
4478,1.404296875,4D,1.40625,4E,1.4375,0.033203125,0.02364394993045897,0.001102447509765625,0
4479,-1.121337890625,BC,-1.125,BC,-1.125,0.003662109375,0.0032658393207054214,1.341104507446289e-05,1
4480,-0.783203125,CE,-0.78125,CF,-0.765625,0.017578125,0.022443890274314215,0.000308990478515625,0
4481,0.345703125,16,0.34375,16,0.34375,0.001953125,0.005649717514124294,3.814697265625e-06,1
4482,1.2939453125,49,1.28125,4A,1.3125,0.0185546875,0.014339622641509434,0.00034427642822265625,0
4483,0.13916015625,09,0.140625,08,0.125,0.01416015625,0.10175438596491228,0.00020051002502441406,0
4484,0.57861328125,25,0.578125,25,0.578125,0.00048828125,0.0008438818565400844,2.384185791015625e-07,1
4485,-0.916015625,C5,-0.921875,C6,-0.90625,0.009765625,0.010660980810234541,9.5367431640625e-05,0
4486,1.128662109375,44,1.125,44,1.125,0.003662109375,0.003244646333549643,1.341104507446289e-05,1
4487,0.605712890625,27,0.609375,27,0.609375,0.003662109375,0.006045949214026602,1.341104507446289e-05,1
4488,-0.05615234375,FC,-0.0625,FD,-0.046875,0.00927734375,0.16521739130434782,8.606910705566406e-05,0
4489,-0.24755859375,F0,-0.25,EF,-0.265625,0.01806640625,0.07297830374753451,0.00032639503479003906,0
4490,-0.476318359375,E2,-0.46875,E1,-0.484375,0.008056640625,0.016914402870322913,6.490945816040039e-05,0
4491,-0.04736328125,FD,-0.046875,FC,-0.0625,0.01513671875,0.31958762886597936,0.00022912025451660156,0
4492,0.33740234375,16,0.34375,15,0.328125,0.00927734375,0.027496382054992764,8.606910705566406e-05,0
4493,0.51171875,21,0.515625,21,0.515625,0.00390625,0.007633587786259542,1.52587890625e-05,1
4494,1.162109375,45,1.15625,45,1.15625,0.005859375,0.005042016806722689,3.4332275390625e-05,1
4495,1.163330078125,45,1.15625,45,1.15625,0.007080078125,0.00608604407135362,5.0127506256103516e-05,1
4496,-0.037109375,FE,-0.03125,FD,-0.046875,0.009765625,0.2631578947368421,9.5367431640625e-05,0
4497,-1.46337890625,B1,-1.46875,B1,-1.46875,0.00537109375,0.003670337003670337,2.8848648071289062e-05,1
4498,0.117919921875,08,0.125,08,0.125,0.007080078125,0.060041407867494824,5.0127506256103516e-05,1
4499,-0.76171875,CF,-0.765625,CF,-0.765625,0.00390625,0.005128205128205128,1.52587890625e-05,1
4500,-0.326904296875,EB,-0.328125,EC,-0.3125,0.014404296875,0.044062733383121735,0.00020748376846313477,0
4501,-1.02978515625,BF,-1.03125,BF,-1.03125,0.00146484375,0.001422475106685633,2.1457672119140625e-06,1
4502,-1.356201171875,B5,-1.34375,B5,-1.34375,0.012451171875,0.009180918091809182,0.00015503168106079102,1
4503,0.500244140625,20,0.5,1F,0.484375,0.015869140625,0.0317227916056613,0.0002518296241760254,0
4504,-1.11181640625,BC,-1.125,BC,-1.125,0.01318359375,0.011857707509881422,0.00017380714416503906,1
4505,-0.5849609375,DB,-0.578125,DB,-0.578125,0.0068359375,0.011686143572621035,4.673004150390625e-05,1
4506,1.224609375,47,1.21875,47,1.21875,0.005859375,0.004784688995215311,3.4332275390625e-05,1
4507,0.449462890625,1D,0.453125,1D,0.453125,0.003662109375,0.008147745790331342,1.341104507446289e-05,1
4508,0.000732421875,01,0.015625,00,0.0,0.000732421875,1.0,5.364418029785156e-07,0
4509,0.88330078125,39,0.890625,39,0.890625,0.00732421875,0.008291873963515755,5.364418029785156e-05,1
4510,-0.4541015625,E3,-0.453125,E3,-0.453125,0.0009765625,0.002150537634408602,9.5367431640625e-07,1
4511,0.295166015625,13,0.296875,12,0.28125,0.013916015625,0.04714640198511166,0.00019365549087524414,0
4512,-0.14501953125,F7,-0.140625,F8,-0.125,0.02001953125,0.13804713804713806,0.00040078163146972656,0
4513,-0.4375,E4,-0.4375,E4,-0.4375,0.0,0.0,0.0,1
4514,-0.533447265625,DE,-0.53125,DE,-0.53125,0.002197265625,0.004118993135011442,4.827976226806641e-06,1
4515,-0.399658203125,E6,-0.40625,E5,-0.421875,0.022216796875,0.055589492974954184,0.0004935860633850098,0
4516,1.031982421875,41,1.03125,41,1.03125,0.000732421875,0.0007097232079489,5.364418029785156e-07,1
4517,-1.01123046875,C0,-1.0,C0,-1.0,0.01123046875,0.01110574601641719,0.00012612342834472656,1
4518,0.672119140625,2B,0.671875,2B,0.671875,0.000244140625,0.0003632401017072285,5.960464477539063e-08,1
4519,-1.614990234375,AC,-1.625,AD,-1.59375,0.021240234375,0.013151927437641724,0.00045114755630493164,0
4520,0.6494140625,2A,0.65625,2A,0.65625,0.0068359375,0.010526315789473684,4.673004150390625e-05,1
4521,1.0966796875,43,1.09375,44,1.125,0.0283203125,0.025823686553873553,0.0008020401000976562,0
4522,-0.096435546875,FA,-0.09375,FA,-0.09375,0.002685546875,0.027848101265822784,7.212162017822266e-06,1
4523,0.910400390625,3A,0.90625,3B,0.921875,0.011474609375,0.012603915258782515,0.0001316666603088379,0
4524,1.27001953125,49,1.28125,48,1.25,0.02001953125,0.015763168012302962,0.00040078163146972656,0
4525,0.76171875,31,0.765625,30,0.75,0.01171875,0.015384615384615385,0.0001373291015625,0
4526,-1.65234375,AB,-1.65625,AA,-1.6875,0.03515625,0.02127659574468085,0.0012359619140625,0
4527,-1.1083984375,BD,-1.09375,BD,-1.09375,0.0146484375,0.013215859030837005,0.00021457672119140625,1
4528,-0.705078125,D3,-0.703125,D3,-0.703125,0.001953125,0.002770083102493075,3.814697265625e-06,1
4529,0.774658203125,32,0.78125,32,0.78125,0.006591796875,0.008509297195083518,4.3451786041259766e-05,1
4530,-1.064208984375,BE,-1.0625,BE,-1.0625,0.001708984375,0.001605872906629961,2.9206275939941406e-06,1
4531,-0.501220703125,E0,-0.5,E0,-0.5,0.001220703125,0.0024354603019970775,1.4901161193847656e-06,1
4532,0.600830078125,26,0.59375,27,0.609375,0.008544921875,0.014221861032100772,7.301568984985352e-05,0
4533,-1.578857421875,AD,-1.59375,AE,-1.5625,0.016357421875,0.010360290706664605,0.0002675652503967285,0
4534,-0.488525390625,E1,-0.484375,E1,-0.484375,0.004150390625,0.00849575212393803,1.722574234008789e-05,1
4535,-0.02978515625,FE,-0.03125,FE,-0.03125,0.00146484375,0.04918032786885246,2.1457672119140625e-06,1
4536,-0.056640625,FC,-0.0625,FD,-0.046875,0.009765625,0.1724137931034483,9.5367431640625e-05,0
4537,1.489013671875,50,1.5,50,1.5,0.010986328125,0.0073782587309394985,0.00012069940567016602,1
4538,0.390380859375,19,0.390625,19,0.390625,0.000244140625,0.0006253908692933083,5.960464477539063e-08,1
4539,1.365478515625,4C,1.375,4C,1.375,0.009521484375,0.006973001966744144,9.065866470336914e-05,1
4540,-0.25537109375,F0,-0.25,F0,-0.25,0.00537109375,0.021032504780114723,2.8848648071289062e-05,1
4541,2.05224609375,60,2.0,61,2.125,0.07275390625,0.03545086842731383,0.005293130874633789,0
4542,0.12451171875,08,0.125,0A,0.15625,0.03173828125,0.2549019607843137,0.0010073184967041016,0
4543,-1.511474609375,B0,-1.5,B0,-1.5,0.011474609375,0.007591665320626716,0.0001316666603088379,1
4544,-0.645751953125,D7,-0.640625,D5,-0.671875,0.026123046875,0.04045368620037807,0.0006824135780334473,0
4545,1.29052734375,49,1.28125,49,1.28125,0.00927734375,0.007188800605372683,8.606910705566406e-05,1
4546,-0.809814453125,CC,-0.8125,CC,-0.8125,0.002685546875,0.003316249623153452,7.212162017822266e-06,1
4547,-1.16259765625,BB,-1.15625,BB,-1.15625,0.00634765625,0.005459890802183957,4.029273986816406e-05,1
4548,0.45947265625,1D,0.453125,1E,0.46875,0.00927734375,0.020191285866099893,8.606910705566406e-05,0
4549,-1.17138671875,BB,-1.15625,BA,-1.1875,0.01611328125,0.013755731554814505,0.00025963783264160156,0
4550,-0.49560546875,E0,-0.5,E0,-0.5,0.00439453125,0.008866995073891626,1.9311904907226562e-05,1
4551,0.537109375,22,0.53125,21,0.515625,0.021484375,0.04,0.000461578369140625,0
4552,-0.703369140625,D3,-0.703125,D2,-0.71875,0.015380859375,0.021867407150295035,0.0002365708351135254,0
4553,0.691162109375,2C,0.6875,2B,0.671875,0.019287109375,0.027905333804309432,0.0003719925880432129,0
4554,1.134765625,44,1.125,44,1.125,0.009765625,0.008605851979345954,9.5367431640625e-05,1
4555,-0.803955078125,CD,-0.796875,CD,-0.796875,0.007080078125,0.008806559368357121,5.0127506256103516e-05,1
4556,-1.6796875,AA,-1.6875,AA,-1.6875,0.0078125,0.004651162790697674,6.103515625e-05,1
4557,0.87158203125,38,0.875,37,0.859375,0.01220703125,0.014005602240896359,0.00014901161193847656,0
4558,0.054443359375,03,0.046875,03,0.046875,0.007568359375,0.13901345291479822,5.728006362915039e-05,1
4559,-1.741455078125,A8,-1.75,A8,-1.75,0.008544921875,0.004906771344455349,7.301568984985352e-05,1
4560,0.62060546875,28,0.625,27,0.609375,0.01123046875,0.01809598741148702,0.00012612342834472656,0
4561,-0.588134765625,DA,-0.59375,DB,-0.578125,0.010009765625,0.017019510170195103,0.00010019540786743164,0
4562,1.397705078125,4D,1.40625,4C,1.375,0.022705078125,0.016244541484716157,0.0005155205726623535,0
4563,-0.787109375,CE,-0.78125,CE,-0.78125,0.005859375,0.007444168734491315,3.4332275390625e-05,1
4564,1.341064453125,4B,1.34375,4B,1.34375,0.002685546875,0.002002548698343346,7.212162017822266e-06,1
4565,0.20947265625,0D,0.203125,0D,0.203125,0.00634765625,0.030303030303030304,4.029273986816406e-05,1
4566,0.923583984375,3B,0.921875,3B,0.921875,0.001708984375,0.0018503832936822627,2.9206275939941406e-06,1
4567,0.21337890625,0E,0.21875,0E,0.21875,0.00537109375,0.02517162471395881,2.8848648071289062e-05,1
4568,0.731689453125,2F,0.734375,30,0.75,0.018310546875,0.025025025025025027,0.00033527612686157227,0
4569,1.267333984375,49,1.28125,48,1.25,0.017333984375,0.013677518782508188,0.00030046701431274414,0
4570,-0.211181640625,F2,-0.21875,F2,-0.21875,0.007568359375,0.035838150289017344,5.728006362915039e-05,1
4571,1.166259765625,45,1.15625,45,1.15625,0.010009765625,0.008582792547624032,0.00010019540786743164,1
4572,-0.121337890625,F8,-0.125,F7,-0.140625,0.019287109375,0.158953722334004,0.0003719925880432129,0
4573,-0.7021484375,D3,-0.703125,D4,-0.6875,0.0146484375,0.02086230876216968,0.00021457672119140625,0
4574,0.503662109375,20,0.5,21,0.515625,0.011962890625,0.02375181774115366,0.0001431107521057129,0
4575,0.598876953125,26,0.59375,26,0.59375,0.005126953125,0.008560945780676722,2.6285648345947266e-05,1
4576,0.31005859375,14,0.3125,14,0.3125,0.00244140625,0.007874015748031496,5.9604644775390625e-06,1
4577,0.84716796875,36,0.84375,37,0.859375,0.01220703125,0.01440922190201729,0.00014901161193847656,0
4578,0.575439453125,25,0.578125,24,0.5625,0.012939453125,0.022486211285532458,0.00016742944717407227,0
4579,-0.6474609375,D7,-0.640625,D6,-0.65625,0.0087890625,0.013574660633484163,7.724761962890625e-05,0
4580,0.480712890625,1F,0.484375,1F,0.484375,0.003662109375,0.007618080243778568,1.341104507446289e-05,1
4581,0.966796875,3E,0.96875,3E,0.96875,0.001953125,0.00202020202020202,3.814697265625e-06,1
4582,0.067138671875,04,0.0625,04,0.0625,0.004638671875,0.06909090909090909,2.1517276763916016e-05,1
4583,-0.046142578125,FD,-0.046875,FD,-0.046875,0.000732421875,0.015873015873015872,5.364418029785156e-07,1
4584,-0.228271484375,F1,-0.234375,F2,-0.21875,0.009521484375,0.04171122994652406,9.065866470336914e-05,0
4585,0.954345703125,3D,0.953125,3C,0.9375,0.016845703125,0.017651573292402148,0.00028377771377563477,0
4586,-0.8427734375,CA,-0.84375,CA,-0.84375,0.0009765625,0.0011587485515643105,9.5367431640625e-07,1
4587,-1.372802734375,B4,-1.375,B4,-1.375,0.002197265625,0.0016005690912324383,4.827976226806641e-06,1
4588,1.293212890625,49,1.28125,4A,1.3125,0.019287109375,0.014914102322069096,0.0003719925880432129,0
4589,2.199951171875,62,2.25,62,2.25,0.050048828125,0.022749972256131394,0.002504885196685791,1
4590,-0.1796875,F4,-0.1875,F4,-0.1875,0.0078125,0.043478260869565216,6.103515625e-05,1
4591,-1.502197265625,B0,-1.5,B0,-1.5,0.002197265625,0.0014627011214041932,4.827976226806641e-06,1
4592,0.3447265625,16,0.34375,16,0.34375,0.0009765625,0.0028328611898017,9.5367431640625e-07,1
4593,-1.42529296875,B2,-1.4375,B2,-1.4375,0.01220703125,0.00856457690990065,0.00014901161193847656,1
4594,0.2900390625,13,0.296875,12,0.28125,0.0087890625,0.030303030303030304,7.724761962890625e-05,0
4595,-0.306884765625,EC,-0.3125,EC,-0.3125,0.005615234375,0.018297533810660304,3.153085708618164e-05,1
4596,0.213134765625,0E,0.21875,0D,0.203125,0.010009765625,0.046964490263459335,0.00010019540786743164,0
4597,-0.109130859375,F9,-0.109375,F9,-0.109375,0.000244140625,0.0022371364653243847,5.960464477539063e-08,1
4598,0.494140625,20,0.5,1F,0.484375,0.009765625,0.019762845849802372,9.5367431640625e-05,0
4599,-0.12744140625,F8,-0.125,F8,-0.125,0.00244140625,0.019157088122605363,5.9604644775390625e-06,1
4600,-0.979248046875,C1,-0.984375,C1,-0.984375,0.005126953125,0.005235602094240838,2.6285648345947266e-05,1
4601,-0.8369140625,CA,-0.84375,CB,-0.828125,0.0087890625,0.010501750291715286,7.724761962890625e-05,0
4602,-0.927001953125,C5,-0.921875,C5,-0.921875,0.005126953125,0.005530682117461154,2.6285648345947266e-05,1
4603,0.88134765625,38,0.875,39,0.890625,0.00927734375,0.010526315789473684,8.606910705566406e-05,0
4604,-0.8603515625,C9,-0.859375,C9,-0.859375,0.0009765625,0.0011350737797956867,9.5367431640625e-07,1
4605,-1.632568359375,AC,-1.625,AC,-1.625,0.007568359375,0.004635860625093465,5.728006362915039e-05,1
4606,-0.64013671875,D7,-0.640625,D7,-0.640625,0.00048828125,0.0007627765064836003,2.384185791015625e-07,1
4607,-0.3896484375,E7,-0.390625,E8,-0.375,0.0146484375,0.03759398496240601,0.00021457672119140625,0
4608,0.27685546875,12,0.28125,12,0.28125,0.00439453125,0.015873015873015872,1.9311904907226562e-05,1
4609,0.052001953125,03,0.046875,02,0.03125,0.020751953125,0.39906103286384975,0.00043064355850219727,0
4610,0.1953125,0C,0.1875,0C,0.1875,0.0078125,0.04,6.103515625e-05,1
4611,-0.6689453125,D5,-0.671875,D5,-0.671875,0.0029296875,0.004379562043795621,8.58306884765625e-06,1
4612,0.04150390625,03,0.046875,03,0.046875,0.00537109375,0.12941176470588237,2.8848648071289062e-05,1
4613,-0.140380859375,F7,-0.140625,F7,-0.140625,0.000244140625,0.0017391304347826088,5.960464477539063e-08,1
4614,0.70849609375,2D,0.703125,2D,0.703125,0.00537109375,0.007580978635423846,2.8848648071289062e-05,1
4615,-0.127685546875,F8,-0.125,F8,-0.125,0.002685546875,0.021032504780114723,7.212162017822266e-06,1
4616,0.38671875,19,0.390625,19,0.390625,0.00390625,0.010101010101010102,1.52587890625e-05,1
4617,-0.80810546875,CC,-0.8125,CB,-0.828125,0.02001953125,0.024773413897280966,0.00040078163146972656,0
4618,-1.0615234375,BE,-1.0625,BE,-1.0625,0.0009765625,0.0009199632014719411,9.5367431640625e-07,1
4619,-0.282958984375,EE,-0.28125,ED,-0.296875,0.013916015625,0.04918032786885246,0.00019365549087524414,0
4620,0.0869140625,06,0.09375,05,0.078125,0.0087890625,0.10112359550561797,7.724761962890625e-05,0
4621,-0.347412109375,EA,-0.34375,E9,-0.359375,0.011962890625,0.03443429374560787,0.0001431107521057129,0
4622,-0.70751953125,D3,-0.703125,D3,-0.703125,0.00439453125,0.006211180124223602,1.9311904907226562e-05,1
4623,0.072998046875,05,0.078125,05,0.078125,0.005126953125,0.07023411371237458,2.6285648345947266e-05,1
4624,0.4189453125,1B,0.421875,1B,0.421875,0.0029296875,0.006993006993006993,8.58306884765625e-06,1
4625,-0.61962890625,D8,-0.625,D9,-0.609375,0.01025390625,0.016548463356973995,0.00010514259338378906,0
4626,-0.1640625,F6,-0.15625,F5,-0.171875,0.0078125,0.047619047619047616,6.103515625e-05,0
4627,0.74609375,30,0.75,2F,0.734375,0.01171875,0.015706806282722512,0.0001373291015625,0
4628,0.161376953125,0A,0.15625,0B,0.171875,0.010498046875,0.06505295007564296,0.00011020898818969727,0
4629,0.250732421875,10,0.25,10,0.25,0.000732421875,0.0029211295034079843,5.364418029785156e-07,1
4630,0.654296875,2A,0.65625,29,0.640625,0.013671875,0.020895522388059702,0.000186920166015625,0
4631,0.8427734375,36,0.84375,37,0.859375,0.0166015625,0.019698725376593278,0.00027561187744140625,0
4632,-1.81005859375,A6,-1.8125,A6,-1.8125,0.00244140625,0.001348799568384138,5.9604644775390625e-06,1
4633,-0.9345703125,C4,-0.9375,C5,-0.921875,0.0126953125,0.013584117032392894,0.00016117095947265625,0
4634,-0.05908203125,FC,-0.0625,FD,-0.046875,0.01220703125,0.2066115702479339,0.00014901161193847656,0
4635,0.353515625,17,0.359375,17,0.359375,0.005859375,0.016574585635359115,3.4332275390625e-05,1
4636,-0.314453125,EC,-0.3125,ED,-0.296875,0.017578125,0.055900621118012424,0.000308990478515625,0
4637,1.07373046875,42,1.0625,42,1.0625,0.01123046875,0.010459299681673489,0.00012612342834472656,1
4638,-0.77685546875,CE,-0.78125,CE,-0.78125,0.00439453125,0.0056568196103079825,1.9311904907226562e-05,1
4639,0.36083984375,17,0.359375,18,0.375,0.01416015625,0.03924221921515562,0.00020051002502441406,0
4640,0.40087890625,1A,0.40625,1A,0.40625,0.00537109375,0.013398294762484775,2.8848648071289062e-05,1
4641,-1.735107421875,A8,-1.75,A9,-1.71875,0.016357421875,0.009427325172365273,0.0002675652503967285,0
4642,-0.59765625,DA,-0.59375,DA,-0.59375,0.00390625,0.006535947712418301,1.52587890625e-05,1
4643,-1.150390625,BB,-1.15625,BC,-1.125,0.025390625,0.022071307300509338,0.000644683837890625,0
4644,0.43701171875,1C,0.4375,1C,0.4375,0.00048828125,0.0011173184357541898,2.384185791015625e-07,1
4645,-0.79345703125,CD,-0.796875,CD,-0.796875,0.00341796875,0.0043076923076923075,1.1682510375976562e-05,1
4646,-1.02392578125,BF,-1.03125,BF,-1.03125,0.00732421875,0.00715307582260372,5.364418029785156e-05,1
4647,0.171630859375,0B,0.171875,0A,0.15625,0.015380859375,0.08961593172119488,0.0002365708351135254,0
4648,-0.917236328125,C5,-0.921875,C6,-0.90625,0.010986328125,0.011977641735427202,0.00012069940567016602,0
4649,0.27978515625,12,0.28125,11,0.265625,0.01416015625,0.0506108202443281,0.00020051002502441406,0
4650,0.20068359375,0D,0.203125,0C,0.1875,0.01318359375,0.06569343065693431,0.00017380714416503906,0
4651,0.595458984375,26,0.59375,26,0.59375,0.001708984375,0.002870028700287003,2.9206275939941406e-06,1
4652,1.945068359375,5E,1.9375,5E,1.9375,0.007568359375,0.0038910505836575876,5.728006362915039e-05,1
4653,0.0087890625,01,0.015625,01,0.015625,0.0068359375,0.7777777777777778,4.673004150390625e-05,1
4654,0.6875,2C,0.6875,2C,0.6875,0.0,0.0,0.0,1
4655,0.598388671875,26,0.59375,26,0.59375,0.004638671875,0.007751937984496124,2.1517276763916016e-05,1
4656,-0.55810546875,DC,-0.5625,DC,-0.5625,0.00439453125,0.007874015748031496,1.9311904907226562e-05,1
4657,-0.051513671875,FD,-0.046875,FC,-0.0625,0.010986328125,0.2132701421800948,0.00012069940567016602,0
4658,0.51708984375,21,0.515625,21,0.515625,0.00146484375,0.0028328611898017,2.1457672119140625e-06,1
4659,-1.012939453125,C0,-1.0,BF,-1.03125,0.018310546875,0.018076644974692697,0.00033527612686157227,0
4660,0.668212890625,2B,0.671875,2A,0.65625,0.011962890625,0.017902813299232736,0.0001431107521057129,0
4661,-0.943603515625,C4,-0.9375,C4,-0.9375,0.006103515625,0.00646830530401035,3.725290298461914e-05,1
4662,0.5390625,22,0.53125,23,0.546875,0.0078125,0.014492753623188406,6.103515625e-05,0
4663,2.419189453125,63,2.375,63,2.375,0.044189453125,0.01826622262589565,0.0019527077674865723,1
4664,0.299072265625,13,0.296875,13,0.296875,0.002197265625,0.007346938775510204,4.827976226806641e-06,1
4665,0.11376953125,07,0.109375,07,0.109375,0.00439453125,0.03862660944206009,1.9311904907226562e-05,1
4666,0.1484375,0A,0.15625,0A,0.15625,0.0078125,0.05263157894736842,6.103515625e-05,1
4667,-0.7744140625,CE,-0.78125,CF,-0.765625,0.0087890625,0.011349306431273645,7.724761962890625e-05,0
4668,0.189208984375,0C,0.1875,0C,0.1875,0.001708984375,0.00903225806451613,2.9206275939941406e-06,1
4669,-0.40087890625,E6,-0.40625,E8,-0.375,0.02587890625,0.06455542021924482,0.0006697177886962891,0
4670,-0.604248046875,D9,-0.609375,DA,-0.59375,0.010498046875,0.017373737373737375,0.00011020898818969727,0
4671,0.630126953125,28,0.625,28,0.625,0.005126953125,0.008136381247578458,2.6285648345947266e-05,1
4672,0.194091796875,0C,0.1875,0C,0.1875,0.006591796875,0.033962264150943396,4.3451786041259766e-05,1
4673,0.437255859375,1C,0.4375,1A,0.40625,0.031005859375,0.07091010608598548,0.0009613633155822754,0
4674,-0.590087890625,DA,-0.59375,DA,-0.59375,0.003662109375,0.006206040546131568,1.341104507446289e-05,1
4675,0.289306640625,13,0.296875,12,0.28125,0.008056640625,0.027848101265822784,6.490945816040039e-05,0
4676,-0.534423828125,DE,-0.53125,DE,-0.53125,0.003173828125,0.005938784833257195,1.0073184967041016e-05,1
4677,-0.537841796875,DE,-0.53125,DE,-0.53125,0.006591796875,0.012256014525646845,4.3451786041259766e-05,1
4678,0.294189453125,13,0.296875,13,0.296875,0.002685546875,0.009128630705394191,7.212162017822266e-06,1
4679,-0.056640625,FC,-0.0625,FD,-0.046875,0.009765625,0.1724137931034483,9.5367431640625e-05,0
4680,1.996337890625,60,2.0,60,2.0,0.003662109375,0.0018344135991194815,1.341104507446289e-05,1
4681,-0.26611328125,EF,-0.265625,EE,-0.28125,0.01513671875,0.05688073394495413,0.00022912025451660156,0
4682,-1.13232421875,BC,-1.125,BD,-1.09375,0.03857421875,0.03406640793445451,0.0014879703521728516,0
4683,-0.275146484375,EE,-0.28125,EF,-0.265625,0.009521484375,0.03460514640638864,9.065866470336914e-05,0
4684,-1.64404296875,AB,-1.65625,AB,-1.65625,0.01220703125,0.007425007425007425,0.00014901161193847656,1
4685,0.3095703125,14,0.3125,13,0.296875,0.0126953125,0.04100946372239748,0.00016117095947265625,0
4686,0.182861328125,0C,0.1875,0C,0.1875,0.004638671875,0.025367156208277702,2.1517276763916016e-05,1
4687,-1.34033203125,B5,-1.34375,B5,-1.34375,0.00341796875,0.0025500910746812386,1.1682510375976562e-05,1
4688,-0.576171875,DB,-0.578125,DB,-0.578125,0.001953125,0.003389830508474576,3.814697265625e-06,1
4689,0.0390625,02,0.03125,02,0.03125,0.0078125,0.2,6.103515625e-05,1
4690,0.22216796875,0E,0.21875,0E,0.21875,0.00341796875,0.015384615384615385,1.1682510375976562e-05,1
4691,-0.94775390625,C3,-0.953125,C4,-0.9375,0.01025390625,0.010819165378670788,0.00010514259338378906,0
4692,1.28173828125,49,1.28125,48,1.25,0.03173828125,0.024761904761904763,0.0010073184967041016,0
4693,-1.36328125,B4,-1.375,B4,-1.375,0.01171875,0.008595988538681949,0.0001373291015625,1
4694,-1.7275390625,A9,-1.71875,A9,-1.71875,0.0087890625,0.005087620124364048,7.724761962890625e-05,1
4695,-1.896484375,A3,-1.90625,A4,-1.875,0.021484375,0.01132852729145211,0.000461578369140625,0
4696,-0.994384765625,C0,-1.0,C1,-0.984375,0.010009765625,0.010066290203780998,0.00010019540786743164,0
4697,0.57666015625,25,0.578125,25,0.578125,0.00146484375,0.002540220152413209,2.1457672119140625e-06,1
4698,0.995849609375,40,1.0,40,1.0,0.004150390625,0.004167688158862467,1.722574234008789e-05,1
4699,0.89404296875,39,0.890625,39,0.890625,0.00341796875,0.0038230475150191155,1.1682510375976562e-05,1
4700,0.276123046875,12,0.28125,12,0.28125,0.005126953125,0.01856763925729443,2.6285648345947266e-05,1
4701,0.23046875,0F,0.234375,10,0.25,0.01953125,0.0847457627118644,0.0003814697265625,0
4702,0.187744140625,0C,0.1875,0C,0.1875,0.000244140625,0.0013003901170351106,5.960464477539063e-08,1
4703,-0.84033203125,CA,-0.84375,CB,-0.828125,0.01220703125,0.01452643811737362,0.00014901161193847656,0
4704,1.840576171875,5B,1.84375,5A,1.8125,0.028076171875,0.015254012468497148,0.000788271427154541,0
4705,1.2373046875,48,1.25,48,1.25,0.0126953125,0.010260457774269928,0.00016117095947265625,1
4706,-1.38427734375,B4,-1.375,B4,-1.375,0.00927734375,0.006701940035273368,8.606910705566406e-05,1
4707,-0.99462890625,C0,-1.0,C1,-0.984375,0.01025390625,0.010309278350515464,0.00010514259338378906,0
4708,1.401123046875,4D,1.40625,4C,1.375,0.026123046875,0.018644363129465064,0.0006824135780334473,0
4709,-1.635498046875,AC,-1.625,AC,-1.625,0.010498046875,0.006418868487834005,0.00011020898818969727,1
4710,-0.38330078125,E7,-0.390625,E8,-0.375,0.00830078125,0.02165605095541401,6.890296936035156e-05,0
4711,1.873046875,5C,1.875,5C,1.875,0.001953125,0.0010427528675703858,3.814697265625e-06,1
4712,-0.5732421875,DB,-0.578125,DC,-0.5625,0.0107421875,0.018739352640545145,0.00011539459228515625,0
4713,0.8447265625,36,0.84375,36,0.84375,0.0009765625,0.0011560693641618498,9.5367431640625e-07,1
4714,-0.972412109375,C2,-0.96875,C2,-0.96875,0.003662109375,0.0037660055234747677,1.341104507446289e-05,1
4715,0.470947265625,1E,0.46875,1F,0.484375,0.013427734375,0.02851218247796786,0.00018030405044555664,0
4716,-0.2578125,F0,-0.25,F1,-0.234375,0.0234375,0.09090909090909091,0.00054931640625,0
4717,0.627197265625,28,0.625,28,0.625,0.002197265625,0.0035033086804203972,4.827976226806641e-06,1
4718,0.52001953125,21,0.515625,22,0.53125,0.01123046875,0.0215962441314554,0.00012612342834472656,0
4719,-0.138427734375,F7,-0.140625,F7,-0.140625,0.002197265625,0.015873015873015872,4.827976226806641e-06,1
4720,-0.43798828125,E4,-0.4375,E3,-0.453125,0.01513671875,0.03455964325529543,0.00022912025451660156,0
4721,0.412841796875,1A,0.40625,1B,0.421875,0.009033203125,0.02188054405677114,8.159875869750977e-05,0
4722,-0.08740234375,FA,-0.09375,F9,-0.109375,0.02197265625,0.25139664804469275,0.00048279762268066406,0
4723,0.437744140625,1C,0.4375,1C,0.4375,0.000244140625,0.0005577244841048522,5.960464477539063e-08,1
4724,-1.176513671875,BA,-1.1875,BA,-1.1875,0.010986328125,0.009338036937123885,0.00012069940567016602,1
4725,0.224609375,0E,0.21875,0D,0.203125,0.021484375,0.09565217391304348,0.000461578369140625,0
4726,-0.570068359375,DC,-0.5625,DC,-0.5625,0.007568359375,0.013276231263383297,5.728006362915039e-05,1
4727,0.89453125,39,0.890625,3A,0.90625,0.01171875,0.013100436681222707,0.0001373291015625,0
4728,0.439697265625,1C,0.4375,1C,0.4375,0.002197265625,0.004997223764575236,4.827976226806641e-06,1
4729,-1.02099609375,BF,-1.03125,BF,-1.03125,0.01025390625,0.010043041606886656,0.00010514259338378906,1
4730,-1.365478515625,B4,-1.375,B4,-1.375,0.009521484375,0.006973001966744144,9.065866470336914e-05,1
4731,-0.89453125,C7,-0.890625,C7,-0.890625,0.00390625,0.004366812227074236,1.52587890625e-05,1
4732,0.73388671875,2F,0.734375,2E,0.71875,0.01513671875,0.020625415834996674,0.00022912025451660156,0
4733,-0.15673828125,F6,-0.15625,F6,-0.15625,0.00048828125,0.003115264797507788,2.384185791015625e-07,1
4734,-0.740234375,D1,-0.734375,D0,-0.75,0.009765625,0.013192612137203167,9.5367431640625e-05,0
4735,-0.130615234375,F8,-0.125,F7,-0.140625,0.010009765625,0.07663551401869159,0.00010019540786743164,0
4736,0.2333984375,0F,0.234375,0F,0.234375,0.0009765625,0.0041841004184100415,9.5367431640625e-07,1
4737,0.847412109375,36,0.84375,35,0.828125,0.019287109375,0.02276001152405647,0.0003719925880432129,0
4738,0.166259765625,0B,0.171875,0A,0.15625,0.010009765625,0.06020558002936858,0.00010019540786743164,0
4739,1.720458984375,57,1.71875,58,1.75,0.029541015625,0.017170427132112955,0.0008726716041564941,0
4740,-0.255126953125,F0,-0.25,EF,-0.265625,0.010498046875,0.04114832535885168,0.00011020898818969727,0
4741,1.66357421875,55,1.65625,54,1.625,0.03857421875,0.023187555033754036,0.0014879703521728516,0
4742,0.8876953125,39,0.890625,39,0.890625,0.0029296875,0.0033003300330033004,8.58306884765625e-06,1
4743,0.889892578125,39,0.890625,39,0.890625,0.000732421875,0.0008230452674897119,5.364418029785156e-07,1
4744,-0.21923828125,F2,-0.21875,F3,-0.203125,0.01611328125,0.07349665924276169,0.00025963783264160156,0
4745,-0.39013671875,E7,-0.390625,E7,-0.390625,0.00048828125,0.0012515644555694619,2.384185791015625e-07,1
4746,0.10791015625,07,0.109375,05,0.078125,0.02978515625,0.27601809954751133,0.0008871555328369141,0
4747,-0.312255859375,EC,-0.3125,ED,-0.296875,0.015380859375,0.04925723221266615,0.0002365708351135254,0
4748,-0.1005859375,FA,-0.09375,F9,-0.109375,0.0087890625,0.08737864077669903,7.724761962890625e-05,0
4749,-0.4697265625,E2,-0.46875,E2,-0.46875,0.0009765625,0.002079002079002079,9.5367431640625e-07,1
4750,-0.524658203125,DE,-0.53125,DD,-0.546875,0.022216796875,0.04234527687296417,0.0004935860633850098,0
4751,-1.95361328125,A1,-1.96875,A2,-1.9375,0.01611328125,0.008247938015496127,0.00025963783264160156,0
4752,-0.4423828125,E4,-0.4375,E4,-0.4375,0.0048828125,0.011037527593818985,2.384185791015625e-05,1
4753,-1.673828125,AA,-1.6875,AA,-1.6875,0.013671875,0.008168028004667444,0.000186920166015625,1
4754,0.1142578125,07,0.109375,07,0.109375,0.0048828125,0.042735042735042736,2.384185791015625e-05,1
4755,-1.39306640625,B3,-1.40625,B4,-1.375,0.01806640625,0.012968804766912022,0.00032639503479003906,0
4756,1.56640625,52,1.5625,52,1.5625,0.00390625,0.0024937655860349127,1.52587890625e-05,1
4757,0.55419921875,23,0.546875,23,0.546875,0.00732421875,0.013215859030837005,5.364418029785156e-05,1
4758,-0.1845703125,F4,-0.1875,F3,-0.203125,0.0185546875,0.10052910052910052,0.00034427642822265625,0
4759,0.10546875,07,0.109375,07,0.109375,0.00390625,0.037037037037037035,1.52587890625e-05,1
4760,-0.869873046875,C8,-0.875,C8,-0.875,0.005126953125,0.005893909626719057,2.6285648345947266e-05,1
4761,0.253662109375,10,0.25,10,0.25,0.003662109375,0.014436958614051972,1.341104507446289e-05,1
4762,1.12451171875,44,1.125,44,1.125,0.00048828125,0.0004342162396873643,2.384185791015625e-07,1
4763,-0.1455078125,F7,-0.140625,F6,-0.15625,0.0107421875,0.0738255033557047,0.00011539459228515625,0
4764,-1.3916015625,B3,-1.40625,B4,-1.375,0.0166015625,0.011929824561403509,0.00027561187744140625,0
4765,0.837890625,36,0.84375,36,0.84375,0.005859375,0.006993006993006993,3.4332275390625e-05,1
4766,0.123291015625,08,0.125,07,0.109375,0.013916015625,0.11287128712871287,0.00019365549087524414,0
4767,0.904052734375,3A,0.90625,3A,0.90625,0.002197265625,0.0024304617877396704,4.827976226806641e-06,1
4768,-0.63671875,D7,-0.640625,D8,-0.625,0.01171875,0.018404907975460124,0.0001373291015625,0
4769,0.900146484375,3A,0.90625,3A,0.90625,0.006103515625,0.0067805804176837535,3.725290298461914e-05,1
4770,0.21728515625,0E,0.21875,0F,0.234375,0.01708984375,0.07865168539325842,0.00029206275939941406,0
4771,-0.99560546875,C0,-1.0,C1,-0.984375,0.01123046875,0.011280039234919078,0.00012612342834472656,0
4772,-2.144775390625,9F,-2.125,9F,-2.125,0.019775390625,0.009220261809903244,0.0003910660743713379,1
4773,-0.462646484375,E2,-0.46875,E4,-0.4375,0.025146484375,0.054353562005277044,0.0006323456764221191,0
4774,1.43603515625,4E,1.4375,4E,1.4375,0.00146484375,0.0010200612036722204,2.1457672119140625e-06,1
4775,0.1259765625,08,0.125,07,0.109375,0.0166015625,0.13178294573643412,0.00027561187744140625,0
4776,-1.1142578125,BC,-1.125,BD,-1.09375,0.0205078125,0.018404907975460124,0.00042057037353515625,0
4777,0.579345703125,25,0.578125,24,0.5625,0.016845703125,0.029077117572692796,0.00028377771377563477,0
4778,0.611328125,27,0.609375,27,0.609375,0.001953125,0.003194888178913738,3.814697265625e-06,1
4779,-0.83154296875,CB,-0.828125,CA,-0.84375,0.01220703125,0.014679976512037582,0.00014901161193847656,0
4780,0.868896484375,38,0.875,37,0.859375,0.009521484375,0.010958134307389716,9.065866470336914e-05,0
4781,1.3994140625,4D,1.40625,4D,1.40625,0.0068359375,0.004884856943475227,4.673004150390625e-05,1
4782,0.51220703125,21,0.515625,20,0.5,0.01220703125,0.023832221163012392,0.00014901161193847656,0
4783,-0.61328125,D9,-0.609375,D9,-0.609375,0.00390625,0.006369426751592357,1.52587890625e-05,1
4784,1.338134765625,4B,1.34375,4A,1.3125,0.025634765625,0.019157088122605363,0.0006571412086486816,0
4785,0.322265625,15,0.328125,15,0.328125,0.005859375,0.01818181818181818,3.4332275390625e-05,1
4786,-0.7001953125,D3,-0.703125,D2,-0.71875,0.0185546875,0.026499302649930265,0.00034427642822265625,0
4787,-0.013427734375,FF,-0.015625,FE,-0.03125,0.017822265625,1.3272727272727274,0.00031763315200805664,0
4788,-0.79052734375,CD,-0.796875,CE,-0.78125,0.00927734375,0.01173563928350834,8.606910705566406e-05,0
4789,1.319580078125,4A,1.3125,4A,1.3125,0.007080078125,0.005365402405180388,5.0127506256103516e-05,1
4790,-0.153076171875,F6,-0.15625,F5,-0.171875,0.018798828125,0.12280701754385964,0.000353395938873291,0
4791,-0.543212890625,DD,-0.546875,DD,-0.546875,0.003662109375,0.006741573033707865,1.341104507446289e-05,1
4792,1.785888671875,59,1.78125,59,1.78125,0.004638671875,0.0025974025974025974,2.1517276763916016e-05,1
4793,-0.473388671875,E2,-0.46875,E2,-0.46875,0.004638671875,0.009798865394533264,2.1517276763916016e-05,1
4794,-1.068359375,BE,-1.0625,BE,-1.0625,0.005859375,0.005484460694698354,3.4332275390625e-05,1
4795,0.593994140625,26,0.59375,26,0.59375,0.000244140625,0.0004110152075626798,5.960464477539063e-08,1
4796,-1.19970703125,BA,-1.1875,BA,-1.1875,0.01220703125,0.010175010175010175,0.00014901161193847656,1
4797,-0.0322265625,FE,-0.03125,FE,-0.03125,0.0009765625,0.030303030303030304,9.5367431640625e-07,1
4798,0.85205078125,37,0.859375,36,0.84375,0.00830078125,0.009742120343839542,6.890296936035156e-05,0
4799,-0.149169921875,F6,-0.15625,F7,-0.140625,0.008544921875,0.057283142389525366,7.301568984985352e-05,0
4800,-0.05029296875,FD,-0.046875,FB,-0.078125,0.02783203125,0.5533980582524272,0.0007746219635009766,0
4801,0.52978515625,22,0.53125,21,0.515625,0.01416015625,0.026728110599078342,0.00020051002502441406,0
4802,0.5703125,24,0.5625,25,0.578125,0.0078125,0.0136986301369863,6.103515625e-05,0
4803,-0.53271484375,DE,-0.53125,DE,-0.53125,0.00146484375,0.002749770852428964,2.1457672119140625e-06,1
4804,-0.01953125,FF,-0.015625,FE,-0.03125,0.01171875,0.6,0.0001373291015625,0
4805,-0.184326171875,F4,-0.1875,F4,-0.1875,0.003173828125,0.017218543046357615,1.0073184967041016e-05,1
4806,-1.54736328125,AE,-1.5625,AE,-1.5625,0.01513671875,0.009782265698958662,0.00022912025451660156,1
4807,-0.423095703125,E5,-0.421875,E6,-0.40625,0.016845703125,0.03981534910559723,0.00028377771377563477,0
4808,0.075439453125,05,0.078125,05,0.078125,0.002685546875,0.03559870550161812,7.212162017822266e-06,1
4809,0.39794921875,19,0.390625,19,0.390625,0.00732421875,0.018404907975460124,5.364418029785156e-05,1
4810,0.301025390625,13,0.296875,13,0.296875,0.004150390625,0.013787510137875101,1.722574234008789e-05,1
4811,-0.466552734375,E2,-0.46875,E2,-0.46875,0.002197265625,0.004709576138147566,4.827976226806641e-06,1
4812,0.3271484375,15,0.328125,16,0.34375,0.0166015625,0.050746268656716415,0.00027561187744140625,0
4813,-0.521484375,DF,-0.515625,DF,-0.515625,0.005859375,0.011235955056179775,3.4332275390625e-05,1
4814,0.22021484375,0E,0.21875,0E,0.21875,0.00146484375,0.0066518847006651885,2.1457672119140625e-06,1
4815,1.0986328125,43,1.09375,43,1.09375,0.0048828125,0.0044444444444444444,2.384185791015625e-05,1
4816,0.149658203125,0A,0.15625,0A,0.15625,0.006591796875,0.04404567699836868,4.3451786041259766e-05,1
4817,0.579833984375,25,0.578125,25,0.578125,0.001708984375,0.0029473684210526317,2.9206275939941406e-06,1
4818,0.5263671875,22,0.53125,22,0.53125,0.0048828125,0.00927643784786642,2.384185791015625e-05,1
4819,-1.095947265625,BD,-1.09375,BD,-1.09375,0.002197265625,0.0020049008687903764,4.827976226806641e-06,1
4820,0.411376953125,1A,0.40625,19,0.390625,0.020751953125,0.050445103857566766,0.00043064355850219727,0
4821,-0.513427734375,DF,-0.515625,E0,-0.5,0.013427734375,0.02615311459819306,0.00018030405044555664,0
4822,-1.3662109375,B4,-1.375,B4,-1.375,0.0087890625,0.006433166547533953,7.724761962890625e-05,1
4823,0.718994140625,2E,0.71875,2E,0.71875,0.000244140625,0.00033955857385398983,5.960464477539063e-08,1
4824,0.5966796875,26,0.59375,27,0.609375,0.0126953125,0.02127659574468085,0.00016117095947265625,0
4825,0.19921875,0D,0.203125,0C,0.1875,0.01171875,0.058823529411764705,0.0001373291015625,0
4826,0.412841796875,1A,0.40625,1A,0.40625,0.006591796875,0.01596688350088705,4.3451786041259766e-05,1
4827,-0.99658203125,C0,-1.0,C1,-0.984375,0.01220703125,0.01224889759921607,0.00014901161193847656,0
4828,-0.400634765625,E6,-0.40625,E7,-0.390625,0.010009765625,0.024984765386959172,0.00010019540786743164,0
4829,-0.40625,E6,-0.40625,E6,-0.40625,0.0,0.0,0.0,1
4830,-0.880126953125,C8,-0.875,C8,-0.875,0.005126953125,0.005825242718446602,2.6285648345947266e-05,1
4831,0.06103515625,04,0.0625,05,0.078125,0.01708984375,0.28,0.00029206275939941406,0
4832,1.973876953125,5F,1.96875,5E,1.9375,0.036376953125,0.018429189857761288,0.0013232827186584473,0
4833,0.2294921875,0F,0.234375,0F,0.234375,0.0048828125,0.02127659574468085,2.384185791015625e-05,1
4834,-0.18310546875,F4,-0.1875,F5,-0.171875,0.01123046875,0.06133333333333333,0.00012612342834472656,0
4835,1.7470703125,58,1.75,58,1.75,0.0029296875,0.0016769144773616546,8.58306884765625e-06,1
4836,-0.153564453125,F6,-0.15625,F7,-0.140625,0.012939453125,0.08426073131955485,0.00016742944717407227,0
4837,0.05078125,03,0.046875,04,0.0625,0.01171875,0.23076923076923078,0.0001373291015625,0
4838,1.186279296875,46,1.1875,46,1.1875,0.001220703125,0.0010290183165260341,1.4901161193847656e-06,1
4839,2.732421875,66,2.75,66,2.75,0.017578125,0.006433166547533953,0.000308990478515625,1
4840,1.34619140625,4B,1.34375,4C,1.375,0.02880859375,0.02140007254261879,0.0008299350738525391,0
4841,0.9697265625,3E,0.96875,3D,0.953125,0.0166015625,0.017119838872104734,0.00027561187744140625,0
4842,0.90673828125,3A,0.90625,3A,0.90625,0.00048828125,0.0005385029617662897,2.384185791015625e-07,1
4843,-0.700439453125,D3,-0.703125,D3,-0.703125,0.002685546875,0.0038340885325897525,7.212162017822266e-06,1
4844,-0.028076171875,FE,-0.03125,FE,-0.03125,0.003173828125,0.11304347826086956,1.0073184967041016e-05,1
4845,0.39892578125,1A,0.40625,19,0.390625,0.00830078125,0.0208078335373317,6.890296936035156e-05,0
4846,-0.207763671875,F3,-0.203125,F4,-0.1875,0.020263671875,0.09753231492361927,0.000410616397857666,0
4847,-0.19775390625,F3,-0.203125,F3,-0.203125,0.00537109375,0.027160493827160494,2.8848648071289062e-05,1
4848,1.17529296875,46,1.1875,46,1.1875,0.01220703125,0.01038637307852098,0.00014901161193847656,1
4849,-1.240478515625,B8,-1.25,B8,-1.25,0.009521484375,0.007675654398740406,9.065866470336914e-05,1
4850,1.2431640625,48,1.25,48,1.25,0.0068359375,0.0054988216810683424,4.673004150390625e-05,1
4851,-0.613525390625,D9,-0.609375,D9,-0.609375,0.004150390625,0.006764822920811779,1.722574234008789e-05,1
4852,-0.900390625,C6,-0.90625,C6,-0.90625,0.005859375,0.006507592190889371,3.4332275390625e-05,1
4853,1.115234375,44,1.125,44,1.125,0.009765625,0.008756567425569177,9.5367431640625e-05,1
4854,1.054443359375,42,1.0625,41,1.03125,0.023193359375,0.021995832368603842,0.0005379319190979004,0
4855,-0.3173828125,EC,-0.3125,ED,-0.296875,0.0205078125,0.06461538461538462,0.00042057037353515625,0
4856,0.50244140625,20,0.5,20,0.5,0.00244140625,0.004859086491739553,5.9604644775390625e-06,1
4857,0.1181640625,08,0.125,08,0.125,0.0068359375,0.05785123966942149,4.673004150390625e-05,1
4858,1.259521484375,48,1.25,48,1.25,0.009521484375,0.007559604574529948,9.065866470336914e-05,1
4859,0.728271484375,2F,0.734375,2F,0.734375,0.006103515625,0.008380824673147838,3.725290298461914e-05,1
4860,0.72119140625,2E,0.71875,2E,0.71875,0.00244140625,0.003385240352064997,5.9604644775390625e-06,1
4861,-1.135986328125,BC,-1.125,BB,-1.15625,0.020263671875,0.017837954008166772,0.000410616397857666,0
4862,0.572265625,25,0.578125,24,0.5625,0.009765625,0.017064846416382253,9.5367431640625e-05,0
4863,-0.699951171875,D3,-0.703125,D3,-0.703125,0.003173828125,0.004534356470177886,1.0073184967041016e-05,1
4864,-0.67529296875,D5,-0.671875,D6,-0.65625,0.01904296875,0.028199566160520606,0.00036263465881347656,0
4865,0.695556640625,2D,0.703125,2C,0.6875,0.008056640625,0.011583011583011582,6.490945816040039e-05,0
4866,-0.327392578125,EB,-0.328125,EB,-0.328125,0.000732421875,0.0022371364653243847,5.364418029785156e-07,1
4867,0.4580078125,1D,0.453125,1E,0.46875,0.0107421875,0.023454157782515993,0.00011539459228515625,0
4868,-0.3291015625,EB,-0.328125,EA,-0.34375,0.0146484375,0.04451038575667656,0.00021457672119140625,0
4869,0.16650390625,0B,0.171875,0A,0.15625,0.01025390625,0.06158357771260997,0.00010514259338378906,0
4870,0.44580078125,1D,0.453125,1D,0.453125,0.00732421875,0.01642935377875137,5.364418029785156e-05,1
4871,-0.5908203125,DA,-0.59375,D9,-0.609375,0.0185546875,0.03140495867768595,0.00034427642822265625,0
4872,-0.642578125,D7,-0.640625,D7,-0.640625,0.001953125,0.00303951367781155,3.814697265625e-06,1
4873,-1.017578125,BF,-1.03125,C0,-1.0,0.017578125,0.01727447216890595,0.000308990478515625,0
4874,1.259521484375,48,1.25,48,1.25,0.009521484375,0.007559604574529948,9.065866470336914e-05,1
4875,-0.264404296875,EF,-0.265625,EF,-0.265625,0.001220703125,0.0046168051708217915,1.4901161193847656e-06,1
4876,0.24267578125,10,0.25,0F,0.234375,0.00830078125,0.03420523138832998,6.890296936035156e-05,0
4877,1.607421875,53,1.59375,54,1.625,0.017578125,0.010935601458080195,0.000308990478515625,0
4878,0.33447265625,15,0.328125,14,0.3125,0.02197265625,0.06569343065693431,0.00048279762268066406,0
4879,0.73974609375,2F,0.734375,2F,0.734375,0.00537109375,0.007260726072607261,2.8848648071289062e-05,1
4880,1.00634765625,40,1.0,40,1.0,0.00634765625,0.006307617661329452,4.029273986816406e-05,1
4881,1.27392578125,49,1.28125,49,1.28125,0.00732421875,0.005749329244921426,5.364418029785156e-05,1
4882,0.906494140625,3A,0.90625,3A,0.90625,0.000244140625,0.00026932399676811203,5.960464477539063e-08,1
4883,-0.9736328125,C2,-0.96875,C3,-0.953125,0.0205078125,0.02106318956870612,0.00042057037353515625,0
4884,0.268798828125,11,0.265625,12,0.28125,0.012451171875,0.04632152588555858,0.00015503168106079102,0
4885,1.401611328125,4D,1.40625,4D,1.40625,0.004638671875,0.003309527956801951,2.1517276763916016e-05,1
4886,0.408935546875,1A,0.40625,1A,0.40625,0.002685546875,0.006567164179104477,7.212162017822266e-06,1
4887,0.81982421875,34,0.8125,35,0.828125,0.00830078125,0.01012507444907683,6.890296936035156e-05,0
4888,0.5859375,26,0.59375,26,0.59375,0.0078125,0.013333333333333334,6.103515625e-05,1
4889,0.32080078125,15,0.328125,16,0.34375,0.02294921875,0.0715372907153729,0.0005266666412353516,0
4890,2.1259765625,61,2.125,61,2.125,0.0009765625,0.00045934772622875517,9.5367431640625e-07,1
4891,0.599365234375,26,0.59375,27,0.609375,0.010009765625,0.01670061099796334,0.00010019540786743164,0
4892,0.4775390625,1F,0.484375,1F,0.484375,0.0068359375,0.014314928425357873,4.673004150390625e-05,1
4893,0.05029296875,03,0.046875,03,0.046875,0.00341796875,0.06796116504854369,1.1682510375976562e-05,1
4894,-1.882080078125,A4,-1.875,A5,-1.84375,0.038330078125,0.020365806200544817,0.0014691948890686035,0
4895,0.040771484375,03,0.046875,02,0.03125,0.009521484375,0.23353293413173654,9.065866470336914e-05,0
4896,1.469970703125,4F,1.46875,4F,1.46875,0.001220703125,0.0008304268393954493,1.4901161193847656e-06,1
4897,-0.03564453125,FE,-0.03125,FD,-0.046875,0.01123046875,0.3150684931506849,0.00012612342834472656,0
4898,0.420654296875,1B,0.421875,1A,0.40625,0.014404296875,0.03424260011607661,0.00020748376846313477,0
4899,0.0732421875,05,0.078125,04,0.0625,0.0107421875,0.14666666666666667,0.00011539459228515625,0
4900,-0.296142578125,ED,-0.296875,EE,-0.28125,0.014892578125,0.05028854080791426,0.00022178888320922852,0
4901,0.042724609375,03,0.046875,03,0.046875,0.004150390625,0.09714285714285714,1.722574234008789e-05,1
4902,0.590087890625,26,0.59375,24,0.5625,0.027587890625,0.046752172114191144,0.0007610917091369629,0
4903,-0.6630859375,D6,-0.65625,D5,-0.671875,0.0087890625,0.013254786450662739,7.724761962890625e-05,0
4904,1.56591796875,52,1.5625,52,1.5625,0.00341796875,0.002182725288431556,1.1682510375976562e-05,1
4905,-0.6728515625,D5,-0.671875,D6,-0.65625,0.0166015625,0.02467343976777939,0.00027561187744140625,0
4906,1.071533203125,42,1.0625,42,1.0625,0.009033203125,0.008430166324903166,8.159875869750977e-05,1
4907,-0.63037109375,D8,-0.625,D7,-0.640625,0.01025390625,0.016266460108443067,0.00010514259338378906,0
4908,-1.57763671875,AE,-1.5625,AE,-1.5625,0.01513671875,0.009594552770040236,0.00022912025451660156,1
4909,0.175048828125,0B,0.171875,0C,0.1875,0.012451171875,0.07112970711297072,0.00015503168106079102,0
4910,0.45263671875,1D,0.453125,1D,0.453125,0.00048828125,0.0010787486515641855,2.384185791015625e-07,1
4911,1.18798828125,46,1.1875,46,1.1875,0.00048828125,0.0004110152075626798,2.384185791015625e-07,1
4912,1.306640625,4A,1.3125,4A,1.3125,0.005859375,0.004484304932735426,3.4332275390625e-05,1
4913,-0.162841796875,F6,-0.15625,F5,-0.171875,0.009033203125,0.05547226386806597,8.159875869750977e-05,0
4914,0.765380859375,31,0.765625,30,0.75,0.015380859375,0.020095693779904306,0.0002365708351135254,0
4915,0.3974609375,19,0.390625,19,0.390625,0.0068359375,0.0171990171990172,4.673004150390625e-05,1
4916,0.47216796875,1E,0.46875,1D,0.453125,0.01904296875,0.04033092037228542,0.00036263465881347656,0
4917,-0.6669921875,D5,-0.671875,D6,-0.65625,0.0107421875,0.016105417276720352,0.00011539459228515625,0
4918,0.945556640625,3D,0.953125,3D,0.953125,0.007568359375,0.008004131164471986,5.728006362915039e-05,1
4919,-1.23779296875,B8,-1.25,B8,-1.25,0.01220703125,0.009861932938856016,0.00014901161193847656,1
4920,-0.8056640625,CC,-0.8125,CC,-0.8125,0.0068359375,0.008484848484848486,4.673004150390625e-05,1
4921,0.0927734375,06,0.09375,05,0.078125,0.0146484375,0.15789473684210525,0.00021457672119140625,0
4922,-0.52294921875,DF,-0.515625,DF,-0.515625,0.00732421875,0.014005602240896359,5.364418029785156e-05,1
4923,0.369384765625,18,0.375,17,0.359375,0.010009765625,0.027098479841374753,0.00010019540786743164,0
4924,-0.053955078125,FD,-0.046875,FC,-0.0625,0.008544921875,0.1583710407239819,7.301568984985352e-05,0
4925,1.05615234375,42,1.0625,42,1.0625,0.00634765625,0.006010171058714748,4.029273986816406e-05,1
4926,-1.15478515625,BB,-1.15625,BC,-1.125,0.02978515625,0.025792811839323467,0.0008871555328369141,0
4927,0.583251953125,25,0.578125,25,0.578125,0.005126953125,0.008790288823775638,2.6285648345947266e-05,1
4928,-0.038818359375,FE,-0.03125,FD,-0.046875,0.008056640625,0.20754716981132076,6.490945816040039e-05,0
4929,-0.613037109375,D9,-0.609375,D9,-0.609375,0.003662109375,0.005973715651135006,1.341104507446289e-05,1
4930,-0.913818359375,C6,-0.90625,C5,-0.921875,0.008056640625,0.008816457387122629,6.490945816040039e-05,0
4931,0.55810546875,24,0.5625,24,0.5625,0.00439453125,0.007874015748031496,1.9311904907226562e-05,1
4932,1.626708984375,54,1.625,54,1.625,0.001708984375,0.00105057781779979,2.9206275939941406e-06,1
4933,0.24755859375,10,0.25,11,0.265625,0.01806640625,0.07297830374753451,0.00032639503479003906,0
4934,-0.289306640625,ED,-0.296875,ED,-0.296875,0.007568359375,0.026160337552742614,5.728006362915039e-05,1
4935,-0.318115234375,EC,-0.3125,EC,-0.3125,0.005615234375,0.017651573292402148,3.153085708618164e-05,1
4936,-0.715576171875,D2,-0.71875,D2,-0.71875,0.003173828125,0.004435346298191744,1.0073184967041016e-05,1
4937,-0.095947265625,FA,-0.09375,FA,-0.09375,0.002197265625,0.022900763358778626,4.827976226806641e-06,1
4938,-1.30126953125,B6,-1.3125,B6,-1.3125,0.01123046875,0.008630393996247656,0.00012612342834472656,1
4939,1.34326171875,4B,1.34375,4C,1.375,0.03173828125,0.023627771719374774,0.0010073184967041016,0
4940,1.790283203125,59,1.78125,5A,1.8125,0.022216796875,0.012409654984317469,0.0004935860633850098,0
4941,-0.400146484375,E6,-0.40625,E8,-0.375,0.025146484375,0.06284319707138498,0.0006323456764221191,0
4942,0.84765625,36,0.84375,37,0.859375,0.01171875,0.013824884792626729,0.0001373291015625,0
4943,0.111572265625,07,0.109375,08,0.125,0.013427734375,0.12035010940919037,0.00018030405044555664,0
4944,-0.629150390625,D8,-0.625,D8,-0.625,0.004150390625,0.006596818005432673,1.722574234008789e-05,1
4945,1.448486328125,4E,1.4375,4E,1.4375,0.010986328125,0.007584695769425249,0.00012069940567016602,1
4946,-0.77587890625,CE,-0.78125,CE,-0.78125,0.00537109375,0.006922592825676526,2.8848648071289062e-05,1
4947,-0.977294921875,C1,-0.984375,C2,-0.96875,0.008544921875,0.00874344241818636,7.301568984985352e-05,0
4948,-0.55615234375,DC,-0.5625,DD,-0.546875,0.00927734375,0.016681299385425813,8.606910705566406e-05,0
4949,-1.3037109375,B6,-1.3125,B6,-1.3125,0.0087890625,0.006741573033707865,7.724761962890625e-05,1
4950,-0.68115234375,D4,-0.6875,D4,-0.6875,0.00634765625,0.00931899641577061,4.029273986816406e-05,1
4951,0.9873046875,3F,0.984375,3D,0.953125,0.0341796875,0.03461918892185954,0.0011682510375976562,0
4952,0.8017578125,33,0.796875,35,0.828125,0.0263671875,0.03288672350791717,0.0006952285766601562,0
4953,0.386474609375,19,0.390625,19,0.390625,0.004150390625,0.010739102969046115,1.722574234008789e-05,1
4954,1.108154296875,43,1.09375,43,1.09375,0.014404296875,0.012998457810090328,0.00020748376846313477,1
4955,-0.71435546875,D2,-0.71875,D1,-0.734375,0.02001953125,0.028024606971975393,0.00040078163146972656,0
4956,-0.1865234375,F4,-0.1875,F5,-0.171875,0.0146484375,0.07853403141361257,0.00021457672119140625,0
4957,0.958251953125,3D,0.953125,3E,0.96875,0.010498046875,0.010955414012738853,0.00011020898818969727,0
4958,0.4287109375,1B,0.421875,1C,0.4375,0.0087890625,0.02050113895216401,7.724761962890625e-05,0
4959,-0.4423828125,E4,-0.4375,E4,-0.4375,0.0048828125,0.011037527593818985,2.384185791015625e-05,1
4960,0.698486328125,2D,0.703125,2C,0.6875,0.010986328125,0.015728766165676335,0.00012069940567016602,0
4961,-1.333740234375,B5,-1.34375,B4,-1.375,0.041259765625,0.030935383488925498,0.0017023682594299316,0
4962,-1.80712890625,A6,-1.8125,A6,-1.8125,0.00537109375,0.0029721696838692245,2.8848648071289062e-05,1
4963,-0.585693359375,DB,-0.578125,DA,-0.59375,0.008056640625,0.013755731554814505,6.490945816040039e-05,0
4964,-0.445068359375,E4,-0.4375,E5,-0.421875,0.023193359375,0.05211190345584202,0.0005379319190979004,0
4965,-1.347900390625,B5,-1.34375,B4,-1.375,0.027099609375,0.020105053432349213,0.0007343888282775879,0
4966,-0.406005859375,E6,-0.40625,E6,-0.40625,0.000244140625,0.0006013229104028864,5.960464477539063e-08,1
4967,-0.590576171875,DA,-0.59375,DA,-0.59375,0.003173828125,0.005374121537825548,1.0073184967041016e-05,1
4968,0.00146484375,01,0.015625,00,0.0,0.00146484375,1.0,2.1457672119140625e-06,0
4969,0.03662109375,02,0.03125,03,0.046875,0.01025390625,0.28,0.00010514259338378906,0
4970,0.489501953125,1F,0.484375,1F,0.484375,0.005126953125,0.010473815461346634,2.6285648345947266e-05,1
4971,1.821533203125,5A,1.8125,5B,1.84375,0.022216796875,0.012196756466961533,0.0004935860633850098,0
4972,-2.6103515625,9B,-2.625,9B,-2.625,0.0146484375,0.005611672278338945,0.00021457672119140625,1
4973,-0.592529296875,DA,-0.59375,DA,-0.59375,0.001220703125,0.0020601565718994645,1.4901161193847656e-06,1
4974,1.0654296875,42,1.0625,42,1.0625,0.0029296875,0.002749770852428964,8.58306884765625e-06,1
4975,0.32080078125,15,0.328125,14,0.3125,0.00830078125,0.0258751902587519,6.890296936035156e-05,0
4976,-0.989990234375,C1,-0.984375,C0,-1.0,0.010009765625,0.010110974106041924,0.00010019540786743164,0
4977,-0.896728515625,C7,-0.890625,C7,-0.890625,0.006103515625,0.006806425265450586,3.725290298461914e-05,1
4978,0.248779296875,10,0.25,10,0.25,0.001220703125,0.004906771344455349,1.4901161193847656e-06,1
4979,-0.736083984375,D1,-0.734375,D1,-0.734375,0.001708984375,0.002321724709784411,2.9206275939941406e-06,1
4980,1.37109375,4C,1.375,4C,1.375,0.00390625,0.002849002849002849,1.52587890625e-05,1
4981,-1.33349609375,B5,-1.34375,B6,-1.3125,0.02099609375,0.015745148297326986,0.00044083595275878906,0
4982,-0.784423828125,CE,-0.78125,CD,-0.796875,0.012451171875,0.015873015873015872,0.00015503168106079102,0
4983,1.168212890625,45,1.15625,46,1.1875,0.019287109375,0.016509926854754442,0.0003719925880432129,0
4984,0.62890625,28,0.625,28,0.625,0.00390625,0.006211180124223602,1.52587890625e-05,1
4985,-1.695556640625,AA,-1.6875,AA,-1.6875,0.008056640625,0.004751619870410367,6.490945816040039e-05,1
4986,-0.194091796875,F4,-0.1875,F4,-0.1875,0.006591796875,0.033962264150943396,4.3451786041259766e-05,1
4987,0.29150390625,13,0.296875,12,0.28125,0.01025390625,0.035175879396984924,0.00010514259338378906,0
4988,0.6064453125,27,0.609375,27,0.609375,0.0029296875,0.004830917874396135,8.58306884765625e-06,1
4989,-0.64892578125,D6,-0.65625,D7,-0.640625,0.00830078125,0.012791572610985704,6.890296936035156e-05,0
4990,1.081298828125,43,1.09375,42,1.0625,0.018798828125,0.017385414314743733,0.000353395938873291,0
4991,-0.361083984375,E9,-0.359375,E9,-0.359375,0.001708984375,0.004732927653820149,2.9206275939941406e-06,1
4992,-0.118408203125,F8,-0.125,F8,-0.125,0.006591796875,0.05567010309278351,4.3451786041259766e-05,1
4993,-0.205322265625,F3,-0.203125,F3,-0.203125,0.002197265625,0.01070154577883472,4.827976226806641e-06,1
4994,-0.601318359375,DA,-0.59375,D9,-0.609375,0.008056640625,0.013398294762484775,6.490945816040039e-05,0
4995,-1.1318359375,BC,-1.125,BC,-1.125,0.0068359375,0.0060396893874029335,4.673004150390625e-05,1
4996,0.358154296875,17,0.359375,17,0.359375,0.001220703125,0.0034083162917518746,1.4901161193847656e-06,1
4997,-0.1533203125,F6,-0.15625,F7,-0.140625,0.0126953125,0.08280254777070063,0.00016117095947265625,0
4998,0.06787109375,04,0.0625,04,0.0625,0.00537109375,0.07913669064748201,2.8848648071289062e-05,1
4999,1.26123046875,48,1.25,48,1.25,0.01123046875,0.008904374758033295,0.00012612342834472656,1
5000,-0.839111328125,CA,-0.84375,CB,-0.828125,0.010986328125,0.013092813500145475,0.00012069940567016602,0
5001,1.609130859375,53,1.59375,54,1.625,0.015869140625,0.009861932938856016,0.0002518296241760254,0
5002,0.171875,0B,0.171875,0C,0.1875,0.015625,0.09090909090909091,0.000244140625,0
5003,0.79345703125,33,0.796875,33,0.796875,0.00341796875,0.0043076923076923075,1.1682510375976562e-05,1
5004,-0.246826171875,F0,-0.25,F0,-0.25,0.003173828125,0.012858555885262116,1.0073184967041016e-05,1
5005,0.349365234375,16,0.34375,16,0.34375,0.005615234375,0.01607267645003494,3.153085708618164e-05,1
5006,1.075439453125,42,1.0625,42,1.0625,0.012939453125,0.012031782065834279,0.00016742944717407227,1
5007,0.63232421875,28,0.625,28,0.625,0.00732421875,0.011583011583011582,5.364418029785156e-05,1
5008,-0.09130859375,FA,-0.09375,FC,-0.0625,0.02880859375,0.3155080213903743,0.0008299350738525391,0
5009,-0.876953125,C8,-0.875,C8,-0.875,0.001953125,0.0022271714922048997,3.814697265625e-06,1
5010,-1.468994140625,B1,-1.46875,B0,-1.5,0.031005859375,0.021106863885657304,0.0009613633155822754,0
5011,-1.6318359375,AC,-1.625,AC,-1.625,0.0068359375,0.004189108318372232,4.673004150390625e-05,1
5012,0.0947265625,06,0.09375,05,0.078125,0.0166015625,0.17525773195876287,0.00027561187744140625,0
5013,0.1513671875,0A,0.15625,0A,0.15625,0.0048828125,0.03225806451612903,2.384185791015625e-05,1
5014,1.3642578125,4C,1.375,4C,1.375,0.0107421875,0.007874015748031496,0.00011539459228515625,1
5015,0.706298828125,2D,0.703125,2E,0.71875,0.012451171875,0.017628759073625995,0.00015503168106079102,0
5016,0.388671875,19,0.390625,19,0.390625,0.001953125,0.005025125628140704,3.814697265625e-06,1
5017,0.0966796875,06,0.09375,06,0.09375,0.0029296875,0.030303030303030304,8.58306884765625e-06,1
5018,-1.03662109375,BF,-1.03125,BF,-1.03125,0.00537109375,0.0051813471502590676,2.8848648071289062e-05,1
5019,0.51806640625,21,0.515625,22,0.53125,0.01318359375,0.02544769085768143,0.00017380714416503906,0
5020,0.9111328125,3A,0.90625,3A,0.90625,0.0048828125,0.0053590568060021436,2.384185791015625e-05,1
5021,0.5625,24,0.5625,25,0.578125,0.015625,0.027777777777777776,0.000244140625,0
5022,1.61376953125,54,1.625,54,1.625,0.01123046875,0.006959152798789713,0.00012612342834472656,1
5023,-0.43408203125,E4,-0.4375,E5,-0.421875,0.01220703125,0.0281214848143982,0.00014901161193847656,0
5024,1.057861328125,42,1.0625,42,1.0625,0.004638671875,0.0043849526886683594,2.1517276763916016e-05,1
5025,-0.392822265625,E7,-0.390625,E7,-0.390625,0.002197265625,0.005593536357986327,4.827976226806641e-06,1
5026,1.112548828125,44,1.125,44,1.125,0.012451171875,0.01119157340355497,0.00015503168106079102,1
5027,0.4140625,1A,0.40625,1A,0.40625,0.0078125,0.018867924528301886,6.103515625e-05,1
5028,0.0458984375,03,0.046875,02,0.03125,0.0146484375,0.3191489361702128,0.00021457672119140625,0
5029,-0.25048828125,F0,-0.25,F0,-0.25,0.00048828125,0.001949317738791423,2.384185791015625e-07,1
5030,-2.081787109375,9F,-2.125,A0,-2.0,0.081787109375,0.03928697079863962,0.006689131259918213,0
5031,0.55712890625,24,0.5625,23,0.546875,0.01025390625,0.018404907975460124,0.00010514259338378906,0
5032,1.456787109375,4F,1.46875,4E,1.4375,0.019287109375,0.013239483827719122,0.0003719925880432129,0
5033,-0.70703125,D3,-0.703125,D4,-0.6875,0.01953125,0.027624309392265192,0.0003814697265625,0
5034,-0.1083984375,F9,-0.109375,FA,-0.09375,0.0146484375,0.13513513513513514,0.00021457672119140625,0
5035,0.570556640625,25,0.578125,23,0.546875,0.023681640625,0.04150620453572957,0.0005608201026916504,0
5036,0.10302734375,07,0.109375,06,0.09375,0.00927734375,0.09004739336492891,8.606910705566406e-05,0
5037,0.85888671875,37,0.859375,37,0.859375,0.00048828125,0.0005685048322910744,2.384185791015625e-07,1
5038,-0.868896484375,C8,-0.875,C7,-0.890625,0.021728515625,0.02500702444506884,0.00047212839126586914,0
5039,0.433837890625,1C,0.4375,1C,0.4375,0.003662109375,0.008441193021947102,1.341104507446289e-05,1
5040,0.281982421875,12,0.28125,12,0.28125,0.000732421875,0.0025974025974025974,5.364418029785156e-07,1
5041,-0.266845703125,EF,-0.265625,EF,-0.265625,0.001220703125,0.004574565416285453,1.4901161193847656e-06,1
5042,-0.45703125,E3,-0.453125,E4,-0.4375,0.01953125,0.042735042735042736,0.0003814697265625,0
5043,0.490234375,1F,0.484375,1F,0.484375,0.005859375,0.01195219123505976,3.4332275390625e-05,1
5044,0.467041015625,1E,0.46875,1E,0.46875,0.001708984375,0.0036591740721380033,2.9206275939941406e-06,1
5045,-0.17626953125,F5,-0.171875,F5,-0.171875,0.00439453125,0.024930747922437674,1.9311904907226562e-05,1
5046,1.35986328125,4C,1.375,4C,1.375,0.01513671875,0.011131059245960502,0.00022912025451660156,1
5047,0.193603515625,0C,0.1875,0C,0.1875,0.006103515625,0.031525851197982346,3.725290298461914e-05,1
5048,1.531982421875,51,1.53125,51,1.53125,0.000732421875,0.00047808764940239046,5.364418029785156e-07,1
5049,-0.911376953125,C6,-0.90625,C7,-0.890625,0.020751953125,0.02276989016876507,0.00043064355850219727,0
5050,-2.294677734375,9E,-2.25,9E,-2.25,0.044677734375,0.01947015639961698,0.0019960999488830566,1
5051,-0.4384765625,E4,-0.4375,E3,-0.453125,0.0146484375,0.0334075723830735,0.00021457672119140625,0
5052,-0.259033203125,EF,-0.265625,EF,-0.265625,0.006591796875,0.02544769085768143,4.3451786041259766e-05,1
5053,-0.251953125,F0,-0.25,EF,-0.265625,0.013671875,0.05426356589147287,0.000186920166015625,0
5054,2.04931640625,60,2.0,60,2.0,0.04931640625,0.024064808196330712,0.002432107925415039,1
5055,-0.394287109375,E7,-0.390625,E6,-0.40625,0.011962890625,0.030340557275541795,0.0001431107521057129,0
5056,-1.024658203125,BF,-1.03125,C0,-1.0,0.024658203125,0.024064808196330712,0.0006080269813537598,0
5057,0.54638671875,23,0.546875,23,0.546875,0.00048828125,0.0008936550491510277,2.384185791015625e-07,1
5058,-1.491455078125,B0,-1.5,B0,-1.5,0.008544921875,0.0057292519233917176,7.301568984985352e-05,1
5059,-0.530029296875,DE,-0.53125,DE,-0.53125,0.001220703125,0.0023030861354214646,1.4901161193847656e-06,1
5060,0.376708984375,18,0.375,19,0.390625,0.013916015625,0.03694102397926118,0.00019365549087524414,0
5061,-0.56591796875,DC,-0.5625,DC,-0.5625,0.00341796875,0.0060396893874029335,1.1682510375976562e-05,1
5062,1.076171875,42,1.0625,42,1.0625,0.013671875,0.012704174228675136,0.000186920166015625,1
5063,-0.376953125,E8,-0.375,E6,-0.40625,0.029296875,0.07772020725388601,0.000858306884765625,0
5064,0.5498046875,23,0.546875,23,0.546875,0.0029296875,0.0053285968028419185,8.58306884765625e-06,1
5065,1.006591796875,40,1.0,40,1.0,0.006591796875,0.00654862963861266,4.3451786041259766e-05,1
5066,-0.22265625,F2,-0.21875,F2,-0.21875,0.00390625,0.017543859649122806,1.52587890625e-05,1
5067,2.55712890625,64,2.5,64,2.5,0.05712890625,0.02234103494367004,0.003263711929321289,1
5068,1.685302734375,56,1.6875,56,1.6875,0.002197265625,0.001303780964797914,4.827976226806641e-06,1
5069,0.275146484375,12,0.28125,12,0.28125,0.006103515625,0.022182786157941437,3.725290298461914e-05,1
5070,-0.072265625,FB,-0.078125,FC,-0.0625,0.009765625,0.13513513513513514,9.5367431640625e-05,0
5071,-0.210693359375,F3,-0.203125,F3,-0.203125,0.007568359375,0.03592120509849363,5.728006362915039e-05,1
5072,0.981201171875,3F,0.984375,3F,0.984375,0.003173828125,0.0032346354814630504,1.0073184967041016e-05,1
5073,0.84765625,36,0.84375,36,0.84375,0.00390625,0.004608294930875576,1.52587890625e-05,1
5074,-1.2119140625,B9,-1.21875,B9,-1.21875,0.0068359375,0.0056406124093473006,4.673004150390625e-05,1
5075,0.812744140625,34,0.8125,34,0.8125,0.000244140625,0.00030039050765995795,5.960464477539063e-08,1
5076,-1.5263671875,AF,-1.53125,AF,-1.53125,0.0048828125,0.003198976327575176,2.384185791015625e-05,1
5077,0.85205078125,37,0.859375,35,0.828125,0.02392578125,0.028080229226361032,0.0005724430084228516,0
5078,0.281494140625,12,0.28125,12,0.28125,0.000244140625,0.0008673026886383347,5.960464477539063e-08,1
5079,0.46923828125,1E,0.46875,1E,0.46875,0.00048828125,0.001040582726326743,2.384185791015625e-07,1
5080,-0.263671875,EF,-0.265625,EF,-0.265625,0.001953125,0.007407407407407408,3.814697265625e-06,1
5081,-0.6015625,DA,-0.59375,D9,-0.609375,0.0078125,0.012987012987012988,6.103515625e-05,0
5082,-0.415771484375,E5,-0.421875,E6,-0.40625,0.009521484375,0.022900763358778626,9.065866470336914e-05,0
5083,0.004150390625,01,0.015625,01,0.015625,0.011474609375,2.764705882352941,0.0001316666603088379,1
5084,-0.1533203125,F6,-0.15625,F6,-0.15625,0.0029296875,0.01910828025477707,8.58306884765625e-06,1
5085,0.846435546875,36,0.84375,37,0.859375,0.012939453125,0.015286991635419672,0.00016742944717407227,0
5086,0.584228515625,25,0.578125,26,0.59375,0.009521484375,0.0162975344755537,9.065866470336914e-05,0
5087,1.220947265625,47,1.21875,47,1.21875,0.002197265625,0.001799640071985603,4.827976226806641e-06,1
5088,0.3125,14,0.3125,15,0.328125,0.015625,0.05,0.000244140625,0
5089,-0.886474609375,C7,-0.890625,C7,-0.890625,0.004150390625,0.00468190581107133,1.722574234008789e-05,1
5090,-0.116455078125,F9,-0.109375,F8,-0.125,0.008544921875,0.07337526205450734,7.301568984985352e-05,0
5091,-0.442138671875,E4,-0.4375,E4,-0.4375,0.004638671875,0.010491441192711209,2.1517276763916016e-05,1
5092,0.787353515625,32,0.78125,33,0.796875,0.009521484375,0.012093023255813953,9.065866470336914e-05,0
5093,-0.21435546875,F2,-0.21875,F1,-0.234375,0.02001953125,0.09339407744874716,0.00040078163146972656,0
5094,0.66357421875,2A,0.65625,2B,0.671875,0.00830078125,0.012509197939661517,6.890296936035156e-05,0
5095,-1.64990234375,AB,-1.65625,AB,-1.65625,0.00634765625,0.0038472920982539215,4.029273986816406e-05,1
5096,0.03076171875,02,0.03125,01,0.015625,0.01513671875,0.49206349206349204,0.00022912025451660156,0
5097,0.6591796875,2A,0.65625,29,0.640625,0.0185546875,0.028148148148148148,0.00034427642822265625,0
5098,0.956787109375,3D,0.953125,3D,0.953125,0.003662109375,0.003827507017096198,1.341104507446289e-05,1
5099,-0.970947265625,C2,-0.96875,C1,-0.984375,0.013427734375,0.013829519738496355,0.00018030405044555664,0
5100,-1.847412109375,A5,-1.84375,A5,-1.84375,0.003662109375,0.001982291529007533,1.341104507446289e-05,1
5101,0.2177734375,0E,0.21875,0D,0.203125,0.0146484375,0.06726457399103139,0.00021457672119140625,0
5102,-0.365478515625,E9,-0.359375,E9,-0.359375,0.006103515625,0.016700066800267203,3.725290298461914e-05,1
5103,-0.863037109375,C9,-0.859375,CA,-0.84375,0.019287109375,0.022347949080622348,0.0003719925880432129,0
5104,0.240966796875,0F,0.234375,0F,0.234375,0.006591796875,0.02735562310030395,4.3451786041259766e-05,1
5105,-0.350341796875,EA,-0.34375,E9,-0.359375,0.009033203125,0.02578397212543554,8.159875869750977e-05,0
5106,-2.54052734375,9C,-2.5,9C,-2.5,0.04052734375,0.015952335191235824,0.001642465591430664,1
5107,-0.9921875,C0,-1.0,C0,-1.0,0.0078125,0.007874015748031496,6.103515625e-05,1
5108,-0.82470703125,CB,-0.828125,CB,-0.828125,0.00341796875,0.0041444641799881585,1.1682510375976562e-05,1
5109,-0.10986328125,F9,-0.109375,F9,-0.109375,0.00048828125,0.0044444444444444444,2.384185791015625e-07,1
5110,0.792724609375,33,0.796875,34,0.8125,0.019775390625,0.024946104096088696,0.0003910660743713379,0
5111,0.040283203125,03,0.046875,03,0.046875,0.006591796875,0.16363636363636364,4.3451786041259766e-05,1
5112,1.5625,52,1.5625,52,1.5625,0.0,0.0,0.0,1
5113,-1.671142578125,AB,-1.65625,AB,-1.65625,0.014892578125,0.008911614317019723,0.00022178888320922852,1
5114,1.805419921875,5A,1.8125,5A,1.8125,0.007080078125,0.00392156862745098,5.0127506256103516e-05,1
5115,-0.75,D0,-0.75,D1,-0.734375,0.015625,0.020833333333333332,0.000244140625,0
5116,0.466064453125,1E,0.46875,1F,0.484375,0.018310546875,0.0392875851231011,0.00033527612686157227,0
5117,0.33203125,15,0.328125,16,0.34375,0.01171875,0.03529411764705882,0.0001373291015625,0
5118,0.207275390625,0D,0.203125,0E,0.21875,0.011474609375,0.05535924617196702,0.0001316666603088379,0
5119,1.56201171875,52,1.5625,52,1.5625,0.00048828125,0.00031259768677711783,2.384185791015625e-07,1
5120,0.4677734375,1E,0.46875,1E,0.46875,0.0009765625,0.0020876826722338203,9.5367431640625e-07,1
5121,1.43701171875,4E,1.4375,4E,1.4375,0.00048828125,0.0003397893306150187,2.384185791015625e-07,1
5122,-0.58154296875,DB,-0.578125,DC,-0.5625,0.01904296875,0.0327455919395466,0.00036263465881347656,0
5123,-0.685302734375,D4,-0.6875,D5,-0.671875,0.013427734375,0.019593872461702886,0.00018030405044555664,0
5124,-1.638916015625,AC,-1.625,AC,-1.625,0.013916015625,0.008490987635930284,0.00019365549087524414,1
5125,-0.81005859375,CC,-0.8125,CC,-0.8125,0.00244140625,0.0030138637733574444,5.9604644775390625e-06,1
5126,0.7685546875,31,0.765625,32,0.78125,0.0126953125,0.016518424396442185,0.00016117095947265625,0
5127,0.875244140625,38,0.875,38,0.875,0.000244140625,0.0002789400278940028,5.960464477539063e-08,1
5128,-0.44384765625,E4,-0.4375,E4,-0.4375,0.00634765625,0.014301430143014302,4.029273986816406e-05,1
5129,0.6064453125,27,0.609375,27,0.609375,0.0029296875,0.004830917874396135,8.58306884765625e-06,1
5130,1.25634765625,48,1.25,48,1.25,0.00634765625,0.005052467936261173,4.029273986816406e-05,1
5131,0.223876953125,0E,0.21875,0F,0.234375,0.010498046875,0.04689203925845147,0.00011020898818969727,0
5132,-0.1279296875,F8,-0.125,F7,-0.140625,0.0126953125,0.09923664122137404,0.00016117095947265625,0
5133,-0.141845703125,F7,-0.140625,F7,-0.140625,0.001220703125,0.008605851979345954,1.4901161193847656e-06,1
5134,-0.843505859375,CA,-0.84375,CB,-0.828125,0.015380859375,0.018234442836468887,0.0002365708351135254,0
5135,-1.19921875,BA,-1.1875,B9,-1.21875,0.01953125,0.016286644951140065,0.0003814697265625,0
5136,0.731689453125,2F,0.734375,2F,0.734375,0.002685546875,0.003670337003670337,7.212162017822266e-06,1
5137,1.388916015625,4C,1.375,4C,1.375,0.013916015625,0.010019335559852346,0.00019365549087524414,1
5138,0.34765625,16,0.34375,17,0.359375,0.01171875,0.033707865168539325,0.0001373291015625,0
5139,-0.069091796875,FC,-0.0625,FB,-0.078125,0.009033203125,0.13074204946996468,8.159875869750977e-05,0
5140,0.2802734375,12,0.28125,12,0.28125,0.0009765625,0.003484320557491289,9.5367431640625e-07,1
5141,1.26806640625,49,1.28125,48,1.25,0.01806640625,0.01424720831728918,0.00032639503479003906,0
5142,0.60400390625,27,0.609375,26,0.59375,0.01025390625,0.016976556184316895,0.00010514259338378906,0
5143,-0.823974609375,CB,-0.828125,CC,-0.8125,0.011474609375,0.013925925925925927,0.0001316666603088379,0
5144,-1.779296875,A7,-1.78125,A6,-1.8125,0.033203125,0.018660812294182216,0.001102447509765625,0
5145,1.1513671875,45,1.15625,44,1.125,0.0263671875,0.022900763358778626,0.0006952285766601562,0
5146,0.3720703125,18,0.375,17,0.359375,0.0126953125,0.03412073490813648,0.00016117095947265625,0
5147,0.85009765625,36,0.84375,36,0.84375,0.00634765625,0.007466973004020678,4.029273986816406e-05,1
5148,-0.631103515625,D8,-0.625,D8,-0.625,0.006103515625,0.009671179883945842,3.725290298461914e-05,1
5149,1.05419921875,42,1.0625,42,1.0625,0.00830078125,0.007874015748031496,6.890296936035156e-05,1
5150,-0.537109375,DE,-0.53125,DE,-0.53125,0.005859375,0.01090909090909091,3.4332275390625e-05,1
5151,-1.2314453125,B9,-1.21875,B8,-1.25,0.0185546875,0.01506740681998414,0.00034427642822265625,0
5152,-0.64892578125,D6,-0.65625,D6,-0.65625,0.00732421875,0.011286681715575621,5.364418029785156e-05,1
5153,-0.262451171875,EF,-0.265625,EF,-0.265625,0.003173828125,0.012093023255813953,1.0073184967041016e-05,1
5154,-0.110595703125,F9,-0.109375,F8,-0.125,0.014404296875,0.13024282560706402,0.00020748376846313477,0
5155,-1.08056640625,BD,-1.09375,BE,-1.0625,0.01806640625,0.016719385449615907,0.00032639503479003906,0
5156,-0.990966796875,C1,-0.984375,C1,-0.984375,0.006591796875,0.0066518847006651885,4.3451786041259766e-05,1
5157,0.646240234375,29,0.640625,2A,0.65625,0.010009765625,0.015489233094068758,0.00010019540786743164,0
5158,-1.232177734375,B9,-1.21875,B8,-1.25,0.017822265625,0.014464038042401426,0.00031763315200805664,0
5159,0.41845703125,1B,0.421875,1C,0.4375,0.01904296875,0.045507584597432905,0.00036263465881347656,0
5160,0.32958984375,15,0.328125,15,0.328125,0.00146484375,0.0044444444444444444,2.1457672119140625e-06,1
5161,-0.69091796875,D4,-0.6875,D4,-0.6875,0.00341796875,0.0049469964664310955,1.1682510375976562e-05,1
5162,1.539794921875,51,1.53125,51,1.53125,0.008544921875,0.005549389567147614,7.301568984985352e-05,1
5163,-1.145263671875,BB,-1.15625,BC,-1.125,0.020263671875,0.017693455553186955,0.000410616397857666,0
5164,0.5263671875,22,0.53125,23,0.546875,0.0205078125,0.03896103896103896,0.00042057037353515625,0
5165,-2.01953125,A0,-2.0,A0,-2.0,0.01953125,0.009671179883945842,0.0003814697265625,1
5166,0.62646484375,28,0.625,28,0.625,0.00146484375,0.002338269680436477,2.1457672119140625e-06,1
5167,-0.38330078125,E7,-0.390625,E8,-0.375,0.00830078125,0.02165605095541401,6.890296936035156e-05,0
5168,0.55224609375,23,0.546875,23,0.546875,0.00537109375,0.009725906277630416,2.8848648071289062e-05,1
5169,-1.921142578125,A3,-1.90625,A2,-1.9375,0.016357421875,0.008514423687889185,0.0002675652503967285,0
5170,0.681640625,2C,0.6875,2B,0.671875,0.009765625,0.014326647564469915,9.5367431640625e-05,0
5171,0.538818359375,22,0.53125,22,0.53125,0.007568359375,0.014046216583597644,5.728006362915039e-05,1
5172,1.468505859375,4F,1.46875,50,1.5,0.031494140625,0.02144638403990025,0.0009918808937072754,0
5173,-0.41796875,E5,-0.421875,E5,-0.421875,0.00390625,0.009345794392523364,1.52587890625e-05,1
5174,0.632568359375,28,0.625,27,0.609375,0.023193359375,0.036665380162099574,0.0005379319190979004,0
5175,-0.15478515625,F6,-0.15625,F6,-0.15625,0.00146484375,0.00946372239747634,2.1457672119140625e-06,1
5176,0.419921875,1B,0.421875,1B,0.421875,0.001953125,0.004651162790697674,3.814697265625e-06,1
5177,0.279052734375,12,0.28125,12,0.28125,0.002197265625,0.007874015748031496,4.827976226806641e-06,1
5178,-0.5517578125,DD,-0.546875,DC,-0.5625,0.0107421875,0.019469026548672566,0.00011539459228515625,0
5179,-1.672119140625,AA,-1.6875,AA,-1.6875,0.015380859375,0.009198423127463863,0.0002365708351135254,1
5180,0.26220703125,11,0.265625,10,0.25,0.01220703125,0.04655493482309125,0.00014901161193847656,0
5181,0.317626953125,14,0.3125,15,0.328125,0.010498046875,0.033051498847040735,0.00011020898818969727,0
5182,-0.293701171875,ED,-0.296875,ED,-0.296875,0.003173828125,0.010806317539484621,1.0073184967041016e-05,1
5183,-0.46923828125,E2,-0.46875,E2,-0.46875,0.00048828125,0.001040582726326743,2.384185791015625e-07,1
5184,-0.366943359375,E9,-0.359375,E8,-0.375,0.008056640625,0.021956087824351298,6.490945816040039e-05,0
5185,-0.274169921875,EE,-0.28125,EE,-0.28125,0.007080078125,0.025823686553873553,5.0127506256103516e-05,1
5186,0.912109375,3A,0.90625,3C,0.9375,0.025390625,0.027837259100642397,0.000644683837890625,0
5187,-0.1962890625,F3,-0.203125,F3,-0.203125,0.0068359375,0.03482587064676617,4.673004150390625e-05,1
5188,0.505615234375,20,0.5,21,0.515625,0.010009765625,0.01979719942056977,0.00010019540786743164,0
5189,-0.536376953125,DE,-0.53125,DD,-0.546875,0.010498046875,0.01957214383249886,0.00011020898818969727,0
5190,-0.779052734375,CE,-0.78125,CE,-0.78125,0.002197265625,0.002820432466311501,4.827976226806641e-06,1
5191,1.769775390625,59,1.78125,58,1.75,0.019775390625,0.011173955028279763,0.0003910660743713379,0
5192,0.669921875,2B,0.671875,2C,0.6875,0.017578125,0.026239067055393587,0.000308990478515625,0
5193,1.221923828125,47,1.21875,46,1.1875,0.034423828125,0.028171828171828173,0.001184999942779541,0
5194,-0.616943359375,D9,-0.609375,D9,-0.609375,0.007568359375,0.01226751088246933,5.728006362915039e-05,1
5195,1.188720703125,46,1.1875,46,1.1875,0.001220703125,0.0010269049086054631,1.4901161193847656e-06,1
5196,-0.68408203125,D4,-0.6875,D3,-0.703125,0.01904296875,0.027837259100642397,0.00036263465881347656,0
5197,0.343994140625,16,0.34375,16,0.34375,0.000244140625,0.0007097232079489,5.960464477539063e-08,1
5198,-1.906982421875,A3,-1.90625,A4,-1.875,0.031982421875,0.016771220074254255,0.0010228753089904785,0
5199,0.625244140625,28,0.625,29,0.640625,0.015380859375,0.024599765716516987,0.0002365708351135254,0
5200,0.5234375,22,0.53125,22,0.53125,0.0078125,0.014925373134328358,6.103515625e-05,1
5201,0.630126953125,28,0.625,29,0.640625,0.010498046875,0.01666020922123208,0.00011020898818969727,0
5202,-1.3984375,B3,-1.40625,B3,-1.40625,0.0078125,0.00558659217877095,6.103515625e-05,1
5203,-0.3916015625,E7,-0.390625,E8,-0.375,0.0166015625,0.04239401496259352,0.00027561187744140625,0
5204,0.2421875,10,0.25,0F,0.234375,0.0078125,0.03225806451612903,6.103515625e-05,0
5205,0.17919921875,0B,0.171875,0B,0.171875,0.00732421875,0.04087193460490463,5.364418029785156e-05,1
5206,-0.889404296875,C7,-0.890625,C7,-0.890625,0.001220703125,0.001372495196266813,1.4901161193847656e-06,1
5207,0.490234375,1F,0.484375,1F,0.484375,0.005859375,0.01195219123505976,3.4332275390625e-05,1
5208,-0.997802734375,C0,-1.0,C0,-1.0,0.002197265625,0.002202104232933692,4.827976226806641e-06,1
5209,0.599365234375,26,0.59375,26,0.59375,0.005615234375,0.009368635437881873,3.153085708618164e-05,1
5210,0.056396484375,04,0.0625,03,0.046875,0.009521484375,0.16883116883116883,9.065866470336914e-05,0
5211,1.037353515625,41,1.03125,40,1.0,0.037353515625,0.03600847258178395,0.0013952851295471191,0
5212,0.52685546875,22,0.53125,22,0.53125,0.00439453125,0.008341056533827619,1.9311904907226562e-05,1
5213,-0.43212890625,E4,-0.4375,E5,-0.421875,0.01025390625,0.023728813559322035,0.00010514259338378906,0
5214,-0.16748046875,F5,-0.171875,F5,-0.171875,0.00439453125,0.026239067055393587,1.9311904907226562e-05,1
5215,-0.27685546875,EE,-0.28125,EE,-0.28125,0.00439453125,0.015873015873015872,1.9311904907226562e-05,1
5216,0.886962890625,39,0.890625,37,0.859375,0.027587890625,0.031103770988164053,0.0007610917091369629,0
5217,-1.0693359375,BE,-1.0625,BE,-1.0625,0.0068359375,0.006392694063926941,4.673004150390625e-05,1
5218,0.194091796875,0C,0.1875,0D,0.203125,0.009033203125,0.04654088050314465,8.159875869750977e-05,0
5219,0.96826171875,3E,0.96875,3D,0.953125,0.01513671875,0.015632879475542108,0.00022912025451660156,0
5220,0.17431640625,0B,0.171875,0C,0.1875,0.01318359375,0.07563025210084033,0.00017380714416503906,0
5221,-0.9521484375,C3,-0.953125,C3,-0.953125,0.0009765625,0.0010256410256410256,9.5367431640625e-07,1
5222,-0.505126953125,E0,-0.5,E0,-0.5,0.005126953125,0.01014983083615273,2.6285648345947266e-05,1
5223,-1.213134765625,B9,-1.21875,BA,-1.1875,0.025634765625,0.021131012276111895,0.0006571412086486816,0
5224,0.185546875,0C,0.1875,0D,0.203125,0.017578125,0.09473684210526316,0.000308990478515625,0
5225,1.534912109375,51,1.53125,50,1.5,0.034912109375,0.022745347542548117,0.0012188553810119629,0
5226,-0.4072265625,E6,-0.40625,E5,-0.421875,0.0146484375,0.03597122302158273,0.00021457672119140625,0
5227,-1.33837890625,B5,-1.34375,B6,-1.3125,0.02587890625,0.01933600875592849,0.0006697177886962891,0
5228,0.17431640625,0B,0.171875,0B,0.171875,0.00244140625,0.014005602240896359,5.9604644775390625e-06,1
5229,1.13037109375,44,1.125,44,1.125,0.00537109375,0.004751619870410367,2.8848648071289062e-05,1
5230,1.236328125,48,1.25,47,1.21875,0.017578125,0.014218009478672985,0.000308990478515625,0
5231,-0.611083984375,D9,-0.609375,D8,-0.625,0.013916015625,0.022772672792648822,0.00019365549087524414,0
5232,0.02294921875,01,0.015625,02,0.03125,0.00830078125,0.3617021276595745,6.890296936035156e-05,0
5233,1.243896484375,48,1.25,48,1.25,0.006103515625,0.004906771344455349,3.725290298461914e-05,1
5234,0.2314453125,0F,0.234375,10,0.25,0.0185546875,0.08016877637130802,0.00034427642822265625,0
5235,-0.357177734375,E9,-0.359375,EA,-0.34375,0.013427734375,0.03759398496240601,0.00018030405044555664,0
5236,1.5361328125,51,1.53125,52,1.5625,0.0263671875,0.017164653528289893,0.0006952285766601562,0
5237,-0.332275390625,EB,-0.328125,EA,-0.34375,0.011474609375,0.034533431300514325,0.0001316666603088379,0
5238,-0.03369140625,FE,-0.03125,FD,-0.046875,0.01318359375,0.391304347826087,0.00017380714416503906,0
5239,-0.8623046875,C9,-0.859375,C7,-0.890625,0.0283203125,0.03284258210645526,0.0008020401000976562,0
5240,0.8115234375,34,0.8125,34,0.8125,0.0009765625,0.0012033694344163659,9.5367431640625e-07,1
5241,0.261474609375,11,0.265625,11,0.265625,0.004150390625,0.015873015873015872,1.722574234008789e-05,1
5242,-0.151611328125,F6,-0.15625,F6,-0.15625,0.004638671875,0.030595813204508857,2.1517276763916016e-05,1
5243,-0.7138671875,D2,-0.71875,D3,-0.703125,0.0107421875,0.015047879616963064,0.00011539459228515625,0
5244,-0.04345703125,FD,-0.046875,FE,-0.03125,0.01220703125,0.2808988764044944,0.00014901161193847656,0
5245,-1.419677734375,B3,-1.40625,B2,-1.4375,0.017822265625,0.012553740326741187,0.00031763315200805664,0
5246,-0.43310546875,E4,-0.4375,E4,-0.4375,0.00439453125,0.010146561443066516,1.9311904907226562e-05,1
5247,-0.893798828125,C7,-0.890625,C6,-0.90625,0.012451171875,0.013930620049166894,0.00015503168106079102,0
5248,-0.04345703125,FD,-0.046875,FD,-0.046875,0.00341796875,0.07865168539325842,1.1682510375976562e-05,1
5249,0.64697265625,29,0.640625,2A,0.65625,0.00927734375,0.014339622641509434,8.606910705566406e-05,0
5250,-1.38623046875,B4,-1.375,B4,-1.375,0.01123046875,0.008101444170482565,0.00012612342834472656,1
5251,-1.187255859375,BA,-1.1875,BA,-1.1875,0.000244140625,0.00020563438206868187,5.960464477539063e-08,1
5252,0.150146484375,0A,0.15625,0B,0.171875,0.021728515625,0.14471544715447154,0.00047212839126586914,0
5253,0.7744140625,32,0.78125,31,0.765625,0.0087890625,0.011349306431273645,7.724761962890625e-05,0
5254,-1.417724609375,B3,-1.40625,B3,-1.40625,0.011474609375,0.00809368004132943,0.0001316666603088379,1
5255,-1.68212890625,AA,-1.6875,AA,-1.6875,0.00537109375,0.003193033381712627,2.8848648071289062e-05,1
5256,-0.069580078125,FC,-0.0625,FC,-0.0625,0.007080078125,0.10175438596491228,5.0127506256103516e-05,1
5257,-0.318603515625,EC,-0.3125,EB,-0.328125,0.009521484375,0.029885057471264367,9.065866470336914e-05,0
5258,0.324951171875,15,0.328125,14,0.3125,0.012451171875,0.03831705484598046,0.00015503168106079102,0
5259,-1.065673828125,BE,-1.0625,BE,-1.0625,0.003173828125,0.0029782359679266894,1.0073184967041016e-05,1
5260,1.65771484375,55,1.65625,54,1.625,0.03271484375,0.019734904270986744,0.001070261001586914,0
5261,0.876953125,38,0.875,38,0.875,0.001953125,0.0022271714922048997,3.814697265625e-06,1
5262,-0.320556640625,EB,-0.328125,EA,-0.34375,0.023193359375,0.07235338918507235,0.0005379319190979004,0
5263,-0.126708984375,F8,-0.125,F8,-0.125,0.001708984375,0.01348747591522158,2.9206275939941406e-06,1
5264,-1.4814453125,B1,-1.46875,B0,-1.5,0.0185546875,0.012524719841793012,0.00034427642822265625,0
5265,-0.7783203125,CE,-0.78125,CE,-0.78125,0.0029296875,0.0037641154328732747,8.58306884765625e-06,1
5266,-0.167236328125,F5,-0.171875,F5,-0.171875,0.004638671875,0.027737226277372264,2.1517276763916016e-05,1
5267,0.02001953125,01,0.015625,02,0.03125,0.01123046875,0.5609756097560976,0.00012612342834472656,0
5268,1.61474609375,54,1.625,54,1.625,0.01025390625,0.006350166313879649,0.00010514259338378906,1
5269,-0.587158203125,DA,-0.59375,DA,-0.59375,0.006591796875,0.011226611226611227,4.3451786041259766e-05,1
5270,-0.07861328125,FB,-0.078125,FA,-0.09375,0.01513671875,0.19254658385093168,0.00022912025451660156,0
5271,0.348876953125,16,0.34375,16,0.34375,0.005126953125,0.01469559132260322,2.6285648345947266e-05,1
5272,0.3427734375,16,0.34375,16,0.34375,0.0009765625,0.002849002849002849,9.5367431640625e-07,1
5273,-0.135009765625,F7,-0.140625,F8,-0.125,0.010009765625,0.07414104882459313,0.00010019540786743164,0
5274,-0.19873046875,F3,-0.203125,F3,-0.203125,0.00439453125,0.022113022113022112,1.9311904907226562e-05,1
5275,-0.443115234375,E4,-0.4375,E4,-0.4375,0.005615234375,0.012672176308539946,3.153085708618164e-05,1
5276,0.37060546875,18,0.375,17,0.359375,0.01123046875,0.030303030303030304,0.00012612342834472656,0
5277,0.600830078125,26,0.59375,26,0.59375,0.007080078125,0.011783827712312069,5.0127506256103516e-05,1
5278,-0.21630859375,F2,-0.21875,F2,-0.21875,0.00244140625,0.011286681715575621,5.9604644775390625e-06,1
5279,-0.044921875,FD,-0.046875,FE,-0.03125,0.013671875,0.30434782608695654,0.000186920166015625,0
5280,0.6357421875,29,0.640625,29,0.640625,0.0048828125,0.007680491551459293,2.384185791015625e-05,1
5281,-0.286865234375,EE,-0.28125,EE,-0.28125,0.005615234375,0.01957446808510638,3.153085708618164e-05,1
5282,-0.7822265625,CE,-0.78125,CE,-0.78125,0.0009765625,0.0012484394506866417,9.5367431640625e-07,1
5283,0.088134765625,06,0.09375,06,0.09375,0.005615234375,0.06371191135734072,3.153085708618164e-05,1
5284,-1.216064453125,B9,-1.21875,B9,-1.21875,0.002685546875,0.00220839188917888,7.212162017822266e-06,1
5285,1.258056640625,48,1.25,48,1.25,0.008056640625,0.0064040364836017855,6.490945816040039e-05,1
5286,-0.310546875,EC,-0.3125,EB,-0.328125,0.017578125,0.05660377358490566,0.000308990478515625,0
5287,-0.68359375,D4,-0.6875,D4,-0.6875,0.00390625,0.005714285714285714,1.52587890625e-05,1
5288,0.369384765625,18,0.375,18,0.375,0.005615234375,0.01520158625247852,3.153085708618164e-05,1
5289,-0.31005859375,EC,-0.3125,EC,-0.3125,0.00244140625,0.007874015748031496,5.9604644775390625e-06,1
5290,0.312255859375,14,0.3125,14,0.3125,0.000244140625,0.0007818608287724785,5.960464477539063e-08,1
5291,0.19482421875,0C,0.1875,0C,0.1875,0.00732421875,0.03759398496240601,5.364418029785156e-05,1
5292,0.97509765625,3E,0.96875,3F,0.984375,0.00927734375,0.009514271407110666,8.606910705566406e-05,0
5293,0.002685546875,01,0.015625,01,0.015625,0.012939453125,4.818181818181818,0.00016742944717407227,1
5294,0.816650390625,34,0.8125,34,0.8125,0.004150390625,0.005082212257100149,1.722574234008789e-05,1
5295,-0.257080078125,F0,-0.25,F0,-0.25,0.007080078125,0.027540360873694207,5.0127506256103516e-05,1
5296,0.35888671875,17,0.359375,16,0.34375,0.01513671875,0.04217687074829932,0.00022912025451660156,0
5297,-0.134521484375,F7,-0.140625,F7,-0.140625,0.006103515625,0.045372050816696916,3.725290298461914e-05,1
5298,-1.575439453125,AE,-1.5625,AE,-1.5625,0.012939453125,0.008213234154656749,0.00016742944717407227,1
5299,0.3701171875,18,0.375,18,0.375,0.0048828125,0.013192612137203167,2.384185791015625e-05,1
5300,-0.718017578125,D2,-0.71875,D2,-0.71875,0.000732421875,0.0010200612036722204,5.364418029785156e-07,1
5301,-0.35791015625,E9,-0.359375,E9,-0.359375,0.00146484375,0.004092769440654843,2.1457672119140625e-06,1
5302,0.10205078125,07,0.109375,07,0.109375,0.00732421875,0.07177033492822966,5.364418029785156e-05,1
5303,0.029052734375,02,0.03125,01,0.015625,0.013427734375,0.46218487394957986,0.00018030405044555664,0
5304,0.69287109375,2C,0.6875,2C,0.6875,0.00537109375,0.007751937984496124,2.8848648071289062e-05,1
5305,-0.225341796875,F2,-0.21875,F2,-0.21875,0.006591796875,0.02925243770314193,4.3451786041259766e-05,1
5306,-0.515625,DF,-0.515625,DF,-0.515625,0.0,0.0,0.0,1
5307,1.72314453125,57,1.71875,57,1.71875,0.00439453125,0.0025502975347123833,1.9311904907226562e-05,1
5308,0.32080078125,15,0.328125,15,0.328125,0.00732421875,0.0228310502283105,5.364418029785156e-05,1
5309,0.075439453125,05,0.078125,05,0.078125,0.002685546875,0.03559870550161812,7.212162017822266e-06,1
5310,0.2939453125,13,0.296875,12,0.28125,0.0126953125,0.04318936877076412,0.00016117095947265625,0
5311,-0.234619140625,F1,-0.234375,F2,-0.21875,0.015869140625,0.06763787721123829,0.0002518296241760254,0
5312,-0.54150390625,DD,-0.546875,DE,-0.53125,0.01025390625,0.018935978358881875,0.00010514259338378906,0
5313,0.4052734375,1A,0.40625,19,0.390625,0.0146484375,0.03614457831325301,0.00021457672119140625,0
5314,1.29296875,49,1.28125,49,1.28125,0.01171875,0.00906344410876133,0.0001373291015625,1
5315,-1.427490234375,B2,-1.4375,B3,-1.40625,0.021240234375,0.014879425346331451,0.00045114755630493164,0
5316,-1.353271484375,B5,-1.34375,B5,-1.34375,0.009521484375,0.007035901136568645,9.065866470336914e-05,1
5317,0.1142578125,07,0.109375,08,0.125,0.0107421875,0.09401709401709402,0.00011539459228515625,0
5318,0.37255859375,18,0.375,18,0.375,0.00244140625,0.00655307994757536,5.9604644775390625e-06,1
5319,-0.968017578125,C2,-0.96875,C2,-0.96875,0.000732421875,0.0007566204287515763,5.364418029785156e-07,1
5320,-0.67919921875,D5,-0.671875,D5,-0.671875,0.00732421875,0.010783608914450037,5.364418029785156e-05,1
5321,1.677490234375,56,1.6875,56,1.6875,0.010009765625,0.005967108135642556,0.00010019540786743164,1
5322,0.7177734375,2E,0.71875,2E,0.71875,0.0009765625,0.0013605442176870747,9.5367431640625e-07,1
5323,1.349609375,4B,1.34375,4C,1.375,0.025390625,0.01881331403762663,0.000644683837890625,0
5324,0.5693359375,24,0.5625,25,0.578125,0.0087890625,0.015437392795883362,7.724761962890625e-05,0
5325,-0.0693359375,FC,-0.0625,FC,-0.0625,0.0068359375,0.09859154929577464,4.673004150390625e-05,1
5326,1.3359375,4B,1.34375,4B,1.34375,0.0078125,0.005847953216374269,6.103515625e-05,1
5327,1.504638671875,50,1.5,50,1.5,0.004638671875,0.003082914165179296,2.1517276763916016e-05,1
5328,1.100830078125,43,1.09375,43,1.09375,0.007080078125,0.006431581281880683,5.0127506256103516e-05,1
5329,-0.67431640625,D5,-0.671875,D4,-0.6875,0.01318359375,0.01955104996379435,0.00017380714416503906,0
5330,0.978515625,3F,0.984375,3F,0.984375,0.005859375,0.005988023952095809,3.4332275390625e-05,1
5331,0.472412109375,1E,0.46875,1D,0.453125,0.019287109375,0.04082687338501292,0.0003719925880432129,0
5332,-1.4248046875,B2,-1.4375,B2,-1.4375,0.0126953125,0.008910212474297465,0.00016117095947265625,1
5333,-0.6640625,D6,-0.65625,D4,-0.6875,0.0234375,0.03529411764705882,0.00054931640625,0
5334,0.3837890625,19,0.390625,18,0.375,0.0087890625,0.022900763358778626,7.724761962890625e-05,0
5335,-1.1201171875,BC,-1.125,BC,-1.125,0.0048828125,0.004359197907585004,2.384185791015625e-05,1
5336,-1.316650390625,B6,-1.3125,B6,-1.3125,0.004150390625,0.003152234377897274,1.722574234008789e-05,1
5337,-0.635498046875,D7,-0.640625,D7,-0.640625,0.005126953125,0.008067614291202459,2.6285648345947266e-05,1
5338,0.1357421875,09,0.140625,08,0.125,0.0107421875,0.07913669064748201,0.00011539459228515625,0
5339,-1.64501953125,AB,-1.65625,AB,-1.65625,0.01123046875,0.00682695161769071,0.00012612342834472656,1
5340,-1.41943359375,B3,-1.40625,B2,-1.4375,0.01806640625,0.012727898176814585,0.00032639503479003906,0
5341,0.1484375,0A,0.15625,0A,0.15625,0.0078125,0.05263157894736842,6.103515625e-05,1
5342,-0.125732421875,F8,-0.125,F7,-0.140625,0.014892578125,0.11844660194174757,0.00022178888320922852,0
5343,-0.310791015625,EC,-0.3125,ED,-0.296875,0.013916015625,0.04477611940298507,0.00019365549087524414,0
5344,-0.78955078125,CD,-0.796875,CE,-0.78125,0.00830078125,0.010513296227581941,6.890296936035156e-05,0
5345,-0.1103515625,F9,-0.109375,F9,-0.109375,0.0009765625,0.008849557522123894,9.5367431640625e-07,1
5346,0.4296875,1C,0.4375,1C,0.4375,0.0078125,0.01818181818181818,6.103515625e-05,1
5347,0.210205078125,0D,0.203125,0D,0.203125,0.007080078125,0.03368176538908246,5.0127506256103516e-05,1
5348,1.00244140625,40,1.0,40,1.0,0.00244140625,0.0024354603019970775,5.9604644775390625e-06,1
5349,-0.18212890625,F4,-0.1875,F4,-0.1875,0.00537109375,0.029490616621983913,2.8848648071289062e-05,1
5350,-0.12841796875,F8,-0.125,F8,-0.125,0.00341796875,0.026615969581749048,1.1682510375976562e-05,1
5351,1.47412109375,4F,1.46875,50,1.5,0.02587890625,0.017555481947664788,0.0006697177886962891,0
5352,1.501708984375,50,1.5,50,1.5,0.001708984375,0.0011380263371809462,2.9206275939941406e-06,1
5353,-0.0166015625,FF,-0.015625,FF,-0.015625,0.0009765625,0.058823529411764705,9.5367431640625e-07,1
5354,0.171875,0B,0.171875,0A,0.15625,0.015625,0.09090909090909091,0.000244140625,0
5355,0.577392578125,25,0.578125,25,0.578125,0.000732421875,0.0012684989429175475,5.364418029785156e-07,1
5356,0.532470703125,22,0.53125,22,0.53125,0.001220703125,0.0022925263640531865,1.4901161193847656e-06,1
5357,-0.249755859375,F0,-0.25,F0,-0.25,0.000244140625,0.0009775171065493646,5.960464477539063e-08,1
5358,-0.106689453125,F9,-0.109375,FA,-0.09375,0.012939453125,0.12128146453089245,0.00016742944717407227,0
5359,-0.9501953125,C3,-0.953125,C3,-0.953125,0.0029296875,0.003083247687564234,8.58306884765625e-06,1
5360,0.015380859375,01,0.015625,00,0.0,0.015380859375,1.0,0.0002365708351135254,0
5361,-1.289306640625,B7,-1.28125,B7,-1.28125,0.008056640625,0.006248816512024238,6.490945816040039e-05,1
5362,0.68310546875,2C,0.6875,2C,0.6875,0.00439453125,0.006433166547533953,1.9311904907226562e-05,1
5363,0.719970703125,2E,0.71875,2E,0.71875,0.001220703125,0.00169548999660902,1.4901161193847656e-06,1
5364,0.824951171875,35,0.828125,35,0.828125,0.003173828125,0.0038472920982539215,1.0073184967041016e-05,1
5365,-0.90625,C6,-0.90625,C6,-0.90625,0.0,0.0,0.0,1
5366,-1.0419921875,BF,-1.03125,BE,-1.0625,0.0205078125,0.019681349578256794,0.00042057037353515625,0
5367,0.0732421875,05,0.078125,05,0.078125,0.0048828125,0.06666666666666667,2.384185791015625e-05,1
5368,-0.7021484375,D3,-0.703125,D3,-0.703125,0.0009765625,0.0013908205841446453,9.5367431640625e-07,1
5369,0.702880859375,2D,0.703125,2D,0.703125,0.000244140625,0.0003473428273706148,5.960464477539063e-08,1
5370,-0.546630859375,DD,-0.546875,DD,-0.546875,0.000244140625,0.00044662795891022776,5.960464477539063e-08,1
5371,-0.505126953125,E0,-0.5,DE,-0.53125,0.026123046875,0.051715804736587725,0.0006824135780334473,0
5372,1.073974609375,42,1.0625,42,1.0625,0.011474609375,0.010684246419640827,0.0001316666603088379,1
5373,0.869384765625,38,0.875,37,0.859375,0.010009765625,0.011513619769727604,0.00010019540786743164,0
5374,-0.609130859375,D9,-0.609375,D9,-0.609375,0.000244140625,0.0004008016032064128,5.960464477539063e-08,1
5375,0.92822265625,3B,0.921875,3B,0.921875,0.00634765625,0.006838506049447659,4.029273986816406e-05,1
5376,0.22412109375,0E,0.21875,0E,0.21875,0.00537109375,0.023965141612200435,2.8848648071289062e-05,1
5377,-0.275390625,EE,-0.28125,EF,-0.265625,0.009765625,0.03546099290780142,9.5367431640625e-05,0
5378,0.549072265625,23,0.546875,23,0.546875,0.002197265625,0.004001778568252557,4.827976226806641e-06,1
5379,0.320068359375,14,0.3125,15,0.328125,0.008056640625,0.02517162471395881,6.490945816040039e-05,0
5380,1.420166015625,4D,1.40625,4E,1.4375,0.017333984375,0.012205604263365996,0.00030046701431274414,0
5381,0.31787109375,14,0.3125,15,0.328125,0.01025390625,0.03225806451612903,0.00010514259338378906,0
5382,-0.868896484375,C8,-0.875,C8,-0.875,0.006103515625,0.0070244450688395615,3.725290298461914e-05,1
5383,-2.10400390625,9F,-2.125,9F,-2.125,0.02099609375,0.009979113483406823,0.00044083595275878906,1
5384,0.0859375,06,0.09375,06,0.09375,0.0078125,0.09090909090909091,6.103515625e-05,1
5385,1.375,4C,1.375,4C,1.375,0.0,0.0,0.0,1
5386,-0.8837890625,C7,-0.890625,C8,-0.875,0.0087890625,0.009944751381215469,7.724761962890625e-05,0
5387,0.166748046875,0B,0.171875,0C,0.1875,0.020751953125,0.12445095168374817,0.00043064355850219727,0
5388,-0.774658203125,CE,-0.78125,CE,-0.78125,0.006591796875,0.008509297195083518,4.3451786041259766e-05,1
5389,-0.0107421875,FF,-0.015625,00,0.0,0.0107421875,1.0,0.00011539459228515625,0
5390,0.267578125,11,0.265625,11,0.265625,0.001953125,0.0072992700729927005,3.814697265625e-06,1
5391,0.720947265625,2E,0.71875,2E,0.71875,0.002197265625,0.0030477480528276328,4.827976226806641e-06,1
5392,-0.8349609375,CB,-0.828125,CB,-0.828125,0.0068359375,0.008187134502923977,4.673004150390625e-05,1
5393,-0.25048828125,F0,-0.25,ED,-0.296875,0.04638671875,0.18518518518518517,0.0021517276763916016,0
5394,0.962646484375,3E,0.96875,3D,0.953125,0.009521484375,0.009890945980218108,9.065866470336914e-05,0
5395,0.94873046875,3D,0.953125,3C,0.9375,0.01123046875,0.011837364899639732,0.00012612342834472656,0
5396,-0.129638671875,F8,-0.125,F8,-0.125,0.004638671875,0.035781544256120526,2.1517276763916016e-05,1
5397,0.249755859375,10,0.25,10,0.25,0.000244140625,0.0009775171065493646,5.960464477539063e-08,1
5398,0.14453125,09,0.140625,09,0.140625,0.00390625,0.02702702702702703,1.52587890625e-05,1
5399,0.80517578125,34,0.8125,33,0.796875,0.00830078125,0.010309278350515464,6.890296936035156e-05,0
5400,-0.3369140625,EA,-0.34375,EB,-0.328125,0.0087890625,0.02608695652173913,7.724761962890625e-05,0
5401,-0.591552734375,DA,-0.59375,DB,-0.578125,0.013427734375,0.02269913330581923,0.00018030405044555664,0
5402,-0.15771484375,F6,-0.15625,F5,-0.171875,0.01416015625,0.08978328173374613,0.00020051002502441406,0
5403,-1.039306640625,BF,-1.03125,BE,-1.0625,0.023193359375,0.022316185106882783,0.0005379319190979004,0
5404,-1.595458984375,AD,-1.59375,AC,-1.625,0.029541015625,0.018515684774292274,0.0008726716041564941,0
5405,-2.3095703125,9E,-2.25,9E,-2.25,0.0595703125,0.025792811839323467,0.0035486221313476562,1
5406,-0.7236328125,D2,-0.71875,D2,-0.71875,0.0048828125,0.006747638326585695,2.384185791015625e-05,1
5407,-0.82958984375,CB,-0.828125,CB,-0.828125,0.00146484375,0.0017657445556209534,2.1457672119140625e-06,1
5408,1.18505859375,46,1.1875,46,1.1875,0.00244140625,0.0020601565718994645,5.9604644775390625e-06,1
5409,0.979736328125,3F,0.984375,3F,0.984375,0.004638671875,0.00473461250934463,2.1517276763916016e-05,1
5410,0.952392578125,3D,0.953125,3D,0.953125,0.000732421875,0.0007690335811330429,5.364418029785156e-07,1
5411,0.833251953125,35,0.828125,35,0.828125,0.005126953125,0.006152944623498389,2.6285648345947266e-05,1
5412,-1.6640625,AB,-1.65625,AB,-1.65625,0.0078125,0.004694835680751174,6.103515625e-05,1
5413,0.20556640625,0D,0.203125,0D,0.203125,0.00244140625,0.011876484560570071,5.9604644775390625e-06,1
5414,0.166015625,0B,0.171875,0C,0.1875,0.021484375,0.12941176470588237,0.000461578369140625,0
5415,-1.2392578125,B8,-1.25,B8,-1.25,0.0107421875,0.008668242710795903,0.00011539459228515625,1
5416,0.82958984375,35,0.828125,35,0.828125,0.00146484375,0.0017657445556209534,2.1457672119140625e-06,1
5417,-0.909912109375,C6,-0.90625,C6,-0.90625,0.003662109375,0.004024684733029246,1.341104507446289e-05,1
5418,0.0517578125,03,0.046875,03,0.046875,0.0048828125,0.09433962264150944,2.384185791015625e-05,1
5419,-1.08837890625,BD,-1.09375,BC,-1.125,0.03662109375,0.033647375504710635,0.001341104507446289,0
5420,0.557373046875,24,0.5625,24,0.5625,0.005126953125,0.009198423127463863,2.6285648345947266e-05,1
5421,1.3173828125,4A,1.3125,4A,1.3125,0.0048828125,0.0037064492216456633,2.384185791015625e-05,1
5422,0.416748046875,1B,0.421875,1B,0.421875,0.005126953125,0.012302284710017574,2.6285648345947266e-05,1
5423,1.826904296875,5A,1.8125,5B,1.84375,0.016845703125,0.009220900708272084,0.00028377771377563477,0
5424,-0.384521484375,E7,-0.390625,E6,-0.40625,0.021728515625,0.05650793650793651,0.00047212839126586914,0
5425,-1.565673828125,AE,-1.5625,AE,-1.5625,0.003173828125,0.0020271323873382193,1.0073184967041016e-05,1
5426,0.727294921875,2F,0.734375,2F,0.734375,0.007080078125,0.009734810339039947,5.0127506256103516e-05,1
5427,0.78076171875,32,0.78125,33,0.796875,0.01611328125,0.020637898686679174,0.00025963783264160156,0
5428,0.256591796875,10,0.25,11,0.265625,0.009033203125,0.035204567078972404,8.159875869750977e-05,0
5429,0.160888671875,0A,0.15625,0A,0.15625,0.004638671875,0.028831562974203338,2.1517276763916016e-05,1
5430,0.85791015625,37,0.859375,36,0.84375,0.01416015625,0.016505406943653957,0.00020051002502441406,0
5431,-0.361328125,E9,-0.359375,E9,-0.359375,0.001953125,0.005405405405405406,3.814697265625e-06,1
5432,0.308349609375,14,0.3125,14,0.3125,0.004150390625,0.013460015835312747,1.722574234008789e-05,1
5433,0.947021484375,3D,0.953125,3D,0.953125,0.006103515625,0.006444960041247744,3.725290298461914e-05,1
5434,-0.23828125,F1,-0.234375,F1,-0.234375,0.00390625,0.01639344262295082,1.52587890625e-05,1
5435,0.551513671875,23,0.546875,24,0.5625,0.010986328125,0.0199203187250996,0.00012069940567016602,0
5436,-0.963623046875,C2,-0.96875,C2,-0.96875,0.005126953125,0.0053204965796807705,2.6285648345947266e-05,1
5437,-1.296630859375,B7,-1.28125,B6,-1.3125,0.015869140625,0.012238749764639428,0.0002518296241760254,0
5438,0.9990234375,40,1.0,40,1.0,0.0009765625,0.0009775171065493646,9.5367431640625e-07,1
5439,0.267578125,11,0.265625,11,0.265625,0.001953125,0.0072992700729927005,3.814697265625e-06,1
5440,1.080078125,43,1.09375,43,1.09375,0.013671875,0.012658227848101266,0.000186920166015625,1
5441,-0.1025390625,F9,-0.109375,F9,-0.109375,0.0068359375,0.06666666666666667,4.673004150390625e-05,1
5442,0.193115234375,0C,0.1875,0C,0.1875,0.005615234375,0.029077117572692796,3.153085708618164e-05,1
5443,-1.15380859375,BB,-1.15625,BC,-1.125,0.02880859375,0.02496826068556919,0.0008299350738525391,0
5444,1.348876953125,4B,1.34375,4B,1.34375,0.005126953125,0.003800904977375566,2.6285648345947266e-05,1
5445,-0.41796875,E5,-0.421875,E5,-0.421875,0.00390625,0.009345794392523364,1.52587890625e-05,1
5446,0.6376953125,29,0.640625,29,0.640625,0.0029296875,0.004594180704441042,8.58306884765625e-06,1
5447,-1.385498046875,B4,-1.375,B4,-1.375,0.010498046875,0.007577092511013216,0.00011020898818969727,1
5448,0.37158203125,18,0.375,17,0.359375,0.01220703125,0.0328515111695138,0.00014901161193847656,0
5449,-1.732666015625,A9,-1.71875,A8,-1.75,0.017333984375,0.01000422713822742,0.00030046701431274414,0
5450,-0.50341796875,E0,-0.5,E0,-0.5,0.00341796875,0.006789524733268671,1.1682510375976562e-05,1
5451,0.9052734375,3A,0.90625,3A,0.90625,0.0009765625,0.0010787486515641855,9.5367431640625e-07,1
5452,-0.805419921875,CC,-0.8125,CC,-0.8125,0.007080078125,0.008790542588663231,5.0127506256103516e-05,1
5453,0.01806640625,01,0.015625,00,0.0,0.01806640625,1.0,0.00032639503479003906,0
5454,-1.64208984375,AB,-1.65625,AC,-1.625,0.01708984375,0.010407374368123699,0.00029206275939941406,0
5455,1.569580078125,52,1.5625,52,1.5625,0.007080078125,0.004510810390418417,5.0127506256103516e-05,1
5456,0.514404296875,21,0.515625,21,0.515625,0.001220703125,0.0023730422401518746,1.4901161193847656e-06,1
5457,0.00634765625,01,0.015625,00,0.0,0.00634765625,1.0,4.029273986816406e-05,0
5458,1.004150390625,40,1.0,40,1.0,0.004150390625,0.004133236080719669,1.722574234008789e-05,1
5459,0.548095703125,23,0.546875,23,0.546875,0.001220703125,0.0022271714922048997,1.4901161193847656e-06,1
5460,-0.7353515625,D1,-0.734375,D1,-0.734375,0.0009765625,0.0013280212483399733,9.5367431640625e-07,1
5461,-1.224365234375,B9,-1.21875,B9,-1.21875,0.005615234375,0.0045862412761714854,3.153085708618164e-05,1
5462,-0.27392578125,EE,-0.28125,EE,-0.28125,0.00732421875,0.026737967914438502,5.364418029785156e-05,1
5463,-0.9208984375,C5,-0.921875,C4,-0.9375,0.0166015625,0.018027571580063628,0.00027561187744140625,0
5464,-1.122314453125,BC,-1.125,BC,-1.125,0.002685546875,0.0023928649118990647,7.212162017822266e-06,1
5465,0.121337890625,08,0.125,07,0.109375,0.011962890625,0.09859154929577464,0.0001431107521057129,0
5466,-0.968994140625,C2,-0.96875,C2,-0.96875,0.000244140625,0.0002519526329050139,5.960464477539063e-08,1
5467,-0.35888671875,E9,-0.359375,E9,-0.359375,0.00048828125,0.0013605442176870747,2.384185791015625e-07,1
5468,-0.004150390625,FF,-0.015625,00,0.0,0.004150390625,1.0,1.722574234008789e-05,0
5469,-1.1552734375,BB,-1.15625,BC,-1.125,0.0302734375,0.026204564666103127,0.0009164810180664062,0
5470,-0.1845703125,F4,-0.1875,F4,-0.1875,0.0029296875,0.015873015873015872,8.58306884765625e-06,1
5471,-0.7958984375,CD,-0.796875,CD,-0.796875,0.0009765625,0.001226993865030675,9.5367431640625e-07,1
5472,0.342041015625,16,0.34375,16,0.34375,0.001708984375,0.004996431120628123,2.9206275939941406e-06,1
5473,0.746826171875,30,0.75,30,0.75,0.003173828125,0.004249754821837201,1.0073184967041016e-05,1
5474,-0.5205078125,DF,-0.515625,E0,-0.5,0.0205078125,0.039399624765478425,0.00042057037353515625,0
5475,1.132568359375,44,1.125,44,1.125,0.007568359375,0.006682474671265359,5.728006362915039e-05,1
5476,0.2490234375,10,0.25,10,0.25,0.0009765625,0.00392156862745098,9.5367431640625e-07,1
5477,-0.317626953125,EC,-0.3125,EC,-0.3125,0.005126953125,0.01614142966948501,2.6285648345947266e-05,1
5478,-1.944580078125,A2,-1.9375,A2,-1.9375,0.007080078125,0.0036409290646578782,5.0127506256103516e-05,1
5479,0.5576171875,24,0.5625,24,0.5625,0.0048828125,0.008756567425569177,2.384185791015625e-05,1
5480,-0.28466796875,EE,-0.28125,ED,-0.296875,0.01220703125,0.04288164665523156,0.00014901161193847656,0
5481,0.308837890625,14,0.3125,15,0.328125,0.019287109375,0.062450592885375494,0.0003719925880432129,0
5482,-0.2470703125,F0,-0.25,F1,-0.234375,0.0126953125,0.05138339920948617,0.00016117095947265625,0
5483,-0.045654296875,FD,-0.046875,FD,-0.046875,0.001220703125,0.026737967914438502,1.4901161193847656e-06,1
5484,0.311279296875,14,0.3125,14,0.3125,0.001220703125,0.00392156862745098,1.4901161193847656e-06,1
5485,-0.837646484375,CA,-0.84375,CB,-0.828125,0.009521484375,0.011366948411541825,9.065866470336914e-05,0
5486,0.063232421875,04,0.0625,03,0.046875,0.016357421875,0.25868725868725867,0.0002675652503967285,0
5487,1.479248046875,4F,1.46875,50,1.5,0.020751953125,0.014028717610166695,0.00043064355850219727,0
5488,0.235107421875,0F,0.234375,0F,0.234375,0.000732421875,0.003115264797507788,5.364418029785156e-07,1
5489,1.1494140625,45,1.15625,46,1.1875,0.0380859375,0.03313508920985556,0.0014505386352539062,0
5490,1.076416015625,42,1.0625,44,1.125,0.048583984375,0.04513495123610796,0.002360403537750244,0
5491,0.62939453125,28,0.625,28,0.625,0.00439453125,0.0069821567106283944,1.9311904907226562e-05,1
5492,0.467529296875,1E,0.46875,1E,0.46875,0.001220703125,0.0026109660574412533,1.4901161193847656e-06,1
5493,1.965087890625,5F,1.96875,5F,1.96875,0.003662109375,0.0018635855385762206,1.341104507446289e-05,1
5494,0.337158203125,16,0.34375,16,0.34375,0.006591796875,0.01955104996379435,4.3451786041259766e-05,1
5495,0.615234375,27,0.609375,27,0.609375,0.005859375,0.009523809523809525,3.4332275390625e-05,1
5496,0.612060546875,27,0.609375,28,0.625,0.012939453125,0.02114080574391703,0.00016742944717407227,0
5497,-0.248291015625,F0,-0.25,EF,-0.265625,0.017333984375,0.06981317600786627,0.00030046701431274414,0
5498,-0.1162109375,F9,-0.109375,F8,-0.125,0.0087890625,0.07563025210084033,7.724761962890625e-05,0
5499,0.972900390625,3E,0.96875,3E,0.96875,0.004150390625,0.004265997490589712,1.722574234008789e-05,1
5500,-1.5732421875,AE,-1.5625,AE,-1.5625,0.0107421875,0.006828057107386716,0.00011539459228515625,1
5501,-0.029052734375,FE,-0.03125,FD,-0.046875,0.017822265625,0.6134453781512605,0.00031763315200805664,0
5502,-1.15185546875,BB,-1.15625,BB,-1.15625,0.00439453125,0.0038151759220008477,1.9311904907226562e-05,1
5503,0.9423828125,3C,0.9375,3D,0.953125,0.0107421875,0.011398963730569948,0.00011539459228515625,0
5504,-0.355712890625,E9,-0.359375,E9,-0.359375,0.003662109375,0.01029512697323267,1.341104507446289e-05,1
5505,-0.62451171875,D8,-0.625,D8,-0.625,0.00048828125,0.0007818608287724785,2.384185791015625e-07,1
5506,1.781494140625,59,1.78125,59,1.78125,0.000244140625,0.00013704262025489926,5.960464477539063e-08,1
5507,-1.36962890625,B4,-1.375,B5,-1.34375,0.02587890625,0.01889483065953654,0.0006697177886962891,0
5508,0.051025390625,03,0.046875,04,0.0625,0.011474609375,0.22488038277511962,0.0001316666603088379,0
5509,1.18896484375,46,1.1875,47,1.21875,0.02978515625,0.02505133470225873,0.0008871555328369141,0
5510,1.912353515625,5D,1.90625,5D,1.90625,0.006103515625,0.0031916251755393847,3.725290298461914e-05,1
5511,-0.937255859375,C4,-0.9375,C4,-0.9375,0.000244140625,0.00026048450117218026,5.960464477539063e-08,1
5512,0.691162109375,2C,0.6875,2D,0.703125,0.011962890625,0.017308371600141294,0.0001431107521057129,0
5513,-0.025390625,FE,-0.03125,FE,-0.03125,0.005859375,0.23076923076923078,3.4332275390625e-05,1
5514,2.0078125,60,2.0,60,2.0,0.0078125,0.0038910505836575876,6.103515625e-05,1
5515,0.046142578125,03,0.046875,04,0.0625,0.016357421875,0.3544973544973545,0.0002675652503967285,0
5516,-1.169677734375,BB,-1.15625,BA,-1.1875,0.017822265625,0.015236902525568774,0.00031763315200805664,0
5517,-1.221435546875,B9,-1.21875,B9,-1.21875,0.002685546875,0.002198680791525085,7.212162017822266e-06,1
5518,1.4267578125,4E,1.4375,4E,1.4375,0.0107421875,0.007529089664613279,0.00011539459228515625,1
5519,1.935791015625,5E,1.9375,5E,1.9375,0.001708984375,0.0008828351620633119,2.9206275939941406e-06,1
5520,-0.474853515625,E2,-0.46875,E2,-0.46875,0.006103515625,0.012853470437017995,3.725290298461914e-05,1
5521,-0.413330078125,E6,-0.40625,E6,-0.40625,0.007080078125,0.017129356172474897,5.0127506256103516e-05,1
5522,-0.212890625,F2,-0.21875,F2,-0.21875,0.005859375,0.027522935779816515,3.4332275390625e-05,1
5523,0.13720703125,09,0.140625,09,0.140625,0.00341796875,0.02491103202846975,1.1682510375976562e-05,1
5524,-0.308837890625,EC,-0.3125,EC,-0.3125,0.003662109375,0.011857707509881422,1.341104507446289e-05,1
5525,-0.588623046875,DA,-0.59375,DA,-0.59375,0.005126953125,0.008710078805474907,2.6285648345947266e-05,1
5526,0.84130859375,36,0.84375,36,0.84375,0.00244140625,0.002901915264074289,5.9604644775390625e-06,1
5527,0.182861328125,0C,0.1875,0C,0.1875,0.004638671875,0.025367156208277702,2.1517276763916016e-05,1
5528,-0.708251953125,D3,-0.703125,D3,-0.703125,0.005126953125,0.007238883143743537,2.6285648345947266e-05,1
5529,0.033203125,02,0.03125,02,0.03125,0.001953125,0.058823529411764705,3.814697265625e-06,1
5530,0.7822265625,32,0.78125,32,0.78125,0.0009765625,0.0012484394506866417,9.5367431640625e-07,1
5531,-0.273193359375,EF,-0.265625,EE,-0.28125,0.008056640625,0.029490616621983913,6.490945816040039e-05,0
5532,-0.87548828125,C8,-0.875,C8,-0.875,0.00048828125,0.0005577244841048522,2.384185791015625e-07,1
5533,2.127685546875,61,2.125,61,2.125,0.002685546875,0.0012621916236374069,7.212162017822266e-06,1
5534,0.248779296875,10,0.25,10,0.25,0.001220703125,0.004906771344455349,1.4901161193847656e-06,1
5535,-0.53271484375,DE,-0.53125,DE,-0.53125,0.00146484375,0.002749770852428964,2.1457672119140625e-06,1
5536,-0.728759765625,D1,-0.734375,D2,-0.71875,0.010009765625,0.01373534338358459,0.00010019540786743164,0
5537,-0.3359375,EA,-0.34375,EA,-0.34375,0.0078125,0.023255813953488372,6.103515625e-05,1
5538,-0.684326171875,D4,-0.6875,D6,-0.65625,0.028076171875,0.041027470567249376,0.000788271427154541,0
5539,0.02099609375,01,0.015625,03,0.046875,0.02587890625,1.2325581395348837,0.0006697177886962891,0
5540,-0.890869140625,C7,-0.890625,C7,-0.890625,0.000244140625,0.0002740476842970677,5.960464477539063e-08,1
5541,0.58642578125,26,0.59375,25,0.578125,0.00830078125,0.014154870940882597,6.890296936035156e-05,0
5542,-0.462158203125,E2,-0.46875,E2,-0.46875,0.006591796875,0.014263074484944533,4.3451786041259766e-05,1
5543,0.42919921875,1B,0.421875,1C,0.4375,0.00830078125,0.019340159271899887,6.890296936035156e-05,0
5544,-0.072998046875,FB,-0.078125,FC,-0.0625,0.010498046875,0.14381270903010032,0.00011020898818969727,0
5545,-1.190673828125,BA,-1.1875,BA,-1.1875,0.003173828125,0.0026655730982161163,1.0073184967041016e-05,1
5546,0.924560546875,3B,0.921875,3A,0.90625,0.018310546875,0.019804594665962502,0.00033527612686157227,0
5547,-1.114990234375,BC,-1.125,BC,-1.125,0.010009765625,0.008977446901686009,0.00010019540786743164,1
5548,-0.18212890625,F4,-0.1875,F4,-0.1875,0.00537109375,0.029490616621983913,2.8848648071289062e-05,1
5549,-0.19873046875,F3,-0.203125,F4,-0.1875,0.01123046875,0.056511056511056514,0.00012612342834472656,0
5550,-0.884765625,C7,-0.890625,C7,-0.890625,0.005859375,0.006622516556291391,3.4332275390625e-05,1
5551,0.32373046875,15,0.328125,15,0.328125,0.00439453125,0.013574660633484163,1.9311904907226562e-05,1
5552,0.5478515625,23,0.546875,23,0.546875,0.0009765625,0.0017825311942959,9.5367431640625e-07,1
5553,0.640869140625,29,0.640625,29,0.640625,0.000244140625,0.00038095238095238096,5.960464477539063e-08,1
5554,-1.705810546875,A9,-1.71875,A9,-1.71875,0.012939453125,0.007585515958208101,0.00016742944717407227,1
5555,-0.02880859375,FE,-0.03125,FF,-0.015625,0.01318359375,0.4576271186440678,0.00017380714416503906,0
5556,0.302001953125,13,0.296875,14,0.3125,0.010498046875,0.034761519805982216,0.00011020898818969727,0
5557,0.20849609375,0D,0.203125,0D,0.203125,0.00537109375,0.02576112412177986,2.8848648071289062e-05,1
5558,1.447265625,4E,1.4375,4E,1.4375,0.009765625,0.006747638326585695,9.5367431640625e-05,1
5559,-0.3134765625,EC,-0.3125,EC,-0.3125,0.0009765625,0.003115264797507788,9.5367431640625e-07,1
5560,-2.03271484375,A0,-2.0,A0,-2.0,0.03271484375,0.01609416286331972,0.001070261001586914,1
5561,-0.53955078125,DD,-0.546875,DE,-0.53125,0.00830078125,0.015384615384615385,6.890296936035156e-05,0
5562,-0.53515625,DE,-0.53125,DE,-0.53125,0.00390625,0.0072992700729927005,1.52587890625e-05,1
5563,-0.458984375,E3,-0.453125,E3,-0.453125,0.005859375,0.01276595744680851,3.4332275390625e-05,1
5564,-0.255126953125,F0,-0.25,EF,-0.265625,0.010498046875,0.04114832535885168,0.00011020898818969727,0
5565,-0.78515625,CE,-0.78125,CD,-0.796875,0.01171875,0.014925373134328358,0.0001373291015625,0
5566,1.200439453125,46,1.1875,46,1.1875,0.012939453125,0.01077893024201749,0.00016742944717407227,1
5567,-0.2138671875,F2,-0.21875,F2,-0.21875,0.0048828125,0.0228310502283105,2.384185791015625e-05,1
5568,-0.093994140625,FA,-0.09375,FB,-0.078125,0.015869140625,0.16883116883116883,0.0002518296241760254,0
5569,0.718017578125,2E,0.71875,2F,0.734375,0.016357421875,0.022781366882012922,0.0002675652503967285,0
5570,0.351318359375,16,0.34375,17,0.359375,0.008056640625,0.022932592077831826,6.490945816040039e-05,0
5571,-0.81201171875,CC,-0.8125,CB,-0.828125,0.01611328125,0.01984365604329525,0.00025963783264160156,0
5572,-1.884765625,A4,-1.875,A3,-1.90625,0.021484375,0.011398963730569948,0.000461578369140625,0
5573,0.279296875,12,0.28125,12,0.28125,0.001953125,0.006993006993006993,3.814697265625e-06,1
5574,-0.44091796875,E4,-0.4375,E2,-0.46875,0.02783203125,0.06312292358803986,0.0007746219635009766,0
5575,0.62890625,28,0.625,28,0.625,0.00390625,0.006211180124223602,1.52587890625e-05,1
5576,1.17138671875,45,1.15625,45,1.15625,0.01513671875,0.012922050854522717,0.00022912025451660156,1
5577,-0.43701171875,E4,-0.4375,E5,-0.421875,0.01513671875,0.034636871508379886,0.00022912025451660156,0
5578,0.4013671875,1A,0.40625,1B,0.421875,0.0205078125,0.051094890510948905,0.00042057037353515625,0
5579,0.461669921875,1E,0.46875,1C,0.4375,0.024169921875,0.0523532522474881,0.0005841851234436035,0
5580,0.37939453125,18,0.375,18,0.375,0.00439453125,0.011583011583011582,1.9311904907226562e-05,1
5581,0.35986328125,17,0.359375,17,0.359375,0.00048828125,0.0013568521031207597,2.384185791015625e-07,1
5582,-0.388916015625,E7,-0.390625,E7,-0.390625,0.001708984375,0.004394224733207784,2.9206275939941406e-06,1
5583,0.812255859375,34,0.8125,34,0.8125,0.000244140625,0.00030057108506161706,5.960464477539063e-08,1
5584,-0.3037109375,ED,-0.296875,ED,-0.296875,0.0068359375,0.022508038585209004,4.673004150390625e-05,1
5585,-0.404052734375,E6,-0.40625,E7,-0.390625,0.013427734375,0.03323262839879154,0.00018030405044555664,0
5586,0.23046875,0F,0.234375,0F,0.234375,0.00390625,0.01694915254237288,1.52587890625e-05,1
5587,0.27880859375,12,0.28125,12,0.28125,0.00244140625,0.008756567425569177,5.9604644775390625e-06,1
5588,1.060546875,42,1.0625,42,1.0625,0.001953125,0.001841620626151013,3.814697265625e-06,1
5589,-0.392822265625,E7,-0.390625,E7,-0.390625,0.002197265625,0.005593536357986327,4.827976226806641e-06,1
5590,0.7705078125,31,0.765625,32,0.78125,0.0107421875,0.01394169835234474,0.00011539459228515625,0
5591,0.9375,3C,0.9375,3D,0.953125,0.015625,0.016666666666666666,0.000244140625,0
5592,-0.4267578125,E5,-0.421875,E5,-0.421875,0.0048828125,0.011441647597254004,2.384185791015625e-05,1
5593,-0.109130859375,F9,-0.109375,F8,-0.125,0.015869140625,0.14541387024608501,0.0002518296241760254,0
5594,-1.07275390625,BE,-1.0625,BE,-1.0625,0.01025390625,0.009558488848429678,0.00010514259338378906,1
5595,0.850341796875,36,0.84375,37,0.859375,0.009033203125,0.010623026126902095,8.159875869750977e-05,0
5596,1.932861328125,5E,1.9375,5E,1.9375,0.004638671875,0.0023998989516230895,2.1517276763916016e-05,1
5597,0.209228515625,0D,0.203125,0E,0.21875,0.009521484375,0.045507584597432905,9.065866470336914e-05,0
5598,-0.40185546875,E6,-0.40625,E6,-0.40625,0.00439453125,0.010935601458080195,1.9311904907226562e-05,1
5599,-1.29150390625,B7,-1.28125,B7,-1.28125,0.01025390625,0.007939508506616257,0.00010514259338378906,1
5600,0.024169921875,02,0.03125,02,0.03125,0.007080078125,0.29292929292929293,5.0127506256103516e-05,1
5601,-0.197998046875,F3,-0.203125,F3,-0.203125,0.005126953125,0.025893958076448828,2.6285648345947266e-05,1
5602,1.502685546875,50,1.5,50,1.5,0.002685546875,0.0017871649065800163,7.212162017822266e-06,1
5603,0.080322265625,05,0.078125,04,0.0625,0.017822265625,0.22188449848024316,0.00031763315200805664,0
5604,1.2607421875,48,1.25,48,1.25,0.0107421875,0.008520526723470178,0.00011539459228515625,1
5605,-0.761474609375,CF,-0.765625,CF,-0.765625,0.004150390625,0.0054504648925937805,1.722574234008789e-05,1
5606,1.253173828125,48,1.25,48,1.25,0.003173828125,0.002532631989090201,1.0073184967041016e-05,1
5607,-0.28271484375,EE,-0.28125,EF,-0.265625,0.01708984375,0.06044905008635579,0.00029206275939941406,0
5608,0.11181640625,07,0.109375,07,0.109375,0.00244140625,0.021834061135371178,5.9604644775390625e-06,1
5609,-0.3251953125,EB,-0.328125,EB,-0.328125,0.0029296875,0.009009009009009009,8.58306884765625e-06,1
5610,0.328125,15,0.328125,15,0.328125,0.0,0.0,0.0,1
5611,0.823974609375,35,0.828125,33,0.796875,0.027099609375,0.03288888888888889,0.0007343888282775879,0
5612,-0.451416015625,E3,-0.453125,E3,-0.453125,0.001708984375,0.0037858301784748512,2.9206275939941406e-06,1
5613,0.9287109375,3B,0.921875,3C,0.9375,0.0087890625,0.00946372239747634,7.724761962890625e-05,0
5614,0.445556640625,1D,0.453125,1B,0.421875,0.023681640625,0.05315068493150685,0.0005608201026916504,0
5615,1.046630859375,41,1.03125,42,1.0625,0.015869140625,0.015162118031257289,0.0002518296241760254,0
5616,-1.078857421875,BD,-1.09375,BE,-1.0625,0.016357421875,0.015161801312514144,0.0002675652503967285,0
5617,1.743408203125,58,1.75,58,1.75,0.006591796875,0.0037809830555944547,4.3451786041259766e-05,1
5618,0.89697265625,39,0.890625,3A,0.90625,0.00927734375,0.010342950462710943,8.606910705566406e-05,0
5619,-0.721923828125,D2,-0.71875,D2,-0.71875,0.003173828125,0.00439634764964491,1.0073184967041016e-05,1
5620,-1.9638671875,A1,-1.96875,A2,-1.9375,0.0263671875,0.013426156141223273,0.0006952285766601562,0
5621,0.794921875,33,0.796875,33,0.796875,0.001953125,0.002457002457002457,3.814697265625e-06,1
5622,1.99951171875,60,2.0,60,2.0,0.00048828125,0.0002442002442002442,2.384185791015625e-07,1
5623,0.600830078125,26,0.59375,26,0.59375,0.007080078125,0.011783827712312069,5.0127506256103516e-05,1
5624,0.555419921875,24,0.5625,23,0.546875,0.008544921875,0.015384615384615385,7.301568984985352e-05,0
5625,-1.702392578125,AA,-1.6875,AA,-1.6875,0.014892578125,0.008748028108418184,0.00022178888320922852,1
5626,0.237548828125,0F,0.234375,0F,0.234375,0.003173828125,0.013360739979445015,1.0073184967041016e-05,1
5627,0.4814453125,1F,0.484375,20,0.5,0.0185546875,0.038539553752535496,0.00034427642822265625,0
5628,-1.12548828125,BC,-1.125,BC,-1.125,0.00048828125,0.0004338394793926247,2.384185791015625e-07,1
5629,0.421630859375,1B,0.421875,1B,0.421875,0.000244140625,0.0005790387955993051,5.960464477539063e-08,1
5630,-0.2978515625,ED,-0.296875,ED,-0.296875,0.0009765625,0.003278688524590164,9.5367431640625e-07,1
5631,1.559326171875,52,1.5625,52,1.5625,0.003173828125,0.002035384374510725,1.0073184967041016e-05,1
5632,-2.408203125,9D,-2.375,9C,-2.5,0.091796875,0.038118410381184104,0.008426666259765625,0
5633,1.564208984375,52,1.5625,52,1.5625,0.001708984375,0.0010925550179491181,2.9206275939941406e-06,1
5634,-0.749755859375,D0,-0.75,D1,-0.734375,0.015380859375,0.020514490394008468,0.0002365708351135254,0
5635,0.7822265625,32,0.78125,32,0.78125,0.0009765625,0.0012484394506866417,9.5367431640625e-07,1
5636,-0.55517578125,DC,-0.5625,DC,-0.5625,0.00732421875,0.013192612137203167,5.364418029785156e-05,1
5637,-0.95556640625,C3,-0.953125,C2,-0.96875,0.01318359375,0.013796627491057742,0.00017380714416503906,0
5638,-0.2880859375,EE,-0.28125,ED,-0.296875,0.0087890625,0.030508474576271188,7.724761962890625e-05,0
5639,-0.58935546875,DA,-0.59375,DA,-0.59375,0.00439453125,0.007456503728251864,1.9311904907226562e-05,1
5640,1.59130859375,53,1.59375,54,1.625,0.03369140625,0.02117213869285057,0.001135110855102539,0
5641,-0.033203125,FE,-0.03125,FD,-0.046875,0.013671875,0.4117647058823529,0.000186920166015625,0
5642,0.205078125,0D,0.203125,0E,0.21875,0.013671875,0.06666666666666667,0.000186920166015625,0
5643,0.69091796875,2C,0.6875,2B,0.671875,0.01904296875,0.02756183745583039,0.00036263465881347656,0
5644,0.9716796875,3E,0.96875,3E,0.96875,0.0029296875,0.003015075376884422,8.58306884765625e-06,1
5645,-1.574462890625,AE,-1.5625,AE,-1.5625,0.011962890625,0.007598077221274617,0.0001431107521057129,1
5646,0.399658203125,1A,0.40625,19,0.390625,0.009033203125,0.022602321319486866,8.159875869750977e-05,0
5647,0.506103515625,20,0.5,21,0.515625,0.009521484375,0.01881331403762663,9.065866470336914e-05,0
5648,-0.54931640625,DD,-0.546875,DE,-0.53125,0.01806640625,0.03288888888888889,0.00032639503479003906,0
5649,-0.159912109375,F6,-0.15625,F5,-0.171875,0.011962890625,0.07480916030534351,0.0001431107521057129,0
5650,0.45458984375,1D,0.453125,1E,0.46875,0.01416015625,0.031149301825993556,0.00020051002502441406,0
5651,0.94580078125,3D,0.953125,3D,0.953125,0.00732421875,0.007743933918430563,5.364418029785156e-05,1
5652,0.38671875,19,0.390625,19,0.390625,0.00390625,0.010101010101010102,1.52587890625e-05,1
5653,1.17236328125,46,1.1875,46,1.1875,0.01513671875,0.012911286963765098,0.00022912025451660156,1
5654,1.336669921875,4B,1.34375,4B,1.34375,0.007080078125,0.0052968036529680365,5.0127506256103516e-05,1
5655,-0.23876953125,F1,-0.234375,F0,-0.25,0.01123046875,0.04703476482617587,0.00012612342834472656,0
5656,0.197998046875,0D,0.203125,0D,0.203125,0.005126953125,0.025893958076448828,2.6285648345947266e-05,1
5657,-0.74658203125,D0,-0.75,D0,-0.75,0.00341796875,0.004578155657292348,1.1682510375976562e-05,1
5658,-2.064453125,9F,-2.125,A0,-2.0,0.064453125,0.03122043519394513,0.004154205322265625,0
5659,0.6279296875,28,0.625,28,0.625,0.0029296875,0.004665629860031105,8.58306884765625e-06,1
5660,-0.7216796875,D2,-0.71875,D1,-0.734375,0.0126953125,0.017591339648173207,0.00016117095947265625,0
5661,0.357666015625,17,0.359375,17,0.359375,0.001708984375,0.00477815699658703,2.9206275939941406e-06,1
5662,1.480712890625,4F,1.46875,50,1.5,0.019287109375,0.01302555647155812,0.0003719925880432129,0
5663,-0.162353515625,F6,-0.15625,F5,-0.171875,0.009521484375,0.058646616541353384,9.065866470336914e-05,0
5664,0.522705078125,21,0.515625,22,0.53125,0.008544921875,0.016347501167678656,7.301568984985352e-05,0
5665,-0.39306640625,E7,-0.390625,E8,-0.375,0.01806640625,0.04596273291925466,0.00032639503479003906,0
5666,-0.578369140625,DB,-0.578125,DC,-0.5625,0.015869140625,0.027437737441958633,0.0002518296241760254,0
5667,-0.966552734375,C2,-0.96875,C3,-0.953125,0.013427734375,0.013892397069967163,0.00018030405044555664,0
5668,0.400146484375,1A,0.40625,1A,0.40625,0.006103515625,0.01525320317266626,3.725290298461914e-05,1
5669,0.5390625,22,0.53125,22,0.53125,0.0078125,0.014492753623188406,6.103515625e-05,1
5670,-1.78515625,A7,-1.78125,A6,-1.8125,0.02734375,0.015317286652078774,0.0007476806640625,0
5671,-0.21337890625,F2,-0.21875,F4,-0.1875,0.02587890625,0.12128146453089245,0.0006697177886962891,0
5672,1.539794921875,51,1.53125,51,1.53125,0.008544921875,0.005549389567147614,7.301568984985352e-05,1
5673,-1.311767578125,B6,-1.3125,B6,-1.3125,0.000732421875,0.0005583472920156337,5.364418029785156e-07,1
5674,-0.52734375,DE,-0.53125,DF,-0.515625,0.01171875,0.022222222222222223,0.0001373291015625,0
5675,-0.1630859375,F6,-0.15625,F5,-0.171875,0.0087890625,0.05389221556886228,7.724761962890625e-05,0
5676,1.127197265625,44,1.125,44,1.125,0.002197265625,0.001949317738791423,4.827976226806641e-06,1
5677,-0.90380859375,C6,-0.90625,C6,-0.90625,0.00244140625,0.002701242571582928,5.9604644775390625e-06,1
5678,1.075927734375,42,1.0625,42,1.0625,0.013427734375,0.012480145223508056,0.00018030405044555664,1
5679,0.197998046875,0D,0.203125,0D,0.203125,0.005126953125,0.025893958076448828,2.6285648345947266e-05,1
5680,0.0400390625,03,0.046875,02,0.03125,0.0087890625,0.21951219512195122,7.724761962890625e-05,0
5681,-0.86328125,C9,-0.859375,C9,-0.859375,0.00390625,0.004524886877828055,1.52587890625e-05,1
5682,-0.808837890625,CC,-0.8125,CD,-0.796875,0.011962890625,0.014790220344099004,0.0001431107521057129,0
5683,1.00341796875,40,1.0,40,1.0,0.00341796875,0.0034063260340632603,1.1682510375976562e-05,1
5684,0.009765625,01,0.015625,00,0.0,0.009765625,1.0,9.5367431640625e-05,0
5685,-0.09423828125,FA,-0.09375,F9,-0.109375,0.01513671875,0.16062176165803108,0.00022912025451660156,0
5686,-0.38671875,E7,-0.390625,E7,-0.390625,0.00390625,0.010101010101010102,1.52587890625e-05,1
5687,2.447265625,64,2.5,64,2.5,0.052734375,0.02154828411811652,0.002780914306640625,1
5688,-0.70654296875,D3,-0.703125,D2,-0.71875,0.01220703125,0.017277125086385625,0.00014901161193847656,0
5689,-0.63525390625,D7,-0.640625,D6,-0.65625,0.02099609375,0.033051498847040735,0.00044083595275878906,0
5690,0.572265625,25,0.578125,25,0.578125,0.005859375,0.010238907849829351,3.4332275390625e-05,1
5691,1.10791015625,43,1.09375,43,1.09375,0.01416015625,0.012780960775672102,0.00020051002502441406,1
5692,0.267822265625,11,0.265625,11,0.265625,0.002197265625,0.008204193254329991,4.827976226806641e-06,1
5693,0.341552734375,16,0.34375,16,0.34375,0.002197265625,0.006433166547533953,4.827976226806641e-06,1
5694,1.225830078125,47,1.21875,47,1.21875,0.007080078125,0.005775741884086835,5.0127506256103516e-05,1
5695,-0.341552734375,EA,-0.34375,EB,-0.328125,0.013427734375,0.039313795568263046,0.00018030405044555664,0
5696,0.322509765625,15,0.328125,14,0.3125,0.010009765625,0.031037093111279335,0.00010019540786743164,0
5697,-0.1025390625,F9,-0.109375,FA,-0.09375,0.0087890625,0.08571428571428572,7.724761962890625e-05,0
5698,-0.172119140625,F5,-0.171875,F5,-0.171875,0.000244140625,0.0014184397163120568,5.960464477539063e-08,1
5699,-0.814208984375,CC,-0.8125,CC,-0.8125,0.001708984375,0.002098950524737631,2.9206275939941406e-06,1
5700,1.009033203125,40,1.0,40,1.0,0.009033203125,0.008952334865714976,8.159875869750977e-05,1
5701,-1.07177734375,BE,-1.0625,BE,-1.0625,0.00927734375,0.008656036446469248,8.606910705566406e-05,1
5702,1.525390625,51,1.53125,51,1.53125,0.005859375,0.0038412291933418692,3.4332275390625e-05,1
5703,0.65625,2A,0.65625,2B,0.671875,0.015625,0.023809523809523808,0.000244140625,0
5704,-0.30712890625,EC,-0.3125,ED,-0.296875,0.01025390625,0.033386327503974564,0.00010514259338378906,0
5705,0.885986328125,39,0.890625,39,0.890625,0.004638671875,0.005235602094240838,2.1517276763916016e-05,1
5706,-0.1533203125,F6,-0.15625,F5,-0.171875,0.0185546875,0.12101910828025478,0.00034427642822265625,0
5707,-1.5146484375,B0,-1.5,B0,-1.5,0.0146484375,0.009671179883945842,0.00021457672119140625,1
5708,-1.135986328125,BC,-1.125,BC,-1.125,0.010986328125,0.009671179883945842,0.00012069940567016602,1
5709,-0.27734375,EE,-0.28125,EE,-0.28125,0.00390625,0.014084507042253521,1.52587890625e-05,1
5710,-0.369140625,E8,-0.375,E8,-0.375,0.005859375,0.015873015873015872,3.4332275390625e-05,1
5711,0.282958984375,12,0.28125,12,0.28125,0.001708984375,0.0060396893874029335,2.9206275939941406e-06,1
5712,0.165771484375,0B,0.171875,0C,0.1875,0.021728515625,0.13107511045655376,0.00047212839126586914,0
5713,1.733154296875,57,1.71875,55,1.65625,0.076904296875,0.04437244682349627,0.005914270877838135,0
5714,-0.53369140625,DE,-0.53125,DD,-0.546875,0.01318359375,0.024702653247941447,0.00017380714416503906,0
5715,-1.483642578125,B1,-1.46875,B0,-1.5,0.016357421875,0.011025176896494982,0.0002675652503967285,0
5716,-0.5400390625,DD,-0.546875,DD,-0.546875,0.0068359375,0.012658227848101266,4.673004150390625e-05,1
5717,-0.318359375,EC,-0.3125,EB,-0.328125,0.009765625,0.03067484662576687,9.5367431640625e-05,0
5718,-0.13818359375,F7,-0.140625,F7,-0.140625,0.00244140625,0.0176678445229682,5.9604644775390625e-06,1
5719,-0.623291015625,D8,-0.625,D9,-0.609375,0.013916015625,0.022326674500587545,0.00019365549087524414,0
5720,-1.69677734375,AA,-1.6875,A9,-1.71875,0.02197265625,0.012949640287769784,0.00048279762268066406,0
5721,-0.0908203125,FA,-0.09375,FB,-0.078125,0.0126953125,0.13978494623655913,0.00016117095947265625,0
5722,-0.85205078125,C9,-0.859375,C9,-0.859375,0.00732421875,0.008595988538681949,5.364418029785156e-05,1
5723,0.650146484375,2A,0.65625,2A,0.65625,0.006103515625,0.00938790837401427,3.725290298461914e-05,1
5724,-0.19580078125,F3,-0.203125,F4,-0.1875,0.00830078125,0.04239401496259352,6.890296936035156e-05,0
5725,0.74755859375,30,0.75,2F,0.734375,0.01318359375,0.017635532331809273,0.00017380714416503906,0
5726,0.080810546875,05,0.078125,04,0.0625,0.018310546875,0.22658610271903323,0.00033527612686157227,0
5727,1.0615234375,42,1.0625,42,1.0625,0.0009765625,0.0009199632014719411,9.5367431640625e-07,1
5728,0.44970703125,1D,0.453125,1D,0.453125,0.00341796875,0.00760043431053203,1.1682510375976562e-05,1
5729,-0.30615234375,EC,-0.3125,EC,-0.3125,0.00634765625,0.02073365231259968,4.029273986816406e-05,1
5730,0.7353515625,2F,0.734375,2E,0.71875,0.0166015625,0.02257636122177955,0.00027561187744140625,0
5731,0.58056640625,25,0.578125,25,0.578125,0.00244140625,0.004205214465937763,5.9604644775390625e-06,1
5732,0.331787109375,15,0.328125,15,0.328125,0.003662109375,0.011037527593818985,1.341104507446289e-05,1
5733,2.54736328125,64,2.5,65,2.625,0.07763671875,0.030477285796434734,0.0060274600982666016,0
5734,0.5869140625,26,0.59375,25,0.578125,0.0087890625,0.014975041597337771,7.724761962890625e-05,0
5735,-0.119140625,F8,-0.125,F8,-0.125,0.005859375,0.04918032786885246,3.4332275390625e-05,1
5736,1.114501953125,44,1.125,43,1.09375,0.020751953125,0.018619934282584884,0.00043064355850219727,0
5737,-0.56884765625,DC,-0.5625,DB,-0.578125,0.00927734375,0.01630901287553648,8.606910705566406e-05,0
5738,0.64013671875,29,0.640625,29,0.640625,0.00048828125,0.0007627765064836003,2.384185791015625e-07,1
5739,0.464599609375,1E,0.46875,1D,0.453125,0.011474609375,0.02469784550709406,0.0001316666603088379,0
5740,0.330322265625,15,0.328125,15,0.328125,0.002197265625,0.0066518847006651885,4.827976226806641e-06,1
5741,-0.03173828125,FE,-0.03125,FD,-0.046875,0.01513671875,0.47692307692307695,0.00022912025451660156,0
5742,-0.531005859375,DE,-0.53125,DF,-0.515625,0.015380859375,0.028965517241379312,0.0002365708351135254,0
5743,0.389404296875,19,0.390625,18,0.375,0.014404296875,0.03699059561128527,0.00020748376846313477,0
5744,-0.080078125,FB,-0.078125,FB,-0.078125,0.001953125,0.024390243902439025,3.814697265625e-06,1
5745,-0.95703125,C3,-0.953125,C3,-0.953125,0.00390625,0.004081632653061225,1.52587890625e-05,1
5746,-0.15185546875,F6,-0.15625,F6,-0.15625,0.00439453125,0.028938906752411574,1.9311904907226562e-05,1
5747,-0.9677734375,C2,-0.96875,C3,-0.953125,0.0146484375,0.015136226034308779,0.00021457672119140625,0
5748,0.138671875,09,0.140625,08,0.125,0.013671875,0.09859154929577464,0.000186920166015625,0
5749,1.843017578125,5B,1.84375,5C,1.875,0.031982421875,0.017353291826732016,0.0010228753089904785,0
5750,1.464599609375,4F,1.46875,4E,1.4375,0.027099609375,0.018503083847307884,0.0007343888282775879,0
5751,-0.607177734375,D9,-0.609375,D9,-0.609375,0.002197265625,0.0036188178528347406,4.827976226806641e-06,1
5752,-1.50341796875,B0,-1.5,B0,-1.5,0.00341796875,0.0022734654108476776,1.1682510375976562e-05,1
5753,-1.2421875,B8,-1.25,B8,-1.25,0.0078125,0.006289308176100629,6.103515625e-05,1
5754,0.42041015625,1B,0.421875,1B,0.421875,0.00146484375,0.003484320557491289,2.1457672119140625e-06,1
5755,0.265625,11,0.265625,10,0.25,0.015625,0.058823529411764705,0.000244140625,0
5756,0.60888671875,27,0.609375,26,0.59375,0.01513671875,0.024859663191659984,0.00022912025451660156,0
5757,-0.50634765625,E0,-0.5,DE,-0.53125,0.02490234375,0.04918032786885246,0.0006201267242431641,0
5758,-1.4130859375,B3,-1.40625,B2,-1.4375,0.0244140625,0.017277125086385625,0.0005960464477539062,0
5759,0.230224609375,0F,0.234375,0F,0.234375,0.004150390625,0.018027571580063628,1.722574234008789e-05,1
5760,1.111083984375,44,1.125,44,1.125,0.013916015625,0.012524719841793012,0.00019365549087524414,1
5761,-0.464599609375,E2,-0.46875,E2,-0.46875,0.004150390625,0.008933263268523384,1.722574234008789e-05,1
5762,0.751708984375,30,0.75,30,0.75,0.001708984375,0.0022734654108476776,2.9206275939941406e-06,1
5763,0.580078125,25,0.578125,25,0.578125,0.001953125,0.003367003367003367,3.814697265625e-06,1
5764,0.043701171875,03,0.046875,04,0.0625,0.018798828125,0.4301675977653631,0.000353395938873291,0
5765,0.825927734375,35,0.828125,34,0.8125,0.013427734375,0.0162577593851611,0.00018030405044555664,0
5766,-1.683837890625,AA,-1.6875,AA,-1.6875,0.003662109375,0.002174858634188778,1.341104507446289e-05,1
5767,-0.47998046875,E1,-0.484375,E1,-0.484375,0.00439453125,0.009155645981688708,1.9311904907226562e-05,1
5768,0.224609375,0E,0.21875,0E,0.21875,0.005859375,0.02608695652173913,3.4332275390625e-05,1
5769,0.2861328125,12,0.28125,12,0.28125,0.0048828125,0.017064846416382253,2.384185791015625e-05,1
5770,0.0869140625,06,0.09375,05,0.078125,0.0087890625,0.10112359550561797,7.724761962890625e-05,0
5771,0.789306640625,33,0.796875,32,0.78125,0.008056640625,0.010207237859573151,6.490945816040039e-05,0
5772,0.48095703125,1F,0.484375,1E,0.46875,0.01220703125,0.025380710659898477,0.00014901161193847656,0
5773,0.78857421875,32,0.78125,33,0.796875,0.00830078125,0.010526315789473684,6.890296936035156e-05,0
5774,-0.03564453125,FE,-0.03125,FF,-0.015625,0.02001953125,0.5616438356164384,0.00040078163146972656,0
5775,-0.225341796875,F2,-0.21875,F3,-0.203125,0.022216796875,0.09859154929577464,0.0004935860633850098,0
5776,0.29248046875,13,0.296875,13,0.296875,0.00439453125,0.015025041736227046,1.9311904907226562e-05,1
5777,-0.20751953125,F3,-0.203125,F3,-0.203125,0.00439453125,0.021176470588235293,1.9311904907226562e-05,1
5778,0.335693359375,15,0.328125,16,0.34375,0.008056640625,0.024,6.490945816040039e-05,0
5779,0.520263671875,21,0.515625,21,0.515625,0.004638671875,0.008916001877053027,2.1517276763916016e-05,1
5780,-0.611572265625,D9,-0.609375,D9,-0.609375,0.002197265625,0.003592814371257485,4.827976226806641e-06,1
5781,-0.675048828125,D5,-0.671875,D6,-0.65625,0.018798828125,0.027848101265822784,0.000353395938873291,0
5782,-0.8271484375,CB,-0.828125,CB,-0.828125,0.0009765625,0.0011806375442739079,9.5367431640625e-07,1
5783,0.726318359375,2E,0.71875,2E,0.71875,0.007568359375,0.010420168067226891,5.728006362915039e-05,1
5784,0.2294921875,0F,0.234375,0F,0.234375,0.0048828125,0.02127659574468085,2.384185791015625e-05,1
5785,0.257080078125,10,0.25,10,0.25,0.007080078125,0.027540360873694207,5.0127506256103516e-05,1
5786,-0.666015625,D5,-0.671875,D5,-0.671875,0.005859375,0.008797653958944282,3.4332275390625e-05,1
5787,1.1005859375,43,1.09375,43,1.09375,0.0068359375,0.006211180124223602,4.673004150390625e-05,1
5788,0.432373046875,1C,0.4375,1B,0.421875,0.010498046875,0.024280067758328628,0.00011020898818969727,0
5789,-1.2392578125,B8,-1.25,B9,-1.21875,0.0205078125,0.016548463356973995,0.00042057037353515625,0
5790,-0.232666015625,F1,-0.234375,F1,-0.234375,0.001708984375,0.007345225603357817,2.9206275939941406e-06,1
5791,-0.093994140625,FA,-0.09375,F9,-0.109375,0.015380859375,0.16363636363636364,0.0002365708351135254,0
5792,-0.409423828125,E6,-0.40625,E6,-0.40625,0.003173828125,0.007751937984496124,1.0073184967041016e-05,1
5793,0.040771484375,03,0.046875,03,0.046875,0.006103515625,0.1497005988023952,3.725290298461914e-05,1
5794,0.302978515625,13,0.296875,13,0.296875,0.006103515625,0.020145044319097503,3.725290298461914e-05,1
5795,-1.336669921875,B5,-1.34375,B5,-1.34375,0.007080078125,0.0052968036529680365,5.0127506256103516e-05,1
5796,0.4775390625,1F,0.484375,1F,0.484375,0.0068359375,0.014314928425357873,4.673004150390625e-05,1
5797,0.25,10,0.25,10,0.25,0.0,0.0,0.0,1
5798,-1.462646484375,B1,-1.46875,B2,-1.4375,0.025146484375,0.017192455349691202,0.0006323456764221191,0
5799,0.15966796875,0A,0.15625,0A,0.15625,0.00341796875,0.021406727828746176,1.1682510375976562e-05,1
5800,-0.5458984375,DD,-0.546875,DD,-0.546875,0.0009765625,0.0017889087656529517,9.5367431640625e-07,1
5801,-0.244384765625,F0,-0.25,F1,-0.234375,0.010009765625,0.04095904095904096,0.00010019540786743164,0
5802,-0.7548828125,D0,-0.75,D0,-0.75,0.0048828125,0.00646830530401035,2.384185791015625e-05,1
5803,1.538818359375,51,1.53125,52,1.5625,0.023681640625,0.015389497064889734,0.0005608201026916504,0
5804,0.046630859375,03,0.046875,03,0.046875,0.000244140625,0.005235602094240838,5.960464477539063e-08,1
5805,-0.3427734375,EA,-0.34375,EB,-0.328125,0.0146484375,0.042735042735042736,0.00021457672119140625,0
5806,0.434814453125,1C,0.4375,1B,0.421875,0.012939453125,0.029758562605277934,0.00016742944717407227,0
5807,0.474853515625,1E,0.46875,1F,0.484375,0.009521484375,0.02005141388174807,9.065866470336914e-05,0
5808,-0.513916015625,DF,-0.515625,E0,-0.5,0.013916015625,0.027078384798099764,0.00019365549087524414,0
5809,-0.223876953125,F2,-0.21875,F2,-0.21875,0.005126953125,0.022900763358778626,2.6285648345947266e-05,1
5810,1.3291015625,4B,1.34375,4A,1.3125,0.0166015625,0.012490815576781777,0.00027561187744140625,0
5811,-0.402587890625,E6,-0.40625,E7,-0.390625,0.011962890625,0.02971497877501516,0.0001431107521057129,0
5812,0.39794921875,19,0.390625,19,0.390625,0.00732421875,0.018404907975460124,5.364418029785156e-05,1
5813,0.453125,1D,0.453125,1C,0.4375,0.015625,0.034482758620689655,0.000244140625,0
5814,1.523193359375,51,1.53125,50,1.5,0.023193359375,0.015226799166533099,0.0005379319190979004,0
5815,-0.197021484375,F3,-0.203125,F5,-0.171875,0.025146484375,0.12763320941759604,0.0006323456764221191,0
5816,0.35888671875,17,0.359375,16,0.34375,0.01513671875,0.04217687074829932,0.00022912025451660156,0
5817,0.042724609375,03,0.046875,03,0.046875,0.004150390625,0.09714285714285714,1.722574234008789e-05,1
5818,-0.201171875,F3,-0.203125,F3,-0.203125,0.001953125,0.009708737864077669,3.814697265625e-06,1
5819,-1.2548828125,B8,-1.25,B8,-1.25,0.0048828125,0.0038910505836575876,2.384185791015625e-05,1
5820,-0.973876953125,C2,-0.96875,C1,-0.984375,0.010498046875,0.010779644021057909,0.00011020898818969727,0
5821,-0.226318359375,F2,-0.21875,F2,-0.21875,0.007568359375,0.03344120819848975,5.728006362915039e-05,1
5822,0.08251953125,05,0.078125,06,0.09375,0.01123046875,0.13609467455621302,0.00012612342834472656,0
5823,-0.482666015625,E1,-0.484375,E1,-0.484375,0.001708984375,0.0035407182599898838,2.9206275939941406e-06,1
5824,-0.079833984375,FB,-0.078125,FC,-0.0625,0.017333984375,0.21712538226299694,0.00030046701431274414,0
5825,-0.294921875,ED,-0.296875,ED,-0.296875,0.001953125,0.006622516556291391,3.814697265625e-06,1
5826,0.25732421875,10,0.25,10,0.25,0.00732421875,0.028462998102466792,5.364418029785156e-05,1
5827,-0.109130859375,F9,-0.109375,F9,-0.109375,0.000244140625,0.0022371364653243847,5.960464477539063e-08,1
5828,0.388916015625,19,0.390625,19,0.390625,0.001708984375,0.004394224733207784,2.9206275939941406e-06,1
5829,-0.050537109375,FD,-0.046875,FC,-0.0625,0.011962890625,0.23671497584541062,0.0001431107521057129,0
5830,-1.114990234375,BC,-1.125,BC,-1.125,0.010009765625,0.008977446901686009,0.00010019540786743164,1
5831,0.67431640625,2B,0.671875,2B,0.671875,0.00244140625,0.003620564808110065,5.9604644775390625e-06,1
5832,0.068603515625,04,0.0625,04,0.0625,0.006103515625,0.08896797153024912,3.725290298461914e-05,1
5833,-0.5126953125,DF,-0.515625,E0,-0.5,0.0126953125,0.024761904761904763,0.00016117095947265625,0
5834,1.078857421875,43,1.09375,43,1.09375,0.014892578125,0.013804028060647205,0.00022178888320922852,1
5835,1.244384765625,48,1.25,48,1.25,0.005615234375,0.004512458308809104,3.153085708618164e-05,1
5836,0.28515625,12,0.28125,12,0.28125,0.00390625,0.0136986301369863,1.52587890625e-05,1
5837,1.3486328125,4B,1.34375,4B,1.34375,0.0048828125,0.003620564808110065,2.384185791015625e-05,1
5838,1.267822265625,49,1.28125,48,1.25,0.017822265625,0.01405738494126709,0.00031763315200805664,0
5839,-0.2431640625,F0,-0.25,F1,-0.234375,0.0087890625,0.03614457831325301,7.724761962890625e-05,0
5840,0.351318359375,16,0.34375,16,0.34375,0.007568359375,0.021542738012508687,5.728006362915039e-05,1
5841,-1.431884765625,B2,-1.4375,B2,-1.4375,0.005615234375,0.00392156862745098,3.153085708618164e-05,1
5842,-1.6025390625,AD,-1.59375,AD,-1.59375,0.0087890625,0.005484460694698354,7.724761962890625e-05,1
5843,-0.03955078125,FD,-0.046875,FD,-0.046875,0.00732421875,0.18518518518518517,5.364418029785156e-05,1
5844,0.426513671875,1B,0.421875,1B,0.421875,0.004638671875,0.010875787063537493,2.1517276763916016e-05,1
5845,0.458740234375,1D,0.453125,1C,0.4375,0.021240234375,0.04630122405534859,0.00045114755630493164,0
5846,1.21630859375,47,1.21875,48,1.25,0.03369140625,0.027699718988358088,0.001135110855102539,0
5847,-0.46630859375,E2,-0.46875,E3,-0.453125,0.01318359375,0.028272251308900525,0.00017380714416503906,0
5848,-1.619140625,AC,-1.625,AC,-1.625,0.005859375,0.0036188178528347406,3.4332275390625e-05,1
5849,-0.35302734375,E9,-0.359375,E9,-0.359375,0.00634765625,0.017980636237897647,4.029273986816406e-05,1
5850,0.466552734375,1E,0.46875,1E,0.46875,0.002197265625,0.004709576138147566,4.827976226806641e-06,1
5851,-0.2099609375,F3,-0.203125,F3,-0.203125,0.0068359375,0.03255813953488372,4.673004150390625e-05,1
5852,-0.407958984375,E6,-0.40625,E6,-0.40625,0.001708984375,0.004189108318372232,2.9206275939941406e-06,1
5853,0.5458984375,23,0.546875,24,0.5625,0.0166015625,0.03041144901610018,0.00027561187744140625,0
5854,1.733154296875,57,1.71875,57,1.71875,0.014404296875,0.008311029722496126,0.00020748376846313477,1
5855,-1.1630859375,BB,-1.15625,BA,-1.1875,0.0244140625,0.020990764063811923,0.0005960464477539062,0
5856,0.7421875,30,0.75,30,0.75,0.0078125,0.010526315789473684,6.103515625e-05,1
5857,-1.227294921875,B9,-1.21875,B9,-1.21875,0.008544921875,0.00696240302367217,7.301568984985352e-05,1
5858,1.363525390625,4C,1.375,4C,1.375,0.011474609375,0.008415398388540734,0.0001316666603088379,1
5859,0.527099609375,22,0.53125,21,0.515625,0.011474609375,0.02176933765632237,0.0001316666603088379,0
5860,0.782958984375,32,0.78125,32,0.78125,0.001708984375,0.002182725288431556,2.9206275939941406e-06,1
5861,-0.379150390625,E8,-0.375,E7,-0.390625,0.011474609375,0.030264005151320026,0.0001316666603088379,0
5862,0.5546875,24,0.5625,23,0.546875,0.0078125,0.014084507042253521,6.103515625e-05,0
5863,-0.91796875,C5,-0.921875,C5,-0.921875,0.00390625,0.00425531914893617,1.52587890625e-05,1
5864,-0.626953125,D8,-0.625,D8,-0.625,0.001953125,0.003115264797507788,3.814697265625e-06,1
5865,-0.184326171875,F4,-0.1875,F3,-0.203125,0.018798828125,0.10198675496688742,0.000353395938873291,0
5866,-0.40380859375,E6,-0.40625,E7,-0.390625,0.01318359375,0.032648125755743655,0.00017380714416503906,0
5867,0.01806640625,01,0.015625,01,0.015625,0.00244140625,0.13513513513513514,5.9604644775390625e-06,1
5868,-1.367431640625,B4,-1.375,B4,-1.375,0.007568359375,0.005534725941796108,5.728006362915039e-05,1
5869,0.12890625,08,0.125,08,0.125,0.00390625,0.030303030303030304,1.52587890625e-05,1
5870,0.208984375,0D,0.203125,0E,0.21875,0.009765625,0.04672897196261682,9.5367431640625e-05,0
5871,0.367431640625,18,0.375,18,0.375,0.007568359375,0.020598006644518274,5.728006362915039e-05,1
5872,0.190185546875,0C,0.1875,0B,0.171875,0.018310546875,0.0962772785622593,0.00033527612686157227,0
5873,-0.772705078125,CF,-0.765625,CE,-0.78125,0.008544921875,0.011058451816745656,7.301568984985352e-05,0
5874,0.46142578125,1E,0.46875,1D,0.453125,0.00830078125,0.01798941798941799,6.890296936035156e-05,0
5875,-0.82177734375,CB,-0.828125,CD,-0.796875,0.02490234375,0.030303030303030304,0.0006201267242431641,0
5876,0.750732421875,30,0.75,30,0.75,0.000732421875,0.000975609756097561,5.364418029785156e-07,1
5877,-0.23388671875,F1,-0.234375,F2,-0.21875,0.01513671875,0.06471816283924843,0.00022912025451660156,0
5878,0.48828125,1F,0.484375,1F,0.484375,0.00390625,0.008,1.52587890625e-05,1
5879,0.7880859375,32,0.78125,33,0.796875,0.0087890625,0.011152416356877323,7.724761962890625e-05,0
5880,-0.72265625,D2,-0.71875,D1,-0.734375,0.01171875,0.016216216216216217,0.0001373291015625,0
5881,0.116943359375,07,0.109375,08,0.125,0.008056640625,0.06889352818371608,6.490945816040039e-05,0
5882,-0.37548828125,E8,-0.375,E9,-0.359375,0.01611328125,0.04291287386215865,0.00025963783264160156,0
5883,-0.36572265625,E9,-0.359375,E9,-0.359375,0.00634765625,0.017356475300400534,4.029273986816406e-05,1
5884,-0.3232421875,EB,-0.328125,EB,-0.328125,0.0048828125,0.015105740181268883,2.384185791015625e-05,1
5885,-0.57275390625,DB,-0.578125,DC,-0.5625,0.01025390625,0.017902813299232736,0.00010514259338378906,0
5886,-0.2275390625,F1,-0.234375,F1,-0.234375,0.0068359375,0.030042918454935622,4.673004150390625e-05,1
5887,0.49267578125,20,0.5,1F,0.484375,0.00830078125,0.01684836471754212,6.890296936035156e-05,0
5888,-0.2548828125,F0,-0.25,EF,-0.265625,0.0107421875,0.0421455938697318,0.00011539459228515625,0
5889,-1.690673828125,AA,-1.6875,AA,-1.6875,0.003173828125,0.0018772563176895306,1.0073184967041016e-05,1
5890,0.253173828125,10,0.25,10,0.25,0.003173828125,0.01253616200578592,1.0073184967041016e-05,1
5891,0.36376953125,17,0.359375,17,0.359375,0.00439453125,0.012080536912751677,1.9311904907226562e-05,1
5892,0.59521484375,26,0.59375,26,0.59375,0.00146484375,0.002461033634126333,2.1457672119140625e-06,1
5893,0.89990234375,3A,0.90625,38,0.875,0.02490234375,0.027672273467173086,0.0006201267242431641,0
5894,-0.55029296875,DD,-0.546875,DD,-0.546875,0.00341796875,0.006211180124223602,1.1682510375976562e-05,1
5895,0.156005859375,0A,0.15625,0A,0.15625,0.000244140625,0.001564945226917058,5.960464477539063e-08,1
5896,-0.973876953125,C2,-0.96875,C2,-0.96875,0.005126953125,0.005264477312609677,2.6285648345947266e-05,1
5897,1.08203125,43,1.09375,43,1.09375,0.01171875,0.010830324909747292,0.0001373291015625,1
5898,1.094970703125,43,1.09375,42,1.0625,0.032470703125,0.029654403567447047,0.0010543465614318848,0
5899,-0.822998046875,CB,-0.828125,CC,-0.8125,0.010498046875,0.012755858795609611,0.00011020898818969727,0
5900,-0.3798828125,E8,-0.375,E8,-0.375,0.0048828125,0.012853470437017995,2.384185791015625e-05,1
5901,-0.747314453125,D0,-0.75,CF,-0.765625,0.018310546875,0.024501796798431886,0.00033527612686157227,0
5902,0.2490234375,10,0.25,0D,0.203125,0.0458984375,0.1843137254901961,0.0021066665649414062,0
5903,-1.12060546875,BC,-1.125,BC,-1.125,0.00439453125,0.00392156862745098,1.9311904907226562e-05,1
5904,0.9052734375,3A,0.90625,39,0.890625,0.0146484375,0.016181229773462782,0.00021457672119140625,0
5905,-0.572509765625,DB,-0.578125,DC,-0.5625,0.010009765625,0.017484008528784647,0.00010019540786743164,0
5906,-0.1435546875,F7,-0.140625,F6,-0.15625,0.0126953125,0.08843537414965986,0.00016117095947265625,0
5907,-0.67529296875,D5,-0.671875,D5,-0.671875,0.00341796875,0.005061460592913955,1.1682510375976562e-05,1
5908,0.421142578125,1B,0.421875,1A,0.40625,0.014892578125,0.03536231884057971,0.00022178888320922852,0
5909,0.569580078125,24,0.5625,25,0.578125,0.008544921875,0.015002143163309044,7.301568984985352e-05,0
5910,-0.896240234375,C7,-0.890625,C7,-0.890625,0.005615234375,0.006265322800326887,3.153085708618164e-05,1
5911,-0.35595703125,E9,-0.359375,E9,-0.359375,0.00341796875,0.009602194787379973,1.1682510375976562e-05,1
5912,0.11279296875,07,0.109375,07,0.109375,0.00341796875,0.030303030303030304,1.1682510375976562e-05,1
5913,0.29345703125,13,0.296875,13,0.296875,0.00341796875,0.011647254575707155,1.1682510375976562e-05,1
5914,1.460205078125,4F,1.46875,4E,1.4375,0.022705078125,0.015549239257649223,0.0005155205726623535,0
5915,-0.850341796875,CA,-0.84375,CA,-0.84375,0.006591796875,0.007751937984496124,4.3451786041259766e-05,1
5916,-0.51806640625,DF,-0.515625,DD,-0.546875,0.02880859375,0.05560791705937795,0.0008299350738525391,0
5917,-1.23974609375,B8,-1.25,B8,-1.25,0.01025390625,0.008270972823946435,0.00010514259338378906,1
5918,-0.38671875,E7,-0.390625,E7,-0.390625,0.00390625,0.010101010101010102,1.52587890625e-05,1
5919,-1.779541015625,A7,-1.78125,A7,-1.78125,0.001708984375,0.0009603512141583208,2.9206275939941406e-06,1
5920,-0.400634765625,E6,-0.40625,E7,-0.390625,0.010009765625,0.024984765386959172,0.00010019540786743164,0
5921,1.164306640625,45,1.15625,46,1.1875,0.023193359375,0.0199203187250996,0.0005379319190979004,0
5922,0.736083984375,2F,0.734375,2F,0.734375,0.001708984375,0.002321724709784411,2.9206275939941406e-06,1
5923,-2.42626953125,9D,-2.375,9C,-2.5,0.07373046875,0.030388408130408533,0.0054361820220947266,0
5924,0.6142578125,27,0.609375,28,0.625,0.0107421875,0.017488076311605722,0.00011539459228515625,0
5925,-0.4619140625,E2,-0.46875,E1,-0.484375,0.0224609375,0.048625792811839326,0.0005044937133789062,0
5926,-2.130126953125,9F,-2.125,9F,-2.125,0.005126953125,0.0024068767908309455,2.6285648345947266e-05,1
5927,0.359619140625,17,0.359375,17,0.359375,0.000244140625,0.0006788866259334691,5.960464477539063e-08,1
5928,0.20263671875,0D,0.203125,0D,0.203125,0.00048828125,0.0024096385542168677,2.384185791015625e-07,1
5929,-1.18115234375,BA,-1.1875,BA,-1.1875,0.00634765625,0.005374121537825548,4.029273986816406e-05,1
5930,2.44482421875,64,2.5,64,2.5,0.05517578125,0.0225684042340723,0.0030443668365478516,1
5931,-0.077880859375,FB,-0.078125,FA,-0.09375,0.015869140625,0.20376175548589343,0.0002518296241760254,0
5932,-0.150634765625,F6,-0.15625,F5,-0.171875,0.021240234375,0.14100486223662884,0.00045114755630493164,0
5933,1.5419921875,51,1.53125,52,1.5625,0.0205078125,0.013299556681443952,0.00042057037353515625,0
5934,-0.58740234375,DA,-0.59375,DA,-0.59375,0.00634765625,0.010806317539484621,4.029273986816406e-05,1
5935,0.527587890625,22,0.53125,21,0.515625,0.011962890625,0.022674687644608976,0.0001431107521057129,0
5936,-1.0625,BE,-1.0625,BE,-1.0625,0.0,0.0,0.0,1
5937,0.903076171875,3A,0.90625,39,0.890625,0.012451171875,0.013787510137875101,0.00015503168106079102,0
5938,-0.385009765625,E7,-0.390625,E7,-0.390625,0.005615234375,0.014584654407102092,3.153085708618164e-05,1
5939,-0.237548828125,F1,-0.234375,F1,-0.234375,0.003173828125,0.013360739979445015,1.0073184967041016e-05,1
5940,-1.23974609375,B8,-1.25,BA,-1.1875,0.05224609375,0.04214257581725089,0.002729654312133789,0
5941,-0.519287109375,DF,-0.515625,DF,-0.515625,0.003662109375,0.007052186177715092,1.341104507446289e-05,1
5942,0.36865234375,18,0.375,18,0.375,0.00634765625,0.017218543046357615,4.029273986816406e-05,1
5943,-1.249267578125,B8,-1.25,B8,-1.25,0.000732421875,0.000586281024037522,5.364418029785156e-07,1
5944,-0.425048828125,E5,-0.421875,E6,-0.40625,0.018798828125,0.04422745548535324,0.000353395938873291,0
5945,0.14697265625,09,0.140625,0A,0.15625,0.00927734375,0.06312292358803986,8.606910705566406e-05,0
5946,0.721923828125,2E,0.71875,2F,0.734375,0.012451171875,0.017247210010145418,0.00015503168106079102,0
5947,-0.648681640625,D6,-0.65625,D7,-0.640625,0.008056640625,0.012420022581859239,6.490945816040039e-05,0
5948,0.290771484375,13,0.296875,13,0.296875,0.006103515625,0.020990764063811923,3.725290298461914e-05,1
5949,-0.723388671875,D2,-0.71875,D1,-0.734375,0.010986328125,0.015187310158623017,0.00012069940567016602,0
5950,0.562255859375,24,0.5625,24,0.5625,0.000244140625,0.0004342162396873643,5.960464477539063e-08,1
5951,-1.283447265625,B7,-1.28125,B7,-1.28125,0.002197265625,0.0017120030435609664,4.827976226806641e-06,1
5952,-0.5625,DC,-0.5625,DB,-0.578125,0.015625,0.027777777777777776,0.000244140625,0
5953,1.49951171875,50,1.5,50,1.5,0.00048828125,0.00032562683165092806,2.384185791015625e-07,1
5954,-0.824951171875,CB,-0.828125,CB,-0.828125,0.003173828125,0.0038472920982539215,1.0073184967041016e-05,1
5955,-0.58203125,DB,-0.578125,D9,-0.609375,0.02734375,0.04697986577181208,0.0007476806640625,0
5956,-0.453125,E3,-0.453125,E3,-0.453125,0.0,0.0,0.0,1
5957,-1.17431640625,BA,-1.1875,BA,-1.1875,0.01318359375,0.011226611226611227,0.00017380714416503906,1
5958,0.85888671875,37,0.859375,37,0.859375,0.00048828125,0.0005685048322910744,2.384185791015625e-07,1
5959,-0.459716796875,E3,-0.453125,E3,-0.453125,0.006591796875,0.014338821030270845,4.3451786041259766e-05,1
5960,-0.46630859375,E2,-0.46875,E1,-0.484375,0.01806640625,0.0387434554973822,0.00032639503479003906,0
5961,-0.4619140625,E2,-0.46875,E2,-0.46875,0.0068359375,0.014799154334038054,4.673004150390625e-05,1
5962,-0.937255859375,C4,-0.9375,C4,-0.9375,0.000244140625,0.00026048450117218026,5.960464477539063e-08,1
5963,-0.3916015625,E7,-0.390625,E8,-0.375,0.0166015625,0.04239401496259352,0.00027561187744140625,0
5964,-0.809814453125,CC,-0.8125,CC,-0.8125,0.002685546875,0.003316249623153452,7.212162017822266e-06,1
5965,0.688720703125,2C,0.6875,2D,0.703125,0.014404296875,0.020914569301666075,0.00020748376846313477,0
5966,0.8037109375,33,0.796875,34,0.8125,0.0087890625,0.010935601458080195,7.724761962890625e-05,0
5967,1.52783203125,51,1.53125,50,1.5,0.02783203125,0.01821668264621285,0.0007746219635009766,0
5968,-0.089599609375,FA,-0.09375,FB,-0.078125,0.011474609375,0.12806539509536785,0.0001316666603088379,0
5969,-0.670166015625,D5,-0.671875,D5,-0.671875,0.001708984375,0.0025500910746812386,2.9206275939941406e-06,1
5970,0.482421875,1F,0.484375,1F,0.484375,0.001953125,0.004048582995951417,3.814697265625e-06,1
5971,-1.072021484375,BE,-1.0625,BE,-1.0625,0.009521484375,0.00888180368936461,9.065866470336914e-05,1
5972,-0.257568359375,F0,-0.25,EF,-0.265625,0.008056640625,0.031279620853080566,6.490945816040039e-05,0
5973,0.722900390625,2E,0.71875,2E,0.71875,0.004150390625,0.005741303613644039,1.722574234008789e-05,1
5974,1.467529296875,4F,1.46875,50,1.5,0.032470703125,0.022126102146065547,0.0010543465614318848,0
5975,0.0263671875,02,0.03125,02,0.03125,0.0048828125,0.18518518518518517,2.384185791015625e-05,1
5976,-0.8740234375,C8,-0.875,CB,-0.828125,0.0458984375,0.05251396648044693,0.0021066665649414062,0
5977,-0.462158203125,E2,-0.46875,E2,-0.46875,0.006591796875,0.014263074484944533,4.3451786041259766e-05,1
5978,1.0263671875,41,1.03125,41,1.03125,0.0048828125,0.004757373929590866,2.384185791015625e-05,1
5979,1.076171875,42,1.0625,43,1.09375,0.017578125,0.016333938294010888,0.000308990478515625,0
5980,-1.413818359375,B3,-1.40625,B2,-1.4375,0.023681640625,0.016750129511310656,0.0005608201026916504,0
5981,-0.26220703125,EF,-0.265625,F0,-0.25,0.01220703125,0.04655493482309125,0.00014901161193847656,0
5982,0.339599609375,16,0.34375,16,0.34375,0.004150390625,0.012221423436376708,1.722574234008789e-05,1
5983,0.15625,0A,0.15625,0A,0.15625,0.0,0.0,0.0,1
5984,1.155517578125,45,1.15625,45,1.15625,0.000732421875,0.0006338474540460595,5.364418029785156e-07,1
5985,-0.08740234375,FA,-0.09375,FB,-0.078125,0.00927734375,0.10614525139664804,8.606910705566406e-05,0
5986,-0.31787109375,EC,-0.3125,EC,-0.3125,0.00537109375,0.016897081413210446,2.8848648071289062e-05,1
5987,0.763427734375,31,0.765625,31,0.765625,0.002197265625,0.002878157978893508,4.827976226806641e-06,1
5988,-0.91943359375,C5,-0.921875,C5,-0.921875,0.00244140625,0.0026553372278279343,5.9604644775390625e-06,1
5989,1.791748046875,59,1.78125,5A,1.8125,0.020751953125,0.011581959395012945,0.00043064355850219727,0
5990,-1.7724609375,A7,-1.78125,A8,-1.75,0.0224609375,0.012672176308539946,0.0005044937133789062,0
5991,1.260009765625,48,1.25,48,1.25,0.010009765625,0.007944196861073435,0.00010019540786743164,1
5992,0.839599609375,36,0.84375,37,0.859375,0.019775390625,0.02355335853445769,0.0003910660743713379,0
5993,1.1708984375,45,1.15625,46,1.1875,0.0166015625,0.014178482068390326,0.00027561187744140625,0
5994,-0.254638671875,F0,-0.25,F0,-0.25,0.004638671875,0.01821668264621285,2.1517276763916016e-05,1
5995,0.12255859375,08,0.125,09,0.140625,0.01806640625,0.14741035856573706,0.00032639503479003906,0
5996,-1.348876953125,B5,-1.34375,B5,-1.34375,0.005126953125,0.003800904977375566,2.6285648345947266e-05,1
5997,-0.445556640625,E3,-0.453125,E2,-0.46875,0.023193359375,0.052054794520547946,0.0005379319190979004,0
5998,-0.604736328125,D9,-0.609375,D9,-0.609375,0.004638671875,0.007670569236980218,2.1517276763916016e-05,1
5999,-0.365478515625,E9,-0.359375,E9,-0.359375,0.006103515625,0.016700066800267203,3.725290298461914e-05,1
6000,-1.247802734375,B8,-1.25,B8,-1.25,0.002197265625,0.0017609078458227353,4.827976226806641e-06,1
6001,0.53369140625,22,0.53125,22,0.53125,0.00244140625,0.004574565416285453,5.9604644775390625e-06,1
6002,0.7490234375,30,0.75,2F,0.734375,0.0146484375,0.01955671447196871,0.00021457672119140625,0
6003,-0.329345703125,EB,-0.328125,EB,-0.328125,0.001220703125,0.0037064492216456633,1.4901161193847656e-06,1
6004,-1.55712890625,AE,-1.5625,AE,-1.5625,0.00537109375,0.003449357165255566,2.8848648071289062e-05,1
6005,-0.278564453125,EE,-0.28125,EF,-0.265625,0.012939453125,0.04645048203330412,0.00016742944717407227,0
6006,1.173095703125,46,1.1875,45,1.15625,0.016845703125,0.014360041623309052,0.00028377771377563477,0
6007,0.53076171875,22,0.53125,22,0.53125,0.00048828125,0.0009199632014719411,2.384185791015625e-07,1
6008,-0.861572265625,C9,-0.859375,CA,-0.84375,0.017822265625,0.020685746670444885,0.00031763315200805664,0
6009,1.197265625,46,1.1875,46,1.1875,0.009765625,0.008156606851549755,9.5367431640625e-05,1
6010,-0.123291015625,F8,-0.125,F7,-0.140625,0.017333984375,0.1405940594059406,0.00030046701431274414,0
6011,-1.014404296875,C0,-1.0,C0,-1.0,0.014404296875,0.014199759326113117,0.00020748376846313477,1
6012,-1.949951171875,A2,-1.9375,A2,-1.9375,0.012451171875,0.006385376236384124,0.00015503168106079102,1
6013,-0.12939453125,F8,-0.125,F8,-0.125,0.00439453125,0.033962264150943396,1.9311904907226562e-05,1
6014,-0.2255859375,F2,-0.21875,F2,-0.21875,0.0068359375,0.030303030303030304,4.673004150390625e-05,1
6015,-0.6708984375,D5,-0.671875,D5,-0.671875,0.0009765625,0.001455604075691412,9.5367431640625e-07,1
6016,0.580322265625,25,0.578125,25,0.578125,0.002197265625,0.0037862852334875894,4.827976226806641e-06,1
6017,-0.050048828125,FD,-0.046875,FD,-0.046875,0.003173828125,0.06341463414634146,1.0073184967041016e-05,1
6018,0.883544921875,39,0.890625,39,0.890625,0.007080078125,0.00801326333241227,5.0127506256103516e-05,1
6019,-0.86669921875,C9,-0.859375,C8,-0.875,0.00830078125,0.009577464788732394,6.890296936035156e-05,0
6020,-0.283203125,EE,-0.28125,ED,-0.296875,0.013671875,0.04827586206896552,0.000186920166015625,0
6021,-0.924560546875,C5,-0.921875,C5,-0.921875,0.002685546875,0.002904673884341167,7.212162017822266e-06,1
6022,-0.325927734375,EB,-0.328125,EC,-0.3125,0.013427734375,0.04119850187265917,0.00018030405044555664,0
6023,0.975830078125,3E,0.96875,3F,0.984375,0.008544921875,0.008756567425569177,7.301568984985352e-05,0
6024,0.1494140625,0A,0.15625,09,0.140625,0.0087890625,0.058823529411764705,7.724761962890625e-05,0
6025,-0.464599609375,E2,-0.46875,E2,-0.46875,0.004150390625,0.008933263268523384,1.722574234008789e-05,1
6026,-0.206787109375,F3,-0.203125,F1,-0.234375,0.027587890625,0.1334120425029516,0.0007610917091369629,0
6027,1.883544921875,5C,1.875,5C,1.875,0.008544921875,0.004536616979909268,7.301568984985352e-05,1
6028,0.273193359375,11,0.265625,12,0.28125,0.008056640625,0.029490616621983913,6.490945816040039e-05,0
6029,0.117431640625,08,0.125,08,0.125,0.007568359375,0.06444906444906445,5.728006362915039e-05,1
6030,0.544677734375,23,0.546875,23,0.546875,0.002197265625,0.004034065441506051,4.827976226806641e-06,1
6031,-0.10302734375,F9,-0.109375,FA,-0.09375,0.00927734375,0.09004739336492891,8.606910705566406e-05,0
6032,0.45068359375,1D,0.453125,1D,0.453125,0.00244140625,0.005417118093174431,5.9604644775390625e-06,1
6033,0.91015625,3A,0.90625,3A,0.90625,0.00390625,0.004291845493562232,1.52587890625e-05,1
6034,-0.947021484375,C3,-0.953125,C2,-0.96875,0.021728515625,0.02294405774684197,0.00047212839126586914,0
6035,1.228271484375,47,1.21875,47,1.21875,0.009521484375,0.007751937984496124,9.065866470336914e-05,1
6036,-0.614501953125,D9,-0.609375,D7,-0.640625,0.026123046875,0.04251092570520461,0.0006824135780334473,0
6037,-0.135009765625,F7,-0.140625,F9,-0.109375,0.025634765625,0.189873417721519,0.0006571412086486816,0
6038,-0.05029296875,FD,-0.046875,FC,-0.0625,0.01220703125,0.24271844660194175,0.00014901161193847656,0
6039,-0.616943359375,D9,-0.609375,D9,-0.609375,0.007568359375,0.01226751088246933,5.728006362915039e-05,1
6040,-0.0126953125,FF,-0.015625,01,0.015625,0.0283203125,2.230769230769231,0.0008020401000976562,0
6041,-0.129150390625,F8,-0.125,F8,-0.125,0.004150390625,0.03213610586011342,1.722574234008789e-05,1
6042,-0.14453125,F7,-0.140625,F7,-0.140625,0.00390625,0.02702702702702703,1.52587890625e-05,1
6043,-0.649169921875,D6,-0.65625,D6,-0.65625,0.007080078125,0.010906355772846935,5.0127506256103516e-05,1
6044,0.27197265625,11,0.265625,11,0.265625,0.00634765625,0.02333931777378815,4.029273986816406e-05,1
6045,0.353759765625,17,0.359375,16,0.34375,0.010009765625,0.028295376121463076,0.00010019540786743164,0
6046,-1.710693359375,A9,-1.71875,AA,-1.6875,0.023193359375,0.013557870700727843,0.0005379319190979004,0
6047,1.215576171875,47,1.21875,47,1.21875,0.003173828125,0.0026109660574412533,1.0073184967041016e-05,1
6048,0.361328125,17,0.359375,17,0.359375,0.001953125,0.005405405405405406,3.814697265625e-06,1
6049,0.058349609375,04,0.0625,04,0.0625,0.004150390625,0.07112970711297072,1.722574234008789e-05,1
6050,1.278076171875,49,1.28125,4A,1.3125,0.034423828125,0.026934097421203437,0.001184999942779541,0
6051,0.55224609375,23,0.546875,23,0.546875,0.00537109375,0.009725906277630416,2.8848648071289062e-05,1
6052,-0.4326171875,E4,-0.4375,E5,-0.421875,0.0107421875,0.024830699774266364,0.00011539459228515625,0
6053,-0.72021484375,D2,-0.71875,D2,-0.71875,0.00146484375,0.002033898305084746,2.1457672119140625e-06,1
6054,-0.68701171875,D4,-0.6875,D3,-0.703125,0.01611328125,0.023454157782515993,0.00025963783264160156,0
6055,-0.15869140625,F6,-0.15625,F5,-0.171875,0.01318359375,0.08307692307692308,0.00017380714416503906,0
6056,0.669189453125,2B,0.671875,2B,0.671875,0.002685546875,0.004013133892739876,7.212162017822266e-06,1
6057,-1.40283203125,B3,-1.40625,B3,-1.40625,0.00341796875,0.0024364775495997215,1.1682510375976562e-05,1
6058,0.895751953125,39,0.890625,39,0.890625,0.005126953125,0.005723630417007359,2.6285648345947266e-05,1
6059,-0.06201171875,FC,-0.0625,FC,-0.0625,0.00048828125,0.007874015748031496,2.384185791015625e-07,1
6060,-2.20947265625,9E,-2.25,9E,-2.25,0.04052734375,0.018342541436464087,0.001642465591430664,1
6061,1.003173828125,40,1.0,3F,0.984375,0.018798828125,0.018739352640545145,0.000353395938873291,0
6062,-0.10986328125,F9,-0.109375,F9,-0.109375,0.00048828125,0.0044444444444444444,2.384185791015625e-07,1
6063,0.085693359375,05,0.078125,04,0.0625,0.023193359375,0.2706552706552707,0.0005379319190979004,0
6064,2.01611328125,60,2.0,60,2.0,0.01611328125,0.007992249939452653,0.00025963783264160156,1
6065,0.054443359375,03,0.046875,04,0.0625,0.008056640625,0.14798206278026907,6.490945816040039e-05,0
6066,0.65185546875,2A,0.65625,2A,0.65625,0.00439453125,0.006741573033707865,1.9311904907226562e-05,1
6067,-1.300048828125,B6,-1.3125,B6,-1.3125,0.012451171875,0.009577464788732394,0.00015503168106079102,1
6068,-2.180908203125,9F,-2.125,9F,-2.125,0.055908203125,0.02563528489869025,0.0031257271766662598,1
6069,0.662353515625,2A,0.65625,2B,0.671875,0.009521484375,0.014375230372281608,9.065866470336914e-05,0
6070,0.726318359375,2E,0.71875,2E,0.71875,0.007568359375,0.010420168067226891,5.728006362915039e-05,1
6071,-0.195068359375,F4,-0.1875,F4,-0.1875,0.007568359375,0.03879849812265332,5.728006362915039e-05,1
6072,0.59765625,26,0.59375,26,0.59375,0.00390625,0.006535947712418301,1.52587890625e-05,1
6073,-0.166748046875,F5,-0.171875,F6,-0.15625,0.010498046875,0.0629575402635432,0.00011020898818969727,0
6074,0.135986328125,09,0.140625,0A,0.15625,0.020263671875,0.1490125673249551,0.000410616397857666,0
6075,-0.5830078125,DB,-0.578125,DA,-0.59375,0.0107421875,0.018425460636515914,0.00011539459228515625,0
6076,1.3955078125,4D,1.40625,4D,1.40625,0.0107421875,0.007697690692792162,0.00011539459228515625,1
6077,-1.171142578125,BB,-1.15625,BA,-1.1875,0.016357421875,0.013967062747550553,0.0002675652503967285,0
6078,-0.711181640625,D2,-0.71875,D2,-0.71875,0.007568359375,0.010641949879848954,5.728006362915039e-05,1
6079,-0.02783203125,FE,-0.03125,FF,-0.015625,0.01220703125,0.43859649122807015,0.00014901161193847656,0
6080,0.313720703125,14,0.3125,14,0.3125,0.001220703125,0.0038910505836575876,1.4901161193847656e-06,1
6081,-1.35595703125,B5,-1.34375,B5,-1.34375,0.01220703125,0.009002520705797623,0.00014901161193847656,1
6082,0.150146484375,0A,0.15625,0A,0.15625,0.006103515625,0.04065040650406504,3.725290298461914e-05,1
6083,-1.573486328125,AE,-1.5625,AD,-1.59375,0.020263671875,0.012878200155159038,0.000410616397857666,0
6084,2.0478515625,60,2.0,60,2.0,0.0478515625,0.023366714353838816,0.0022897720336914062,1
6085,0.494384765625,20,0.5,20,0.5,0.005615234375,0.011358024691358024,3.153085708618164e-05,1
6086,-0.58740234375,DA,-0.59375,DB,-0.578125,0.00927734375,0.015793848711554447,8.606910705566406e-05,0
6087,0.369384765625,18,0.375,18,0.375,0.005615234375,0.01520158625247852,3.153085708618164e-05,1
6088,-0.43896484375,E4,-0.4375,E5,-0.421875,0.01708984375,0.0389321468298109,0.00029206275939941406,0
6089,-0.216064453125,F2,-0.21875,F2,-0.21875,0.002685546875,0.012429378531073447,7.212162017822266e-06,1
6090,1.390380859375,4C,1.375,4C,1.375,0.015380859375,0.01106233538191396,0.0002365708351135254,1
6091,-0.644775390625,D7,-0.640625,D7,-0.640625,0.004150390625,0.006436955698599016,1.722574234008789e-05,1
6092,0.564697265625,24,0.5625,24,0.5625,0.002197265625,0.0038910505836575876,4.827976226806641e-06,1
6093,0.225341796875,0E,0.21875,0F,0.234375,0.009033203125,0.04008667388949079,8.159875869750977e-05,0
6094,-0.440185546875,E4,-0.4375,E4,-0.4375,0.002685546875,0.006100942872989462,7.212162017822266e-06,1
6095,-0.29736328125,ED,-0.296875,EC,-0.3125,0.01513671875,0.05090311986863711,0.00022912025451660156,0
6096,-0.786376953125,CE,-0.78125,CD,-0.796875,0.010498046875,0.01334989133809376,0.00011020898818969727,0
6097,0.02294921875,01,0.015625,01,0.015625,0.00732421875,0.3191489361702128,5.364418029785156e-05,1
6098,-0.83837890625,CA,-0.84375,CB,-0.828125,0.01025390625,0.0122306348281887,0.00010514259338378906,0
6099,-0.556884765625,DC,-0.5625,DC,-0.5625,0.005615234375,0.010083296799649276,3.153085708618164e-05,1
6100,0.140380859375,09,0.140625,09,0.140625,0.000244140625,0.0017391304347826088,5.960464477539063e-08,1
6101,-0.27587890625,EE,-0.28125,EE,-0.28125,0.00537109375,0.019469026548672566,2.8848648071289062e-05,1
6102,0.120361328125,08,0.125,08,0.125,0.004638671875,0.038539553752535496,2.1517276763916016e-05,1
6103,-0.93212890625,C4,-0.9375,C6,-0.90625,0.02587890625,0.02776322682032478,0.0006697177886962891,0
6104,-0.6669921875,D5,-0.671875,D5,-0.671875,0.0048828125,0.007320644216691069,2.384185791015625e-05,1
6105,1.083984375,43,1.09375,42,1.0625,0.021484375,0.01981981981981982,0.000461578369140625,0
6106,0.26611328125,11,0.265625,11,0.265625,0.00048828125,0.001834862385321101,2.384185791015625e-07,1
6107,-0.672607421875,D5,-0.671875,D6,-0.65625,0.016357421875,0.024319419237749548,0.0002675652503967285,0
6108,-0.191162109375,F4,-0.1875,F4,-0.1875,0.003662109375,0.019157088122605363,1.341104507446289e-05,1
6109,-0.5625,DC,-0.5625,DC,-0.5625,0.0,0.0,0.0,1
6110,0.376953125,18,0.375,18,0.375,0.001953125,0.0051813471502590676,3.814697265625e-06,1
6111,0.6396484375,29,0.640625,28,0.625,0.0146484375,0.022900763358778626,0.00021457672119140625,0
6112,0.37939453125,18,0.375,19,0.390625,0.01123046875,0.029601029601029602,0.00012612342834472656,0
6113,-0.59228515625,DA,-0.59375,DA,-0.59375,0.00146484375,0.00247320692497939,2.1457672119140625e-06,1
6114,-1.13671875,BC,-1.125,BC,-1.125,0.01171875,0.010309278350515464,0.0001373291015625,1
6115,-1.239990234375,B8,-1.25,B8,-1.25,0.010009765625,0.008072455207718056,0.00010019540786743164,1
6116,0.124267578125,08,0.125,08,0.125,0.000732421875,0.005893909626719057,5.364418029785156e-07,1
6117,0.77099609375,31,0.765625,31,0.765625,0.00537109375,0.006966434452184927,2.8848648071289062e-05,1
6118,0.870849609375,38,0.875,38,0.875,0.004150390625,0.004765909728062798,1.722574234008789e-05,1
6119,1.364501953125,4C,1.375,4C,1.375,0.010498046875,0.007693684022186438,0.00011020898818969727,1
6120,-0.541748046875,DD,-0.546875,DF,-0.515625,0.026123046875,0.04821991888237945,0.0006824135780334473,0
6121,-0.61474609375,D9,-0.609375,D8,-0.625,0.01025390625,0.016679904686258934,0.00010514259338378906,0
6122,0.7578125,30,0.75,30,0.75,0.0078125,0.010309278350515464,6.103515625e-05,1
6123,0.497314453125,20,0.5,20,0.5,0.002685546875,0.005400098183603338,7.212162017822266e-06,1
6124,0.191162109375,0C,0.1875,0C,0.1875,0.003662109375,0.019157088122605363,1.341104507446289e-05,1
6125,1.57666015625,52,1.5625,52,1.5625,0.01416015625,0.00898110870238464,0.00020051002502441406,1
6126,0.23193359375,0F,0.234375,0F,0.234375,0.00244140625,0.010526315789473684,5.9604644775390625e-06,1
6127,-1.756591796875,A8,-1.75,A8,-1.75,0.006591796875,0.0037526059763724807,4.3451786041259766e-05,1
6128,-0.982666015625,C1,-0.984375,C1,-0.984375,0.001708984375,0.0017391304347826088,2.9206275939941406e-06,1
6129,-1.0400390625,BF,-1.03125,BE,-1.0625,0.0224609375,0.0215962441314554,0.0005044937133789062,0
6130,1.93115234375,5E,1.9375,5E,1.9375,0.00634765625,0.0032869785082174463,4.029273986816406e-05,1
6131,-0.420166015625,E5,-0.421875,E5,-0.421875,0.001708984375,0.004067402672864613,2.9206275939941406e-06,1
6132,0.41943359375,1B,0.421875,1B,0.421875,0.00244140625,0.005820721769499418,5.9604644775390625e-06,1
6133,-1.03564453125,BF,-1.03125,BF,-1.03125,0.00439453125,0.004243281471004243,1.9311904907226562e-05,1
6134,1.3310546875,4B,1.34375,4A,1.3125,0.0185546875,0.013939838591342627,0.00034427642822265625,0
6135,-0.1767578125,F5,-0.171875,F5,-0.171875,0.0048828125,0.027624309392265192,2.384185791015625e-05,1
6136,-0.63330078125,D7,-0.640625,D9,-0.609375,0.02392578125,0.03777949113338473,0.0005724430084228516,0
6137,-0.13427734375,F7,-0.140625,F7,-0.140625,0.00634765625,0.04727272727272727,4.029273986816406e-05,1
6138,-0.71923828125,D2,-0.71875,D1,-0.734375,0.01513671875,0.021045485403937542,0.00022912025451660156,0
6139,-0.456787109375,E3,-0.453125,E3,-0.453125,0.003662109375,0.008017103153393906,1.341104507446289e-05,1
6140,-0.650146484375,D6,-0.65625,D7,-0.640625,0.009521484375,0.01464513706346226,9.065866470336914e-05,0
6141,-0.477783203125,E1,-0.484375,E2,-0.46875,0.009033203125,0.01890648952478283,8.159875869750977e-05,0
6142,-0.265869140625,EF,-0.265625,EF,-0.265625,0.000244140625,0.0009182736455463728,5.960464477539063e-08,1
6143,-0.974609375,C2,-0.96875,C1,-0.984375,0.009765625,0.01002004008016032,9.5367431640625e-05,0
6144,-0.68115234375,D4,-0.6875,D4,-0.6875,0.00634765625,0.00931899641577061,4.029273986816406e-05,1
6145,-1.399169921875,B3,-1.40625,B3,-1.40625,0.007080078125,0.005060198918164369,5.0127506256103516e-05,1
6146,0.296630859375,13,0.296875,13,0.296875,0.000244140625,0.0008230452674897119,5.960464477539063e-08,1
6147,-0.41650390625,E5,-0.421875,E6,-0.40625,0.01025390625,0.0246189917936694,0.00010514259338378906,0
6148,0.875,38,0.875,38,0.875,0.0,0.0,0.0,1
6149,0.053955078125,03,0.046875,03,0.046875,0.007080078125,0.13122171945701358,5.0127506256103516e-05,1
6150,-1.28271484375,B7,-1.28125,B7,-1.28125,0.00146484375,0.0011419870574800152,2.1457672119140625e-06,1
6151,0.380859375,18,0.375,19,0.390625,0.009765625,0.02564102564102564,9.5367431640625e-05,0
6152,-1.4794921875,B1,-1.46875,B0,-1.5,0.0205078125,0.013861386138613862,0.00042057037353515625,0
6153,0.82861328125,35,0.828125,35,0.828125,0.00048828125,0.0005892751915144372,2.384185791015625e-07,1
6154,-1.0771484375,BE,-1.0625,BE,-1.0625,0.0146484375,0.013599274705349048,0.00021457672119140625,1
6155,-0.377685546875,E8,-0.375,E8,-0.375,0.002685546875,0.007110536522301228,7.212162017822266e-06,1
6156,0.3291015625,15,0.328125,14,0.3125,0.0166015625,0.050445103857566766,0.00027561187744140625,0
6157,-1.34521484375,B5,-1.34375,B5,-1.34375,0.00146484375,0.001088929219600726,2.1457672119140625e-06,1
6158,0.68896484375,2C,0.6875,2D,0.703125,0.01416015625,0.020552799433026223,0.00020051002502441406,0
6159,-0.718505859375,D2,-0.71875,D2,-0.71875,0.000244140625,0.0003397893306150187,5.960464477539063e-08,1
6160,-0.63134765625,D8,-0.625,D7,-0.640625,0.00927734375,0.014694508894044857,8.606910705566406e-05,0
6161,0.06591796875,04,0.0625,05,0.078125,0.01220703125,0.18518518518518517,0.00014901161193847656,0
6162,1.0830078125,43,1.09375,42,1.0625,0.0205078125,0.018935978358881875,0.00042057037353515625,0
6163,0.490478515625,1F,0.484375,20,0.5,0.009521484375,0.019412643106022896,9.065866470336914e-05,0
6164,-0.504150390625,E0,-0.5,DF,-0.515625,0.011474609375,0.022760290556900726,0.0001316666603088379,0
6165,0.21240234375,0E,0.21875,0C,0.1875,0.02490234375,0.11724137931034483,0.0006201267242431641,0
6166,-1.470703125,B1,-1.46875,B1,-1.46875,0.001953125,0.0013280212483399733,3.814697265625e-06,1
6167,1.474365234375,4F,1.46875,4F,1.46875,0.005615234375,0.0038085775790693823,3.153085708618164e-05,1
6168,-1.17431640625,BA,-1.1875,BA,-1.1875,0.01318359375,0.011226611226611227,0.00017380714416503906,1
6169,-0.647216796875,D7,-0.640625,D6,-0.65625,0.009033203125,0.013956997359486986,8.159875869750977e-05,0
6170,0.72216796875,2E,0.71875,2F,0.734375,0.01220703125,0.016903313049357674,0.00014901161193847656,0
6171,1.5029296875,50,1.5,50,1.5,0.0029296875,0.001949317738791423,8.58306884765625e-06,1
6172,-1.12158203125,BC,-1.125,BC,-1.125,0.00341796875,0.0030474531998258597,1.1682510375976562e-05,1
6173,-0.025390625,FE,-0.03125,FE,-0.03125,0.005859375,0.23076923076923078,3.4332275390625e-05,1
6174,0.036865234375,02,0.03125,03,0.046875,0.010009765625,0.271523178807947,0.00010019540786743164,0
6175,-0.91796875,C5,-0.921875,C6,-0.90625,0.01171875,0.01276595744680851,0.0001373291015625,0
6176,0.57568359375,25,0.578125,25,0.578125,0.00244140625,0.004240882103477523,5.9604644775390625e-06,1
6177,-1.0693359375,BE,-1.0625,BE,-1.0625,0.0068359375,0.006392694063926941,4.673004150390625e-05,1
6178,0.886962890625,39,0.890625,3A,0.90625,0.019287109375,0.021745114230663363,0.0003719925880432129,0
6179,0.68115234375,2C,0.6875,2C,0.6875,0.00634765625,0.00931899641577061,4.029273986816406e-05,1
6180,1.11279296875,44,1.125,44,1.125,0.01220703125,0.010969723562966213,0.00014901161193847656,1
6181,1.9619140625,5F,1.96875,5F,1.96875,0.0068359375,0.003484320557491289,4.673004150390625e-05,1
6182,-0.162109375,F6,-0.15625,F6,-0.15625,0.005859375,0.03614457831325301,3.4332275390625e-05,1
6183,-0.087158203125,FA,-0.09375,FB,-0.078125,0.009033203125,0.10364145658263306,8.159875869750977e-05,0
6184,0.773193359375,31,0.765625,32,0.78125,0.008056640625,0.010419955794126934,6.490945816040039e-05,0
6185,1.726318359375,57,1.71875,58,1.75,0.023681640625,0.013718003111299676,0.0005608201026916504,0
6186,-0.076416015625,FB,-0.078125,FB,-0.078125,0.001708984375,0.022364217252396165,2.9206275939941406e-06,1
6187,-1.30419921875,B6,-1.3125,B6,-1.3125,0.00830078125,0.00636465743167353,6.890296936035156e-05,1
6188,-0.68408203125,D4,-0.6875,D5,-0.671875,0.01220703125,0.017844396859386154,0.00014901161193847656,0
6189,-0.283935546875,EE,-0.28125,EE,-0.28125,0.002685546875,0.009458297506448839,7.212162017822266e-06,1
6190,0.591796875,26,0.59375,25,0.578125,0.013671875,0.0231023102310231,0.000186920166015625,0
6191,0.101806640625,07,0.109375,07,0.109375,0.007568359375,0.07434052757793765,5.728006362915039e-05,1
6192,-0.4931640625,E0,-0.5,E1,-0.484375,0.0087890625,0.01782178217821782,7.724761962890625e-05,0
6193,0.900146484375,3A,0.90625,39,0.890625,0.009521484375,0.010577705451586655,9.065866470336914e-05,0
6194,-0.299072265625,ED,-0.296875,ED,-0.296875,0.002197265625,0.007346938775510204,4.827976226806641e-06,1
6195,-1.1494140625,BB,-1.15625,BC,-1.125,0.0244140625,0.021240441801189464,0.0005960464477539062,0
6196,0.377685546875,18,0.375,18,0.375,0.002685546875,0.007110536522301228,7.212162017822266e-06,1
6197,-0.459228515625,E3,-0.453125,E2,-0.46875,0.009521484375,0.02073365231259968,9.065866470336914e-05,0
6198,1.360107421875,4C,1.375,4C,1.375,0.014892578125,0.010949560222581225,0.00022178888320922852,1
6199,-1.060546875,BE,-1.0625,BE,-1.0625,0.001953125,0.001841620626151013,3.814697265625e-06,1
6200,0.133544921875,09,0.140625,08,0.125,0.008544921875,0.06398537477148081,7.301568984985352e-05,0
6201,-1.4326171875,B2,-1.4375,B2,-1.4375,0.0048828125,0.0034083162917518746,2.384185791015625e-05,1
6202,-0.550048828125,DD,-0.546875,DD,-0.546875,0.003173828125,0.005770084332001775,1.0073184967041016e-05,1
6203,2.03173828125,60,2.0,60,2.0,0.03173828125,0.015621244893054553,0.0010073184967041016,1
6204,-0.045166015625,FD,-0.046875,FD,-0.046875,0.001708984375,0.03783783783783784,2.9206275939941406e-06,1
6205,-0.490478515625,E1,-0.484375,E0,-0.5,0.009521484375,0.019412643106022896,9.065866470336914e-05,0
6206,0.061279296875,04,0.0625,05,0.078125,0.016845703125,0.2749003984063745,0.00028377771377563477,0
6207,-0.244140625,F0,-0.25,F0,-0.25,0.005859375,0.024,3.4332275390625e-05,1
6208,-0.669921875,D5,-0.671875,D6,-0.65625,0.013671875,0.02040816326530612,0.000186920166015625,0
6209,0.591796875,26,0.59375,26,0.59375,0.001953125,0.0033003300330033004,3.814697265625e-06,1
6210,-0.4189453125,E5,-0.421875,E5,-0.421875,0.0029296875,0.006993006993006993,8.58306884765625e-06,1
6211,0.037353515625,02,0.03125,03,0.046875,0.009521484375,0.2549019607843137,9.065866470336914e-05,0
6212,0.461181640625,1E,0.46875,1E,0.46875,0.007568359375,0.01641079936474325,5.728006362915039e-05,1
6213,-1.373046875,B4,-1.375,B4,-1.375,0.001953125,0.001422475106685633,3.814697265625e-06,1
6214,1.8388671875,5B,1.84375,5B,1.84375,0.0048828125,0.0026553372278279343,2.384185791015625e-05,1
6215,-1.549072265625,AE,-1.5625,AE,-1.5625,0.013427734375,0.008668242710795903,0.00018030405044555664,1
6216,0.001953125,01,0.015625,01,0.015625,0.013671875,7.0,0.000186920166015625,1
6217,0.01513671875,01,0.015625,00,0.0,0.01513671875,1.0,0.00022912025451660156,0
6218,-0.4521484375,E3,-0.453125,E2,-0.46875,0.0166015625,0.0367170626349892,0.00027561187744140625,0
6219,-0.625732421875,D8,-0.625,D8,-0.625,0.000732421875,0.0011705033164260631,5.364418029785156e-07,1
6220,0.79638671875,33,0.796875,32,0.78125,0.01513671875,0.01900674432863274,0.00022912025451660156,0
6221,-0.779296875,CE,-0.78125,CC,-0.8125,0.033203125,0.042606516290726815,0.001102447509765625,0
6222,1.34228515625,4B,1.34375,4A,1.3125,0.02978515625,0.022189887231720627,0.0008871555328369141,0
6223,0.768310546875,31,0.765625,32,0.78125,0.012939453125,0.016841436288528758,0.00016742944717407227,0
6224,-0.6630859375,D6,-0.65625,D6,-0.65625,0.0068359375,0.010309278350515464,4.673004150390625e-05,1
6225,-1.177001953125,BA,-1.1875,BB,-1.15625,0.020751953125,0.01763119684712715,0.00043064355850219727,0
6226,0.03759765625,02,0.03125,03,0.046875,0.00927734375,0.24675324675324675,8.606910705566406e-05,0
6227,-0.59716796875,DA,-0.59375,D9,-0.609375,0.01220703125,0.02044153720359771,0.00014901161193847656,0
6228,-1.355712890625,B5,-1.34375,B5,-1.34375,0.011962890625,0.0088240590671709,0.0001431107521057129,1
6229,-0.62841796875,D8,-0.625,D8,-0.625,0.00341796875,0.005439005439005439,1.1682510375976562e-05,1
6230,2.755615234375,66,2.75,66,2.75,0.005615234375,0.002037742535660494,3.153085708618164e-05,1
6231,-0.944580078125,C4,-0.9375,C4,-0.9375,0.007080078125,0.007495476867407599,5.0127506256103516e-05,1
6232,-1.097412109375,BD,-1.09375,BC,-1.125,0.027587890625,0.02513904338153504,0.0007610917091369629,0
6233,-0.526123046875,DE,-0.53125,DF,-0.515625,0.010498046875,0.019953596287703015,0.00011020898818969727,0
6234,0.0517578125,03,0.046875,05,0.078125,0.0263671875,0.5094339622641509,0.0006952285766601562,0
6235,0.57470703125,25,0.578125,24,0.5625,0.01220703125,0.021240441801189464,0.00014901161193847656,0
6236,1.39501953125,4D,1.40625,4C,1.375,0.02001953125,0.014350717535876793,0.00040078163146972656,0
6237,1.20849609375,47,1.21875,46,1.1875,0.02099609375,0.017373737373737375,0.00044083595275878906,0
6238,-0.683349609375,D4,-0.6875,D4,-0.6875,0.004150390625,0.006073597713469096,1.722574234008789e-05,1
6239,0.180908203125,0C,0.1875,0B,0.171875,0.009033203125,0.04993252361673414,8.159875869750977e-05,0
6240,1.0185546875,41,1.03125,40,1.0,0.0185546875,0.01821668264621285,0.00034427642822265625,0
6241,-2.0849609375,9F,-2.125,9F,-2.125,0.0400390625,0.01920374707259953,0.0016031265258789062,1
6242,0.672119140625,2B,0.671875,2B,0.671875,0.000244140625,0.0003632401017072285,5.960464477539063e-08,1
6243,0.130126953125,08,0.125,08,0.125,0.005126953125,0.039399624765478425,2.6285648345947266e-05,1
6244,0.082275390625,05,0.078125,04,0.0625,0.019775390625,0.2403560830860534,0.0003910660743713379,0
6245,1.231689453125,47,1.21875,48,1.25,0.018310546875,0.014866204162537165,0.00033527612686157227,0
6246,1.760498046875,58,1.75,58,1.75,0.010498046875,0.005963111912356122,0.00011020898818969727,1
6247,-1.245361328125,B8,-1.25,B8,-1.25,0.004638671875,0.003724759851009606,2.1517276763916016e-05,1
6248,0.50146484375,20,0.5,21,0.515625,0.01416015625,0.028237585199610515,0.00020051002502441406,0
6249,-0.44091796875,E4,-0.4375,E4,-0.4375,0.00341796875,0.007751937984496124,1.1682510375976562e-05,1
6250,0.38916015625,19,0.390625,1A,0.40625,0.01708984375,0.043914680050188205,0.00029206275939941406,0
6251,0.035888671875,02,0.03125,02,0.03125,0.004638671875,0.1292517006802721,2.1517276763916016e-05,1
6252,0.625244140625,28,0.625,29,0.640625,0.015380859375,0.024599765716516987,0.0002365708351135254,0
6253,-0.0146484375,FF,-0.015625,FF,-0.015625,0.0009765625,0.06666666666666667,9.5367431640625e-07,1
6254,-0.565185546875,DC,-0.5625,DB,-0.578125,0.012939453125,0.022894168466522678,0.00016742944717407227,0
6255,1.5400390625,51,1.53125,52,1.5625,0.0224609375,0.014584654407102092,0.0005044937133789062,0
6256,0.33203125,15,0.328125,15,0.328125,0.00390625,0.011764705882352941,1.52587890625e-05,1
6257,0.00048828125,01,0.015625,00,0.0,0.00048828125,1.0,2.384185791015625e-07,0
6258,-0.41015625,E6,-0.40625,E6,-0.40625,0.00390625,0.009523809523809525,1.52587890625e-05,1
6259,2.04736328125,60,2.0,60,2.0,0.04736328125,0.02313379441927021,0.0022432804107666016,1
6260,0.18896484375,0C,0.1875,0D,0.203125,0.01416015625,0.07493540051679587,0.00020051002502441406,0
6261,0.7236328125,2E,0.71875,2F,0.734375,0.0107421875,0.014844804318488529,0.00011539459228515625,0
6262,1.2958984375,49,1.28125,4A,1.3125,0.0166015625,0.01281085154483798,0.00027561187744140625,0
6263,0.638671875,29,0.640625,2A,0.65625,0.017578125,0.027522935779816515,0.000308990478515625,0
6264,-1.20263671875,BA,-1.1875,B8,-1.25,0.04736328125,0.03938286642306131,0.0022432804107666016,0
6265,0.386474609375,19,0.390625,19,0.390625,0.004150390625,0.010739102969046115,1.722574234008789e-05,1
6266,1.6796875,56,1.6875,56,1.6875,0.0078125,0.004651162790697674,6.103515625e-05,1
6267,1.103271484375,43,1.09375,43,1.09375,0.009521484375,0.00863022792653242,9.065866470336914e-05,1
6268,-1.60302734375,AD,-1.59375,AC,-1.625,0.02197265625,0.01370697532744441,0.00048279762268066406,0
6269,2.266845703125,62,2.25,62,2.25,0.016845703125,0.007431340872374798,0.00028377771377563477,1
6270,0.10791015625,07,0.109375,06,0.09375,0.01416015625,0.13122171945701358,0.00020051002502441406,0
6271,-0.989990234375,C1,-0.984375,BF,-1.03125,0.041259765625,0.041676942046855736,0.0017023682594299316,0
6272,0.203369140625,0D,0.203125,0D,0.203125,0.000244140625,0.0012004801920768306,5.960464477539063e-08,1
6273,0.119140625,08,0.125,06,0.09375,0.025390625,0.21311475409836064,0.000644683837890625,0
6274,0.079833984375,05,0.078125,05,0.078125,0.001708984375,0.021406727828746176,2.9206275939941406e-06,1
6275,0.03955078125,03,0.046875,02,0.03125,0.00830078125,0.20987654320987653,6.890296936035156e-05,0
6276,0.28369140625,12,0.28125,12,0.28125,0.00244140625,0.008605851979345954,5.9604644775390625e-06,1
6277,2.509765625,64,2.5,64,2.5,0.009765625,0.0038910505836575876,9.5367431640625e-05,1
6278,-1.314453125,B6,-1.3125,B7,-1.28125,0.033203125,0.02526002971768202,0.001102447509765625,0
6279,-1.0166015625,BF,-1.03125,C0,-1.0,0.0166015625,0.01633045148895293,0.00027561187744140625,0
6280,-1.24267578125,B8,-1.25,B8,-1.25,0.00732421875,0.005893909626719057,5.364418029785156e-05,1
6281,0.616455078125,27,0.609375,28,0.625,0.008544921875,0.013861386138613862,7.301568984985352e-05,0
6282,0.1484375,0A,0.15625,09,0.140625,0.0078125,0.05263157894736842,6.103515625e-05,0
6283,-0.502685546875,E0,-0.5,E1,-0.484375,0.018310546875,0.036425449247207385,0.00033527612686157227,0
6284,0.62939453125,28,0.625,29,0.640625,0.01123046875,0.017843289371605897,0.00012612342834472656,0
6285,-1.326904296875,B6,-1.3125,B6,-1.3125,0.014404296875,0.010855565777368905,0.00020748376846313477,1
6286,0.695556640625,2D,0.703125,2C,0.6875,0.008056640625,0.011583011583011582,6.490945816040039e-05,0
6287,-0.27978515625,EE,-0.28125,F0,-0.25,0.02978515625,0.10645724258289703,0.0008871555328369141,0
6288,-0.386474609375,E7,-0.390625,E7,-0.390625,0.004150390625,0.010739102969046115,1.722574234008789e-05,1
6289,-0.1279296875,F8,-0.125,F8,-0.125,0.0029296875,0.022900763358778626,8.58306884765625e-06,1
6290,-0.159423828125,F6,-0.15625,F6,-0.15625,0.003173828125,0.019908116385911178,1.0073184967041016e-05,1
6291,-0.539306640625,DD,-0.546875,DF,-0.515625,0.023681640625,0.04391127206880942,0.0005608201026916504,0
6292,-1.1572265625,BB,-1.15625,BA,-1.1875,0.0302734375,0.026160337552742614,0.0009164810180664062,0
6293,0.25732421875,10,0.25,10,0.25,0.00732421875,0.028462998102466792,5.364418029785156e-05,1
6294,0.017333984375,01,0.015625,01,0.015625,0.001708984375,0.09859154929577464,2.9206275939941406e-06,1
6295,0.495849609375,20,0.5,20,0.5,0.004150390625,0.008370260955194485,1.722574234008789e-05,1
6296,1.51025390625,50,1.5,50,1.5,0.01025390625,0.006789524733268671,0.00010514259338378906,1
6297,-1.57373046875,AE,-1.5625,AE,-1.5625,0.01123046875,0.007136208501396215,0.00012612342834472656,1
6298,0.780517578125,32,0.78125,31,0.765625,0.014892578125,0.019080387863622147,0.00022178888320922852,0
6299,-1.334228515625,B5,-1.34375,B6,-1.3125,0.021728515625,0.016285452881976213,0.00047212839126586914,0
6300,-1.1416015625,BB,-1.15625,BB,-1.15625,0.0146484375,0.01283147989734816,0.00021457672119140625,1
6301,1.760986328125,58,1.75,58,1.75,0.010986328125,0.00623873561624844,0.00012069940567016602,1
6302,1.152587890625,45,1.15625,45,1.15625,0.003662109375,0.003177292946409659,1.341104507446289e-05,1
6303,-0.03564453125,FE,-0.03125,FE,-0.03125,0.00439453125,0.1232876712328767,1.9311904907226562e-05,1
6304,0.21728515625,0E,0.21875,0E,0.21875,0.00146484375,0.006741573033707865,2.1457672119140625e-06,1
6305,-0.505615234375,E0,-0.5,E0,-0.5,0.005615234375,0.01110574601641719,3.153085708618164e-05,1
6306,-0.357666015625,E9,-0.359375,E9,-0.359375,0.001708984375,0.00477815699658703,2.9206275939941406e-06,1
6307,0.0234375,02,0.03125,02,0.03125,0.0078125,0.3333333333333333,6.103515625e-05,1
6308,0.286865234375,12,0.28125,13,0.296875,0.010009765625,0.03489361702127659,0.00010019540786743164,0
6309,-0.107177734375,F9,-0.109375,F9,-0.109375,0.002197265625,0.02050113895216401,4.827976226806641e-06,1
6310,-0.271240234375,EF,-0.265625,EF,-0.265625,0.005615234375,0.020702070207020702,3.153085708618164e-05,1
6311,0.5478515625,23,0.546875,23,0.546875,0.0009765625,0.0017825311942959,9.5367431640625e-07,1
6312,0.73486328125,2F,0.734375,2E,0.71875,0.01611328125,0.021926910299003323,0.00025963783264160156,0
6313,-0.2041015625,F3,-0.203125,F2,-0.21875,0.0146484375,0.07177033492822966,0.00021457672119140625,0
6314,-1.0810546875,BD,-1.09375,BE,-1.0625,0.0185546875,0.017163504968383016,0.00034427642822265625,0
6315,-1.048583984375,BE,-1.0625,BF,-1.03125,0.017333984375,0.016530849825378346,0.00030046701431274414,0
6316,-0.14013671875,F7,-0.140625,F7,-0.140625,0.00048828125,0.003484320557491289,2.384185791015625e-07,1
6317,-0.52880859375,DE,-0.53125,DF,-0.515625,0.01318359375,0.024930747922437674,0.00017380714416503906,0
6318,0.880859375,38,0.875,39,0.890625,0.009765625,0.011086474501108648,9.5367431640625e-05,0
6319,0.829345703125,35,0.828125,35,0.828125,0.001220703125,0.0014718869590815426,1.4901161193847656e-06,1
6320,0.1513671875,0A,0.15625,09,0.140625,0.0107421875,0.07096774193548387,0.00011539459228515625,0
6321,0.344970703125,16,0.34375,17,0.359375,0.014404296875,0.04175513092710545,0.00020748376846313477,0
6322,-0.352294921875,E9,-0.359375,E9,-0.359375,0.007080078125,0.020097020097020097,5.0127506256103516e-05,1
6323,1.001708984375,40,1.0,40,1.0,0.001708984375,0.0017060687301974165,2.9206275939941406e-06,1
6324,0.3232421875,15,0.328125,16,0.34375,0.0205078125,0.0634441087613293,0.00042057037353515625,0
6325,-0.31640625,EC,-0.3125,EB,-0.328125,0.01171875,0.037037037037037035,0.0001373291015625,0
6326,-0.991455078125,C1,-0.984375,C1,-0.984375,0.007080078125,0.007141098251662152,5.0127506256103516e-05,1
6327,0.053466796875,03,0.046875,03,0.046875,0.006591796875,0.1232876712328767,4.3451786041259766e-05,1
6328,1.680908203125,56,1.6875,56,1.6875,0.006591796875,0.00392156862745098,4.3451786041259766e-05,1
6329,0.312744140625,14,0.3125,14,0.3125,0.000244140625,0.00078064012490242,5.960464477539063e-08,1
6330,0.0546875,04,0.0625,03,0.046875,0.0078125,0.14285714285714285,6.103515625e-05,0
6331,-0.7216796875,D2,-0.71875,D2,-0.71875,0.0029296875,0.0040595399188092015,8.58306884765625e-06,1
6332,-0.631103515625,D8,-0.625,D8,-0.625,0.006103515625,0.009671179883945842,3.725290298461914e-05,1
6333,-0.880126953125,C8,-0.875,C8,-0.875,0.005126953125,0.005825242718446602,2.6285648345947266e-05,1
6334,0.41552734375,1B,0.421875,1B,0.421875,0.00634765625,0.01527614571092832,4.029273986816406e-05,1
6335,-0.8359375,CA,-0.84375,CB,-0.828125,0.0078125,0.009345794392523364,6.103515625e-05,0
6336,-0.375244140625,E8,-0.375,E7,-0.390625,0.015380859375,0.04098893949251789,0.0002365708351135254,0
6337,-0.9580078125,C3,-0.953125,C2,-0.96875,0.0107421875,0.011213047910295617,0.00011539459228515625,0
6338,-0.329833984375,EB,-0.328125,EB,-0.328125,0.001708984375,0.0051813471502590676,2.9206275939941406e-06,1
6339,-1.409423828125,B3,-1.40625,B3,-1.40625,0.003173828125,0.0022518621167503896,1.0073184967041016e-05,1
6340,1.143310546875,45,1.15625,45,1.15625,0.012939453125,0.011317531496903694,0.00016742944717407227,1
6341,-0.876953125,C8,-0.875,C8,-0.875,0.001953125,0.0022271714922048997,3.814697265625e-06,1
6342,-0.869140625,C8,-0.875,C8,-0.875,0.005859375,0.006741573033707865,3.4332275390625e-05,1
6343,0.566162109375,24,0.5625,24,0.5625,0.003662109375,0.00646830530401035,1.341104507446289e-05,1
6344,-0.958740234375,C3,-0.953125,C3,-0.953125,0.005615234375,0.005856888209829387,3.153085708618164e-05,1
6345,-0.922119140625,C5,-0.921875,C4,-0.9375,0.015380859375,0.016679904686258934,0.0002365708351135254,0
6346,0.0625,04,0.0625,04,0.0625,0.0,0.0,0.0,1
6347,-0.9794921875,C1,-0.984375,C1,-0.984375,0.0048828125,0.004985044865403789,2.384185791015625e-05,1
6348,-0.404052734375,E6,-0.40625,E6,-0.40625,0.002197265625,0.005438066465256798,4.827976226806641e-06,1
6349,0.399658203125,1A,0.40625,1A,0.40625,0.006591796875,0.016493585827733658,4.3451786041259766e-05,1
6350,-0.7236328125,D2,-0.71875,D1,-0.734375,0.0107421875,0.014844804318488529,0.00011539459228515625,0
6351,2.232421875,62,2.25,62,2.25,0.017578125,0.007874015748031496,0.000308990478515625,1
6352,-1.208984375,B9,-1.21875,BA,-1.1875,0.021484375,0.017770597738287562,0.000461578369140625,0
6353,-0.2802734375,EE,-0.28125,EE,-0.28125,0.0009765625,0.003484320557491289,9.5367431640625e-07,1
6354,-0.743408203125,D0,-0.75,D1,-0.734375,0.009033203125,0.012151067323481117,8.159875869750977e-05,0
6355,0.159912109375,0A,0.15625,09,0.140625,0.019287109375,0.12061068702290076,0.0003719925880432129,0
6356,0.6083984375,27,0.609375,27,0.609375,0.0009765625,0.0016051364365971107,9.5367431640625e-07,1
6357,-0.431884765625,E4,-0.4375,E3,-0.453125,0.021240234375,0.04918032786885246,0.00045114755630493164,0
6358,0.223876953125,0E,0.21875,0E,0.21875,0.005126953125,0.022900763358778626,2.6285648345947266e-05,1
6359,1.748291015625,58,1.75,58,1.75,0.001708984375,0.0009775171065493646,2.9206275939941406e-06,1
6360,-0.64599609375,D7,-0.640625,D7,-0.640625,0.00537109375,0.008314436885865457,2.8848648071289062e-05,1
6361,-1.64501953125,AB,-1.65625,AB,-1.65625,0.01123046875,0.00682695161769071,0.00012612342834472656,1
6362,0.8779296875,38,0.875,38,0.875,0.0029296875,0.0033370411568409346,8.58306884765625e-06,1
6363,0.938720703125,3C,0.9375,3B,0.921875,0.016845703125,0.017945383615084524,0.00028377771377563477,0
6364,-1.4873046875,B0,-1.5,B0,-1.5,0.0126953125,0.008535784635587657,0.00016117095947265625,1
6365,-1.612548828125,AC,-1.625,AC,-1.625,0.012451171875,0.007721423164269493,0.00015503168106079102,1
6366,0.295166015625,13,0.296875,13,0.296875,0.001708984375,0.005789909015715467,2.9206275939941406e-06,1
6367,-0.728271484375,D1,-0.734375,D1,-0.734375,0.006103515625,0.008380824673147838,3.725290298461914e-05,1
6368,0.5830078125,25,0.578125,25,0.578125,0.0048828125,0.008375209380234505,2.384185791015625e-05,1
6369,0.08154296875,05,0.078125,05,0.078125,0.00341796875,0.041916167664670656,1.1682510375976562e-05,1
6370,0.04736328125,03,0.046875,03,0.046875,0.00048828125,0.010309278350515464,2.384185791015625e-07,1
6371,1.009765625,40,1.0,40,1.0,0.009765625,0.009671179883945842,9.5367431640625e-05,1
6372,-0.698974609375,D3,-0.703125,D3,-0.703125,0.004150390625,0.005937827453719874,1.722574234008789e-05,1
6373,0.534912109375,22,0.53125,23,0.546875,0.011962890625,0.022364217252396165,0.0001431107521057129,0
6374,-1.88134765625,A4,-1.875,A3,-1.90625,0.02490234375,0.013236439138333765,0.0006201267242431641,0
6375,-2.06787109375,9F,-2.125,A0,-2.0,0.06787109375,0.03282172373081464,0.004606485366821289,0
6376,-0.354248046875,E9,-0.359375,E9,-0.359375,0.005126953125,0.014472777394900068,2.6285648345947266e-05,1
6377,-0.90087890625,C6,-0.90625,C7,-0.890625,0.01025390625,0.011382113821138212,0.00010514259338378906,0
6378,-0.282958984375,EE,-0.28125,EF,-0.265625,0.017333984375,0.061259706643658325,0.00030046701431274414,0
6379,0.895751953125,39,0.890625,3A,0.90625,0.010498046875,0.01171981466339602,0.00011020898818969727,0
6380,-0.777099609375,CE,-0.78125,CE,-0.78125,0.004150390625,0.0053408733898837575,1.722574234008789e-05,1
6381,-0.024169921875,FE,-0.03125,FF,-0.015625,0.008544921875,0.35353535353535354,7.301568984985352e-05,0
6382,-1.044677734375,BF,-1.03125,C0,-1.0,0.044677734375,0.04276700163589624,0.0019960999488830566,0
6383,-0.867919921875,C8,-0.875,C9,-0.859375,0.008544921875,0.009845288326300985,7.301568984985352e-05,0
6384,0.1962890625,0D,0.203125,0D,0.203125,0.0068359375,0.03482587064676617,4.673004150390625e-05,1
6385,0.492919921875,20,0.5,1F,0.484375,0.008544921875,0.01733531451213472,7.301568984985352e-05,0
6386,-0.690185546875,D4,-0.6875,D3,-0.703125,0.012939453125,0.01874778917580474,0.00016742944717407227,0
6387,0.454833984375,1D,0.453125,1D,0.453125,0.001708984375,0.003757380568974772,2.9206275939941406e-06,1
6388,0.88037109375,38,0.875,38,0.875,0.00537109375,0.006100942872989462,2.8848648071289062e-05,1
6389,-1.590576171875,AD,-1.59375,AE,-1.5625,0.028076171875,0.017651573292402148,0.000788271427154541,0
6390,-0.579833984375,DB,-0.578125,DB,-0.578125,0.001708984375,0.0029473684210526317,2.9206275939941406e-06,1
6391,-0.045654296875,FD,-0.046875,FD,-0.046875,0.001220703125,0.026737967914438502,1.4901161193847656e-06,1
6392,0.366455078125,17,0.359375,18,0.375,0.008544921875,0.023317788141239172,7.301568984985352e-05,0
6393,0.017578125,01,0.015625,01,0.015625,0.001953125,0.1111111111111111,3.814697265625e-06,1
6394,0.58935546875,26,0.59375,26,0.59375,0.00439453125,0.007456503728251864,1.9311904907226562e-05,1
6395,-0.353759765625,E9,-0.359375,E9,-0.359375,0.005615234375,0.015873015873015872,3.153085708618164e-05,1
6396,-0.717041015625,D2,-0.71875,D2,-0.71875,0.001708984375,0.002383384405856316,2.9206275939941406e-06,1
6397,1.02099609375,41,1.03125,41,1.03125,0.01025390625,0.010043041606886656,0.00010514259338378906,1
6398,2.0498046875,60,2.0,60,2.0,0.0498046875,0.02429728442115293,0.0024805068969726562,1
6399,-0.545166015625,DD,-0.546875,DE,-0.53125,0.013916015625,0.025526197939991044,0.00019365549087524414,0
6400,0.89208984375,39,0.890625,39,0.890625,0.00146484375,0.0016420361247947454,2.1457672119140625e-06,1
6401,-0.8486328125,CA,-0.84375,CA,-0.84375,0.0048828125,0.005753739930955121,2.384185791015625e-05,1
6402,0.208251953125,0D,0.203125,0E,0.21875,0.010498046875,0.05041031652989449,0.00011020898818969727,0
6403,1.2744140625,49,1.28125,48,1.25,0.0244140625,0.019157088122605363,0.0005960464477539062,0
6404,1.48876953125,50,1.5,50,1.5,0.01123046875,0.00754345687110528,0.00012612342834472656,1
6405,-0.091796875,FA,-0.09375,FB,-0.078125,0.013671875,0.14893617021276595,0.000186920166015625,0
6406,0.63720703125,29,0.640625,29,0.640625,0.00341796875,0.0053639846743295016,1.1682510375976562e-05,1
6407,-0.3466796875,EA,-0.34375,E9,-0.359375,0.0126953125,0.036619718309859155,0.00016117095947265625,0
6408,0.32861328125,15,0.328125,16,0.34375,0.01513671875,0.04606240713224369,0.00022912025451660156,0
6409,0.8388671875,36,0.84375,36,0.84375,0.0048828125,0.005820721769499418,2.384185791015625e-05,1
6410,0.856689453125,37,0.859375,37,0.859375,0.002685546875,0.003134796238244514,7.212162017822266e-06,1
6411,0.99951171875,40,1.0,40,1.0,0.00048828125,0.0004885197850512946,2.384185791015625e-07,1
6412,0.634521484375,29,0.640625,29,0.640625,0.006103515625,0.009619084263178146,3.725290298461914e-05,1
6413,-0.544189453125,DD,-0.546875,DC,-0.5625,0.018310546875,0.033647375504710635,0.00033527612686157227,0
6414,-0.340576171875,EA,-0.34375,EB,-0.328125,0.012451171875,0.03655913978494624,0.00015503168106079102,0
6415,1.78955078125,59,1.78125,59,1.78125,0.00830078125,0.004638472032742156,6.890296936035156e-05,1
6416,-0.50341796875,E0,-0.5,DF,-0.515625,0.01220703125,0.02424830261881668,0.00014901161193847656,0
6417,-0.770751953125,CF,-0.765625,CE,-0.78125,0.010498046875,0.013620525815647768,0.00011020898818969727,0
6418,-0.916015625,C5,-0.921875,C5,-0.921875,0.005859375,0.006396588486140725,3.4332275390625e-05,1
6419,0.7216796875,2E,0.71875,2F,0.734375,0.0126953125,0.017591339648173207,0.00016117095947265625,0
6420,-0.995361328125,C0,-1.0,C0,-1.0,0.004638671875,0.004660289428501349,2.1517276763916016e-05,1
6421,-0.430419921875,E4,-0.4375,E5,-0.421875,0.008544921875,0.019852524106636415,7.301568984985352e-05,0
6422,-0.402099609375,E6,-0.40625,E6,-0.40625,0.004150390625,0.010321797207043109,1.722574234008789e-05,1
6423,-1.63916015625,AC,-1.625,AC,-1.625,0.01416015625,0.008638665475126601,0.00020051002502441406,1
6424,0.4130859375,1A,0.40625,1A,0.40625,0.0068359375,0.016548463356973995,4.673004150390625e-05,1
6425,-0.412841796875,E6,-0.40625,E6,-0.40625,0.006591796875,0.01596688350088705,4.3451786041259766e-05,1
6426,-0.51953125,DF,-0.515625,DF,-0.515625,0.00390625,0.007518796992481203,1.52587890625e-05,1
6427,1.244873046875,48,1.25,48,1.25,0.005126953125,0.0041184545989409686,2.6285648345947266e-05,1
6428,-0.7978515625,CD,-0.796875,CD,-0.796875,0.0009765625,0.0012239902080783353,9.5367431640625e-07,1
6429,-1.147705078125,BB,-1.15625,BB,-1.15625,0.008544921875,0.007445224420336099,7.301568984985352e-05,1
6430,0.006591796875,01,0.015625,00,0.0,0.006591796875,1.0,4.3451786041259766e-05,0
6431,0.823974609375,35,0.828125,35,0.828125,0.004150390625,0.005037037037037037,1.722574234008789e-05,1
6432,1.16552734375,45,1.15625,46,1.1875,0.02197265625,0.018852115626309174,0.00048279762268066406,0
6433,-0.37548828125,E8,-0.375,E8,-0.375,0.00048828125,0.0013003901170351106,2.384185791015625e-07,1
6434,-1.630859375,AC,-1.625,AC,-1.625,0.005859375,0.003592814371257485,3.4332275390625e-05,1
6435,0.208984375,0D,0.203125,0D,0.203125,0.005859375,0.028037383177570093,3.4332275390625e-05,1
6436,0.808349609375,34,0.8125,35,0.828125,0.019775390625,0.02446390818483842,0.0003910660743713379,0
6437,-0.4267578125,E5,-0.421875,E4,-0.4375,0.0107421875,0.02517162471395881,0.00011539459228515625,0
6438,0.877685546875,38,0.875,38,0.875,0.002685546875,0.00305980528511822,7.212162017822266e-06,1
6439,0.298828125,13,0.296875,14,0.3125,0.013671875,0.0457516339869281,0.000186920166015625,0
6440,0.748291015625,30,0.75,2F,0.734375,0.013916015625,0.018597063621533443,0.00019365549087524414,0
6441,0.7421875,30,0.75,30,0.75,0.0078125,0.010526315789473684,6.103515625e-05,1
6442,-0.77783203125,CE,-0.78125,CE,-0.78125,0.00341796875,0.004394224733207784,1.1682510375976562e-05,1
6443,0.461181640625,1E,0.46875,1C,0.4375,0.023681640625,0.0513499205929063,0.0005608201026916504,0
6444,-0.50341796875,E0,-0.5,E0,-0.5,0.00341796875,0.006789524733268671,1.1682510375976562e-05,1
6445,0.822265625,35,0.828125,35,0.828125,0.005859375,0.007125890736342043,3.4332275390625e-05,1
6446,-0.440673828125,E4,-0.4375,E3,-0.453125,0.012451171875,0.028254847645429362,0.00015503168106079102,0
6447,0.93115234375,3C,0.9375,3B,0.921875,0.00927734375,0.009963293130571578,8.606910705566406e-05,0
6448,-1.371826171875,B4,-1.375,B4,-1.375,0.003173828125,0.0023135789286349885,1.0073184967041016e-05,1
6449,-0.051025390625,FD,-0.046875,FD,-0.046875,0.004150390625,0.08133971291866028,1.722574234008789e-05,1
6450,-1.705810546875,A9,-1.71875,AA,-1.6875,0.018310546875,0.010734220695577501,0.00033527612686157227,0
6451,0.263671875,11,0.265625,11,0.265625,0.001953125,0.007407407407407408,3.814697265625e-06,1
6452,0.16552734375,0B,0.171875,0A,0.15625,0.00927734375,0.05604719764011799,8.606910705566406e-05,0
6453,-0.40771484375,E6,-0.40625,E5,-0.421875,0.01416015625,0.03473053892215569,0.00020051002502441406,0
6454,-0.523193359375,DF,-0.515625,DF,-0.515625,0.007568359375,0.014465702286514233,5.728006362915039e-05,1
6455,-0.28173828125,EE,-0.28125,ED,-0.296875,0.01513671875,0.053726169844020795,0.00022912025451660156,0
6456,1.080322265625,43,1.09375,42,1.0625,0.017822265625,0.016497175141242937,0.00031763315200805664,0
6457,-0.18359375,F4,-0.1875,F4,-0.1875,0.00390625,0.02127659574468085,1.52587890625e-05,1
6458,0.5751953125,25,0.578125,24,0.5625,0.0126953125,0.022071307300509338,0.00016117095947265625,0
6459,0.139404296875,09,0.140625,09,0.140625,0.001220703125,0.008756567425569177,1.4901161193847656e-06,1
6460,1.367919921875,4C,1.375,4C,1.375,0.007080078125,0.005175798679278957,5.0127506256103516e-05,1
6461,-1.66552734375,AB,-1.65625,AB,-1.65625,0.00927734375,0.0055702140134857815,8.606910705566406e-05,1
6462,1.84326171875,5B,1.84375,5B,1.84375,0.00048828125,0.00026490066225165563,2.384185791015625e-07,1
6463,-0.44091796875,E4,-0.4375,E4,-0.4375,0.00341796875,0.007751937984496124,1.1682510375976562e-05,1
6464,-0.491943359375,E1,-0.484375,E1,-0.484375,0.007568359375,0.015384615384615385,5.728006362915039e-05,1
6465,0.365234375,17,0.359375,17,0.359375,0.005859375,0.016042780748663103,3.4332275390625e-05,1
6466,0.239990234375,0F,0.234375,0F,0.234375,0.005615234375,0.023397761953204477,3.153085708618164e-05,1
6467,-0.7177734375,D2,-0.71875,D2,-0.71875,0.0009765625,0.0013605442176870747,9.5367431640625e-07,1
6468,-0.557373046875,DC,-0.5625,DC,-0.5625,0.005126953125,0.009198423127463863,2.6285648345947266e-05,1
6469,-0.047119140625,FD,-0.046875,FD,-0.046875,0.000244140625,0.0051813471502590676,5.960464477539063e-08,1
6470,0.431396484375,1C,0.4375,1C,0.4375,0.006103515625,0.014148273910582909,3.725290298461914e-05,1
6471,1.607421875,53,1.59375,54,1.625,0.017578125,0.010935601458080195,0.000308990478515625,0
6472,0.74560546875,30,0.75,2F,0.734375,0.01123046875,0.015062213490504257,0.00012612342834472656,0
6473,0.953125,3D,0.953125,3D,0.953125,0.0,0.0,0.0,1
6474,-1.06787109375,BE,-1.0625,BE,-1.0625,0.00537109375,0.005029721079103796,2.8848648071289062e-05,1
6475,0.278564453125,12,0.28125,13,0.296875,0.018310546875,0.06573181419807186,0.00033527612686157227,0
6476,-0.07373046875,FB,-0.078125,FC,-0.0625,0.01123046875,0.152317880794702,0.00012612342834472656,0
6477,0.31591796875,14,0.3125,15,0.328125,0.01220703125,0.03863987635239567,0.00014901161193847656,0
6478,-0.18359375,F4,-0.1875,F5,-0.171875,0.01171875,0.06382978723404255,0.0001373291015625,0
6479,-1.102783203125,BD,-1.09375,BC,-1.125,0.022216796875,0.02014611467788355,0.0004935860633850098,0
6480,0.871826171875,38,0.875,38,0.875,0.003173828125,0.0036404368524222907,1.0073184967041016e-05,1
6481,-0.4892578125,E1,-0.484375,E0,-0.5,0.0107421875,0.021956087824351298,0.00011539459228515625,0
6482,-0.563720703125,DC,-0.5625,DD,-0.546875,0.016845703125,0.02988306626245128,0.00028377771377563477,0
6483,-0.943603515625,C4,-0.9375,C4,-0.9375,0.006103515625,0.00646830530401035,3.725290298461914e-05,1
6484,0.932861328125,3C,0.9375,3C,0.9375,0.004638671875,0.004972520282648521,2.1517276763916016e-05,1
6485,0.29248046875,13,0.296875,12,0.28125,0.01123046875,0.038397328881469114,0.00012612342834472656,0
6486,-0.4716796875,E2,-0.46875,E2,-0.46875,0.0029296875,0.006211180124223602,8.58306884765625e-06,1
6487,-0.929443359375,C5,-0.921875,C6,-0.90625,0.023193359375,0.024954032046230628,0.0005379319190979004,0
6488,0.015625,01,0.015625,01,0.015625,0.0,0.0,0.0,1
6489,0.869140625,38,0.875,37,0.859375,0.009765625,0.011235955056179775,9.5367431640625e-05,0
6490,-0.601806640625,D9,-0.609375,D9,-0.609375,0.007568359375,0.01257606490872211,5.728006362915039e-05,1
6491,0.392333984375,19,0.390625,19,0.390625,0.001708984375,0.0043559427504667085,2.9206275939941406e-06,1
6492,-0.486083984375,E1,-0.484375,E1,-0.484375,0.001708984375,0.0035158211953792064,2.9206275939941406e-06,1
6493,-0.6005859375,DA,-0.59375,DB,-0.578125,0.0224609375,0.03739837398373984,0.0005044937133789062,0
6494,0.19775390625,0D,0.203125,0D,0.203125,0.00537109375,0.027160493827160494,2.8848648071289062e-05,1
6495,1.8515625,5B,1.84375,5C,1.875,0.0234375,0.012658227848101266,0.00054931640625,0
6496,-0.56982421875,DC,-0.5625,DB,-0.578125,0.00830078125,0.01456726649528706,6.890296936035156e-05,0
6497,-0.527099609375,DE,-0.53125,DE,-0.53125,0.004150390625,0.007874015748031496,1.722574234008789e-05,1
6498,2.06494140625,61,2.125,60,2.0,0.06494140625,0.03144951525183259,0.004217386245727539,0
6499,0.331787109375,15,0.328125,15,0.328125,0.003662109375,0.011037527593818985,1.341104507446289e-05,1
6500,0.275634765625,12,0.28125,12,0.28125,0.005615234375,0.02037201062887511,3.153085708618164e-05,1
6501,0.430419921875,1C,0.4375,1C,0.4375,0.007080078125,0.016449234259784458,5.0127506256103516e-05,1
6502,-0.536865234375,DE,-0.53125,DF,-0.515625,0.021240234375,0.03956343792633015,0.00045114755630493164,0
6503,0.688720703125,2C,0.6875,2C,0.6875,0.001220703125,0.001772421127259837,1.4901161193847656e-06,1
6504,0.886474609375,39,0.890625,38,0.875,0.011474609375,0.012944092536491324,0.0001316666603088379,0
6505,1.181884765625,46,1.1875,46,1.1875,0.005615234375,0.004751084486676307,3.153085708618164e-05,1
6506,1.05615234375,42,1.0625,42,1.0625,0.00634765625,0.006010171058714748,4.029273986816406e-05,1
6507,-0.0439453125,FD,-0.046875,FD,-0.046875,0.0029296875,0.06666666666666667,8.58306884765625e-06,1
6508,-0.0751953125,FB,-0.078125,FB,-0.078125,0.0029296875,0.03896103896103896,8.58306884765625e-06,1
6509,0.667724609375,2B,0.671875,2B,0.671875,0.004150390625,0.006215722120658135,1.722574234008789e-05,1
6510,0.55810546875,24,0.5625,24,0.5625,0.00439453125,0.007874015748031496,1.9311904907226562e-05,1
6511,-0.710205078125,D3,-0.703125,D2,-0.71875,0.008544921875,0.012031625988312134,7.301568984985352e-05,0
6512,-1.281494140625,B7,-1.28125,B7,-1.28125,0.000244140625,0.00019051247856734617,5.960464477539063e-08,1
6513,-0.8583984375,C9,-0.859375,C9,-0.859375,0.0009765625,0.0011376564277588168,9.5367431640625e-07,1
6514,0.908203125,3A,0.90625,3A,0.90625,0.001953125,0.002150537634408602,3.814697265625e-06,1
6515,0.55908203125,24,0.5625,25,0.578125,0.01904296875,0.03406113537117904,0.00036263465881347656,0
6516,-1.14990234375,BB,-1.15625,BB,-1.15625,0.00634765625,0.005520169851380042,4.029273986816406e-05,1
6517,0.98046875,3F,0.984375,3F,0.984375,0.00390625,0.00398406374501992,1.52587890625e-05,1
6518,-0.460693359375,E3,-0.453125,E3,-0.453125,0.007568359375,0.016428192898781134,5.728006362915039e-05,1
6519,-0.072265625,FB,-0.078125,FA,-0.09375,0.021484375,0.2972972972972973,0.000461578369140625,0
6520,0.310302734375,14,0.3125,15,0.328125,0.017822265625,0.057435090479937057,0.00031763315200805664,0
6521,-0.439208984375,E4,-0.4375,E6,-0.40625,0.032958984375,0.07504168982768204,0.0010862946510314941,0
6522,0.865966796875,37,0.859375,37,0.859375,0.006591796875,0.007612066535100085,4.3451786041259766e-05,1
6523,-0.202392578125,F3,-0.203125,F2,-0.21875,0.016357421875,0.08082026537997587,0.0002675652503967285,0
6524,0.501220703125,20,0.5,21,0.515625,0.014404296875,0.028738431563565515,0.00020748376846313477,0
6525,-0.670654296875,D5,-0.671875,D4,-0.6875,0.016845703125,0.025118310884601383,0.00028377771377563477,0
6526,0.995361328125,40,1.0,3F,0.984375,0.010986328125,0.011037527593818985,0.00012069940567016602,0
6527,1.36767578125,4C,1.375,4C,1.375,0.00732421875,0.005355230274901821,5.364418029785156e-05,1
6528,-0.1083984375,F9,-0.109375,F9,-0.109375,0.0009765625,0.009009009009009009,9.5367431640625e-07,1
6529,0.10888671875,07,0.109375,08,0.125,0.01611328125,0.14798206278026907,0.00025963783264160156,0
6530,0.14990234375,0A,0.15625,0A,0.15625,0.00634765625,0.04234527687296417,4.029273986816406e-05,1
6531,0.53564453125,22,0.53125,21,0.515625,0.02001953125,0.037374658158614404,0.00040078163146972656,0
6532,0.031005859375,02,0.03125,02,0.03125,0.000244140625,0.007874015748031496,5.960464477539063e-08,1
6533,-0.275390625,EE,-0.28125,EF,-0.265625,0.009765625,0.03546099290780142,9.5367431640625e-05,0
6534,1.807373046875,5A,1.8125,5A,1.8125,0.005126953125,0.002836687829258409,2.6285648345947266e-05,1
6535,0.6611328125,2A,0.65625,2A,0.65625,0.0048828125,0.007385524372230428,2.384185791015625e-05,1
6536,-1.7490234375,A8,-1.75,A8,-1.75,0.0009765625,0.0005583472920156337,9.5367431640625e-07,1
6537,-0.377685546875,E8,-0.375,E8,-0.375,0.002685546875,0.007110536522301228,7.212162017822266e-06,1
6538,0.456787109375,1D,0.453125,1D,0.453125,0.003662109375,0.008017103153393906,1.341104507446289e-05,1
6539,0.0244140625,02,0.03125,00,0.0,0.0244140625,1.0,0.0005960464477539062,0
6540,1.664306640625,55,1.65625,54,1.625,0.039306640625,0.023617427020683587,0.0015450119972229004,0
6541,-0.752197265625,D0,-0.75,CE,-0.78125,0.029052734375,0.038623823433950016,0.0008440613746643066,0
6542,0.14111328125,09,0.140625,0A,0.15625,0.01513671875,0.10726643598615918,0.00022912025451660156,0
6543,0.20263671875,0D,0.203125,0D,0.203125,0.00048828125,0.0024096385542168677,2.384185791015625e-07,1
6544,-0.19873046875,F3,-0.203125,F3,-0.203125,0.00439453125,0.022113022113022112,1.9311904907226562e-05,1
6545,-0.107421875,F9,-0.109375,F9,-0.109375,0.001953125,0.01818181818181818,3.814697265625e-06,1
6546,-0.638671875,D7,-0.640625,D6,-0.65625,0.017578125,0.027522935779816515,0.000308990478515625,0
6547,0.691162109375,2C,0.6875,2D,0.703125,0.011962890625,0.017308371600141294,0.0001431107521057129,0
6548,-0.231201171875,F1,-0.234375,F1,-0.234375,0.003173828125,0.013727560718057022,1.0073184967041016e-05,1
6549,1.625,54,1.625,54,1.625,0.0,0.0,0.0,1
6550,-0.91796875,C5,-0.921875,C5,-0.921875,0.00390625,0.00425531914893617,1.52587890625e-05,1
6551,-0.458251953125,E3,-0.453125,E3,-0.453125,0.005126953125,0.011188066062866276,2.6285648345947266e-05,1
6552,0.148681640625,0A,0.15625,0A,0.15625,0.007568359375,0.05090311986863711,5.728006362915039e-05,1
6553,0.469970703125,1E,0.46875,1F,0.484375,0.014404296875,0.03064935064935065,0.00020748376846313477,0
6554,2.401123046875,63,2.375,63,2.375,0.026123046875,0.010879511947127605,0.0006824135780334473,1
6555,0.2861328125,12,0.28125,13,0.296875,0.0107421875,0.03754266211604096,0.00011539459228515625,0
6556,-0.312255859375,EC,-0.3125,EC,-0.3125,0.000244140625,0.0007818608287724785,5.960464477539063e-08,1
6557,-0.20458984375,F3,-0.203125,F3,-0.203125,0.00146484375,0.007159904534606206,2.1457672119140625e-06,1
6558,-2.28662109375,9E,-2.25,9E,-2.25,0.03662109375,0.016015374759769378,0.001341104507446289,1
6559,-0.3486328125,EA,-0.34375,E9,-0.359375,0.0107421875,0.03081232492997199,0.00011539459228515625,0
6560,-0.7119140625,D2,-0.71875,D3,-0.703125,0.0087890625,0.012345679012345678,7.724761962890625e-05,0
6561,1.2880859375,49,1.28125,4A,1.3125,0.0244140625,0.018953752843062926,0.0005960464477539062,0
6562,-0.18896484375,F4,-0.1875,F5,-0.171875,0.01708984375,0.09043927648578812,0.00029206275939941406,0
6563,0.243896484375,10,0.25,11,0.265625,0.021728515625,0.0890890890890891,0.00047212839126586914,0
6564,-0.131103515625,F8,-0.125,F8,-0.125,0.006103515625,0.04655493482309125,3.725290298461914e-05,1
6565,0.196044921875,0D,0.203125,0D,0.203125,0.007080078125,0.0361145703611457,5.0127506256103516e-05,1
6566,-0.35400390625,E9,-0.359375,EA,-0.34375,0.01025390625,0.028965517241379312,0.00010514259338378906,0
6567,-0.1787109375,F5,-0.171875,F6,-0.15625,0.0224609375,0.12568306010928962,0.0005044937133789062,0
6568,0.3408203125,16,0.34375,16,0.34375,0.0029296875,0.008595988538681949,8.58306884765625e-06,1
6569,0.345947265625,16,0.34375,16,0.34375,0.002197265625,0.006351446718419196,4.827976226806641e-06,1
6570,1.78662109375,59,1.78125,5A,1.8125,0.02587890625,0.01448483192128997,0.0006697177886962891,0
6571,0.88037109375,38,0.875,39,0.890625,0.01025390625,0.011647254575707155,0.00010514259338378906,0
6572,0.914306640625,3B,0.921875,3A,0.90625,0.008056640625,0.008811748998664886,6.490945816040039e-05,0
6573,-0.747314453125,D0,-0.75,D0,-0.75,0.002685546875,0.0035935968637700096,7.212162017822266e-06,1
6574,0.579345703125,25,0.578125,25,0.578125,0.001220703125,0.002107037505267594,1.4901161193847656e-06,1
6575,0.5205078125,21,0.515625,21,0.515625,0.0048828125,0.009380863039399626,2.384185791015625e-05,1
6576,-1.486572265625,B0,-1.5,B0,-1.5,0.013427734375,0.009032681885367055,0.00018030405044555664,1
6577,-0.8603515625,C9,-0.859375,C9,-0.859375,0.0009765625,0.0011350737797956867,9.5367431640625e-07,1
6578,0.5888671875,26,0.59375,25,0.578125,0.0107421875,0.01824212271973466,0.00011539459228515625,0
6579,-0.7958984375,CD,-0.796875,CD,-0.796875,0.0009765625,0.001226993865030675,9.5367431640625e-07,1
6580,0.798828125,33,0.796875,33,0.796875,0.001953125,0.0024449877750611247,3.814697265625e-06,1
6581,0.542236328125,23,0.546875,23,0.546875,0.004638671875,0.008554705087798289,2.1517276763916016e-05,1
6582,-1.795654296875,A7,-1.78125,A6,-1.8125,0.016845703125,0.00938137321549966,0.00028377771377563477,0
6583,-0.61474609375,D9,-0.609375,D8,-0.625,0.01025390625,0.016679904686258934,0.00010514259338378906,0
6584,0.17822265625,0B,0.171875,0C,0.1875,0.00927734375,0.052054794520547946,8.606910705566406e-05,0
6585,-0.5,E0,-0.5,E0,-0.5,0.0,0.0,0.0,1
6586,-0.783203125,CE,-0.78125,CE,-0.78125,0.001953125,0.0024937655860349127,3.814697265625e-06,1
6587,1.202880859375,46,1.1875,46,1.1875,0.015380859375,0.012786685609904607,0.0002365708351135254,1
6588,0.3173828125,14,0.3125,13,0.296875,0.0205078125,0.06461538461538462,0.00042057037353515625,0
6589,-1.279296875,B7,-1.28125,B8,-1.25,0.029296875,0.022900763358778626,0.000858306884765625,0
6590,0.9482421875,3D,0.953125,3D,0.953125,0.0048828125,0.005149330587023687,2.384185791015625e-05,1
6591,-1.093505859375,BD,-1.09375,BC,-1.125,0.031494140625,0.028801071667782986,0.0009918808937072754,0
6592,-1.183837890625,BA,-1.1875,BA,-1.1875,0.003662109375,0.0030934213239843266,1.341104507446289e-05,1
6593,-0.123291015625,F8,-0.125,F8,-0.125,0.001708984375,0.013861386138613862,2.9206275939941406e-06,1
6594,1.064697265625,42,1.0625,42,1.0625,0.002197265625,0.0020637468470534283,4.827976226806641e-06,1
6595,0.705078125,2D,0.703125,2D,0.703125,0.001953125,0.002770083102493075,3.814697265625e-06,1
6596,0.95458984375,3D,0.953125,3E,0.96875,0.01416015625,0.014833759590792838,0.00020051002502441406,0
6597,1.11865234375,44,1.125,44,1.125,0.00634765625,0.005674378000872981,4.029273986816406e-05,1
6598,-1.324951171875,B6,-1.3125,B6,-1.3125,0.012451171875,0.009397457158651189,0.00015503168106079102,1
6599,0.44189453125,1C,0.4375,1D,0.453125,0.01123046875,0.02541436464088398,0.00012612342834472656,0
6600,-0.913818359375,C6,-0.90625,C6,-0.90625,0.007568359375,0.008282126636387924,5.728006362915039e-05,1
6601,0.194091796875,0C,0.1875,0C,0.1875,0.006591796875,0.033962264150943396,4.3451786041259766e-05,1
6602,0.283203125,12,0.28125,12,0.28125,0.001953125,0.006896551724137931,3.814697265625e-06,1
6603,-1.40087890625,B3,-1.40625,B4,-1.375,0.02587890625,0.018473335657023353,0.0006697177886962891,0
6604,0.669677734375,2B,0.671875,2B,0.671875,0.002197265625,0.0032810791104629965,4.827976226806641e-06,1
6605,-0.926513671875,C5,-0.921875,C5,-0.921875,0.004638671875,0.005006587615283268,2.1517276763916016e-05,1
6606,-0.72265625,D2,-0.71875,D0,-0.75,0.02734375,0.03783783783783784,0.0007476806640625,0
6607,-0.228271484375,F1,-0.234375,F2,-0.21875,0.009521484375,0.04171122994652406,9.065866470336914e-05,0
6608,-0.728515625,D1,-0.734375,D2,-0.71875,0.009765625,0.013404825737265416,9.5367431640625e-05,0
6609,-0.087158203125,FA,-0.09375,FB,-0.078125,0.009033203125,0.10364145658263306,8.159875869750977e-05,0
6610,1.233154296875,47,1.21875,46,1.1875,0.045654296875,0.03702237180756286,0.0020843148231506348,0
6611,0.86181640625,37,0.859375,37,0.859375,0.00244140625,0.0028328611898017,5.9604644775390625e-06,1
6612,0.753662109375,30,0.75,30,0.75,0.003662109375,0.004859086491739553,1.341104507446289e-05,1
6613,0.265625,11,0.265625,11,0.265625,0.0,0.0,0.0,1
6614,-1.2490234375,B8,-1.25,B8,-1.25,0.0009765625,0.0007818608287724785,9.5367431640625e-07,1
6615,-0.26025390625,EF,-0.265625,EF,-0.265625,0.00537109375,0.020637898686679174,2.8848648071289062e-05,1
6616,0.5029296875,20,0.5,20,0.5,0.0029296875,0.005825242718446602,8.58306884765625e-06,1
6617,0.88232421875,38,0.875,39,0.890625,0.00830078125,0.009407858328721638,6.890296936035156e-05,0
6618,0.31591796875,14,0.3125,14,0.3125,0.00341796875,0.010819165378670788,1.1682510375976562e-05,1
6619,0.1044921875,07,0.109375,08,0.125,0.0205078125,0.19626168224299065,0.00042057037353515625,0
6620,-0.642822265625,D7,-0.640625,D6,-0.65625,0.013427734375,0.020888720091150777,0.00018030405044555664,0
6621,-0.697265625,D3,-0.703125,D4,-0.6875,0.009765625,0.014005602240896359,9.5367431640625e-05,0
6622,0.217529296875,0E,0.21875,0D,0.203125,0.014404296875,0.06621773288439955,0.00020748376846313477,0
6623,0.3330078125,15,0.328125,15,0.328125,0.0048828125,0.01466275659824047,2.384185791015625e-05,1
6624,-1.125,BC,-1.125,BC,-1.125,0.0,0.0,0.0,1
6625,-0.519775390625,DF,-0.515625,DF,-0.515625,0.004150390625,0.007984969469234382,1.722574234008789e-05,1
6626,0.974365234375,3E,0.96875,3F,0.984375,0.010009765625,0.010273114507642195,0.00010019540786743164,0
6627,-0.096923828125,FA,-0.09375,F9,-0.109375,0.012451171875,0.12846347607052896,0.00015503168106079102,0
6628,0.487060546875,1F,0.484375,1E,0.46875,0.018310546875,0.03759398496240601,0.00033527612686157227,0
6629,0.900634765625,3A,0.90625,39,0.890625,0.010009765625,0.011114123068582272,0.00010019540786743164,0
6630,-0.28564453125,EE,-0.28125,ED,-0.296875,0.01123046875,0.039316239316239315,0.00012612342834472656,0
6631,-0.6572265625,D6,-0.65625,D5,-0.671875,0.0146484375,0.022288261515601784,0.00021457672119140625,0
6632,-0.99169921875,C1,-0.984375,C0,-1.0,0.00830078125,0.008370260955194485,6.890296936035156e-05,0
6633,-0.68017578125,D4,-0.6875,D3,-0.703125,0.02294921875,0.03374012921751615,0.0005266666412353516,0
6634,-1.8388671875,A5,-1.84375,A6,-1.8125,0.0263671875,0.014338821030270845,0.0006952285766601562,0
6635,0.439208984375,1C,0.4375,1B,0.421875,0.017333984375,0.039466370205669815,0.00030046701431274414,0
6636,-1.03955078125,BF,-1.03125,BE,-1.0625,0.02294921875,0.02207609206200094,0.0005266666412353516,0
6637,0.209228515625,0D,0.203125,0D,0.203125,0.006103515625,0.029171528588098017,3.725290298461914e-05,1
6638,1.240234375,48,1.25,48,1.25,0.009765625,0.007874015748031496,9.5367431640625e-05,1
6639,0.345458984375,16,0.34375,17,0.359375,0.013916015625,0.040282685512367494,0.00019365549087524414,0
6640,2.57275390625,65,2.625,65,2.625,0.05224609375,0.02030745872081989,0.002729654312133789,1
6641,0.469970703125,1E,0.46875,1E,0.46875,0.001220703125,0.0025974025974025974,1.4901161193847656e-06,1
6642,0.193115234375,0C,0.1875,0C,0.1875,0.005615234375,0.029077117572692796,3.153085708618164e-05,1
6643,0.41845703125,1B,0.421875,1A,0.40625,0.01220703125,0.029171528588098017,0.00014901161193847656,0
6644,-0.33349609375,EB,-0.328125,EB,-0.328125,0.00537109375,0.016105417276720352,2.8848648071289062e-05,1
6645,-0.97412109375,C2,-0.96875,C1,-0.984375,0.01025390625,0.010526315789473684,0.00010514259338378906,0
6646,0.14208984375,09,0.140625,09,0.140625,0.00146484375,0.010309278350515464,2.1457672119140625e-06,1
6647,0.90576171875,3A,0.90625,3B,0.921875,0.01611328125,0.01778975741239892,0.00025963783264160156,0
6648,-0.546875,DD,-0.546875,DD,-0.546875,0.0,0.0,0.0,1
6649,1.17578125,46,1.1875,46,1.1875,0.01171875,0.009966777408637873,0.0001373291015625,1
6650,0.466064453125,1E,0.46875,1E,0.46875,0.002685546875,0.005762179151388162,7.212162017822266e-06,1
6651,-0.77734375,CE,-0.78125,CF,-0.765625,0.01171875,0.01507537688442211,0.0001373291015625,0
6652,0.593505859375,26,0.59375,25,0.578125,0.015380859375,0.025915261209378856,0.0002365708351135254,0
6653,-1.4013671875,B3,-1.40625,B4,-1.375,0.0263671875,0.018815331010452963,0.0006952285766601562,0
6654,-0.1240234375,F8,-0.125,F8,-0.125,0.0009765625,0.007874015748031496,9.5367431640625e-07,1
6655,0.262939453125,11,0.265625,11,0.265625,0.002685546875,0.01021355617455896,7.212162017822266e-06,1
6656,0.53759765625,22,0.53125,23,0.546875,0.00927734375,0.01725703905540418,8.606910705566406e-05,0
6657,-0.434814453125,E4,-0.4375,E5,-0.421875,0.012939453125,0.029758562605277934,0.00016742944717407227,0
6658,-0.38427734375,E7,-0.390625,E7,-0.390625,0.00634765625,0.016518424396442185,4.029273986816406e-05,1
6659,0.94091796875,3C,0.9375,3C,0.9375,0.00341796875,0.0036325895173845357,1.1682510375976562e-05,1
6660,-1.813232421875,A6,-1.8125,A6,-1.8125,0.000732421875,0.0004039316009155783,5.364418029785156e-07,1
6661,0.7548828125,30,0.75,30,0.75,0.0048828125,0.00646830530401035,2.384185791015625e-05,1
6662,0.02783203125,02,0.03125,03,0.046875,0.01904296875,0.6842105263157895,0.00036263465881347656,0
6663,0.66845703125,2B,0.671875,29,0.640625,0.02783203125,0.04163623082542001,0.0007746219635009766,0
6664,0.343017578125,16,0.34375,16,0.34375,0.000732421875,0.002135231316725979,5.364418029785156e-07,1
6665,-1.826416015625,A6,-1.8125,A6,-1.8125,0.013916015625,0.007619302232321882,0.00019365549087524414,1
6666,-0.22265625,F2,-0.21875,F2,-0.21875,0.00390625,0.017543859649122806,1.52587890625e-05,1
6667,0.6171875,28,0.625,27,0.609375,0.0078125,0.012658227848101266,6.103515625e-05,0
6668,-1.45849609375,B1,-1.46875,B2,-1.4375,0.02099609375,0.014395714763977234,0.00044083595275878906,0
6669,-0.736572265625,D1,-0.734375,D0,-0.75,0.013427734375,0.018230029830957905,0.00018030405044555664,0
6670,0.73681640625,2F,0.734375,30,0.75,0.01318359375,0.017892644135188866,0.00017380714416503906,0
6671,1.183837890625,46,1.1875,46,1.1875,0.003662109375,0.0030934213239843266,1.341104507446289e-05,1
6672,0.594482421875,26,0.59375,28,0.625,0.030517578125,0.0513347022587269,0.0009313225746154785,0
6673,0.3486328125,16,0.34375,16,0.34375,0.0048828125,0.014005602240896359,2.384185791015625e-05,1
6674,-0.72216796875,D2,-0.71875,D1,-0.734375,0.01220703125,0.016903313049357674,0.00014901161193847656,0
6675,0.8935546875,39,0.890625,39,0.890625,0.0029296875,0.003278688524590164,8.58306884765625e-06,1
6676,-0.04931640625,FD,-0.046875,FD,-0.046875,0.00244140625,0.04950495049504951,5.9604644775390625e-06,1
6677,2.551025390625,64,2.5,64,2.5,0.051025390625,0.020001914058761602,0.002603590488433838,1
6678,0.462890625,1E,0.46875,1D,0.453125,0.009765625,0.02109704641350211,9.5367431640625e-05,0
6679,-1.73681640625,A8,-1.75,A8,-1.75,0.01318359375,0.007590666291818949,0.00017380714416503906,1
6680,0.7236328125,2E,0.71875,2F,0.734375,0.0107421875,0.014844804318488529,0.00011539459228515625,0
6681,0.5517578125,23,0.546875,24,0.5625,0.0107421875,0.019469026548672566,0.00011539459228515625,0
6682,-0.74072265625,D1,-0.734375,D0,-0.75,0.00927734375,0.012524719841793012,8.606910705566406e-05,0
6683,-0.01513671875,FF,-0.015625,FE,-0.03125,0.01611328125,1.064516129032258,0.00025963783264160156,0
6684,0.139892578125,09,0.140625,08,0.125,0.014892578125,0.10645724258289703,0.00022178888320922852,0
6685,-0.45458984375,E3,-0.453125,E3,-0.453125,0.00146484375,0.00322234156820623,2.1457672119140625e-06,1
6686,-0.770751953125,CF,-0.765625,D0,-0.75,0.020751953125,0.026924295216978145,0.00043064355850219727,0
6687,2.03125,60,2.0,60,2.0,0.03125,0.015384615384615385,0.0009765625,1
6688,-0.122802734375,F8,-0.125,F8,-0.125,0.002197265625,0.017892644135188866,4.827976226806641e-06,1
6689,1.69775390625,56,1.6875,56,1.6875,0.01025390625,0.0060396893874029335,0.00010514259338378906,1
6690,-0.247802734375,F0,-0.25,F0,-0.25,0.002197265625,0.008866995073891626,4.827976226806641e-06,1
6691,-1.331787109375,B5,-1.34375,B6,-1.3125,0.019287109375,0.014482126489459212,0.0003719925880432129,0
6692,-1.3876953125,B4,-1.375,B4,-1.375,0.0126953125,0.009148486980999296,0.00016117095947265625,1
6693,0.421142578125,1B,0.421875,1B,0.421875,0.000732421875,0.0017391304347826088,5.364418029785156e-07,1
6694,0.005859375,01,0.015625,FF,-0.015625,0.021484375,3.6666666666666665,0.000461578369140625,0
6695,0.9150390625,3B,0.921875,3A,0.90625,0.0087890625,0.0096051227321238,7.724761962890625e-05,0
6696,0.020751953125,01,0.015625,01,0.015625,0.005126953125,0.24705882352941178,2.6285648345947266e-05,1
6697,-0.570556640625,DB,-0.578125,DB,-0.578125,0.007568359375,0.013264869490800172,5.728006362915039e-05,1
6698,0.716796875,2E,0.71875,2E,0.71875,0.001953125,0.0027247956403269754,3.814697265625e-06,1
6699,0.025390625,02,0.03125,01,0.015625,0.009765625,0.38461538461538464,9.5367431640625e-05,0
6700,-0.985107421875,C1,-0.984375,C1,-0.984375,0.000732421875,0.0007434944237918215,5.364418029785156e-07,1
6701,-0.286376953125,EE,-0.28125,EE,-0.28125,0.005126953125,0.017902813299232736,2.6285648345947266e-05,1
6702,1.36376953125,4C,1.375,4C,1.375,0.01123046875,0.008234872896527032,0.00012612342834472656,1
6703,0.625244140625,28,0.625,28,0.625,0.000244140625,0.0003904724716907458,5.960464477539063e-08,1
6704,1.173583984375,46,1.1875,46,1.1875,0.013916015625,0.011857707509881422,0.00019365549087524414,1
6705,0.193603515625,0C,0.1875,0D,0.203125,0.009521484375,0.04918032786885246,9.065866470336914e-05,0
6706,1.075439453125,42,1.0625,42,1.0625,0.012939453125,0.012031782065834279,0.00016742944717407227,1
6707,0.07080078125,05,0.078125,04,0.0625,0.00830078125,0.11724137931034483,6.890296936035156e-05,0
6708,-0.547607421875,DD,-0.546875,DE,-0.53125,0.016357421875,0.029870708872046365,0.0002675652503967285,0
6709,-0.8017578125,CD,-0.796875,CC,-0.8125,0.0107421875,0.013398294762484775,0.00011539459228515625,0
6710,1.098388671875,43,1.09375,42,1.0625,0.035888671875,0.03267392753945321,0.001287996768951416,0
6711,0.454345703125,1D,0.453125,1E,0.46875,0.014404296875,0.03170338527673294,0.00020748376846313477,0
6712,1.371826171875,4C,1.375,4C,1.375,0.003173828125,0.0023135789286349885,1.0073184967041016e-05,1
6713,-0.951171875,C3,-0.953125,C3,-0.953125,0.001953125,0.002053388090349076,3.814697265625e-06,1
6714,1.717529296875,57,1.71875,57,1.71875,0.001220703125,0.0007107320540156361,1.4901161193847656e-06,1
6715,-0.9208984375,C5,-0.921875,C5,-0.921875,0.0009765625,0.0010604453870625664,9.5367431640625e-07,1
6716,-0.5029296875,E0,-0.5,E0,-0.5,0.0029296875,0.005825242718446602,8.58306884765625e-06,1
6717,0.56591796875,24,0.5625,25,0.578125,0.01220703125,0.021570319240724764,0.00014901161193847656,0
6718,0.21728515625,0E,0.21875,0F,0.234375,0.01708984375,0.07865168539325842,0.00029206275939941406,0
6719,0.632568359375,28,0.625,29,0.640625,0.008056640625,0.01273639521420301,6.490945816040039e-05,0
6720,-0.386474609375,E7,-0.390625,E7,-0.390625,0.004150390625,0.010739102969046115,1.722574234008789e-05,1
6721,-0.161865234375,F6,-0.15625,F6,-0.15625,0.005615234375,0.03469079939668175,3.153085708618164e-05,1
6722,-1.446044921875,B2,-1.4375,B1,-1.46875,0.022705078125,0.015701502616917103,0.0005155205726623535,0
6723,-0.706298828125,D3,-0.703125,D4,-0.6875,0.018798828125,0.026615969581749048,0.000353395938873291,0
6724,-0.345703125,EA,-0.34375,E9,-0.359375,0.013671875,0.03954802259887006,0.000186920166015625,0
6725,-1.523193359375,AF,-1.53125,B0,-1.5,0.023193359375,0.015226799166533099,0.0005379319190979004,0
6726,-0.385986328125,E7,-0.390625,E9,-0.359375,0.026611328125,0.068943706514864,0.000708162784576416,0
6727,-3.61279296875,93,-3.625,93,-3.625,0.01220703125,0.0033788349776996893,0.00014901161193847656,1
6728,-0.125244140625,F8,-0.125,F8,-0.125,0.000244140625,0.001949317738791423,5.960464477539063e-08,1
6729,-0.946533203125,C3,-0.953125,C2,-0.96875,0.022216796875,0.023471756512767603,0.0004935860633850098,0
6730,-1.977294921875,A1,-1.96875,A1,-1.96875,0.008544921875,0.00432152117545376,7.301568984985352e-05,1
6731,-1.844970703125,A5,-1.84375,A4,-1.875,0.030029296875,0.01627630011909488,0.0009017586708068848,0
6732,-1.23095703125,B9,-1.21875,B9,-1.21875,0.01220703125,0.009916699722332408,0.00014901161193847656,1
6733,-0.58349609375,DB,-0.578125,DC,-0.5625,0.02099609375,0.03598326359832636,0.00044083595275878906,0
6734,0.218505859375,0E,0.21875,0E,0.21875,0.000244140625,0.0011173184357541898,5.960464477539063e-08,1
6735,0.855712890625,37,0.859375,36,0.84375,0.011962890625,0.013980028530670471,0.0001431107521057129,0
6736,1.022705078125,41,1.03125,40,1.0,0.022705078125,0.022201002625925042,0.0005155205726623535,0
6737,0.88720703125,39,0.890625,38,0.875,0.01220703125,0.01375894331315355,0.00014901161193847656,0
6738,-0.7880859375,CE,-0.78125,CE,-0.78125,0.0068359375,0.008674101610904586,4.673004150390625e-05,1
6739,-1.057373046875,BE,-1.0625,BF,-1.03125,0.026123046875,0.024705610713461095,0.0006824135780334473,0
6740,-0.550537109375,DD,-0.546875,DD,-0.546875,0.003662109375,0.0066518847006651885,1.341104507446289e-05,1
6741,-0.957275390625,C3,-0.953125,C3,-0.953125,0.004150390625,0.004335628666156593,1.722574234008789e-05,1
6742,1.5888671875,53,1.59375,52,1.5625,0.0263671875,0.016594960049170254,0.0006952285766601562,0
6743,0.79345703125,33,0.796875,33,0.796875,0.00341796875,0.0043076923076923075,1.1682510375976562e-05,1
6744,0.208984375,0D,0.203125,0C,0.1875,0.021484375,0.102803738317757,0.000461578369140625,0
6745,0.004638671875,01,0.015625,01,0.015625,0.010986328125,2.3684210526315788,0.00012069940567016602,1
6746,0.31640625,14,0.3125,15,0.328125,0.01171875,0.037037037037037035,0.0001373291015625,0
6747,0.34033203125,16,0.34375,16,0.34375,0.00341796875,0.010043041606886656,1.1682510375976562e-05,1
6748,0.314453125,14,0.3125,14,0.3125,0.001953125,0.006211180124223602,3.814697265625e-06,1
6749,0.433837890625,1C,0.4375,1C,0.4375,0.003662109375,0.008441193021947102,1.341104507446289e-05,1
6750,-1.464599609375,B1,-1.46875,B1,-1.46875,0.004150390625,0.0028338056342723785,1.722574234008789e-05,1
6751,-0.416748046875,E5,-0.421875,E5,-0.421875,0.005126953125,0.012302284710017574,2.6285648345947266e-05,1
6752,0.7705078125,31,0.765625,31,0.765625,0.0048828125,0.0063371356147021544,2.384185791015625e-05,1
6753,1.021484375,41,1.03125,41,1.03125,0.009765625,0.009560229445506692,9.5367431640625e-05,1
6754,-0.285888671875,EE,-0.28125,ED,-0.296875,0.010986328125,0.03842869342442357,0.00012069940567016602,0
6755,-0.3681640625,E8,-0.375,E8,-0.375,0.0068359375,0.01856763925729443,4.673004150390625e-05,1
6756,-1.45703125,B1,-1.46875,B0,-1.5,0.04296875,0.029490616621983913,0.0018463134765625,0
6757,-0.989990234375,C1,-0.984375,C0,-1.0,0.010009765625,0.010110974106041924,0.00010019540786743164,0
6758,0.24755859375,10,0.25,0F,0.234375,0.01318359375,0.05325443786982249,0.00017380714416503906,0
6759,-0.46923828125,E2,-0.46875,E3,-0.453125,0.01611328125,0.03433922996878252,0.00025963783264160156,0
6760,0.077392578125,05,0.078125,05,0.078125,0.000732421875,0.00946372239747634,5.364418029785156e-07,1
6761,-0.34765625,EA,-0.34375,E9,-0.359375,0.01171875,0.033707865168539325,0.0001373291015625,0
6762,-0.246337890625,F0,-0.25,F1,-0.234375,0.011962890625,0.048562933597621406,0.0001431107521057129,0
6763,-1.051025390625,BE,-1.0625,BE,-1.0625,0.011474609375,0.01091753774680604,0.0001316666603088379,1
6764,0.15771484375,0A,0.15625,09,0.140625,0.01708984375,0.10835913312693499,0.00029206275939941406,0
6765,0.062255859375,04,0.0625,04,0.0625,0.000244140625,0.00392156862745098,5.960464477539063e-08,1
6766,0.315185546875,14,0.3125,15,0.328125,0.012939453125,0.041053446940356314,0.00016742944717407227,0
6767,0.276611328125,12,0.28125,12,0.28125,0.004638671875,0.01676963812886143,2.1517276763916016e-05,1
6768,0.26318359375,11,0.265625,11,0.265625,0.00244140625,0.00927643784786642,5.9604644775390625e-06,1
6769,0.906005859375,3A,0.90625,39,0.890625,0.015380859375,0.016976556184316895,0.0002365708351135254,0
6770,-0.423583984375,E5,-0.421875,E4,-0.4375,0.013916015625,0.032853025936599424,0.00019365549087524414,0
6771,1.66015625,55,1.65625,56,1.6875,0.02734375,0.01647058823529412,0.0007476806640625,0
6772,0.1259765625,08,0.125,08,0.125,0.0009765625,0.007751937984496124,9.5367431640625e-07,1
6773,-0.111328125,F9,-0.109375,F9,-0.109375,0.001953125,0.017543859649122806,3.814697265625e-06,1
6774,-1.488037109375,B0,-1.5,B0,-1.5,0.011962890625,0.008039376538146022,0.0001431107521057129,1
6775,1.18115234375,46,1.1875,46,1.1875,0.00634765625,0.005374121537825548,4.029273986816406e-05,1
6776,-0.898681640625,C6,-0.90625,C7,-0.890625,0.008056640625,0.008964955175224124,6.490945816040039e-05,0
6777,-0.006103515625,FF,-0.015625,FE,-0.03125,0.025146484375,4.12,0.0006323456764221191,0
6778,0.515869140625,21,0.515625,21,0.515625,0.000244140625,0.000473260766682442,5.960464477539063e-08,1
6779,-1.0380859375,BF,-1.03125,BF,-1.03125,0.0068359375,0.00658513640639699,4.673004150390625e-05,1
6780,-1.417236328125,B3,-1.40625,B3,-1.40625,0.010986328125,0.007751937984496124,0.00012069940567016602,1
6781,-0.31396484375,EC,-0.3125,ED,-0.296875,0.01708984375,0.05443234836702955,0.00029206275939941406,0
6782,1.903564453125,5D,1.90625,5D,1.90625,0.002685546875,0.001410799025266128,7.212162017822266e-06,1
6783,0.029052734375,02,0.03125,02,0.03125,0.002197265625,0.07563025210084033,4.827976226806641e-06,1
6784,-0.092529296875,FA,-0.09375,F9,-0.109375,0.016845703125,0.1820580474934037,0.00028377771377563477,0
6785,0.431640625,1C,0.4375,1B,0.421875,0.009765625,0.02262443438914027,9.5367431640625e-05,0
6786,-0.3857421875,E7,-0.390625,E8,-0.375,0.0107421875,0.027848101265822784,0.00011539459228515625,0
6787,1.362060546875,4C,1.375,4C,1.375,0.012939453125,0.009499910378203979,0.00016742944717407227,1
6788,-0.1728515625,F5,-0.171875,F6,-0.15625,0.0166015625,0.096045197740113,0.00027561187744140625,0
6789,-0.134765625,F7,-0.140625,F8,-0.125,0.009765625,0.07246376811594203,9.5367431640625e-05,0
6790,0.47509765625,1E,0.46875,1F,0.484375,0.00927734375,0.019527235354573486,8.606910705566406e-05,0
6791,0.38525390625,19,0.390625,19,0.390625,0.00537109375,0.01394169835234474,2.8848648071289062e-05,1
6792,-1.368896484375,B4,-1.375,B4,-1.375,0.006103515625,0.004458712323880863,3.725290298461914e-05,1
6793,-0.7060546875,D3,-0.703125,D4,-0.6875,0.0185546875,0.02627939142461964,0.00034427642822265625,0
6794,0.762939453125,31,0.765625,31,0.765625,0.002685546875,0.00352,7.212162017822266e-06,1
6795,0.169677734375,0B,0.171875,0B,0.171875,0.002197265625,0.012949640287769784,4.827976226806641e-06,1
6796,0.89990234375,3A,0.90625,3A,0.90625,0.00634765625,0.00705371676614216,4.029273986816406e-05,1
6797,-0.086181640625,FA,-0.09375,FB,-0.078125,0.008056640625,0.09348441926345609,6.490945816040039e-05,0
6798,-0.309326171875,EC,-0.3125,EC,-0.3125,0.003173828125,0.010260457774269928,1.0073184967041016e-05,1
6799,-0.546142578125,DD,-0.546875,E1,-0.484375,0.061767578125,0.11309789897183728,0.0038152337074279785,0
6800,-0.390625,E7,-0.390625,E7,-0.390625,0.0,0.0,0.0,1
6801,-0.315185546875,EC,-0.3125,EB,-0.328125,0.012939453125,0.041053446940356314,0.00016742944717407227,0
6802,-0.6611328125,D6,-0.65625,D6,-0.65625,0.0048828125,0.007385524372230428,2.384185791015625e-05,1
6803,-0.416748046875,E5,-0.421875,E6,-0.40625,0.010498046875,0.025190392501464556,0.00011020898818969727,0
6804,-0.8662109375,C9,-0.859375,C8,-0.875,0.0087890625,0.010146561443066516,7.724761962890625e-05,0
6805,0.64501953125,29,0.640625,29,0.640625,0.00439453125,0.006813020439061317,1.9311904907226562e-05,1
6806,0.3427734375,16,0.34375,16,0.34375,0.0009765625,0.002849002849002849,9.5367431640625e-07,1
6807,0.810546875,34,0.8125,35,0.828125,0.017578125,0.021686746987951807,0.000308990478515625,0
6808,1.31201171875,4A,1.3125,4B,1.34375,0.03173828125,0.024190547078526237,0.0010073184967041016,0
6809,1.783447265625,59,1.78125,59,1.78125,0.002197265625,0.0012320328542094457,4.827976226806641e-06,1
6810,0.95263671875,3D,0.953125,3D,0.953125,0.00048828125,0.0005125576627370579,2.384185791015625e-07,1
6811,1.4111328125,4D,1.40625,4D,1.40625,0.0048828125,0.0034602076124567475,2.384185791015625e-05,1
6812,0.804443359375,33,0.796875,34,0.8125,0.008056640625,0.010015174506828529,6.490945816040039e-05,0
6813,0.724609375,2E,0.71875,2D,0.703125,0.021484375,0.029649595687331536,0.000461578369140625,0
6814,-1.738037109375,A8,-1.75,A8,-1.75,0.011962890625,0.00688298918387414,0.0001431107521057129,1
6815,0.765380859375,31,0.765625,31,0.765625,0.000244140625,0.0003189792663476874,5.960464477539063e-08,1
6816,-0.24169921875,F1,-0.234375,F0,-0.25,0.00830078125,0.03434343434343434,6.890296936035156e-05,0
6817,-0.99072265625,C1,-0.984375,C0,-1.0,0.00927734375,0.009364218827008379,8.606910705566406e-05,0
6818,-0.157470703125,F6,-0.15625,F5,-0.171875,0.014404296875,0.09147286821705426,0.00020748376846313477,0
6819,0.17626953125,0B,0.171875,0B,0.171875,0.00439453125,0.024930747922437674,1.9311904907226562e-05,1
6820,0.572998046875,25,0.578125,26,0.59375,0.020751953125,0.03621644652748189,0.00043064355850219727,0
6821,-0.741455078125,D1,-0.734375,D1,-0.734375,0.007080078125,0.009548896937767533,5.0127506256103516e-05,1
6822,0.209716796875,0D,0.203125,0E,0.21875,0.009033203125,0.04307334109429569,8.159875869750977e-05,0
6823,1.898193359375,5D,1.90625,5C,1.875,0.023193359375,0.012218649517684888,0.0005379319190979004,0
6824,-0.282958984375,EE,-0.28125,EE,-0.28125,0.001708984375,0.0060396893874029335,2.9206275939941406e-06,1
6825,-1.26171875,B8,-1.25,B8,-1.25,0.01171875,0.009287925696594427,0.0001373291015625,1
6826,-0.333740234375,EB,-0.328125,EB,-0.328125,0.005615234375,0.016825164594001463,3.153085708618164e-05,1
6827,-1.93896484375,A2,-1.9375,A2,-1.9375,0.00146484375,0.0007554772097708386,2.1457672119140625e-06,1
6828,0.71240234375,2E,0.71875,2E,0.71875,0.00634765625,0.008910212474297465,4.029273986816406e-05,1
6829,2.3232421875,63,2.375,62,2.25,0.0732421875,0.031525851197982346,0.005364418029785156,0
6830,0.4462890625,1D,0.453125,1C,0.4375,0.0087890625,0.019693654266958426,7.724761962890625e-05,0
6831,1.6220703125,54,1.625,54,1.625,0.0029296875,0.001806140878988561,8.58306884765625e-06,1
6832,0.4697265625,1E,0.46875,1F,0.484375,0.0146484375,0.031185031185031187,0.00021457672119140625,0
6833,-0.30712890625,EC,-0.3125,EC,-0.3125,0.00537109375,0.017488076311605722,2.8848648071289062e-05,1
6834,-1.89453125,A3,-1.90625,A2,-1.9375,0.04296875,0.02268041237113402,0.0018463134765625,0
6835,-0.740478515625,D1,-0.734375,D2,-0.71875,0.021728515625,0.02934388394329047,0.00047212839126586914,0
6836,-0.614990234375,D9,-0.609375,D8,-0.625,0.010009765625,0.01627630011909488,0.00010019540786743164,0
6837,-0.594482421875,DA,-0.59375,DA,-0.59375,0.000732421875,0.0012320328542094457,5.364418029785156e-07,1
6838,-0.96337890625,C2,-0.96875,C1,-0.984375,0.02099609375,0.021794221996958945,0.00044083595275878906,0
6839,0.9228515625,3B,0.921875,3C,0.9375,0.0146484375,0.015873015873015872,0.00021457672119140625,0
6840,-0.58837890625,DA,-0.59375,DA,-0.59375,0.00537109375,0.009128630705394191,2.8848648071289062e-05,1
6841,-0.318359375,EC,-0.3125,EB,-0.328125,0.009765625,0.03067484662576687,9.5367431640625e-05,0
6842,-0.72998046875,D1,-0.734375,D1,-0.734375,0.00439453125,0.006020066889632107,1.9311904907226562e-05,1
6843,-1.027587890625,BF,-1.03125,BF,-1.03125,0.003662109375,0.003563791874554526,1.341104507446289e-05,1
6844,0.79931640625,33,0.796875,33,0.796875,0.00244140625,0.0030543677458766036,5.9604644775390625e-06,1
6845,0.25830078125,11,0.265625,11,0.265625,0.00732421875,0.02835538752362949,5.364418029785156e-05,1
6846,-2.169677734375,9F,-2.125,9F,-2.125,0.044677734375,0.02059187577360189,0.0019960999488830566,1
6847,0.712890625,2E,0.71875,2D,0.703125,0.009765625,0.0136986301369863,9.5367431640625e-05,0
6848,-0.4970703125,E0,-0.5,E0,-0.5,0.0029296875,0.005893909626719057,8.58306884765625e-06,1
6849,0.025390625,02,0.03125,02,0.03125,0.005859375,0.23076923076923078,3.4332275390625e-05,1
6850,-0.84521484375,CA,-0.84375,CA,-0.84375,0.00146484375,0.0017331022530329288,2.1457672119140625e-06,1
6851,-0.92529296875,C5,-0.921875,C5,-0.921875,0.00341796875,0.0036939313984168864,1.1682510375976562e-05,1
6852,-0.25439453125,F0,-0.25,F0,-0.25,0.00439453125,0.01727447216890595,1.9311904907226562e-05,1
6853,-1.8232421875,A6,-1.8125,A6,-1.8125,0.0107421875,0.0058918050348152114,0.00011539459228515625,1
6854,-0.228271484375,F1,-0.234375,F1,-0.234375,0.006103515625,0.026737967914438502,3.725290298461914e-05,1
6855,0.349609375,16,0.34375,16,0.34375,0.005859375,0.01675977653631285,3.4332275390625e-05,1
6856,-1.124267578125,BC,-1.125,BC,-1.125,0.000732421875,0.0006514657980456026,5.364418029785156e-07,1
6857,-0.524658203125,DE,-0.53125,E0,-0.5,0.024658203125,0.04699860400186133,0.0006080269813537598,0
6858,0.1240234375,08,0.125,08,0.125,0.0009765625,0.007874015748031496,9.5367431640625e-07,1
6859,0.462890625,1E,0.46875,1D,0.453125,0.009765625,0.02109704641350211,9.5367431640625e-05,0
6860,-0.216552734375,F2,-0.21875,F3,-0.203125,0.013427734375,0.06200676437429538,0.00018030405044555664,0
6861,0.04296875,03,0.046875,03,0.046875,0.00390625,0.09090909090909091,1.52587890625e-05,1
6862,0.230224609375,0F,0.234375,0F,0.234375,0.004150390625,0.018027571580063628,1.722574234008789e-05,1
6863,0.2666015625,11,0.265625,10,0.25,0.0166015625,0.06227106227106227,0.00027561187744140625,0
6864,0.1201171875,08,0.125,07,0.109375,0.0107421875,0.08943089430894309,0.00011539459228515625,0
6865,-1.953857421875,A1,-1.96875,A2,-1.9375,0.016357421875,0.00837186055229289,0.0002675652503967285,0
6866,-0.302978515625,ED,-0.296875,EC,-0.3125,0.009521484375,0.031426269137792104,9.065866470336914e-05,0
6867,1.232421875,47,1.21875,48,1.25,0.017578125,0.014263074484944533,0.000308990478515625,0
6868,-0.9716796875,C2,-0.96875,C2,-0.96875,0.0029296875,0.003015075376884422,8.58306884765625e-06,1
6869,0.703125,2D,0.703125,2D,0.703125,0.0,0.0,0.0,1
6870,1.16064453125,45,1.15625,45,1.15625,0.00439453125,0.0037862852334875894,1.9311904907226562e-05,1
6871,-0.100341796875,FA,-0.09375,FA,-0.09375,0.006591796875,0.06569343065693431,4.3451786041259766e-05,1
6872,-0.3828125,E8,-0.375,E8,-0.375,0.0078125,0.02040816326530612,6.103515625e-05,1
6873,-0.0361328125,FE,-0.03125,FF,-0.015625,0.0205078125,0.5675675675675675,0.00042057037353515625,0
6874,0.598876953125,26,0.59375,26,0.59375,0.005126953125,0.008560945780676722,2.6285648345947266e-05,1
6875,-0.9365234375,C4,-0.9375,C4,-0.9375,0.0009765625,0.0010427528675703858,9.5367431640625e-07,1
6876,-0.062744140625,FC,-0.0625,FC,-0.0625,0.000244140625,0.0038910505836575876,5.960464477539063e-08,1
6877,-0.068115234375,FC,-0.0625,FB,-0.078125,0.010009765625,0.14695340501792115,0.00010019540786743164,0
6878,0.40869140625,1A,0.40625,1A,0.40625,0.00244140625,0.005973715651135006,5.9604644775390625e-06,1
6879,-0.503173828125,E0,-0.5,DF,-0.515625,0.012451171875,0.024745269286754003,0.00015503168106079102,0
6880,-0.891357421875,C7,-0.890625,C8,-0.875,0.016357421875,0.018351136674883594,0.0002675652503967285,0
6881,0.603515625,27,0.609375,27,0.609375,0.005859375,0.009708737864077669,3.4332275390625e-05,1
6882,0.626708984375,28,0.625,27,0.609375,0.017333984375,0.02765874561745228,0.00030046701431274414,0
6883,-0.853515625,C9,-0.859375,C9,-0.859375,0.005859375,0.006864988558352402,3.4332275390625e-05,1
6884,-0.17333984375,F5,-0.171875,F4,-0.1875,0.01416015625,0.08169014084507042,0.00020051002502441406,0
6885,0.99267578125,40,1.0,3F,0.984375,0.00830078125,0.008362026561731432,6.890296936035156e-05,0
6886,0.9990234375,40,1.0,40,1.0,0.0009765625,0.0009775171065493646,9.5367431640625e-07,1
6887,0.767822265625,31,0.765625,31,0.765625,0.002197265625,0.002861685214626391,4.827976226806641e-06,1
6888,1.241943359375,48,1.25,48,1.25,0.008056640625,0.0064871240416748575,6.490945816040039e-05,1
6889,-0.532958984375,DE,-0.53125,DE,-0.53125,0.001708984375,0.00320659642693541,2.9206275939941406e-06,1
6890,1.24609375,48,1.25,48,1.25,0.00390625,0.003134796238244514,1.52587890625e-05,1
6891,-0.256591796875,F0,-0.25,F0,-0.25,0.006591796875,0.025689819219790674,4.3451786041259766e-05,1
6892,-1.326904296875,B6,-1.3125,B6,-1.3125,0.014404296875,0.010855565777368905,0.00020748376846313477,1
6893,1.073486328125,42,1.0625,42,1.0625,0.010986328125,0.010234250625426428,0.00012069940567016602,1
6894,0.13720703125,09,0.140625,09,0.140625,0.00341796875,0.02491103202846975,1.1682510375976562e-05,1
6895,-0.1962890625,F3,-0.203125,F3,-0.203125,0.0068359375,0.03482587064676617,4.673004150390625e-05,1
6896,0.345947265625,16,0.34375,15,0.328125,0.017822265625,0.051517290049400144,0.00031763315200805664,0
6897,-1.79931640625,A6,-1.8125,A6,-1.8125,0.01318359375,0.007327001356852103,0.00017380714416503906,1
6898,-0.48583984375,E1,-0.484375,E0,-0.5,0.01416015625,0.02914572864321608,0.00020051002502441406,0
6899,-0.987548828125,C1,-0.984375,C0,-1.0,0.012451171875,0.012608158220024722,0.00015503168106079102,0
6900,-0.4267578125,E5,-0.421875,E5,-0.421875,0.0048828125,0.011441647597254004,2.384185791015625e-05,1
6901,-0.53076171875,DE,-0.53125,DF,-0.515625,0.01513671875,0.028518859245630176,0.00022912025451660156,0
6902,-0.861083984375,C9,-0.859375,C8,-0.875,0.013916015625,0.016161043379642755,0.00019365549087524414,0
6903,-0.73681640625,D1,-0.734375,D1,-0.734375,0.00244140625,0.0033134526176275677,5.9604644775390625e-06,1
6904,0.025146484375,02,0.03125,01,0.015625,0.009521484375,0.3786407766990291,9.065866470336914e-05,0
6905,1.55126953125,52,1.5625,51,1.53125,0.02001953125,0.012905256531318854,0.00040078163146972656,0
6906,-1.2216796875,B9,-1.21875,B9,-1.21875,0.0029296875,0.002398081534772182,8.58306884765625e-06,1
6907,0.98828125,3F,0.984375,40,1.0,0.01171875,0.011857707509881422,0.0001373291015625,0
6908,1.076904296875,42,1.0625,42,1.0625,0.014404296875,0.013375651779641805,0.00020748376846313477,1
6909,0.917236328125,3B,0.921875,3A,0.90625,0.010986328125,0.011977641735427202,0.00012069940567016602,0
6910,1.33740234375,4B,1.34375,4A,1.3125,0.02490234375,0.018619934282584884,0.0006201267242431641,0
6911,1.174560546875,46,1.1875,46,1.1875,0.012939453125,0.01101642070255664,0.00016742944717407227,1
6912,0.238525390625,0F,0.234375,0F,0.234375,0.004150390625,0.017400204708290685,1.722574234008789e-05,1
6913,-0.198974609375,F3,-0.203125,F4,-0.1875,0.011474609375,0.05766871165644172,0.0001316666603088379,0
6914,0.852294921875,37,0.859375,37,0.859375,0.007080078125,0.008307075336579777,5.0127506256103516e-05,1
6915,-0.102294921875,F9,-0.109375,F9,-0.109375,0.007080078125,0.06921241050119331,5.0127506256103516e-05,1
6916,-0.1796875,F4,-0.1875,F4,-0.1875,0.0078125,0.043478260869565216,6.103515625e-05,1
6917,0.22802734375,0F,0.234375,0F,0.234375,0.00634765625,0.027837259100642397,4.029273986816406e-05,1
6918,-0.40380859375,E6,-0.40625,E6,-0.40625,0.00244140625,0.006045949214026602,5.9604644775390625e-06,1
6919,-0.143798828125,F7,-0.140625,F8,-0.125,0.018798828125,0.1307300509337861,0.000353395938873291,0
6920,-0.30419921875,ED,-0.296875,EC,-0.3125,0.00830078125,0.027287319422150885,6.890296936035156e-05,0
6921,-0.494140625,E0,-0.5,E0,-0.5,0.005859375,0.011857707509881422,3.4332275390625e-05,1
6922,0.37255859375,18,0.375,17,0.359375,0.01318359375,0.035386631716906945,0.00017380714416503906,0
6923,0.54833984375,23,0.546875,23,0.546875,0.00146484375,0.0026714158504007124,2.1457672119140625e-06,1
6924,0.68994140625,2C,0.6875,2D,0.703125,0.01318359375,0.01910828025477707,0.00017380714416503906,0
6925,0.5029296875,20,0.5,20,0.5,0.0029296875,0.005825242718446602,8.58306884765625e-06,1
6926,0.568115234375,24,0.5625,25,0.578125,0.010009765625,0.017619252256123763,0.00010019540786743164,0
6927,0.07666015625,05,0.078125,05,0.078125,0.00146484375,0.01910828025477707,2.1457672119140625e-06,1
6928,0.439697265625,1C,0.4375,1D,0.453125,0.013427734375,0.03053858967240422,0.00018030405044555664,0
6929,-0.65185546875,D6,-0.65625,D6,-0.65625,0.00439453125,0.006741573033707865,1.9311904907226562e-05,1
6930,0.42236328125,1B,0.421875,1B,0.421875,0.00048828125,0.0011560693641618498,2.384185791015625e-07,1
6931,-1.253173828125,B8,-1.25,B8,-1.25,0.003173828125,0.002532631989090201,1.0073184967041016e-05,1
6932,-0.065185546875,FC,-0.0625,FD,-0.046875,0.018310546875,0.2808988764044944,0.00033527612686157227,0
6933,0.71875,2E,0.71875,2E,0.71875,0.0,0.0,0.0,1
6934,0.331298828125,15,0.328125,14,0.3125,0.018798828125,0.056742815033161385,0.000353395938873291,0
6935,-0.919921875,C5,-0.921875,C5,-0.921875,0.001953125,0.0021231422505307855,3.814697265625e-06,1
6936,0.65185546875,2A,0.65625,2A,0.65625,0.00439453125,0.006741573033707865,1.9311904907226562e-05,1
6937,0.088134765625,06,0.09375,06,0.09375,0.005615234375,0.06371191135734072,3.153085708618164e-05,1
6938,0.3447265625,16,0.34375,16,0.34375,0.0009765625,0.0028328611898017,9.5367431640625e-07,1
6939,-0.533447265625,DE,-0.53125,DE,-0.53125,0.002197265625,0.004118993135011442,4.827976226806641e-06,1
6940,0.25,10,0.25,0F,0.234375,0.015625,0.0625,0.000244140625,0
6941,-0.25244140625,F0,-0.25,F0,-0.25,0.00244140625,0.009671179883945842,5.9604644775390625e-06,1
6942,0.157958984375,0A,0.15625,0A,0.15625,0.001708984375,0.010819165378670788,2.9206275939941406e-06,1
6943,-0.5546875,DC,-0.5625,DC,-0.5625,0.0078125,0.014084507042253521,6.103515625e-05,1
6944,0.33984375,16,0.34375,15,0.328125,0.01171875,0.034482758620689655,0.0001373291015625,0
6945,-0.794677734375,CD,-0.796875,CC,-0.8125,0.017822265625,0.022427035330261136,0.00031763315200805664,0
6946,-0.6591796875,D6,-0.65625,D6,-0.65625,0.0029296875,0.0044444444444444444,8.58306884765625e-06,1
6947,-1.13720703125,BC,-1.125,BB,-1.15625,0.01904296875,0.016745384285100903,0.00036263465881347656,0
6948,-1.11328125,BC,-1.125,BC,-1.125,0.01171875,0.010526315789473684,0.0001373291015625,1
6949,-0.1513671875,F6,-0.15625,F6,-0.15625,0.0048828125,0.03225806451612903,2.384185791015625e-05,1
6950,-0.125,F8,-0.125,F8,-0.125,0.0,0.0,0.0,1
6951,1.041748046875,41,1.03125,42,1.0625,0.020751953125,0.0199203187250996,0.00043064355850219727,0
6952,0.00146484375,01,0.015625,00,0.0,0.00146484375,1.0,2.1457672119140625e-06,0
6953,0.755126953125,30,0.75,30,0.75,0.005126953125,0.006789524733268671,2.6285648345947266e-05,1
6954,1.3291015625,4B,1.34375,4A,1.3125,0.0166015625,0.012490815576781777,0.00027561187744140625,0
6955,0.111572265625,07,0.109375,06,0.09375,0.017822265625,0.15973741794310722,0.00031763315200805664,0
6956,1.10107421875,43,1.09375,44,1.125,0.02392578125,0.021729490022172948,0.0005724430084228516,0
6957,-1.802978515625,A6,-1.8125,A6,-1.8125,0.009521484375,0.005280974949221395,9.065866470336914e-05,1
6958,-0.352294921875,E9,-0.359375,EA,-0.34375,0.008544921875,0.024255024255024255,7.301568984985352e-05,0
6959,-0.226318359375,F2,-0.21875,F1,-0.234375,0.008056640625,0.03559870550161812,6.490945816040039e-05,0
6960,0.395263671875,19,0.390625,19,0.390625,0.004638671875,0.01173563928350834,2.1517276763916016e-05,1
6961,-0.030517578125,FE,-0.03125,FE,-0.03125,0.000732421875,0.024,5.364418029785156e-07,1
6962,1.04150390625,41,1.03125,42,1.0625,0.02099609375,0.02015939990623535,0.00044083595275878906,0
6963,-0.5478515625,DD,-0.546875,DE,-0.53125,0.0166015625,0.030303030303030304,0.00027561187744140625,0
6964,0.789794921875,33,0.796875,31,0.765625,0.024169921875,0.030602782071097373,0.0005841851234436035,0
6965,-1.3603515625,B4,-1.375,B4,-1.375,0.0146484375,0.010768126346015794,0.00021457672119140625,1
6966,0.189453125,0C,0.1875,0C,0.1875,0.001953125,0.010309278350515464,3.814697265625e-06,1
6967,0.0322265625,02,0.03125,02,0.03125,0.0009765625,0.030303030303030304,9.5367431640625e-07,1
6968,0.060302734375,04,0.0625,04,0.0625,0.002197265625,0.03643724696356275,4.827976226806641e-06,1
6969,-1.7109375,A9,-1.71875,AA,-1.6875,0.0234375,0.0136986301369863,0.00054931640625,0
6970,-0.14404296875,F7,-0.140625,F7,-0.140625,0.00341796875,0.023728813559322035,1.1682510375976562e-05,1
6971,0.778564453125,32,0.78125,32,0.78125,0.002685546875,0.003449357165255566,7.212162017822266e-06,1
6972,-1.55810546875,AE,-1.5625,AF,-1.53125,0.02685546875,0.01723597618301473,0.0007212162017822266,0
6973,-0.771484375,CF,-0.765625,CF,-0.765625,0.005859375,0.007594936708860759,3.4332275390625e-05,1
6974,0.016357421875,01,0.015625,02,0.03125,0.014892578125,0.9104477611940298,0.00022178888320922852,0
6975,-0.297119140625,ED,-0.296875,ED,-0.296875,0.000244140625,0.0008216926869350862,5.960464477539063e-08,1
6976,0.157470703125,0A,0.15625,0A,0.15625,0.001220703125,0.007751937984496124,1.4901161193847656e-06,1
6977,0.6318359375,28,0.625,29,0.640625,0.0087890625,0.013910355486862442,7.724761962890625e-05,0
6978,0.465576171875,1E,0.46875,1D,0.453125,0.012451171875,0.026743576297850027,0.00015503168106079102,0
6979,-1.120361328125,BC,-1.125,BC,-1.125,0.004638671875,0.004140335585094792,2.1517276763916016e-05,1
6980,-0.4873046875,E1,-0.484375,E0,-0.5,0.0126953125,0.026052104208416832,0.00016117095947265625,0
6981,0.96142578125,3E,0.96875,3E,0.96875,0.00732421875,0.007618080243778568,5.364418029785156e-05,1
6982,-0.563232421875,DC,-0.5625,DB,-0.578125,0.014892578125,0.026441265713047248,0.00022178888320922852,0
6983,-0.534912109375,DE,-0.53125,DF,-0.515625,0.019287109375,0.03605659516202647,0.0003719925880432129,0
6984,-2.106689453125,9F,-2.125,9F,-2.125,0.018310546875,0.008691621277088887,0.00033527612686157227,1
6985,1.14599609375,45,1.15625,44,1.125,0.02099609375,0.018321261184490838,0.00044083595275878906,0
6986,0.965087890625,3E,0.96875,3D,0.953125,0.011962890625,0.012395648874272705,0.0001431107521057129,0
6987,2.170166015625,61,2.125,61,2.125,0.045166015625,0.020812239847001913,0.002039968967437744,1
6988,0.89013671875,39,0.890625,39,0.890625,0.00048828125,0.0005485463521667581,2.384185791015625e-07,1
6989,1.460693359375,4F,1.46875,50,1.5,0.039306640625,0.026909577135216446,0.0015450119972229004,0
6990,1.28466796875,49,1.28125,48,1.25,0.03466796875,0.026985936906119345,0.0012018680572509766,0
6991,-0.079345703125,FB,-0.078125,FB,-0.078125,0.001220703125,0.015384615384615385,1.4901161193847656e-06,1
6992,0.353271484375,17,0.359375,17,0.359375,0.006103515625,0.017277125086385625,3.725290298461914e-05,1
6993,-1.229248046875,B9,-1.21875,B8,-1.25,0.020751953125,0.016881827209533268,0.00043064355850219727,0
6994,0.093994140625,06,0.09375,06,0.09375,0.000244140625,0.0025974025974025974,5.960464477539063e-08,1
6995,0.139892578125,09,0.140625,0A,0.15625,0.016357421875,0.1169284467713787,0.0002675652503967285,0
6996,0.053955078125,03,0.046875,04,0.0625,0.008544921875,0.1583710407239819,7.301568984985352e-05,0
6997,0.5537109375,23,0.546875,23,0.546875,0.0068359375,0.012345679012345678,4.673004150390625e-05,1
6998,-2.505859375,9C,-2.5,9C,-2.5,0.005859375,0.002338269680436477,3.4332275390625e-05,1
6999,-0.226318359375,F2,-0.21875,F1,-0.234375,0.008056640625,0.03559870550161812,6.490945816040039e-05,0
7000,0.3623046875,17,0.359375,18,0.375,0.0126953125,0.03504043126684636,0.00016117095947265625,0
7001,0.238037109375,0F,0.234375,0E,0.21875,0.019287109375,0.08102564102564103,0.0003719925880432129,0
7002,-0.3193359375,EC,-0.3125,EC,-0.3125,0.0068359375,0.021406727828746176,4.673004150390625e-05,1
7003,-1.307373046875,B6,-1.3125,B6,-1.3125,0.005126953125,0.00392156862745098,2.6285648345947266e-05,1
7004,-0.327880859375,EB,-0.328125,EB,-0.328125,0.000244140625,0.0007446016381236039,5.960464477539063e-08,1
7005,-0.177490234375,F5,-0.171875,F4,-0.1875,0.010009765625,0.05639614855570839,0.00010019540786743164,0
7006,0.472900390625,1E,0.46875,1E,0.46875,0.004150390625,0.008776458440887971,1.722574234008789e-05,1
7007,-1.367919921875,B4,-1.375,B4,-1.375,0.007080078125,0.005175798679278957,5.0127506256103516e-05,1
7008,-0.065185546875,FC,-0.0625,FC,-0.0625,0.002685546875,0.04119850187265917,7.212162017822266e-06,1
7009,-0.780517578125,CE,-0.78125,CE,-0.78125,0.000732421875,0.0009383797309978105,5.364418029785156e-07,1
7010,2.24169921875,62,2.25,62,2.25,0.00830078125,0.0037028969723371815,6.890296936035156e-05,1
7011,0.058837890625,04,0.0625,04,0.0625,0.003662109375,0.06224066390041494,1.341104507446289e-05,1
7012,-1.67041015625,AB,-1.65625,AB,-1.65625,0.01416015625,0.008477053493130663,0.00020051002502441406,1
7013,0.7744140625,32,0.78125,31,0.765625,0.0087890625,0.011349306431273645,7.724761962890625e-05,0
7014,-0.578125,DB,-0.578125,DC,-0.5625,0.015625,0.02702702702702703,0.000244140625,0
7015,-1.153076171875,BB,-1.15625,BC,-1.125,0.028076171875,0.024348930764344696,0.000788271427154541,0
7016,0.56640625,24,0.5625,24,0.5625,0.00390625,0.006896551724137931,1.52587890625e-05,1
7017,-0.61865234375,D8,-0.625,D9,-0.609375,0.00927734375,0.01499605367008682,8.606910705566406e-05,0
7018,0.379150390625,18,0.375,18,0.375,0.004150390625,0.010946555054732776,1.722574234008789e-05,1
7019,-0.5009765625,E0,-0.5,E0,-0.5,0.0009765625,0.001949317738791423,9.5367431640625e-07,1
7020,0.75048828125,30,0.75,30,0.75,0.00048828125,0.0006506180871828237,2.384185791015625e-07,1
7021,-0.677001953125,D5,-0.671875,D4,-0.6875,0.010498046875,0.015506671474936892,0.00011020898818969727,0
7022,1.19970703125,46,1.1875,46,1.1875,0.01220703125,0.010175010175010175,0.00014901161193847656,1
7023,0.337890625,16,0.34375,16,0.34375,0.005859375,0.017341040462427744,3.4332275390625e-05,1
7024,0.655029296875,2A,0.65625,29,0.640625,0.014404296875,0.021990309355199404,0.00020748376846313477,0
7025,1.6875,56,1.6875,56,1.6875,0.0,0.0,0.0,1
7026,0.39501953125,19,0.390625,19,0.390625,0.00439453125,0.011124845488257108,1.9311904907226562e-05,1
7027,0.379638671875,18,0.375,18,0.375,0.004638671875,0.012218649517684888,2.1517276763916016e-05,1
7028,2.41943359375,63,2.375,63,2.375,0.04443359375,0.018365287588294654,0.001974344253540039,1
7029,0.43115234375,1C,0.4375,1B,0.421875,0.00927734375,0.021517553793884484,8.606910705566406e-05,0
7030,0.447021484375,1D,0.453125,1D,0.453125,0.006103515625,0.013653741125068269,3.725290298461914e-05,1
7031,0.035400390625,02,0.03125,02,0.03125,0.004150390625,0.11724137931034483,1.722574234008789e-05,1
7032,-0.8837890625,C7,-0.890625,C8,-0.875,0.0087890625,0.009944751381215469,7.724761962890625e-05,0
7033,0.2158203125,0E,0.21875,0E,0.21875,0.0029296875,0.013574660633484163,8.58306884765625e-06,1
7034,-0.350830078125,EA,-0.34375,EA,-0.34375,0.007080078125,0.020180932498260265,5.0127506256103516e-05,1
7035,0.084716796875,05,0.078125,05,0.078125,0.006591796875,0.07780979827089338,4.3451786041259766e-05,1
7036,-1.215087890625,B9,-1.21875,B9,-1.21875,0.003662109375,0.0030138637733574444,1.341104507446289e-05,1
7037,1.7177734375,57,1.71875,58,1.75,0.0322265625,0.018760659465605456,0.0010385513305664062,0
7038,0.44970703125,1D,0.453125,1E,0.46875,0.01904296875,0.04234527687296417,0.00036263465881347656,0
7039,-2.05810546875,A0,-2.0,A0,-2.0,0.05810546875,0.02823250296559905,0.0033762454986572266,1
7040,1.30712890625,4A,1.3125,4A,1.3125,0.00537109375,0.004109077325364214,2.8848648071289062e-05,1
7041,-0.045654296875,FD,-0.046875,FD,-0.046875,0.001220703125,0.026737967914438502,1.4901161193847656e-06,1
7042,0.27490234375,12,0.28125,11,0.265625,0.00927734375,0.03374777975133215,8.606910705566406e-05,0
7043,-0.05322265625,FD,-0.046875,FD,-0.046875,0.00634765625,0.11926605504587157,4.029273986816406e-05,1
7044,-0.704833984375,D3,-0.703125,D3,-0.703125,0.001708984375,0.0024246622791825423,2.9206275939941406e-06,1
7045,-1.105224609375,BD,-1.09375,BC,-1.125,0.019775390625,0.017892644135188866,0.0003910660743713379,0
7046,0.366455078125,17,0.359375,17,0.359375,0.007080078125,0.019320453031312457,5.0127506256103516e-05,1
7047,0.40771484375,1A,0.40625,1A,0.40625,0.00146484375,0.003592814371257485,2.1457672119140625e-06,1
7048,0.118896484375,08,0.125,09,0.140625,0.021728515625,0.18275154004106775,0.00047212839126586914,0
7049,0.522216796875,21,0.515625,21,0.515625,0.006591796875,0.012622720897615708,4.3451786041259766e-05,1
7050,0.063720703125,04,0.0625,05,0.078125,0.014404296875,0.2260536398467433,0.00020748376846313477,0
7051,-0.06298828125,FC,-0.0625,FB,-0.078125,0.01513671875,0.24031007751937986,0.00022912025451660156,0
7052,0.598388671875,26,0.59375,26,0.59375,0.004638671875,0.007751937984496124,2.1517276763916016e-05,1
7053,0.68798828125,2C,0.6875,2D,0.703125,0.01513671875,0.0220014194464159,0.00022912025451660156,0
7054,0.64501953125,29,0.640625,29,0.640625,0.00439453125,0.006813020439061317,1.9311904907226562e-05,1
7055,-1.94921875,A2,-1.9375,A2,-1.9375,0.01171875,0.006012024048096192,0.0001373291015625,1
7056,-0.6943359375,D4,-0.6875,D3,-0.703125,0.0087890625,0.012658227848101266,7.724761962890625e-05,0
7057,0.336181640625,16,0.34375,15,0.328125,0.008056640625,0.023965141612200435,6.490945816040039e-05,0
7058,0.537109375,22,0.53125,22,0.53125,0.005859375,0.01090909090909091,3.4332275390625e-05,1
7059,0.855224609375,37,0.859375,37,0.859375,0.004150390625,0.004852983157293748,1.722574234008789e-05,1
7060,0.217041015625,0E,0.21875,0D,0.203125,0.013916015625,0.06411698537682789,0.00019365549087524414,0
7061,0.44384765625,1C,0.4375,1D,0.453125,0.00927734375,0.020902090209020903,8.606910705566406e-05,0
7062,-2.26953125,9E,-2.25,9E,-2.25,0.01953125,0.008605851979345954,0.0003814697265625,1
7063,-0.42919921875,E5,-0.421875,E4,-0.4375,0.00830078125,0.019340159271899887,6.890296936035156e-05,0
7064,0.068115234375,04,0.0625,04,0.0625,0.005615234375,0.08243727598566308,3.153085708618164e-05,1
7065,-0.78271484375,CE,-0.78125,CF,-0.765625,0.01708984375,0.021834061135371178,0.00029206275939941406,0
7066,0.09326171875,06,0.09375,05,0.078125,0.01513671875,0.16230366492146597,0.00022912025451660156,0
7067,-1.294189453125,B7,-1.28125,B6,-1.3125,0.018310546875,0.014148273910582909,0.00033527612686157227,0
7068,-0.861572265625,C9,-0.859375,CA,-0.84375,0.017822265625,0.020685746670444885,0.00031763315200805664,0
7069,-0.218505859375,F2,-0.21875,F2,-0.21875,0.000244140625,0.0011173184357541898,5.960464477539063e-08,1
7070,0.132568359375,08,0.125,08,0.125,0.007568359375,0.0570902394106814,5.728006362915039e-05,1
7071,-0.03466796875,FE,-0.03125,FE,-0.03125,0.00341796875,0.09859154929577464,1.1682510375976562e-05,1
7072,0.66943359375,2B,0.671875,2A,0.65625,0.01318359375,0.019693654266958426,0.00017380714416503906,0
7073,0.0283203125,02,0.03125,02,0.03125,0.0029296875,0.10344827586206896,8.58306884765625e-06,1
7074,-0.3125,EC,-0.3125,EC,-0.3125,0.0,0.0,0.0,1
7075,-0.068359375,FC,-0.0625,FB,-0.078125,0.009765625,0.14285714285714285,9.5367431640625e-05,0
7076,-0.7373046875,D1,-0.734375,D0,-0.75,0.0126953125,0.017218543046357615,0.00016117095947265625,0
7077,0.408447265625,1A,0.40625,19,0.390625,0.017822265625,0.04363419007770472,0.00031763315200805664,0
7078,-1.1435546875,BB,-1.15625,BB,-1.15625,0.0126953125,0.011101622544833475,0.00016117095947265625,1
7079,1.018798828125,41,1.03125,41,1.03125,0.012451171875,0.012221423436376708,0.00015503168106079102,1
7080,2.34814453125,63,2.375,63,2.375,0.02685546875,0.011436889166146809,0.0007212162017822266,1
7081,-0.4931640625,E0,-0.5,E0,-0.5,0.0068359375,0.013861386138613862,4.673004150390625e-05,1
7082,0.168701171875,0B,0.171875,0B,0.171875,0.003173828125,0.01881331403762663,1.0073184967041016e-05,1
7083,0.34033203125,16,0.34375,17,0.359375,0.01904296875,0.05595408895265423,0.00036263465881347656,0
7084,0.27734375,12,0.28125,13,0.296875,0.01953125,0.07042253521126761,0.0003814697265625,0
7085,0.903076171875,3A,0.90625,3A,0.90625,0.003173828125,0.003514463368477967,1.0073184967041016e-05,1
7086,-0.085205078125,FB,-0.078125,FC,-0.0625,0.022705078125,0.2664756446991404,0.0005155205726623535,0
7087,-0.2607421875,EF,-0.265625,F0,-0.25,0.0107421875,0.04119850187265917,0.00011539459228515625,0
7088,-0.21728515625,F2,-0.21875,F3,-0.203125,0.01416015625,0.0651685393258427,0.00020051002502441406,0
7089,0.019287109375,01,0.015625,02,0.03125,0.011962890625,0.620253164556962,0.0001431107521057129,0
7090,0.645263671875,29,0.640625,29,0.640625,0.004638671875,0.007188800605372683,2.1517276763916016e-05,1
7091,0.570556640625,25,0.578125,24,0.5625,0.008056640625,0.014120667522464698,6.490945816040039e-05,0
7092,-0.354736328125,E9,-0.359375,E9,-0.359375,0.004638671875,0.01307639366827254,2.1517276763916016e-05,1
7093,0.7294921875,2F,0.734375,2F,0.734375,0.0048828125,0.006693440428380187,2.384185791015625e-05,1
7094,0.625244140625,28,0.625,28,0.625,0.000244140625,0.0003904724716907458,5.960464477539063e-08,1
7095,1.3369140625,4B,1.34375,4A,1.3125,0.0244140625,0.018261504747991233,0.0005960464477539062,0
7096,1.119384765625,44,1.125,44,1.125,0.005615234375,0.005016357688113413,3.153085708618164e-05,1
7097,-0.58349609375,DB,-0.578125,DC,-0.5625,0.02099609375,0.03598326359832636,0.00044083595275878906,0
7098,-0.650390625,D6,-0.65625,D7,-0.640625,0.009765625,0.015015015015015015,9.5367431640625e-05,0
7099,1.07763671875,42,1.0625,42,1.0625,0.01513671875,0.014046216583597644,0.00022912025451660156,1
7100,0.731689453125,2F,0.734375,2F,0.734375,0.002685546875,0.003670337003670337,7.212162017822266e-06,1
7101,-0.43701171875,E4,-0.4375,E3,-0.453125,0.01611328125,0.03687150837988827,0.00025963783264160156,0
7102,-0.22314453125,F2,-0.21875,F3,-0.203125,0.02001953125,0.08971553610503283,0.00040078163146972656,0
7103,0.904296875,3A,0.90625,3A,0.90625,0.001953125,0.0021598272138228943,3.814697265625e-06,1
7104,0.9306640625,3C,0.9375,3B,0.921875,0.0087890625,0.00944386149003148,7.724761962890625e-05,0
7105,-1.352783203125,B5,-1.34375,B4,-1.375,0.022216796875,0.016423028334235697,0.0004935860633850098,0
7106,1.46240234375,4F,1.46875,4F,1.46875,0.00634765625,0.004340567612687813,4.029273986816406e-05,1
7107,1.75341796875,58,1.75,58,1.75,0.00341796875,0.001949317738791423,1.1682510375976562e-05,1
7108,-0.712890625,D2,-0.71875,D2,-0.71875,0.005859375,0.00821917808219178,3.4332275390625e-05,1
7109,-1.279296875,B7,-1.28125,B7,-1.28125,0.001953125,0.0015267175572519084,3.814697265625e-06,1
7110,-0.683349609375,D4,-0.6875,D5,-0.671875,0.011474609375,0.01679171132547338,0.0001316666603088379,0
7111,1.2294921875,47,1.21875,48,1.25,0.0205078125,0.016679904686258934,0.00042057037353515625,0
7112,-0.132080078125,F8,-0.125,F8,-0.125,0.007080078125,0.053604436229205174,5.0127506256103516e-05,1
7113,-0.560302734375,DC,-0.5625,DC,-0.5625,0.002197265625,0.00392156862745098,4.827976226806641e-06,1
7114,1.13671875,44,1.125,44,1.125,0.01171875,0.010309278350515464,0.0001373291015625,1
7115,0.616943359375,27,0.609375,27,0.609375,0.007568359375,0.01226751088246933,5.728006362915039e-05,1
7116,0.802490234375,33,0.796875,33,0.796875,0.005615234375,0.0069972619409796166,3.153085708618164e-05,1
7117,0.5400390625,23,0.546875,23,0.546875,0.0068359375,0.012658227848101266,4.673004150390625e-05,1
7118,-1.014404296875,C0,-1.0,C0,-1.0,0.014404296875,0.014199759326113117,0.00020748376846313477,1
7119,0.690673828125,2C,0.6875,2D,0.703125,0.012451171875,0.018027571580063628,0.00015503168106079102,0
7120,0.090087890625,06,0.09375,06,0.09375,0.003662109375,0.04065040650406504,1.341104507446289e-05,1
7121,1.205322265625,47,1.21875,46,1.1875,0.017822265625,0.0147863074741746,0.00031763315200805664,0
7122,-1.89794921875,A3,-1.90625,A4,-1.875,0.02294921875,0.012091587342423462,0.0005266666412353516,0
7123,0.101806640625,07,0.109375,07,0.109375,0.007568359375,0.07434052757793765,5.728006362915039e-05,1
7124,-0.181396484375,F4,-0.1875,F4,-0.1875,0.006103515625,0.033647375504710635,3.725290298461914e-05,1
7125,-0.794189453125,CD,-0.796875,CB,-0.828125,0.033935546875,0.04272978788810329,0.0011516213417053223,0
7126,-0.156005859375,F6,-0.15625,F6,-0.15625,0.000244140625,0.001564945226917058,5.960464477539063e-08,1
7127,-0.8330078125,CB,-0.828125,CA,-0.84375,0.0107421875,0.012895662368112544,0.00011539459228515625,0
7128,-0.203857421875,F3,-0.203125,F2,-0.21875,0.014892578125,0.07305389221556886,0.00022178888320922852,0
7129,-0.553466796875,DD,-0.546875,DC,-0.5625,0.009033203125,0.016321129245699163,8.159875869750977e-05,0
7130,-1.33056640625,B5,-1.34375,B5,-1.34375,0.01318359375,0.009908256880733945,0.00017380714416503906,1
7131,1.4482421875,4E,1.4375,4E,1.4375,0.0107421875,0.007417397167902899,0.00011539459228515625,1
7132,0.542236328125,23,0.546875,23,0.546875,0.004638671875,0.008554705087798289,2.1517276763916016e-05,1
7133,1.0751953125,42,1.0625,42,1.0625,0.0126953125,0.011807447774750226,0.00016117095947265625,1
7134,-1.346923828125,B5,-1.34375,B5,-1.34375,0.003173828125,0.002356353090447707,1.0073184967041016e-05,1
7135,1.17724609375,46,1.1875,46,1.1875,0.01025390625,0.008710078805474907,0.00010514259338378906,1
7136,0.85546875,37,0.859375,36,0.84375,0.01171875,0.0136986301369863,0.0001373291015625,0
7137,0.4921875,20,0.5,1F,0.484375,0.0078125,0.015873015873015872,6.103515625e-05,0
7138,-1.197021484375,BA,-1.1875,BA,-1.1875,0.009521484375,0.007954313685498674,9.065866470336914e-05,1
7139,-0.24609375,F0,-0.25,F1,-0.234375,0.01171875,0.047619047619047616,0.0001373291015625,0
7140,-1.0390625,BF,-1.03125,C0,-1.0,0.0390625,0.03759398496240601,0.00152587890625,0
7141,0.87841796875,38,0.875,38,0.875,0.00341796875,0.0038910505836575876,1.1682510375976562e-05,1
7142,-0.700439453125,D3,-0.703125,D4,-0.6875,0.012939453125,0.018473335657023353,0.00016742944717407227,0
7143,0.3173828125,14,0.3125,14,0.3125,0.0048828125,0.015384615384615385,2.384185791015625e-05,1
7144,0.600341796875,26,0.59375,26,0.59375,0.006591796875,0.010980073200488003,4.3451786041259766e-05,1
7145,1.103515625,43,1.09375,44,1.125,0.021484375,0.019469026548672566,0.000461578369140625,0
7146,0.106201171875,07,0.109375,07,0.109375,0.003173828125,0.029885057471264367,1.0073184967041016e-05,1
7147,-0.4384765625,E4,-0.4375,E4,-0.4375,0.0009765625,0.0022271714922048997,9.5367431640625e-07,1
7148,0.34716796875,16,0.34375,17,0.359375,0.01220703125,0.035161744022503515,0.00014901161193847656,0
7149,1.44775390625,4E,1.4375,4E,1.4375,0.01025390625,0.007082630691399663,0.00010514259338378906,1
7150,-1.12353515625,BC,-1.125,BC,-1.125,0.00146484375,0.001303780964797914,2.1457672119140625e-06,1
7151,1.079345703125,43,1.09375,42,1.0625,0.016845703125,0.015607328658674507,0.00028377771377563477,0
7152,-0.618408203125,D8,-0.625,D9,-0.609375,0.009033203125,0.014607185155941572,8.159875869750977e-05,0
7153,-1.094970703125,BD,-1.09375,BC,-1.125,0.030029296875,0.0274247491638796,0.0009017586708068848,0
7154,0.390380859375,19,0.390625,19,0.390625,0.000244140625,0.0006253908692933083,5.960464477539063e-08,1
7155,0.133056640625,09,0.140625,09,0.140625,0.007568359375,0.05688073394495413,5.728006362915039e-05,1
7156,-1.707275390625,A9,-1.71875,AA,-1.6875,0.019775390625,0.011583011583011582,0.0003910660743713379,0
7157,-0.095458984375,FA,-0.09375,FB,-0.078125,0.017333984375,0.1815856777493606,0.00030046701431274414,0
7158,-0.955078125,C3,-0.953125,C3,-0.953125,0.001953125,0.002044989775051125,3.814697265625e-06,1
7159,0.309814453125,14,0.3125,14,0.3125,0.002685546875,0.008668242710795903,7.212162017822266e-06,1
7160,0.255615234375,10,0.25,10,0.25,0.005615234375,0.021967526265520534,3.153085708618164e-05,1
7161,-0.17138671875,F5,-0.171875,F4,-0.1875,0.01611328125,0.09401709401709402,0.00025963783264160156,0
7162,0.2451171875,10,0.25,10,0.25,0.0048828125,0.0199203187250996,2.384185791015625e-05,1
7163,-0.84375,CA,-0.84375,CA,-0.84375,0.0,0.0,0.0,1
7164,0.22607421875,0E,0.21875,0F,0.234375,0.00830078125,0.0367170626349892,6.890296936035156e-05,0
7165,-0.49169921875,E1,-0.484375,E1,-0.484375,0.00732421875,0.014895729890764648,5.364418029785156e-05,1
7166,-0.810791015625,CC,-0.8125,CD,-0.796875,0.013916015625,0.017163504968383016,0.00019365549087524414,0
7167,-1.19482421875,BA,-1.1875,BA,-1.1875,0.00732421875,0.006129955046996322,5.364418029785156e-05,1
7168,-0.125,F8,-0.125,F8,-0.125,0.0,0.0,0.0,1
7169,-0.126220703125,F8,-0.125,F8,-0.125,0.001220703125,0.009671179883945842,1.4901161193847656e-06,1
7170,0.414306640625,1B,0.421875,1B,0.421875,0.007568359375,0.018267530936947555,5.728006362915039e-05,1
7171,-0.31494140625,EC,-0.3125,EB,-0.328125,0.01318359375,0.04186046511627907,0.00017380714416503906,0
7172,0.3212890625,15,0.328125,14,0.3125,0.0087890625,0.02735562310030395,7.724761962890625e-05,0
7173,-0.5625,DC,-0.5625,DB,-0.578125,0.015625,0.027777777777777776,0.000244140625,0
7174,0.65576171875,2A,0.65625,29,0.640625,0.01513671875,0.02308265078183172,0.00022912025451660156,0
7175,0.764892578125,31,0.765625,32,0.78125,0.016357421875,0.02138525375039898,0.0002675652503967285,0
7176,-1.09130859375,BD,-1.09375,BD,-1.09375,0.00244140625,0.0022371364653243847,5.9604644775390625e-06,1
7177,-0.4931640625,E0,-0.5,E0,-0.5,0.0068359375,0.013861386138613862,4.673004150390625e-05,1
7178,-1.586181640625,AD,-1.59375,AD,-1.59375,0.007568359375,0.004771432969062644,5.728006362915039e-05,1
7179,0.988525390625,3F,0.984375,3F,0.984375,0.004150390625,0.0041985675475426035,1.722574234008789e-05,1
7180,-0.102783203125,F9,-0.109375,F8,-0.125,0.022216796875,0.2161520190023753,0.0004935860633850098,0
7181,-1.028076171875,BF,-1.03125,BF,-1.03125,0.003173828125,0.0030871526953217764,1.0073184967041016e-05,1
7182,-1.331787109375,B5,-1.34375,B5,-1.34375,0.011962890625,0.008982584784601283,0.0001431107521057129,1
7183,-1.858642578125,A5,-1.84375,A5,-1.84375,0.014892578125,0.008012610009194798,0.00022178888320922852,1
7184,1.321533203125,4A,1.3125,4A,1.3125,0.009033203125,0.006835396268243118,8.159875869750977e-05,1
7185,-1.763916015625,A8,-1.75,A8,-1.75,0.013916015625,0.007889273356401385,0.00019365549087524414,1
7186,0.245361328125,10,0.25,10,0.25,0.004638671875,0.01890547263681592,2.1517276763916016e-05,1
7187,0.02392578125,02,0.03125,02,0.03125,0.00732421875,0.30612244897959184,5.364418029785156e-05,1
7188,-0.3115234375,EC,-0.3125,ED,-0.296875,0.0146484375,0.047021943573667714,0.00021457672119140625,0
7189,-0.521240234375,DF,-0.515625,DF,-0.515625,0.005615234375,0.010772833723653397,3.153085708618164e-05,1
7190,0.241455078125,0F,0.234375,0E,0.21875,0.022705078125,0.09403437815975733,0.0005155205726623535,0
7191,1.226806640625,47,1.21875,48,1.25,0.023193359375,0.01890547263681592,0.0005379319190979004,0
7192,1.04931640625,42,1.0625,42,1.0625,0.01318359375,0.012563983248022336,0.00017380714416503906,1
7193,-0.6630859375,D6,-0.65625,D6,-0.65625,0.0068359375,0.010309278350515464,4.673004150390625e-05,1
7194,1.228271484375,47,1.21875,48,1.25,0.021728515625,0.01769032001590141,0.00047212839126586914,0
7195,-0.71875,D2,-0.71875,D2,-0.71875,0.0,0.0,0.0,1
7196,-0.453857421875,E3,-0.453125,E3,-0.453125,0.000732421875,0.0016137708445400753,5.364418029785156e-07,1
7197,0.97802734375,3F,0.984375,3F,0.984375,0.00634765625,0.006490264603095357,4.029273986816406e-05,1
7198,-0.7353515625,D1,-0.734375,D2,-0.71875,0.0166015625,0.02257636122177955,0.00027561187744140625,0
7199,0.49169921875,1F,0.484375,20,0.5,0.00830078125,0.016881827209533268,6.890296936035156e-05,0
7200,-2.088623046875,9F,-2.125,A0,-2.0,0.088623046875,0.042431326709526596,0.007854044437408447,0
7201,0.661865234375,2A,0.65625,2A,0.65625,0.005615234375,0.008483954260420508,3.153085708618164e-05,1
7202,0.019287109375,01,0.015625,02,0.03125,0.011962890625,0.620253164556962,0.0001431107521057129,0
7203,0.649169921875,2A,0.65625,29,0.640625,0.008544921875,0.013162843174125612,7.301568984985352e-05,0
7204,-2.18603515625,9F,-2.125,9F,-2.125,0.06103515625,0.02792048246593701,0.003725290298461914,1
7205,-1.04638671875,BF,-1.03125,BE,-1.0625,0.01611328125,0.015398973401773215,0.00025963783264160156,0
7206,0.19873046875,0D,0.203125,0D,0.203125,0.00439453125,0.022113022113022112,1.9311904907226562e-05,1
7207,-0.67236328125,D5,-0.671875,D5,-0.671875,0.00048828125,0.0007262164124909223,2.384185791015625e-07,1
7208,-0.30712890625,EC,-0.3125,EE,-0.28125,0.02587890625,0.08426073131955485,0.0006697177886962891,0
7209,-0.111572265625,F9,-0.109375,FA,-0.09375,0.017822265625,0.15973741794310722,0.00031763315200805664,0
7210,-1.6005859375,AD,-1.59375,AC,-1.625,0.0244140625,0.01525320317266626,0.0005960464477539062,0
7211,-0.9580078125,C3,-0.953125,C2,-0.96875,0.0107421875,0.011213047910295617,0.00011539459228515625,0
7212,0.379150390625,18,0.375,19,0.390625,0.011474609375,0.030264005151320026,0.0001316666603088379,0
7213,0.267578125,11,0.265625,11,0.265625,0.001953125,0.0072992700729927005,3.814697265625e-06,1
7214,0.281982421875,12,0.28125,13,0.296875,0.014892578125,0.05281385281385281,0.00022178888320922852,0
7215,0.51953125,21,0.515625,22,0.53125,0.01171875,0.022556390977443608,0.0001373291015625,0
7216,0.743408203125,30,0.75,31,0.765625,0.022216796875,0.029885057471264367,0.0004935860633850098,0
7217,0.317626953125,14,0.3125,15,0.328125,0.010498046875,0.033051498847040735,0.00011020898818969727,0
7218,-1.52880859375,AF,-1.53125,B0,-1.5,0.02880859375,0.018843819865857554,0.0008299350738525391,0
7219,-0.494384765625,E0,-0.5,E0,-0.5,0.005615234375,0.011358024691358024,3.153085708618164e-05,1
7220,-0.65234375,D6,-0.65625,D6,-0.65625,0.00390625,0.005988023952095809,1.52587890625e-05,1
7221,-0.732421875,D1,-0.734375,D2,-0.71875,0.013671875,0.018666666666666668,0.000186920166015625,0
7222,-0.174560546875,F5,-0.171875,F5,-0.171875,0.002685546875,0.015384615384615385,7.212162017822266e-06,1
7223,-0.2958984375,ED,-0.296875,ED,-0.296875,0.0009765625,0.0033003300330033004,9.5367431640625e-07,1
7224,0.2294921875,0F,0.234375,0F,0.234375,0.0048828125,0.02127659574468085,2.384185791015625e-05,1
7225,-1.05078125,BE,-1.0625,BE,-1.0625,0.01171875,0.011152416356877323,0.0001373291015625,1
7226,0.4013671875,1A,0.40625,19,0.390625,0.0107421875,0.0267639902676399,0.00011539459228515625,0
7227,-0.421875,E5,-0.421875,E5,-0.421875,0.0,0.0,0.0,1
7228,0.54638671875,23,0.546875,24,0.5625,0.01611328125,0.029490616621983913,0.00025963783264160156,0
7229,-0.4951171875,E0,-0.5,E1,-0.484375,0.0107421875,0.021696252465483234,0.00011539459228515625,0
7230,0.06884765625,04,0.0625,05,0.078125,0.00927734375,0.1347517730496454,8.606910705566406e-05,0
7231,-0.008056640625,FF,-0.015625,FF,-0.015625,0.007568359375,0.9393939393939394,5.728006362915039e-05,1
7232,0.648681640625,2A,0.65625,29,0.640625,0.008056640625,0.012420022581859239,6.490945816040039e-05,0
7233,0.44775390625,1D,0.453125,1D,0.453125,0.00537109375,0.011995637949836423,2.8848648071289062e-05,1
7234,-1.36376953125,B4,-1.375,B4,-1.375,0.01123046875,0.008234872896527032,0.00012612342834472656,1
7235,0.52001953125,21,0.515625,21,0.515625,0.00439453125,0.008450704225352112,1.9311904907226562e-05,1
7236,-1.290771484375,B7,-1.28125,B6,-1.3125,0.021728515625,0.016833743143559676,0.00047212839126586914,0
7237,-1.641845703125,AB,-1.65625,AB,-1.65625,0.014404296875,0.008773234200743494,0.00020748376846313477,1
7238,-0.000732421875,FF,-0.015625,00,0.0,0.000732421875,1.0,5.364418029785156e-07,0
7239,0.093017578125,06,0.09375,06,0.09375,0.000732421875,0.007874015748031496,5.364418029785156e-07,1
7240,-0.563232421875,DC,-0.5625,DD,-0.546875,0.016357421875,0.02904204594711747,0.0002675652503967285,0
7241,0.16943359375,0B,0.171875,0A,0.15625,0.01318359375,0.07780979827089338,0.00017380714416503906,0
7242,1.647705078125,55,1.65625,54,1.625,0.022705078125,0.013779819232478886,0.0005155205726623535,0
7243,-0.630859375,D8,-0.625,D7,-0.640625,0.009765625,0.015479876160990712,9.5367431640625e-05,0
7244,0.308349609375,14,0.3125,14,0.3125,0.004150390625,0.013460015835312747,1.722574234008789e-05,1
7245,-1.832275390625,A5,-1.84375,A6,-1.8125,0.019775390625,0.010792804796802133,0.0003910660743713379,0
7246,0.420166015625,1B,0.421875,1B,0.421875,0.001708984375,0.004067402672864613,2.9206275939941406e-06,1
7247,0.274658203125,12,0.28125,12,0.28125,0.006591796875,0.024,4.3451786041259766e-05,1
7248,1.0234375,41,1.03125,40,1.0,0.0234375,0.022900763358778626,0.00054931640625,0
7249,0.914306640625,3B,0.921875,39,0.890625,0.023681640625,0.02590120160213618,0.0005608201026916504,0
7250,-0.09716796875,FA,-0.09375,FA,-0.09375,0.00341796875,0.035175879396984924,1.1682510375976562e-05,1
7251,0.160888671875,0A,0.15625,0B,0.171875,0.010986328125,0.06828528072837632,0.00012069940567016602,0
7252,1.498046875,50,1.5,50,1.5,0.001953125,0.001303780964797914,3.814697265625e-06,1
7253,-0.271240234375,EF,-0.265625,EF,-0.265625,0.005615234375,0.020702070207020702,3.153085708618164e-05,1
7254,-0.352783203125,E9,-0.359375,EB,-0.328125,0.024658203125,0.0698961937716263,0.0006080269813537598,0
7255,-0.670166015625,D5,-0.671875,D6,-0.65625,0.013916015625,0.020765027322404372,0.00019365549087524414,0
7256,-0.187744140625,F4,-0.1875,F4,-0.1875,0.000244140625,0.0013003901170351106,5.960464477539063e-08,1
7257,1.238525390625,48,1.25,47,1.21875,0.019775390625,0.01596688350088705,0.0003910660743713379,0
7258,0.194091796875,0C,0.1875,0C,0.1875,0.006591796875,0.033962264150943396,4.3451786041259766e-05,1
7259,0.52392578125,22,0.53125,21,0.515625,0.00830078125,0.015843429636533086,6.890296936035156e-05,0
7260,-1.26513671875,B8,-1.25,B7,-1.28125,0.01611328125,0.01273639521420301,0.00025963783264160156,0
7261,0.37255859375,18,0.375,17,0.359375,0.01318359375,0.035386631716906945,0.00017380714416503906,0
7262,-0.884521484375,C7,-0.890625,C7,-0.890625,0.006103515625,0.00690035881865857,3.725290298461914e-05,1
7263,0.31396484375,14,0.3125,14,0.3125,0.00146484375,0.004665629860031105,2.1457672119140625e-06,1
7264,0.045166015625,03,0.046875,04,0.0625,0.017333984375,0.3837837837837838,0.00030046701431274414,0
7265,0.9677734375,3E,0.96875,3E,0.96875,0.0009765625,0.0010090817356205853,9.5367431640625e-07,1
7266,-0.6630859375,D6,-0.65625,D6,-0.65625,0.0068359375,0.010309278350515464,4.673004150390625e-05,1
7267,0.731201171875,2F,0.734375,2F,0.734375,0.003173828125,0.004340567612687813,1.0073184967041016e-05,1
7268,-0.547607421875,DD,-0.546875,DE,-0.53125,0.016357421875,0.029870708872046365,0.0002675652503967285,0
7269,-0.46142578125,E2,-0.46875,E2,-0.46875,0.00732421875,0.015873015873015872,5.364418029785156e-05,1
7270,0.13525390625,09,0.140625,08,0.125,0.01025390625,0.07581227436823104,0.00010514259338378906,0
7271,1.510498046875,50,1.5,50,1.5,0.010498046875,0.0069500565702278975,0.00011020898818969727,1
7272,1.97412109375,5F,1.96875,5F,1.96875,0.00537109375,0.002720751916893396,2.8848648071289062e-05,1
7273,-0.03955078125,FD,-0.046875,FD,-0.046875,0.00732421875,0.18518518518518517,5.364418029785156e-05,1
7274,-0.1318359375,F8,-0.125,F8,-0.125,0.0068359375,0.05185185185185185,4.673004150390625e-05,1
7275,-1.223876953125,B9,-1.21875,B9,-1.21875,0.005126953125,0.004189108318372232,2.6285648345947266e-05,1
7276,-1.81591796875,A6,-1.8125,A6,-1.8125,0.00341796875,0.0018822264049475664,1.1682510375976562e-05,1
7277,-0.27978515625,EE,-0.28125,ED,-0.296875,0.01708984375,0.06108202443280977,0.00029206275939941406,0
7278,-1.064453125,BE,-1.0625,BE,-1.0625,0.001953125,0.001834862385321101,3.814697265625e-06,1
7279,-0.86474609375,C9,-0.859375,C9,-0.859375,0.00537109375,0.006211180124223602,2.8848648071289062e-05,1
7280,0.096435546875,06,0.09375,06,0.09375,0.002685546875,0.027848101265822784,7.212162017822266e-06,1
7281,1.224365234375,47,1.21875,46,1.1875,0.036865234375,0.030109670987038883,0.0013590455055236816,0
7282,-0.208740234375,F3,-0.203125,F3,-0.203125,0.005615234375,0.026900584795321637,3.153085708618164e-05,1
7283,1.239990234375,48,1.25,47,1.21875,0.021240234375,0.017129356172474897,0.00045114755630493164,0
7284,0.27783203125,12,0.28125,11,0.265625,0.01220703125,0.043936731107205626,0.00014901161193847656,0
7285,-0.099609375,FA,-0.09375,F9,-0.109375,0.009765625,0.09803921568627451,9.5367431640625e-05,0
7286,1.529296875,51,1.53125,50,1.5,0.029296875,0.019157088122605363,0.000858306884765625,0
7287,0.1748046875,0B,0.171875,0C,0.1875,0.0126953125,0.07262569832402235,0.00016117095947265625,0
7288,1.28369140625,49,1.28125,49,1.28125,0.00244140625,0.001901863826550019,5.9604644775390625e-06,1
7289,-0.55859375,DC,-0.5625,DC,-0.5625,0.00390625,0.006993006993006993,1.52587890625e-05,1
7290,1.9345703125,5E,1.9375,5E,1.9375,0.0029296875,0.001514386673397274,8.58306884765625e-06,1
7291,0.0234375,02,0.03125,03,0.046875,0.0234375,1.0,0.00054931640625,0
7292,0.539306640625,23,0.546875,23,0.546875,0.007568359375,0.01403349932095971,5.728006362915039e-05,1
7293,-0.1943359375,F4,-0.1875,F3,-0.203125,0.0087890625,0.04522613065326633,7.724761962890625e-05,0
7294,-0.289794921875,ED,-0.296875,ED,-0.296875,0.007080078125,0.02443133951137321,5.0127506256103516e-05,1
7295,-0.134033203125,F7,-0.140625,F7,-0.140625,0.006591796875,0.04918032786885246,4.3451786041259766e-05,1
7296,-0.922119140625,C5,-0.921875,C5,-0.921875,0.000244140625,0.00026476039184537993,5.960464477539063e-08,1
7297,-0.773681640625,CE,-0.78125,CE,-0.78125,0.007568359375,0.009782265698958662,5.728006362915039e-05,1
7298,-0.728515625,D1,-0.734375,D2,-0.71875,0.009765625,0.013404825737265416,9.5367431640625e-05,0
7299,-1.059814453125,BE,-1.0625,BE,-1.0625,0.002685546875,0.002533978346003225,7.212162017822266e-06,1
7300,1.67822265625,56,1.6875,56,1.6875,0.00927734375,0.005528076811172534,8.606910705566406e-05,1
7301,0.7412109375,2F,0.734375,30,0.75,0.0087890625,0.011857707509881422,7.724761962890625e-05,0
7302,-0.895751953125,C7,-0.890625,C7,-0.890625,0.005126953125,0.005723630417007359,2.6285648345947266e-05,1
7303,-0.572021484375,DB,-0.578125,DB,-0.578125,0.006103515625,0.010670081092616303,3.725290298461914e-05,1
7304,-0.35546875,E9,-0.359375,EA,-0.34375,0.01171875,0.03296703296703297,0.0001373291015625,0
7305,0.0693359375,04,0.0625,05,0.078125,0.0087890625,0.1267605633802817,7.724761962890625e-05,0
7306,1.173095703125,46,1.1875,46,1.1875,0.014404296875,0.012278876170655567,0.00020748376846313477,1
7307,-1.63525390625,AC,-1.625,AC,-1.625,0.01025390625,0.006270528515974918,0.00010514259338378906,1
7308,0.3876953125,19,0.390625,19,0.390625,0.0029296875,0.007556675062972292,8.58306884765625e-06,1
7309,-0.376220703125,E8,-0.375,E8,-0.375,0.001220703125,0.003244646333549643,1.4901161193847656e-06,1
7310,-0.177978515625,F5,-0.171875,F5,-0.171875,0.006103515625,0.03429355281207133,3.725290298461914e-05,1
7311,1.606201171875,53,1.59375,54,1.625,0.018798828125,0.01170390636874905,0.000353395938873291,0
7312,0.22412109375,0E,0.21875,0E,0.21875,0.00537109375,0.023965141612200435,2.8848648071289062e-05,1
7313,0.3466796875,16,0.34375,16,0.34375,0.0029296875,0.008450704225352112,8.58306884765625e-06,1
7314,0.839599609375,36,0.84375,35,0.828125,0.011474609375,0.013666763594068043,0.0001316666603088379,0
7315,-0.26708984375,EF,-0.265625,EF,-0.265625,0.00146484375,0.005484460694698354,2.1457672119140625e-06,1
7316,0.552978515625,23,0.546875,23,0.546875,0.006103515625,0.011037527593818985,3.725290298461914e-05,1
7317,0.499267578125,20,0.5,21,0.515625,0.016357421875,0.03276283618581907,0.0002675652503967285,0
7318,0.618896484375,28,0.625,28,0.625,0.006103515625,0.009861932938856016,3.725290298461914e-05,1
7319,-1.49609375,B0,-1.5,B0,-1.5,0.00390625,0.0026109660574412533,1.52587890625e-05,1
7320,-0.208984375,F3,-0.203125,F3,-0.203125,0.005859375,0.028037383177570093,3.4332275390625e-05,1
7321,-0.72802734375,D1,-0.734375,D1,-0.734375,0.00634765625,0.008718980549966466,4.029273986816406e-05,1
7322,0.6318359375,28,0.625,29,0.640625,0.0087890625,0.013910355486862442,7.724761962890625e-05,0
7323,-0.712890625,D2,-0.71875,D2,-0.71875,0.005859375,0.00821917808219178,3.4332275390625e-05,1
7324,-1.93115234375,A2,-1.9375,A2,-1.9375,0.00634765625,0.0032869785082174463,4.029273986816406e-05,1
7325,-0.10205078125,F9,-0.109375,F8,-0.125,0.02294921875,0.22488038277511962,0.0005266666412353516,0
7326,-0.030029296875,FE,-0.03125,FE,-0.03125,0.001220703125,0.04065040650406504,1.4901161193847656e-06,1
7327,-0.677978515625,D5,-0.671875,D4,-0.6875,0.009521484375,0.014043932301044292,9.065866470336914e-05,0
7328,-0.95654296875,C3,-0.953125,C3,-0.953125,0.00341796875,0.0035732516590096988,1.1682510375976562e-05,1
7329,1.189208984375,46,1.1875,46,1.1875,0.001708984375,0.0014370765756518168,2.9206275939941406e-06,1
7330,-0.065185546875,FC,-0.0625,FB,-0.078125,0.012939453125,0.19850187265917604,0.00016742944717407227,0
7331,-0.378173828125,E8,-0.375,E8,-0.375,0.003173828125,0.008392511297611363,1.0073184967041016e-05,1
7332,-0.96533203125,C2,-0.96875,C3,-0.953125,0.01220703125,0.012645422357106728,0.00014901161193847656,0
7333,-1.914306640625,A3,-1.90625,A3,-1.90625,0.008056640625,0.004208646856268333,6.490945816040039e-05,1
7334,0.271240234375,11,0.265625,11,0.265625,0.005615234375,0.020702070207020702,3.153085708618164e-05,1
7335,0.15673828125,0A,0.15625,0B,0.171875,0.01513671875,0.09657320872274143,0.00022912025451660156,0
7336,0.2734375,12,0.28125,11,0.265625,0.0078125,0.02857142857142857,6.103515625e-05,0
7337,0.9658203125,3E,0.96875,3D,0.953125,0.0126953125,0.01314459049544995,0.00016117095947265625,0
7338,1.113037109375,44,1.125,44,1.125,0.011962890625,0.010747971046282079,0.0001431107521057129,1
7339,1.50537109375,50,1.5,50,1.5,0.00537109375,0.0035679532922478106,2.8848648071289062e-05,1
7340,-1.25341796875,B8,-1.25,B8,-1.25,0.00341796875,0.0027269185820023374,1.1682510375976562e-05,1
7341,0.168701171875,0B,0.171875,0B,0.171875,0.003173828125,0.01881331403762663,1.0073184967041016e-05,1
7342,0.77734375,32,0.78125,31,0.765625,0.01171875,0.01507537688442211,0.0001373291015625,0
7343,0.10009765625,06,0.09375,06,0.09375,0.00634765625,0.06341463414634146,4.029273986816406e-05,1
7344,0.516357421875,21,0.515625,21,0.515625,0.000732421875,0.0014184397163120568,5.364418029785156e-07,1
7345,-1.15380859375,BB,-1.15625,BA,-1.1875,0.03369140625,0.02920016927634363,0.001135110855102539,0
7346,1.454345703125,4F,1.46875,4F,1.46875,0.014404296875,0.009904314252140339,0.00020748376846313477,1
7347,-1.04150390625,BF,-1.03125,BE,-1.0625,0.02099609375,0.02015939990623535,0.00044083595275878906,0
7348,1.1416015625,45,1.15625,44,1.125,0.0166015625,0.01454234388366125,0.00027561187744140625,0
7349,0.462890625,1E,0.46875,1D,0.453125,0.009765625,0.02109704641350211,9.5367431640625e-05,0
7350,0.775390625,32,0.78125,32,0.78125,0.005859375,0.007556675062972292,3.4332275390625e-05,1
7351,0.845947265625,36,0.84375,36,0.84375,0.002197265625,0.0025974025974025974,4.827976226806641e-06,1
7352,-0.722412109375,D2,-0.71875,D1,-0.734375,0.011962890625,0.016559648529908752,0.0001431107521057129,0
7353,-1.193359375,BA,-1.1875,BA,-1.1875,0.005859375,0.004909983633387889,3.4332275390625e-05,1
7354,0.806884765625,34,0.8125,33,0.796875,0.010009765625,0.012405446293494705,0.00010019540786743164,0
7355,-0.569580078125,DC,-0.5625,DC,-0.5625,0.007080078125,0.012430347192456065,5.0127506256103516e-05,1
7356,1.4833984375,4F,1.46875,50,1.5,0.0166015625,0.01119157340355497,0.00027561187744140625,0
7357,2.1357421875,61,2.125,61,2.125,0.0107421875,0.005029721079103796,0.00011539459228515625,1
7358,-0.046630859375,FD,-0.046875,FD,-0.046875,0.000244140625,0.005235602094240838,5.960464477539063e-08,1
7359,-0.13525390625,F7,-0.140625,F7,-0.140625,0.00537109375,0.039711191335740074,2.8848648071289062e-05,1
7360,0.1904296875,0C,0.1875,0C,0.1875,0.0029296875,0.015384615384615385,8.58306884765625e-06,1
7361,-0.02490234375,FE,-0.03125,FE,-0.03125,0.00634765625,0.2549019607843137,4.029273986816406e-05,1
7362,0.7197265625,2E,0.71875,2E,0.71875,0.0009765625,0.0013568521031207597,9.5367431640625e-07,1
7363,-1.110107421875,BC,-1.125,BD,-1.09375,0.016357421875,0.014734990103364856,0.0002675652503967285,0
7364,0.236572265625,0F,0.234375,0F,0.234375,0.002197265625,0.009287925696594427,4.827976226806641e-06,1
7365,0.705322265625,2D,0.703125,2D,0.703125,0.002197265625,0.003115264797507788,4.827976226806641e-06,1
7366,1.069580078125,42,1.0625,43,1.09375,0.024169921875,0.022597580461081946,0.0005841851234436035,0
7367,-1.351318359375,B5,-1.34375,B5,-1.34375,0.007568359375,0.005600722673893405,5.728006362915039e-05,1
7368,-1.049072265625,BE,-1.0625,BE,-1.0625,0.013427734375,0.012799627647195718,0.00018030405044555664,1
7369,-0.646484375,D7,-0.640625,D5,-0.671875,0.025390625,0.03927492447129909,0.000644683837890625,0
7370,0.47119140625,1E,0.46875,1E,0.46875,0.00244140625,0.0051813471502590676,5.9604644775390625e-06,1
7371,0.239501953125,0F,0.234375,0F,0.234375,0.005126953125,0.021406727828746176,2.6285648345947266e-05,1
7372,-0.02392578125,FE,-0.03125,FF,-0.015625,0.00830078125,0.3469387755102041,6.890296936035156e-05,0
7373,-0.014892578125,FF,-0.015625,FF,-0.015625,0.000732421875,0.04918032786885246,5.364418029785156e-07,1
7374,0.717529296875,2E,0.71875,2E,0.71875,0.001220703125,0.001701258931609391,1.4901161193847656e-06,1
7375,0.26123046875,11,0.265625,11,0.265625,0.00439453125,0.016822429906542057,1.9311904907226562e-05,1
7376,-0.157958984375,F6,-0.15625,F6,-0.15625,0.001708984375,0.010819165378670788,2.9206275939941406e-06,1
7377,-2.29638671875,9E,-2.25,9E,-2.25,0.04638671875,0.02019987242185839,0.0021517276763916016,1
7378,-0.431884765625,E4,-0.4375,E4,-0.4375,0.005615234375,0.013001695873374788,3.153085708618164e-05,1
7379,-0.559814453125,DC,-0.5625,DD,-0.546875,0.012939453125,0.02311382468382032,0.00016742944717407227,0
7380,0.384521484375,19,0.390625,18,0.375,0.009521484375,0.024761904761904763,9.065866470336914e-05,0
7381,0.907470703125,3A,0.90625,3B,0.921875,0.014404296875,0.015873015873015872,0.00020748376846313477,0
7382,1.744873046875,58,1.75,58,1.75,0.005126953125,0.002938295788442703,2.6285648345947266e-05,1
7383,0.47509765625,1E,0.46875,1E,0.46875,0.00634765625,0.013360739979445015,4.029273986816406e-05,1
7384,-0.775146484375,CE,-0.78125,CF,-0.765625,0.009521484375,0.012283464566929133,9.065866470336914e-05,0
7385,0.60400390625,27,0.609375,28,0.625,0.02099609375,0.034761519805982216,0.00044083595275878906,0
7386,0.11474609375,07,0.109375,08,0.125,0.01025390625,0.08936170212765958,0.00010514259338378906,0
7387,0.98486328125,3F,0.984375,3E,0.96875,0.01611328125,0.01636093207734259,0.00025963783264160156,0
7388,0.5546875,24,0.5625,23,0.546875,0.0078125,0.014084507042253521,6.103515625e-05,0
7389,2.338134765625,63,2.375,63,2.375,0.036865234375,0.015766941630990915,0.0013590455055236816,1
7390,1.15087890625,45,1.15625,45,1.15625,0.00537109375,0.004666949512091642,2.8848648071289062e-05,1
7391,-0.01416015625,FF,-0.015625,FF,-0.015625,0.00146484375,0.10344827586206896,2.1457672119140625e-06,1
7392,-1.421630859375,B3,-1.40625,B2,-1.4375,0.015869140625,0.011162630946247639,0.0002518296241760254,0
7393,2.30126953125,62,2.25,63,2.375,0.07373046875,0.03203904095056227,0.0054361820220947266,0
7394,-0.84228515625,CA,-0.84375,C9,-0.859375,0.01708984375,0.020289855072463767,0.00029206275939941406,0
7395,0.7646484375,31,0.765625,31,0.765625,0.0009765625,0.001277139208173691,9.5367431640625e-07,1
7396,-1.96337890625,A1,-1.96875,A1,-1.96875,0.00537109375,0.002735637901019647,2.8848648071289062e-05,1
7397,-0.090576171875,FA,-0.09375,FA,-0.09375,0.003173828125,0.03504043126684636,1.0073184967041016e-05,1
7398,0.144775390625,09,0.140625,0A,0.15625,0.011474609375,0.07925801011804384,0.0001316666603088379,0
7399,-1.70068359375,AA,-1.6875,AA,-1.6875,0.01318359375,0.007751937984496124,0.00017380714416503906,1
7400,0.9892578125,3F,0.984375,40,1.0,0.0107421875,0.01085883514313919,0.00011539459228515625,0
7401,-2.17431640625,9F,-2.125,9E,-2.25,0.07568359375,0.03480799461037503,0.005728006362915039,0
7402,1.02392578125,41,1.03125,40,1.0,0.02392578125,0.023366714353838816,0.0005724430084228516,0
7403,-0.685546875,D4,-0.6875,D4,-0.6875,0.001953125,0.002849002849002849,3.814697265625e-06,1
7404,-0.281494140625,EE,-0.28125,EE,-0.28125,0.000244140625,0.0008673026886383347,5.960464477539063e-08,1
7405,-0.736572265625,D1,-0.734375,D1,-0.734375,0.002197265625,0.0029830957905203847,4.827976226806641e-06,1
7406,-0.696044921875,D3,-0.703125,D3,-0.703125,0.007080078125,0.010171869519466853,5.0127506256103516e-05,1
7407,-0.464599609375,E2,-0.46875,E3,-0.453125,0.011474609375,0.02469784550709406,0.0001316666603088379,0
7408,-1.11376953125,BC,-1.125,BC,-1.125,0.01123046875,0.010083296799649276,0.00012612342834472656,1
7409,-0.413330078125,E6,-0.40625,E5,-0.421875,0.008544921875,0.02067336089781453,7.301568984985352e-05,0
7410,-0.50537109375,E0,-0.5,E0,-0.5,0.00537109375,0.010628019323671498,2.8848648071289062e-05,1
7411,1.575927734375,52,1.5625,52,1.5625,0.013427734375,0.008520526723470178,0.00018030405044555664,1
7412,0.367919921875,18,0.375,17,0.359375,0.008544921875,0.023224950232249502,7.301568984985352e-05,0
7413,0.671875,2B,0.671875,2B,0.671875,0.0,0.0,0.0,1
7414,-0.956298828125,C3,-0.953125,C3,-0.953125,0.003173828125,0.0033188664794485574,1.0073184967041016e-05,1
7415,0.12255859375,08,0.125,08,0.125,0.00244140625,0.0199203187250996,5.9604644775390625e-06,1
7416,0.759765625,31,0.765625,30,0.75,0.009765625,0.012853470437017995,9.5367431640625e-05,0
7417,1.038330078125,41,1.03125,42,1.0625,0.024169921875,0.023277686339054787,0.0005841851234436035,0
7418,-0.292236328125,ED,-0.296875,EC,-0.3125,0.020263671875,0.06934001670843776,0.000410616397857666,0
7419,0.11376953125,07,0.109375,06,0.09375,0.02001953125,0.1759656652360515,0.00040078163146972656,0
7420,-2.482177734375,9C,-2.5,9C,-2.5,0.017822265625,0.00718009245598505,0.00031763315200805664,1
7421,-0.5029296875,E0,-0.5,DF,-0.515625,0.0126953125,0.02524271844660194,0.00016117095947265625,0
7422,0.7216796875,2E,0.71875,2F,0.734375,0.0126953125,0.017591339648173207,0.00016117095947265625,0
7423,-0.7978515625,CD,-0.796875,CC,-0.8125,0.0146484375,0.01835985312117503,0.00021457672119140625,0
7424,0.90478515625,3A,0.90625,39,0.890625,0.01416015625,0.015650296815974095,0.00020051002502441406,0
7425,0.1748046875,0B,0.171875,0B,0.171875,0.0029296875,0.01675977653631285,8.58306884765625e-06,1
7426,-1.838623046875,A5,-1.84375,A5,-1.84375,0.005126953125,0.002788474306201036,2.6285648345947266e-05,1
7427,0.629638671875,28,0.625,28,0.625,0.004638671875,0.007367196587824738,2.1517276763916016e-05,1
7428,0.163818359375,0A,0.15625,0A,0.15625,0.007568359375,0.046199701937406856,5.728006362915039e-05,1
7429,0.712890625,2E,0.71875,2D,0.703125,0.009765625,0.0136986301369863,9.5367431640625e-05,0
7430,0.533203125,22,0.53125,22,0.53125,0.001953125,0.003663003663003663,3.814697265625e-06,1
7431,-0.323974609375,EB,-0.328125,EC,-0.3125,0.011474609375,0.03541823662396383,0.0001316666603088379,0
7432,-1.253173828125,B8,-1.25,B8,-1.25,0.003173828125,0.002532631989090201,1.0073184967041016e-05,1
7433,1.171142578125,45,1.15625,46,1.1875,0.016357421875,0.013967062747550553,0.0002675652503967285,0
7434,0.313232421875,14,0.3125,14,0.3125,0.000732421875,0.002338269680436477,5.364418029785156e-07,1
7435,-0.3310546875,EB,-0.328125,EB,-0.328125,0.0029296875,0.008849557522123894,8.58306884765625e-06,1
7436,0.746826171875,30,0.75,30,0.75,0.003173828125,0.004249754821837201,1.0073184967041016e-05,1
7437,-0.33056640625,EB,-0.328125,EB,-0.328125,0.00244140625,0.007385524372230428,5.9604644775390625e-06,1
7438,0.869384765625,38,0.875,38,0.875,0.005615234375,0.006458859870822803,3.153085708618164e-05,1
7439,-0.594482421875,DA,-0.59375,DA,-0.59375,0.000732421875,0.0012320328542094457,5.364418029785156e-07,1
7440,-1.01513671875,C0,-1.0,C0,-1.0,0.01513671875,0.014911014911014911,0.00022912025451660156,1
7441,-1.24755859375,B8,-1.25,B8,-1.25,0.00244140625,0.0019569471624266144,5.9604644775390625e-06,1
7442,-0.60546875,D9,-0.609375,D9,-0.609375,0.00390625,0.0064516129032258064,1.52587890625e-05,1
7443,1.08056640625,43,1.09375,43,1.09375,0.01318359375,0.012200632625395391,0.00017380714416503906,1
7444,-0.6767578125,D5,-0.671875,D3,-0.703125,0.0263671875,0.03896103896103896,0.0006952285766601562,0
7445,-0.459228515625,E3,-0.453125,E2,-0.46875,0.009521484375,0.02073365231259968,9.065866470336914e-05,0
7446,0.575439453125,25,0.578125,24,0.5625,0.012939453125,0.022486211285532458,0.00016742944717407227,0
7447,0.249755859375,10,0.25,10,0.25,0.000244140625,0.0009775171065493646,5.960464477539063e-08,1
7448,-1.879638671875,A4,-1.875,A4,-1.875,0.004638671875,0.0024678529679179116,2.1517276763916016e-05,1
7449,-0.791259765625,CD,-0.796875,CF,-0.765625,0.025634765625,0.032397408207343416,0.0006571412086486816,0
7450,-0.69384765625,D4,-0.6875,D3,-0.703125,0.00927734375,0.013370865587614356,8.606910705566406e-05,0
7451,-0.8076171875,CC,-0.8125,CC,-0.8125,0.0048828125,0.006045949214026602,2.384185791015625e-05,1
7452,-0.66650390625,D5,-0.671875,D5,-0.671875,0.00537109375,0.00805860805860806,2.8848648071289062e-05,1
7453,-1.15283203125,BB,-1.15625,BB,-1.15625,0.00341796875,0.002964845404489623,1.1682510375976562e-05,1
7454,0.16552734375,0B,0.171875,0A,0.15625,0.00927734375,0.05604719764011799,8.606910705566406e-05,0
7455,-1.3701171875,B4,-1.375,B4,-1.375,0.0048828125,0.003563791874554526,2.384185791015625e-05,1
7456,-0.077880859375,FB,-0.078125,FB,-0.078125,0.000244140625,0.003134796238244514,5.960464477539063e-08,1
7457,-0.82421875,CB,-0.828125,CC,-0.8125,0.01171875,0.014218009478672985,0.0001373291015625,0
7458,-0.906494140625,C6,-0.90625,C6,-0.90625,0.000244140625,0.00026932399676811203,5.960464477539063e-08,1
7459,1.918212890625,5D,1.90625,5C,1.875,0.043212890625,0.022527682321496753,0.0018673539161682129,0
7460,0.3564453125,17,0.359375,17,0.359375,0.0029296875,0.00821917808219178,8.58306884765625e-06,1
7461,0.741943359375,2F,0.734375,2F,0.734375,0.007568359375,0.010200723922342876,5.728006362915039e-05,1
7462,0.976318359375,3E,0.96875,3F,0.984375,0.008056640625,0.008252063015753939,6.490945816040039e-05,0
7463,0.5283203125,22,0.53125,22,0.53125,0.0029296875,0.005545286506469501,8.58306884765625e-06,1
7464,0.320068359375,14,0.3125,15,0.328125,0.008056640625,0.02517162471395881,6.490945816040039e-05,0
7465,-0.215576171875,F2,-0.21875,F3,-0.203125,0.012451171875,0.057757644394110984,0.00015503168106079102,0
7466,0.343505859375,16,0.34375,15,0.328125,0.015380859375,0.04477611940298507,0.0002365708351135254,0
7467,0.279541015625,12,0.28125,11,0.265625,0.013916015625,0.04978165938864629,0.00019365549087524414,0
7468,0.700439453125,2D,0.703125,2D,0.703125,0.002685546875,0.0038340885325897525,7.212162017822266e-06,1
7469,-0.833984375,CB,-0.828125,CB,-0.828125,0.005859375,0.00702576112412178,3.4332275390625e-05,1
7470,0.648681640625,2A,0.65625,29,0.640625,0.008056640625,0.012420022581859239,6.490945816040039e-05,0
7471,1.63623046875,54,1.625,55,1.65625,0.02001953125,0.012235153685467026,0.00040078163146972656,0
7472,0.77392578125,32,0.78125,31,0.765625,0.00830078125,0.010725552050473186,6.890296936035156e-05,0
7473,-0.257568359375,F0,-0.25,EF,-0.265625,0.008056640625,0.031279620853080566,6.490945816040039e-05,0
7474,1.048583984375,42,1.0625,42,1.0625,0.013916015625,0.013271245634458672,0.00019365549087524414,1
7475,0.719970703125,2E,0.71875,2D,0.703125,0.016845703125,0.023397761953204477,0.00028377771377563477,0
7476,-0.050048828125,FD,-0.046875,FD,-0.046875,0.003173828125,0.06341463414634146,1.0073184967041016e-05,1
7477,-0.550048828125,DD,-0.546875,DC,-0.5625,0.012451171875,0.022636484687083888,0.00015503168106079102,0
7478,0.070556640625,05,0.078125,05,0.078125,0.007568359375,0.10726643598615918,5.728006362915039e-05,1
7479,-0.3984375,E6,-0.40625,E7,-0.390625,0.0078125,0.0196078431372549,6.103515625e-05,0
7480,-0.738525390625,D1,-0.734375,D0,-0.75,0.011474609375,0.015537190082644628,0.0001316666603088379,0
7481,0.69580078125,2D,0.703125,2C,0.6875,0.00830078125,0.011929824561403509,6.890296936035156e-05,0
7482,0.28564453125,12,0.28125,13,0.296875,0.01123046875,0.039316239316239315,0.00012612342834472656,0
7483,-1.12158203125,BC,-1.125,BC,-1.125,0.00341796875,0.0030474531998258597,1.1682510375976562e-05,1
7484,-0.3359375,EA,-0.34375,EA,-0.34375,0.0078125,0.023255813953488372,6.103515625e-05,1
7485,-1.1923828125,BA,-1.1875,B9,-1.21875,0.0263671875,0.022113022113022112,0.0006952285766601562,0
7486,-0.724853515625,D2,-0.71875,D1,-0.734375,0.009521484375,0.013135735938026272,9.065866470336914e-05,0
7487,1.157958984375,45,1.15625,46,1.1875,0.029541015625,0.025511279780729496,0.0008726716041564941,0
7488,0.75146484375,30,0.75,30,0.75,0.00146484375,0.001949317738791423,2.1457672119140625e-06,1
7489,-1.876953125,A4,-1.875,A4,-1.875,0.001953125,0.001040582726326743,3.814697265625e-06,1
7490,0.20703125,0D,0.203125,0D,0.203125,0.00390625,0.018867924528301886,1.52587890625e-05,1
7491,1.34033203125,4B,1.34375,4B,1.34375,0.00341796875,0.0025500910746812386,1.1682510375976562e-05,1
7492,1.2470703125,48,1.25,48,1.25,0.0029296875,0.0023492560689115116,8.58306884765625e-06,1
7493,0.532470703125,22,0.53125,23,0.546875,0.014404296875,0.0270518110958276,0.00020748376846313477,0
7494,0.4560546875,1D,0.453125,1D,0.453125,0.0029296875,0.006423982869379015,8.58306884765625e-06,1
7495,-0.77734375,CE,-0.78125,CE,-0.78125,0.00390625,0.005025125628140704,1.52587890625e-05,1
7496,0.564697265625,24,0.5625,24,0.5625,0.002197265625,0.0038910505836575876,4.827976226806641e-06,1
7497,-1.10888671875,BD,-1.09375,BC,-1.125,0.01611328125,0.01453104359313078,0.00025963783264160156,0
7498,0.261474609375,11,0.265625,10,0.25,0.011474609375,0.04388422035480859,0.0001316666603088379,0
7499,0.802490234375,33,0.796875,34,0.8125,0.010009765625,0.012473379981746273,0.00010019540786743164,0
7500,0.20947265625,0D,0.203125,0D,0.203125,0.00634765625,0.030303030303030304,4.029273986816406e-05,1
7501,-0.68798828125,D4,-0.6875,D4,-0.6875,0.00048828125,0.0007097232079489,2.384185791015625e-07,1
7502,0.119873046875,08,0.125,07,0.109375,0.010498046875,0.08757637474541752,0.00011020898818969727,0
7503,1.338134765625,4B,1.34375,4C,1.375,0.036865234375,0.027549717204889617,0.0013590455055236816,0
7504,-0.314453125,EC,-0.3125,EB,-0.328125,0.013671875,0.043478260869565216,0.000186920166015625,0
7505,1.28515625,49,1.28125,4A,1.3125,0.02734375,0.02127659574468085,0.0007476806640625,0
7506,0.74658203125,30,0.75,30,0.75,0.00341796875,0.004578155657292348,1.1682510375976562e-05,1
7507,-0.199951171875,F3,-0.203125,F2,-0.21875,0.018798828125,0.09401709401709402,0.000353395938873291,0
7508,0.32861328125,15,0.328125,15,0.328125,0.00048828125,0.0014858841010401188,2.384185791015625e-07,1
7509,0.40283203125,1A,0.40625,1A,0.40625,0.00341796875,0.008484848484848486,1.1682510375976562e-05,1
7510,-1.796142578125,A7,-1.78125,A6,-1.8125,0.016357421875,0.009106972950931085,0.0002675652503967285,0
7511,0.263916015625,11,0.265625,12,0.28125,0.017333984375,0.06567992599444958,0.00030046701431274414,0
7512,0.362060546875,17,0.359375,17,0.359375,0.002685546875,0.007417397167902899,7.212162017822266e-06,1
7513,0.35791015625,17,0.359375,17,0.359375,0.00146484375,0.004092769440654843,2.1457672119140625e-06,1
7514,0.830322265625,35,0.828125,35,0.828125,0.002197265625,0.0026462805057336078,4.827976226806641e-06,1
7515,-0.806884765625,CC,-0.8125,CD,-0.796875,0.010009765625,0.012405446293494705,0.00010019540786743164,0
7516,-1.868408203125,A4,-1.875,A4,-1.875,0.006591796875,0.0035280282242257936,4.3451786041259766e-05,1
7517,-0.20556640625,F3,-0.203125,F2,-0.21875,0.01318359375,0.06413301662707839,0.00017380714416503906,0
7518,-0.212158203125,F2,-0.21875,F3,-0.203125,0.009033203125,0.04257767548906789,8.159875869750977e-05,0
7519,-0.20458984375,F3,-0.203125,F4,-0.1875,0.01708984375,0.08353221957040573,0.00029206275939941406,0
7520,-0.18017578125,F4,-0.1875,F5,-0.171875,0.00830078125,0.04607046070460705,6.890296936035156e-05,0
7521,-1.338623046875,B5,-1.34375,B5,-1.34375,0.005126953125,0.0038300200620098486,2.6285648345947266e-05,1
7522,0.3662109375,17,0.359375,17,0.359375,0.0068359375,0.018666666666666668,4.673004150390625e-05,1
7523,0.27099609375,11,0.265625,12,0.28125,0.01025390625,0.03783783783783784,0.00010514259338378906,0
7524,-0.0556640625,FC,-0.0625,FD,-0.046875,0.0087890625,0.15789473684210525,7.724761962890625e-05,0
7525,1.38818359375,4C,1.375,4C,1.375,0.01318359375,0.009497010200492437,0.00017380714416503906,1
7526,-0.2431640625,F0,-0.25,F0,-0.25,0.0068359375,0.028112449799196786,4.673004150390625e-05,1
7527,-0.770751953125,CF,-0.765625,CF,-0.765625,0.005126953125,0.0066518847006651885,2.6285648345947266e-05,1
7528,0.854736328125,37,0.859375,36,0.84375,0.010986328125,0.012853470437017995,0.00012069940567016602,0
7529,-0.549560546875,DD,-0.546875,DD,-0.546875,0.002685546875,0.004886717014660151,7.212162017822266e-06,1
7530,0.622314453125,28,0.625,28,0.625,0.002685546875,0.004315417810906237,7.212162017822266e-06,1
7531,-0.998046875,C0,-1.0,C0,-1.0,0.001953125,0.0019569471624266144,3.814697265625e-06,1
7532,-1.506591796875,B0,-1.5,AF,-1.53125,0.024658203125,0.016366877329444175,0.0006080269813537598,0
7533,-1.335693359375,B5,-1.34375,B6,-1.3125,0.023193359375,0.01736428440870042,0.0005379319190979004,0
7534,0.118896484375,08,0.125,08,0.125,0.006103515625,0.0513347022587269,3.725290298461914e-05,1
7535,0.91796875,3B,0.921875,3A,0.90625,0.01171875,0.01276595744680851,0.0001373291015625,0
7536,0.79248046875,33,0.796875,33,0.796875,0.00439453125,0.005545286506469501,1.9311904907226562e-05,1
7537,-0.218994140625,F2,-0.21875,F2,-0.21875,0.000244140625,0.0011148272017837235,5.960464477539063e-08,1
7538,0.80078125,33,0.796875,33,0.796875,0.00390625,0.004878048780487805,1.52587890625e-05,1
7539,-1.105224609375,BD,-1.09375,BC,-1.125,0.019775390625,0.017892644135188866,0.0003910660743713379,0
7540,0.6435546875,29,0.640625,29,0.640625,0.0029296875,0.004552352048558422,8.58306884765625e-06,1
7541,0.346435546875,16,0.34375,15,0.328125,0.018310546875,0.052854122621564484,0.00033527612686157227,0
7542,0.371337890625,18,0.375,17,0.359375,0.011962890625,0.032215647600262985,0.0001431107521057129,0
7543,-0.748779296875,D0,-0.75,CF,-0.765625,0.016845703125,0.022497554613628953,0.00028377771377563477,0
7544,-0.763427734375,CF,-0.765625,D0,-0.75,0.013427734375,0.017588743204349215,0.00018030405044555664,0
7545,-0.872802734375,C8,-0.875,C8,-0.875,0.002197265625,0.0025174825174825175,4.827976226806641e-06,1
7546,-0.01708984375,FF,-0.015625,00,0.0,0.01708984375,1.0,0.00029206275939941406,0
7547,-0.048095703125,FD,-0.046875,FE,-0.03125,0.016845703125,0.350253807106599,0.00028377771377563477,0
7548,0.279296875,12,0.28125,11,0.265625,0.013671875,0.04895104895104895,0.000186920166015625,0
7549,0.503173828125,20,0.5,20,0.5,0.003173828125,0.006307617661329452,1.0073184967041016e-05,1
7550,0.591796875,26,0.59375,26,0.59375,0.001953125,0.0033003300330033004,3.814697265625e-06,1
7551,-1.01904296875,BF,-1.03125,C0,-1.0,0.01904296875,0.018687110685194058,0.00036263465881347656,0
7552,-1.351806640625,B5,-1.34375,B5,-1.34375,0.008056640625,0.005959906086328337,6.490945816040039e-05,1
7553,-0.43359375,E4,-0.4375,E4,-0.4375,0.00390625,0.009009009009009009,1.52587890625e-05,1
7554,-0.677490234375,D5,-0.671875,D4,-0.6875,0.010009765625,0.014774774774774775,0.00010019540786743164,0
7555,-0.1376953125,F7,-0.140625,F7,-0.140625,0.0029296875,0.02127659574468085,8.58306884765625e-06,1
7556,-0.094482421875,FA,-0.09375,F9,-0.109375,0.014892578125,0.15762273901808785,0.00022178888320922852,0
7557,0.168212890625,0B,0.171875,0B,0.171875,0.003662109375,0.02177068214804064,1.341104507446289e-05,1
7558,-0.485595703125,E1,-0.484375,E1,-0.484375,0.001220703125,0.002513826043237808,1.4901161193847656e-06,1
7559,0.892822265625,39,0.890625,39,0.890625,0.002197265625,0.002461033634126333,4.827976226806641e-06,1
7560,-0.7001953125,D3,-0.703125,D2,-0.71875,0.0185546875,0.026499302649930265,0.00034427642822265625,0
7561,0.323974609375,15,0.328125,14,0.3125,0.011474609375,0.03541823662396383,0.0001316666603088379,0
7562,-0.554443359375,DD,-0.546875,DE,-0.53125,0.023193359375,0.041831792162043156,0.0005379319190979004,0
7563,0.00341796875,01,0.015625,00,0.0,0.00341796875,1.0,1.1682510375976562e-05,0
7564,-0.8193359375,CC,-0.8125,CB,-0.828125,0.0087890625,0.010727056019070322,7.724761962890625e-05,0
7565,1.28955078125,49,1.28125,49,1.28125,0.00830078125,0.006436955698599016,6.890296936035156e-05,1
7566,0.15673828125,0A,0.15625,0A,0.15625,0.00048828125,0.003115264797507788,2.384185791015625e-07,1
7567,1.320068359375,4A,1.3125,4A,1.3125,0.007568359375,0.005733308673941187,5.728006362915039e-05,1
7568,-0.009521484375,FF,-0.015625,FF,-0.015625,0.006103515625,0.6410256410256411,3.725290298461914e-05,1
7569,-0.261962890625,EF,-0.265625,F0,-0.25,0.011962890625,0.045666356011183594,0.0001431107521057129,0
7570,0.73779296875,2F,0.734375,2F,0.734375,0.00341796875,0.004632693580410324,1.1682510375976562e-05,1
7571,0.533203125,22,0.53125,22,0.53125,0.001953125,0.003663003663003663,3.814697265625e-06,1
7572,-1.60205078125,AD,-1.59375,AD,-1.59375,0.00830078125,0.0051813471502590676,6.890296936035156e-05,1
7573,0.15576171875,0A,0.15625,0B,0.171875,0.01611328125,0.10344827586206896,0.00025963783264160156,0
7574,-0.516845703125,DF,-0.515625,DF,-0.515625,0.001220703125,0.0023618327822390174,1.4901161193847656e-06,1
7575,-0.108642578125,F9,-0.109375,F9,-0.109375,0.000732421875,0.006741573033707865,5.364418029785156e-07,1
7576,-0.39013671875,E7,-0.390625,E7,-0.390625,0.00048828125,0.0012515644555694619,2.384185791015625e-07,1
7577,0.68408203125,2C,0.6875,2C,0.6875,0.00341796875,0.004996431120628123,1.1682510375976562e-05,1
7578,0.5673828125,24,0.5625,25,0.578125,0.0107421875,0.0189328743545611,0.00011539459228515625,0
7579,-0.478759765625,E1,-0.484375,E2,-0.46875,0.010009765625,0.020907700152983173,0.00010019540786743164,0
7580,-1.1103515625,BC,-1.125,BC,-1.125,0.0146484375,0.013192612137203167,0.00021457672119140625,1
7581,-0.8193359375,CC,-0.8125,CB,-0.828125,0.0087890625,0.010727056019070322,7.724761962890625e-05,0
7582,-0.43603515625,E4,-0.4375,E5,-0.421875,0.01416015625,0.032474804031354984,0.00020051002502441406,0
7583,0.576171875,25,0.578125,25,0.578125,0.001953125,0.003389830508474576,3.814697265625e-06,1
7584,-1.0166015625,BF,-1.03125,C0,-1.0,0.0166015625,0.01633045148895293,0.00027561187744140625,0
7585,0.946044921875,3D,0.953125,3C,0.9375,0.008544921875,0.00903225806451613,7.301568984985352e-05,0
7586,0.349609375,16,0.34375,16,0.34375,0.005859375,0.01675977653631285,3.4332275390625e-05,1
7587,-1.213623046875,B9,-1.21875,BA,-1.1875,0.026123046875,0.02152484409575538,0.0006824135780334473,0
7588,1.169921875,45,1.15625,45,1.15625,0.013671875,0.011686143572621035,0.000186920166015625,1
7589,1.4248046875,4E,1.4375,4E,1.4375,0.0126953125,0.008910212474297465,0.00016117095947265625,1
7590,0.79541015625,33,0.796875,33,0.796875,0.00146484375,0.001841620626151013,2.1457672119140625e-06,1
7591,-0.669189453125,D5,-0.671875,D5,-0.671875,0.002685546875,0.004013133892739876,7.212162017822266e-06,1
7592,0.702392578125,2D,0.703125,2D,0.703125,0.000732421875,0.0010427528675703858,5.364418029785156e-07,1
7593,-2.3310546875,9D,-2.375,9E,-2.25,0.0810546875,0.034771679932970256,0.006569862365722656,0
7594,1.044189453125,41,1.03125,42,1.0625,0.018310546875,0.017535655833528174,0.00033527612686157227,0
7595,0.384033203125,19,0.390625,19,0.390625,0.006591796875,0.017164653528289893,4.3451786041259766e-05,1
7596,0.830078125,35,0.828125,35,0.828125,0.001953125,0.002352941176470588,3.814697265625e-06,1
7597,2.188232421875,62,2.25,62,2.25,0.061767578125,0.028227156086131876,0.0038152337074279785,1
7598,0.3544921875,17,0.359375,16,0.34375,0.0107421875,0.030303030303030304,0.00011539459228515625,0
7599,0.227294921875,0F,0.234375,0F,0.234375,0.007080078125,0.031149301825993556,5.0127506256103516e-05,1
7600,0.64892578125,2A,0.65625,2A,0.65625,0.00732421875,0.011286681715575621,5.364418029785156e-05,1
7601,-0.889404296875,C7,-0.890625,C8,-0.875,0.014404296875,0.016195443315948393,0.00020748376846313477,0
7602,1.82080078125,5A,1.8125,5A,1.8125,0.00830078125,0.004558862965942612,6.890296936035156e-05,1
7603,-0.849609375,CA,-0.84375,CA,-0.84375,0.005859375,0.006896551724137931,3.4332275390625e-05,1
7604,-0.465087890625,E2,-0.46875,E2,-0.46875,0.003662109375,0.007874015748031496,1.341104507446289e-05,1
7605,0.906494140625,3A,0.90625,39,0.890625,0.015869140625,0.017506059789927284,0.0002518296241760254,0
7606,1.14892578125,45,1.15625,44,1.125,0.02392578125,0.0208244793880153,0.0005724430084228516,0
7607,-0.688720703125,D4,-0.6875,D4,-0.6875,0.001220703125,0.001772421127259837,1.4901161193847656e-06,1
7608,-0.719482421875,D2,-0.71875,D2,-0.71875,0.000732421875,0.0010179843909060061,5.364418029785156e-07,1
7609,-0.51025390625,DF,-0.515625,DF,-0.515625,0.00537109375,0.010526315789473684,2.8848648071289062e-05,1
7610,1.438720703125,4E,1.4375,4E,1.4375,0.001220703125,0.0008484642796538266,1.4901161193847656e-06,1
7611,-0.898193359375,C7,-0.890625,C6,-0.90625,0.008056640625,0.008969828757814623,6.490945816040039e-05,0
7612,-0.89111328125,C7,-0.890625,C7,-0.890625,0.00048828125,0.000547945205479452,2.384185791015625e-07,1
7613,0.80712890625,34,0.8125,34,0.8125,0.00537109375,0.006654567453115548,2.8848648071289062e-05,1
7614,0.844482421875,36,0.84375,37,0.859375,0.014892578125,0.017635154668979473,0.00022178888320922852,0
7615,0.65087890625,2A,0.65625,2A,0.65625,0.00537109375,0.008252063015753939,2.8848648071289062e-05,1
7616,0.87451171875,38,0.875,37,0.859375,0.01513671875,0.017308766052484645,0.00022912025451660156,0
7617,-0.246337890625,F0,-0.25,F0,-0.25,0.003662109375,0.014866204162537165,1.341104507446289e-05,1
7618,0.66455078125,2B,0.671875,2A,0.65625,0.00830078125,0.012490815576781777,6.890296936035156e-05,0
7619,0.710693359375,2D,0.703125,2E,0.71875,0.008056640625,0.011336310546204053,6.490945816040039e-05,0
7620,0.031005859375,02,0.03125,03,0.046875,0.015869140625,0.5118110236220472,0.0002518296241760254,0
7621,-0.28271484375,EE,-0.28125,EE,-0.28125,0.00146484375,0.0051813471502590676,2.1457672119140625e-06,1
7622,0.433349609375,1C,0.4375,1B,0.421875,0.011474609375,0.02647887323943662,0.0001316666603088379,0
7623,-0.49658203125,E0,-0.5,E0,-0.5,0.00341796875,0.00688298918387414,1.1682510375976562e-05,1
7624,0.55029296875,23,0.546875,23,0.546875,0.00341796875,0.006211180124223602,1.1682510375976562e-05,1
7625,1.228515625,47,1.21875,48,1.25,0.021484375,0.017488076311605722,0.000461578369140625,0
7626,0.147216796875,09,0.140625,08,0.125,0.022216796875,0.15091210613598674,0.0004935860633850098,0
7627,-0.2802734375,EE,-0.28125,EF,-0.265625,0.0146484375,0.05226480836236934,0.00021457672119140625,0
7628,1.462646484375,4F,1.46875,4F,1.46875,0.006103515625,0.004172926055750292,3.725290298461914e-05,1
7629,0.087646484375,06,0.09375,06,0.09375,0.006103515625,0.06963788300835655,3.725290298461914e-05,1
7630,-0.003173828125,FF,-0.015625,00,0.0,0.003173828125,1.0,1.0073184967041016e-05,0
7631,0.617431640625,28,0.625,29,0.640625,0.023193359375,0.03756425464610518,0.0005379319190979004,0
7632,-1.88037109375,A4,-1.875,A4,-1.875,0.00537109375,0.002856400934822124,2.8848648071289062e-05,1
7633,-0.48388671875,E1,-0.484375,E1,-0.484375,0.00048828125,0.0010090817356205853,2.384185791015625e-07,1
7634,-0.585205078125,DB,-0.578125,DA,-0.59375,0.008544921875,0.014601585314977055,7.301568984985352e-05,0
7635,0.5283203125,22,0.53125,21,0.515625,0.0126953125,0.024029574861367836,0.00016117095947265625,0
7636,0.06396484375,04,0.0625,03,0.046875,0.01708984375,0.26717557251908397,0.00029206275939941406,0
7637,1.816162109375,5A,1.8125,5A,1.8125,0.003662109375,0.0020164000537706683,1.341104507446289e-05,1
7638,-0.961181640625,C2,-0.96875,C3,-0.953125,0.008056640625,0.008382016764033528,6.490945816040039e-05,0
7639,0.286865234375,12,0.28125,12,0.28125,0.005615234375,0.01957446808510638,3.153085708618164e-05,1
7640,-0.37451171875,E8,-0.375,E8,-0.375,0.00048828125,0.001303780964797914,2.384185791015625e-07,1
7641,-0.029541015625,FE,-0.03125,FE,-0.03125,0.001708984375,0.05785123966942149,2.9206275939941406e-06,1
7642,1.27490234375,49,1.28125,49,1.28125,0.00634765625,0.00497893527384144,4.029273986816406e-05,1
7643,0.164306640625,0B,0.171875,0B,0.171875,0.007568359375,0.04606240713224369,5.728006362915039e-05,1
7644,0.82861328125,35,0.828125,35,0.828125,0.00048828125,0.0005892751915144372,2.384185791015625e-07,1
7645,-0.87451171875,C8,-0.875,C9,-0.859375,0.01513671875,0.017308766052484645,0.00022912025451660156,0
7646,-0.806884765625,CC,-0.8125,CD,-0.796875,0.010009765625,0.012405446293494705,0.00010019540786743164,0
7647,0.490234375,1F,0.484375,1F,0.484375,0.005859375,0.01195219123505976,3.4332275390625e-05,1
7648,-0.140625,F7,-0.140625,F7,-0.140625,0.0,0.0,0.0,1
7649,-0.232421875,F1,-0.234375,F2,-0.21875,0.013671875,0.058823529411764705,0.000186920166015625,0
7650,1.47900390625,4F,1.46875,50,1.5,0.02099609375,0.014196104324859689,0.00044083595275878906,0
7651,0.8330078125,35,0.828125,35,0.828125,0.0048828125,0.005861664712778429,2.384185791015625e-05,1
7652,0.633056640625,29,0.640625,29,0.640625,0.007568359375,0.01195526417277285,5.728006362915039e-05,1
7653,-0.847900390625,CA,-0.84375,CA,-0.84375,0.004150390625,0.0048949035416066804,1.722574234008789e-05,1
7654,0.19140625,0C,0.1875,0D,0.203125,0.01171875,0.061224489795918366,0.0001373291015625,0
7655,-0.35595703125,E9,-0.359375,E9,-0.359375,0.00341796875,0.009602194787379973,1.1682510375976562e-05,1
7656,-0.276123046875,EE,-0.28125,EE,-0.28125,0.005126953125,0.01856763925729443,2.6285648345947266e-05,1
7657,-0.064697265625,FC,-0.0625,FB,-0.078125,0.013427734375,0.20754716981132076,0.00018030405044555664,0
7658,-0.4677734375,E2,-0.46875,E2,-0.46875,0.0009765625,0.0020876826722338203,9.5367431640625e-07,1
7659,0.514892578125,21,0.515625,20,0.5,0.014892578125,0.028923660502607872,0.00022178888320922852,0
7660,-0.185791015625,F4,-0.1875,F5,-0.171875,0.013916015625,0.07490144546649145,0.00019365549087524414,0
7661,-0.169921875,F5,-0.171875,F5,-0.171875,0.001953125,0.011494252873563218,3.814697265625e-06,1
7662,1.9599609375,5F,1.96875,60,2.0,0.0400390625,0.02042850024912805,0.0016031265258789062,0
7663,0.6767578125,2B,0.671875,2B,0.671875,0.0048828125,0.007215007215007215,2.384185791015625e-05,1
7664,-0.883544921875,C7,-0.890625,C8,-0.875,0.008544921875,0.009671179883945842,7.301568984985352e-05,0
7665,-0.20751953125,F3,-0.203125,F3,-0.203125,0.00439453125,0.021176470588235293,1.9311904907226562e-05,1
7666,0.250732421875,10,0.25,10,0.25,0.000732421875,0.0029211295034079843,5.364418029785156e-07,1
7667,1.073974609375,42,1.0625,42,1.0625,0.011474609375,0.010684246419640827,0.0001316666603088379,1
7668,0.802734375,33,0.796875,35,0.828125,0.025390625,0.031630170316301706,0.000644683837890625,0
7669,0.56005859375,24,0.5625,24,0.5625,0.00244140625,0.004359197907585004,5.9604644775390625e-06,1
7670,0.4541015625,1D,0.453125,1D,0.453125,0.0009765625,0.002150537634408602,9.5367431640625e-07,1
7671,-0.95849609375,C3,-0.953125,C3,-0.953125,0.00537109375,0.0056036678553234845,2.8848648071289062e-05,1
7672,-1.7177734375,A9,-1.71875,A8,-1.75,0.0322265625,0.018760659465605456,0.0010385513305664062,0
7673,-0.177001953125,F5,-0.171875,F5,-0.171875,0.005126953125,0.028965517241379312,2.6285648345947266e-05,1
7674,-0.5263671875,DE,-0.53125,DE,-0.53125,0.0048828125,0.00927643784786642,2.384185791015625e-05,1
7675,-0.5166015625,DF,-0.515625,E0,-0.5,0.0166015625,0.03213610586011342,0.00027561187744140625,0
7676,-0.9482421875,C3,-0.953125,C4,-0.9375,0.0107421875,0.01132852729145211,0.00011539459228515625,0
7677,0.840576171875,36,0.84375,36,0.84375,0.003173828125,0.003775776938716236,1.0073184967041016e-05,1
7678,-1.478759765625,B1,-1.46875,B0,-1.5,0.021240234375,0.014363546310054482,0.00045114755630493164,0
7679,-0.589111328125,DA,-0.59375,DB,-0.578125,0.010986328125,0.018648984666390384,0.00012069940567016602,0
7680,-0.412353515625,E6,-0.40625,E6,-0.40625,0.006103515625,0.014801657785671996,3.725290298461914e-05,1
7681,0.702392578125,2D,0.703125,2D,0.703125,0.000732421875,0.0010427528675703858,5.364418029785156e-07,1
7682,-0.743896484375,D0,-0.75,D0,-0.75,0.006103515625,0.008204791598293404,3.725290298461914e-05,1
7683,0.077880859375,05,0.078125,05,0.078125,0.000244140625,0.003134796238244514,5.960464477539063e-08,1
7684,0.6611328125,2A,0.65625,29,0.640625,0.0205078125,0.0310192023633678,0.00042057037353515625,0
7685,-1.381591796875,B4,-1.375,B2,-1.4375,0.055908203125,0.04046651351828945,0.0031257271766662598,0
7686,0.412841796875,1A,0.40625,1B,0.421875,0.009033203125,0.02188054405677114,8.159875869750977e-05,0
7687,0.80908203125,34,0.8125,33,0.796875,0.01220703125,0.015087507543753771,0.00014901161193847656,0
7688,0.86962890625,38,0.875,38,0.875,0.00537109375,0.006176305446378439,2.8848648071289062e-05,1
7689,0.046630859375,03,0.046875,03,0.046875,0.000244140625,0.005235602094240838,5.960464477539063e-08,1
7690,-0.167236328125,F5,-0.171875,F4,-0.1875,0.020263671875,0.12116788321167883,0.000410616397857666,0
7691,1.095458984375,43,1.09375,42,1.0625,0.032958984375,0.030086917762424784,0.0010862946510314941,0
7692,-0.545166015625,DD,-0.546875,DD,-0.546875,0.001708984375,0.003134796238244514,2.9206275939941406e-06,1
7693,-0.2158203125,F2,-0.21875,F3,-0.203125,0.0126953125,0.058823529411764705,0.00016117095947265625,0
7694,0.1650390625,0B,0.171875,0A,0.15625,0.0087890625,0.05325443786982249,7.724761962890625e-05,0
7695,-0.420654296875,E5,-0.421875,E4,-0.4375,0.016845703125,0.04004643064422519,0.00028377771377563477,0
7696,1.19873046875,46,1.1875,46,1.1875,0.01123046875,0.009368635437881873,0.00012612342834472656,1
7697,0.356689453125,17,0.359375,18,0.375,0.018310546875,0.0513347022587269,0.00033527612686157227,0
7698,-1.31005859375,B6,-1.3125,B6,-1.3125,0.00244140625,0.0018635855385762206,5.9604644775390625e-06,1
7699,1.5234375,51,1.53125,51,1.53125,0.0078125,0.005128205128205128,6.103515625e-05,1
7700,0.576171875,25,0.578125,25,0.578125,0.001953125,0.003389830508474576,3.814697265625e-06,1
7701,0.348876953125,16,0.34375,15,0.328125,0.020751953125,0.05948215535339398,0.00043064355850219727,0
7702,0.920166015625,3B,0.921875,3C,0.9375,0.017333984375,0.01883788803396126,0.00030046701431274414,0
7703,-0.3955078125,E7,-0.390625,E8,-0.375,0.0205078125,0.05185185185185185,0.00042057037353515625,0
7704,-0.28857421875,EE,-0.28125,ED,-0.296875,0.00830078125,0.028764805414551606,6.890296936035156e-05,0
7705,-0.07470703125,FB,-0.078125,FD,-0.046875,0.02783203125,0.37254901960784315,0.0007746219635009766,0
7706,-1.3154296875,B6,-1.3125,B6,-1.3125,0.0029296875,0.0022271714922048997,8.58306884765625e-06,1
7707,-0.3505859375,EA,-0.34375,EB,-0.328125,0.0224609375,0.06406685236768803,0.0005044937133789062,0
7708,-0.2353515625,F1,-0.234375,F0,-0.25,0.0146484375,0.06224066390041494,0.00021457672119140625,0
7709,-0.384765625,E7,-0.390625,E7,-0.390625,0.005859375,0.015228426395939087,3.4332275390625e-05,1
7710,-0.84423828125,CA,-0.84375,CA,-0.84375,0.00048828125,0.000578368999421631,2.384185791015625e-07,1
7711,0.28076171875,12,0.28125,13,0.296875,0.01611328125,0.057391304347826085,0.00025963783264160156,0
7712,-0.81591796875,CC,-0.8125,CC,-0.8125,0.00341796875,0.004189108318372232,1.1682510375976562e-05,1
7713,2.47119140625,64,2.5,63,2.375,0.09619140625,0.038925113613910295,0.009252786636352539,0
7714,0.098876953125,06,0.09375,07,0.109375,0.010498046875,0.10617283950617284,0.00011020898818969727,0
7715,-0.788330078125,CE,-0.78125,CD,-0.796875,0.008544921875,0.010839269123567669,7.301568984985352e-05,0
7716,1.22021484375,47,1.21875,48,1.25,0.02978515625,0.024409763905562223,0.0008871555328369141,0
7717,-0.9052734375,C6,-0.90625,C6,-0.90625,0.0009765625,0.0010787486515641855,9.5367431640625e-07,1
7718,-0.813720703125,CC,-0.8125,CB,-0.828125,0.014404296875,0.0177017701770177,0.00020748376846313477,0
7719,0.0400390625,03,0.046875,03,0.046875,0.0068359375,0.17073170731707318,4.673004150390625e-05,1
7720,0.5673828125,24,0.5625,25,0.578125,0.0107421875,0.0189328743545611,0.00011539459228515625,0
7721,0.943603515625,3C,0.9375,3D,0.953125,0.009521484375,0.010090556274256144,9.065866470336914e-05,0
7722,-1.305419921875,B6,-1.3125,B6,-1.3125,0.007080078125,0.005423602019824201,5.0127506256103516e-05,1
7723,-0.111328125,F9,-0.109375,F9,-0.109375,0.001953125,0.017543859649122806,3.814697265625e-06,1
7724,-1.37353515625,B4,-1.375,B4,-1.375,0.00146484375,0.001066477070742979,2.1457672119140625e-06,1
7725,0.438720703125,1C,0.4375,1D,0.453125,0.014404296875,0.032832498608792435,0.00020748376846313477,0
7726,-1.232666015625,B9,-1.21875,B8,-1.25,0.017333984375,0.014062190532778768,0.00030046701431274414,0
7727,0.89599609375,39,0.890625,3A,0.90625,0.01025390625,0.011444141689373298,0.00010514259338378906,0
7728,0.084716796875,05,0.078125,06,0.09375,0.009033203125,0.10662824207492795,8.159875869750977e-05,0
7729,0.17138671875,0B,0.171875,0B,0.171875,0.00048828125,0.002849002849002849,2.384185791015625e-07,1
7730,0.294189453125,13,0.296875,13,0.296875,0.002685546875,0.009128630705394191,7.212162017822266e-06,1
7731,0.847412109375,36,0.84375,37,0.859375,0.011962890625,0.014116969173148948,0.0001431107521057129,0
7732,-0.451904296875,E3,-0.453125,E4,-0.4375,0.014404296875,0.031874662344678555,0.00020748376846313477,0
7733,-1.39892578125,B3,-1.40625,B4,-1.375,0.02392578125,0.017102966841186736,0.0005724430084228516,0
7734,-0.0224609375,FF,-0.015625,FF,-0.015625,0.0068359375,0.30434782608695654,4.673004150390625e-05,1
7735,-0.51220703125,DF,-0.515625,E0,-0.5,0.01220703125,0.023832221163012392,0.00014901161193847656,0
7736,-1.39404296875,B3,-1.40625,B4,-1.375,0.01904296875,0.013660245183887917,0.00036263465881347656,0
7737,-0.57080078125,DB,-0.578125,DB,-0.578125,0.00732421875,0.01283147989734816,5.364418029785156e-05,1
7738,-1.1611328125,BB,-1.15625,BA,-1.1875,0.0263671875,0.022708158116063918,0.0006952285766601562,0
7739,0.291015625,13,0.296875,12,0.28125,0.009765625,0.03355704697986577,9.5367431640625e-05,0
7740,-0.4736328125,E2,-0.46875,E2,-0.46875,0.0048828125,0.010309278350515464,2.384185791015625e-05,1
7741,-1.25634765625,B8,-1.25,B8,-1.25,0.00634765625,0.005052467936261173,4.029273986816406e-05,1
7742,0.611572265625,27,0.609375,27,0.609375,0.002197265625,0.003592814371257485,4.827976226806641e-06,1
7743,1.0859375,43,1.09375,42,1.0625,0.0234375,0.02158273381294964,0.00054931640625,0
7744,1.550537109375,52,1.5625,52,1.5625,0.011962890625,0.00771532042198079,0.0001431107521057129,1
7745,0.10400390625,07,0.109375,07,0.109375,0.00537109375,0.051643192488262914,2.8848648071289062e-05,1
7746,1.727783203125,57,1.71875,58,1.75,0.022216796875,0.012858555885262116,0.0004935860633850098,0
7747,0.99609375,40,1.0,3F,0.984375,0.01171875,0.011764705882352941,0.0001373291015625,0
7748,-0.046142578125,FD,-0.046875,FE,-0.03125,0.014892578125,0.32275132275132273,0.00022178888320922852,0
7749,-1.72509765625,A9,-1.71875,A8,-1.75,0.02490234375,0.014435324087178035,0.0006201267242431641,0
7750,-0.956787109375,C3,-0.953125,C2,-0.96875,0.011962890625,0.012503189589180914,0.0001431107521057129,0
7751,0.96435546875,3E,0.96875,3F,0.984375,0.02001953125,0.020759493670886076,0.00040078163146972656,0
7752,-1.9423828125,A2,-1.9375,A2,-1.9375,0.0048828125,0.002513826043237808,2.384185791015625e-05,1
7753,-1.469482421875,B1,-1.46875,B2,-1.4375,0.031982421875,0.021764412693138394,0.0010228753089904785,0
7754,0.503173828125,20,0.5,20,0.5,0.003173828125,0.006307617661329452,1.0073184967041016e-05,1
7755,-1.16552734375,BB,-1.15625,BA,-1.1875,0.02197265625,0.018852115626309174,0.00048279762268066406,0
7756,0.074462890625,05,0.078125,04,0.0625,0.011962890625,0.16065573770491803,0.0001431107521057129,0
7757,0.2392578125,0F,0.234375,10,0.25,0.0107421875,0.044897959183673466,0.00011539459228515625,0
7758,-0.697021484375,D3,-0.703125,D4,-0.6875,0.009521484375,0.013660245183887917,9.065866470336914e-05,0
7759,0.16162109375,0A,0.15625,0A,0.15625,0.00537109375,0.03323262839879154,2.8848648071289062e-05,1
7760,-1.498046875,B0,-1.5,B0,-1.5,0.001953125,0.001303780964797914,3.814697265625e-06,1
7761,1.48193359375,4F,1.46875,50,1.5,0.01806640625,0.012191103789126854,0.00032639503479003906,0
7762,-0.28857421875,EE,-0.28125,EC,-0.3125,0.02392578125,0.0829103214890017,0.0005724430084228516,0
7763,1.0009765625,40,1.0,40,1.0,0.0009765625,0.000975609756097561,9.5367431640625e-07,1
7764,-1.34765625,B5,-1.34375,B5,-1.34375,0.00390625,0.002898550724637681,1.52587890625e-05,1
7765,0.236572265625,0F,0.234375,10,0.25,0.013427734375,0.05675954592363261,0.00018030405044555664,0
7766,-0.40576171875,E6,-0.40625,E6,-0.40625,0.00048828125,0.0012033694344163659,2.384185791015625e-07,1
7767,-0.344482421875,EA,-0.34375,EA,-0.34375,0.000732421875,0.002126151665485471,5.364418029785156e-07,1
7768,0.159423828125,0A,0.15625,0A,0.15625,0.003173828125,0.019908116385911178,1.0073184967041016e-05,1
7769,-1.385009765625,B4,-1.375,B4,-1.375,0.010009765625,0.00722721664022563,0.00010019540786743164,1
7770,-0.984375,C1,-0.984375,C1,-0.984375,0.0,0.0,0.0,1
7771,0.0234375,02,0.03125,01,0.015625,0.0078125,0.3333333333333333,6.103515625e-05,0
7772,0.03662109375,02,0.03125,02,0.03125,0.00537109375,0.14666666666666667,2.8848648071289062e-05,1
7773,-0.760009765625,CF,-0.765625,CF,-0.765625,0.005615234375,0.007388371345968519,3.153085708618164e-05,1
7774,0.587158203125,26,0.59375,26,0.59375,0.006591796875,0.011226611226611227,4.3451786041259766e-05,1
7775,1.10595703125,43,1.09375,44,1.125,0.01904296875,0.017218543046357615,0.00036263465881347656,0
7776,-0.673095703125,D5,-0.671875,D4,-0.6875,0.014404296875,0.02140007254261879,0.00020748376846313477,0
7777,-0.495361328125,E0,-0.5,E1,-0.484375,0.010986328125,0.022178413011335635,0.00012069940567016602,0
7778,-0.01611328125,FF,-0.015625,FF,-0.015625,0.00048828125,0.030303030303030304,2.384185791015625e-07,1
7779,0.155029296875,0A,0.15625,0A,0.15625,0.001220703125,0.007874015748031496,1.4901161193847656e-06,1
7780,2.1015625,61,2.125,61,2.125,0.0234375,0.011152416356877323,0.00054931640625,1
7781,1.1943359375,46,1.1875,47,1.21875,0.0244140625,0.02044153720359771,0.0005960464477539062,0
7782,-0.16552734375,F5,-0.171875,F6,-0.15625,0.00927734375,0.05604719764011799,8.606910705566406e-05,0
7783,0.632080078125,28,0.625,29,0.640625,0.008544921875,0.013518733101583623,7.301568984985352e-05,0
7784,-0.275390625,EE,-0.28125,ED,-0.296875,0.021484375,0.07801418439716312,0.000461578369140625,0
7785,-0.087158203125,FA,-0.09375,FB,-0.078125,0.009033203125,0.10364145658263306,8.159875869750977e-05,0
7786,0.858642578125,37,0.859375,37,0.859375,0.000732421875,0.0008529997156667614,5.364418029785156e-07,1
7787,-0.595947265625,DA,-0.59375,DA,-0.59375,0.002197265625,0.0036870135190495697,4.827976226806641e-06,1
7788,-1.079345703125,BD,-1.09375,BE,-1.0625,0.016845703125,0.015607328658674507,0.00028377771377563477,0
7789,0.7607421875,31,0.765625,30,0.75,0.0107421875,0.014120667522464698,0.00011539459228515625,0
7790,-0.29052734375,ED,-0.296875,ED,-0.296875,0.00634765625,0.021848739495798318,4.029273986816406e-05,1
7791,-1.257080078125,B8,-1.25,B8,-1.25,0.007080078125,0.0056321615847737426,5.0127506256103516e-05,1
7792,0.60498046875,27,0.609375,26,0.59375,0.01123046875,0.018563357546408393,0.00012612342834472656,0
7793,-0.4580078125,E3,-0.453125,E2,-0.46875,0.0107421875,0.023454157782515993,0.00011539459228515625,0
7794,0.00146484375,01,0.015625,01,0.015625,0.01416015625,9.666666666666666,0.00020051002502441406,1
7795,0.6728515625,2B,0.671875,2B,0.671875,0.0009765625,0.001451378809869376,9.5367431640625e-07,1
7796,2.19287109375,62,2.25,62,2.25,0.05712890625,0.026052104208416832,0.003263711929321289,1
7797,-0.897705078125,C7,-0.890625,C7,-0.890625,0.007080078125,0.007886864291542018,5.0127506256103516e-05,1
7798,0.260009765625,11,0.265625,10,0.25,0.010009765625,0.038497652582159626,0.00010019540786743164,0
7799,0.291015625,13,0.296875,14,0.3125,0.021484375,0.0738255033557047,0.000461578369140625,0
7800,0.2919921875,13,0.296875,13,0.296875,0.0048828125,0.016722408026755852,2.384185791015625e-05,1
7801,0.083251953125,05,0.078125,05,0.078125,0.005126953125,0.06158357771260997,2.6285648345947266e-05,1
7802,-0.36083984375,E9,-0.359375,E8,-0.375,0.01416015625,0.03924221921515562,0.00020051002502441406,0
7803,-0.219970703125,F2,-0.21875,F3,-0.203125,0.016845703125,0.07658157602663707,0.00028377771377563477,0
7804,-0.4482421875,E3,-0.453125,E4,-0.4375,0.0107421875,0.023965141612200435,0.00011539459228515625,0
7805,0.18798828125,0C,0.1875,0D,0.203125,0.01513671875,0.08051948051948052,0.00022912025451660156,0
7806,0.51318359375,21,0.515625,20,0.5,0.01318359375,0.025689819219790674,0.00017380714416503906,0
7807,-0.91796875,C5,-0.921875,C5,-0.921875,0.00390625,0.00425531914893617,1.52587890625e-05,1
7808,0.43359375,1C,0.4375,1C,0.4375,0.00390625,0.009009009009009009,1.52587890625e-05,1
7809,-0.3837890625,E7,-0.390625,E7,-0.390625,0.0068359375,0.017811704834605598,4.673004150390625e-05,1
7810,0.533935546875,22,0.53125,22,0.53125,0.002685546875,0.005029721079103796,7.212162017822266e-06,1
7811,-0.4658203125,E2,-0.46875,E2,-0.46875,0.0029296875,0.006289308176100629,8.58306884765625e-06,1
7812,-0.060546875,FC,-0.0625,FC,-0.0625,0.001953125,0.03225806451612903,3.814697265625e-06,1
7813,-0.346923828125,EA,-0.34375,E9,-0.359375,0.012451171875,0.03589021815622801,0.00015503168106079102,0
7814,-0.283935546875,EE,-0.28125,EF,-0.265625,0.018310546875,0.0644883920894239,0.00033527612686157227,0
7815,0.73828125,2F,0.734375,30,0.75,0.01171875,0.015873015873015872,0.0001373291015625,0
7816,-0.8251953125,CB,-0.828125,CC,-0.8125,0.0126953125,0.015384615384615385,0.00016117095947265625,0
7817,0.181884765625,0C,0.1875,0D,0.203125,0.021240234375,0.11677852348993288,0.00045114755630493164,0
7818,0.0458984375,03,0.046875,03,0.046875,0.0009765625,0.02127659574468085,9.5367431640625e-07,1
7819,0.58984375,26,0.59375,26,0.59375,0.00390625,0.006622516556291391,1.52587890625e-05,1
7820,0.375,18,0.375,18,0.375,0.0,0.0,0.0,1
7821,0.3740234375,18,0.375,16,0.34375,0.0302734375,0.08093994778067885,0.0009164810180664062,0
7822,-0.52099609375,DF,-0.515625,DF,-0.515625,0.00537109375,0.010309278350515464,2.8848648071289062e-05,1
7823,-1.041259765625,BF,-1.03125,BE,-1.0625,0.021240234375,0.020398593200468933,0.00045114755630493164,0
7824,0.478515625,1F,0.484375,1F,0.484375,0.005859375,0.012244897959183673,3.4332275390625e-05,1
7825,-0.568603515625,DC,-0.5625,DC,-0.5625,0.006103515625,0.010734220695577501,3.725290298461914e-05,1
7826,1.307373046875,4A,1.3125,49,1.28125,0.026123046875,0.019981325863678803,0.0006824135780334473,0
7827,0.636474609375,29,0.640625,29,0.640625,0.004150390625,0.00652090525508247,1.722574234008789e-05,1
7828,-0.10693359375,F9,-0.109375,FA,-0.09375,0.01318359375,0.1232876712328767,0.00017380714416503906,0
7829,0.20654296875,0D,0.203125,0E,0.21875,0.01220703125,0.0591016548463357,0.00014901161193847656,0
7830,-1.017333984375,BF,-1.03125,C0,-1.0,0.017333984375,0.017038636909047278,0.00030046701431274414,0
7831,0.67822265625,2B,0.671875,2D,0.703125,0.02490234375,0.0367170626349892,0.0006201267242431641,0
7832,-0.172607421875,F5,-0.171875,F5,-0.171875,0.000732421875,0.004243281471004243,5.364418029785156e-07,1
7833,-0.304443359375,ED,-0.296875,ED,-0.296875,0.007568359375,0.024859663191659984,5.728006362915039e-05,1
7834,0.201171875,0D,0.203125,0D,0.203125,0.001953125,0.009708737864077669,3.814697265625e-06,1
7835,-0.76171875,CF,-0.765625,CF,-0.765625,0.00390625,0.005128205128205128,1.52587890625e-05,1
7836,-0.9619140625,C2,-0.96875,C3,-0.953125,0.0087890625,0.009137055837563452,7.724761962890625e-05,0
7837,1.63427734375,54,1.625,54,1.625,0.00927734375,0.005676725425754407,8.606910705566406e-05,1
7838,1.22021484375,47,1.21875,47,1.21875,0.00146484375,0.0012004801920768306,2.1457672119140625e-06,1
7839,0.900634765625,3A,0.90625,3A,0.90625,0.005615234375,0.00623475196530225,3.153085708618164e-05,1
7840,-1.98095703125,A1,-1.96875,A1,-1.96875,0.01220703125,0.006162188809465122,0.00014901161193847656,1
7841,-0.2890625,EE,-0.28125,ED,-0.296875,0.0078125,0.02702702702702703,6.103515625e-05,0
7842,0.038818359375,02,0.03125,02,0.03125,0.007568359375,0.1949685534591195,5.728006362915039e-05,1
7843,-0.0146484375,FF,-0.015625,FF,-0.015625,0.0009765625,0.06666666666666667,9.5367431640625e-07,1
7844,-0.297119140625,ED,-0.296875,EC,-0.3125,0.015380859375,0.051766639276910435,0.0002365708351135254,0
7845,1.10205078125,43,1.09375,43,1.09375,0.00830078125,0.007532122286220647,6.890296936035156e-05,1
7846,0.853271484375,37,0.859375,36,0.84375,0.009521484375,0.011158798283261802,9.065866470336914e-05,0
7847,-0.930908203125,C4,-0.9375,C5,-0.921875,0.009033203125,0.00970364542355101,8.159875869750977e-05,0
7848,1.440673828125,4E,1.4375,4E,1.4375,0.003173828125,0.002203016437891883,1.0073184967041016e-05,1
7849,-0.270263671875,EF,-0.265625,EF,-0.265625,0.004638671875,0.017163504968383016,2.1517276763916016e-05,1
7850,-0.26416015625,EF,-0.265625,F0,-0.25,0.01416015625,0.053604436229205174,0.00020051002502441406,0
7851,0.53955078125,23,0.546875,24,0.5625,0.02294921875,0.04253393665158371,0.0005266666412353516,0
7852,-0.323974609375,EB,-0.328125,EC,-0.3125,0.011474609375,0.03541823662396383,0.0001316666603088379,0
7853,0.35595703125,17,0.359375,17,0.359375,0.00341796875,0.009602194787379973,1.1682510375976562e-05,1
7854,-0.5927734375,DA,-0.59375,D9,-0.609375,0.0166015625,0.02800658978583196,0.00027561187744140625,0
7855,1.2412109375,48,1.25,48,1.25,0.0087890625,0.007081038552321007,7.724761962890625e-05,1
7856,0.918701171875,3B,0.921875,3B,0.921875,0.003173828125,0.0034546904065904864,1.0073184967041016e-05,1
7857,-0.593505859375,DA,-0.59375,D9,-0.609375,0.015869140625,0.026737967914438502,0.0002518296241760254,0
7858,0.580078125,25,0.578125,25,0.578125,0.001953125,0.003367003367003367,3.814697265625e-06,1
7859,0.56396484375,24,0.5625,25,0.578125,0.01416015625,0.025108225108225107,0.00020051002502441406,0
7860,-0.95361328125,C3,-0.953125,C3,-0.953125,0.00048828125,0.0005120327700972862,2.384185791015625e-07,1
7861,2.37548828125,63,2.375,63,2.375,0.00048828125,0.00020554984583761563,2.384185791015625e-07,1
7862,-0.807373046875,CC,-0.8125,CC,-0.8125,0.005126953125,0.006350166313879649,2.6285648345947266e-05,1
7863,-1.2958984375,B7,-1.28125,B6,-1.3125,0.0166015625,0.01281085154483798,0.00027561187744140625,0
7864,-0.60595703125,D9,-0.609375,D9,-0.609375,0.00341796875,0.0056406124093473006,1.1682510375976562e-05,1
7865,-0.180419921875,F4,-0.1875,F5,-0.171875,0.008544921875,0.04736129905277402,7.301568984985352e-05,0
7866,0.536865234375,22,0.53125,23,0.546875,0.010009765625,0.018644838562983174,0.00010019540786743164,0
7867,0.65380859375,2A,0.65625,29,0.640625,0.01318359375,0.020164301717699777,0.00017380714416503906,0
7868,0.1689453125,0B,0.171875,0A,0.15625,0.0126953125,0.07514450867052024,0.00016117095947265625,0
7869,1.207275390625,47,1.21875,47,1.21875,0.011474609375,0.009504550050556117,0.0001316666603088379,1
7870,-1.85595703125,A5,-1.84375,A6,-1.8125,0.04345703125,0.023414890818205737,0.0018885135650634766,0
7871,0.63720703125,29,0.640625,2A,0.65625,0.01904296875,0.029885057471264367,0.00036263465881347656,0
7872,0.781005859375,32,0.78125,33,0.796875,0.015869140625,0.02031884964051266,0.0002518296241760254,0
7873,1.6845703125,56,1.6875,56,1.6875,0.0029296875,0.0017391304347826088,8.58306884765625e-06,1
7874,0.298828125,13,0.296875,13,0.296875,0.001953125,0.006535947712418301,3.814697265625e-06,1
7875,0.953857421875,3D,0.953125,3D,0.953125,0.000732421875,0.0007678525723061172,5.364418029785156e-07,1
7876,-1.39453125,B3,-1.40625,B4,-1.375,0.01953125,0.014005602240896359,0.0003814697265625,0
7877,-0.11376953125,F9,-0.109375,F9,-0.109375,0.00439453125,0.03862660944206009,1.9311904907226562e-05,1
7878,-0.61474609375,D9,-0.609375,D8,-0.625,0.01025390625,0.016679904686258934,0.00010514259338378906,0
7879,0.002197265625,01,0.015625,00,0.0,0.002197265625,1.0,4.827976226806641e-06,0
7880,-0.169189453125,F5,-0.171875,F5,-0.171875,0.002685546875,0.015873015873015872,7.212162017822266e-06,1
7881,-0.229736328125,F1,-0.234375,F1,-0.234375,0.004638671875,0.020191285866099893,2.1517276763916016e-05,1
7882,0.2353515625,0F,0.234375,10,0.25,0.0146484375,0.06224066390041494,0.00021457672119140625,0
7883,0.48388671875,1F,0.484375,20,0.5,0.01611328125,0.033299697275479316,0.00025963783264160156,0
7884,-0.581298828125,DB,-0.578125,DA,-0.59375,0.012451171875,0.02141957160856783,0.00015503168106079102,0
7885,0.6337890625,29,0.640625,28,0.625,0.0087890625,0.01386748844375963,7.724761962890625e-05,0
7886,-0.242919921875,F0,-0.25,F0,-0.25,0.007080078125,0.02914572864321608,5.0127506256103516e-05,1
7887,0.1181640625,08,0.125,08,0.125,0.0068359375,0.05785123966942149,4.673004150390625e-05,1
7888,0.0869140625,06,0.09375,07,0.109375,0.0224609375,0.25842696629213485,0.0005044937133789062,0
7889,0.67919921875,2B,0.671875,2C,0.6875,0.00830078125,0.012221423436376708,6.890296936035156e-05,0
7890,-0.167724609375,F5,-0.171875,F5,-0.171875,0.004150390625,0.024745269286754003,1.722574234008789e-05,1
7891,1.08154296875,43,1.09375,42,1.0625,0.01904296875,0.017607223476297968,0.00036263465881347656,0
7892,0.755615234375,30,0.75,30,0.75,0.005615234375,0.007431340872374798,3.153085708618164e-05,1
7893,0.421142578125,1B,0.421875,1B,0.421875,0.000732421875,0.0017391304347826088,5.364418029785156e-07,1
7894,-1.218505859375,B9,-1.21875,B8,-1.25,0.031494140625,0.025846523742736927,0.0009918808937072754,0
7895,-0.591064453125,DA,-0.59375,DA,-0.59375,0.002685546875,0.004543577034283354,7.212162017822266e-06,1
7896,-1.18017578125,BA,-1.1875,BA,-1.1875,0.00732421875,0.006206040546131568,5.364418029785156e-05,1
7897,-0.89599609375,C7,-0.890625,C6,-0.90625,0.01025390625,0.011444141689373298,0.00010514259338378906,0
7898,-0.438720703125,E4,-0.4375,E5,-0.421875,0.016845703125,0.038397328881469114,0.00028377771377563477,0
7899,0.2470703125,10,0.25,10,0.25,0.0029296875,0.011857707509881422,8.58306884765625e-06,1
7900,-0.17333984375,F5,-0.171875,F4,-0.1875,0.01416015625,0.08169014084507042,0.00020051002502441406,0
7901,-1.8974609375,A3,-1.90625,A2,-1.9375,0.0400390625,0.02110138960370561,0.0016031265258789062,0
7902,-0.00732421875,FF,-0.015625,00,0.0,0.00732421875,1.0,5.364418029785156e-05,0
7903,-0.33740234375,EA,-0.34375,EB,-0.328125,0.00927734375,0.027496382054992764,8.606910705566406e-05,0
7904,-0.51220703125,DF,-0.515625,DF,-0.515625,0.00341796875,0.00667302192564347,1.1682510375976562e-05,1
7905,1.4384765625,4E,1.4375,4E,1.4375,0.0009765625,0.0006788866259334691,9.5367431640625e-07,1
7906,-1.3935546875,B3,-1.40625,B4,-1.375,0.0185546875,0.013314646110721794,0.00034427642822265625,0
7907,0.525390625,22,0.53125,21,0.515625,0.009765625,0.01858736059479554,9.5367431640625e-05,0
7908,1.12255859375,44,1.125,44,1.125,0.00244140625,0.002174858634188778,5.9604644775390625e-06,1
7909,0.033447265625,02,0.03125,02,0.03125,0.002197265625,0.06569343065693431,4.827976226806641e-06,1
7910,1.2763671875,49,1.28125,48,1.25,0.0263671875,0.020657995409334353,0.0006952285766601562,0
7911,-0.5439453125,DD,-0.546875,DD,-0.546875,0.0029296875,0.005385996409335727,8.58306884765625e-06,1
7912,-0.82177734375,CB,-0.828125,CB,-0.828125,0.00634765625,0.007724301841948901,4.029273986816406e-05,1
7913,1.033447265625,41,1.03125,41,1.03125,0.002197265625,0.002126151665485471,4.827976226806641e-06,1
7914,1.14990234375,45,1.15625,45,1.15625,0.00634765625,0.005520169851380042,4.029273986816406e-05,1
7915,0.8408203125,36,0.84375,35,0.828125,0.0126953125,0.015098722415795587,0.00016117095947265625,0
7916,-0.730712890625,D1,-0.734375,D1,-0.734375,0.003662109375,0.005011693952555964,1.341104507446289e-05,1
7917,2.52978515625,64,2.5,64,2.5,0.02978515625,0.011773788843852539,0.0008871555328369141,1
7918,0.078369140625,05,0.078125,05,0.078125,0.000244140625,0.003115264797507788,5.960464477539063e-08,1
7919,-1.375244140625,B4,-1.375,B4,-1.375,0.000244140625,0.00017752529735487306,5.960464477539063e-08,1
7920,-0.917236328125,C5,-0.921875,C5,-0.921875,0.004638671875,0.005057226510513707,2.1517276763916016e-05,1
7921,1.103759765625,43,1.09375,44,1.125,0.021240234375,0.019243530192435302,0.00045114755630493164,0
7922,-1.207763671875,B9,-1.21875,BA,-1.1875,0.020263671875,0.01677784515868203,0.000410616397857666,0
7923,1.134521484375,44,1.125,44,1.125,0.009521484375,0.008392511297611363,9.065866470336914e-05,1
7924,0.693115234375,2C,0.6875,2C,0.6875,0.005615234375,0.008101444170482565,3.153085708618164e-05,1
7925,-0.942626953125,C4,-0.9375,C3,-0.953125,0.010498046875,0.011137011137011137,0.00011020898818969727,0
7926,0.173583984375,0B,0.171875,0B,0.171875,0.001708984375,0.009845288326300985,2.9206275939941406e-06,1
7927,-1.645263671875,AB,-1.65625,AB,-1.65625,0.010986328125,0.0066775485977147945,0.00012069940567016602,1
7928,-1.2490234375,B8,-1.25,B8,-1.25,0.0009765625,0.0007818608287724785,9.5367431640625e-07,1
7929,-0.557861328125,DC,-0.5625,DB,-0.578125,0.020263671875,0.036323851203501095,0.000410616397857666,0
7930,0.82666015625,35,0.828125,35,0.828125,0.00146484375,0.0017720023626698169,2.1457672119140625e-06,1
7931,0.816162109375,34,0.8125,34,0.8125,0.003662109375,0.004486987735566856,1.341104507446289e-05,1
7932,-0.063232421875,FC,-0.0625,FB,-0.078125,0.014892578125,0.23552123552123552,0.00022178888320922852,0
7933,1.223876953125,47,1.21875,48,1.25,0.026123046875,0.021344504288848994,0.0006824135780334473,0
7934,-0.939453125,C4,-0.9375,C4,-0.9375,0.001953125,0.002079002079002079,3.814697265625e-06,1
7935,0.925048828125,3B,0.921875,3A,0.90625,0.018798828125,0.02032198469253101,0.000353395938873291,0
7936,0.5390625,22,0.53125,23,0.546875,0.0078125,0.014492753623188406,6.103515625e-05,0
7937,0.898681640625,3A,0.90625,39,0.890625,0.008056640625,0.008964955175224124,6.490945816040039e-05,0
7938,-0.743896484375,D0,-0.75,D0,-0.75,0.006103515625,0.008204791598293404,3.725290298461914e-05,1
7939,1.19921875,46,1.1875,46,1.1875,0.01171875,0.009771986970684038,0.0001373291015625,1
7940,-0.418701171875,E5,-0.421875,E5,-0.421875,0.003173828125,0.007580174927113703,1.0073184967041016e-05,1
7941,-0.298828125,ED,-0.296875,ED,-0.296875,0.001953125,0.006535947712418301,3.814697265625e-06,1
7942,0.344482421875,16,0.34375,16,0.34375,0.000732421875,0.002126151665485471,5.364418029785156e-07,1
7943,-1.418701171875,B3,-1.40625,B2,-1.4375,0.018798828125,0.01325073137153674,0.000353395938873291,0
7944,0.507568359375,20,0.5,20,0.5,0.007568359375,0.014911014911014911,5.728006362915039e-05,1
7945,-0.0673828125,FC,-0.0625,FC,-0.0625,0.0048828125,0.07246376811594203,2.384185791015625e-05,1
7946,-2.315673828125,9D,-2.375,9E,-2.25,0.065673828125,0.028360569319978914,0.004313051700592041,0
7947,-0.32861328125,EB,-0.328125,EB,-0.328125,0.00048828125,0.0014858841010401188,2.384185791015625e-07,1
7948,-1.174072265625,BA,-1.1875,BB,-1.15625,0.017822265625,0.015179871075067582,0.00031763315200805664,0
7949,-0.31201171875,EC,-0.3125,EC,-0.3125,0.00048828125,0.001564945226917058,2.384185791015625e-07,1
7950,0.736083984375,2F,0.734375,2F,0.734375,0.001708984375,0.002321724709784411,2.9206275939941406e-06,1
7951,-0.279052734375,EE,-0.28125,EE,-0.28125,0.002197265625,0.007874015748031496,4.827976226806641e-06,1
7952,-0.39306640625,E7,-0.390625,E6,-0.40625,0.01318359375,0.03354037267080745,0.00017380714416503906,0
7953,-0.3896484375,E7,-0.390625,E7,-0.390625,0.0009765625,0.002506265664160401,9.5367431640625e-07,1
7954,0.5400390625,23,0.546875,23,0.546875,0.0068359375,0.012658227848101266,4.673004150390625e-05,1
7955,-0.23974609375,F1,-0.234375,F0,-0.25,0.01025390625,0.04276985743380855,0.00010514259338378906,0
7956,-0.2021484375,F3,-0.203125,F3,-0.203125,0.0009765625,0.004830917874396135,9.5367431640625e-07,1
7957,0.704833984375,2D,0.703125,2C,0.6875,0.017333984375,0.02459300311742293,0.00030046701431274414,0
7958,0.0537109375,03,0.046875,03,0.046875,0.0068359375,0.12727272727272726,4.673004150390625e-05,1
7959,0.7685546875,31,0.765625,31,0.765625,0.0029296875,0.0038119440914866584,8.58306884765625e-06,1
7960,-0.21484375,F2,-0.21875,F2,-0.21875,0.00390625,0.01818181818181818,1.52587890625e-05,1
7961,-1.193359375,BA,-1.1875,BA,-1.1875,0.005859375,0.004909983633387889,3.4332275390625e-05,1
7962,1.1728515625,46,1.1875,46,1.1875,0.0146484375,0.012489592006661115,0.00021457672119140625,1
7963,0.08642578125,06,0.09375,06,0.09375,0.00732421875,0.0847457627118644,5.364418029785156e-05,1
7964,-0.17333984375,F5,-0.171875,F5,-0.171875,0.00146484375,0.008450704225352112,2.1457672119140625e-06,1
7965,-2.354736328125,9D,-2.375,9D,-2.375,0.020263671875,0.00860549507516848,0.000410616397857666,1
7966,0.0048828125,01,0.015625,01,0.015625,0.0107421875,2.2,0.00011539459228515625,1
7967,0.160400390625,0A,0.15625,0B,0.171875,0.011474609375,0.0715372907153729,0.0001316666603088379,0
7968,-1.12353515625,BC,-1.125,BC,-1.125,0.00146484375,0.001303780964797914,2.1457672119140625e-06,1
7969,0.07861328125,05,0.078125,04,0.0625,0.01611328125,0.20496894409937888,0.00025963783264160156,0
7970,-0.59814453125,DA,-0.59375,DA,-0.59375,0.00439453125,0.007346938775510204,1.9311904907226562e-05,1
7971,-0.039794921875,FD,-0.046875,FD,-0.046875,0.007080078125,0.17791411042944785,5.0127506256103516e-05,1
7972,-1.391357421875,B3,-1.40625,B4,-1.375,0.016357421875,0.011756448499736796,0.0002675652503967285,0
7973,0.12890625,08,0.125,08,0.125,0.00390625,0.030303030303030304,1.52587890625e-05,1
7974,-0.945556640625,C3,-0.953125,C3,-0.953125,0.007568359375,0.008004131164471986,5.728006362915039e-05,1
7975,0.472412109375,1E,0.46875,1E,0.46875,0.003662109375,0.007751937984496124,1.341104507446289e-05,1
7976,-2.5166015625,9C,-2.5,9C,-2.5,0.0166015625,0.006596818005432673,0.00027561187744140625,1
7977,-0.4970703125,E0,-0.5,E0,-0.5,0.0029296875,0.005893909626719057,8.58306884765625e-06,1
7978,0.235595703125,0F,0.234375,0F,0.234375,0.001220703125,0.0051813471502590676,1.4901161193847656e-06,1
7979,-1.858642578125,A5,-1.84375,A4,-1.875,0.016357421875,0.008800735583869696,0.0002675652503967285,0
7980,0.356201171875,17,0.359375,17,0.359375,0.003173828125,0.008910212474297465,1.0073184967041016e-05,1
7981,-2.313720703125,9D,-2.375,9D,-2.375,0.061279296875,0.02648517463332278,0.0037551522254943848,1
7982,-0.309814453125,EC,-0.3125,ED,-0.296875,0.012939453125,0.04176516942474389,0.00016742944717407227,0
7983,1.58349609375,53,1.59375,52,1.5625,0.02099609375,0.013259327782917052,0.00044083595275878906,0
7984,-0.562744140625,DC,-0.5625,DB,-0.578125,0.015380859375,0.027331887201735357,0.0002365708351135254,0
7985,0.277587890625,12,0.28125,12,0.28125,0.003662109375,0.013192612137203167,1.341104507446289e-05,1
7986,0.124755859375,08,0.125,08,0.125,0.000244140625,0.0019569471624266144,5.960464477539063e-08,1
7987,-0.06494140625,FC,-0.0625,FC,-0.0625,0.00244140625,0.03759398496240601,5.9604644775390625e-06,1
7988,-1.09033203125,BD,-1.09375,BD,-1.09375,0.00341796875,0.003134796238244514,1.1682510375976562e-05,1
7989,-0.09521484375,FA,-0.09375,FB,-0.078125,0.01708984375,0.1794871794871795,0.00029206275939941406,0
7990,0.377685546875,18,0.375,19,0.390625,0.012939453125,0.03425985778926956,0.00016742944717407227,0
7991,-1.00244140625,C0,-1.0,C0,-1.0,0.00244140625,0.0024354603019970775,5.9604644775390625e-06,1
7992,0.112548828125,07,0.109375,06,0.09375,0.018798828125,0.16702819956616052,0.000353395938873291,0
7993,1.9853515625,60,2.0,60,2.0,0.0146484375,0.0073782587309394985,0.00021457672119140625,1
7994,0.906005859375,3A,0.90625,3B,0.921875,0.015869140625,0.01751549447588251,0.0002518296241760254,0
7995,-0.79541015625,CD,-0.796875,CD,-0.796875,0.00146484375,0.001841620626151013,2.1457672119140625e-06,1
7996,0.208740234375,0D,0.203125,0E,0.21875,0.010009765625,0.047953216374269005,0.00010019540786743164,0
7997,0.009033203125,01,0.015625,01,0.015625,0.006591796875,0.7297297297297297,4.3451786041259766e-05,1
7998,-0.616943359375,D9,-0.609375,D8,-0.625,0.008056640625,0.013058963197467353,6.490945816040039e-05,0
7999,0.314697265625,14,0.3125,14,0.3125,0.002197265625,0.0069821567106283944,4.827976226806641e-06,1
8000,0.3662109375,17,0.359375,18,0.375,0.0087890625,0.024,7.724761962890625e-05,0
8001,0.55126953125,23,0.546875,23,0.546875,0.00439453125,0.007971656333038087,1.9311904907226562e-05,1
8002,0.278564453125,12,0.28125,13,0.296875,0.018310546875,0.06573181419807186,0.00033527612686157227,0
8003,-1.801025390625,A6,-1.8125,A6,-1.8125,0.011474609375,0.0063711535854683475,0.0001316666603088379,1
8004,0.618408203125,28,0.625,28,0.625,0.006591796875,0.010659297275957363,4.3451786041259766e-05,1
8005,0.173095703125,0B,0.171875,0B,0.171875,0.001220703125,0.007052186177715092,1.4901161193847656e-06,1
8006,-0.786865234375,CE,-0.78125,CD,-0.796875,0.010009765625,0.012721067328575862,0.00010019540786743164,0
8007,0.708251953125,2D,0.703125,2E,0.71875,0.010498046875,0.014822475008617718,0.00011020898818969727,0
8008,0.03857421875,02,0.03125,02,0.03125,0.00732421875,0.189873417721519,5.364418029785156e-05,1
8009,0.96875,3E,0.96875,3D,0.953125,0.015625,0.016129032258064516,0.000244140625,0
8010,0.56884765625,24,0.5625,25,0.578125,0.00927734375,0.01630901287553648,8.606910705566406e-05,0
8011,-0.468505859375,E2,-0.46875,E2,-0.46875,0.000244140625,0.0005211047420531526,5.960464477539063e-08,1
8012,0.604736328125,27,0.609375,26,0.59375,0.010986328125,0.018167137666532097,0.00012069940567016602,0
8013,0.807861328125,34,0.8125,33,0.796875,0.010986328125,0.013599274705349048,0.00012069940567016602,0
8014,0.804931640625,34,0.8125,34,0.8125,0.007568359375,0.00940248710949348,5.728006362915039e-05,1
8015,-0.58154296875,DB,-0.578125,DB,-0.578125,0.00341796875,0.005877413937867338,1.1682510375976562e-05,1
8016,0.990234375,3F,0.984375,3F,0.984375,0.005859375,0.005917159763313609,3.4332275390625e-05,1
8017,-0.773193359375,CF,-0.765625,CE,-0.78125,0.008056640625,0.010419955794126934,6.490945816040039e-05,0
8018,-1.28662109375,B7,-1.28125,B7,-1.28125,0.00537109375,0.004174573055028463,2.8848648071289062e-05,1
8019,0.087158203125,06,0.09375,06,0.09375,0.006591796875,0.07563025210084033,4.3451786041259766e-05,1
8020,0.60107421875,26,0.59375,28,0.625,0.02392578125,0.039805036555645816,0.0005724430084228516,0
8021,0.642822265625,29,0.640625,2A,0.65625,0.013427734375,0.020888720091150777,0.00018030405044555664,0
8022,-0.50537109375,E0,-0.5,E0,-0.5,0.00537109375,0.010628019323671498,2.8848648071289062e-05,1
8023,0.86376953125,37,0.859375,37,0.859375,0.00439453125,0.005087620124364048,1.9311904907226562e-05,1
8024,0.048095703125,03,0.046875,03,0.046875,0.001220703125,0.025380710659898477,1.4901161193847656e-06,1
8025,-0.32568359375,EB,-0.328125,EA,-0.34375,0.01806640625,0.05547226386806597,0.00032639503479003906,0
8026,-0.89990234375,C6,-0.90625,C6,-0.90625,0.00634765625,0.00705371676614216,4.029273986816406e-05,1
8027,-0.84619140625,CA,-0.84375,C9,-0.859375,0.01318359375,0.015579919215233698,0.00017380714416503906,0
8028,-0.580322265625,DB,-0.578125,DA,-0.59375,0.013427734375,0.023138409760201935,0.00018030405044555664,0
8029,-1.151123046875,BB,-1.15625,BB,-1.15625,0.005126953125,0.004453870625662778,2.6285648345947266e-05,1
8030,-2.370361328125,9D,-2.375,9D,-2.375,0.004638671875,0.0019569471624266144,2.1517276763916016e-05,1
8031,0.483642578125,1F,0.484375,20,0.5,0.016357421875,0.03382130237253912,0.0002675652503967285,0
8032,0.255126953125,10,0.25,10,0.25,0.005126953125,0.020095693779904306,2.6285648345947266e-05,1
8033,-0.705810546875,D3,-0.703125,D4,-0.6875,0.018310546875,0.025942580421999307,0.00033527612686157227,0
8034,0.6240234375,28,0.625,28,0.625,0.0009765625,0.001564945226917058,9.5367431640625e-07,1
8035,1.503173828125,50,1.5,50,1.5,0.003173828125,0.0021114178983271076,1.0073184967041016e-05,1
8036,-0.368408203125,E8,-0.375,E9,-0.359375,0.009033203125,0.024519549370444003,8.159875869750977e-05,0
8037,0.0234375,02,0.03125,00,0.0,0.0234375,1.0,0.00054931640625,0
8038,-0.492431640625,E0,-0.5,E1,-0.484375,0.008056640625,0.01636093207734259,6.490945816040039e-05,0
8039,1.144287109375,45,1.15625,44,1.125,0.019287109375,0.01685513121399616,0.0003719925880432129,0
8040,-1.97412109375,A1,-1.96875,A2,-1.9375,0.03662109375,0.01855058125154588,0.001341104507446289,0
8041,0.04541015625,03,0.046875,04,0.0625,0.01708984375,0.3763440860215054,0.00029206275939941406,0
8042,0.728515625,2F,0.734375,2E,0.71875,0.009765625,0.013404825737265416,9.5367431640625e-05,0
8043,-0.54296875,DD,-0.546875,DC,-0.5625,0.01953125,0.03597122302158273,0.0003814697265625,0
8044,0.409423828125,1A,0.40625,1A,0.40625,0.003173828125,0.007751937984496124,1.0073184967041016e-05,1
8045,-0.74365234375,D0,-0.75,D0,-0.75,0.00634765625,0.008535784635587657,4.029273986816406e-05,1
8046,1.19091796875,46,1.1875,46,1.1875,0.00341796875,0.002870028700287003,1.1682510375976562e-05,1
8047,0.10791015625,07,0.109375,07,0.109375,0.00146484375,0.013574660633484163,2.1457672119140625e-06,1
8048,0.03076171875,02,0.03125,01,0.015625,0.01513671875,0.49206349206349204,0.00022912025451660156,0
8049,-2.272216796875,9E,-2.25,9E,-2.25,0.022216796875,0.009777586762651768,0.0004935860633850098,1
8050,0.1826171875,0C,0.1875,0B,0.171875,0.0107421875,0.058823529411764705,0.00011539459228515625,0
8051,-0.320068359375,EC,-0.3125,EC,-0.3125,0.007568359375,0.02364607170099161,5.728006362915039e-05,1
8052,-0.965576171875,C2,-0.96875,C3,-0.953125,0.012451171875,0.012895069532237674,0.00015503168106079102,0
8053,-0.35888671875,E9,-0.359375,EA,-0.34375,0.01513671875,0.04217687074829932,0.00022912025451660156,0
8054,0.818115234375,34,0.8125,35,0.828125,0.010009765625,0.012235153685467026,0.00010019540786743164,0
8055,0.726318359375,2E,0.71875,2E,0.71875,0.007568359375,0.010420168067226891,5.728006362915039e-05,1
8056,0.60791015625,27,0.609375,28,0.625,0.01708984375,0.028112449799196786,0.00029206275939941406,0
8057,0.498046875,20,0.5,20,0.5,0.001953125,0.00392156862745098,3.814697265625e-06,1
8058,1.023193359375,41,1.03125,41,1.03125,0.008056640625,0.007874015748031496,6.490945816040039e-05,1
8059,0.369140625,18,0.375,17,0.359375,0.009765625,0.026455026455026454,9.5367431640625e-05,0
8060,-1.357421875,B5,-1.34375,B6,-1.3125,0.044921875,0.033093525179856115,0.002017974853515625,0
8061,0.39990234375,1A,0.40625,1A,0.40625,0.00634765625,0.015873015873015872,4.029273986816406e-05,1
8062,0.845458984375,36,0.84375,36,0.84375,0.001708984375,0.0020213687554143807,2.9206275939941406e-06,1
8063,-0.71728515625,D2,-0.71875,D3,-0.703125,0.01416015625,0.019741320626276378,0.00020051002502441406,0
8064,-1.889892578125,A4,-1.875,A4,-1.875,0.014892578125,0.007880118847694096,0.00022178888320922852,1
8065,-1.02880859375,BF,-1.03125,BF,-1.03125,0.00244140625,0.0023730422401518746,5.9604644775390625e-06,1
8066,0.535400390625,22,0.53125,22,0.53125,0.004150390625,0.007751937984496124,1.722574234008789e-05,1
8067,0.177001953125,0B,0.171875,0C,0.1875,0.010498046875,0.05931034482758621,0.00011020898818969727,0
8068,0.10400390625,07,0.109375,07,0.109375,0.00537109375,0.051643192488262914,2.8848648071289062e-05,1
8069,1.4423828125,4E,1.4375,4E,1.4375,0.0048828125,0.003385240352064997,2.384185791015625e-05,1
8070,2.738525390625,66,2.75,66,2.75,0.011474609375,0.004190068645805474,0.0001316666603088379,1
8071,-0.296630859375,ED,-0.296875,EE,-0.28125,0.015380859375,0.05185185185185185,0.0002365708351135254,0
8072,-1.854736328125,A5,-1.84375,A4,-1.875,0.020263671875,0.01092536527576675,0.000410616397857666,0
8073,0.5302734375,22,0.53125,22,0.53125,0.0009765625,0.001841620626151013,9.5367431640625e-07,1
8074,1.62548828125,54,1.625,54,1.625,0.00048828125,0.00030039050765995795,2.384185791015625e-07,1
8075,0.29296875,13,0.296875,13,0.296875,0.00390625,0.013333333333333334,1.52587890625e-05,1
8076,0.773681640625,32,0.78125,32,0.78125,0.007568359375,0.009782265698958662,5.728006362915039e-05,1
8077,-0.99853515625,C0,-1.0,C0,-1.0,0.00146484375,0.001466992665036675,2.1457672119140625e-06,1
8078,0.25634765625,10,0.25,12,0.28125,0.02490234375,0.09714285714285714,0.0006201267242431641,0
8079,0.953369140625,3D,0.953125,3D,0.953125,0.000244140625,0.00025608194622279127,5.960464477539063e-08,1
8080,1.18994140625,46,1.1875,46,1.1875,0.00244140625,0.002051702913418137,5.9604644775390625e-06,1
8081,1.1728515625,46,1.1875,46,1.1875,0.0146484375,0.012489592006661115,0.00021457672119140625,1
8082,0.82421875,35,0.828125,35,0.828125,0.00390625,0.004739336492890996,1.52587890625e-05,1
8083,-0.216552734375,F2,-0.21875,F2,-0.21875,0.002197265625,0.010146561443066516,4.827976226806641e-06,1
8084,-0.4189453125,E5,-0.421875,E5,-0.421875,0.0029296875,0.006993006993006993,8.58306884765625e-06,1
8085,1.72607421875,57,1.71875,58,1.75,0.02392578125,0.013861386138613862,0.0005724430084228516,0
8086,-0.623779296875,D8,-0.625,D9,-0.609375,0.014404296875,0.02309197651663405,0.00020748376846313477,0
8087,-0.031005859375,FE,-0.03125,FF,-0.015625,0.015380859375,0.49606299212598426,0.0002365708351135254,0
8088,0.187744140625,0C,0.1875,0C,0.1875,0.000244140625,0.0013003901170351106,5.960464477539063e-08,1
8089,0.7685546875,31,0.765625,32,0.78125,0.0126953125,0.016518424396442185,0.00016117095947265625,0
8090,0.6748046875,2B,0.671875,2B,0.671875,0.0029296875,0.004341534008683068,8.58306884765625e-06,1
8091,-1.51416015625,B0,-1.5,AF,-1.53125,0.01708984375,0.011286681715575621,0.00029206275939941406,0
8092,-0.341552734375,EA,-0.34375,E9,-0.359375,0.017822265625,0.05218012866333095,0.00031763315200805664,0
8093,-0.46142578125,E2,-0.46875,E3,-0.453125,0.00830078125,0.01798941798941799,6.890296936035156e-05,0
8094,1.0673828125,42,1.0625,42,1.0625,0.0048828125,0.004574565416285453,2.384185791015625e-05,1
8095,-0.08154296875,FB,-0.078125,FB,-0.078125,0.00341796875,0.041916167664670656,1.1682510375976562e-05,1
8096,0.734130859375,2F,0.734375,2F,0.734375,0.000244140625,0.0003325573661456601,5.960464477539063e-08,1
8097,-0.123291015625,F8,-0.125,F8,-0.125,0.001708984375,0.013861386138613862,2.9206275939941406e-06,1
8098,0.593505859375,26,0.59375,25,0.578125,0.015380859375,0.025915261209378856,0.0002365708351135254,0
8099,-0.3037109375,ED,-0.296875,ED,-0.296875,0.0068359375,0.022508038585209004,4.673004150390625e-05,1
8100,-0.8505859375,CA,-0.84375,C9,-0.859375,0.0087890625,0.010332950631458095,7.724761962890625e-05,0
8101,-1.305419921875,B6,-1.3125,B6,-1.3125,0.007080078125,0.005423602019824201,5.0127506256103516e-05,1
8102,-0.38818359375,E7,-0.390625,E7,-0.390625,0.00244140625,0.006289308176100629,5.9604644775390625e-06,1
8103,-0.907958984375,C6,-0.90625,C5,-0.921875,0.013916015625,0.015326700726001613,0.00019365549087524414,0
8104,-1.10009765625,BD,-1.09375,BC,-1.125,0.02490234375,0.022636484687083888,0.0006201267242431641,0
8105,-0.0185546875,FF,-0.015625,FF,-0.015625,0.0029296875,0.15789473684210525,8.58306884765625e-06,1
8106,0.338623046875,16,0.34375,16,0.34375,0.005126953125,0.01514059120403749,2.6285648345947266e-05,1
8107,-0.085693359375,FB,-0.078125,FA,-0.09375,0.008056640625,0.09401709401709402,6.490945816040039e-05,0
8108,0.78857421875,32,0.78125,32,0.78125,0.00732421875,0.009287925696594427,5.364418029785156e-05,1
8109,0.404052734375,1A,0.40625,1A,0.40625,0.002197265625,0.005438066465256798,4.827976226806641e-06,1
8110,-1.130859375,BC,-1.125,BC,-1.125,0.005859375,0.0051813471502590676,3.4332275390625e-05,1
8111,0.0419921875,03,0.046875,03,0.046875,0.0048828125,0.11627906976744186,2.384185791015625e-05,1
8112,-0.242431640625,F0,-0.25,F0,-0.25,0.007568359375,0.03121852970795569,5.728006362915039e-05,1
8113,0.7626953125,31,0.765625,31,0.765625,0.0029296875,0.0038412291933418692,8.58306884765625e-06,1
8114,-0.371826171875,E8,-0.375,E7,-0.390625,0.018798828125,0.050558108995403805,0.000353395938873291,0
8115,1.701171875,56,1.6875,56,1.6875,0.013671875,0.008036739380022962,0.000186920166015625,1
8116,0.034423828125,02,0.03125,03,0.046875,0.012451171875,0.3617021276595745,0.00015503168106079102,0
8117,-0.251953125,F0,-0.25,EF,-0.265625,0.013671875,0.05426356589147287,0.000186920166015625,0
8118,-0.940185546875,C4,-0.9375,C3,-0.953125,0.012939453125,0.013762659049597507,0.00016742944717407227,0
8119,0.6240234375,28,0.625,28,0.625,0.0009765625,0.001564945226917058,9.5367431640625e-07,1
8120,-0.731201171875,D1,-0.734375,D0,-0.75,0.018798828125,0.025709515859766278,0.000353395938873291,0
8121,0.960205078125,3D,0.953125,3F,0.984375,0.024169921875,0.02517162471395881,0.0005841851234436035,0
8122,-0.139892578125,F7,-0.140625,F8,-0.125,0.014892578125,0.10645724258289703,0.00022178888320922852,0
8123,-1.371826171875,B4,-1.375,B4,-1.375,0.003173828125,0.0023135789286349885,1.0073184967041016e-05,1
8124,0.259521484375,11,0.265625,11,0.265625,0.006103515625,0.023518344308560677,3.725290298461914e-05,1
8125,0.7451171875,30,0.75,30,0.75,0.0048828125,0.00655307994757536,2.384185791015625e-05,1
8126,-1.44580078125,B2,-1.4375,B2,-1.4375,0.00830078125,0.005741303613644039,6.890296936035156e-05,1
8127,-0.23193359375,F1,-0.234375,F2,-0.21875,0.01318359375,0.056842105263157895,0.00017380714416503906,0
8128,0.93994140625,3C,0.9375,3D,0.953125,0.01318359375,0.014025974025974027,0.00017380714416503906,0
8129,0.27587890625,12,0.28125,12,0.28125,0.00537109375,0.019469026548672566,2.8848648071289062e-05,1
8130,-1.365966796875,B4,-1.375,B4,-1.375,0.009033203125,0.006613047363717605,8.159875869750977e-05,1
8131,0.745361328125,30,0.75,30,0.75,0.004638671875,0.006223386832623649,2.1517276763916016e-05,1
8132,0.921875,3B,0.921875,3A,0.90625,0.015625,0.01694915254237288,0.000244140625,0
8133,0.3798828125,18,0.375,19,0.390625,0.0107421875,0.028277634961439587,0.00011539459228515625,0
8134,0.4443359375,1C,0.4375,1C,0.4375,0.0068359375,0.015384615384615385,4.673004150390625e-05,1
8135,2.031494140625,60,2.0,60,2.0,0.031494140625,0.015502944357649321,0.0009918808937072754,1
8136,-0.241455078125,F1,-0.234375,F1,-0.234375,0.007080078125,0.029322548028311426,5.0127506256103516e-05,1
8137,-0.94677734375,C3,-0.953125,C3,-0.953125,0.00634765625,0.006704486848891181,4.029273986816406e-05,1
8138,0.528564453125,22,0.53125,21,0.515625,0.012939453125,0.024480369515011546,0.00016742944717407227,0
8139,1.282958984375,49,1.28125,49,1.28125,0.001708984375,0.0013320647002854425,2.9206275939941406e-06,1
8140,-1.212646484375,B9,-1.21875,BA,-1.1875,0.025146484375,0.02073686329776525,0.0006323456764221191,0
8141,-0.37548828125,E8,-0.375,E8,-0.375,0.00048828125,0.0013003901170351106,2.384185791015625e-07,1
8142,-0.211181640625,F2,-0.21875,F3,-0.203125,0.008056640625,0.03815028901734104,6.490945816040039e-05,0
8143,-0.804443359375,CD,-0.796875,CC,-0.8125,0.008056640625,0.010015174506828529,6.490945816040039e-05,0
8144,-0.031005859375,FE,-0.03125,FE,-0.03125,0.000244140625,0.007874015748031496,5.960464477539063e-08,1
8145,-2.00048828125,A0,-2.0,A0,-2.0,0.00048828125,0.000244081034903588,2.384185791015625e-07,1
8146,-0.5595703125,DC,-0.5625,DE,-0.53125,0.0283203125,0.0506108202443281,0.0008020401000976562,0
8147,-1.7578125,A8,-1.75,A7,-1.78125,0.0234375,0.013333333333333334,0.00054931640625,0
8148,-0.835693359375,CB,-0.828125,CA,-0.84375,0.008056640625,0.009640666082383873,6.490945816040039e-05,0
8149,-0.306640625,EC,-0.3125,ED,-0.296875,0.009765625,0.03184713375796178,9.5367431640625e-05,0
8150,0.161865234375,0A,0.15625,0A,0.15625,0.005615234375,0.03469079939668175,3.153085708618164e-05,1
8151,0.626220703125,28,0.625,28,0.625,0.001220703125,0.001949317738791423,1.4901161193847656e-06,1
8152,-0.6416015625,D7,-0.640625,D8,-0.625,0.0166015625,0.0258751902587519,0.00027561187744140625,0
8153,-0.305419921875,EC,-0.3125,EC,-0.3125,0.007080078125,0.023181454836131096,5.0127506256103516e-05,1
8154,0.365966796875,17,0.359375,17,0.359375,0.006591796875,0.01801200800533689,4.3451786041259766e-05,1
8155,0.175048828125,0B,0.171875,0B,0.171875,0.003173828125,0.01813110181311018,1.0073184967041016e-05,1
8156,0.27392578125,12,0.28125,12,0.28125,0.00732421875,0.026737967914438502,5.364418029785156e-05,1
8157,1.137939453125,44,1.125,44,1.125,0.012939453125,0.01137095043981978,0.00016742944717407227,1
8158,0.546630859375,23,0.546875,23,0.546875,0.000244140625,0.00044662795891022776,5.960464477539063e-08,1
8159,0.187744140625,0C,0.1875,0B,0.171875,0.015869140625,0.08452535760728218,0.0002518296241760254,0
8160,0.743896484375,30,0.75,30,0.75,0.006103515625,0.008204791598293404,3.725290298461914e-05,1
8161,0.01123046875,01,0.015625,01,0.015625,0.00439453125,0.391304347826087,1.9311904907226562e-05,1
8162,-0.00244140625,FF,-0.015625,00,0.0,0.00244140625,1.0,5.9604644775390625e-06,0
8163,-0.190673828125,F4,-0.1875,F3,-0.203125,0.012451171875,0.06530089628681178,0.00015503168106079102,0
8164,1.276611328125,49,1.28125,48,1.25,0.026611328125,0.02084528590552687,0.000708162784576416,0
8165,-1.095703125,BD,-1.09375,BC,-1.125,0.029296875,0.026737967914438502,0.000858306884765625,0
8166,1.211669921875,47,1.21875,47,1.21875,0.007080078125,0.005843239975821076,5.0127506256103516e-05,1
8167,1.804931640625,5A,1.8125,5A,1.8125,0.007568359375,0.004193155687812796,5.728006362915039e-05,1
8168,0.216552734375,0E,0.21875,0E,0.21875,0.002197265625,0.010146561443066516,4.827976226806641e-06,1
8169,0.512939453125,21,0.515625,21,0.515625,0.002685546875,0.005235602094240838,7.212162017822266e-06,1
8170,-0.714599609375,D2,-0.71875,D2,-0.71875,0.004150390625,0.0058079945336522035,1.722574234008789e-05,1
8171,0.89892578125,3A,0.90625,3A,0.90625,0.00732421875,0.008147745790331342,5.364418029785156e-05,1
8172,-1.49951171875,B0,-1.5,B0,-1.5,0.00048828125,0.00032562683165092806,2.384185791015625e-07,1
8173,-0.198486328125,F3,-0.203125,F3,-0.203125,0.004638671875,0.023370233702337023,2.1517276763916016e-05,1
8174,-0.8232421875,CB,-0.828125,CB,-0.828125,0.0048828125,0.005931198102016607,2.384185791015625e-05,1
8175,-0.65869140625,D6,-0.65625,D6,-0.65625,0.00244140625,0.0037064492216456633,5.9604644775390625e-06,1
8176,-0.953857421875,C3,-0.953125,C2,-0.96875,0.014892578125,0.015613002303557716,0.00022178888320922852,0
8177,0.356689453125,17,0.359375,16,0.34375,0.012939453125,0.03627652292950034,0.00016742944717407227,0
8178,-0.3310546875,EB,-0.328125,EA,-0.34375,0.0126953125,0.038348082595870206,0.00016117095947265625,0
8179,1.33642578125,4B,1.34375,4B,1.34375,0.00732421875,0.005480453050785532,5.364418029785156e-05,1
8180,1.1943359375,46,1.1875,46,1.1875,0.0068359375,0.005723630417007359,4.673004150390625e-05,1
8181,-1.20361328125,B9,-1.21875,BA,-1.1875,0.01611328125,0.013387423935091278,0.00025963783264160156,0
8182,-0.284912109375,EE,-0.28125,ED,-0.296875,0.011962890625,0.04198800342759212,0.0001431107521057129,0
8183,-1.22509765625,B9,-1.21875,B9,-1.21875,0.00634765625,0.0051813471502590676,4.029273986816406e-05,1
8184,0.2353515625,0F,0.234375,0F,0.234375,0.0009765625,0.004149377593360996,9.5367431640625e-07,1
8185,-0.3046875,EC,-0.3125,ED,-0.296875,0.0078125,0.02564102564102564,6.103515625e-05,0
8186,-0.031005859375,FE,-0.03125,FD,-0.046875,0.015869140625,0.5118110236220472,0.0002518296241760254,0
8187,0.54931640625,23,0.546875,24,0.5625,0.01318359375,0.024,0.00017380714416503906,0
8188,-1.316162109375,B6,-1.3125,B6,-1.3125,0.003662109375,0.0027824151363383415,1.341104507446289e-05,1
8189,0.660888671875,2A,0.65625,2A,0.65625,0.004638671875,0.007018840044329516,2.1517276763916016e-05,1
8190,0.121826171875,08,0.125,07,0.109375,0.012451171875,0.10220440881763528,0.00015503168106079102,0
8191,-1.033935546875,BF,-1.03125,BE,-1.0625,0.028564453125,0.027626918536009445,0.0008159279823303223,0
8192,-0.7568359375,D0,-0.75,CF,-0.765625,0.0087890625,0.011612903225806452,7.724761962890625e-05,0
8193,0.17236328125,0B,0.171875,0C,0.1875,0.01513671875,0.08781869688385269,0.00022912025451660156,0
8194,-0.622802734375,D8,-0.625,D9,-0.609375,0.013427734375,0.02156017248137985,0.00018030405044555664,0
8195,-1.2841796875,B7,-1.28125,B7,-1.28125,0.0029296875,0.0022813688212927757,8.58306884765625e-06,1
8196,1.2099609375,47,1.21875,46,1.1875,0.0224609375,0.018563357546408393,0.0005044937133789062,0
8197,-0.304931640625,EC,-0.3125,EC,-0.3125,0.007568359375,0.024819855884707767,5.728006362915039e-05,1
8198,-0.08154296875,FB,-0.078125,FA,-0.09375,0.01220703125,0.1497005988023952,0.00014901161193847656,0
8199,0.09326171875,06,0.09375,06,0.09375,0.00048828125,0.005235602094240838,2.384185791015625e-07,1
8200,-0.39794921875,E7,-0.390625,E6,-0.40625,0.00830078125,0.020858895705521473,6.890296936035156e-05,0
8201,0.086181640625,06,0.09375,04,0.0625,0.023681640625,0.2747875354107649,0.0005608201026916504,0
8202,0.0048828125,01,0.015625,FF,-0.015625,0.0205078125,4.2,0.00042057037353515625,0
8203,0.513427734375,21,0.515625,21,0.515625,0.002197265625,0.0042796005706134095,4.827976226806641e-06,1
8204,0.226806640625,0F,0.234375,0F,0.234375,0.007568359375,0.03336921420882669,5.728006362915039e-05,1
8205,-0.23046875,F1,-0.234375,F1,-0.234375,0.00390625,0.01694915254237288,1.52587890625e-05,1
8206,-0.219970703125,F2,-0.21875,F2,-0.21875,0.001220703125,0.005549389567147614,1.4901161193847656e-06,1
8207,-0.85791015625,C9,-0.859375,C9,-0.859375,0.00146484375,0.001707455890722823,2.1457672119140625e-06,1
8208,-0.371826171875,E8,-0.375,E8,-0.375,0.003173828125,0.008535784635587657,1.0073184967041016e-05,1
8209,0.263916015625,11,0.265625,10,0.25,0.013916015625,0.05272895467160037,0.00019365549087524414,0
8210,1.024169921875,41,1.03125,40,1.0,0.024169921875,0.023599523241954707,0.0005841851234436035,0
8211,0.7587890625,31,0.765625,31,0.765625,0.0068359375,0.009009009009009009,4.673004150390625e-05,1
8212,-0.25439453125,F0,-0.25,F0,-0.25,0.00439453125,0.01727447216890595,1.9311904907226562e-05,1
8213,1.021728515625,41,1.03125,41,1.03125,0.009521484375,0.00931899641577061,9.065866470336914e-05,1
8214,1.22607421875,47,1.21875,47,1.21875,0.00732421875,0.005973715651135006,5.364418029785156e-05,1
8215,0.8828125,38,0.875,3A,0.90625,0.0234375,0.02654867256637168,0.00054931640625,0
8216,0.560546875,24,0.5625,23,0.546875,0.013671875,0.024390243902439025,0.000186920166015625,0
8217,0.76708984375,31,0.765625,32,0.78125,0.01416015625,0.018459579885423297,0.00020051002502441406,0
8218,0.06884765625,04,0.0625,03,0.046875,0.02197265625,0.3191489361702128,0.00048279762268066406,0
8219,0.3857421875,19,0.390625,18,0.375,0.0107421875,0.027848101265822784,0.00011539459228515625,0
8220,-0.8662109375,C9,-0.859375,C8,-0.875,0.0087890625,0.010146561443066516,7.724761962890625e-05,0
8221,-0.08349609375,FB,-0.078125,FA,-0.09375,0.01025390625,0.12280701754385964,0.00010514259338378906,0
8222,0.27099609375,11,0.265625,11,0.265625,0.00537109375,0.01981981981981982,2.8848648071289062e-05,1
8223,0.103271484375,07,0.109375,07,0.109375,0.006103515625,0.0591016548463357,3.725290298461914e-05,1
8224,1.4619140625,4F,1.46875,4F,1.46875,0.0068359375,0.004676018704074816,4.673004150390625e-05,1
8225,1.949951171875,5E,1.9375,5F,1.96875,0.018798828125,0.009640666082383873,0.000353395938873291,0
8226,-0.05712890625,FC,-0.0625,FC,-0.0625,0.00537109375,0.09401709401709402,2.8848648071289062e-05,1
8227,-1.13720703125,BC,-1.125,BC,-1.125,0.01220703125,0.010734220695577501,0.00014901161193847656,1
8228,-0.571533203125,DB,-0.578125,DC,-0.5625,0.009033203125,0.015805211448099103,8.159875869750977e-05,0
8229,1.270751953125,49,1.28125,48,1.25,0.020751953125,0.01633045148895293,0.00043064355850219727,0
8230,2.080810546875,61,2.125,61,2.125,0.044189453125,0.021236653760413,0.0019527077674865723,1
8231,0.0107421875,01,0.015625,01,0.015625,0.0048828125,0.45454545454545453,2.384185791015625e-05,1
8232,0.37890625,18,0.375,19,0.390625,0.01171875,0.030927835051546393,0.0001373291015625,0
8233,1.0302734375,41,1.03125,41,1.03125,0.0009765625,0.0009478672985781991,9.5367431640625e-07,1
8234,-0.365478515625,E9,-0.359375,E9,-0.359375,0.006103515625,0.016700066800267203,3.725290298461914e-05,1
8235,-0.447021484375,E3,-0.453125,E3,-0.453125,0.006103515625,0.013653741125068269,3.725290298461914e-05,1
8236,-0.19189453125,F4,-0.1875,F4,-0.1875,0.00439453125,0.022900763358778626,1.9311904907226562e-05,1
8237,1.265869140625,49,1.28125,48,1.25,0.015869140625,0.01253616200578592,0.0002518296241760254,0
8238,0.114990234375,07,0.109375,07,0.109375,0.005615234375,0.04883227176220807,3.153085708618164e-05,1
8239,-0.501953125,E0,-0.5,E0,-0.5,0.001953125,0.0038910505836575876,3.814697265625e-06,1
8240,1.046630859375,41,1.03125,42,1.0625,0.015869140625,0.015162118031257289,0.0002518296241760254,0
8241,0.43212890625,1C,0.4375,1C,0.4375,0.00537109375,0.012429378531073447,2.8848648071289062e-05,1
8242,-0.484619140625,E1,-0.484375,E1,-0.484375,0.000244140625,0.0005037783375314861,5.960464477539063e-08,1
8243,-0.16943359375,F5,-0.171875,F6,-0.15625,0.01318359375,0.07780979827089338,0.00017380714416503906,0
8244,-0.2783203125,EE,-0.28125,EF,-0.265625,0.0126953125,0.0456140350877193,0.00016117095947265625,0
8245,-0.600830078125,DA,-0.59375,DA,-0.59375,0.007080078125,0.011783827712312069,5.0127506256103516e-05,1
8246,1.2197265625,47,1.21875,46,1.1875,0.0322265625,0.02642113690952762,0.0010385513305664062,0
8247,-1.127685546875,BC,-1.125,BC,-1.125,0.002685546875,0.0023814678501840225,7.212162017822266e-06,1
8248,-0.931884765625,C4,-0.9375,C4,-0.9375,0.005615234375,0.006025674613570867,3.153085708618164e-05,1
8249,-0.6318359375,D8,-0.625,D8,-0.625,0.0068359375,0.010819165378670788,4.673004150390625e-05,1
8250,-0.3994140625,E6,-0.40625,E7,-0.390625,0.0087890625,0.022004889975550123,7.724761962890625e-05,0
8251,0.64892578125,2A,0.65625,29,0.640625,0.00830078125,0.012791572610985704,6.890296936035156e-05,0
8252,0.615478515625,27,0.609375,27,0.609375,0.006103515625,0.009916699722332408,3.725290298461914e-05,1
8253,-0.8681640625,C8,-0.875,C9,-0.859375,0.0087890625,0.010123734533183352,7.724761962890625e-05,0
8254,-0.491943359375,E1,-0.484375,E0,-0.5,0.008056640625,0.016377171215880892,6.490945816040039e-05,0
8255,-0.744384765625,D0,-0.75,D0,-0.75,0.005615234375,0.00754345687110528,3.153085708618164e-05,1
8256,-0.60888671875,D9,-0.609375,D8,-0.625,0.01611328125,0.026463512429831595,0.00025963783264160156,0
8257,0.94287109375,3C,0.9375,3C,0.9375,0.00537109375,0.005696530295183843,2.8848648071289062e-05,1
8258,-1.2998046875,B6,-1.3125,B7,-1.28125,0.0185546875,0.014274981217129978,0.00034427642822265625,0
8259,-0.533447265625,DE,-0.53125,DF,-0.515625,0.017822265625,0.033409610983981694,0.00031763315200805664,0
8260,0.454833984375,1D,0.453125,1D,0.453125,0.001708984375,0.003757380568974772,2.9206275939941406e-06,1
8261,0.56640625,24,0.5625,25,0.578125,0.01171875,0.020689655172413793,0.0001373291015625,0
8262,0.15771484375,0A,0.15625,0B,0.171875,0.01416015625,0.08978328173374613,0.00020051002502441406,0
8263,-1.222900390625,B9,-1.21875,B8,-1.25,0.027099609375,0.02216011179876223,0.0007343888282775879,0
8264,1.47412109375,4F,1.46875,50,1.5,0.02587890625,0.017555481947664788,0.0006697177886962891,0
8265,-0.91015625,C6,-0.90625,C5,-0.921875,0.01171875,0.012875536480686695,0.0001373291015625,0
8266,-0.399658203125,E6,-0.40625,E6,-0.40625,0.006591796875,0.016493585827733658,4.3451786041259766e-05,1
8267,1.135009765625,44,1.125,44,1.125,0.010009765625,0.008819100881910088,0.00010019540786743164,1
8268,0.787841796875,32,0.78125,32,0.78125,0.006591796875,0.00836690424542919,4.3451786041259766e-05,1
8269,2.468017578125,64,2.5,64,2.5,0.031982421875,0.012958749629043427,0.0010228753089904785,1
8270,0.326171875,15,0.328125,15,0.328125,0.001953125,0.005988023952095809,3.814697265625e-06,1
8271,-1.330322265625,B5,-1.34375,B6,-1.3125,0.017822265625,0.013396953569462286,0.00031763315200805664,0
8272,0.315673828125,14,0.3125,14,0.3125,0.003173828125,0.010054137664346482,1.0073184967041016e-05,1
8273,0.642578125,29,0.640625,29,0.640625,0.001953125,0.00303951367781155,3.814697265625e-06,1
8274,0.335205078125,15,0.328125,15,0.328125,0.007080078125,0.02112163146394756,5.0127506256103516e-05,1
8275,0.113525390625,07,0.109375,07,0.109375,0.004150390625,0.03655913978494624,1.722574234008789e-05,1
8276,-0.927734375,C5,-0.921875,C5,-0.921875,0.005859375,0.00631578947368421,3.4332275390625e-05,1
8277,0.3759765625,18,0.375,19,0.390625,0.0146484375,0.03896103896103896,0.00021457672119140625,0
8278,0.430908203125,1C,0.4375,1D,0.453125,0.022216796875,0.05155807365439093,0.0004935860633850098,0
8279,-1.031005859375,BF,-1.03125,C0,-1.0,0.031005859375,0.030073407530191807,0.0009613633155822754,0
8280,-0.626220703125,D8,-0.625,D9,-0.609375,0.016845703125,0.026900584795321637,0.00028377771377563477,0
8281,-1.399658203125,B3,-1.40625,B2,-1.4375,0.037841796875,0.027036455607884178,0.0014320015907287598,0
8282,-0.77294921875,CF,-0.765625,CF,-0.765625,0.00732421875,0.009475679090334808,5.364418029785156e-05,1
8283,-0.404296875,E6,-0.40625,E6,-0.40625,0.001953125,0.004830917874396135,3.814697265625e-06,1
8284,0.1796875,0C,0.1875,0C,0.1875,0.0078125,0.043478260869565216,6.103515625e-05,1
8285,-1.612548828125,AC,-1.625,AC,-1.625,0.012451171875,0.007721423164269493,0.00015503168106079102,1
8286,1.729736328125,57,1.71875,58,1.75,0.020263671875,0.011714890613973183,0.000410616397857666,0
8287,2.132080078125,61,2.125,61,2.125,0.007080078125,0.00332073743272644,5.0127506256103516e-05,1
8288,-0.506103515625,E0,-0.5,DF,-0.515625,0.009521484375,0.01881331403762663,9.065866470336914e-05,0
8289,0.59033203125,26,0.59375,26,0.59375,0.00341796875,0.005789909015715467,1.1682510375976562e-05,1
8290,-0.726806640625,D1,-0.734375,D2,-0.71875,0.008056640625,0.011084984884111521,6.490945816040039e-05,0
8291,-0.500244140625,E0,-0.5,DF,-0.515625,0.015380859375,0.03074670571010249,0.0002365708351135254,0
8292,-1.221435546875,B9,-1.21875,B9,-1.21875,0.002685546875,0.002198680791525085,7.212162017822266e-06,1
8293,-0.574951171875,DB,-0.578125,DB,-0.578125,0.003173828125,0.005520169851380042,1.0073184967041016e-05,1
8294,-0.815185546875,CC,-0.8125,CC,-0.8125,0.002685546875,0.0032943995208146153,7.212162017822266e-06,1
8295,-0.320068359375,EC,-0.3125,EA,-0.34375,0.023681640625,0.07398932112890923,0.0005608201026916504,0
8296,0.0625,04,0.0625,05,0.078125,0.015625,0.25,0.000244140625,0
8297,-0.2587890625,EF,-0.265625,EF,-0.265625,0.0068359375,0.026415094339622643,4.673004150390625e-05,1
8298,-0.985107421875,C1,-0.984375,C1,-0.984375,0.000732421875,0.0007434944237918215,5.364418029785156e-07,1
8299,-0.703857421875,D3,-0.703125,D4,-0.6875,0.016357421875,0.023239680887963927,0.0002675652503967285,0
8300,0.735595703125,2F,0.734375,2F,0.734375,0.001220703125,0.001659475605708596,1.4901161193847656e-06,1
8301,-0.30859375,EC,-0.3125,EC,-0.3125,0.00390625,0.012658227848101266,1.52587890625e-05,1
8302,-1.6708984375,AB,-1.65625,AA,-1.6875,0.0166015625,0.009935710111046173,0.00027561187744140625,0
8303,-0.502197265625,E0,-0.5,DF,-0.515625,0.013427734375,0.026737967914438502,0.00018030405044555664,0
8304,-0.4873046875,E1,-0.484375,E1,-0.484375,0.0029296875,0.006012024048096192,8.58306884765625e-06,1
8305,-0.884765625,C7,-0.890625,C7,-0.890625,0.005859375,0.006622516556291391,3.4332275390625e-05,1
8306,-0.187744140625,F4,-0.1875,F4,-0.1875,0.000244140625,0.0013003901170351106,5.960464477539063e-08,1
8307,1.19287109375,46,1.1875,46,1.1875,0.00537109375,0.0045026606631191155,2.8848648071289062e-05,1
8308,1.626953125,54,1.625,54,1.625,0.001953125,0.0012004801920768306,3.814697265625e-06,1
8309,0.094482421875,06,0.09375,06,0.09375,0.000732421875,0.007751937984496124,5.364418029785156e-07,1
8310,0.572021484375,25,0.578125,24,0.5625,0.009521484375,0.016645326504481434,9.065866470336914e-05,0
8311,-0.75439453125,D0,-0.75,CF,-0.765625,0.01123046875,0.01488673139158576,0.00012612342834472656,0
8312,0.54541015625,23,0.546875,23,0.546875,0.00146484375,0.0026857654431512983,2.1457672119140625e-06,1
8313,-1.3173828125,B6,-1.3125,B6,-1.3125,0.0048828125,0.0037064492216456633,2.384185791015625e-05,1
8314,-0.849365234375,CA,-0.84375,CA,-0.84375,0.005615234375,0.006611095142282265,3.153085708618164e-05,1
8315,1.3095703125,4A,1.3125,4A,1.3125,0.0029296875,0.0022371364653243847,8.58306884765625e-06,1
8316,-1.339599609375,B5,-1.34375,B4,-1.375,0.035400390625,0.026426098049936213,0.0012531876564025879,0
8317,0.5869140625,26,0.59375,26,0.59375,0.0068359375,0.011647254575707155,4.673004150390625e-05,1
8318,0.16064453125,0A,0.15625,09,0.140625,0.02001953125,0.12462006079027356,0.00040078163146972656,0
8319,0.349853515625,16,0.34375,17,0.359375,0.009521484375,0.02721563154221912,9.065866470336914e-05,0
8320,0.418212890625,1B,0.421875,1C,0.4375,0.019287109375,0.04611792177466433,0.0003719925880432129,0
8321,-0.068115234375,FC,-0.0625,FB,-0.078125,0.010009765625,0.14695340501792115,0.00010019540786743164,0
8322,-0.001220703125,FF,-0.015625,00,0.0,0.001220703125,1.0,1.4901161193847656e-06,0
8323,-0.664794921875,D5,-0.671875,D4,-0.6875,0.022705078125,0.034153507161219246,0.0005155205726623535,0
8324,-1.872314453125,A4,-1.875,A4,-1.875,0.002685546875,0.0014343460685878212,7.212162017822266e-06,1
8325,2.287109375,62,2.25,62,2.25,0.037109375,0.016225448334756618,0.001377105712890625,1
8326,-1.08544921875,BD,-1.09375,BC,-1.125,0.03955078125,0.03643724696356275,0.0015642642974853516,0
8327,0.546142578125,23,0.546875,23,0.546875,0.000732421875,0.0013410818059901655,5.364418029785156e-07,1
8328,0.795166015625,33,0.796875,33,0.796875,0.001708984375,0.0021492170709241634,2.9206275939941406e-06,1
8329,0.034912109375,02,0.03125,03,0.046875,0.011962890625,0.34265734265734266,0.0001431107521057129,0
8330,0.4111328125,1A,0.40625,1A,0.40625,0.0048828125,0.011876484560570071,2.384185791015625e-05,1
8331,-0.5087890625,DF,-0.515625,DE,-0.53125,0.0224609375,0.044145873320537425,0.0005044937133789062,0
8332,0.62451171875,28,0.625,29,0.640625,0.01611328125,0.02580140734949179,0.00025963783264160156,0
8333,-0.323974609375,EB,-0.328125,EC,-0.3125,0.011474609375,0.03541823662396383,0.0001316666603088379,0
8334,-2.438720703125,9C,-2.5,9C,-2.5,0.061279296875,0.02512764040444489,0.0037551522254943848,1
8335,-0.344970703125,EA,-0.34375,EA,-0.34375,0.001220703125,0.003538570417551309,1.4901161193847656e-06,1
8336,1.267333984375,49,1.28125,48,1.25,0.017333984375,0.013677518782508188,0.00030046701431274414,0
8337,-0.975341796875,C2,-0.96875,C2,-0.96875,0.006591796875,0.006758448060075094,4.3451786041259766e-05,1
8338,-0.73095703125,D1,-0.734375,D2,-0.71875,0.01220703125,0.016700066800267203,0.00014901161193847656,0
8339,0.834716796875,35,0.828125,37,0.859375,0.024658203125,0.029540801403919275,0.0006080269813537598,0
8340,-1.08349609375,BD,-1.09375,BE,-1.0625,0.02099609375,0.019378098242451555,0.00044083595275878906,0
8341,-1.349609375,B5,-1.34375,B5,-1.34375,0.005859375,0.004341534008683068,3.4332275390625e-05,1
8342,-1.228515625,B9,-1.21875,B8,-1.25,0.021484375,0.017488076311605722,0.000461578369140625,0
8343,0.50439453125,20,0.5,20,0.5,0.00439453125,0.008712487899322363,1.9311904907226562e-05,1
8344,-0.330078125,EB,-0.328125,E9,-0.359375,0.029296875,0.08875739644970414,0.000858306884765625,0
8345,-0.790283203125,CD,-0.796875,CD,-0.796875,0.006591796875,0.008341056533827619,4.3451786041259766e-05,1
8346,-1.309326171875,B6,-1.3125,B6,-1.3125,0.003173828125,0.002424016408726459,1.0073184967041016e-05,1
8347,0.5185546875,21,0.515625,22,0.53125,0.0126953125,0.02448210922787194,0.00016117095947265625,0
8348,0.519775390625,21,0.515625,20,0.5,0.019775390625,0.0380460310004697,0.0003910660743713379,0
8349,-0.399658203125,E6,-0.40625,E7,-0.390625,0.009033203125,0.022602321319486866,8.159875869750977e-05,0
8350,0.5322265625,22,0.53125,22,0.53125,0.0009765625,0.001834862385321101,9.5367431640625e-07,1
8351,-1.864013671875,A4,-1.875,A4,-1.875,0.010986328125,0.005893909626719057,0.00012069940567016602,1
8352,-0.44384765625,E4,-0.4375,E4,-0.4375,0.00634765625,0.014301430143014302,4.029273986816406e-05,1
8353,0.207275390625,0D,0.203125,0E,0.21875,0.011474609375,0.05535924617196702,0.0001316666603088379,0
8354,-0.069091796875,FC,-0.0625,FC,-0.0625,0.006591796875,0.09540636042402827,4.3451786041259766e-05,1
8355,-2.177001953125,9F,-2.125,9F,-2.125,0.052001953125,0.023886957496916,0.0027042031288146973,1
8356,0.845947265625,36,0.84375,36,0.84375,0.002197265625,0.0025974025974025974,4.827976226806641e-06,1
8357,0.427978515625,1B,0.421875,1A,0.40625,0.021728515625,0.050770108385624645,0.00047212839126586914,0
8358,0.215576171875,0E,0.21875,0D,0.203125,0.012451171875,0.057757644394110984,0.00015503168106079102,0
8359,-1.034423828125,BF,-1.03125,BF,-1.03125,0.003173828125,0.003068208638187397,1.0073184967041016e-05,1
8360,-2.1474609375,9F,-2.125,9F,-2.125,0.0224609375,0.010459299681673489,0.0005044937133789062,1
8361,0.413818359375,1A,0.40625,1B,0.421875,0.008056640625,0.019469026548672566,6.490945816040039e-05,0
8362,0.111572265625,07,0.109375,08,0.125,0.013427734375,0.12035010940919037,0.00018030405044555664,0
8363,-1.91552734375,A3,-1.90625,A3,-1.90625,0.00927734375,0.004843232220239612,8.606910705566406e-05,1
8364,0.062255859375,04,0.0625,04,0.0625,0.000244140625,0.00392156862745098,5.960464477539063e-08,1
8365,-0.8173828125,CC,-0.8125,CC,-0.8125,0.0048828125,0.005973715651135006,2.384185791015625e-05,1
8366,1.39794921875,4D,1.40625,4E,1.4375,0.03955078125,0.02829200139713587,0.0015642642974853516,0
8367,0.330322265625,15,0.328125,15,0.328125,0.002197265625,0.0066518847006651885,4.827976226806641e-06,1
8368,1.307373046875,4A,1.3125,4A,1.3125,0.005126953125,0.00392156862745098,2.6285648345947266e-05,1
8369,0.949951171875,3D,0.953125,3C,0.9375,0.012451171875,0.013107170393215111,0.00015503168106079102,0
8370,1.133056640625,44,1.125,44,1.125,0.008056640625,0.007110536522301228,6.490945816040039e-05,1
8371,0.07958984375,05,0.078125,06,0.09375,0.01416015625,0.17791411042944785,0.00020051002502441406,0
8372,0.193115234375,0C,0.1875,0C,0.1875,0.005615234375,0.029077117572692796,3.153085708618164e-05,1
8373,-1.07421875,BE,-1.0625,BE,-1.0625,0.01171875,0.01090909090909091,0.0001373291015625,1
8374,0.321533203125,15,0.328125,14,0.3125,0.009033203125,0.02809415337889142,8.159875869750977e-05,0
8375,-0.19921875,F3,-0.203125,F4,-0.1875,0.01171875,0.058823529411764705,0.0001373291015625,0
8376,0.32763671875,15,0.328125,15,0.328125,0.00048828125,0.0014903129657228018,2.384185791015625e-07,1
8377,0.2451171875,10,0.25,0F,0.234375,0.0107421875,0.043824701195219126,0.00011539459228515625,0
8378,0.621826171875,28,0.625,28,0.625,0.003173828125,0.005104043973301924,1.0073184967041016e-05,1
8379,-0.634765625,D7,-0.640625,D8,-0.625,0.009765625,0.015384615384615385,9.5367431640625e-05,0
8380,0.18505859375,0C,0.1875,0B,0.171875,0.01318359375,0.0712401055408971,0.00017380714416503906,0
8381,0.01318359375,01,0.015625,02,0.03125,0.01806640625,1.3703703703703705,0.00032639503479003906,0
8382,-1.2978515625,B6,-1.3125,B6,-1.3125,0.0146484375,0.011286681715575621,0.00021457672119140625,1
8383,0.246826171875,10,0.25,10,0.25,0.003173828125,0.012858555885262116,1.0073184967041016e-05,1
8384,0.77490234375,32,0.78125,32,0.78125,0.00634765625,0.008191556395715185,4.029273986816406e-05,1
8385,0.58203125,25,0.578125,25,0.578125,0.00390625,0.006711409395973154,1.52587890625e-05,1
8386,0.302001953125,13,0.296875,13,0.296875,0.005126953125,0.016976556184316895,2.6285648345947266e-05,1
8387,0.4091796875,1A,0.40625,19,0.390625,0.0185546875,0.045346062052505964,0.00034427642822265625,0
8388,-1.278564453125,B7,-1.28125,B8,-1.25,0.028564453125,0.02234103494367004,0.0008159279823303223,0
8389,0.1630859375,0A,0.15625,0B,0.171875,0.0087890625,0.05389221556886228,7.724761962890625e-05,0
8390,-0.776611328125,CE,-0.78125,CF,-0.765625,0.010986328125,0.014146494812951903,0.00012069940567016602,0
8391,-0.7451171875,D0,-0.75,D0,-0.75,0.0048828125,0.00655307994757536,2.384185791015625e-05,1
8392,0.775390625,32,0.78125,32,0.78125,0.005859375,0.007556675062972292,3.4332275390625e-05,1
8393,-0.305419921875,EC,-0.3125,ED,-0.296875,0.008544921875,0.027977617905675458,7.301568984985352e-05,0
8394,-1.286376953125,B7,-1.28125,B6,-1.3125,0.026123046875,0.02030745872081989,0.0006824135780334473,0
8395,-3.335205078125,95,-3.375,96,-3.25,0.085205078125,0.025547178098235854,0.0072599053382873535,0
8396,0.832763671875,35,0.828125,36,0.84375,0.010986328125,0.013192612137203167,0.00012069940567016602,0
8397,0.33056640625,15,0.328125,15,0.328125,0.00244140625,0.007385524372230428,5.9604644775390625e-06,1
8398,-0.28662109375,EE,-0.28125,EE,-0.28125,0.00537109375,0.018739352640545145,2.8848648071289062e-05,1
8399,1.620849609375,54,1.625,53,1.59375,0.027099609375,0.016719385449615907,0.0007343888282775879,0
8400,1.138916015625,44,1.125,44,1.125,0.013916015625,0.012218649517684888,0.00019365549087524414,1
8401,-1.0966796875,BD,-1.09375,BD,-1.09375,0.0029296875,0.0026714158504007124,8.58306884765625e-06,1
8402,-0.551513671875,DD,-0.546875,DD,-0.546875,0.004638671875,0.008410801239486499,2.1517276763916016e-05,1
8403,0.310302734375,14,0.3125,14,0.3125,0.002197265625,0.007081038552321007,4.827976226806641e-06,1
8404,0.62353515625,28,0.625,28,0.625,0.00146484375,0.0023492560689115116,2.1457672119140625e-06,1
8405,0.73681640625,2F,0.734375,30,0.75,0.01318359375,0.017892644135188866,0.00017380714416503906,0
8406,-1.009033203125,C0,-1.0,C0,-1.0,0.009033203125,0.008952334865714976,8.159875869750977e-05,1
8407,-1.623046875,AC,-1.625,AC,-1.625,0.001953125,0.0012033694344163659,3.814697265625e-06,1
8408,-1.233642578125,B9,-1.21875,B8,-1.25,0.016357421875,0.013259449831783099,0.0002675652503967285,0
8409,0.023193359375,01,0.015625,01,0.015625,0.007568359375,0.3263157894736842,5.728006362915039e-05,1
8410,0.30615234375,14,0.3125,13,0.296875,0.00927734375,0.030303030303030304,8.606910705566406e-05,0
8411,0.878173828125,38,0.875,38,0.875,0.003173828125,0.003614122880177926,1.0073184967041016e-05,1
8412,-0.133544921875,F7,-0.140625,F7,-0.140625,0.007080078125,0.05301645338208409,5.0127506256103516e-05,1
8413,0.340087890625,16,0.34375,15,0.328125,0.011962890625,0.035175879396984924,0.0001431107521057129,0
8414,0.065673828125,04,0.0625,04,0.0625,0.003173828125,0.048327137546468404,1.0073184967041016e-05,1
8415,-0.217041015625,F2,-0.21875,F1,-0.234375,0.017333984375,0.0798650168728909,0.00030046701431274414,0
8416,-1.32666015625,B6,-1.3125,B5,-1.34375,0.01708984375,0.012881854987118146,0.00029206275939941406,0
8417,0.49267578125,20,0.5,1F,0.484375,0.00830078125,0.01684836471754212,6.890296936035156e-05,0
8418,1.361572265625,4C,1.375,4C,1.375,0.013427734375,0.009861932938856016,0.00018030405044555664,1
8419,0.68603515625,2C,0.6875,2C,0.6875,0.00146484375,0.002135231316725979,2.1457672119140625e-06,1
8420,-1.071044921875,BE,-1.0625,BE,-1.0625,0.008544921875,0.007978117164349213,7.301568984985352e-05,1
8421,1.37060546875,4C,1.375,4C,1.375,0.00439453125,0.003206270039187745,1.9311904907226562e-05,1
8422,-0.168212890625,F5,-0.171875,F5,-0.171875,0.003662109375,0.02177068214804064,1.341104507446289e-05,1
8423,-0.53173828125,DE,-0.53125,DE,-0.53125,0.00048828125,0.0009182736455463728,2.384185791015625e-07,1
8424,-0.38330078125,E7,-0.390625,E7,-0.390625,0.00732421875,0.01910828025477707,5.364418029785156e-05,1
8425,-0.808349609375,CC,-0.8125,CC,-0.8125,0.004150390625,0.005134400483237693,1.722574234008789e-05,1
8426,0.766845703125,31,0.765625,32,0.78125,0.014404296875,0.01878382680674944,0.00020748376846313477,0
8427,-0.865234375,C9,-0.859375,C9,-0.859375,0.005859375,0.006772009029345372,3.4332275390625e-05,1
8428,1.26123046875,48,1.25,48,1.25,0.01123046875,0.008904374758033295,0.00012612342834472656,1
8429,-1.39501953125,B3,-1.40625,B3,-1.40625,0.01123046875,0.008050402520126006,0.00012612342834472656,1
8430,-1.3232421875,B6,-1.3125,B6,-1.3125,0.0107421875,0.008118081180811807,0.00011539459228515625,1
8431,-0.290283203125,ED,-0.296875,EC,-0.3125,0.022216796875,0.07653490328006729,0.0004935860633850098,0
8432,0.434326171875,1C,0.4375,1C,0.4375,0.003173828125,0.007307476110174255,1.0073184967041016e-05,1
8433,0.965087890625,3E,0.96875,3E,0.96875,0.003662109375,0.003794586390083481,1.341104507446289e-05,1
8434,-0.1875,F4,-0.1875,F4,-0.1875,0.0,0.0,0.0,1
8435,0.500732421875,20,0.5,21,0.515625,0.014892578125,0.029741589468551925,0.00022178888320922852,0
8436,-0.36279296875,E9,-0.359375,E9,-0.359375,0.00341796875,0.009421265141318977,1.1682510375976562e-05,1
8437,0.648193359375,29,0.640625,2A,0.65625,0.008056640625,0.012429378531073447,6.490945816040039e-05,0
8438,0.6416015625,29,0.640625,29,0.640625,0.0009765625,0.0015220700152207,9.5367431640625e-07,1
8439,0.024169921875,02,0.03125,01,0.015625,0.008544921875,0.35353535353535354,7.301568984985352e-05,0
8440,-0.3046875,EC,-0.3125,EE,-0.28125,0.0234375,0.07692307692307693,0.00054931640625,0
8441,1.3544921875,4B,1.34375,4C,1.375,0.0205078125,0.01514059120403749,0.00042057037353515625,0
8442,-1.52294921875,AF,-1.53125,AF,-1.53125,0.00830078125,0.0054504648925937805,6.890296936035156e-05,1
8443,-1.9892578125,A0,-2.0,A0,-2.0,0.0107421875,0.005400098183603338,0.00011539459228515625,1
8444,1.32421875,4A,1.3125,4A,1.3125,0.01171875,0.008849557522123894,0.0001373291015625,1
8445,0.970947265625,3E,0.96875,3E,0.96875,0.002197265625,0.002263012320844858,4.827976226806641e-06,1
8446,1.144775390625,45,1.15625,45,1.15625,0.011474609375,0.010023459159735551,0.0001316666603088379,1
8447,0.19384765625,0C,0.1875,0D,0.203125,0.00927734375,0.04785894206549118,8.606910705566406e-05,0
8448,-0.556884765625,DC,-0.5625,DC,-0.5625,0.005615234375,0.010083296799649276,3.153085708618164e-05,1
8449,-1.15185546875,BB,-1.15625,BC,-1.125,0.02685546875,0.02331496396778296,0.0007212162017822266,0
8450,0.380615234375,18,0.375,16,0.34375,0.036865234375,0.09685695958948044,0.0013590455055236816,0
8451,0.325439453125,15,0.328125,15,0.328125,0.002685546875,0.008252063015753939,7.212162017822266e-06,1
8452,1.236083984375,48,1.25,48,1.25,0.013916015625,0.01125814734347225,0.00019365549087524414,1
8453,1.256103515625,48,1.25,48,1.25,0.006103515625,0.004859086491739553,3.725290298461914e-05,1
8454,0.7744140625,32,0.78125,32,0.78125,0.0068359375,0.008827238335435058,4.673004150390625e-05,1
8455,-0.33984375,EA,-0.34375,EC,-0.3125,0.02734375,0.08045977011494253,0.0007476806640625,0
8456,0.173583984375,0B,0.171875,0C,0.1875,0.013916015625,0.08016877637130802,0.00019365549087524414,0
8457,1.112060546875,44,1.125,44,1.125,0.012939453125,0.01163556531284303,0.00016742944717407227,1
8458,-0.974609375,C2,-0.96875,C2,-0.96875,0.005859375,0.006012024048096192,3.4332275390625e-05,1
8459,0.563720703125,24,0.5625,24,0.5625,0.001220703125,0.0021654395842356,1.4901161193847656e-06,1
8460,1.518798828125,51,1.53125,50,1.5,0.018798828125,0.01237743128114451,0.000353395938873291,0
8461,-0.700439453125,D3,-0.703125,D3,-0.703125,0.002685546875,0.0038340885325897525,7.212162017822266e-06,1
8462,-1.005126953125,C0,-1.0,C0,-1.0,0.005126953125,0.005100801554529998,2.6285648345947266e-05,1
8463,0.281005859375,12,0.28125,11,0.265625,0.015380859375,0.05473501303214596,0.0002365708351135254,0
8464,-0.68017578125,D4,-0.6875,D5,-0.671875,0.00830078125,0.012203876525484566,6.890296936035156e-05,0
8465,0.194091796875,0C,0.1875,0C,0.1875,0.006591796875,0.033962264150943396,4.3451786041259766e-05,1
8466,-0.733154296875,D1,-0.734375,D1,-0.734375,0.001220703125,0.001665001665001665,1.4901161193847656e-06,1
8467,0.1259765625,08,0.125,07,0.109375,0.0166015625,0.13178294573643412,0.00027561187744140625,0
8468,1.121826171875,44,1.125,44,1.125,0.003173828125,0.0028291621327529923,1.0073184967041016e-05,1
8469,0.893310546875,39,0.890625,39,0.890625,0.002685546875,0.003006285870456409,7.212162017822266e-06,1
8470,0.56298828125,24,0.5625,24,0.5625,0.00048828125,0.0008673026886383347,2.384185791015625e-07,1
8471,-0.267578125,EF,-0.265625,EF,-0.265625,0.001953125,0.0072992700729927005,3.814697265625e-06,1
8472,1.951171875,5E,1.9375,60,2.0,0.048828125,0.025025025025025027,0.002384185791015625,0
8473,-0.870849609375,C8,-0.875,C8,-0.875,0.004150390625,0.004765909728062798,1.722574234008789e-05,1
8474,-0.19140625,F4,-0.1875,F4,-0.1875,0.00390625,0.02040816326530612,1.52587890625e-05,1
8475,0.34814453125,16,0.34375,17,0.359375,0.01123046875,0.03225806451612903,0.00012612342834472656,0
8476,-1.331298828125,B5,-1.34375,B6,-1.3125,0.018798828125,0.014120667522464698,0.000353395938873291,0
8477,0.44677734375,1D,0.453125,1C,0.4375,0.00927734375,0.020765027322404372,8.606910705566406e-05,0
8478,0.88330078125,39,0.890625,39,0.890625,0.00732421875,0.008291873963515755,5.364418029785156e-05,1
8479,0.45849609375,1D,0.453125,1C,0.4375,0.02099609375,0.04579339723109691,0.00044083595275878906,0
8480,-0.40283203125,E6,-0.40625,E6,-0.40625,0.00341796875,0.008484848484848486,1.1682510375976562e-05,1
8481,1.395263671875,4D,1.40625,4C,1.375,0.020263671875,0.01452318460192476,0.000410616397857666,0
8482,-1.35791015625,B5,-1.34375,B5,-1.34375,0.01416015625,0.010427903631787127,0.00020051002502441406,1
8483,-0.508056640625,DF,-0.515625,DF,-0.515625,0.007568359375,0.014896684286400768,5.728006362915039e-05,1
8484,0.663818359375,2A,0.65625,2A,0.65625,0.007568359375,0.01140125045972784,5.728006362915039e-05,1
8485,0.142578125,09,0.140625,0A,0.15625,0.013671875,0.0958904109589041,0.000186920166015625,0
8486,-1.006591796875,C0,-1.0,C0,-1.0,0.006591796875,0.00654862963861266,4.3451786041259766e-05,1
8487,0.1953125,0C,0.1875,0D,0.203125,0.0078125,0.04,6.103515625e-05,0
8488,0.23388671875,0F,0.234375,10,0.25,0.01611328125,0.06889352818371608,0.00025963783264160156,0
8489,0.744873046875,30,0.75,2F,0.734375,0.010498046875,0.014093739757456572,0.00011020898818969727,0
8490,0.244384765625,10,0.25,11,0.265625,0.021240234375,0.08691308691308691,0.00045114755630493164,0
8491,0.4580078125,1D,0.453125,1E,0.46875,0.0107421875,0.023454157782515993,0.00011539459228515625,0
8492,0.587890625,26,0.59375,28,0.625,0.037109375,0.06312292358803986,0.001377105712890625,0
8493,0.972900390625,3E,0.96875,3E,0.96875,0.004150390625,0.004265997490589712,1.722574234008789e-05,1
8494,1.1923828125,46,1.1875,47,1.21875,0.0263671875,0.022113022113022112,0.0006952285766601562,0
8495,-0.14501953125,F7,-0.140625,F7,-0.140625,0.00439453125,0.030303030303030304,1.9311904907226562e-05,1
8496,-0.0625,FC,-0.0625,FB,-0.078125,0.015625,0.25,0.000244140625,0
8497,0.075439453125,05,0.078125,05,0.078125,0.002685546875,0.03559870550161812,7.212162017822266e-06,1
8498,-0.7119140625,D2,-0.71875,D2,-0.71875,0.0068359375,0.009602194787379973,4.673004150390625e-05,1
8499,-0.261962890625,EF,-0.265625,EF,-0.265625,0.003662109375,0.013979496738117428,1.341104507446289e-05,1
8500,0.38916015625,19,0.390625,1A,0.40625,0.01708984375,0.043914680050188205,0.00029206275939941406,0
8501,-0.8828125,C8,-0.875,C8,-0.875,0.0078125,0.008849557522123894,6.103515625e-05,1
8502,1.12890625,44,1.125,44,1.125,0.00390625,0.0034602076124567475,1.52587890625e-05,1
8503,1.52880859375,51,1.53125,50,1.5,0.02880859375,0.018843819865857554,0.0008299350738525391,0
8504,-1.293701171875,B7,-1.28125,B7,-1.28125,0.012451171875,0.009624457444800906,0.00015503168106079102,1
8505,-0.76904296875,CF,-0.765625,CF,-0.765625,0.00341796875,0.0044444444444444444,1.1682510375976562e-05,1
8506,-0.1005859375,FA,-0.09375,F9,-0.109375,0.0087890625,0.08737864077669903,7.724761962890625e-05,0
8507,-1.09033203125,BD,-1.09375,BD,-1.09375,0.00341796875,0.003134796238244514,1.1682510375976562e-05,1
8508,-0.79541015625,CD,-0.796875,CD,-0.796875,0.00146484375,0.001841620626151013,2.1457672119140625e-06,1
8509,0.897705078125,39,0.890625,3A,0.90625,0.008544921875,0.009518629317378298,7.301568984985352e-05,0
8510,-0.212158203125,F2,-0.21875,F2,-0.21875,0.006591796875,0.031070195627157654,4.3451786041259766e-05,1
8511,-1.845703125,A5,-1.84375,A6,-1.8125,0.033203125,0.01798941798941799,0.001102447509765625,0
8512,0.598388671875,26,0.59375,26,0.59375,0.004638671875,0.007751937984496124,2.1517276763916016e-05,1
8513,1.467529296875,4F,1.46875,4E,1.4375,0.030029296875,0.020462485443353853,0.0009017586708068848,0
8514,-0.387451171875,E7,-0.390625,E7,-0.390625,0.003173828125,0.008191556395715185,1.0073184967041016e-05,1
8515,0.73681640625,2F,0.734375,30,0.75,0.01318359375,0.017892644135188866,0.00017380714416503906,0
8516,0.28515625,12,0.28125,13,0.296875,0.01171875,0.0410958904109589,0.0001373291015625,0
8517,0.555419921875,24,0.5625,23,0.546875,0.008544921875,0.015384615384615385,7.301568984985352e-05,0
8518,0.3017578125,13,0.296875,14,0.3125,0.0107421875,0.03559870550161812,0.00011539459228515625,0
8519,-0.858642578125,C9,-0.859375,C9,-0.859375,0.000732421875,0.0008529997156667614,5.364418029785156e-07,1
8520,0.548828125,23,0.546875,23,0.546875,0.001953125,0.0035587188612099642,3.814697265625e-06,1
8521,0.09326171875,06,0.09375,07,0.109375,0.01611328125,0.17277486910994763,0.00025963783264160156,0
8522,-0.28173828125,EE,-0.28125,EE,-0.28125,0.00048828125,0.0017331022530329288,2.384185791015625e-07,1
8523,0.608642578125,27,0.609375,26,0.59375,0.014892578125,0.024468511833132773,0.00022178888320922852,0
8524,-0.465087890625,E2,-0.46875,E2,-0.46875,0.003662109375,0.007874015748031496,1.341104507446289e-05,1
8525,0.34521484375,16,0.34375,16,0.34375,0.00146484375,0.004243281471004243,2.1457672119140625e-06,1
8526,-0.416015625,E5,-0.421875,E5,-0.421875,0.005859375,0.014084507042253521,3.4332275390625e-05,1
8527,-1.294677734375,B7,-1.28125,B6,-1.3125,0.017822265625,0.013765792947388271,0.00031763315200805664,0
8528,0.111328125,07,0.109375,07,0.109375,0.001953125,0.017543859649122806,3.814697265625e-06,1
8529,-0.83203125,CB,-0.828125,CA,-0.84375,0.01171875,0.014084507042253521,0.0001373291015625,0
8530,0.19140625,0C,0.1875,0C,0.1875,0.00390625,0.02040816326530612,1.52587890625e-05,1
8531,-0.31298828125,EC,-0.3125,ED,-0.296875,0.01611328125,0.0514820592823713,0.00025963783264160156,0
8532,1.6455078125,55,1.65625,55,1.65625,0.0107421875,0.006528189910979229,0.00011539459228515625,1
8533,1.16845703125,45,1.15625,45,1.15625,0.01220703125,0.010447137484329294,0.00014901161193847656,1
8534,-0.015380859375,FF,-0.015625,FF,-0.015625,0.000244140625,0.015873015873015872,5.960464477539063e-08,1
8535,-1.219482421875,B9,-1.21875,B9,-1.21875,0.000732421875,0.0006006006006006006,5.364418029785156e-07,1
8536,0.560302734375,24,0.5625,24,0.5625,0.002197265625,0.00392156862745098,4.827976226806641e-06,1
8537,-1.2060546875,B9,-1.21875,B9,-1.21875,0.0126953125,0.010526315789473684,0.00016117095947265625,1
8538,0.951904296875,3D,0.953125,3D,0.953125,0.001220703125,0.0012823800974608873,1.4901161193847656e-06,1
8539,-0.871826171875,C8,-0.875,C9,-0.859375,0.012451171875,0.014281713805656678,0.00015503168106079102,0
8540,1.16455078125,45,1.15625,46,1.1875,0.02294921875,0.019706498951781972,0.0005266666412353516,0
8541,0.153564453125,0A,0.15625,0B,0.171875,0.018310546875,0.1192368839427663,0.00033527612686157227,0
8542,-0.1572265625,F6,-0.15625,F6,-0.15625,0.0009765625,0.006211180124223602,9.5367431640625e-07,1
8543,-1.17578125,BA,-1.1875,BB,-1.15625,0.01953125,0.016611295681063124,0.0003814697265625,0
8544,0.65966796875,2A,0.65625,29,0.640625,0.01904296875,0.028867505551443375,0.00036263465881347656,0
8545,-0.21826171875,F2,-0.21875,F2,-0.21875,0.00048828125,0.0022371364653243847,2.384185791015625e-07,1
8546,0.3076171875,14,0.3125,14,0.3125,0.0048828125,0.015873015873015872,2.384185791015625e-05,1
8547,-1.471923828125,B1,-1.46875,B1,-1.46875,0.003173828125,0.0021562448167191904,1.0073184967041016e-05,1
8548,-1.56787109375,AE,-1.5625,AD,-1.59375,0.02587890625,0.0165057614450327,0.0006697177886962891,0
8549,1.182373046875,46,1.1875,46,1.1875,0.005126953125,0.0043361552756555856,2.6285648345947266e-05,1
8550,0.803955078125,33,0.796875,34,0.8125,0.008544921875,0.010628606134224112,7.301568984985352e-05,0
8551,-1.433349609375,B2,-1.4375,B3,-1.40625,0.027099609375,0.01890648952478283,0.0007343888282775879,0
8552,-1.065185546875,BE,-1.0625,BE,-1.0625,0.002685546875,0.0025212010084804033,7.212162017822266e-06,1
8553,-0.74658203125,D0,-0.75,D0,-0.75,0.00341796875,0.004578155657292348,1.1682510375976562e-05,1
8554,-1.16943359375,BB,-1.15625,BB,-1.15625,0.01318359375,0.01127348643006263,0.00017380714416503906,1
8555,0.044677734375,03,0.046875,04,0.0625,0.017822265625,0.3989071038251366,0.00031763315200805664,0
8556,1.782470703125,59,1.78125,59,1.78125,0.001220703125,0.0006848376934666484,1.4901161193847656e-06,1
8557,1.5126953125,50,1.5,50,1.5,0.0126953125,0.008392511297611363,0.00016117095947265625,1
8558,-0.317138671875,EC,-0.3125,EC,-0.3125,0.004638671875,0.014626635873749037,2.1517276763916016e-05,1
8559,-0.495849609375,E0,-0.5,E0,-0.5,0.004150390625,0.008370260955194485,1.722574234008789e-05,1
8560,0.877685546875,38,0.875,38,0.875,0.002685546875,0.00305980528511822,7.212162017822266e-06,1
8561,0.1298828125,08,0.125,09,0.140625,0.0107421875,0.08270676691729323,0.00011539459228515625,0
8562,0.8193359375,34,0.8125,35,0.828125,0.0087890625,0.010727056019070322,7.724761962890625e-05,0
8563,1.28759765625,49,1.28125,4A,1.3125,0.02490234375,0.019340159271899887,0.0006201267242431641,0
8564,1.459228515625,4F,1.46875,4F,1.46875,0.009521484375,0.006525012548101054,9.065866470336914e-05,1
8565,-0.692626953125,D4,-0.6875,D4,-0.6875,0.005126953125,0.007402185407120197,2.6285648345947266e-05,1
8566,-0.55517578125,DC,-0.5625,DB,-0.578125,0.02294921875,0.04133685136323659,0.0005266666412353516,0
8567,0.6845703125,2C,0.6875,2C,0.6875,0.0029296875,0.0042796005706134095,8.58306884765625e-06,1
8568,0.821044921875,35,0.828125,34,0.8125,0.008544921875,0.010407374368123699,7.301568984985352e-05,0
8569,-1.2919921875,B7,-1.28125,B8,-1.25,0.0419921875,0.03250188964474679,0.0017633438110351562,0
8570,-0.201416015625,F3,-0.203125,F3,-0.203125,0.001708984375,0.008484848484848486,2.9206275939941406e-06,1
8571,0.2255859375,0E,0.21875,0F,0.234375,0.0087890625,0.03896103896103896,7.724761962890625e-05,0
8572,0.311767578125,14,0.3125,14,0.3125,0.000732421875,0.0023492560689115116,5.364418029785156e-07,1
8573,-0.370361328125,E8,-0.375,E8,-0.375,0.004638671875,0.012524719841793012,2.1517276763916016e-05,1
8574,0.557861328125,24,0.5625,23,0.546875,0.010986328125,0.019693654266958426,0.00012069940567016602,0
8575,0.22998046875,0F,0.234375,0F,0.234375,0.00439453125,0.01910828025477707,1.9311904907226562e-05,1
8576,-1.21533203125,B9,-1.21875,B9,-1.21875,0.00341796875,0.002812374447569305,1.1682510375976562e-05,1
8577,-0.185546875,F4,-0.1875,F5,-0.171875,0.013671875,0.07368421052631578,0.000186920166015625,0
8578,0.724609375,2E,0.71875,2F,0.734375,0.009765625,0.013477088948787063,9.5367431640625e-05,0
8579,0.177490234375,0B,0.171875,0C,0.1875,0.010009765625,0.05639614855570839,0.00010019540786743164,0
8580,-1.82568359375,A6,-1.8125,A6,-1.8125,0.01318359375,0.007221182134260497,0.00017380714416503906,1
8581,-0.786376953125,CE,-0.78125,CD,-0.796875,0.010498046875,0.01334989133809376,0.00011020898818969727,0
8582,0.964599609375,3E,0.96875,3E,0.96875,0.004150390625,0.004302708175145533,1.722574234008789e-05,1
8583,-0.751220703125,D0,-0.75,CF,-0.765625,0.014404296875,0.019174520636984077,0.00020748376846313477,0
8584,0.176025390625,0B,0.171875,0C,0.1875,0.011474609375,0.0651872399445215,0.0001316666603088379,0
8585,-0.8896484375,C7,-0.890625,C7,-0.890625,0.0009765625,0.0010976948408342481,9.5367431640625e-07,1
8586,-1.071533203125,BE,-1.0625,BE,-1.0625,0.009033203125,0.008430166324903166,8.159875869750977e-05,1
8587,0.5166015625,21,0.515625,21,0.515625,0.0009765625,0.001890359168241966,9.5367431640625e-07,1
8588,0.833740234375,35,0.828125,34,0.8125,0.021240234375,0.025475841874084918,0.00045114755630493164,0
8589,0.1845703125,0C,0.1875,0D,0.203125,0.0185546875,0.10052910052910052,0.00034427642822265625,0
8590,0.678466796875,2B,0.671875,2B,0.671875,0.006591796875,0.009715725080964376,4.3451786041259766e-05,1
8591,0.05419921875,03,0.046875,05,0.078125,0.02392578125,0.44144144144144143,0.0005724430084228516,0
8592,1.551513671875,52,1.5625,52,1.5625,0.010986328125,0.007081038552321007,0.00012069940567016602,1
8593,-0.707275390625,D3,-0.703125,D2,-0.71875,0.011474609375,0.016223679668622714,0.0001316666603088379,0
8594,-0.390380859375,E7,-0.390625,E7,-0.390625,0.000244140625,0.0006253908692933083,5.960464477539063e-08,1
8595,-0.2138671875,F2,-0.21875,F3,-0.203125,0.0107421875,0.0502283105022831,0.00011539459228515625,0
8596,0.39111328125,19,0.390625,19,0.390625,0.00048828125,0.0012484394506866417,2.384185791015625e-07,1
8597,-0.07275390625,FB,-0.078125,FC,-0.0625,0.01025390625,0.14093959731543623,0.00010514259338378906,0
8598,-0.102783203125,F9,-0.109375,F8,-0.125,0.022216796875,0.2161520190023753,0.0004935860633850098,0
8599,0.377685546875,18,0.375,18,0.375,0.002685546875,0.007110536522301228,7.212162017822266e-06,1
8600,-0.139892578125,F7,-0.140625,F8,-0.125,0.014892578125,0.10645724258289703,0.00022178888320922852,0
8601,2.14599609375,61,2.125,61,2.125,0.02099609375,0.009783845278725825,0.00044083595275878906,1
8602,0.25146484375,10,0.25,10,0.25,0.00146484375,0.005825242718446602,2.1457672119140625e-06,1
8603,-1.1904296875,BA,-1.1875,BA,-1.1875,0.0029296875,0.002461033634126333,8.58306884765625e-06,1
8604,-0.830322265625,CB,-0.828125,CB,-0.828125,0.002197265625,0.0026462805057336078,4.827976226806641e-06,1
8605,-1.277099609375,B7,-1.28125,B8,-1.25,0.027099609375,0.021219652074173197,0.0007343888282775879,0
8606,0.127685546875,08,0.125,08,0.125,0.002685546875,0.021032504780114723,7.212162017822266e-06,1
8607,-0.5146484375,DF,-0.515625,E0,-0.5,0.0146484375,0.028462998102466792,0.00021457672119140625,0
8608,0.855712890625,37,0.859375,37,0.859375,0.003662109375,0.0042796005706134095,1.341104507446289e-05,1
8609,-0.3818359375,E8,-0.375,E6,-0.40625,0.0244140625,0.0639386189258312,0.0005960464477539062,0
8610,-0.24169921875,F1,-0.234375,EF,-0.265625,0.02392578125,0.09898989898989899,0.0005724430084228516,0
8611,-1.484375,B0,-1.5,B0,-1.5,0.015625,0.010526315789473684,0.000244140625,1
8612,-0.888671875,C7,-0.890625,C8,-0.875,0.013671875,0.015384615384615385,0.000186920166015625,0
8613,-0.06787109375,FC,-0.0625,FB,-0.078125,0.01025390625,0.1510791366906475,0.00010514259338378906,0
8614,-0.74853515625,D0,-0.75,D1,-0.734375,0.01416015625,0.018917155903457272,0.00020051002502441406,0
8615,0.3095703125,14,0.3125,15,0.328125,0.0185546875,0.05993690851735016,0.00034427642822265625,0
8616,0.819580078125,34,0.8125,34,0.8125,0.007080078125,0.008638665475126601,5.0127506256103516e-05,1
8617,-0.786376953125,CE,-0.78125,CD,-0.796875,0.010498046875,0.01334989133809376,0.00011020898818969727,0
8618,1.341796875,4B,1.34375,4B,1.34375,0.001953125,0.001455604075691412,3.814697265625e-06,1
8619,-1.993896484375,A0,-2.0,A1,-1.96875,0.025146484375,0.012611730133463941,0.0006323456764221191,0
8620,1.60986328125,54,1.625,54,1.625,0.01513671875,0.00940248710949348,0.00022912025451660156,1
8621,0.667236328125,2B,0.671875,2B,0.671875,0.004638671875,0.006952067325283571,2.1517276763916016e-05,1
8622,-0.018798828125,FF,-0.015625,FF,-0.015625,0.003173828125,0.16883116883116883,1.0073184967041016e-05,1
8623,1.3330078125,4B,1.34375,4A,1.3125,0.0205078125,0.015384615384615385,0.00042057037353515625,0
8624,-0.629638671875,D8,-0.625,D8,-0.625,0.004638671875,0.007367196587824738,2.1517276763916016e-05,1
8625,0.701904296875,2D,0.703125,2D,0.703125,0.001220703125,0.0017391304347826088,1.4901161193847656e-06,1
8626,-1.927734375,A2,-1.9375,A3,-1.90625,0.021484375,0.011144883485309016,0.000461578369140625,0
8627,0.2138671875,0E,0.21875,0E,0.21875,0.0048828125,0.0228310502283105,2.384185791015625e-05,1
8628,1.25146484375,48,1.25,48,1.25,0.00146484375,0.0011705033164260631,2.1457672119140625e-06,1
8629,0.30517578125,14,0.3125,14,0.3125,0.00732421875,0.024,5.364418029785156e-05,1
8630,0.42724609375,1B,0.421875,1B,0.421875,0.00537109375,0.012571428571428572,2.8848648071289062e-05,1
8631,0.02490234375,02,0.03125,02,0.03125,0.00634765625,0.2549019607843137,4.029273986816406e-05,1
8632,1.20947265625,47,1.21875,47,1.21875,0.00927734375,0.007670569236980218,8.606910705566406e-05,1
8633,-1.190185546875,BA,-1.1875,BA,-1.1875,0.002685546875,0.0022564102564102562,7.212162017822266e-06,1
8634,-0.18603515625,F4,-0.1875,F4,-0.1875,0.00146484375,0.007874015748031496,2.1457672119140625e-06,1
8635,1.077880859375,42,1.0625,42,1.0625,0.015380859375,0.014269535673839184,0.0002365708351135254,1
8636,0.068603515625,04,0.0625,05,0.078125,0.009521484375,0.1387900355871886,9.065866470336914e-05,0
8637,-0.509033203125,DF,-0.515625,DF,-0.515625,0.006591796875,0.012949640287769784,4.3451786041259766e-05,1
8638,0.993896484375,40,1.0,3E,0.96875,0.025146484375,0.0253009088676001,0.0006323456764221191,0
8639,-1.03271484375,BF,-1.03125,BE,-1.0625,0.02978515625,0.02884160756501182,0.0008871555328369141,0
8640,-0.9560546875,C3,-0.953125,C4,-0.9375,0.0185546875,0.01940755873340143,0.00034427642822265625,0
8641,0.86083984375,37,0.859375,38,0.875,0.01416015625,0.016449234259784458,0.00020051002502441406,0
8642,0.348388671875,16,0.34375,16,0.34375,0.004638671875,0.013314646110721794,2.1517276763916016e-05,1
8643,0.9990234375,40,1.0,40,1.0,0.0009765625,0.0009775171065493646,9.5367431640625e-07,1
8644,-0.9404296875,C4,-0.9375,C3,-0.953125,0.0126953125,0.013499480789200415,0.00016117095947265625,0
8645,0.081787109375,05,0.078125,05,0.078125,0.003662109375,0.04477611940298507,1.341104507446289e-05,1
8646,-0.644775390625,D7,-0.640625,D6,-0.65625,0.011474609375,0.017796289284361985,0.0001316666603088379,0
8647,-0.4296875,E4,-0.4375,E3,-0.453125,0.0234375,0.05454545454545454,0.00054931640625,0
8648,-1.18701171875,BA,-1.1875,BA,-1.1875,0.00048828125,0.00041135335252982314,2.384185791015625e-07,1
8649,-0.4677734375,E2,-0.46875,E1,-0.484375,0.0166015625,0.03549060542797495,0.00027561187744140625,0
8650,-0.979248046875,C1,-0.984375,C1,-0.984375,0.005126953125,0.005235602094240838,2.6285648345947266e-05,1
8651,1.195068359375,46,1.1875,46,1.1875,0.007568359375,0.006332992849846782,5.728006362915039e-05,1
8652,0.706787109375,2D,0.703125,2D,0.703125,0.003662109375,0.0051813471502590676,1.341104507446289e-05,1
8653,-0.39208984375,E7,-0.390625,E7,-0.390625,0.00146484375,0.0037359900373599006,2.1457672119140625e-06,1
8654,-2.34765625,9D,-2.375,9D,-2.375,0.02734375,0.011647254575707155,0.0007476806640625,1
8655,-1.0341796875,BF,-1.03125,BE,-1.0625,0.0283203125,0.027384324834749764,0.0008020401000976562,0
8656,-0.36669921875,E9,-0.359375,E9,-0.359375,0.00732421875,0.019973368841544607,5.364418029785156e-05,1
8657,0.373291015625,18,0.375,19,0.390625,0.017333984375,0.04643557880967953,0.00030046701431274414,0
8658,0.27197265625,11,0.265625,12,0.28125,0.00927734375,0.03411131059245961,8.606910705566406e-05,0
8659,-0.594970703125,DA,-0.59375,DA,-0.59375,0.001220703125,0.002051702913418137,1.4901161193847656e-06,1
8660,2.574462890625,65,2.625,65,2.625,0.050537109375,0.019630156472261736,0.002553999423980713,1
8661,0.568115234375,24,0.5625,24,0.5625,0.005615234375,0.009883970777825527,3.153085708618164e-05,1
8662,0.1513671875,0A,0.15625,09,0.140625,0.0107421875,0.07096774193548387,0.00011539459228515625,0
8663,-0.3291015625,EB,-0.328125,EB,-0.328125,0.0009765625,0.002967359050445104,9.5367431640625e-07,1
8664,1.5078125,50,1.5,50,1.5,0.0078125,0.0051813471502590676,6.103515625e-05,1
8665,1.53076171875,51,1.53125,52,1.5625,0.03173828125,0.02073365231259968,0.0010073184967041016,0
8666,-0.026611328125,FE,-0.03125,FE,-0.03125,0.004638671875,0.1743119266055046,2.1517276763916016e-05,1
8667,-0.84765625,CA,-0.84375,CA,-0.84375,0.00390625,0.004608294930875576,1.52587890625e-05,1
8668,0.718994140625,2E,0.71875,2E,0.71875,0.000244140625,0.00033955857385398983,5.960464477539063e-08,1
8669,-0.005859375,FF,-0.015625,00,0.0,0.005859375,1.0,3.4332275390625e-05,0
8670,1.486572265625,50,1.5,50,1.5,0.013427734375,0.009032681885367055,0.00018030405044555664,1
8671,-0.880615234375,C8,-0.875,C8,-0.875,0.005615234375,0.00637649015802606,3.153085708618164e-05,1
8672,0.496337890625,20,0.5,1F,0.484375,0.011962890625,0.024102311854402363,0.0001431107521057129,0
8673,0.844970703125,36,0.84375,36,0.84375,0.001220703125,0.001444669170759896,1.4901161193847656e-06,1
8674,-1.73095703125,A9,-1.71875,A8,-1.75,0.01904296875,0.011001410437235543,0.00036263465881347656,0
8675,0.412353515625,1A,0.40625,1B,0.421875,0.009521484375,0.023090586145648313,9.065866470336914e-05,0
8676,-0.052001953125,FD,-0.046875,FD,-0.046875,0.005126953125,0.09859154929577464,2.6285648345947266e-05,1
8677,1.452392578125,4E,1.4375,4E,1.4375,0.014892578125,0.01025382417212977,0.00022178888320922852,1
8678,-1.58447265625,AD,-1.59375,AD,-1.59375,0.00927734375,0.005855161787365178,8.606910705566406e-05,1
8679,0.97509765625,3E,0.96875,3E,0.96875,0.00634765625,0.006509764646970456,4.029273986816406e-05,1
8680,-0.0205078125,FF,-0.015625,FE,-0.03125,0.0107421875,0.5238095238095238,0.00011539459228515625,0
8681,1.2685546875,49,1.28125,48,1.25,0.0185546875,0.014626635873749037,0.00034427642822265625,0
8682,0.92822265625,3B,0.921875,3B,0.921875,0.00634765625,0.006838506049447659,4.029273986816406e-05,1
8683,0.4755859375,1E,0.46875,1F,0.484375,0.0087890625,0.018480492813141684,7.724761962890625e-05,0
8684,1.662109375,55,1.65625,56,1.6875,0.025390625,0.01527614571092832,0.000644683837890625,0
8685,-0.780029296875,CE,-0.78125,CF,-0.765625,0.014404296875,0.018466353677621283,0.00020748376846313477,0
8686,-0.66796875,D5,-0.671875,D6,-0.65625,0.01171875,0.017543859649122806,0.0001373291015625,0
8687,-0.317138671875,EC,-0.3125,EB,-0.328125,0.010986328125,0.03464203233256351,0.00012069940567016602,0
8688,0.796142578125,33,0.796875,33,0.796875,0.000732421875,0.0009199632014719411,5.364418029785156e-07,1
8689,-1.28564453125,B7,-1.28125,B6,-1.3125,0.02685546875,0.020888720091150777,0.0007212162017822266,0
8690,-0.254150390625,F0,-0.25,F0,-0.25,0.004150390625,0.01633045148895293,1.722574234008789e-05,1
8691,0.64794921875,29,0.640625,28,0.625,0.02294921875,0.03541823662396383,0.0005266666412353516,0
8692,1.636474609375,54,1.625,54,1.625,0.011474609375,0.007011785767566761,0.0001316666603088379,1
8693,-0.54931640625,DD,-0.546875,DD,-0.546875,0.00244140625,0.0044444444444444444,5.9604644775390625e-06,1
8694,0.63427734375,29,0.640625,29,0.640625,0.00634765625,0.010007698229407237,4.029273986816406e-05,1
8695,-0.5361328125,DE,-0.53125,DE,-0.53125,0.0048828125,0.009107468123861567,2.384185791015625e-05,1
8696,-1.56396484375,AE,-1.5625,AE,-1.5625,0.00146484375,0.0009366219169528567,2.1457672119140625e-06,1
8697,-0.942626953125,C4,-0.9375,C4,-0.9375,0.005126953125,0.005439005439005439,2.6285648345947266e-05,1
8698,-0.707275390625,D3,-0.703125,D3,-0.703125,0.004150390625,0.005868139454608215,1.722574234008789e-05,1
8699,0.0263671875,02,0.03125,02,0.03125,0.0048828125,0.18518518518518517,2.384185791015625e-05,1
8700,-0.985107421875,C1,-0.984375,C1,-0.984375,0.000732421875,0.0007434944237918215,5.364418029785156e-07,1
8701,1.842529296875,5B,1.84375,5C,1.875,0.032470703125,0.017622896515171592,0.0010543465614318848,0
8702,0.66748046875,2B,0.671875,2B,0.671875,0.00439453125,0.006583760058522311,1.9311904907226562e-05,1
8703,0.420166015625,1B,0.421875,1B,0.421875,0.001708984375,0.004067402672864613,2.9206275939941406e-06,1
8704,-0.571533203125,DB,-0.578125,DB,-0.578125,0.006591796875,0.011533532678342588,4.3451786041259766e-05,1
8705,-0.314208984375,EC,-0.3125,ED,-0.296875,0.017333984375,0.05516705516705517,0.00030046701431274414,0
8706,0.9111328125,3A,0.90625,3B,0.921875,0.0107421875,0.011789924973204717,0.00011539459228515625,0
8707,-0.141357421875,F7,-0.140625,F7,-0.140625,0.000732421875,0.0051813471502590676,5.364418029785156e-07,1
8708,-0.51708984375,DF,-0.515625,DE,-0.53125,0.01416015625,0.027384324834749764,0.00020051002502441406,0
8709,-0.812744140625,CC,-0.8125,CC,-0.8125,0.000244140625,0.00030039050765995795,5.960464477539063e-08,1
8710,-1.667724609375,AB,-1.65625,AA,-1.6875,0.019775390625,0.011857707509881422,0.0003910660743713379,0
8711,-0.3251953125,EB,-0.328125,EC,-0.3125,0.0126953125,0.03903903903903904,0.00016117095947265625,0
8712,-1.50146484375,B0,-1.5,B0,-1.5,0.00146484375,0.000975609756097561,2.1457672119140625e-06,1
8713,1.555419921875,52,1.5625,52,1.5625,0.007080078125,0.004551875686705384,5.0127506256103516e-05,1
8714,-0.68701171875,D4,-0.6875,D5,-0.671875,0.01513671875,0.02203269367448472,0.00022912025451660156,0
8715,1.030029296875,41,1.03125,40,1.0,0.030029296875,0.029153827921308367,0.0009017586708068848,0
8716,-0.3916015625,E7,-0.390625,E6,-0.40625,0.0146484375,0.03740648379052369,0.00021457672119140625,0
8717,-0.991455078125,C1,-0.984375,C0,-1.0,0.008544921875,0.008618566855454321,7.301568984985352e-05,0
8718,-0.43603515625,E4,-0.4375,E4,-0.4375,0.00146484375,0.0033594624860022394,2.1457672119140625e-06,1
8719,-2.182861328125,9F,-2.125,9E,-2.25,0.067138671875,0.030757185997092047,0.004507601261138916,0
8720,0.412109375,1A,0.40625,1B,0.421875,0.009765625,0.023696682464454975,9.5367431640625e-05,0
8721,0.030029296875,02,0.03125,01,0.015625,0.014404296875,0.4796747967479675,0.00020748376846313477,0
8722,-0.004638671875,FF,-0.015625,FF,-0.015625,0.010986328125,2.3684210526315788,0.00012069940567016602,1
8723,0.92578125,3B,0.921875,3C,0.9375,0.01171875,0.012658227848101266,0.0001373291015625,0
8724,1.0263671875,41,1.03125,40,1.0,0.0263671875,0.025689819219790674,0.0006952285766601562,0
8725,-1.61279296875,AC,-1.625,AC,-1.625,0.01220703125,0.007568876778686043,0.00014901161193847656,1
8726,-0.2353515625,F1,-0.234375,F0,-0.25,0.0146484375,0.06224066390041494,0.00021457672119140625,0
8727,-0.0048828125,FF,-0.015625,00,0.0,0.0048828125,1.0,2.384185791015625e-05,0
8728,-0.3818359375,E8,-0.375,E8,-0.375,0.0068359375,0.017902813299232736,4.673004150390625e-05,1
8729,0.57666015625,25,0.578125,25,0.578125,0.00146484375,0.002540220152413209,2.1457672119140625e-06,1
8730,1.187255859375,46,1.1875,46,1.1875,0.000244140625,0.00020563438206868187,5.960464477539063e-08,1
8731,-0.62060546875,D8,-0.625,D9,-0.609375,0.01123046875,0.01809598741148702,0.00012612342834472656,0
8732,0.39111328125,19,0.390625,1B,0.421875,0.03076171875,0.07865168539325842,0.0009462833404541016,0
8733,-0.330078125,EB,-0.328125,EB,-0.328125,0.001953125,0.005917159763313609,3.814697265625e-06,1
8734,0.862548828125,37,0.859375,37,0.859375,0.003173828125,0.003679592414378715,1.0073184967041016e-05,1
8735,1.4931640625,50,1.5,50,1.5,0.0068359375,0.004578155657292348,4.673004150390625e-05,1
8736,0.762451171875,31,0.765625,31,0.765625,0.003173828125,0.004162664105027218,1.0073184967041016e-05,1
8737,1.333984375,4B,1.34375,4A,1.3125,0.021484375,0.016105417276720352,0.000461578369140625,0
8738,-1.173828125,BA,-1.1875,BB,-1.15625,0.017578125,0.014975041597337771,0.000308990478515625,0
8739,1.111328125,44,1.125,44,1.125,0.013671875,0.012302284710017574,0.000186920166015625,1
8740,1.320068359375,4A,1.3125,4A,1.3125,0.007568359375,0.005733308673941187,5.728006362915039e-05,1
8741,0.25048828125,10,0.25,10,0.25,0.00048828125,0.001949317738791423,2.384185791015625e-07,1
8742,0.796875,33,0.796875,34,0.8125,0.015625,0.0196078431372549,0.000244140625,0
8743,0.55419921875,23,0.546875,23,0.546875,0.00732421875,0.013215859030837005,5.364418029785156e-05,1
8744,0.991943359375,3F,0.984375,3F,0.984375,0.007568359375,0.007629830174747723,5.728006362915039e-05,1
8745,0.59765625,26,0.59375,27,0.609375,0.01171875,0.0196078431372549,0.0001373291015625,0
8746,-1.087890625,BD,-1.09375,BD,-1.09375,0.005859375,0.005385996409335727,3.4332275390625e-05,1
8747,-0.64306640625,D7,-0.640625,D7,-0.640625,0.00244140625,0.0037965072133637054,5.9604644775390625e-06,1
8748,-0.138671875,F7,-0.140625,F7,-0.140625,0.001953125,0.014084507042253521,3.814697265625e-06,1
8749,-0.133056640625,F7,-0.140625,F7,-0.140625,0.007568359375,0.05688073394495413,5.728006362915039e-05,1
8750,0.318603515625,14,0.3125,14,0.3125,0.006103515625,0.019157088122605363,3.725290298461914e-05,1
8751,-0.04931640625,FD,-0.046875,FE,-0.03125,0.01806640625,0.36633663366336633,0.00032639503479003906,0
8752,-1.642578125,AB,-1.65625,AC,-1.625,0.017578125,0.01070154577883472,0.000308990478515625,0
8753,-1.290771484375,B7,-1.28125,B7,-1.28125,0.009521484375,0.007376584074144127,9.065866470336914e-05,1
8754,-1.32763671875,B6,-1.3125,B6,-1.3125,0.01513671875,0.01140125045972784,0.00022912025451660156,1
8755,-0.120361328125,F8,-0.125,F8,-0.125,0.004638671875,0.038539553752535496,2.1517276763916016e-05,1
8756,0.33251953125,15,0.328125,15,0.328125,0.00439453125,0.013215859030837005,1.9311904907226562e-05,1
8757,-1.193603515625,BA,-1.1875,BA,-1.1875,0.006103515625,0.005113520147269381,3.725290298461914e-05,1
8758,-0.98291015625,C1,-0.984375,C0,-1.0,0.01708984375,0.017386984600099353,0.00029206275939941406,0
8759,0.170654296875,0B,0.171875,0B,0.171875,0.001220703125,0.00715307582260372,1.4901161193847656e-06,1
8760,0.09228515625,06,0.09375,06,0.09375,0.00146484375,0.015873015873015872,2.1457672119140625e-06,1
8761,0.809814453125,34,0.8125,34,0.8125,0.002685546875,0.003316249623153452,7.212162017822266e-06,1
8762,-0.1884765625,F4,-0.1875,F4,-0.1875,0.0009765625,0.0051813471502590676,9.5367431640625e-07,1
8763,0.034423828125,02,0.03125,02,0.03125,0.003173828125,0.09219858156028368,1.0073184967041016e-05,1
8764,0.394775390625,19,0.390625,19,0.390625,0.004150390625,0.010513296227581941,1.722574234008789e-05,1
8765,1.619140625,54,1.625,54,1.625,0.005859375,0.0036188178528347406,3.4332275390625e-05,1
8766,-0.67333984375,D5,-0.671875,D5,-0.671875,0.00146484375,0.002175489485134155,2.1457672119140625e-06,1
8767,-0.423095703125,E5,-0.421875,E6,-0.40625,0.016845703125,0.03981534910559723,0.00028377771377563477,0
8768,0.174072265625,0B,0.171875,0C,0.1875,0.013427734375,0.07713884992987377,0.00018030405044555664,0
8769,-0.642333984375,D7,-0.640625,D7,-0.640625,0.001708984375,0.0026605853287723297,2.9206275939941406e-06,1
8770,1.204833984375,47,1.21875,46,1.1875,0.017333984375,0.014387031408308004,0.00030046701431274414,0
8771,-0.46240234375,E2,-0.46875,E2,-0.46875,0.00634765625,0.013727560718057022,4.029273986816406e-05,1
8772,-0.185546875,F4,-0.1875,F5,-0.171875,0.013671875,0.07368421052631578,0.000186920166015625,0
8773,1.01416015625,40,1.0,40,1.0,0.01416015625,0.013962445835339432,0.00020051002502441406,1
8774,-1.11279296875,BC,-1.125,BC,-1.125,0.01220703125,0.010969723562966213,0.00014901161193847656,1
8775,0.623046875,28,0.625,28,0.625,0.001953125,0.003134796238244514,3.814697265625e-06,1
8776,-0.715576171875,D2,-0.71875,D1,-0.734375,0.018798828125,0.026270897304674173,0.000353395938873291,0
8777,-1.6748046875,AA,-1.6875,AA,-1.6875,0.0126953125,0.007580174927113703,0.00016117095947265625,1
8778,-0.37939453125,E8,-0.375,E8,-0.375,0.00439453125,0.011583011583011582,1.9311904907226562e-05,1
8779,-1.7294921875,A9,-1.71875,A8,-1.75,0.0205078125,0.011857707509881422,0.00042057037353515625,0
8780,2.062255859375,60,2.0,61,2.125,0.062744140625,0.03042500295963064,0.003936827182769775,0
8781,-0.1357421875,F7,-0.140625,F6,-0.15625,0.0205078125,0.1510791366906475,0.00042057037353515625,0
8782,-1.40478515625,B3,-1.40625,B3,-1.40625,0.00146484375,0.0010427528675703858,2.1457672119140625e-06,1
8783,0.1318359375,08,0.125,08,0.125,0.0068359375,0.05185185185185185,4.673004150390625e-05,1
8784,0.279296875,12,0.28125,11,0.265625,0.013671875,0.04895104895104895,0.000186920166015625,0
8785,-1.261474609375,B8,-1.25,B8,-1.25,0.011474609375,0.00909618734275208,0.0001316666603088379,1
8786,-0.337646484375,EA,-0.34375,EB,-0.328125,0.009521484375,0.028199566160520606,9.065866470336914e-05,0
8787,0.591064453125,26,0.59375,25,0.578125,0.012939453125,0.021891780256092525,0.00016742944717407227,0
8788,1.40234375,4D,1.40625,4D,1.40625,0.00390625,0.002785515320334262,1.52587890625e-05,1
8789,-0.475341796875,E2,-0.46875,E2,-0.46875,0.006591796875,0.01386748844375963,4.3451786041259766e-05,1
8790,0.4140625,1A,0.40625,1B,0.421875,0.0078125,0.018867924528301886,6.103515625e-05,0
8791,0.277587890625,12,0.28125,11,0.265625,0.011962890625,0.04309586631486367,0.0001431107521057129,0
8792,0.578125,25,0.578125,25,0.578125,0.0,0.0,0.0,1
8793,-1.248779296875,B8,-1.25,B8,-1.25,0.001220703125,0.0009775171065493646,1.4901161193847656e-06,1
8794,-0.242431640625,F0,-0.25,F0,-0.25,0.007568359375,0.03121852970795569,5.728006362915039e-05,1
8795,0.48876953125,1F,0.484375,20,0.5,0.01123046875,0.022977022977022976,0.00012612342834472656,0
8796,0.030517578125,02,0.03125,01,0.015625,0.014892578125,0.488,0.00022178888320922852,0
8797,-0.767333984375,CF,-0.765625,D0,-0.75,0.017333984375,0.02258988227807827,0.00030046701431274414,0
8798,-0.751220703125,D0,-0.75,D1,-0.734375,0.016845703125,0.022424439389015276,0.00028377771377563477,0
8799,0.688232421875,2C,0.6875,2B,0.671875,0.016357421875,0.023767293366442,0.0002675652503967285,0
8800,-1.169677734375,BB,-1.15625,BA,-1.1875,0.017822265625,0.015236902525568774,0.00031763315200805664,0
8801,0.7392578125,2F,0.734375,2F,0.734375,0.0048828125,0.0066050198150594455,2.384185791015625e-05,1
8802,-0.39013671875,E7,-0.390625,E6,-0.40625,0.01611328125,0.04130162703379224,0.00025963783264160156,0
8803,-0.039794921875,FD,-0.046875,FF,-0.015625,0.024169921875,0.6073619631901841,0.0005841851234436035,0
8804,-1.02587890625,BF,-1.03125,BF,-1.03125,0.00537109375,0.005235602094240838,2.8848648071289062e-05,1
8805,-0.685791015625,D4,-0.6875,D4,-0.6875,0.001708984375,0.002491990032039872,2.9206275939941406e-06,1
8806,1.21533203125,47,1.21875,46,1.1875,0.02783203125,0.022900763358778626,0.0007746219635009766,0
8807,-0.6689453125,D5,-0.671875,D5,-0.671875,0.0029296875,0.004379562043795621,8.58306884765625e-06,1
8808,1.203857421875,47,1.21875,46,1.1875,0.016357421875,0.013587507604948286,0.0002675652503967285,0
8809,-0.9013671875,C6,-0.90625,C6,-0.90625,0.0048828125,0.005417118093174431,2.384185791015625e-05,1
8810,0.61962890625,28,0.625,27,0.609375,0.01025390625,0.016548463356973995,0.00010514259338378906,0
8811,-1.0810546875,BD,-1.09375,BD,-1.09375,0.0126953125,0.011743450767841012,0.00016117095947265625,1
8812,0.675537109375,2B,0.671875,2C,0.6875,0.011962890625,0.017708709794000722,0.0001431107521057129,0
8813,-0.43603515625,E4,-0.4375,E4,-0.4375,0.00146484375,0.0033594624860022394,2.1457672119140625e-06,1
8814,-0.041748046875,FD,-0.046875,FD,-0.046875,0.005126953125,0.12280701754385964,2.6285648345947266e-05,1
8815,0.45263671875,1D,0.453125,1D,0.453125,0.00048828125,0.0010787486515641855,2.384185791015625e-07,1
8816,0.397705078125,19,0.390625,19,0.390625,0.007080078125,0.01780233271945979,5.0127506256103516e-05,1
8817,0.85205078125,37,0.859375,37,0.859375,0.00732421875,0.008595988538681949,5.364418029785156e-05,1
8818,-1.580078125,AD,-1.59375,AD,-1.59375,0.013671875,0.00865265760197775,0.000186920166015625,1
8819,-0.7529296875,D0,-0.75,CF,-0.765625,0.0126953125,0.016861219195849545,0.00016117095947265625,0
8820,-0.7001953125,D3,-0.703125,D3,-0.703125,0.0029296875,0.0041841004184100415,8.58306884765625e-06,1
8821,0.183837890625,0C,0.1875,0B,0.171875,0.011962890625,0.0650730411686587,0.0001431107521057129,0
8822,0.85791015625,37,0.859375,37,0.859375,0.00146484375,0.001707455890722823,2.1457672119140625e-06,1
8823,0.875732421875,38,0.875,39,0.890625,0.014892578125,0.017005854474491218,0.00022178888320922852,0
8824,-0.117431640625,F8,-0.125,FA,-0.09375,0.023681640625,0.20166320166320167,0.0005608201026916504,0
8825,-0.40869140625,E6,-0.40625,E5,-0.421875,0.01318359375,0.03225806451612903,0.00017380714416503906,0
8826,0.254638671875,10,0.25,0F,0.234375,0.020263671875,0.07957813998082454,0.000410616397857666,0
8827,-2.50244140625,9C,-2.5,9C,-2.5,0.00244140625,0.000975609756097561,5.9604644775390625e-06,1
8828,0.18798828125,0C,0.1875,0C,0.1875,0.00048828125,0.0025974025974025974,2.384185791015625e-07,1
8829,-1.440185546875,B2,-1.4375,B2,-1.4375,0.002685546875,0.0018647228343787084,7.212162017822266e-06,1
8830,-0.186767578125,F4,-0.1875,F4,-0.1875,0.000732421875,0.00392156862745098,5.364418029785156e-07,1
8831,0.81005859375,34,0.8125,34,0.8125,0.00244140625,0.0030138637733574444,5.9604644775390625e-06,1
8832,-0.709228515625,D3,-0.703125,D2,-0.71875,0.009521484375,0.01342512908777969,9.065866470336914e-05,0
8833,1.04931640625,42,1.0625,42,1.0625,0.01318359375,0.012563983248022336,0.00017380714416503906,1
8834,-0.153076171875,F6,-0.15625,F7,-0.140625,0.012451171875,0.08133971291866028,0.00015503168106079102,0
8835,0.106201171875,07,0.109375,07,0.109375,0.003173828125,0.029885057471264367,1.0073184967041016e-05,1
8836,0.690673828125,2C,0.6875,2C,0.6875,0.003173828125,0.004595263343937788,1.0073184967041016e-05,1
8837,0.3427734375,16,0.34375,15,0.328125,0.0146484375,0.042735042735042736,0.00021457672119140625,0
8838,0.25830078125,11,0.265625,10,0.25,0.00830078125,0.03213610586011342,6.890296936035156e-05,0
8839,1.05810546875,42,1.0625,41,1.03125,0.02685546875,0.025380710659898477,0.0007212162017822266,0
8840,-0.760986328125,CF,-0.765625,CF,-0.765625,0.004638671875,0.0060956047481552774,2.1517276763916016e-05,1
8841,-0.31396484375,EC,-0.3125,ED,-0.296875,0.01708984375,0.05443234836702955,0.00029206275939941406,0
8842,0.55615234375,24,0.5625,23,0.546875,0.00927734375,0.016681299385425813,8.606910705566406e-05,0
8843,1.260009765625,48,1.25,48,1.25,0.010009765625,0.007944196861073435,0.00010019540786743164,1
8844,0.294921875,13,0.296875,13,0.296875,0.001953125,0.006622516556291391,3.814697265625e-06,1
8845,-0.94384765625,C4,-0.9375,C4,-0.9375,0.00634765625,0.006725297465080186,4.029273986816406e-05,1
8846,-1.8583984375,A5,-1.84375,A4,-1.875,0.0166015625,0.008933263268523384,0.00027561187744140625,0
8847,-0.918212890625,C5,-0.921875,C5,-0.921875,0.003662109375,0.003988300983780909,1.341104507446289e-05,1
8848,-0.636962890625,D7,-0.640625,D6,-0.65625,0.019287109375,0.03027980068991951,0.0003719925880432129,0
8849,-1.520263671875,AF,-1.53125,B0,-1.5,0.020263671875,0.013329050907339008,0.000410616397857666,0
8850,-0.56640625,DC,-0.5625,DB,-0.578125,0.01171875,0.020689655172413793,0.0001373291015625,0
8851,-0.750244140625,D0,-0.75,D0,-0.75,0.000244140625,0.0003254149040026033,5.960464477539063e-08,1
8852,0.248779296875,10,0.25,11,0.265625,0.016845703125,0.06771344455348381,0.00028377771377563477,0
8853,1.144775390625,45,1.15625,44,1.125,0.019775390625,0.01727447216890595,0.0003910660743713379,0
8854,-0.036865234375,FE,-0.03125,FF,-0.015625,0.021240234375,0.5761589403973509,0.00045114755630493164,0
8855,-1.22021484375,B9,-1.21875,BA,-1.1875,0.03271484375,0.026810724289715888,0.001070261001586914,0
8856,0.1416015625,09,0.140625,09,0.140625,0.0009765625,0.006896551724137931,9.5367431640625e-07,1
8857,1.18994140625,46,1.1875,46,1.1875,0.00244140625,0.002051702913418137,5.9604644775390625e-06,1
8858,1.449951171875,4E,1.4375,4E,1.4375,0.012451171875,0.008587304259976426,0.00015503168106079102,1
8859,0.536376953125,22,0.53125,22,0.53125,0.005126953125,0.009558488848429678,2.6285648345947266e-05,1
8860,0.677001953125,2B,0.671875,2A,0.65625,0.020751953125,0.030652722683014784,0.00043064355850219727,0
8861,0.115234375,07,0.109375,09,0.140625,0.025390625,0.22033898305084745,0.000644683837890625,0
8862,-0.855712890625,C9,-0.859375,C9,-0.859375,0.003662109375,0.0042796005706134095,1.341104507446289e-05,1
8863,-0.0810546875,FB,-0.078125,FB,-0.078125,0.0029296875,0.03614457831325301,8.58306884765625e-06,1
8864,-0.272705078125,EF,-0.265625,EE,-0.28125,0.008544921875,0.03133393017009848,7.301568984985352e-05,0
8865,1.521484375,51,1.53125,51,1.53125,0.009765625,0.006418485237483954,9.5367431640625e-05,1
8866,1.431884765625,4E,1.4375,4E,1.4375,0.005615234375,0.00392156862745098,3.153085708618164e-05,1
8867,0.119873046875,08,0.125,08,0.125,0.005126953125,0.04276985743380855,2.6285648345947266e-05,1
8868,2.451416015625,64,2.5,64,2.5,0.048583984375,0.019818743153072402,0.002360403537750244,1
8869,-0.1923828125,F4,-0.1875,F4,-0.1875,0.0048828125,0.025380710659898477,2.384185791015625e-05,1
8870,-1.365478515625,B4,-1.375,B4,-1.375,0.009521484375,0.006973001966744144,9.065866470336914e-05,1
8871,-1.5380859375,AF,-1.53125,AF,-1.53125,0.0068359375,0.0044444444444444444,4.673004150390625e-05,1
8872,0.726318359375,2E,0.71875,30,0.75,0.023681640625,0.03260504201680672,0.0005608201026916504,0
8873,-2.5029296875,9C,-2.5,9C,-2.5,0.0029296875,0.0011705033164260631,8.58306884765625e-06,1
8874,-2.0068359375,A0,-2.0,A0,-2.0,0.0068359375,0.0034063260340632603,4.673004150390625e-05,1
8875,-0.61181640625,D9,-0.609375,D9,-0.609375,0.00244140625,0.0039904229848363925,5.9604644775390625e-06,1
8876,-0.717041015625,D2,-0.71875,D2,-0.71875,0.001708984375,0.002383384405856316,2.9206275939941406e-06,1
8877,0.67724609375,2B,0.671875,2C,0.6875,0.01025390625,0.01514059120403749,0.00010514259338378906,0
8878,0.192626953125,0C,0.1875,0C,0.1875,0.005126953125,0.026615969581749048,2.6285648345947266e-05,1
8879,-0.5283203125,DE,-0.53125,DE,-0.53125,0.0029296875,0.005545286506469501,8.58306884765625e-06,1
8880,-0.700439453125,D3,-0.703125,D4,-0.6875,0.012939453125,0.018473335657023353,0.00016742944717407227,0
8881,-0.74169921875,D1,-0.734375,D0,-0.75,0.00830078125,0.01119157340355497,6.890296936035156e-05,0
8882,1.711669921875,57,1.71875,57,1.71875,0.007080078125,0.004136357153045215,5.0127506256103516e-05,1
8883,-1.96923828125,A1,-1.96875,A1,-1.96875,0.00048828125,0.0002479543763947434,2.384185791015625e-07,1
8884,0.419921875,1B,0.421875,1B,0.421875,0.001953125,0.004651162790697674,3.814697265625e-06,1
8885,-0.082275390625,FB,-0.078125,FB,-0.078125,0.004150390625,0.050445103857566766,1.722574234008789e-05,1
8886,0.033203125,02,0.03125,02,0.03125,0.001953125,0.058823529411764705,3.814697265625e-06,1
8887,0.65478515625,2A,0.65625,29,0.640625,0.01416015625,0.02162565249813572,0.00020051002502441406,0
8888,0.114013671875,07,0.109375,09,0.140625,0.026611328125,0.2334047109207709,0.000708162784576416,0
8889,1.41162109375,4D,1.40625,4D,1.40625,0.00537109375,0.0038049117952265654,2.8848648071289062e-05,1
8890,0.4443359375,1C,0.4375,1D,0.453125,0.0087890625,0.01978021978021978,7.724761962890625e-05,0
8891,-1.80908203125,A6,-1.8125,A6,-1.8125,0.00341796875,0.0018893387314439945,1.1682510375976562e-05,1
8892,-1.4697265625,B1,-1.46875,B1,-1.46875,0.0009765625,0.000664451827242525,9.5367431640625e-07,1
8893,1.471923828125,4F,1.46875,4F,1.46875,0.003173828125,0.0021562448167191904,1.0073184967041016e-05,1
8894,0.395751953125,19,0.390625,1B,0.421875,0.026123046875,0.06600863664404688,0.0006824135780334473,0
8895,-0.033203125,FE,-0.03125,FE,-0.03125,0.001953125,0.058823529411764705,3.814697265625e-06,1
8896,0.62451171875,28,0.625,29,0.640625,0.01611328125,0.02580140734949179,0.00025963783264160156,0
8897,-0.25634765625,F0,-0.25,F0,-0.25,0.00634765625,0.024761904761904763,4.029273986816406e-05,1
8898,0.066650390625,04,0.0625,04,0.0625,0.004150390625,0.06227106227106227,1.722574234008789e-05,1
8899,-0.22509765625,F2,-0.21875,F1,-0.234375,0.00927734375,0.04121475054229935,8.606910705566406e-05,0
8900,0.90625,3A,0.90625,3A,0.90625,0.0,0.0,0.0,1
8901,0.0830078125,05,0.078125,04,0.0625,0.0205078125,0.24705882352941178,0.00042057037353515625,0
8902,1.66162109375,55,1.65625,54,1.625,0.03662109375,0.022039377020276227,0.001341104507446289,0
8903,1.47998046875,4F,1.46875,50,1.5,0.02001953125,0.013526888815572418,0.00040078163146972656,0
8904,0.357177734375,17,0.359375,17,0.359375,0.002197265625,0.006151742993848257,4.827976226806641e-06,1
8905,-0.8662109375,C9,-0.859375,C8,-0.875,0.0087890625,0.010146561443066516,7.724761962890625e-05,0
8906,-0.48779296875,E1,-0.484375,E1,-0.484375,0.00341796875,0.007007007007007007,1.1682510375976562e-05,1
8907,0.189697265625,0C,0.1875,0C,0.1875,0.002197265625,0.011583011583011582,4.827976226806641e-06,1
8908,-1.42724609375,B2,-1.4375,B2,-1.4375,0.01025390625,0.007184399589462881,0.00010514259338378906,1
8909,-0.733154296875,D1,-0.734375,D2,-0.71875,0.014404296875,0.019647019647019648,0.00020748376846313477,0
8910,0.04150390625,03,0.046875,02,0.03125,0.01025390625,0.24705882352941178,0.00010514259338378906,0
8911,0.5048828125,20,0.5,20,0.5,0.0048828125,0.009671179883945842,2.384185791015625e-05,1
8912,1.46728515625,4F,1.46875,4F,1.46875,0.00146484375,0.0009983361064891847,2.1457672119140625e-06,1
8913,-0.431396484375,E4,-0.4375,E3,-0.453125,0.021728515625,0.05036785512167515,0.00047212839126586914,0
8914,-0.334716796875,EB,-0.328125,E9,-0.359375,0.024658203125,0.0736688548504741,0.0006080269813537598,0
8915,-0.440185546875,E4,-0.4375,E3,-0.453125,0.012939453125,0.029395452024403773,0.00016742944717407227,0
8916,1.08203125,43,1.09375,43,1.09375,0.01171875,0.010830324909747292,0.0001373291015625,1
8917,-0.172607421875,F5,-0.171875,F4,-0.1875,0.014892578125,0.08628005657708628,0.00022178888320922852,0
8918,-0.09814453125,FA,-0.09375,F9,-0.109375,0.01123046875,0.11442786069651742,0.00012612342834472656,0
8919,0.319091796875,14,0.3125,14,0.3125,0.006591796875,0.020657995409334353,4.3451786041259766e-05,1
8920,1.5341796875,51,1.53125,52,1.5625,0.0283203125,0.018459579885423297,0.0008020401000976562,0
8921,-0.512939453125,DF,-0.515625,E1,-0.484375,0.028564453125,0.055687767729652546,0.0008159279823303223,0
8922,0.072265625,05,0.078125,05,0.078125,0.005859375,0.08108108108108109,3.4332275390625e-05,1
8923,-0.51953125,DF,-0.515625,DF,-0.515625,0.00390625,0.007518796992481203,1.52587890625e-05,1
8924,-0.018798828125,FF,-0.015625,FF,-0.015625,0.003173828125,0.16883116883116883,1.0073184967041016e-05,1
8925,-0.98779296875,C1,-0.984375,C0,-1.0,0.01220703125,0.012357884330202669,0.00014901161193847656,0
8926,-1.34033203125,B5,-1.34375,B6,-1.3125,0.02783203125,0.020765027322404372,0.0007746219635009766,0
8927,-0.302734375,ED,-0.296875,EE,-0.28125,0.021484375,0.07096774193548387,0.000461578369140625,0
8928,-0.686279296875,D4,-0.6875,D6,-0.65625,0.030029296875,0.04375667022411953,0.0009017586708068848,0
8929,1.87451171875,5C,1.875,5C,1.875,0.00048828125,0.00026048450117218026,2.384185791015625e-07,1
8930,0.2880859375,12,0.28125,13,0.296875,0.0087890625,0.030508474576271188,7.724761962890625e-05,0
8931,0.92919921875,3B,0.921875,3B,0.921875,0.00732421875,0.007882291119285338,5.364418029785156e-05,1
8932,0.440185546875,1C,0.4375,1C,0.4375,0.002685546875,0.006100942872989462,7.212162017822266e-06,1
8933,0.9072265625,3A,0.90625,3A,0.90625,0.0009765625,0.001076426264800861,9.5367431640625e-07,1
8934,0.794677734375,33,0.796875,33,0.796875,0.002197265625,0.0027649769585253456,4.827976226806641e-06,1
8935,0.189453125,0C,0.1875,0C,0.1875,0.001953125,0.010309278350515464,3.814697265625e-06,1
8936,-0.95703125,C3,-0.953125,C3,-0.953125,0.00390625,0.004081632653061225,1.52587890625e-05,1
8937,-1.81591796875,A6,-1.8125,A6,-1.8125,0.00341796875,0.0018822264049475664,1.1682510375976562e-05,1
8938,0.057861328125,04,0.0625,04,0.0625,0.004638671875,0.08016877637130802,2.1517276763916016e-05,1
8939,-0.193359375,F4,-0.1875,F3,-0.203125,0.009765625,0.050505050505050504,9.5367431640625e-05,0
8940,1.9833984375,5F,1.96875,60,2.0,0.0166015625,0.008370260955194485,0.00027561187744140625,0
8941,1.927734375,5E,1.9375,5E,1.9375,0.009765625,0.005065856129685917,9.5367431640625e-05,1
8942,-0.279296875,EE,-0.28125,EE,-0.28125,0.001953125,0.006993006993006993,3.814697265625e-06,1
8943,-0.326171875,EB,-0.328125,EA,-0.34375,0.017578125,0.05389221556886228,0.000308990478515625,0
8944,-0.9482421875,C3,-0.953125,C3,-0.953125,0.0048828125,0.005149330587023687,2.384185791015625e-05,1
8945,0.7119140625,2E,0.71875,2E,0.71875,0.0068359375,0.009602194787379973,4.673004150390625e-05,1
8946,1.275390625,49,1.28125,49,1.28125,0.005859375,0.004594180704441042,3.4332275390625e-05,1
8947,-0.09130859375,FA,-0.09375,FA,-0.09375,0.00244140625,0.026737967914438502,5.9604644775390625e-06,1
8948,-2.693115234375,9A,-2.75,9A,-2.75,0.056884765625,0.021122291723325175,0.0032358765602111816,1
8949,-0.7998046875,CD,-0.796875,CD,-0.796875,0.0029296875,0.003663003663003663,8.58306884765625e-06,1
8950,2.56640625,65,2.625,64,2.5,0.06640625,0.0258751902587519,0.0044097900390625,0
8951,1.12255859375,44,1.125,44,1.125,0.00244140625,0.002174858634188778,5.9604644775390625e-06,1
8952,0.49560546875,20,0.5,1F,0.484375,0.01123046875,0.022660098522167486,0.00012612342834472656,0
8953,0.572998046875,25,0.578125,25,0.578125,0.005126953125,0.008947592671495527,2.6285648345947266e-05,1
8954,0.495849609375,20,0.5,21,0.515625,0.019775390625,0.03988183161004431,0.0003910660743713379,0
8955,0.313232421875,14,0.3125,14,0.3125,0.000732421875,0.002338269680436477,5.364418029785156e-07,1
8956,0.534423828125,22,0.53125,22,0.53125,0.003173828125,0.005938784833257195,1.0073184967041016e-05,1
8957,0.136474609375,09,0.140625,08,0.125,0.011474609375,0.08407871198568873,0.0001316666603088379,0
8958,0.84814453125,36,0.84375,36,0.84375,0.00439453125,0.0051813471502590676,1.9311904907226562e-05,1
8959,0.209228515625,0D,0.203125,0C,0.1875,0.021728515625,0.10385064177362893,0.00047212839126586914,0
8960,-1.60986328125,AC,-1.625,AC,-1.625,0.01513671875,0.00940248710949348,0.00022912025451660156,1
8961,-0.370361328125,E8,-0.375,E8,-0.375,0.004638671875,0.012524719841793012,2.1517276763916016e-05,1
8962,0.798095703125,33,0.796875,33,0.796875,0.001220703125,0.0015295197308045274,1.4901161193847656e-06,1
8963,0.1005859375,06,0.09375,07,0.109375,0.0087890625,0.08737864077669903,7.724761962890625e-05,0
8964,0.084228515625,05,0.078125,06,0.09375,0.009521484375,0.11304347826086956,9.065866470336914e-05,0
8965,-0.300537109375,ED,-0.296875,EC,-0.3125,0.011962890625,0.039805036555645816,0.0001431107521057129,0
8966,0.9697265625,3E,0.96875,3E,0.96875,0.0009765625,0.0010070493454179255,9.5367431640625e-07,1
8967,1.001708984375,40,1.0,40,1.0,0.001708984375,0.0017060687301974165,2.9206275939941406e-06,1
8968,0.100341796875,06,0.09375,07,0.109375,0.009033203125,0.09002433090024331,8.159875869750977e-05,0
8969,-0.365478515625,E9,-0.359375,E9,-0.359375,0.006103515625,0.016700066800267203,3.725290298461914e-05,1
8970,0.494384765625,20,0.5,1F,0.484375,0.010009765625,0.020246913580246915,0.00010019540786743164,0
8971,1.18359375,46,1.1875,46,1.1875,0.00390625,0.0033003300330033004,1.52587890625e-05,1
8972,-0.079833984375,FB,-0.078125,FB,-0.078125,0.001708984375,0.021406727828746176,2.9206275939941406e-06,1
8973,1.211181640625,47,1.21875,46,1.1875,0.023681640625,0.019552509574682523,0.0005608201026916504,0
8974,-1.085693359375,BD,-1.09375,BE,-1.0625,0.023193359375,0.021362716438048122,0.0005379319190979004,0
8975,-0.7880859375,CE,-0.78125,CE,-0.78125,0.0068359375,0.008674101610904586,4.673004150390625e-05,1
8976,2.00244140625,60,2.0,60,2.0,0.00244140625,0.00121921482565228,5.9604644775390625e-06,1
8977,0.93603515625,3C,0.9375,3C,0.9375,0.00146484375,0.001564945226917058,2.1457672119140625e-06,1
8978,-0.839599609375,CA,-0.84375,CA,-0.84375,0.004150390625,0.004943297470194824,1.722574234008789e-05,1
8979,1.42724609375,4E,1.4375,4D,1.40625,0.02099609375,0.01471091344509066,0.00044083595275878906,0
8980,-0.147216796875,F7,-0.140625,F6,-0.15625,0.009033203125,0.06135986733001658,8.159875869750977e-05,0
8981,1.412841796875,4D,1.40625,4D,1.40625,0.006591796875,0.004665629860031105,4.3451786041259766e-05,1
8982,-0.1416015625,F7,-0.140625,F7,-0.140625,0.0009765625,0.006896551724137931,9.5367431640625e-07,1
8983,2.31298828125,63,2.375,62,2.25,0.06298828125,0.027232425585813805,0.0039675235748291016,0
8984,-1.5302734375,AF,-1.53125,B0,-1.5,0.0302734375,0.019783024888321635,0.0009164810180664062,0
8985,1.089111328125,43,1.09375,42,1.0625,0.026611328125,0.02443398341179108,0.000708162784576416,0
8986,1.191650390625,46,1.1875,46,1.1875,0.004150390625,0.0034828928498258555,1.722574234008789e-05,1
8987,-0.91845703125,C5,-0.921875,C5,-0.921875,0.00341796875,0.003721424774056353,1.1682510375976562e-05,1
8988,0.56201171875,24,0.5625,22,0.53125,0.03076171875,0.05473501303214596,0.0009462833404541016,0
8989,0.508544921875,21,0.515625,21,0.515625,0.007080078125,0.013922227556409025,5.0127506256103516e-05,1
8990,0.45751953125,1D,0.453125,1E,0.46875,0.01123046875,0.02454642475987193,0.00012612342834472656,0
8991,0.750732421875,30,0.75,30,0.75,0.000732421875,0.000975609756097561,5.364418029785156e-07,1
8992,0.26318359375,11,0.265625,11,0.265625,0.00244140625,0.00927643784786642,5.9604644775390625e-06,1
8993,-0.126220703125,F8,-0.125,F8,-0.125,0.001220703125,0.009671179883945842,1.4901161193847656e-06,1
8994,0.4765625,1E,0.46875,1E,0.46875,0.0078125,0.01639344262295082,6.103515625e-05,1
8995,-1.255615234375,B8,-1.25,B7,-1.28125,0.025634765625,0.0204160995527902,0.0006571412086486816,0
8996,-0.673828125,D5,-0.671875,D5,-0.671875,0.001953125,0.002898550724637681,3.814697265625e-06,1
8997,0.017822265625,01,0.015625,01,0.015625,0.002197265625,0.1232876712328767,4.827976226806641e-06,1
8998,0.52001953125,21,0.515625,21,0.515625,0.00439453125,0.008450704225352112,1.9311904907226562e-05,1
8999,0.220947265625,0E,0.21875,0E,0.21875,0.002197265625,0.009944751381215469,4.827976226806641e-06,1
9000,-0.308837890625,EC,-0.3125,EC,-0.3125,0.003662109375,0.011857707509881422,1.341104507446289e-05,1
9001,-0.10205078125,F9,-0.109375,FA,-0.09375,0.00830078125,0.08133971291866028,6.890296936035156e-05,0
9002,-0.239013671875,F1,-0.234375,F1,-0.234375,0.004638671875,0.01940755873340143,2.1517276763916016e-05,1
9003,-0.45703125,E3,-0.453125,E3,-0.453125,0.00390625,0.008547008547008548,1.52587890625e-05,1
9004,0.839599609375,36,0.84375,36,0.84375,0.004150390625,0.004943297470194824,1.722574234008789e-05,1
9005,0.724609375,2E,0.71875,2E,0.71875,0.005859375,0.008086253369272238,3.4332275390625e-05,1
9006,0.779296875,32,0.78125,31,0.765625,0.013671875,0.017543859649122806,0.000186920166015625,0
9007,-0.5654296875,DC,-0.5625,DD,-0.546875,0.0185546875,0.03281519861830743,0.00034427642822265625,0
9008,-0.03173828125,FE,-0.03125,FE,-0.03125,0.00048828125,0.015384615384615385,2.384185791015625e-07,1
9009,-0.392578125,E7,-0.390625,E7,-0.390625,0.001953125,0.004975124378109453,3.814697265625e-06,1
9010,0.884033203125,39,0.890625,38,0.875,0.009033203125,0.010218171775752554,8.159875869750977e-05,0
9011,-0.7236328125,D2,-0.71875,D2,-0.71875,0.0048828125,0.006747638326585695,2.384185791015625e-05,1
9012,-0.9423828125,C4,-0.9375,C4,-0.9375,0.0048828125,0.0051813471502590676,2.384185791015625e-05,1
9013,0.039794921875,03,0.046875,03,0.046875,0.007080078125,0.17791411042944785,5.0127506256103516e-05,1
9014,0.532470703125,22,0.53125,22,0.53125,0.001220703125,0.0022925263640531865,1.4901161193847656e-06,1
9015,1.245361328125,48,1.25,47,1.21875,0.026611328125,0.021368359145265633,0.000708162784576416,0
9016,-0.60888671875,D9,-0.609375,D9,-0.609375,0.00048828125,0.0008019246190858059,2.384185791015625e-07,1
9017,0.48779296875,1F,0.484375,1F,0.484375,0.00341796875,0.007007007007007007,1.1682510375976562e-05,1
9018,-0.88720703125,C7,-0.890625,C8,-0.875,0.01220703125,0.01375894331315355,0.00014901161193847656,0
9019,0.6298828125,28,0.625,28,0.625,0.0048828125,0.007751937984496124,2.384185791015625e-05,1
9020,-0.106689453125,F9,-0.109375,F8,-0.125,0.018310546875,0.17162471395881007,0.00033527612686157227,0
9021,-0.516845703125,DF,-0.515625,DE,-0.53125,0.014404296875,0.027869626830420408,0.00020748376846313477,0
9022,-0.025146484375,FE,-0.03125,FF,-0.015625,0.009521484375,0.3786407766990291,9.065866470336914e-05,0
9023,-0.393798828125,E7,-0.390625,E7,-0.390625,0.003173828125,0.008059516429014259,1.0073184967041016e-05,1
9024,0.21337890625,0E,0.21875,0E,0.21875,0.00537109375,0.02517162471395881,2.8848648071289062e-05,1
9025,1.08056640625,43,1.09375,42,1.0625,0.01806640625,0.016719385449615907,0.00032639503479003906,0
9026,-0.647216796875,D7,-0.640625,D6,-0.65625,0.009033203125,0.013956997359486986,8.159875869750977e-05,0
9027,0.652587890625,2A,0.65625,2A,0.65625,0.003662109375,0.005611672278338945,1.341104507446289e-05,1
9028,-0.3720703125,E8,-0.375,E9,-0.359375,0.0126953125,0.03412073490813648,0.00016117095947265625,0
9029,0.614990234375,27,0.609375,28,0.625,0.010009765625,0.01627630011909488,0.00010019540786743164,0
9030,-0.930908203125,C4,-0.9375,C4,-0.9375,0.006591796875,0.007081038552321007,4.3451786041259766e-05,1
9031,1.541259765625,51,1.53125,52,1.5625,0.021240234375,0.013781086646602249,0.00045114755630493164,0
9032,0.455078125,1D,0.453125,1D,0.453125,0.001953125,0.004291845493562232,3.814697265625e-06,1
9033,1.011474609375,40,1.0,40,1.0,0.011474609375,0.011344436398744872,0.0001316666603088379,1
9034,1.082763671875,43,1.09375,43,1.09375,0.010986328125,0.010146561443066516,0.00012069940567016602,1
9035,0.314453125,14,0.3125,14,0.3125,0.001953125,0.006211180124223602,3.814697265625e-06,1
9036,1.55322265625,52,1.5625,52,1.5625,0.00927734375,0.005972964476579692,8.606910705566406e-05,1
9037,-1.098876953125,BD,-1.09375,BD,-1.09375,0.005126953125,0.004665629860031105,2.6285648345947266e-05,1
9038,-0.7021484375,D3,-0.703125,D3,-0.703125,0.0009765625,0.0013908205841446453,9.5367431640625e-07,1
9039,0.989990234375,3F,0.984375,3F,0.984375,0.005615234375,0.005672009864364982,3.153085708618164e-05,1
9040,-0.94921875,C3,-0.953125,C3,-0.953125,0.00390625,0.00411522633744856,1.52587890625e-05,1
9041,0.80712890625,34,0.8125,35,0.828125,0.02099609375,0.02601330913490623,0.00044083595275878906,0
9042,-0.895263671875,C7,-0.890625,C5,-0.921875,0.026611328125,0.029724570493591493,0.000708162784576416,0
9043,0.174560546875,0B,0.171875,0B,0.171875,0.002685546875,0.015384615384615385,7.212162017822266e-06,1
9044,-0.360595703125,E9,-0.359375,E9,-0.359375,0.001220703125,0.003385240352064997,1.4901161193847656e-06,1
9045,0.39306640625,19,0.390625,1A,0.40625,0.01318359375,0.03354037267080745,0.00017380714416503906,0
9046,0.03857421875,02,0.03125,04,0.0625,0.02392578125,0.620253164556962,0.0005724430084228516,0
9047,-0.297119140625,ED,-0.296875,ED,-0.296875,0.000244140625,0.0008216926869350862,5.960464477539063e-08,1
9048,0.517822265625,21,0.515625,22,0.53125,0.013427734375,0.02593116454502593,0.00018030405044555664,0
9049,-0.494140625,E0,-0.5,E1,-0.484375,0.009765625,0.019762845849802372,9.5367431640625e-05,0
9050,-0.87109375,C8,-0.875,C9,-0.859375,0.01171875,0.013452914798206279,0.0001373291015625,0
9051,0.94384765625,3C,0.9375,3D,0.953125,0.00927734375,0.00982928091050181,8.606910705566406e-05,0
9052,0.471923828125,1E,0.46875,1E,0.46875,0.003173828125,0.006725297465080186,1.0073184967041016e-05,1
9053,0.68896484375,2C,0.6875,2C,0.6875,0.00146484375,0.002126151665485471,2.1457672119140625e-06,1
9054,0.14404296875,09,0.140625,09,0.140625,0.00341796875,0.023728813559322035,1.1682510375976562e-05,1
9055,1.0126953125,40,1.0,40,1.0,0.0126953125,0.01253616200578592,0.00016117095947265625,1
9056,-0.70654296875,D3,-0.703125,D3,-0.703125,0.00341796875,0.0048375950241879755,1.1682510375976562e-05,1
9057,-0.2275390625,F1,-0.234375,F2,-0.21875,0.0087890625,0.03862660944206009,7.724761962890625e-05,0
9058,-0.272216796875,EF,-0.265625,EE,-0.28125,0.009033203125,0.033183856502242155,8.159875869750977e-05,0
9059,-0.0595703125,FC,-0.0625,FC,-0.0625,0.0029296875,0.04918032786885246,8.58306884765625e-06,1
9060,-0.8876953125,C7,-0.890625,C7,-0.890625,0.0029296875,0.0033003300330033004,8.58306884765625e-06,1
9061,0.942626953125,3C,0.9375,3D,0.953125,0.010498046875,0.011137011137011137,0.00011020898818969727,0
9062,0.513671875,21,0.515625,21,0.515625,0.001953125,0.0038022813688212928,3.814697265625e-06,1
9063,-0.36767578125,E8,-0.375,E8,-0.375,0.00732421875,0.0199203187250996,5.364418029785156e-05,1
9064,1.20703125,47,1.21875,46,1.1875,0.01953125,0.016181229773462782,0.0003814697265625,0
9065,0.387451171875,19,0.390625,19,0.390625,0.003173828125,0.008191556395715185,1.0073184967041016e-05,1
9066,-0.406494140625,E6,-0.40625,E6,-0.40625,0.000244140625,0.0006006006006006006,5.960464477539063e-08,1
9067,0.4541015625,1D,0.453125,1C,0.4375,0.0166015625,0.03655913978494624,0.00027561187744140625,0
9068,1.597412109375,53,1.59375,53,1.59375,0.003662109375,0.0022925263640531865,1.341104507446289e-05,1
9069,0.763671875,31,0.765625,31,0.765625,0.001953125,0.0025575447570332483,3.814697265625e-06,1
9070,-1.68798828125,AA,-1.6875,AA,-1.6875,0.00048828125,0.0002892681515765114,2.384185791015625e-07,1
9071,-1.057861328125,BE,-1.0625,BE,-1.0625,0.004638671875,0.0043849526886683594,2.1517276763916016e-05,1
9072,-0.4130859375,E6,-0.40625,E7,-0.390625,0.0224609375,0.054373522458628844,0.0005044937133789062,0
9073,0.647216796875,29,0.640625,2A,0.65625,0.009033203125,0.013956997359486986,8.159875869750977e-05,0
9074,-1.387939453125,B4,-1.375,B4,-1.375,0.012939453125,0.00932277924362357,0.00016742944717407227,1
9075,-0.202392578125,F3,-0.203125,F3,-0.203125,0.000732421875,0.0036188178528347406,5.364418029785156e-07,1
9076,2.001953125,60,2.0,60,2.0,0.001953125,0.000975609756097561,3.814697265625e-06,1
9077,-0.13623046875,F7,-0.140625,F8,-0.125,0.01123046875,0.08243727598566308,0.00012612342834472656,0
9078,-0.67724609375,D5,-0.671875,D5,-0.671875,0.00537109375,0.007930785868781542,2.8848648071289062e-05,1
9079,-0.085205078125,FB,-0.078125,FA,-0.09375,0.008544921875,0.10028653295128939,7.301568984985352e-05,0
9080,-1.539794921875,AF,-1.53125,AF,-1.53125,0.008544921875,0.005549389567147614,7.301568984985352e-05,1
9081,0.44677734375,1D,0.453125,1D,0.453125,0.00634765625,0.014207650273224045,4.029273986816406e-05,1
9082,-1.240234375,B8,-1.25,B8,-1.25,0.009765625,0.007874015748031496,9.5367431640625e-05,1
9083,0.62890625,28,0.625,29,0.640625,0.01171875,0.018633540372670808,0.0001373291015625,0
9084,0.376220703125,18,0.375,17,0.359375,0.016845703125,0.04477611940298507,0.00028377771377563477,0
9085,0.48681640625,1F,0.484375,1E,0.46875,0.01806640625,0.037111334002006016,0.00032639503479003906,0
9086,0.35498046875,17,0.359375,16,0.34375,0.01123046875,0.03163686382393398,0.00012612342834472656,0
9087,0.432373046875,1C,0.4375,1B,0.421875,0.010498046875,0.024280067758328628,0.00011020898818969727,0
9088,0.024658203125,02,0.03125,01,0.015625,0.009033203125,0.36633663366336633,8.159875869750977e-05,0
9089,-0.1376953125,F7,-0.140625,F7,-0.140625,0.0029296875,0.02127659574468085,8.58306884765625e-06,1
9090,-0.93017578125,C4,-0.9375,C5,-0.921875,0.00830078125,0.008923884514435695,6.890296936035156e-05,0
9091,-0.396484375,E7,-0.390625,E6,-0.40625,0.009765625,0.024630541871921183,9.5367431640625e-05,0
9092,0.453125,1D,0.453125,1D,0.453125,0.0,0.0,0.0,1
9093,-0.280517578125,EE,-0.28125,EE,-0.28125,0.000732421875,0.0026109660574412533,5.364418029785156e-07,1
9094,-0.573486328125,DB,-0.578125,DC,-0.5625,0.010986328125,0.019157088122605363,0.00012069940567016602,0
9095,-1.755126953125,A8,-1.75,A7,-1.78125,0.026123046875,0.014883850326888302,0.0006824135780334473,0
9096,1.584716796875,53,1.59375,52,1.5625,0.022216796875,0.014019411492836234,0.0004935860633850098,0
9097,-1.61083984375,AC,-1.625,AC,-1.625,0.01416015625,0.008790542588663231,0.00020051002502441406,1
9098,-1.345947265625,B5,-1.34375,B4,-1.375,0.029052734375,0.02158534373299474,0.0008440613746643066,0
9099,-0.69970703125,D3,-0.703125,D3,-0.703125,0.00341796875,0.004884856943475227,1.1682510375976562e-05,1
9100,0.24072265625,0F,0.234375,0E,0.21875,0.02197265625,0.09127789046653144,0.00048279762268066406,0
9101,0.716064453125,2E,0.71875,2E,0.71875,0.002685546875,0.0037504261847937266,7.212162017822266e-06,1
9102,-0.29736328125,ED,-0.296875,ED,-0.296875,0.00048828125,0.0016420361247947454,2.384185791015625e-07,1
9103,-0.21337890625,F2,-0.21875,F2,-0.21875,0.00537109375,0.02517162471395881,2.8848648071289062e-05,1
9104,-0.240966796875,F1,-0.234375,F0,-0.25,0.009033203125,0.037487335359675786,8.159875869750977e-05,0
9105,-0.437255859375,E4,-0.4375,E4,-0.4375,0.000244140625,0.0005583472920156337,5.960464477539063e-08,1
9106,0.4140625,1A,0.40625,1A,0.40625,0.0078125,0.018867924528301886,6.103515625e-05,1
9107,-0.840087890625,CA,-0.84375,CB,-0.828125,0.011962890625,0.014240046498111014,0.0001431107521057129,0
9108,0.636962890625,29,0.640625,29,0.640625,0.003662109375,0.005749329244921426,1.341104507446289e-05,1
9109,1.534912109375,51,1.53125,52,1.5625,0.027587890625,0.017973596309845713,0.0007610917091369629,0
9110,1.450927734375,4E,1.4375,4E,1.4375,0.013427734375,0.009254585226316675,0.00018030405044555664,1
9111,-0.80029296875,CD,-0.796875,CC,-0.8125,0.01220703125,0.01525320317266626,0.00014901161193847656,0
9112,0.900634765625,3A,0.90625,3A,0.90625,0.005615234375,0.00623475196530225,3.153085708618164e-05,1
9113,-1.044921875,BF,-1.03125,BE,-1.0625,0.017578125,0.016822429906542057,0.000308990478515625,0
9114,-0.2470703125,F0,-0.25,F1,-0.234375,0.0126953125,0.05138339920948617,0.00016117095947265625,0
9115,-0.69287109375,D4,-0.6875,D4,-0.6875,0.00537109375,0.007751937984496124,2.8848648071289062e-05,1
9116,0.18701171875,0C,0.1875,0C,0.1875,0.00048828125,0.0026109660574412533,2.384185791015625e-07,1
9117,0.927734375,3B,0.921875,3B,0.921875,0.005859375,0.00631578947368421,3.4332275390625e-05,1
9118,0.672607421875,2B,0.671875,2A,0.65625,0.016357421875,0.024319419237749548,0.0002675652503967285,0
9119,1.28662109375,49,1.28125,4A,1.3125,0.02587890625,0.020113851992409868,0.0006697177886962891,0
9120,2.33984375,63,2.375,63,2.375,0.03515625,0.015025041736227046,0.0012359619140625,1
9121,0.7919921875,33,0.796875,33,0.796875,0.0048828125,0.006165228113440197,2.384185791015625e-05,1
9122,-1.868896484375,A4,-1.875,A4,-1.875,0.006103515625,0.0032658393207054214,3.725290298461914e-05,1
9123,-0.293212890625,ED,-0.296875,EC,-0.3125,0.019287109375,0.06577851790174855,0.0003719925880432129,0
9124,0.23388671875,0F,0.234375,0F,0.234375,0.00048828125,0.0020876826722338203,2.384185791015625e-07,1
9125,-0.833740234375,CB,-0.828125,CA,-0.84375,0.010009765625,0.012005856515373352,0.00010019540786743164,0
9126,-0.138671875,F7,-0.140625,F8,-0.125,0.013671875,0.09859154929577464,0.000186920166015625,0
9127,1.0654296875,42,1.0625,42,1.0625,0.0029296875,0.002749770852428964,8.58306884765625e-06,1
9128,-0.15087890625,F6,-0.15625,F7,-0.140625,0.01025390625,0.06796116504854369,0.00010514259338378906,0
9129,-1.21142578125,B9,-1.21875,B9,-1.21875,0.00732421875,0.006045949214026602,5.364418029785156e-05,1
9130,0.95361328125,3D,0.953125,3D,0.953125,0.00048828125,0.0005120327700972862,2.384185791015625e-07,1
9131,0.24609375,10,0.25,0F,0.234375,0.01171875,0.047619047619047616,0.0001373291015625,0
9132,1.538818359375,51,1.53125,52,1.5625,0.023681640625,0.015389497064889734,0.0005608201026916504,0
9133,1.069580078125,42,1.0625,42,1.0625,0.007080078125,0.0066194932663775395,5.0127506256103516e-05,1
9134,-0.857666015625,C9,-0.859375,C9,-0.859375,0.001708984375,0.0019925989183034445,2.9206275939941406e-06,1
9135,0.452880859375,1D,0.453125,1C,0.4375,0.015380859375,0.033962264150943396,0.0002365708351135254,0
9136,-0.33740234375,EA,-0.34375,EA,-0.34375,0.00634765625,0.01881331403762663,4.029273986816406e-05,1
9137,0.474853515625,1E,0.46875,1F,0.484375,0.009521484375,0.02005141388174807,9.065866470336914e-05,0
9138,-1.02978515625,BF,-1.03125,C0,-1.0,0.02978515625,0.028923660502607872,0.0008871555328369141,0
9139,-0.196533203125,F3,-0.203125,F3,-0.203125,0.006591796875,0.03354037267080745,4.3451786041259766e-05,1
9140,0.267578125,11,0.265625,11,0.265625,0.001953125,0.0072992700729927005,3.814697265625e-06,1
9141,0.996826171875,40,1.0,3F,0.984375,0.012451171875,0.012490815576781777,0.00015503168106079102,0
9142,1.452392578125,4E,1.4375,4E,1.4375,0.014892578125,0.01025382417212977,0.00022178888320922852,1
9143,0.4306640625,1C,0.4375,1C,0.4375,0.0068359375,0.015873015873015872,4.673004150390625e-05,1
9144,-0.46533203125,E2,-0.46875,E1,-0.484375,0.01904296875,0.040923399790136414,0.00036263465881347656,0
9145,1.09228515625,43,1.09375,42,1.0625,0.02978515625,0.027268663388466695,0.0008871555328369141,0
9146,0.535400390625,22,0.53125,22,0.53125,0.004150390625,0.007751937984496124,1.722574234008789e-05,1
9147,0.790283203125,33,0.796875,34,0.8125,0.022216796875,0.028112449799196786,0.0004935860633850098,0
9148,0.28857421875,12,0.28125,12,0.28125,0.00732421875,0.025380710659898477,5.364418029785156e-05,1
9149,-0.18896484375,F4,-0.1875,F2,-0.21875,0.02978515625,0.15762273901808785,0.0008871555328369141,0
9150,1.014892578125,40,1.0,40,1.0,0.014892578125,0.01467404378157325,0.00022178888320922852,1
9151,0.412353515625,1A,0.40625,1A,0.40625,0.006103515625,0.014801657785671996,3.725290298461914e-05,1
9152,1.301513671875,4A,1.3125,4A,1.3125,0.010986328125,0.008441193021947102,0.00012069940567016602,1
9153,-0.1572265625,F6,-0.15625,F5,-0.171875,0.0146484375,0.09316770186335403,0.00021457672119140625,0
9154,-1.107421875,BD,-1.09375,BC,-1.125,0.017578125,0.015873015873015872,0.000308990478515625,0
9155,-0.131103515625,F8,-0.125,F8,-0.125,0.006103515625,0.04655493482309125,3.725290298461914e-05,1
9156,1.207275390625,47,1.21875,47,1.21875,0.011474609375,0.009504550050556117,0.0001316666603088379,1
9157,0.3017578125,13,0.296875,13,0.296875,0.0048828125,0.016181229773462782,2.384185791015625e-05,1
9158,-1.0625,BE,-1.0625,BE,-1.0625,0.0,0.0,0.0,1
9159,1.057861328125,42,1.0625,42,1.0625,0.004638671875,0.0043849526886683594,2.1517276763916016e-05,1
9160,-0.303466796875,ED,-0.296875,EC,-0.3125,0.009033203125,0.029766693483507644,8.159875869750977e-05,0
9161,-0.11083984375,F9,-0.109375,F9,-0.109375,0.00146484375,0.013215859030837005,2.1457672119140625e-06,1
9162,-0.736572265625,D1,-0.734375,D0,-0.75,0.013427734375,0.018230029830957905,0.00018030405044555664,0
9163,-1.076904296875,BE,-1.0625,BE,-1.0625,0.014404296875,0.013375651779641805,0.00020748376846313477,1
9164,0.1455078125,09,0.140625,09,0.140625,0.0048828125,0.03355704697986577,2.384185791015625e-05,1
9165,0.00390625,01,0.015625,00,0.0,0.00390625,1.0,1.52587890625e-05,0
9166,0.235595703125,0F,0.234375,0F,0.234375,0.001220703125,0.0051813471502590676,1.4901161193847656e-06,1
9167,1.24853515625,48,1.25,48,1.25,0.00146484375,0.0011732499022291747,2.1457672119140625e-06,1
9168,-0.026611328125,FE,-0.03125,FF,-0.015625,0.010986328125,0.41284403669724773,0.00012069940567016602,0
9169,-0.07666015625,FB,-0.078125,FC,-0.0625,0.01416015625,0.18471337579617833,0.00020051002502441406,0
9170,-0.495361328125,E0,-0.5,E0,-0.5,0.004638671875,0.009364218827008379,2.1517276763916016e-05,1
9171,-0.807861328125,CC,-0.8125,CD,-0.796875,0.010986328125,0.013599274705349048,0.00012069940567016602,0
9172,-0.105712890625,F9,-0.109375,FA,-0.09375,0.011962890625,0.11316397228637413,0.0001431107521057129,0
9173,-1.4208984375,B3,-1.40625,B2,-1.4375,0.0166015625,0.01168384879725086,0.00027561187744140625,0
9174,0.974853515625,3E,0.96875,3E,0.96875,0.006103515625,0.006260956674179815,3.725290298461914e-05,1
9175,-0.050537109375,FD,-0.046875,FC,-0.0625,0.011962890625,0.23671497584541062,0.0001431107521057129,0
9176,1.040771484375,41,1.03125,41,1.03125,0.009521484375,0.009148486980999296,9.065866470336914e-05,1
9177,1.525146484375,51,1.53125,51,1.53125,0.006103515625,0.00400192092204258,3.725290298461914e-05,1
9178,0.40673828125,1A,0.40625,1B,0.421875,0.01513671875,0.03721488595438175,0.00022912025451660156,0
9179,-0.336669921875,EA,-0.34375,EA,-0.34375,0.007080078125,0.02102973168963017,5.0127506256103516e-05,1
9180,1.420654296875,4D,1.40625,4D,1.40625,0.014404296875,0.010139199175116,0.00020748376846313477,1
9181,-0.606201171875,D9,-0.609375,D8,-0.625,0.018798828125,0.031010873942811115,0.000353395938873291,0
9182,1.196044921875,46,1.1875,46,1.1875,0.008544921875,0.007144315166360482,7.301568984985352e-05,1
9183,0.331787109375,15,0.328125,16,0.34375,0.011962890625,0.036055923473142015,0.0001431107521057129,0
9184,0.317138671875,14,0.3125,14,0.3125,0.004638671875,0.014626635873749037,2.1517276763916016e-05,1
9185,0.884033203125,39,0.890625,39,0.890625,0.006591796875,0.007456503728251864,4.3451786041259766e-05,1
9186,0.44384765625,1C,0.4375,1D,0.453125,0.00927734375,0.020902090209020903,8.606910705566406e-05,0
9187,-0.65771484375,D6,-0.65625,D6,-0.65625,0.00146484375,0.0022271714922048997,2.1457672119140625e-06,1
9188,0.486083984375,1F,0.484375,20,0.5,0.013916015625,0.02862882973380211,0.00019365549087524414,0
9189,0.645751953125,29,0.640625,29,0.640625,0.005126953125,0.007939508506616257,2.6285648345947266e-05,1
9190,-1.15185546875,BB,-1.15625,BB,-1.15625,0.00439453125,0.0038151759220008477,1.9311904907226562e-05,1
9191,-0.1845703125,F4,-0.1875,F4,-0.1875,0.0029296875,0.015873015873015872,8.58306884765625e-06,1
9192,-0.122314453125,F8,-0.125,F7,-0.140625,0.018310546875,0.1497005988023952,0.00033527612686157227,0
9193,0.17529296875,0B,0.171875,0D,0.203125,0.02783203125,0.15877437325905291,0.0007746219635009766,0
9194,-1.560302734375,AE,-1.5625,AE,-1.5625,0.002197265625,0.0014082303238929744,4.827976226806641e-06,1
9195,-1.36474609375,B4,-1.375,B4,-1.375,0.01025390625,0.0075134168157423974,0.00010514259338378906,1
9196,-1.112548828125,BC,-1.125,BC,-1.125,0.012451171875,0.01119157340355497,0.00015503168106079102,1
9197,-0.136962890625,F7,-0.140625,F7,-0.140625,0.003662109375,0.026737967914438502,1.341104507446289e-05,1
9198,1.19921875,46,1.1875,47,1.21875,0.01953125,0.016286644951140065,0.0003814697265625,0
9199,-0.37451171875,E8,-0.375,E8,-0.375,0.00048828125,0.001303780964797914,2.384185791015625e-07,1
9200,-0.6669921875,D5,-0.671875,D4,-0.6875,0.0205078125,0.03074670571010249,0.00042057037353515625,0
9201,-1.039306640625,BF,-1.03125,BF,-1.03125,0.008056640625,0.007751937984496124,6.490945816040039e-05,1
9202,-0.272705078125,EF,-0.265625,EF,-0.265625,0.007080078125,0.025962399283795883,5.0127506256103516e-05,1
9203,0.951171875,3D,0.953125,3C,0.9375,0.013671875,0.014373716632443531,0.000186920166015625,0
9204,0.47607421875,1E,0.46875,1F,0.484375,0.00830078125,0.017435897435897435,6.890296936035156e-05,0
9205,-0.60302734375,D9,-0.609375,D9,-0.609375,0.00634765625,0.010526315789473684,4.029273986816406e-05,1
9206,-2.235595703125,9E,-2.25,9E,-2.25,0.014404296875,0.006443158239598122,0.00020748376846313477,1
9207,0.6962890625,2D,0.703125,2C,0.6875,0.0087890625,0.012622720897615708,7.724761962890625e-05,0
9208,-1.52783203125,AF,-1.53125,B0,-1.5,0.02783203125,0.01821668264621285,0.0007746219635009766,0
9209,-1.712646484375,A9,-1.71875,AA,-1.6875,0.025146484375,0.014682822523164647,0.0006323456764221191,0
9210,0.763427734375,31,0.765625,31,0.765625,0.002197265625,0.002878157978893508,4.827976226806641e-06,1
9211,-0.345458984375,EA,-0.34375,EA,-0.34375,0.001708984375,0.0049469964664310955,2.9206275939941406e-06,1
9212,0.141845703125,09,0.140625,09,0.140625,0.001220703125,0.008605851979345954,1.4901161193847656e-06,1
9213,-0.549072265625,DD,-0.546875,DD,-0.546875,0.002197265625,0.004001778568252557,4.827976226806641e-06,1
9214,0.476318359375,1E,0.46875,1F,0.484375,0.008056640625,0.016914402870322913,6.490945816040039e-05,0
9215,0.15087890625,0A,0.15625,0A,0.15625,0.00537109375,0.03559870550161812,2.8848648071289062e-05,1
9216,0.41845703125,1B,0.421875,1B,0.421875,0.00341796875,0.008168028004667444,1.1682510375976562e-05,1
9217,-0.013916015625,FF,-0.015625,FF,-0.015625,0.001708984375,0.12280701754385964,2.9206275939941406e-06,1
9218,-0.01953125,FF,-0.015625,FF,-0.015625,0.00390625,0.2,1.52587890625e-05,1
9219,-0.68017578125,D4,-0.6875,D6,-0.65625,0.02392578125,0.035175879396984924,0.0005724430084228516,0
9220,0.897705078125,39,0.890625,39,0.890625,0.007080078125,0.007886864291542018,5.0127506256103516e-05,1
9221,-1.28857421875,B7,-1.28125,B6,-1.3125,0.02392578125,0.01856763925729443,0.0005724430084228516,0
9222,0.578857421875,25,0.578125,24,0.5625,0.016357421875,0.02825811893715732,0.0002675652503967285,0
9223,-0.361328125,E9,-0.359375,E9,-0.359375,0.001953125,0.005405405405405406,3.814697265625e-06,1
9224,1.133544921875,44,1.125,44,1.125,0.008544921875,0.007538229592935602,7.301568984985352e-05,1
9225,0.41650390625,1B,0.421875,1C,0.4375,0.02099609375,0.05041031652989449,0.00044083595275878906,0
9226,0.85205078125,37,0.859375,37,0.859375,0.00732421875,0.008595988538681949,5.364418029785156e-05,1
9227,0.711669921875,2E,0.71875,2E,0.71875,0.007080078125,0.009948542024013723,5.0127506256103516e-05,1
9228,-0.041259765625,FD,-0.046875,FE,-0.03125,0.010009765625,0.24260355029585798,0.00010019540786743164,0
9229,1.0224609375,41,1.03125,41,1.03125,0.0087890625,0.008595988538681949,7.724761962890625e-05,1
9230,-0.49462890625,E0,-0.5,E1,-0.484375,0.01025390625,0.02073050345508391,0.00010514259338378906,0
9231,-1.205810546875,B9,-1.21875,B9,-1.21875,0.012939453125,0.010730917189714518,0.00016742944717407227,1
9232,-1.257568359375,B8,-1.25,B8,-1.25,0.007568359375,0.006018248883711901,5.728006362915039e-05,1
9233,0.305419921875,14,0.3125,13,0.296875,0.008544921875,0.027977617905675458,7.301568984985352e-05,0
9234,-0.1015625,FA,-0.09375,FA,-0.09375,0.0078125,0.07692307692307693,6.103515625e-05,1
9235,1.299560546875,4A,1.3125,4A,1.3125,0.012939453125,0.009956791283111027,0.00016742944717407227,1
9236,-0.0703125,FC,-0.0625,FB,-0.078125,0.0078125,0.1111111111111111,6.103515625e-05,0
9237,-0.8876953125,C7,-0.890625,C7,-0.890625,0.0029296875,0.0033003300330033004,8.58306884765625e-06,1
9238,2.76953125,66,2.75,66,2.75,0.01953125,0.007052186177715092,0.0003814697265625,1
9239,-0.466552734375,E2,-0.46875,E2,-0.46875,0.002197265625,0.004709576138147566,4.827976226806641e-06,1
9240,0.9306640625,3C,0.9375,3C,0.9375,0.0068359375,0.007345225603357817,4.673004150390625e-05,1
9241,-1.851806640625,A5,-1.84375,A5,-1.84375,0.008056640625,0.004350692155570204,6.490945816040039e-05,1
9242,-0.61962890625,D8,-0.625,D8,-0.625,0.00537109375,0.008668242710795903,2.8848648071289062e-05,1
9243,1.063232421875,42,1.0625,42,1.0625,0.000732421875,0.0006888633754305396,5.364418029785156e-07,1
9244,-1.11865234375,BC,-1.125,BC,-1.125,0.00634765625,0.005674378000872981,4.029273986816406e-05,1
9245,-0.622314453125,D8,-0.625,D8,-0.625,0.002685546875,0.004315417810906237,7.212162017822266e-06,1
9246,1.32666015625,4A,1.3125,4A,1.3125,0.01416015625,0.010673536989326464,0.00020051002502441406,1
9247,-0.292724609375,ED,-0.296875,ED,-0.296875,0.004150390625,0.014178482068390326,1.722574234008789e-05,1
9248,1.03564453125,41,1.03125,42,1.0625,0.02685546875,0.02593116454502593,0.0007212162017822266,0
9249,-1.6123046875,AC,-1.625,AC,-1.625,0.0126953125,0.007874015748031496,0.00016117095947265625,1
9250,0.122314453125,08,0.125,08,0.125,0.002685546875,0.021956087824351298,7.212162017822266e-06,1
9251,-1.564208984375,AE,-1.5625,AE,-1.5625,0.001708984375,0.0010925550179491181,2.9206275939941406e-06,1
9252,-0.864013671875,C9,-0.859375,C9,-0.859375,0.004638671875,0.005368748233964397,2.1517276763916016e-05,1
9253,0.356201171875,17,0.359375,17,0.359375,0.003173828125,0.008910212474297465,1.0073184967041016e-05,1
9254,0.716064453125,2E,0.71875,2F,0.734375,0.018310546875,0.02557108762359359,0.00033527612686157227,0
9255,-0.04443359375,FD,-0.046875,FE,-0.03125,0.01318359375,0.2967032967032967,0.00017380714416503906,0
9256,0.117431640625,08,0.125,08,0.125,0.007568359375,0.06444906444906445,5.728006362915039e-05,1
9257,0.45947265625,1D,0.453125,1D,0.453125,0.00634765625,0.01381509032943677,4.029273986816406e-05,1
9258,-0.579345703125,DB,-0.578125,DC,-0.5625,0.016845703125,0.029077117572692796,0.00028377771377563477,0
9259,0.48095703125,1F,0.484375,20,0.5,0.01904296875,0.03959390862944162,0.00036263465881347656,0
9260,-0.9462890625,C3,-0.953125,C3,-0.953125,0.0068359375,0.007223942208462332,4.673004150390625e-05,1
9261,-0.49853515625,E0,-0.5,E0,-0.5,0.00146484375,0.002938295788442703,2.1457672119140625e-06,1
9262,-1.884033203125,A4,-1.875,A4,-1.875,0.009033203125,0.00479460930413373,8.159875869750977e-05,1
9263,-0.27001953125,EF,-0.265625,F0,-0.25,0.02001953125,0.07414104882459313,0.00040078163146972656,0
9264,-0.313232421875,EC,-0.3125,EC,-0.3125,0.000732421875,0.002338269680436477,5.364418029785156e-07,1
9265,0.46142578125,1E,0.46875,1E,0.46875,0.00732421875,0.015873015873015872,5.364418029785156e-05,1
9266,-0.995361328125,C0,-1.0,C0,-1.0,0.004638671875,0.004660289428501349,2.1517276763916016e-05,1
9267,-1.178466796875,BA,-1.1875,BA,-1.1875,0.009033203125,0.007665216490573856,8.159875869750977e-05,1
9268,0.158935546875,0A,0.15625,0A,0.15625,0.002685546875,0.016897081413210446,7.212162017822266e-06,1
9269,-0.335205078125,EB,-0.328125,EB,-0.328125,0.007080078125,0.02112163146394756,5.0127506256103516e-05,1
9270,1.984375,60,2.0,60,2.0,0.015625,0.007874015748031496,0.000244140625,1
9271,-0.073974609375,FB,-0.078125,FA,-0.09375,0.019775390625,0.26732673267326734,0.0003910660743713379,0
9272,0.86181640625,37,0.859375,37,0.859375,0.00244140625,0.0028328611898017,5.9604644775390625e-06,1
9273,0.6611328125,2A,0.65625,2A,0.65625,0.0048828125,0.007385524372230428,2.384185791015625e-05,1
9274,-0.673583984375,D5,-0.671875,D5,-0.671875,0.001708984375,0.0025371511417180137,2.9206275939941406e-06,1
9275,-1.226318359375,B9,-1.21875,B8,-1.25,0.023681640625,0.01931116862432809,0.0005608201026916504,0
9276,-1.36669921875,B4,-1.375,B4,-1.375,0.00830078125,0.006073597713469096,6.890296936035156e-05,1
9277,-1.325927734375,B6,-1.3125,B6,-1.3125,0.013427734375,0.010127048425704291,0.00018030405044555664,1
9278,0.06884765625,04,0.0625,06,0.09375,0.02490234375,0.3617021276595745,0.0006201267242431641,0
9279,1.0439453125,41,1.03125,42,1.0625,0.0185546875,0.01777362020579981,0.00034427642822265625,0
9280,0.69775390625,2D,0.703125,2C,0.6875,0.01025390625,0.01469559132260322,0.00010514259338378906,0
9281,0.722412109375,2E,0.71875,2F,0.734375,0.011962890625,0.016559648529908752,0.0001431107521057129,0
9282,0.927978515625,3B,0.921875,3C,0.9375,0.009521484375,0.010260457774269928,9.065866470336914e-05,0
9283,0.306396484375,14,0.3125,14,0.3125,0.006103515625,0.0199203187250996,3.725290298461914e-05,1
9284,0.44580078125,1D,0.453125,1D,0.453125,0.00732421875,0.01642935377875137,5.364418029785156e-05,1
9285,-0.7568359375,D0,-0.75,CF,-0.765625,0.0087890625,0.011612903225806452,7.724761962890625e-05,0
9286,-0.5888671875,DA,-0.59375,DB,-0.578125,0.0107421875,0.01824212271973466,0.00011539459228515625,0
9287,-1.520263671875,AF,-1.53125,B0,-1.5,0.020263671875,0.013329050907339008,0.000410616397857666,0
9288,0.065673828125,04,0.0625,05,0.078125,0.012451171875,0.1895910780669145,0.00015503168106079102,0
9289,-0.88330078125,C7,-0.890625,C7,-0.890625,0.00732421875,0.008291873963515755,5.364418029785156e-05,1
9290,0.919189453125,3B,0.921875,3C,0.9375,0.018310546875,0.0199203187250996,0.00033527612686157227,0
9291,-0.677978515625,D5,-0.671875,D4,-0.6875,0.009521484375,0.014043932301044292,9.065866470336914e-05,0
9292,-0.863037109375,C9,-0.859375,C8,-0.875,0.011962890625,0.013861386138613862,0.0001431107521057129,0
9293,-0.531982421875,DE,-0.53125,DE,-0.53125,0.000732421875,0.0013767783386874712,5.364418029785156e-07,1
9294,-1.53515625,AF,-1.53125,AF,-1.53125,0.00390625,0.002544529262086514,1.52587890625e-05,1
9295,0.630859375,28,0.625,28,0.625,0.005859375,0.009287925696594427,3.4332275390625e-05,1
9296,0.447021484375,1D,0.453125,1C,0.4375,0.009521484375,0.0212998361551065,9.065866470336914e-05,0
9297,0.1494140625,0A,0.15625,08,0.125,0.0244140625,0.16339869281045752,0.0005960464477539062,0
9298,-1.108154296875,BD,-1.09375,BC,-1.125,0.016845703125,0.01520158625247852,0.00028377771377563477,0
9299,0.244873046875,10,0.25,0F,0.234375,0.010498046875,0.04287138584247258,0.00011020898818969727,0
9300,-0.121826171875,F8,-0.125,F8,-0.125,0.003173828125,0.026052104208416832,1.0073184967041016e-05,1
9301,-0.048583984375,FD,-0.046875,FE,-0.03125,0.017333984375,0.35678391959798994,0.00030046701431274414,0
9302,-0.260986328125,EF,-0.265625,F0,-0.25,0.010986328125,0.042095416276894296,0.00012069940567016602,0
9303,0.343017578125,16,0.34375,16,0.34375,0.000732421875,0.002135231316725979,5.364418029785156e-07,1
9304,-0.157470703125,F6,-0.15625,F7,-0.140625,0.016845703125,0.10697674418604651,0.00028377771377563477,0
9305,0.07470703125,05,0.078125,04,0.0625,0.01220703125,0.16339869281045752,0.00014901161193847656,0
9306,-0.927978515625,C5,-0.921875,C4,-0.9375,0.009521484375,0.010260457774269928,9.065866470336914e-05,0
9307,1.1259765625,44,1.125,44,1.125,0.0009765625,0.0008673026886383347,9.5367431640625e-07,1
9308,0.546142578125,23,0.546875,23,0.546875,0.000732421875,0.0013410818059901655,5.364418029785156e-07,1
9309,0.0810546875,05,0.078125,05,0.078125,0.0029296875,0.03614457831325301,8.58306884765625e-06,1
9310,-0.2666015625,EF,-0.265625,EF,-0.265625,0.0009765625,0.003663003663003663,9.5367431640625e-07,1
9311,-1.231201171875,B9,-1.21875,B8,-1.25,0.018798828125,0.015268689272258577,0.000353395938873291,0
9312,-0.773681640625,CE,-0.78125,CF,-0.765625,0.008056640625,0.01041337961502051,6.490945816040039e-05,0
9313,-1.245361328125,B8,-1.25,B8,-1.25,0.004638671875,0.003724759851009606,2.1517276763916016e-05,1
9314,1.17578125,46,1.1875,46,1.1875,0.01171875,0.009966777408637873,0.0001373291015625,1
9315,1.18017578125,46,1.1875,46,1.1875,0.00732421875,0.006206040546131568,5.364418029785156e-05,1
9316,1.32373046875,4A,1.3125,4B,1.34375,0.02001953125,0.015123570638140908,0.00040078163146972656,0
9317,1.209228515625,47,1.21875,46,1.1875,0.021728515625,0.01796890773268726,0.00047212839126586914,0
9318,-0.779052734375,CE,-0.78125,CD,-0.796875,0.017822265625,0.02287684111563773,0.00031763315200805664,0
9319,1.027587890625,41,1.03125,41,1.03125,0.003662109375,0.003563791874554526,1.341104507446289e-05,1
9320,0.0224609375,01,0.015625,01,0.015625,0.0068359375,0.30434782608695654,4.673004150390625e-05,1
9321,-0.1611328125,F6,-0.15625,F5,-0.171875,0.0107421875,0.06666666666666667,0.00011539459228515625,0
9322,0.220947265625,0E,0.21875,0E,0.21875,0.002197265625,0.009944751381215469,4.827976226806641e-06,1
9323,-0.03955078125,FD,-0.046875,FD,-0.046875,0.00732421875,0.18518518518518517,5.364418029785156e-05,1
9324,-0.8916015625,C7,-0.890625,C7,-0.890625,0.0009765625,0.001095290251916758,9.5367431640625e-07,1
9325,-0.2529296875,F0,-0.25,EF,-0.265625,0.0126953125,0.05019305019305019,0.00016117095947265625,0
9326,-0.825927734375,CB,-0.828125,CC,-0.8125,0.013427734375,0.0162577593851611,0.00018030405044555664,0
9327,0.0712890625,05,0.078125,05,0.078125,0.0068359375,0.0958904109589041,4.673004150390625e-05,1
9328,-0.31640625,EC,-0.3125,EC,-0.3125,0.00390625,0.012345679012345678,1.52587890625e-05,1
9329,0.20361328125,0D,0.203125,0E,0.21875,0.01513671875,0.07434052757793765,0.00022912025451660156,0
9330,0.626708984375,28,0.625,28,0.625,0.001708984375,0.0027269185820023374,2.9206275939941406e-06,1
9331,-0.503173828125,E0,-0.5,DF,-0.515625,0.012451171875,0.024745269286754003,0.00015503168106079102,0
9332,-1.068115234375,BE,-1.0625,BE,-1.0625,0.005615234375,0.005257142857142857,3.153085708618164e-05,1
9333,0.541015625,23,0.546875,22,0.53125,0.009765625,0.018050541516245487,9.5367431640625e-05,0
9334,0.531494140625,22,0.53125,22,0.53125,0.000244140625,0.00045934772622875517,5.960464477539063e-08,1
9335,0.013671875,01,0.015625,02,0.03125,0.017578125,1.2857142857142858,0.000308990478515625,0
9336,0.15185546875,0A,0.15625,0A,0.15625,0.00439453125,0.028938906752411574,1.9311904907226562e-05,1
9337,-0.882568359375,C8,-0.875,CA,-0.84375,0.038818359375,0.04398340248962656,0.0015068650245666504,0
9338,-0.8359375,CA,-0.84375,CA,-0.84375,0.0078125,0.009345794392523364,6.103515625e-05,1
9339,-0.53759765625,DE,-0.53125,DF,-0.515625,0.02197265625,0.04087193460490463,0.00048279762268066406,0
9340,0.39794921875,19,0.390625,19,0.390625,0.00732421875,0.018404907975460124,5.364418029785156e-05,1
9341,-0.568115234375,DC,-0.5625,DB,-0.578125,0.010009765625,0.017619252256123763,0.00010019540786743164,0
9342,-0.69287109375,D4,-0.6875,D4,-0.6875,0.00537109375,0.007751937984496124,2.8848648071289062e-05,1
9343,0.80224609375,33,0.796875,33,0.796875,0.00537109375,0.006695069993913573,2.8848648071289062e-05,1
9344,0.2958984375,13,0.296875,13,0.296875,0.0009765625,0.0033003300330033004,9.5367431640625e-07,1
9345,1.439453125,4E,1.4375,4E,1.4375,0.001953125,0.0013568521031207597,3.814697265625e-06,1
9346,0.114990234375,07,0.109375,08,0.125,0.010009765625,0.0870488322717622,0.00010019540786743164,0
9347,-0.15771484375,F6,-0.15625,F5,-0.171875,0.01416015625,0.08978328173374613,0.00020051002502441406,0
9348,1.494140625,50,1.5,50,1.5,0.005859375,0.00392156862745098,3.4332275390625e-05,1
9349,1.2080078125,47,1.21875,46,1.1875,0.0205078125,0.016976556184316895,0.00042057037353515625,0
9350,-0.221923828125,F2,-0.21875,F2,-0.21875,0.003173828125,0.014301430143014302,1.0073184967041016e-05,1
9351,1.0712890625,42,1.0625,42,1.0625,0.0087890625,0.008204193254329991,7.724761962890625e-05,1
9352,-2.40185546875,9D,-2.375,9D,-2.375,0.02685546875,0.011181134376905875,0.0007212162017822266,1
9353,-0.40771484375,E6,-0.40625,E5,-0.421875,0.01416015625,0.03473053892215569,0.00020051002502441406,0
9354,-1.138427734375,BC,-1.125,BC,-1.125,0.013427734375,0.011794981771391808,0.00018030405044555664,1
9355,-0.78564453125,CE,-0.78125,CD,-0.796875,0.01123046875,0.014294592914853946,0.00012612342834472656,0
9356,0.380615234375,18,0.375,19,0.390625,0.010009765625,0.026298909557408594,0.00010019540786743164,0
9357,-0.462890625,E2,-0.46875,E3,-0.453125,0.009765625,0.02109704641350211,9.5367431640625e-05,0
9358,1.76513671875,58,1.75,59,1.78125,0.01611328125,0.009128630705394191,0.00025963783264160156,0
9359,-0.480712890625,E1,-0.484375,E1,-0.484375,0.003662109375,0.007618080243778568,1.341104507446289e-05,1
9360,-0.2802734375,EE,-0.28125,EF,-0.265625,0.0146484375,0.05226480836236934,0.00021457672119140625,0
9361,-1.519287109375,AF,-1.53125,B0,-1.5,0.019287109375,0.012694841716214045,0.0003719925880432129,0
9362,-1.90576171875,A3,-1.90625,A3,-1.90625,0.00048828125,0.00025621316935690495,2.384185791015625e-07,1
9363,0.3251953125,15,0.328125,15,0.328125,0.0029296875,0.009009009009009009,8.58306884765625e-06,1
9364,0.22119140625,0E,0.21875,0E,0.21875,0.00244140625,0.011037527593818985,5.9604644775390625e-06,1
9365,-0.26416015625,EF,-0.265625,EF,-0.265625,0.00146484375,0.005545286506469501,2.1457672119140625e-06,1
9366,0.757080078125,30,0.75,31,0.765625,0.008544921875,0.011286681715575621,7.301568984985352e-05,0
9367,-0.40234375,E6,-0.40625,E6,-0.40625,0.00390625,0.009708737864077669,1.52587890625e-05,1
9368,1.710693359375,57,1.71875,56,1.6875,0.023193359375,0.013557870700727843,0.0005379319190979004,0
9369,0.065185546875,04,0.0625,04,0.0625,0.002685546875,0.04119850187265917,7.212162017822266e-06,1
9370,0.822265625,35,0.828125,34,0.8125,0.009765625,0.011876484560570071,9.5367431640625e-05,0
9371,1.115234375,44,1.125,44,1.125,0.009765625,0.008756567425569177,9.5367431640625e-05,1
9372,-1.489990234375,B0,-1.5,B0,-1.5,0.010009765625,0.006718007537276749,0.00010019540786743164,1
9373,-0.57861328125,DB,-0.578125,DB,-0.578125,0.00048828125,0.0008438818565400844,2.384185791015625e-07,1
9374,-0.34130859375,EA,-0.34375,EA,-0.34375,0.00244140625,0.00715307582260372,5.9604644775390625e-06,1
9375,0.107177734375,07,0.109375,07,0.109375,0.002197265625,0.02050113895216401,4.827976226806641e-06,1
9376,-0.6142578125,D9,-0.609375,D8,-0.625,0.0107421875,0.017488076311605722,0.00011539459228515625,0
9377,1.096435546875,43,1.09375,43,1.09375,0.002685546875,0.002449343130705856,7.212162017822266e-06,1
9378,-0.1416015625,F7,-0.140625,F8,-0.125,0.0166015625,0.11724137931034483,0.00027561187744140625,0
9379,-0.305908203125,EC,-0.3125,EC,-0.3125,0.006591796875,0.02154828411811652,4.3451786041259766e-05,1
9380,0.083740234375,05,0.078125,05,0.078125,0.005615234375,0.06705539358600583,3.153085708618164e-05,1
9381,1.517333984375,51,1.53125,50,1.5,0.017333984375,0.011423974255832662,0.00030046701431274414,0
9382,-1.294189453125,B7,-1.28125,B7,-1.28125,0.012939453125,0.00999811356347859,0.00016742944717407227,1
9383,-0.2470703125,F0,-0.25,EF,-0.265625,0.0185546875,0.07509881422924901,0.00034427642822265625,0
9384,0.091796875,06,0.09375,06,0.09375,0.001953125,0.02127659574468085,3.814697265625e-06,1
9385,0.79296875,33,0.796875,33,0.796875,0.00390625,0.0049261083743842365,1.52587890625e-05,1
9386,0.21435546875,0E,0.21875,0E,0.21875,0.00439453125,0.02050113895216401,1.9311904907226562e-05,1
9387,-0.621826171875,D8,-0.625,D8,-0.625,0.003173828125,0.005104043973301924,1.0073184967041016e-05,1
9388,-0.43798828125,E4,-0.4375,E5,-0.421875,0.01611328125,0.03678929765886288,0.00025963783264160156,0
9389,1.18505859375,46,1.1875,46,1.1875,0.00244140625,0.0020601565718994645,5.9604644775390625e-06,1
9390,-0.885498046875,C7,-0.890625,C7,-0.890625,0.005126953125,0.005789909015715467,2.6285648345947266e-05,1
9391,0.498291015625,20,0.5,21,0.515625,0.017333984375,0.03478686918177364,0.00030046701431274414,0
9392,0.28125,12,0.28125,12,0.28125,0.0,0.0,0.0,1
9393,-0.37109375,E8,-0.375,E8,-0.375,0.00390625,0.010526315789473684,1.52587890625e-05,1
9394,0.743408203125,30,0.75,2F,0.734375,0.009033203125,0.012151067323481117,8.159875869750977e-05,0
9395,0.544677734375,23,0.546875,23,0.546875,0.002197265625,0.004034065441506051,4.827976226806641e-06,1
9396,0.301025390625,13,0.296875,12,0.28125,0.019775390625,0.06569343065693431,0.0003910660743713379,0
9397,-1.134033203125,BC,-1.125,BC,-1.125,0.009033203125,0.007965554359526372,8.159875869750977e-05,1
9398,0.572021484375,25,0.578125,26,0.59375,0.021728515625,0.03798548868971404,0.00047212839126586914,0
9399,1.076416015625,42,1.0625,43,1.09375,0.017333984375,0.01610342481288274,0.00030046701431274414,0
9400,0.830322265625,35,0.828125,35,0.828125,0.002197265625,0.0026462805057336078,4.827976226806641e-06,1
9401,-1.111328125,BC,-1.125,BC,-1.125,0.013671875,0.012302284710017574,0.000186920166015625,1
9402,0.71337890625,2E,0.71875,2C,0.6875,0.02587890625,0.03627652292950034,0.0006697177886962891,0
9403,1.14794921875,45,1.15625,44,1.125,0.02294921875,0.01999149298170991,0.0005266666412353516,0
9404,-1.203125,BA,-1.1875,BA,-1.1875,0.015625,0.012987012987012988,0.000244140625,1
9405,-0.890380859375,C7,-0.890625,C6,-0.90625,0.015869140625,0.01782286811077598,0.0002518296241760254,0
9406,-0.30615234375,EC,-0.3125,EC,-0.3125,0.00634765625,0.02073365231259968,4.029273986816406e-05,1
9407,1.01904296875,41,1.03125,40,1.0,0.01904296875,0.018687110685194058,0.00036263465881347656,0
9408,1.39892578125,4D,1.40625,4C,1.375,0.02392578125,0.017102966841186736,0.0005724430084228516,0
9409,-0.527099609375,DE,-0.53125,DE,-0.53125,0.004150390625,0.007874015748031496,1.722574234008789e-05,1
9410,0.77001953125,31,0.765625,32,0.78125,0.01123046875,0.014584654407102092,0.00012612342834472656,0
9411,-0.188232421875,F4,-0.1875,F5,-0.171875,0.016357421875,0.08690012970168612,0.0002675652503967285,0
9412,0.416748046875,1B,0.421875,1B,0.421875,0.005126953125,0.012302284710017574,2.6285648345947266e-05,1
9413,0.131103515625,08,0.125,08,0.125,0.006103515625,0.04655493482309125,3.725290298461914e-05,1
9414,1.40478515625,4D,1.40625,4C,1.375,0.02978515625,0.021202641640597843,0.0008871555328369141,0
9415,-1.107421875,BD,-1.09375,BC,-1.125,0.017578125,0.015873015873015872,0.000308990478515625,0
9416,-0.86083984375,C9,-0.859375,C8,-0.875,0.01416015625,0.016449234259784458,0.00020051002502441406,0
9417,1.25390625,48,1.25,48,1.25,0.00390625,0.003115264797507788,1.52587890625e-05,1
9418,0.85107421875,36,0.84375,35,0.828125,0.02294921875,0.026965002868617326,0.0005266666412353516,0
9419,-1.93310546875,A2,-1.9375,A2,-1.9375,0.00439453125,0.0022733013387218996,1.9311904907226562e-05,1
9420,-0.064453125,FC,-0.0625,FC,-0.0625,0.001953125,0.030303030303030304,3.814697265625e-06,1
9421,-0.107421875,F9,-0.109375,F9,-0.109375,0.001953125,0.01818181818181818,3.814697265625e-06,1
9422,0.732421875,2F,0.734375,2F,0.734375,0.001953125,0.0026666666666666666,3.814697265625e-06,1
9423,-0.3447265625,EA,-0.34375,EB,-0.328125,0.0166015625,0.04815864022662889,0.00027561187744140625,0
9424,0.7451171875,30,0.75,2F,0.734375,0.0107421875,0.014416775884665793,0.00011539459228515625,0
9425,-0.91162109375,C6,-0.90625,C5,-0.921875,0.01025390625,0.011247991430101767,0.00010514259338378906,0
9426,-0.325439453125,EB,-0.328125,EC,-0.3125,0.012939453125,0.03975993998499625,0.00016742944717407227,0
9427,0.153564453125,0A,0.15625,0A,0.15625,0.002685546875,0.017488076311605722,7.212162017822266e-06,1
9428,-0.39990234375,E6,-0.40625,E7,-0.390625,0.00927734375,0.0231990231990232,8.606910705566406e-05,0
9429,1.76806640625,59,1.78125,58,1.75,0.01806640625,0.010218171775752554,0.00032639503479003906,0
9430,0.657470703125,2A,0.65625,2A,0.65625,0.001220703125,0.001856665428889714,1.4901161193847656e-06,1
9431,-0.413818359375,E6,-0.40625,E5,-0.421875,0.008056640625,0.019469026548672566,6.490945816040039e-05,0
9432,-0.0546875,FC,-0.0625,FC,-0.0625,0.0078125,0.14285714285714285,6.103515625e-05,1
9433,0.39404296875,19,0.390625,19,0.390625,0.00341796875,0.008674101610904586,1.1682510375976562e-05,1
9434,-0.87451171875,C8,-0.875,C8,-0.875,0.00048828125,0.0005583472920156337,2.384185791015625e-07,1
9435,0.034912109375,02,0.03125,02,0.03125,0.003662109375,0.1048951048951049,1.341104507446289e-05,1
9436,0.471923828125,1E,0.46875,1D,0.453125,0.018798828125,0.03983445421624418,0.000353395938873291,0
9437,0.14599609375,09,0.140625,09,0.140625,0.00537109375,0.03678929765886288,2.8848648071289062e-05,1
9438,0.534423828125,22,0.53125,23,0.546875,0.012451171875,0.023298309730470534,0.00015503168106079102,0
9439,1.16162109375,45,1.15625,45,1.15625,0.00537109375,0.004623791509037411,2.8848648071289062e-05,1
9440,-1.0634765625,BE,-1.0625,BE,-1.0625,0.0009765625,0.0009182736455463728,9.5367431640625e-07,1
9441,1.345458984375,4B,1.34375,4C,1.375,0.029541015625,0.021956087824351298,0.0008726716041564941,0
9442,-0.24072265625,F1,-0.234375,F0,-0.25,0.00927734375,0.038539553752535496,8.606910705566406e-05,0
9443,0.65185546875,2A,0.65625,29,0.640625,0.01123046875,0.017228464419475654,0.00012612342834472656,0
9444,-0.7490234375,D0,-0.75,D1,-0.734375,0.0146484375,0.01955671447196871,0.00021457672119140625,0
9445,-0.274169921875,EE,-0.28125,EF,-0.265625,0.008544921875,0.031166518254674976,7.301568984985352e-05,0
9446,-0.913818359375,C6,-0.90625,C5,-0.921875,0.008056640625,0.008816457387122629,6.490945816040039e-05,0
9447,-0.5517578125,DD,-0.546875,DD,-0.546875,0.0048828125,0.008849557522123894,2.384185791015625e-05,1
9448,0.227783203125,0F,0.234375,0E,0.21875,0.009033203125,0.03965702036441586,8.159875869750977e-05,0
9449,-0.40478515625,E6,-0.40625,E6,-0.40625,0.00146484375,0.0036188178528347406,2.1457672119140625e-06,1
9450,-0.241943359375,F1,-0.234375,F0,-0.25,0.008056640625,0.033299697275479316,6.490945816040039e-05,0
9451,-1.04931640625,BE,-1.0625,BE,-1.0625,0.01318359375,0.012563983248022336,0.00017380714416503906,1
9452,1.520751953125,51,1.53125,50,1.5,0.020751953125,0.013645850056188794,0.00043064355850219727,0
9453,1.7783203125,59,1.78125,59,1.78125,0.0029296875,0.0016474464579901153,8.58306884765625e-06,1
9454,-0.464111328125,E2,-0.46875,E2,-0.46875,0.004638671875,0.009994739610731194,2.1517276763916016e-05,1
9455,0.994384765625,40,1.0,3F,0.984375,0.010009765625,0.010066290203780998,0.00010019540786743164,0
9456,0.821044921875,35,0.828125,35,0.828125,0.007080078125,0.008623253047873923,5.0127506256103516e-05,1
9457,-0.802734375,CD,-0.796875,CC,-0.8125,0.009765625,0.012165450121654502,9.5367431640625e-05,0
9458,-0.67236328125,D5,-0.671875,D5,-0.671875,0.00048828125,0.0007262164124909223,2.384185791015625e-07,1
9459,0.218017578125,0E,0.21875,0E,0.21875,0.000732421875,0.0033594624860022394,5.364418029785156e-07,1
9460,0.4384765625,1C,0.4375,1D,0.453125,0.0146484375,0.0334075723830735,0.00021457672119140625,0
9461,0.7265625,2E,0.71875,2F,0.734375,0.0078125,0.010752688172043012,6.103515625e-05,0
9462,-0.245361328125,F0,-0.25,F0,-0.25,0.004638671875,0.01890547263681592,2.1517276763916016e-05,1
9463,-1.350830078125,B5,-1.34375,B4,-1.375,0.024169921875,0.017892644135188866,0.0005841851234436035,0
9464,-0.307373046875,EC,-0.3125,EC,-0.3125,0.005126953125,0.016679904686258934,2.6285648345947266e-05,1
9465,-0.854736328125,C9,-0.859375,C9,-0.859375,0.004638671875,0.005427020851185376,2.1517276763916016e-05,1
9466,-0.46875,E2,-0.46875,E1,-0.484375,0.015625,0.03333333333333333,0.000244140625,0
9467,0.584228515625,25,0.578125,25,0.578125,0.006103515625,0.010447137484329294,3.725290298461914e-05,1
9468,0.407958984375,1A,0.40625,19,0.390625,0.017333984375,0.04248952722920407,0.00030046701431274414,0
9469,-0.81982421875,CC,-0.8125,CC,-0.8125,0.00732421875,0.008933889219773675,5.364418029785156e-05,1
9470,0.63232421875,28,0.625,27,0.609375,0.02294921875,0.036293436293436294,0.0005266666412353516,0
9471,-0.088623046875,FA,-0.09375,FA,-0.09375,0.005126953125,0.05785123966942149,2.6285648345947266e-05,1
9472,-0.13134765625,F8,-0.125,F8,-0.125,0.00634765625,0.048327137546468404,4.029273986816406e-05,1
9473,-0.185546875,F4,-0.1875,F4,-0.1875,0.001953125,0.010526315789473684,3.814697265625e-06,1
9474,0.6201171875,28,0.625,27,0.609375,0.0107421875,0.01732283464566929,0.00011539459228515625,0
9475,0.231201171875,0F,0.234375,0F,0.234375,0.003173828125,0.013727560718057022,1.0073184967041016e-05,1
9476,-1.58642578125,AD,-1.59375,AE,-1.5625,0.02392578125,0.015081563558017852,0.0005724430084228516,0
9477,-0.907958984375,C6,-0.90625,C6,-0.90625,0.001708984375,0.0018822264049475664,2.9206275939941406e-06,1
9478,-0.909912109375,C6,-0.90625,C5,-0.921875,0.011962890625,0.01314730346122887,0.0001431107521057129,0
9479,0.600830078125,26,0.59375,26,0.59375,0.007080078125,0.011783827712312069,5.0127506256103516e-05,1
9480,1.216796875,47,1.21875,47,1.21875,0.001953125,0.0016051364365971107,3.814697265625e-06,1
9481,-0.432373046875,E4,-0.4375,E4,-0.4375,0.005126953125,0.011857707509881422,2.6285648345947266e-05,1
9482,-0.39404296875,E7,-0.390625,E6,-0.40625,0.01220703125,0.030978934324659233,0.00014901161193847656,0
9483,0.775390625,32,0.78125,31,0.765625,0.009765625,0.012594458438287154,9.5367431640625e-05,0
9484,0.435546875,1C,0.4375,1C,0.4375,0.001953125,0.004484304932735426,3.814697265625e-06,1
9485,0.73388671875,2F,0.734375,2F,0.734375,0.00048828125,0.0006653359946773121,2.384185791015625e-07,1
9486,0.003173828125,01,0.015625,00,0.0,0.003173828125,1.0,1.0073184967041016e-05,0
9487,0.699462890625,2D,0.703125,2D,0.703125,0.003662109375,0.005235602094240838,1.341104507446289e-05,1
9488,-0.48486328125,E1,-0.484375,E1,-0.484375,0.00048828125,0.0010070493454179255,2.384185791015625e-07,1
9489,-0.94384765625,C4,-0.9375,C3,-0.953125,0.00927734375,0.00982928091050181,8.606910705566406e-05,0
9490,0.982666015625,3F,0.984375,3E,0.96875,0.013916015625,0.014161490683229814,0.00019365549087524414,0
9491,0.080078125,05,0.078125,05,0.078125,0.001953125,0.024390243902439025,3.814697265625e-06,1
9492,-0.451416015625,E3,-0.453125,E3,-0.453125,0.001708984375,0.0037858301784748512,2.9206275939941406e-06,1
9493,0.126953125,08,0.125,08,0.125,0.001953125,0.015384615384615385,3.814697265625e-06,1
9494,-1.893798828125,A3,-1.90625,A4,-1.875,0.018798828125,0.009926517983756607,0.000353395938873291,0
9495,1.820068359375,5A,1.8125,5A,1.8125,0.007568359375,0.004158283031522468,5.728006362915039e-05,1
9496,1.22412109375,47,1.21875,48,1.25,0.02587890625,0.02114080574391703,0.0006697177886962891,0
9497,-1.7333984375,A9,-1.71875,A8,-1.75,0.0166015625,0.009577464788732394,0.00027561187744140625,0
9498,0.596435546875,26,0.59375,26,0.59375,0.002685546875,0.0045026606631191155,7.212162017822266e-06,1
9499,0.31201171875,14,0.3125,13,0.296875,0.01513671875,0.048513302034428794,0.00022912025451660156,0
9500,0.515625,21,0.515625,21,0.515625,0.0,0.0,0.0,1
9501,0.10400390625,07,0.109375,06,0.09375,0.01025390625,0.09859154929577464,0.00010514259338378906,0
9502,0.228271484375,0F,0.234375,0F,0.234375,0.006103515625,0.026737967914438502,3.725290298461914e-05,1
9503,-1.20751953125,B9,-1.21875,BA,-1.1875,0.02001953125,0.016579053780832995,0.00040078163146972656,0
9504,-1.822998046875,A6,-1.8125,A6,-1.8125,0.010498046875,0.005758671487880005,0.00011020898818969727,1
9505,-0.15771484375,F6,-0.15625,F6,-0.15625,0.00146484375,0.009287925696594427,2.1457672119140625e-06,1
9506,-1.251953125,B8,-1.25,B8,-1.25,0.001953125,0.0015600624024961,3.814697265625e-06,1
9507,-0.345703125,EA,-0.34375,EA,-0.34375,0.001953125,0.005649717514124294,3.814697265625e-06,1
9508,0.201171875,0D,0.203125,0D,0.203125,0.001953125,0.009708737864077669,3.814697265625e-06,1
9509,-1.36572265625,B4,-1.375,B4,-1.375,0.00927734375,0.006792992491955667,8.606910705566406e-05,1
9510,-0.6298828125,D8,-0.625,D7,-0.640625,0.0107421875,0.017054263565891473,0.00011539459228515625,0
9511,-1.083740234375,BD,-1.09375,BD,-1.09375,0.010009765625,0.009236314485244425,0.00010019540786743164,1
9512,-0.815185546875,CC,-0.8125,CC,-0.8125,0.002685546875,0.0032943995208146153,7.212162017822266e-06,1
9513,-0.82666015625,CB,-0.828125,CB,-0.828125,0.00146484375,0.0017720023626698169,2.1457672119140625e-06,1
9514,1.258056640625,48,1.25,48,1.25,0.008056640625,0.0064040364836017855,6.490945816040039e-05,1
9515,0.619873046875,28,0.625,28,0.625,0.005126953125,0.008270972823946435,2.6285648345947266e-05,1
9516,0.166015625,0B,0.171875,0B,0.171875,0.005859375,0.03529411764705882,3.4332275390625e-05,1
9517,-0.7138671875,D2,-0.71875,D2,-0.71875,0.0048828125,0.006839945280437756,2.384185791015625e-05,1
9518,0.31591796875,14,0.3125,15,0.328125,0.01220703125,0.03863987635239567,0.00014901161193847656,0
9519,0.129150390625,08,0.125,08,0.125,0.004150390625,0.03213610586011342,1.722574234008789e-05,1
9520,0.47412109375,1E,0.46875,1F,0.484375,0.01025390625,0.021627188465499485,0.00010514259338378906,0
9521,0.21533203125,0E,0.21875,0E,0.21875,0.00341796875,0.015873015873015872,1.1682510375976562e-05,1
9522,0.071533203125,05,0.078125,05,0.078125,0.006591796875,0.09215017064846416,4.3451786041259766e-05,1
9523,0.59033203125,26,0.59375,26,0.59375,0.00341796875,0.005789909015715467,1.1682510375976562e-05,1
9524,-1.0185546875,BF,-1.03125,BF,-1.03125,0.0126953125,0.012464046021093002,0.00016117095947265625,1
9525,-0.006103515625,FF,-0.015625,FF,-0.015625,0.009521484375,1.56,9.065866470336914e-05,1
9526,0.087158203125,06,0.09375,07,0.109375,0.022216796875,0.2549019607843137,0.0004935860633850098,0
9527,0.657470703125,2A,0.65625,2A,0.65625,0.001220703125,0.001856665428889714,1.4901161193847656e-06,1
9528,-0.389892578125,E7,-0.390625,E7,-0.390625,0.000732421875,0.001878522229179712,5.364418029785156e-07,1
9529,-0.28076171875,EE,-0.28125,ED,-0.296875,0.01611328125,0.057391304347826085,0.00025963783264160156,0
9530,-0.0498046875,FD,-0.046875,FD,-0.046875,0.0029296875,0.058823529411764705,8.58306884765625e-06,1
9531,0.700439453125,2D,0.703125,2D,0.703125,0.002685546875,0.0038340885325897525,7.212162017822266e-06,1
9532,0.2783203125,12,0.28125,12,0.28125,0.0029296875,0.010526315789473684,8.58306884765625e-06,1
9533,1.05615234375,42,1.0625,42,1.0625,0.00634765625,0.006010171058714748,4.029273986816406e-05,1
9534,0.69482421875,2C,0.6875,2D,0.703125,0.00830078125,0.011946591707659873,6.890296936035156e-05,0
9535,-1.3173828125,B6,-1.3125,B7,-1.28125,0.0361328125,0.02742772424017791,0.0013055801391601562,0
9536,-0.40869140625,E6,-0.40625,E6,-0.40625,0.00244140625,0.005973715651135006,5.9604644775390625e-06,1
9537,0.107177734375,07,0.109375,07,0.109375,0.002197265625,0.02050113895216401,4.827976226806641e-06,1
9538,-0.16650390625,F5,-0.171875,F5,-0.171875,0.00537109375,0.03225806451612903,2.8848648071289062e-05,1
9539,-0.951904296875,C3,-0.953125,C4,-0.9375,0.014404296875,0.015132085150038471,0.00020748376846313477,0
9540,1.50732421875,50,1.5,50,1.5,0.00732421875,0.004859086491739553,5.364418029785156e-05,1
9541,0.92578125,3B,0.921875,3C,0.9375,0.01171875,0.012658227848101266,0.0001373291015625,0
9542,0.031982421875,02,0.03125,03,0.046875,0.014892578125,0.46564885496183206,0.00022178888320922852,0
9543,0.4677734375,1E,0.46875,1E,0.46875,0.0009765625,0.0020876826722338203,9.5367431640625e-07,1
9544,0.4990234375,20,0.5,20,0.5,0.0009765625,0.0019569471624266144,9.5367431640625e-07,1
9545,-0.7861328125,CE,-0.78125,CE,-0.78125,0.0048828125,0.006211180124223602,2.384185791015625e-05,1
9546,0.34033203125,16,0.34375,16,0.34375,0.00341796875,0.010043041606886656,1.1682510375976562e-05,1
9547,-0.708740234375,D3,-0.703125,D2,-0.71875,0.010009765625,0.014123320702721322,0.00010019540786743164,0
9548,1.049560546875,42,1.0625,42,1.0625,0.012939453125,0.012328448476389859,0.00016742944717407227,1
9549,-0.042724609375,FD,-0.046875,FE,-0.03125,0.011474609375,0.26857142857142857,0.0001316666603088379,0
9550,0.081298828125,05,0.078125,06,0.09375,0.012451171875,0.15315315315315314,0.00015503168106079102,0
9551,0.740234375,2F,0.734375,30,0.75,0.009765625,0.013192612137203167,9.5367431640625e-05,0
9552,1.23388671875,47,1.21875,48,1.25,0.01611328125,0.013058963197467353,0.00025963783264160156,0
9553,0.027587890625,02,0.03125,01,0.015625,0.011962890625,0.4336283185840708,0.0001431107521057129,0
9554,0.260009765625,11,0.265625,11,0.265625,0.005615234375,0.0215962441314554,3.153085708618164e-05,1
9555,0.044921875,03,0.046875,04,0.0625,0.017578125,0.391304347826087,0.000308990478515625,0
9556,-1.200927734375,BA,-1.1875,B9,-1.21875,0.017822265625,0.014840414718438708,0.00031763315200805664,0
9557,1.360595703125,4C,1.375,4C,1.375,0.014404296875,0.010586757581195047,0.00020748376846313477,1
9558,0.987548828125,3F,0.984375,3F,0.984375,0.003173828125,0.0032138442521631645,1.0073184967041016e-05,1
9559,0.802001953125,33,0.796875,34,0.8125,0.010498046875,0.013089802130898021,0.00011020898818969727,0
9560,0.1142578125,07,0.109375,06,0.09375,0.0205078125,0.1794871794871795,0.00042057037353515625,0
9561,0.134765625,09,0.140625,08,0.125,0.009765625,0.07246376811594203,9.5367431640625e-05,0
9562,1.1015625,43,1.09375,44,1.125,0.0234375,0.02127659574468085,0.00054931640625,0
9563,1.906005859375,5D,1.90625,5E,1.9375,0.031494140625,0.016523632637376714,0.0009918808937072754,0
9564,-0.33935546875,EA,-0.34375,EB,-0.328125,0.01123046875,0.033093525179856115,0.00012612342834472656,0
9565,0.80712890625,34,0.8125,34,0.8125,0.00537109375,0.006654567453115548,2.8848648071289062e-05,1
9566,0.576416015625,25,0.578125,24,0.5625,0.013916015625,0.0241423125794155,0.00019365549087524414,0
9567,-0.6953125,D4,-0.6875,D3,-0.703125,0.0078125,0.011235955056179775,6.103515625e-05,0
9568,-0.752685546875,D0,-0.75,D0,-0.75,0.002685546875,0.0035679532922478106,7.212162017822266e-06,1
9569,0.323974609375,15,0.328125,14,0.3125,0.011474609375,0.03541823662396383,0.0001316666603088379,0
9570,1.445068359375,4E,1.4375,4E,1.4375,0.007568359375,0.005237371177563777,5.728006362915039e-05,1
9571,-1.439208984375,B2,-1.4375,B2,-1.4375,0.001708984375,0.0011874469889737065,2.9206275939941406e-06,1
9572,0.8056640625,34,0.8125,34,0.8125,0.0068359375,0.008484848484848486,4.673004150390625e-05,1
9573,1.261962890625,48,1.25,49,1.28125,0.019287109375,0.015283420390791256,0.0003719925880432129,0
9574,1.059326171875,42,1.0625,42,1.0625,0.003173828125,0.0029960820465545056,1.0073184967041016e-05,1
9575,0.0146484375,01,0.015625,01,0.015625,0.0009765625,0.06666666666666667,9.5367431640625e-07,1
9576,1.28759765625,49,1.28125,49,1.28125,0.00634765625,0.004929844520288207,4.029273986816406e-05,1
9577,1.45849609375,4F,1.46875,4F,1.46875,0.01025390625,0.007030465349849347,0.00010514259338378906,1
9578,-1.31494140625,B6,-1.3125,B6,-1.3125,0.00244140625,0.001856665428889714,5.9604644775390625e-06,1
9579,-0.522216796875,DF,-0.515625,DF,-0.515625,0.006591796875,0.012622720897615708,4.3451786041259766e-05,1
9580,1.547607421875,52,1.5625,52,1.5625,0.014892578125,0.009622968922542987,0.00022178888320922852,1
9581,0.10009765625,06,0.09375,07,0.109375,0.00927734375,0.09268292682926829,8.606910705566406e-05,0
9582,1.214599609375,47,1.21875,46,1.1875,0.027099609375,0.022311557788944725,0.0007343888282775879,0
9583,-1.02587890625,BF,-1.03125,C0,-1.0,0.02587890625,0.025226082817705855,0.0006697177886962891,0
9584,-0.074951171875,FB,-0.078125,FA,-0.09375,0.018798828125,0.250814332247557,0.000353395938873291,0
9585,-0.00244140625,FF,-0.015625,00,0.0,0.00244140625,1.0,5.9604644775390625e-06,0
9586,-0.124267578125,F8,-0.125,F9,-0.109375,0.014892578125,0.11984282907662082,0.00022178888320922852,0
9587,-0.8427734375,CA,-0.84375,CA,-0.84375,0.0009765625,0.0011587485515643105,9.5367431640625e-07,1
9588,-1.08447265625,BD,-1.09375,BD,-1.09375,0.00927734375,0.008554705087798289,8.606910705566406e-05,1
9589,0.326416015625,15,0.328125,15,0.328125,0.001708984375,0.005235602094240838,2.9206275939941406e-06,1
9590,0.700439453125,2D,0.703125,2D,0.703125,0.002685546875,0.0038340885325897525,7.212162017822266e-06,1
9591,0.99169921875,3F,0.984375,3F,0.984375,0.00732421875,0.007385524372230428,5.364418029785156e-05,1
9592,0.0830078125,05,0.078125,06,0.09375,0.0107421875,0.12941176470588237,0.00011539459228515625,0
9593,0.002685546875,01,0.015625,00,0.0,0.002685546875,1.0,7.212162017822266e-06,0
9594,-0.62255859375,D8,-0.625,D9,-0.609375,0.01318359375,0.021176470588235293,0.00017380714416503906,0
9595,-1.478515625,B1,-1.46875,B0,-1.5,0.021484375,0.01453104359313078,0.000461578369140625,0
9596,-0.711669921875,D2,-0.71875,D2,-0.71875,0.007080078125,0.009948542024013723,5.0127506256103516e-05,1
9597,-0.427490234375,E5,-0.421875,E5,-0.421875,0.005615234375,0.013135351227869789,3.153085708618164e-05,1
9598,-0.1796875,F4,-0.1875,F4,-0.1875,0.0078125,0.043478260869565216,6.103515625e-05,1
9599,0.14306640625,09,0.140625,0A,0.15625,0.01318359375,0.09215017064846416,0.00017380714416503906,0
9600,-0.712890625,D2,-0.71875,D3,-0.703125,0.009765625,0.0136986301369863,9.5367431640625e-05,0
9601,-0.671875,D5,-0.671875,D5,-0.671875,0.0,0.0,0.0,1
9602,-0.051513671875,FD,-0.046875,FD,-0.046875,0.004638671875,0.09004739336492891,2.1517276763916016e-05,1
9603,1.107177734375,43,1.09375,43,1.09375,0.013427734375,0.012127894156560088,0.00018030405044555664,1
9604,-0.286865234375,EE,-0.28125,EE,-0.28125,0.005615234375,0.01957446808510638,3.153085708618164e-05,1
9605,-0.714111328125,D2,-0.71875,D2,-0.71875,0.004638671875,0.006495726495726496,2.1517276763916016e-05,1
9606,0.383056640625,19,0.390625,18,0.375,0.008056640625,0.021032504780114723,6.490945816040039e-05,0
9607,0.32763671875,15,0.328125,15,0.328125,0.00048828125,0.0014903129657228018,2.384185791015625e-07,1
9608,0.193115234375,0C,0.1875,0C,0.1875,0.005615234375,0.029077117572692796,3.153085708618164e-05,1
9609,-0.14453125,F7,-0.140625,F7,-0.140625,0.00390625,0.02702702702702703,1.52587890625e-05,1
9610,-0.57861328125,DB,-0.578125,DA,-0.59375,0.01513671875,0.026160337552742614,0.00022912025451660156,0
9611,-0.68115234375,D4,-0.6875,D5,-0.671875,0.00927734375,0.013620071684587814,8.606910705566406e-05,0
9612,-0.8642578125,C9,-0.859375,C8,-0.875,0.0107421875,0.012429378531073447,0.00011539459228515625,0
9613,0.20947265625,0D,0.203125,0F,0.234375,0.02490234375,0.11888111888111888,0.0006201267242431641,0
9614,0.255859375,10,0.25,10,0.25,0.005859375,0.022900763358778626,3.4332275390625e-05,1
9615,0.5439453125,23,0.546875,22,0.53125,0.0126953125,0.02333931777378815,0.00016117095947265625,0
9616,0.0595703125,04,0.0625,03,0.046875,0.0126953125,0.21311475409836064,0.00016117095947265625,0
9617,-0.48388671875,E1,-0.484375,E1,-0.484375,0.00048828125,0.0010090817356205853,2.384185791015625e-07,1
9618,1.009765625,40,1.0,40,1.0,0.009765625,0.009671179883945842,9.5367431640625e-05,1
9619,-1.86572265625,A4,-1.875,A5,-1.84375,0.02197265625,0.011777021722062287,0.00048279762268066406,0
9620,0.672119140625,2B,0.671875,2B,0.671875,0.000244140625,0.0003632401017072285,5.960464477539063e-08,1
9621,0.5419921875,23,0.546875,22,0.53125,0.0107421875,0.01981981981981982,0.00011539459228515625,0
9622,-0.830078125,CB,-0.828125,CA,-0.84375,0.013671875,0.01647058823529412,0.000186920166015625,0
9623,1.294677734375,49,1.28125,4A,1.3125,0.017822265625,0.013765792947388271,0.00031763315200805664,0
9624,0.998046875,40,1.0,3F,0.984375,0.013671875,0.0136986301369863,0.000186920166015625,0
9625,0.80712890625,34,0.8125,34,0.8125,0.00537109375,0.006654567453115548,2.8848648071289062e-05,1
9626,1.27880859375,49,1.28125,49,1.28125,0.00244140625,0.0019091256204658267,5.9604644775390625e-06,1
9627,-1.125244140625,BC,-1.125,BC,-1.125,0.000244140625,0.00021696680407897592,5.960464477539063e-08,1
9628,1.69384765625,56,1.6875,56,1.6875,0.00634765625,0.0037474776592678004,4.029273986816406e-05,1
9629,1.05712890625,42,1.0625,42,1.0625,0.00537109375,0.005080831408775982,2.8848648071289062e-05,1
9630,0.02734375,02,0.03125,02,0.03125,0.00390625,0.14285714285714285,1.52587890625e-05,1
9631,-0.7666015625,CF,-0.765625,D0,-0.75,0.0166015625,0.02165605095541401,0.00027561187744140625,0
9632,-0.3134765625,EC,-0.3125,EC,-0.3125,0.0009765625,0.003115264797507788,9.5367431640625e-07,1
9633,-0.209716796875,F3,-0.203125,F2,-0.21875,0.009033203125,0.04307334109429569,8.159875869750977e-05,0
9634,-0.2919921875,ED,-0.296875,ED,-0.296875,0.0048828125,0.016722408026755852,2.384185791015625e-05,1
9635,-1.270751953125,B7,-1.28125,B8,-1.25,0.020751953125,0.01633045148895293,0.00043064355850219727,0
9636,-0.73291015625,D1,-0.734375,D0,-0.75,0.01708984375,0.023317788141239172,0.00029206275939941406,0
9637,-1.225830078125,B9,-1.21875,B8,-1.25,0.024169921875,0.01971718781119299,0.0005841851234436035,0
9638,-0.776611328125,CE,-0.78125,CE,-0.78125,0.004638671875,0.005972964476579692,2.1517276763916016e-05,1
9639,0.59716796875,26,0.59375,26,0.59375,0.00341796875,0.005723630417007359,1.1682510375976562e-05,1
9640,0.190185546875,0C,0.1875,0C,0.1875,0.002685546875,0.014120667522464698,7.212162017822266e-06,1
9641,1.703369140625,57,1.71875,56,1.6875,0.015869140625,0.009316325068080836,0.0002518296241760254,0
9642,1.74462890625,58,1.75,58,1.75,0.00537109375,0.0030786453960257487,2.8848648071289062e-05,1
9643,0.103759765625,07,0.109375,06,0.09375,0.010009765625,0.09647058823529411,0.00010019540786743164,0
9644,-1.519287109375,AF,-1.53125,B0,-1.5,0.019287109375,0.012694841716214045,0.0003719925880432129,0
9645,-0.69091796875,D4,-0.6875,D5,-0.671875,0.01904296875,0.02756183745583039,0.00036263465881347656,0
9646,0.0302734375,02,0.03125,02,0.03125,0.0009765625,0.03225806451612903,9.5367431640625e-07,1
9647,0.17724609375,0B,0.171875,0B,0.171875,0.00537109375,0.030303030303030304,2.8848648071289062e-05,1
9648,-0.72998046875,D1,-0.734375,D2,-0.71875,0.01123046875,0.015384615384615385,0.00012612342834472656,0
9649,-0.655029296875,D6,-0.65625,D6,-0.65625,0.001220703125,0.0018635855385762206,1.4901161193847656e-06,1
9650,0.1728515625,0B,0.171875,0B,0.171875,0.0009765625,0.005649717514124294,9.5367431640625e-07,1
9651,-0.38671875,E7,-0.390625,E6,-0.40625,0.01953125,0.050505050505050504,0.0003814697265625,0
9652,-0.200927734375,F3,-0.203125,F3,-0.203125,0.002197265625,0.010935601458080195,4.827976226806641e-06,1
9653,0.296142578125,13,0.296875,14,0.3125,0.016357421875,0.055234954657873044,0.0002675652503967285,0
9654,0.91796875,3B,0.921875,3A,0.90625,0.01171875,0.01276595744680851,0.0001373291015625,0
9655,-0.316162109375,EC,-0.3125,ED,-0.296875,0.019287109375,0.061003861003861,0.0003719925880432129,0
9656,1.544189453125,51,1.53125,52,1.5625,0.018310546875,0.011857707509881422,0.00033527612686157227,0
9657,-0.40087890625,E6,-0.40625,E6,-0.40625,0.00537109375,0.013398294762484775,2.8848648071289062e-05,1
9658,-0.16162109375,F6,-0.15625,F5,-0.171875,0.01025390625,0.0634441087613293,0.00010514259338378906,0
9659,0.896240234375,39,0.890625,39,0.890625,0.005615234375,0.006265322800326887,3.153085708618164e-05,1
9660,0.910888671875,3A,0.90625,3A,0.90625,0.004638671875,0.0050924685071026534,2.1517276763916016e-05,1
9661,1.04296875,41,1.03125,42,1.0625,0.01953125,0.018726591760299626,0.0003814697265625,0
9662,-0.11279296875,F9,-0.109375,F9,-0.109375,0.00341796875,0.030303030303030304,1.1682510375976562e-05,1
9663,0.050048828125,03,0.046875,03,0.046875,0.003173828125,0.06341463414634146,1.0073184967041016e-05,1
9664,0.099609375,06,0.09375,06,0.09375,0.005859375,0.058823529411764705,3.4332275390625e-05,1
9665,-1.806396484375,A6,-1.8125,A6,-1.8125,0.006103515625,0.0033788349776996893,3.725290298461914e-05,1
9666,-1.5947265625,AD,-1.59375,AC,-1.625,0.0302734375,0.018983466013472138,0.0009164810180664062,0
9667,-0.706298828125,D3,-0.703125,D3,-0.703125,0.003173828125,0.004493605254061528,1.0073184967041016e-05,1
9668,0.318115234375,14,0.3125,15,0.328125,0.010009765625,0.031465848042977744,0.00010019540786743164,0
9669,-0.19140625,F4,-0.1875,F4,-0.1875,0.00390625,0.02040816326530612,1.52587890625e-05,1
9670,1.3994140625,4D,1.40625,4E,1.4375,0.0380859375,0.02721563154221912,0.0014505386352539062,0
9671,0.84033203125,36,0.84375,36,0.84375,0.00341796875,0.004067402672864613,1.1682510375976562e-05,1
9672,-1.077392578125,BE,-1.0625,BD,-1.09375,0.016357421875,0.015182415590301382,0.0002675652503967285,0
9673,0.1494140625,0A,0.15625,09,0.140625,0.0087890625,0.058823529411764705,7.724761962890625e-05,0
9674,-0.447265625,E3,-0.453125,E4,-0.4375,0.009765625,0.021834061135371178,9.5367431640625e-05,0
9675,0.906494140625,3A,0.90625,3A,0.90625,0.000244140625,0.00026932399676811203,5.960464477539063e-08,1
9676,-0.6494140625,D6,-0.65625,D5,-0.671875,0.0224609375,0.03458646616541353,0.0005044937133789062,0
9677,-1.803955078125,A6,-1.8125,A6,-1.8125,0.008544921875,0.004736770875625931,7.301568984985352e-05,1
9678,-0.059814453125,FC,-0.0625,FB,-0.078125,0.018310546875,0.30612244897959184,0.00033527612686157227,0
9679,1.004150390625,40,1.0,40,1.0,0.004150390625,0.004133236080719669,1.722574234008789e-05,1
9680,0.074951171875,05,0.078125,05,0.078125,0.003173828125,0.04234527687296417,1.0073184967041016e-05,1
9681,-0.072509765625,FB,-0.078125,FB,-0.078125,0.005615234375,0.07744107744107744,3.153085708618164e-05,1
9682,-0.032470703125,FE,-0.03125,FE,-0.03125,0.001220703125,0.03759398496240601,1.4901161193847656e-06,1
9683,0.639892578125,29,0.640625,2A,0.65625,0.016357421875,0.025562762304463946,0.0002675652503967285,0
9684,-1.578369140625,AD,-1.59375,AD,-1.59375,0.015380859375,0.00974477958236659,0.0002365708351135254,1
9685,-0.389892578125,E7,-0.390625,E7,-0.390625,0.000732421875,0.001878522229179712,5.364418029785156e-07,1
9686,0.82177734375,35,0.828125,35,0.828125,0.00634765625,0.007724301841948901,4.029273986816406e-05,1
9687,-1.310302734375,B6,-1.3125,B6,-1.3125,0.002197265625,0.0016769144773616546,4.827976226806641e-06,1
9688,0.843017578125,36,0.84375,36,0.84375,0.000732421875,0.0008688097306689834,5.364418029785156e-07,1
9689,-1.0732421875,BE,-1.0625,BE,-1.0625,0.0107421875,0.010009099181073703,0.00011539459228515625,1
9690,-0.086669921875,FA,-0.09375,FB,-0.078125,0.008544921875,0.09859154929577464,7.301568984985352e-05,0
9691,0.94091796875,3C,0.9375,3D,0.953125,0.01220703125,0.012973533990659055,0.00014901161193847656,0
9692,-0.36865234375,E8,-0.375,E8,-0.375,0.00634765625,0.017218543046357615,4.029273986816406e-05,1
9693,-0.147705078125,F7,-0.140625,F7,-0.140625,0.007080078125,0.047933884297520664,5.0127506256103516e-05,1
9694,0.34228515625,16,0.34375,16,0.34375,0.00146484375,0.0042796005706134095,2.1457672119140625e-06,1
9695,0.417724609375,1B,0.421875,1B,0.421875,0.004150390625,0.009935710111046173,1.722574234008789e-05,1
9696,-1.62841796875,AC,-1.625,AC,-1.625,0.00341796875,0.002098950524737631,1.1682510375976562e-05,1
9697,-2.072509765625,9F,-2.125,9F,-2.125,0.052490234375,0.025326893627046765,0.0027552247047424316,1
9698,0.6630859375,2A,0.65625,2A,0.65625,0.0068359375,0.010309278350515464,4.673004150390625e-05,1
9699,1.179443359375,46,1.1875,46,1.1875,0.008056640625,0.0068308838749741255,6.490945816040039e-05,1
9700,0.520263671875,21,0.515625,1F,0.484375,0.035888671875,0.0689816987329892,0.001287996768951416,0
9701,0.56005859375,24,0.5625,23,0.546875,0.01318359375,0.023539668700959023,0.00017380714416503906,0
9702,0.85009765625,36,0.84375,37,0.859375,0.00927734375,0.010913268236645606,8.606910705566406e-05,0
9703,0.1845703125,0C,0.1875,0B,0.171875,0.0126953125,0.06878306878306878,0.00016117095947265625,0
9704,0.651611328125,2A,0.65625,2A,0.65625,0.004638671875,0.007118771075309105,2.1517276763916016e-05,1
9705,-0.17626953125,F5,-0.171875,F5,-0.171875,0.00439453125,0.024930747922437674,1.9311904907226562e-05,1
9706,0.618408203125,28,0.625,27,0.609375,0.009033203125,0.014607185155941572,8.159875869750977e-05,0
9707,-0.4091796875,E6,-0.40625,E5,-0.421875,0.0126953125,0.031026252983293555,0.00016117095947265625,0
9708,-0.17333984375,F5,-0.171875,F4,-0.1875,0.01416015625,0.08169014084507042,0.00020051002502441406,0
9709,-0.99951171875,C0,-1.0,C1,-0.984375,0.01513671875,0.015144113336590131,0.00022912025451660156,0
9710,-0.6220703125,D8,-0.625,D8,-0.625,0.0029296875,0.004709576138147566,8.58306884765625e-06,1
9711,0.196533203125,0D,0.203125,0C,0.1875,0.009033203125,0.04596273291925466,8.159875869750977e-05,0
9712,-0.98095703125,C1,-0.984375,C2,-0.96875,0.01220703125,0.012444001991040319,0.00014901161193847656,0
9713,0.459228515625,1D,0.453125,1C,0.4375,0.021728515625,0.04731525784157363,0.00047212839126586914,0
9714,0.806396484375,34,0.8125,35,0.828125,0.021728515625,0.026945201332122314,0.00047212839126586914,0
9715,-0.327392578125,EB,-0.328125,EB,-0.328125,0.000732421875,0.0022371364653243847,5.364418029785156e-07,1
9716,-0.716064453125,D2,-0.71875,D2,-0.71875,0.002685546875,0.0037504261847937266,7.212162017822266e-06,1
9717,-0.02294921875,FF,-0.015625,00,0.0,0.02294921875,1.0,0.0005266666412353516,0
9718,0.36865234375,18,0.375,18,0.375,0.00634765625,0.017218543046357615,4.029273986816406e-05,1
9719,-0.54248046875,DD,-0.546875,DD,-0.546875,0.00439453125,0.008100810081008101,1.9311904907226562e-05,1
9720,1.48046875,4F,1.46875,4E,1.4375,0.04296875,0.029023746701846966,0.0018463134765625,0
9721,-1.59423828125,AD,-1.59375,AD,-1.59375,0.00048828125,0.00030627871362940275,2.384185791015625e-07,1
9722,-0.4169921875,E5,-0.421875,E5,-0.421875,0.0048828125,0.0117096018735363,2.384185791015625e-05,1
9723,-1.8759765625,A4,-1.875,A4,-1.875,0.0009765625,0.0005205622071837585,9.5367431640625e-07,1
9724,0.5849609375,25,0.578125,26,0.59375,0.0087890625,0.015025041736227046,7.724761962890625e-05,0
9725,0.6982421875,2D,0.703125,2D,0.703125,0.0048828125,0.006993006993006993,2.384185791015625e-05,1
9726,-0.7548828125,D0,-0.75,D0,-0.75,0.0048828125,0.00646830530401035,2.384185791015625e-05,1
9727,-0.87060546875,C8,-0.875,C8,-0.875,0.00439453125,0.005047672462142457,1.9311904907226562e-05,1
9728,-0.279296875,EE,-0.28125,EF,-0.265625,0.013671875,0.04895104895104895,0.000186920166015625,0
9729,0.157958984375,0A,0.15625,0A,0.15625,0.001708984375,0.010819165378670788,2.9206275939941406e-06,1
9730,0.24609375,10,0.25,10,0.25,0.00390625,0.015873015873015872,1.52587890625e-05,1
9731,1.361083984375,4C,1.375,4B,1.34375,0.017333984375,0.01273542600896861,0.00030046701431274414,0
9732,-0.357177734375,E9,-0.359375,E9,-0.359375,0.002197265625,0.006151742993848257,4.827976226806641e-06,1
9733,0.3046875,14,0.3125,13,0.296875,0.0078125,0.02564102564102564,6.103515625e-05,0
9734,-0.088623046875,FA,-0.09375,FC,-0.0625,0.026123046875,0.29476584022038566,0.0006824135780334473,0
9735,-1.058837890625,BE,-1.0625,BE,-1.0625,0.003662109375,0.0034586119437399125,1.341104507446289e-05,1
9736,-0.470703125,E2,-0.46875,E1,-0.484375,0.013671875,0.029045643153526972,0.000186920166015625,0
9737,1.106201171875,43,1.09375,43,1.09375,0.012451171875,0.011255793423085412,0.00015503168106079102,1
9738,0.755859375,30,0.75,31,0.765625,0.009765625,0.012919896640826873,9.5367431640625e-05,0
9739,-1.129638671875,BC,-1.125,BC,-1.125,0.004638671875,0.004106332396801383,2.1517276763916016e-05,1
9740,0.249755859375,10,0.25,11,0.265625,0.015869140625,0.0635386119257087,0.0002518296241760254,0
9741,-0.73876953125,D1,-0.734375,D1,-0.734375,0.00439453125,0.005948446794448116,1.9311904907226562e-05,1
9742,0.569091796875,24,0.5625,24,0.5625,0.006591796875,0.011583011583011582,4.3451786041259766e-05,1
9743,0.169677734375,0B,0.171875,0B,0.171875,0.002197265625,0.012949640287769784,4.827976226806641e-06,1
9744,0.026611328125,02,0.03125,02,0.03125,0.004638671875,0.1743119266055046,2.1517276763916016e-05,1
9745,-1.289794921875,B7,-1.28125,B6,-1.3125,0.022705078125,0.017603634298693924,0.0005155205726623535,0
9746,0.98291015625,3F,0.984375,3F,0.984375,0.00146484375,0.0014903129657228018,2.1457672119140625e-06,1
9747,-1.220458984375,B9,-1.21875,BA,-1.1875,0.032958984375,0.027005401080216044,0.0010862946510314941,0
9748,-0.22607421875,F2,-0.21875,F1,-0.234375,0.00830078125,0.0367170626349892,6.890296936035156e-05,0
9749,0.770263671875,31,0.765625,31,0.765625,0.004638671875,0.006022187004754358,2.1517276763916016e-05,1
9750,1.02197265625,41,1.03125,41,1.03125,0.00927734375,0.009077878643096034,8.606910705566406e-05,1
9751,0.43603515625,1C,0.4375,1B,0.421875,0.01416015625,0.032474804031354984,0.00020051002502441406,0
9752,-0.6826171875,D4,-0.6875,D4,-0.6875,0.0048828125,0.00715307582260372,2.384185791015625e-05,1
9753,-0.800537109375,CD,-0.796875,CD,-0.796875,0.003662109375,0.004574565416285453,1.341104507446289e-05,1
9754,-0.779052734375,CE,-0.78125,CF,-0.765625,0.013427734375,0.01723597618301473,0.00018030405044555664,0
9755,0.00439453125,01,0.015625,01,0.015625,0.01123046875,2.5555555555555554,0.00012612342834472656,1
9756,-0.930908203125,C4,-0.9375,C3,-0.953125,0.022216796875,0.023865722528193023,0.0004935860633850098,0
9757,0.396728515625,19,0.390625,1A,0.40625,0.009521484375,0.024,9.065866470336914e-05,0
9758,-1.634765625,AC,-1.625,AC,-1.625,0.009765625,0.005973715651135006,9.5367431640625e-05,1
9759,0.727783203125,2F,0.734375,2F,0.734375,0.006591796875,0.009057363300905737,4.3451786041259766e-05,1
9760,0.343994140625,16,0.34375,16,0.34375,0.000244140625,0.0007097232079489,5.960464477539063e-08,1
9761,-0.810791015625,CC,-0.8125,CC,-0.8125,0.001708984375,0.0021077988557663355,2.9206275939941406e-06,1
9762,0.38671875,19,0.390625,19,0.390625,0.00390625,0.010101010101010102,1.52587890625e-05,1
9763,-0.8388671875,CA,-0.84375,CB,-0.828125,0.0107421875,0.012805587892898719,0.00011539459228515625,0
9764,-0.615478515625,D9,-0.609375,D9,-0.609375,0.006103515625,0.009916699722332408,3.725290298461914e-05,1
9765,-0.29052734375,ED,-0.296875,ED,-0.296875,0.00634765625,0.021848739495798318,4.029273986816406e-05,1
9766,-0.316162109375,EC,-0.3125,ED,-0.296875,0.019287109375,0.061003861003861,0.0003719925880432129,0
9767,0.253173828125,10,0.25,10,0.25,0.003173828125,0.01253616200578592,1.0073184967041016e-05,1
9768,2.310791015625,62,2.25,62,2.25,0.060791015625,0.02630744849445325,0.003695547580718994,1
9769,0.1806640625,0C,0.1875,0C,0.1875,0.0068359375,0.03783783783783784,4.673004150390625e-05,1
9770,-0.3056640625,EC,-0.3125,ED,-0.296875,0.0087890625,0.02875399361022364,7.724761962890625e-05,0
9771,1.21923828125,47,1.21875,47,1.21875,0.00048828125,0.00040048057669203043,2.384185791015625e-07,1
9772,0.4658203125,1E,0.46875,1D,0.453125,0.0126953125,0.027253668763102725,0.00016117095947265625,0
9773,1.2685546875,49,1.28125,49,1.28125,0.0126953125,0.010007698229407237,0.00016117095947265625,1
9774,1.16064453125,45,1.15625,46,1.1875,0.02685546875,0.023138409760201935,0.0007212162017822266,0
9775,1.322509765625,4A,1.3125,4A,1.3125,0.010009765625,0.0075687649990769795,0.00010019540786743164,1
9776,-0.435546875,E4,-0.4375,E5,-0.421875,0.013671875,0.03139013452914798,0.000186920166015625,0
9777,-1.4375,B2,-1.4375,B2,-1.4375,0.0,0.0,0.0,1
9778,0.377685546875,18,0.375,18,0.375,0.002685546875,0.007110536522301228,7.212162017822266e-06,1
9779,-0.8232421875,CB,-0.828125,CC,-0.8125,0.0107421875,0.013048635824436536,0.00011539459228515625,0
9780,-0.302490234375,ED,-0.296875,ED,-0.296875,0.005615234375,0.018563357546408393,3.153085708618164e-05,1
9781,-0.543212890625,DD,-0.546875,DC,-0.5625,0.019287109375,0.03550561797752809,0.0003719925880432129,0
9782,-1.000244140625,C0,-1.0,C2,-0.96875,0.031494140625,0.03148645350256285,0.0009918808937072754,0
9783,0.169921875,0B,0.171875,0A,0.15625,0.013671875,0.08045977011494253,0.000186920166015625,0
9784,1.24560546875,48,1.25,48,1.25,0.00439453125,0.0035280282242257936,1.9311904907226562e-05,1
9785,0.639892578125,29,0.640625,29,0.640625,0.000732421875,0.0011446012972148034,5.364418029785156e-07,1
9786,1.399169921875,4D,1.40625,4D,1.40625,0.007080078125,0.005060198918164369,5.0127506256103516e-05,1
9787,0.4111328125,1A,0.40625,1A,0.40625,0.0048828125,0.011876484560570071,2.384185791015625e-05,1
9788,0.944580078125,3C,0.9375,3D,0.953125,0.008544921875,0.009046265184802274,7.301568984985352e-05,0
9789,2.202880859375,62,2.25,62,2.25,0.047119140625,0.021389781669067937,0.0022202134132385254,1
9790,0.994384765625,40,1.0,3F,0.984375,0.010009765625,0.010066290203780998,0.00010019540786743164,0
9791,0.5478515625,23,0.546875,22,0.53125,0.0166015625,0.030303030303030304,0.00027561187744140625,0
9792,-0.07177734375,FB,-0.078125,FB,-0.078125,0.00634765625,0.08843537414965986,4.029273986816406e-05,1
9793,1.79833984375,5A,1.8125,5A,1.8125,0.01416015625,0.007874015748031496,0.00020051002502441406,1
9794,-1.079345703125,BD,-1.09375,BE,-1.0625,0.016845703125,0.015607328658674507,0.00028377771377563477,0
9795,-0.641845703125,D7,-0.640625,D7,-0.640625,0.001220703125,0.001901863826550019,1.4901161193847656e-06,1
9796,0.80029296875,33,0.796875,32,0.78125,0.01904296875,0.023794996949359364,0.00036263465881347656,0
9797,-1.5361328125,AF,-1.53125,AF,-1.53125,0.0048828125,0.003178639542275906,2.384185791015625e-05,1
9798,-0.150634765625,F6,-0.15625,F6,-0.15625,0.005615234375,0.03727714748784441,3.153085708618164e-05,1
9799,-0.25634765625,F0,-0.25,F0,-0.25,0.00634765625,0.024761904761904763,4.029273986816406e-05,1
9800,-0.87744140625,C8,-0.875,C8,-0.875,0.00244140625,0.0027824151363383415,5.9604644775390625e-06,1
9801,1.964599609375,5F,1.96875,5F,1.96875,0.004150390625,0.002112588542313906,1.722574234008789e-05,1
9802,0.90234375,3A,0.90625,3A,0.90625,0.00390625,0.004329004329004329,1.52587890625e-05,1
9803,1.243896484375,48,1.25,48,1.25,0.006103515625,0.004906771344455349,3.725290298461914e-05,1
9804,-0.77197265625,CF,-0.765625,CF,-0.765625,0.00634765625,0.008222643896268185,4.029273986816406e-05,1
9805,1.102783203125,43,1.09375,43,1.09375,0.009033203125,0.008191277396502104,8.159875869750977e-05,1
9806,-1.754638671875,A8,-1.75,A8,-1.75,0.004638671875,0.0026436621678029774,2.1517276763916016e-05,1
9807,0.523681640625,22,0.53125,22,0.53125,0.007568359375,0.014452214452214453,5.728006362915039e-05,1
9808,-0.995849609375,C0,-1.0,C0,-1.0,0.004150390625,0.004167688158862467,1.722574234008789e-05,1
9809,-1.000244140625,C0,-1.0,C0,-1.0,0.000244140625,0.000244081034903588,5.960464477539063e-08,1
9810,-0.752197265625,D0,-0.75,D0,-0.75,0.002197265625,0.0029211295034079843,4.827976226806641e-06,1
9811,-0.59912109375,DA,-0.59375,DA,-0.59375,0.00537109375,0.008964955175224124,2.8848648071289062e-05,1
9812,0.039794921875,03,0.046875,03,0.046875,0.007080078125,0.17791411042944785,5.0127506256103516e-05,1
9813,-0.251708984375,F0,-0.25,EF,-0.265625,0.013916015625,0.055286129970902036,0.00019365549087524414,0
9814,0.2783203125,12,0.28125,12,0.28125,0.0029296875,0.010526315789473684,8.58306884765625e-06,1
9815,0.585693359375,25,0.578125,25,0.578125,0.007568359375,0.012922050854522717,5.728006362915039e-05,1
9816,1.256103515625,48,1.25,48,1.25,0.006103515625,0.004859086491739553,3.725290298461914e-05,1
9817,0.45654296875,1D,0.453125,1E,0.46875,0.01220703125,0.026737967914438502,0.00014901161193847656,0
9818,0.026611328125,02,0.03125,02,0.03125,0.004638671875,0.1743119266055046,2.1517276763916016e-05,1
9819,-0.591552734375,DA,-0.59375,DA,-0.59375,0.002197265625,0.003714403631861329,4.827976226806641e-06,1
9820,-0.735595703125,D1,-0.734375,D1,-0.734375,0.001220703125,0.001659475605708596,1.4901161193847656e-06,1
9821,0.7978515625,33,0.796875,34,0.8125,0.0146484375,0.01835985312117503,0.00021457672119140625,0
9822,0.776611328125,32,0.78125,30,0.75,0.026611328125,0.034265954102483495,0.000708162784576416,0
9823,1.508056640625,50,1.5,51,1.53125,0.023193359375,0.015379634126598672,0.0005379319190979004,0
9824,0.30615234375,14,0.3125,14,0.3125,0.00634765625,0.02073365231259968,4.029273986816406e-05,1
9825,-0.876953125,C8,-0.875,C7,-0.890625,0.013671875,0.015590200445434299,0.000186920166015625,0
9826,0.775390625,32,0.78125,32,0.78125,0.005859375,0.007556675062972292,3.4332275390625e-05,1
9827,0.663818359375,2A,0.65625,2A,0.65625,0.007568359375,0.01140125045972784,5.728006362915039e-05,1
9828,-0.3916015625,E7,-0.390625,E7,-0.390625,0.0009765625,0.0024937655860349127,9.5367431640625e-07,1
9829,-0.1796875,F4,-0.1875,F4,-0.1875,0.0078125,0.043478260869565216,6.103515625e-05,1
9830,-0.184326171875,F4,-0.1875,F4,-0.1875,0.003173828125,0.017218543046357615,1.0073184967041016e-05,1
9831,-0.32568359375,EB,-0.328125,EA,-0.34375,0.01806640625,0.05547226386806597,0.00032639503479003906,0
9832,-1.01123046875,C0,-1.0,C0,-1.0,0.01123046875,0.01110574601641719,0.00012612342834472656,1
9833,1.552490234375,52,1.5625,52,1.5625,0.010009765625,0.006447554646957069,0.00010019540786743164,1
9834,0.1083984375,07,0.109375,07,0.109375,0.0009765625,0.009009009009009009,9.5367431640625e-07,1
9835,-0.8291015625,CB,-0.828125,CC,-0.8125,0.0166015625,0.020023557126030624,0.00027561187744140625,0
9836,-0.082763671875,FB,-0.078125,FB,-0.078125,0.004638671875,0.05604719764011799,2.1517276763916016e-05,1
9837,-1.391357421875,B3,-1.40625,B4,-1.375,0.016357421875,0.011756448499736796,0.0002675652503967285,0
9838,0.658447265625,2A,0.65625,2A,0.65625,0.002197265625,0.0033370411568409346,4.827976226806641e-06,1
9839,1.007080078125,40,1.0,40,1.0,0.007080078125,0.00703030303030303,5.0127506256103516e-05,1
9840,-1.475341796875,B1,-1.46875,B0,-1.5,0.024658203125,0.01671355287109052,0.0006080269813537598,0
9841,-0.404296875,E6,-0.40625,E7,-0.390625,0.013671875,0.033816425120772944,0.000186920166015625,0
9842,1.635986328125,54,1.625,54,1.625,0.010986328125,0.006715415609610506,0.00012069940567016602,1
9843,2.263671875,62,2.25,62,2.25,0.013671875,0.0060396893874029335,0.000186920166015625,1
9844,0.917236328125,3B,0.921875,3A,0.90625,0.010986328125,0.011977641735427202,0.00012069940567016602,0
9845,-0.05615234375,FC,-0.0625,FC,-0.0625,0.00634765625,0.11304347826086956,4.029273986816406e-05,1
9846,0.10009765625,06,0.09375,07,0.109375,0.00927734375,0.09268292682926829,8.606910705566406e-05,0
9847,0.551513671875,23,0.546875,24,0.5625,0.010986328125,0.0199203187250996,0.00012069940567016602,0
9848,1.0205078125,41,1.03125,41,1.03125,0.0107421875,0.010526315789473684,0.00011539459228515625,1
9849,-0.681396484375,D4,-0.6875,D5,-0.671875,0.009521484375,0.013973486205661053,9.065866470336914e-05,0
9850,-1.253173828125,B8,-1.25,B8,-1.25,0.003173828125,0.002532631989090201,1.0073184967041016e-05,1
9851,-0.7705078125,CF,-0.765625,CE,-0.78125,0.0107421875,0.01394169835234474,0.00011539459228515625,0
9852,-0.556884765625,DC,-0.5625,DC,-0.5625,0.005615234375,0.010083296799649276,3.153085708618164e-05,1
9853,-0.278564453125,EE,-0.28125,EE,-0.28125,0.002685546875,0.009640666082383873,7.212162017822266e-06,1
9854,1.191162109375,46,1.1875,46,1.1875,0.003662109375,0.003074400491904079,1.341104507446289e-05,1
9855,-0.4873046875,E1,-0.484375,E0,-0.5,0.0126953125,0.026052104208416832,0.00016117095947265625,0
9856,-0.532470703125,DE,-0.53125,DE,-0.53125,0.001220703125,0.0022925263640531865,1.4901161193847656e-06,1
9857,-0.359375,E9,-0.359375,E9,-0.359375,0.0,0.0,0.0,1
9858,0.123046875,08,0.125,07,0.109375,0.013671875,0.1111111111111111,0.000186920166015625,0
9859,0.53466796875,22,0.53125,21,0.515625,0.01904296875,0.03561643835616438,0.00036263465881347656,0
9860,0.6220703125,28,0.625,29,0.640625,0.0185546875,0.029827315541601257,0.00034427642822265625,0
9861,0.689208984375,2C,0.6875,2D,0.703125,0.013916015625,0.020191285866099893,0.00019365549087524414,0
9862,-0.088623046875,FA,-0.09375,FA,-0.09375,0.005126953125,0.05785123966942149,2.6285648345947266e-05,1
9863,-0.154541015625,F6,-0.15625,F6,-0.15625,0.001708984375,0.011058451816745656,2.9206275939941406e-06,1
9864,1.08203125,43,1.09375,42,1.0625,0.01953125,0.018050541516245487,0.0003814697265625,0
9865,1.21337890625,47,1.21875,47,1.21875,0.00537109375,0.004426559356136821,2.8848648071289062e-05,1
9866,0.78759765625,32,0.78125,32,0.78125,0.00634765625,0.008059516429014259,4.029273986816406e-05,1
9867,-0.194580078125,F4,-0.1875,F3,-0.203125,0.008544921875,0.043914680050188205,7.301568984985352e-05,0
9868,-0.2109375,F2,-0.21875,F2,-0.21875,0.0078125,0.037037037037037035,6.103515625e-05,1
9869,-1.5107421875,B0,-1.5,B0,-1.5,0.0107421875,0.007110536522301228,0.00011539459228515625,1
9870,-0.806396484375,CC,-0.8125,CC,-0.8125,0.006103515625,0.007568876778686043,3.725290298461914e-05,1
9871,0.885009765625,39,0.890625,38,0.875,0.010009765625,0.011310344827586206,0.00010019540786743164,0
9872,-0.92578125,C5,-0.921875,C4,-0.9375,0.01171875,0.012658227848101266,0.0001373291015625,0
9873,-3.202880859375,96,-3.25,96,-3.25,0.047119140625,0.014711487156033234,0.0022202134132385254,1
9874,0.623291015625,28,0.625,28,0.625,0.001708984375,0.0027418723070896985,2.9206275939941406e-06,1
9875,0.69775390625,2D,0.703125,2D,0.703125,0.00537109375,0.007697690692792162,2.8848648071289062e-05,1
9876,0.71337890625,2E,0.71875,2E,0.71875,0.00537109375,0.007529089664613279,2.8848648071289062e-05,1
9877,0.99755859375,40,1.0,40,1.0,0.00244140625,0.0024473813020068525,5.9604644775390625e-06,1
9878,1.279052734375,49,1.28125,49,1.28125,0.002197265625,0.0017178850925749188,4.827976226806641e-06,1
9879,0.568359375,24,0.5625,25,0.578125,0.009765625,0.01718213058419244,9.5367431640625e-05,0
9880,-0.0244140625,FE,-0.03125,FF,-0.015625,0.0087890625,0.36,7.724761962890625e-05,0
9881,0.6611328125,2A,0.65625,2A,0.65625,0.0048828125,0.007385524372230428,2.384185791015625e-05,1
9882,-0.052978515625,FD,-0.046875,FC,-0.0625,0.009521484375,0.17972350230414746,9.065866470336914e-05,0
9883,-0.537841796875,DE,-0.53125,DD,-0.546875,0.009033203125,0.016795279164775308,8.159875869750977e-05,0
9884,-0.426513671875,E5,-0.421875,E4,-0.4375,0.010986328125,0.02575844304522038,0.00012069940567016602,0
9885,-0.16162109375,F6,-0.15625,F5,-0.171875,0.01025390625,0.0634441087613293,0.00010514259338378906,0
9886,0.595458984375,26,0.59375,26,0.59375,0.001708984375,0.002870028700287003,2.9206275939941406e-06,1
9887,0.726318359375,2E,0.71875,2E,0.71875,0.007568359375,0.010420168067226891,5.728006362915039e-05,1
9888,-0.46044921875,E3,-0.453125,E3,-0.453125,0.00732421875,0.015906680805938492,5.364418029785156e-05,1
9889,0.8505859375,36,0.84375,36,0.84375,0.0068359375,0.008036739380022962,4.673004150390625e-05,1
9890,-0.31494140625,EC,-0.3125,EC,-0.3125,0.00244140625,0.007751937984496124,5.9604644775390625e-06,1
9891,-0.01025390625,FF,-0.015625,00,0.0,0.01025390625,1.0,0.00010514259338378906,0
9892,0.123291015625,08,0.125,08,0.125,0.001708984375,0.013861386138613862,2.9206275939941406e-06,1
9893,-0.12353515625,F8,-0.125,F8,-0.125,0.00146484375,0.011857707509881422,2.1457672119140625e-06,1
9894,-0.723876953125,D2,-0.71875,D2,-0.71875,0.005126953125,0.007082630691399663,2.6285648345947266e-05,1
9895,0.409423828125,1A,0.40625,19,0.390625,0.018798828125,0.045915324985092425,0.000353395938873291,0
9896,0.555908203125,24,0.5625,23,0.546875,0.009033203125,0.016249451032059728,8.159875869750977e-05,0
9897,0.681396484375,2C,0.6875,2D,0.703125,0.021728515625,0.03188821211035471,0.00047212839126586914,0
9898,-1.7783203125,A7,-1.78125,A8,-1.75,0.0283203125,0.015925315760571115,0.0008020401000976562,0
9899,0.379638671875,18,0.375,18,0.375,0.004638671875,0.012218649517684888,2.1517276763916016e-05,1
9900,-0.638671875,D7,-0.640625,D8,-0.625,0.013671875,0.021406727828746176,0.000186920166015625,0
9901,0.09814453125,06,0.09375,07,0.109375,0.01123046875,0.11442786069651742,0.00012612342834472656,0
9902,0.7353515625,2F,0.734375,2E,0.71875,0.0166015625,0.02257636122177955,0.00027561187744140625,0
9903,-0.390869140625,E7,-0.390625,E6,-0.40625,0.015380859375,0.03935040599625234,0.0002365708351135254,0
9904,0.34619140625,16,0.34375,16,0.34375,0.00244140625,0.007052186177715092,5.9604644775390625e-06,1
9905,0.71826171875,2E,0.71875,2E,0.71875,0.00048828125,0.0006798096532970768,2.384185791015625e-07,1
9906,-1.05126953125,BE,-1.0625,BF,-1.03125,0.02001953125,0.019043195541105434,0.00040078163146972656,0
9907,0.0146484375,01,0.015625,01,0.015625,0.0009765625,0.06666666666666667,9.5367431640625e-07,1
9908,-0.14111328125,F7,-0.140625,F7,-0.140625,0.00048828125,0.0034602076124567475,2.384185791015625e-07,1
9909,0.280029296875,12,0.28125,13,0.296875,0.016845703125,0.06015693112467306,0.00028377771377563477,0
9910,-0.180419921875,F4,-0.1875,F4,-0.1875,0.007080078125,0.03924221921515562,5.0127506256103516e-05,1
9911,-1.09033203125,BD,-1.09375,BE,-1.0625,0.02783203125,0.025526197939991044,0.0007746219635009766,0
9912,-0.579833984375,DB,-0.578125,DB,-0.578125,0.001708984375,0.0029473684210526317,2.9206275939941406e-06,1
9913,-1.2470703125,B8,-1.25,B8,-1.25,0.0029296875,0.0023492560689115116,8.58306884765625e-06,1
9914,0.97412109375,3E,0.96875,3E,0.96875,0.00537109375,0.005513784461152882,2.8848648071289062e-05,1
9915,-0.396728515625,E7,-0.390625,E7,-0.390625,0.006103515625,0.015384615384615385,3.725290298461914e-05,1
9916,-0.72216796875,D2,-0.71875,D2,-0.71875,0.00341796875,0.004732927653820149,1.1682510375976562e-05,1
9917,1.070068359375,42,1.0625,42,1.0625,0.007568359375,0.0070727812000912615,5.728006362915039e-05,1
9918,-0.36474609375,E9,-0.359375,E8,-0.375,0.01025390625,0.028112449799196786,0.00010514259338378906,0
9919,0.176025390625,0B,0.171875,0B,0.171875,0.004150390625,0.023578363384188627,1.722574234008789e-05,1
9920,-0.283203125,EE,-0.28125,EF,-0.265625,0.017578125,0.06206896551724138,0.000308990478515625,0
9921,-0.900390625,C6,-0.90625,C6,-0.90625,0.005859375,0.006507592190889371,3.4332275390625e-05,1
9922,1.063232421875,42,1.0625,42,1.0625,0.000732421875,0.0006888633754305396,5.364418029785156e-07,1
9923,-0.17626953125,F5,-0.171875,F5,-0.171875,0.00439453125,0.024930747922437674,1.9311904907226562e-05,1
9924,0.73388671875,2F,0.734375,2F,0.734375,0.00048828125,0.0006653359946773121,2.384185791015625e-07,1
9925,0.570556640625,25,0.578125,24,0.5625,0.008056640625,0.014120667522464698,6.490945816040039e-05,0
9926,-0.986572265625,C1,-0.984375,C0,-1.0,0.013427734375,0.013610492452363277,0.00018030405044555664,0
9927,-1.31005859375,B6,-1.3125,B6,-1.3125,0.00244140625,0.0018635855385762206,5.9604644775390625e-06,1
9928,-0.052734375,FD,-0.046875,FC,-0.0625,0.009765625,0.18518518518518517,9.5367431640625e-05,0
9929,0.1923828125,0C,0.1875,0D,0.203125,0.0107421875,0.05583756345177665,0.00011539459228515625,0
9930,0.874267578125,38,0.875,37,0.859375,0.014892578125,0.017034347947500698,0.00022178888320922852,0
9931,1.32080078125,4A,1.3125,4A,1.3125,0.00830078125,0.006284658040665434,6.890296936035156e-05,1
9932,-0.813720703125,CC,-0.8125,CB,-0.828125,0.014404296875,0.0177017701770177,0.00020748376846313477,0
9933,-0.876953125,C8,-0.875,C7,-0.890625,0.013671875,0.015590200445434299,0.000186920166015625,0
9934,-1.075927734375,BE,-1.0625,BE,-1.0625,0.013427734375,0.012480145223508056,0.00018030405044555664,1
9935,-0.11865234375,F8,-0.125,F9,-0.109375,0.00927734375,0.07818930041152264,8.606910705566406e-05,0
9936,-1.54931640625,AE,-1.5625,B0,-1.5,0.04931640625,0.03183107469271983,0.002432107925415039,0
9937,-0.678955078125,D5,-0.671875,D5,-0.671875,0.007080078125,0.010427903631787127,5.0127506256103516e-05,1
9938,-1.2578125,B8,-1.25,B8,-1.25,0.0078125,0.006211180124223602,6.103515625e-05,1
9939,-0.1943359375,F4,-0.1875,F3,-0.203125,0.0087890625,0.04522613065326633,7.724761962890625e-05,0
9940,0.330810546875,15,0.328125,15,0.328125,0.002685546875,0.008118081180811807,7.212162017822266e-06,1
9941,1.194091796875,46,1.1875,46,1.1875,0.006591796875,0.005520343488039256,4.3451786041259766e-05,1
9942,0.452880859375,1D,0.453125,1D,0.453125,0.000244140625,0.0005390835579514825,5.960464477539063e-08,1
9943,0.968505859375,3E,0.96875,3E,0.96875,0.000244140625,0.00025207965717166626,5.960464477539063e-08,1
9944,0.234130859375,0F,0.234375,0F,0.234375,0.000244140625,0.0010427528675703858,5.960464477539063e-08,1
9945,-0.525146484375,DE,-0.53125,DF,-0.515625,0.009521484375,0.01813110181311018,9.065866470336914e-05,0
9946,0.49658203125,20,0.5,20,0.5,0.00341796875,0.00688298918387414,1.1682510375976562e-05,1
9947,-0.743896484375,D0,-0.75,D1,-0.734375,0.009521484375,0.01279947489333771,9.065866470336914e-05,0
9948,0.394775390625,19,0.390625,19,0.390625,0.004150390625,0.010513296227581941,1.722574234008789e-05,1
9949,-0.183349609375,F4,-0.1875,F5,-0.171875,0.011474609375,0.06258322237017311,0.0001316666603088379,0
9950,-0.3203125,EC,-0.3125,EB,-0.328125,0.0078125,0.024390243902439025,6.103515625e-05,0
9951,0.037353515625,02,0.03125,04,0.0625,0.025146484375,0.673202614379085,0.0006323456764221191,0
9952,-0.639892578125,D7,-0.640625,D6,-0.65625,0.016357421875,0.025562762304463946,0.0002675652503967285,0
9953,0.72900390625,2F,0.734375,2F,0.734375,0.00537109375,0.007367716008037508,2.8848648071289062e-05,1
9954,-0.059326171875,FC,-0.0625,FC,-0.0625,0.003173828125,0.053497942386831275,1.0073184967041016e-05,1
9955,-0.114013671875,F9,-0.109375,F9,-0.109375,0.004638671875,0.04068522483940043,2.1517276763916016e-05,1
9956,0.913818359375,3A,0.90625,3B,0.921875,0.008056640625,0.008816457387122629,6.490945816040039e-05,0
9957,0.365478515625,17,0.359375,18,0.375,0.009521484375,0.026052104208416832,9.065866470336914e-05,0
9958,0.44091796875,1C,0.4375,1D,0.453125,0.01220703125,0.02768549280177187,0.00014901161193847656,0
9959,-0.38134765625,E8,-0.375,E8,-0.375,0.00634765625,0.016645326504481434,4.029273986816406e-05,1
9960,1.751708984375,58,1.75,58,1.75,0.001708984375,0.000975609756097561,2.9206275939941406e-06,1
9961,1.505615234375,50,1.5,50,1.5,0.005615234375,0.0037295281336143992,3.153085708618164e-05,1
9962,0.23583984375,0F,0.234375,0F,0.234375,0.00146484375,0.006211180124223602,2.1457672119140625e-06,1
9963,0.6552734375,2A,0.65625,2A,0.65625,0.0009765625,0.0014903129657228018,9.5367431640625e-07,1
9964,0.927978515625,3B,0.921875,3C,0.9375,0.009521484375,0.010260457774269928,9.065866470336914e-05,0
9965,-0.780029296875,CE,-0.78125,CE,-0.78125,0.001220703125,0.001564945226917058,1.4901161193847656e-06,1
9966,0.71240234375,2E,0.71875,2F,0.734375,0.02197265625,0.030843043180260453,0.00048279762268066406,0
9967,-0.387451171875,E7,-0.390625,E7,-0.390625,0.003173828125,0.008191556395715185,1.0073184967041016e-05,1
9968,1.95751953125,5F,1.96875,5E,1.9375,0.02001953125,0.010226989274133201,0.00040078163146972656,0
9969,-0.4287109375,E5,-0.421875,E5,-0.421875,0.0068359375,0.015945330296127564,4.673004150390625e-05,1
9970,0.5869140625,26,0.59375,25,0.578125,0.0087890625,0.014975041597337771,7.724761962890625e-05,0
9971,-1.287109375,B7,-1.28125,B6,-1.3125,0.025390625,0.019726858877086494,0.000644683837890625,0
9972,1.385009765625,4C,1.375,4C,1.375,0.010009765625,0.00722721664022563,0.00010019540786743164,1
9973,-1.300537109375,B6,-1.3125,B7,-1.28125,0.019287109375,0.014830110756523372,0.0003719925880432129,0
9974,-0.041015625,FD,-0.046875,FD,-0.046875,0.005859375,0.14285714285714285,3.4332275390625e-05,1
9975,0.2783203125,12,0.28125,11,0.265625,0.0126953125,0.0456140350877193,0.00016117095947265625,0
9976,0.743896484375,30,0.75,30,0.75,0.006103515625,0.008204791598293404,3.725290298461914e-05,1
9977,-0.149169921875,F6,-0.15625,F7,-0.140625,0.008544921875,0.057283142389525366,7.301568984985352e-05,0
9978,-0.25146484375,F0,-0.25,F0,-0.25,0.00146484375,0.005825242718446602,2.1457672119140625e-06,1
9979,1.128173828125,44,1.125,44,1.125,0.003173828125,0.002813243886604631,1.0073184967041016e-05,1
9980,-1.662353515625,AB,-1.65625,AB,-1.65625,0.006103515625,0.0036716111029519755,3.725290298461914e-05,1
9981,-0.90771484375,C6,-0.90625,C5,-0.921875,0.01416015625,0.015599784830554062,0.00020051002502441406,0
9982,-0.743896484375,D0,-0.75,D1,-0.734375,0.009521484375,0.01279947489333771,9.065866470336914e-05,0
9983,-0.332763671875,EB,-0.328125,EA,-0.34375,0.010986328125,0.03301540719002201,0.00012069940567016602,0
9984,0.810546875,34,0.8125,34,0.8125,0.001953125,0.0024096385542168677,3.814697265625e-06,1
9985,0.66015625,2A,0.65625,2A,0.65625,0.00390625,0.005917159763313609,1.52587890625e-05,1
9986,1.11474609375,44,1.125,44,1.125,0.01025390625,0.009198423127463863,0.00010514259338378906,1
9987,0.18212890625,0C,0.1875,0B,0.171875,0.01025390625,0.05630026809651475,0.00010514259338378906,0
9988,0.48876953125,1F,0.484375,1F,0.484375,0.00439453125,0.008991008991008992,1.9311904907226562e-05,1
9989,-0.843994140625,CA,-0.84375,CA,-0.84375,0.000244140625,0.0002892681515765114,5.960464477539063e-08,1
9990,0.95166015625,3D,0.953125,3D,0.953125,0.00146484375,0.0015392508978963571,2.1457672119140625e-06,1
9991,-0.69189453125,D4,-0.6875,D5,-0.671875,0.02001953125,0.02893436838390967,0.00040078163146972656,0
9992,0.2919921875,13,0.296875,13,0.296875,0.0048828125,0.016722408026755852,2.384185791015625e-05,1
9993,0.28759765625,12,0.28125,13,0.296875,0.00927734375,0.03225806451612903,8.606910705566406e-05,0
9994,-1.22021484375,B9,-1.21875,B9,-1.21875,0.00146484375,0.0012004801920768306,2.1457672119140625e-06,1
9995,-1.804931640625,A6,-1.8125,A6,-1.8125,0.007568359375,0.004193155687812796,5.728006362915039e-05,1
9996,1.171875,46,1.1875,46,1.1875,0.015625,0.013333333333333334,0.000244140625,1
9997,-0.480712890625,E1,-0.484375,E0,-0.5,0.019287109375,0.04012188928390046,0.0003719925880432129,0
9998,0.467041015625,1E,0.46875,1D,0.453125,0.013916015625,0.029796131730266597,0.00019365549087524414,0
9999,0.7060546875,2D,0.703125,2D,0.703125,0.0029296875,0.004149377593360996,8.58306884765625e-06,1
