row,vector_id,target,operand_index,bit,stuck_at,original,faulty,activated,golden,faulty_result,class
0,0,A0,0,0,0,29,28,True,A7,A9,SDC
1,0,A0,0,0,1,29,29,False,A7,A7,Not activated
2,0,A0,0,1,0,29,29,False,A7,A7,Not activated
3,0,A0,0,1,1,29,2B,True,A7,A7,Masked
4,0,A0,0,2,0,29,29,False,A7,A7,Not activated
5,0,A0,0,2,1,29,2D,True,A7,A3,SDC
6,0,A0,0,3,0,29,21,True,A7,A9,SDC
7,0,A0,0,3,1,29,29,False,A7,A7,Not activated
8,0,A0,0,4,0,29,29,False,A7,A7,Not activated
9,0,A0,0,4,1,29,39,True,A7,21,SDC
10,0,A0,0,5,0,29,09,True,A7,AB,SDC
11,0,A0,0,5,1,29,29,False,A7,A7,Not activated
12,0,A0,0,6,0,29,29,False,A7,A7,Not activated
13,0,A0,0,6,1,29,69,True,A7,60,SDC
14,0,A0,0,7,0,29,29,False,A7,A7,Not activated
15,0,A0,0,7,1,29,A9,True,A7,B1,SDC
16,0,A1,1,0,0,B7,B6,True,A7,A7,Masked
17,0,A1,1,0,1,B7,B7,False,A7,A7,Not activated
18,0,A1,1,1,0,B7,B5,True,A7,A7,Masked
19,0,A1,1,1,1,B7,B7,False,A7,A7,Not activated
20,0,A1,1,2,0,B7,B3,True,A7,A3,SDC
21,0,A1,1,2,1,B7,B7,False,A7,A7,Not activated
22,0,A1,1,3,0,B7,B7,False,A7,A7,Not activated
23,0,A1,1,3,1,B7,BF,True,A7,B1,SDC
24,0,A1,1,4,0,B7,A7,True,A7,86,SDC
25,0,A1,1,4,1,B7,B7,False,A7,A7,Not activated
26,0,A1,1,5,0,B7,97,True,A7,15,SDC
27,0,A1,1,5,1,B7,B7,False,A7,A7,Not activated
28,0,A1,1,6,0,B7,B7,False,A7,A7,Not activated
29,0,A1,1,6,1,B7,F7,True,A7,EA,SDC
30,0,A1,1,7,0,B7,37,True,A7,2D,SDC
31,0,A1,1,7,1,B7,B7,False,A7,A7,Not activated
32,0,A2,2,0,0,AE,AE,False,A7,A7,Not activated
33,0,A2,2,0,1,AE,AF,True,A7,A9,SDC
34,0,A2,2,1,0,AE,AC,True,A7,A3,SDC
35,0,A2,2,1,1,AE,AE,False,A7,A7,Not activated
36,0,A2,2,2,0,AE,AA,True,A7,A3,SDC
37,0,A2,2,2,1,AE,AE,False,A7,A7,Not activated
38,0,A2,2,3,0,AE,A6,True,A7,93,SDC
39,0,A2,2,3,1,AE,AE,False,A7,A7,Not activated
40,0,A2,2,4,0,AE,AE,False,A7,A7,Not activated
41,0,A2,2,4,1,AE,BE,True,A7,BA,SDC
42,0,A2,2,5,0,AE,8E,True,A7,1A,SDC
43,0,A2,2,5,1,AE,AE,False,A7,A7,Not activated
44,0,A2,2,6,0,AE,AE,False,A7,A7,Not activated
45,0,A2,2,6,1,AE,EE,True,A7,EB,SDC
46,0,A2,2,7,0,AE,2E,True,A7,2F,SDC
47,0,A2,2,7,1,AE,AE,False,A7,A7,Not activated
48,0,A3,3,0,0,B1,B0,True,A7,A9,SDC
49,0,A3,3,0,1,B1,B1,False,A7,A7,Not activated
50,0,A3,3,1,0,B1,B1,False,A7,A7,Not activated
51,0,A3,3,1,1,B1,B3,True,A7,A0,SDC
52,0,A3,3,2,0,B1,B1,False,A7,A7,Not activated
53,0,A3,3,2,1,B1,B5,True,A7,8E,SDC
54,0,A3,3,3,0,B1,B1,False,A7,A7,Not activated
55,0,A3,3,3,1,B1,B9,True,A7,26,SDC
56,0,A3,3,4,0,B1,A1,True,A7,B1,SDC
57,0,A3,3,4,1,B1,B1,False,A7,A7,Not activated
58,0,A3,3,5,0,B1,91,True,A7,B3,SDC
59,0,A3,3,5,1,B1,B1,False,A7,A7,Not activated
60,0,A3,3,6,0,B1,B1,False,A7,A7,Not activated
61,0,A3,3,6,1,B1,F1,True,A7,6F,SDC
62,0,A3,3,7,0,B1,31,True,A7,B9,SDC
63,0,A3,3,7,1,B1,B1,False,A7,A7,Not activated
64,0,B0,4,0,0,2F,2E,True,A7,A7,Masked
65,0,B0,4,0,1,2F,2F,False,A7,A7,Not activated
66,0,B0,4,1,0,2F,2D,True,A7,A9,SDC
67,0,B0,4,1,1,2F,2F,False,A7,A7,Not activated
68,0,B0,4,2,0,2F,2B,True,A7,A9,SDC
69,0,B0,4,2,1,2F,2F,False,A7,A7,Not activated
70,0,B0,4,3,0,2F,27,True,A7,A9,SDC
71,0,B0,4,3,1,2F,2F,False,A7,A7,Not activated
72,0,B0,4,4,0,2F,2F,False,A7,A7,Not activated
73,0,B0,4,4,1,2F,3F,True,A7,21,SDC
74,0,B0,4,5,0,2F,0F,True,A7,AB,SDC
75,0,B0,4,5,1,2F,2F,False,A7,A7,Not activated
76,0,B0,4,6,0,2F,2F,False,A7,A7,Not activated
77,0,B0,4,6,1,2F,6F,True,A7,60,SDC
78,0,B0,4,7,0,2F,2F,False,A7,A7,Not activated
79,0,B0,4,7,1,2F,AF,True,A7,B1,SDC
80,0,B1,5,0,0,2B,2A,True,A7,A7,Masked
81,0,B1,5,0,1,2B,2B,False,A7,A7,Not activated
82,0,B1,5,1,0,2B,29,True,A7,A3,SDC
83,0,B1,5,1,1,2B,2B,False,A7,A7,Not activated
84,0,B1,5,2,0,2B,2B,False,A7,A7,Not activated
85,0,B1,5,2,1,2B,2F,True,A7,AB,SDC
86,0,B1,5,3,0,2B,23,True,A7,9E,SDC
87,0,B1,5,3,1,2B,2B,False,A7,A7,Not activated
88,0,B1,5,4,0,2B,2B,False,A7,A7,Not activated
89,0,B1,5,4,1,2B,3B,True,A7,B9,SDC
90,0,B1,5,5,0,2B,0B,True,A7,15,SDC
91,0,B1,5,5,1,2B,2B,False,A7,A7,Not activated
92,0,B1,5,6,0,2B,2B,False,A7,A7,Not activated
93,0,B1,5,6,1,2B,6B,True,A7,EA,SDC
94,0,B1,5,7,0,2B,2B,False,A7,A7,Not activated
95,0,B1,5,7,1,2B,AB,True,A7,2D,SDC
96,0,B2,6,0,0,35,34,True,A7,A7,Masked
97,0,B2,6,0,1,35,35,False,A7,A7,Not activated
98,0,B2,6,1,0,35,35,False,A7,A7,Not activated
99,0,B2,6,1,1,35,37,True,A7,A9,SDC
100,0,B2,6,2,0,35,31,True,A7,9E,SDC
101,0,B2,6,2,1,35,35,False,A7,A7,Not activated
102,0,B2,6,3,0,35,35,False,A7,A7,Not activated
103,0,B2,6,3,1,35,3D,True,A7,B1,SDC
104,0,B2,6,4,0,35,25,True,A7,0A,SDC
105,0,B2,6,4,1,35,35,False,A7,A7,Not activated
106,0,B2,6,5,0,35,15,True,A7,1A,SDC
107,0,B2,6,5,1,35,35,False,A7,A7,Not activated
108,0,B2,6,6,0,35,35,False,A7,A7,Not activated
109,0,B2,6,6,1,35,75,True,A7,EB,SDC
110,0,B2,6,7,0,35,35,False,A7,A7,Not activated
111,0,B2,6,7,1,35,B5,True,A7,2F,SDC
112,0,B3,7,0,0,B5,B4,True,A7,A8,SDC
113,0,B3,7,0,1,B5,B5,False,A7,A7,Not activated
114,0,B3,7,1,0,B5,B5,False,A7,A7,Not activated
115,0,B3,7,1,1,B5,B7,True,A7,A2,SDC
116,0,B3,7,2,0,B5,B1,True,A7,AC,SDC
117,0,B3,7,2,1,B5,B5,False,A7,A7,Not activated
118,0,B3,7,3,0,B5,B5,False,A7,A7,Not activated
119,0,B3,7,3,1,B5,BD,True,A7,26,SDC
120,0,B3,7,4,0,B5,A5,True,A7,B1,SDC
121,0,B3,7,4,1,B5,B5,False,A7,A7,Not activated
122,0,B3,7,5,0,B5,95,True,A7,B3,SDC
123,0,B3,7,5,1,B5,B5,False,A7,A7,Not activated
124,0,B3,7,6,0,B5,B5,False,A7,A7,Not activated
125,0,B3,7,6,1,B5,F5,True,A7,6F,SDC
126,0,B3,7,7,0,B5,35,True,A7,B9,SDC
127,0,B3,7,7,1,B5,B5,False,A7,A7,Not activated
128,0,C0,8,0,0,A2,A2,False,A7,A7,Not activated
129,0,C0,8,0,1,A2,A3,True,A7,A9,SDC
130,0,C0,8,1,0,A2,A0,True,A7,A7,Masked
131,0,C0,8,1,1,A2,A2,False,A7,A7,Not activated
132,0,C0,8,2,0,A2,A2,False,A7,A7,Not activated
133,0,C0,8,2,1,A2,A6,True,A7,A9,SDC
134,0,C0,8,3,0,A2,A2,False,A7,A7,Not activated
135,0,C0,8,3,1,A2,AA,True,A7,AD,SDC
136,0,C0,8,4,0,A2,A2,False,A7,A7,Not activated
137,0,C0,8,4,1,A2,B2,True,A7,B3,SDC
138,0,C0,8,5,0,A2,82,True,A7,9E,SDC
139,0,C0,8,5,1,A2,A2,False,A7,A7,Not activated
140,0,C0,8,6,0,A2,A2,False,A7,A7,Not activated
141,0,C0,8,6,1,A2,E2,True,A7,E2,SDC
142,0,C0,8,7,0,A2,22,True,A7,15,SDC
143,0,C0,8,7,1,A2,A2,False,A7,A7,Not activated
144,1,A0,0,0,0,B7,B6,True,39,39,Masked
145,1,A0,0,0,1,B7,B7,False,39,39,Not activated
146,1,A0,0,1,0,B7,B5,True,39,38,SDC
147,1,A0,0,1,1,B7,B7,False,39,39,Not activated
148,1,A0,0,2,0,B7,B3,True,39,37,SDC
149,1,A0,0,2,1,B7,B7,False,39,39,Not activated
150,1,A0,0,3,0,B7,B7,False,39,39,Not activated
151,1,A0,0,3,1,B7,BF,True,39,3E,SDC
152,1,A0,0,4,0,B7,A7,True,39,33,SDC
153,1,A0,0,4,1,B7,B7,False,39,39,Not activated
154,1,A0,0,5,0,B7,97,True,39,31,SDC
155,1,A0,0,5,1,B7,B7,False,39,39,Not activated
156,1,A0,0,6,0,B7,B7,False,39,39,Not activated
157,1,A0,0,6,1,B7,F7,True,39,71,SDC
158,1,A0,0,7,0,B7,37,True,39,91,SDC
159,1,A0,0,7,1,B7,B7,False,39,39,Not activated
160,1,A1,1,0,0,B1,B0,True,39,39,Masked
161,1,A1,1,0,1,B1,B1,False,39,39,Not activated
162,1,A1,1,1,0,B1,B1,False,39,39,Not activated
163,1,A1,1,1,1,B1,B3,True,39,39,Masked
164,1,A1,1,2,0,B1,B1,False,39,39,Not activated
165,1,A1,1,2,1,B1,B5,True,39,38,SDC
166,1,A1,1,3,0,B1,B1,False,39,39,Not activated
167,1,A1,1,3,1,B1,B9,True,39,37,SDC
168,1,A1,1,4,0,B1,A1,True,39,3A,SDC
169,1,A1,1,4,1,B1,B1,False,39,39,Not activated
170,1,A1,1,5,0,B1,91,True,39,3A,SDC
171,1,A1,1,5,1,B1,B1,False,39,39,Not activated
172,1,A1,1,6,0,B1,B1,False,39,39,Not activated
173,1,A1,1,6,1,B1,F1,True,39,E3,SDC
174,1,A1,1,7,0,B1,31,True,39,3C,SDC
175,1,A1,1,7,1,B1,B1,False,39,39,Not activated
176,1,A2,2,0,0,05,04,True,39,39,Masked
177,1,A2,2,0,1,05,05,False,39,39,Not activated
178,1,A2,2,1,0,05,05,False,39,39,Not activated
179,1,A2,2,1,1,05,07,True,39,39,Masked
180,1,A2,2,2,0,05,01,True,39,39,Masked
181,1,A2,2,2,1,05,05,False,39,39,Not activated
182,1,A2,2,3,0,05,05,False,39,39,Not activated
183,1,A2,2,3,1,05,0D,True,39,39,Masked
184,1,A2,2,4,0,05,05,False,39,39,Not activated
185,1,A2,2,4,1,05,15,True,39,39,Masked
186,1,A2,2,5,0,05,05,False,39,39,Not activated
187,1,A2,2,5,1,05,25,True,39,39,Masked
188,1,A2,2,6,0,05,05,False,39,39,Not activated
189,1,A2,2,6,1,05,45,True,39,3B,SDC
190,1,A2,2,7,0,05,05,False,39,39,Not activated
191,1,A2,2,7,1,05,85,True,39,39,Masked
192,1,A3,3,0,0,B7,B6,True,39,38,SDC
193,1,A3,3,0,1,B7,B7,False,39,39,Not activated
194,1,A3,3,1,0,B7,B5,True,39,38,SDC
195,1,A3,3,1,1,B7,B7,False,39,39,Not activated
196,1,A3,3,2,0,B7,B3,True,39,37,SDC
197,1,A3,3,2,1,B7,B7,False,39,39,Not activated
198,1,A3,3,3,0,B7,B7,False,39,39,Not activated
199,1,A3,3,3,1,B7,BF,True,39,3D,SDC
200,1,A3,3,4,0,B7,A7,True,39,33,SDC
201,1,A3,3,4,1,B7,B7,False,39,39,Not activated
202,1,A3,3,5,0,B7,97,True,39,32,SDC
203,1,A3,3,5,1,B7,B7,False,39,39,Not activated
204,1,A3,3,6,0,B7,B7,False,39,39,Not activated
205,1,A3,3,6,1,B7,F7,True,39,70,SDC
206,1,A3,3,7,0,B7,37,True,39,11,SDC
207,1,A3,3,7,1,B7,B7,False,39,39,Not activated
208,1,B0,4,0,0,B2,B2,False,39,39,Not activated
209,1,B0,4,0,1,B2,B3,True,39,39,Masked
210,1,B0,4,1,0,B2,B0,True,39,37,SDC
211,1,B0,4,1,1,B2,B2,False,39,39,Not activated
212,1,B0,4,2,0,B2,B2,False,39,39,Not activated
213,1,B0,4,2,1,B2,B6,True,39,3B,SDC
214,1,B0,4,3,0,B2,B2,False,39,39,Not activated
215,1,B0,4,3,1,B2,BA,True,39,3E,SDC
216,1,B0,4,4,0,B2,A2,True,39,33,SDC
217,1,B0,4,4,1,B2,B2,False,39,39,Not activated
218,1,B0,4,5,0,B2,92,True,39,31,SDC
219,1,B0,4,5,1,B2,B2,False,39,39,Not activated
220,1,B0,4,6,0,B2,B2,False,39,39,Not activated
221,1,B0,4,6,1,B2,F2,True,39,71,SDC
222,1,B0,4,7,0,B2,32,True,39,91,SDC
223,1,B0,4,7,1,B2,B2,False,39,39,Not activated
224,1,B1,5,0,0,2A,2A,False,39,39,Not activated
225,1,B1,5,0,1,2A,2B,True,39,39,Masked
226,1,B1,5,1,0,2A,28,True,39,39,Masked
227,1,B1,5,1,1,2A,2A,False,39,39,Not activated
228,1,B1,5,2,0,2A,2A,False,39,39,Not activated
229,1,B1,5,2,1,2A,2E,True,39,38,SDC
230,1,B1,5,3,0,2A,22,True,39,3A,SDC
231,1,B1,5,3,1,2A,2A,False,39,39,Not activated
232,1,B1,5,4,0,2A,2A,False,39,39,Not activated
233,1,B1,5,4,1,2A,3A,True,39,31,SDC
234,1,B1,5,5,0,2A,0A,True,39,3A,SDC
235,1,B1,5,5,1,2A,2A,False,39,39,Not activated
236,1,B1,5,6,0,2A,2A,False,39,39,Not activated
237,1,B1,5,6,1,2A,6A,True,39,E3,SDC
238,1,B1,5,7,0,2A,2A,False,39,39,Not activated
239,1,B1,5,7,1,2A,AA,True,39,3C,SDC
240,1,B2,6,0,0,1C,1C,False,39,39,Not activated
241,1,B2,6,0,1,1C,1D,True,39,39,Masked
242,1,B2,6,1,0,1C,1C,False,39,39,Not activated
243,1,B2,6,1,1,1C,1E,True,39,39,Masked
244,1,B2,6,2,0,1C,18,True,39,39,Masked
245,1,B2,6,2,1,1C,1C,False,39,39,Not activated
246,1,B2,6,3,0,1C,14,True,39,39,Masked
247,1,B2,6,3,1,1C,1C,False,39,39,Not activated
248,1,B2,6,4,0,1C,0C,True,39,39,Masked
249,1,B2,6,4,1,1C,1C,False,39,39,Not activated
250,1,B2,6,5,0,1C,1C,False,39,39,Not activated
251,1,B2,6,5,1,1C,3C,True,39,39,Masked
252,1,B2,6,6,0,1C,1C,False,39,39,Not activated
253,1,B2,6,6,1,1C,5C,True,39,3B,SDC
254,1,B2,6,7,0,1C,1C,False,39,39,Not activated
255,1,B2,6,7,1,1C,9C,True,39,39,Masked
256,1,B3,7,0,0,B1,B0,True,39,38,SDC
257,1,B3,7,0,1,B1,B1,False,39,39,Not activated
258,1,B3,7,1,0,B1,B1,False,39,39,Not activated
259,1,B3,7,1,1,B1,B3,True,39,3A,SDC
260,1,B3,7,2,0,B1,B1,False,39,39,Not activated
261,1,B3,7,2,1,B1,B5,True,39,3B,SDC
262,1,B3,7,3,0,B1,B1,False,39,39,Not activated
263,1,B3,7,3,1,B1,B9,True,39,3D,SDC
264,1,B3,7,4,0,B1,A1,True,39,33,SDC
265,1,B3,7,4,1,B1,B1,False,39,39,Not activated
266,1,B3,7,5,0,B1,91,True,39,32,SDC
267,1,B3,7,5,1,B1,B1,False,39,39,Not activated
268,1,B3,7,6,0,B1,B1,False,39,39,Not activated
269,1,B3,7,6,1,B1,F1,True,39,70,SDC
270,1,B3,7,7,0,B1,31,True,39,11,SDC
271,1,B3,7,7,1,B1,B1,False,39,39,Not activated
272,1,C0,8,0,0,23,22,True,39,39,Masked
273,1,C0,8,0,1,23,23,False,39,39,Not activated
274,1,C0,8,1,0,23,21,True,39,39,Masked
275,1,C0,8,1,1,23,23,False,39,39,Not activated
276,1,C0,8,2,0,23,23,False,39,39,Not activated
277,1,C0,8,2,1,23,27,True,39,39,Masked
278,1,C0,8,3,0,23,23,False,39,39,Not activated
279,1,C0,8,3,1,23,2B,True,39,3A,SDC
280,1,C0,8,4,0,23,23,False,39,39,Not activated
281,1,C0,8,4,1,23,33,True,39,3D,SDC
282,1,C0,8,5,0,23,03,True,39,36,SDC
283,1,C0,8,5,1,23,23,False,39,39,Not activated
284,1,C0,8,6,0,23,23,False,39,39,Not activated
285,1,C0,8,6,1,23,63,True,39,63,SDC
286,1,C0,8,7,0,23,23,False,39,39,Not activated
287,1,C0,8,7,1,23,A3,True,39,34,SDC
288,2,A0,0,0,0,32,32,False,22,22,Not activated
289,2,A0,0,0,1,32,33,True,22,22,Masked
290,2,A0,0,1,0,32,30,True,22,22,Masked
291,2,A0,0,1,1,32,32,False,22,22,Not activated
292,2,A0,0,2,0,32,32,False,22,22,Not activated
293,2,A0,0,2,1,32,36,True,22,0F,SDC
294,2,A0,0,3,0,32,32,False,22,22,Not activated
295,2,A0,0,3,1,32,3A,True,22,9D,SDC
296,2,A0,0,4,0,32,22,True,22,29,SDC
297,2,A0,0,4,1,32,32,False,22,22,Not activated
298,2,A0,0,5,0,32,12,True,22,2B,SDC
299,2,A0,0,5,1,32,32,False,22,22,Not activated
300,2,A0,0,6,0,32,32,False,22,22,Not activated
301,2,A0,0,6,1,32,72,True,22,E5,SDC
302,2,A0,0,7,0,32,32,False,22,22,Not activated
303,2,A0,0,7,1,32,B2,True,22,30,SDC
304,2,A1,1,0,0,B8,B8,False,22,22,Not activated
305,2,A1,1,0,1,B8,B9,True,22,28,SDC
306,2,A1,1,1,0,B8,B8,False,22,22,Not activated
307,2,A1,1,1,1,B8,BA,True,22,2A,SDC
308,2,A1,1,2,0,B8,B8,False,22,22,Not activated
309,2,A1,1,2,1,B8,BC,True,22,30,SDC
310,2,A1,1,3,0,B8,B0,True,22,A3,SDC
311,2,A1,1,3,1,B8,B8,False,22,22,Not activated
312,2,A1,1,4,0,B8,A8,True,22,AB,SDC
313,2,A1,1,4,1,B8,B8,False,22,22,Not activated
314,2,A1,1,5,0,B8,98,True,22,AF,SDC
315,2,A1,1,5,1,B8,B8,False,22,22,Not activated
316,2,A1,1,6,0,B8,B8,False,22,22,Not activated
317,2,A1,1,6,1,B8,F8,True,22,78,SDC
318,2,A1,1,7,0,B8,38,True,22,BA,SDC
319,2,A1,1,7,1,B8,B8,False,22,22,Not activated
320,2,A2,2,0,0,32,32,False,22,22,Not activated
321,2,A2,2,0,1,32,33,True,22,26,SDC
322,2,A2,2,1,0,32,30,True,22,0F,SDC
323,2,A2,2,1,1,32,32,False,22,22,Not activated
324,2,A2,2,2,0,32,32,False,22,22,Not activated
325,2,A2,2,2,1,32,36,True,22,2C,SDC
326,2,A2,2,3,0,32,32,False,22,22,Not activated
327,2,A2,2,3,1,32,3A,True,22,34,SDC
328,2,A2,2,4,0,32,22,True,22,AA,SDC
329,2,A2,2,4,1,32,32,False,22,22,Not activated
330,2,A2,2,5,0,32,12,True,22,AD,SDC
331,2,A2,2,5,1,32,32,False,22,22,Not activated
332,2,A2,2,6,0,32,32,False,22,22,Not activated
333,2,A2,2,6,1,32,72,True,22,71,SDC
334,2,A2,2,7,0,32,32,False,22,22,Not activated
335,2,A2,2,7,1,32,B2,True,22,B8,SDC
336,2,A3,3,0,0,2D,2C,True,22,22,Masked
337,2,A3,3,0,1,2D,2D,False,22,22,Not activated
338,2,A3,3,1,0,2D,2D,False,22,22,Not activated
339,2,A3,3,1,1,2D,2F,True,22,21,SDC
340,2,A3,3,2,0,2D,29,True,22,24,SDC
341,2,A3,3,2,1,2D,2D,False,22,22,Not activated
342,2,A3,3,3,0,2D,25,True,22,26,SDC
343,2,A3,3,3,1,2D,2D,False,22,22,Not activated
344,2,A3,3,4,0,2D,2D,False,22,22,Not activated
345,2,A3,3,4,1,2D,3D,True,22,A6,SDC
346,2,A3,3,5,0,2D,0D,True,22,29,SDC
347,2,A3,3,5,1,2D,2D,False,22,22,Not activated
348,2,A3,3,6,0,2D,2D,False,22,22,Not activated
349,2,A3,3,6,1,2D,6D,True,22,E0,SDC
350,2,A3,3,7,0,2D,2D,False,22,22,Not activated
351,2,A3,3,7,1,2D,AD,True,22,2D,SDC
352,2,B0,4,0,0,AA,AA,False,22,22,Not activated
353,2,B0,4,0,1,AA,AB,True,22,22,Masked
354,2,B0,4,1,0,AA,A8,True,22,22,Masked
355,2,B0,4,1,1,AA,AA,False,22,22,Not activated
356,2,B0,4,2,0,AA,AA,False,22,22,Not activated
357,2,B0,4,2,1,AA,AE,True,22,0F,SDC
358,2,B0,4,3,0,AA,A2,True,22,26,SDC
359,2,B0,4,3,1,AA,AA,False,22,22,Not activated
360,2,B0,4,4,0,AA,AA,False,22,22,Not activated
361,2,B0,4,4,1,AA,BA,True,22,AF,SDC
362,2,B0,4,5,0,AA,8A,True,22,2B,SDC
363,2,B0,4,5,1,AA,AA,False,22,22,Not activated
364,2,B0,4,6,0,AA,AA,False,22,22,Not activated
365,2,B0,4,6,1,AA,EA,True,22,E5,SDC
366,2,B0,4,7,0,AA,2A,True,22,30,SDC
367,2,B0,4,7,1,AA,AA,False,22,22,Not activated
368,2,B1,5,0,0,B3,B2,True,22,1C,SDC
369,2,B1,5,0,1,B3,B3,False,22,22,Not activated
370,2,B1,5,1,0,B3,B1,True,22,0F,SDC
371,2,B1,5,1,1,B3,B3,False,22,22,Not activated
372,2,B1,5,2,0,B3,B3,False,22,22,Not activated
373,2,B1,5,2,1,B3,B7,True,22,2C,SDC
374,2,B1,5,3,0,B3,B3,False,22,22,Not activated
375,2,B1,5,3,1,B3,BB,True,22,35,SDC
376,2,B1,5,4,0,B3,A3,True,22,AB,SDC
377,2,B1,5,4,1,B3,B3,False,22,22,Not activated
378,2,B1,5,5,0,B3,93,True,22,AF,SDC
379,2,B1,5,5,1,B3,B3,False,22,22,Not activated
380,2,B1,5,6,0,B3,B3,False,22,22,Not activated
381,2,B1,5,6,1,B3,F3,True,22,73,SDC
382,2,B1,5,7,0,B3,33,True,22,BA,SDC
383,2,B1,5,7,1,B3,B3,False,22,22,Not activated
384,2,B2,6,0,0,37,36,True,22,1E,SDC
385,2,B2,6,0,1,37,37,False,22,22,Not activated
386,2,B2,6,1,0,37,35,True,22,18,SDC
387,2,B2,6,1,1,37,37,False,22,22,Not activated
388,2,B2,6,2,0,37,33,True,22,85,SDC
389,2,B2,6,2,1,37,37,False,22,22,Not activated
390,2,B2,6,3,0,37,37,False,22,22,Not activated
391,2,B2,6,3,1,37,3F,True,22,34,SDC
392,2,B2,6,4,0,37,27,True,22,AA,SDC
393,2,B2,6,4,1,37,37,False,22,22,Not activated
394,2,B2,6,5,0,37,17,True,22,AD,SDC
395,2,B2,6,5,1,37,37,False,22,22,Not activated
396,2,B2,6,6,0,37,37,False,22,22,Not activated
397,2,B2,6,6,1,37,77,True,22,71,SDC
398,2,B2,6,7,0,37,37,False,22,22,Not activated
399,2,B2,6,7,1,37,B7,True,22,B8,SDC
400,2,B3,7,0,0,AA,AA,False,22,22,Not activated
401,2,B3,7,0,1,AA,AB,True,22,21,SDC
402,2,B3,7,1,0,AA,A8,True,22,24,SDC
403,2,B3,7,1,1,AA,AA,False,22,22,Not activated
404,2,B3,7,2,0,AA,AA,False,22,22,Not activated
405,2,B3,7,2,1,AA,AE,True,22,1D,SDC
406,2,B3,7,3,0,AA,A2,True,22,26,SDC
407,2,B3,7,3,1,AA,AA,False,22,22,Not activated
408,2,B3,7,4,0,AA,AA,False,22,22,Not activated
409,2,B3,7,4,1,AA,BA,True,22,A6,SDC
410,2,B3,7,5,0,AA,8A,True,22,29,SDC
411,2,B3,7,5,1,AA,AA,False,22,22,Not activated
412,2,B3,7,6,0,AA,AA,False,22,22,Not activated
413,2,B3,7,6,1,AA,EA,True,22,E0,SDC
414,2,B3,7,7,0,AA,2A,True,22,2D,SDC
415,2,B3,7,7,1,AA,AA,False,22,22,Not activated
416,2,C0,8,0,0,B5,B4,True,22,26,SDC
417,2,C0,8,0,1,B5,B5,False,22,22,Not activated
418,2,C0,8,1,0,B5,B5,False,22,22,Not activated
419,2,C0,8,1,1,B5,B7,True,22,0F,SDC
420,2,C0,8,2,0,B5,B1,True,22,2C,SDC
421,2,C0,8,2,1,B5,B5,False,22,22,Not activated
422,2,C0,8,3,0,B5,B5,False,22,22,Not activated
423,2,C0,8,3,1,B5,BD,True,22,B5,SDC
424,2,C0,8,4,0,B5,A5,True,22,34,SDC
425,2,C0,8,4,1,B5,B5,False,22,22,Not activated
426,2,C0,8,5,0,B5,95,True,22,36,SDC
427,2,C0,8,5,1,B5,B5,False,22,22,Not activated
428,2,C0,8,6,0,B5,B5,False,22,22,Not activated
429,2,C0,8,6,1,B5,F5,True,22,F5,SDC
430,2,C0,8,7,0,B5,35,True,22,3E,SDC
431,2,C0,8,7,1,B5,B5,False,22,22,Not activated
432,3,A0,0,0,0,B5,B4,True,A5,A3,SDC
433,3,A0,0,0,1,B5,B5,False,A5,A5,Not activated
434,3,A0,0,1,0,B5,B5,False,A5,A5,Not activated
435,3,A0,0,1,1,B5,B7,True,A5,A8,SDC
436,3,A0,0,2,0,B5,B1,True,A5,9A,SDC
437,3,A0,0,2,1,B5,B5,False,A5,A5,Not activated
438,3,A0,0,3,0,B5,B5,False,A5,A5,Not activated
439,3,A0,0,3,1,B5,BD,True,A5,B2,SDC
440,3,A0,0,4,0,B5,A5,True,A5,1C,SDC
441,3,A0,0,4,1,B5,B5,False,A5,A5,Not activated
442,3,A0,0,5,0,B5,95,True,A5,22,SDC
443,3,A0,0,5,1,B5,B5,False,A5,A5,Not activated
444,3,A0,0,6,0,B5,B5,False,A5,A5,Not activated
445,3,A0,0,6,1,B5,F5,True,A5,EC,SDC
446,3,A0,0,7,0,B5,35,True,A5,30,SDC
447,3,A0,0,7,1,B5,B5,False,A5,A5,Not activated
448,3,A1,1,0,0,33,32,True,A5,A5,Masked
449,3,A1,1,0,1,33,33,False,A5,A5,Not activated
450,3,A1,1,1,0,33,31,True,A5,A5,Masked
451,3,A1,1,1,1,33,33,False,A5,A5,Not activated
452,3,A1,1,2,0,33,33,False,A5,A5,Not activated
453,3,A1,1,2,1,33,37,True,A5,A4,SDC
454,3,A1,1,3,0,33,33,False,A5,A5,Not activated
455,3,A1,1,3,1,33,3B,True,A5,A2,SDC
456,3,A1,1,4,0,33,23,True,A5,A8,SDC
457,3,A1,1,4,1,33,33,False,A5,A5,Not activated
458,3,A1,1,5,0,33,13,True,A5,A8,SDC
459,3,A1,1,5,1,33,33,False,A5,A5,Not activated
460,3,A1,1,6,0,33,33,False,A5,A5,Not activated
461,3,A1,1,6,1,33,73,True,A5,54,SDC
462,3,A1,1,7,0,33,33,False,A5,A5,Not activated
463,3,A1,1,7,1,33,B3,True,A5,AA,SDC
464,3,A2,2,0,0,25,24,True,A5,A6,SDC
465,3,A2,2,0,1,25,25,False,A5,A5,Not activated
466,3,A2,2,1,0,25,25,False,A5,A5,Not activated
467,3,A2,2,1,1,25,27,True,A5,A3,SDC
468,3,A2,2,2,0,25,21,True,A5,A8,SDC
469,3,A2,2,2,1,25,25,False,A5,A5,Not activated
470,3,A2,2,3,0,25,25,False,A5,A5,Not activated
471,3,A2,2,3,1,25,2D,True,A5,88,SDC
472,3,A2,2,4,0,25,25,False,A5,A5,Not activated
473,3,A2,2,4,1,25,35,True,A5,2B,SDC
474,3,A2,2,5,0,25,05,True,A5,AC,SDC
475,3,A2,2,5,1,25,25,False,A5,A5,Not activated
476,3,A2,2,6,0,25,25,False,A5,A5,Not activated
477,3,A2,2,6,1,25,65,True,A5,64,SDC
478,3,A2,2,7,0,25,25,False,A5,A5,Not activated
479,3,A2,2,7,1,25,A5,True,A5,B2,SDC
480,3,A3,3,0,0,32,32,False,A5,A5,Not activated
481,3,A3,3,0,1,32,33,True,A5,A6,SDC
482,3,A3,3,1,0,32,30,True,A5,A3,SDC
483,3,A3,3,1,1,32,32,False,A5,A5,Not activated
484,3,A3,3,2,0,32,32,False,A5,A5,Not activated
485,3,A3,3,2,1,32,36,True,A5,A8,SDC
486,3,A3,3,3,0,32,32,False,A5,A5,Not activated
487,3,A3,3,3,1,32,3A,True,A5,AB,SDC
488,3,A3,3,4,0,32,22,True,A5,9A,SDC
489,3,A3,3,4,1,32,32,False,A5,A5,Not activated
490,3,A3,3,5,0,32,12,True,A5,96,SDC
491,3,A3,3,5,1,32,32,False,A5,A5,Not activated
492,3,A3,3,6,0,32,32,False,A5,A5,Not activated
493,3,A3,3,6,1,32,72,True,A5,E2,SDC
494,3,A3,3,7,0,32,32,False,A5,A5,Not activated
495,3,A3,3,7,1,32,B2,True,A5,1E,SDC
496,3,B0,4,0,0,2F,2E,True,A5,A3,SDC
497,3,B0,4,0,1,2F,2F,False,A5,A5,Not activated
498,3,B0,4,1,0,2F,2D,True,A5,A2,SDC
499,3,B0,4,1,1,2F,2F,False,A5,A5,Not activated
500,3,B0,4,2,0,2F,2B,True,A5,9C,SDC
501,3,B0,4,2,1,2F,2F,False,A5,A5,Not activated
502,3,B0,4,3,0,2F,27,True,A5,00,SDC
503,3,B0,4,3,1,2F,2F,False,A5,A5,Not activated
504,3,B0,4,4,0,2F,2F,False,A5,A5,Not activated
505,3,B0,4,4,1,2F,3F,True,A5,BA,SDC
506,3,B0,4,5,0,2F,0F,True,A5,22,SDC
507,3,B0,4,5,1,2F,2F,False,A5,A5,Not activated
508,3,B0,4,6,0,2F,2F,False,A5,A5,Not activated
509,3,B0,4,6,1,2F,6F,True,A5,EC,SDC
510,3,B0,4,7,0,2F,2F,False,A5,A5,Not activated
511,3,B0,4,7,1,2F,AF,True,A5,30,SDC
512,3,B1,5,0,0,19,18,True,A5,A5,Masked
513,3,B1,5,0,1,19,19,False,A5,A5,Not activated
514,3,B1,5,1,0,19,19,False,A5,A5,Not activated
515,3,B1,5,1,1,19,1B,True,A5,A4,SDC
516,3,B1,5,2,0,19,19,False,A5,A5,Not activated
517,3,B1,5,2,1,19,1D,True,A5,A4,SDC
518,3,B1,5,3,0,19,11,True,A5,A6,SDC
519,3,B1,5,3,1,19,19,False,A5,A5,Not activated
520,3,B1,5,4,0,19,09,True,A5,A8,SDC
521,3,B1,5,4,1,19,19,False,A5,A5,Not activated
522,3,B1,5,5,0,19,19,False,A5,A5,Not activated
523,3,B1,5,5,1,19,39,True,A5,30,SDC
524,3,B1,5,6,0,19,19,False,A5,A5,Not activated
525,3,B1,5,6,1,19,59,True,A5,54,SDC
526,3,B1,5,7,0,19,19,False,A5,A5,Not activated
527,3,B1,5,7,1,19,99,True,A5,AA,SDC
528,3,B2,6,0,0,37,36,True,A5,A6,SDC
529,3,B2,6,0,1,37,37,False,A5,A5,Not activated
530,3,B2,6,1,0,37,35,True,A5,A6,SDC
531,3,B2,6,1,1,37,37,False,A5,A5,Not activated
532,3,B2,6,2,0,37,33,True,A5,A8,SDC
533,3,B2,6,2,1,37,37,False,A5,A5,Not activated
534,3,B2,6,3,0,37,37,False,A5,A5,Not activated
535,3,B2,6,3,1,37,3F,True,A5,88,SDC
536,3,B2,6,4,0,37,27,True,A5,AB,SDC
537,3,B2,6,4,1,37,37,False,A5,A5,Not activated
538,3,B2,6,5,0,37,17,True,A5,AC,SDC
539,3,B2,6,5,1,37,37,False,A5,A5,Not activated
540,3,B2,6,6,0,37,37,False,A5,A5,Not activated
541,3,B2,6,6,1,37,77,True,A5,64,SDC
542,3,B2,6,7,0,37,37,False,A5,A5,Not activated
543,3,B2,6,7,1,37,B7,True,A5,B2,SDC
544,3,B3,7,0,0,A8,A8,False,A5,A5,Not activated
545,3,B3,7,0,1,A8,A9,True,A5,A6,SDC
546,3,B3,7,1,0,A8,A8,False,A5,A5,Not activated
547,3,B3,7,1,1,A8,AA,True,A5,A7,SDC
548,3,B3,7,2,0,A8,A8,False,A5,A5,Not activated
549,3,B3,7,2,1,A8,AC,True,A5,A9,SDC
550,3,B3,7,3,0,A8,A0,True,A5,A0,SDC
551,3,B3,7,3,1,A8,A8,False,A5,A5,Not activated
552,3,B3,7,4,0,A8,A8,False,A5,A5,Not activated
553,3,B3,7,4,1,A8,B8,True,A5,B3,SDC
554,3,B3,7,5,0,A8,88,True,A5,96,SDC
555,3,B3,7,5,1,A8,A8,False,A5,A5,Not activated
556,3,B3,7,6,0,A8,A8,False,A5,A5,Not activated
557,3,B3,7,6,1,A8,E8,True,A5,E2,SDC
558,3,B3,7,7,0,A8,28,True,A5,1E,SDC
559,3,B3,7,7,1,A8,A8,False,A5,A5,Not activated
560,3,C0,8,0,0,1D,1C,True,A5,A5,Masked
561,3,C0,8,0,1,1D,1D,False,A5,A5,Not activated
562,3,C0,8,1,0,1D,1D,False,A5,A5,Not activated
563,3,C0,8,1,1,1D,1F,True,A5,A3,SDC
564,3,C0,8,2,0,1D,19,True,A5,A6,SDC
565,3,C0,8,2,1,1D,1D,False,A5,A5,Not activated
566,3,C0,8,3,0,1D,15,True,A5,A8,SDC
567,3,C0,8,3,1,1D,1D,False,A5,A5,Not activated
568,3,C0,8,4,0,1D,0D,True,A5,A8,SDC
569,3,C0,8,4,1,1D,1D,False,A5,A5,Not activated
570,3,C0,8,5,0,1D,1D,False,A5,A5,Not activated
571,3,C0,8,5,1,1D,3D,True,A5,3B,SDC
572,3,C0,8,6,0,1D,1D,False,A5,A5,Not activated
573,3,C0,8,6,1,1D,5D,True,A5,5D,SDC
574,3,C0,8,7,0,1D,1D,False,A5,A5,Not activated
575,3,C0,8,7,1,1D,9D,True,A5,AC,SDC
576,4,A0,0,0,0,33,32,True,BB,BB,Masked
577,4,A0,0,0,1,33,33,False,BB,BB,Not activated
578,4,A0,0,1,0,33,31,True,BB,BB,Masked
579,4,A0,0,1,1,33,33,False,BB,BB,Not activated
580,4,A0,0,2,0,33,33,False,BB,BB,Not activated
581,4,A0,0,2,1,33,37,True,BB,BA,SDC
582,4,A0,0,3,0,33,33,False,BB,BB,Not activated
583,4,A0,0,3,1,33,3B,True,BB,B7,SDC
584,4,A0,0,4,0,33,23,True,BB,BC,SDC
585,4,A0,0,4,1,33,33,False,BB,BB,Not activated
586,4,A0,0,5,0,33,13,True,BB,BC,SDC
587,4,A0,0,5,1,33,33,False,BB,BB,Not activated
588,4,A0,0,6,0,33,33,False,BB,BB,Not activated
589,4,A0,0,6,1,33,73,True,BB,69,SDC
590,4,A0,0,7,0,33,33,False,BB,BB,Not activated
591,4,A0,0,7,1,33,B3,True,BB,BF,SDC
592,4,A1,1,0,0,27,26,True,BB,BA,SDC
593,4,A1,1,0,1,27,27,False,BB,BB,Not activated
594,4,A1,1,1,0,27,25,True,BB,BA,SDC
595,4,A1,1,1,1,27,27,False,BB,BB,Not activated
596,4,A1,1,2,0,27,23,True,BB,BA,SDC
597,4,A1,1,2,1,27,27,False,BB,BB,Not activated
598,4,A1,1,3,0,27,27,False,BB,BB,Not activated
599,4,A1,1,3,1,27,2F,True,BB,BC,SDC
600,4,A1,1,4,0,27,27,False,BB,BB,Not activated
601,4,A1,1,4,1,27,37,True,BB,C0,SDC
602,4,A1,1,5,0,27,07,True,BB,B9,SDC
603,4,A1,1,5,1,27,27,False,BB,BB,Not activated
604,4,A1,1,6,0,27,27,False,BB,BB,Not activated
605,4,A1,1,6,1,27,67,True,BB,E6,SDC
606,4,A1,1,7,0,27,27,False,BB,BB,Not activated
607,4,A1,1,7,1,27,A7,True,BB,B5,SDC
608,4,A2,2,0,0,34,34,False,BB,BB,Not activated
609,4,A2,2,0,1,34,35,True,BB,BB,Masked
610,4,A2,2,1,0,34,34,False,BB,BB,Not activated
611,4,A2,2,1,1,34,36,True,BB,BB,Masked
612,4,A2,2,2,0,34,30,True,BB,BA,SDC
613,4,A2,2,2,1,34,34,False,BB,BB,Not activated
614,4,A2,2,3,0,34,34,False,BB,BB,Not activated
615,4,A2,2,3,1,34,3C,True,BB,BE,SDC
616,4,A2,2,4,0,34,24,True,BB,B8,SDC
617,4,A2,2,4,1,34,34,False,BB,BB,Not activated
618,4,A2,2,5,0,34,14,True,BB,B6,SDC
619,4,A2,2,5,1,34,34,False,BB,BB,Not activated
620,4,A2,2,6,0,34,34,False,BB,BB,Not activated
621,4,A2,2,6,1,34,74,True,BB,EE,SDC
622,4,A2,2,7,0,34,34,False,BB,BB,Not activated
623,4,A2,2,7,1,34,B4,True,BB,AE,SDC
624,4,A3,3,0,0,22,22,False,BB,BB,Not activated
625,4,A3,3,0,1,22,23,True,BB,BB,Masked
626,4,A3,3,1,0,22,20,True,BB,BA,SDC
627,4,A3,3,1,1,22,22,False,BB,BB,Not activated
628,4,A3,3,2,0,22,22,False,BB,BB,Not activated
629,4,A3,3,2,1,22,26,True,BB,BB,Masked
630,4,A3,3,3,0,22,22,False,BB,BB,Not activated
631,4,A3,3,3,1,22,2A,True,BB,BB,Masked
632,4,A3,3,4,0,22,22,False,BB,BB,Not activated
633,4,A3,3,4,1,22,32,True,BB,BC,SDC
634,4,A3,3,5,0,22,02,True,BB,BA,SDC
635,4,A3,3,5,1,22,22,False,BB,BB,Not activated
636,4,A3,3,6,0,22,22,False,BB,BB,Not activated
637,4,A3,3,6,1,22,62,True,BB,D9,SDC
638,4,A3,3,7,0,22,22,False,BB,BB,Not activated
639,4,A3,3,7,1,22,A2,True,BB,B9,SDC
640,4,B0,4,0,0,2D,2C,True,BB,BB,Masked
641,4,B0,4,0,1,2D,2D,False,BB,BB,Not activated
642,4,B0,4,1,0,2D,2D,False,BB,BB,Not activated
643,4,B0,4,1,1,2D,2F,True,BB,BA,SDC
644,4,B0,4,2,0,2D,29,True,BB,BB,Masked
645,4,B0,4,2,1,2D,2D,False,BB,BB,Not activated
646,4,B0,4,3,0,2D,25,True,BB,BC,SDC
647,4,B0,4,3,1,2D,2D,False,BB,BB,Not activated
648,4,B0,4,4,0,2D,2D,False,BB,BB,Not activated
649,4,B0,4,4,1,2D,3D,True,BB,AC,SDC
650,4,B0,4,5,0,2D,0D,True,BB,BC,SDC
651,4,B0,4,5,1,2D,2D,False,BB,BB,Not activated
652,4,B0,4,6,0,2D,2D,False,BB,BB,Not activated
653,4,B0,4,6,1,2D,6D,True,BB,69,SDC
654,4,B0,4,7,0,2D,2D,False,BB,BB,Not activated
655,4,B0,4,7,1,2D,AD,True,BB,BF,SDC
656,4,B1,5,0,0,B7,B6,True,BB,BA,SDC
657,4,B1,5,0,1,B7,B7,False,BB,BB,Not activated
658,4,B1,5,1,0,B7,B5,True,BB,BA,SDC
659,4,B1,5,1,1,B7,B7,False,BB,BB,Not activated
660,4,B1,5,2,0,B7,B3,True,BB,BA,SDC
661,4,B1,5,2,1,B7,B7,False,BB,BB,Not activated
662,4,B1,5,3,0,B7,B7,False,BB,BB,Not activated
663,4,B1,5,3,1,B7,BF,True,BB,BC,SDC
664,4,B1,5,4,0,B7,A7,True,BB,B9,SDC
665,4,B1,5,4,1,B7,B7,False,BB,BB,Not activated
666,4,B1,5,5,0,B7,97,True,BB,B9,SDC
667,4,B1,5,5,1,B7,B7,False,BB,BB,Not activated
668,4,B1,5,6,0,B7,B7,False,BB,BB,Not activated
669,4,B1,5,6,1,B7,F7,True,BB,E6,SDC
670,4,B1,5,7,0,B7,37,True,BB,B5,SDC
671,4,B1,5,7,1,B7,B7,False,BB,BB,Not activated
672,4,B2,6,0,0,B1,B0,True,BB,BB,Masked
673,4,B2,6,0,1,B1,B1,False,BB,BB,Not activated
674,4,B2,6,1,0,B1,B1,False,BB,BB,Not activated
675,4,B2,6,1,1,B1,B3,True,BB,BC,SDC
676,4,B2,6,2,0,B1,B1,False,BB,BB,Not activated
677,4,B2,6,2,1,B1,B5,True,BB,BC,SDC
678,4,B2,6,3,0,B1,B1,False,BB,BB,Not activated
679,4,B2,6,3,1,B1,B9,True,BB,BE,SDC
680,4,B2,6,4,0,B1,A1,True,BB,B8,SDC
681,4,B2,6,4,1,B1,B1,False,BB,BB,Not activated
682,4,B2,6,5,0,B1,91,True,BB,B6,SDC
683,4,B2,6,5,1,B1,B1,False,BB,BB,Not activated
684,4,B2,6,6,0,B1,B1,False,BB,BB,Not activated
685,4,B2,6,6,1,B1,F1,True,BB,EE,SDC
686,4,B2,6,7,0,B1,31,True,BB,AE,SDC
687,4,B2,6,7,1,B1,B1,False,BB,BB,Not activated
688,4,B3,7,0,0,AD,AC,True,BB,BA,SDC
689,4,B3,7,0,1,AD,AD,False,BB,BB,Not activated
690,4,B3,7,1,0,AD,AD,False,BB,BB,Not activated
691,4,B3,7,1,1,AD,AF,True,BB,BB,Masked
692,4,B3,7,2,0,AD,A9,True,BB,BA,SDC
693,4,B3,7,2,1,AD,AD,False,BB,BB,Not activated
694,4,B3,7,3,0,AD,A5,True,BB,BA,SDC
695,4,B3,7,3,1,AD,AD,False,BB,BB,Not activated
696,4,B3,7,4,0,AD,AD,False,BB,BB,Not activated
697,4,B3,7,4,1,AD,BD,True,BB,BC,SDC
698,4,B3,7,5,0,AD,8D,True,BB,BA,SDC
699,4,B3,7,5,1,AD,AD,False,BB,BB,Not activated
700,4,B3,7,6,0,AD,AD,False,BB,BB,Not activated
701,4,B3,7,6,1,AD,ED,True,BB,D9,SDC
702,4,B3,7,7,0,AD,2D,True,BB,B9,SDC
703,4,B3,7,7,1,AD,AD,False,BB,BB,Not activated
704,4,C0,8,0,0,B5,B4,True,BB,BA,SDC
705,4,C0,8,0,1,B5,B5,False,BB,BB,Not activated
706,4,C0,8,1,0,B5,B5,False,BB,BB,Not activated
707,4,C0,8,1,1,B5,B7,True,BB,BC,SDC
708,4,C0,8,2,0,B5,B1,True,BB,B8,SDC
709,4,C0,8,2,1,B5,B5,False,BB,BB,Not activated
710,4,C0,8,3,0,B5,B5,False,BB,BB,Not activated
711,4,C0,8,3,1,B5,BD,True,BB,C0,SDC
712,4,C0,8,4,0,B5,A5,True,BB,B2,SDC
713,4,C0,8,4,1,B5,B5,False,BB,BB,Not activated
714,4,C0,8,5,0,B5,95,True,BB,AF,SDC
715,4,C0,8,5,1,B5,B5,False,BB,BB,Not activated
716,4,C0,8,6,0,B5,B5,False,BB,BB,Not activated
717,4,C0,8,6,1,B5,F5,True,BB,F5,SDC
718,4,C0,8,7,0,B5,35,True,BB,2C,SDC
719,4,C0,8,7,1,B5,B5,False,BB,BB,Not activated
720,5,A0,0,0,0,B1,B0,True,3B,3B,Masked
721,5,A0,0,0,1,B1,B1,False,3B,3B,Not activated
722,5,A0,0,1,0,B1,B1,False,3B,3B,Not activated
723,5,A0,0,1,1,B1,B3,True,3B,3C,SDC
724,5,A0,0,2,0,B1,B1,False,3B,3B,Not activated
725,5,A0,0,2,1,B1,B5,True,3B,3C,SDC
726,5,A0,0,3,0,B1,B1,False,3B,3B,Not activated
727,5,A0,0,3,1,B1,B9,True,3B,3D,SDC
728,5,A0,0,4,0,B1,A1,True,3B,3A,SDC
729,5,A0,0,4,1,B1,B1,False,3B,3B,Not activated
730,5,A0,0,5,0,B1,91,True,3B,3A,SDC
731,5,A0,0,5,1,B1,B1,False,3B,3B,Not activated
732,5,A0,0,6,0,B1,B1,False,3B,3B,Not activated
733,5,A0,0,6,1,B1,F1,True,3B,62,SDC
734,5,A0,0,7,0,B1,31,True,3B,38,SDC
735,5,A0,0,7,1,B1,B1,False,3B,3B,Not activated
736,5,A1,1,0,0,B5,B4,True,3B,3B,Masked
737,5,A1,1,0,1,B5,B5,False,3B,3B,Not activated
738,5,A1,1,1,0,B5,B5,False,3B,3B,Not activated
739,5,A1,1,1,1,B5,B7,True,3B,3B,Masked
740,5,A1,1,2,0,B5,B1,True,3B,3A,SDC
741,5,A1,1,2,1,B5,B5,False,3B,3B,Not activated
742,5,A1,1,3,0,B5,B5,False,3B,3B,Not activated
743,5,A1,1,3,1,B5,BD,True,3B,3C,SDC
744,5,A1,1,4,0,B5,A5,True,3B,39,SDC
745,5,A1,1,4,1,B5,B5,False,3B,3B,Not activated
746,5,A1,1,5,0,B5,95,True,3B,39,SDC
747,5,A1,1,5,1,B5,B5,False,3B,3B,Not activated
748,5,A1,1,6,0,B5,B5,False,3B,3B,Not activated
749,5,A1,1,6,1,B5,F5,True,3B,65,SDC
750,5,A1,1,7,0,B5,35,True,3B,36,SDC
751,5,A1,1,7,1,B5,B5,False,3B,3B,Not activated
752,5,A2,2,0,0,AE,AE,False,3B,3B,Not activated
753,5,A2,2,0,1,AE,AF,True,3B,3B,Masked
754,5,A2,2,1,0,AE,AC,True,3B,3B,Masked
755,5,A2,2,1,1,AE,AE,False,3B,3B,Not activated
756,5,A2,2,2,0,AE,AA,True,3B,3A,SDC
757,5,A2,2,2,1,AE,AE,False,3B,3B,Not activated
758,5,A2,2,3,0,AE,A6,True,3B,3A,SDC
759,5,A2,2,3,1,AE,AE,False,3B,3B,Not activated
760,5,A2,2,4,0,AE,AE,False,3B,3B,Not activated
761,5,A2,2,4,1,AE,BE,True,3B,40,SDC
762,5,A2,2,5,0,AE,8E,True,3B,39,SDC
763,5,A2,2,5,1,AE,AE,False,3B,3B,Not activated
764,5,A2,2,6,0,AE,AE,False,3B,3B,Not activated
765,5,A2,2,6,1,AE,EE,True,3B,68,SDC
766,5,A2,2,7,0,AE,2E,True,3B,36,SDC
767,5,A2,2,7,1,AE,AE,False,3B,3B,Not activated
768,5,A3,3,0,0,29,28,True,3B,3B,Masked
769,5,A3,3,0,1,29,29,False,3B,3B,Not activated
770,5,A3,3,1,0,29,29,False,3B,3B,Not activated
771,5,A3,3,1,1,29,2B,True,3B,3B,Masked
772,5,A3,3,2,0,29,29,False,3B,3B,Not activated
773,5,A3,3,2,1,29,2D,True,3B,3A,SDC
774,5,A3,3,3,0,29,21,True,3B,3B,Masked
775,5,A3,3,3,1,29,29,False,3B,3B,Not activated
776,5,A3,3,4,0,29,29,False,3B,3B,Not activated
777,5,A3,3,4,1,29,39,True,3B,38,SDC
778,5,A3,3,5,0,29,09,True,3B,3C,SDC
779,5,A3,3,5,1,29,29,False,3B,3B,Not activated
780,5,A3,3,6,0,29,29,False,3B,3B,Not activated
781,5,A3,3,6,1,29,69,True,3B,E0,SDC
782,5,A3,3,7,0,29,29,False,3B,3B,Not activated
783,5,A3,3,7,1,29,A9,True,3B,3D,SDC
784,5,B0,4,0,0,A9,A8,True,3B,3B,Masked
785,5,B0,4,0,1,A9,A9,False,3B,3B,Not activated
786,5,B0,4,1,0,A9,A9,False,3B,3B,Not activated
787,5,B0,4,1,1,A9,AB,True,3B,3C,SDC
788,5,B0,4,2,0,A9,A9,False,3B,3B,Not activated
789,5,B0,4,2,1,A9,AD,True,3B,3C,SDC
790,5,B0,4,3,0,A9,A1,True,3B,3A,SDC
791,5,B0,4,3,1,A9,A9,False,3B,3B,Not activated
792,5,B0,4,4,0,A9,A9,False,3B,3B,Not activated
793,5,B0,4,4,1,A9,B9,True,3B,3F,SDC
794,5,B0,4,5,0,A9,89,True,3B,3A,SDC
795,5,B0,4,5,1,A9,A9,False,3B,3B,Not activated
796,5,B0,4,6,0,A9,A9,False,3B,3B,Not activated
797,5,B0,4,6,1,A9,E9,True,3B,62,SDC
798,5,B0,4,7,0,A9,29,True,3B,38,SDC
799,5,B0,4,7,1,A9,A9,False,3B,3B,Not activated
800,5,B1,5,0,0,A8,A8,False,3B,3B,Not activated
801,5,B1,5,0,1,A8,A9,True,3B,3B,Masked
802,5,B1,5,1,0,A8,A8,False,3B,3B,Not activated
803,5,B1,5,1,1,A8,AA,True,3B,3B,Masked
804,5,B1,5,2,0,A8,A8,False,3B,3B,Not activated
805,5,B1,5,2,1,A8,AC,True,3B,3B,Masked
806,5,B1,5,3,0,A8,A0,True,3B,3A,SDC
807,5,B1,5,3,1,A8,A8,False,3B,3B,Not activated
808,5,B1,5,4,0,A8,A8,False,3B,3B,Not activated
809,5,B1,5,4,1,A8,B8,True,3B,3F,SDC
810,5,B1,5,5,0,A8,88,True,3B,39,SDC
811,5,B1,5,5,1,A8,A8,False,3B,3B,Not activated
812,5,B1,5,6,0,A8,A8,False,3B,3B,Not activated
813,5,B1,5,6,1,A8,E8,True,3B,65,SDC
814,5,B1,5,7,0,A8,28,True,3B,36,SDC
815,5,B1,5,7,1,A8,A8,False,3B,3B,Not activated
816,5,B2,6,0,0,B1,B0,True,3B,3B,Masked
817,5,B2,6,0,1,B1,B1,False,3B,3B,Not activated
818,5,B2,6,1,0,B1,B1,False,3B,3B,Not activated
819,5,B2,6,1,1,B1,B3,True,3B,3B,Masked
820,5,B2,6,2,0,B1,B1,False,3B,3B,Not activated
821,5,B2,6,2,1,B1,B5,True,3B,3C,SDC
822,5,B2,6,3,0,B1,B1,False,3B,3B,Not activated
823,5,B2,6,3,1,B1,B9,True,3B,3D,SDC
824,5,B2,6,4,0,B1,A1,True,3B,39,SDC
825,5,B2,6,4,1,B1,B1,False,3B,3B,Not activated
826,5,B2,6,5,0,B1,91,True,3B,39,SDC
827,5,B2,6,5,1,B1,B1,False,3B,3B,Not activated
828,5,B2,6,6,0,B1,B1,False,3B,3B,Not activated
829,5,B2,6,6,1,B1,F1,True,3B,68,SDC
830,5,B2,6,7,0,B1,31,True,3B,36,SDC
831,5,B2,6,7,1,B1,B1,False,3B,3B,Not activated
832,5,B3,7,0,0,AF,AE,True,3B,3B,Masked
833,5,B3,7,0,1,AF,AF,False,3B,3B,Not activated
834,5,B3,7,1,0,AF,AD,True,3B,3B,Masked
835,5,B3,7,1,1,AF,AF,False,3B,3B,Not activated
836,5,B3,7,2,0,AF,AB,True,3B,3B,Masked
837,5,B3,7,2,1,AF,AF,False,3B,3B,Not activated
838,5,B3,7,3,0,AF,A7,True,3B,3B,Masked
839,5,B3,7,3,1,AF,AF,False,3B,3B,Not activated
840,5,B3,7,4,0,AF,AF,False,3B,3B,Not activated
841,5,B3,7,4,1,AF,BF,True,3B,38,SDC
842,5,B3,7,5,0,AF,8F,True,3B,3C,SDC
843,5,B3,7,5,1,AF,AF,False,3B,3B,Not activated
844,5,B3,7,6,0,AF,AF,False,3B,3B,Not activated
845,5,B3,7,6,1,AF,EF,True,3B,E0,SDC
846,5,B3,7,7,0,AF,2F,True,3B,3D,SDC
847,5,B3,7,7,1,AF,AF,False,3B,3B,Not activated
848,5,C0,8,0,0,36,36,False,3B,3B,Not activated
849,5,C0,8,0,1,36,37,True,3B,3C,SDC
850,5,C0,8,1,0,36,34,True,3B,3A,SDC
851,5,C0,8,1,1,36,36,False,3B,3B,Not activated
852,5,C0,8,2,0,36,32,True,3B,39,SDC
853,5,C0,8,2,1,36,36,False,3B,3B,Not activated
854,5,C0,8,3,0,36,36,False,3B,3B,Not activated
855,5,C0,8,3,1,36,3E,True,3B,40,SDC
856,5,C0,8,4,0,36,26,True,3B,33,SDC
857,5,C0,8,4,1,36,36,False,3B,3B,Not activated
858,5,C0,8,5,0,36,16,True,3B,31,SDC
859,5,C0,8,5,1,36,36,False,3B,3B,Not activated
860,5,C0,8,6,0,36,36,False,3B,3B,Not activated
861,5,C0,8,6,1,36,76,True,3B,76,SDC
862,5,C0,8,7,0,36,36,False,3B,3B,Not activated
863,5,C0,8,7,1,36,B6,True,3B,AC,SDC
864,6,A0,0,0,0,29,28,True,B3,B3,Masked
865,6,A0,0,0,1,29,29,False,B3,B3,Not activated
866,6,A0,0,1,0,29,29,False,B3,B3,Not activated
867,6,A0,0,1,1,29,2B,True,B3,B4,SDC
868,6,A0,0,2,0,29,29,False,B3,B3,Not activated
869,6,A0,0,2,1,29,2D,True,B3,B4,SDC
870,6,A0,0,3,0,29,21,True,B3,B2,SDC
871,6,A0,0,3,1,29,29,False,B3,B3,Not activated
872,6,A0,0,4,0,29,29,False,B3,B3,Not activated
873,6,A0,0,4,1,29,39,True,B3,BA,SDC
874,6,A0,0,5,0,29,09,True,B3,B0,SDC
875,6,A0,0,5,1,29,29,False,B3,B3,Not activated
876,6,A0,0,6,0,29,29,False,B3,B3,Not activated
877,6,A0,0,6,1,29,69,True,B3,E4,SDC
878,6,A0,0,7,0,29,29,False,B3,B3,Not activated
879,6,A0,0,7,1,29,A9,True,B3,AA,SDC
880,6,A1,1,0,0,26,26,False,B3,B3,Not activated
881,6,A1,1,0,1,26,27,True,B3,B3,Masked
882,6,A1,1,1,0,26,24,True,B3,B3,Masked
883,6,A1,1,1,1,26,26,False,B3,B3,Not activated
884,6,A1,1,2,0,26,22,True,B3,B3,Masked
885,6,A1,1,2,1,26,26,False,B3,B3,Not activated
886,6,A1,1,3,0,26,26,False,B3,B3,Not activated
887,6,A1,1,3,1,26,2E,True,B3,B4,SDC
888,6,A1,1,4,0,26,26,False,B3,B3,Not activated
889,6,A1,1,4,1,26,36,True,B3,B6,SDC
890,6,A1,1,5,0,26,06,True,B3,B2,SDC
891,6,A1,1,5,1,26,26,False,B3,B3,Not activated
892,6,A1,1,6,0,26,26,False,B3,B3,Not activated
893,6,A1,1,6,1,26,66,True,B3,D6,SDC
894,6,A1,1,7,0,26,26,False,B3,B3,Not activated
895,6,A1,1,7,1,26,A6,True,B3,B1,SDC
896,6,A2,2,0,0,B3,B2,True,B3,B2,SDC
897,6,A2,2,0,1,B3,B3,False,B3,B3,Not activated
898,6,A2,2,1,0,B3,B1,True,B3,B1,SDC
899,6,A2,2,1,1,B3,B3,False,B3,B3,Not activated
900,6,A2,2,2,0,B3,B3,False,B3,B3,Not activated
901,6,A2,2,2,1,B3,B7,True,B3,B6,SDC
902,6,A2,2,3,0,B3,B3,False,B3,B3,Not activated
903,6,A2,2,3,1,B3,BB,True,B3,BB,SDC
904,6,A2,2,4,0,B3,A3,True,B3,A4,SDC
905,6,A2,2,4,1,B3,B3,False,B3,B3,Not activated
906,6,A2,2,5,0,B3,93,True,B3,92,SDC
907,6,A2,2,5,1,B3,B3,False,B3,B3,Not activated
908,6,A2,2,6,0,B3,B3,False,B3,B3,Not activated
909,6,A2,2,6,1,B3,F3,True,B3,F3,SDC
910,6,A2,2,7,0,B3,33,True,B3,33,SDC
911,6,A2,2,7,1,B3,B3,False,B3,B3,Not activated
912,6,A3,3,0,0,2F,2E,True,B3,B3,Masked
913,6,A3,3,0,1,2F,2F,False,B3,B3,Not activated
914,6,A3,3,1,0,2F,2D,True,B3,B3,Masked
915,6,A3,3,1,1,2F,2F,False,B3,B3,Not activated
916,6,A3,3,2,0,2F,2B,True,B3,B3,Masked
917,6,A3,3,2,1,2F,2F,False,B3,B3,Not activated
918,6,A3,3,3,0,2F,27,True,B3,B4,SDC
919,6,A3,3,3,1,2F,2F,False,B3,B3,Not activated
920,6,A3,3,4,0,2F,2F,False,B3,B3,Not activated
921,6,A3,3,4,1,2F,3F,True,B3,A9,SDC
922,6,A3,3,5,0,2F,0F,True,B3,B5,SDC
923,6,A3,3,5,1,2F,2F,False,B3,B3,Not activated
924,6,A3,3,6,0,2F,2F,False,B3,B3,Not activated
925,6,A3,3,6,1,2F,6F,True,B3,60,SDC
926,6,A3,3,7,0,2F,2F,False,B3,B3,Not activated
927,6,A3,3,7,1,2F,AF,True,B3,B7,SDC
928,6,B0,4,0,0,B3,B2,True,B3,B3,Masked
929,6,B0,4,0,1,B3,B3,False,B3,B3,Not activated
930,6,B0,4,1,0,B3,B1,True,B3,B2,SDC
931,6,B0,4,1,1,B3,B3,False,B3,B3,Not activated
932,6,B0,4,2,0,B3,B3,False,B3,B3,Not activated
933,6,B0,4,2,1,B3,B7,True,B3,B4,SDC
934,6,B0,4,3,0,B3,B3,False,B3,B3,Not activated
935,6,B0,4,3,1,B3,BB,True,B3,B6,SDC
936,6,B0,4,4,0,B3,A3,True,B3,B1,SDC
937,6,B0,4,4,1,B3,B3,False,B3,B3,Not activated
938,6,B0,4,5,0,B3,93,True,B3,B0,SDC
939,6,B0,4,5,1,B3,B3,False,B3,B3,Not activated
940,6,B0,4,6,0,B3,B3,False,B3,B3,Not activated
941,6,B0,4,6,1,B3,F3,True,B3,E4,SDC
942,6,B0,4,7,0,B3,33,True,B3,AA,SDC
943,6,B0,4,7,1,B3,B3,False,B3,B3,Not activated
944,6,B1,5,0,0,A7,A6,True,B3,B3,Masked
945,6,B1,5,0,1,A7,A7,False,B3,B3,Not activated
946,6,B1,5,1,0,A7,A5,True,B3,B3,Masked
947,6,B1,5,1,1,A7,A7,False,B3,B3,Not activated
948,6,B1,5,2,0,A7,A3,True,B3,B3,Masked
949,6,B1,5,2,1,A7,A7,False,B3,B3,Not activated
950,6,B1,5,3,0,A7,A7,False,B3,B3,Not activated
951,6,B1,5,3,1,A7,AF,True,B3,B4,SDC
952,6,B1,5,4,0,A7,A7,False,B3,B3,Not activated
953,6,B1,5,4,1,A7,B7,True,B3,B6,SDC
954,6,B1,5,5,0,A7,87,True,B3,B2,SDC
955,6,B1,5,5,1,A7,A7,False,B3,B3,Not activated
956,6,B1,5,6,0,A7,A7,False,B3,B3,Not activated
957,6,B1,5,6,1,A7,E7,True,B3,D6,SDC
958,6,B1,5,7,0,A7,27,True,B3,B1,SDC
959,6,B1,5,7,1,A7,A7,False,B3,B3,Not activated
960,6,B2,6,0,0,38,38,False,B3,B3,Not activated
961,6,B2,6,0,1,38,39,True,B3,B4,SDC
962,6,B2,6,1,0,38,38,False,B3,B3,Not activated
963,6,B2,6,1,1,38,3A,True,B3,B6,SDC
964,6,B2,6,2,0,38,38,False,B3,B3,Not activated
965,6,B2,6,2,1,38,3C,True,B3,B8,SDC
966,6,B2,6,3,0,38,30,True,B3,AB,SDC
967,6,B2,6,3,1,38,38,False,B3,B3,Not activated
968,6,B2,6,4,0,38,28,True,B3,A4,SDC
969,6,B2,6,4,1,38,38,False,B3,B3,Not activated
970,6,B2,6,5,0,38,18,True,B3,92,SDC
971,6,B2,6,5,1,38,38,False,B3,B3,Not activated
972,6,B2,6,6,0,38,38,False,B3,B3,Not activated
973,6,B2,6,6,1,38,78,True,B3,F8,SDC
974,6,B2,6,7,0,38,38,False,B3,B3,Not activated
975,6,B2,6,7,1,38,B8,True,B3,33,SDC
976,6,B3,7,0,0,29,28,True,B3,B3,Masked
977,6,B3,7,0,1,29,29,False,B3,B3,Not activated
978,6,B3,7,1,0,29,29,False,B3,B3,Not activated
979,6,B3,7,1,1,29,2B,True,B3,B2,SDC
980,6,B3,7,2,0,29,29,False,B3,B3,Not activated
981,6,B3,7,2,1,29,2D,True,B3,B2,SDC
982,6,B3,7,3,0,29,21,True,B3,B4,SDC
983,6,B3,7,3,1,29,29,False,B3,B3,Not activated
984,6,B3,7,4,0,29,29,False,B3,B3,Not activated
985,6,B3,7,4,1,29,39,True,B3,A9,SDC
986,6,B3,7,5,0,29,09,True,B3,B5,SDC
987,6,B3,7,5,1,29,29,False,B3,B3,Not activated
988,6,B3,7,6,0,29,29,False,B3,B3,Not activated
989,6,B3,7,6,1,29,69,True,B3,60,SDC
990,6,B3,7,7,0,29,29,False,B3,B3,Not activated
991,6,B3,7,7,1,29,A9,True,B3,B7,SDC
992,6,C0,8,0,0,1F,1E,True,B3,B3,Masked
993,6,C0,8,0,1,1F,1F,False,B3,B3,Not activated
994,6,C0,8,1,0,1F,1D,True,B3,B3,Masked
995,6,C0,8,1,1,1F,1F,False,B3,B3,Not activated
996,6,C0,8,2,0,1F,1B,True,B3,B4,SDC
997,6,C0,8,2,1,1F,1F,False,B3,B3,Not activated
998,6,C0,8,3,0,1F,17,True,B3,B4,SDC
999,6,C0,8,3,1,1F,1F,False,B3,B3,Not activated
1000,6,C0,8,4,0,1F,0F,True,B3,B4,SDC
1001,6,C0,8,4,1,1F,1F,False,B3,B3,Not activated
1002,6,C0,8,5,0,1F,1F,False,B3,B3,Not activated
1003,6,C0,8,5,1,1F,3F,True,B3,39,SDC
1004,6,C0,8,6,0,1F,1F,False,B3,B3,Not activated
1005,6,C0,8,6,1,1F,5F,True,B3,5F,SDC
1006,6,C0,8,7,0,1F,1F,False,B3,B3,Not activated
1007,6,C0,8,7,1,1F,9F,True,B3,B6,SDC
1008,7,A0,0,0,0,2C,2C,False,2A,2A,Not activated
1009,7,A0,0,0,1,2C,2D,True,2A,2A,Masked
1010,7,A0,0,1,0,2C,2C,False,2A,2A,Not activated
1011,7,A0,0,1,1,2C,2E,True,2A,29,SDC
1012,7,A0,0,2,0,2C,28,True,2A,2E,SDC
1013,7,A0,0,2,1,2C,2C,False,2A,2A,Not activated
1014,7,A0,0,3,0,2C,24,True,2A,30,SDC
1015,7,A0,0,3,1,2C,2C,False,2A,2A,Not activated
1016,7,A0,0,4,0,2C,2C,False,2A,2A,Not activated
1017,7,A0,0,4,1,2C,3C,True,2A,B3,SDC
1018,7,A0,0,5,0,2C,0C,True,2A,33,SDC
1019,7,A0,0,5,1,2C,2C,False,2A,2A,Not activated
1020,7,A0,0,6,0,2C,2C,False,2A,2A,Not activated
1021,7,A0,0,6,1,2C,6C,True,2A,EB,SDC
1022,7,A0,0,7,0,2C,2C,False,2A,2A,Not activated
1023,7,A0,0,7,1,2C,AC,True,2A,39,SDC
1024,7,A1,1,0,0,33,32,True,2A,2A,Masked
1025,7,A1,1,0,1,33,33,False,2A,2A,Not activated
1026,7,A1,1,1,0,33,31,True,2A,2B,SDC
1027,7,A1,1,1,1,33,33,False,2A,2A,Not activated
1028,7,A1,1,2,0,33,33,False,2A,2A,Not activated
1029,7,A1,1,2,1,33,37,True,2A,25,SDC
1030,7,A1,1,3,0,33,33,False,2A,2A,Not activated
1031,7,A1,1,3,1,33,3B,True,2A,11,SDC
1032,7,A1,1,4,0,33,23,True,2A,30,SDC
1033,7,A1,1,4,1,33,33,False,2A,2A,Not activated
1034,7,A1,1,5,0,33,13,True,2A,30,SDC
1035,7,A1,1,5,1,33,33,False,2A,2A,Not activated
1036,7,A1,1,6,0,33,33,False,2A,2A,Not activated
1037,7,A1,1,6,1,33,73,True,2A,E8,SDC
1038,7,A1,1,7,0,33,33,False,2A,2A,Not activated
1039,7,A1,1,7,1,33,B3,True,2A,35,SDC
1040,7,A2,2,0,0,31,30,True,2A,2B,SDC
1041,7,A2,2,0,1,31,31,False,2A,2A,Not activated
1042,7,A2,2,1,0,31,31,False,2A,2A,Not activated
1043,7,A2,2,1,1,31,33,True,2A,28,SDC
1044,7,A2,2,2,0,31,31,False,2A,2A,Not activated
1045,7,A2,2,2,1,31,35,True,2A,24,SDC
1046,7,A2,2,3,0,31,31,False,2A,2A,Not activated
1047,7,A2,2,3,1,31,39,True,2A,11,SDC
1048,7,A2,2,4,0,31,21,True,2A,30,SDC
1049,7,A2,2,4,1,31,31,False,2A,2A,Not activated
1050,7,A2,2,5,0,31,11,True,2A,31,SDC
1051,7,A2,2,5,1,31,31,False,2A,2A,Not activated
1052,7,A2,2,6,0,31,31,False,2A,2A,Not activated
1053,7,A2,2,6,1,31,71,True,2A,E8,SDC
1054,7,A2,2,7,0,31,31,False,2A,2A,Not activated
1055,7,A2,2,7,1,31,B1,True,2A,35,SDC
1056,7,A3,3,0,0,B1,B0,True,2A,29,SDC
1057,7,A3,3,0,1,B1,B1,False,2A,2A,Not activated
1058,7,A3,3,1,0,B1,B1,False,2A,2A,Not activated
1059,7,A3,3,1,1,B1,B3,True,2A,2C,SDC
1060,7,A3,3,2,0,B1,B1,False,2A,2A,Not activated
1061,7,A3,3,2,1,B1,B5,True,2A,2E,SDC
1062,7,A3,3,3,0,B1,B1,False,2A,2A,Not activated
1063,7,A3,3,3,1,B1,B9,True,2A,32,SDC
1064,7,A3,3,4,0,B1,A1,True,2A,18,SDC
1065,7,A3,3,4,1,B1,B1,False,2A,2A,Not activated
1066,7,A3,3,5,0,B1,91,True,2A,03,SDC
1067,7,A3,3,5,1,B1,B1,False,2A,2A,Not activated
1068,7,A3,3,6,0,B1,B1,False,2A,2A,Not activated
1069,7,A3,3,6,1,B1,F1,True,2A,6A,SDC
1070,7,A3,3,7,0,B1,31,True,2A,AB,SDC
1071,7,A3,3,7,1,B1,B1,False,2A,2A,Not activated
1072,7,B0,4,0,0,B7,B6,True,2A,2C,SDC
1073,7,B0,4,0,1,B7,B7,False,2A,2A,Not activated
1074,7,B0,4,1,0,B7,B5,True,2A,2C,SDC
1075,7,B0,4,1,1,B7,B7,False,2A,2A,Not activated
1076,7,B0,4,2,0,B7,B3,True,2A,2E,SDC
1077,7,B0,4,2,1,B7,B7,False,2A,2A,Not activated
1078,7,B0,4,3,0,B7,B7,False,2A,2A,Not activated
1079,7,B0,4,3,1,B7,BF,True,2A,8E,SDC
1080,7,B0,4,4,0,B7,A7,True,2A,32,SDC
1081,7,B0,4,4,1,B7,B7,False,2A,2A,Not activated
1082,7,B0,4,5,0,B7,97,True,2A,33,SDC
1083,7,B0,4,5,1,B7,B7,False,2A,2A,Not activated
1084,7,B0,4,6,0,B7,B7,False,2A,2A,Not activated
1085,7,B0,4,6,1,B7,F7,True,2A,EB,SDC
1086,7,B0,4,7,0,B7,37,True,2A,39,SDC
1087,7,B0,4,7,1,B7,B7,False,2A,2A,Not activated
1088,7,B1,5,0,0,AC,AC,False,2A,2A,Not activated
1089,7,B1,5,0,1,AC,AD,True,2A,29,SDC
1090,7,B1,5,1,0,AC,AC,False,2A,2A,Not activated
1091,7,B1,5,1,1,AC,AE,True,2A,28,SDC
1092,7,B1,5,2,0,AC,A8,True,2A,2C,SDC
1093,7,B1,5,2,1,AC,AC,False,2A,2A,Not activated
1094,7,B1,5,3,0,AC,A4,True,2A,2E,SDC
1095,7,B1,5,3,1,AC,AC,False,2A,2A,Not activated
1096,7,B1,5,4,0,AC,AC,False,2A,2A,Not activated
1097,7,B1,5,4,1,AC,BC,True,2A,AE,SDC
1098,7,B1,5,5,0,AC,8C,True,2A,30,SDC
1099,7,B1,5,5,1,AC,AC,False,2A,2A,Not activated
1100,7,B1,5,6,0,AC,AC,False,2A,2A,Not activated
1101,7,B1,5,6,1,AC,EC,True,2A,E8,SDC
1102,7,B1,5,7,0,AC,2C,True,2A,35,SDC
1103,7,B1,5,7,1,AC,AC,False,2A,2A,Not activated
1104,7,B2,6,0,0,AF,AE,True,2A,2A,Masked
1105,7,B2,6,0,1,AF,AF,False,2A,2A,Not activated
1106,7,B2,6,1,0,AF,AD,True,2A,2B,SDC
1107,7,B2,6,1,1,AF,AF,False,2A,2A,Not activated
1108,7,B2,6,2,0,AF,AB,True,2A,2C,SDC
1109,7,B2,6,2,1,AF,AF,False,2A,2A,Not activated
1110,7,B2,6,3,0,AF,A7,True,2A,2E,SDC
1111,7,B2,6,3,1,AF,AF,False,2A,2A,Not activated
1112,7,B2,6,4,0,AF,AF,False,2A,2A,Not activated
1113,7,B2,6,4,1,AF,BF,True,2A,B0,SDC
1114,7,B2,6,5,0,AF,8F,True,2A,31,SDC
1115,7,B2,6,5,1,AF,AF,False,2A,2A,Not activated
1116,7,B2,6,6,0,AF,AF,False,2A,2A,Not activated
1117,7,B2,6,6,1,AF,EF,True,2A,E8,SDC
1118,7,B2,6,7,0,AF,2F,True,2A,35,SDC
1119,7,B2,6,7,1,AF,AF,False,2A,2A,Not activated
1120,7,B3,7,0,0,B1,B0,True,2A,29,SDC
1121,7,B3,7,0,1,B1,B1,False,2A,2A,Not activated
1122,7,B3,7,1,0,B1,B1,False,2A,2A,Not activated
1123,7,B3,7,1,1,B1,B3,True,2A,2C,SDC
1124,7,B3,7,2,0,B1,B1,False,2A,2A,Not activated
1125,7,B3,7,2,1,B1,B5,True,2A,2E,SDC
1126,7,B3,7,3,0,B1,B1,False,2A,2A,Not activated
1127,7,B3,7,3,1,B1,B9,True,2A,32,SDC
1128,7,B3,7,4,0,B1,A1,True,2A,18,SDC
1129,7,B3,7,4,1,B1,B1,False,2A,2A,Not activated
1130,7,B3,7,5,0,B1,91,True,2A,03,SDC
1131,7,B3,7,5,1,B1,B1,False,2A,2A,Not activated
1132,7,B3,7,6,0,B1,B1,False,2A,2A,Not activated
1133,7,B3,7,6,1,B1,F1,True,2A,6A,SDC
1134,7,B3,7,7,0,B1,31,True,2A,AB,SDC
1135,7,B3,7,7,1,B1,B1,False,2A,2A,Not activated
1136,7,C0,8,0,0,36,36,False,2A,2A,Not activated
1137,7,C0,8,0,1,36,37,True,2A,2C,SDC
1138,7,C0,8,1,0,36,34,True,2A,25,SDC
1139,7,C0,8,1,1,36,36,False,2A,2A,Not activated
1140,7,C0,8,2,0,36,32,True,2A,1A,SDC
1141,7,C0,8,2,1,36,36,False,2A,2A,Not activated
1142,7,C0,8,3,0,36,36,False,2A,2A,Not activated
1143,7,C0,8,3,1,36,3E,True,2A,3A,SDC
1144,7,C0,8,4,0,36,26,True,2A,AA,SDC
1145,7,C0,8,4,1,36,36,False,2A,2A,Not activated
1146,7,C0,8,5,0,36,16,True,2A,B0,SDC
1147,7,C0,8,5,1,36,36,False,2A,2A,Not activated
1148,7,C0,8,6,0,36,36,False,2A,2A,Not activated
1149,7,C0,8,6,1,36,76,True,2A,76,SDC
1150,7,C0,8,7,0,36,36,False,2A,2A,Not activated
1151,7,C0,8,7,1,36,B6,True,2A,BB,SDC
1152,8,A0,0,0,0,34,34,False,35,35,Not activated
1153,8,A0,0,0,1,34,35,True,35,36,SDC
1154,8,A0,0,1,0,34,34,False,35,35,Not activated
1155,8,A0,0,1,1,34,36,True,35,36,SDC
1156,8,A0,0,2,0,34,30,True,35,30,SDC
1157,8,A0,0,2,1,34,34,False,35,35,Not activated
1158,8,A0,0,3,0,34,34,False,35,35,Not activated
1159,8,A0,0,3,1,34,3C,True,35,3B,SDC
1160,8,A0,0,4,0,34,24,True,35,29,SDC
1161,8,A0,0,4,1,34,34,False,35,35,Not activated
1162,8,A0,0,5,0,34,14,True,35,21,SDC
1163,8,A0,0,5,1,34,34,False,35,35,Not activated
1164,8,A0,0,6,0,34,34,False,35,35,Not activated
1165,8,A0,0,6,1,34,74,True,35,72,SDC
1166,8,A0,0,7,0,34,34,False,35,35,Not activated
1167,8,A0,0,7,1,34,B4,True,35,B0,SDC
1168,8,A1,1,0,0,AC,AC,False,35,35,Not activated
1169,8,A1,1,0,1,AC,AD,True,35,35,Masked
1170,8,A1,1,1,0,AC,AC,False,35,35,Not activated
1171,8,A1,1,1,1,AC,AE,True,35,35,Masked
1172,8,A1,1,2,0,AC,A8,True,35,34,SDC
1173,8,A1,1,2,1,AC,AC,False,35,35,Not activated
1174,8,A1,1,3,0,AC,A4,True,35,34,SDC
1175,8,A1,1,3,1,AC,AC,False,35,35,Not activated
1176,8,A1,1,4,0,AC,AC,False,35,35,Not activated
1177,8,A1,1,4,1,AC,BC,True,35,36,SDC
1178,8,A1,1,5,0,AC,8C,True,35,34,SDC
1179,8,A1,1,5,1,AC,AC,False,35,35,Not activated
1180,8,A1,1,6,0,AC,AC,False,35,35,Not activated
1181,8,A1,1,6,1,AC,EC,True,35,51,SDC
1182,8,A1,1,7,0,AC,2C,True,35,33,SDC
1183,8,A1,1,7,1,AC,AC,False,35,35,Not activated
1184,8,A2,2,0,0,2A,2A,False,35,35,Not activated
1185,8,A2,2,0,1,2A,2B,True,35,34,SDC
1186,8,A2,2,1,0,2A,28,True,35,35,Masked
1187,8,A2,2,1,1,2A,2A,False,35,35,Not activated
1188,8,A2,2,2,0,2A,2A,False,35,35,Not activated
1189,8,A2,2,2,1,2A,2E,True,35,34,SDC
1190,8,A2,2,3,0,2A,22,True,35,36,SDC
1191,8,A2,2,3,1,2A,2A,False,35,35,Not activated
1192,8,A2,2,4,0,2A,2A,False,35,35,Not activated
1193,8,A2,2,4,1,2A,3A,True,35,2A,SDC
1194,8,A2,2,5,0,2A,0A,True,35,37,SDC
1195,8,A2,2,5,1,2A,2A,False,35,35,Not activated
1196,8,A2,2,6,0,2A,2A,False,35,35,Not activated
1197,8,A2,2,6,1,2A,6A,True,35,E1,SDC
1198,8,A2,2,7,0,2A,2A,False,35,35,Not activated
1199,8,A2,2,7,1,2A,AA,True,35,38,SDC
1200,8,A3,3,0,0,A5,A4,True,35,34,SDC
1201,8,A3,3,0,1,A5,A5,False,35,35,Not activated
1202,8,A3,3,1,0,A5,A5,False,35,35,Not activated
1203,8,A3,3,1,1,A5,A7,True,35,35,Masked
1204,8,A3,3,2,0,A5,A1,True,35,34,SDC
1205,8,A3,3,2,1,A5,A5,False,35,35,Not activated
1206,8,A3,3,3,0,A5,A5,False,35,35,Not activated
1207,8,A3,3,3,1,A5,AD,True,35,36,SDC
1208,8,A3,3,4,0,A5,A5,False,35,35,Not activated
1209,8,A3,3,4,1,A5,B5,True,35,39,SDC
1210,8,A3,3,5,0,A5,85,True,35,33,SDC
1211,8,A3,3,5,1,A5,A5,False,35,35,Not activated
1212,8,A3,3,6,0,A5,A5,False,35,35,Not activated
1213,8,A3,3,6,1,A5,E5,True,35,5D,SDC
1214,8,A3,3,7,0,A5,25,True,35,31,SDC
1215,8,A3,3,7,1,A5,A5,False,35,35,Not activated
1216,8,B0,4,0,0,35,34,True,35,34,SDC
1217,8,B0,4,0,1,35,35,False,35,35,Not activated
1218,8,B0,4,1,0,35,35,False,35,35,Not activated
1219,8,B0,4,1,1,35,37,True,35,36,SDC
1220,8,B0,4,2,0,35,31,True,35,31,SDC
1221,8,B0,4,2,1,35,35,False,35,35,Not activated
1222,8,B0,4,3,0,35,35,False,35,35,Not activated
1223,8,B0,4,3,1,35,3D,True,35,3B,SDC
1224,8,B0,4,4,0,35,25,True,35,29,SDC
1225,8,B0,4,4,1,35,35,False,35,35,Not activated
1226,8,B0,4,5,0,35,15,True,35,21,SDC
1227,8,B0,4,5,1,35,35,False,35,35,Not activated
1228,8,B0,4,6,0,35,35,False,35,35,Not activated
1229,8,B0,4,6,1,35,75,True,35,72,SDC
1230,8,B0,4,7,0,35,35,False,35,35,Not activated
1231,8,B0,4,7,1,35,B5,True,35,B0,SDC
1232,8,B1,5,0,0,9B,9A,True,35,34,SDC
1233,8,B1,5,0,1,9B,9B,False,35,35,Not activated
1234,8,B1,5,1,0,9B,99,True,35,34,SDC
1235,8,B1,5,1,1,9B,9B,False,35,35,Not activated
1236,8,B1,5,2,0,9B,9B,False,35,35,Not activated
1237,8,B1,5,2,1,9B,9F,True,35,35,Masked
1238,8,B1,5,3,0,9B,93,True,35,34,SDC
1239,8,B1,5,3,1,9B,9B,False,35,35,Not activated
1240,8,B1,5,4,0,9B,8B,True,35,34,SDC
1241,8,B1,5,4,1,9B,9B,False,35,35,Not activated
1242,8,B1,5,5,0,9B,9B,False,35,35,Not activated
1243,8,B1,5,5,1,9B,BB,True,35,3A,SDC
1244,8,B1,5,6,0,9B,9B,False,35,35,Not activated
1245,8,B1,5,6,1,9B,DB,True,35,51,SDC
1246,8,B1,5,7,0,9B,1B,True,35,33,SDC
1247,8,B1,5,7,1,9B,9B,False,35,35,Not activated
1248,8,B2,6,0,0,AF,AE,True,35,35,Masked
1249,8,B2,6,0,1,AF,AF,False,35,35,Not activated
1250,8,B2,6,1,0,AF,AD,True,35,35,Masked
1251,8,B2,6,1,1,AF,AF,False,35,35,Not activated
1252,8,B2,6,2,0,AF,AB,True,35,35,Masked
1253,8,B2,6,2,1,AF,AF,False,35,35,Not activated
1254,8,B2,6,3,0,AF,A7,True,35,36,SDC
1255,8,B2,6,3,1,AF,AF,False,35,35,Not activated
1256,8,B2,6,4,0,AF,AF,False,35,35,Not activated
1257,8,B2,6,4,1,AF,BF,True,35,2A,SDC
1258,8,B2,6,5,0,AF,8F,True,35,37,SDC
1259,8,B2,6,5,1,AF,AF,False,35,35,Not activated
1260,8,B2,6,6,0,AF,AF,False,35,35,Not activated
1261,8,B2,6,6,1,AF,EF,True,35,E1,SDC
1262,8,B2,6,7,0,AF,2F,True,35,38,SDC
1263,8,B2,6,7,1,AF,AF,False,35,35,Not activated
1264,8,B3,7,0,0,B0,B0,False,35,35,Not activated
1265,8,B3,7,0,1,B0,B1,True,35,35,Masked
1266,8,B3,7,1,0,B0,B0,False,35,35,Not activated
1267,8,B3,7,1,1,B0,B2,True,35,35,Masked
1268,8,B3,7,2,0,B0,B0,False,35,35,Not activated
1269,8,B3,7,2,1,B0,B4,True,35,35,Masked
1270,8,B3,7,3,0,B0,B0,False,35,35,Not activated
1271,8,B3,7,3,1,B0,B8,True,35,36,SDC
1272,8,B3,7,4,0,B0,A0,True,35,33,SDC
1273,8,B3,7,4,1,B0,B0,False,35,35,Not activated
1274,8,B3,7,5,0,B0,90,True,35,33,SDC
1275,8,B3,7,5,1,B0,B0,False,35,35,Not activated
1276,8,B3,7,6,0,B0,B0,False,35,35,Not activated
1277,8,B3,7,6,1,B0,F0,True,35,5D,SDC
1278,8,B3,7,7,0,B0,30,True,35,31,SDC
1279,8,B3,7,7,1,B0,B0,False,35,35,Not activated
1280,8,C0,8,0,0,20,20,False,35,35,Not activated
1281,8,C0,8,0,1,20,21,True,35,35,Masked
1282,8,C0,8,1,0,20,20,False,35,35,Not activated
1283,8,C0,8,1,1,20,22,True,35,35,Masked
1284,8,C0,8,2,0,20,20,False,35,35,Not activated
1285,8,C0,8,2,1,20,24,True,35,36,SDC
1286,8,C0,8,3,0,20,20,False,35,35,Not activated
1287,8,C0,8,3,1,20,28,True,35,37,SDC
1288,8,C0,8,4,0,20,20,False,35,35,Not activated
1289,8,C0,8,4,1,20,30,True,35,39,SDC
1290,8,C0,8,5,0,20,00,True,35,33,SDC
1291,8,C0,8,5,1,20,20,False,35,35,Not activated
1292,8,C0,8,6,0,20,20,False,35,35,Not activated
1293,8,C0,8,6,1,20,60,True,35,60,SDC
1294,8,C0,8,7,0,20,20,False,35,35,Not activated
1295,8,C0,8,7,1,20,A0,True,35,30,SDC
1296,9,A0,0,0,0,AF,AE,True,A7,A7,Masked
1297,9,A0,0,0,1,AF,AF,False,A7,A7,Not activated
1298,9,A0,0,1,0,AF,AD,True,A7,A7,Masked
1299,9,A0,0,1,1,AF,AF,False,A7,A7,Not activated
1300,9,A0,0,2,0,AF,AB,True,A7,AA,SDC
1301,9,A0,0,2,1,AF,AF,False,A7,A7,Not activated
1302,9,A0,0,3,0,AF,A7,True,A7,AD,SDC
1303,9,A0,0,3,1,AF,AF,False,A7,A7,Not activated
1304,9,A0,0,4,0,AF,AF,False,A7,A7,Not activated
1305,9,A0,0,4,1,AF,BF,True,A7,31,SDC
1306,9,A0,0,5,0,AF,8F,True,A7,B0,SDC
1307,9,A0,0,5,1,AF,AF,False,A7,A7,Not activated
1308,9,A0,0,6,0,AF,AF,False,A7,A7,Not activated
1309,9,A0,0,6,1,AF,EF,True,A7,68,SDC
1310,9,A0,0,7,0,AF,2F,True,A7,B4,SDC
1311,9,A0,0,7,1,AF,AF,False,A7,A7,Not activated
1312,9,A1,1,0,0,23,22,True,A7,A9,SDC
1313,9,A1,1,0,1,23,23,False,A7,A7,Not activated
1314,9,A1,1,1,0,23,21,True,A7,AA,SDC
1315,9,A1,1,1,1,23,23,False,A7,A7,Not activated
1316,9,A1,1,2,0,23,23,False,A7,A7,Not activated
1317,9,A1,1,2,1,23,27,True,A7,A3,SDC
1318,9,A1,1,3,0,23,23,False,A7,A7,Not activated
1319,9,A1,1,3,1,23,2B,True,A7,9B,SDC
1320,9,A1,1,4,0,23,23,False,A7,A7,Not activated
1321,9,A1,1,4,1,23,33,True,A7,28,SDC
1322,9,A1,1,5,0,23,03,True,A7,AF,SDC
1323,9,A1,1,5,1,23,23,False,A7,A7,Not activated
1324,9,A1,1,6,0,23,23,False,A7,A7,Not activated
1325,9,A1,1,6,1,23,63,True,A7,63,SDC
1326,9,A1,1,7,0,23,23,False,A7,A7,Not activated
1327,9,A1,1,7,1,23,A3,True,A7,B2,SDC
1328,9,A2,2,0,0,35,34,True,A7,A9,SDC
1329,9,A2,2,0,1,35,35,False,A7,A7,Not activated
1330,9,A2,2,1,0,35,35,False,A7,A7,Not activated
1331,9,A2,2,1,1,35,37,True,A7,A7,Masked
1332,9,A2,2,2,0,35,31,True,A7,A9,SDC
1333,9,A2,2,2,1,35,35,False,A7,A7,Not activated
1334,9,A2,2,3,0,35,35,False,A7,A7,Not activated
1335,9,A2,2,3,1,35,3D,True,A7,A7,Masked
1336,9,A2,2,4,0,35,25,True,A7,A9,SDC
1337,9,A2,2,4,1,35,35,False,A7,A7,Not activated
1338,9,A2,2,5,0,35,15,True,A7,A9,SDC
1339,9,A2,2,5,1,35,35,False,A7,A7,Not activated
1340,9,A2,2,6,0,35,35,False,A7,A7,Not activated
1341,9,A2,2,6,1,35,75,True,A7,47,SDC
1342,9,A2,2,7,0,35,35,False,A7,A7,Not activated
1343,9,A2,2,7,1,35,B5,True,A7,AA,SDC
1344,9,A3,3,0,0,A5,A4,True,A7,A8,SDC
1345,9,A3,3,0,1,A5,A5,False,A7,A7,Not activated
1346,9,A3,3,1,0,A5,A5,False,A7,A7,Not activated
1347,9,A3,3,1,1,A5,A7,True,A7,A6,SDC
1348,9,A3,3,2,0,A5,A1,True,A7,A9,SDC
1349,9,A3,3,2,1,A5,A5,False,A7,A7,Not activated
1350,9,A3,3,3,0,A5,A5,False,A7,A7,Not activated
1351,9,A3,3,3,1,A5,AD,True,A7,9A,SDC
1352,9,A3,3,4,0,A5,A5,False,A7,A7,Not activated
1353,9,A3,3,4,1,A5,B5,True,A7,28,SDC
1354,9,A3,3,5,0,A5,85,True,A7,AD,SDC
1355,9,A3,3,5,1,A5,A5,False,A7,A7,Not activated
1356,9,A3,3,6,0,A5,A5,False,A7,A7,Not activated
1357,9,A3,3,6,1,A5,E5,True,A7,62,SDC
1358,9,A3,3,7,0,A5,25,True,A7,B1,SDC
1359,9,A3,3,7,1,A5,A5,False,A7,A7,Not activated
1360,9,B0,4,0,0,B1,B0,True,A7,A7,Masked
1361,9,B0,4,0,1,B1,B1,False,A7,A7,Not activated
1362,9,B0,4,1,0,B1,B1,False,A7,A7,Not activated
1363,9,B0,4,1,1,B1,B3,True,A7,A3,SDC
1364,9,B0,4,2,0,B1,B1,False,A7,A7,Not activated
1365,9,B0,4,2,1,B1,B5,True,A7,9F,SDC
1366,9,B0,4,3,0,B1,B1,False,A7,A7,Not activated
1367,9,B0,4,3,1,B1,B9,True,A7,04,SDC
1368,9,B0,4,4,0,B1,A1,True,A7,AF,SDC
1369,9,B0,4,4,1,B1,B1,False,A7,A7,Not activated
1370,9,B0,4,5,0,B1,91,True,A7,B0,SDC
1371,9,B0,4,5,1,B1,B1,False,A7,A7,Not activated
1372,9,B0,4,6,0,B1,B1,False,A7,A7,Not activated
1373,9,B0,4,6,1,B1,F1,True,A7,68,SDC
1374,9,B0,4,7,0,B1,31,True,A7,B4,SDC
1375,9,B0,4,7,1,B1,B1,False,A7,A7,Not activated
1376,9,B1,5,0,0,38,38,False,A7,A7,Not activated
1377,9,B1,5,0,1,38,39,True,A7,A7,Masked
1378,9,B1,5,1,0,38,38,False,A7,A7,Not activated
1379,9,B1,5,1,1,38,3A,True,A7,A5,SDC
1380,9,B1,5,2,0,38,38,False,A7,A7,Not activated
1381,9,B1,5,2,1,38,3C,True,A7,A3,SDC
1382,9,B1,5,3,0,38,30,True,A7,AD,SDC
1383,9,B1,5,3,1,38,38,False,A7,A7,Not activated
1384,9,B1,5,4,0,38,28,True,A7,AD,SDC
1385,9,B1,5,4,1,38,38,False,A7,A7,Not activated
1386,9,B1,5,5,0,38,18,True,A7,AF,SDC
1387,9,B1,5,5,1,38,38,False,A7,A7,Not activated
1388,9,B1,5,6,0,38,38,False,A7,A7,Not activated
1389,9,B1,5,6,1,38,78,True,A7,78,SDC
1390,9,B1,5,7,0,38,38,False,A7,A7,Not activated
1391,9,B1,5,7,1,38,B8,True,A7,B2,SDC
1392,9,B2,6,0,0,0A,0A,False,A7,A7,Not activated
1393,9,B2,6,0,1,0A,0B,True,A7,A7,Masked
1394,9,B2,6,1,0,0A,08,True,A7,A9,SDC
1395,9,B2,6,1,1,0A,0A,False,A7,A7,Not activated
1396,9,B2,6,2,0,0A,0A,False,A7,A7,Not activated
1397,9,B2,6,2,1,0A,0E,True,A7,A7,Masked
1398,9,B2,6,3,0,0A,02,True,A7,A9,SDC
1399,9,B2,6,3,1,0A,0A,False,A7,A7,Not activated
1400,9,B2,6,4,0,0A,0A,False,A7,A7,Not activated
1401,9,B2,6,4,1,0A,1A,True,A7,A5,SDC
1402,9,B2,6,5,0,0A,0A,False,A7,A7,Not activated
1403,9,B2,6,5,1,0A,2A,True,A7,8C,SDC
1404,9,B2,6,6,0,0A,0A,False,A7,A7,Not activated
1405,9,B2,6,6,1,0A,4A,True,A7,47,SDC
1406,9,B2,6,7,0,0A,0A,False,A7,A7,Not activated
1407,9,B2,6,7,1,0A,8A,True,A7,AA,SDC
1408,9,B3,7,0,0,B5,B4,True,A7,A8,SDC
1409,9,B3,7,0,1,B5,B5,False,A7,A7,Not activated
1410,9,B3,7,1,0,B5,B5,False,A7,A7,Not activated
1411,9,B3,7,1,1,B5,B7,True,A7,A6,SDC
1412,9,B3,7,2,0,B5,B1,True,A7,A9,SDC
1413,9,B3,7,2,1,B5,B5,False,A7,A7,Not activated
1414,9,B3,7,3,0,B5,B5,False,A7,A7,Not activated
1415,9,B3,7,3,1,B5,BD,True,A7,9A,SDC
1416,9,B3,7,4,0,B5,A5,True,A7,AC,SDC
1417,9,B3,7,4,1,B5,B5,False,A7,A7,Not activated
1418,9,B3,7,5,0,B5,95,True,A7,AD,SDC
1419,9,B3,7,5,1,B5,B5,False,A7,A7,Not activated
1420,9,B3,7,6,0,B5,B5,False,A7,A7,Not activated
1421,9,B3,7,6,1,B5,F5,True,A7,62,SDC
1422,9,B3,7,7,0,B5,35,True,A7,B1,SDC
1423,9,B3,7,7,1,B5,B5,False,A7,A7,Not activated
1424,9,C0,8,0,0,B6,B6,False,A7,A7,Not activated
1425,9,C0,8,0,1,B6,B7,True,A7,AA,SDC
1426,9,C0,8,1,0,B6,B4,True,A7,9F,SDC
1427,9,C0,8,1,1,B6,B6,False,A7,A7,Not activated
1428,9,C0,8,2,0,B6,B2,True,A7,8C,SDC
1429,9,C0,8,2,1,B6,B6,False,A7,A7,Not activated
1430,9,C0,8,3,0,B6,B6,False,A7,A7,Not activated
1431,9,C0,8,3,1,B6,BE,True,A7,BA,SDC
1432,9,C0,8,4,0,B6,A6,True,A7,2D,SDC
1433,9,C0,8,4,1,B6,B6,False,A7,A7,Not activated
1434,9,C0,8,5,0,B6,96,True,A7,31,SDC
1435,9,C0,8,5,1,B6,B6,False,A7,A7,Not activated
1436,9,C0,8,6,0,B6,B6,False,A7,A7,Not activated
1437,9,C0,8,6,1,B6,F6,True,A7,F6,SDC
1438,9,C0,8,7,0,B6,36,True,A7,3B,SDC
1439,9,C0,8,7,1,B6,B6,False,A7,A7,Not activated
1440,10,A0,0,0,0,B4,B4,False,41,41,Not activated
1441,10,A0,0,0,1,B4,B5,True,41,41,Masked
1442,10,A0,0,1,0,B4,B4,False,41,41,Not activated
1443,10,A0,0,1,1,B4,B6,True,41,41,Masked
1444,10,A0,0,2,0,B4,B0,True,41,40,SDC
1445,10,A0,0,2,1,B4,B4,False,41,41,Not activated
1446,10,A0,0,3,0,B4,B4,False,41,41,Not activated
1447,10,A0,0,3,1,B4,BC,True,41,43,SDC
1448,10,A0,0,4,0,B4,A4,True,41,3E,SDC
1449,10,A0,0,4,1,B4,B4,False,41,41,Not activated
1450,10,A0,0,5,0,B4,94,True,41,3C,SDC
1451,10,A0,0,5,1,B4,B4,False,41,41,Not activated
1452,10,A0,0,6,0,B4,B4,False,41,41,Not activated
1453,10,A0,0,6,1,B4,F4,True,41,73,SDC
1454,10,A0,0,7,0,B4,34,True,41,34,SDC
1455,10,A0,0,7,1,B4,B4,False,41,41,Not activated
1456,10,A1,1,0,0,28,28,False,41,41,Not activated
1457,10,A1,1,0,1,28,29,True,41,40,SDC
1458,10,A1,1,1,0,28,28,False,41,41,Not activated
1459,10,A1,1,1,1,28,2A,True,41,40,SDC
1460,10,A1,1,2,0,28,28,False,41,41,Not activated
1461,10,A1,1,2,1,28,2C,True,41,40,SDC
1462,10,A1,1,3,0,28,20,True,41,41,Masked
1463,10,A1,1,3,1,28,28,False,41,41,Not activated
1464,10,A1,1,4,0,28,28,False,41,41,Not activated
1465,10,A1,1,4,1,28,38,True,41,40,SDC
1466,10,A1,1,5,0,28,08,True,41,41,Masked
1467,10,A1,1,5,1,28,28,False,41,41,Not activated
1468,10,A1,1,6,0,28,28,False,41,41,Not activated
1469,10,A1,1,6,1,28,68,True,41,D4,SDC
1470,10,A1,1,7,0,28,28,False,41,41,Not activated
1471,10,A1,1,7,1,28,A8,True,41,41,Masked
1472,10,A2,2,0,0,31,30,True,41,40,SDC
1473,10,A2,2,0,1,31,31,False,41,41,Not activated
1474,10,A2,2,1,0,31,31,False,41,41,Not activated
1475,10,A2,2,1,1,31,33,True,41,41,Masked
1476,10,A2,2,2,0,31,31,False,41,41,Not activated
1477,10,A2,2,2,1,31,35,True,41,42,SDC
1478,10,A2,2,3,0,31,31,False,41,41,Not activated
1479,10,A2,2,3,1,31,39,True,41,43,SDC
1480,10,A2,2,4,0,31,21,True,41,3E,SDC
1481,10,A2,2,4,1,31,31,False,41,41,Not activated
1482,10,A2,2,5,0,31,11,True,41,3D,SDC
1483,10,A2,2,5,1,31,31,False,41,41,Not activated
1484,10,A2,2,6,0,31,31,False,41,41,Not activated
1485,10,A2,2,6,1,31,71,True,41,71,SDC
1486,10,A2,2,7,0,31,31,False,41,41,Not activated
1487,10,A2,2,7,1,31,B1,True,41,38,SDC
1488,10,A3,3,0,0,A2,A2,False,41,41,Not activated
1489,10,A3,3,0,1,A2,A3,True,41,41,Masked
1490,10,A3,3,1,0,A2,A0,True,41,41,Masked
1491,10,A3,3,1,1,A2,A2,False,41,41,Not activated
1492,10,A3,3,2,0,A2,A2,False,41,41,Not activated
1493,10,A3,3,2,1,A2,A6,True,41,41,Masked
1494,10,A3,3,3,0,A2,A2,False,41,41,Not activated
1495,10,A3,3,3,1,A2,AA,True,41,41,Masked
1496,10,A3,3,4,0,A2,A2,False,41,41,Not activated
1497,10,A3,3,4,1,A2,B2,True,41,41,Masked
1498,10,A3,3,5,0,A2,82,True,41,41,Masked
1499,10,A3,3,5,1,A2,A2,False,41,41,Not activated
1500,10,A3,3,6,0,A2,A2,False,41,41,Not activated
1501,10,A3,3,6,1,A2,E2,True,41,9C,SDC
1502,10,A3,3,7,0,A2,22,True,41,41,Masked
1503,10,A3,3,7,1,A2,A2,False,41,41,Not activated
1504,10,B0,4,0,0,B6,B6,False,41,41,Not activated
1505,10,B0,4,0,1,B6,B7,True,41,41,Masked
1506,10,B0,4,1,0,B6,B4,True,41,40,SDC
1507,10,B0,4,1,1,B6,B6,False,41,41,Not activated
1508,10,B0,4,2,0,B6,B2,True,41,40,SDC
1509,10,B0,4,2,1,B6,B6,False,41,41,Not activated
1510,10,B0,4,3,0,B6,B6,False,41,41,Not activated
1511,10,B0,4,3,1,B6,BE,True,41,43,SDC
1512,10,B0,4,4,0,B6,A6,True,41,3E,SDC
1513,10,B0,4,4,1,B6,B6,False,41,41,Not activated
1514,10,B0,4,5,0,B6,96,True,41,3C,SDC
1515,10,B0,4,5,1,B6,B6,False,41,41,Not activated
1516,10,B0,4,6,0,B6,B6,False,41,41,Not activated
1517,10,B0,4,6,1,B6,F6,True,41,73,SDC
1518,10,B0,4,7,0,B6,36,True,41,34,SDC
1519,10,B0,4,7,1,B6,B6,False,41,41,Not activated
1520,10,B1,5,0,0,A7,A6,True,41,41,Masked
1521,10,B1,5,0,1,A7,A7,False,41,41,Not activated
1522,10,B1,5,1,0,A7,A5,True,41,41,Masked
1523,10,B1,5,1,1,A7,A7,False,41,41,Not activated
1524,10,B1,5,2,0,A7,A3,True,41,41,Masked
1525,10,B1,5,2,1,A7,A7,False,41,41,Not activated
1526,10,B1,5,3,0,A7,A7,False,41,41,Not activated
1527,10,B1,5,3,1,A7,AF,True,41,40,SDC
1528,10,B1,5,4,0,A7,A7,False,41,41,Not activated
1529,10,B1,5,4,1,A7,B7,True,41,40,SDC
1530,10,B1,5,5,0,A7,87,True,41,41,Masked
1531,10,B1,5,5,1,A7,A7,False,41,41,Not activated
1532,10,B1,5,6,0,A7,A7,False,41,41,Not activated
1533,10,B1,5,6,1,A7,E7,True,41,D4,SDC
1534,10,B1,5,7,0,A7,27,True,41,41,Masked
1535,10,B1,5,7,1,A7,A7,False,41,41,Not activated
1536,10,B2,6,0,0,38,38,False,41,41,Not activated
1537,10,B2,6,0,1,38,39,True,41,41,Masked
1538,10,B2,6,1,0,38,38,False,41,41,Not activated
1539,10,B2,6,1,1,38,3A,True,41,41,Masked
1540,10,B2,6,2,0,38,38,False,41,41,Not activated
1541,10,B2,6,2,1,38,3C,True,41,42,SDC
1542,10,B2,6,3,0,38,30,True,41,3F,SDC
1543,10,B2,6,3,1,38,38,False,41,41,Not activated
1544,10,B2,6,4,0,38,28,True,41,3E,SDC
1545,10,B2,6,4,1,38,38,False,41,41,Not activated
1546,10,B2,6,5,0,38,18,True,41,3D,SDC
1547,10,B2,6,5,1,38,38,False,41,41,Not activated
1548,10,B2,6,6,0,38,38,False,41,41,Not activated
1549,10,B2,6,6,1,38,78,True,41,78,SDC
1550,10,B2,6,7,0,38,38,False,41,41,Not activated
1551,10,B2,6,7,1,38,B8,True,41,38,SDC
1552,10,B3,7,0,0,17,16,True,41,41,Masked
1553,10,B3,7,0,1,17,17,False,41,41,Not activated
1554,10,B3,7,1,0,17,15,True,41,41,Masked
1555,10,B3,7,1,1,17,17,False,41,41,Not activated
1556,10,B3,7,2,0,17,13,True,41,41,Masked
1557,10,B3,7,2,1,17,17,False,41,41,Not activated
1558,10,B3,7,3,0,17,17,False,41,41,Not activated
1559,10,B3,7,3,1,17,1F,True,41,41,Masked
1560,10,B3,7,4,0,17,07,True,41,41,Masked
1561,10,B3,7,4,1,17,17,False,41,41,Not activated
1562,10,B3,7,5,0,17,17,False,41,41,Not activated
1563,10,B3,7,5,1,17,37,True,41,40,SDC
1564,10,B3,7,6,0,17,17,False,41,41,Not activated
1565,10,B3,7,6,1,17,57,True,41,9C,SDC
1566,10,B3,7,7,0,17,17,False,41,41,Not activated
1567,10,B3,7,7,1,17,97,True,41,41,Masked
1568,10,C0,8,0,0,37,36,True,41,40,SDC
1569,10,C0,8,0,1,37,37,False,41,41,Not activated
1570,10,C0,8,1,0,37,35,True,41,40,SDC
1571,10,C0,8,1,1,37,37,False,41,41,Not activated
1572,10,C0,8,2,0,37,33,True,41,40,SDC
1573,10,C0,8,2,1,37,37,False,41,41,Not activated
1574,10,C0,8,3,0,37,37,False,41,41,Not activated
1575,10,C0,8,3,1,37,3F,True,41,44,SDC
1576,10,C0,8,4,0,37,27,True,41,3B,SDC
1577,10,C0,8,4,1,37,37,False,41,41,Not activated
1578,10,C0,8,5,0,37,17,True,41,3A,SDC
1579,10,C0,8,5,1,37,37,False,41,41,Not activated
1580,10,C0,8,6,0,37,37,False,41,41,Not activated
1581,10,C0,8,6,1,37,77,True,41,77,SDC
1582,10,C0,8,7,0,37,37,False,41,41,Not activated
1583,10,C0,8,7,1,37,B7,True,41,25,SDC
1584,11,A0,0,0,0,34,34,False,26,26,Not activated
1585,11,A0,0,0,1,34,35,True,26,26,Masked
1586,11,A0,0,1,0,34,34,False,26,26,Not activated
1587,11,A0,0,1,1,34,36,True,26,26,Masked
1588,11,A0,0,2,0,34,30,True,26,26,Masked
1589,11,A0,0,2,1,34,34,False,26,26,Not activated
1590,11,A0,0,3,0,34,34,False,26,26,Not activated
1591,11,A0,0,3,1,34,3C,True,26,29,SDC
1592,11,A0,0,4,0,34,24,True,26,26,Masked
1593,11,A0,0,4,1,34,34,False,26,26,Not activated
1594,11,A0,0,5,0,34,14,True,26,24,SDC
1595,11,A0,0,5,1,34,34,False,26,26,Not activated
1596,11,A0,0,6,0,34,34,False,26,26,Not activated
1597,11,A0,0,6,1,34,74,True,26,55,SDC
1598,11,A0,0,7,0,34,34,False,26,26,Not activated
1599,11,A0,0,7,1,34,B4,True,26,22,SDC
1600,11,A1,1,0,0,B8,B8,False,26,26,Not activated
1601,11,A1,1,0,1,B8,B9,True,26,29,SDC
1602,11,A1,1,1,0,B8,B8,False,26,26,Not activated
1603,11,A1,1,1,1,B8,BA,True,26,2B,SDC
1604,11,A1,1,2,0,B8,B8,False,26,26,Not activated
1605,11,A1,1,2,1,B8,BC,True,26,2F,SDC
1606,11,A1,1,3,0,B8,B0,True,26,00,SDC
1607,11,A1,1,3,1,B8,B8,False,26,26,Not activated
1608,11,A1,1,4,0,B8,A8,True,26,9E,SDC
1609,11,A1,1,4,1,B8,B8,False,26,26,Not activated
1610,11,A1,1,5,0,B8,98,True,26,A4,SDC
1611,11,A1,1,5,1,B8,B8,False,26,26,Not activated
1612,11,A1,1,6,0,B8,B8,False,26,26,Not activated
1613,11,A1,1,6,1,B8,F8,True,26,78,SDC
1614,11,A1,1,7,0,B8,38,True,26,B4,SDC
1615,11,A1,1,7,1,B8,B8,False,26,26,Not activated
1616,11,A2,2,0,0,2E,2E,False,26,26,Not activated
1617,11,A2,2,0,1,2E,2F,True,26,29,SDC
1618,11,A2,2,1,0,2E,2C,True,26,26,Masked
1619,11,A2,2,1,1,2E,2E,False,26,26,Not activated
1620,11,A2,2,2,0,2E,2A,True,26,26,Masked
1621,11,A2,2,2,1,2E,2E,False,26,26,Not activated
1622,11,A2,2,3,0,2E,26,True,26,24,SDC
1623,11,A2,2,3,1,2E,2E,False,26,26,Not activated
1624,11,A2,2,4,0,2E,2E,False,26,26,Not activated
1625,11,A2,2,4,1,2E,3E,True,26,32,SDC
1626,11,A2,2,5,0,2E,0E,True,26,20,SDC
1627,11,A2,2,5,1,2E,2E,False,26,26,Not activated
1628,11,A2,2,6,0,2E,2E,False,26,26,Not activated
1629,11,A2,2,6,1,2E,6E,True,26,60,SDC
1630,11,A2,2,7,0,2E,2E,False,26,26,Not activated
1631,11,A2,2,7,1,2E,AE,True,26,00,SDC
1632,11,A3,3,0,0,2C,2C,False,26,26,Not activated
1633,11,A3,3,0,1,2C,2D,True,26,24,SDC
1634,11,A3,3,1,0,2C,2C,False,26,26,Not activated
1635,11,A3,3,1,1,2C,2E,True,26,23,SDC
1636,11,A3,3,2,0,2C,28,True,26,2A,SDC
1637,11,A3,3,2,1,2C,2C,False,26,26,Not activated
1638,11,A3,3,3,0,2C,24,True,26,2C,SDC
1639,11,A3,3,3,1,2C,2C,False,26,26,Not activated
1640,11,A3,3,4,0,2C,2C,False,26,26,Not activated
1641,11,A3,3,4,1,2C,3C,True,26,B2,SDC
1642,11,A3,3,5,0,2C,0C,True,26,2F,SDC
1643,11,A3,3,5,1,2C,2C,False,26,26,Not activated
1644,11,A3,3,6,0,2C,2C,False,26,26,Not activated
1645,11,A3,3,6,1,2C,6C,True,26,E9,SDC
1646,11,A3,3,7,0,2C,2C,False,26,26,Not activated
1647,11,A3,3,7,1,2C,AC,True,26,34,SDC
1648,11,B0,4,0,0,19,18,True,26,26,Masked
1649,11,B0,4,0,1,19,19,False,26,26,Not activated
1650,11,B0,4,1,0,19,19,False,26,26,Not activated
1651,11,B0,4,1,1,19,1B,True,26,26,Masked
1652,11,B0,4,2,0,19,19,False,26,26,Not activated
1653,11,B0,4,2,1,19,1D,True,26,29,SDC
1654,11,B0,4,3,0,19,11,True,26,26,Masked
1655,11,B0,4,3,1,19,19,False,26,26,Not activated
1656,11,B0,4,4,0,19,09,True,26,26,Masked
1657,11,B0,4,4,1,19,19,False,26,26,Not activated
1658,11,B0,4,5,0,19,19,False,26,26,Not activated
1659,11,B0,4,5,1,19,39,True,26,39,SDC
1660,11,B0,4,6,0,19,19,False,26,26,Not activated
1661,11,B0,4,6,1,19,59,True,26,55,SDC
1662,11,B0,4,7,0,19,19,False,26,26,Not activated
1663,11,B0,4,7,1,19,99,True,26,22,SDC
1664,11,B1,5,0,0,AF,AE,True,26,26,Masked
1665,11,B1,5,0,1,AF,AF,False,26,26,Not activated
1666,11,B1,5,1,0,AF,AD,True,26,24,SDC
1667,11,B1,5,1,1,AF,AF,False,26,26,Not activated
1668,11,B1,5,2,0,AF,AB,True,26,20,SDC
1669,11,B1,5,2,1,AF,AF,False,26,26,Not activated
1670,11,B1,5,3,0,AF,A7,True,26,00,SDC
1671,11,B1,5,3,1,AF,AF,False,26,26,Not activated
1672,11,B1,5,4,0,AF,AF,False,26,26,Not activated
1673,11,B1,5,4,1,AF,BF,True,26,3D,SDC
1674,11,B1,5,5,0,AF,8F,True,26,A4,SDC
1675,11,B1,5,5,1,AF,AF,False,26,26,Not activated
1676,11,B1,5,6,0,AF,AF,False,26,26,Not activated
1677,11,B1,5,6,1,AF,EF,True,26,6F,SDC
1678,11,B1,5,7,0,AF,2F,True,26,B4,SDC
1679,11,B1,5,7,1,AF,AF,False,26,26,Not activated
1680,11,B2,6,0,0,29,28,True,26,26,Masked
1681,11,B2,6,0,1,29,29,False,26,26,Not activated
1682,11,B2,6,1,0,29,29,False,26,26,Not activated
1683,11,B2,6,1,1,29,2B,True,26,29,SDC
1684,11,B2,6,2,0,29,29,False,26,26,Not activated
1685,11,B2,6,2,1,29,2D,True,26,29,SDC
1686,11,B2,6,3,0,29,21,True,26,24,SDC
1687,11,B2,6,3,1,29,29,False,26,26,Not activated
1688,11,B2,6,4,0,29,29,False,26,26,Not activated
1689,11,B2,6,4,1,29,39,True,26,32,SDC
1690,11,B2,6,5,0,29,09,True,26,20,SDC
1691,11,B2,6,5,1,29,29,False,26,26,Not activated
1692,11,B2,6,6,0,29,29,False,26,26,Not activated
1693,11,B2,6,6,1,29,69,True,26,60,SDC
1694,11,B2,6,7,0,29,29,False,26,26,Not activated
1695,11,B2,6,7,1,29,A9,True,26,00,SDC
1696,11,B3,7,0,0,B4,B4,False,26,26,Not activated
1697,11,B3,7,0,1,B4,B5,True,26,24,SDC
1698,11,B3,7,1,0,B4,B4,False,26,26,Not activated
1699,11,B3,7,1,1,B4,B6,True,26,23,SDC
1700,11,B3,7,2,0,B4,B0,True,26,2A,SDC
1701,11,B3,7,2,1,B4,B4,False,26,26,Not activated
1702,11,B3,7,3,0,B4,B4,False,26,26,Not activated
1703,11,B3,7,3,1,B4,BC,True,26,98,SDC
1704,11,B3,7,4,0,B4,A4,True,26,2E,SDC
1705,11,B3,7,4,1,B4,B4,False,26,26,Not activated
1706,11,B3,7,5,0,B4,94,True,26,2F,SDC
1707,11,B3,7,5,1,B4,B4,False,26,26,Not activated
1708,11,B3,7,6,0,B4,B4,False,26,26,Not activated
1709,11,B3,7,6,1,B4,F4,True,26,E9,SDC
1710,11,B3,7,7,0,B4,34,True,26,34,SDC
1711,11,B3,7,7,1,B4,B4,False,26,26,Not activated
1712,11,C0,8,0,0,A0,A0,False,26,26,Not activated
1713,11,C0,8,0,1,A0,A1,True,26,26,Masked
1714,11,C0,8,1,0,A0,A0,False,26,26,Not activated
1715,11,C0,8,1,1,A0,A2,True,26,26,Masked
1716,11,C0,8,2,0,A0,A0,False,26,26,Not activated
1717,11,C0,8,2,1,A0,A4,True,26,22,SDC
1718,11,C0,8,3,0,A0,A0,False,26,26,Not activated
1719,11,C0,8,3,1,A0,A8,True,26,1C,SDC
1720,11,C0,8,4,0,A0,A0,False,26,26,Not activated
1721,11,C0,8,4,1,A0,B0,True,26,A0,SDC
1722,11,C0,8,5,0,A0,80,True,26,2B,SDC
1723,11,C0,8,5,1,A0,A0,False,26,26,Not activated
1724,11,C0,8,6,0,A0,A0,False,26,26,Not activated
1725,11,C0,8,6,1,A0,E0,True,26,E0,SDC
1726,11,C0,8,7,0,A0,20,True,26,2F,SDC
1727,11,C0,8,7,1,A0,A0,False,26,26,Not activated
1728,12,A0,0,0,0,9C,9C,False,B4,B4,Not activated
1729,12,A0,0,0,1,9C,9D,True,B4,B4,Masked
1730,12,A0,0,1,0,9C,9C,False,B4,B4,Not activated
1731,12,A0,0,1,1,9C,9E,True,B4,B4,Masked
1732,12,A0,0,2,0,9C,98,True,B4,B4,Masked
1733,12,A0,0,2,1,9C,9C,False,B4,B4,Not activated
1734,12,A0,0,3,0,9C,94,True,B4,B4,Masked
1735,12,A0,0,3,1,9C,9C,False,B4,B4,Not activated
1736,12,A0,0,4,0,9C,8C,True,B4,B4,Masked
1737,12,A0,0,4,1,9C,9C,False,B4,B4,Not activated
1738,12,A0,0,5,0,9C,9C,False,B4,B4,Not activated
1739,12,A0,0,5,1,9C,BC,True,B4,B4,Masked
1740,12,A0,0,6,0,9C,9C,False,B4,B4,Not activated
1741,12,A0,0,6,1,9C,DC,True,B4,B4,Masked
1742,12,A0,0,7,0,9C,1C,True,B4,B4,Masked
1743,12,A0,0,7,1,9C,9C,False,B4,B4,Not activated
1744,12,A1,1,0,0,37,36,True,B4,B3,SDC
1745,12,A1,1,0,1,37,37,False,B4,B4,Not activated
1746,12,A1,1,1,0,37,35,True,B4,B3,SDC
1747,12,A1,1,1,1,37,37,False,B4,B4,Not activated
1748,12,A1,1,2,0,37,33,True,B4,B1,SDC
1749,12,A1,1,2,1,37,37,False,B4,B4,Not activated
1750,12,A1,1,3,0,37,37,False,B4,B4,Not activated
1751,12,A1,1,3,1,37,3F,True,B4,BB,SDC
1752,12,A1,1,4,0,37,27,True,B4,AA,SDC
1753,12,A1,1,4,1,37,37,False,B4,B4,Not activated
1754,12,A1,1,5,0,37,17,True,B4,A4,SDC
1755,12,A1,1,5,1,37,37,False,B4,B4,Not activated
1756,12,A1,1,6,0,37,37,False,B4,B4,Not activated
1757,12,A1,1,6,1,37,77,True,B4,F1,SDC
1758,12,A1,1,7,0,37,37,False,B4,B4,Not activated
1759,12,A1,1,7,1,37,B7,True,B4,2F,SDC
1760,12,A2,2,0,0,34,34,False,B4,B4,Not activated
1761,12,A2,2,0,1,34,35,True,B4,B3,SDC
1762,12,A2,2,1,0,34,34,False,B4,B4,Not activated
1763,12,A2,2,1,1,34,36,True,B4,B2,SDC
1764,12,A2,2,2,0,34,30,True,B4,B8,SDC
1765,12,A2,2,2,1,34,34,False,B4,B4,Not activated
1766,12,A2,2,3,0,34,34,False,B4,B4,Not activated
1767,12,A2,2,3,1,34,3C,True,B4,A0,SDC
1768,12,A2,2,4,0,34,24,True,B4,BA,SDC
1769,12,A2,2,4,1,34,34,False,B4,B4,Not activated
1770,12,A2,2,5,0,34,14,True,B4,BA,SDC
1771,12,A2,2,5,1,34,34,False,B4,B4,Not activated
1772,12,A2,2,6,0,34,34,False,B4,B4,Not activated
1773,12,A2,2,6,1,34,74,True,B4,72,SDC
1774,12,A2,2,7,0,34,34,False,B4,B4,Not activated
1775,12,A2,2,7,1,34,B4,True,B4,C0,SDC
1776,12,A3,3,0,0,AF,AE,True,B4,B3,SDC
1777,12,A3,3,0,1,AF,AF,False,B4,B4,Not activated
1778,12,A3,3,1,0,AF,AD,True,B4,B3,SDC
1779,12,A3,3,1,1,AF,AF,False,B4,B4,Not activated
1780,12,A3,3,2,0,AF,AB,True,B4,B2,SDC
1781,12,A3,3,2,1,AF,AF,False,B4,B4,Not activated
1782,12,A3,3,3,0,AF,A7,True,B4,B1,SDC
1783,12,A3,3,3,1,AF,AF,False,B4,B4,Not activated
1784,12,A3,3,4,0,AF,AF,False,B4,B4,Not activated
1785,12,A3,3,4,1,AF,BF,True,B4,BE,SDC
1786,12,A3,3,5,0,AF,8F,True,B4,AD,SDC
1787,12,A3,3,5,1,AF,AF,False,B4,B4,Not activated
1788,12,A3,3,6,0,AF,AF,False,B4,B4,Not activated
1789,12,A3,3,6,1,AF,EF,True,B4,EB,SDC
1790,12,A3,3,7,0,AF,2F,True,B4,8C,SDC
1791,12,A3,3,7,1,AF,AF,False,B4,B4,Not activated
1792,12,B0,4,0,0,01,00,True,B4,B4,Masked
1793,12,B0,4,0,1,01,01,False,B4,B4,Not activated
1794,12,B0,4,1,0,01,01,False,B4,B4,Not activated
1795,12,B0,4,1,1,01,03,True,B4,B4,Masked
1796,12,B0,4,2,0,01,01,False,B4,B4,Not activated
1797,12,B0,4,2,1,01,05,True,B4,B4,Masked
1798,12,B0,4,3,0,01,01,False,B4,B4,Not activated
1799,12,B0,4,3,1,01,09,True,B4,B4,Masked
1800,12,B0,4,4,0,01,01,False,B4,B4,Not activated
1801,12,B0,4,4,1,01,11,True,B4,B4,Masked
1802,12,B0,4,5,0,01,01,False,B4,B4,Not activated
1803,12,B0,4,5,1,01,21,True,B4,B4,Masked
1804,12,B0,4,6,0,01,01,False,B4,B4,Not activated
1805,12,B0,4,6,1,01,41,True,B4,B8,SDC
1806,12,B0,4,7,0,01,01,False,B4,B4,Not activated
1807,12,B0,4,7,1,01,81,True,B4,B4,Masked
1808,12,B1,5,0,0,B2,B2,False,B4,B4,Not activated
1809,12,B1,5,0,1,B2,B3,True,B4,B4,Masked
1810,12,B1,5,1,0,B2,B0,True,B4,B2,SDC
1811,12,B1,5,1,1,B2,B2,False,B4,B4,Not activated
1812,12,B1,5,2,0,B2,B2,False,B4,B4,Not activated
1813,12,B1,5,2,1,B2,B6,True,B4,B8,SDC
1814,12,B1,5,3,0,B2,B2,False,B4,B4,Not activated
1815,12,B1,5,3,1,B2,BA,True,B4,BB,SDC
1816,12,B1,5,4,0,B2,A2,True,B4,AA,SDC
1817,12,B1,5,4,1,B2,B2,False,B4,B4,Not activated
1818,12,B1,5,5,0,B2,92,True,B4,A4,SDC
1819,12,B1,5,5,1,B2,B2,False,B4,B4,Not activated
1820,12,B1,5,6,0,B2,B2,False,B4,B4,Not activated
1821,12,B1,5,6,1,B2,F2,True,B4,F1,SDC
1822,12,B1,5,7,0,B2,32,True,B4,2F,SDC
1823,12,B1,5,7,1,B2,B2,False,B4,B4,Not activated
1824,12,B2,6,0,0,35,34,True,B4,B5,SDC
1825,12,B2,6,0,1,35,35,False,B4,B4,Not activated
1826,12,B2,6,1,0,35,35,False,B4,B4,Not activated
1827,12,B2,6,1,1,35,37,True,B4,B3,SDC
1828,12,B2,6,2,0,35,31,True,B4,B7,SDC
1829,12,B2,6,2,1,35,35,False,B4,B4,Not activated
1830,12,B2,6,3,0,35,35,False,B4,B4,Not activated
1831,12,B2,6,3,1,35,3D,True,B4,A0,SDC
1832,12,B2,6,4,0,35,25,True,B4,BA,SDC
1833,12,B2,6,4,1,35,35,False,B4,B4,Not activated
1834,12,B2,6,5,0,35,15,True,B4,BA,SDC
1835,12,B2,6,5,1,35,35,False,B4,B4,Not activated
1836,12,B2,6,6,0,35,35,False,B4,B4,Not activated
1837,12,B2,6,6,1,35,75,True,B4,72,SDC
1838,12,B2,6,7,0,35,35,False,B4,B4,Not activated
1839,12,B2,6,7,1,35,B5,True,B4,C0,SDC
1840,12,B3,7,0,0,34,34,False,B4,B4,Not activated
1841,12,B3,7,0,1,34,35,True,B4,B4,Masked
1842,12,B3,7,1,0,34,34,False,B4,B4,Not activated
1843,12,B3,7,1,1,34,36,True,B4,B5,SDC
1844,12,B3,7,2,0,34,30,True,B4,B2,SDC
1845,12,B3,7,2,1,34,34,False,B4,B4,Not activated
1846,12,B3,7,3,0,34,34,False,B4,B4,Not activated
1847,12,B3,7,3,1,34,3C,True,B4,B9,SDC
1848,12,B3,7,4,0,34,24,True,B4,AF,SDC
1849,12,B3,7,4,1,34,34,False,B4,B4,Not activated
1850,12,B3,7,5,0,34,14,True,B4,AD,SDC
1851,12,B3,7,5,1,34,34,False,B4,B4,Not activated
1852,12,B3,7,6,0,34,34,False,B4,B4,Not activated
1853,12,B3,7,6,1,34,74,True,B4,EB,SDC
1854,12,B3,7,7,0,34,34,False,B4,B4,Not activated
1855,12,B3,7,7,1,34,B4,True,B4,8C,SDC
1856,12,C0,8,0,0,AD,AC,True,B4,B3,SDC
1857,12,C0,8,0,1,AD,AD,False,B4,B4,Not activated
1858,12,C0,8,1,0,AD,AD,False,B4,B4,Not activated
1859,12,C0,8,1,1,AD,AF,True,B4,B4,Masked
1860,12,C0,8,2,0,AD,A9,True,B4,B2,SDC
1861,12,C0,8,2,1,AD,AD,False,B4,B4,Not activated
1862,12,C0,8,3,0,AD,A5,True,B4,B1,SDC
1863,12,C0,8,3,1,AD,AD,False,B4,B4,Not activated
1864,12,C0,8,4,0,AD,AD,False,B4,B4,Not activated
1865,12,C0,8,4,1,AD,BD,True,B4,C0,SDC
1866,12,C0,8,5,0,AD,8D,True,B4,AC,SDC
1867,12,C0,8,5,1,AD,AD,False,B4,B4,Not activated
1868,12,C0,8,6,0,AD,AD,False,B4,B4,Not activated
1869,12,C0,8,6,1,AD,ED,True,B4,ED,SDC
1870,12,C0,8,7,0,AD,2D,True,B4,1B,SDC
1871,12,C0,8,7,1,AD,AD,False,B4,B4,Not activated
1872,13,A0,0,0,0,29,28,True,B4,B4,Masked
1873,13,A0,0,0,1,29,29,False,B4,B4,Not activated
1874,13,A0,0,1,0,29,29,False,B4,B4,Not activated
1875,13,A0,0,1,1,29,2B,True,B4,B4,Masked
1876,13,A0,0,2,0,29,29,False,B4,B4,Not activated
1877,13,A0,0,2,1,29,2D,True,B4,B4,Masked
1878,13,A0,0,3,0,29,21,True,B4,B4,Masked
1879,13,A0,0,3,1,29,29,False,B4,B4,Not activated
1880,13,A0,0,4,0,29,29,False,B4,B4,Not activated
1881,13,A0,0,4,1,29,39,True,B4,B3,SDC
1882,13,A0,0,5,0,29,09,True,B4,B4,Masked
1883,13,A0,0,5,1,29,29,False,B4,B4,Not activated
1884,13,A0,0,6,0,29,29,False,B4,B4,Not activated
1885,13,A0,0,6,1,29,69,True,B4,4A,SDC
1886,13,A0,0,7,0,29,29,False,B4,B4,Not activated
1887,13,A0,0,7,1,29,A9,True,B4,B4,Masked
1888,13,A1,1,0,0,26,26,False,B4,B4,Not activated
1889,13,A1,1,0,1,26,27,True,B4,B4,Masked
1890,13,A1,1,1,0,26,24,True,B4,B4,Masked
1891,13,A1,1,1,1,26,26,False,B4,B4,Not activated
1892,13,A1,1,2,0,26,22,True,B4,B4,Masked
1893,13,A1,1,2,1,26,26,False,B4,B4,Not activated
1894,13,A1,1,3,0,26,26,False,B4,B4,Not activated
1895,13,A1,1,3,1,26,2E,True,B4,B2,SDC
1896,13,A1,1,4,0,26,26,False,B4,B4,Not activated
1897,13,A1,1,4,1,26,36,True,B4,AC,SDC
1898,13,A1,1,5,0,26,06,True,B4,B6,SDC
1899,13,A1,1,5,1,26,26,False,B4,B4,Not activated
1900,13,A1,1,6,0,26,26,False,B4,B4,Not activated
1901,13,A1,1,6,1,26,66,True,B4,60,SDC
1902,13,A1,1,7,0,26,26,False,B4,B4,Not activated
1903,13,A1,1,7,1,26,A6,True,B4,B8,SDC
1904,13,A2,2,0,0,B3,B2,True,B4,B4,Masked
1905,13,A2,2,0,1,B3,B3,False,B4,B4,Not activated
1906,13,A2,2,1,0,B3,B1,True,B4,B4,Masked
1907,13,A2,2,1,1,B3,B3,False,B4,B4,Not activated
1908,13,A2,2,2,0,B3,B3,False,B4,B4,Not activated
1909,13,A2,2,2,1,B3,B7,True,B4,B4,Masked
1910,13,A2,2,3,0,B3,B3,False,B4,B4,Not activated
1911,13,A2,2,3,1,B3,BB,True,B4,B4,Masked
1912,13,A2,2,4,0,B3,A3,True,B4,B3,SDC
1913,13,A2,2,4,1,B3,B3,False,B4,B4,Not activated
1914,13,A2,2,5,0,B3,93,True,B4,B3,SDC
1915,13,A2,2,5,1,B3,B3,False,B4,B4,Not activated
1916,13,A2,2,6,0,B3,B3,False,B4,B4,Not activated
1917,13,A2,2,6,1,B3,F3,True,B4,D4,SDC
1918,13,A2,2,7,0,B3,33,True,B4,B2,SDC
1919,13,A2,2,7,1,B3,B3,False,B4,B4,Not activated
1920,13,A3,3,0,0,30,30,False,B4,B4,Not activated
1921,13,A3,3,0,1,30,31,True,B4,B5,SDC
1922,13,A3,3,1,0,30,30,False,B4,B4,Not activated
1923,13,A3,3,1,1,30,32,True,B4,B6,SDC
1924,13,A3,3,2,0,30,30,False,B4,B4,Not activated
1925,13,A3,3,2,1,30,34,True,B4,B8,SDC
1926,13,A3,3,3,0,30,30,False,B4,B4,Not activated
1927,13,A3,3,3,1,30,38,True,B4,BA,SDC
1928,13,A3,3,4,0,30,20,True,B4,AC,SDC
1929,13,A3,3,4,1,30,30,False,B4,B4,Not activated
1930,13,A3,3,5,0,30,10,True,B4,A8,SDC
1931,13,A3,3,5,1,30,30,False,B4,B4,Not activated
1932,13,A3,3,6,0,30,30,False,B4,B4,Not activated
1933,13,A3,3,6,1,30,70,True,B4,F0,SDC
1934,13,A3,3,7,0,30,30,False,B4,B4,Not activated
1935,13,A3,3,7,1,30,B0,True,B4,28,SDC
1936,13,B0,4,0,0,1A,1A,False,B4,B4,Not activated
1937,13,B0,4,0,1,1A,1B,True,B4,B4,Masked
1938,13,B0,4,1,0,1A,18,True,B4,B4,Masked
1939,13,B0,4,1,1,1A,1A,False,B4,B4,Not activated
1940,13,B0,4,2,0,1A,1A,False,B4,B4,Not activated
1941,13,B0,4,2,1,1A,1E,True,B4,B4,Masked
1942,13,B0,4,3,0,1A,12,True,B4,B4,Masked
1943,13,B0,4,3,1,1A,1A,False,B4,B4,Not activated
1944,13,B0,4,4,0,1A,0A,True,B4,B4,Masked
1945,13,B0,4,4,1,1A,1A,False,B4,B4,Not activated
1946,13,B0,4,5,0,1A,1A,False,B4,B4,Not activated
1947,13,B0,4,5,1,1A,3A,True,B4,AE,SDC
1948,13,B0,4,6,0,1A,1A,False,B4,B4,Not activated
1949,13,B0,4,6,1,1A,5A,True,B4,4A,SDC
1950,13,B0,4,7,0,1A,1A,False,B4,B4,Not activated
1951,13,B0,4,7,1,1A,9A,True,B4,B4,Masked
1952,13,B1,5,0,0,31,30,True,B4,B4,Masked
1953,13,B1,5,0,1,31,31,False,B4,B4,Not activated
1954,13,B1,5,1,0,31,31,False,B4,B4,Not activated
1955,13,B1,5,1,1,31,33,True,B4,B3,SDC
1956,13,B1,5,2,0,31,31,False,B4,B4,Not activated
1957,13,B1,5,2,1,31,35,True,B4,B3,SDC
1958,13,B1,5,3,0,31,31,False,B4,B4,Not activated
1959,13,B1,5,3,1,31,39,True,B4,B2,SDC
1960,13,B1,5,4,0,31,21,True,B4,B5,SDC
1961,13,B1,5,4,1,31,31,False,B4,B4,Not activated
1962,13,B1,5,5,0,31,11,True,B4,B6,SDC
1963,13,B1,5,5,1,31,31,False,B4,B4,Not activated
1964,13,B1,5,6,0,31,31,False,B4,B4,Not activated
1965,13,B1,5,6,1,31,71,True,B4,60,SDC
1966,13,B1,5,7,0,31,31,False,B4,B4,Not activated
1967,13,B1,5,7,1,31,B1,True,B4,B8,SDC
1968,13,B2,6,0,0,18,18,False,B4,B4,Not activated
1969,13,B2,6,0,1,18,19,True,B4,B4,Masked
1970,13,B2,6,1,0,18,18,False,B4,B4,Not activated
1971,13,B2,6,1,1,18,1A,True,B4,B4,Masked
1972,13,B2,6,2,0,18,18,False,B4,B4,Not activated
1973,13,B2,6,2,1,18,1C,True,B4,B4,Masked
1974,13,B2,6,3,0,18,10,True,B4,B3,SDC
1975,13,B2,6,3,1,18,18,False,B4,B4,Not activated
1976,13,B2,6,4,0,18,08,True,B4,B3,SDC
1977,13,B2,6,4,1,18,18,False,B4,B4,Not activated
1978,13,B2,6,5,0,18,18,False,B4,B4,Not activated
1979,13,B2,6,5,1,18,38,True,B4,BB,SDC
1980,13,B2,6,6,0,18,18,False,B4,B4,Not activated
1981,13,B2,6,6,1,18,58,True,B4,D4,SDC
1982,13,B2,6,7,0,18,18,False,B4,B4,Not activated
1983,13,B2,6,7,1,18,98,True,B4,B2,SDC
1984,13,B3,7,0,0,B8,B8,False,B4,B4,Not activated
1985,13,B3,7,0,1,B8,B9,True,B4,B5,SDC
1986,13,B3,7,1,0,B8,B8,False,B4,B4,Not activated
1987,13,B3,7,1,1,B8,BA,True,B4,B6,SDC
1988,13,B3,7,2,0,B8,B8,False,B4,B4,Not activated
1989,13,B3,7,2,1,B8,BC,True,B4,B8,SDC
1990,13,B3,7,3,0,B8,B0,True,B4,B0,SDC
1991,13,B3,7,3,1,B8,B8,False,B4,B4,Not activated
1992,13,B3,7,4,0,B8,A8,True,B4,AC,SDC
1993,13,B3,7,4,1,B8,B8,False,B4,B4,Not activated
1994,13,B3,7,5,0,B8,98,True,B4,A8,SDC
1995,13,B3,7,5,1,B8,B8,False,B4,B4,Not activated
1996,13,B3,7,6,0,B8,B8,False,B4,B4,Not activated
1997,13,B3,7,6,1,B8,F8,True,B4,F8,SDC
1998,13,B3,7,7,0,B8,38,True,B4,28,SDC
1999,13,B3,7,7,1,B8,B8,False,B4,B4,Not activated
2000,13,C0,8,0,0,AB,AA,True,B4,B3,SDC
2001,13,C0,8,0,1,AB,AB,False,B4,B4,Not activated
2002,13,C0,8,1,0,AB,A9,True,B4,B3,SDC
2003,13,C0,8,1,1,AB,AB,False,B4,B4,Not activated
2004,13,C0,8,2,0,AB,AB,False,B4,B4,Not activated
2005,13,C0,8,2,1,AB,AF,True,B4,B6,SDC
2006,13,C0,8,3,0,AB,A3,True,B4,B1,SDC
2007,13,C0,8,3,1,AB,AB,False,B4,B4,Not activated
2008,13,C0,8,4,0,AB,AB,False,B4,B4,Not activated
2009,13,C0,8,4,1,AB,BB,True,B4,BE,SDC
2010,13,C0,8,5,0,AB,8B,True,B4,AE,SDC
2011,13,C0,8,5,1,AB,AB,False,B4,B4,Not activated
2012,13,C0,8,6,0,AB,AB,False,B4,B4,Not activated
2013,13,C0,8,6,1,AB,EB,True,B4,EB,SDC
2014,13,C0,8,7,0,AB,2B,True,B4,90,SDC
2015,13,C0,8,7,1,AB,AB,False,B4,B4,Not activated
2016,14,A0,0,0,0,B7,B6,True,9B,9B,Masked
2017,14,A0,0,0,1,B7,B7,False,9B,9B,Not activated
2018,14,A0,0,1,0,B7,B5,True,9B,9B,Masked
2019,14,A0,0,1,1,B7,B7,False,9B,9B,Not activated
2020,14,A0,0,2,0,B7,B3,True,9B,A6,SDC
2021,14,A0,0,2,1,B7,B7,False,9B,9B,Not activated
2022,14,A0,0,3,0,B7,B7,False,9B,9B,Not activated
2023,14,A0,0,3,1,B7,BF,True,9B,29,SDC
2024,14,A0,0,4,0,B7,A7,True,9B,AB,SDC
2025,14,A0,0,4,1,B7,B7,False,9B,9B,Not activated
2026,14,A0,0,5,0,B7,97,True,9B,AD,SDC
2027,14,A0,0,5,1,B7,B7,False,9B,9B,Not activated
2028,14,A0,0,6,0,B7,B7,False,9B,9B,Not activated
2029,14,A0,0,6,1,B7,F7,True,9B,6B,SDC
2030,14,A0,0,7,0,B7,37,True,9B,B2,SDC
2031,14,A0,0,7,1,B7,B7,False,9B,9B,Not activated
2032,14,A1,1,0,0,36,36,False,9B,9B,Not activated
2033,14,A1,1,0,1,36,37,True,9B,9B,Masked
2034,14,A1,1,1,0,36,34,True,9B,12,SDC
2035,14,A1,1,1,1,36,36,False,9B,9B,Not activated
2036,14,A1,1,2,0,36,32,True,9B,22,SDC
2037,14,A1,1,2,1,36,36,False,9B,9B,Not activated
2038,14,A1,1,3,0,36,36,False,9B,9B,Not activated
2039,14,A1,1,3,1,36,3E,True,9B,B6,SDC
2040,14,A1,1,4,0,36,26,True,9B,2F,SDC
2041,14,A1,1,4,1,36,36,False,9B,9B,Not activated
2042,14,A1,1,5,0,36,16,True,9B,33,SDC
2043,14,A1,1,5,1,36,36,False,9B,9B,Not activated
2044,14,A1,1,6,0,36,36,False,9B,9B,Not activated
2045,14,A1,1,6,1,36,76,True,9B,F4,SDC
2046,14,A1,1,7,0,36,36,False,9B,9B,Not activated
2047,14,A1,1,7,1,36,B6,True,9B,3C,SDC
2048,14,A2,2,0,0,34,34,False,9B,9B,Not activated
2049,14,A2,2,0,1,34,35,True,9B,8C,SDC
2050,14,A2,2,1,0,34,34,False,9B,9B,Not activated
2051,14,A2,2,1,1,34,36,True,9B,8C,SDC
2052,14,A2,2,2,0,34,30,True,9B,A9,SDC
2053,14,A2,2,2,1,34,34,False,9B,9B,Not activated
2054,14,A2,2,3,0,34,34,False,9B,9B,Not activated
2055,14,A2,2,3,1,34,3C,True,9B,2F,SDC
2056,14,A2,2,4,0,34,24,True,9B,B0,SDC
2057,14,A2,2,4,1,34,34,False,9B,9B,Not activated
2058,14,A2,2,5,0,34,14,True,9B,B2,SDC
2059,14,A2,2,5,1,34,34,False,9B,9B,Not activated
2060,14,A2,2,6,0,34,34,False,9B,9B,Not activated
2061,14,A2,2,6,1,34,74,True,9B,71,SDC
2062,14,A2,2,7,0,34,34,False,9B,9B,Not activated
2063,14,A2,2,7,1,34,B4,True,9B,B9,SDC
2064,14,A3,3,0,0,33,32,True,9B,A1,SDC
2065,14,A3,3,0,1,33,33,False,9B,9B,Not activated
2066,14,A3,3,1,0,33,31,True,9B,A4,SDC
2067,14,A3,3,1,1,33,33,False,9B,9B,Not activated
2068,14,A3,3,2,0,33,33,False,9B,9B,Not activated
2069,14,A3,3,2,1,33,37,True,9B,20,SDC
2070,14,A3,3,3,0,33,33,False,9B,9B,Not activated
2071,14,A3,3,3,1,33,3B,True,9B,30,SDC
2072,14,A3,3,4,0,33,23,True,9B,B1,SDC
2073,14,A3,3,4,1,33,33,False,9B,9B,Not activated
2074,14,A3,3,5,0,33,13,True,9B,B2,SDC
2075,14,A3,3,5,1,33,33,False,9B,9B,Not activated
2076,14,A3,3,6,0,33,33,False,9B,9B,Not activated
2077,14,A3,3,6,1,33,73,True,9B,72,SDC
2078,14,A3,3,7,0,33,33,False,9B,9B,Not activated
2079,14,A3,3,7,1,33,B3,True,9B,BA,SDC
2080,14,B0,4,0,0,AC,AC,False,9B,9B,Not activated
2081,14,B0,4,0,1,AC,AD,True,9B,9B,Masked
2082,14,B0,4,1,0,AC,AC,False,9B,9B,Not activated
2083,14,B0,4,1,1,AC,AE,True,9B,12,SDC
2084,14,B0,4,2,0,AC,A8,True,9B,A6,SDC
2085,14,B0,4,2,1,AC,AC,False,9B,9B,Not activated
2086,14,B0,4,3,0,AC,A4,True,9B,A6,SDC
2087,14,B0,4,3,1,AC,AC,False,9B,9B,Not activated
2088,14,B0,4,4,0,AC,AC,False,9B,9B,Not activated
2089,14,B0,4,4,1,AC,BC,True,9B,38,SDC
2090,14,B0,4,5,0,AC,8C,True,9B,AD,SDC
2091,14,B0,4,5,1,AC,AC,False,9B,9B,Not activated
2092,14,B0,4,6,0,AC,AC,False,9B,9B,Not activated
2093,14,B0,4,6,1,AC,EC,True,9B,6B,SDC
2094,14,B0,4,7,0,AC,2C,True,9B,B2,SDC
2095,14,B0,4,7,1,AC,AC,False,9B,9B,Not activated
2096,14,B1,5,0,0,B6,B6,False,9B,9B,Not activated
2097,14,B1,5,0,1,B6,B7,True,9B,9B,Masked
2098,14,B1,5,1,0,B6,B4,True,9B,12,SDC
2099,14,B1,5,1,1,B6,B6,False,9B,9B,Not activated
2100,14,B1,5,2,0,B6,B2,True,9B,22,SDC
2101,14,B1,5,2,1,B6,B6,False,9B,9B,Not activated
2102,14,B1,5,3,0,B6,B6,False,9B,9B,Not activated
2103,14,B1,5,3,1,B6,BE,True,9B,B6,SDC
2104,14,B1,5,4,0,B6,A6,True,9B,2F,SDC
2105,14,B1,5,4,1,B6,B6,False,9B,9B,Not activated
2106,14,B1,5,5,0,B6,96,True,9B,33,SDC
2107,14,B1,5,5,1,B6,B6,False,9B,9B,Not activated
2108,14,B1,5,6,0,B6,B6,False,9B,9B,Not activated
2109,14,B1,5,6,1,B6,F6,True,9B,F4,SDC
2110,14,B1,5,7,0,B6,36,True,9B,3C,SDC
2111,14,B1,5,7,1,B6,B6,False,9B,9B,Not activated
2112,14,B2,6,0,0,34,34,False,9B,9B,Not activated
2113,14,B2,6,0,1,34,35,True,9B,8C,SDC
2114,14,B2,6,1,0,34,34,False,9B,9B,Not activated
2115,14,B2,6,1,1,34,36,True,9B,8C,SDC
2116,14,B2,6,2,0,34,30,True,9B,A9,SDC
2117,14,B2,6,2,1,34,34,False,9B,9B,Not activated
2118,14,B2,6,3,0,34,34,False,9B,9B,Not activated
2119,14,B2,6,3,1,34,3C,True,9B,2F,SDC
2120,14,B2,6,4,0,34,24,True,9B,B0,SDC
2121,14,B2,6,4,1,34,34,False,9B,9B,Not activated
2122,14,B2,6,5,0,34,14,True,9B,B2,SDC
2123,14,B2,6,5,1,34,34,False,9B,9B,Not activated
2124,14,B2,6,6,0,34,34,False,9B,9B,Not activated
2125,14,B2,6,6,1,34,74,True,9B,71,SDC
2126,14,B2,6,7,0,34,34,False,9B,9B,Not activated
2127,14,B2,6,7,1,34,B4,True,9B,B9,SDC
2128,14,B3,7,0,0,36,36,False,9B,9B,Not activated
2129,14,B3,7,0,1,36,37,True,9B,93,SDC
2130,14,B3,7,1,0,36,34,True,9B,A3,SDC
2131,14,B3,7,1,1,36,36,False,9B,9B,Not activated
2132,14,B3,7,2,0,36,32,True,9B,A8,SDC
2133,14,B3,7,2,1,36,36,False,9B,9B,Not activated
2134,14,B3,7,3,0,36,36,False,9B,9B,Not activated
2135,14,B3,7,3,1,36,3E,True,9B,30,SDC
2136,14,B3,7,4,0,36,26,True,9B,B1,SDC
2137,14,B3,7,4,1,36,36,False,9B,9B,Not activated
2138,14,B3,7,5,0,36,16,True,9B,B2,SDC
2139,14,B3,7,5,1,36,36,False,9B,9B,Not activated
2140,14,B3,7,6,0,36,36,False,9B,9B,Not activated
2141,14,B3,7,6,1,36,76,True,9B,72,SDC
2142,14,B3,7,7,0,36,36,False,9B,9B,Not activated
2143,14,B3,7,7,1,36,B6,True,9B,BA,SDC
2144,14,C0,8,0,0,B5,B4,True,9B,12,SDC
2145,14,C0,8,0,1,B5,B5,False,9B,9B,Not activated
2146,14,C0,8,1,0,B5,B5,False,9B,9B,Not activated
2147,14,C0,8,1,1,B5,B7,True,9B,A6,SDC
2148,14,C0,8,2,0,B5,B1,True,9B,22,SDC
2149,14,C0,8,2,1,B5,B5,False,9B,9B,Not activated
2150,14,C0,8,3,0,B5,B5,False,9B,9B,Not activated
2151,14,C0,8,3,1,B5,BD,True,9B,B6,SDC
2152,14,C0,8,4,0,B5,A5,True,9B,31,SDC
2153,14,C0,8,4,1,B5,B5,False,9B,9B,Not activated
2154,14,C0,8,5,0,B5,95,True,9B,34,SDC
2155,14,C0,8,5,1,B5,B5,False,9B,9B,Not activated
2156,14,C0,8,6,0,B5,B5,False,9B,9B,Not activated
2157,14,C0,8,6,1,B5,F5,True,9B,F5,SDC
2158,14,C0,8,7,0,B5,35,True,9B,3C,SDC
2159,14,C0,8,7,1,B5,B5,False,9B,9B,Not activated
2160,15,A0,0,0,0,8E,8E,False,32,32,Not activated
2161,15,A0,0,0,1,8E,8F,True,32,32,Masked
2162,15,A0,0,1,0,8E,8C,True,32,32,Masked
2163,15,A0,0,1,1,8E,8E,False,32,32,Not activated
2164,15,A0,0,2,0,8E,8A,True,32,32,Masked
2165,15,A0,0,2,1,8E,8E,False,32,32,Not activated
2166,15,A0,0,3,0,8E,86,True,32,32,Masked
2167,15,A0,0,3,1,8E,8E,False,32,32,Not activated
2168,15,A0,0,4,0,8E,8E,False,32,32,Not activated
2169,15,A0,0,4,1,8E,9E,True,32,33,SDC
2170,15,A0,0,5,0,8E,8E,False,32,32,Not activated
2171,15,A0,0,5,1,8E,AE,True,32,36,SDC
2172,15,A0,0,6,0,8E,8E,False,32,32,Not activated
2173,15,A0,0,6,1,8E,CE,True,32,4B,SDC
2174,15,A0,0,7,0,8E,0E,True,32,32,Masked
2175,15,A0,0,7,1,8E,8E,False,32,32,Not activated
2176,15,A1,1,0,0,B6,B6,False,32,32,Not activated
2177,15,A1,1,0,1,B6,B7,True,32,32,Masked
2178,15,A1,1,1,0,B6,B4,True,32,32,Masked
2179,15,A1,1,1,1,B6,B6,False,32,32,Not activated
2180,15,A1,1,2,0,B6,B2,True,32,32,Masked
2181,15,A1,1,2,1,B6,B6,False,32,32,Not activated
2182,15,A1,1,3,0,B6,B6,False,32,32,Not activated
2183,15,A1,1,3,1,B6,BE,True,32,32,Masked
2184,15,A1,1,4,0,B6,A6,True,32,31,SDC
2185,15,A1,1,4,1,B6,B6,False,32,32,Not activated
2186,15,A1,1,5,0,B6,96,True,32,31,SDC
2187,15,A1,1,5,1,B6,B6,False,32,32,Not activated
2188,15,A1,1,6,0,B6,B6,False,32,32,Not activated
2189,15,A1,1,6,1,B6,F6,True,32,54,SDC
2190,15,A1,1,7,0,B6,36,True,32,30,SDC
2191,15,A1,1,7,1,B6,B6,False,32,32,Not activated
2192,15,A2,2,0,0,30,30,False,32,32,Not activated
2193,15,A2,2,0,1,30,31,True,32,32,Masked
2194,15,A2,2,1,0,30,30,False,32,32,Not activated
2195,15,A2,2,1,1,30,32,True,32,32,Masked
2196,15,A2,2,2,0,30,30,False,32,32,Not activated
2197,15,A2,2,2,1,30,34,True,32,32,Masked
2198,15,A2,2,3,0,30,30,False,32,32,Not activated
2199,15,A2,2,3,1,30,38,True,32,33,SDC
2200,15,A2,2,4,0,30,20,True,32,31,SDC
2201,15,A2,2,4,1,30,30,False,32,32,Not activated
2202,15,A2,2,5,0,30,10,True,32,31,SDC
2203,15,A2,2,5,1,30,30,False,32,32,Not activated
2204,15,A2,2,6,0,30,30,False,32,32,Not activated
2205,15,A2,2,6,1,30,70,True,32,56,SDC
2206,15,A2,2,7,0,30,30,False,32,32,Not activated
2207,15,A2,2,7,1,30,B0,True,32,30,SDC
2208,15,A3,3,0,0,31,30,True,32,32,Masked
2209,15,A3,3,0,1,31,31,False,32,32,Not activated
2210,15,A3,3,1,0,31,31,False,32,32,Not activated
2211,15,A3,3,1,1,31,33,True,32,31,SDC
2212,15,A3,3,2,0,31,31,False,32,32,Not activated
2213,15,A3,3,2,1,31,35,True,32,30,SDC
2214,15,A3,3,3,0,31,31,False,32,32,Not activated
2215,15,A3,3,3,1,31,39,True,32,2B,SDC
2216,15,A3,3,4,0,31,21,True,32,35,SDC
2217,15,A3,3,4,1,31,31,False,32,32,Not activated
2218,15,A3,3,5,0,31,11,True,32,36,SDC
2219,15,A3,3,5,1,31,31,False,32,32,Not activated
2220,15,A3,3,6,0,31,31,False,32,32,Not activated
2221,15,A3,3,6,1,31,71,True,32,E8,SDC
2222,15,A3,3,7,0,31,31,False,32,32,Not activated
2223,15,A3,3,7,1,31,B1,True,32,39,SDC
2224,15,B0,4,0,0,B4,B4,False,32,32,Not activated
2225,15,B0,4,0,1,B4,B5,True,32,32,Masked
2226,15,B0,4,1,0,B4,B4,False,32,32,Not activated
2227,15,B0,4,1,1,B4,B6,True,32,32,Masked
2228,15,B0,4,2,0,B4,B0,True,32,32,Masked
2229,15,B0,4,2,1,B4,B4,False,32,32,Not activated
2230,15,B0,4,3,0,B4,B4,False,32,32,Not activated
2231,15,B0,4,3,1,B4,BC,True,32,33,SDC
2232,15,B0,4,4,0,B4,A4,True,32,32,Masked
2233,15,B0,4,4,1,B4,B4,False,32,32,Not activated
2234,15,B0,4,5,0,B4,94,True,32,32,Masked
2235,15,B0,4,5,1,B4,B4,False,32,32,Not activated
2236,15,B0,4,6,0,B4,B4,False,32,32,Not activated
2237,15,B0,4,6,1,B4,F4,True,32,4B,SDC
2238,15,B0,4,7,0,B4,34,True,32,32,Masked
2239,15,B0,4,7,1,B4,B4,False,32,32,Not activated
2240,15,B1,5,0,0,95,94,True,32,32,Masked
2241,15,B1,5,0,1,95,95,False,32,32,Not activated
2242,15,B1,5,1,0,95,95,False,32,32,Not activated
2243,15,B1,5,1,1,95,97,True,32,32,Masked
2244,15,B1,5,2,0,95,91,True,32,31,SDC
2245,15,B1,5,2,1,95,95,False,32,32,Not activated
2246,15,B1,5,3,0,95,95,False,32,32,Not activated
2247,15,B1,5,3,1,95,9D,True,32,32,Masked
2248,15,B1,5,4,0,95,85,True,32,31,SDC
2249,15,B1,5,4,1,95,95,False,32,32,Not activated
2250,15,B1,5,5,0,95,95,False,32,32,Not activated
2251,15,B1,5,5,1,95,B5,True,32,3A,SDC
2252,15,B1,5,6,0,95,95,False,32,32,Not activated
2253,15,B1,5,6,1,95,D5,True,32,54,SDC
2254,15,B1,5,7,0,95,15,True,32,30,SDC
2255,15,B1,5,7,1,95,95,False,32,32,Not activated
2256,15,B2,6,0,0,1D,1C,True,32,32,Masked
2257,15,B2,6,0,1,1D,1D,False,32,32,Not activated
2258,15,B2,6,1,0,1D,1D,False,32,32,Not activated
2259,15,B2,6,1,1,1D,1F,True,32,32,Masked
2260,15,B2,6,2,0,1D,19,True,32,32,Masked
2261,15,B2,6,2,1,1D,1D,False,32,32,Not activated
2262,15,B2,6,3,0,1D,15,True,32,31,SDC
2263,15,B2,6,3,1,1D,1D,False,32,32,Not activated
2264,15,B2,6,4,0,1D,0D,True,32,31,SDC
2265,15,B2,6,4,1,1D,1D,False,32,32,Not activated
2266,15,B2,6,5,0,1D,1D,False,32,32,Not activated
2267,15,B2,6,5,1,1D,3D,True,32,3B,SDC
2268,15,B2,6,6,0,1D,1D,False,32,32,Not activated
2269,15,B2,6,6,1,1D,5D,True,32,56,SDC
2270,15,B2,6,7,0,1D,1D,False,32,32,Not activated
2271,15,B2,6,7,1,1D,9D,True,32,30,SDC
2272,15,B3,7,0,0,AF,AE,True,32,32,Masked
2273,15,B3,7,0,1,AF,AF,False,32,32,Not activated
2274,15,B3,7,1,0,AF,AD,True,32,32,Masked
2275,15,B3,7,1,1,AF,AF,False,32,32,Not activated
2276,15,B3,7,2,0,AF,AB,True,32,33,SDC
2277,15,B3,7,2,1,AF,AF,False,32,32,Not activated
2278,15,B3,7,3,0,AF,A7,True,32,34,SDC
2279,15,B3,7,3,1,AF,AF,False,32,32,Not activated
2280,15,B3,7,4,0,AF,AF,False,32,32,Not activated
2281,15,B3,7,4,1,AF,BF,True,32,A4,SDC
2282,15,B3,7,5,0,AF,8F,True,32,36,SDC
2283,15,B3,7,5,1,AF,AF,False,32,32,Not activated
2284,15,B3,7,6,0,AF,AF,False,32,32,Not activated
2285,15,B3,7,6,1,AF,EF,True,32,E8,SDC
2286,15,B3,7,7,0,AF,2F,True,32,39,SDC
2287,15,B3,7,7,1,AF,AF,False,32,32,Not activated
2288,15,C0,8,0,0,34,34,False,32,32,Not activated
2289,15,C0,8,0,1,34,35,True,32,33,SDC
2290,15,C0,8,1,0,34,34,False,32,32,Not activated
2291,15,C0,8,1,1,34,36,True,32,34,SDC
2292,15,C0,8,2,0,34,30,True,32,2C,SDC
2293,15,C0,8,2,1,34,34,False,32,32,Not activated
2294,15,C0,8,3,0,34,34,False,32,32,Not activated
2295,15,C0,8,3,1,34,3C,True,32,3A,SDC
2296,15,C0,8,4,0,34,24,True,32,14,SDC
2297,15,C0,8,4,1,34,34,False,32,32,Not activated
2298,15,C0,8,5,0,34,14,True,32,9C,SDC
2299,15,C0,8,5,1,34,34,False,32,32,Not activated
2300,15,C0,8,6,0,34,34,False,32,32,Not activated
2301,15,C0,8,6,1,34,74,True,32,74,SDC
2302,15,C0,8,7,0,34,34,False,32,32,Not activated
2303,15,C0,8,7,1,34,B4,True,32,B6,SDC
2304,16,A0,0,0,0,A2,A2,False,2D,2D,Not activated
2305,16,A0,0,0,1,A2,A3,True,2D,2D,Masked
2306,16,A0,0,1,0,A2,A0,True,2D,2C,SDC
2307,16,A0,0,1,1,A2,A2,False,2D,2D,Not activated
2308,16,A0,0,2,0,A2,A2,False,2D,2D,Not activated
2309,16,A0,0,2,1,A2,A6,True,2D,2F,SDC
2310,16,A0,0,3,0,A2,A2,False,2D,2D,Not activated
2311,16,A0,0,3,1,A2,AA,True,2D,30,SDC
2312,16,A0,0,4,0,A2,A2,False,2D,2D,Not activated
2313,16,A0,0,4,1,A2,B2,True,2D,33,SDC
2314,16,A0,0,5,0,A2,82,True,2D,2A,SDC
2315,16,A0,0,5,1,A2,A2,False,2D,2D,Not activated
2316,16,A0,0,6,0,A2,A2,False,2D,2D,Not activated
2317,16,A0,0,6,1,A2,E2,True,2D,5C,SDC
2318,16,A0,0,7,0,A2,22,True,2D,26,SDC
2319,16,A0,0,7,1,A2,A2,False,2D,2D,Not activated
2320,16,A1,1,0,0,B1,B0,True,2D,2C,SDC
2321,16,A1,1,0,1,B1,B1,False,2D,2D,Not activated
2322,16,A1,1,1,0,B1,B1,False,2D,2D,Not activated
2323,16,A1,1,1,1,B1,B3,True,2D,2F,SDC
2324,16,A1,1,2,0,B1,B1,False,2D,2D,Not activated
2325,16,A1,1,2,1,B1,B5,True,2D,30,SDC
2326,16,A1,1,3,0,B1,B1,False,2D,2D,Not activated
2327,16,A1,1,3,1,B1,B9,True,2D,32,SDC
2328,16,A1,1,4,0,B1,A1,True,2D,28,SDC
2329,16,A1,1,4,1,B1,B1,False,2D,2D,Not activated
2330,16,A1,1,5,0,B1,91,True,2D,25,SDC
2331,16,A1,1,5,1,B1,B1,False,2D,2D,Not activated
2332,16,A1,1,6,0,B1,B1,False,2D,2D,Not activated
2333,16,A1,1,6,1,B1,F1,True,2D,66,SDC
2334,16,A1,1,7,0,B1,31,True,2D,85,SDC
2335,16,A1,1,7,1,B1,B1,False,2D,2D,Not activated
2336,16,A2,2,0,0,1A,1A,False,2D,2D,Not activated
2337,16,A2,2,0,1,1A,1B,True,2D,2E,SDC
2338,16,A2,2,1,0,1A,18,True,2D,2D,Masked
2339,16,A2,2,1,1,1A,1A,False,2D,2D,Not activated
2340,16,A2,2,2,0,1A,1A,False,2D,2D,Not activated
2341,16,A2,2,2,1,1A,1E,True,2D,2F,SDC
2342,16,A2,2,3,0,1A,12,True,2D,2C,SDC
2343,16,A2,2,3,1,1A,1A,False,2D,2D,Not activated
2344,16,A2,2,4,0,1A,0A,True,2D,2B,SDC
2345,16,A2,2,4,1,1A,1A,False,2D,2D,Not activated
2346,16,A2,2,5,0,1A,1A,False,2D,2D,Not activated
2347,16,A2,2,5,1,1A,3A,True,2D,3D,SDC
2348,16,A2,2,6,0,1A,1A,False,2D,2D,Not activated
2349,16,A2,2,6,1,1A,5A,True,2D,5A,SDC
2350,16,A2,2,7,0,1A,1A,False,2D,2D,Not activated
2351,16,A2,2,7,1,1A,9A,True,2D,28,SDC
2352,16,A3,3,0,0,2F,2E,True,2D,2C,SDC
2353,16,A3,3,0,1,2F,2F,False,2D,2D,Not activated
2354,16,A3,3,1,0,2F,2D,True,2D,2C,SDC
2355,16,A3,3,1,1,2F,2F,False,2D,2D,Not activated
2356,16,A3,3,2,0,2F,2B,True,2D,2B,SDC
2357,16,A3,3,2,1,2F,2F,False,2D,2D,Not activated
2358,16,A3,3,3,0,2F,27,True,2D,2A,SDC
2359,16,A3,3,3,1,2F,2F,False,2D,2D,Not activated
2360,16,A3,3,4,0,2F,2F,False,2D,2D,Not activated
2361,16,A3,3,4,1,2F,3F,True,2D,35,SDC
2362,16,A3,3,5,0,2F,0F,True,2D,28,SDC
2363,16,A3,3,5,1,2F,2F,False,2D,2D,Not activated
2364,16,A3,3,6,0,2F,2F,False,2D,2D,Not activated
2365,16,A3,3,6,1,2F,6F,True,2D,61,SDC
2366,16,A3,3,7,0,2F,2F,False,2D,2D,Not activated
2367,16,A3,3,7,1,2F,AF,True,2D,1D,SDC
2368,16,B0,4,0,0,B2,B2,False,2D,2D,Not activated
2369,16,B0,4,0,1,B2,B3,True,2D,2D,Masked
2370,16,B0,4,1,0,B2,B0,True,2D,2C,SDC
2371,16,B0,4,1,1,B2,B2,False,2D,2D,Not activated
2372,16,B0,4,2,0,B2,B2,False,2D,2D,Not activated
2373,16,B0,4,2,1,B2,B6,True,2D,2F,SDC
2374,16,B0,4,3,0,B2,B2,False,2D,2D,Not activated
2375,16,B0,4,3,1,B2,BA,True,2D,30,SDC
2376,16,B0,4,4,0,B2,A2,True,2D,2B,SDC
2377,16,B0,4,4,1,B2,B2,False,2D,2D,Not activated
2378,16,B0,4,5,0,B2,92,True,2D,2A,SDC
2379,16,B0,4,5,1,B2,B2,False,2D,2D,Not activated
2380,16,B0,4,6,0,B2,B2,False,2D,2D,Not activated
2381,16,B0,4,6,1,B2,F2,True,2D,5C,SDC
2382,16,B0,4,7,0,B2,32,True,2D,26,SDC
2383,16,B0,4,7,1,B2,B2,False,2D,2D,Not activated
2384,16,B1,5,0,0,AC,AC,False,2D,2D,Not activated
2385,16,B1,5,0,1,AC,AD,True,2D,2E,SDC
2386,16,B1,5,1,0,AC,AC,False,2D,2D,Not activated
2387,16,B1,5,1,1,AC,AE,True,2D,2F,SDC
2388,16,B1,5,2,0,AC,A8,True,2D,2B,SDC
2389,16,B1,5,2,1,AC,AC,False,2D,2D,Not activated
2390,16,B1,5,3,0,AC,A4,True,2D,2A,SDC
2391,16,B1,5,3,1,AC,AC,False,2D,2D,Not activated
2392,16,B1,5,4,0,AC,AC,False,2D,2D,Not activated
2393,16,B1,5,4,1,AC,BC,True,2D,38,SDC
2394,16,B1,5,5,0,AC,8C,True,2D,25,SDC
2395,16,B1,5,5,1,AC,AC,False,2D,2D,Not activated
2396,16,B1,5,6,0,AC,AC,False,2D,2D,Not activated
2397,16,B1,5,6,1,AC,EC,True,2D,66,SDC
2398,16,B1,5,7,0,AC,2C,True,2D,85,SDC
2399,16,B1,5,7,1,AC,AC,False,2D,2D,Not activated
2400,16,B2,6,0,0,38,38,False,2D,2D,Not activated
2401,16,B2,6,0,1,38,39,True,2D,2E,SDC
2402,16,B2,6,1,0,38,38,False,2D,2D,Not activated
2403,16,B2,6,1,1,38,3A,True,2D,2E,SDC
2404,16,B2,6,2,0,38,38,False,2D,2D,Not activated
2405,16,B2,6,2,1,38,3C,True,2D,2F,SDC
2406,16,B2,6,3,0,38,30,True,2D,2C,SDC
2407,16,B2,6,3,1,38,38,False,2D,2D,Not activated
2408,16,B2,6,4,0,38,28,True,2D,2B,SDC
2409,16,B2,6,4,1,38,38,False,2D,2D,Not activated
2410,16,B2,6,5,0,38,18,True,2D,2B,SDC
2411,16,B2,6,5,1,38,38,False,2D,2D,Not activated
2412,16,B2,6,6,0,38,38,False,2D,2D,Not activated
2413,16,B2,6,6,1,38,78,True,2D,78,SDC
2414,16,B2,6,7,0,38,38,False,2D,2D,Not activated
2415,16,B2,6,7,1,38,B8,True,2D,28,SDC
2416,16,B3,7,0,0,2A,2A,False,2D,2D,Not activated
2417,16,B3,7,0,1,2A,2B,True,2D,2D,Masked
2418,16,B3,7,1,0,2A,28,True,2D,2C,SDC
2419,16,B3,7,1,1,2A,2A,False,2D,2D,Not activated
2420,16,B3,7,2,0,2A,2A,False,2D,2D,Not activated
2421,16,B3,7,2,1,2A,2E,True,2D,2F,SDC
2422,16,B3,7,3,0,2A,22,True,2D,2A,SDC
2423,16,B3,7,3,1,2A,2A,False,2D,2D,Not activated
2424,16,B3,7,4,0,2A,2A,False,2D,2D,Not activated
2425,16,B3,7,4,1,2A,3A,True,2D,35,SDC
2426,16,B3,7,5,0,2A,0A,True,2D,28,SDC
2427,16,B3,7,5,1,2A,2A,False,2D,2D,Not activated
2428,16,B3,7,6,0,2A,2A,False,2D,2D,Not activated
2429,16,B3,7,6,1,2A,6A,True,2D,61,SDC
2430,16,B3,7,7,0,2A,2A,False,2D,2D,Not activated
2431,16,B3,7,7,1,2A,AA,True,2D,1D,SDC
2432,16,C0,8,0,0,A0,A0,False,2D,2D,Not activated
2433,16,C0,8,0,1,A0,A1,True,2D,2D,Masked
2434,16,C0,8,1,0,A0,A0,False,2D,2D,Not activated
2435,16,C0,8,1,1,A0,A2,True,2D,2C,SDC
2436,16,C0,8,2,0,A0,A0,False,2D,2D,Not activated
2437,16,C0,8,2,1,A0,A4,True,2D,2B,SDC
2438,16,C0,8,3,0,A0,A0,False,2D,2D,Not activated
2439,16,C0,8,3,1,A0,A8,True,2D,29,SDC
2440,16,C0,8,4,0,A0,A0,False,2D,2D,Not activated
2441,16,C0,8,4,1,A0,B0,True,2D,12,SDC
2442,16,C0,8,5,0,A0,80,True,2D,30,SDC
2443,16,C0,8,5,1,A0,A0,False,2D,2D,Not activated
2444,16,C0,8,6,0,A0,A0,False,2D,2D,Not activated
2445,16,C0,8,6,1,A0,E0,True,2D,E0,SDC
2446,16,C0,8,7,0,A0,20,True,2D,32,SDC
2447,16,C0,8,7,1,A0,A0,False,2D,2D,Not activated
2448,17,A0,0,0,0,11,10,True,3A,3A,Masked
2449,17,A0,0,0,1,11,11,False,3A,3A,Not activated
2450,17,A0,0,1,0,11,11,False,3A,3A,Not activated
2451,17,A0,0,1,1,11,13,True,3A,3A,Masked
2452,17,A0,0,2,0,11,11,False,3A,3A,Not activated
2453,17,A0,0,2,1,11,15,True,3A,3A,Masked
2454,17,A0,0,3,0,11,11,False,3A,3A,Not activated
2455,17,A0,0,3,1,11,19,True,3A,3A,Masked
2456,17,A0,0,4,0,11,01,True,3A,3A,Masked
2457,17,A0,0,4,1,11,11,False,3A,3A,Not activated
2458,17,A0,0,5,0,11,11,False,3A,3A,Not activated
2459,17,A0,0,5,1,11,31,True,3A,3B,SDC
2460,17,A0,0,6,0,11,11,False,3A,3A,Not activated
2461,17,A0,0,6,1,11,51,True,3A,43,SDC
2462,17,A0,0,7,0,11,11,False,3A,3A,Not activated
2463,17,A0,0,7,1,11,91,True,3A,3A,Masked
2464,17,A1,1,0,0,B4,B4,False,3A,3A,Not activated
2465,17,A1,1,0,1,B4,B5,True,3A,3A,Masked
2466,17,A1,1,1,0,B4,B4,False,3A,3A,Not activated
2467,17,A1,1,1,1,B4,B6,True,3A,3B,SDC
2468,17,A1,1,2,0,B4,B0,True,3A,39,SDC
2469,17,A1,1,2,1,B4,B4,False,3A,3A,Not activated
2470,17,A1,1,3,0,B4,B4,False,3A,3A,Not activated
2471,17,A1,1,3,1,B4,BC,True,3A,3E,SDC
2472,17,A1,1,4,0,B4,A4,True,3A,37,SDC
2473,17,A1,1,4,1,B4,B4,False,3A,3A,Not activated
2474,17,A1,1,5,0,B4,94,True,3A,36,SDC
2475,17,A1,1,5,1,B4,B4,False,3A,3A,Not activated
2476,17,A1,1,6,0,B4,B4,False,3A,3A,Not activated
2477,17,A1,1,6,1,B4,F4,True,3A,6E,SDC
2478,17,A1,1,7,0,B4,34,True,3A,2D,SDC
2479,17,A1,1,7,1,B4,B4,False,3A,3A,Not activated
2480,17,A2,2,0,0,B1,B0,True,3A,3A,Masked
2481,17,A2,2,0,1,B1,B1,False,3A,3A,Not activated
2482,17,A2,2,1,0,B1,B1,False,3A,3A,Not activated
2483,17,A2,2,1,1,B1,B3,True,3A,3B,SDC
2484,17,A2,2,2,0,B1,B1,False,3A,3A,Not activated
2485,17,A2,2,2,1,B1,B5,True,3A,3B,SDC
2486,17,A2,2,3,0,B1,B1,False,3A,3A,Not activated
2487,17,A2,2,3,1,B1,B9,True,3A,3D,SDC
2488,17,A2,2,4,0,B1,A1,True,3A,38,SDC
2489,17,A2,2,4,1,B1,B1,False,3A,3A,Not activated
2490,17,A2,2,5,0,B1,91,True,3A,37,SDC
2491,17,A2,2,5,1,B1,B1,False,3A,3A,Not activated
2492,17,A2,2,6,0,B1,B1,False,3A,3A,Not activated
2493,17,A2,2,6,1,B1,F1,True,3A,6A,SDC
2494,17,A2,2,7,0,B1,31,True,3A,32,SDC
2495,17,A2,2,7,1,B1,B1,False,3A,3A,Not activated
2496,17,A3,3,0,0,AA,AA,False,3A,3A,Not activated
2497,17,A3,3,0,1,AA,AB,True,3A,3A,Masked
2498,17,A3,3,1,0,AA,A8,True,3A,3A,Masked
2499,17,A3,3,1,1,AA,AA,False,3A,3A,Not activated
2500,17,A3,3,2,0,AA,AA,False,3A,3A,Not activated
2501,17,A3,3,2,1,AA,AE,True,3A,3B,SDC
2502,17,A3,3,3,0,AA,A2,True,3A,39,SDC
2503,17,A3,3,3,1,AA,AA,False,3A,3A,Not activated
2504,17,A3,3,4,0,AA,AA,False,3A,3A,Not activated
2505,17,A3,3,4,1,AA,BA,True,3A,40,SDC
2506,17,A3,3,5,0,AA,8A,True,3A,38,SDC
2507,17,A3,3,5,1,AA,AA,False,3A,3A,Not activated
2508,17,A3,3,6,0,AA,AA,False,3A,3A,Not activated
2509,17,A3,3,6,1,AA,EA,True,3A,69,SDC
2510,17,A3,3,7,0,AA,2A,True,3A,34,SDC
2511,17,A3,3,7,1,AA,AA,False,3A,3A,Not activated
2512,17,B0,4,0,0,23,22,True,3A,3A,Masked
2513,17,B0,4,0,1,23,23,False,3A,3A,Not activated
2514,17,B0,4,1,0,23,21,True,3A,3A,Masked
2515,17,B0,4,1,1,23,23,False,3A,3A,Not activated
2516,17,B0,4,2,0,23,23,False,3A,3A,Not activated
2517,17,B0,4,2,1,23,27,True,3A,3A,Masked
2518,17,B0,4,3,0,23,23,False,3A,3A,Not activated
2519,17,B0,4,3,1,23,2B,True,3A,3A,Masked
2520,17,B0,4,4,0,23,23,False,3A,3A,Not activated
2521,17,B0,4,4,1,23,33,True,3A,3A,Masked
2522,17,B0,4,5,0,23,03,True,3A,3A,Masked
2523,17,B0,4,5,1,23,23,False,3A,3A,Not activated
2524,17,B0,4,6,0,23,23,False,3A,3A,Not activated
2525,17,B0,4,6,1,23,63,True,3A,43,SDC
2526,17,B0,4,7,0,23,23,False,3A,3A,Not activated
2527,17,B0,4,7,1,23,A3,True,3A,3A,Masked
2528,17,B1,5,0,0,B1,B0,True,3A,3A,Masked
2529,17,B1,5,0,1,B1,B1,False,3A,3A,Not activated
2530,17,B1,5,1,0,B1,B1,False,3A,3A,Not activated
2531,17,B1,5,1,1,B1,B3,True,3A,3B,SDC
2532,17,B1,5,2,0,B1,B1,False,3A,3A,Not activated
2533,17,B1,5,2,1,B1,B5,True,3A,3C,SDC
2534,17,B1,5,3,0,B1,B1,False,3A,3A,Not activated
2535,17,B1,5,3,1,B1,B9,True,3A,3E,SDC
2536,17,B1,5,4,0,B1,A1,True,3A,37,SDC
2537,17,B1,5,4,1,B1,B1,False,3A,3A,Not activated
2538,17,B1,5,5,0,B1,91,True,3A,36,SDC
2539,17,B1,5,5,1,B1,B1,False,3A,3A,Not activated
2540,17,B1,5,6,0,B1,B1,False,3A,3A,Not activated
2541,17,B1,5,6,1,B1,F1,True,3A,6E,SDC
2542,17,B1,5,7,0,B1,31,True,3A,2D,SDC
2543,17,B1,5,7,1,B1,B1,False,3A,3A,Not activated
2544,17,B2,6,0,0,B1,B0,True,3A,3A,Masked
2545,17,B2,6,0,1,B1,B1,False,3A,3A,Not activated
2546,17,B2,6,1,0,B1,B1,False,3A,3A,Not activated
2547,17,B2,6,1,1,B1,B3,True,3A,3B,SDC
2548,17,B2,6,2,0,B1,B1,False,3A,3A,Not activated
2549,17,B2,6,2,1,B1,B5,True,3A,3B,SDC
2550,17,B2,6,3,0,B1,B1,False,3A,3A,Not activated
2551,17,B2,6,3,1,B1,B9,True,3A,3D,SDC
2552,17,B2,6,4,0,B1,A1,True,3A,38,SDC
2553,17,B2,6,4,1,B1,B1,False,3A,3A,Not activated
2554,17,B2,6,5,0,B1,91,True,3A,37,SDC
2555,17,B2,6,5,1,B1,B1,False,3A,3A,Not activated
2556,17,B2,6,6,0,B1,B1,False,3A,3A,Not activated
2557,17,B2,6,6,1,B1,F1,True,3A,6A,SDC
2558,17,B2,6,7,0,B1,31,True,3A,32,SDC
2559,17,B2,6,7,1,B1,B1,False,3A,3A,Not activated
2560,17,B3,7,0,0,B6,B6,False,3A,3A,Not activated
2561,17,B3,7,0,1,B6,B7,True,3A,3A,Masked
2562,17,B3,7,1,0,B6,B4,True,3A,3A,Masked
2563,17,B3,7,1,1,B6,B6,False,3A,3A,Not activated
2564,17,B3,7,2,0,B6,B2,True,3A,3A,Masked
2565,17,B3,7,2,1,B6,B6,False,3A,3A,Not activated
2566,17,B3,7,3,0,B6,B6,False,3A,3A,Not activated
2567,17,B3,7,3,1,B6,BE,True,3A,3C,SDC
2568,17,B3,7,4,0,B6,A6,True,3A,39,SDC
2569,17,B3,7,4,1,B6,B6,False,3A,3A,Not activated
2570,17,B3,7,5,0,B6,96,True,3A,38,SDC
2571,17,B3,7,5,1,B6,B6,False,3A,3A,Not activated
2572,17,B3,7,6,0,B6,B6,False,3A,3A,Not activated
2573,17,B3,7,6,1,B6,F6,True,3A,69,SDC
2574,17,B3,7,7,0,B6,36,True,3A,34,SDC
2575,17,B3,7,7,1,B6,B6,False,3A,3A,Not activated
2576,17,C0,8,0,0,28,28,False,3A,3A,Not activated
2577,17,C0,8,0,1,28,29,True,3A,3A,Masked
2578,17,C0,8,1,0,28,28,False,3A,3A,Not activated
2579,17,C0,8,1,1,28,2A,True,3A,3B,SDC
2580,17,C0,8,2,0,28,28,False,3A,3A,Not activated
2581,17,C0,8,2,1,28,2C,True,3A,3B,SDC
2582,17,C0,8,3,0,28,20,True,3A,39,SDC
2583,17,C0,8,3,1,28,28,False,3A,3A,Not activated
2584,17,C0,8,4,0,28,28,False,3A,3A,Not activated
2585,17,C0,8,4,1,28,38,True,3A,40,SDC
2586,17,C0,8,5,0,28,08,True,3A,38,SDC
2587,17,C0,8,5,1,28,28,False,3A,3A,Not activated
2588,17,C0,8,6,0,28,28,False,3A,3A,Not activated
2589,17,C0,8,6,1,28,68,True,3A,68,SDC
2590,17,C0,8,7,0,28,28,False,3A,3A,Not activated
2591,17,C0,8,7,1,28,A8,True,3A,34,SDC
2592,18,A0,0,0,0,B1,B0,True,3D,3D,Masked
2593,18,A0,0,0,1,B1,B1,False,3D,3D,Not activated
2594,18,A0,0,1,0,B1,B1,False,3D,3D,Not activated
2595,18,A0,0,1,1,B1,B3,True,3D,3E,SDC
2596,18,A0,0,2,0,B1,B1,False,3D,3D,Not activated
2597,18,A0,0,2,1,B1,B5,True,3D,3E,SDC
2598,18,A0,0,3,0,B1,B1,False,3D,3D,Not activated
2599,18,A0,0,3,1,B1,B9,True,3D,40,SDC
2600,18,A0,0,4,0,B1,A1,True,3D,3C,SDC
2601,18,A0,0,4,1,B1,B1,False,3D,3D,Not activated
2602,18,A0,0,5,0,B1,91,True,3D,3B,SDC
2603,18,A0,0,5,1,B1,B1,False,3D,3D,Not activated
2604,18,A0,0,6,0,B1,B1,False,3D,3D,Not activated
2605,18,A0,0,6,1,B1,F1,True,3D,69,SDC
2606,18,A0,0,7,0,B1,31,True,3D,39,SDC
2607,18,A0,0,7,1,B1,B1,False,3D,3D,Not activated
2608,18,A1,1,0,0,35,34,True,3D,3D,Masked
2609,18,A1,1,0,1,35,35,False,3D,3D,Not activated
2610,18,A1,1,1,0,35,35,False,3D,3D,Not activated
2611,18,A1,1,1,1,35,37,True,3D,3E,SDC
2612,18,A1,1,2,0,35,31,True,3D,3D,Masked
2613,18,A1,1,2,1,35,35,False,3D,3D,Not activated
2614,18,A1,1,3,0,35,35,False,3D,3D,Not activated
2615,18,A1,1,3,1,35,3D,True,3D,3F,SDC
2616,18,A1,1,4,0,35,25,True,3D,3C,SDC
2617,18,A1,1,4,1,35,35,False,3D,3D,Not activated
2618,18,A1,1,5,0,35,15,True,3D,3B,SDC
2619,18,A1,1,5,1,35,35,False,3D,3D,Not activated
2620,18,A1,1,6,0,35,35,False,3D,3D,Not activated
2621,18,A1,1,6,1,35,75,True,3D,69,SDC
2622,18,A1,1,7,0,35,35,False,3D,3D,Not activated
2623,18,A1,1,7,1,35,B5,True,3D,39,SDC
2624,18,A2,2,0,0,34,34,False,3D,3D,Not activated
2625,18,A2,2,0,1,34,35,True,3D,3D,Masked
2626,18,A2,2,1,0,34,34,False,3D,3D,Not activated
2627,18,A2,2,1,1,34,36,True,3D,3C,SDC
2628,18,A2,2,2,0,34,30,True,3D,3E,SDC
2629,18,A2,2,2,1,34,34,False,3D,3D,Not activated
2630,18,A2,2,3,0,34,34,False,3D,3D,Not activated
2631,18,A2,2,3,1,34,3C,True,3D,39,SDC
2632,18,A2,2,4,0,34,24,True,3D,3F,SDC
2633,18,A2,2,4,1,34,34,False,3D,3D,Not activated
2634,18,A2,2,5,0,34,14,True,3D,40,SDC
2635,18,A2,2,5,1,34,34,False,3D,3D,Not activated
2636,18,A2,2,6,0,34,34,False,3D,3D,Not activated
2637,18,A2,2,6,1,34,74,True,3D,ED,SDC
2638,18,A2,2,7,0,34,34,False,3D,3D,Not activated
2639,18,A2,2,7,1,34,B4,True,3D,42,SDC
2640,18,A3,3,0,0,B6,B6,False,3D,3D,Not activated
2641,18,A3,3,0,1,B6,B7,True,3D,3D,Masked
2642,18,A3,3,1,0,B6,B4,True,3D,3C,SDC
2643,18,A3,3,1,1,B6,B6,False,3D,3D,Not activated
2644,18,A3,3,2,0,B6,B2,True,3D,3B,SDC
2645,18,A3,3,2,1,B6,B6,False,3D,3D,Not activated
2646,18,A3,3,3,0,B6,B6,False,3D,3D,Not activated
2647,18,A3,3,3,1,B6,BE,True,3D,41,SDC
2648,18,A3,3,4,0,B6,A6,True,3D,39,SDC
2649,18,A3,3,4,1,B6,B6,False,3D,3D,Not activated
2650,18,A3,3,5,0,B6,96,True,3D,38,SDC
2651,18,A3,3,5,1,B6,B6,False,3D,3D,Not activated
2652,18,A3,3,6,0,B6,B6,False,3D,3D,Not activated
2653,18,A3,3,6,1,B6,F6,True,3D,73,SDC
2654,18,A3,3,7,0,B6,36,True,3D,29,SDC
2655,18,A3,3,7,1,B6,B6,False,3D,3D,Not activated
2656,18,B0,4,0,0,B0,B0,False,3D,3D,Not activated
2657,18,B0,4,0,1,B0,B1,True,3D,3E,SDC
2658,18,B0,4,1,0,B0,B0,False,3D,3D,Not activated
2659,18,B0,4,1,1,B0,B2,True,3D,3E,SDC
2660,18,B0,4,2,0,B0,B0,False,3D,3D,Not activated
2661,18,B0,4,2,1,B0,B4,True,3D,3E,SDC
2662,18,B0,4,3,0,B0,B0,False,3D,3D,Not activated
2663,18,B0,4,3,1,B0,B8,True,3D,40,SDC
2664,18,B0,4,4,0,B0,A0,True,3D,3C,SDC
2665,18,B0,4,4,1,B0,B0,False,3D,3D,Not activated
2666,18,B0,4,5,0,B0,90,True,3D,3B,SDC
2667,18,B0,4,5,1,B0,B0,False,3D,3D,Not activated
2668,18,B0,4,6,0,B0,B0,False,3D,3D,Not activated
2669,18,B0,4,6,1,B0,F0,True,3D,69,SDC
2670,18,B0,4,7,0,B0,30,True,3D,39,SDC
2671,18,B0,4,7,1,B0,B0,False,3D,3D,Not activated
2672,18,B1,5,0,0,2B,2A,True,3D,3D,Masked
2673,18,B1,5,0,1,2B,2B,False,3D,3D,Not activated
2674,18,B1,5,1,0,2B,29,True,3D,3D,Masked
2675,18,B1,5,1,1,2B,2B,False,3D,3D,Not activated
2676,18,B1,5,2,0,2B,2B,False,3D,3D,Not activated
2677,18,B1,5,2,1,2B,2F,True,3D,3E,SDC
2678,18,B1,5,3,0,2B,23,True,3D,3C,SDC
2679,18,B1,5,3,1,2B,2B,False,3D,3D,Not activated
2680,18,B1,5,4,0,2B,2B,False,3D,3D,Not activated
2681,18,B1,5,4,1,2B,3B,True,3D,42,SDC
2682,18,B1,5,5,0,2B,0B,True,3D,3B,SDC
2683,18,B1,5,5,1,2B,2B,False,3D,3D,Not activated
2684,18,B1,5,6,0,2B,2B,False,3D,3D,Not activated
2685,18,B1,5,6,1,2B,6B,True,3D,69,SDC
2686,18,B1,5,7,0,2B,2B,False,3D,3D,Not activated
2687,18,B1,5,7,1,2B,AB,True,3D,39,SDC
2688,18,B2,6,0,0,B1,B0,True,3D,3D,Masked
2689,18,B2,6,0,1,B1,B1,False,3D,3D,Not activated
2690,18,B2,6,1,0,B1,B1,False,3D,3D,Not activated
2691,18,B2,6,1,1,B1,B3,True,3D,3C,SDC
2692,18,B2,6,2,0,B1,B1,False,3D,3D,Not activated
2693,18,B2,6,2,1,B1,B5,True,3D,3B,SDC
2694,18,B2,6,3,0,B1,B1,False,3D,3D,Not activated
2695,18,B2,6,3,1,B1,B9,True,3D,39,SDC
2696,18,B2,6,4,0,B1,A1,True,3D,3F,SDC
2697,18,B2,6,4,1,B1,B1,False,3D,3D,Not activated
2698,18,B2,6,5,0,B1,91,True,3D,40,SDC
2699,18,B2,6,5,1,B1,B1,False,3D,3D,Not activated
2700,18,B2,6,6,0,B1,B1,False,3D,3D,Not activated
2701,18,B2,6,6,1,B1,F1,True,3D,ED,SDC
2702,18,B2,6,7,0,B1,31,True,3D,42,SDC
2703,18,B2,6,7,1,B1,B1,False,3D,3D,Not activated
2704,18,B3,7,0,0,B4,B4,False,3D,3D,Not activated
2705,18,B3,7,0,1,B4,B5,True,3D,3D,Masked
2706,18,B3,7,1,0,B4,B4,False,3D,3D,Not activated
2707,18,B3,7,1,1,B4,B6,True,3D,3E,SDC
2708,18,B3,7,2,0,B4,B0,True,3D,3B,SDC
2709,18,B3,7,2,1,B4,B4,False,3D,3D,Not activated
2710,18,B3,7,3,0,B4,B4,False,3D,3D,Not activated
2711,18,B3,7,3,1,B4,BC,True,3D,41,SDC
2712,18,B3,7,4,0,B4,A4,True,3D,39,SDC
2713,18,B3,7,4,1,B4,B4,False,3D,3D,Not activated
2714,18,B3,7,5,0,B4,94,True,3D,38,SDC
2715,18,B3,7,5,1,B4,B4,False,3D,3D,Not activated
2716,18,B3,7,6,0,B4,B4,False,3D,3D,Not activated
2717,18,B3,7,6,1,B4,F4,True,3D,73,SDC
2718,18,B3,7,7,0,B4,34,True,3D,29,SDC
2719,18,B3,7,7,1,B4,B4,False,3D,3D,Not activated
2720,18,C0,8,0,0,36,36,False,3D,3D,Not activated
2721,18,C0,8,0,1,36,37,True,3D,3E,SDC
2722,18,C0,8,1,0,36,34,True,3D,3C,SDC
2723,18,C0,8,1,1,36,36,False,3D,3D,Not activated
2724,18,C0,8,2,0,36,32,True,3D,3B,SDC
2725,18,C0,8,2,1,36,36,False,3D,3D,Not activated
2726,18,C0,8,3,0,36,36,False,3D,3D,Not activated
2727,18,C0,8,3,1,36,3E,True,3D,42,SDC
2728,18,C0,8,4,0,36,26,True,3D,38,SDC
2729,18,C0,8,4,1,36,36,False,3D,3D,Not activated
2730,18,C0,8,5,0,36,16,True,3D,36,SDC
2731,18,C0,8,5,1,36,36,False,3D,3D,Not activated
2732,18,C0,8,6,0,36,36,False,3D,3D,Not activated
2733,18,C0,8,6,1,36,76,True,3D,76,SDC
2734,18,C0,8,7,0,36,36,False,3D,3D,Not activated
2735,18,C0,8,7,1,36,B6,True,3D,9C,SDC
2736,19,A0,0,0,0,21,20,True,A9,A9,Masked
2737,19,A0,0,0,1,21,21,False,A9,A9,Not activated
2738,19,A0,0,1,0,21,21,False,A9,A9,Not activated
2739,19,A0,0,1,1,21,23,True,A9,AA,SDC
2740,19,A0,0,2,0,21,21,False,A9,A9,Not activated
2741,19,A0,0,2,1,21,25,True,A9,AA,SDC
2742,19,A0,0,3,0,21,21,False,A9,A9,Not activated
2743,19,A0,0,3,1,21,29,True,A9,AC,SDC
2744,19,A0,0,4,0,21,21,False,A9,A9,Not activated
2745,19,A0,0,4,1,21,31,True,A9,B1,SDC
2746,19,A0,0,5,0,21,01,True,A9,A4,SDC
2747,19,A0,0,5,1,21,21,False,A9,A9,Not activated
2748,19,A0,0,6,0,21,21,False,A9,A9,Not activated
2749,19,A0,0,6,1,21,61,True,A9,DB,SDC
2750,19,A0,0,7,0,21,21,False,A9,A9,Not activated
2751,19,A0,0,7,1,21,A1,True,A9,9E,SDC
2752,19,A1,1,0,0,96,96,False,A9,A9,Not activated
2753,19,A1,1,0,1,96,97,True,A9,A9,Masked
2754,19,A1,1,1,0,96,94,True,A9,AA,SDC
2755,19,A1,1,1,1,96,96,False,A9,A9,Not activated
2756,19,A1,1,2,0,96,92,True,A9,AA,SDC
2757,19,A1,1,2,1,96,96,False,A9,A9,Not activated
2758,19,A1,1,3,0,96,96,False,A9,A9,Not activated
2759,19,A1,1,3,1,96,9E,True,A9,A8,SDC
2760,19,A1,1,4,0,96,86,True,A9,AA,SDC
2761,19,A1,1,4,1,96,96,False,A9,A9,Not activated
2762,19,A1,1,5,0,96,96,False,A9,A9,Not activated
2763,19,A1,1,5,1,96,B6,True,A9,2C,SDC
2764,19,A1,1,6,0,96,96,False,A9,A9,Not activated
2765,19,A1,1,6,1,96,D6,True,A9,53,SDC
2766,19,A1,1,7,0,96,16,True,A9,AC,SDC
2767,19,A1,1,7,1,96,96,False,A9,A9,Not activated
2768,19,A2,2,0,0,31,30,True,A9,A9,Masked
2769,19,A2,2,0,1,31,31,False,A9,A9,Not activated
2770,19,A2,2,1,0,31,31,False,A9,A9,Not activated
2771,19,A2,2,1,1,31,33,True,A9,AA,SDC
2772,19,A2,2,2,0,31,31,False,A9,A9,Not activated
2773,19,A2,2,2,1,31,35,True,A9,AA,SDC
2774,19,A2,2,3,0,31,31,False,A9,A9,Not activated
2775,19,A2,2,3,1,31,39,True,A9,AC,SDC
2776,19,A2,2,4,0,31,21,True,A9,A6,SDC
2777,19,A2,2,4,1,31,31,False,A9,A9,Not activated
2778,19,A2,2,5,0,31,11,True,A9,A6,SDC
2779,19,A2,2,5,1,31,31,False,A9,A9,Not activated
2780,19,A2,2,6,0,31,31,False,A9,A9,Not activated
2781,19,A2,2,6,1,31,71,True,A9,DA,SDC
2782,19,A2,2,7,0,31,31,False,A9,A9,Not activated
2783,19,A2,2,7,1,31,B1,True,A9,A0,SDC
2784,19,A3,3,0,0,32,32,False,A9,A9,Not activated
2785,19,A3,3,0,1,32,33,True,A9,A9,Masked
2786,19,A3,3,1,0,32,30,True,A9,A8,SDC
2787,19,A3,3,1,1,32,32,False,A9,A9,Not activated
2788,19,A3,3,2,0,32,32,False,A9,A9,Not activated
2789,19,A3,3,2,1,32,36,True,A9,AA,SDC
2790,19,A3,3,3,0,32,32,False,A9,A9,Not activated
2791,19,A3,3,3,1,32,3A,True,A9,AC,SDC
2792,19,A3,3,4,0,32,22,True,A9,A6,SDC
2793,19,A3,3,4,1,32,32,False,A9,A9,Not activated
2794,19,A3,3,5,0,32,12,True,A9,A4,SDC
2795,19,A3,3,5,1,32,32,False,A9,A9,Not activated
2796,19,A3,3,6,0,32,32,False,A9,A9,Not activated
2797,19,A3,3,6,1,32,72,True,A9,DD,SDC
2798,19,A3,3,7,0,32,32,False,A9,A9,Not activated
2799,19,A3,3,7,1,32,B2,True,A9,9C,SDC
2800,19,B0,4,0,0,B2,B2,False,A9,A9,Not activated
2801,19,B0,4,0,1,B2,B3,True,A9,A9,Masked
2802,19,B0,4,1,0,B2,B0,True,A9,A8,SDC
2803,19,B0,4,1,1,B2,B2,False,A9,A9,Not activated
2804,19,B0,4,2,0,B2,B2,False,A9,A9,Not activated
2805,19,B0,4,2,1,B2,B6,True,A9,AA,SDC
2806,19,B0,4,3,0,B2,B2,False,A9,A9,Not activated
2807,19,B0,4,3,1,B2,BA,True,A9,AC,SDC
2808,19,B0,4,4,0,B2,A2,True,A9,A6,SDC
2809,19,B0,4,4,1,B2,B2,False,A9,A9,Not activated
2810,19,B0,4,5,0,B2,92,True,A9,A5,SDC
2811,19,B0,4,5,1,B2,B2,False,A9,A9,Not activated
2812,19,B0,4,6,0,B2,B2,False,A9,A9,Not activated
2813,19,B0,4,6,1,B2,F2,True,A9,DB,SDC
2814,19,B0,4,7,0,B2,32,True,A9,9E,SDC
2815,19,B0,4,7,1,B2,B2,False,A9,A9,Not activated
2816,19,B1,5,0,0,B5,B4,True,A9,AA,SDC
2817,19,B1,5,0,1,B5,B5,False,A9,A9,Not activated
2818,19,B1,5,1,0,B5,B5,False,A9,A9,Not activated
2819,19,B1,5,1,1,B5,B7,True,A9,A9,Masked
2820,19,B1,5,2,0,B5,B1,True,A9,AA,SDC
2821,19,B1,5,2,1,B5,B5,False,A9,A9,Not activated
2822,19,B1,5,3,0,B5,B5,False,A9,A9,Not activated
2823,19,B1,5,3,1,B5,BD,True,A9,A8,SDC
2824,19,B1,5,4,0,B5,A5,True,A9,AA,SDC
2825,19,B1,5,4,1,B5,B5,False,A9,A9,Not activated
2826,19,B1,5,5,0,B5,95,True,A9,AB,SDC
2827,19,B1,5,5,1,B5,B5,False,A9,A9,Not activated
2828,19,B1,5,6,0,B5,B5,False,A9,A9,Not activated
2829,19,B1,5,6,1,B5,F5,True,A9,53,SDC
2830,19,B1,5,7,0,B5,35,True,A9,AC,SDC
2831,19,B1,5,7,1,B5,B5,False,A9,A9,Not activated
2832,19,B2,6,0,0,A1,A0,True,A9,A9,Masked
2833,19,B2,6,0,1,A1,A1,False,A9,A9,Not activated
2834,19,B2,6,1,0,A1,A1,False,A9,A9,Not activated
2835,19,B2,6,1,1,A1,A3,True,A9,AA,SDC
2836,19,B2,6,2,0,A1,A1,False,A9,A9,Not activated
2837,19,B2,6,2,1,A1,A5,True,A9,AA,SDC
2838,19,B2,6,3,0,A1,A1,False,A9,A9,Not activated
2839,19,B2,6,3,1,A1,A9,True,A9,AC,SDC
2840,19,B2,6,4,0,A1,A1,False,A9,A9,Not activated
2841,19,B2,6,4,1,A1,B1,True,A9,B1,SDC
2842,19,B2,6,5,0,A1,81,True,A9,A5,SDC
2843,19,B2,6,5,1,A1,A1,False,A9,A9,Not activated
2844,19,B2,6,6,0,A1,A1,False,A9,A9,Not activated
2845,19,B2,6,6,1,A1,E1,True,A9,DA,SDC
2846,19,B2,6,7,0,A1,21,True,A9,A0,SDC
2847,19,B2,6,7,1,A1,A1,False,A9,A9,Not activated
2848,19,B3,7,0,0,A2,A2,False,A9,A9,Not activated
2849,19,B3,7,0,1,A2,A3,True,A9,A9,Masked
2850,19,B3,7,1,0,A2,A0,True,A9,A8,SDC
2851,19,B3,7,1,1,A2,A2,False,A9,A9,Not activated
2852,19,B3,7,2,0,A2,A2,False,A9,A9,Not activated
2853,19,B3,7,2,1,A2,A6,True,A9,AA,SDC
2854,19,B3,7,3,0,A2,A2,False,A9,A9,Not activated
2855,19,B3,7,3,1,A2,AA,True,A9,AC,SDC
2856,19,B3,7,4,0,A2,A2,False,A9,A9,Not activated
2857,19,B3,7,4,1,A2,B2,True,A9,B1,SDC
2858,19,B3,7,5,0,A2,82,True,A9,A4,SDC
2859,19,B3,7,5,1,A2,A2,False,A9,A9,Not activated
2860,19,B3,7,6,0,A2,A2,False,A9,A9,Not activated
2861,19,B3,7,6,1,A2,E2,True,A9,DD,SDC
2862,19,B3,7,7,0,A2,22,True,A9,9C,SDC
2863,19,B3,7,7,1,A2,A2,False,A9,A9,Not activated
2864,19,C0,8,0,0,98,98,False,A9,A9,Not activated
2865,19,C0,8,0,1,98,99,True,A9,A9,Masked
2866,19,C0,8,1,0,98,98,False,A9,A9,Not activated
2867,19,C0,8,1,1,98,9A,True,A9,AA,SDC
2868,19,C0,8,2,0,98,98,False,A9,A9,Not activated
2869,19,C0,8,2,1,98,9C,True,A9,AA,SDC
2870,19,C0,8,3,0,98,90,True,A9,A8,SDC
2871,19,C0,8,3,1,98,98,False,A9,A9,Not activated
2872,19,C0,8,4,0,98,88,True,A9,A7,SDC
2873,19,C0,8,4,1,98,98,False,A9,A9,Not activated
2874,19,C0,8,5,0,98,98,False,A9,A9,Not activated
2875,19,C0,8,5,1,98,B8,True,A9,BB,SDC
2876,19,C0,8,6,0,98,98,False,A9,A9,Not activated
2877,19,C0,8,6,1,98,D8,True,A9,D8,SDC
2878,19,C0,8,7,0,98,18,True,A9,A2,SDC
2879,19,C0,8,7,1,98,98,False,A9,A9,Not activated
2880,20,A0,0,0,0,2F,2E,True,2A,2A,Masked
2881,20,A0,0,0,1,2F,2F,False,2A,2A,Not activated
2882,20,A0,0,1,0,2F,2D,True,2A,2A,Masked
2883,20,A0,0,1,1,2F,2F,False,2A,2A,Not activated
2884,20,A0,0,2,0,2F,2B,True,2A,2A,Masked
2885,20,A0,0,2,1,2F,2F,False,2A,2A,Not activated
2886,20,A0,0,3,0,2F,27,True,2A,2A,Masked
2887,20,A0,0,3,1,2F,2F,False,2A,2A,Not activated
2888,20,A0,0,4,0,2F,2F,False,2A,2A,Not activated
2889,20,A0,0,4,1,2F,3F,True,2A,90,SDC
2890,20,A0,0,5,0,2F,0F,True,2A,2C,SDC
2891,20,A0,0,5,1,2F,2F,False,2A,2A,Not activated
2892,20,A0,0,6,0,2F,2F,False,2A,2A,Not activated
2893,20,A0,0,6,1,2F,6F,True,2A,DC,SDC
2894,20,A0,0,7,0,2F,2F,False,2A,2A,Not activated
2895,20,A0,0,7,1,2F,AF,True,2A,2E,SDC
2896,20,A1,1,0,0,2B,2A,True,2A,2A,Masked
2897,20,A1,1,0,1,2B,2B,False,2A,2A,Not activated
2898,20,A1,1,1,0,2B,29,True,2A,2C,SDC
2899,20,A1,1,1,1,2B,2B,False,2A,2A,Not activated
2900,20,A1,1,2,0,2B,2B,False,2A,2A,Not activated
2901,20,A1,1,2,1,2B,2F,True,2A,2A,Masked
2902,20,A1,1,3,0,2B,23,True,2A,2C,SDC
2903,20,A1,1,3,1,2B,2B,False,2A,2A,Not activated
2904,20,A1,1,4,0,2B,2B,False,2A,2A,Not activated
2905,20,A1,1,4,1,2B,3B,True,2A,90,SDC
2906,20,A1,1,5,0,2B,0B,True,2A,2E,SDC
2907,20,A1,1,5,1,2B,2B,False,2A,2A,Not activated
2908,20,A1,1,6,0,2B,2B,False,2A,2A,Not activated
2909,20,A1,1,6,1,2B,6B,True,2A,DE,SDC
2910,20,A1,1,7,0,2B,2B,False,2A,2A,Not activated
2911,20,A1,1,7,1,2B,AB,True,2A,31,SDC
2912,20,A2,2,0,0,37,36,True,2A,28,SDC
2913,20,A2,2,0,1,37,37,False,2A,2A,Not activated
2914,20,A2,2,1,0,37,35,True,2A,25,SDC
2915,20,A2,2,1,1,37,37,False,2A,2A,Not activated
2916,20,A2,2,2,0,37,33,True,2A,1C,SDC
2917,20,A2,2,2,1,37,37,False,2A,2A,Not activated
2918,20,A2,2,3,0,37,37,False,2A,2A,Not activated
2919,20,A2,2,3,1,37,3F,True,2A,38,SDC
2920,20,A2,2,4,0,37,27,True,2A,A6,SDC
2921,20,A2,2,4,1,37,37,False,2A,2A,Not activated
2922,20,A2,2,5,0,37,17,True,2A,AB,SDC
2923,20,A2,2,5,1,37,37,False,2A,2A,Not activated
2924,20,A2,2,6,0,37,37,False,2A,2A,Not activated
2925,20,A2,2,6,1,37,77,True,2A,73,SDC
2926,20,A2,2,7,0,37,37,False,2A,2A,Not activated
2927,20,A2,2,7,1,37,B7,True,2A,B9,SDC
2928,20,A3,3,0,0,B5,B4,True,2A,28,SDC
2929,20,A3,3,0,1,B5,B5,False,2A,2A,Not activated
2930,20,A3,3,1,0,B5,B5,False,2A,2A,Not activated
2931,20,A3,3,1,1,B5,B7,True,2A,2C,SDC
2932,20,A3,3,2,0,B5,B1,True,2A,23,SDC
2933,20,A3,3,2,1,B5,B5,False,2A,2A,Not activated
2934,20,A3,3,3,0,B5,B5,False,2A,2A,Not activated
2935,20,A3,3,3,1,B5,BD,True,2A,33,SDC
2936,20,A3,3,4,0,B5,A5,True,2A,84,SDC
2937,20,A3,3,4,1,B5,B5,False,2A,2A,Not activated
2938,20,A3,3,5,0,B5,95,True,2A,9B,SDC
2939,20,A3,3,5,1,B5,B5,False,2A,2A,Not activated
2940,20,A3,3,6,0,B5,B5,False,2A,2A,Not activated
2941,20,A3,3,6,1,B5,F5,True,2A,6D,SDC
2942,20,A3,3,7,0,B5,35,True,2A,B0,SDC
2943,20,A3,3,7,1,B5,B5,False,2A,2A,Not activated
2944,20,B0,4,0,0,A4,A4,False,2A,2A,Not activated
2945,20,B0,4,0,1,A4,A5,True,2A,27,SDC
2946,20,B0,4,1,0,A4,A4,False,2A,2A,Not activated
2947,20,B0,4,1,1,A4,A6,True,2A,27,SDC
2948,20,B0,4,2,0,A4,A0,True,2A,2A,Masked
2949,20,B0,4,2,1,A4,A4,False,2A,2A,Not activated
2950,20,B0,4,3,0,A4,A4,False,2A,2A,Not activated
2951,20,B0,4,3,1,A4,AC,True,2A,23,SDC
2952,20,B0,4,4,0,A4,A4,False,2A,2A,Not activated
2953,20,B0,4,4,1,A4,B4,True,2A,90,SDC
2954,20,B0,4,5,0,A4,84,True,2A,2C,SDC
2955,20,B0,4,5,1,A4,A4,False,2A,2A,Not activated
2956,20,B0,4,6,0,A4,A4,False,2A,2A,Not activated
2957,20,B0,4,6,1,A4,E4,True,2A,DC,SDC
2958,20,B0,4,7,0,A4,24,True,2A,2E,SDC
2959,20,B0,4,7,1,A4,A4,False,2A,2A,Not activated
2960,20,B1,5,0,0,AA,AA,False,2A,2A,Not activated
2961,20,B1,5,0,1,AA,AB,True,2A,2A,Masked
2962,20,B1,5,1,0,AA,A8,True,2A,2C,SDC
2963,20,B1,5,1,1,AA,AA,False,2A,2A,Not activated
2964,20,B1,5,2,0,AA,AA,False,2A,2A,Not activated
2965,20,B1,5,2,1,AA,AE,True,2A,2A,Masked
2966,20,B1,5,3,0,AA,A2,True,2A,2C,SDC
2967,20,B1,5,3,1,AA,AA,False,2A,2A,Not activated
2968,20,B1,5,4,0,AA,AA,False,2A,2A,Not activated
2969,20,B1,5,4,1,AA,BA,True,2A,90,SDC
2970,20,B1,5,5,0,AA,8A,True,2A,2E,SDC
2971,20,B1,5,5,1,AA,AA,False,2A,2A,Not activated
2972,20,B1,5,6,0,AA,AA,False,2A,2A,Not activated
2973,20,B1,5,6,1,AA,EA,True,2A,DE,SDC
2974,20,B1,5,7,0,AA,2A,True,2A,31,SDC
2975,20,B1,5,7,1,AA,AA,False,2A,2A,Not activated
2976,20,B2,6,0,0,34,34,False,2A,2A,Not activated
2977,20,B2,6,0,1,34,35,True,2A,2B,SDC
2978,20,B2,6,1,0,34,34,False,2A,2A,Not activated
2979,20,B2,6,1,1,34,36,True,2A,2D,SDC
2980,20,B2,6,2,0,34,30,True,2A,18,SDC
2981,20,B2,6,2,1,34,34,False,2A,2A,Not activated
2982,20,B2,6,3,0,34,34,False,2A,2A,Not activated
2983,20,B2,6,3,1,34,3C,True,2A,38,SDC
2984,20,B2,6,4,0,34,24,True,2A,A6,SDC
2985,20,B2,6,4,1,34,34,False,2A,2A,Not activated
2986,20,B2,6,5,0,34,14,True,2A,AB,SDC
2987,20,B2,6,5,1,34,34,False,2A,2A,Not activated
2988,20,B2,6,6,0,34,34,False,2A,2A,Not activated
2989,20,B2,6,6,1,34,74,True,2A,73,SDC
2990,20,B2,6,7,0,34,34,False,2A,2A,Not activated
2991,20,B2,6,7,1,34,B4,True,2A,B9,SDC
2992,20,B3,7,0,0,B0,B0,False,2A,2A,Not activated
2993,20,B3,7,0,1,B0,B1,True,2A,2B,SDC
2994,20,B3,7,1,0,B0,B0,False,2A,2A,Not activated
2995,20,B3,7,1,1,B0,B2,True,2A,2D,SDC
2996,20,B3,7,2,0,B0,B0,False,2A,2A,Not activated
2997,20,B3,7,2,1,B0,B4,True,2A,30,SDC
2998,20,B3,7,3,0,B0,B0,False,2A,2A,Not activated
2999,20,B3,7,3,1,B0,B8,True,2A,33,SDC
3000,20,B3,7,4,0,B0,A0,True,2A,84,SDC
3001,20,B3,7,4,1,B0,B0,False,2A,2A,Not activated
3002,20,B3,7,5,0,B0,90,True,2A,9B,SDC
3003,20,B3,7,5,1,B0,B0,False,2A,2A,Not activated
3004,20,B3,7,6,0,B0,B0,False,2A,2A,Not activated
3005,20,B3,7,6,1,B0,F0,True,2A,6D,SDC
3006,20,B3,7,7,0,B0,30,True,2A,B0,SDC
3007,20,B3,7,7,1,B0,B0,False,2A,2A,Not activated
3008,20,C0,8,0,0,B2,B2,False,2A,2A,Not activated
3009,20,C0,8,0,1,B2,B3,True,2A,27,SDC
3010,20,C0,8,1,0,B2,B0,True,2A,2E,SDC
3011,20,C0,8,1,1,B2,B2,False,2A,2A,Not activated
3012,20,C0,8,2,0,B2,B2,False,2A,2A,Not activated
3013,20,C0,8,2,1,B2,B6,True,2A,1C,SDC
3014,20,C0,8,3,0,B2,B2,False,2A,2A,Not activated
3015,20,C0,8,3,1,B2,BA,True,2A,AD,SDC
3016,20,C0,8,4,0,B2,A2,True,2A,34,SDC
3017,20,C0,8,4,1,B2,B2,False,2A,2A,Not activated
3018,20,C0,8,5,0,B2,92,True,2A,36,SDC
3019,20,C0,8,5,1,B2,B2,False,2A,2A,Not activated
3020,20,C0,8,6,0,B2,B2,False,2A,2A,Not activated
3021,20,C0,8,6,1,B2,F2,True,2A,F2,SDC
3022,20,C0,8,7,0,B2,32,True,2A,3C,SDC
3023,20,C0,8,7,1,B2,B2,False,2A,2A,Not activated
3024,21,A0,0,0,0,9D,9C,True,BA,BA,Masked
3025,21,A0,0,0,1,9D,9D,False,BA,BA,Not activated
3026,21,A0,0,1,0,9D,9D,False,BA,BA,Not activated
3027,21,A0,0,1,1,9D,9F,True,BA,BB,SDC
3028,21,A0,0,2,0,9D,99,True,BA,BA,Masked
3029,21,A0,0,2,1,9D,9D,False,BA,BA,Not activated
3030,21,A0,0,3,0,9D,95,True,BA,BA,Masked
3031,21,A0,0,3,1,9D,9D,False,BA,BA,Not activated
3032,21,A0,0,4,0,9D,8D,True,BA,BA,Masked
3033,21,A0,0,4,1,9D,9D,False,BA,BA,Not activated
3034,21,A0,0,5,0,9D,9D,False,BA,BA,Not activated
3035,21,A0,0,5,1,9D,BD,True,BA,C2,SDC
3036,21,A0,0,6,0,9D,9D,False,BA,BA,Not activated
3037,21,A0,0,6,1,9D,DD,True,BA,DC,SDC
3038,21,A0,0,7,0,9D,1D,True,BA,B9,SDC
3039,21,A0,0,7,1,9D,9D,False,BA,BA,Not activated
3040,21,A1,1,0,0,A2,A2,False,BA,BA,Not activated
3041,21,A1,1,0,1,A2,A3,True,BA,BA,Masked
3042,21,A1,1,1,0,A2,A0,True,BA,BA,Masked
3043,21,A1,1,1,1,A2,A2,False,BA,BA,Not activated
3044,21,A1,1,2,0,A2,A2,False,BA,BA,Not activated
3045,21,A1,1,2,1,A2,A6,True,BA,BA,Masked
3046,21,A1,1,3,0,A2,A2,False,BA,BA,Not activated
3047,21,A1,1,3,1,A2,AA,True,BA,BA,Masked
3048,21,A1,1,4,0,A2,A2,False,BA,BA,Not activated
3049,21,A1,1,4,1,A2,B2,True,BA,BA,Masked
3050,21,A1,1,5,0,A2,82,True,BA,BA,Masked
3051,21,A1,1,5,1,A2,A2,False,BA,BA,Not activated
3052,21,A1,1,6,0,A2,A2,False,BA,BA,Not activated
3053,21,A1,1,6,1,A2,E2,True,BA,46,SDC
3054,21,A1,1,7,0,A2,22,True,BA,BA,Masked
3055,21,A1,1,7,1,A2,A2,False,BA,BA,Not activated
3056,21,A2,2,0,0,AE,AE,False,BA,BA,Not activated
3057,21,A2,2,0,1,AE,AF,True,BA,BA,Masked
3058,21,A2,2,1,0,AE,AC,True,BA,BA,Masked
3059,21,A2,2,1,1,AE,AE,False,BA,BA,Not activated
3060,21,A2,2,2,0,AE,AA,True,BA,B9,SDC
3061,21,A2,2,2,1,AE,AE,False,BA,BA,Not activated
3062,21,A2,2,3,0,AE,A6,True,BA,B9,SDC
3063,21,A2,2,3,1,AE,AE,False,BA,BA,Not activated
3064,21,A2,2,4,0,AE,AE,False,BA,BA,Not activated
3065,21,A2,2,4,1,AE,BE,True,BA,C1,SDC
3066,21,A2,2,5,0,AE,8E,True,BA,B8,SDC
3067,21,A2,2,5,1,AE,AE,False,BA,BA,Not activated
3068,21,A2,2,6,0,AE,AE,False,BA,BA,Not activated
3069,21,A2,2,6,1,AE,EE,True,BA,EB,SDC
3070,21,A2,2,7,0,AE,2E,True,BA,B3,SDC
3071,21,A2,2,7,1,AE,AE,False,BA,BA,Not activated
3072,21,A3,3,0,0,B0,B0,False,BA,BA,Not activated
3073,21,A3,3,0,1,B0,B1,True,BA,BA,Masked
3074,21,A3,3,1,0,B0,B0,False,BA,BA,Not activated
3075,21,A3,3,1,1,B0,B2,True,BA,BB,SDC
3076,21,A3,3,2,0,B0,B0,False,BA,BA,Not activated
3077,21,A3,3,2,1,B0,B4,True,BA,BB,SDC
3078,21,A3,3,3,0,B0,B0,False,BA,BA,Not activated
3079,21,A3,3,3,1,B0,B8,True,BA,BB,SDC
3080,21,A3,3,4,0,B0,A0,True,BA,BA,Masked
3081,21,A3,3,4,1,B0,B0,False,BA,BA,Not activated
3082,21,A3,3,5,0,B0,90,True,BA,BA,Masked
3083,21,A3,3,5,1,B0,B0,False,BA,BA,Not activated
3084,21,A3,3,6,0,B0,B0,False,BA,BA,Not activated
3085,21,A3,3,6,1,B0,F0,True,BA,D6,SDC
3086,21,A3,3,7,0,B0,30,True,BA,BA,Masked
3087,21,A3,3,7,1,B0,B0,False,BA,BA,Not activated
3088,21,B0,4,0,0,36,36,False,BA,BA,Not activated
3089,21,B0,4,0,1,36,37,True,BA,BB,SDC
3090,21,B0,4,1,0,36,34,True,BA,BA,Masked
3091,21,B0,4,1,1,36,36,False,BA,BA,Not activated
3092,21,B0,4,2,0,36,32,True,BA,BA,Masked
3093,21,B0,4,2,1,36,36,False,BA,BA,Not activated
3094,21,B0,4,3,0,36,36,False,BA,BA,Not activated
3095,21,B0,4,3,1,36,3E,True,BA,BB,SDC
3096,21,B0,4,4,0,36,26,True,BA,BA,Masked
3097,21,B0,4,4,1,36,36,False,BA,BA,Not activated
3098,21,B0,4,5,0,36,16,True,BA,BA,Masked
3099,21,B0,4,5,1,36,36,False,BA,BA,Not activated
3100,21,B0,4,6,0,36,36,False,BA,BA,Not activated
3101,21,B0,4,6,1,36,76,True,BA,DC,SDC
3102,21,B0,4,7,0,36,36,False,BA,BA,Not activated
3103,21,B0,4,7,1,36,B6,True,BA,B9,SDC
3104,21,B1,5,0,0,9F,9E,True,BA,BA,Masked
3105,21,B1,5,0,1,9F,9F,False,BA,BA,Not activated
3106,21,B1,5,1,0,9F,9D,True,BA,BA,Masked
3107,21,B1,5,1,1,9F,9F,False,BA,BA,Not activated
3108,21,B1,5,2,0,9F,9B,True,BA,BA,Masked
3109,21,B1,5,2,1,9F,9F,False,BA,BA,Not activated
3110,21,B1,5,3,0,9F,97,True,BA,BA,Masked
3111,21,B1,5,3,1,9F,9F,False,BA,BA,Not activated
3112,21,B1,5,4,0,9F,8F,True,BA,BA,Masked
3113,21,B1,5,4,1,9F,9F,False,BA,BA,Not activated
3114,21,B1,5,5,0,9F,9F,False,BA,BA,Not activated
3115,21,B1,5,5,1,9F,BF,True,BA,B8,SDC
3116,21,B1,5,6,0,9F,9F,False,BA,BA,Not activated
3117,21,B1,5,6,1,9F,DF,True,BA,46,SDC
3118,21,B1,5,7,0,9F,1F,True,BA,BA,Masked
3119,21,B1,5,7,1,9F,9F,False,BA,BA,Not activated
3120,21,B2,6,0,0,34,34,False,BA,BA,Not activated
3121,21,B2,6,0,1,34,35,True,BA,BA,Masked
3122,21,B2,6,1,0,34,34,False,BA,BA,Not activated
3123,21,B2,6,1,1,34,36,True,BA,BB,SDC
3124,21,B2,6,2,0,34,30,True,BA,B9,SDC
3125,21,B2,6,2,1,34,34,False,BA,BA,Not activated
3126,21,B2,6,3,0,34,34,False,BA,BA,Not activated
3127,21,B2,6,3,1,34,3C,True,BA,BD,SDC
3128,21,B2,6,4,0,34,24,True,BA,B8,SDC
3129,21,B2,6,4,1,34,34,False,BA,BA,Not activated
3130,21,B2,6,5,0,34,14,True,BA,B8,SDC
3131,21,B2,6,5,1,34,34,False,BA,BA,Not activated
3132,21,B2,6,6,0,34,34,False,BA,BA,Not activated
3133,21,B2,6,6,1,34,74,True,BA,EB,SDC
3134,21,B2,6,7,0,34,34,False,BA,BA,Not activated
3135,21,B2,6,7,1,34,B4,True,BA,B3,SDC
3136,21,B3,7,0,0,1D,1C,True,BA,BA,Masked
3137,21,B3,7,0,1,1D,1D,False,BA,BA,Not activated
3138,21,B3,7,1,0,1D,1D,False,BA,BA,Not activated
3139,21,B3,7,1,1,1D,1F,True,BA,BA,Masked
3140,21,B3,7,2,0,1D,19,True,BA,BA,Masked
3141,21,B3,7,2,1,1D,1D,False,BA,BA,Not activated
3142,21,B3,7,3,0,1D,15,True,BA,BA,Masked
3143,21,B3,7,3,1,1D,1D,False,BA,BA,Not activated
3144,21,B3,7,4,0,1D,0D,True,BA,BA,Masked
3145,21,B3,7,4,1,1D,1D,False,BA,BA,Not activated
3146,21,B3,7,5,0,1D,1D,False,BA,BA,Not activated
3147,21,B3,7,5,1,1D,3D,True,BA,C0,SDC
3148,21,B3,7,6,0,1D,1D,False,BA,BA,Not activated
3149,21,B3,7,6,1,1D,5D,True,BA,D6,SDC
3150,21,B3,7,7,0,1D,1D,False,BA,BA,Not activated
3151,21,B3,7,7,1,1D,9D,True,BA,BA,Masked
3152,21,C0,8,0,0,B6,B6,False,BA,BA,Not activated
3153,21,C0,8,0,1,B6,B7,True,BA,BB,SDC
3154,21,C0,8,1,0,B6,B4,True,BA,B9,SDC
3155,21,C0,8,1,1,B6,B6,False,BA,BA,Not activated
3156,21,C0,8,2,0,B6,B2,True,BA,B8,SDC
3157,21,C0,8,2,1,B6,B6,False,BA,BA,Not activated
3158,21,C0,8,3,0,B6,B6,False,BA,BA,Not activated
3159,21,C0,8,3,1,B6,BE,True,BA,C1,SDC
3160,21,C0,8,4,0,B6,A6,True,BA,B3,SDC
3161,21,C0,8,4,1,B6,B6,False,BA,BA,Not activated
3162,21,C0,8,5,0,B6,96,True,BA,B0,SDC
3163,21,C0,8,5,1,B6,B6,False,BA,BA,Not activated
3164,21,C0,8,6,0,B6,B6,False,BA,BA,Not activated
3165,21,C0,8,6,1,B6,F6,True,BA,F6,SDC
3166,21,C0,8,7,0,B6,36,True,BA,2E,SDC
3167,21,C0,8,7,1,B6,B6,False,BA,BA,Not activated
3168,22,A0,0,0,0,38,38,False,B0,B0,Not activated
3169,22,A0,0,0,1,38,39,True,B0,AE,SDC
3170,22,A0,0,1,0,38,38,False,B0,B0,Not activated
3171,22,A0,0,1,1,38,3A,True,B0,AC,SDC
3172,22,A0,0,2,0,38,38,False,B0,B0,Not activated
3173,22,A0,0,2,1,38,3C,True,B0,A4,SDC
3174,22,A0,0,3,0,38,30,True,B0,B6,SDC
3175,22,A0,0,3,1,38,38,False,B0,B0,Not activated
3176,22,A0,0,4,0,38,28,True,B0,B8,SDC
3177,22,A0,0,4,1,38,38,False,B0,B0,Not activated
3178,22,A0,0,5,0,38,18,True,B0,B9,SDC
3179,22,A0,0,5,1,38,38,False,B0,B0,Not activated
3180,22,A0,0,6,0,38,38,False,B0,B0,Not activated
3181,22,A0,0,6,1,38,78,True,B0,78,SDC
3182,22,A0,0,7,0,38,38,False,B0,B0,Not activated
3183,22,A0,0,7,1,38,B8,True,B0,BF,SDC
3184,22,A1,1,0,0,33,32,True,B0,AE,SDC
3185,22,A1,1,0,1,33,33,False,B0,B0,Not activated
3186,22,A1,1,1,0,33,31,True,B0,AD,SDC
3187,22,A1,1,1,1,33,33,False,B0,B0,Not activated
3188,22,A1,1,2,0,33,33,False,B0,B0,Not activated
3189,22,A1,1,2,1,33,37,True,B0,B3,SDC
3190,22,A1,1,3,0,33,33,False,B0,B0,Not activated
3191,22,A1,1,3,1,33,3B,True,B0,B7,SDC
3192,22,A1,1,4,0,33,23,True,B0,A2,SDC
3193,22,A1,1,4,1,33,33,False,B0,B0,Not activated
3194,22,A1,1,5,0,33,13,True,B0,96,SDC
3195,22,A1,1,5,1,33,33,False,B0,B0,Not activated
3196,22,A1,1,6,0,33,33,False,B0,B0,Not activated
3197,22,A1,1,6,1,33,73,True,B0,EF,SDC
3198,22,A1,1,7,0,33,33,False,B0,B0,Not activated
3199,22,A1,1,7,1,33,B3,True,B0,30,SDC
3200,22,A2,2,0,0,37,36,True,B0,B0,Masked
3201,22,A2,2,0,1,37,37,False,B0,B0,Not activated
3202,22,A2,2,1,0,37,35,True,B0,B0,Masked
3203,22,A2,2,1,1,37,37,False,B0,B0,Not activated
3204,22,A2,2,2,0,37,33,True,B0,B0,Masked
3205,22,A2,2,2,1,37,37,False,B0,B0,Not activated
3206,22,A2,2,3,0,37,37,False,B0,B0,Not activated
3207,22,A2,2,3,1,37,3F,True,B0,B0,Masked
3208,22,A2,2,4,0,37,27,True,B0,AF,SDC
3209,22,A2,2,4,1,37,37,False,B0,B0,Not activated
3210,22,A2,2,5,0,37,17,True,B0,AF,SDC
3211,22,A2,2,5,1,37,37,False,B0,B0,Not activated
3212,22,A2,2,6,0,37,37,False,B0,B0,Not activated
3213,22,A2,2,6,1,37,77,True,B0,CF,SDC
3214,22,A2,2,7,0,37,37,False,B0,B0,Not activated
3215,22,A2,2,7,1,37,B7,True,B0,AE,SDC
3216,22,A3,3,0,0,36,36,False,B0,B0,Not activated
3217,22,A3,3,0,1,36,37,True,B0,B0,Masked
3218,22,A3,3,1,0,36,34,True,B0,AE,SDC
3219,22,A3,3,1,1,36,36,False,B0,B0,Not activated
3220,22,A3,3,2,0,36,32,True,B0,AB,SDC
3221,22,A3,3,2,1,36,36,False,B0,B0,Not activated
3222,22,A3,3,3,0,36,36,False,B0,B0,Not activated
3223,22,A3,3,3,1,36,3E,True,B0,B8,SDC
3224,22,A3,3,4,0,36,26,True,B0,A0,SDC
3225,22,A3,3,4,1,36,36,False,B0,B0,Not activated
3226,22,A3,3,5,0,36,16,True,B0,90,SDC
3227,22,A3,3,5,1,36,36,False,B0,B0,Not activated
3228,22,A3,3,6,0,36,36,False,B0,B0,Not activated
3229,22,A3,3,6,1,36,76,True,B0,F0,SDC
3230,22,A3,3,7,0,36,36,False,B0,B0,Not activated
3231,22,A3,3,7,1,36,B6,True,B0,30,SDC
3232,22,B0,4,0,0,33,32,True,B0,B1,SDC
3233,22,B0,4,0,1,33,33,False,B0,B0,Not activated
3234,22,B0,4,1,0,33,31,True,B0,B2,SDC
3235,22,B0,4,1,1,33,33,False,B0,B0,Not activated
3236,22,B0,4,2,0,33,33,False,B0,B0,Not activated
3237,22,B0,4,2,1,33,37,True,B0,A8,SDC
3238,22,B0,4,3,0,33,33,False,B0,B0,Not activated
3239,22,B0,4,3,1,33,3B,True,B0,20,SDC
3240,22,B0,4,4,0,33,23,True,B0,B8,SDC
3241,22,B0,4,4,1,33,33,False,B0,B0,Not activated
3242,22,B0,4,5,0,33,13,True,B0,B9,SDC
3243,22,B0,4,5,1,33,33,False,B0,B0,Not activated
3244,22,B0,4,6,0,33,33,False,B0,B0,Not activated
3245,22,B0,4,6,1,33,73,True,B0,73,SDC
3246,22,B0,4,7,0,33,33,False,B0,B0,Not activated
3247,22,B0,4,7,1,33,B3,True,B0,BF,SDC
3248,22,B1,5,0,0,B3,B2,True,B0,AE,SDC
3249,22,B1,5,0,1,B3,B3,False,B0,B0,Not activated
3250,22,B1,5,1,0,B3,B1,True,B0,AD,SDC
3251,22,B1,5,1,1,B3,B3,False,B0,B0,Not activated
3252,22,B1,5,2,0,B3,B3,False,B0,B0,Not activated
3253,22,B1,5,2,1,B3,B7,True,B0,B3,SDC
3254,22,B1,5,3,0,B3,B3,False,B0,B0,Not activated
3255,22,B1,5,3,1,B3,BB,True,B0,B7,SDC
3256,22,B1,5,4,0,B3,A3,True,B0,A2,SDC
3257,22,B1,5,4,1,B3,B3,False,B0,B0,Not activated
3258,22,B1,5,5,0,B3,93,True,B0,96,SDC
3259,22,B1,5,5,1,B3,B3,False,B0,B0,Not activated
3260,22,B1,5,6,0,B3,B3,False,B0,B0,Not activated
3261,22,B1,5,6,1,B3,F3,True,B0,EF,SDC
3262,22,B1,5,7,0,B3,33,True,B0,30,SDC
3263,22,B1,5,7,1,B3,B3,False,B0,B0,Not activated
3264,22,B2,6,0,0,8F,8E,True,B0,B0,Masked
3265,22,B2,6,0,1,8F,8F,False,B0,B0,Not activated
3266,22,B2,6,1,0,8F,8D,True,B0,B0,Masked
3267,22,B2,6,1,1,8F,8F,False,B0,B0,Not activated
3268,22,B2,6,2,0,8F,8B,True,B0,B0,Masked
3269,22,B2,6,2,1,8F,8F,False,B0,B0,Not activated
3270,22,B2,6,3,0,8F,87,True,B0,AF,SDC
3271,22,B2,6,3,1,8F,8F,False,B0,B0,Not activated
3272,22,B2,6,4,0,8F,8F,False,B0,B0,Not activated
3273,22,B2,6,4,1,8F,9F,True,B0,B1,SDC
3274,22,B2,6,5,0,8F,8F,False,B0,B0,Not activated
3275,22,B2,6,5,1,8F,AF,True,B0,B6,SDC
3276,22,B2,6,6,0,8F,8F,False,B0,B0,Not activated
3277,22,B2,6,6,1,8F,CF,True,B0,CF,SDC
3278,22,B2,6,7,0,8F,0F,True,B0,AE,SDC
3279,22,B2,6,7,1,8F,8F,False,B0,B0,Not activated
3280,22,B3,7,0,0,B1,B0,True,B0,AE,SDC
3281,22,B3,7,0,1,B1,B1,False,B0,B0,Not activated
3282,22,B3,7,1,0,B1,B1,False,B0,B0,Not activated
3283,22,B3,7,1,1,B1,B3,True,B0,B2,SDC
3284,22,B3,7,2,0,B1,B1,False,B0,B0,Not activated
3285,22,B3,7,2,1,B1,B5,True,B0,B3,SDC
3286,22,B3,7,3,0,B1,B1,False,B0,B0,Not activated
3287,22,B3,7,3,1,B1,B9,True,B0,B8,SDC
3288,22,B3,7,4,0,B1,A1,True,B0,A0,SDC
3289,22,B3,7,4,1,B1,B1,False,B0,B0,Not activated
3290,22,B3,7,5,0,B1,91,True,B0,90,SDC
3291,22,B3,7,5,1,B1,B1,False,B0,B0,Not activated
3292,22,B3,7,6,0,B1,B1,False,B0,B0,Not activated
3293,22,B3,7,6,1,B1,F1,True,B0,F0,SDC
3294,22,B3,7,7,0,B1,31,True,B0,30,SDC
3295,22,B3,7,7,1,B1,B1,False,B0,B0,Not activated
3296,22,C0,8,0,0,A5,A4,True,B0,B0,Masked
3297,22,C0,8,0,1,A5,A5,False,B0,B0,Not activated
3298,22,C0,8,1,0,A5,A5,False,B0,B0,Not activated
3299,22,C0,8,1,1,A5,A7,True,B0,B1,SDC
3300,22,C0,8,2,0,A5,A1,True,B0,AE,SDC
3301,22,C0,8,2,1,A5,A5,False,B0,B0,Not activated
3302,22,C0,8,3,0,A5,A5,False,B0,B0,Not activated
3303,22,C0,8,3,1,A5,AD,True,B0,B3,SDC
3304,22,C0,8,4,0,A5,A5,False,B0,B0,Not activated
3305,22,C0,8,4,1,A5,B5,True,B0,B9,SDC
3306,22,C0,8,5,0,A5,85,True,B0,AA,SDC
3307,22,C0,8,5,1,A5,A5,False,B0,B0,Not activated
3308,22,C0,8,6,0,A5,A5,False,B0,B0,Not activated
3309,22,C0,8,6,1,A5,E5,True,B0,E5,SDC
3310,22,C0,8,7,0,A5,25,True,B0,9F,SDC
3311,22,C0,8,7,1,A5,A5,False,B0,B0,Not activated
3312,23,A0,0,0,0,B6,B6,False,9C,9C,Not activated
3313,23,A0,0,0,1,B6,B7,True,9C,9C,Masked
3314,23,A0,0,1,0,B6,B4,True,9C,90,SDC
3315,23,A0,0,1,1,B6,B6,False,9C,9C,Not activated
3316,23,A0,0,2,0,B6,B2,True,9C,0F,SDC
3317,23,A0,0,2,1,B6,B6,False,9C,9C,Not activated
3318,23,A0,0,3,0,B6,B6,False,9C,9C,Not activated
3319,23,A0,0,3,1,B6,BE,True,9C,B1,SDC
3320,23,A0,0,4,0,B6,A6,True,9C,2A,SDC
3321,23,A0,0,4,1,B6,B6,False,9C,9C,Not activated
3322,23,A0,0,5,0,B6,96,True,9C,2E,SDC
3323,23,A0,0,5,1,B6,B6,False,9C,9C,Not activated
3324,23,A0,0,6,0,B6,B6,False,9C,9C,Not activated
3325,23,A0,0,6,1,B6,F6,True,9C,F0,SDC
3326,23,A0,0,7,0,B6,36,True,9C,37,SDC
3327,23,A0,0,7,1,B6,B6,False,9C,9C,Not activated
3328,23,A1,1,0,0,A7,A6,True,9C,9C,Masked
3329,23,A1,1,0,1,A7,A7,False,9C,9C,Not activated
3330,23,A1,1,1,0,A7,A5,True,9C,9C,Masked
3331,23,A1,1,1,1,A7,A7,False,9C,9C,Not activated
3332,23,A1,1,2,0,A7,A3,True,9C,9C,Masked
3333,23,A1,1,2,1,A7,A7,False,9C,9C,Not activated
3334,23,A1,1,3,0,A7,A7,False,9C,9C,Not activated
3335,23,A1,1,3,1,A7,AF,True,9C,90,SDC
3336,23,A1,1,4,0,A7,A7,False,9C,9C,Not activated
3337,23,A1,1,4,1,A7,B7,True,9C,90,SDC
3338,23,A1,1,5,0,A7,87,True,9C,9C,Masked
3339,23,A1,1,5,1,A7,A7,False,9C,9C,Not activated
3340,23,A1,1,6,0,A7,A7,False,9C,9C,Not activated
3341,23,A1,1,6,1,A7,E7,True,9C,4B,SDC
3342,23,A1,1,7,0,A7,27,True,9C,A0,SDC
3343,23,A1,1,7,1,A7,A7,False,9C,9C,Not activated
3344,23,A2,2,0,0,38,38,False,9C,9C,Not activated
3345,23,A2,2,0,1,38,39,True,9C,A0,SDC
3346,23,A2,2,1,0,38,38,False,9C,9C,Not activated
3347,23,A2,2,1,1,38,3A,True,9C,A0,SDC
3348,23,A2,2,2,0,38,38,False,9C,9C,Not activated
3349,23,A2,2,2,1,38,3C,True,9C,A4,SDC
3350,23,A2,2,3,0,38,30,True,9C,81,SDC
3351,23,A2,2,3,1,38,38,False,9C,9C,Not activated
3352,23,A2,2,4,0,38,28,True,9C,0F,SDC
3353,23,A2,2,4,1,38,38,False,9C,9C,Not activated
3354,23,A2,2,5,0,38,18,True,9C,18,SDC
3355,23,A2,2,5,1,38,38,False,9C,9C,Not activated
3356,23,A2,2,6,0,38,38,False,9C,9C,Not activated
3357,23,A2,2,6,1,38,78,True,9C,F8,SDC
3358,23,A2,2,7,0,38,38,False,9C,9C,Not activated
3359,23,A2,2,7,1,38,B8,True,9C,24,SDC
3360,23,A3,3,0,0,AF,AE,True,9C,98,SDC
3361,23,A3,3,0,1,AF,AF,False,9C,9C,Not activated
3362,23,A3,3,1,0,AF,AD,True,9C,92,SDC
3363,23,A3,3,1,1,AF,AF,False,9C,9C,Not activated
3364,23,A3,3,2,0,AF,AB,True,9C,0B,SDC
3365,23,A3,3,2,1,AF,AF,False,9C,9C,Not activated
3366,23,A3,3,3,0,AF,A7,True,9C,20,SDC
3367,23,A3,3,3,1,AF,AF,False,9C,9C,Not activated
3368,23,A3,3,4,0,AF,AF,False,9C,9C,Not activated
3369,23,A3,3,4,1,AF,BF,True,9C,BB,SDC
3370,23,A3,3,5,0,AF,8F,True,9C,2A,SDC
3371,23,A3,3,5,1,AF,AF,False,9C,9C,Not activated
3372,23,A3,3,6,0,AF,AF,False,9C,9C,Not activated
3373,23,A3,3,6,1,AF,EF,True,9C,EE,SDC
3374,23,A3,3,7,0,AF,2F,True,9C,35,SDC
3375,23,A3,3,7,1,AF,AF,False,9C,9C,Not activated
3376,23,B0,4,0,0,31,30,True,9C,90,SDC
3377,23,B0,4,0,1,31,31,False,9C,9C,Not activated
3378,23,B0,4,1,0,31,31,False,9C,9C,Not activated
3379,23,B0,4,1,1,31,33,True,9C,A2,SDC
3380,23,B0,4,2,0,31,31,False,9C,9C,Not activated
3381,23,B0,4,2,1,31,35,True,9C,A9,SDC
3382,23,B0,4,3,0,31,31,False,9C,9C,Not activated
3383,23,B0,4,3,1,31,39,True,9C,B1,SDC
3384,23,B0,4,4,0,31,21,True,9C,2A,SDC
3385,23,B0,4,4,1,31,31,False,9C,9C,Not activated
3386,23,B0,4,5,0,31,11,True,9C,2E,SDC
3387,23,B0,4,5,1,31,31,False,9C,9C,Not activated
3388,23,B0,4,6,0,31,31,False,9C,9C,Not activated
3389,23,B0,4,6,1,31,71,True,9C,F0,SDC
3390,23,B0,4,7,0,31,31,False,9C,9C,Not activated
3391,23,B0,4,7,1,31,B1,True,9C,37,SDC
3392,23,B1,5,0,0,9C,9C,False,9C,9C,Not activated
3393,23,B1,5,0,1,9C,9D,True,9C,9C,Masked
3394,23,B1,5,1,0,9C,9C,False,9C,9C,Not activated
3395,23,B1,5,1,1,9C,9E,True,9C,9C,Masked
3396,23,B1,5,2,0,9C,98,True,9C,9C,Masked
3397,23,B1,5,2,1,9C,9C,False,9C,9C,Not activated
3398,23,B1,5,3,0,9C,94,True,9C,9C,Masked
3399,23,B1,5,3,1,9C,9C,False,9C,9C,Not activated
3400,23,B1,5,4,0,9C,8C,True,9C,9C,Masked
3401,23,B1,5,4,1,9C,9C,False,9C,9C,Not activated
3402,23,B1,5,5,0,9C,9C,False,9C,9C,Not activated
3403,23,B1,5,5,1,9C,BC,True,9C,2A,SDC
3404,23,B1,5,6,0,9C,9C,False,9C,9C,Not activated
3405,23,B1,5,6,1,9C,DC,True,9C,4B,SDC
3406,23,B1,5,7,0,9C,1C,True,9C,A0,SDC
3407,23,B1,5,7,1,9C,9C,False,9C,9C,Not activated
3408,23,B2,6,0,0,A2,A2,False,9C,9C,Not activated
3409,23,B2,6,0,1,A2,A3,True,9C,A0,SDC
3410,23,B2,6,1,0,A2,A0,True,9C,98,SDC
3411,23,B2,6,1,1,A2,A2,False,9C,9C,Not activated
3412,23,B2,6,2,0,A2,A2,False,9C,9C,Not activated
3413,23,B2,6,2,1,A2,A6,True,9C,A2,SDC
3414,23,B2,6,3,0,A2,A2,False,9C,9C,Not activated
3415,23,B2,6,3,1,A2,AA,True,9C,A8,SDC
3416,23,B2,6,4,0,A2,A2,False,9C,9C,Not activated
3417,23,B2,6,4,1,A2,B2,True,9C,B1,SDC
3418,23,B2,6,5,0,A2,82,True,9C,18,SDC
3419,23,B2,6,5,1,A2,A2,False,9C,9C,Not activated
3420,23,B2,6,6,0,A2,A2,False,9C,9C,Not activated
3421,23,B2,6,6,1,A2,E2,True,9C,E2,SDC
3422,23,B2,6,7,0,A2,22,True,9C,24,SDC
3423,23,B2,6,7,1,A2,A2,False,9C,9C,Not activated
3424,23,B3,7,0,0,37,36,True,9C,98,SDC
3425,23,B3,7,0,1,37,37,False,9C,9C,Not activated
3426,23,B3,7,1,0,37,35,True,9C,92,SDC
3427,23,B3,7,1,1,37,37,False,9C,9C,Not activated
3428,23,B3,7,2,0,37,33,True,9C,0B,SDC
3429,23,B3,7,2,1,37,37,False,9C,9C,Not activated
3430,23,B3,7,3,0,37,37,False,9C,9C,Not activated
3431,23,B3,7,3,1,37,3F,True,9C,B1,SDC
3432,23,B3,7,4,0,37,27,True,9C,27,SDC
3433,23,B3,7,4,1,37,37,False,9C,9C,Not activated
3434,23,B3,7,5,0,37,17,True,9C,2A,SDC
3435,23,B3,7,5,1,37,37,False,9C,9C,Not activated
3436,23,B3,7,6,0,37,37,False,9C,9C,Not activated
3437,23,B3,7,6,1,37,77,True,9C,EE,SDC
3438,23,B3,7,7,0,37,37,False,9C,9C,Not activated
3439,23,B3,7,7,1,37,B7,True,9C,35,SDC
3440,23,C0,8,0,0,38,38,False,9C,9C,Not activated
3441,23,C0,8,0,1,38,39,True,9C,0F,SDC
3442,23,C0,8,1,0,38,38,False,9C,9C,Not activated
3443,23,C0,8,1,1,38,3A,True,9C,24,SDC
3444,23,C0,8,2,0,38,38,False,9C,9C,Not activated
3445,23,C0,8,2,1,38,3C,True,9C,2E,SDC
3446,23,C0,8,3,0,38,30,True,9C,B1,SDC
3447,23,C0,8,3,1,38,38,False,9C,9C,Not activated
3448,23,C0,8,4,0,38,28,True,9C,B5,SDC
3449,23,C0,8,4,1,38,38,False,9C,9C,Not activated
3450,23,C0,8,5,0,38,18,True,9C,B8,SDC
3451,23,C0,8,5,1,38,38,False,9C,9C,Not activated
3452,23,C0,8,6,0,38,38,False,9C,9C,Not activated
3453,23,C0,8,6,1,38,78,True,9C,78,SDC
3454,23,C0,8,7,0,38,38,False,9C,9C,Not activated
3455,23,C0,8,7,1,38,B8,True,9C,C0,SDC
3456,24,A0,0,0,0,1E,1E,False,B7,B7,Not activated
3457,24,A0,0,0,1,1E,1F,True,B7,B7,Masked
3458,24,A0,0,1,0,1E,1C,True,B7,B8,SDC
3459,24,A0,0,1,1,1E,1E,False,B7,B7,Not activated
3460,24,A0,0,2,0,1E,1A,True,B7,B8,SDC
3461,24,A0,0,2,1,1E,1E,False,B7,B7,Not activated
3462,24,A0,0,3,0,1E,16,True,B7,B8,SDC
3463,24,A0,0,3,1,1E,1E,False,B7,B7,Not activated
3464,24,A0,0,4,0,1E,0E,True,B7,B9,SDC
3465,24,A0,0,4,1,1E,1E,False,B7,B7,Not activated
3466,24,A0,0,5,0,1E,1E,False,B7,B7,Not activated
3467,24,A0,0,5,1,1E,3E,True,B7,31,SDC
3468,24,A0,0,6,0,1E,1E,False,B7,B7,Not activated
3469,24,A0,0,6,1,1E,5E,True,B7,5D,SDC
3470,24,A0,0,7,0,1E,1E,False,B7,B7,Not activated
3471,24,A0,0,7,1,1E,9E,True,B7,BA,SDC
3472,24,A1,1,0,0,2E,2E,False,B7,B7,Not activated
3473,24,A1,1,0,1,2E,2F,True,B7,B7,Masked
3474,24,A1,1,1,0,2E,2C,True,B7,B7,Masked
3475,24,A1,1,1,1,2E,2E,False,B7,B7,Not activated
3476,24,A1,1,2,0,2E,2A,True,B7,B7,Masked
3477,24,A1,1,2,1,2E,2E,False,B7,B7,Not activated
3478,24,A1,1,3,0,2E,26,True,B7,B7,Masked
3479,24,A1,1,3,1,2E,2E,False,B7,B7,Not activated
3480,24,A1,1,4,0,2E,2E,False,B7,B7,Not activated
3481,24,A1,1,4,1,2E,3E,True,B7,B3,SDC
3482,24,A1,1,5,0,2E,0E,True,B7,B8,SDC
3483,24,A1,1,5,1,2E,2E,False,B7,B7,Not activated
3484,24,A1,1,6,0,2E,2E,False,B7,B7,Not activated
3485,24,A1,1,6,1,2E,6E,True,B7,58,SDC
3486,24,A1,1,7,0,2E,2E,False,B7,B7,Not activated
3487,24,A1,1,7,1,2E,AE,True,B7,B9,SDC
3488,24,A2,2,0,0,B3,B2,True,B7,B7,Masked
3489,24,A2,2,0,1,B3,B3,False,B7,B7,Not activated
3490,24,A2,2,1,0,B3,B1,True,B7,B7,Masked
3491,24,A2,2,1,1,B3,B3,False,B7,B7,Not activated
3492,24,A2,2,2,0,B3,B3,False,B7,B7,Not activated
3493,24,A2,2,2,1,B3,B7,True,B7,B7,Masked
3494,24,A2,2,3,0,B3,B3,False,B7,B7,Not activated
3495,24,A2,2,3,1,B3,BB,True,B7,B8,SDC
3496,24,A2,2,4,0,B3,A3,True,B7,B6,SDC
3497,24,A2,2,4,1,B3,B3,False,B7,B7,Not activated
3498,24,A2,2,5,0,B3,93,True,B7,B6,SDC
3499,24,A2,2,5,1,B3,B3,False,B7,B7,Not activated
3500,24,A2,2,6,0,B3,B3,False,B7,B7,Not activated
3501,24,A2,2,6,1,B3,F3,True,B7,D8,SDC
3502,24,A2,2,7,0,B3,33,True,B7,B5,SDC
3503,24,A2,2,7,1,B3,B3,False,B7,B7,Not activated
3504,24,A3,3,0,0,AD,AC,True,B7,B7,Masked
3505,24,A3,3,0,1,AD,AD,False,B7,B7,Not activated
3506,24,A3,3,1,0,AD,AD,False,B7,B7,Not activated
3507,24,A3,3,1,1,AD,AF,True,B7,B8,SDC
3508,24,A3,3,2,0,AD,A9,True,B7,B6,SDC
3509,24,A3,3,2,1,AD,AD,False,B7,B7,Not activated
3510,24,A3,3,3,0,AD,A5,True,B7,B6,SDC
3511,24,A3,3,3,1,AD,AD,False,B7,B7,Not activated
3512,24,A3,3,4,0,AD,AD,False,B7,B7,Not activated
3513,24,A3,3,4,1,AD,BD,True,B7,BC,SDC
3514,24,A3,3,5,0,AD,8D,True,B7,B4,SDC
3515,24,A3,3,5,1,AD,AD,False,B7,B7,Not activated
3516,24,A3,3,6,0,AD,AD,False,B7,B7,Not activated
3517,24,A3,3,6,1,AD,ED,True,B7,E5,SDC
3518,24,A3,3,7,0,AD,2D,True,B7,B1,SDC
3519,24,A3,3,7,1,AD,AD,False,B7,B7,Not activated
3520,24,B0,4,0,0,37,36,True,B7,B7,Masked
3521,24,B0,4,0,1,37,37,False,B7,B7,Not activated
3522,24,B0,4,1,0,37,35,True,B7,B8,SDC
3523,24,B0,4,1,1,37,37,False,B7,B7,Not activated
3524,24,B0,4,2,0,37,33,True,B7,B8,SDC
3525,24,B0,4,2,1,37,37,False,B7,B7,Not activated
3526,24,B0,4,3,0,37,37,False,B7,B7,Not activated
3527,24,B0,4,3,1,37,3F,True,B7,B6,SDC
3528,24,B0,4,4,0,37,27,True,B7,B9,SDC
3529,24,B0,4,4,1,37,37,False,B7,B7,Not activated
3530,24,B0,4,5,0,37,17,True,B7,B9,SDC
3531,24,B0,4,5,1,37,37,False,B7,B7,Not activated
3532,24,B0,4,6,0,37,37,False,B7,B7,Not activated
3533,24,B0,4,6,1,37,77,True,B7,5D,SDC
3534,24,B0,4,7,0,37,37,False,B7,B7,Not activated
3535,24,B0,4,7,1,37,B7,True,B7,BA,SDC
3536,24,B1,5,0,0,22,22,False,B7,B7,Not activated
3537,24,B1,5,0,1,22,23,True,B7,B7,Masked
3538,24,B1,5,1,0,22,20,True,B7,B7,Masked
3539,24,B1,5,1,1,22,22,False,B7,B7,Not activated
3540,24,B1,5,2,0,22,22,False,B7,B7,Not activated
3541,24,B1,5,2,1,22,26,True,B7,B6,SDC
3542,24,B1,5,3,0,22,22,False,B7,B7,Not activated
3543,24,B1,5,3,1,22,2A,True,B7,B6,SDC
3544,24,B1,5,4,0,22,22,False,B7,B7,Not activated
3545,24,B1,5,4,1,22,32,True,B7,B3,SDC
3546,24,B1,5,5,0,22,02,True,B7,B8,SDC
3547,24,B1,5,5,1,22,22,False,B7,B7,Not activated
3548,24,B1,5,6,0,22,22,False,B7,B7,Not activated
3549,24,B1,5,6,1,22,62,True,B7,58,SDC
3550,24,B1,5,7,0,22,22,False,B7,B7,Not activated
3551,24,B1,5,7,1,22,A2,True,B7,B9,SDC
3552,24,B2,6,0,0,1B,1A,True,B7,B7,Masked
3553,24,B2,6,0,1,1B,1B,False,B7,B7,Not activated
3554,24,B2,6,1,0,1B,19,True,B7,B7,Masked
3555,24,B2,6,1,1,1B,1B,False,B7,B7,Not activated
3556,24,B2,6,2,0,1B,1B,False,B7,B7,Not activated
3557,24,B2,6,2,1,1B,1F,True,B7,B7,Masked
3558,24,B2,6,3,0,1B,13,True,B7,B6,SDC
3559,24,B2,6,3,1,1B,1B,False,B7,B7,Not activated
3560,24,B2,6,4,0,1B,0B,True,B7,B6,SDC
3561,24,B2,6,4,1,1B,1B,False,B7,B7,Not activated
3562,24,B2,6,5,0,1B,1B,False,B7,B7,Not activated
3563,24,B2,6,5,1,1B,3B,True,B7,BF,SDC
3564,24,B2,6,6,0,1B,1B,False,B7,B7,Not activated
3565,24,B2,6,6,1,1B,5B,True,B7,D8,SDC
3566,24,B2,6,7,0,1B,1B,False,B7,B7,Not activated
3567,24,B2,6,7,1,1B,9B,True,B7,B5,SDC
3568,24,B3,7,0,0,30,30,False,B7,B7,Not activated
3569,24,B3,7,0,1,30,31,True,B7,B8,SDC
3570,24,B3,7,1,0,30,30,False,B7,B7,Not activated
3571,24,B3,7,1,1,30,32,True,B7,B8,SDC
3572,24,B3,7,2,0,30,30,False,B7,B7,Not activated
3573,24,B3,7,2,1,30,34,True,B7,B8,SDC
3574,24,B3,7,3,0,30,30,False,B7,B7,Not activated
3575,24,B3,7,3,1,30,38,True,B7,B9,SDC
3576,24,B3,7,4,0,30,20,True,B7,B5,SDC
3577,24,B3,7,4,1,30,30,False,B7,B7,Not activated
3578,24,B3,7,5,0,30,10,True,B7,B4,SDC
3579,24,B3,7,5,1,30,30,False,B7,B7,Not activated
3580,24,B3,7,6,0,30,30,False,B7,B7,Not activated
3581,24,B3,7,6,1,30,70,True,B7,E5,SDC
3582,24,B3,7,7,0,30,30,False,B7,B7,Not activated
3583,24,B3,7,7,1,30,B0,True,B7,B1,SDC
3584,24,C0,8,0,0,B6,B6,False,B7,B7,Not activated
3585,24,C0,8,0,1,B6,B7,True,B7,B8,SDC
3586,24,C0,8,1,0,B6,B4,True,B7,B5,SDC
3587,24,C0,8,1,1,B6,B6,False,B7,B7,Not activated
3588,24,C0,8,2,0,B6,B2,True,B7,B3,SDC
3589,24,C0,8,2,1,B6,B6,False,B7,B7,Not activated
3590,24,C0,8,3,0,B6,B6,False,B7,B7,Not activated
3591,24,C0,8,3,1,B6,BE,True,B7,BE,SDC
3592,24,C0,8,4,0,B6,A6,True,B7,AA,SDC
3593,24,C0,8,4,1,B6,B6,False,B7,B7,Not activated
3594,24,C0,8,5,0,B6,96,True,B7,A1,SDC
3595,24,C0,8,5,1,B6,B6,False,B7,B7,Not activated
3596,24,C0,8,6,0,B6,B6,False,B7,B7,Not activated
3597,24,C0,8,6,1,B6,F6,True,B7,F6,SDC
3598,24,C0,8,7,0,B6,36,True,B7,37,SDC
3599,24,C0,8,7,1,B6,B6,False,B7,B7,Not activated
3600,25,A0,0,0,0,23,22,True,97,97,Masked
3601,25,A0,0,0,1,23,23,False,97,97,Not activated
3602,25,A0,0,1,0,23,21,True,97,9C,SDC
3603,25,A0,0,1,1,23,23,False,97,97,Not activated
3604,25,A0,0,2,0,23,23,False,97,97,Not activated
3605,25,A0,0,2,1,23,27,True,97,82,SDC
3606,25,A0,0,3,0,23,23,False,97,97,Not activated
3607,25,A0,0,3,1,23,2B,True,97,20,SDC
3608,25,A0,0,4,0,23,23,False,97,97,Not activated
3609,25,A0,0,4,1,23,33,True,97,2E,SDC
3610,25,A0,0,5,0,23,03,True,97,A6,SDC
3611,25,A0,0,5,1,23,23,False,97,97,Not activated
3612,25,A0,0,6,0,23,23,False,97,97,Not activated
3613,25,A0,0,6,1,23,63,True,97,62,SDC
3614,25,A0,0,7,0,23,23,False,97,97,Not activated
3615,25,A0,0,7,1,23,A3,True,97,AC,SDC
3616,25,A1,1,0,0,03,02,True,97,97,Masked
3617,25,A1,1,0,1,03,03,False,97,97,Not activated
3618,25,A1,1,1,0,03,01,True,97,97,Masked
3619,25,A1,1,1,1,03,03,False,97,97,Not activated
3620,25,A1,1,2,0,03,03,False,97,97,Not activated
3621,25,A1,1,2,1,03,07,True,97,97,Masked
3622,25,A1,1,3,0,03,03,False,97,97,Not activated
3623,25,A1,1,3,1,03,0B,True,97,9C,SDC
3624,25,A1,1,4,0,03,03,False,97,97,Not activated
3625,25,A1,1,4,1,03,13,True,97,9C,SDC
3626,25,A1,1,5,0,03,03,False,97,97,Not activated
3627,25,A1,1,5,1,03,23,True,97,A4,SDC
3628,25,A1,1,6,0,03,03,False,97,97,Not activated
3629,25,A1,1,6,1,03,43,True,97,C2,SDC
3630,25,A1,1,7,0,03,03,False,97,97,Not activated
3631,25,A1,1,7,1,03,83,True,97,97,Masked
3632,25,A2,2,0,0,33,32,True,97,8A,SDC
3633,25,A2,2,0,1,33,33,False,97,97,Not activated
3634,25,A2,2,1,0,33,31,True,97,0E,SDC
3635,25,A2,2,1,1,33,33,False,97,97,Not activated
3636,25,A2,2,2,0,33,33,False,97,97,Not activated
3637,25,A2,2,2,1,33,37,True,97,A6,SDC
3638,25,A2,2,3,0,33,33,False,97,97,Not activated
3639,25,A2,2,3,1,33,3B,True,97,B0,SDC
3640,25,A2,2,4,0,33,23,True,97,29,SDC
3641,25,A2,2,4,1,33,33,False,97,97,Not activated
3642,25,A2,2,5,0,33,13,True,97,2B,SDC
3643,25,A2,2,5,1,33,33,False,97,97,Not activated
3644,25,A2,2,6,0,33,33,False,97,97,Not activated
3645,25,A2,2,6,1,33,73,True,97,EE,SDC
3646,25,A2,2,7,0,33,33,False,97,97,Not activated
3647,25,A2,2,7,1,33,B3,True,97,35,SDC
3648,25,A3,3,0,0,B3,B2,True,97,94,SDC
3649,25,A3,3,0,1,B3,B3,False,97,97,Not activated
3650,25,A3,3,1,0,B3,B1,True,97,91,SDC
3651,25,A3,3,1,1,B3,B3,False,97,97,Not activated
3652,25,A3,3,2,0,B3,B3,False,97,97,Not activated
3653,25,A3,3,2,1,B3,B7,True,97,9E,SDC
3654,25,A3,3,3,0,B3,B3,False,97,97,Not activated
3655,25,A3,3,3,1,B3,BB,True,97,A4,SDC
3656,25,A3,3,4,0,B3,A3,True,97,12,SDC
3657,25,A3,3,4,1,B3,B3,False,97,97,Not activated
3658,25,A3,3,5,0,B3,93,True,97,18,SDC
3659,25,A3,3,5,1,B3,B3,False,97,97,Not activated
3660,25,A3,3,6,0,B3,B3,False,97,97,Not activated
3661,25,A3,3,6,1,B3,F3,True,97,E0,SDC
3662,25,A3,3,7,0,B3,33,True,97,25,SDC
3663,25,A3,3,7,1,B3,B3,False,97,97,Not activated
3664,25,B0,4,0,0,37,36,True,97,97,Masked
3665,25,B0,4,0,1,37,37,False,97,97,Not activated
3666,25,B0,4,1,0,37,35,True,97,9C,SDC
3667,25,B0,4,1,1,37,37,False,97,97,Not activated
3668,25,B0,4,2,0,37,33,True,97,9C,SDC
3669,25,B0,4,2,1,37,37,False,97,97,Not activated
3670,25,B0,4,3,0,37,37,False,97,97,Not activated
3671,25,B0,4,3,1,37,3F,True,97,20,SDC
3672,25,B0,4,4,0,37,27,True,97,A4,SDC
3673,25,B0,4,4,1,37,37,False,97,97,Not activated
3674,25,B0,4,5,0,37,17,True,97,A6,SDC
3675,25,B0,4,5,1,37,37,False,97,97,Not activated
3676,25,B0,4,6,0,37,37,False,97,97,Not activated
3677,25,B0,4,6,1,37,77,True,97,62,SDC
3678,25,B0,4,7,0,37,37,False,97,97,Not activated
3679,25,B0,4,7,1,37,B7,True,97,AC,SDC
3680,25,B1,5,0,0,B5,B4,True,97,97,Masked
3681,25,B1,5,0,1,B5,B5,False,97,97,Not activated
3682,25,B1,5,1,0,B5,B5,False,97,97,Not activated
3683,25,B1,5,1,1,B5,B7,True,97,97,Masked
3684,25,B1,5,2,0,B5,B1,True,97,97,Masked
3685,25,B1,5,2,1,B5,B5,False,97,97,Not activated
3686,25,B1,5,3,0,B5,B5,False,97,97,Not activated
3687,25,B1,5,3,1,B5,BD,True,97,97,Masked
3688,25,B1,5,4,0,B5,A5,True,97,97,Masked
3689,25,B1,5,4,1,B5,B5,False,97,97,Not activated
3690,25,B1,5,5,0,B5,95,True,97,97,Masked
3691,25,B1,5,5,1,B5,B5,False,97,97,Not activated
3692,25,B1,5,6,0,B5,B5,False,97,97,Not activated
3693,25,B1,5,6,1,B5,F5,True,97,BA,SDC
3694,25,B1,5,7,0,B5,35,True,97,97,Masked
3695,25,B1,5,7,1,B5,B5,False,97,97,Not activated
3696,25,B2,6,0,0,B2,B2,False,97,97,Not activated
3697,25,B2,6,0,1,B2,B3,True,97,9D,SDC
3698,25,B2,6,1,0,B2,B0,True,97,0E,SDC
3699,25,B2,6,1,1,B2,B2,False,97,97,Not activated
3700,25,B2,6,2,0,B2,B2,False,97,97,Not activated
3701,25,B2,6,2,1,B2,B6,True,97,A7,SDC
3702,25,B2,6,3,0,B2,B2,False,97,97,Not activated
3703,25,B2,6,3,1,B2,BA,True,97,B0,SDC
3704,25,B2,6,4,0,B2,A2,True,97,29,SDC
3705,25,B2,6,4,1,B2,B2,False,97,97,Not activated
3706,25,B2,6,5,0,B2,92,True,97,2B,SDC
3707,25,B2,6,5,1,B2,B2,False,97,97,Not activated
3708,25,B2,6,6,0,B2,B2,False,97,97,Not activated
3709,25,B2,6,6,1,B2,F2,True,97,EE,SDC
3710,25,B2,6,7,0,B2,32,True,97,35,SDC
3711,25,B2,6,7,1,B2,B2,False,97,97,Not activated
3712,25,B3,7,0,0,24,24,False,97,97,Not activated
3713,25,B3,7,0,1,24,25,True,97,99,SDC
3714,25,B3,7,1,0,24,24,False,97,97,Not activated
3715,25,B3,7,1,1,24,26,True,97,9A,SDC
3716,25,B3,7,2,0,24,20,True,97,88,SDC
3717,25,B3,7,2,1,24,24,False,97,97,Not activated
3718,25,B3,7,3,0,24,24,False,97,97,Not activated
3719,25,B3,7,3,1,24,2C,True,97,A4,SDC
3720,25,B3,7,4,0,24,24,False,97,97,Not activated
3721,25,B3,7,4,1,24,34,True,97,AE,SDC
3722,25,B3,7,5,0,24,04,True,97,18,SDC
3723,25,B3,7,5,1,24,24,False,97,97,Not activated
3724,25,B3,7,6,0,24,24,False,97,97,Not activated
3725,25,B3,7,6,1,24,64,True,97,E0,SDC
3726,25,B3,7,7,0,24,24,False,97,97,Not activated
3727,25,B3,7,7,1,24,A4,True,97,25,SDC
3728,25,C0,8,0,0,2B,2A,True,97,9C,SDC
3729,25,C0,8,0,1,2B,2B,False,97,97,Not activated
3730,25,C0,8,1,0,2B,29,True,97,A0,SDC
3731,25,C0,8,1,1,2B,2B,False,97,97,Not activated
3732,25,C0,8,2,0,2B,2B,False,97,97,Not activated
3733,25,C0,8,2,1,2B,2F,True,97,17,SDC
3734,25,C0,8,3,0,2B,23,True,97,A6,SDC
3735,25,C0,8,3,1,2B,2B,False,97,97,Not activated
3736,25,C0,8,4,0,2B,2B,False,97,97,Not activated
3737,25,C0,8,4,1,2B,3B,True,97,38,SDC
3738,25,C0,8,5,0,2B,0B,True,97,AC,SDC
3739,25,C0,8,5,1,2B,2B,False,97,97,Not activated
3740,25,C0,8,6,0,2B,2B,False,97,97,Not activated
3741,25,C0,8,6,1,2B,6B,True,97,6B,SDC
3742,25,C0,8,7,0,2B,2B,False,97,97,Not activated
3743,25,C0,8,7,1,2B,AB,True,97,B4,SDC
3744,26,A0,0,0,0,B0,B0,False,AE,AE,Not activated
3745,26,A0,0,0,1,B0,B1,True,AE,AE,Masked
3746,26,A0,0,1,0,B0,B0,False,AE,AE,Not activated
3747,26,A0,0,1,1,B0,B2,True,AE,AF,SDC
3748,26,A0,0,2,0,B0,B0,False,AE,AE,Not activated
3749,26,A0,0,2,1,B0,B4,True,AE,B0,SDC
3750,26,A0,0,3,0,B0,B0,False,AE,AE,Not activated
3751,26,A0,0,3,1,B0,B8,True,AE,B0,SDC
3752,26,A0,0,4,0,B0,A0,True,AE,AC,SDC
3753,26,A0,0,4,1,B0,B0,False,AE,AE,Not activated
3754,26,A0,0,5,0,B0,90,True,AE,AB,SDC
3755,26,A0,0,5,1,B0,B0,False,AE,AE,Not activated
3756,26,A0,0,6,0,B0,B0,False,AE,AE,Not activated
3757,26,A0,0,6,1,B0,F0,True,AE,DC,SDC
3758,26,A0,0,7,0,B0,30,True,AE,A8,SDC
3759,26,A0,0,7,1,B0,B0,False,AE,AE,Not activated
3760,26,A1,1,0,0,B4,B4,False,AE,AE,Not activated
3761,26,A1,1,0,1,B4,B5,True,AE,AE,Masked
3762,26,A1,1,1,0,B4,B4,False,AE,AE,Not activated
3763,26,A1,1,1,1,B4,B6,True,AE,AF,SDC
3764,26,A1,1,2,0,B4,B0,True,AE,AC,SDC
3765,26,A1,1,2,1,B4,B4,False,AE,AE,Not activated
3766,26,A1,1,3,0,B4,B4,False,AE,AE,Not activated
3767,26,A1,1,3,1,B4,BC,True,AE,B1,SDC
3768,26,A1,1,4,0,B4,A4,True,AE,AA,SDC
3769,26,A1,1,4,1,B4,B4,False,AE,AE,Not activated
3770,26,A1,1,5,0,B4,94,True,AE,A8,SDC
3771,26,A1,1,5,1,B4,B4,False,AE,AE,Not activated
3772,26,A1,1,6,0,B4,B4,False,AE,AE,Not activated
3773,26,A1,1,6,1,B4,F4,True,AE,E3,SDC
3774,26,A1,1,7,0,B4,34,True,AE,9A,SDC
3775,26,A1,1,7,1,B4,B4,False,AE,AE,Not activated
3776,26,A2,2,0,0,34,34,False,AE,AE,Not activated
3777,26,A2,2,0,1,34,35,True,AE,AE,Masked
3778,26,A2,2,1,0,34,34,False,AE,AE,Not activated
3779,26,A2,2,1,1,34,36,True,AE,AE,Masked
3780,26,A2,2,2,0,34,30,True,AE,AD,SDC
3781,26,A2,2,2,1,34,34,False,AE,AE,Not activated
3782,26,A2,2,3,0,34,34,False,AE,AE,Not activated
3783,26,A2,2,3,1,34,3C,True,AE,B0,SDC
3784,26,A2,2,4,0,34,24,True,AE,AB,SDC
3785,26,A2,2,4,1,34,34,False,AE,AE,Not activated
3786,26,A2,2,5,0,34,14,True,AE,AA,SDC
3787,26,A2,2,5,1,34,34,False,AE,AE,Not activated
3788,26,A2,2,6,0,34,34,False,AE,AE,Not activated
3789,26,A2,2,6,1,34,74,True,AE,DF,SDC
3790,26,A2,2,7,0,34,34,False,AE,AE,Not activated
3791,26,A2,2,7,1,34,B4,True,AE,A4,SDC
3792,26,A3,3,0,0,B0,B0,False,AE,AE,Not activated
3793,26,A3,3,0,1,B0,B1,True,AE,AE,Masked
3794,26,A3,3,1,0,B0,B0,False,AE,AE,Not activated
3795,26,A3,3,1,1,B0,B2,True,AE,AE,Masked
3796,26,A3,3,2,0,B0,B0,False,AE,AE,Not activated
3797,26,A3,3,2,1,B0,B4,True,AE,AF,SDC
3798,26,A3,3,3,0,B0,B0,False,AE,AE,Not activated
3799,26,A3,3,3,1,B0,B8,True,AE,B0,SDC
3800,26,A3,3,4,0,B0,A0,True,AE,AC,SDC
3801,26,A3,3,4,1,B0,B0,False,AE,AE,Not activated
3802,26,A3,3,5,0,B0,90,True,AE,AB,SDC
3803,26,A3,3,5,1,B0,B0,False,AE,AE,Not activated
3804,26,A3,3,6,0,B0,B0,False,AE,AE,Not activated
3805,26,A3,3,6,1,B0,F0,True,AE,DB,SDC
3806,26,A3,3,7,0,B0,30,True,AE,A8,SDC
3807,26,A3,3,7,1,B0,B0,False,AE,AE,Not activated
3808,26,B0,4,0,0,24,24,False,AE,AE,Not activated
3809,26,B0,4,0,1,24,25,True,AE,AE,Masked
3810,26,B0,4,1,0,24,24,False,AE,AE,Not activated
3811,26,B0,4,1,1,24,26,True,AE,AE,Masked
3812,26,B0,4,2,0,24,20,True,AE,AD,SDC
3813,26,B0,4,2,1,24,24,False,AE,AE,Not activated
3814,26,B0,4,3,0,24,24,False,AE,AE,Not activated
3815,26,B0,4,3,1,24,2C,True,AE,B0,SDC
3816,26,B0,4,4,0,24,24,False,AE,AE,Not activated
3817,26,B0,4,4,1,24,34,True,AE,B3,SDC
3818,26,B0,4,5,0,24,04,True,AE,AB,SDC
3819,26,B0,4,5,1,24,24,False,AE,AE,Not activated
3820,26,B0,4,6,0,24,24,False,AE,AE,Not activated
3821,26,B0,4,6,1,24,64,True,AE,DC,SDC
3822,26,B0,4,7,0,24,24,False,AE,AE,Not activated
3823,26,B0,4,7,1,24,A4,True,AE,A8,SDC
3824,26,B1,5,0,0,27,26,True,AE,AE,Masked
3825,26,B1,5,0,1,27,27,False,AE,AE,Not activated
3826,26,B1,5,1,0,27,25,True,AE,AD,SDC
3827,26,B1,5,1,1,27,27,False,AE,AE,Not activated
3828,26,B1,5,2,0,27,23,True,AE,AC,SDC
3829,26,B1,5,2,1,27,27,False,AE,AE,Not activated
3830,26,B1,5,3,0,27,27,False,AE,AE,Not activated
3831,26,B1,5,3,1,27,2F,True,AE,B1,SDC
3832,26,B1,5,4,0,27,27,False,AE,AE,Not activated
3833,26,B1,5,4,1,27,37,True,AE,B7,SDC
3834,26,B1,5,5,0,27,07,True,AE,A8,SDC
3835,26,B1,5,5,1,27,27,False,AE,AE,Not activated
3836,26,B1,5,6,0,27,27,False,AE,AE,Not activated
3837,26,B1,5,6,1,27,67,True,AE,E3,SDC
3838,26,B1,5,7,0,27,27,False,AE,AE,Not activated
3839,26,B1,5,7,1,27,A7,True,AE,9A,SDC
3840,26,B2,6,0,0,A2,A2,False,AE,AE,Not activated
3841,26,B2,6,0,1,A2,A3,True,AE,AE,Masked
3842,26,B2,6,1,0,A2,A0,True,AE,AD,SDC
3843,26,B2,6,1,1,A2,A2,False,AE,AE,Not activated
3844,26,B2,6,2,0,A2,A2,False,AE,AE,Not activated
3845,26,B2,6,2,1,A2,A6,True,AE,AF,SDC
3846,26,B2,6,3,0,A2,A2,False,AE,AE,Not activated
3847,26,B2,6,3,1,A2,AA,True,AE,B0,SDC
3848,26,B2,6,4,0,A2,A2,False,AE,AE,Not activated
3849,26,B2,6,4,1,A2,B2,True,AE,B4,SDC
3850,26,B2,6,5,0,A2,82,True,AE,AA,SDC
3851,26,B2,6,5,1,A2,A2,False,AE,AE,Not activated
3852,26,B2,6,6,0,A2,A2,False,AE,AE,Not activated
3853,26,B2,6,6,1,A2,E2,True,AE,DF,SDC
3854,26,B2,6,7,0,A2,22,True,AE,A4,SDC
3855,26,B2,6,7,1,A2,A2,False,AE,AE,Not activated
3856,26,B3,7,0,0,23,22,True,AE,AE,Masked
3857,26,B3,7,0,1,23,23,False,AE,AE,Not activated
3858,26,B3,7,1,0,23,21,True,AE,AD,SDC
3859,26,B3,7,1,1,23,23,False,AE,AE,Not activated
3860,26,B3,7,2,0,23,23,False,AE,AE,Not activated
3861,26,B3,7,2,1,23,27,True,AE,AF,SDC
3862,26,B3,7,3,0,23,23,False,AE,AE,Not activated
3863,26,B3,7,3,1,23,2B,True,AE,B0,SDC
3864,26,B3,7,4,0,23,23,False,AE,AE,Not activated
3865,26,B3,7,4,1,23,33,True,AE,B3,SDC
3866,26,B3,7,5,0,23,03,True,AE,AB,SDC
3867,26,B3,7,5,1,23,23,False,AE,AE,Not activated
3868,26,B3,7,6,0,23,23,False,AE,AE,Not activated
3869,26,B3,7,6,1,23,63,True,AE,DB,SDC
3870,26,B3,7,7,0,23,23,False,AE,AE,Not activated
3871,26,B3,7,7,1,23,A3,True,AE,A8,SDC
3872,26,C0,8,0,0,14,14,False,AE,AE,Not activated
3873,26,C0,8,0,1,14,15,True,AE,AE,Masked
3874,26,C0,8,1,0,14,14,False,AE,AE,Not activated
3875,26,C0,8,1,1,14,16,True,AE,AE,Masked
3876,26,C0,8,2,0,14,10,True,AE,AE,Masked
3877,26,C0,8,2,1,14,14,False,AE,AE,Not activated
3878,26,C0,8,3,0,14,14,False,AE,AE,Not activated
3879,26,C0,8,3,1,14,1C,True,AE,AC,SDC
3880,26,C0,8,4,0,14,04,True,AE,AF,SDC
3881,26,C0,8,4,1,14,14,False,AE,AE,Not activated
3882,26,C0,8,5,0,14,14,False,AE,AE,Not activated
3883,26,C0,8,5,1,14,34,True,AE,26,SDC
3884,26,C0,8,6,0,14,14,False,AE,AE,Not activated
3885,26,C0,8,6,1,14,54,True,AE,54,SDC
3886,26,C0,8,7,0,14,14,False,AE,AE,Not activated
3887,26,C0,8,7,1,14,94,True,AE,B0,SDC
3888,27,A0,0,0,0,36,36,False,20,20,Not activated
3889,27,A0,0,0,1,36,37,True,20,20,Masked
3890,27,A0,0,1,0,36,34,True,20,23,SDC
3891,27,A0,0,1,1,36,36,False,20,20,Not activated
3892,27,A0,0,2,0,36,32,True,20,25,SDC
3893,27,A0,0,2,1,36,36,False,20,20,Not activated
3894,27,A0,0,3,0,36,36,False,20,20,Not activated
3895,27,A0,0,3,1,36,3E,True,20,94,SDC
3896,27,A0,0,4,0,36,26,True,20,29,SDC
3897,27,A0,0,4,1,36,36,False,20,20,Not activated
3898,27,A0,0,5,0,36,16,True,20,2A,SDC
3899,27,A0,0,5,1,36,36,False,20,20,Not activated
3900,27,A0,0,6,0,36,36,False,20,20,Not activated
3901,27,A0,0,6,1,36,76,True,20,E3,SDC
3902,27,A0,0,7,0,36,36,False,20,20,Not activated
3903,27,A0,0,7,1,36,B6,True,20,30,SDC
3904,27,A1,1,0,0,B1,B0,True,20,22,SDC
3905,27,A1,1,0,1,B1,B1,False,20,20,Not activated
3906,27,A1,1,1,0,B1,B1,False,20,20,Not activated
3907,27,A1,1,1,1,B1,B3,True,20,1B,SDC
3908,27,A1,1,2,0,B1,B1,False,20,20,Not activated
3909,27,A1,1,2,1,B1,B5,True,20,14,SDC
3910,27,A1,1,3,0,B1,B1,False,20,20,Not activated
3911,27,A1,1,3,1,B1,B9,True,20,98,SDC
3912,27,A1,1,4,0,B1,A1,True,20,28,SDC
3913,27,A1,1,4,1,B1,B1,False,20,20,Not activated
3914,27,A1,1,5,0,B1,91,True,20,2A,SDC
3915,27,A1,1,5,1,B1,B1,False,20,20,Not activated
3916,27,A1,1,6,0,B1,B1,False,20,20,Not activated
3917,27,A1,1,6,1,B1,F1,True,20,E4,SDC
3918,27,A1,1,7,0,B1,31,True,20,30,SDC
3919,27,A1,1,7,1,B1,B1,False,20,20,Not activated
3920,27,A2,2,0,0,2E,2E,False,20,20,Not activated
3921,27,A2,2,0,1,2E,2F,True,20,1F,SDC
3922,27,A2,2,1,0,2E,2C,True,20,22,SDC
3923,27,A2,2,1,1,2E,2E,False,20,20,Not activated
3924,27,A2,2,2,0,2E,2A,True,20,23,SDC
3925,27,A2,2,2,1,2E,2E,False,20,20,Not activated
3926,27,A2,2,3,0,2E,26,True,20,26,SDC
3927,27,A2,2,3,1,2E,2E,False,20,20,Not activated
3928,27,A2,2,4,0,2E,2E,False,20,20,Not activated
3929,27,A2,2,4,1,2E,3E,True,20,AE,SDC
3930,27,A2,2,5,0,2E,0E,True,20,2A,SDC
3931,27,A2,2,5,1,2E,2E,False,20,20,Not activated
3932,27,A2,2,6,0,2E,2E,False,20,20,Not activated
3933,27,A2,2,6,1,2E,6E,True,20,E3,SDC
3934,27,A2,2,7,0,2E,2E,False,20,20,Not activated
3935,27,A2,2,7,1,2E,AE,True,20,2F,SDC
3936,27,A3,3,0,0,B0,B0,False,20,20,Not activated
3937,27,A3,3,0,1,B0,B1,True,20,22,SDC
3938,27,A3,3,1,0,B0,B0,False,20,20,Not activated
3939,27,A3,3,1,1,B0,B2,True,20,23,SDC
3940,27,A3,3,2,0,B0,B0,False,20,20,Not activated
3941,27,A3,3,2,1,B0,B4,True,20,26,SDC
3942,27,A3,3,3,0,B0,B0,False,20,20,Not activated
3943,27,A3,3,3,1,B0,B8,True,20,2A,SDC
3944,27,A3,3,4,0,B0,A0,True,20,88,SDC
3945,27,A3,3,4,1,B0,B0,False,20,20,Not activated
3946,27,A3,3,5,0,B0,90,True,20,95,SDC
3947,27,A3,3,5,1,B0,B0,False,20,20,Not activated
3948,27,A3,3,6,0,B0,B0,False,20,20,Not activated
3949,27,A3,3,6,1,B0,F0,True,20,64,SDC
3950,27,A3,3,7,0,B0,30,True,20,A8,SDC
3951,27,A3,3,7,1,B0,B0,False,20,20,Not activated
3952,27,B0,4,0,0,A5,A4,True,20,23,SDC
3953,27,B0,4,0,1,A5,A5,False,20,20,Not activated
3954,27,B0,4,1,0,A5,A5,False,20,20,Not activated
3955,27,B0,4,1,1,A5,A7,True,20,1C,SDC
3956,27,B0,4,2,0,A5,A1,True,20,25,SDC
3957,27,B0,4,2,1,A5,A5,False,20,20,Not activated
3958,27,B0,4,3,0,A5,A5,False,20,20,Not activated
3959,27,B0,4,3,1,A5,AD,True,20,94,SDC
3960,27,B0,4,4,0,A5,A5,False,20,20,Not activated
3961,27,B0,4,4,1,A5,B5,True,20,AC,SDC
3962,27,B0,4,5,0,A5,85,True,20,2A,SDC
3963,27,B0,4,5,1,A5,A5,False,20,20,Not activated
3964,27,B0,4,6,0,A5,A5,False,20,20,Not activated
3965,27,B0,4,6,1,A5,E5,True,20,E3,SDC
3966,27,B0,4,7,0,A5,25,True,20,30,SDC
3967,27,B0,4,7,1,A5,A5,False,20,20,Not activated
3968,27,B1,5,0,0,2B,2A,True,20,22,SDC
3969,27,B1,5,0,1,2B,2B,False,20,20,Not activated
3970,27,B1,5,1,0,2B,29,True,20,23,SDC
3971,27,B1,5,1,1,2B,2B,False,20,20,Not activated
3972,27,B1,5,2,0,2B,2B,False,20,20,Not activated
3973,27,B1,5,2,1,2B,2F,True,20,18,SDC
3974,27,B1,5,3,0,2B,23,True,20,26,SDC
3975,27,B1,5,3,1,2B,2B,False,20,20,Not activated
3976,27,B1,5,4,0,2B,2B,False,20,20,Not activated
3977,27,B1,5,4,1,2B,3B,True,20,AE,SDC
3978,27,B1,5,5,0,2B,0B,True,20,2A,SDC
3979,27,B1,5,5,1,2B,2B,False,20,20,Not activated
3980,27,B1,5,6,0,2B,2B,False,20,20,Not activated
3981,27,B1,5,6,1,2B,6B,True,20,E4,SDC
3982,27,B1,5,7,0,2B,2B,False,20,20,Not activated
3983,27,B1,5,7,1,2B,AB,True,20,30,SDC
3984,27,B2,6,0,0,AD,AC,True,20,21,SDC
3985,27,B2,6,0,1,AD,AD,False,20,20,Not activated
3986,27,B2,6,1,0,AD,AD,False,20,20,Not activated
3987,27,B2,6,1,1,AD,AF,True,20,1D,SDC
3988,27,B2,6,2,0,AD,A9,True,20,24,SDC
3989,27,B2,6,2,1,AD,AD,False,20,20,Not activated
3990,27,B2,6,3,0,AD,A5,True,20,26,SDC
3991,27,B2,6,3,1,AD,AD,False,20,20,Not activated
3992,27,B2,6,4,0,AD,AD,False,20,20,Not activated
3993,27,B2,6,4,1,AD,BD,True,20,AE,SDC
3994,27,B2,6,5,0,AD,8D,True,20,2A,SDC
3995,27,B2,6,5,1,AD,AD,False,20,20,Not activated
3996,27,B2,6,6,0,AD,AD,False,20,20,Not activated
3997,27,B2,6,6,1,AD,ED,True,20,E3,SDC
3998,27,B2,6,7,0,AD,2D,True,20,2F,SDC
3999,27,B2,6,7,1,AD,AD,False,20,20,Not activated
4000,27,B3,7,0,0,AC,AC,False,20,20,Not activated
4001,27,B3,7,0,1,AC,AD,True,20,21,SDC
4002,27,B3,7,1,0,AC,AC,False,20,20,Not activated
4003,27,B3,7,1,1,AC,AE,True,20,22,SDC
4004,27,B3,7,2,0,AC,A8,True,20,18,SDC
4005,27,B3,7,2,1,AC,AC,False,20,20,Not activated
4006,27,B3,7,3,0,AC,A4,True,20,10,SDC
4007,27,B3,7,3,1,AC,AC,False,20,20,Not activated
4008,27,B3,7,4,0,AC,AC,False,20,20,Not activated
4009,27,B3,7,4,1,AC,BC,True,20,33,SDC
4010,27,B3,7,5,0,AC,8C,True,20,95,SDC
4011,27,B3,7,5,1,AC,AC,False,20,20,Not activated
4012,27,B3,7,6,0,AC,AC,False,20,20,Not activated
4013,27,B3,7,6,1,AC,EC,True,20,64,SDC
4014,27,B3,7,7,0,AC,2C,True,20,A8,SDC
4015,27,B3,7,7,1,AC,AC,False,20,20,Not activated
4016,27,C0,8,0,0,30,30,False,20,20,Not activated
4017,27,C0,8,0,1,30,31,True,20,25,SDC
4018,27,C0,8,1,0,30,30,False,20,20,Not activated
4019,27,C0,8,1,1,30,32,True,20,28,SDC
4020,27,C0,8,2,0,30,30,False,20,20,Not activated
4021,27,C0,8,2,1,30,34,True,20,2C,SDC
4022,27,C0,8,3,0,30,30,False,20,20,Not activated
4023,27,C0,8,3,1,30,38,True,20,32,SDC
4024,27,C0,8,4,0,30,20,True,20,A8,SDC
4025,27,C0,8,4,1,30,30,False,20,20,Not activated
4026,27,C0,8,5,0,30,10,True,20,AA,SDC
4027,27,C0,8,5,1,30,30,False,20,20,Not activated
4028,27,C0,8,6,0,30,30,False,20,20,Not activated
4029,27,C0,8,6,1,30,70,True,20,70,SDC
4030,27,C0,8,7,0,30,30,False,20,20,Not activated
4031,27,C0,8,7,1,30,B0,True,20,B5,SDC
4032,28,A0,0,0,0,B6,B6,False,3F,3F,Not activated
4033,28,A0,0,0,1,B6,B7,True,3F,40,SDC
4034,28,A0,0,1,0,B6,B4,True,3F,3E,SDC
4035,28,A0,0,1,1,B6,B6,False,3F,3F,Not activated
4036,28,A0,0,2,0,B6,B2,True,3F,3D,SDC
4037,28,A0,0,2,1,B6,B6,False,3F,3F,Not activated
4038,28,A0,0,3,0,B6,B6,False,3F,3F,Not activated
4039,28,A0,0,3,1,B6,BE,True,3F,42,SDC
4040,28,A0,0,4,0,B6,A6,True,3F,3B,SDC
4041,28,A0,0,4,1,B6,B6,False,3F,3F,Not activated
4042,28,A0,0,5,0,B6,96,True,3F,3A,SDC
4043,28,A0,0,5,1,B6,B6,False,3F,3F,Not activated
4044,28,A0,0,6,0,B6,B6,False,3F,3F,Not activated
4045,28,A0,0,6,1,B6,F6,True,3F,74,SDC
4046,28,A0,0,7,0,B6,36,True,3F,2E,SDC
4047,28,A0,0,7,1,B6,B6,False,3F,3F,Not activated
4048,28,A1,1,0,0,9B,9A,True,3F,3F,Masked
4049,28,A1,1,0,1,9B,9B,False,3F,3F,Not activated
4050,28,A1,1,1,0,9B,99,True,3F,3F,Masked
4051,28,A1,1,1,1,9B,9B,False,3F,3F,Not activated
4052,28,A1,1,2,0,9B,9B,False,3F,3F,Not activated
4053,28,A1,1,2,1,9B,9F,True,3F,40,SDC
4054,28,A1,1,3,0,9B,93,True,3F,3F,Masked
4055,28,A1,1,3,1,9B,9B,False,3F,3F,Not activated
4056,28,A1,1,4,0,9B,8B,True,3F,3F,Masked
4057,28,A1,1,4,1,9B,9B,False,3F,3F,Not activated
4058,28,A1,1,5,0,9B,9B,False,3F,3F,Not activated
4059,28,A1,1,5,1,9B,BB,True,3F,42,SDC
4060,28,A1,1,6,0,9B,9B,False,3F,3F,Not activated
4061,28,A1,1,6,1,9B,DB,True,3F,57,SDC
4062,28,A1,1,7,0,9B,1B,True,3F,3F,Masked
4063,28,A1,1,7,1,9B,9B,False,3F,3F,Not activated
4064,28,A2,2,0,0,38,38,False,3F,3F,Not activated
4065,28,A2,2,0,1,38,39,True,3F,3F,Masked
4066,28,A2,2,1,0,38,38,False,3F,3F,Not activated
4067,28,A2,2,1,1,38,3A,True,3F,3E,SDC
4068,28,A2,2,2,0,38,38,False,3F,3F,Not activated
4069,28,A2,2,2,1,38,3C,True,3F,3E,SDC
4070,28,A2,2,3,0,38,30,True,3F,40,SDC
4071,28,A2,2,3,1,38,38,False,3F,3F,Not activated
4072,28,A2,2,4,0,38,28,True,3F,41,SDC
4073,28,A2,2,4,1,38,38,False,3F,3F,Not activated
4074,28,A2,2,5,0,38,18,True,3F,42,SDC
4075,28,A2,2,5,1,38,38,False,3F,3F,Not activated
4076,28,A2,2,6,0,38,38,False,3F,3F,Not activated
4077,28,A2,2,6,1,38,78,True,3F,F8,SDC
4078,28,A2,2,7,0,38,38,False,3F,3F,Not activated
4079,28,A2,2,7,1,38,B8,True,3F,44,SDC
4080,28,A3,3,0,0,38,38,False,3F,3F,Not activated
4081,28,A3,3,0,1,38,39,True,3F,40,SDC
4082,28,A3,3,1,0,38,38,False,3F,3F,Not activated
4083,28,A3,3,1,1,38,3A,True,3F,40,SDC
4084,28,A3,3,2,0,38,38,False,3F,3F,Not activated
4085,28,A3,3,2,1,38,3C,True,3F,41,SDC
4086,28,A3,3,3,0,38,30,True,3F,3C,SDC
4087,28,A3,3,3,1,38,38,False,3F,3F,Not activated
4088,28,A3,3,4,0,38,28,True,3F,3A,SDC
4089,28,A3,3,4,1,38,38,False,3F,3F,Not activated
4090,28,A3,3,5,0,38,18,True,3F,38,SDC
4091,28,A3,3,5,1,38,38,False,3F,3F,Not activated
4092,28,A3,3,6,0,38,38,False,3F,3F,Not activated
4093,28,A3,3,6,1,38,78,True,3F,78,SDC
4094,28,A3,3,7,0,38,38,False,3F,3F,Not activated
4095,28,A3,3,7,1,38,B8,True,3F,20,SDC
4096,28,B0,4,0,0,B6,B6,False,3F,3F,Not activated
4097,28,B0,4,0,1,B6,B7,True,3F,40,SDC
4098,28,B0,4,1,0,B6,B4,True,3F,3E,SDC
4099,28,B0,4,1,1,B6,B6,False,3F,3F,Not activated
4100,28,B0,4,2,0,B6,B2,True,3F,3D,SDC
4101,28,B0,4,2,1,B6,B6,False,3F,3F,Not activated
4102,28,B0,4,3,0,B6,B6,False,3F,3F,Not activated
4103,28,B0,4,3,1,B6,BE,True,3F,42,SDC
4104,28,B0,4,4,0,B6,A6,True,3F,3B,SDC
4105,28,B0,4,4,1,B6,B6,False,3F,3F,Not activated
4106,28,B0,4,5,0,B6,96,True,3F,3A,SDC
4107,28,B0,4,5,1,B6,B6,False,3F,3F,Not activated
4108,28,B0,4,6,0,B6,B6,False,3F,3F,Not activated
4109,28,B0,4,6,1,B6,F6,True,3F,74,SDC
4110,28,B0,4,7,0,B6,36,True,3F,2E,SDC
4111,28,B0,4,7,1,B6,B6,False,3F,3F,Not activated
4112,28,B1,5,0,0,B1,B0,True,3F,3F,Masked
4113,28,B1,5,0,1,B1,B1,False,3F,3F,Not activated
4114,28,B1,5,1,0,B1,B1,False,3F,3F,Not activated
4115,28,B1,5,1,1,B1,B3,True,3F,3F,Masked
4116,28,B1,5,2,0,B1,B1,False,3F,3F,Not activated
4117,28,B1,5,2,1,B1,B5,True,3F,40,SDC
4118,28,B1,5,3,0,B1,B1,False,3F,3F,Not activated
4119,28,B1,5,3,1,B1,B9,True,3F,40,SDC
4120,28,B1,5,4,0,B1,A1,True,3F,3F,Masked
4121,28,B1,5,4,1,B1,B1,False,3F,3F,Not activated
4122,28,B1,5,5,0,B1,91,True,3F,3F,Masked
4123,28,B1,5,5,1,B1,B1,False,3F,3F,Not activated
4124,28,B1,5,6,0,B1,B1,False,3F,3F,Not activated
4125,28,B1,5,6,1,B1,F1,True,3F,57,SDC
4126,28,B1,5,7,0,B1,31,True,3F,3F,Masked
4127,28,B1,5,7,1,B1,B1,False,3F,3F,Not activated
4128,28,B2,6,0,0,AF,AE,True,3F,3F,Masked
4129,28,B2,6,0,1,AF,AF,False,3F,3F,Not activated
4130,28,B2,6,1,0,AF,AD,True,3F,40,SDC
4131,28,B2,6,1,1,AF,AF,False,3F,3F,Not activated
4132,28,B2,6,2,0,AF,AB,True,3F,40,SDC
4133,28,B2,6,2,1,AF,AF,False,3F,3F,Not activated
4134,28,B2,6,3,0,AF,A7,True,3F,40,SDC
4135,28,B2,6,3,1,AF,AF,False,3F,3F,Not activated
4136,28,B2,6,4,0,AF,AF,False,3F,3F,Not activated
4137,28,B2,6,4,1,AF,BF,True,3F,30,SDC
4138,28,B2,6,5,0,AF,8F,True,3F,42,SDC
4139,28,B2,6,5,1,AF,AF,False,3F,3F,Not activated
4140,28,B2,6,6,0,AF,AF,False,3F,3F,Not activated
4141,28,B2,6,6,1,AF,EF,True,3F,EF,SDC
4142,28,B2,6,7,0,AF,2F,True,3F,44,SDC
4143,28,B2,6,7,1,AF,AF,False,3F,3F,Not activated
4144,28,B3,7,0,0,36,36,False,3F,3F,Not activated
4145,28,B3,7,0,1,36,37,True,3F,40,SDC
4146,28,B3,7,1,0,36,34,True,3F,3E,SDC
4147,28,B3,7,1,1,36,36,False,3F,3F,Not activated
4148,28,B3,7,2,0,36,32,True,3F,3D,SDC
4149,28,B3,7,2,1,36,36,False,3F,3F,Not activated
4150,28,B3,7,3,0,36,36,False,3F,3F,Not activated
4151,28,B3,7,3,1,36,3E,True,3F,43,SDC
4152,28,B3,7,4,0,36,26,True,3F,3A,SDC
4153,28,B3,7,4,1,36,36,False,3F,3F,Not activated
4154,28,B3,7,5,0,36,16,True,3F,38,SDC
4155,28,B3,7,5,1,36,36,False,3F,3F,Not activated
4156,28,B3,7,6,0,36,36,False,3F,3F,Not activated
4157,28,B3,7,6,1,36,76,True,3F,76,SDC
4158,28,B3,7,7,0,36,36,False,3F,3F,Not activated
4159,28,B3,7,7,1,36,B6,True,3F,20,SDC
4160,28,C0,8,0,0,34,34,False,3F,3F,Not activated
4161,28,C0,8,0,1,34,35,True,3F,40,SDC
4162,28,C0,8,1,0,34,34,False,3F,3F,Not activated
4163,28,C0,8,1,1,34,36,True,3F,40,SDC
4164,28,C0,8,2,0,34,30,True,3F,3D,SDC
4165,28,C0,8,2,1,34,34,False,3F,3F,Not activated
4166,28,C0,8,3,0,34,34,False,3F,3F,Not activated
4167,28,C0,8,3,1,34,3C,True,3F,42,SDC
4168,28,C0,8,4,0,34,24,True,3F,3B,SDC
4169,28,C0,8,4,1,34,34,False,3F,3F,Not activated
4170,28,C0,8,5,0,34,14,True,3F,3A,SDC
4171,28,C0,8,5,1,34,34,False,3F,3F,Not activated
4172,28,C0,8,6,0,34,34,False,3F,3F,Not activated
4173,28,C0,8,6,1,34,74,True,3F,74,SDC
4174,28,C0,8,7,0,34,34,False,3F,3F,Not activated
4175,28,C0,8,7,1,34,B4,True,3F,2F,SDC
4176,29,A0,0,0,0,34,34,False,BA,BA,Not activated
4177,29,A0,0,0,1,34,35,True,BA,BA,Masked
4178,29,A0,0,1,0,34,34,False,BA,BA,Not activated
4179,29,A0,0,1,1,34,36,True,BA,B9,SDC
4180,29,A0,0,2,0,34,30,True,BA,BA,Masked
4181,29,A0,0,2,1,34,34,False,BA,BA,Not activated
4182,29,A0,0,3,0,34,34,False,BA,BA,Not activated
4183,29,A0,0,3,1,34,3C,True,BA,B7,SDC
4184,29,A0,0,4,0,34,24,True,BA,BC,SDC
4185,29,A0,0,4,1,34,34,False,BA,BA,Not activated
4186,29,A0,0,5,0,34,14,True,BA,BC,SDC
4187,29,A0,0,5,1,34,34,False,BA,BA,Not activated
4188,29,A0,0,6,0,34,34,False,BA,BA,Not activated
4189,29,A0,0,6,1,34,74,True,BA,6A,SDC
4190,29,A0,0,7,0,34,34,False,BA,BA,Not activated
4191,29,A0,0,7,1,34,B4,True,BA,BE,SDC
4192,29,A1,1,0,0,A8,A8,False,BA,BA,Not activated
4193,29,A1,1,0,1,A8,A9,True,BA,BA,Masked
4194,29,A1,1,1,0,A8,A8,False,BA,BA,Not activated
4195,29,A1,1,1,1,A8,AA,True,BA,BA,Masked
4196,29,A1,1,2,0,A8,A8,False,BA,BA,Not activated
4197,29,A1,1,2,1,A8,AC,True,BA,BA,Masked
4198,29,A1,1,3,0,A8,A0,True,BA,B9,SDC
4199,29,A1,1,3,1,A8,A8,False,BA,BA,Not activated
4200,29,A1,1,4,0,A8,A8,False,BA,BA,Not activated
4201,29,A1,1,4,1,A8,B8,True,BA,BA,Masked
4202,29,A1,1,5,0,A8,88,True,BA,B9,SDC
4203,29,A1,1,5,1,A8,A8,False,BA,BA,Not activated
4204,29,A1,1,6,0,A8,A8,False,BA,BA,Not activated
4205,29,A1,1,6,1,A8,E8,True,BA,D8,SDC
4206,29,A1,1,7,0,A8,28,True,BA,B8,SDC
4207,29,A1,1,7,1,A8,A8,False,BA,BA,Not activated
4208,29,A2,2,0,0,B3,B2,True,BA,B9,SDC
4209,29,A2,2,0,1,B3,B3,False,BA,BA,Not activated
4210,29,A2,2,1,0,B3,B1,True,BA,B8,SDC
4211,29,A2,2,1,1,B3,B3,False,BA,BA,Not activated
4212,29,A2,2,2,0,B3,B3,False,BA,BA,Not activated
4213,29,A2,2,2,1,B3,B7,True,BA,BC,SDC
4214,29,A2,2,3,0,B3,B3,False,BA,BA,Not activated
4215,29,A2,2,3,1,B3,BB,True,BA,BE,SDC
4216,29,A2,2,4,0,B3,A3,True,BA,B4,SDC
4217,29,A2,2,4,1,B3,B3,False,BA,BA,Not activated
4218,29,A2,2,5,0,B3,93,True,BA,B2,SDC
4219,29,A2,2,5,1,B3,B3,False,BA,BA,Not activated
4220,29,A2,2,6,0,B3,B3,False,BA,BA,Not activated
4221,29,A2,2,6,1,B3,F3,True,BA,F3,SDC
4222,29,A2,2,7,0,B3,33,True,BA,22,SDC
4223,29,A2,2,7,1,B3,B3,False,BA,BA,Not activated
4224,29,A3,3,0,0,33,32,True,BA,BA,Masked
4225,29,A3,3,0,1,33,33,False,BA,BA,Not activated
4226,29,A3,3,1,0,33,31,True,BA,BB,SDC
4227,29,A3,3,1,1,33,33,False,BA,BA,Not activated
4228,29,A3,3,2,0,33,33,False,BA,BA,Not activated
4229,29,A3,3,2,1,33,37,True,BA,BA,Masked
4230,29,A3,3,3,0,33,33,False,BA,BA,Not activated
4231,29,A3,3,3,1,33,3B,True,BA,B9,SDC
4232,29,A3,3,4,0,33,23,True,BA,BC,SDC
4233,29,A3,3,4,1,33,33,False,BA,BA,Not activated
4234,29,A3,3,5,0,33,13,True,BA,BC,SDC
4235,29,A3,3,5,1,33,33,False,BA,BA,Not activated
4236,29,A3,3,6,0,33,33,False,BA,BA,Not activated
4237,29,A3,3,6,1,33,73,True,BA,65,SDC
4238,29,A3,3,7,0,33,33,False,BA,BA,Not activated
4239,29,A3,3,7,1,33,B3,True,BA,BE,SDC
4240,29,B0,4,0,0,2D,2C,True,BA,BA,Masked
4241,29,B0,4,0,1,2D,2D,False,BA,BA,Not activated
4242,29,B0,4,1,0,2D,2D,False,BA,BA,Not activated
4243,29,B0,4,1,1,2D,2F,True,BA,B9,SDC
4244,29,B0,4,2,0,2D,29,True,BA,BA,Masked
4245,29,B0,4,2,1,2D,2D,False,BA,BA,Not activated
4246,29,B0,4,3,0,2D,25,True,BA,BB,SDC
4247,29,B0,4,3,1,2D,2D,False,BA,BA,Not activated
4248,29,B0,4,4,0,2D,2D,False,BA,BA,Not activated
4249,29,B0,4,4,1,2D,3D,True,BA,A9,SDC
4250,29,B0,4,5,0,2D,0D,True,BA,BC,SDC
4251,29,B0,4,5,1,2D,2D,False,BA,BA,Not activated
4252,29,B0,4,6,0,2D,2D,False,BA,BA,Not activated
4253,29,B0,4,6,1,2D,6D,True,BA,6A,SDC
4254,29,B0,4,7,0,2D,2D,False,BA,BA,Not activated
4255,29,B0,4,7,1,2D,AD,True,BA,BE,SDC
4256,29,B1,5,0,0,26,26,False,BA,BA,Not activated
4257,29,B1,5,0,1,26,27,True,BA,BA,Masked
4258,29,B1,5,1,0,26,24,True,BA,BA,Masked
4259,29,B1,5,1,1,26,26,False,BA,BA,Not activated
4260,29,B1,5,2,0,26,22,True,BA,BA,Masked
4261,29,B1,5,2,1,26,26,False,BA,BA,Not activated
4262,29,B1,5,3,0,26,26,False,BA,BA,Not activated
4263,29,B1,5,3,1,26,2E,True,BA,BA,Masked
4264,29,B1,5,4,0,26,26,False,BA,BA,Not activated
4265,29,B1,5,4,1,26,36,True,BA,BA,Masked
4266,29,B1,5,5,0,26,06,True,BA,B9,SDC
4267,29,B1,5,5,1,26,26,False,BA,BA,Not activated
4268,29,B1,5,6,0,26,26,False,BA,BA,Not activated
4269,29,B1,5,6,1,26,66,True,BA,D8,SDC
4270,29,B1,5,7,0,26,26,False,BA,BA,Not activated
4271,29,B1,5,7,1,26,A6,True,BA,B8,SDC
4272,29,B2,6,0,0,38,38,False,BA,BA,Not activated
4273,29,B2,6,0,1,38,39,True,BA,BA,Masked
4274,29,B2,6,1,0,38,38,False,BA,BA,Not activated
4275,29,B2,6,1,1,38,3A,True,BA,BB,SDC
4276,29,B2,6,2,0,38,38,False,BA,BA,Not activated
4277,29,B2,6,2,1,38,3C,True,BA,BC,SDC
4278,29,B2,6,3,0,38,30,True,BA,B7,SDC
4279,29,B2,6,3,1,38,38,False,BA,BA,Not activated
4280,29,B2,6,4,0,38,28,True,BA,B4,SDC
4281,29,B2,6,4,1,38,38,False,BA,BA,Not activated
4282,29,B2,6,5,0,38,18,True,BA,B2,SDC
4283,29,B2,6,5,1,38,38,False,BA,BA,Not activated
4284,29,B2,6,6,0,38,38,False,BA,BA,Not activated
4285,29,B2,6,6,1,38,78,True,BA,F8,SDC
4286,29,B2,6,7,0,38,38,False,BA,BA,Not activated
4287,29,B2,6,7,1,38,B8,True,BA,22,SDC
4288,29,B3,7,0,0,2A,2A,False,BA,BA,Not activated
4289,29,B3,7,0,1,2A,2B,True,BA,BA,Masked
4290,29,B3,7,1,0,2A,28,True,BA,BB,SDC
4291,29,B3,7,1,1,2A,2A,False,BA,BA,Not activated
4292,29,B3,7,2,0,2A,2A,False,BA,BA,Not activated
4293,29,B3,7,2,1,2A,2E,True,BA,BA,Masked
4294,29,B3,7,3,0,2A,22,True,BA,BB,SDC
4295,29,B3,7,3,1,2A,2A,False,BA,BA,Not activated
4296,29,B3,7,4,0,2A,2A,False,BA,BA,Not activated
4297,29,B3,7,4,1,2A,3A,True,BA,B2,SDC
4298,29,B3,7,5,0,2A,0A,True,BA,BC,SDC
4299,29,B3,7,5,1,2A,2A,False,BA,BA,Not activated
4300,29,B3,7,6,0,2A,2A,False,BA,BA,Not activated
4301,29,B3,7,6,1,2A,6A,True,BA,65,SDC
4302,29,B3,7,7,0,2A,2A,False,BA,BA,Not activated
4303,29,B3,7,7,1,2A,AA,True,BA,BE,SDC
4304,29,C0,8,0,0,B8,B8,False,BA,BA,Not activated
4305,29,C0,8,0,1,B8,B9,True,BA,BA,Masked
4306,29,C0,8,1,0,B8,B8,False,BA,BA,Not activated
4307,29,C0,8,1,1,B8,BA,True,BA,BC,SDC
4308,29,C0,8,2,0,B8,B8,False,BA,BA,Not activated
4309,29,C0,8,2,1,B8,BC,True,BA,BE,SDC
4310,29,C0,8,3,0,B8,B0,True,BA,B4,SDC
4311,29,C0,8,3,1,B8,B8,False,BA,BA,Not activated
4312,29,C0,8,4,0,B8,A8,True,BA,AF,SDC
4313,29,C0,8,4,1,B8,B8,False,BA,BA,Not activated
4314,29,C0,8,5,0,B8,98,True,BA,A9,SDC
4315,29,C0,8,5,1,B8,B8,False,BA,BA,Not activated
4316,29,C0,8,6,0,B8,B8,False,BA,BA,Not activated
4317,29,C0,8,6,1,B8,F8,True,BA,F8,SDC
4318,29,C0,8,7,0,B8,38,True,BA,34,SDC
4319,29,C0,8,7,1,B8,B8,False,BA,BA,Not activated
4320,30,A0,0,0,0,32,32,False,B4,B4,Not activated
4321,30,A0,0,0,1,32,33,True,B4,B5,SDC
4322,30,A0,0,1,0,32,30,True,B4,B3,SDC
4323,30,A0,0,1,1,32,32,False,B4,B4,Not activated
4324,30,A0,0,2,0,32,32,False,B4,B4,Not activated
4325,30,A0,0,2,1,32,36,True,B4,B8,SDC
4326,30,A0,0,3,0,32,32,False,B4,B4,Not activated
4327,30,A0,0,3,1,32,3A,True,B4,BA,SDC
4328,30,A0,0,4,0,32,22,True,B4,AD,SDC
4329,30,A0,0,4,1,32,32,False,B4,B4,Not activated
4330,30,A0,0,5,0,32,12,True,B4,AB,SDC
4331,30,A0,0,5,1,32,32,False,B4,B4,Not activated
4332,30,A0,0,6,0,32,32,False,B4,B4,Not activated
4333,30,A0,0,6,1,32,72,True,B4,EF,SDC
4334,30,A0,0,7,0,32,32,False,B4,B4,Not activated
4335,30,A0,0,7,1,32,B2,True,B4,22,SDC
4336,30,A1,1,0,0,AD,AC,True,B4,B4,Masked
4337,30,A1,1,0,1,AD,AD,False,B4,B4,Not activated
4338,30,A1,1,1,0,AD,AD,False,B4,B4,Not activated
4339,30,A1,1,1,1,AD,AF,True,B4,B3,SDC
4340,30,A1,1,2,0,AD,A9,True,B4,B6,SDC
4341,30,A1,1,2,1,AD,AD,False,B4,B4,Not activated
4342,30,A1,1,3,0,AD,A5,True,B4,B8,SDC
4343,30,A1,1,3,1,AD,AD,False,B4,B4,Not activated
4344,30,A1,1,4,0,AD,AD,False,B4,B4,Not activated
4345,30,A1,1,4,1,AD,BD,True,B4,20,SDC
4346,30,A1,1,5,0,AD,8D,True,B4,B9,SDC
4347,30,A1,1,5,1,AD,AD,False,B4,B4,Not activated
4348,30,A1,1,6,0,AD,AD,False,B4,B4,Not activated
4349,30,A1,1,6,1,AD,ED,True,B4,6A,SDC
4350,30,A1,1,7,0,AD,2D,True,B4,BB,SDC
4351,30,A1,1,7,1,AD,AD,False,B4,B4,Not activated
4352,30,A2,2,0,0,2A,2A,False,B4,B4,Not activated
4353,30,A2,2,0,1,2A,2B,True,B4,B4,Masked
4354,30,A2,2,1,0,2A,28,True,B4,B3,SDC
4355,30,A2,2,1,1,2A,2A,False,B4,B4,Not activated
4356,30,A2,2,2,0,2A,2A,False,B4,B4,Not activated
4357,30,A2,2,2,1,2A,2E,True,B4,B6,SDC
4358,30,A2,2,3,0,2A,22,True,B4,B2,SDC
4359,30,A2,2,3,1,2A,2A,False,B4,B4,Not activated
4360,30,A2,2,4,0,2A,2A,False,B4,B4,Not activated
4361,30,A2,2,4,1,2A,3A,True,B4,BC,SDC
4362,30,A2,2,5,0,2A,0A,True,B4,B0,SDC
4363,30,A2,2,5,1,2A,2A,False,B4,B4,Not activated
4364,30,A2,2,6,0,2A,2A,False,B4,B4,Not activated
4365,30,A2,2,6,1,2A,6A,True,B4,E8,SDC
4366,30,A2,2,7,0,2A,2A,False,B4,B4,Not activated
4367,30,A2,2,7,1,2A,AA,True,B4,A9,SDC
4368,30,A3,3,0,0,36,36,False,B4,B4,Not activated
4369,30,A3,3,0,1,36,37,True,B4,B4,Masked
4370,30,A3,3,1,0,36,34,True,B4,B5,SDC
4371,30,A3,3,1,1,36,36,False,B4,B4,Not activated
4372,30,A3,3,2,0,36,32,True,B4,B5,SDC
4373,30,A3,3,2,1,36,36,False,B4,B4,Not activated
4374,30,A3,3,3,0,36,36,False,B4,B4,Not activated
4375,30,A3,3,3,1,36,3E,True,B4,B3,SDC
4376,30,A3,3,4,0,36,26,True,B4,B6,SDC
4377,30,A3,3,4,1,36,36,False,B4,B4,Not activated
4378,30,A3,3,5,0,36,16,True,B4,B6,SDC
4379,30,A3,3,5,1,36,36,False,B4,B4,Not activated
4380,30,A3,3,6,0,36,36,False,B4,B4,Not activated
4381,30,A3,3,6,1,36,76,True,B4,5C,SDC
4382,30,A3,3,7,0,36,36,False,B4,B4,Not activated
4383,30,A3,3,7,1,36,B6,True,B4,B8,SDC
4384,30,B0,4,0,0,B4,B4,False,B4,B4,Not activated
4385,30,B0,4,0,1,B4,B5,True,B4,B5,SDC
4386,30,B0,4,1,0,B4,B4,False,B4,B4,Not activated
4387,30,B0,4,1,1,B4,B6,True,B4,B5,SDC
4388,30,B0,4,2,0,B4,B0,True,B4,B1,SDC
4389,30,B0,4,2,1,B4,B4,False,B4,B4,Not activated
4390,30,B0,4,3,0,B4,B4,False,B4,B4,Not activated
4391,30,B0,4,3,1,B4,BC,True,B4,BA,SDC
4392,30,B0,4,4,0,B4,A4,True,B4,AD,SDC
4393,30,B0,4,4,1,B4,B4,False,B4,B4,Not activated
4394,30,B0,4,5,0,B4,94,True,B4,AB,SDC
4395,30,B0,4,5,1,B4,B4,False,B4,B4,Not activated
4396,30,B0,4,6,0,B4,B4,False,B4,B4,Not activated
4397,30,B0,4,6,1,B4,F4,True,B4,EF,SDC
4398,30,B0,4,7,0,B4,34,True,B4,22,SDC
4399,30,B0,4,7,1,B4,B4,False,B4,B4,Not activated
4400,30,B1,5,0,0,B4,B4,False,B4,B4,Not activated
4401,30,B1,5,0,1,B4,B5,True,B4,B4,Masked
4402,30,B1,5,1,0,B4,B4,False,B4,B4,Not activated
4403,30,B1,5,1,1,B4,B6,True,B4,B3,SDC
4404,30,B1,5,2,0,B4,B0,True,B4,B6,SDC
4405,30,B1,5,2,1,B4,B4,False,B4,B4,Not activated
4406,30,B1,5,3,0,B4,B4,False,B4,B4,Not activated
4407,30,B1,5,3,1,B4,BC,True,B4,AF,SDC
4408,30,B1,5,4,0,B4,A4,True,B4,B8,SDC
4409,30,B1,5,4,1,B4,B4,False,B4,B4,Not activated
4410,30,B1,5,5,0,B4,94,True,B4,B9,SDC
4411,30,B1,5,5,1,B4,B4,False,B4,B4,Not activated
4412,30,B1,5,6,0,B4,B4,False,B4,B4,Not activated
4413,30,B1,5,6,1,B4,F4,True,B4,6A,SDC
4414,30,B1,5,7,0,B4,34,True,B4,BB,SDC
4415,30,B1,5,7,1,B4,B4,False,B4,B4,Not activated
4416,30,B2,6,0,0,B5,B4,True,B4,B4,Masked
4417,30,B2,6,0,1,B5,B5,False,B4,B4,Not activated
4418,30,B2,6,1,0,B5,B5,False,B4,B4,Not activated
4419,30,B2,6,1,1,B5,B7,True,B4,B5,SDC
4420,30,B2,6,2,0,B5,B1,True,B4,B3,SDC
4421,30,B2,6,2,1,B5,B5,False,B4,B4,Not activated
4422,30,B2,6,3,0,B5,B5,False,B4,B4,Not activated
4423,30,B2,6,3,1,B5,BD,True,B4,B8,SDC
4424,30,B2,6,4,0,B5,A5,True,B4,B1,SDC
4425,30,B2,6,4,1,B5,B5,False,B4,B4,Not activated
4426,30,B2,6,5,0,B5,95,True,B4,B0,SDC
4427,30,B2,6,5,1,B5,B5,False,B4,B4,Not activated
4428,30,B2,6,6,0,B5,B5,False,B4,B4,Not activated
4429,30,B2,6,6,1,B5,F5,True,B4,E8,SDC
4430,30,B2,6,7,0,B5,35,True,B4,A9,SDC
4431,30,B2,6,7,1,B5,B5,False,B4,B4,Not activated
4432,30,B3,7,0,0,1E,1E,False,B4,B4,Not activated
4433,30,B3,7,0,1,1E,1F,True,B4,B4,Masked
4434,30,B3,7,1,0,1E,1C,True,B4,B5,SDC
4435,30,B3,7,1,1,1E,1E,False,B4,B4,Not activated
4436,30,B3,7,2,0,1E,1A,True,B4,B5,SDC
4437,30,B3,7,2,1,1E,1E,False,B4,B4,Not activated
4438,30,B3,7,3,0,1E,16,True,B4,B5,SDC
4439,30,B3,7,3,1,1E,1E,False,B4,B4,Not activated
4440,30,B3,7,4,0,1E,0E,True,B4,B6,SDC
4441,30,B3,7,4,1,1E,1E,False,B4,B4,Not activated
4442,30,B3,7,5,0,1E,1E,False,B4,B4,Not activated
4443,30,B3,7,5,1,1E,3E,True,B4,32,SDC
4444,30,B3,7,6,0,1E,1E,False,B4,B4,Not activated
4445,30,B3,7,6,1,1E,5E,True,B4,5C,SDC
4446,30,B3,7,7,0,1E,1E,False,B4,B4,Not activated
4447,30,B3,7,7,1,1E,9E,True,B4,B8,SDC
4448,30,C0,8,0,0,AF,AE,True,B4,B3,SDC
4449,30,C0,8,0,1,AF,AF,False,B4,B4,Not activated
4450,30,C0,8,1,0,AF,AD,True,B4,B3,SDC
4451,30,C0,8,1,1,AF,AF,False,B4,B4,Not activated
4452,30,C0,8,2,0,AF,AB,True,B4,B2,SDC
4453,30,C0,8,2,1,AF,AF,False,B4,B4,Not activated
4454,30,C0,8,3,0,AF,A7,True,B4,B0,SDC
4455,30,C0,8,3,1,AF,AF,False,B4,B4,Not activated
4456,30,C0,8,4,0,AF,AF,False,B4,B4,Not activated
4457,30,C0,8,4,1,AF,BF,True,B4,C1,SDC
4458,30,C0,8,5,0,AF,8F,True,B4,AB,SDC
4459,30,C0,8,5,1,AF,AF,False,B4,B4,Not activated
4460,30,C0,8,6,0,AF,AF,False,B4,B4,Not activated
4461,30,C0,8,6,1,AF,EF,True,B4,EF,SDC
4462,30,C0,8,7,0,AF,2F,True,B4,22,SDC
4463,30,C0,8,7,1,AF,AF,False,B4,B4,Not activated
4464,31,A0,0,0,0,25,24,True,B9,B9,Masked
4465,31,A0,0,0,1,25,25,False,B9,B9,Not activated
4466,31,A0,0,1,0,25,25,False,B9,B9,Not activated
4467,31,A0,0,1,1,25,27,True,B9,B9,Masked
4468,31,A0,0,2,0,25,21,True,B9,B9,Masked
4469,31,A0,0,2,1,25,25,False,B9,B9,Not activated
4470,31,A0,0,3,0,25,25,False,B9,B9,Not activated
4471,31,A0,0,3,1,25,2D,True,B9,BA,SDC
4472,31,A0,0,4,0,25,25,False,B9,B9,Not activated
4473,31,A0,0,4,1,25,35,True,B9,BC,SDC
4474,31,A0,0,5,0,25,05,True,B9,B8,SDC
4475,31,A0,0,5,1,25,25,False,B9,B9,Not activated
4476,31,A0,0,6,0,25,25,False,B9,B9,Not activated
4477,31,A0,0,6,1,25,65,True,B9,DD,SDC
4478,31,A0,0,7,0,25,25,False,B9,B9,Not activated
4479,31,A0,0,7,1,25,A5,True,B9,B7,SDC
4480,31,A1,1,0,0,2E,2E,False,B9,B9,Not activated
4481,31,A1,1,0,1,2E,2F,True,B9,B9,Masked
4482,31,A1,1,1,0,2E,2C,True,B9,B9,Masked
4483,31,A1,1,1,1,2E,2E,False,B9,B9,Not activated
4484,31,A1,1,2,0,2E,2A,True,B9,B9,Masked
4485,31,A1,1,2,1,2E,2E,False,B9,B9,Not activated
4486,31,A1,1,3,0,2E,26,True,B9,B9,Masked
4487,31,A1,1,3,1,2E,2E,False,B9,B9,Not activated
4488,31,A1,1,4,0,2E,2E,False,B9,B9,Not activated
4489,31,A1,1,4,1,2E,3E,True,B9,BA,SDC
4490,31,A1,1,5,0,2E,0E,True,B9,B9,Masked
4491,31,A1,1,5,1,2E,2E,False,B9,B9,Not activated
4492,31,A1,1,6,0,2E,2E,False,B9,B9,Not activated
4493,31,A1,1,6,1,2E,6E,True,B9,C7,SDC
4494,31,A1,1,7,0,2E,2E,False,B9,B9,Not activated
4495,31,A1,1,7,1,2E,AE,True,B9,B9,Masked
4496,31,A2,2,0,0,B1,B0,True,B9,B9,Masked
4497,31,A2,2,0,1,B1,B1,False,B9,B9,Not activated
4498,31,A2,2,1,0,B1,B1,False,B9,B9,Not activated
4499,31,A2,2,1,1,B1,B3,True,B9,BA,SDC
4500,31,A2,2,2,0,B1,B1,False,B9,B9,Not activated
4501,31,A2,2,2,1,B1,B5,True,B9,BB,SDC
4502,31,A2,2,3,0,B1,B1,False,B9,B9,Not activated
4503,31,A2,2,3,1,B1,B9,True,B9,BD,SDC
4504,31,A2,2,4,0,B1,A1,True,B9,B5,SDC
4505,31,A2,2,4,1,B1,B1,False,B9,B9,Not activated
4506,31,A2,2,5,0,B1,91,True,B9,B4,SDC
4507,31,A2,2,5,1,B1,B1,False,B9,B9,Not activated
4508,31,A2,2,6,0,B1,B1,False,B9,B9,Not activated
4509,31,A2,2,6,1,B1,F1,True,B9,EF,SDC
4510,31,A2,2,7,0,B1,31,True,B9,A9,SDC
4511,31,A2,2,7,1,B1,B1,False,B9,B9,Not activated
4512,31,A3,3,0,0,29,28,True,B9,BA,SDC
4513,31,A3,3,0,1,29,29,False,B9,B9,Not activated
4514,31,A3,3,1,0,29,29,False,B9,B9,Not activated
4515,31,A3,3,1,1,29,2B,True,B9,B9,Masked
4516,31,A3,3,2,0,29,29,False,B9,B9,Not activated
4517,31,A3,3,2,1,29,2D,True,B9,B9,Masked
4518,31,A3,3,3,0,29,21,True,B9,BA,SDC
4519,31,A3,3,3,1,29,29,False,B9,B9,Not activated
4520,31,A3,3,4,0,29,29,False,B9,B9,Not activated
4521,31,A3,3,4,1,29,39,True,B9,B2,SDC
4522,31,A3,3,5,0,29,09,True,B9,BB,SDC
4523,31,A3,3,5,1,29,29,False,B9,B9,Not activated
4524,31,A3,3,6,0,29,29,False,B9,B9,Not activated
4525,31,A3,3,6,1,29,69,True,B9,64,SDC
4526,31,A3,3,7,0,29,29,False,B9,B9,Not activated
4527,31,A3,3,7,1,29,A9,True,B9,BD,SDC
4528,31,B0,4,0,0,AF,AE,True,B9,B9,Masked
4529,31,B0,4,0,1,AF,AF,False,B9,B9,Not activated
4530,31,B0,4,1,0,AF,AD,True,B9,B9,Masked
4531,31,B0,4,1,1,AF,AF,False,B9,B9,Not activated
4532,31,B0,4,2,0,AF,AB,True,B9,B9,Masked
4533,31,B0,4,2,1,AF,AF,False,B9,B9,Not activated
4534,31,B0,4,3,0,AF,A7,True,B9,B9,Masked
4535,31,B0,4,3,1,AF,AF,False,B9,B9,Not activated
4536,31,B0,4,4,0,AF,AF,False,B9,B9,Not activated
4537,31,B0,4,4,1,AF,BF,True,B9,BC,SDC
4538,31,B0,4,5,0,AF,8F,True,B9,B8,SDC
4539,31,B0,4,5,1,AF,AF,False,B9,B9,Not activated
4540,31,B0,4,6,0,AF,AF,False,B9,B9,Not activated
4541,31,B0,4,6,1,AF,EF,True,B9,DD,SDC
4542,31,B0,4,7,0,AF,2F,True,B9,B7,SDC
4543,31,B0,4,7,1,AF,AF,False,B9,B9,Not activated
4544,31,B1,5,0,0,8C,8C,False,B9,B9,Not activated
4545,31,B1,5,0,1,8C,8D,True,B9,B9,Masked
4546,31,B1,5,1,0,8C,8C,False,B9,B9,Not activated
4547,31,B1,5,1,1,8C,8E,True,B9,B9,Masked
4548,31,B1,5,2,0,8C,88,True,B9,B9,Masked
4549,31,B1,5,2,1,8C,8C,False,B9,B9,Not activated
4550,31,B1,5,3,0,8C,84,True,B9,B9,Masked
4551,31,B1,5,3,1,8C,8C,False,B9,B9,Not activated
4552,31,B1,5,4,0,8C,8C,False,B9,B9,Not activated
4553,31,B1,5,4,1,8C,9C,True,B9,BA,SDC
4554,31,B1,5,5,0,8C,8C,False,B9,B9,Not activated
4555,31,B1,5,5,1,8C,AC,True,B9,BB,SDC
4556,31,B1,5,6,0,8C,8C,False,B9,B9,Not activated
4557,31,B1,5,6,1,8C,CC,True,B9,C7,SDC
4558,31,B1,5,7,0,8C,0C,True,B9,B9,Masked
4559,31,B1,5,7,1,8C,8C,False,B9,B9,Not activated
4560,31,B2,6,0,0,35,34,True,B9,B9,Masked
4561,31,B2,6,0,1,35,35,False,B9,B9,Not activated
4562,31,B2,6,1,0,35,35,False,B9,B9,Not activated
4563,31,B2,6,1,1,35,37,True,B9,BA,SDC
4564,31,B2,6,2,0,35,31,True,B9,B8,SDC
4565,31,B2,6,2,1,35,35,False,B9,B9,Not activated
4566,31,B2,6,3,0,35,35,False,B9,B9,Not activated
4567,31,B2,6,3,1,35,3D,True,B9,BD,SDC
4568,31,B2,6,4,0,35,25,True,B9,B5,SDC
4569,31,B2,6,4,1,35,35,False,B9,B9,Not activated
4570,31,B2,6,5,0,35,15,True,B9,B4,SDC
4571,31,B2,6,5,1,35,35,False,B9,B9,Not activated
4572,31,B2,6,6,0,35,35,False,B9,B9,Not activated
4573,31,B2,6,6,1,35,75,True,B9,EF,SDC
4574,31,B2,6,7,0,35,35,False,B9,B9,Not activated
4575,31,B2,6,7,1,35,B5,True,B9,A9,SDC
4576,31,B3,7,0,0,33,32,True,B9,BA,SDC
4577,31,B3,7,0,1,33,33,False,B9,B9,Not activated
4578,31,B3,7,1,0,33,31,True,B9,BA,SDC
4579,31,B3,7,1,1,33,33,False,B9,B9,Not activated
4580,31,B3,7,2,0,33,33,False,B9,B9,Not activated
4581,31,B3,7,2,1,33,37,True,B9,B9,Masked
4582,31,B3,7,3,0,33,33,False,B9,B9,Not activated
4583,31,B3,7,3,1,33,3B,True,B9,B8,SDC
4584,31,B3,7,4,0,33,23,True,B9,BB,SDC
4585,31,B3,7,4,1,33,33,False,B9,B9,Not activated
4586,31,B3,7,5,0,33,13,True,B9,BB,SDC
4587,31,B3,7,5,1,33,33,False,B9,B9,Not activated
4588,31,B3,7,6,0,33,33,False,B9,B9,Not activated
4589,31,B3,7,6,1,33,73,True,B9,64,SDC
4590,31,B3,7,7,0,33,33,False,B9,B9,Not activated
4591,31,B3,7,7,1,33,B3,True,B9,BD,SDC
4592,31,C0,8,0,0,B5,B4,True,B9,B9,Masked
4593,31,C0,8,0,1,B5,B5,False,B9,B9,Not activated
4594,31,C0,8,1,0,B5,B5,False,B9,B9,Not activated
4595,31,C0,8,1,1,B5,B7,True,B9,BA,SDC
4596,31,C0,8,2,0,B5,B1,True,B9,B7,SDC
4597,31,C0,8,2,1,B5,B5,False,B9,B9,Not activated
4598,31,C0,8,3,0,B5,B5,False,B9,B9,Not activated
4599,31,C0,8,3,1,B5,BD,True,B9,C0,SDC
4600,31,C0,8,4,0,B5,A5,True,B9,B1,SDC
4601,31,C0,8,4,1,B5,B5,False,B9,B9,Not activated
4602,31,C0,8,5,0,B5,95,True,B9,AE,SDC
4603,31,C0,8,5,1,B5,B5,False,B9,B9,Not activated
4604,31,C0,8,6,0,B5,B5,False,B9,B9,Not activated
4605,31,C0,8,6,1,B5,F5,True,B9,F5,SDC
4606,31,C0,8,7,0,B5,35,True,B9,2E,SDC
4607,31,C0,8,7,1,B5,B5,False,B9,B9,Not activated
4608,32,A0,0,0,0,A2,A2,False,AC,AC,Not activated
4609,32,A0,0,0,1,A2,A3,True,AC,AC,Masked
4610,32,A0,0,1,0,A2,A0,True,AC,AC,Masked
4611,32,A0,0,1,1,A2,A2,False,AC,AC,Not activated
4612,32,A0,0,2,0,A2,A2,False,AC,AC,Not activated
4613,32,A0,0,2,1,A2,A6,True,AC,AD,SDC
4614,32,A0,0,3,0,A2,A2,False,AC,AC,Not activated
4615,32,A0,0,3,1,A2,AA,True,AC,AE,SDC
4616,32,A0,0,4,0,A2,A2,False,AC,AC,Not activated
4617,32,A0,0,4,1,A2,B2,True,AC,B0,SDC
4618,32,A0,0,5,0,A2,82,True,AC,AB,SDC
4619,32,A0,0,5,1,A2,A2,False,AC,AC,Not activated
4620,32,A0,0,6,0,A2,A2,False,AC,AC,Not activated
4621,32,A0,0,6,1,A2,E2,True,AC,D3,SDC
4622,32,A0,0,7,0,A2,22,True,AC,AA,SDC
4623,32,A0,0,7,1,A2,A2,False,AC,AC,Not activated
4624,32,A1,1,0,0,AE,AE,False,AC,AC,Not activated
4625,32,A1,1,0,1,AE,AF,True,AC,AC,Masked
4626,32,A1,1,1,0,AE,AC,True,AC,AD,SDC
4627,32,A1,1,1,1,AE,AE,False,AC,AC,Not activated
4628,32,A1,1,2,0,AE,AA,True,AC,AE,SDC
4629,32,A1,1,2,1,AE,AE,False,AC,AC,Not activated
4630,32,A1,1,3,0,AE,A6,True,AC,B0,SDC
4631,32,A1,1,3,1,AE,AE,False,AC,AC,Not activated
4632,32,A1,1,4,0,AE,AE,False,AC,AC,Not activated
4633,32,A1,1,4,1,AE,BE,True,AC,26,SDC
4634,32,A1,1,5,0,AE,8E,True,AC,B1,SDC
4635,32,A1,1,5,1,AE,AE,False,AC,AC,Not activated
4636,32,A1,1,6,0,AE,AE,False,AC,AC,Not activated
4637,32,A1,1,6,1,AE,EE,True,AC,65,SDC
4638,32,A1,1,7,0,AE,2E,True,AC,B5,SDC
4639,32,A1,1,7,1,AE,AE,False,AC,AC,Not activated
4640,32,A2,2,0,0,B8,B8,False,AC,AC,Not activated
4641,32,A2,2,0,1,B8,B9,True,AC,AE,SDC
4642,32,A2,2,1,0,B8,B8,False,AC,AC,Not activated
4643,32,A2,2,1,1,B8,BA,True,AC,B0,SDC
4644,32,A2,2,2,0,B8,B8,False,AC,AC,Not activated
4645,32,A2,2,2,1,B8,BC,True,AC,B2,SDC
4646,32,A2,2,3,0,B8,B0,True,AC,A2,SDC
4647,32,A2,2,3,1,B8,B8,False,AC,AC,Not activated
4648,32,A2,2,4,0,B8,A8,True,AC,93,SDC
4649,32,A2,2,4,1,B8,B8,False,AC,AC,Not activated
4650,32,A2,2,5,0,B8,98,True,AC,14,SDC
4651,32,A2,2,5,1,B8,B8,False,AC,AC,Not activated
4652,32,A2,2,6,0,B8,B8,False,AC,AC,Not activated
4653,32,A2,2,6,1,B8,F8,True,AC,F8,SDC
4654,32,A2,2,7,0,B8,38,True,AC,31,SDC
4655,32,A2,2,7,1,B8,B8,False,AC,AC,Not activated
4656,32,A3,3,0,0,31,30,True,AC,AC,Masked
4657,32,A3,3,0,1,31,31,False,AC,AC,Not activated
4658,32,A3,3,1,0,31,31,False,AC,AC,Not activated
4659,32,A3,3,1,1,31,33,True,AC,AC,Masked
4660,32,A3,3,2,0,31,31,False,AC,AC,Not activated
4661,32,A3,3,2,1,31,35,True,AC,AB,SDC
4662,32,A3,3,3,0,31,31,False,AC,AC,Not activated
4663,32,A3,3,3,1,31,39,True,AC,AA,SDC
4664,32,A3,3,4,0,31,21,True,AC,AE,SDC
4665,32,A3,3,4,1,31,31,False,AC,AC,Not activated
4666,32,A3,3,5,0,31,11,True,AC,AE,SDC
4667,32,A3,3,5,1,31,31,False,AC,AC,Not activated
4668,32,A3,3,6,0,31,31,False,AC,AC,Not activated
4669,32,A3,3,6,1,31,71,True,AC,56,SDC
4670,32,A3,3,7,0,31,31,False,AC,AC,Not activated
4671,32,A3,3,7,1,31,B1,True,AC,B0,SDC
4672,32,B0,4,0,0,29,28,True,AC,AC,Masked
4673,32,B0,4,0,1,29,29,False,AC,AC,Not activated
4674,32,B0,4,1,0,29,29,False,AC,AC,Not activated
4675,32,B0,4,1,1,29,2B,True,AC,AC,Masked
4676,32,B0,4,2,0,29,29,False,AC,AC,Not activated
4677,32,B0,4,2,1,29,2D,True,AC,AD,SDC
4678,32,B0,4,3,0,29,21,True,AC,AC,Masked
4679,32,B0,4,3,1,29,29,False,AC,AC,Not activated
4680,32,B0,4,4,0,29,29,False,AC,AC,Not activated
4681,32,B0,4,4,1,29,39,True,AC,B0,SDC
4682,32,B0,4,5,0,29,09,True,AC,AB,SDC
4683,32,B0,4,5,1,29,29,False,AC,AC,Not activated
4684,32,B0,4,6,0,29,29,False,AC,AC,Not activated
4685,32,B0,4,6,1,29,69,True,AC,D3,SDC
4686,32,B0,4,7,0,29,29,False,AC,AC,Not activated
4687,32,B0,4,7,1,29,A9,True,AC,AA,SDC
4688,32,B1,5,0,0,AF,AE,True,AC,AD,SDC
4689,32,B1,5,0,1,AF,AF,False,AC,AC,Not activated
4690,32,B1,5,1,0,AF,AD,True,AC,AD,SDC
4691,32,B1,5,1,1,AF,AF,False,AC,AC,Not activated
4692,32,B1,5,2,0,AF,AB,True,AC,AE,SDC
4693,32,B1,5,2,1,AF,AF,False,AC,AC,Not activated
4694,32,B1,5,3,0,AF,A7,True,AC,B0,SDC
4695,32,B1,5,3,1,AF,AF,False,AC,AC,Not activated
4696,32,B1,5,4,0,AF,AF,False,AC,AC,Not activated
4697,32,B1,5,4,1,AF,BF,True,AC,26,SDC
4698,32,B1,5,5,0,AF,8F,True,AC,B1,SDC
4699,32,B1,5,5,1,AF,AF,False,AC,AC,Not activated
4700,32,B1,5,6,0,AF,AF,False,AC,AC,Not activated
4701,32,B1,5,6,1,AF,EF,True,AC,65,SDC
4702,32,B1,5,7,0,AF,2F,True,AC,B5,SDC
4703,32,B1,5,7,1,AF,AF,False,AC,AC,Not activated
4704,32,B2,6,0,0,2F,2E,True,AC,AB,SDC
4705,32,B2,6,0,1,2F,2F,False,AC,AC,Not activated
4706,32,B2,6,1,0,2F,2D,True,AC,AA,SDC
4707,32,B2,6,1,1,2F,2F,False,AC,AC,Not activated
4708,32,B2,6,2,0,2F,2B,True,AC,A8,SDC
4709,32,B2,6,2,1,2F,2F,False,AC,AC,Not activated
4710,32,B2,6,3,0,2F,27,True,AC,A2,SDC
4711,32,B2,6,3,1,2F,2F,False,AC,AC,Not activated
4712,32,B2,6,4,0,2F,2F,False,AC,AC,Not activated
4713,32,B2,6,4,1,2F,3F,True,AC,BF,SDC
4714,32,B2,6,5,0,2F,0F,True,AC,14,SDC
4715,32,B2,6,5,1,2F,2F,False,AC,AC,Not activated
4716,32,B2,6,6,0,2F,2F,False,AC,AC,Not activated
4717,32,B2,6,6,1,2F,6F,True,AC,EF,SDC
4718,32,B2,6,7,0,2F,2F,False,AC,AC,Not activated
4719,32,B2,6,7,1,2F,AF,True,AC,31,SDC
4720,32,B3,7,0,0,1D,1C,True,AC,AC,Masked
4721,32,B3,7,0,1,1D,1D,False,AC,AC,Not activated
4722,32,B3,7,1,0,1D,1D,False,AC,AC,Not activated
4723,32,B3,7,1,1,1D,1F,True,AC,AC,Masked
4724,32,B3,7,2,0,1D,19,True,AC,AD,SDC
4725,32,B3,7,2,1,1D,1D,False,AC,AC,Not activated
4726,32,B3,7,3,0,1D,15,True,AC,AD,SDC
4727,32,B3,7,3,1,1D,1D,False,AC,AC,Not activated
4728,32,B3,7,4,0,1D,0D,True,AC,AE,SDC
4729,32,B3,7,4,1,1D,1D,False,AC,AC,Not activated
4730,32,B3,7,5,0,1D,1D,False,AC,AC,Not activated
4731,32,B3,7,5,1,1D,3D,True,AC,2F,SDC
4732,32,B3,7,6,0,1D,1D,False,AC,AC,Not activated
4733,32,B3,7,6,1,1D,5D,True,AC,56,SDC
4734,32,B3,7,7,0,1D,1D,False,AC,AC,Not activated
4735,32,B3,7,7,1,1D,9D,True,AC,B0,SDC
4736,32,C0,8,0,0,A1,A0,True,AC,AC,Masked
4737,32,C0,8,0,1,A1,A1,False,AC,AC,Not activated
4738,32,C0,8,1,0,A1,A1,False,AC,AC,Not activated
4739,32,C0,8,1,1,A1,A3,True,AC,AD,SDC
4740,32,C0,8,2,0,A1,A1,False,AC,AC,Not activated
4741,32,C0,8,2,1,A1,A5,True,AC,AE,SDC
4742,32,C0,8,3,0,A1,A1,False,AC,AC,Not activated
4743,32,C0,8,3,1,A1,A9,True,AC,B0,SDC
4744,32,C0,8,4,0,A1,A1,False,AC,AC,Not activated
4745,32,C0,8,4,1,A1,B1,True,AC,B5,SDC
4746,32,C0,8,5,0,A1,81,True,AC,A8,SDC
4747,32,C0,8,5,1,A1,A1,False,AC,AC,Not activated
4748,32,C0,8,6,0,A1,A1,False,AC,AC,Not activated
4749,32,C0,8,6,1,A1,E1,True,AC,E1,SDC
4750,32,C0,8,7,0,A1,21,True,AC,9D,SDC
4751,32,C0,8,7,1,A1,A1,False,AC,AC,Not activated
4752,33,A0,0,0,0,B8,B8,False,BF,BF,Not activated
4753,33,A0,0,0,1,B8,B9,True,BF,BF,Masked
4754,33,A0,0,1,0,B8,B8,False,BF,BF,Not activated
4755,33,A0,0,1,1,B8,BA,True,BF,BF,Masked
4756,33,A0,0,2,0,B8,B8,False,BF,BF,Not activated
4757,33,A0,0,2,1,B8,BC,True,BF,BF,Masked
4758,33,A0,0,3,0,B8,B0,True,BF,BE,SDC
4759,33,A0,0,3,1,B8,B8,False,BF,BF,Not activated
4760,33,A0,0,4,0,B8,A8,True,BF,BE,SDC
4761,33,A0,0,4,1,B8,B8,False,BF,BF,Not activated
4762,33,A0,0,5,0,B8,98,True,BF,BE,SDC
4763,33,A0,0,5,1,B8,B8,False,BF,BF,Not activated
4764,33,A0,0,6,0,B8,B8,False,BF,BF,Not activated
4765,33,A0,0,6,1,B8,F8,True,BF,F8,SDC
4766,33,A0,0,7,0,B8,38,True,BF,BD,SDC
4767,33,A0,0,7,1,B8,B8,False,BF,BF,Not activated
4768,33,A1,1,0,0,B6,B6,False,BF,BF,Not activated
4769,33,A1,1,0,1,B6,B7,True,BF,BF,Masked
4770,33,A1,1,1,0,B6,B4,True,BF,BE,SDC
4771,33,A1,1,1,1,B6,B6,False,BF,BF,Not activated
4772,33,A1,1,2,0,B6,B2,True,BF,BD,SDC
4773,33,A1,1,2,1,B6,B6,False,BF,BF,Not activated
4774,33,A1,1,3,0,B6,B6,False,BF,BF,Not activated
4775,33,A1,1,3,1,B6,BE,True,BF,C2,SDC
4776,33,A1,1,4,0,B6,A6,True,BF,BB,SDC
4777,33,A1,1,4,1,B6,B6,False,BF,BF,Not activated
4778,33,A1,1,5,0,B6,96,True,BF,BB,SDC
4779,33,A1,1,5,1,B6,B6,False,BF,BF,Not activated
4780,33,A1,1,6,0,B6,B6,False,BF,BF,Not activated
4781,33,A1,1,6,1,B6,F6,True,BF,F2,SDC
4782,33,A1,1,7,0,B6,36,True,BF,B3,SDC
4783,33,A1,1,7,1,B6,B6,False,BF,BF,Not activated
4784,33,A2,2,0,0,34,34,False,BF,BF,Not activated
4785,33,A2,2,0,1,34,35,True,BF,BF,Masked
4786,33,A2,2,1,0,34,34,False,BF,BF,Not activated
4787,33,A2,2,1,1,34,36,True,BF,BF,Masked
4788,33,A2,2,2,0,34,30,True,BF,BF,Masked
4789,33,A2,2,2,1,34,34,False,BF,BF,Not activated
4790,33,A2,2,3,0,34,34,False,BF,BF,Not activated
4791,33,A2,2,3,1,34,3C,True,BF,BE,SDC
4792,33,A2,2,4,0,34,24,True,BF,C0,SDC
4793,33,A2,2,4,1,34,34,False,BF,BF,Not activated
4794,33,A2,2,5,0,34,14,True,BF,C0,SDC
4795,33,A2,2,5,1,34,34,False,BF,BF,Not activated
4796,33,A2,2,6,0,34,34,False,BF,BF,Not activated
4797,33,A2,2,6,1,34,74,True,BF,60,SDC
4798,33,A2,2,7,0,34,34,False,BF,BF,Not activated
4799,33,A2,2,7,1,34,B4,True,BF,C1,SDC
4800,33,A3,3,0,0,35,34,True,BF,BF,Masked
4801,33,A3,3,0,1,35,35,False,BF,BF,Not activated
4802,33,A3,3,1,0,35,35,False,BF,BF,Not activated
4803,33,A3,3,1,1,35,37,True,BF,C0,SDC
4804,33,A3,3,2,0,35,31,True,BF,BE,SDC
4805,33,A3,3,2,1,35,35,False,BF,BF,Not activated
4806,33,A3,3,3,0,35,35,False,BF,BF,Not activated
4807,33,A3,3,3,1,35,3D,True,BF,C2,SDC
4808,33,A3,3,4,0,35,25,True,BF,BC,SDC
4809,33,A3,3,4,1,35,35,False,BF,BF,Not activated
4810,33,A3,3,5,0,35,15,True,BF,BB,SDC
4811,33,A3,3,5,1,35,35,False,BF,BF,Not activated
4812,33,A3,3,6,0,35,35,False,BF,BF,Not activated
4813,33,A3,3,6,1,35,75,True,BF,F1,SDC
4814,33,A3,3,7,0,35,35,False,BF,BF,Not activated
4815,33,A3,3,7,1,35,B5,True,BF,B5,SDC
4816,33,B0,4,0,0,1C,1C,False,BF,BF,Not activated
4817,33,B0,4,0,1,1C,1D,True,BF,BF,Masked
4818,33,B0,4,1,0,1C,1C,False,BF,BF,Not activated
4819,33,B0,4,1,1,1C,1E,True,BF,BF,Masked
4820,33,B0,4,2,0,1C,18,True,BF,BE,SDC
4821,33,B0,4,2,1,1C,1C,False,BF,BF,Not activated
4822,33,B0,4,3,0,1C,14,True,BF,BE,SDC
4823,33,B0,4,3,1,1C,1C,False,BF,BF,Not activated
4824,33,B0,4,4,0,1C,0C,True,BF,BE,SDC
4825,33,B0,4,4,1,1C,1C,False,BF,BF,Not activated
4826,33,B0,4,5,0,1C,1C,False,BF,BF,Not activated
4827,33,B0,4,5,1,1C,3C,True,BF,C4,SDC
4828,33,B0,4,6,0,1C,1C,False,BF,BF,Not activated
4829,33,B0,4,6,1,1C,5C,True,BF,DC,SDC
4830,33,B0,4,7,0,1C,1C,False,BF,BF,Not activated
4831,33,B0,4,7,1,1C,9C,True,BF,BD,SDC
4832,33,B1,5,0,0,33,32,True,BF,BE,SDC
4833,33,B1,5,0,1,33,33,False,BF,BF,Not activated
4834,33,B1,5,1,0,33,31,True,BF,BE,SDC
4835,33,B1,5,1,1,33,33,False,BF,BF,Not activated
4836,33,B1,5,2,0,33,33,False,BF,BF,Not activated
4837,33,B1,5,2,1,33,37,True,BF,C1,SDC
4838,33,B1,5,3,0,33,33,False,BF,BF,Not activated
4839,33,B1,5,3,1,33,3B,True,BF,C2,SDC
4840,33,B1,5,4,0,33,23,True,BF,BB,SDC
4841,33,B1,5,4,1,33,33,False,BF,BF,Not activated
4842,33,B1,5,5,0,33,13,True,BF,BB,SDC
4843,33,B1,5,5,1,33,33,False,BF,BF,Not activated
4844,33,B1,5,6,0,33,33,False,BF,BF,Not activated
4845,33,B1,5,6,1,33,73,True,BF,F2,SDC
4846,33,B1,5,7,0,33,33,False,BF,BF,Not activated
4847,33,B1,5,7,1,33,B3,True,BF,B3,SDC
4848,33,B2,6,0,0,23,22,True,BF,BF,Masked
4849,33,B2,6,0,1,23,23,False,BF,BF,Not activated
4850,33,B2,6,1,0,23,21,True,BF,BF,Masked
4851,33,B2,6,1,1,23,23,False,BF,BF,Not activated
4852,33,B2,6,2,0,23,23,False,BF,BF,Not activated
4853,33,B2,6,2,1,23,27,True,BF,BF,Masked
4854,33,B2,6,3,0,23,23,False,BF,BF,Not activated
4855,33,B2,6,3,1,23,2B,True,BF,BE,SDC
4856,33,B2,6,4,0,23,23,False,BF,BF,Not activated
4857,33,B2,6,4,1,23,33,True,BF,BC,SDC
4858,33,B2,6,5,0,23,03,True,BF,C0,SDC
4859,33,B2,6,5,1,23,23,False,BF,BF,Not activated
4860,33,B2,6,6,0,23,23,False,BF,BF,Not activated
4861,33,B2,6,6,1,23,63,True,BF,60,SDC
4862,33,B2,6,7,0,23,23,False,BF,BF,Not activated
4863,33,B2,6,7,1,23,A3,True,BF,C1,SDC
4864,33,B3,7,0,0,B3,B2,True,BF,BF,Masked
4865,33,B3,7,0,1,B3,B3,False,BF,BF,Not activated
4866,33,B3,7,1,0,B3,B1,True,BF,BF,Masked
4867,33,B3,7,1,1,B3,B3,False,BF,BF,Not activated
4868,33,B3,7,2,0,B3,B3,False,BF,BF,Not activated
4869,33,B3,7,2,1,B3,B7,True,BF,C1,SDC
4870,33,B3,7,3,0,B3,B3,False,BF,BF,Not activated
4871,33,B3,7,3,1,B3,BB,True,BF,C2,SDC
4872,33,B3,7,4,0,B3,A3,True,BF,BC,SDC
4873,33,B3,7,4,1,B3,B3,False,BF,BF,Not activated
4874,33,B3,7,5,0,B3,93,True,BF,BB,SDC
4875,33,B3,7,5,1,B3,B3,False,BF,BF,Not activated
4876,33,B3,7,6,0,B3,B3,False,BF,BF,Not activated
4877,33,B3,7,6,1,B3,F3,True,BF,F1,SDC
4878,33,B3,7,7,0,B3,33,True,BF,B5,SDC
4879,33,B3,7,7,1,B3,B3,False,BF,BF,Not activated
4880,33,C0,8,0,0,B4,B4,False,BF,BF,Not activated
4881,33,C0,8,0,1,B4,B5,True,BF,BF,Masked
4882,33,C0,8,1,0,B4,B4,False,BF,BF,Not activated
4883,33,C0,8,1,1,B4,B6,True,BF,C0,SDC
4884,33,C0,8,2,0,B4,B0,True,BF,BD,SDC
4885,33,C0,8,2,1,B4,B4,False,BF,BF,Not activated
4886,33,C0,8,3,0,B4,B4,False,BF,BF,Not activated
4887,33,C0,8,3,1,B4,BC,True,BF,C2,SDC
4888,33,C0,8,4,0,B4,A4,True,BF,BA,SDC
4889,33,C0,8,4,1,B4,B4,False,BF,BF,Not activated
4890,33,C0,8,5,0,B4,94,True,BF,B9,SDC
4891,33,C0,8,5,1,B4,B4,False,BF,BF,Not activated
4892,33,C0,8,6,0,B4,B4,False,BF,BF,Not activated
4893,33,C0,8,6,1,B4,F4,True,BF,F4,SDC
4894,33,C0,8,7,0,B4,34,True,BF,AD,SDC
4895,33,C0,8,7,1,B4,B4,False,BF,BF,Not activated
4896,34,A0,0,0,0,AC,AC,False,B9,B9,Not activated
4897,34,A0,0,0,1,AC,AD,True,B9,B9,Masked
4898,34,A0,0,1,0,AC,AC,False,B9,B9,Not activated
4899,34,A0,0,1,1,AC,AE,True,B9,B9,Masked
4900,34,A0,0,2,0,AC,A8,True,B9,B8,SDC
4901,34,A0,0,2,1,AC,AC,False,B9,B9,Not activated
4902,34,A0,0,3,0,AC,A4,True,B9,B7,SDC
4903,34,A0,0,3,1,AC,AC,False,B9,B9,Not activated
4904,34,A0,0,4,0,AC,AC,False,B9,B9,Not activated
4905,34,A0,0,4,1,AC,BC,True,B9,C0,SDC
4906,34,A0,0,5,0,AC,8C,True,B9,B4,SDC
4907,34,A0,0,5,1,AC,AC,False,B9,B9,Not activated
4908,34,A0,0,6,0,AC,AC,False,B9,B9,Not activated
4909,34,A0,0,6,1,AC,EC,True,B9,EA,SDC
4910,34,A0,0,7,0,AC,2C,True,B9,B0,SDC
4911,34,A0,0,7,1,AC,AC,False,B9,B9,Not activated
4912,34,A1,1,0,0,35,34,True,B9,B8,SDC
4913,34,A1,1,0,1,35,35,False,B9,B9,Not activated
4914,34,A1,1,1,0,35,35,False,B9,B9,Not activated
4915,34,A1,1,1,1,35,37,True,B9,B9,Masked
4916,34,A1,1,2,0,35,31,True,B9,B7,SDC
4917,34,A1,1,2,1,35,35,False,B9,B9,Not activated
4918,34,A1,1,3,0,35,35,False,B9,B9,Not activated
4919,34,A1,1,3,1,35,3D,True,B9,BD,SDC
4920,34,A1,1,4,0,35,25,True,B9,B4,SDC
4921,34,A1,1,4,1,35,35,False,B9,B9,Not activated
4922,34,A1,1,5,0,35,15,True,B9,B3,SDC
4923,34,A1,1,5,1,35,35,False,B9,B9,Not activated
4924,34,A1,1,6,0,35,35,False,B9,B9,Not activated
4925,34,A1,1,6,1,35,75,True,B9,EF,SDC
4926,34,A1,1,7,0,35,35,False,B9,B9,Not activated
4927,34,A1,1,7,1,35,B5,True,B9,A5,SDC
4928,34,A2,2,0,0,31,30,True,B9,B8,SDC
4929,34,A2,2,0,1,31,31,False,B9,B9,Not activated
4930,34,A2,2,1,0,31,31,False,B9,B9,Not activated
4931,34,A2,2,1,1,31,33,True,B9,B9,Masked
4932,34,A2,2,2,0,31,31,False,B9,B9,Not activated
4933,34,A2,2,2,1,31,35,True,B9,BA,SDC
4934,34,A2,2,3,0,31,31,False,B9,B9,Not activated
4935,34,A2,2,3,1,31,39,True,B9,BB,SDC
4936,34,A2,2,4,0,31,21,True,B9,B6,SDC
4937,34,A2,2,4,1,31,31,False,B9,B9,Not activated
4938,34,A2,2,5,0,31,11,True,B9,B5,SDC
4939,34,A2,2,5,1,31,31,False,B9,B9,Not activated
4940,34,A2,2,6,0,31,31,False,B9,B9,Not activated
4941,34,A2,2,6,1,31,71,True,B9,E9,SDC
4942,34,A2,2,7,0,31,31,False,B9,B9,Not activated
4943,34,A2,2,7,1,31,B1,True,B9,B0,SDC
4944,34,A3,3,0,0,34,34,False,B9,B9,Not activated
4945,34,A3,3,0,1,34,35,True,B9,B9,Masked
4946,34,A3,3,1,0,34,34,False,B9,B9,Not activated
4947,34,A3,3,1,1,34,36,True,B9,BA,SDC
4948,34,A3,3,2,0,34,30,True,B9,B6,SDC
4949,34,A3,3,2,1,34,34,False,B9,B9,Not activated
4950,34,A3,3,3,0,34,34,False,B9,B9,Not activated
4951,34,A3,3,3,1,34,3C,True,B9,BE,SDC
4952,34,A3,3,4,0,34,24,True,B9,B2,SDC
4953,34,A3,3,4,1,34,34,False,B9,B9,Not activated
4954,34,A3,3,5,0,34,14,True,B9,B1,SDC
4955,34,A3,3,5,1,34,34,False,B9,B9,Not activated
4956,34,A3,3,6,0,34,34,False,B9,B9,Not activated
4957,34,A3,3,6,1,34,74,True,B9,F2,SDC
4958,34,A3,3,7,0,34,34,False,B9,B9,Not activated
4959,34,A3,3,7,1,34,B4,True,B9,1E,SDC
4960,34,B0,4,0,0,35,34,True,B9,B8,SDC
4961,34,B0,4,0,1,35,35,False,B9,B9,Not activated
4962,34,B0,4,1,0,35,35,False,B9,B9,Not activated
4963,34,B0,4,1,1,35,37,True,B9,B9,Masked
4964,34,B0,4,2,0,35,31,True,B9,B8,SDC
4965,34,B0,4,2,1,35,35,False,B9,B9,Not activated
4966,34,B0,4,3,0,35,35,False,B9,B9,Not activated
4967,34,B0,4,3,1,35,3D,True,B9,BB,SDC
4968,34,B0,4,4,0,35,25,True,B9,B6,SDC
4969,34,B0,4,4,1,35,35,False,B9,B9,Not activated
4970,34,B0,4,5,0,35,15,True,B9,B4,SDC
4971,34,B0,4,5,1,35,35,False,B9,B9,Not activated
4972,34,B0,4,6,0,35,35,False,B9,B9,Not activated
4973,34,B0,4,6,1,35,75,True,B9,EA,SDC
4974,34,B0,4,7,0,35,35,False,B9,B9,Not activated
4975,34,B0,4,7,1,35,B5,True,B9,B0,SDC
4976,34,B1,5,0,0,B1,B0,True,B9,B8,SDC
4977,34,B1,5,0,1,B1,B1,False,B9,B9,Not activated
4978,34,B1,5,1,0,B1,B1,False,B9,B9,Not activated
4979,34,B1,5,1,1,B1,B3,True,B9,BA,SDC
4980,34,B1,5,2,0,B1,B1,False,B9,B9,Not activated
4981,34,B1,5,2,1,B1,B5,True,B9,BA,SDC
4982,34,B1,5,3,0,B1,B1,False,B9,B9,Not activated
4983,34,B1,5,3,1,B1,B9,True,B9,BD,SDC
4984,34,B1,5,4,0,B1,A1,True,B9,B4,SDC
4985,34,B1,5,4,1,B1,B1,False,B9,B9,Not activated
4986,34,B1,5,5,0,B1,91,True,B9,B3,SDC
4987,34,B1,5,5,1,B1,B1,False,B9,B9,Not activated
4988,34,B1,5,6,0,B1,B1,False,B9,B9,Not activated
4989,34,B1,5,6,1,B1,F1,True,B9,EF,SDC
4990,34,B1,5,7,0,B1,31,True,B9,A5,SDC
4991,34,B1,5,7,1,B1,B1,False,B9,B9,Not activated
4992,34,B2,6,0,0,B0,B0,False,B9,B9,Not activated
4993,34,B2,6,0,1,B0,B1,True,B9,B9,Masked
4994,34,B2,6,1,0,B0,B0,False,B9,B9,Not activated
4995,34,B2,6,1,1,B0,B2,True,B9,B9,Masked
4996,34,B2,6,2,0,B0,B0,False,B9,B9,Not activated
4997,34,B2,6,2,1,B0,B4,True,B9,BA,SDC
4998,34,B2,6,3,0,B0,B0,False,B9,B9,Not activated
4999,34,B2,6,3,1,B0,B8,True,B9,BB,SDC
5000,34,B2,6,4,0,B0,A0,True,B9,B6,SDC
5001,34,B2,6,4,1,B0,B0,False,B9,B9,Not activated
5002,34,B2,6,5,0,B0,90,True,B9,B5,SDC
5003,34,B2,6,5,1,B0,B0,False,B9,B9,Not activated
5004,34,B2,6,6,0,B0,B0,False,B9,B9,Not activated
5005,34,B2,6,6,1,B0,F0,True,B9,E9,SDC
5006,34,B2,6,7,0,B0,30,True,B9,B0,SDC
5007,34,B2,6,7,1,B0,B0,False,B9,B9,Not activated
5008,34,B3,7,0,0,B5,B4,True,B9,B8,SDC
5009,34,B3,7,0,1,B5,B5,False,B9,B9,Not activated
5010,34,B3,7,1,0,B5,B5,False,B9,B9,Not activated
5011,34,B3,7,1,1,B5,B7,True,B9,BA,SDC
5012,34,B3,7,2,0,B5,B1,True,B9,B7,SDC
5013,34,B3,7,2,1,B5,B5,False,B9,B9,Not activated
5014,34,B3,7,3,0,B5,B5,False,B9,B9,Not activated
5015,34,B3,7,3,1,B5,BD,True,B9,BE,SDC
5016,34,B3,7,4,0,B5,A5,True,B9,B2,SDC
5017,34,B3,7,4,1,B5,B5,False,B9,B9,Not activated
5018,34,B3,7,5,0,B5,95,True,B9,B1,SDC
5019,34,B3,7,5,1,B5,B5,False,B9,B9,Not activated
5020,34,B3,7,6,0,B5,B5,False,B9,B9,Not activated
5021,34,B3,7,6,1,B5,F5,True,B9,F2,SDC
5022,34,B3,7,7,0,B5,35,True,B9,1E,SDC
5023,34,B3,7,7,1,B5,B5,False,B9,B9,Not activated
5024,34,C0,8,0,0,31,30,True,B9,B9,Masked
5025,34,C0,8,0,1,31,31,False,B9,B9,Not activated
5026,34,C0,8,1,0,31,31,False,B9,B9,Not activated
5027,34,C0,8,1,1,31,33,True,B9,B8,SDC
5028,34,C0,8,2,0,31,31,False,B9,B9,Not activated
5029,34,C0,8,2,1,31,35,True,B9,B6,SDC
5030,34,C0,8,3,0,31,31,False,B9,B9,Not activated
5031,34,C0,8,3,1,31,39,True,B9,B1,SDC
5032,34,C0,8,4,0,31,21,True,B9,BC,SDC
5033,34,C0,8,4,1,31,31,False,B9,B9,Not activated
5034,34,C0,8,5,0,31,11,True,B9,BD,SDC
5035,34,C0,8,5,1,31,31,False,B9,B9,Not activated
5036,34,C0,8,6,0,31,31,False,B9,B9,Not activated
5037,34,C0,8,6,1,31,71,True,B9,71,SDC
5038,34,C0,8,7,0,31,31,False,B9,B9,Not activated
5039,34,C0,8,7,1,31,B1,True,B9,C1,SDC
5040,35,A0,0,0,0,34,34,False,39,39,Not activated
5041,35,A0,0,0,1,34,35,True,39,3A,SDC
5042,35,A0,0,1,0,34,34,False,39,39,Not activated
5043,35,A0,0,1,1,34,36,True,39,3A,SDC
5044,35,A0,0,2,0,34,30,True,39,37,SDC
5045,35,A0,0,2,1,34,34,False,39,39,Not activated
5046,35,A0,0,3,0,34,34,False,39,39,Not activated
5047,35,A0,0,3,1,34,3C,True,39,3D,SDC
5048,35,A0,0,4,0,34,24,True,39,31,SDC
5049,35,A0,0,4,1,34,34,False,39,39,Not activated
5050,35,A0,0,5,0,34,14,True,39,30,SDC
5051,35,A0,0,5,1,34,34,False,39,39,Not activated
5052,35,A0,0,6,0,34,34,False,39,39,Not activated
5053,35,A0,0,6,1,34,74,True,39,73,SDC
5054,35,A0,0,7,0,34,34,False,39,39,Not activated
5055,35,A0,0,7,1,34,B4,True,39,A8,SDC
5056,35,A1,1,0,0,A4,A4,False,39,39,Not activated
5057,35,A1,1,0,1,A4,A5,True,39,39,Masked
5058,35,A1,1,1,0,A4,A4,False,39,39,Not activated
5059,35,A1,1,1,1,A4,A6,True,39,39,Masked
5060,35,A1,1,2,0,A4,A0,True,39,39,Masked
5061,35,A1,1,2,1,A4,A4,False,39,39,Not activated
5062,35,A1,1,3,0,A4,A4,False,39,39,Not activated
5063,35,A1,1,3,1,A4,AC,True,39,37,SDC
5064,35,A1,1,4,0,A4,A4,False,39,39,Not activated
5065,35,A1,1,4,1,A4,B4,True,39,31,SDC
5066,35,A1,1,5,0,A4,84,True,39,3A,SDC
5067,35,A1,1,5,1,A4,A4,False,39,39,Not activated
5068,35,A1,1,6,0,A4,A4,False,39,39,Not activated
5069,35,A1,1,6,1,A4,E4,True,39,E1,SDC
5070,35,A1,1,7,0,A4,24,True,39,3B,SDC
5071,35,A1,1,7,1,A4,A4,False,39,39,Not activated
5072,35,A2,2,0,0,27,26,True,39,39,Masked
5073,35,A2,2,0,1,27,27,False,39,39,Not activated
5074,35,A2,2,1,0,27,25,True,39,39,Masked
5075,35,A2,2,1,1,27,27,False,39,39,Not activated
5076,35,A2,2,2,0,27,23,True,39,37,SDC
5077,35,A2,2,2,1,27,27,False,39,39,Not activated
5078,35,A2,2,3,0,27,27,False,39,39,Not activated
5079,35,A2,2,3,1,27,2F,True,39,3B,SDC
5080,35,A2,2,4,0,27,27,False,39,39,Not activated
5081,35,A2,2,4,1,27,37,True,39,3F,SDC
5082,35,A2,2,5,0,27,07,True,39,35,SDC
5083,35,A2,2,5,1,27,27,False,39,39,Not activated
5084,35,A2,2,6,0,27,27,False,39,39,Not activated
5085,35,A2,2,6,1,27,67,True,39,66,SDC
5086,35,A2,2,7,0,27,27,False,39,39,Not activated
5087,35,A2,2,7,1,27,A7,True,39,31,SDC
5088,35,A3,3,0,0,B3,B2,True,39,39,Masked
5089,35,A3,3,0,1,B3,B3,False,39,39,Not activated
5090,35,A3,3,1,0,B3,B1,True,39,39,Masked
5091,35,A3,3,1,1,B3,B3,False,39,39,Not activated
5092,35,A3,3,2,0,B3,B3,False,39,39,Not activated
5093,35,A3,3,2,1,B3,B7,True,39,37,SDC
5094,35,A3,3,3,0,B3,B3,False,39,39,Not activated
5095,35,A3,3,3,1,B3,BB,True,39,32,SDC
5096,35,A3,3,4,0,B3,A3,True,39,3B,SDC
5097,35,A3,3,4,1,B3,B3,False,39,39,Not activated
5098,35,A3,3,5,0,B3,93,True,39,3C,SDC
5099,35,A3,3,5,1,B3,B3,False,39,39,Not activated
5100,35,A3,3,6,0,B3,B3,False,39,39,Not activated
5101,35,A3,3,6,1,B3,F3,True,39,EE,SDC
5102,35,A3,3,7,0,B3,33,True,39,3F,SDC
5103,35,A3,3,7,1,B3,B3,False,39,39,Not activated
5104,35,B0,4,0,0,36,36,False,39,39,Not activated
5105,35,B0,4,0,1,36,37,True,39,3A,SDC
5106,35,B0,4,1,0,36,34,True,39,37,SDC
5107,35,B0,4,1,1,36,36,False,39,39,Not activated
5108,35,B0,4,2,0,36,32,True,39,37,SDC
5109,35,B0,4,2,1,36,36,False,39,39,Not activated
5110,35,B0,4,3,0,36,36,False,39,39,Not activated
5111,35,B0,4,3,1,36,3E,True,39,3D,SDC
5112,35,B0,4,4,0,36,26,True,39,31,SDC
5113,35,B0,4,4,1,36,36,False,39,39,Not activated
5114,35,B0,4,5,0,36,16,True,39,30,SDC
5115,35,B0,4,5,1,36,36,False,39,39,Not activated
5116,35,B0,4,6,0,36,36,False,39,39,Not activated
5117,35,B0,4,6,1,36,76,True,39,73,SDC
5118,35,B0,4,7,0,36,36,False,39,39,Not activated
5119,35,B0,4,7,1,36,B6,True,39,A8,SDC
5120,35,B1,5,0,0,34,34,False,39,39,Not activated
5121,35,B1,5,0,1,34,35,True,39,39,Masked
5122,35,B1,5,1,0,34,34,False,39,39,Not activated
5123,35,B1,5,1,1,34,36,True,39,39,Masked
5124,35,B1,5,2,0,34,30,True,39,39,Masked
5125,35,B1,5,2,1,34,34,False,39,39,Not activated
5126,35,B1,5,3,0,34,34,False,39,39,Not activated
5127,35,B1,5,3,1,34,3C,True,39,37,SDC
5128,35,B1,5,4,0,34,24,True,39,3A,SDC
5129,35,B1,5,4,1,34,34,False,39,39,Not activated
5130,35,B1,5,5,0,34,14,True,39,3A,SDC
5131,35,B1,5,5,1,34,34,False,39,39,Not activated
5132,35,B1,5,6,0,34,34,False,39,39,Not activated
5133,35,B1,5,6,1,34,74,True,39,E1,SDC
5134,35,B1,5,7,0,34,34,False,39,39,Not activated
5135,35,B1,5,7,1,34,B4,True,39,3B,SDC
5136,35,B2,6,0,0,37,36,True,39,39,Masked
5137,35,B2,6,0,1,37,37,False,39,39,Not activated
5138,35,B2,6,1,0,37,35,True,39,39,Masked
5139,35,B2,6,1,1,37,37,False,39,39,Not activated
5140,35,B2,6,2,0,37,33,True,39,37,SDC
5141,35,B2,6,2,1,37,37,False,39,39,Not activated
5142,35,B2,6,3,0,37,37,False,39,39,Not activated
5143,35,B2,6,3,1,37,3F,True,39,3B,SDC
5144,35,B2,6,4,0,37,27,True,39,35,SDC
5145,35,B2,6,4,1,37,37,False,39,39,Not activated
5146,35,B2,6,5,0,37,17,True,39,35,SDC
5147,35,B2,6,5,1,37,37,False,39,39,Not activated
5148,35,B2,6,6,0,37,37,False,39,39,Not activated
5149,35,B2,6,6,1,37,77,True,39,66,SDC
5150,35,B2,6,7,0,37,37,False,39,39,Not activated
5151,35,B2,6,7,1,37,B7,True,39,31,SDC
5152,35,B3,7,0,0,32,32,False,39,39,Not activated
5153,35,B3,7,0,1,32,33,True,39,38,SDC
5154,35,B3,7,1,0,32,30,True,39,39,Masked
5155,35,B3,7,1,1,32,32,False,39,39,Not activated
5156,35,B3,7,2,0,32,32,False,39,39,Not activated
5157,35,B3,7,2,1,32,36,True,39,36,SDC
5158,35,B3,7,3,0,32,32,False,39,39,Not activated
5159,35,B3,7,3,1,32,3A,True,39,32,SDC
5160,35,B3,7,4,0,32,22,True,39,3B,SDC
5161,35,B3,7,4,1,32,32,False,39,39,Not activated
5162,35,B3,7,5,0,32,12,True,39,3C,SDC
5163,35,B3,7,5,1,32,32,False,39,39,Not activated
5164,35,B3,7,6,0,32,32,False,39,39,Not activated
5165,35,B3,7,6,1,32,72,True,39,EE,SDC
5166,35,B3,7,7,0,32,32,False,39,39,Not activated
5167,35,B3,7,7,1,32,B2,True,39,3F,SDC
5168,35,C0,8,0,0,34,34,False,39,39,Not activated
5169,35,C0,8,0,1,34,35,True,39,3A,SDC
5170,35,C0,8,1,0,34,34,False,39,39,Not activated
5171,35,C0,8,1,1,34,36,True,39,3A,SDC
5172,35,C0,8,2,0,34,30,True,39,35,SDC
5173,35,C0,8,2,1,34,34,False,39,39,Not activated
5174,35,C0,8,3,0,34,34,False,39,39,Not activated
5175,35,C0,8,3,1,34,3C,True,39,3F,SDC
5176,35,C0,8,4,0,34,24,True,39,31,SDC
5177,35,C0,8,4,1,34,34,False,39,39,Not activated
5178,35,C0,8,5,0,34,14,True,39,2C,SDC
5179,35,C0,8,5,1,34,34,False,39,39,Not activated
5180,35,C0,8,6,0,34,34,False,39,39,Not activated
5181,35,C0,8,6,1,34,74,True,39,74,SDC
5182,35,C0,8,7,0,34,34,False,39,39,Not activated
5183,35,C0,8,7,1,34,B4,True,39,AE,SDC
5184,36,A0,0,0,0,B7,B6,True,AA,A8,SDC
5185,36,A0,0,0,1,B7,B7,False,AA,AA,Not activated
5186,36,A0,0,1,0,B7,B5,True,AA,A6,SDC
5187,36,A0,0,1,1,B7,B7,False,AA,AA,Not activated
5188,36,A0,0,2,0,B7,B3,True,AA,A2,SDC
5189,36,A0,0,2,1,B7,B7,False,AA,AA,Not activated
5190,36,A0,0,3,0,B7,B7,False,AA,AA,Not activated
5191,36,A0,0,3,1,B7,BF,True,AA,B7,SDC
5192,36,A0,0,4,0,B7,A7,True,AA,22,SDC
5193,36,A0,0,4,1,B7,B7,False,AA,AA,Not activated
5194,36,A0,0,5,0,B7,97,True,AA,29,SDC
5195,36,A0,0,5,1,B7,B7,False,AA,AA,Not activated
5196,36,A0,0,6,0,B7,B7,False,AA,AA,Not activated
5197,36,A0,0,6,1,B7,F7,True,AA,F1,SDC
5198,36,A0,0,7,0,B7,37,True,AA,35,SDC
5199,36,A0,0,7,1,B7,B7,False,AA,AA,Not activated
5200,36,A1,1,0,0,2F,2E,True,AA,AA,Masked
5201,36,A1,1,0,1,2F,2F,False,AA,AA,Not activated
5202,36,A1,1,1,0,2F,2D,True,AA,AB,SDC
5203,36,A1,1,1,1,2F,2F,False,AA,AA,Not activated
5204,36,A1,1,2,0,2F,2B,True,AA,AC,SDC
5205,36,A1,1,2,1,2F,2F,False,AA,AA,Not activated
5206,36,A1,1,3,0,2F,27,True,AA,AF,SDC
5207,36,A1,1,3,1,2F,2F,False,AA,AA,Not activated
5208,36,A1,1,4,0,2F,2F,False,AA,AA,Not activated
5209,36,A1,1,4,1,2F,3F,True,AA,33,SDC
5210,36,A1,1,5,0,2F,0F,True,AA,B2,SDC
5211,36,A1,1,5,1,2F,2F,False,AA,AA,Not activated
5212,36,A1,1,6,0,2F,2F,False,AA,AA,Not activated
5213,36,A1,1,6,1,2F,6F,True,AA,6B,SDC
5214,36,A1,1,7,0,2F,2F,False,AA,AA,Not activated
5215,36,A1,1,7,1,2F,AF,True,AA,B8,SDC
5216,36,A2,2,0,0,AB,AA,True,AA,A9,SDC
5217,36,A2,2,0,1,AB,AB,False,AA,AA,Not activated
5218,36,A2,2,1,0,AB,A9,True,AA,A9,SDC
5219,36,A2,2,1,1,AB,AB,False,AA,AA,Not activated
5220,36,A2,2,2,0,AB,AB,False,AA,AA,Not activated
5221,36,A2,2,2,1,AB,AF,True,AA,AC,SDC
5222,36,A2,2,3,0,AB,A3,True,AA,A5,SDC
5223,36,A2,2,3,1,AB,AB,False,AA,AA,Not activated
5224,36,A2,2,4,0,AB,AB,False,AA,AA,Not activated
5225,36,A2,2,4,1,AB,BB,True,AA,B8,SDC
5226,36,A2,2,5,0,AB,8B,True,AA,9C,SDC
5227,36,A2,2,5,1,AB,AB,False,AA,AA,Not activated
5228,36,A2,2,6,0,AB,AB,False,AA,AA,Not activated
5229,36,A2,2,6,1,AB,EB,True,AA,E6,SDC
5230,36,A2,2,7,0,AB,2B,True,AA,1C,SDC
5231,36,A2,2,7,1,AB,AB,False,AA,AA,Not activated
5232,36,A3,3,0,0,36,36,False,AA,AA,Not activated
5233,36,A3,3,0,1,36,37,True,AA,AB,SDC
5234,36,A3,3,1,0,36,34,True,AA,A8,SDC
5235,36,A3,3,1,1,36,36,False,AA,AA,Not activated
5236,36,A3,3,2,0,36,32,True,AA,A5,SDC
5237,36,A3,3,2,1,36,36,False,AA,AA,Not activated
5238,36,A3,3,3,0,36,36,False,AA,AA,Not activated
5239,36,A3,3,3,1,36,3E,True,AA,B4,SDC
5240,36,A3,3,4,0,36,26,True,AA,84,SDC
5241,36,A3,3,4,1,36,36,False,AA,AA,Not activated
5242,36,A3,3,5,0,36,16,True,AA,19,SDC
5243,36,A3,3,5,1,36,36,False,AA,AA,Not activated
5244,36,A3,3,6,0,36,36,False,AA,AA,Not activated
5245,36,A3,3,6,1,36,76,True,AA,ED,SDC
5246,36,A3,3,7,0,36,36,False,AA,AA,Not activated
5247,36,A3,3,7,1,36,B6,True,AA,30,SDC
5248,36,B0,4,0,0,32,32,False,AA,AA,Not activated
5249,36,B0,4,0,1,32,33,True,AA,AB,SDC
5250,36,B0,4,1,0,32,30,True,AA,A4,SDC
5251,36,B0,4,1,1,32,32,False,AA,AA,Not activated
5252,36,B0,4,2,0,32,32,False,AA,AA,Not activated
5253,36,B0,4,2,1,32,36,True,AA,B0,SDC
5254,36,B0,4,3,0,32,32,False,AA,AA,Not activated
5255,36,B0,4,3,1,32,3A,True,AA,B7,SDC
5256,36,B0,4,4,0,32,22,True,AA,22,SDC
5257,36,B0,4,4,1,32,32,False,AA,AA,Not activated
5258,36,B0,4,5,0,32,12,True,AA,29,SDC
5259,36,B0,4,5,1,32,32,False,AA,AA,Not activated
5260,36,B0,4,6,0,32,32,False,AA,AA,Not activated
5261,36,B0,4,6,1,32,72,True,AA,F1,SDC
5262,36,B0,4,7,0,32,32,False,AA,AA,Not activated
5263,36,B0,4,7,1,32,B2,True,AA,35,SDC
5264,36,B1,5,0,0,34,34,False,AA,AA,Not activated
5265,36,B1,5,0,1,34,35,True,AA,A9,SDC
5266,36,B1,5,1,0,34,34,False,AA,AA,Not activated
5267,36,B1,5,1,1,34,36,True,AA,A8,SDC
5268,36,B1,5,2,0,34,30,True,AA,AD,SDC
5269,36,B1,5,2,1,34,34,False,AA,AA,Not activated
5270,36,B1,5,3,0,34,34,False,AA,AA,Not activated
5271,36,B1,5,3,1,34,3C,True,AA,17,SDC
5272,36,B1,5,4,0,34,24,True,AA,B1,SDC
5273,36,B1,5,4,1,34,34,False,AA,AA,Not activated
5274,36,B1,5,5,0,34,14,True,AA,B2,SDC
5275,36,B1,5,5,1,34,34,False,AA,AA,Not activated
5276,36,B1,5,6,0,34,34,False,AA,AA,Not activated
5277,36,B1,5,6,1,34,74,True,AA,6B,SDC
5278,36,B1,5,7,0,34,34,False,AA,AA,Not activated
5279,36,B1,5,7,1,34,B4,True,AA,B8,SDC
5280,36,B2,6,0,0,32,32,False,AA,AA,Not activated
5281,36,B2,6,0,1,32,33,True,AA,AB,SDC
5282,36,B2,6,1,0,32,30,True,AA,A9,SDC
5283,36,B2,6,1,1,32,32,False,AA,AA,Not activated
5284,36,B2,6,2,0,32,32,False,AA,AA,Not activated
5285,36,B2,6,2,1,32,36,True,AA,AD,SDC
5286,36,B2,6,3,0,32,32,False,AA,AA,Not activated
5287,36,B2,6,3,1,32,3A,True,AA,B0,SDC
5288,36,B2,6,4,0,32,22,True,AA,A2,SDC
5289,36,B2,6,4,1,32,32,False,AA,AA,Not activated
5290,36,B2,6,5,0,32,12,True,AA,9C,SDC
5291,36,B2,6,5,1,32,32,False,AA,AA,Not activated
5292,36,B2,6,6,0,32,32,False,AA,AA,Not activated
5293,36,B2,6,6,1,32,72,True,AA,E6,SDC
5294,36,B2,6,7,0,32,32,False,AA,AA,Not activated
5295,36,B2,6,7,1,32,B2,True,AA,1C,SDC
5296,36,B3,7,0,0,AF,AE,True,AA,A9,SDC
5297,36,B3,7,0,1,AF,AF,False,AA,AA,Not activated
5298,36,B3,7,1,0,AF,AD,True,AA,A8,SDC
5299,36,B3,7,1,1,AF,AF,False,AA,AA,Not activated
5300,36,B3,7,2,0,AF,AB,True,AA,A5,SDC
5301,36,B3,7,2,1,AF,AF,False,AA,AA,Not activated
5302,36,B3,7,3,0,AF,A7,True,AA,9E,SDC
5303,36,B3,7,3,1,AF,AF,False,AA,AA,Not activated
5304,36,B3,7,4,0,AF,AF,False,AA,AA,Not activated
5305,36,B3,7,4,1,AF,BF,True,AA,BC,SDC
5306,36,B3,7,5,0,AF,8F,True,AA,19,SDC
5307,36,B3,7,5,1,AF,AF,False,AA,AA,Not activated
5308,36,B3,7,6,0,AF,AF,False,AA,AA,Not activated
5309,36,B3,7,6,1,AF,EF,True,AA,ED,SDC
5310,36,B3,7,7,0,AF,2F,True,AA,30,SDC
5311,36,B3,7,7,1,AF,AF,False,AA,AA,Not activated
5312,36,C0,8,0,0,31,30,True,AA,AC,SDC
5313,36,C0,8,0,1,31,31,False,AA,AA,Not activated
5314,36,C0,8,1,0,31,31,False,AA,AA,Not activated
5315,36,C0,8,1,1,31,33,True,AA,A4,SDC
5316,36,C0,8,2,0,31,31,False,AA,AA,Not activated
5317,36,C0,8,2,1,31,35,True,AA,98,SDC
5318,36,C0,8,3,0,31,31,False,AA,AA,Not activated
5319,36,C0,8,3,1,31,39,True,AA,2B,SDC
5320,36,C0,8,4,0,31,21,True,AA,B4,SDC
5321,36,C0,8,4,1,31,31,False,AA,AA,Not activated
5322,36,C0,8,5,0,31,11,True,AA,B6,SDC
5323,36,C0,8,5,1,31,31,False,AA,AA,Not activated
5324,36,C0,8,6,0,31,31,False,AA,AA,Not activated
5325,36,C0,8,6,1,31,71,True,AA,71,SDC
5326,36,C0,8,7,0,31,31,False,AA,AA,Not activated
5327,36,C0,8,7,1,31,B1,True,AA,BB,SDC
5328,37,A0,0,0,0,B5,B4,True,BE,BD,SDC
5329,37,A0,0,0,1,B5,B5,False,BE,BE,Not activated
5330,37,A0,0,1,0,B5,B5,False,BE,BE,Not activated
5331,37,A0,0,1,1,B5,B7,True,BE,BE,Masked
5332,37,A0,0,2,0,B5,B1,True,BE,BD,SDC
5333,37,A0,0,2,1,B5,B5,False,BE,BE,Not activated
5334,37,A0,0,3,0,B5,B5,False,BE,BE,Not activated
5335,37,A0,0,3,1,B5,BD,True,BE,C1,SDC
5336,37,A0,0,4,0,B5,A5,True,BE,BB,SDC
5337,37,A0,0,4,1,B5,B5,False,BE,BE,Not activated
5338,37,A0,0,5,0,B5,95,True,BE,BA,SDC
5339,37,A0,0,5,1,B5,B5,False,BE,BE,Not activated
5340,37,A0,0,6,0,B5,B5,False,BE,BE,Not activated
5341,37,A0,0,6,1,B5,F5,True,BE,F0,SDC
5342,37,A0,0,7,0,B5,35,True,BE,B3,SDC
5343,37,A0,0,7,1,B5,B5,False,BE,BE,Not activated
5344,37,A1,1,0,0,34,34,False,BE,BE,Not activated
5345,37,A1,1,0,1,34,35,True,BE,BF,SDC
5346,37,A1,1,1,0,34,34,False,BE,BE,Not activated
5347,37,A1,1,1,1,34,36,True,BE,BF,SDC
5348,37,A1,1,2,0,34,30,True,BE,BE,Masked
5349,37,A1,1,2,1,34,34,False,BE,BE,Not activated
5350,37,A1,1,3,0,34,34,False,BE,BE,Not activated
5351,37,A1,1,3,1,34,3C,True,BE,BF,SDC
5352,37,A1,1,4,0,34,24,True,BE,BE,Masked
5353,37,A1,1,4,1,34,34,False,BE,BE,Not activated
5354,37,A1,1,5,0,34,14,True,BE,BE,Masked
5355,37,A1,1,5,1,34,34,False,BE,BE,Not activated
5356,37,A1,1,6,0,34,34,False,BE,BE,Not activated
5357,37,A1,1,6,1,34,74,True,BE,D8,SDC
5358,37,A1,1,7,0,34,34,False,BE,BE,Not activated
5359,37,A1,1,7,1,34,B4,True,BE,BE,Masked
5360,37,A2,2,0,0,33,32,True,BE,BE,Masked
5361,37,A2,2,0,1,33,33,False,BE,BE,Not activated
5362,37,A2,2,1,0,33,31,True,BE,BE,Masked
5363,37,A2,2,1,1,33,33,False,BE,BE,Not activated
5364,37,A2,2,2,0,33,33,False,BE,BE,Not activated
5365,37,A2,2,2,1,33,37,True,BE,BF,SDC
5366,37,A2,2,3,0,33,33,False,BE,BE,Not activated
5367,37,A2,2,3,1,33,3B,True,BE,C0,SDC
5368,37,A2,2,4,0,33,23,True,BE,BD,SDC
5369,37,A2,2,4,1,33,33,False,BE,BE,Not activated
5370,37,A2,2,5,0,33,13,True,BE,BC,SDC
5371,37,A2,2,5,1,33,33,False,BE,BE,Not activated
5372,37,A2,2,6,0,33,33,False,BE,BE,Not activated
5373,37,A2,2,6,1,33,73,True,BE,E8,SDC
5374,37,A2,2,7,0,33,33,False,BE,BE,Not activated
5375,37,A2,2,7,1,33,B3,True,BE,BA,SDC
5376,37,A3,3,0,0,B1,B0,True,BE,BD,SDC
5377,37,A3,3,0,1,B1,B1,False,BE,BE,Not activated
5378,37,A3,3,1,0,B1,B1,False,BE,BE,Not activated
5379,37,A3,3,1,1,B1,B3,True,BE,BE,Masked
5380,37,A3,3,2,0,B1,B1,False,BE,BE,Not activated
5381,37,A3,3,2,1,B1,B5,True,BE,BF,SDC
5382,37,A3,3,3,0,B1,B1,False,BE,BE,Not activated
5383,37,A3,3,3,1,B1,B9,True,BE,C0,SDC
5384,37,A3,3,4,0,B1,A1,True,BE,BC,SDC
5385,37,A3,3,4,1,B1,B1,False,BE,BE,Not activated
5386,37,A3,3,5,0,B1,91,True,BE,BB,SDC
5387,37,A3,3,5,1,B1,B1,False,BE,BE,Not activated
5388,37,A3,3,6,0,B1,B1,False,BE,BE,Not activated
5389,37,A3,3,6,1,B1,F1,True,BE,EA,SDC
5390,37,A3,3,7,0,B1,31,True,BE,B8,SDC
5391,37,A3,3,7,1,B1,B1,False,BE,BE,Not activated
5392,37,B0,4,0,0,32,32,False,BE,BE,Not activated
5393,37,B0,4,0,1,32,33,True,BE,BE,Masked
5394,37,B0,4,1,0,32,30,True,BE,BD,SDC
5395,37,B0,4,1,1,32,32,False,BE,BE,Not activated
5396,37,B0,4,2,0,32,32,False,BE,BE,Not activated
5397,37,B0,4,2,1,32,36,True,BE,BF,SDC
5398,37,B0,4,3,0,32,32,False,BE,BE,Not activated
5399,37,B0,4,3,1,32,3A,True,BE,C1,SDC
5400,37,B0,4,4,0,32,22,True,BE,BB,SDC
5401,37,B0,4,4,1,32,32,False,BE,BE,Not activated
5402,37,B0,4,5,0,32,12,True,BE,BA,SDC
5403,37,B0,4,5,1,32,32,False,BE,BE,Not activated
5404,37,B0,4,6,0,32,32,False,BE,BE,Not activated
5405,37,B0,4,6,1,32,72,True,BE,F0,SDC
5406,37,B0,4,7,0,32,32,False,BE,BE,Not activated
5407,37,B0,4,7,1,32,B2,True,BE,B3,SDC
5408,37,B1,5,0,0,9A,9A,False,BE,BE,Not activated
5409,37,B1,5,0,1,9A,9B,True,BE,BF,SDC
5410,37,B1,5,1,0,9A,98,True,BE,BE,Masked
5411,37,B1,5,1,1,9A,9A,False,BE,BE,Not activated
5412,37,B1,5,2,0,9A,9A,False,BE,BE,Not activated
5413,37,B1,5,2,1,9A,9E,True,BE,BF,SDC
5414,37,B1,5,3,0,9A,92,True,BE,BE,Masked
5415,37,B1,5,3,1,9A,9A,False,BE,BE,Not activated
5416,37,B1,5,4,0,9A,8A,True,BE,BE,Masked
5417,37,B1,5,4,1,9A,9A,False,BE,BE,Not activated
5418,37,B1,5,5,0,9A,9A,False,BE,BE,Not activated
5419,37,B1,5,5,1,9A,BA,True,BE,C2,SDC
5420,37,B1,5,6,0,9A,9A,False,BE,BE,Not activated
5421,37,B1,5,6,1,9A,DA,True,BE,D8,SDC
5422,37,B1,5,7,0,9A,1A,True,BE,BE,Masked
5423,37,B1,5,7,1,9A,9A,False,BE,BE,Not activated
5424,37,B2,6,0,0,AC,AC,False,BE,BE,Not activated
5425,37,B2,6,0,1,AC,AD,True,BE,BE,Masked
5426,37,B2,6,1,0,AC,AC,False,BE,BE,Not activated
5427,37,B2,6,1,1,AC,AE,True,BE,BE,Masked
5428,37,B2,6,2,0,AC,A8,True,BE,BD,SDC
5429,37,B2,6,2,1,AC,AC,False,BE,BE,Not activated
5430,37,B2,6,3,0,AC,A4,True,BE,BD,SDC
5431,37,B2,6,3,1,AC,AC,False,BE,BE,Not activated
5432,37,B2,6,4,0,AC,AC,False,BE,BE,Not activated
5433,37,B2,6,4,1,AC,BC,True,BE,C2,SDC
5434,37,B2,6,5,0,AC,8C,True,BE,BC,SDC
5435,37,B2,6,5,1,AC,AC,False,BE,BE,Not activated
5436,37,B2,6,6,0,AC,AC,False,BE,BE,Not activated
5437,37,B2,6,6,1,AC,EC,True,BE,E8,SDC
5438,37,B2,6,7,0,AC,2C,True,BE,BA,SDC
5439,37,B2,6,7,1,AC,AC,False,BE,BE,Not activated
5440,37,B3,7,0,0,31,30,True,BE,BD,SDC
5441,37,B3,7,0,1,31,31,False,BE,BE,Not activated
5442,37,B3,7,1,0,31,31,False,BE,BE,Not activated
5443,37,B3,7,1,1,31,33,True,BE,BE,Masked
5444,37,B3,7,2,0,31,31,False,BE,BE,Not activated
5445,37,B3,7,2,1,31,35,True,BE,BF,SDC
5446,37,B3,7,3,0,31,31,False,BE,BE,Not activated
5447,37,B3,7,3,1,31,39,True,BE,C0,SDC
5448,37,B3,7,4,0,31,21,True,BE,BC,SDC
5449,37,B3,7,4,1,31,31,False,BE,BE,Not activated
5450,37,B3,7,5,0,31,11,True,BE,BB,SDC
5451,37,B3,7,5,1,31,31,False,BE,BE,Not activated
5452,37,B3,7,6,0,31,31,False,BE,BE,Not activated
5453,37,B3,7,6,1,31,71,True,BE,EA,SDC
5454,37,B3,7,7,0,31,31,False,BE,BE,Not activated
5455,37,B3,7,7,1,31,B1,True,BE,B8,SDC
5456,37,C0,8,0,0,B1,B0,True,BE,BD,SDC
5457,37,C0,8,0,1,B1,B1,False,BE,BE,Not activated
5458,37,C0,8,1,0,B1,B1,False,BE,BE,Not activated
5459,37,C0,8,1,1,B1,B3,True,BE,BF,SDC
5460,37,C0,8,2,0,B1,B1,False,BE,BE,Not activated
5461,37,C0,8,2,1,B1,B5,True,BE,C0,SDC
5462,37,C0,8,3,0,B1,B1,False,BE,BE,Not activated
5463,37,C0,8,3,1,B1,B9,True,BE,C1,SDC
5464,37,C0,8,4,0,B1,A1,True,BE,BA,SDC
5465,37,C0,8,4,1,B1,B1,False,BE,BE,Not activated
5466,37,C0,8,5,0,B1,91,True,BE,BA,SDC
5467,37,C0,8,5,1,B1,B1,False,BE,BE,Not activated
5468,37,C0,8,6,0,B1,B1,False,BE,BE,Not activated
5469,37,C0,8,6,1,B1,F1,True,BE,F1,SDC
5470,37,C0,8,7,0,B1,31,True,BE,B1,SDC
5471,37,C0,8,7,1,B1,B1,False,BE,BE,Not activated
5472,38,A0,0,0,0,B7,B6,True,1C,20,SDC
5473,38,A0,0,0,1,B7,B7,False,1C,1C,Not activated
5474,38,A0,0,1,0,B7,B5,True,1C,24,SDC
5475,38,A0,0,1,1,B7,B7,False,1C,1C,Not activated
5476,38,A0,0,2,0,B7,B3,True,1C,2A,SDC
5477,38,A0,0,2,1,B7,B7,False,1C,1C,Not activated
5478,38,A0,0,3,0,B7,B7,False,1C,1C,Not activated
5479,38,A0,0,3,1,B7,BF,True,1C,B5,SDC
5480,38,A0,0,4,0,B7,A7,True,1C,33,SDC
5481,38,A0,0,4,1,B7,B7,False,1C,1C,Not activated
5482,38,A0,0,5,0,B7,97,True,1C,36,SDC
5483,38,A0,0,5,1,B7,B7,False,1C,1C,Not activated
5484,38,A0,0,6,0,B7,B7,False,1C,1C,Not activated
5485,38,A0,0,6,1,B7,F7,True,1C,F6,SDC
5486,38,A0,0,7,0,B7,37,True,1C,40,SDC
5487,38,A0,0,7,1,B7,B7,False,1C,1C,Not activated
5488,38,A1,1,0,0,B2,B2,False,1C,1C,Not activated
5489,38,A1,1,0,1,B2,B3,True,1C,20,SDC
5490,38,A1,1,1,0,B2,B0,True,1C,11,SDC
5491,38,A1,1,1,1,B2,B2,False,1C,1C,Not activated
5492,38,A1,1,2,0,B2,B2,False,1C,1C,Not activated
5493,38,A1,1,2,1,B2,B6,True,1C,24,SDC
5494,38,A1,1,3,0,B2,B2,False,1C,1C,Not activated
5495,38,A1,1,3,1,B2,BA,True,1C,2B,SDC
5496,38,A1,1,4,0,B2,A2,True,1C,A0,SDC
5497,38,A1,1,4,1,B2,B2,False,1C,1C,Not activated
5498,38,A1,1,5,0,B2,92,True,1C,A3,SDC
5499,38,A1,1,5,1,B2,B2,False,1C,1C,Not activated
5500,38,A1,1,6,0,B2,B2,False,1C,1C,Not activated
5501,38,A1,1,6,1,B2,F2,True,1C,69,SDC
5502,38,A1,1,7,0,B2,32,True,1C,AF,SDC
5503,38,A1,1,7,1,B2,B2,False,1C,1C,Not activated
5504,38,A2,2,0,0,AB,AA,True,1C,1C,Masked
5505,38,A2,2,0,1,AB,AB,False,1C,1C,Not activated
5506,38,A2,2,1,0,AB,A9,True,1C,1C,Masked
5507,38,A2,2,1,1,AB,AB,False,1C,1C,Not activated
5508,38,A2,2,2,0,AB,AB,False,1C,1C,Not activated
5509,38,A2,2,2,1,AB,AF,True,1C,18,SDC
5510,38,A2,2,3,0,AB,A3,True,1C,20,SDC
5511,38,A2,2,3,1,AB,AB,False,1C,1C,Not activated
5512,38,A2,2,4,0,AB,AB,False,1C,1C,Not activated
5513,38,A2,2,4,1,AB,BB,True,1C,A4,SDC
5514,38,A2,2,5,0,AB,8B,True,1C,24,SDC
5515,38,A2,2,5,1,AB,AB,False,1C,1C,Not activated
5516,38,A2,2,6,0,AB,AB,False,1C,1C,Not activated
5517,38,A2,2,6,1,AB,EB,True,1C,DC,SDC
5518,38,A2,2,7,0,AB,2B,True,1C,29,SDC
5519,38,A2,2,7,1,AB,AB,False,1C,1C,Not activated
5520,38,A3,3,0,0,34,34,False,1C,1C,Not activated
5521,38,A3,3,0,1,34,35,True,1C,1B,SDC
5522,38,A3,3,1,0,34,34,False,1C,1C,Not activated
5523,38,A3,3,1,1,34,36,True,1C,19,SDC
5524,38,A3,3,2,0,34,30,True,1C,22,SDC
5525,38,A3,3,2,1,34,34,False,1C,1C,Not activated
5526,38,A3,3,3,0,34,34,False,1C,1C,Not activated
5527,38,A3,3,3,1,34,3C,True,1C,96,SDC
5528,38,A3,3,4,0,34,24,True,1C,26,SDC
5529,38,A3,3,4,1,34,34,False,1C,1C,Not activated
5530,38,A3,3,5,0,34,14,True,1C,27,SDC
5531,38,A3,3,5,1,34,34,False,1C,1C,Not activated
5532,38,A3,3,6,0,34,34,False,1C,1C,Not activated
5533,38,A3,3,6,1,34,74,True,1C,E2,SDC
5534,38,A3,3,7,0,34,34,False,1C,1C,Not activated
5535,38,A3,3,7,1,34,B4,True,1C,2D,SDC
5536,38,B0,4,0,0,37,36,True,1C,20,SDC
5537,38,B0,4,0,1,37,37,False,1C,1C,Not activated
5538,38,B0,4,1,0,37,35,True,1C,24,SDC
5539,38,B0,4,1,1,37,37,False,1C,1C,Not activated
5540,38,B0,4,2,0,37,33,True,1C,2A,SDC
5541,38,B0,4,2,1,37,37,False,1C,1C,Not activated
5542,38,B0,4,3,0,37,37,False,1C,1C,Not activated
5543,38,B0,4,3,1,37,3F,True,1C,B5,SDC
5544,38,B0,4,4,0,37,27,True,1C,33,SDC
5545,38,B0,4,4,1,37,37,False,1C,1C,Not activated
5546,38,B0,4,5,0,37,17,True,1C,36,SDC
5547,38,B0,4,5,1,37,37,False,1C,1C,Not activated
5548,38,B0,4,6,0,37,37,False,1C,1C,Not activated
5549,38,B0,4,6,1,37,77,True,1C,F6,SDC
5550,38,B0,4,7,0,37,37,False,1C,1C,Not activated
5551,38,B0,4,7,1,37,B7,True,1C,40,SDC
5552,38,B1,5,0,0,AE,AE,False,1C,1C,Not activated
5553,38,B1,5,0,1,AE,AF,True,1C,1C,Masked
5554,38,B1,5,1,0,AE,AC,True,1C,11,SDC
5555,38,B1,5,1,1,AE,AE,False,1C,1C,Not activated
5556,38,B1,5,2,0,AE,AA,True,1C,02,SDC
5557,38,B1,5,2,1,AE,AE,False,1C,1C,Not activated
5558,38,B1,5,3,0,AE,A6,True,1C,97,SDC
5559,38,B1,5,3,1,AE,AE,False,1C,1C,Not activated
5560,38,B1,5,4,0,AE,AE,False,1C,1C,Not activated
5561,38,B1,5,4,1,AE,BE,True,1C,36,SDC
5562,38,B1,5,5,0,AE,8E,True,1C,A3,SDC
5563,38,B1,5,5,1,AE,AE,False,1C,1C,Not activated
5564,38,B1,5,6,0,AE,AE,False,1C,1C,Not activated
5565,38,B1,5,6,1,AE,EE,True,1C,69,SDC
5566,38,B1,5,7,0,AE,2E,True,1C,AF,SDC
5567,38,B1,5,7,1,AE,AE,False,1C,1C,Not activated
5568,38,B2,6,0,0,29,28,True,1C,1C,Masked
5569,38,B2,6,0,1,29,29,False,1C,1C,Not activated
5570,38,B2,6,1,0,29,29,False,1C,1C,Not activated
5571,38,B2,6,1,1,29,2B,True,1C,18,SDC
5572,38,B2,6,2,0,29,29,False,1C,1C,Not activated
5573,38,B2,6,2,1,29,2D,True,1C,15,SDC
5574,38,B2,6,3,0,29,21,True,1C,20,SDC
5575,38,B2,6,3,1,29,29,False,1C,1C,Not activated
5576,38,B2,6,4,0,29,29,False,1C,1C,Not activated
5577,38,B2,6,4,1,29,39,True,1C,A4,SDC
5578,38,B2,6,5,0,29,09,True,1C,24,SDC
5579,38,B2,6,5,1,29,29,False,1C,1C,Not activated
5580,38,B2,6,6,0,29,29,False,1C,1C,Not activated
5581,38,B2,6,6,1,29,69,True,1C,DC,SDC
5582,38,B2,6,7,0,29,29,False,1C,1C,Not activated
5583,38,B2,6,7,1,29,A9,True,1C,29,SDC
5584,38,B3,7,0,0,A5,A4,True,1C,1E,SDC
5585,38,B3,7,0,1,A5,A5,False,1C,1C,Not activated
5586,38,B3,7,1,0,A5,A5,False,1C,1C,Not activated
5587,38,B3,7,1,1,A5,A7,True,1C,1A,SDC
5588,38,B3,7,2,0,A5,A1,True,1C,21,SDC
5589,38,B3,7,2,1,A5,A5,False,1C,1C,Not activated
5590,38,B3,7,3,0,A5,A5,False,1C,1C,Not activated
5591,38,B3,7,3,1,A5,AD,True,1C,96,SDC
5592,38,B3,7,4,0,A5,A5,False,1C,1C,Not activated
5593,38,B3,7,4,1,A5,B5,True,1C,AC,SDC
5594,38,B3,7,5,0,A5,85,True,1C,28,SDC
5595,38,B3,7,5,1,A5,A5,False,1C,1C,Not activated
5596,38,B3,7,6,0,A5,A5,False,1C,1C,Not activated
5597,38,B3,7,6,1,A5,E5,True,1C,E2,SDC
5598,38,B3,7,7,0,A5,25,True,1C,2D,SDC
5599,38,B3,7,7,1,A5,A5,False,1C,1C,Not activated
5600,38,C0,8,0,0,37,36,True,1C,11,SDC
5601,38,C0,8,0,1,37,37,False,1C,1C,Not activated
5602,38,C0,8,1,0,37,35,True,1C,8E,SDC
5603,38,C0,8,1,1,37,37,False,1C,1C,Not activated
5604,38,C0,8,2,0,37,33,True,1C,A2,SDC
5605,38,C0,8,2,1,37,37,False,1C,1C,Not activated
5606,38,C0,8,3,0,37,37,False,1C,1C,Not activated
5607,38,C0,8,3,1,37,3F,True,1C,38,SDC
5608,38,C0,8,4,0,37,27,True,1C,B1,SDC
5609,38,C0,8,4,1,37,37,False,1C,1C,Not activated
5610,38,C0,8,5,0,37,17,True,1C,B5,SDC
5611,38,C0,8,5,1,37,37,False,1C,1C,Not activated
5612,38,C0,8,6,0,37,37,False,1C,1C,Not activated
5613,38,C0,8,6,1,37,77,True,1C,77,SDC
5614,38,C0,8,7,0,37,37,False,1C,1C,Not activated
5615,38,C0,8,7,1,37,B7,True,1C,BF,SDC
5616,39,A0,0,0,0,19,18,True,27,27,Masked
5617,39,A0,0,0,1,19,19,False,27,27,Not activated
5618,39,A0,0,1,0,19,19,False,27,27,Not activated
5619,39,A0,0,1,1,19,1B,True,27,27,Masked
5620,39,A0,0,2,0,19,19,False,27,27,Not activated
5621,39,A0,0,2,1,19,1D,True,27,27,Masked
5622,39,A0,0,3,0,19,11,True,27,27,Masked
5623,39,A0,0,3,1,19,19,False,27,27,Not activated
5624,39,A0,0,4,0,19,09,True,27,27,Masked
5625,39,A0,0,4,1,19,19,False,27,27,Not activated
5626,39,A0,0,5,0,19,19,False,27,27,Not activated
5627,39,A0,0,5,1,19,39,True,27,AC,SDC
5628,39,A0,0,6,0,19,19,False,27,27,Not activated
5629,39,A0,0,6,1,19,59,True,27,D3,SDC
5630,39,A0,0,7,0,19,19,False,27,27,Not activated
5631,39,A0,0,7,1,19,99,True,27,2C,SDC
5632,39,A1,1,0,0,36,36,False,27,27,Not activated
5633,39,A1,1,0,1,36,37,True,27,27,Masked
5634,39,A1,1,1,0,36,34,True,27,1E,SDC
5635,39,A1,1,1,1,36,36,False,27,27,Not activated
5636,39,A1,1,2,0,36,32,True,27,86,SDC
5637,39,A1,1,2,1,36,36,False,27,27,Not activated
5638,39,A1,1,3,0,36,36,False,27,27,Not activated
5639,39,A1,1,3,1,36,3E,True,27,39,SDC
5640,39,A1,1,4,0,36,26,True,27,AC,SDC
5641,39,A1,1,4,1,36,36,False,27,27,Not activated
5642,39,A1,1,5,0,36,16,True,27,B0,SDC
5643,39,A1,1,5,1,36,36,False,27,27,Not activated
5644,39,A1,1,6,0,36,36,False,27,27,Not activated
5645,39,A1,1,6,1,36,76,True,27,75,SDC
5646,39,A1,1,7,0,36,36,False,27,27,Not activated
5647,39,A1,1,7,1,36,B6,True,27,BB,SDC
5648,39,A2,2,0,0,B4,B4,False,27,27,Not activated
5649,39,A2,2,0,1,B4,B5,True,27,27,Masked
5650,39,A2,2,1,0,B4,B4,False,27,27,Not activated
5651,39,A2,2,1,1,B4,B6,True,27,27,Masked
5652,39,A2,2,2,0,B4,B0,True,27,1E,SDC
5653,39,A2,2,2,1,B4,B4,False,27,27,Not activated
5654,39,A2,2,3,0,B4,B4,False,27,27,Not activated
5655,39,A2,2,3,1,B4,BC,True,27,32,SDC
5656,39,A2,2,4,0,B4,A4,True,27,9A,SDC
5657,39,A2,2,4,1,B4,B4,False,27,27,Not activated
5658,39,A2,2,5,0,B4,94,True,27,A1,SDC
5659,39,A2,2,5,1,B4,B4,False,27,27,Not activated
5660,39,A2,2,6,0,B4,B4,False,27,27,Not activated
5661,39,A2,2,6,1,B4,F4,True,27,6B,SDC
5662,39,A2,2,7,0,B4,34,True,27,AF,SDC
5663,39,A2,2,7,1,B4,B4,False,27,27,Not activated
5664,39,A3,3,0,0,37,36,True,27,29,SDC
5665,39,A3,3,0,1,37,37,False,27,27,Not activated
5666,39,A3,3,1,0,37,35,True,27,2B,SDC
5667,39,A3,3,1,1,37,37,False,27,27,Not activated
5668,39,A3,3,2,0,37,33,True,27,2E,SDC
5669,39,A3,3,2,1,37,37,False,27,27,Not activated
5670,39,A3,3,3,0,37,37,False,27,27,Not activated
5671,39,A3,3,3,1,37,3F,True,27,B0,SDC
5672,39,A3,3,4,0,37,27,True,27,35,SDC
5673,39,A3,3,4,1,37,37,False,27,27,Not activated
5674,39,A3,3,5,0,37,17,True,27,37,SDC
5675,39,A3,3,5,1,37,37,False,27,27,Not activated
5676,39,A3,3,6,0,37,37,False,27,27,Not activated
5677,39,A3,3,6,1,37,77,True,27,F4,SDC
5678,39,A3,3,7,0,37,37,False,27,27,Not activated
5679,39,A3,3,7,1,37,B7,True,27,3E,SDC
5680,39,B0,4,0,0,B2,B2,False,27,27,Not activated
5681,39,B0,4,0,1,B2,B3,True,27,27,Masked
5682,39,B0,4,1,0,B2,B0,True,27,27,Masked
5683,39,B0,4,1,1,B2,B2,False,27,27,Not activated
5684,39,B0,4,2,0,B2,B2,False,27,27,Not activated
5685,39,B0,4,2,1,B2,B6,True,27,27,Masked
5686,39,B0,4,3,0,B2,B2,False,27,27,Not activated
5687,39,B0,4,3,1,B2,BA,True,27,27,Masked
5688,39,B0,4,4,0,B2,A2,True,27,27,Masked
5689,39,B0,4,4,1,B2,B2,False,27,27,Not activated
5690,39,B0,4,5,0,B2,92,True,27,27,Masked
5691,39,B0,4,5,1,B2,B2,False,27,27,Not activated
5692,39,B0,4,6,0,B2,B2,False,27,27,Not activated
5693,39,B0,4,6,1,B2,F2,True,27,D3,SDC
5694,39,B0,4,7,0,B2,32,True,27,2C,SDC
5695,39,B0,4,7,1,B2,B2,False,27,27,Not activated
5696,39,B1,5,0,0,37,36,True,27,27,Masked
5697,39,B1,5,0,1,37,37,False,27,27,Not activated
5698,39,B1,5,1,0,37,35,True,27,23,SDC
5699,39,B1,5,1,1,37,37,False,27,27,Not activated
5700,39,B1,5,2,0,37,33,True,27,15,SDC
5701,39,B1,5,2,1,37,37,False,27,27,Not activated
5702,39,B1,5,3,0,37,37,False,27,27,Not activated
5703,39,B1,5,3,1,37,3F,True,27,39,SDC
5704,39,B1,5,4,0,37,27,True,27,AC,SDC
5705,39,B1,5,4,1,37,37,False,27,27,Not activated
5706,39,B1,5,5,0,37,17,True,27,B0,SDC
5707,39,B1,5,5,1,37,37,False,27,27,Not activated
5708,39,B1,5,6,0,37,37,False,27,27,Not activated
5709,39,B1,5,6,1,37,77,True,27,75,SDC
5710,39,B1,5,7,0,37,37,False,27,27,Not activated
5711,39,B1,5,7,1,37,B7,True,27,BB,SDC
5712,39,B2,6,0,0,AF,AE,True,27,23,SDC
5713,39,B2,6,0,1,AF,AF,False,27,27,Not activated
5714,39,B2,6,1,0,AF,AD,True,27,23,SDC
5715,39,B2,6,1,1,AF,AF,False,27,27,Not activated
5716,39,B2,6,2,0,AF,AB,True,27,1E,SDC
5717,39,B2,6,2,1,AF,AF,False,27,27,Not activated
5718,39,B2,6,3,0,AF,A7,True,27,15,SDC
5719,39,B2,6,3,1,AF,AF,False,27,27,Not activated
5720,39,B2,6,4,0,AF,AF,False,27,27,Not activated
5721,39,B2,6,4,1,AF,BF,True,27,3A,SDC
5722,39,B2,6,5,0,AF,8F,True,27,A1,SDC
5723,39,B2,6,5,1,AF,AF,False,27,27,Not activated
5724,39,B2,6,6,0,AF,AF,False,27,27,Not activated
5725,39,B2,6,6,1,AF,EF,True,27,6B,SDC
5726,39,B2,6,7,0,AF,2F,True,27,AF,SDC
5727,39,B2,6,7,1,AF,AF,False,27,27,Not activated
5728,39,B3,7,0,0,B5,B4,True,27,2A,SDC
5729,39,B3,7,0,1,B5,B5,False,27,27,Not activated
5730,39,B3,7,1,0,B5,B5,False,27,27,Not activated
5731,39,B3,7,1,1,B5,B7,True,27,20,SDC
5732,39,B3,7,2,0,B5,B1,True,27,2F,SDC
5733,39,B3,7,2,1,B5,B5,False,27,27,Not activated
5734,39,B3,7,3,0,B5,B5,False,27,27,Not activated
5735,39,B3,7,3,1,B5,BD,True,27,B0,SDC
5736,39,B3,7,4,0,B5,A5,True,27,35,SDC
5737,39,B3,7,4,1,B5,B5,False,27,27,Not activated
5738,39,B3,7,5,0,B5,95,True,27,37,SDC
5739,39,B3,7,5,1,B5,B5,False,27,27,Not activated
5740,39,B3,7,6,0,B5,B5,False,27,27,Not activated
5741,39,B3,7,6,1,B5,F5,True,27,F4,SDC
5742,39,B3,7,7,0,B5,35,True,27,3E,SDC
5743,39,B3,7,7,1,B5,B5,False,27,27,Not activated
5744,39,C0,8,0,0,A0,A0,False,27,27,Not activated
5745,39,C0,8,0,1,A0,A1,True,27,27,Masked
5746,39,C0,8,1,0,A0,A0,False,27,27,Not activated
5747,39,C0,8,1,1,A0,A2,True,27,27,Masked
5748,39,C0,8,2,0,A0,A0,False,27,27,Not activated
5749,39,C0,8,2,1,A0,A4,True,27,23,SDC
5750,39,C0,8,3,0,A0,A0,False,27,27,Not activated
5751,39,C0,8,3,1,A0,A8,True,27,23,SDC
5752,39,C0,8,4,0,A0,A0,False,27,27,Not activated
5753,39,C0,8,4,1,A0,B0,True,27,A1,SDC
5754,39,C0,8,5,0,A0,80,True,27,2C,SDC
5755,39,C0,8,5,1,A0,A0,False,27,27,Not activated
5756,39,C0,8,6,0,A0,A0,False,27,27,Not activated
5757,39,C0,8,6,1,A0,E0,True,27,E0,SDC
5758,39,C0,8,7,0,A0,20,True,27,30,SDC
5759,39,C0,8,7,1,A0,A0,False,27,27,Not activated
5760,40,A0,0,0,0,2F,2E,True,BA,BA,Masked
5761,40,A0,0,0,1,2F,2F,False,BA,BA,Not activated
5762,40,A0,0,1,0,2F,2D,True,BA,BA,Masked
5763,40,A0,0,1,1,2F,2F,False,BA,BA,Not activated
5764,40,A0,0,2,0,2F,2B,True,BA,BA,Masked
5765,40,A0,0,2,1,2F,2F,False,BA,BA,Not activated
5766,40,A0,0,3,0,2F,27,True,BA,B9,SDC
5767,40,A0,0,3,1,2F,2F,False,BA,BA,Not activated
5768,40,A0,0,4,0,2F,2F,False,BA,BA,Not activated
5769,40,A0,0,4,1,2F,3F,True,BA,BD,SDC
5770,40,A0,0,5,0,2F,0F,True,BA,B9,SDC
5771,40,A0,0,5,1,2F,2F,False,BA,BA,Not activated
5772,40,A0,0,6,0,2F,2F,False,BA,BA,Not activated
5773,40,A0,0,6,1,2F,6F,True,BA,DF,SDC
5774,40,A0,0,7,0,2F,2F,False,BA,BA,Not activated
5775,40,A0,0,7,1,2F,AF,True,BA,B8,SDC
5776,40,A1,1,0,0,AC,AC,False,BA,BA,Not activated
5777,40,A1,1,0,1,AC,AD,True,BA,BB,SDC
5778,40,A1,1,1,0,AC,AC,False,BA,BA,Not activated
5779,40,A1,1,1,1,AC,AE,True,BA,BB,SDC
5780,40,A1,1,2,0,AC,A8,True,BA,BA,Masked
5781,40,A1,1,2,1,AC,AC,False,BA,BA,Not activated
5782,40,A1,1,3,0,AC,A4,True,BA,BA,Masked
5783,40,A1,1,3,1,AC,AC,False,BA,BA,Not activated
5784,40,A1,1,4,0,AC,AC,False,BA,BA,Not activated
5785,40,A1,1,4,1,AC,BC,True,BA,BC,SDC
5786,40,A1,1,5,0,AC,8C,True,BA,BA,Masked
5787,40,A1,1,5,1,AC,AC,False,BA,BA,Not activated
5788,40,A1,1,6,0,AC,AC,False,BA,BA,Not activated
5789,40,A1,1,6,1,AC,EC,True,BA,D8,SDC
5790,40,A1,1,7,0,AC,2C,True,BA,BA,Masked
5791,40,A1,1,7,1,AC,AC,False,BA,BA,Not activated
5792,40,A2,2,0,0,26,26,False,BA,BA,Not activated
5793,40,A2,2,0,1,26,27,True,BA,BA,Masked
5794,40,A2,2,1,0,26,24,True,BA,BA,Masked
5795,40,A2,2,1,1,26,26,False,BA,BA,Not activated
5796,40,A2,2,2,0,26,22,True,BA,BA,Masked
5797,40,A2,2,2,1,26,26,False,BA,BA,Not activated
5798,40,A2,2,3,0,26,26,False,BA,BA,Not activated
5799,40,A2,2,3,1,26,2E,True,BA,BB,SDC
5800,40,A2,2,4,0,26,26,False,BA,BA,Not activated
5801,40,A2,2,4,1,26,36,True,BA,BC,SDC
5802,40,A2,2,5,0,26,06,True,BA,B9,SDC
5803,40,A2,2,5,1,26,26,False,BA,BA,Not activated
5804,40,A2,2,6,0,26,26,False,BA,BA,Not activated
5805,40,A2,2,6,1,26,66,True,BA,DF,SDC
5806,40,A2,2,7,0,26,26,False,BA,BA,Not activated
5807,40,A2,2,7,1,26,A6,True,BA,B8,SDC
5808,40,A3,3,0,0,0C,0C,False,BA,BA,Not activated
5809,40,A3,3,0,1,0C,0D,True,BA,BA,Masked
5810,40,A3,3,1,0,0C,0C,False,BA,BA,Not activated
5811,40,A3,3,1,1,0C,0E,True,BA,BA,Masked
5812,40,A3,3,2,0,0C,08,True,BA,BA,Masked
5813,40,A3,3,2,1,0C,0C,False,BA,BA,Not activated
5814,40,A3,3,3,0,0C,04,True,BA,BA,Masked
5815,40,A3,3,3,1,0C,0C,False,BA,BA,Not activated
5816,40,A3,3,4,0,0C,0C,False,BA,BA,Not activated
5817,40,A3,3,4,1,0C,1C,True,BA,BA,Masked
5818,40,A3,3,5,0,0C,0C,False,BA,BA,Not activated
5819,40,A3,3,5,1,0C,2C,True,BA,B9,SDC
5820,40,A3,3,6,0,0C,0C,False,BA,BA,Not activated
5821,40,A3,3,6,1,0C,4C,True,BA,3A,SDC
5822,40,A3,3,7,0,0C,0C,False,BA,BA,Not activated
5823,40,A3,3,7,1,0C,8C,True,BA,BA,Masked
5824,40,B0,4,0,0,A7,A6,True,BA,BA,Masked
5825,40,B0,4,0,1,A7,A7,False,BA,BA,Not activated
5826,40,B0,4,1,0,A7,A5,True,BA,BA,Masked
5827,40,B0,4,1,1,A7,A7,False,BA,BA,Not activated
5828,40,B0,4,2,0,A7,A3,True,BA,BA,Masked
5829,40,B0,4,2,1,A7,A7,False,BA,BA,Not activated
5830,40,B0,4,3,0,A7,A7,False,BA,BA,Not activated
5831,40,B0,4,3,1,A7,AF,True,BA,BB,SDC
5832,40,B0,4,4,0,A7,A7,False,BA,BA,Not activated
5833,40,B0,4,4,1,A7,B7,True,BA,BD,SDC
5834,40,B0,4,5,0,A7,87,True,BA,B9,SDC
5835,40,B0,4,5,1,A7,A7,False,BA,BA,Not activated
5836,40,B0,4,6,0,A7,A7,False,BA,BA,Not activated
5837,40,B0,4,6,1,A7,E7,True,BA,DF,SDC
5838,40,B0,4,7,0,A7,27,True,BA,B8,SDC
5839,40,B0,4,7,1,A7,A7,False,BA,BA,Not activated
5840,40,B1,5,0,0,22,22,False,BA,BA,Not activated
5841,40,B1,5,0,1,22,23,True,BA,BB,SDC
5842,40,B1,5,1,0,22,20,True,BA,BA,Masked
5843,40,B1,5,1,1,22,22,False,BA,BA,Not activated
5844,40,B1,5,2,0,22,22,False,BA,BA,Not activated
5845,40,B1,5,2,1,22,26,True,BA,BB,SDC
5846,40,B1,5,3,0,22,22,False,BA,BA,Not activated
5847,40,B1,5,3,1,22,2A,True,BA,BB,SDC
5848,40,B1,5,4,0,22,22,False,BA,BA,Not activated
5849,40,B1,5,4,1,22,32,True,BA,BC,SDC
5850,40,B1,5,5,0,22,02,True,BA,BA,Masked
5851,40,B1,5,5,1,22,22,False,BA,BA,Not activated
5852,40,B1,5,6,0,22,22,False,BA,BA,Not activated
5853,40,B1,5,6,1,22,62,True,BA,D8,SDC
5854,40,B1,5,7,0,22,22,False,BA,BA,Not activated
5855,40,B1,5,7,1,22,A2,True,BA,BA,Masked
5856,40,B2,6,0,0,B0,B0,False,BA,BA,Not activated
5857,40,B2,6,0,1,B0,B1,True,BA,BA,Masked
5858,40,B2,6,1,0,B0,B0,False,BA,BA,Not activated
5859,40,B2,6,1,1,B0,B2,True,BA,BA,Masked
5860,40,B2,6,2,0,B0,B0,False,BA,BA,Not activated
5861,40,B2,6,2,1,B0,B4,True,BA,BA,Masked
5862,40,B2,6,3,0,B0,B0,False,BA,BA,Not activated
5863,40,B2,6,3,1,B0,B8,True,BA,BB,SDC
5864,40,B2,6,4,0,B0,A0,True,BA,B9,SDC
5865,40,B2,6,4,1,B0,B0,False,BA,BA,Not activated
5866,40,B2,6,5,0,B0,90,True,BA,B9,SDC
5867,40,B2,6,5,1,B0,B0,False,BA,BA,Not activated
5868,40,B2,6,6,0,B0,B0,False,BA,BA,Not activated
5869,40,B2,6,6,1,B0,F0,True,BA,DF,SDC
5870,40,B2,6,7,0,B0,30,True,BA,B8,SDC
5871,40,B2,6,7,1,B0,B0,False,BA,BA,Not activated
5872,40,B3,7,0,0,2D,2C,True,BA,BA,Masked
5873,40,B3,7,0,1,2D,2D,False,BA,BA,Not activated
5874,40,B3,7,1,0,2D,2D,False,BA,BA,Not activated
5875,40,B3,7,1,1,2D,2F,True,BA,BA,Masked
5876,40,B3,7,2,0,2D,29,True,BA,BA,Masked
5877,40,B3,7,2,1,2D,2D,False,BA,BA,Not activated
5878,40,B3,7,3,0,2D,25,True,BA,BA,Masked
5879,40,B3,7,3,1,2D,2D,False,BA,BA,Not activated
5880,40,B3,7,4,0,2D,2D,False,BA,BA,Not activated
5881,40,B3,7,4,1,2D,3D,True,BA,BA,Masked
5882,40,B3,7,5,0,2D,0D,True,BA,BA,Masked
5883,40,B3,7,5,1,2D,2D,False,BA,BA,Not activated
5884,40,B3,7,6,0,2D,2D,False,BA,BA,Not activated
5885,40,B3,7,6,1,2D,6D,True,BA,3A,SDC
5886,40,B3,7,7,0,2D,2D,False,BA,BA,Not activated
5887,40,B3,7,7,1,2D,AD,True,BA,BA,Masked
5888,40,C0,8,0,0,B8,B8,False,BA,BA,Not activated
5889,40,C0,8,0,1,B8,B9,True,BA,BB,SDC
5890,40,C0,8,1,0,B8,B8,False,BA,BA,Not activated
5891,40,C0,8,1,1,B8,BA,True,BA,BC,SDC
5892,40,C0,8,2,0,B8,B8,False,BA,BA,Not activated
5893,40,C0,8,2,1,B8,BC,True,BA,BE,SDC
5894,40,C0,8,3,0,B8,B0,True,BA,B5,SDC
5895,40,C0,8,3,1,B8,B8,False,BA,BA,Not activated
5896,40,C0,8,4,0,B8,A8,True,BA,B1,SDC
5897,40,C0,8,4,1,B8,B8,False,BA,BA,Not activated
5898,40,C0,8,5,0,B8,98,True,BA,AB,SDC
5899,40,C0,8,5,1,B8,B8,False,BA,BA,Not activated
5900,40,C0,8,6,0,B8,B8,False,BA,BA,Not activated
5901,40,C0,8,6,1,B8,F8,True,BA,F8,SDC
5902,40,C0,8,7,0,B8,38,True,BA,33,SDC
5903,40,C0,8,7,1,B8,B8,False,BA,BA,Not activated
5904,41,A0,0,0,0,36,36,False,A9,A9,Not activated
5905,41,A0,0,0,1,36,37,True,A9,A9,Masked
5906,41,A0,0,1,0,36,34,True,A9,AB,SDC
5907,41,A0,0,1,1,36,36,False,A9,A9,Not activated
5908,41,A0,0,2,0,36,32,True,A9,AB,SDC
5909,41,A0,0,2,1,36,36,False,A9,A9,Not activated
5910,41,A0,0,3,0,36,36,False,A9,A9,Not activated
5911,41,A0,0,3,1,36,3E,True,A9,02,SDC
5912,41,A0,0,4,0,36,26,True,A9,B0,SDC
5913,41,A0,0,4,1,36,36,False,A9,A9,Not activated
5914,41,A0,0,5,0,36,16,True,A9,B1,SDC
5915,41,A0,0,5,1,36,36,False,A9,A9,Not activated
5916,41,A0,0,6,0,36,36,False,A9,A9,Not activated
5917,41,A0,0,6,1,36,76,True,A9,6A,SDC
5918,41,A0,0,7,0,36,36,False,A9,A9,Not activated
5919,41,A0,0,7,1,36,B6,True,A9,B5,SDC
5920,41,A1,1,0,0,1A,1A,False,A9,A9,Not activated
5921,41,A1,1,0,1,1A,1B,True,A9,A9,Masked
5922,41,A1,1,1,0,1A,18,True,A9,A9,Masked
5923,41,A1,1,1,1,1A,1A,False,A9,A9,Not activated
5924,41,A1,1,2,0,1A,1A,False,A9,A9,Not activated
5925,41,A1,1,2,1,1A,1E,True,A9,A9,Masked
5926,41,A1,1,3,0,1A,12,True,A9,A9,Masked
5927,41,A1,1,3,1,1A,1A,False,A9,A9,Not activated
5928,41,A1,1,4,0,1A,0A,True,A9,A9,Masked
5929,41,A1,1,4,1,1A,1A,False,A9,A9,Not activated
5930,41,A1,1,5,0,1A,1A,False,A9,A9,Not activated
5931,41,A1,1,5,1,1A,3A,True,A9,B2,SDC
5932,41,A1,1,6,0,1A,1A,False,A9,A9,Not activated
5933,41,A1,1,6,1,1A,5A,True,A9,CC,SDC
5934,41,A1,1,7,0,1A,1A,False,A9,A9,Not activated
5935,41,A1,1,7,1,1A,9A,True,A9,A8,SDC
5936,41,A2,2,0,0,2E,2E,False,A9,A9,Not activated
5937,41,A2,2,0,1,2E,2F,True,A9,AA,SDC
5938,41,A2,2,1,0,2E,2C,True,A9,A6,SDC
5939,41,A2,2,1,1,2E,2E,False,A9,A9,Not activated
5940,41,A2,2,2,0,2E,2A,True,A9,A4,SDC
5941,41,A2,2,2,1,2E,2E,False,A9,A9,Not activated
5942,41,A2,2,3,0,2E,26,True,A9,9B,SDC
5943,41,A2,2,3,1,2E,2E,False,A9,A9,Not activated
5944,41,A2,2,4,0,2E,2E,False,A9,A9,Not activated
5945,41,A2,2,4,1,2E,3E,True,A9,BC,SDC
5946,41,A2,2,5,0,2E,0E,True,A9,1A,SDC
5947,41,A2,2,5,1,2E,2E,False,A9,A9,Not activated
5948,41,A2,2,6,0,2E,2E,False,A9,A9,Not activated
5949,41,A2,2,6,1,2E,6E,True,A9,EC,SDC
5950,41,A2,2,7,0,2E,2E,False,A9,A9,Not activated
5951,41,A2,2,7,1,2E,AE,True,A9,2F,SDC
5952,41,A3,3,0,0,2F,2E,True,A9,A9,Masked
5953,41,A3,3,0,1,2F,2F,False,A9,A9,Not activated
5954,41,A3,3,1,0,2F,2D,True,A9,AA,SDC
5955,41,A3,3,1,1,2F,2F,False,A9,A9,Not activated
5956,41,A3,3,2,0,2F,2B,True,A9,AA,SDC
5957,41,A3,3,2,1,2F,2F,False,A9,A9,Not activated
5958,41,A3,3,3,0,2F,27,True,A9,AB,SDC
5959,41,A3,3,3,1,2F,2F,False,A9,A9,Not activated
5960,41,A3,3,4,0,2F,2F,False,A9,A9,Not activated
5961,41,A3,3,4,1,2F,3F,True,A9,25,SDC
5962,41,A3,3,5,0,2F,0F,True,A9,AE,SDC
5963,41,A3,3,5,1,2F,2F,False,A9,A9,Not activated
5964,41,A3,3,6,0,2F,2F,False,A9,A9,Not activated
5965,41,A3,3,6,1,2F,6F,True,A9,62,SDC
5966,41,A3,3,7,0,2F,2F,False,A9,A9,Not activated
5967,41,A3,3,7,1,2F,AF,True,A9,B2,SDC
5968,41,B0,4,0,0,2B,2A,True,A9,AA,SDC
5969,41,B0,4,0,1,2B,2B,False,A9,A9,Not activated
5970,41,B0,4,1,0,2B,29,True,A9,AB,SDC
5971,41,B0,4,1,1,2B,2B,False,A9,A9,Not activated
5972,41,B0,4,2,0,2B,2B,False,A9,A9,Not activated
5973,41,B0,4,2,1,2B,2F,True,A9,A4,SDC
5974,41,B0,4,3,0,2B,23,True,A9,AD,SDC
5975,41,B0,4,3,1,2B,2B,False,A9,A9,Not activated
5976,41,B0,4,4,0,2B,2B,False,A9,A9,Not activated
5977,41,B0,4,4,1,2B,3B,True,A9,33,SDC
5978,41,B0,4,5,0,2B,0B,True,A9,B1,SDC
5979,41,B0,4,5,1,2B,2B,False,A9,A9,Not activated
5980,41,B0,4,6,0,2B,2B,False,A9,A9,Not activated
5981,41,B0,4,6,1,2B,6B,True,A9,6A,SDC
5982,41,B0,4,7,0,2B,2B,False,A9,A9,Not activated
5983,41,B0,4,7,1,2B,AB,True,A9,B5,SDC
5984,41,B1,5,0,0,A9,A8,True,A9,A9,Masked
5985,41,B1,5,0,1,A9,A9,False,A9,A9,Not activated
5986,41,B1,5,1,0,A9,A9,False,A9,A9,Not activated
5987,41,B1,5,1,1,A9,AB,True,A9,A9,Masked
5988,41,B1,5,2,0,A9,A9,False,A9,A9,Not activated
5989,41,B1,5,2,1,A9,AD,True,A9,AA,SDC
5990,41,B1,5,3,0,A9,A1,True,A9,A9,Masked
5991,41,B1,5,3,1,A9,A9,False,A9,A9,Not activated
5992,41,B1,5,4,0,A9,A9,False,A9,A9,Not activated
5993,41,B1,5,4,1,A9,B9,True,A9,AB,SDC
5994,41,B1,5,5,0,A9,89,True,A9,A9,Masked
5995,41,B1,5,5,1,A9,A9,False,A9,A9,Not activated
5996,41,B1,5,6,0,A9,A9,False,A9,A9,Not activated
5997,41,B1,5,6,1,A9,E9,True,A9,CC,SDC
5998,41,B1,5,7,0,A9,29,True,A9,A8,SDC
5999,41,B1,5,7,1,A9,A9,False,A9,A9,Not activated
6000,41,B2,6,0,0,B6,B6,False,A9,A9,Not activated
6001,41,B2,6,0,1,B6,B7,True,A9,AA,SDC
6002,41,B2,6,1,0,B6,B4,True,A9,A6,SDC
6003,41,B2,6,1,1,B6,B6,False,A9,A9,Not activated
6004,41,B2,6,2,0,B6,B2,True,A9,A4,SDC
6005,41,B2,6,2,1,B6,B6,False,A9,A9,Not activated
6006,41,B2,6,3,0,B6,B6,False,A9,A9,Not activated
6007,41,B2,6,3,1,B6,BE,True,A9,B2,SDC
6008,41,B2,6,4,0,B6,A6,True,A9,02,SDC
6009,41,B2,6,4,1,B6,B6,False,A9,A9,Not activated
6010,41,B2,6,5,0,B6,96,True,A9,1A,SDC
6011,41,B2,6,5,1,B6,B6,False,A9,A9,Not activated
6012,41,B2,6,6,0,B6,B6,False,A9,A9,Not activated
6013,41,B2,6,6,1,B6,F6,True,A9,EC,SDC
6014,41,B2,6,7,0,B6,36,True,A9,2F,SDC
6015,41,B2,6,7,1,B6,B6,False,A9,A9,Not activated
6016,41,B3,7,0,0,2B,2A,True,A9,A9,Masked
6017,41,B3,7,0,1,2B,2B,False,A9,A9,Not activated
6018,41,B3,7,1,0,2B,29,True,A9,AA,SDC
6019,41,B3,7,1,1,2B,2B,False,A9,A9,Not activated
6020,41,B3,7,2,0,2B,2B,False,A9,A9,Not activated
6021,41,B3,7,2,1,2B,2F,True,A9,A6,SDC
6022,41,B3,7,3,0,2B,23,True,A9,AB,SDC
6023,41,B3,7,3,1,2B,2B,False,A9,A9,Not activated
6024,41,B3,7,4,0,2B,2B,False,A9,A9,Not activated
6025,41,B3,7,4,1,2B,3B,True,A9,25,SDC
6026,41,B3,7,5,0,2B,0B,True,A9,AE,SDC
6027,41,B3,7,5,1,2B,2B,False,A9,A9,Not activated
6028,41,B3,7,6,0,2B,2B,False,A9,A9,Not activated
6029,41,B3,7,6,1,2B,6B,True,A9,62,SDC
6030,41,B3,7,7,0,2B,2B,False,A9,A9,Not activated
6031,41,B3,7,7,1,2B,AB,True,A9,B2,SDC
6032,41,C0,8,0,0,AB,AA,True,A9,A8,SDC
6033,41,C0,8,0,1,AB,AB,False,A9,A9,Not activated
6034,41,C0,8,1,0,AB,A9,True,A9,A6,SDC
6035,41,C0,8,1,1,AB,AB,False,A9,A9,Not activated
6036,41,C0,8,2,0,AB,AB,False,A9,A9,Not activated
6037,41,C0,8,2,1,AB,AF,True,A9,AD,SDC
6038,41,C0,8,3,0,AB,A3,True,A9,9F,SDC
6039,41,C0,8,3,1,AB,AB,False,A9,A9,Not activated
6040,41,C0,8,4,0,AB,AB,False,A9,A9,Not activated
6041,41,C0,8,4,1,AB,BB,True,A9,BB,SDC
6042,41,C0,8,5,0,AB,8B,True,A9,11,SDC
6043,41,C0,8,5,1,AB,AB,False,A9,A9,Not activated
6044,41,C0,8,6,0,AB,AB,False,A9,A9,Not activated
6045,41,C0,8,6,1,AB,EB,True,A9,EB,SDC
6046,41,C0,8,7,0,AB,2B,True,A9,2D,SDC
6047,41,C0,8,7,1,AB,AB,False,A9,A9,Not activated
6048,42,A0,0,0,0,AC,AC,False,B2,B2,Not activated
6049,42,A0,0,0,1,AC,AD,True,B2,B2,Masked
6050,42,A0,0,1,0,AC,AC,False,B2,B2,Not activated
6051,42,A0,0,1,1,AC,AE,True,B2,B1,SDC
6052,42,A0,0,2,0,AC,A8,True,B2,B2,Masked
6053,42,A0,0,2,1,AC,AC,False,B2,B2,Not activated
6054,42,A0,0,3,0,AC,A4,True,B2,B3,SDC
6055,42,A0,0,3,1,AC,AC,False,B2,B2,Not activated
6056,42,A0,0,4,0,AC,AC,False,B2,B2,Not activated
6057,42,A0,0,4,1,AC,BC,True,B2,A7,SDC
6058,42,A0,0,5,0,AC,8C,True,B2,B4,SDC
6059,42,A0,0,5,1,AC,AC,False,B2,B2,Not activated
6060,42,A0,0,6,0,AC,AC,False,B2,B2,Not activated
6061,42,A0,0,6,1,AC,EC,True,B2,61,SDC
6062,42,A0,0,7,0,AC,2C,True,B2,B7,SDC
6063,42,A0,0,7,1,AC,AC,False,B2,B2,Not activated
6064,42,A1,1,0,0,33,32,True,B2,B2,Masked
6065,42,A1,1,0,1,33,33,False,B2,B2,Not activated
6066,42,A1,1,1,0,33,31,True,B2,B2,Masked
6067,42,A1,1,1,1,33,33,False,B2,B2,Not activated
6068,42,A1,1,2,0,33,33,False,B2,B2,Not activated
6069,42,A1,1,2,1,33,37,True,B2,B3,SDC
6070,42,A1,1,3,0,33,33,False,B2,B2,Not activated
6071,42,A1,1,3,1,33,3B,True,B2,B4,SDC
6072,42,A1,1,4,0,33,23,True,B2,B1,SDC
6073,42,A1,1,4,1,33,33,False,B2,B2,Not activated
6074,42,A1,1,5,0,33,13,True,B2,B0,SDC
6075,42,A1,1,5,1,33,33,False,B2,B2,Not activated
6076,42,A1,1,6,0,33,33,False,B2,B2,Not activated
6077,42,A1,1,6,1,33,73,True,B2,E0,SDC
6078,42,A1,1,7,0,33,33,False,B2,B2,Not activated
6079,42,A1,1,7,1,33,B3,True,B2,AD,SDC
6080,42,A2,2,0,0,2E,2E,False,B2,B2,Not activated
6081,42,A2,2,0,1,2E,2F,True,B2,B2,Masked
6082,42,A2,2,1,0,2E,2C,True,B2,B2,Masked
6083,42,A2,2,1,1,2E,2E,False,B2,B2,Not activated
6084,42,A2,2,2,0,2E,2A,True,B2,B2,Masked
6085,42,A2,2,2,1,2E,2E,False,B2,B2,Not activated
6086,42,A2,2,3,0,2E,26,True,B2,B2,Masked
6087,42,A2,2,3,1,2E,2E,False,B2,B2,Not activated
6088,42,A2,2,4,0,2E,2E,False,B2,B2,Not activated
6089,42,A2,2,4,1,2E,3E,True,B2,B7,SDC
6090,42,A2,2,5,0,2E,0E,True,B2,B1,SDC
6091,42,A2,2,5,1,2E,2E,False,B2,B2,Not activated
6092,42,A2,2,6,0,2E,2E,False,B2,B2,Not activated
6093,42,A2,2,6,1,2E,6E,True,B2,DB,SDC
6094,42,A2,2,7,0,2E,2E,False,B2,B2,Not activated
6095,42,A2,2,7,1,2E,AE,True,B2,B0,SDC
6096,42,A3,3,0,0,AD,AC,True,B2,B3,SDC
6097,42,A3,3,0,1,AD,AD,False,B2,B2,Not activated
6098,42,A3,3,1,0,AD,AD,False,B2,B2,Not activated
6099,42,A3,3,1,1,AD,AF,True,B2,B2,Masked
6100,42,A3,3,2,0,AD,A9,True,B2,B3,SDC
6101,42,A3,3,2,1,AD,AD,False,B2,B2,Not activated
6102,42,A3,3,3,0,AD,A5,True,B2,B4,SDC
6103,42,A3,3,3,1,AD,AD,False,B2,B2,Not activated
6104,42,A3,3,4,0,AD,AD,False,B2,B2,Not activated
6105,42,A3,3,4,1,AD,BD,True,B2,A2,SDC
6106,42,A3,3,5,0,AD,8D,True,B2,B5,SDC
6107,42,A3,3,5,1,AD,AD,False,B2,B2,Not activated
6108,42,A3,3,6,0,AD,AD,False,B2,B2,Not activated
6109,42,A3,3,6,1,AD,ED,True,B2,62,SDC
6110,42,A3,3,7,0,AD,2D,True,B2,B8,SDC
6111,42,A3,3,7,1,AD,AD,False,B2,B2,Not activated
6112,42,B0,4,0,0,AC,AC,False,B2,B2,Not activated
6113,42,B0,4,0,1,AC,AD,True,B2,B2,Masked
6114,42,B0,4,1,0,AC,AC,False,B2,B2,Not activated
6115,42,B0,4,1,1,AC,AE,True,B2,B1,SDC
6116,42,B0,4,2,0,AC,A8,True,B2,B2,Masked
6117,42,B0,4,2,1,AC,AC,False,B2,B2,Not activated
6118,42,B0,4,3,0,AC,A4,True,B2,B3,SDC
6119,42,B0,4,3,1,AC,AC,False,B2,B2,Not activated
6120,42,B0,4,4,0,AC,AC,False,B2,B2,Not activated
6121,42,B0,4,4,1,AC,BC,True,B2,A7,SDC
6122,42,B0,4,5,0,AC,8C,True,B2,B4,SDC
6123,42,B0,4,5,1,AC,AC,False,B2,B2,Not activated
6124,42,B0,4,6,0,AC,AC,False,B2,B2,Not activated
6125,42,B0,4,6,1,AC,EC,True,B2,61,SDC
6126,42,B0,4,7,0,AC,2C,True,B2,B7,SDC
6127,42,B0,4,7,1,AC,AC,False,B2,B2,Not activated
6128,42,B1,5,0,0,A4,A4,False,B2,B2,Not activated
6129,42,B1,5,0,1,A4,A5,True,B2,B2,Masked
6130,42,B1,5,1,0,A4,A4,False,B2,B2,Not activated
6131,42,B1,5,1,1,A4,A6,True,B2,B2,Masked
6132,42,B1,5,2,0,A4,A0,True,B2,B1,SDC
6133,42,B1,5,2,1,A4,A4,False,B2,B2,Not activated
6134,42,B1,5,3,0,A4,A4,False,B2,B2,Not activated
6135,42,B1,5,3,1,A4,AC,True,B2,B4,SDC
6136,42,B1,5,4,0,A4,A4,False,B2,B2,Not activated
6137,42,B1,5,4,1,A4,B4,True,B2,B9,SDC
6138,42,B1,5,5,0,A4,84,True,B2,B0,SDC
6139,42,B1,5,5,1,A4,A4,False,B2,B2,Not activated
6140,42,B1,5,6,0,A4,A4,False,B2,B2,Not activated
6141,42,B1,5,6,1,A4,E4,True,B2,E0,SDC
6142,42,B1,5,7,0,A4,24,True,B2,AD,SDC
6143,42,B1,5,7,1,A4,A4,False,B2,B2,Not activated
6144,42,B2,6,0,0,A4,A4,False,B2,B2,Not activated
6145,42,B2,6,0,1,A4,A5,True,B2,B2,Masked
6146,42,B2,6,1,0,A4,A4,False,B2,B2,Not activated
6147,42,B2,6,1,1,A4,A6,True,B2,B3,SDC
6148,42,B2,6,2,0,A4,A0,True,B2,B2,Masked
6149,42,B2,6,2,1,A4,A4,False,B2,B2,Not activated
6150,42,B2,6,3,0,A4,A4,False,B2,B2,Not activated
6151,42,B2,6,3,1,A4,AC,True,B2,B4,SDC
6152,42,B2,6,4,0,A4,A4,False,B2,B2,Not activated
6153,42,B2,6,4,1,A4,B4,True,B2,B7,SDC
6154,42,B2,6,5,0,A4,84,True,B2,B1,SDC
6155,42,B2,6,5,1,A4,A4,False,B2,B2,Not activated
6156,42,B2,6,6,0,A4,A4,False,B2,B2,Not activated
6157,42,B2,6,6,1,A4,E4,True,B2,DB,SDC
6158,42,B2,6,7,0,A4,24,True,B2,B0,SDC
6159,42,B2,6,7,1,A4,A4,False,B2,B2,Not activated
6160,42,B3,7,0,0,AD,AC,True,B2,B3,SDC
6161,42,B3,7,0,1,AD,AD,False,B2,B2,Not activated
6162,42,B3,7,1,0,AD,AD,False,B2,B2,Not activated
6163,42,B3,7,1,1,AD,AF,True,B2,B2,Masked
6164,42,B3,7,2,0,AD,A9,True,B2,B3,SDC
6165,42,B3,7,2,1,AD,AD,False,B2,B2,Not activated
6166,42,B3,7,3,0,AD,A5,True,B2,B4,SDC
6167,42,B3,7,3,1,AD,AD,False,B2,B2,Not activated
6168,42,B3,7,4,0,AD,AD,False,B2,B2,Not activated
6169,42,B3,7,4,1,AD,BD,True,B2,A2,SDC
6170,42,B3,7,5,0,AD,8D,True,B2,B5,SDC
6171,42,B3,7,5,1,AD,AD,False,B2,B2,Not activated
6172,42,B3,7,6,0,AD,AD,False,B2,B2,Not activated
6173,42,B3,7,6,1,AD,ED,True,B2,62,SDC
6174,42,B3,7,7,0,AD,2D,True,B2,B8,SDC
6175,42,B3,7,7,1,AD,AD,False,B2,B2,Not activated
6176,42,C0,8,0,0,B4,B4,False,B2,B2,Not activated
6177,42,C0,8,0,1,B4,B5,True,B2,B3,SDC
6178,42,C0,8,1,0,B4,B4,False,B2,B2,Not activated
6179,42,C0,8,1,1,B4,B6,True,B2,B4,SDC
6180,42,C0,8,2,0,B4,B0,True,B2,AD,SDC
6181,42,C0,8,2,1,B4,B4,False,B2,B2,Not activated
6182,42,C0,8,3,0,B4,B4,False,B2,B2,Not activated
6183,42,C0,8,3,1,B4,BC,True,B2,BC,SDC
6184,42,C0,8,4,0,B4,A4,True,B2,9B,SDC
6185,42,C0,8,4,1,B4,B4,False,B2,B2,Not activated
6186,42,C0,8,5,0,B4,94,True,B2,14,SDC
6187,42,C0,8,5,1,B4,B4,False,B2,B2,Not activated
6188,42,C0,8,6,0,B4,B4,False,B2,B2,Not activated
6189,42,C0,8,6,1,B4,F4,True,B2,F4,SDC
6190,42,C0,8,7,0,B4,34,True,B2,36,SDC
6191,42,C0,8,7,1,B4,B4,False,B2,B2,Not activated
6192,43,A0,0,0,0,A2,A2,False,BC,BC,Not activated
6193,43,A0,0,0,1,A2,A3,True,BC,BC,Masked
6194,43,A0,0,1,0,A2,A0,True,BC,BC,Masked
6195,43,A0,0,1,1,A2,A2,False,BC,BC,Not activated
6196,43,A0,0,2,0,A2,A2,False,BC,BC,Not activated
6197,43,A0,0,2,1,A2,A6,True,BC,BD,SDC
6198,43,A0,0,3,0,A2,A2,False,BC,BC,Not activated
6199,43,A0,0,3,1,A2,AA,True,BC,BD,SDC
6200,43,A0,0,4,0,A2,A2,False,BC,BC,Not activated
6201,43,A0,0,4,1,A2,B2,True,BC,BE,SDC
6202,43,A0,0,5,0,A2,82,True,BC,BC,Masked
6203,43,A0,0,5,1,A2,A2,False,BC,BC,Not activated
6204,43,A0,0,6,0,A2,A2,False,BC,BC,Not activated
6205,43,A0,0,6,1,A2,E2,True,BC,D3,SDC
6206,43,A0,0,7,0,A2,22,True,BC,BC,Masked
6207,43,A0,0,7,1,A2,A2,False,BC,BC,Not activated
6208,43,A1,1,0,0,36,36,False,BC,BC,Not activated
6209,43,A1,1,0,1,36,37,True,BC,BD,SDC
6210,43,A1,1,1,0,36,34,True,BC,BC,Masked
6211,43,A1,1,1,1,36,36,False,BC,BC,Not activated
6212,43,A1,1,2,0,36,32,True,BC,BC,Masked
6213,43,A1,1,2,1,36,36,False,BC,BC,Not activated
6214,43,A1,1,3,0,36,36,False,BC,BC,Not activated
6215,43,A1,1,3,1,36,3E,True,BC,C0,SDC
6216,43,A1,1,4,0,36,26,True,BC,BA,SDC
6217,43,A1,1,4,1,36,36,False,BC,BC,Not activated
6218,43,A1,1,5,0,36,16,True,BC,BA,SDC
6219,43,A1,1,5,1,36,36,False,BC,BC,Not activated
6220,43,A1,1,6,0,36,36,False,BC,BC,Not activated
6221,43,A1,1,6,1,36,76,True,BC,EB,SDC
6222,43,A1,1,7,0,36,36,False,BC,BC,Not activated
6223,43,A1,1,7,1,36,B6,True,BC,B6,SDC
6224,43,A2,2,0,0,2B,2A,True,BC,BD,SDC
6225,43,A2,2,0,1,2B,2B,False,BC,BC,Not activated
6226,43,A2,2,1,0,2B,29,True,BC,BD,SDC
6227,43,A2,2,1,1,2B,2B,False,BC,BC,Not activated
6228,43,A2,2,2,0,2B,2B,False,BC,BC,Not activated
6229,43,A2,2,2,1,2B,2F,True,BC,BC,Masked
6230,43,A2,2,3,0,2B,23,True,BC,BD,SDC
6231,43,A2,2,3,1,2B,2B,False,BC,BC,Not activated
6232,43,A2,2,4,0,2B,2B,False,BC,BC,Not activated
6233,43,A2,2,4,1,2B,3B,True,BC,BC,Masked
6234,43,A2,2,5,0,2B,0B,True,BC,BD,SDC
6235,43,A2,2,5,1,2B,2B,False,BC,BC,Not activated
6236,43,A2,2,6,0,2B,2B,False,BC,BC,Not activated
6237,43,A2,2,6,1,2B,6B,True,BC,4D,SDC
6238,43,A2,2,7,0,2B,2B,False,BC,BC,Not activated
6239,43,A2,2,7,1,2B,AB,True,BC,BE,SDC
6240,43,A3,3,0,0,35,34,True,BC,BC,Masked
6241,43,A3,3,0,1,35,35,False,BC,BC,Not activated
6242,43,A3,3,1,0,35,35,False,BC,BC,Not activated
6243,43,A3,3,1,1,35,37,True,BC,BE,SDC
6244,43,A3,3,2,0,35,31,True,BC,BA,SDC
6245,43,A3,3,2,1,35,35,False,BC,BC,Not activated
6246,43,A3,3,3,0,35,35,False,BC,BC,Not activated
6247,43,A3,3,3,1,35,3D,True,BC,C2,SDC
6248,43,A3,3,4,0,35,25,True,BC,B7,SDC
6249,43,A3,3,4,1,35,35,False,BC,BC,Not activated
6250,43,A3,3,5,0,35,15,True,BC,B5,SDC
6251,43,A3,3,5,1,35,35,False,BC,BC,Not activated
6252,43,A3,3,6,0,35,35,False,BC,BC,Not activated
6253,43,A3,3,6,1,35,75,True,BC,F5,SDC
6254,43,A3,3,7,0,35,35,False,BC,BC,Not activated
6255,43,A3,3,7,1,35,B5,True,BC,18,SDC
6256,43,B0,4,0,0,27,26,True,BC,BC,Masked
6257,43,B0,4,0,1,27,27,False,BC,BC,Not activated
6258,43,B0,4,1,0,27,25,True,BC,BC,Masked
6259,43,B0,4,1,1,27,27,False,BC,BC,Not activated
6260,43,B0,4,2,0,27,23,True,BC,BC,Masked
6261,43,B0,4,2,1,27,27,False,BC,BC,Not activated
6262,43,B0,4,3,0,27,27,False,BC,BC,Not activated
6263,43,B0,4,3,1,27,2F,True,BC,BD,SDC
6264,43,B0,4,4,0,27,27,False,BC,BC,Not activated
6265,43,B0,4,4,1,27,37,True,BC,BE,SDC
6266,43,B0,4,5,0,27,07,True,BC,BC,Masked
6267,43,B0,4,5,1,27,27,False,BC,BC,Not activated
6268,43,B0,4,6,0,27,27,False,BC,BC,Not activated
6269,43,B0,4,6,1,27,67,True,BC,D3,SDC
6270,43,B0,4,7,0,27,27,False,BC,BC,Not activated
6271,43,B0,4,7,1,27,A7,True,BC,BC,Masked
6272,43,B1,5,0,0,AD,AC,True,BC,BC,Masked
6273,43,B1,5,0,1,AD,AD,False,BC,BC,Not activated
6274,43,B1,5,1,0,AD,AD,False,BC,BC,Not activated
6275,43,B1,5,1,1,AD,AF,True,BC,BD,SDC
6276,43,B1,5,2,0,AD,A9,True,BC,BC,Masked
6277,43,B1,5,2,1,AD,AD,False,BC,BC,Not activated
6278,43,B1,5,3,0,AD,A5,True,BC,BB,SDC
6279,43,B1,5,3,1,AD,AD,False,BC,BC,Not activated
6280,43,B1,5,4,0,AD,AD,False,BC,BC,Not activated
6281,43,B1,5,4,1,AD,BD,True,BC,C3,SDC
6282,43,B1,5,5,0,AD,8D,True,BC,BA,SDC
6283,43,B1,5,5,1,AD,AD,False,BC,BC,Not activated
6284,43,B1,5,6,0,AD,AD,False,BC,BC,Not activated
6285,43,B1,5,6,1,AD,ED,True,BC,EB,SDC
6286,43,B1,5,7,0,AD,2D,True,BC,B6,SDC
6287,43,B1,5,7,1,AD,AD,False,BC,BC,Not activated
6288,43,B2,6,0,0,1C,1C,False,BC,BC,Not activated
6289,43,B2,6,0,1,1C,1D,True,BC,BC,Masked
6290,43,B2,6,1,0,1C,1C,False,BC,BC,Not activated
6291,43,B2,6,1,1,1C,1E,True,BC,BC,Masked
6292,43,B2,6,2,0,1C,18,True,BC,BD,SDC
6293,43,B2,6,2,1,1C,1C,False,BC,BC,Not activated
6294,43,B2,6,3,0,1C,14,True,BC,BD,SDC
6295,43,B2,6,3,1,1C,1C,False,BC,BC,Not activated
6296,43,B2,6,4,0,1C,0C,True,BC,BD,SDC
6297,43,B2,6,4,1,1C,1C,False,BC,BC,Not activated
6298,43,B2,6,5,0,1C,1C,False,BC,BC,Not activated
6299,43,B2,6,5,1,1C,3C,True,BC,B9,SDC
6300,43,B2,6,6,0,1C,1C,False,BC,BC,Not activated
6301,43,B2,6,6,1,1C,5C,True,BC,4D,SDC
6302,43,B2,6,7,0,1C,1C,False,BC,BC,Not activated
6303,43,B2,6,7,1,1C,9C,True,BC,BE,SDC
6304,43,B3,7,0,0,B8,B8,False,BC,BC,Not activated
6305,43,B3,7,0,1,B8,B9,True,BC,BD,SDC
6306,43,B3,7,1,0,B8,B8,False,BC,BC,Not activated
6307,43,B3,7,1,1,B8,BA,True,BC,BE,SDC
6308,43,B3,7,2,0,B8,B8,False,BC,BC,Not activated
6309,43,B3,7,2,1,B8,BC,True,BC,C0,SDC
6310,43,B3,7,3,0,B8,B0,True,BC,B9,SDC
6311,43,B3,7,3,1,B8,B8,False,BC,BC,Not activated
6312,43,B3,7,4,0,B8,A8,True,BC,B7,SDC
6313,43,B3,7,4,1,B8,B8,False,BC,BC,Not activated
6314,43,B3,7,5,0,B8,98,True,BC,B5,SDC
6315,43,B3,7,5,1,B8,B8,False,BC,BC,Not activated
6316,43,B3,7,6,0,B8,B8,False,BC,BC,Not activated
6317,43,B3,7,6,1,B8,F8,True,BC,F8,SDC
6318,43,B3,7,7,0,B8,38,True,BC,18,SDC
6319,43,B3,7,7,1,B8,B8,False,BC,BC,Not activated
6320,43,C0,8,0,0,AE,AE,False,BC,BC,Not activated
6321,43,C0,8,0,1,AE,AF,True,BC,BD,SDC
6322,43,C0,8,1,0,AE,AC,True,BC,BC,Masked
6323,43,C0,8,1,1,AE,AE,False,BC,BC,Not activated
6324,43,C0,8,2,0,AE,AA,True,BC,BC,Masked
6325,43,C0,8,2,1,AE,AE,False,BC,BC,Not activated
6326,43,C0,8,3,0,AE,A6,True,BC,BB,SDC
6327,43,C0,8,3,1,AE,AE,False,BC,BC,Not activated
6328,43,C0,8,4,0,AE,AE,False,BC,BC,Not activated
6329,43,C0,8,4,1,AE,BE,True,BC,C3,SDC
6330,43,C0,8,5,0,AE,8E,True,BC,BA,SDC
6331,43,C0,8,5,1,AE,AE,False,BC,BC,Not activated
6332,43,C0,8,6,0,AE,AE,False,BC,BC,Not activated
6333,43,C0,8,6,1,AE,EE,True,BC,EE,SDC
6334,43,C0,8,7,0,AE,2E,True,BC,B4,SDC
6335,43,C0,8,7,1,AE,AE,False,BC,BC,Not activated
6336,44,A0,0,0,0,A1,A0,True,2C,2C,Masked
6337,44,A0,0,0,1,A1,A1,False,2C,2C,Not activated
6338,44,A0,0,1,0,A1,A1,False,2C,2C,Not activated
6339,44,A0,0,1,1,A1,A3,True,2C,2C,Masked
6340,44,A0,0,2,0,A1,A1,False,2C,2C,Not activated
6341,44,A0,0,2,1,A1,A5,True,2C,2C,Masked
6342,44,A0,0,3,0,A1,A1,False,2C,2C,Not activated
6343,44,A0,0,3,1,A1,A9,True,2C,30,SDC
6344,44,A0,0,4,0,A1,A1,False,2C,2C,Not activated
6345,44,A0,0,4,1,A1,B1,True,2C,30,SDC
6346,44,A0,0,5,0,A1,81,True,2C,2C,Masked
6347,44,A0,0,5,1,A1,A1,False,2C,2C,Not activated
6348,44,A0,0,6,0,A1,A1,False,2C,2C,Not activated
6349,44,A0,0,6,1,A1,E1,True,2C,4A,SDC
6350,44,A0,0,7,0,A1,21,True,2C,2C,Masked
6351,44,A0,0,7,1,A1,A1,False,2C,2C,Not activated
6352,44,A1,1,0,0,22,22,False,2C,2C,Not activated
6353,44,A1,1,0,1,22,23,True,2C,2C,Masked
6354,44,A1,1,1,0,22,20,True,2C,2D,SDC
6355,44,A1,1,1,1,22,22,False,2C,2C,Not activated
6356,44,A1,1,2,0,22,22,False,2C,2C,Not activated
6357,44,A1,1,2,1,22,26,True,2C,2B,SDC
6358,44,A1,1,3,0,22,22,False,2C,2C,Not activated
6359,44,A1,1,3,1,22,2A,True,2C,29,SDC
6360,44,A1,1,4,0,22,22,False,2C,2C,Not activated
6361,44,A1,1,4,1,22,32,True,2C,21,SDC
6362,44,A1,1,5,0,22,02,True,2C,30,SDC
6363,44,A1,1,5,1,22,22,False,2C,2C,Not activated
6364,44,A1,1,6,0,22,22,False,2C,2C,Not activated
6365,44,A1,1,6,1,22,62,True,2C,DB,SDC
6366,44,A1,1,7,0,22,22,False,2C,2C,Not activated
6367,44,A1,1,7,1,22,A2,True,2C,31,SDC
6368,44,A2,2,0,0,2A,2A,False,2C,2C,Not activated
6369,44,A2,2,0,1,2A,2B,True,2C,2C,Masked
6370,44,A2,2,1,0,2A,28,True,2C,2D,SDC
6371,44,A2,2,1,1,2A,2A,False,2C,2C,Not activated
6372,44,A2,2,2,0,2A,2A,False,2C,2C,Not activated
6373,44,A2,2,2,1,2A,2E,True,2C,2C,Masked
6374,44,A2,2,3,0,2A,22,True,2C,2D,SDC
6375,44,A2,2,3,1,2A,2A,False,2C,2C,Not activated
6376,44,A2,2,4,0,2A,2A,False,2C,2C,Not activated
6377,44,A2,2,4,1,2A,3A,True,2C,2B,SDC
6378,44,A2,2,5,0,2A,0A,True,2C,2D,SDC
6379,44,A2,2,5,1,2A,2A,False,2C,2C,Not activated
6380,44,A2,2,6,0,2A,2A,False,2C,2C,Not activated
6381,44,A2,2,6,1,2A,6A,True,2C,C8,SDC
6382,44,A2,2,7,0,2A,2A,False,2C,2C,Not activated
6383,44,A2,2,7,1,2A,AA,True,2C,2E,SDC
6384,44,A3,3,0,0,99,98,True,2C,2C,Masked
6385,44,A3,3,0,1,99,99,False,2C,2C,Not activated
6386,44,A3,3,1,0,99,99,False,2C,2C,Not activated
6387,44,A3,3,1,1,99,9B,True,2C,2C,Masked
6388,44,A3,3,2,0,99,99,False,2C,2C,Not activated
6389,44,A3,3,2,1,99,9D,True,2C,2B,SDC
6390,44,A3,3,3,0,99,91,True,2C,2D,SDC
6391,44,A3,3,3,1,99,99,False,2C,2C,Not activated
6392,44,A3,3,4,0,99,89,True,2C,2E,SDC
6393,44,A3,3,4,1,99,99,False,2C,2C,Not activated
6394,44,A3,3,5,0,99,99,False,2C,2C,Not activated
6395,44,A3,3,5,1,99,B9,True,2C,AF,SDC
6396,44,A3,3,6,0,99,99,False,2C,2C,Not activated
6397,44,A3,3,6,1,99,D9,True,2C,D6,SDC
6398,44,A3,3,7,0,99,19,True,2C,30,SDC
6399,44,A3,3,7,1,99,99,False,2C,2C,Not activated
6400,44,B0,4,0,0,9F,9E,True,2C,2C,Masked
6401,44,B0,4,0,1,9F,9F,False,2C,2C,Not activated
6402,44,B0,4,1,0,9F,9D,True,2C,2C,Masked
6403,44,B0,4,1,1,9F,9F,False,2C,2C,Not activated
6404,44,B0,4,2,0,9F,9B,True,2C,2C,Masked
6405,44,B0,4,2,1,9F,9F,False,2C,2C,Not activated
6406,44,B0,4,3,0,9F,97,True,2C,2C,Masked
6407,44,B0,4,3,1,9F,9F,False,2C,2C,Not activated
6408,44,B0,4,4,0,9F,8F,True,2C,2C,Masked
6409,44,B0,4,4,1,9F,9F,False,2C,2C,Not activated
6410,44,B0,4,5,0,9F,9F,False,2C,2C,Not activated
6411,44,B0,4,5,1,9F,BF,True,2C,33,SDC
6412,44,B0,4,6,0,9F,9F,False,2C,2C,Not activated
6413,44,B0,4,6,1,9F,DF,True,2C,4A,SDC
6414,44,B0,4,7,0,9F,1F,True,2C,2C,Masked
6415,44,B0,4,7,1,9F,9F,False,2C,2C,Not activated
6416,44,B1,5,0,0,B1,B0,True,2C,2D,SDC
6417,44,B1,5,0,1,B1,B1,False,2C,2C,Not activated
6418,44,B1,5,1,0,B1,B1,False,2C,2C,Not activated
6419,44,B1,5,1,1,B1,B3,True,2C,2C,Masked
6420,44,B1,5,2,0,B1,B1,False,2C,2C,Not activated
6421,44,B1,5,2,1,B1,B5,True,2C,2B,SDC
6422,44,B1,5,3,0,B1,B1,False,2C,2C,Not activated
6423,44,B1,5,3,1,B1,B9,True,2C,29,SDC
6424,44,B1,5,4,0,B1,A1,True,2C,30,SDC
6425,44,B1,5,4,1,B1,B1,False,2C,2C,Not activated
6426,44,B1,5,5,0,B1,91,True,2C,30,SDC
6427,44,B1,5,5,1,B1,B1,False,2C,2C,Not activated
6428,44,B1,5,6,0,B1,B1,False,2C,2C,Not activated
6429,44,B1,5,6,1,B1,F1,True,2C,DB,SDC
6430,44,B1,5,7,0,B1,31,True,2C,31,SDC
6431,44,B1,5,7,1,B1,B1,False,2C,2C,Not activated
6432,44,B2,6,0,0,96,96,False,2C,2C,Not activated
6433,44,B2,6,0,1,96,97,True,2C,2C,Masked
6434,44,B2,6,1,0,96,94,True,2C,2D,SDC
6435,44,B2,6,1,1,96,96,False,2C,2C,Not activated
6436,44,B2,6,2,0,96,92,True,2C,2D,SDC
6437,44,B2,6,2,1,96,96,False,2C,2C,Not activated
6438,44,B2,6,3,0,96,96,False,2C,2C,Not activated
6439,44,B2,6,3,1,96,9E,True,2C,2C,Masked
6440,44,B2,6,4,0,96,86,True,2C,2D,SDC
6441,44,B2,6,4,1,96,96,False,2C,2C,Not activated
6442,44,B2,6,5,0,96,96,False,2C,2C,Not activated
6443,44,B2,6,5,1,96,B6,True,2C,20,SDC
6444,44,B2,6,6,0,96,96,False,2C,2C,Not activated
6445,44,B2,6,6,1,96,D6,True,2C,C8,SDC
6446,44,B2,6,7,0,96,16,True,2C,2E,SDC
6447,44,B2,6,7,1,96,96,False,2C,2C,Not activated
6448,44,B3,7,0,0,35,34,True,2C,2C,Masked
6449,44,B3,7,0,1,35,35,False,2C,2C,Not activated
6450,44,B3,7,1,0,35,35,False,2C,2C,Not activated
6451,44,B3,7,1,1,35,37,True,2C,2C,Masked
6452,44,B3,7,2,0,35,31,True,2C,2D,SDC
6453,44,B3,7,2,1,35,35,False,2C,2C,Not activated
6454,44,B3,7,3,0,35,35,False,2C,2C,Not activated
6455,44,B3,7,3,1,35,3D,True,2C,2A,SDC
6456,44,B3,7,4,0,35,25,True,2C,2E,SDC
6457,44,B3,7,4,1,35,35,False,2C,2C,Not activated
6458,44,B3,7,5,0,35,15,True,2C,2E,SDC
6459,44,B3,7,5,1,35,35,False,2C,2C,Not activated
6460,44,B3,7,6,0,35,35,False,2C,2C,Not activated
6461,44,B3,7,6,1,35,75,True,2C,D6,SDC
6462,44,B3,7,7,0,35,35,False,2C,2C,Not activated
6463,44,B3,7,7,1,35,B5,True,2C,30,SDC
6464,44,C0,8,0,0,31,30,True,2C,2A,SDC
6465,44,C0,8,0,1,31,31,False,2C,2C,Not activated
6466,44,C0,8,1,0,31,31,False,2C,2C,Not activated
6467,44,C0,8,1,1,31,33,True,2C,31,SDC
6468,44,C0,8,2,0,31,31,False,2C,2C,Not activated
6469,44,C0,8,2,1,31,35,True,2C,33,SDC
6470,44,C0,8,3,0,31,31,False,2C,2C,Not activated
6471,44,C0,8,3,1,31,39,True,2C,37,SDC
6472,44,C0,8,4,0,31,21,True,2C,81,SDC
6473,44,C0,8,4,1,31,31,False,2C,2C,Not activated
6474,44,C0,8,5,0,31,11,True,2C,9E,SDC
6475,44,C0,8,5,1,31,31,False,2C,2C,Not activated
6476,44,C0,8,6,0,31,31,False,2C,2C,Not activated
6477,44,C0,8,6,1,31,71,True,2C,71,SDC
6478,44,C0,8,7,0,31,31,False,2C,2C,Not activated
6479,44,C0,8,7,1,31,B1,True,2C,B3,SDC
6480,45,A0,0,0,0,B3,B2,True,B3,B4,SDC
6481,45,A0,0,0,1,B3,B3,False,B3,B3,Not activated
6482,45,A0,0,1,0,B3,B1,True,B3,B4,SDC
6483,45,A0,0,1,1,B3,B3,False,B3,B3,Not activated
6484,45,A0,0,2,0,B3,B3,False,B3,B3,Not activated
6485,45,A0,0,2,1,B3,B7,True,B3,B2,SDC
6486,45,A0,0,3,0,B3,B3,False,B3,B3,Not activated
6487,45,A0,0,3,1,B3,BB,True,B3,B0,SDC
6488,45,A0,0,4,0,B3,A3,True,B3,B6,SDC
6489,45,A0,0,4,1,B3,B3,False,B3,B3,Not activated
6490,45,A0,0,5,0,B3,93,True,B3,B8,SDC
6491,45,A0,0,5,1,B3,B3,False,B3,B3,Not activated
6492,45,A0,0,6,0,B3,B3,False,B3,B3,Not activated
6493,45,A0,0,6,1,B3,F3,True,B3,67,SDC
6494,45,A0,0,7,0,B3,33,True,B3,BA,SDC
6495,45,A0,0,7,1,B3,B3,False,B3,B3,Not activated
6496,45,A1,1,0,0,B5,B4,True,B3,B2,SDC
6497,45,A1,1,0,1,B5,B5,False,B3,B3,Not activated
6498,45,A1,1,1,0,B5,B5,False,B3,B3,Not activated
6499,45,A1,1,1,1,B5,B7,True,B3,B4,SDC
6500,45,A1,1,2,0,B5,B1,True,B3,B1,SDC
6501,45,A1,1,2,1,B5,B5,False,B3,B3,Not activated
6502,45,A1,1,3,0,B5,B5,False,B3,B3,Not activated
6503,45,A1,1,3,1,B5,BD,True,B3,BA,SDC
6504,45,A1,1,4,0,B5,A5,True,B3,AB,SDC
6505,45,A1,1,4,1,B5,B5,False,B3,B3,Not activated
6506,45,A1,1,5,0,B5,95,True,B3,A6,SDC
6507,45,A1,1,5,1,B5,B5,False,B3,B3,Not activated
6508,45,A1,1,6,0,B5,B5,False,B3,B3,Not activated
6509,45,A1,1,6,1,B5,F5,True,B3,F0,SDC
6510,45,A1,1,7,0,B5,35,True,B3,2A,SDC
6511,45,A1,1,7,1,B5,B5,False,B3,B3,Not activated
6512,45,A2,2,0,0,10,10,False,B3,B3,Not activated
6513,45,A2,2,0,1,10,11,True,B3,B3,Masked
6514,45,A2,2,1,0,10,10,False,B3,B3,Not activated
6515,45,A2,2,1,1,10,12,True,B3,B3,Masked
6516,45,A2,2,2,0,10,10,False,B3,B3,Not activated
6517,45,A2,2,2,1,10,14,True,B3,B3,Masked
6518,45,A2,2,3,0,10,10,False,B3,B3,Not activated
6519,45,A2,2,3,1,10,18,True,B3,B2,SDC
6520,45,A2,2,4,0,10,00,True,B3,B3,Masked
6521,45,A2,2,4,1,10,10,False,B3,B3,Not activated
6522,45,A2,2,5,0,10,10,False,B3,B3,Not activated
6523,45,A2,2,5,1,10,30,True,B3,AF,SDC
6524,45,A2,2,6,0,10,10,False,B3,B3,Not activated
6525,45,A2,2,6,1,10,50,True,B3,45,SDC
6526,45,A2,2,7,0,10,10,False,B3,B3,Not activated
6527,45,A2,2,7,1,10,90,True,B3,B3,Masked
6528,45,A3,3,0,0,29,28,True,B3,B4,SDC
6529,45,A3,3,0,1,29,29,False,B3,B3,Not activated
6530,45,A3,3,1,0,29,29,False,B3,B3,Not activated
6531,45,A3,3,1,1,29,2B,True,B3,B3,Masked
6532,45,A3,3,2,0,29,29,False,B3,B3,Not activated
6533,45,A3,3,2,1,29,2D,True,B3,B3,Masked
6534,45,A3,3,3,0,29,21,True,B3,B4,SDC
6535,45,A3,3,3,1,29,29,False,B3,B3,Not activated
6536,45,A3,3,4,0,29,29,False,B3,B3,Not activated
6537,45,A3,3,4,1,29,39,True,B3,AE,SDC
6538,45,A3,3,5,0,29,09,True,B3,B5,SDC
6539,45,A3,3,5,1,29,29,False,B3,B3,Not activated
6540,45,A3,3,6,0,29,29,False,B3,B3,Not activated
6541,45,A3,3,6,1,29,69,True,B3,5C,SDC
6542,45,A3,3,7,0,29,29,False,B3,B3,Not activated
6543,45,A3,3,7,1,29,A9,True,B3,B7,SDC
6544,45,B0,4,0,0,AB,AA,True,B3,B4,SDC
6545,45,B0,4,0,1,AB,AB,False,B3,B3,Not activated
6546,45,B0,4,1,0,AB,A9,True,B3,B4,SDC
6547,45,B0,4,1,1,AB,AB,False,B3,B3,Not activated
6548,45,B0,4,2,0,AB,AB,False,B3,B3,Not activated
6549,45,B0,4,2,1,AB,AF,True,B3,B2,SDC
6550,45,B0,4,3,0,AB,A3,True,B3,B5,SDC
6551,45,B0,4,3,1,AB,AB,False,B3,B3,Not activated
6552,45,B0,4,4,0,AB,AB,False,B3,B3,Not activated
6553,45,B0,4,4,1,AB,BB,True,B3,86,SDC
6554,45,B0,4,5,0,AB,8B,True,B3,B8,SDC
6555,45,B0,4,5,1,AB,AB,False,B3,B3,Not activated
6556,45,B0,4,6,0,AB,AB,False,B3,B3,Not activated
6557,45,B0,4,6,1,AB,EB,True,B3,67,SDC
6558,45,B0,4,7,0,AB,2B,True,B3,BA,SDC
6559,45,B0,4,7,1,AB,AB,False,B3,B3,Not activated
6560,45,B1,5,0,0,32,32,False,B3,B3,Not activated
6561,45,B1,5,0,1,32,33,True,B3,B4,SDC
6562,45,B1,5,1,0,32,30,True,B3,B2,SDC
6563,45,B1,5,1,1,32,32,False,B3,B3,Not activated
6564,45,B1,5,2,0,32,32,False,B3,B3,Not activated
6565,45,B1,5,2,1,32,36,True,B3,B6,SDC
6566,45,B1,5,3,0,32,32,False,B3,B3,Not activated
6567,45,B1,5,3,1,32,3A,True,B3,BA,SDC
6568,45,B1,5,4,0,32,22,True,B3,AB,SDC
6569,45,B1,5,4,1,32,32,False,B3,B3,Not activated
6570,45,B1,5,5,0,32,12,True,B3,A6,SDC
6571,45,B1,5,5,1,32,32,False,B3,B3,Not activated
6572,45,B1,5,6,0,32,32,False,B3,B3,Not activated
6573,45,B1,5,6,1,32,72,True,B3,F0,SDC
6574,45,B1,5,7,0,32,32,False,B3,B3,Not activated
6575,45,B1,5,7,1,32,B2,True,B3,2A,SDC
6576,45,B2,6,0,0,30,30,False,B3,B3,Not activated
6577,45,B2,6,0,1,30,31,True,B3,B3,Masked
6578,45,B2,6,1,0,30,30,False,B3,B3,Not activated
6579,45,B2,6,1,1,30,32,True,B3,B3,Masked
6580,45,B2,6,2,0,30,30,False,B3,B3,Not activated
6581,45,B2,6,2,1,30,34,True,B3,B3,Masked
6582,45,B2,6,3,0,30,30,False,B3,B3,Not activated
6583,45,B2,6,3,1,30,38,True,B3,B2,SDC
6584,45,B2,6,4,0,30,20,True,B3,B3,Masked
6585,45,B2,6,4,1,30,30,False,B3,B3,Not activated
6586,45,B2,6,5,0,30,10,True,B3,B3,Masked
6587,45,B2,6,5,1,30,30,False,B3,B3,Not activated
6588,45,B2,6,6,0,30,30,False,B3,B3,Not activated
6589,45,B2,6,6,1,30,70,True,B3,45,SDC
6590,45,B2,6,7,0,30,30,False,B3,B3,Not activated
6591,45,B2,6,7,1,30,B0,True,B3,B3,Masked
6592,45,B3,7,0,0,2B,2A,True,B3,B4,SDC
6593,45,B3,7,0,1,2B,2B,False,B3,B3,Not activated
6594,45,B3,7,1,0,2B,29,True,B3,B4,SDC
6595,45,B3,7,1,1,2B,2B,False,B3,B3,Not activated
6596,45,B3,7,2,0,2B,2B,False,B3,B3,Not activated
6597,45,B3,7,2,1,2B,2F,True,B3,B3,Masked
6598,45,B3,7,3,0,2B,23,True,B3,B4,SDC
6599,45,B3,7,3,1,2B,2B,False,B3,B3,Not activated
6600,45,B3,7,4,0,2B,2B,False,B3,B3,Not activated
6601,45,B3,7,4,1,2B,3B,True,B3,AE,SDC
6602,45,B3,7,5,0,2B,0B,True,B3,B5,SDC
6603,45,B3,7,5,1,2B,2B,False,B3,B3,Not activated
6604,45,B3,7,6,0,2B,2B,False,B3,B3,Not activated
6605,45,B3,7,6,1,2B,6B,True,B3,5C,SDC
6606,45,B3,7,7,0,2B,2B,False,B3,B3,Not activated
6607,45,B3,7,7,1,2B,AB,True,B3,B7,SDC
6608,45,C0,8,0,0,B1,B0,True,B3,B2,SDC
6609,45,C0,8,0,1,B1,B1,False,B3,B3,Not activated
6610,45,C0,8,1,0,B1,B1,False,B3,B3,Not activated
6611,45,C0,8,1,1,B1,B3,True,B3,B5,SDC
6612,45,C0,8,2,0,B1,B1,False,B3,B3,Not activated
6613,45,C0,8,2,1,B1,B5,True,B3,B8,SDC
6614,45,C0,8,3,0,B1,B1,False,B3,B3,Not activated
6615,45,C0,8,3,1,B1,B9,True,B3,BA,SDC
6616,45,C0,8,4,0,B1,A1,True,B3,A9,SDC
6617,45,C0,8,4,1,B1,B1,False,B3,B3,Not activated
6618,45,C0,8,5,0,B1,91,True,B3,A6,SDC
6619,45,C0,8,5,1,B1,B1,False,B3,B3,Not activated
6620,45,C0,8,6,0,B1,B1,False,B3,B3,Not activated
6621,45,C0,8,6,1,B1,F1,True,B3,F1,SDC
6622,45,C0,8,7,0,B1,31,True,B3,2D,SDC
6623,45,C0,8,7,1,B1,B1,False,B3,B3,Not activated
6624,46,A0,0,0,0,B2,B2,False,9F,9F,Not activated
6625,46,A0,0,0,1,B2,B3,True,9F,A7,SDC
6626,46,A0,0,1,0,B2,B0,True,9F,9F,Masked
6627,46,A0,0,1,1,B2,B2,False,9F,9F,Not activated
6628,46,A0,0,2,0,B2,B2,False,9F,9F,Not activated
6629,46,A0,0,2,1,B2,B6,True,9F,AB,SDC
6630,46,A0,0,3,0,B2,B2,False,9F,9F,Not activated
6631,46,A0,0,3,1,B2,BA,True,9F,B2,SDC
6632,46,A0,0,4,0,B2,A2,True,9F,21,SDC
6633,46,A0,0,4,1,B2,B2,False,9F,9F,Not activated
6634,46,A0,0,5,0,B2,92,True,9F,29,SDC
6635,46,A0,0,5,1,B2,B2,False,9F,9F,Not activated
6636,46,A0,0,6,0,B2,B2,False,9F,9F,Not activated
6637,46,A0,0,6,1,B2,F2,True,9F,EE,SDC
6638,46,A0,0,7,0,B2,32,True,9F,33,SDC
6639,46,A0,0,7,1,B2,B2,False,9F,9F,Not activated
6640,46,A1,1,0,0,B7,B6,True,9F,A3,SDC
6641,46,A1,1,0,1,B7,B7,False,9F,9F,Not activated
6642,46,A1,1,1,0,B7,B5,True,9F,A5,SDC
6643,46,A1,1,1,1,B7,B7,False,9F,9F,Not activated
6644,46,A1,1,2,0,B7,B3,True,9F,AA,SDC
6645,46,A1,1,2,1,B7,B7,False,9F,9F,Not activated
6646,46,A1,1,3,0,B7,B7,False,9F,9F,Not activated
6647,46,A1,1,3,1,B7,BF,True,9F,33,SDC
6648,46,A1,1,4,0,B7,A7,True,9F,B4,SDC
6649,46,A1,1,4,1,B7,B7,False,9F,9F,Not activated
6650,46,A1,1,5,0,B7,97,True,9F,B6,SDC
6651,46,A1,1,5,1,B7,B7,False,9F,9F,Not activated
6652,46,A1,1,6,0,B7,B7,False,9F,9F,Not activated
6653,46,A1,1,6,1,B7,F7,True,9F,75,SDC
6654,46,A1,1,7,0,B7,37,True,9F,BE,SDC
6655,46,A1,1,7,1,B7,B7,False,9F,9F,Not activated
6656,46,A2,2,0,0,B0,B0,False,9F,9F,Not activated
6657,46,A2,2,0,1,B0,B1,True,9F,9E,SDC
6658,46,A2,2,1,0,B0,B0,False,9F,9F,Not activated
6659,46,A2,2,1,1,B0,B2,True,9F,9C,SDC
6660,46,A2,2,2,0,B0,B0,False,9F,9F,Not activated
6661,46,A2,2,2,1,B0,B4,True,9F,99,SDC
6662,46,A2,2,3,0,B0,B0,False,9F,9F,Not activated
6663,46,A2,2,3,1,B0,B8,True,9F,8E,SDC
6664,46,A2,2,4,0,B0,A0,True,9F,A4,SDC
6665,46,A2,2,4,1,B0,B0,False,9F,9F,Not activated
6666,46,A2,2,5,0,B0,90,True,9F,A5,SDC
6667,46,A2,2,5,1,B0,B0,False,9F,9F,Not activated
6668,46,A2,2,6,0,B0,B0,False,9F,9F,Not activated
6669,46,A2,2,6,1,B0,F0,True,9F,5B,SDC
6670,46,A2,2,7,0,B0,30,True,9F,A9,SDC
6671,46,A2,2,7,1,B0,B0,False,9F,9F,Not activated
6672,46,A3,3,0,0,95,94,True,9F,9E,SDC
6673,46,A3,3,0,1,95,95,False,9F,9F,Not activated
6674,46,A3,3,1,0,95,95,False,9F,9F,Not activated
6675,46,A3,3,1,1,95,97,True,9F,9F,Masked
6676,46,A3,3,2,0,95,91,True,9F,9E,SDC
6677,46,A3,3,2,1,95,95,False,9F,9F,Not activated
6678,46,A3,3,3,0,95,95,False,9F,9F,Not activated
6679,46,A3,3,3,1,95,9D,True,9F,A0,SDC
6680,46,A3,3,4,0,95,85,True,9F,9D,SDC
6681,46,A3,3,4,1,95,95,False,9F,9F,Not activated
6682,46,A3,3,5,0,95,95,False,9F,9F,Not activated
6683,46,A3,3,5,1,95,B5,True,9F,AA,SDC
6684,46,A3,3,6,0,95,95,False,9F,9F,Not activated
6685,46,A3,3,6,1,95,D5,True,9F,C5,SDC
6686,46,A3,3,7,0,95,15,True,9F,9B,SDC
6687,46,A3,3,7,1,95,95,False,9F,9F,Not activated
6688,46,B0,4,0,0,33,32,True,9F,9F,Masked
6689,46,B0,4,0,1,33,33,False,9F,9F,Not activated
6690,46,B0,4,1,0,33,31,True,9F,9F,Masked
6691,46,B0,4,1,1,33,33,False,9F,9F,Not activated
6692,46,B0,4,2,0,33,33,False,9F,9F,Not activated
6693,46,B0,4,2,1,33,37,True,9F,AB,SDC
6694,46,B0,4,3,0,33,33,False,9F,9F,Not activated
6695,46,B0,4,3,1,33,3B,True,9F,B2,SDC
6696,46,B0,4,4,0,33,23,True,9F,21,SDC
6697,46,B0,4,4,1,33,33,False,9F,9F,Not activated
6698,46,B0,4,5,0,33,13,True,9F,29,SDC
6699,46,B0,4,5,1,33,33,False,9F,9F,Not activated
6700,46,B0,4,6,0,33,33,False,9F,9F,Not activated
6701,46,B0,4,6,1,33,73,True,9F,EE,SDC
6702,46,B0,4,7,0,33,33,False,9F,9F,Not activated
6703,46,B0,4,7,1,33,B3,True,9F,33,SDC
6704,46,B1,5,0,0,B6,B6,False,9F,9F,Not activated
6705,46,B1,5,0,1,B6,B7,True,9F,95,SDC
6706,46,B1,5,1,0,B6,B4,True,9F,A7,SDC
6707,46,B1,5,1,1,B6,B6,False,9F,9F,Not activated
6708,46,B1,5,2,0,B6,B2,True,9F,AA,SDC
6709,46,B1,5,2,1,B6,B6,False,9F,9F,Not activated
6710,46,B1,5,3,0,B6,B6,False,9F,9F,Not activated
6711,46,B1,5,3,1,B6,BE,True,9F,33,SDC
6712,46,B1,5,4,0,B6,A6,True,9F,B4,SDC
6713,46,B1,5,4,1,B6,B6,False,9F,9F,Not activated
6714,46,B1,5,5,0,B6,96,True,9F,B6,SDC
6715,46,B1,5,5,1,B6,B6,False,9F,9F,Not activated
6716,46,B1,5,6,0,B6,B6,False,9F,9F,Not activated
6717,46,B1,5,6,1,B6,F6,True,9F,75,SDC
6718,46,B1,5,7,0,B6,36,True,9F,BE,SDC
6719,46,B1,5,7,1,B6,B6,False,9F,9F,Not activated
6720,46,B2,6,0,0,A3,A2,True,9F,A0,SDC
6721,46,B2,6,0,1,A3,A3,False,9F,9F,Not activated
6722,46,B2,6,1,0,A3,A1,True,9F,A0,SDC
6723,46,B2,6,1,1,A3,A3,False,9F,9F,Not activated
6724,46,B2,6,2,0,A3,A3,False,9F,9F,Not activated
6725,46,B2,6,2,1,A3,A7,True,9F,9B,SDC
6726,46,B2,6,3,0,A3,A3,False,9F,9F,Not activated
6727,46,B2,6,3,1,A3,AB,True,9F,8E,SDC
6728,46,B2,6,4,0,A3,A3,False,9F,9F,Not activated
6729,46,B2,6,4,1,A3,B3,True,9F,21,SDC
6730,46,B2,6,5,0,A3,83,True,9F,A5,SDC
6731,46,B2,6,5,1,A3,A3,False,9F,9F,Not activated
6732,46,B2,6,6,0,A3,A3,False,9F,9F,Not activated
6733,46,B2,6,6,1,A3,E3,True,9F,5B,SDC
6734,46,B2,6,7,0,A3,23,True,9F,A9,SDC
6735,46,B2,6,7,1,A3,A3,False,9F,9F,Not activated
6736,46,B3,7,0,0,28,28,False,9F,9F,Not activated
6737,46,B3,7,0,1,28,29,True,9F,9F,Masked
6738,46,B3,7,1,0,28,28,False,9F,9F,Not activated
6739,46,B3,7,1,1,28,2A,True,9F,9F,Masked
6740,46,B3,7,2,0,28,28,False,9F,9F,Not activated
6741,46,B3,7,2,1,28,2C,True,9F,9F,Masked
6742,46,B3,7,3,0,28,20,True,9F,9E,SDC
6743,46,B3,7,3,1,28,28,False,9F,9F,Not activated
6744,46,B3,7,4,0,28,28,False,9F,9F,Not activated
6745,46,B3,7,4,1,28,38,True,9F,A2,SDC
6746,46,B3,7,5,0,28,08,True,9F,9D,SDC
6747,46,B3,7,5,1,28,28,False,9F,9F,Not activated
6748,46,B3,7,6,0,28,28,False,9F,9F,Not activated
6749,46,B3,7,6,1,28,68,True,9F,C5,SDC
6750,46,B3,7,7,0,28,28,False,9F,9F,Not activated
6751,46,B3,7,7,1,28,A8,True,9F,9B,SDC
6752,46,C0,8,0,0,B2,B2,False,9F,9F,Not activated
6753,46,C0,8,0,1,B2,B3,True,9F,A7,SDC
6754,46,C0,8,1,0,B2,B0,True,9F,93,SDC
6755,46,C0,8,1,1,B2,B2,False,9F,9F,Not activated
6756,46,C0,8,2,0,B2,B2,False,9F,9F,Not activated
6757,46,C0,8,2,1,B2,B6,True,9F,AB,SDC
6758,46,C0,8,3,0,B2,B2,False,9F,9F,Not activated
6759,46,C0,8,3,1,B2,BA,True,9F,B4,SDC
6760,46,C0,8,4,0,B2,A2,True,9F,2B,SDC
6761,46,C0,8,4,1,B2,B2,False,9F,9F,Not activated
6762,46,C0,8,5,0,B2,92,True,9F,2E,SDC
6763,46,C0,8,5,1,B2,B2,False,9F,9F,Not activated
6764,46,C0,8,6,0,B2,B2,False,9F,9F,Not activated
6765,46,C0,8,6,1,B2,F2,True,9F,F2,SDC
6766,46,C0,8,7,0,B2,32,True,9F,39,SDC
6767,46,C0,8,7,1,B2,B2,False,9F,9F,Not activated
6768,47,A0,0,0,0,2D,2C,True,B9,B8,SDC
6769,47,A0,0,0,1,2D,2D,False,B9,B9,Not activated
6770,47,A0,0,1,0,2D,2D,False,B9,B9,Not activated
6771,47,A0,0,1,1,2D,2F,True,B9,B9,Masked
6772,47,A0,0,2,0,2D,29,True,B9,B8,SDC
6773,47,A0,0,2,1,2D,2D,False,B9,B9,Not activated
6774,47,A0,0,3,0,2D,25,True,B9,B6,SDC
6775,47,A0,0,3,1,2D,2D,False,B9,B9,Not activated
6776,47,A0,0,4,0,2D,2D,False,B9,B9,Not activated
6777,47,A0,0,4,1,2D,3D,True,B9,C1,SDC
6778,47,A0,0,5,0,2D,0D,True,B9,B4,SDC
6779,47,A0,0,5,1,2D,2D,False,B9,B9,Not activated
6780,47,A0,0,6,0,2D,2D,False,B9,B9,Not activated
6781,47,A0,0,6,1,2D,6D,True,B9,ED,SDC
6782,47,A0,0,7,0,2D,2D,False,B9,B9,Not activated
6783,47,A0,0,7,1,2D,AD,True,B9,A9,SDC
6784,47,A1,1,0,0,86,86,False,B9,B9,Not activated
6785,47,A1,1,0,1,86,87,True,B9,B9,Masked
6786,47,A1,1,1,0,86,84,True,B9,B9,Masked
6787,47,A1,1,1,1,86,86,False,B9,B9,Not activated
6788,47,A1,1,2,0,86,82,True,B9,B9,Masked
6789,47,A1,1,2,1,86,86,False,B9,B9,Not activated
6790,47,A1,1,3,0,86,86,False,B9,B9,Not activated
6791,47,A1,1,3,1,86,8E,True,B9,B9,Masked
6792,47,A1,1,4,0,86,86,False,B9,B9,Not activated
6793,47,A1,1,4,1,86,96,True,B9,B9,Masked
6794,47,A1,1,5,0,86,86,False,B9,B9,Not activated
6795,47,A1,1,5,1,86,A6,True,B9,BA,SDC
6796,47,A1,1,6,0,86,86,False,B9,B9,Not activated
6797,47,A1,1,6,1,86,C6,True,B9,C3,SDC
6798,47,A1,1,7,0,86,06,True,B9,B9,Masked
6799,47,A1,1,7,1,86,86,False,B9,B9,Not activated
6800,47,A2,2,0,0,B0,B0,False,B9,B9,Not activated
6801,47,A2,2,0,1,B0,B1,True,B9,B9,Masked
6802,47,A2,2,1,0,B0,B0,False,B9,B9,Not activated
6803,47,A2,2,1,1,B0,B2,True,B9,BA,SDC
6804,47,A2,2,2,0,B0,B0,False,B9,B9,Not activated
6805,47,A2,2,2,1,B0,B4,True,B9,BA,SDC
6806,47,A2,2,3,0,B0,B0,False,B9,B9,Not activated
6807,47,A2,2,3,1,B0,B8,True,B9,BB,SDC
6808,47,A2,2,4,0,B0,A0,True,B9,B6,SDC
6809,47,A2,2,4,1,B0,B0,False,B9,B9,Not activated
6810,47,A2,2,5,0,B0,90,True,B9,B5,SDC
6811,47,A2,2,5,1,B0,B0,False,B9,B9,Not activated
6812,47,A2,2,6,0,B0,B0,False,B9,B9,Not activated
6813,47,A2,2,6,1,B0,F0,True,B9,E9,SDC
6814,47,A2,2,7,0,B0,30,True,B9,B1,SDC
6815,47,A2,2,7,1,B0,B0,False,B9,B9,Not activated
6816,47,A3,3,0,0,2A,2A,False,B9,B9,Not activated
6817,47,A3,3,0,1,2A,2B,True,B9,B9,Masked
6818,47,A3,3,1,0,2A,28,True,B9,B9,Masked
6819,47,A3,3,1,1,2A,2A,False,B9,B9,Not activated
6820,47,A3,3,2,0,2A,2A,False,B9,B9,Not activated
6821,47,A3,3,2,1,2A,2E,True,B9,BA,SDC
6822,47,A3,3,3,0,2A,22,True,B9,B8,SDC
6823,47,A3,3,3,1,2A,2A,False,B9,B9,Not activated
6824,47,A3,3,4,0,2A,2A,False,B9,B9,Not activated
6825,47,A3,3,4,1,2A,3A,True,B9,BF,SDC
6826,47,A3,3,5,0,2A,0A,True,B9,B6,SDC
6827,47,A3,3,5,1,2A,2A,False,B9,B9,Not activated
6828,47,A3,3,6,0,2A,2A,False,B9,B9,Not activated
6829,47,A3,3,6,1,2A,6A,True,B9,E8,SDC
6830,47,A3,3,7,0,2A,2A,False,B9,B9,Not activated
6831,47,A3,3,7,1,2A,AA,True,B9,B2,SDC
6832,47,B0,4,0,0,B8,B8,False,B9,B9,Not activated
6833,47,B0,4,0,1,B8,B9,True,B9,B9,Masked
6834,47,B0,4,1,0,B8,B8,False,B9,B9,Not activated
6835,47,B0,4,1,1,B8,BA,True,B9,BA,SDC
6836,47,B0,4,2,0,B8,B8,False,B9,B9,Not activated
6837,47,B0,4,2,1,B8,BC,True,B9,BA,SDC
6838,47,B0,4,3,0,B8,B0,True,B9,B6,SDC
6839,47,B0,4,3,1,B8,B8,False,B9,B9,Not activated
6840,47,B0,4,4,0,B8,A8,True,B9,B4,SDC
6841,47,B0,4,4,1,B8,B8,False,B9,B9,Not activated
6842,47,B0,4,5,0,B8,98,True,B9,B4,SDC
6843,47,B0,4,5,1,B8,B8,False,B9,B9,Not activated
6844,47,B0,4,6,0,B8,B8,False,B9,B9,Not activated
6845,47,B0,4,6,1,B8,F8,True,B9,F8,SDC
6846,47,B0,4,7,0,B8,38,True,B9,A9,SDC
6847,47,B0,4,7,1,B8,B8,False,B9,B9,Not activated
6848,47,B1,5,0,0,30,30,False,B9,B9,Not activated
6849,47,B1,5,0,1,30,31,True,B9,B9,Masked
6850,47,B1,5,1,0,30,30,False,B9,B9,Not activated
6851,47,B1,5,1,1,30,32,True,B9,B9,Masked
6852,47,B1,5,2,0,30,30,False,B9,B9,Not activated
6853,47,B1,5,2,1,30,34,True,B9,B9,Masked
6854,47,B1,5,3,0,30,30,False,B9,B9,Not activated
6855,47,B1,5,3,1,30,38,True,B9,B9,Masked
6856,47,B1,5,4,0,30,20,True,B9,B9,Masked
6857,47,B1,5,4,1,30,30,False,B9,B9,Not activated
6858,47,B1,5,5,0,30,10,True,B9,B9,Masked
6859,47,B1,5,5,1,30,30,False,B9,B9,Not activated
6860,47,B1,5,6,0,30,30,False,B9,B9,Not activated
6861,47,B1,5,6,1,30,70,True,B9,C2,SDC
6862,47,B1,5,7,0,30,30,False,B9,B9,Not activated
6863,47,B1,5,7,1,30,B0,True,B9,B9,Masked
6864,47,B2,6,0,0,31,30,True,B9,B9,Masked
6865,47,B2,6,0,1,31,31,False,B9,B9,Not activated
6866,47,B2,6,1,0,31,31,False,B9,B9,Not activated
6867,47,B2,6,1,1,31,33,True,B9,B9,Masked
6868,47,B2,6,2,0,31,31,False,B9,B9,Not activated
6869,47,B2,6,2,1,31,35,True,B9,BA,SDC
6870,47,B2,6,3,0,31,31,False,B9,B9,Not activated
6871,47,B2,6,3,1,31,39,True,B9,BB,SDC
6872,47,B2,6,4,0,31,21,True,B9,B6,SDC
6873,47,B2,6,4,1,31,31,False,B9,B9,Not activated
6874,47,B2,6,5,0,31,11,True,B9,B5,SDC
6875,47,B2,6,5,1,31,31,False,B9,B9,Not activated
6876,47,B2,6,6,0,31,31,False,B9,B9,Not activated
6877,47,B2,6,6,1,31,71,True,B9,E9,SDC
6878,47,B2,6,7,0,31,31,False,B9,B9,Not activated
6879,47,B2,6,7,1,31,B1,True,B9,B1,SDC
6880,47,B3,7,0,0,B5,B4,True,B9,B9,Masked
6881,47,B3,7,0,1,B5,B5,False,B9,B9,Not activated
6882,47,B3,7,1,0,B5,B5,False,B9,B9,Not activated
6883,47,B3,7,1,1,B5,B7,True,B9,B9,Masked
6884,47,B3,7,2,0,B5,B1,True,B9,B8,SDC
6885,47,B3,7,2,1,B5,B5,False,B9,B9,Not activated
6886,47,B3,7,3,0,B5,B5,False,B9,B9,Not activated
6887,47,B3,7,3,1,B5,BD,True,B9,BB,SDC
6888,47,B3,7,4,0,B5,A5,True,B9,B7,SDC
6889,47,B3,7,4,1,B5,B5,False,B9,B9,Not activated
6890,47,B3,7,5,0,B5,95,True,B9,B6,SDC
6891,47,B3,7,5,1,B5,B5,False,B9,B9,Not activated
6892,47,B3,7,6,0,B5,B5,False,B9,B9,Not activated
6893,47,B3,7,6,1,B5,F5,True,B9,E8,SDC
6894,47,B3,7,7,0,B5,35,True,B9,B2,SDC
6895,47,B3,7,7,1,B5,B5,False,B9,B9,Not activated
6896,47,C0,8,0,0,A2,A2,False,B9,B9,Not activated
6897,47,C0,8,0,1,A2,A3,True,B9,B9,Masked
6898,47,C0,8,1,0,A2,A0,True,B9,B8,SDC
6899,47,C0,8,1,1,A2,A2,False,B9,B9,Not activated
6900,47,C0,8,2,0,A2,A2,False,B9,B9,Not activated
6901,47,C0,8,2,1,A2,A6,True,B9,B9,Masked
6902,47,C0,8,3,0,A2,A2,False,B9,B9,Not activated
6903,47,C0,8,3,1,A2,AA,True,B9,BA,SDC
6904,47,C0,8,4,0,A2,A2,False,B9,B9,Not activated
6905,47,C0,8,4,1,A2,B2,True,B9,BC,SDC
6906,47,C0,8,5,0,A2,82,True,B9,B7,SDC
6907,47,C0,8,5,1,A2,A2,False,B9,B9,Not activated
6908,47,C0,8,6,0,A2,A2,False,B9,B9,Not activated
6909,47,C0,8,6,1,A2,E2,True,B9,E2,SDC
6910,47,C0,8,7,0,A2,22,True,B9,B4,SDC
6911,47,C0,8,7,1,A2,A2,False,B9,B9,Not activated
6912,48,A0,0,0,0,B2,B2,False,33,33,Not activated
6913,48,A0,0,0,1,B2,B3,True,33,35,SDC
6914,48,A0,0,1,0,B2,B0,True,33,33,Masked
6915,48,A0,0,1,1,B2,B2,False,33,33,Not activated
6916,48,A0,0,2,0,B2,B2,False,33,33,Not activated
6917,48,A0,0,2,1,B2,B6,True,33,35,SDC
6918,48,A0,0,3,0,B2,B2,False,33,33,Not activated
6919,48,A0,0,3,1,B2,BA,True,33,39,SDC
6920,48,A0,0,4,0,B2,A2,True,33,31,SDC
6921,48,A0,0,4,1,B2,B2,False,33,33,Not activated
6922,48,A0,0,5,0,B2,92,True,33,2E,SDC
6923,48,A0,0,5,1,B2,B2,False,33,33,Not activated
6924,48,A0,0,6,0,B2,B2,False,33,33,Not activated
6925,48,A0,0,6,1,B2,F2,True,33,6A,SDC
6926,48,A0,0,7,0,B2,32,True,33,21,SDC
6927,48,A0,0,7,1,B2,B2,False,33,33,Not activated
6928,48,A1,1,0,0,37,36,True,33,33,Masked
6929,48,A1,1,0,1,37,37,False,33,33,Not activated
6930,48,A1,1,1,0,37,35,True,33,31,SDC
6931,48,A1,1,1,1,37,37,False,33,33,Not activated
6932,48,A1,1,2,0,37,33,True,33,31,SDC
6933,48,A1,1,2,1,37,37,False,33,33,Not activated
6934,48,A1,1,3,0,37,37,False,33,33,Not activated
6935,48,A1,1,3,1,37,3F,True,33,3B,SDC
6936,48,A1,1,4,0,37,27,True,33,28,SDC
6937,48,A1,1,4,1,37,37,False,33,33,Not activated
6938,48,A1,1,5,0,37,17,True,33,21,SDC
6939,48,A1,1,5,1,37,37,False,33,33,Not activated
6940,48,A1,1,6,0,37,37,False,33,33,Not activated
6941,48,A1,1,6,1,37,77,True,33,72,SDC
6942,48,A1,1,7,0,37,37,False,33,33,Not activated
6943,48,A1,1,7,1,37,B7,True,33,B1,SDC
6944,48,A2,2,0,0,11,10,True,33,33,Masked
6945,48,A2,2,0,1,11,11,False,33,33,Not activated
6946,48,A2,2,1,0,11,11,False,33,33,Not activated
6947,48,A2,2,1,1,11,13,True,33,33,Masked
6948,48,A2,2,2,0,11,11,False,33,33,Not activated
6949,48,A2,2,2,1,11,15,True,33,33,Masked
6950,48,A2,2,3,0,11,11,False,33,33,Not activated
6951,48,A2,2,3,1,11,19,True,33,33,Masked
6952,48,A2,2,4,0,11,01,True,33,33,Masked
6953,48,A2,2,4,1,11,11,False,33,33,Not activated
6954,48,A2,2,5,0,11,11,False,33,33,Not activated
6955,48,A2,2,5,1,11,31,True,33,33,Masked
6956,48,A2,2,6,0,11,11,False,33,33,Not activated
6957,48,A2,2,6,1,11,51,True,33,9A,SDC
6958,48,A2,2,7,0,11,11,False,33,33,Not activated
6959,48,A2,2,7,1,11,91,True,33,33,Masked
6960,48,A3,3,0,0,B6,B6,False,33,33,Not activated
6961,48,A3,3,0,1,B6,B7,True,33,33,Masked
6962,48,A3,3,1,0,B6,B4,True,33,34,SDC
6963,48,A3,3,1,1,B6,B6,False,33,33,Not activated
6964,48,A3,3,2,0,B6,B2,True,33,36,SDC
6965,48,A3,3,2,1,B6,B6,False,33,33,Not activated
6966,48,A3,3,3,0,B6,B6,False,33,33,Not activated
6967,48,A3,3,3,1,B6,BE,True,33,22,SDC
6968,48,A3,3,4,0,B6,A6,True,33,39,SDC
6969,48,A3,3,4,1,B6,B6,False,33,33,Not activated
6970,48,A3,3,5,0,B6,96,True,33,3A,SDC
6971,48,A3,3,5,1,B6,B6,False,33,33,Not activated
6972,48,A3,3,6,0,B6,B6,False,33,33,Not activated
6973,48,A3,3,6,1,B6,F6,True,33,F1,SDC
6974,48,A3,3,7,0,B6,36,True,33,3E,SDC
6975,48,A3,3,7,1,B6,B6,False,33,33,Not activated
6976,48,B0,4,0,0,B0,B0,False,33,33,Not activated
6977,48,B0,4,0,1,B0,B1,True,33,35,SDC
6978,48,B0,4,1,0,B0,B0,False,33,33,Not activated
6979,48,B0,4,1,1,B0,B2,True,33,35,SDC
6980,48,B0,4,2,0,B0,B0,False,33,33,Not activated
6981,48,B0,4,2,1,B0,B4,True,33,37,SDC
6982,48,B0,4,3,0,B0,B0,False,33,33,Not activated
6983,48,B0,4,3,1,B0,B8,True,33,39,SDC
6984,48,B0,4,4,0,B0,A0,True,33,31,SDC
6985,48,B0,4,4,1,B0,B0,False,33,33,Not activated
6986,48,B0,4,5,0,B0,90,True,33,2E,SDC
6987,48,B0,4,5,1,B0,B0,False,33,33,Not activated
6988,48,B0,4,6,0,B0,B0,False,33,33,Not activated
6989,48,B0,4,6,1,B0,F0,True,33,6A,SDC
6990,48,B0,4,7,0,B0,30,True,33,21,SDC
6991,48,B0,4,7,1,B0,B0,False,33,33,Not activated
6992,48,B1,5,0,0,33,32,True,33,33,Masked
6993,48,B1,5,0,1,33,33,False,33,33,Not activated
6994,48,B1,5,1,0,33,31,True,33,31,SDC
6995,48,B1,5,1,1,33,33,False,33,33,Not activated
6996,48,B1,5,2,0,33,33,False,33,33,Not activated
6997,48,B1,5,2,1,33,37,True,33,37,SDC
6998,48,B1,5,3,0,33,33,False,33,33,Not activated
6999,48,B1,5,3,1,33,3B,True,33,3B,SDC
7000,48,B1,5,4,0,33,23,True,33,28,SDC
7001,48,B1,5,4,1,33,33,False,33,33,Not activated
7002,48,B1,5,5,0,33,13,True,33,21,SDC
7003,48,B1,5,5,1,33,33,False,33,33,Not activated
7004,48,B1,5,6,0,33,33,False,33,33,Not activated
7005,48,B1,5,6,1,33,73,True,33,72,SDC
7006,48,B1,5,7,0,33,33,False,33,33,Not activated
7007,48,B1,5,7,1,33,B3,True,33,B1,SDC
7008,48,B2,6,0,0,9B,9A,True,33,33,Masked
7009,48,B2,6,0,1,9B,9B,False,33,33,Not activated
7010,48,B2,6,1,0,9B,99,True,33,33,Masked
7011,48,B2,6,1,1,9B,9B,False,33,33,Not activated
7012,48,B2,6,2,0,9B,9B,False,33,33,Not activated
7013,48,B2,6,2,1,9B,9F,True,33,33,Masked
7014,48,B2,6,3,0,9B,93,True,33,33,Masked
7015,48,B2,6,3,1,9B,9B,False,33,33,Not activated
7016,48,B2,6,4,0,9B,8B,True,33,33,Masked
7017,48,B2,6,4,1,9B,9B,False,33,33,Not activated
7018,48,B2,6,5,0,9B,9B,False,33,33,Not activated
7019,48,B2,6,5,1,9B,BB,True,33,33,Masked
7020,48,B2,6,6,0,9B,9B,False,33,33,Not activated
7021,48,B2,6,6,1,9B,DB,True,33,9A,SDC
7022,48,B2,6,7,0,9B,1B,True,33,33,Masked
7023,48,B2,6,7,1,9B,9B,False,33,33,Not activated
7024,48,B3,7,0,0,32,32,False,33,33,Not activated
7025,48,B3,7,0,1,32,33,True,33,32,SDC
7026,48,B3,7,1,0,32,30,True,33,35,SDC
7027,48,B3,7,1,1,32,32,False,33,33,Not activated
7028,48,B3,7,2,0,32,32,False,33,33,Not activated
7029,48,B3,7,2,1,32,36,True,33,30,SDC
7030,48,B3,7,3,0,32,32,False,33,33,Not activated
7031,48,B3,7,3,1,32,3A,True,33,22,SDC
7032,48,B3,7,4,0,32,22,True,33,39,SDC
7033,48,B3,7,4,1,32,32,False,33,33,Not activated
7034,48,B3,7,5,0,32,12,True,33,3A,SDC
7035,48,B3,7,5,1,32,32,False,33,33,Not activated
7036,48,B3,7,6,0,32,32,False,33,33,Not activated
7037,48,B3,7,6,1,32,72,True,33,F1,SDC
7038,48,B3,7,7,0,32,32,False,33,33,Not activated
7039,48,B3,7,7,1,32,B2,True,33,3E,SDC
7040,48,C0,8,0,0,2B,2A,True,33,33,Masked
7041,48,C0,8,0,1,2B,2B,False,33,33,Not activated
7042,48,C0,8,1,0,2B,29,True,33,33,Masked
7043,48,C0,8,1,1,2B,2B,False,33,33,Not activated
7044,48,C0,8,2,0,2B,2B,False,33,33,Not activated
7045,48,C0,8,2,1,2B,2F,True,33,35,SDC
7046,48,C0,8,3,0,2B,23,True,33,31,SDC
7047,48,C0,8,3,1,2B,2B,False,33,33,Not activated
7048,48,C0,8,4,0,2B,2B,False,33,33,Not activated
7049,48,C0,8,4,1,2B,3B,True,33,40,SDC
7050,48,C0,8,5,0,2B,0B,True,33,2E,SDC
7051,48,C0,8,5,1,2B,2B,False,33,33,Not activated
7052,48,C0,8,6,0,2B,2B,False,33,33,Not activated
7053,48,C0,8,6,1,2B,6B,True,33,6B,SDC
7054,48,C0,8,7,0,2B,2B,False,33,33,Not activated
7055,48,C0,8,7,1,2B,AB,True,33,1A,SDC
7056,49,A0,0,0,0,38,38,False,37,37,Not activated
7057,49,A0,0,0,1,38,39,True,37,38,SDC
7058,49,A0,0,1,0,38,38,False,37,37,Not activated
7059,49,A0,0,1,1,38,3A,True,37,38,SDC
7060,49,A0,0,2,0,38,38,False,37,37,Not activated
7061,49,A0,0,2,1,38,3C,True,37,38,SDC
7062,49,A0,0,3,0,38,30,True,37,35,SDC
7063,49,A0,0,3,1,38,38,False,37,37,Not activated
7064,49,A0,0,4,0,38,28,True,37,35,SDC
7065,49,A0,0,4,1,38,38,False,37,37,Not activated
7066,49,A0,0,5,0,38,18,True,37,34,SDC
7067,49,A0,0,5,1,38,38,False,37,37,Not activated
7068,49,A0,0,6,0,38,38,False,37,37,Not activated
7069,49,A0,0,6,1,38,78,True,37,78,SDC
7070,49,A0,0,7,0,38,38,False,37,37,Not activated
7071,49,A0,0,7,1,38,B8,True,37,30,SDC
7072,49,A1,1,0,0,24,24,False,37,37,Not activated
7073,49,A1,1,0,1,24,25,True,37,37,Masked
7074,49,A1,1,1,0,24,24,False,37,37,Not activated
7075,49,A1,1,1,1,24,26,True,37,37,Masked
7076,49,A1,1,2,0,24,20,True,37,37,Masked
7077,49,A1,1,2,1,24,24,False,37,37,Not activated
7078,49,A1,1,3,0,24,24,False,37,37,Not activated
7079,49,A1,1,3,1,24,2C,True,37,38,SDC
7080,49,A1,1,4,0,24,24,False,37,37,Not activated
7081,49,A1,1,4,1,24,34,True,37,39,SDC
7082,49,A1,1,5,0,24,04,True,37,36,SDC
7083,49,A1,1,5,1,24,24,False,37,37,Not activated
7084,49,A1,1,6,0,24,24,False,37,37,Not activated
7085,49,A1,1,6,1,24,64,True,37,5B,SDC
7086,49,A1,1,7,0,24,24,False,37,37,Not activated
7087,49,A1,1,7,1,24,A4,True,37,35,SDC
7088,49,A2,2,0,0,36,36,False,37,37,Not activated
7089,49,A2,2,0,1,36,37,True,37,37,Masked
7090,49,A2,2,1,0,36,34,True,37,37,Masked
7091,49,A2,2,1,1,36,36,False,37,37,Not activated
7092,49,A2,2,2,0,36,32,True,37,37,Masked
7093,49,A2,2,2,1,36,36,False,37,37,Not activated
7094,49,A2,2,3,0,36,36,False,37,37,Not activated
7095,49,A2,2,3,1,36,3E,True,37,38,SDC
7096,49,A2,2,4,0,36,26,True,37,37,Masked
7097,49,A2,2,4,1,36,36,False,37,37,Not activated
7098,49,A2,2,5,0,36,16,True,37,37,Masked
7099,49,A2,2,5,1,36,36,False,37,37,Not activated
7100,49,A2,2,6,0,36,36,False,37,37,Not activated
7101,49,A2,2,6,1,36,76,True,37,44,SDC
7102,49,A2,2,7,0,36,36,False,37,37,Not activated
7103,49,A2,2,7,1,36,B6,True,37,37,Masked
7104,49,A3,3,0,0,35,34,True,37,37,Masked
7105,49,A3,3,0,1,35,35,False,37,37,Not activated
7106,49,A3,3,1,0,35,35,False,37,37,Not activated
7107,49,A3,3,1,1,35,37,True,37,38,SDC
7108,49,A3,3,2,0,35,31,True,37,35,SDC
7109,49,A3,3,2,1,35,35,False,37,37,Not activated
7110,49,A3,3,3,0,35,35,False,37,37,Not activated
7111,49,A3,3,3,1,35,3D,True,37,3C,SDC
7112,49,A3,3,4,0,35,25,True,37,31,SDC
7113,49,A3,3,4,1,35,35,False,37,37,Not activated
7114,49,A3,3,5,0,35,15,True,37,2E,SDC
7115,49,A3,3,5,1,35,35,False,37,37,Not activated
7116,49,A3,3,6,0,35,35,False,37,37,Not activated
7117,49,A3,3,6,1,35,75,True,37,71,SDC
7118,49,A3,3,7,0,35,35,False,37,37,Not activated
7119,49,A3,3,7,1,35,B5,True,37,A2,SDC
7120,49,B0,4,0,0,26,26,False,37,37,Not activated
7121,49,B0,4,0,1,26,27,True,37,37,Masked
7122,49,B0,4,1,0,26,24,True,37,37,Masked
7123,49,B0,4,1,1,26,26,False,37,37,Not activated
7124,49,B0,4,2,0,26,22,True,37,36,SDC
7125,49,B0,4,2,1,26,26,False,37,37,Not activated
7126,49,B0,4,3,0,26,26,False,37,37,Not activated
7127,49,B0,4,3,1,26,2E,True,37,39,SDC
7128,49,B0,4,4,0,26,26,False,37,37,Not activated
7129,49,B0,4,4,1,26,36,True,37,3D,SDC
7130,49,B0,4,5,0,26,06,True,37,34,SDC
7131,49,B0,4,5,1,26,26,False,37,37,Not activated
7132,49,B0,4,6,0,26,26,False,37,37,Not activated
7133,49,B0,4,6,1,26,66,True,37,66,SDC
7134,49,B0,4,7,0,26,26,False,37,37,Not activated
7135,49,B0,4,7,1,26,A6,True,37,30,SDC
7136,49,B1,5,0,0,2E,2E,False,37,37,Not activated
7137,49,B1,5,0,1,2E,2F,True,37,37,Masked
7138,49,B1,5,1,0,2E,2C,True,37,37,Masked
7139,49,B1,5,1,1,2E,2E,False,37,37,Not activated
7140,49,B1,5,2,0,2E,2A,True,37,37,Masked
7141,49,B1,5,2,1,2E,2E,False,37,37,Not activated
7142,49,B1,5,3,0,2E,26,True,37,36,SDC
7143,49,B1,5,3,1,2E,2E,False,37,37,Not activated
7144,49,B1,5,4,0,2E,2E,False,37,37,Not activated
7145,49,B1,5,4,1,2E,3E,True,37,39,SDC
7146,49,B1,5,5,0,2E,0E,True,37,36,SDC
7147,49,B1,5,5,1,2E,2E,False,37,37,Not activated
7148,49,B1,5,6,0,2E,2E,False,37,37,Not activated
7149,49,B1,5,6,1,2E,6E,True,37,5B,SDC
7150,49,B1,5,7,0,2E,2E,False,37,37,Not activated
7151,49,B1,5,7,1,2E,AE,True,37,35,SDC
7152,49,B2,6,0,0,05,04,True,37,37,Masked
7153,49,B2,6,0,1,05,05,False,37,37,Not activated
7154,49,B2,6,1,0,05,05,False,37,37,Not activated
7155,49,B2,6,1,1,05,07,True,37,37,Masked
7156,49,B2,6,2,0,05,01,True,37,37,Masked
7157,49,B2,6,2,1,05,05,False,37,37,Not activated
7158,49,B2,6,3,0,05,05,False,37,37,Not activated
7159,49,B2,6,3,1,05,0D,True,37,38,SDC
7160,49,B2,6,4,0,05,05,False,37,37,Not activated
7161,49,B2,6,4,1,05,15,True,37,38,SDC
7162,49,B2,6,5,0,05,05,False,37,37,Not activated
7163,49,B2,6,5,1,05,25,True,37,39,SDC
7164,49,B2,6,6,0,05,05,False,37,37,Not activated
7165,49,B2,6,6,1,05,45,True,37,47,SDC
7166,49,B2,6,7,0,05,05,False,37,37,Not activated
7167,49,B2,6,7,1,05,85,True,37,37,Masked
7168,49,B3,7,0,0,33,32,True,37,37,Masked
7169,49,B3,7,0,1,33,33,False,37,37,Not activated
7170,49,B3,7,1,0,33,31,True,37,36,SDC
7171,49,B3,7,1,1,33,33,False,37,37,Not activated
7172,49,B3,7,2,0,33,33,False,37,37,Not activated
7173,49,B3,7,2,1,33,37,True,37,39,SDC
7174,49,B3,7,3,0,33,33,False,37,37,Not activated
7175,49,B3,7,3,1,33,3B,True,37,3C,SDC
7176,49,B3,7,4,0,33,23,True,37,31,SDC
7177,49,B3,7,4,1,33,33,False,37,37,Not activated
7178,49,B3,7,5,0,33,13,True,37,2E,SDC
7179,49,B3,7,5,1,33,33,False,37,37,Not activated
7180,49,B3,7,6,0,33,33,False,37,37,Not activated
7181,49,B3,7,6,1,33,73,True,37,71,SDC
7182,49,B3,7,7,0,33,33,False,37,37,Not activated
7183,49,B3,7,7,1,33,B3,True,37,A2,SDC
7184,49,C0,8,0,0,1C,1C,False,37,37,Not activated
7185,49,C0,8,0,1,1C,1D,True,37,37,Masked
7186,49,C0,8,1,0,1C,1C,False,37,37,Not activated
7187,49,C0,8,1,1,1C,1E,True,37,37,Masked
7188,49,C0,8,2,0,1C,18,True,37,37,Masked
7189,49,C0,8,2,1,1C,1C,False,37,37,Not activated
7190,49,C0,8,3,0,1C,14,True,37,36,SDC
7191,49,C0,8,3,1,1C,1C,False,37,37,Not activated
7192,49,C0,8,4,0,1C,0C,True,37,36,SDC
7193,49,C0,8,4,1,1C,1C,False,37,37,Not activated
7194,49,C0,8,5,0,1C,1C,False,37,37,Not activated
7195,49,C0,8,5,1,1C,3C,True,37,42,SDC
7196,49,C0,8,6,0,1C,1C,False,37,37,Not activated
7197,49,C0,8,6,1,1C,5C,True,37,5C,SDC
7198,49,C0,8,7,0,1C,1C,False,37,37,Not activated
7199,49,C0,8,7,1,1C,9C,True,37,34,SDC
7200,50,A0,0,0,0,35,34,True,98,91,SDC
7201,50,A0,0,0,1,35,35,False,98,98,Not activated
7202,50,A0,0,1,0,35,35,False,98,98,Not activated
7203,50,A0,0,1,1,35,37,True,98,A0,SDC
7204,50,A0,0,2,0,35,31,True,98,17,SDC
7205,50,A0,0,2,1,35,35,False,98,98,Not activated
7206,50,A0,0,3,0,35,35,False,98,98,Not activated
7207,50,A0,0,3,1,35,3D,True,98,B0,SDC
7208,50,A0,0,4,0,35,25,True,98,28,SDC
7209,50,A0,0,4,1,35,35,False,98,98,Not activated
7210,50,A0,0,5,0,35,15,True,98,2A,SDC
7211,50,A0,0,5,1,35,35,False,98,98,Not activated
7212,50,A0,0,6,0,35,35,False,98,98,Not activated
7213,50,A0,0,6,1,35,75,True,98,ED,SDC
7214,50,A0,0,7,0,35,35,False,98,98,Not activated
7215,50,A0,0,7,1,35,B5,True,98,34,SDC
7216,50,A1,1,0,0,30,30,False,98,98,Not activated
7217,50,A1,1,0,1,30,31,True,98,94,SDC
7218,50,A1,1,1,0,30,30,False,98,98,Not activated
7219,50,A1,1,1,1,30,32,True,98,8F,SDC
7220,50,A1,1,2,0,30,30,False,98,98,Not activated
7221,50,A1,1,2,1,30,34,True,98,03,SDC
7222,50,A1,1,3,0,30,30,False,98,98,Not activated
7223,50,A1,1,3,1,30,38,True,98,19,SDC
7224,50,A1,1,4,0,30,20,True,98,A3,SDC
7225,50,A1,1,4,1,30,30,False,98,98,Not activated
7226,50,A1,1,5,0,30,10,True,98,A4,SDC
7227,50,A1,1,5,1,30,30,False,98,98,Not activated
7228,50,A1,1,6,0,30,30,False,98,98,Not activated
7229,50,A1,1,6,1,30,70,True,98,61,SDC
7230,50,A1,1,7,0,30,30,False,98,98,Not activated
7231,50,A1,1,7,1,30,B0,True,98,AC,SDC
7232,50,A2,2,0,0,95,94,True,98,98,Masked
7233,50,A2,2,0,1,95,95,False,98,98,Not activated
7234,50,A2,2,1,0,95,95,False,98,98,Not activated
7235,50,A2,2,1,1,95,97,True,98,99,SDC
7236,50,A2,2,2,0,95,91,True,98,96,SDC
7237,50,A2,2,2,1,95,95,False,98,98,Not activated
7238,50,A2,2,3,0,95,95,False,98,98,Not activated
7239,50,A2,2,3,1,95,9D,True,98,9C,SDC
7240,50,A2,2,4,0,95,85,True,98,93,SDC
7241,50,A2,2,4,1,95,95,False,98,98,Not activated
7242,50,A2,2,5,0,95,95,False,98,98,Not activated
7243,50,A2,2,5,1,95,B5,True,98,B0,SDC
7244,50,A2,2,6,0,95,95,False,98,98,Not activated
7245,50,A2,2,6,1,95,D5,True,98,CF,SDC
7246,50,A2,2,7,0,95,15,True,98,83,SDC
7247,50,A2,2,7,1,95,95,False,98,98,Not activated
7248,50,A3,3,0,0,AF,AE,True,98,98,Masked
7249,50,A3,3,0,1,AF,AF,False,98,98,Not activated
7250,50,A3,3,1,0,AF,AD,True,98,97,SDC
7251,50,A3,3,1,1,AF,AF,False,98,98,Not activated
7252,50,A3,3,2,0,AF,AB,True,98,97,SDC
7253,50,A3,3,2,1,AF,AF,False,98,98,Not activated
7254,50,A3,3,3,0,AF,A7,True,98,96,SDC
7255,50,A3,3,3,1,AF,AF,False,98,98,Not activated
7256,50,A3,3,4,0,AF,AF,False,98,98,Not activated
7257,50,A3,3,4,1,AF,BF,True,98,A0,SDC
7258,50,A3,3,5,0,AF,8F,True,98,93,SDC
7259,50,A3,3,5,1,AF,AF,False,98,98,Not activated
7260,50,A3,3,6,0,AF,AF,False,98,98,Not activated
7261,50,A3,3,6,1,AF,EF,True,98,CA,SDC
7262,50,A3,3,7,0,AF,2F,True,98,8C,SDC
7263,50,A3,3,7,1,AF,AF,False,98,98,Not activated
7264,50,B0,4,0,0,B0,B0,False,98,98,Not activated
7265,50,B0,4,0,1,B0,B1,True,98,9F,SDC
7266,50,B0,4,1,0,B0,B0,False,98,98,Not activated
7267,50,B0,4,1,1,B0,B2,True,98,A2,SDC
7268,50,B0,4,2,0,B0,B0,False,98,98,Not activated
7269,50,B0,4,2,1,B0,B4,True,98,A9,SDC
7270,50,B0,4,3,0,B0,B0,False,98,98,Not activated
7271,50,B0,4,3,1,B0,B8,True,98,B0,SDC
7272,50,B0,4,4,0,B0,A0,True,98,28,SDC
7273,50,B0,4,4,1,B0,B0,False,98,98,Not activated
7274,50,B0,4,5,0,B0,90,True,98,2A,SDC
7275,50,B0,4,5,1,B0,B0,False,98,98,Not activated
7276,50,B0,4,6,0,B0,B0,False,98,98,Not activated
7277,50,B0,4,6,1,B0,F0,True,98,ED,SDC
7278,50,B0,4,7,0,B0,30,True,98,34,SDC
7279,50,B0,4,7,1,B0,B0,False,98,98,Not activated
7280,50,B1,5,0,0,29,28,True,98,9A,SDC
7281,50,B1,5,0,1,29,29,False,98,98,Not activated
7282,50,B1,5,1,0,29,29,False,98,98,Not activated
7283,50,B1,5,1,1,29,2B,True,98,91,SDC
7284,50,B1,5,2,0,29,29,False,98,98,Not activated
7285,50,B1,5,2,1,29,2D,True,98,81,SDC
7286,50,B1,5,3,0,29,21,True,98,A1,SDC
7287,50,B1,5,3,1,29,29,False,98,98,Not activated
7288,50,B1,5,4,0,29,29,False,98,98,Not activated
7289,50,B1,5,4,1,29,39,True,98,2B,SDC
7290,50,B1,5,5,0,29,09,True,98,A4,SDC
7291,50,B1,5,5,1,29,29,False,98,98,Not activated
7292,50,B1,5,6,0,29,29,False,98,98,Not activated
7293,50,B1,5,6,1,29,69,True,98,61,SDC
7294,50,B1,5,7,0,29,29,False,98,98,Not activated
7295,50,B1,5,7,1,29,A9,True,98,AC,SDC
7296,50,B2,6,0,0,31,30,True,98,97,SDC
7297,50,B2,6,0,1,31,31,False,98,98,Not activated
7298,50,B2,6,1,0,31,31,False,98,98,Not activated
7299,50,B2,6,1,1,31,33,True,98,99,SDC
7300,50,B2,6,2,0,31,31,False,98,98,Not activated
7301,50,B2,6,2,1,31,35,True,98,9A,SDC
7302,50,B2,6,3,0,31,31,False,98,98,Not activated
7303,50,B2,6,3,1,31,39,True,98,9C,SDC
7304,50,B2,6,4,0,31,21,True,98,93,SDC
7305,50,B2,6,4,1,31,31,False,98,98,Not activated
7306,50,B2,6,5,0,31,11,True,98,92,SDC
7307,50,B2,6,5,1,31,31,False,98,98,Not activated
7308,50,B2,6,6,0,31,31,False,98,98,Not activated
7309,50,B2,6,6,1,31,71,True,98,CF,SDC
7310,50,B2,6,7,0,31,31,False,98,98,Not activated
7311,50,B2,6,7,1,31,B1,True,98,83,SDC
7312,50,B3,7,0,0,13,12,True,98,98,Masked
7313,50,B3,7,0,1,13,13,False,98,98,Not activated
7314,50,B3,7,1,0,13,11,True,98,97,SDC
7315,50,B3,7,1,1,13,13,False,98,98,Not activated
7316,50,B3,7,2,0,13,13,False,98,98,Not activated
7317,50,B3,7,2,1,13,17,True,98,99,SDC
7318,50,B3,7,3,0,13,13,False,98,98,Not activated
7319,50,B3,7,3,1,13,1B,True,98,9B,SDC
7320,50,B3,7,4,0,13,03,True,98,94,SDC
7321,50,B3,7,4,1,13,13,False,98,98,Not activated
7322,50,B3,7,5,0,13,13,False,98,98,Not activated
7323,50,B3,7,5,1,13,33,True,98,AC,SDC
7324,50,B3,7,6,0,13,13,False,98,98,Not activated
7325,50,B3,7,6,1,13,53,True,98,CA,SDC
7326,50,B3,7,7,0,13,13,False,98,98,Not activated
7327,50,B3,7,7,1,13,93,True,98,8C,SDC
7328,50,C0,8,0,0,28,28,False,98,98,Not activated
7329,50,C0,8,0,1,28,29,True,98,91,SDC
7330,50,C0,8,1,0,28,28,False,98,98,Not activated
7331,50,C0,8,1,1,28,2A,True,98,81,SDC
7332,50,C0,8,2,0,28,28,False,98,98,Not activated
7333,50,C0,8,2,1,28,2C,True,98,17,SDC
7334,50,C0,8,3,0,28,20,True,98,A4,SDC
7335,50,C0,8,3,1,28,28,False,98,98,Not activated
7336,50,C0,8,4,0,28,28,False,98,98,Not activated
7337,50,C0,8,4,1,28,38,True,98,34,SDC
7338,50,C0,8,5,0,28,08,True,98,A9,SDC
7339,50,C0,8,5,1,28,28,False,98,98,Not activated
7340,50,C0,8,6,0,28,28,False,98,98,Not activated
7341,50,C0,8,6,1,28,68,True,98,68,SDC
7342,50,C0,8,7,0,28,28,False,98,98,Not activated
7343,50,C0,8,7,1,28,A8,True,98,B0,SDC
7344,51,A0,0,0,0,AE,AE,False,39,39,Not activated
7345,51,A0,0,0,1,AE,AF,True,39,39,Masked
7346,51,A0,0,1,0,AE,AC,True,39,38,SDC
7347,51,A0,0,1,1,AE,AE,False,39,39,Not activated
7348,51,A0,0,2,0,AE,AA,True,39,38,SDC
7349,51,A0,0,2,1,AE,AE,False,39,39,Not activated
7350,51,A0,0,3,0,AE,A6,True,39,38,SDC
7351,51,A0,0,3,1,AE,AE,False,39,39,Not activated
7352,51,A0,0,4,0,AE,AE,False,39,39,Not activated
7353,51,A0,0,4,1,AE,BE,True,39,3C,SDC
7354,51,A0,0,5,0,AE,8E,True,39,36,SDC
7355,51,A0,0,5,1,AE,AE,False,39,39,Not activated
7356,51,A0,0,6,0,AE,AE,False,39,39,Not activated
7357,51,A0,0,6,1,AE,EE,True,39,63,SDC
7358,51,A0,0,7,0,AE,2E,True,39,34,SDC
7359,51,A0,0,7,1,AE,AE,False,39,39,Not activated
7360,51,A1,1,0,0,B6,B6,False,39,39,Not activated
7361,51,A1,1,0,1,B6,B7,True,39,39,Masked
7362,51,A1,1,1,0,B6,B4,True,39,39,Masked
7363,51,A1,1,1,1,B6,B6,False,39,39,Not activated
7364,51,A1,1,2,0,B6,B2,True,39,39,Masked
7365,51,A1,1,2,1,B6,B6,False,39,39,Not activated
7366,51,A1,1,3,0,B6,B6,False,39,39,Not activated
7367,51,A1,1,3,1,B6,BE,True,39,38,SDC
7368,51,A1,1,4,0,B6,A6,True,39,39,Masked
7369,51,A1,1,4,1,B6,B6,False,39,39,Not activated
7370,51,A1,1,5,0,B6,96,True,39,39,Masked
7371,51,A1,1,5,1,B6,B6,False,39,39,Not activated
7372,51,A1,1,6,0,B6,B6,False,39,39,Not activated
7373,51,A1,1,6,1,B6,F6,True,39,D8,SDC
7374,51,A1,1,7,0,B6,36,True,39,3A,SDC
7375,51,A1,1,7,1,B6,B6,False,39,39,Not activated
7376,51,A2,2,0,0,AE,AE,False,39,39,Not activated
7377,51,A2,2,0,1,AE,AF,True,39,39,Masked
7378,51,A2,2,1,0,AE,AC,True,39,38,SDC
7379,51,A2,2,1,1,AE,AE,False,39,39,Not activated
7380,51,A2,2,2,0,AE,AA,True,39,38,SDC
7381,51,A2,2,2,1,AE,AE,False,39,39,Not activated
7382,51,A2,2,3,0,AE,A6,True,39,37,SDC
7383,51,A2,2,3,1,AE,AE,False,39,39,Not activated
7384,51,A2,2,4,0,AE,AE,False,39,39,Not activated
7385,51,A2,2,4,1,AE,BE,True,39,40,SDC
7386,51,A2,2,5,0,AE,8E,True,39,34,SDC
7387,51,A2,2,5,1,AE,AE,False,39,39,Not activated
7388,51,A2,2,6,0,AE,AE,False,39,39,Not activated
7389,51,A2,2,6,1,AE,EE,True,39,6B,SDC
7390,51,A2,2,7,0,AE,2E,True,39,2E,SDC
7391,51,A2,2,7,1,AE,AE,False,39,39,Not activated
7392,51,A3,3,0,0,AF,AE,True,39,38,SDC
7393,51,A3,3,0,1,AF,AF,False,39,39,Not activated
7394,51,A3,3,1,0,AF,AD,True,39,38,SDC
7395,51,A3,3,1,1,AF,AF,False,39,39,Not activated
7396,51,A3,3,2,0,AF,AB,True,39,38,SDC
7397,51,A3,3,2,1,AF,AF,False,39,39,Not activated
7398,51,A3,3,3,0,AF,A7,True,39,37,SDC
7399,51,A3,3,3,1,AF,AF,False,39,39,Not activated
7400,51,A3,3,4,0,AF,AF,False,39,39,Not activated
7401,51,A3,3,4,1,AF,BF,True,39,3F,SDC
7402,51,A3,3,5,0,AF,8F,True,39,35,SDC
7403,51,A3,3,5,1,AF,AF,False,39,39,Not activated
7404,51,A3,3,6,0,AF,AF,False,39,39,Not activated
7405,51,A3,3,6,1,AF,EF,True,39,69,SDC
7406,51,A3,3,7,0,AF,2F,True,39,31,SDC
7407,51,A3,3,7,1,AF,AF,False,39,39,Not activated
7408,51,B0,4,0,0,AC,AC,False,39,39,Not activated
7409,51,B0,4,0,1,AC,AD,True,39,39,Masked
7410,51,B0,4,1,0,AC,AC,False,39,39,Not activated
7411,51,B0,4,1,1,AC,AE,True,39,39,Masked
7412,51,B0,4,2,0,AC,A8,True,39,38,SDC
7413,51,B0,4,2,1,AC,AC,False,39,39,Not activated
7414,51,B0,4,3,0,AC,A4,True,39,38,SDC
7415,51,B0,4,3,1,AC,AC,False,39,39,Not activated
7416,51,B0,4,4,0,AC,AC,False,39,39,Not activated
7417,51,B0,4,4,1,AC,BC,True,39,3C,SDC
7418,51,B0,4,5,0,AC,8C,True,39,36,SDC
7419,51,B0,4,5,1,AC,AC,False,39,39,Not activated
7420,51,B0,4,6,0,AC,AC,False,39,39,Not activated
7421,51,B0,4,6,1,AC,EC,True,39,63,SDC
7422,51,B0,4,7,0,AC,2C,True,39,34,SDC
7423,51,B0,4,7,1,AC,AC,False,39,39,Not activated
7424,51,B1,5,0,0,1A,1A,False,39,39,Not activated
7425,51,B1,5,0,1,1A,1B,True,39,39,Masked
7426,51,B1,5,1,0,1A,18,True,39,39,Masked
7427,51,B1,5,1,1,1A,1A,False,39,39,Not activated
7428,51,B1,5,2,0,1A,1A,False,39,39,Not activated
7429,51,B1,5,2,1,1A,1E,True,39,39,Masked
7430,51,B1,5,3,0,1A,12,True,39,39,Masked
7431,51,B1,5,3,1,1A,1A,False,39,39,Not activated
7432,51,B1,5,4,0,1A,0A,True,39,39,Masked
7433,51,B1,5,4,1,1A,1A,False,39,39,Not activated
7434,51,B1,5,5,0,1A,1A,False,39,39,Not activated
7435,51,B1,5,5,1,1A,3A,True,39,1C,SDC
7436,51,B1,5,6,0,1A,1A,False,39,39,Not activated
7437,51,B1,5,6,1,1A,5A,True,39,D8,SDC
7438,51,B1,5,7,0,1A,1A,False,39,39,Not activated
7439,51,B1,5,7,1,1A,9A,True,39,3A,SDC
7440,51,B2,6,0,0,B4,B4,False,39,39,Not activated
7441,51,B2,6,0,1,B4,B5,True,39,39,Masked
7442,51,B2,6,1,0,B4,B4,False,39,39,Not activated
7443,51,B2,6,1,1,B4,B6,True,39,39,Masked
7444,51,B2,6,2,0,B4,B0,True,39,38,SDC
7445,51,B2,6,2,1,B4,B4,False,39,39,Not activated
7446,51,B2,6,3,0,B4,B4,False,39,39,Not activated
7447,51,B2,6,3,1,B4,BC,True,39,3B,SDC
7448,51,B2,6,4,0,B4,A4,True,39,35,SDC
7449,51,B2,6,4,1,B4,B4,False,39,39,Not activated
7450,51,B2,6,5,0,B4,94,True,39,34,SDC
7451,51,B2,6,5,1,B4,B4,False,39,39,Not activated
7452,51,B2,6,6,0,B4,B4,False,39,39,Not activated
7453,51,B2,6,6,1,B4,F4,True,39,6B,SDC
7454,51,B2,6,7,0,B4,34,True,39,2E,SDC
7455,51,B2,6,7,1,B4,B4,False,39,39,Not activated
7456,51,B3,7,0,0,B1,B0,True,39,38,SDC
7457,51,B3,7,0,1,B1,B1,False,39,39,Not activated
7458,51,B3,7,1,0,B1,B1,False,39,39,Not activated
7459,51,B3,7,1,1,B1,B3,True,39,39,Masked
7460,51,B3,7,2,0,B1,B1,False,39,39,Not activated
7461,51,B3,7,2,1,B1,B5,True,39,3A,SDC
7462,51,B3,7,3,0,B1,B1,False,39,39,Not activated
7463,51,B3,7,3,1,B1,B9,True,39,3B,SDC
7464,51,B3,7,4,0,B1,A1,True,39,36,SDC
7465,51,B3,7,4,1,B1,B1,False,39,39,Not activated
7466,51,B3,7,5,0,B1,91,True,39,35,SDC
7467,51,B3,7,5,1,B1,B1,False,39,39,Not activated
7468,51,B3,7,6,0,B1,B1,False,39,39,Not activated
7469,51,B3,7,6,1,B1,F1,True,39,69,SDC
7470,51,B3,7,7,0,B1,31,True,39,31,SDC
7471,51,B3,7,7,1,B1,B1,False,39,39,Not activated
7472,51,C0,8,0,0,2C,2C,False,39,39,Not activated
7473,51,C0,8,0,1,2C,2D,True,39,39,Masked
7474,51,C0,8,1,0,2C,2C,False,39,39,Not activated
7475,51,C0,8,1,1,2C,2E,True,39,39,Masked
7476,51,C0,8,2,0,2C,28,True,39,37,SDC
7477,51,C0,8,2,1,2C,2C,False,39,39,Not activated
7478,51,C0,8,3,0,2C,24,True,39,36,SDC
7479,51,C0,8,3,1,2C,2C,False,39,39,Not activated
7480,51,C0,8,4,0,2C,2C,False,39,39,Not activated
7481,51,C0,8,4,1,2C,3C,True,39,41,SDC
7482,51,C0,8,5,0,2C,0C,True,39,33,SDC
7483,51,C0,8,5,1,2C,2C,False,39,39,Not activated
7484,51,C0,8,6,0,2C,2C,False,39,39,Not activated
7485,51,C0,8,6,1,2C,6C,True,39,6C,SDC
7486,51,C0,8,7,0,2C,2C,False,39,39,Not activated
7487,51,C0,8,7,1,2C,AC,True,39,2A,SDC
7488,52,A0,0,0,0,2D,2C,True,33,33,Masked
7489,52,A0,0,0,1,2D,2D,False,33,33,Not activated
7490,52,A0,0,1,0,2D,2D,False,33,33,Not activated
7491,52,A0,0,1,1,2D,2F,True,33,32,SDC
7492,52,A0,0,2,0,2D,29,True,33,33,Masked
7493,52,A0,0,2,1,2D,2D,False,33,33,Not activated
7494,52,A0,0,3,0,2D,25,True,33,33,Masked
7495,52,A0,0,3,1,2D,2D,False,33,33,Not activated
7496,52,A0,0,4,0,2D,2D,False,33,33,Not activated
7497,52,A0,0,4,1,2D,3D,True,33,2F,SDC
7498,52,A0,0,5,0,2D,0D,True,33,34,SDC
7499,52,A0,0,5,1,2D,2D,False,33,33,Not activated
7500,52,A0,0,6,0,2D,2D,False,33,33,Not activated
7501,52,A0,0,6,1,2D,6D,True,33,D9,SDC
7502,52,A0,0,7,0,2D,2D,False,33,33,Not activated
7503,52,A0,0,7,1,2D,AD,True,33,35,SDC
7504,52,A1,1,0,0,B6,B6,False,33,33,Not activated
7505,52,A1,1,0,1,B6,B7,True,33,33,Masked
7506,52,A1,1,1,0,B6,B4,True,33,31,SDC
7507,52,A1,1,1,1,B6,B6,False,33,33,Not activated
7508,52,A1,1,2,0,B6,B2,True,33,31,SDC
7509,52,A1,1,2,1,B6,B6,False,33,33,Not activated
7510,52,A1,1,3,0,B6,B6,False,33,33,Not activated
7511,52,A1,1,3,1,B6,BE,True,33,3A,SDC
7512,52,A1,1,4,0,B6,A6,True,33,2A,SDC
7513,52,A1,1,4,1,B6,B6,False,33,33,Not activated
7514,52,A1,1,5,0,B6,96,True,33,26,SDC
7515,52,A1,1,5,1,B6,B6,False,33,33,Not activated
7516,52,A1,1,6,0,B6,B6,False,33,33,Not activated
7517,52,A1,1,6,1,B6,F6,True,33,70,SDC
7518,52,A1,1,7,0,B6,36,True,33,A9,SDC
7519,52,A1,1,7,1,B6,B6,False,33,33,Not activated
7520,52,A2,2,0,0,A4,A4,False,33,33,Not activated
7521,52,A2,2,0,1,A4,A5,True,33,34,SDC
7522,52,A2,2,1,0,A4,A4,False,33,33,Not activated
7523,52,A2,2,1,1,A4,A6,True,33,34,SDC
7524,52,A2,2,2,0,A4,A0,True,33,33,Masked
7525,52,A2,2,2,1,A4,A4,False,33,33,Not activated
7526,52,A2,2,3,0,A4,A4,False,33,33,Not activated
7527,52,A2,2,3,1,A4,AC,True,33,34,SDC
7528,52,A2,2,4,0,A4,A4,False,33,33,Not activated
7529,52,A2,2,4,1,A4,B4,True,33,35,SDC
7530,52,A2,2,5,0,A4,84,True,33,33,Masked
7531,52,A2,2,5,1,A4,A4,False,33,33,Not activated
7532,52,A2,2,6,0,A4,A4,False,33,33,Not activated
7533,52,A2,2,6,1,A4,E4,True,33,50,SDC
7534,52,A2,2,7,0,A4,24,True,33,33,Masked
7535,52,A2,2,7,1,A4,A4,False,33,33,Not activated
7536,52,A3,3,0,0,1B,1A,True,33,33,Masked
7537,52,A3,3,0,1,1B,1B,False,33,33,Not activated
7538,52,A3,3,1,0,1B,19,True,33,33,Masked
7539,52,A3,3,1,1,1B,1B,False,33,33,Not activated
7540,52,A3,3,2,0,1B,1B,False,33,33,Not activated
7541,52,A3,3,2,1,1B,1F,True,33,34,SDC
7542,52,A3,3,3,0,1B,13,True,33,33,Masked
7543,52,A3,3,3,1,1B,1B,False,33,33,Not activated
7544,52,A3,3,4,0,1B,0B,True,33,32,SDC
7545,52,A3,3,4,1,1B,1B,False,33,33,Not activated
7546,52,A3,3,5,0,1B,1B,False,33,33,Not activated
7547,52,A3,3,5,1,1B,3B,True,33,3E,SDC
7548,52,A3,3,6,0,1B,1B,False,33,33,Not activated
7549,52,A3,3,6,1,1B,5B,True,33,59,SDC
7550,52,A3,3,7,0,1B,1B,False,33,33,Not activated
7551,52,A3,3,7,1,1B,9B,True,33,31,SDC
7552,52,B0,4,0,0,A3,A2,True,33,33,Masked
7553,52,B0,4,0,1,A3,A3,False,33,33,Not activated
7554,52,B0,4,1,0,A3,A1,True,33,33,Masked
7555,52,B0,4,1,1,A3,A3,False,33,33,Not activated
7556,52,B0,4,2,0,A3,A3,False,33,33,Not activated
7557,52,B0,4,2,1,A3,A7,True,33,32,SDC
7558,52,B0,4,3,0,A3,A3,False,33,33,Not activated
7559,52,B0,4,3,1,A3,AB,True,33,31,SDC
7560,52,B0,4,4,0,A3,A3,False,33,33,Not activated
7561,52,B0,4,4,1,A3,B3,True,33,2F,SDC
7562,52,B0,4,5,0,A3,83,True,33,34,SDC
7563,52,B0,4,5,1,A3,A3,False,33,33,Not activated
7564,52,B0,4,6,0,A3,A3,False,33,33,Not activated
7565,52,B0,4,6,1,A3,E3,True,33,D9,SDC
7566,52,B0,4,7,0,A3,23,True,33,35,SDC
7567,52,B0,4,7,1,A3,A3,False,33,33,Not activated
7568,52,B1,5,0,0,B1,B0,True,33,32,SDC
7569,52,B1,5,0,1,B1,B1,False,33,33,Not activated
7570,52,B1,5,1,0,B1,B1,False,33,33,Not activated
7571,52,B1,5,1,1,B1,B3,True,33,34,SDC
7572,52,B1,5,2,0,B1,B1,False,33,33,Not activated
7573,52,B1,5,2,1,B1,B5,True,33,36,SDC
7574,52,B1,5,3,0,B1,B1,False,33,33,Not activated
7575,52,B1,5,3,1,B1,B9,True,33,3A,SDC
7576,52,B1,5,4,0,B1,A1,True,33,2A,SDC
7577,52,B1,5,4,1,B1,B1,False,33,33,Not activated
7578,52,B1,5,5,0,B1,91,True,33,26,SDC
7579,52,B1,5,5,1,B1,B1,False,33,33,Not activated
7580,52,B1,5,6,0,B1,B1,False,33,33,Not activated
7581,52,B1,5,6,1,B1,F1,True,33,70,SDC
7582,52,B1,5,7,0,B1,31,True,33,A9,SDC
7583,52,B1,5,7,1,B1,B1,False,33,33,Not activated
7584,52,B2,6,0,0,A2,A2,False,33,33,Not activated
7585,52,B2,6,0,1,A2,A3,True,33,34,SDC
7586,52,B2,6,1,0,A2,A0,True,33,33,Masked
7587,52,B2,6,1,1,A2,A2,False,33,33,Not activated
7588,52,B2,6,2,0,A2,A2,False,33,33,Not activated
7589,52,B2,6,2,1,A2,A6,True,33,34,SDC
7590,52,B2,6,3,0,A2,A2,False,33,33,Not activated
7591,52,B2,6,3,1,A2,AA,True,33,34,SDC
7592,52,B2,6,4,0,A2,A2,False,33,33,Not activated
7593,52,B2,6,4,1,A2,B2,True,33,35,SDC
7594,52,B2,6,5,0,A2,82,True,33,33,Masked
7595,52,B2,6,5,1,A2,A2,False,33,33,Not activated
7596,52,B2,6,6,0,A2,A2,False,33,33,Not activated
7597,52,B2,6,6,1,A2,E2,True,33,50,SDC
7598,52,B2,6,7,0,A2,22,True,33,33,Masked
7599,52,B2,6,7,1,A2,A2,False,33,33,Not activated
7600,52,B3,7,0,0,35,34,True,33,33,Masked
7601,52,B3,7,0,1,35,35,False,33,33,Not activated
7602,52,B3,7,1,0,35,35,False,33,33,Not activated
7603,52,B3,7,1,1,35,37,True,33,33,Masked
7604,52,B3,7,2,0,35,31,True,33,33,Masked
7605,52,B3,7,2,1,35,35,False,33,33,Not activated
7606,52,B3,7,3,0,35,35,False,33,33,Not activated
7607,52,B3,7,3,1,35,3D,True,33,34,SDC
7608,52,B3,7,4,0,35,25,True,33,32,SDC
7609,52,B3,7,4,1,35,35,False,33,33,Not activated
7610,52,B3,7,5,0,35,15,True,33,32,SDC
7611,52,B3,7,5,1,35,35,False,33,33,Not activated
7612,52,B3,7,6,0,35,35,False,33,33,Not activated
7613,52,B3,7,6,1,35,75,True,33,59,SDC
7614,52,B3,7,7,0,35,35,False,33,33,Not activated
7615,52,B3,7,7,1,35,B5,True,33,31,SDC
7616,52,C0,8,0,0,23,22,True,33,32,SDC
7617,52,C0,8,0,1,23,23,False,33,33,Not activated
7618,52,C0,8,1,0,23,21,True,33,32,SDC
7619,52,C0,8,1,1,23,23,False,33,33,Not activated
7620,52,C0,8,2,0,23,23,False,33,33,Not activated
7621,52,C0,8,2,1,23,27,True,33,34,SDC
7622,52,C0,8,3,0,23,23,False,33,33,Not activated
7623,52,C0,8,3,1,23,2B,True,33,35,SDC
7624,52,C0,8,4,0,23,23,False,33,33,Not activated
7625,52,C0,8,4,1,23,33,True,33,3A,SDC
7626,52,C0,8,5,0,23,03,True,33,31,SDC
7627,52,C0,8,5,1,23,23,False,33,33,Not activated
7628,52,C0,8,6,0,23,23,False,33,33,Not activated
7629,52,C0,8,6,1,23,63,True,33,63,SDC
7630,52,C0,8,7,0,23,23,False,33,33,Not activated
7631,52,C0,8,7,1,23,A3,True,33,2B,SDC
7632,53,A0,0,0,0,2D,2C,True,2D,2F,SDC
7633,53,A0,0,0,1,2D,2D,False,2D,2D,Not activated
7634,53,A0,0,1,0,2D,2D,False,2D,2D,Not activated
7635,53,A0,0,1,1,2D,2F,True,2D,2B,SDC
7636,53,A0,0,2,0,2D,29,True,2D,30,SDC
7637,53,A0,0,2,1,2D,2D,False,2D,2D,Not activated
7638,53,A0,0,3,0,2D,25,True,2D,32,SDC
7639,53,A0,0,3,1,2D,2D,False,2D,2D,Not activated
7640,53,A0,0,4,0,2D,2D,False,2D,2D,Not activated
7641,53,A0,0,4,1,2D,3D,True,2D,B5,SDC
7642,53,A0,0,5,0,2D,0D,True,2D,35,SDC
7643,53,A0,0,5,1,2D,2D,False,2D,2D,Not activated
7644,53,A0,0,6,0,2D,2D,False,2D,2D,Not activated
7645,53,A0,0,6,1,2D,6D,True,2D,ED,SDC
7646,53,A0,0,7,0,2D,2D,False,2D,2D,Not activated
7647,53,A0,0,7,1,2D,AD,True,2D,3A,SDC
7648,53,A1,1,0,0,33,32,True,2D,2D,Masked
7649,53,A1,1,0,1,33,33,False,2D,2D,Not activated
7650,53,A1,1,1,0,33,31,True,2D,2F,SDC
7651,53,A1,1,1,1,33,33,False,2D,2D,Not activated
7652,53,A1,1,2,0,33,33,False,2D,2D,Not activated
7653,53,A1,1,2,1,33,37,True,2D,2B,SDC
7654,53,A1,1,3,0,33,33,False,2D,2D,Not activated
7655,53,A1,1,3,1,33,3B,True,2D,26,SDC
7656,53,A1,1,4,0,33,23,True,2D,30,SDC
7657,53,A1,1,4,1,33,33,False,2D,2D,Not activated
7658,53,A1,1,5,0,33,13,True,2D,31,SDC
7659,53,A1,1,5,1,33,33,False,2D,2D,Not activated
7660,53,A1,1,6,0,33,33,False,2D,2D,Not activated
7661,53,A1,1,6,1,33,73,True,2D,E4,SDC
7662,53,A1,1,7,0,33,33,False,2D,2D,Not activated
7663,53,A1,1,7,1,33,B3,True,2D,34,SDC
7664,53,A2,2,0,0,30,30,False,2D,2D,Not activated
7665,53,A2,2,0,1,30,31,True,2D,2F,SDC
7666,53,A2,2,1,0,30,30,False,2D,2D,Not activated
7667,53,A2,2,1,1,30,32,True,2D,2F,SDC
7668,53,A2,2,2,0,30,30,False,2D,2D,Not activated
7669,53,A2,2,2,1,30,34,True,2D,30,SDC
7670,53,A2,2,3,0,30,30,False,2D,2D,Not activated
7671,53,A2,2,3,1,30,38,True,2D,32,SDC
7672,53,A2,2,4,0,30,20,True,2D,26,SDC
7673,53,A2,2,4,1,30,30,False,2D,2D,Not activated
7674,53,A2,2,5,0,30,10,True,2D,22,SDC
7675,53,A2,2,5,1,30,30,False,2D,2D,Not activated
7676,53,A2,2,6,0,30,30,False,2D,2D,Not activated
7677,53,A2,2,6,1,30,70,True,2D,68,SDC
7678,53,A2,2,7,0,30,30,False,2D,2D,Not activated
7679,53,A2,2,7,1,30,B0,True,2D,9D,SDC
7680,53,A3,3,0,0,A7,A6,True,2D,2D,Masked
7681,53,A3,3,0,1,A7,A7,False,2D,2D,Not activated
7682,53,A3,3,1,0,A7,A5,True,2D,2E,SDC
7683,53,A3,3,1,1,A7,A7,False,2D,2D,Not activated
7684,53,A3,3,2,0,A7,A3,True,2D,2E,SDC
7685,53,A3,3,2,1,A7,A7,False,2D,2D,Not activated
7686,53,A3,3,3,0,A7,A7,False,2D,2D,Not activated
7687,53,A3,3,3,1,A7,AF,True,2D,27,SDC
7688,53,A3,3,4,0,A7,A7,False,2D,2D,Not activated
7689,53,A3,3,4,1,A7,B7,True,2D,9A,SDC
7690,53,A3,3,5,0,A7,87,True,2D,31,SDC
7691,53,A3,3,5,1,A7,A7,False,2D,2D,Not activated
7692,53,A3,3,6,0,A7,A7,False,2D,2D,Not activated
7693,53,A3,3,6,1,A7,E7,True,2D,E2,SDC
7694,53,A3,3,7,0,A7,27,True,2D,34,SDC
7695,53,A3,3,7,1,A7,A7,False,2D,2D,Not activated
7696,53,B0,4,0,0,B8,B8,False,2D,2D,Not activated
7697,53,B0,4,0,1,B8,B9,True,2D,2B,SDC
7698,53,B0,4,1,0,B8,B8,False,2D,2D,Not activated
7699,53,B0,4,1,1,B8,BA,True,2D,2B,SDC
7700,53,B0,4,2,0,B8,B8,False,2D,2D,Not activated
7701,53,B0,4,2,1,B8,BC,True,2D,26,SDC
7702,53,B0,4,3,0,B8,B0,True,2D,32,SDC
7703,53,B0,4,3,1,B8,B8,False,2D,2D,Not activated
7704,53,B0,4,4,0,B8,A8,True,2D,33,SDC
7705,53,B0,4,4,1,B8,B8,False,2D,2D,Not activated
7706,53,B0,4,5,0,B8,98,True,2D,35,SDC
7707,53,B0,4,5,1,B8,B8,False,2D,2D,Not activated
7708,53,B0,4,6,0,B8,B8,False,2D,2D,Not activated
7709,53,B0,4,6,1,B8,F8,True,2D,F8,SDC
7710,53,B0,4,7,0,B8,38,True,2D,3A,SDC
7711,53,B0,4,7,1,B8,B8,False,2D,2D,Not activated
7712,53,B1,5,0,0,A9,A8,True,2D,2D,Masked
7713,53,B1,5,0,1,A9,A9,False,2D,2D,Not activated
7714,53,B1,5,1,0,A9,A9,False,2D,2D,Not activated
7715,53,B1,5,1,1,A9,AB,True,2D,2B,SDC
7716,53,B1,5,2,0,A9,A9,False,2D,2D,Not activated
7717,53,B1,5,2,1,A9,AD,True,2D,2A,SDC
7718,53,B1,5,3,0,A9,A1,True,2D,2F,SDC
7719,53,B1,5,3,1,A9,A9,False,2D,2D,Not activated
7720,53,B1,5,4,0,A9,A9,False,2D,2D,Not activated
7721,53,B1,5,4,1,A9,B9,True,2D,A4,SDC
7722,53,B1,5,5,0,A9,89,True,2D,31,SDC
7723,53,B1,5,5,1,A9,A9,False,2D,2D,Not activated
7724,53,B1,5,6,0,A9,A9,False,2D,2D,Not activated
7725,53,B1,5,6,1,A9,E9,True,2D,E4,SDC
7726,53,B1,5,7,0,A9,29,True,2D,34,SDC
7727,53,B1,5,7,1,A9,A9,False,2D,2D,Not activated
7728,53,B2,6,0,0,30,30,False,2D,2D,Not activated
7729,53,B2,6,0,1,30,31,True,2D,2F,SDC
7730,53,B2,6,1,0,30,30,False,2D,2D,Not activated
7731,53,B2,6,1,1,30,32,True,2D,2F,SDC
7732,53,B2,6,2,0,30,30,False,2D,2D,Not activated
7733,53,B2,6,2,1,30,34,True,2D,30,SDC
7734,53,B2,6,3,0,30,30,False,2D,2D,Not activated
7735,53,B2,6,3,1,30,38,True,2D,32,SDC
7736,53,B2,6,4,0,30,20,True,2D,26,SDC
7737,53,B2,6,4,1,30,30,False,2D,2D,Not activated
7738,53,B2,6,5,0,30,10,True,2D,22,SDC
7739,53,B2,6,5,1,30,30,False,2D,2D,Not activated
7740,53,B2,6,6,0,30,30,False,2D,2D,Not activated
7741,53,B2,6,6,1,30,70,True,2D,68,SDC
7742,53,B2,6,7,0,30,30,False,2D,2D,Not activated
7743,53,B2,6,7,1,30,B0,True,2D,9D,SDC
7744,53,B3,7,0,0,33,32,True,2D,2D,Masked
7745,53,B3,7,0,1,33,33,False,2D,2D,Not activated
7746,53,B3,7,1,0,33,31,True,2D,2E,SDC
7747,53,B3,7,1,1,33,33,False,2D,2D,Not activated
7748,53,B3,7,2,0,33,33,False,2D,2D,Not activated
7749,53,B3,7,2,1,33,37,True,2D,2B,SDC
7750,53,B3,7,3,0,33,33,False,2D,2D,Not activated
7751,53,B3,7,3,1,33,3B,True,2D,27,SDC
7752,53,B3,7,4,0,33,23,True,2D,30,SDC
7753,53,B3,7,4,1,33,33,False,2D,2D,Not activated
7754,53,B3,7,5,0,33,13,True,2D,31,SDC
7755,53,B3,7,5,1,33,33,False,2D,2D,Not activated
7756,53,B3,7,6,0,33,33,False,2D,2D,Not activated
7757,53,B3,7,6,1,33,73,True,2D,E2,SDC
7758,53,B3,7,7,0,33,33,False,2D,2D,Not activated
7759,53,B3,7,7,1,33,B3,True,2D,34,SDC
7760,53,C0,8,0,0,37,36,True,2D,2B,SDC
7761,53,C0,8,0,1,37,37,False,2D,2D,Not activated
7762,53,C0,8,1,0,37,35,True,2D,2A,SDC
7763,53,C0,8,1,1,37,37,False,2D,2D,Not activated
7764,53,C0,8,2,0,37,33,True,2D,24,SDC
7765,53,C0,8,2,1,37,37,False,2D,2D,Not activated
7766,53,C0,8,3,0,37,37,False,2D,2D,Not activated
7767,53,C0,8,3,1,37,3F,True,2D,3B,SDC
7768,53,C0,8,4,0,37,27,True,2D,A9,SDC
7769,53,C0,8,4,1,37,37,False,2D,2D,Not activated
7770,53,C0,8,5,0,37,17,True,2D,AF,SDC
7771,53,C0,8,5,1,37,37,False,2D,2D,Not activated
7772,53,C0,8,6,0,37,37,False,2D,2D,Not activated
7773,53,C0,8,6,1,37,77,True,2D,77,SDC
7774,53,C0,8,7,0,37,37,False,2D,2D,Not activated
7775,53,C0,8,7,1,37,B7,True,2D,BC,SDC
7776,54,A0,0,0,0,A2,A2,False,B3,B3,Not activated
7777,54,A0,0,0,1,A2,A3,True,B3,B3,Masked
7778,54,A0,0,1,0,A2,A0,True,B3,B3,Masked
7779,54,A0,0,1,1,A2,A2,False,B3,B3,Not activated
7780,54,A0,0,2,0,A2,A2,False,B3,B3,Not activated
7781,54,A0,0,2,1,A2,A6,True,B3,B3,Masked
7782,54,A0,0,3,0,A2,A2,False,B3,B3,Not activated
7783,54,A0,0,3,1,A2,AA,True,B3,B2,SDC
7784,54,A0,0,4,0,A2,A2,False,B3,B3,Not activated
7785,54,A0,0,4,1,A2,B2,True,B3,AE,SDC
7786,54,A0,0,5,0,A2,82,True,B3,B5,SDC
7787,54,A0,0,5,1,A2,A2,False,B3,B3,Not activated
7788,54,A0,0,6,0,A2,A2,False,B3,B3,Not activated
7789,54,A0,0,6,1,A2,E2,True,B3,5B,SDC
7790,54,A0,0,7,0,A2,22,True,B3,B6,SDC
7791,54,A0,0,7,1,A2,A2,False,B3,B3,Not activated
7792,54,A1,1,0,0,30,30,False,B3,B3,Not activated
7793,54,A1,1,0,1,30,31,True,B3,B4,SDC
7794,54,A1,1,1,0,30,30,False,B3,B3,Not activated
7795,54,A1,1,1,1,30,32,True,B3,B4,SDC
7796,54,A1,1,2,0,30,30,False,B3,B3,Not activated
7797,54,A1,1,2,1,30,34,True,B3,B5,SDC
7798,54,A1,1,3,0,30,30,False,B3,B3,Not activated
7799,54,A1,1,3,1,30,38,True,B3,B7,SDC
7800,54,A1,1,4,0,30,20,True,B3,AF,SDC
7801,54,A1,1,4,1,30,30,False,B3,B3,Not activated
7802,54,A1,1,5,0,30,10,True,B3,AE,SDC
7803,54,A1,1,5,1,30,30,False,B3,B3,Not activated
7804,54,A1,1,6,0,30,30,False,B3,B3,Not activated
7805,54,A1,1,6,1,30,70,True,B3,E9,SDC
7806,54,A1,1,7,0,30,30,False,B3,B3,Not activated
7807,54,A1,1,7,1,30,B0,True,B3,A1,SDC
7808,54,A2,2,0,0,1C,1C,False,B3,B3,Not activated
7809,54,A2,2,0,1,1C,1D,True,B3,B3,Masked
7810,54,A2,2,1,0,1C,1C,False,B3,B3,Not activated
7811,54,A2,2,1,1,1C,1E,True,B3,B3,Masked
7812,54,A2,2,2,0,1C,18,True,B3,B3,Masked
7813,54,A2,2,2,1,1C,1C,False,B3,B3,Not activated
7814,54,A2,2,3,0,1C,14,True,B3,B3,Masked
7815,54,A2,2,3,1,1C,1C,False,B3,B3,Not activated
7816,54,A2,2,4,0,1C,0C,True,B3,B3,Masked
7817,54,A2,2,4,1,1C,1C,False,B3,B3,Not activated
7818,54,A2,2,5,0,1C,1C,False,B3,B3,Not activated
7819,54,A2,2,5,1,1C,3C,True,B3,B6,SDC
7820,54,A2,2,6,0,1C,1C,False,B3,B3,Not activated
7821,54,A2,2,6,1,1C,5C,True,B3,C7,SDC
7822,54,A2,2,7,0,1C,1C,False,B3,B3,Not activated
7823,54,A2,2,7,1,1C,9C,True,B3,B3,Masked
7824,54,A3,3,0,0,25,24,True,B3,B3,Masked
7825,54,A3,3,0,1,25,25,False,B3,B3,Not activated
7826,54,A3,3,1,0,25,25,False,B3,B3,Not activated
7827,54,A3,3,1,1,25,27,True,B3,B4,SDC
7828,54,A3,3,2,0,25,21,True,B3,B2,SDC
7829,54,A3,3,2,1,25,25,False,B3,B3,Not activated
7830,54,A3,3,3,0,25,25,False,B3,B3,Not activated
7831,54,A3,3,3,1,25,2D,True,B3,B6,SDC
7832,54,A3,3,4,0,25,25,False,B3,B3,Not activated
7833,54,A3,3,4,1,25,35,True,B3,BA,SDC
7834,54,A3,3,5,0,25,05,True,B3,B0,SDC
7835,54,A3,3,5,1,25,25,False,B3,B3,Not activated
7836,54,A3,3,6,0,25,25,False,B3,B3,Not activated
7837,54,A3,3,6,1,25,65,True,B3,E4,SDC
7838,54,A3,3,7,0,25,25,False,B3,B3,Not activated
7839,54,A3,3,7,1,25,A5,True,B3,AA,SDC
7840,54,B0,4,0,0,B1,B0,True,B3,B3,Masked
7841,54,B0,4,0,1,B1,B1,False,B3,B3,Not activated
7842,54,B0,4,1,0,B1,B1,False,B3,B3,Not activated
7843,54,B0,4,1,1,B1,B3,True,B3,B3,Masked
7844,54,B0,4,2,0,B1,B1,False,B3,B3,Not activated
7845,54,B0,4,2,1,B1,B5,True,B3,B3,Masked
7846,54,B0,4,3,0,B1,B1,False,B3,B3,Not activated
7847,54,B0,4,3,1,B1,B9,True,B3,B2,SDC
7848,54,B0,4,4,0,B1,A1,True,B3,B4,SDC
7849,54,B0,4,4,1,B1,B1,False,B3,B3,Not activated
7850,54,B0,4,5,0,B1,91,True,B3,B5,SDC
7851,54,B0,4,5,1,B1,B1,False,B3,B3,Not activated
7852,54,B0,4,6,0,B1,B1,False,B3,B3,Not activated
7853,54,B0,4,6,1,B1,F1,True,B3,5B,SDC
7854,54,B0,4,7,0,B1,31,True,B3,B6,SDC
7855,54,B0,4,7,1,B1,B1,False,B3,B3,Not activated
7856,54,B1,5,0,0,B1,B0,True,B3,B3,Masked
7857,54,B1,5,0,1,B1,B1,False,B3,B3,Not activated
7858,54,B1,5,1,0,B1,B1,False,B3,B3,Not activated
7859,54,B1,5,1,1,B1,B3,True,B3,B4,SDC
7860,54,B1,5,2,0,B1,B1,False,B3,B3,Not activated
7861,54,B1,5,2,1,B1,B5,True,B3,B5,SDC
7862,54,B1,5,3,0,B1,B1,False,B3,B3,Not activated
7863,54,B1,5,3,1,B1,B9,True,B3,B7,SDC
7864,54,B1,5,4,0,B1,A1,True,B3,AF,SDC
7865,54,B1,5,4,1,B1,B1,False,B3,B3,Not activated
7866,54,B1,5,5,0,B1,91,True,B3,AE,SDC
7867,54,B1,5,5,1,B1,B1,False,B3,B3,Not activated
7868,54,B1,5,6,0,B1,B1,False,B3,B3,Not activated
7869,54,B1,5,6,1,B1,F1,True,B3,E9,SDC
7870,54,B1,5,7,0,B1,31,True,B3,A1,SDC
7871,54,B1,5,7,1,B1,B1,False,B3,B3,Not activated
7872,54,B2,6,0,0,A0,A0,False,B3,B3,Not activated
7873,54,B2,6,0,1,A0,A1,True,B3,B3,Masked
7874,54,B2,6,1,0,A0,A0,False,B3,B3,Not activated
7875,54,B2,6,1,1,A0,A2,True,B3,B3,Masked
7876,54,B2,6,2,0,A0,A0,False,B3,B3,Not activated
7877,54,B2,6,2,1,A0,A4,True,B3,B3,Masked
7878,54,B2,6,3,0,A0,A0,False,B3,B3,Not activated
7879,54,B2,6,3,1,A0,A8,True,B3,B3,Masked
7880,54,B2,6,4,0,A0,A0,False,B3,B3,Not activated
7881,54,B2,6,4,1,A0,B0,True,B3,B4,SDC
7882,54,B2,6,5,0,A0,80,True,B3,B3,Masked
7883,54,B2,6,5,1,A0,A0,False,B3,B3,Not activated
7884,54,B2,6,6,0,A0,A0,False,B3,B3,Not activated
7885,54,B2,6,6,1,A0,E0,True,B3,C7,SDC
7886,54,B2,6,7,0,A0,20,True,B3,B3,Masked
7887,54,B2,6,7,1,A0,A0,False,B3,B3,Not activated
7888,54,B3,7,0,0,B7,B6,True,B3,B3,Masked
7889,54,B3,7,0,1,B7,B7,False,B3,B3,Not activated
7890,54,B3,7,1,0,B7,B5,True,B3,B3,Masked
7891,54,B3,7,1,1,B7,B7,False,B3,B3,Not activated
7892,54,B3,7,2,0,B7,B3,True,B3,B2,SDC
7893,54,B3,7,2,1,B7,B7,False,B3,B3,Not activated
7894,54,B3,7,3,0,B7,B7,False,B3,B3,Not activated
7895,54,B3,7,3,1,B7,BF,True,B3,B6,SDC
7896,54,B3,7,4,0,B7,A7,True,B3,B1,SDC
7897,54,B3,7,4,1,B7,B7,False,B3,B3,Not activated
7898,54,B3,7,5,0,B7,97,True,B3,B0,SDC
7899,54,B3,7,5,1,B7,B7,False,B3,B3,Not activated
7900,54,B3,7,6,0,B7,B7,False,B3,B3,Not activated
7901,54,B3,7,6,1,B7,F7,True,B3,E4,SDC
7902,54,B3,7,7,0,B7,37,True,B3,AA,SDC
7903,54,B3,7,7,1,B7,B7,False,B3,B3,Not activated
7904,54,C0,8,0,0,AA,AA,False,B3,B3,Not activated
7905,54,C0,8,0,1,AA,AB,True,B3,B3,Masked
7906,54,C0,8,1,0,AA,A8,True,B3,B2,SDC
7907,54,C0,8,1,1,AA,AA,False,B3,B3,Not activated
7908,54,C0,8,2,0,AA,AA,False,B3,B3,Not activated
7909,54,C0,8,2,1,AA,AE,True,B3,B5,SDC
7910,54,C0,8,3,0,AA,A2,True,B3,B1,SDC
7911,54,C0,8,3,1,AA,AA,False,B3,B3,Not activated
7912,54,C0,8,4,0,AA,AA,False,B3,B3,Not activated
7913,54,C0,8,4,1,AA,BA,True,B3,BD,SDC
7914,54,C0,8,5,0,AA,8A,True,B3,AE,SDC
7915,54,C0,8,5,1,AA,AA,False,B3,B3,Not activated
7916,54,C0,8,6,0,AA,AA,False,B3,B3,Not activated
7917,54,C0,8,6,1,AA,EA,True,B3,EA,SDC
7918,54,C0,8,7,0,AA,2A,True,B3,9A,SDC
7919,54,C0,8,7,1,AA,AA,False,B3,B3,Not activated
7920,55,A0,0,0,0,2B,2A,True,2F,30,SDC
7921,55,A0,0,0,1,2B,2B,False,2F,2F,Not activated
7922,55,A0,0,1,0,2B,29,True,2F,30,SDC
7923,55,A0,0,1,1,2B,2B,False,2F,2F,Not activated
7924,55,A0,0,2,0,2B,2B,False,2F,2F,Not activated
7925,55,A0,0,2,1,2B,2F,True,2F,2D,SDC
7926,55,A0,0,3,0,2B,23,True,2F,32,SDC
7927,55,A0,0,3,1,2B,2B,False,2F,2F,Not activated
7928,55,A0,0,4,0,2B,2B,False,2F,2F,Not activated
7929,55,A0,0,4,1,2B,3B,True,2F,A9,SDC
7930,55,A0,0,5,0,2B,0B,True,2F,33,SDC
7931,55,A0,0,5,1,2B,2B,False,2F,2F,Not activated
7932,55,A0,0,6,0,2B,2B,False,2F,2F,Not activated
7933,55,A0,0,6,1,2B,6B,True,2F,E8,SDC
7934,55,A0,0,7,0,2B,2B,False,2F,2F,Not activated
7935,55,A0,0,7,1,2B,AB,True,2F,37,SDC
7936,55,A1,1,0,0,A4,A4,False,2F,2F,Not activated
7937,55,A1,1,0,1,A4,A5,True,2F,2F,Masked
7938,55,A1,1,1,0,A4,A4,False,2F,2F,Not activated
7939,55,A1,1,1,1,A4,A6,True,2F,2F,Masked
7940,55,A1,1,2,0,A4,A0,True,2F,30,SDC
7941,55,A1,1,2,1,A4,A4,False,2F,2F,Not activated
7942,55,A1,1,3,0,A4,A4,False,2F,2F,Not activated
7943,55,A1,1,3,1,A4,AC,True,2F,2E,SDC
7944,55,A1,1,4,0,A4,A4,False,2F,2F,Not activated
7945,55,A1,1,4,1,A4,B4,True,2F,2B,SDC
7946,55,A1,1,5,0,A4,84,True,2F,30,SDC
7947,55,A1,1,5,1,A4,A4,False,2F,2F,Not activated
7948,55,A1,1,6,0,A4,A4,False,2F,2F,Not activated
7949,55,A1,1,6,1,A4,E4,True,2F,D3,SDC
7950,55,A1,1,7,0,A4,24,True,2F,31,SDC
7951,55,A1,1,7,1,A4,A4,False,2F,2F,Not activated
7952,55,A2,2,0,0,B3,B2,True,2F,2D,SDC
7953,55,A2,2,0,1,B3,B3,False,2F,2F,Not activated
7954,55,A2,2,1,0,B3,B1,True,2F,2B,SDC
7955,55,A2,2,1,1,B3,B3,False,2F,2F,Not activated
7956,55,A2,2,2,0,B3,B3,False,2F,2F,Not activated
7957,55,A2,2,2,1,B3,B7,True,2F,33,SDC
7958,55,A2,2,3,0,B3,B3,False,2F,2F,Not activated
7959,55,A2,2,3,1,B3,BB,True,2F,39,SDC
7960,55,A2,2,4,0,B3,A3,True,2F,01,SDC
7961,55,A2,2,4,1,B3,B3,False,2F,2F,Not activated
7962,55,A2,2,5,0,B3,93,True,2F,9E,SDC
7963,55,A2,2,5,1,B3,B3,False,2F,2F,Not activated
7964,55,A2,2,6,0,B3,B3,False,2F,2F,Not activated
7965,55,A2,2,6,1,B3,F3,True,2F,72,SDC
7966,55,A2,2,7,0,B3,33,True,2F,B5,SDC
7967,55,A2,2,7,1,B3,B3,False,2F,2F,Not activated
7968,55,A3,3,0,0,98,98,False,2F,2F,Not activated
7969,55,A3,3,0,1,98,99,True,2F,2F,Masked
7970,55,A3,3,1,0,98,98,False,2F,2F,Not activated
7971,55,A3,3,1,1,98,9A,True,2F,30,SDC
7972,55,A3,3,2,0,98,98,False,2F,2F,Not activated
7973,55,A3,3,2,1,98,9C,True,2F,30,SDC
7974,55,A3,3,3,0,98,90,True,2F,2F,Masked
7975,55,A3,3,3,1,98,98,False,2F,2F,Not activated
7976,55,A3,3,4,0,98,88,True,2F,2F,Masked
7977,55,A3,3,4,1,98,98,False,2F,2F,Not activated
7978,55,A3,3,5,0,98,98,False,2F,2F,Not activated
7979,55,A3,3,5,1,98,B8,True,2F,33,SDC
7980,55,A3,3,6,0,98,98,False,2F,2F,Not activated
7981,55,A3,3,6,1,98,D8,True,2F,48,SDC
7982,55,A3,3,7,0,98,18,True,2F,2F,Masked
7983,55,A3,3,7,1,98,98,False,2F,2F,Not activated
7984,55,B0,4,0,0,B4,B4,False,2F,2F,Not activated
7985,55,B0,4,0,1,B4,B5,True,2F,2E,SDC
7986,55,B0,4,1,0,B4,B4,False,2F,2F,Not activated
7987,55,B0,4,1,1,B4,B6,True,2F,2E,SDC
7988,55,B0,4,2,0,B4,B0,True,2F,31,SDC
7989,55,B0,4,2,1,B4,B4,False,2F,2F,Not activated
7990,55,B0,4,3,0,B4,B4,False,2F,2F,Not activated
7991,55,B0,4,3,1,B4,BC,True,2F,26,SDC
7992,55,B0,4,4,0,B4,A4,True,2F,33,SDC
7993,55,B0,4,4,1,B4,B4,False,2F,2F,Not activated
7994,55,B0,4,5,0,B4,94,True,2F,33,SDC
7995,55,B0,4,5,1,B4,B4,False,2F,2F,Not activated
7996,55,B0,4,6,0,B4,B4,False,2F,2F,Not activated
7997,55,B0,4,6,1,B4,F4,True,2F,E8,SDC
7998,55,B0,4,7,0,B4,34,True,2F,37,SDC
7999,55,B0,4,7,1,B4,B4,False,2F,2F,Not activated
8000,55,B1,5,0,0,28,28,False,2F,2F,Not activated
8001,55,B1,5,0,1,28,29,True,2F,2F,Masked
8002,55,B1,5,1,0,28,28,False,2F,2F,Not activated
8003,55,B1,5,1,1,28,2A,True,2F,2F,Masked
8004,55,B1,5,2,0,28,28,False,2F,2F,Not activated
8005,55,B1,5,2,1,28,2C,True,2F,2F,Masked
8006,55,B1,5,3,0,28,20,True,2F,30,SDC
8007,55,B1,5,3,1,28,28,False,2F,2F,Not activated
8008,55,B1,5,4,0,28,28,False,2F,2F,Not activated
8009,55,B1,5,4,1,28,38,True,2F,2B,SDC
8010,55,B1,5,5,0,28,08,True,2F,30,SDC
8011,55,B1,5,5,1,28,28,False,2F,2F,Not activated
8012,55,B1,5,6,0,28,28,False,2F,2F,Not activated
8013,55,B1,5,6,1,28,68,True,2F,D3,SDC
8014,55,B1,5,7,0,28,28,False,2F,2F,Not activated
8015,55,B1,5,7,1,28,A8,True,2F,31,SDC
8016,55,B2,6,0,0,B7,B6,True,2F,2E,SDC
8017,55,B2,6,0,1,B7,B7,False,2F,2F,Not activated
8018,55,B2,6,1,0,B7,B5,True,2F,2C,SDC
8019,55,B2,6,1,1,B7,B7,False,2F,2F,Not activated
8020,55,B2,6,2,0,B7,B3,True,2F,2A,SDC
8021,55,B2,6,2,1,B7,B7,False,2F,2F,Not activated
8022,55,B2,6,3,0,B7,B7,False,2F,2F,Not activated
8023,55,B2,6,3,1,B7,BF,True,2F,39,SDC
8024,55,B2,6,4,0,B7,A7,True,2F,01,SDC
8025,55,B2,6,4,1,B7,B7,False,2F,2F,Not activated
8026,55,B2,6,5,0,B7,97,True,2F,9E,SDC
8027,55,B2,6,5,1,B7,B7,False,2F,2F,Not activated
8028,55,B2,6,6,0,B7,B7,False,2F,2F,Not activated
8029,55,B2,6,6,1,B7,F7,True,2F,72,SDC
8030,55,B2,6,7,0,B7,37,True,2F,B5,SDC
8031,55,B2,6,7,1,B7,B7,False,2F,2F,Not activated
8032,55,B3,7,0,0,A6,A6,False,2F,2F,Not activated
8033,55,B3,7,0,1,A6,A7,True,2F,2F,Masked
8034,55,B3,7,1,0,A6,A4,True,2F,2F,Masked
8035,55,B3,7,1,1,A6,A6,False,2F,2F,Not activated
8036,55,B3,7,2,0,A6,A2,True,2F,2F,Masked
8037,55,B3,7,2,1,A6,A6,False,2F,2F,Not activated
8038,55,B3,7,3,0,A6,A6,False,2F,2F,Not activated
8039,55,B3,7,3,1,A6,AE,True,2F,30,SDC
8040,55,B3,7,4,0,A6,A6,False,2F,2F,Not activated
8041,55,B3,7,4,1,A6,B6,True,2F,30,SDC
8042,55,B3,7,5,0,A6,86,True,2F,2F,Masked
8043,55,B3,7,5,1,A6,A6,False,2F,2F,Not activated
8044,55,B3,7,6,0,A6,A6,False,2F,2F,Not activated
8045,55,B3,7,6,1,A6,E6,True,2F,48,SDC
8046,55,B3,7,7,0,A6,26,True,2F,2F,Masked
8047,55,B3,7,7,1,A6,A6,False,2F,2F,Not activated
8048,55,C0,8,0,0,20,20,False,2F,2F,Not activated
8049,55,C0,8,0,1,20,21,True,2F,30,SDC
8050,55,C0,8,1,0,20,20,False,2F,2F,Not activated
8051,55,C0,8,1,1,20,22,True,2F,30,SDC
8052,55,C0,8,2,0,20,20,False,2F,2F,Not activated
8053,55,C0,8,2,1,20,24,True,2F,30,SDC
8054,55,C0,8,3,0,20,20,False,2F,2F,Not activated
8055,55,C0,8,3,1,20,28,True,2F,31,SDC
8056,55,C0,8,4,0,20,20,False,2F,2F,Not activated
8057,55,C0,8,4,1,20,30,True,2F,36,SDC
8058,55,C0,8,5,0,20,00,True,2F,2B,SDC
8059,55,C0,8,5,1,20,20,False,2F,2F,Not activated
8060,55,C0,8,6,0,20,20,False,2F,2F,Not activated
8061,55,C0,8,6,1,20,60,True,2F,60,SDC
8062,55,C0,8,7,0,20,20,False,2F,2F,Not activated
8063,55,C0,8,7,1,20,A0,True,2F,26,SDC
8064,56,A0,0,0,0,B7,B6,True,3D,3C,SDC
8065,56,A0,0,0,1,B7,B7,False,3D,3D,Not activated
8066,56,A0,0,1,0,B7,B5,True,3D,3C,SDC
8067,56,A0,0,1,1,B7,B7,False,3D,3D,Not activated
8068,56,A0,0,2,0,B7,B3,True,3D,3B,SDC
8069,56,A0,0,2,1,B7,B7,False,3D,3D,Not activated
8070,56,A0,0,3,0,B7,B7,False,3D,3D,Not activated
8071,56,A0,0,3,1,B7,BF,True,3D,43,SDC
8072,56,A0,0,4,0,B7,A7,True,3D,38,SDC
8073,56,A0,0,4,1,B7,B7,False,3D,3D,Not activated
8074,56,A0,0,5,0,B7,97,True,3D,37,SDC
8075,56,A0,0,5,1,B7,B7,False,3D,3D,Not activated
8076,56,A0,0,6,0,B7,B7,False,3D,3D,Not activated
8077,56,A0,0,6,1,B7,F7,True,3D,75,SDC
8078,56,A0,0,7,0,B7,37,True,3D,19,SDC
8079,56,A0,0,7,1,B7,B7,False,3D,3D,Not activated
8080,56,A1,1,0,0,29,28,True,3D,3E,SDC
8081,56,A1,1,0,1,29,29,False,3D,3D,Not activated
8082,56,A1,1,1,0,29,29,False,3D,3D,Not activated
8083,56,A1,1,1,1,29,2B,True,3D,3D,Masked
8084,56,A1,1,2,0,29,29,False,3D,3D,Not activated
8085,56,A1,1,2,1,29,2D,True,3D,3D,Masked
8086,56,A1,1,3,0,29,21,True,3D,3E,SDC
8087,56,A1,1,3,1,29,29,False,3D,3D,Not activated
8088,56,A1,1,4,0,29,29,False,3D,3D,Not activated
8089,56,A1,1,4,1,29,39,True,3D,3C,SDC
8090,56,A1,1,5,0,29,09,True,3D,3E,SDC
8091,56,A1,1,5,1,29,29,False,3D,3D,Not activated
8092,56,A1,1,6,0,29,29,False,3D,3D,Not activated
8093,56,A1,1,6,1,29,69,True,3D,D8,SDC
8094,56,A1,1,7,0,29,29,False,3D,3D,Not activated
8095,56,A1,1,7,1,29,A9,True,3D,3F,SDC
8096,56,A2,2,0,0,B4,B4,False,3D,3D,Not activated
8097,56,A2,2,0,1,B4,B5,True,3D,3E,SDC
8098,56,A2,2,1,0,B4,B4,False,3D,3D,Not activated
8099,56,A2,2,1,1,B4,B6,True,3D,3E,SDC
8100,56,A2,2,2,0,B4,B0,True,3D,3C,SDC
8101,56,A2,2,2,1,B4,B4,False,3D,3D,Not activated
8102,56,A2,2,3,0,B4,B4,False,3D,3D,Not activated
8103,56,A2,2,3,1,B4,BC,True,3D,40,SDC
8104,56,A2,2,4,0,B4,A4,True,3D,3B,SDC
8105,56,A2,2,4,1,B4,B4,False,3D,3D,Not activated
8106,56,A2,2,5,0,B4,94,True,3D,3A,SDC
8107,56,A2,2,5,1,B4,B4,False,3D,3D,Not activated
8108,56,A2,2,6,0,B4,B4,False,3D,3D,Not activated
8109,56,A2,2,6,1,B4,F4,True,3D,6E,SDC
8110,56,A2,2,7,0,B4,34,True,3D,35,SDC
8111,56,A2,2,7,1,B4,B4,False,3D,3D,Not activated
8112,56,A3,3,0,0,9A,9A,False,3D,3D,Not activated
8113,56,A3,3,0,1,9A,9B,True,3D,3D,Masked
8114,56,A3,3,1,0,9A,98,True,3D,3D,Masked
8115,56,A3,3,1,1,9A,9A,False,3D,3D,Not activated
8116,56,A3,3,2,0,9A,9A,False,3D,3D,Not activated
8117,56,A3,3,2,1,9A,9E,True,3D,3D,Masked
8118,56,A3,3,3,0,9A,92,True,3D,3D,Masked
8119,56,A3,3,3,1,9A,9A,False,3D,3D,Not activated
8120,56,A3,3,4,0,9A,8A,True,3D,3D,Masked
8121,56,A3,3,4,1,9A,9A,False,3D,3D,Not activated
8122,56,A3,3,5,0,9A,9A,False,3D,3D,Not activated
8123,56,A3,3,5,1,9A,BA,True,3D,40,SDC
8124,56,A3,3,6,0,9A,9A,False,3D,3D,Not activated
8125,56,A3,3,6,1,9A,DA,True,3D,50,SDC
8126,56,A3,3,7,0,9A,1A,True,3D,3D,Masked
8127,56,A3,3,7,1,9A,9A,False,3D,3D,Not activated
8128,56,B0,4,0,0,B6,B6,False,3D,3D,Not activated
8129,56,B0,4,0,1,B6,B7,True,3D,3D,Masked
8130,56,B0,4,1,0,B6,B4,True,3D,3C,SDC
8131,56,B0,4,1,1,B6,B6,False,3D,3D,Not activated
8132,56,B0,4,2,0,B6,B2,True,3D,3B,SDC
8133,56,B0,4,2,1,B6,B6,False,3D,3D,Not activated
8134,56,B0,4,3,0,B6,B6,False,3D,3D,Not activated
8135,56,B0,4,3,1,B6,BE,True,3D,43,SDC
8136,56,B0,4,4,0,B6,A6,True,3D,38,SDC
8137,56,B0,4,4,1,B6,B6,False,3D,3D,Not activated
8138,56,B0,4,5,0,B6,96,True,3D,37,SDC
8139,56,B0,4,5,1,B6,B6,False,3D,3D,Not activated
8140,56,B0,4,6,0,B6,B6,False,3D,3D,Not activated
8141,56,B0,4,6,1,B6,F6,True,3D,75,SDC
8142,56,B0,4,7,0,B6,36,True,3D,19,SDC
8143,56,B0,4,7,1,B6,B6,False,3D,3D,Not activated
8144,56,B1,5,0,0,A7,A6,True,3D,3E,SDC
8145,56,B1,5,0,1,A7,A7,False,3D,3D,Not activated
8146,56,B1,5,1,0,A7,A5,True,3D,3E,SDC
8147,56,B1,5,1,1,A7,A7,False,3D,3D,Not activated
8148,56,B1,5,2,0,A7,A3,True,3D,3E,SDC
8149,56,B1,5,2,1,A7,A7,False,3D,3D,Not activated
8150,56,B1,5,3,0,A7,A7,False,3D,3D,Not activated
8151,56,B1,5,3,1,A7,AF,True,3D,3D,Masked
8152,56,B1,5,4,0,A7,A7,False,3D,3D,Not activated
8153,56,B1,5,4,1,A7,B7,True,3D,3C,SDC
8154,56,B1,5,5,0,A7,87,True,3D,3E,SDC
8155,56,B1,5,5,1,A7,A7,False,3D,3D,Not activated
8156,56,B1,5,6,0,A7,A7,False,3D,3D,Not activated
8157,56,B1,5,6,1,A7,E7,True,3D,D8,SDC
8158,56,B1,5,7,0,A7,27,True,3D,3F,SDC
8159,56,B1,5,7,1,A7,A7,False,3D,3D,Not activated
8160,56,B2,6,0,0,B1,B0,True,3D,3D,Masked
8161,56,B2,6,0,1,B1,B1,False,3D,3D,Not activated
8162,56,B2,6,1,0,B1,B1,False,3D,3D,Not activated
8163,56,B2,6,1,1,B1,B3,True,3D,3E,SDC
8164,56,B2,6,2,0,B1,B1,False,3D,3D,Not activated
8165,56,B2,6,2,1,B1,B5,True,3D,3F,SDC
8166,56,B2,6,3,0,B1,B1,False,3D,3D,Not activated
8167,56,B2,6,3,1,B1,B9,True,3D,40,SDC
8168,56,B2,6,4,0,B1,A1,True,3D,3B,SDC
8169,56,B2,6,4,1,B1,B1,False,3D,3D,Not activated
8170,56,B2,6,5,0,B1,91,True,3D,3A,SDC
8171,56,B2,6,5,1,B1,B1,False,3D,3D,Not activated
8172,56,B2,6,6,0,B1,B1,False,3D,3D,Not activated
8173,56,B2,6,6,1,B1,F1,True,3D,6E,SDC
8174,56,B2,6,7,0,B1,31,True,3D,35,SDC
8175,56,B2,6,7,1,B1,B1,False,3D,3D,Not activated
8176,56,B3,7,0,0,AB,AA,True,3D,3D,Masked
8177,56,B3,7,0,1,AB,AB,False,3D,3D,Not activated
8178,56,B3,7,1,0,AB,A9,True,3D,3D,Masked
8179,56,B3,7,1,1,AB,AB,False,3D,3D,Not activated
8180,56,B3,7,2,0,AB,AB,False,3D,3D,Not activated
8181,56,B3,7,2,1,AB,AF,True,3D,3D,Masked
8182,56,B3,7,3,0,AB,A3,True,3D,3D,Masked
8183,56,B3,7,3,1,AB,AB,False,3D,3D,Not activated
8184,56,B3,7,4,0,AB,AB,False,3D,3D,Not activated
8185,56,B3,7,4,1,AB,BB,True,3D,3E,SDC
8186,56,B3,7,5,0,AB,8B,True,3D,3D,Masked
8187,56,B3,7,5,1,AB,AB,False,3D,3D,Not activated
8188,56,B3,7,6,0,AB,AB,False,3D,3D,Not activated
8189,56,B3,7,6,1,AB,EB,True,3D,50,SDC
8190,56,B3,7,7,0,AB,2B,True,3D,3D,Masked
8191,56,B3,7,7,1,AB,AB,False,3D,3D,Not activated
8192,56,C0,8,0,0,30,30,False,3D,3D,Not activated
8193,56,C0,8,0,1,30,31,True,3D,3D,Masked
8194,56,C0,8,1,0,30,30,False,3D,3D,Not activated
8195,56,C0,8,1,1,30,32,True,3D,3E,SDC
8196,56,C0,8,2,0,30,30,False,3D,3D,Not activated
8197,56,C0,8,2,1,30,34,True,3D,3F,SDC
8198,56,C0,8,3,0,30,30,False,3D,3D,Not activated
8199,56,C0,8,3,1,30,38,True,3D,41,SDC
8200,56,C0,8,4,0,30,20,True,3D,3A,SDC
8201,56,C0,8,4,1,30,30,False,3D,3D,Not activated
8202,56,C0,8,5,0,30,10,True,3D,3A,SDC
8203,56,C0,8,5,1,30,30,False,3D,3D,Not activated
8204,56,C0,8,6,0,30,30,False,3D,3D,Not activated
8205,56,C0,8,6,1,30,70,True,3D,70,SDC
8206,56,C0,8,7,0,30,30,False,3D,3D,Not activated
8207,56,C0,8,7,1,30,B0,True,3D,33,SDC
8208,57,A0,0,0,0,A7,A6,True,B8,B8,Masked
8209,57,A0,0,0,1,A7,A7,False,B8,B8,Not activated
8210,57,A0,0,1,0,A7,A5,True,B8,B8,Masked
8211,57,A0,0,1,1,A7,A7,False,B8,B8,Not activated
8212,57,A0,0,2,0,A7,A3,True,B8,B8,Masked
8213,57,A0,0,2,1,A7,A7,False,B8,B8,Not activated
8214,57,A0,0,3,0,A7,A7,False,B8,B8,Not activated
8215,57,A0,0,3,1,A7,AF,True,B8,B6,SDC
8216,57,A0,0,4,0,A7,A7,False,B8,B8,Not activated
8217,57,A0,0,4,1,A7,B7,True,B8,AF,SDC
8218,57,A0,0,5,0,A7,87,True,B8,BA,SDC
8219,57,A0,0,5,1,A7,A7,False,B8,B8,Not activated
8220,57,A0,0,6,0,A7,A7,False,B8,B8,Not activated
8221,57,A0,0,6,1,A7,E7,True,B8,64,SDC
8222,57,A0,0,7,0,A7,27,True,B8,BC,SDC
8223,57,A0,0,7,1,A7,A7,False,B8,B8,Not activated
8224,57,A1,1,0,0,30,30,False,B8,B8,Not activated
8225,57,A1,1,0,1,30,31,True,B8,B8,Masked
8226,57,A1,1,1,0,30,30,False,B8,B8,Not activated
8227,57,A1,1,1,1,30,32,True,B8,B9,SDC
8228,57,A1,1,2,0,30,30,False,B8,B8,Not activated
8229,57,A1,1,2,1,30,34,True,B8,BA,SDC
8230,57,A1,1,3,0,30,30,False,B8,B8,Not activated
8231,57,A1,1,3,1,30,38,True,B8,BC,SDC
8232,57,A1,1,4,0,30,20,True,B8,B3,SDC
8233,57,A1,1,4,1,30,30,False,B8,B8,Not activated
8234,57,A1,1,5,0,30,10,True,B8,B2,SDC
8235,57,A1,1,5,1,30,30,False,B8,B8,Not activated
8236,57,A1,1,6,0,30,30,False,B8,B8,Not activated
8237,57,A1,1,6,1,30,70,True,B8,EF,SDC
8238,57,A1,1,7,0,30,30,False,B8,B8,Not activated
8239,57,A1,1,7,1,30,B0,True,B8,9C,SDC
8240,57,A2,2,0,0,33,32,True,B8,B8,Masked
8241,57,A2,2,0,1,33,33,False,B8,B8,Not activated
8242,57,A2,2,1,0,33,31,True,B8,B8,Masked
8243,57,A2,2,1,1,33,33,False,B8,B8,Not activated
8244,57,A2,2,2,0,33,33,False,B8,B8,Not activated
8245,57,A2,2,2,1,33,37,True,B8,B8,Masked
8246,57,A2,2,3,0,33,33,False,B8,B8,Not activated
8247,57,A2,2,3,1,33,3B,True,B8,B8,Masked
8248,57,A2,2,4,0,33,23,True,B8,B9,SDC
8249,57,A2,2,4,1,33,33,False,B8,B8,Not activated
8250,57,A2,2,5,0,33,13,True,B8,B9,SDC
8251,57,A2,2,5,1,33,33,False,B8,B8,Not activated
8252,57,A2,2,6,0,33,33,False,B8,B8,Not activated
8253,57,A2,2,6,1,33,73,True,B8,54,SDC
8254,57,A2,2,7,0,33,33,False,B8,B8,Not activated
8255,57,A2,2,7,1,33,B3,True,B8,BA,SDC
8256,57,A3,3,0,0,B0,B0,False,B8,B8,Not activated
8257,57,A3,3,0,1,B0,B1,True,B8,B9,SDC
8258,57,A3,3,1,0,B0,B0,False,B8,B8,Not activated
8259,57,A3,3,1,1,B0,B2,True,B8,BA,SDC
8260,57,A3,3,2,0,B0,B0,False,B8,B8,Not activated
8261,57,A3,3,2,1,B0,B4,True,B8,BA,SDC
8262,57,A3,3,3,0,B0,B0,False,B8,B8,Not activated
8263,57,A3,3,3,1,B0,B8,True,B8,BC,SDC
8264,57,A3,3,4,0,B0,A0,True,B8,B3,SDC
8265,57,A3,3,4,1,B0,B0,False,B8,B8,Not activated
8266,57,A3,3,5,0,B0,90,True,B8,B2,SDC
8267,57,A3,3,5,1,B0,B0,False,B8,B8,Not activated
8268,57,A3,3,6,0,B0,B0,False,B8,B8,Not activated
8269,57,A3,3,6,1,B0,F0,True,B8,F0,SDC
8270,57,A3,3,7,0,B0,30,True,B8,98,SDC
8271,57,A3,3,7,1,B0,B0,False,B8,B8,Not activated
8272,57,B0,4,0,0,B5,B4,True,B8,B8,Masked
8273,57,B0,4,0,1,B5,B5,False,B8,B8,Not activated
8274,57,B0,4,1,0,B5,B5,False,B8,B8,Not activated
8275,57,B0,4,1,1,B5,B7,True,B8,B8,Masked
8276,57,B0,4,2,0,B5,B1,True,B8,B8,Masked
8277,57,B0,4,2,1,B5,B5,False,B8,B8,Not activated
8278,57,B0,4,3,0,B5,B5,False,B8,B8,Not activated
8279,57,B0,4,3,1,B5,BD,True,B8,B6,SDC
8280,57,B0,4,4,0,B5,A5,True,B8,BA,SDC
8281,57,B0,4,4,1,B5,B5,False,B8,B8,Not activated
8282,57,B0,4,5,0,B5,95,True,B8,BA,SDC
8283,57,B0,4,5,1,B5,B5,False,B8,B8,Not activated
8284,57,B0,4,6,0,B5,B5,False,B8,B8,Not activated
8285,57,B0,4,6,1,B5,F5,True,B8,64,SDC
8286,57,B0,4,7,0,B5,35,True,B8,BC,SDC
8287,57,B0,4,7,1,B5,B5,False,B8,B8,Not activated
8288,57,B1,5,0,0,B7,B6,True,B8,B8,Masked
8289,57,B1,5,0,1,B7,B7,False,B8,B8,Not activated
8290,57,B1,5,1,0,B7,B5,True,B8,B7,SDC
8291,57,B1,5,1,1,B7,B7,False,B8,B8,Not activated
8292,57,B1,5,2,0,B7,B3,True,B8,B6,SDC
8293,57,B1,5,2,1,B7,B7,False,B8,B8,Not activated
8294,57,B1,5,3,0,B7,B7,False,B8,B8,Not activated
8295,57,B1,5,3,1,B7,BF,True,B8,BC,SDC
8296,57,B1,5,4,0,B7,A7,True,B8,B3,SDC
8297,57,B1,5,4,1,B7,B7,False,B8,B8,Not activated
8298,57,B1,5,5,0,B7,97,True,B8,B2,SDC
8299,57,B1,5,5,1,B7,B7,False,B8,B8,Not activated
8300,57,B1,5,6,0,B7,B7,False,B8,B8,Not activated
8301,57,B1,5,6,1,B7,F7,True,B8,EF,SDC
8302,57,B1,5,7,0,B7,37,True,B8,9C,SDC
8303,57,B1,5,7,1,B7,B7,False,B8,B8,Not activated
8304,57,B2,6,0,0,1A,1A,False,B8,B8,Not activated
8305,57,B2,6,0,1,1A,1B,True,B8,B8,Masked
8306,57,B2,6,1,0,1A,18,True,B8,B8,Masked
8307,57,B2,6,1,1,1A,1A,False,B8,B8,Not activated
8308,57,B2,6,2,0,1A,1A,False,B8,B8,Not activated
8309,57,B2,6,2,1,1A,1E,True,B8,B8,Masked
8310,57,B2,6,3,0,1A,12,True,B8,B9,SDC
8311,57,B2,6,3,1,1A,1A,False,B8,B8,Not activated
8312,57,B2,6,4,0,1A,0A,True,B8,B9,SDC
8313,57,B2,6,4,1,1A,1A,False,B8,B8,Not activated
8314,57,B2,6,5,0,1A,1A,False,B8,B8,Not activated
8315,57,B2,6,5,1,1A,3A,True,B8,A8,SDC
8316,57,B2,6,6,0,1A,1A,False,B8,B8,Not activated
8317,57,B2,6,6,1,1A,5A,True,B8,54,SDC
8318,57,B2,6,7,0,1A,1A,False,B8,B8,Not activated
8319,57,B2,6,7,1,1A,9A,True,B8,BA,SDC
8320,57,B3,7,0,0,38,38,False,B8,B8,Not activated
8321,57,B3,7,0,1,38,39,True,B8,B9,SDC
8322,57,B3,7,1,0,38,38,False,B8,B8,Not activated
8323,57,B3,7,1,1,38,3A,True,B8,BA,SDC
8324,57,B3,7,2,0,38,38,False,B8,B8,Not activated
8325,57,B3,7,2,1,38,3C,True,B8,BA,SDC
8326,57,B3,7,3,0,38,30,True,B8,B5,SDC
8327,57,B3,7,3,1,38,38,False,B8,B8,Not activated
8328,57,B3,7,4,0,38,28,True,B8,B3,SDC
8329,57,B3,7,4,1,38,38,False,B8,B8,Not activated
8330,57,B3,7,5,0,38,18,True,B8,B2,SDC
8331,57,B3,7,5,1,38,38,False,B8,B8,Not activated
8332,57,B3,7,6,0,38,38,False,B8,B8,Not activated
8333,57,B3,7,6,1,38,78,True,B8,F8,SDC
8334,57,B3,7,7,0,38,38,False,B8,B8,Not activated
8335,57,B3,7,7,1,38,B8,True,B8,98,SDC
8336,57,C0,8,0,0,AA,AA,False,B8,B8,Not activated
8337,57,C0,8,0,1,AA,AB,True,B8,B8,Masked
8338,57,C0,8,1,0,AA,A8,True,B8,B7,SDC
8339,57,C0,8,1,1,AA,AA,False,B8,B8,Not activated
8340,57,C0,8,2,0,AA,AA,False,B8,B8,Not activated
8341,57,C0,8,2,1,AA,AE,True,B8,BA,SDC
8342,57,C0,8,3,0,AA,A2,True,B8,B6,SDC
8343,57,C0,8,3,1,AA,AA,False,B8,B8,Not activated
8344,57,C0,8,4,0,AA,AA,False,B8,B8,Not activated
8345,57,C0,8,4,1,AA,BA,True,B8,C0,SDC
8346,57,C0,8,5,0,AA,8A,True,B8,B4,SDC
8347,57,C0,8,5,1,AA,AA,False,B8,B8,Not activated
8348,57,C0,8,6,0,AA,AA,False,B8,B8,Not activated
8349,57,C0,8,6,1,AA,EA,True,B8,EA,SDC
8350,57,C0,8,7,0,AA,2A,True,B8,AD,SDC
8351,57,C0,8,7,1,AA,AA,False,B8,B8,Not activated
8352,58,A0,0,0,0,2A,2A,False,BC,BC,Not activated
8353,58,A0,0,0,1,2A,2B,True,BC,BC,Masked
8354,58,A0,0,1,0,2A,28,True,BC,BC,Masked
8355,58,A0,0,1,1,2A,2A,False,BC,BC,Not activated
8356,58,A0,0,2,0,2A,2A,False,BC,BC,Not activated
8357,58,A0,0,2,1,2A,2E,True,BC,BB,SDC
8358,58,A0,0,3,0,2A,22,True,BC,BD,SDC
8359,58,A0,0,3,1,2A,2A,False,BC,BC,Not activated
8360,58,A0,0,4,0,2A,2A,False,BC,BC,Not activated
8361,58,A0,0,4,1,2A,3A,True,BC,B2,SDC
8362,58,A0,0,5,0,2A,0A,True,BC,BE,SDC
8363,58,A0,0,5,1,2A,2A,False,BC,BC,Not activated
8364,58,A0,0,6,0,2A,2A,False,BC,BC,Not activated
8365,58,A0,0,6,1,2A,6A,True,BC,69,SDC
8366,58,A0,0,7,0,2A,2A,False,BC,BC,Not activated
8367,58,A0,0,7,1,2A,AA,True,BC,C0,SDC
8368,58,A1,1,0,0,31,30,True,BC,BB,SDC
8369,58,A1,1,0,1,31,31,False,BC,BC,Not activated
8370,58,A1,1,1,0,31,31,False,BC,BC,Not activated
8371,58,A1,1,1,1,31,33,True,BC,BC,Masked
8372,58,A1,1,2,0,31,31,False,BC,BC,Not activated
8373,58,A1,1,2,1,31,35,True,BC,BD,SDC
8374,58,A1,1,3,0,31,31,False,BC,BC,Not activated
8375,58,A1,1,3,1,31,39,True,BC,BE,SDC
8376,58,A1,1,4,0,31,21,True,BC,BA,SDC
8377,58,A1,1,4,1,31,31,False,BC,BC,Not activated
8378,58,A1,1,5,0,31,11,True,BC,B9,SDC
8379,58,A1,1,5,1,31,31,False,BC,BC,Not activated
8380,58,A1,1,6,0,31,31,False,BC,BC,Not activated
8381,58,A1,1,6,1,31,71,True,BC,EB,SDC
8382,58,A1,1,7,0,31,31,False,BC,BC,Not activated
8383,58,A1,1,7,1,31,B1,True,BC,B4,SDC
8384,58,A2,2,0,0,2A,2A,False,BC,BC,Not activated
8385,58,A2,2,0,1,2A,2B,True,BC,BC,Masked
8386,58,A2,2,1,0,2A,28,True,BC,BB,SDC
8387,58,A2,2,1,1,2A,2A,False,BC,BC,Not activated
8388,58,A2,2,2,0,2A,2A,False,BC,BC,Not activated
8389,58,A2,2,2,1,2A,2E,True,BC,BD,SDC
8390,58,A2,2,3,0,2A,22,True,BC,BA,SDC
8391,58,A2,2,3,1,2A,2A,False,BC,BC,Not activated
8392,58,A2,2,4,0,2A,2A,False,BC,BC,Not activated
8393,58,A2,2,4,1,2A,3A,True,BC,C1,SDC
8394,58,A2,2,5,0,2A,0A,True,BC,B9,SDC
8395,58,A2,2,5,1,2A,2A,False,BC,BC,Not activated
8396,58,A2,2,6,0,2A,2A,False,BC,BC,Not activated
8397,58,A2,2,6,1,2A,6A,True,BC,E9,SDC
8398,58,A2,2,7,0,2A,2A,False,BC,BC,Not activated
8399,58,A2,2,7,1,2A,AA,True,BC,B6,SDC
8400,58,A3,3,0,0,30,30,False,BC,BC,Not activated
8401,58,A3,3,0,1,30,31,True,BC,BC,Masked
8402,58,A3,3,1,0,30,30,False,BC,BC,Not activated
8403,58,A3,3,1,1,30,32,True,BC,BC,Masked
8404,58,A3,3,2,0,30,30,False,BC,BC,Not activated
8405,58,A3,3,2,1,30,34,True,BC,BD,SDC
8406,58,A3,3,3,0,30,30,False,BC,BC,Not activated
8407,58,A3,3,3,1,30,38,True,BC,BE,SDC
8408,58,A3,3,4,0,30,20,True,BC,BA,SDC
8409,58,A3,3,4,1,30,30,False,BC,BC,Not activated
8410,58,A3,3,5,0,30,10,True,BC,B9,SDC
8411,58,A3,3,5,1,30,30,False,BC,BC,Not activated
8412,58,A3,3,6,0,30,30,False,BC,BC,Not activated
8413,58,A3,3,6,1,30,70,True,BC,EB,SDC
8414,58,A3,3,7,0,30,30,False,BC,BC,Not activated
8415,58,A3,3,7,1,30,B0,True,BC,B4,SDC
8416,58,B0,4,0,0,36,36,False,BC,BC,Not activated
8417,58,B0,4,0,1,36,37,True,BC,BC,Masked
8418,58,B0,4,1,0,36,34,True,BC,BC,Masked
8419,58,B0,4,1,1,36,36,False,BC,BC,Not activated
8420,58,B0,4,2,0,36,32,True,BC,BD,SDC
8421,58,B0,4,2,1,36,36,False,BC,BC,Not activated
8422,58,B0,4,3,0,36,36,False,BC,BC,Not activated
8423,58,B0,4,3,1,36,3E,True,BC,BA,SDC
8424,58,B0,4,4,0,36,26,True,BC,BD,SDC
8425,58,B0,4,4,1,36,36,False,BC,BC,Not activated
8426,58,B0,4,5,0,36,16,True,BC,BE,SDC
8427,58,B0,4,5,1,36,36,False,BC,BC,Not activated
8428,58,B0,4,6,0,36,36,False,BC,BC,Not activated
8429,58,B0,4,6,1,36,76,True,BC,69,SDC
8430,58,B0,4,7,0,36,36,False,BC,BC,Not activated
8431,58,B0,4,7,1,36,B6,True,BC,C0,SDC
8432,58,B1,5,0,0,B2,B2,False,BC,BC,Not activated
8433,58,B1,5,0,1,B2,B3,True,BC,BC,Masked
8434,58,B1,5,1,0,B2,B0,True,BC,BB,SDC
8435,58,B1,5,1,1,B2,B2,False,BC,BC,Not activated
8436,58,B1,5,2,0,B2,B2,False,BC,BC,Not activated
8437,58,B1,5,2,1,B2,B6,True,BC,BD,SDC
8438,58,B1,5,3,0,B2,B2,False,BC,BC,Not activated
8439,58,B1,5,3,1,B2,BA,True,BC,BE,SDC
8440,58,B1,5,4,0,B2,A2,True,BC,BA,SDC
8441,58,B1,5,4,1,B2,B2,False,BC,BC,Not activated
8442,58,B1,5,5,0,B2,92,True,BC,B9,SDC
8443,58,B1,5,5,1,B2,B2,False,BC,BC,Not activated
8444,58,B1,5,6,0,B2,B2,False,BC,BC,Not activated
8445,58,B1,5,6,1,B2,F2,True,BC,EB,SDC
8446,58,B1,5,7,0,B2,32,True,BC,B4,SDC
8447,58,B1,5,7,1,B2,B2,False,BC,BC,Not activated
8448,58,B2,6,0,0,B7,B6,True,BC,BC,Masked
8449,58,B2,6,0,1,B7,B7,False,BC,BC,Not activated
8450,58,B2,6,1,0,B7,B5,True,BC,BC,Masked
8451,58,B2,6,1,1,B7,B7,False,BC,BC,Not activated
8452,58,B2,6,2,0,B7,B3,True,BC,BB,SDC
8453,58,B2,6,2,1,B7,B7,False,BC,BC,Not activated
8454,58,B2,6,3,0,B7,B7,False,BC,BC,Not activated
8455,58,B2,6,3,1,B7,BF,True,BC,BE,SDC
8456,58,B2,6,4,0,B7,A7,True,BC,BA,SDC
8457,58,B2,6,4,1,B7,B7,False,BC,BC,Not activated
8458,58,B2,6,5,0,B7,97,True,BC,B9,SDC
8459,58,B2,6,5,1,B7,B7,False,BC,BC,Not activated
8460,58,B2,6,6,0,B7,B7,False,BC,BC,Not activated
8461,58,B2,6,6,1,B7,F7,True,BC,E9,SDC
8462,58,B2,6,7,0,B7,37,True,BC,B6,SDC
8463,58,B2,6,7,1,B7,B7,False,BC,BC,Not activated
8464,58,B3,7,0,0,B3,B2,True,BC,BC,Masked
8465,58,B3,7,0,1,B3,B3,False,BC,BC,Not activated
8466,58,B3,7,1,0,B3,B1,True,BC,BB,SDC
8467,58,B3,7,1,1,B3,B3,False,BC,BC,Not activated
8468,58,B3,7,2,0,B3,B3,False,BC,BC,Not activated
8469,58,B3,7,2,1,B3,B7,True,BC,BD,SDC
8470,58,B3,7,3,0,B3,B3,False,BC,BC,Not activated
8471,58,B3,7,3,1,B3,BB,True,BC,BE,SDC
8472,58,B3,7,4,0,B3,A3,True,BC,BA,SDC
8473,58,B3,7,4,1,B3,B3,False,BC,BC,Not activated
8474,58,B3,7,5,0,B3,93,True,BC,B9,SDC
8475,58,B3,7,5,1,B3,B3,False,BC,BC,Not activated
8476,58,B3,7,6,0,B3,B3,False,BC,BC,Not activated
8477,58,B3,7,6,1,B3,F3,True,BC,EB,SDC
8478,58,B3,7,7,0,B3,33,True,BC,B4,SDC
8479,58,B3,7,7,1,B3,B3,False,BC,BC,Not activated
8480,58,C0,8,0,0,B4,B4,False,BC,BC,Not activated
8481,58,C0,8,0,1,B4,B5,True,BC,BD,SDC
8482,58,C0,8,1,0,B4,B4,False,BC,BC,Not activated
8483,58,C0,8,1,1,B4,B6,True,BC,BD,SDC
8484,58,C0,8,2,0,B4,B0,True,BC,BA,SDC
8485,58,C0,8,2,1,B4,B4,False,BC,BC,Not activated
8486,58,C0,8,3,0,B4,B4,False,BC,BC,Not activated
8487,58,C0,8,3,1,B4,BC,True,BC,C1,SDC
8488,58,C0,8,4,0,B4,A4,True,BC,B6,SDC
8489,58,C0,8,4,1,B4,B4,False,BC,BC,Not activated
8490,58,C0,8,5,0,B4,94,True,BC,B4,SDC
8491,58,C0,8,5,1,B4,B4,False,BC,BC,Not activated
8492,58,C0,8,6,0,B4,B4,False,BC,BC,Not activated
8493,58,C0,8,6,1,B4,F4,True,BC,F4,SDC
8494,58,C0,8,7,0,B4,34,True,BC,00,SDC
8495,58,C0,8,7,1,B4,B4,False,BC,BC,Not activated
8496,59,A0,0,0,0,2B,2A,True,B1,B1,Masked
8497,59,A0,0,0,1,2B,2B,False,B1,B1,Not activated
8498,59,A0,0,1,0,2B,29,True,B1,B1,Masked
8499,59,A0,0,1,1,2B,2B,False,B1,B1,Not activated
8500,59,A0,0,2,0,2B,2B,False,B1,B1,Not activated
8501,59,A0,0,2,1,2B,2F,True,B1,B0,SDC
8502,59,A0,0,3,0,2B,23,True,B1,B2,SDC
8503,59,A0,0,3,1,2B,2B,False,B1,B1,Not activated
8504,59,A0,0,4,0,2B,2B,False,B1,B1,Not activated
8505,59,A0,0,4,1,2B,3B,True,B1,08,SDC
8506,59,A0,0,5,0,2B,0B,True,B1,B4,SDC
8507,59,A0,0,5,1,2B,2B,False,B1,B1,Not activated
8508,59,A0,0,6,0,2B,2B,False,B1,B1,Not activated
8509,59,A0,0,6,1,2B,6B,True,B1,64,SDC
8510,59,A0,0,7,0,2B,2B,False,B1,B1,Not activated
8511,59,A0,0,7,1,2B,AB,True,B1,B7,SDC
8512,59,A1,1,0,0,20,20,False,B1,B1,Not activated
8513,59,A1,1,0,1,20,21,True,B1,B2,SDC
8514,59,A1,1,1,0,20,20,False,B1,B1,Not activated
8515,59,A1,1,1,1,20,22,True,B1,B2,SDC
8516,59,A1,1,2,0,20,20,False,B1,B1,Not activated
8517,59,A1,1,2,1,20,24,True,B1,B2,SDC
8518,59,A1,1,3,0,20,20,False,B1,B1,Not activated
8519,59,A1,1,3,1,20,28,True,B1,B3,SDC
8520,59,A1,1,4,0,20,20,False,B1,B1,Not activated
8521,59,A1,1,4,1,20,30,True,B1,B5,SDC
8522,59,A1,1,5,0,20,00,True,B1,B0,SDC
8523,59,A1,1,5,1,20,20,False,B1,B1,Not activated
8524,59,A1,1,6,0,20,20,False,B1,B1,Not activated
8525,59,A1,1,6,1,20,60,True,B1,DB,SDC
8526,59,A1,1,7,0,20,20,False,B1,B1,Not activated
8527,59,A1,1,7,1,20,A0,True,B1,AC,SDC
8528,59,A2,2,0,0,B1,B0,True,B1,B1,Masked
8529,59,A2,2,0,1,B1,B1,False,B1,B1,Not activated
8530,59,A2,2,1,0,B1,B1,False,B1,B1,Not activated
8531,59,A2,2,1,1,B1,B3,True,B1,B1,Masked
8532,59,A2,2,2,0,B1,B1,False,B1,B1,Not activated
8533,59,A2,2,2,1,B1,B5,True,B1,B2,SDC
8534,59,A2,2,3,0,B1,B1,False,B1,B1,Not activated
8535,59,A2,2,3,1,B1,B9,True,B1,B3,SDC
8536,59,A2,2,4,0,B1,A1,True,B1,AE,SDC
8537,59,A2,2,4,1,B1,B1,False,B1,B1,Not activated
8538,59,A2,2,5,0,B1,91,True,B1,AE,SDC
8539,59,A2,2,5,1,B1,B1,False,B1,B1,Not activated
8540,59,A2,2,6,0,B1,B1,False,B1,B1,Not activated
8541,59,A2,2,6,1,B1,F1,True,B1,E0,SDC
8542,59,A2,2,7,0,B1,31,True,B1,AA,SDC
8543,59,A2,2,7,1,B1,B1,False,B1,B1,Not activated
8544,59,A3,3,0,0,2D,2C,True,B1,B1,Masked
8545,59,A3,3,0,1,2D,2D,False,B1,B1,Not activated
8546,59,A3,3,1,0,2D,2D,False,B1,B1,Not activated
8547,59,A3,3,1,1,2D,2F,True,B1,B0,SDC
8548,59,A3,3,2,0,2D,29,True,B1,B2,SDC
8549,59,A3,3,2,1,2D,2D,False,B1,B1,Not activated
8550,59,A3,3,3,0,2D,25,True,B1,B2,SDC
8551,59,A3,3,3,1,2D,2D,False,B1,B1,Not activated
8552,59,A3,3,4,0,2D,2D,False,B1,B1,Not activated
8553,59,A3,3,4,1,2D,3D,True,B1,18,SDC
8554,59,A3,3,5,0,2D,0D,True,B1,B4,SDC
8555,59,A3,3,5,1,2D,2D,False,B1,B1,Not activated
8556,59,A3,3,6,0,2D,2D,False,B1,B1,Not activated
8557,59,A3,3,6,1,2D,6D,True,B1,65,SDC
8558,59,A3,3,7,0,2D,2D,False,B1,B1,Not activated
8559,59,A3,3,7,1,2D,AD,True,B1,B7,SDC
8560,59,B0,4,0,0,31,30,True,B1,B1,Masked
8561,59,B0,4,0,1,31,31,False,B1,B1,Not activated
8562,59,B0,4,1,0,31,31,False,B1,B1,Not activated
8563,59,B0,4,1,1,31,33,True,B1,B0,SDC
8564,59,B0,4,2,0,31,31,False,B1,B1,Not activated
8565,59,B0,4,2,1,31,35,True,B1,B0,SDC
8566,59,B0,4,3,0,31,31,False,B1,B1,Not activated
8567,59,B0,4,3,1,31,39,True,B1,AC,SDC
8568,59,B0,4,4,0,31,21,True,B1,B3,SDC
8569,59,B0,4,4,1,31,31,False,B1,B1,Not activated
8570,59,B0,4,5,0,31,11,True,B1,B4,SDC
8571,59,B0,4,5,1,31,31,False,B1,B1,Not activated
8572,59,B0,4,6,0,31,31,False,B1,B1,Not activated
8573,59,B0,4,6,1,31,71,True,B1,64,SDC
8574,59,B0,4,7,0,31,31,False,B1,B1,Not activated
8575,59,B0,4,7,1,31,B1,True,B1,B7,SDC
8576,59,B1,5,0,0,B3,B2,True,B1,B1,Masked
8577,59,B1,5,0,1,B3,B3,False,B1,B1,Not activated
8578,59,B1,5,1,0,B3,B1,True,B1,B1,Masked
8579,59,B1,5,1,1,B3,B3,False,B1,B1,Not activated
8580,59,B1,5,2,0,B3,B3,False,B1,B1,Not activated
8581,59,B1,5,2,1,B3,B7,True,B1,B2,SDC
8582,59,B1,5,3,0,B3,B3,False,B1,B1,Not activated
8583,59,B1,5,3,1,B3,BB,True,B1,B3,SDC
8584,59,B1,5,4,0,B3,A3,True,B1,B0,SDC
8585,59,B1,5,4,1,B3,B3,False,B1,B1,Not activated
8586,59,B1,5,5,0,B3,93,True,B1,B0,SDC
8587,59,B1,5,5,1,B3,B3,False,B1,B1,Not activated
8588,59,B1,5,6,0,B3,B3,False,B1,B1,Not activated
8589,59,B1,5,6,1,B3,F3,True,B1,DB,SDC
8590,59,B1,5,7,0,B3,33,True,B1,AC,SDC
8591,59,B1,5,7,1,B3,B3,False,B1,B1,Not activated
8592,59,B2,6,0,0,26,26,False,B1,B1,Not activated
8593,59,B2,6,0,1,26,27,True,B1,B1,Masked
8594,59,B2,6,1,0,26,24,True,B1,B1,Masked
8595,59,B2,6,1,1,26,26,False,B1,B1,Not activated
8596,59,B2,6,2,0,26,22,True,B1,B0,SDC
8597,59,B2,6,2,1,26,26,False,B1,B1,Not activated
8598,59,B2,6,3,0,26,26,False,B1,B1,Not activated
8599,59,B2,6,3,1,26,2E,True,B1,B3,SDC
8600,59,B2,6,4,0,26,26,False,B1,B1,Not activated
8601,59,B2,6,4,1,26,36,True,B1,B7,SDC
8602,59,B2,6,5,0,26,06,True,B1,AE,SDC
8603,59,B2,6,5,1,26,26,False,B1,B1,Not activated
8604,59,B2,6,6,0,26,26,False,B1,B1,Not activated
8605,59,B2,6,6,1,26,66,True,B1,E0,SDC
8606,59,B2,6,7,0,26,26,False,B1,B1,Not activated
8607,59,B2,6,7,1,26,A6,True,B1,AA,SDC
8608,59,B3,7,0,0,30,30,False,B1,B1,Not activated
8609,59,B3,7,0,1,30,31,True,B1,B0,SDC
8610,59,B3,7,1,0,30,30,False,B1,B1,Not activated
8611,59,B3,7,1,1,30,32,True,B1,B0,SDC
8612,59,B3,7,2,0,30,30,False,B1,B1,Not activated
8613,59,B3,7,2,1,30,34,True,B1,AE,SDC
8614,59,B3,7,3,0,30,30,False,B1,B1,Not activated
8615,59,B3,7,3,1,30,38,True,B1,AB,SDC
8616,59,B3,7,4,0,30,20,True,B1,B3,SDC
8617,59,B3,7,4,1,30,30,False,B1,B1,Not activated
8618,59,B3,7,5,0,30,10,True,B1,B4,SDC
8619,59,B3,7,5,1,30,30,False,B1,B1,Not activated
8620,59,B3,7,6,0,30,30,False,B1,B1,Not activated
8621,59,B3,7,6,1,30,70,True,B1,65,SDC
8622,59,B3,7,7,0,30,30,False,B1,B1,Not activated
8623,59,B3,7,7,1,30,B0,True,B1,B7,SDC
8624,59,C0,8,0,0,B4,B4,False,B1,B1,Not activated
8625,59,C0,8,0,1,B4,B5,True,B1,B2,SDC
8626,59,C0,8,1,0,B4,B4,False,B1,B1,Not activated
8627,59,C0,8,1,1,B4,B6,True,B1,B3,SDC
8628,59,C0,8,2,0,B4,B0,True,B1,AA,SDC
8629,59,C0,8,2,1,B4,B4,False,B1,B1,Not activated
8630,59,C0,8,3,0,B4,B4,False,B1,B1,Not activated
8631,59,C0,8,3,1,B4,BC,True,B1,BA,SDC
8632,59,C0,8,4,0,B4,A4,True,B1,00,SDC
8633,59,C0,8,4,1,B4,B4,False,B1,B1,Not activated
8634,59,C0,8,5,0,B4,94,True,B1,20,SDC
8635,59,C0,8,5,1,B4,B4,False,B1,B1,Not activated
8636,59,C0,8,6,0,B4,B4,False,B1,B1,Not activated
8637,59,C0,8,6,1,B4,F4,True,B1,F4,SDC
8638,59,C0,8,7,0,B4,34,True,B1,37,SDC
8639,59,C0,8,7,1,B4,B4,False,B1,B1,Not activated
8640,60,A0,0,0,0,32,32,False,97,97,Not activated
8641,60,A0,0,0,1,32,33,True,97,97,Masked
8642,60,A0,0,1,0,32,30,True,97,86,SDC
8643,60,A0,0,1,1,32,32,False,97,97,Not activated
8644,60,A0,0,2,0,32,32,False,97,97,Not activated
8645,60,A0,0,2,1,32,36,True,97,A0,SDC
8646,60,A0,0,3,0,32,32,False,97,97,Not activated
8647,60,A0,0,3,1,32,3A,True,97,A9,SDC
8648,60,A0,0,4,0,32,22,True,97,1E,SDC
8649,60,A0,0,4,1,32,32,False,97,97,Not activated
8650,60,A0,0,5,0,32,12,True,97,23,SDC
8651,60,A0,0,5,1,32,32,False,97,97,Not activated
8652,60,A0,0,6,0,32,32,False,97,97,Not activated
8653,60,A0,0,6,1,32,72,True,97,E7,SDC
8654,60,A0,0,7,0,32,32,False,97,97,Not activated
8655,60,A0,0,7,1,32,B2,True,97,2E,SDC
8656,60,A1,1,0,0,37,36,True,97,97,Masked
8657,60,A1,1,0,1,37,37,False,97,97,Not activated
8658,60,A1,1,1,0,37,35,True,97,9C,SDC
8659,60,A1,1,1,1,37,37,False,97,97,Not activated
8660,60,A1,1,2,0,37,33,True,97,A0,SDC
8661,60,A1,1,2,1,37,37,False,97,97,Not activated
8662,60,A1,1,3,0,37,37,False,97,97,Not activated
8663,60,A1,1,3,1,37,3F,True,97,2A,SDC
8664,60,A1,1,4,0,37,27,True,97,A9,SDC
8665,60,A1,1,4,1,37,37,False,97,97,Not activated
8666,60,A1,1,5,0,37,17,True,97,AC,SDC
8667,60,A1,1,5,1,37,37,False,97,97,Not activated
8668,60,A1,1,6,0,37,37,False,97,97,Not activated
8669,60,A1,1,6,1,37,77,True,97,6A,SDC
8670,60,A1,1,7,0,37,37,False,97,97,Not activated
8671,60,A1,1,7,1,37,B7,True,97,B3,SDC
8672,60,A2,2,0,0,B5,B4,True,97,86,SDC
8673,60,A2,2,0,1,B5,B5,False,97,97,Not activated
8674,60,A2,2,1,0,B5,B5,False,97,97,Not activated
8675,60,A2,2,1,1,B5,B7,True,97,A4,SDC
8676,60,A2,2,2,0,B5,B1,True,97,22,SDC
8677,60,A2,2,2,1,B5,B5,False,97,97,Not activated
8678,60,A2,2,3,0,B5,B5,False,97,97,Not activated
8679,60,A2,2,3,1,B5,BD,True,97,B5,SDC
8680,60,A2,2,4,0,B5,A5,True,97,30,SDC
8681,60,A2,2,4,1,B5,B5,False,97,97,Not activated
8682,60,A2,2,5,0,B5,95,True,97,32,SDC
8683,60,A2,2,5,1,B5,B5,False,97,97,Not activated
8684,60,A2,2,6,0,B5,B5,False,97,97,Not activated
8685,60,A2,2,6,1,B5,F5,True,97,F4,SDC
8686,60,A2,2,7,0,B5,35,True,97,3C,SDC
8687,60,A2,2,7,1,B5,B5,False,97,97,Not activated
8688,60,A3,3,0,0,B7,B6,True,97,99,SDC
8689,60,A3,3,0,1,B7,B7,False,97,97,Not activated
8690,60,A3,3,1,0,B7,B5,True,97,9B,SDC
8691,60,A3,3,1,1,B7,B7,False,97,97,Not activated
8692,60,A3,3,2,0,B7,B3,True,97,9E,SDC
8693,60,A3,3,2,1,B7,B7,False,97,97,Not activated
8694,60,A3,3,3,0,B7,B7,False,97,97,Not activated
8695,60,A3,3,3,1,B7,BF,True,97,20,SDC
8696,60,A3,3,4,0,B7,A7,True,97,A5,SDC
8697,60,A3,3,4,1,B7,B7,False,97,97,Not activated
8698,60,A3,3,5,0,B7,97,True,97,A7,SDC
8699,60,A3,3,5,1,B7,B7,False,97,97,Not activated
8700,60,A3,3,6,0,B7,B7,False,97,97,Not activated
8701,60,A3,3,6,1,B7,F7,True,97,64,SDC
8702,60,A3,3,7,0,B7,37,True,97,AE,SDC
8703,60,A3,3,7,1,B7,B7,False,97,97,Not activated
8704,60,B0,4,0,0,AC,AC,False,97,97,Not activated
8705,60,B0,4,0,1,AC,AD,True,97,97,Masked
8706,60,B0,4,1,0,AC,AC,False,97,97,Not activated
8707,60,B0,4,1,1,AC,AE,True,97,9C,SDC
8708,60,B0,4,2,0,AC,A8,True,97,15,SDC
8709,60,B0,4,2,1,AC,AC,False,97,97,Not activated
8710,60,B0,4,3,0,AC,A4,True,97,15,SDC
8711,60,B0,4,3,1,AC,AC,False,97,97,Not activated
8712,60,B0,4,4,0,AC,AC,False,97,97,Not activated
8713,60,B0,4,4,1,AC,BC,True,97,B4,SDC
8714,60,B0,4,5,0,AC,8C,True,97,23,SDC
8715,60,B0,4,5,1,AC,AC,False,97,97,Not activated
8716,60,B0,4,6,0,AC,AC,False,97,97,Not activated
8717,60,B0,4,6,1,AC,EC,True,97,E7,SDC
8718,60,B0,4,7,0,AC,2C,True,97,2E,SDC
8719,60,B0,4,7,1,AC,AC,False,97,97,Not activated
8720,60,B1,5,0,0,2B,2A,True,97,97,Masked
8721,60,B1,5,0,1,2B,2B,False,97,97,Not activated
8722,60,B1,5,1,0,2B,29,True,97,9C,SDC
8723,60,B1,5,1,1,2B,2B,False,97,97,Not activated
8724,60,B1,5,2,0,2B,2B,False,97,97,Not activated
8725,60,B1,5,2,1,2B,2F,True,97,15,SDC
8726,60,B1,5,3,0,2B,23,True,97,A4,SDC
8727,60,B1,5,3,1,2B,2B,False,97,97,Not activated
8728,60,B1,5,4,0,2B,2B,False,97,97,Not activated
8729,60,B1,5,4,1,2B,3B,True,97,37,SDC
8730,60,B1,5,5,0,2B,0B,True,97,AC,SDC
8731,60,B1,5,5,1,2B,2B,False,97,97,Not activated
8732,60,B1,5,6,0,2B,2B,False,97,97,Not activated
8733,60,B1,5,6,1,2B,6B,True,97,6A,SDC
8734,60,B1,5,7,0,2B,2B,False,97,97,Not activated
8735,60,B1,5,7,1,2B,AB,True,97,B3,SDC
8736,60,B2,6,0,0,37,36,True,97,8E,SDC
8737,60,B2,6,0,1,37,37,False,97,97,Not activated
8738,60,B2,6,1,0,37,35,True,97,11,SDC
8739,60,B2,6,1,1,37,37,False,97,97,Not activated
8740,60,B2,6,2,0,37,33,True,97,20,SDC
8741,60,B2,6,2,1,37,37,False,97,97,Not activated
8742,60,B2,6,3,0,37,37,False,97,97,Not activated
8743,60,B2,6,3,1,37,3F,True,97,B5,SDC
8744,60,B2,6,4,0,37,27,True,97,30,SDC
8745,60,B2,6,4,1,37,37,False,97,97,Not activated
8746,60,B2,6,5,0,37,17,True,97,32,SDC
8747,60,B2,6,5,1,37,37,False,97,97,Not activated
8748,60,B2,6,6,0,37,37,False,97,97,Not activated
8749,60,B2,6,6,1,37,77,True,97,F4,SDC
8750,60,B2,6,7,0,37,37,False,97,97,Not activated
8751,60,B2,6,7,1,37,B7,True,97,3C,SDC
8752,60,B3,7,0,0,A5,A4,True,97,9A,SDC
8753,60,B3,7,0,1,A5,A5,False,97,97,Not activated
8754,60,B3,7,1,0,A5,A5,False,97,97,Not activated
8755,60,B3,7,1,1,A5,A7,True,97,90,SDC
8756,60,B3,7,2,0,A5,A1,True,97,9F,SDC
8757,60,B3,7,2,1,A5,A5,False,97,97,Not activated
8758,60,B3,7,3,0,A5,A5,False,97,97,Not activated
8759,60,B3,7,3,1,A5,AD,True,97,20,SDC
8760,60,B3,7,4,0,A5,A5,False,97,97,Not activated
8761,60,B3,7,4,1,A5,B5,True,97,30,SDC
8762,60,B3,7,5,0,A5,85,True,97,A7,SDC
8763,60,B3,7,5,1,A5,A5,False,97,97,Not activated
8764,60,B3,7,6,0,A5,A5,False,97,97,Not activated
8765,60,B3,7,6,1,A5,E5,True,97,64,SDC
8766,60,B3,7,7,0,A5,25,True,97,AE,SDC
8767,60,B3,7,7,1,A5,A5,False,97,97,Not activated
8768,60,C0,8,0,0,2E,2E,False,97,97,Not activated
8769,60,C0,8,0,1,2E,2F,True,97,86,SDC
8770,60,C0,8,1,0,2E,2C,True,97,9C,SDC
8771,60,C0,8,1,1,2E,2E,False,97,97,Not activated
8772,60,C0,8,2,0,2E,2A,True,97,A2,SDC
8773,60,C0,8,2,1,2E,2E,False,97,97,Not activated
8774,60,C0,8,3,0,2E,26,True,97,A8,SDC
8775,60,C0,8,3,1,2E,2E,False,97,97,Not activated
8776,60,C0,8,4,0,2E,2E,False,97,97,Not activated
8777,60,C0,8,4,1,2E,3E,True,97,3B,SDC
8778,60,C0,8,5,0,2E,0E,True,97,AE,SDC
8779,60,C0,8,5,1,2E,2E,False,97,97,Not activated
8780,60,C0,8,6,0,2E,2E,False,97,97,Not activated
8781,60,C0,8,6,1,2E,6E,True,97,6E,SDC
8782,60,C0,8,7,0,2E,2E,False,97,97,Not activated
8783,60,C0,8,7,1,2E,AE,True,97,B7,SDC
8784,61,A0,0,0,0,B6,B6,False,3B,3B,Not activated
8785,61,A0,0,0,1,B6,B7,True,3B,3B,Masked
8786,61,A0,0,1,0,B6,B4,True,3B,3B,Masked
8787,61,A0,0,1,1,B6,B6,False,3B,3B,Not activated
8788,61,A0,0,2,0,B6,B2,True,3B,3C,SDC
8789,61,A0,0,2,1,B6,B6,False,3B,3B,Not activated
8790,61,A0,0,3,0,B6,B6,False,3B,3B,Not activated
8791,61,A0,0,3,1,B6,BE,True,3B,36,SDC
8792,61,A0,0,4,0,B6,A6,True,3B,3E,SDC
8793,61,A0,0,4,1,B6,B6,False,3B,3B,Not activated
8794,61,A0,0,5,0,B6,96,True,3B,3F,SDC
8795,61,A0,0,5,1,B6,B6,False,3B,3B,Not activated
8796,61,A0,0,6,0,B6,B6,False,3B,3B,Not activated
8797,61,A0,0,6,1,B6,F6,True,3B,F0,SDC
8798,61,A0,0,7,0,B6,36,True,3B,41,SDC
8799,61,A0,0,7,1,B6,B6,False,3B,3B,Not activated
8800,61,A1,1,0,0,2C,2C,False,3B,3B,Not activated
8801,61,A1,1,0,1,2C,2D,True,3B,3B,Masked
8802,61,A1,1,1,0,2C,2C,False,3B,3B,Not activated
8803,61,A1,1,1,1,2C,2E,True,3B,3B,Masked
8804,61,A1,1,2,0,2C,28,True,3B,3A,SDC
8805,61,A1,1,2,1,2C,2C,False,3B,3B,Not activated
8806,61,A1,1,3,0,2C,24,True,3B,3A,SDC
8807,61,A1,1,3,1,2C,2C,False,3B,3B,Not activated
8808,61,A1,1,4,0,2C,2C,False,3B,3B,Not activated
8809,61,A1,1,4,1,2C,3C,True,3B,40,SDC
8810,61,A1,1,5,0,2C,0C,True,3B,39,SDC
8811,61,A1,1,5,1,2C,2C,False,3B,3B,Not activated
8812,61,A1,1,6,0,2C,2C,False,3B,3B,Not activated
8813,61,A1,1,6,1,2C,6C,True,3B,68,SDC
8814,61,A1,1,7,0,2C,2C,False,3B,3B,Not activated
8815,61,A1,1,7,1,2C,AC,True,3B,36,SDC
8816,61,A2,2,0,0,28,28,False,3B,3B,Not activated
8817,61,A2,2,0,1,28,29,True,3B,3B,Masked
8818,61,A2,2,1,0,28,28,False,3B,3B,Not activated
8819,61,A2,2,1,1,28,2A,True,3B,3B,Masked
8820,61,A2,2,2,0,28,28,False,3B,3B,Not activated
8821,61,A2,2,2,1,28,2C,True,3B,3B,Masked
8822,61,A2,2,3,0,28,20,True,3B,3A,SDC
8823,61,A2,2,3,1,28,28,False,3B,3B,Not activated
8824,61,A2,2,4,0,28,28,False,3B,3B,Not activated
8825,61,A2,2,4,1,28,38,True,3B,3C,SDC
8826,61,A2,2,5,0,28,08,True,3B,3A,SDC
8827,61,A2,2,5,1,28,28,False,3B,3B,Not activated
8828,61,A2,2,6,0,28,28,False,3B,3B,Not activated
8829,61,A2,2,6,1,28,68,True,3B,57,SDC
8830,61,A2,2,7,0,28,28,False,3B,3B,Not activated
8831,61,A2,2,7,1,28,A8,True,3B,3A,SDC
8832,61,A3,3,0,0,B5,B4,True,3B,3A,SDC
8833,61,A3,3,0,1,B5,B5,False,3B,3B,Not activated
8834,61,A3,3,1,0,B5,B5,False,3B,3B,Not activated
8835,61,A3,3,1,1,B5,B7,True,3B,3C,SDC
8836,61,A3,3,2,0,B5,B1,True,3B,39,SDC
8837,61,A3,3,2,1,B5,B5,False,3B,3B,Not activated
8838,61,A3,3,3,0,B5,B5,False,3B,3B,Not activated
8839,61,A3,3,3,1,B5,BD,True,3B,40,SDC
8840,61,A3,3,4,0,B5,A5,True,3B,36,SDC
8841,61,A3,3,4,1,B5,B5,False,3B,3B,Not activated
8842,61,A3,3,5,0,B5,95,True,3B,35,SDC
8843,61,A3,3,5,1,B5,B5,False,3B,3B,Not activated
8844,61,A3,3,6,0,B5,B5,False,3B,3B,Not activated
8845,61,A3,3,6,1,B5,F5,True,3B,72,SDC
8846,61,A3,3,7,0,B5,35,True,3B,21,SDC
8847,61,A3,3,7,1,B5,B5,False,3B,3B,Not activated
8848,61,B0,4,0,0,31,30,True,3B,3B,Masked
8849,61,B0,4,0,1,31,31,False,3B,3B,Not activated
8850,61,B0,4,1,0,31,31,False,3B,3B,Not activated
8851,61,B0,4,1,1,31,33,True,3B,3A,SDC
8852,61,B0,4,2,0,31,31,False,3B,3B,Not activated
8853,61,B0,4,2,1,31,35,True,3B,39,SDC
8854,61,B0,4,3,0,31,31,False,3B,3B,Not activated
8855,61,B0,4,3,1,31,39,True,3B,36,SDC
8856,61,B0,4,4,0,31,21,True,3B,3E,SDC
8857,61,B0,4,4,1,31,31,False,3B,3B,Not activated
8858,61,B0,4,5,0,31,11,True,3B,3F,SDC
8859,61,B0,4,5,1,31,31,False,3B,3B,Not activated
8860,61,B0,4,6,0,31,31,False,3B,3B,Not activated
8861,61,B0,4,6,1,31,71,True,3B,F0,SDC
8862,61,B0,4,7,0,31,31,False,3B,3B,Not activated
8863,61,B0,4,7,1,31,B1,True,3B,41,SDC
8864,61,B1,5,0,0,33,32,True,3B,3B,Masked
8865,61,B1,5,0,1,33,33,False,3B,3B,Not activated
8866,61,B1,5,1,0,33,31,True,3B,3A,SDC
8867,61,B1,5,1,1,33,33,False,3B,3B,Not activated
8868,61,B1,5,2,0,33,33,False,3B,3B,Not activated
8869,61,B1,5,2,1,33,37,True,3B,3C,SDC
8870,61,B1,5,3,0,33,33,False,3B,3B,Not activated
8871,61,B1,5,3,1,33,3B,True,3B,3D,SDC
8872,61,B1,5,4,0,33,23,True,3B,39,SDC
8873,61,B1,5,4,1,33,33,False,3B,3B,Not activated
8874,61,B1,5,5,0,33,13,True,3B,39,SDC
8875,61,B1,5,5,1,33,33,False,3B,3B,Not activated
8876,61,B1,5,6,0,33,33,False,3B,3B,Not activated
8877,61,B1,5,6,1,33,73,True,3B,68,SDC
8878,61,B1,5,7,0,33,33,False,3B,3B,Not activated
8879,61,B1,5,7,1,33,B3,True,3B,36,SDC
8880,61,B2,6,0,0,25,24,True,3B,3B,Masked
8881,61,B2,6,0,1,25,25,False,3B,3B,Not activated
8882,61,B2,6,1,0,25,25,False,3B,3B,Not activated
8883,61,B2,6,1,1,25,27,True,3B,3B,Masked
8884,61,B2,6,2,0,25,21,True,3B,3B,Masked
8885,61,B2,6,2,1,25,25,False,3B,3B,Not activated
8886,61,B2,6,3,0,25,25,False,3B,3B,Not activated
8887,61,B2,6,3,1,25,2D,True,3B,3B,Masked
8888,61,B2,6,4,0,25,25,False,3B,3B,Not activated
8889,61,B2,6,4,1,25,35,True,3B,3C,SDC
8890,61,B2,6,5,0,25,05,True,3B,3A,SDC
8891,61,B2,6,5,1,25,25,False,3B,3B,Not activated
8892,61,B2,6,6,0,25,25,False,3B,3B,Not activated
8893,61,B2,6,6,1,25,65,True,3B,57,SDC
8894,61,B2,6,7,0,25,25,False,3B,3B,Not activated
8895,61,B2,6,7,1,25,A5,True,3B,3A,SDC
8896,61,B3,7,0,0,B4,B4,False,3B,3B,Not activated
8897,61,B3,7,0,1,B4,B5,True,3B,3B,Masked
8898,61,B3,7,1,0,B4,B4,False,3B,3B,Not activated
8899,61,B3,7,1,1,B4,B6,True,3B,3C,SDC
8900,61,B3,7,2,0,B4,B0,True,3B,39,SDC
8901,61,B3,7,2,1,B4,B4,False,3B,3B,Not activated
8902,61,B3,7,3,0,B4,B4,False,3B,3B,Not activated
8903,61,B3,7,3,1,B4,BC,True,3B,40,SDC
8904,61,B3,7,4,0,B4,A4,True,3B,36,SDC
8905,61,B3,7,4,1,B4,B4,False,3B,3B,Not activated
8906,61,B3,7,5,0,B4,94,True,3B,35,SDC
8907,61,B3,7,5,1,B4,B4,False,3B,3B,Not activated
8908,61,B3,7,6,0,B4,B4,False,3B,3B,Not activated
8909,61,B3,7,6,1,B4,F4,True,3B,72,SDC
8910,61,B3,7,7,0,B4,34,True,3B,21,SDC
8911,61,B3,7,7,1,B4,B4,False,3B,3B,Not activated
8912,61,C0,8,0,0,37,36,True,3B,3A,SDC
8913,61,C0,8,0,1,37,37,False,3B,3B,Not activated
8914,61,C0,8,1,0,37,35,True,3B,3A,SDC
8915,61,C0,8,1,1,37,37,False,3B,3B,Not activated
8916,61,C0,8,2,0,37,33,True,3B,39,SDC
8917,61,C0,8,2,1,37,37,False,3B,3B,Not activated
8918,61,C0,8,3,0,37,37,False,3B,3B,Not activated
8919,61,C0,8,3,1,37,3F,True,3B,41,SDC
8920,61,C0,8,4,0,37,27,True,3B,33,SDC
8921,61,C0,8,4,1,37,37,False,3B,3B,Not activated
8922,61,C0,8,5,0,37,17,True,3B,2F,SDC
8923,61,C0,8,5,1,37,37,False,3B,3B,Not activated
8924,61,C0,8,6,0,37,37,False,3B,3B,Not activated
8925,61,C0,8,6,1,37,77,True,3B,77,SDC
8926,61,C0,8,7,0,37,37,False,3B,3B,Not activated
8927,61,C0,8,7,1,37,B7,True,3B,B0,SDC
8928,62,A0,0,0,0,31,30,True,B8,B8,Masked
8929,62,A0,0,0,1,31,31,False,B8,B8,Not activated
8930,62,A0,0,1,0,31,31,False,B8,B8,Not activated
8931,62,A0,0,1,1,31,33,True,B8,B8,Masked
8932,62,A0,0,2,0,31,31,False,B8,B8,Not activated
8933,62,A0,0,2,1,31,35,True,B8,B8,Masked
8934,62,A0,0,3,0,31,31,False,B8,B8,Not activated
8935,62,A0,0,3,1,31,39,True,B8,B8,Masked
8936,62,A0,0,4,0,31,21,True,B8,B8,Masked
8937,62,A0,0,4,1,31,31,False,B8,B8,Not activated
8938,62,A0,0,5,0,31,11,True,B8,B8,Masked
8939,62,A0,0,5,1,31,31,False,B8,B8,Not activated
8940,62,A0,0,6,0,31,31,False,B8,B8,Not activated
8941,62,A0,0,6,1,31,71,True,B8,34,SDC
8942,62,A0,0,7,0,31,31,False,B8,B8,Not activated
8943,62,A0,0,7,1,31,B1,True,B8,B8,Masked
8944,62,A1,1,0,0,AA,AA,False,B8,B8,Not activated
8945,62,A1,1,0,1,AA,AB,True,B8,B8,Masked
8946,62,A1,1,1,0,AA,A8,True,B8,B8,Masked
8947,62,A1,1,1,1,AA,AA,False,B8,B8,Not activated
8948,62,A1,1,2,0,AA,AA,False,B8,B8,Not activated
8949,62,A1,1,2,1,AA,AE,True,B8,B8,Masked
8950,62,A1,1,3,0,AA,A2,True,B8,B8,Masked
8951,62,A1,1,3,1,AA,AA,False,B8,B8,Not activated
8952,62,A1,1,4,0,AA,AA,False,B8,B8,Not activated
8953,62,A1,1,4,1,AA,BA,True,B8,B4,SDC
8954,62,A1,1,5,0,AA,8A,True,B8,B9,SDC
8955,62,A1,1,5,1,AA,AA,False,B8,B8,Not activated
8956,62,A1,1,6,0,AA,AA,False,B8,B8,Not activated
8957,62,A1,1,6,1,AA,EA,True,B8,5C,SDC
8958,62,A1,1,7,0,AA,2A,True,B8,B9,SDC
8959,62,A1,1,7,1,AA,AA,False,B8,B8,Not activated
8960,62,A2,2,0,0,A1,A0,True,B8,B6,SDC
8961,62,A2,2,0,1,A1,A1,False,B8,B8,Not activated
8962,62,A2,2,1,0,A1,A1,False,B8,B8,Not activated
8963,62,A2,2,1,1,A1,A3,True,B8,B8,Masked
8964,62,A2,2,2,0,A1,A1,False,B8,B8,Not activated
8965,62,A2,2,2,1,A1,A5,True,B8,B8,Masked
8966,62,A2,2,3,0,A1,A1,False,B8,B8,Not activated
8967,62,A2,2,3,1,A1,A9,True,B8,B8,Masked
8968,62,A2,2,4,0,A1,A1,False,B8,B8,Not activated
8969,62,A2,2,4,1,A1,B1,True,B8,BA,SDC
8970,62,A2,2,5,0,A1,81,True,B8,B6,SDC
8971,62,A2,2,5,1,A1,A1,False,B8,B8,Not activated
8972,62,A2,2,6,0,A1,A1,False,B8,B8,Not activated
8973,62,A2,2,6,1,A1,E1,True,B8,DD,SDC
8974,62,A2,2,7,0,A1,21,True,B8,B4,SDC
8975,62,A2,2,7,1,A1,A1,False,B8,B8,Not activated
8976,62,A3,3,0,0,A8,A8,False,B8,B8,Not activated
8977,62,A3,3,0,1,A8,A9,True,B8,B8,Masked
8978,62,A3,3,1,0,A8,A8,False,B8,B8,Not activated
8979,62,A3,3,1,1,A8,AA,True,B8,B8,Masked
8980,62,A3,3,2,0,A8,A8,False,B8,B8,Not activated
8981,62,A3,3,2,1,A8,AC,True,B8,B8,Masked
8982,62,A3,3,3,0,A8,A0,True,B8,B6,SDC
8983,62,A3,3,3,1,A8,A8,False,B8,B8,Not activated
8984,62,A3,3,4,0,A8,A8,False,B8,B8,Not activated
8985,62,A3,3,4,1,A8,B8,True,B8,BC,SDC
8986,62,A3,3,5,0,A8,88,True,B8,B5,SDC
8987,62,A3,3,5,1,A8,A8,False,B8,B8,Not activated
8988,62,A3,3,6,0,A8,A8,False,B8,B8,Not activated
8989,62,A3,3,6,1,A8,E8,True,B8,E2,SDC
8990,62,A3,3,7,0,A8,28,True,B8,B2,SDC
8991,62,A3,3,7,1,A8,A8,False,B8,B8,Not activated
8992,62,B0,4,0,0,06,06,False,B8,B8,Not activated
8993,62,B0,4,0,1,06,07,True,B8,B8,Masked
8994,62,B0,4,1,0,06,04,True,B8,B8,Masked
8995,62,B0,4,1,1,06,06,False,B8,B8,Not activated
8996,62,B0,4,2,0,06,02,True,B8,B8,Masked
8997,62,B0,4,2,1,06,06,False,B8,B8,Not activated
8998,62,B0,4,3,0,06,06,False,B8,B8,Not activated
8999,62,B0,4,3,1,06,0E,True,B8,B8,Masked
9000,62,B0,4,4,0,06,06,False,B8,B8,Not activated
9001,62,B0,4,4,1,06,16,True,B8,B8,Masked
9002,62,B0,4,5,0,06,06,False,B8,B8,Not activated
9003,62,B0,4,5,1,06,26,True,B8,B6,SDC
9004,62,B0,4,6,0,06,06,False,B8,B8,Not activated
9005,62,B0,4,6,1,06,46,True,B8,38,SDC
9006,62,B0,4,7,0,06,06,False,B8,B8,Not activated
9007,62,B0,4,7,1,06,86,True,B8,B8,Masked
9008,62,B1,5,0,0,AA,AA,False,B8,B8,Not activated
9009,62,B1,5,0,1,AA,AB,True,B8,B8,Masked
9010,62,B1,5,1,0,AA,A8,True,B8,B8,Masked
9011,62,B1,5,1,1,AA,AA,False,B8,B8,Not activated
9012,62,B1,5,2,0,AA,AA,False,B8,B8,Not activated
9013,62,B1,5,2,1,AA,AE,True,B8,B8,Masked
9014,62,B1,5,3,0,AA,A2,True,B8,B8,Masked
9015,62,B1,5,3,1,AA,AA,False,B8,B8,Not activated
9016,62,B1,5,4,0,AA,AA,False,B8,B8,Not activated
9017,62,B1,5,4,1,AA,BA,True,B8,B4,SDC
9018,62,B1,5,5,0,AA,8A,True,B8,B9,SDC
9019,62,B1,5,5,1,AA,AA,False,B8,B8,Not activated
9020,62,B1,5,6,0,AA,AA,False,B8,B8,Not activated
9021,62,B1,5,6,1,AA,EA,True,B8,5C,SDC
9022,62,B1,5,7,0,AA,2A,True,B8,B9,SDC
9023,62,B1,5,7,1,AA,AA,False,B8,B8,Not activated
9024,62,B2,6,0,0,33,32,True,B8,B6,SDC
9025,62,B2,6,0,1,33,33,False,B8,B8,Not activated
9026,62,B2,6,1,0,33,31,True,B8,B6,SDC
9027,62,B2,6,1,1,33,33,False,B8,B8,Not activated
9028,62,B2,6,2,0,33,33,False,B8,B8,Not activated
9029,62,B2,6,2,1,33,37,True,B8,B8,Masked
9030,62,B2,6,3,0,33,33,False,B8,B8,Not activated
9031,62,B2,6,3,1,33,3B,True,B8,B8,Masked
9032,62,B2,6,4,0,33,23,True,B8,B6,SDC
9033,62,B2,6,4,1,33,33,False,B8,B8,Not activated
9034,62,B2,6,5,0,33,13,True,B8,B6,SDC
9035,62,B2,6,5,1,33,33,False,B8,B8,Not activated
9036,62,B2,6,6,0,33,33,False,B8,B8,Not activated
9037,62,B2,6,6,1,33,73,True,B8,DD,SDC
9038,62,B2,6,7,0,33,33,False,B8,B8,Not activated
9039,62,B2,6,7,1,33,B3,True,B8,B4,SDC
9040,62,B3,7,0,0,32,32,False,B8,B8,Not activated
9041,62,B3,7,0,1,32,33,True,B8,B8,Masked
9042,62,B3,7,1,0,32,30,True,B8,B7,SDC
9043,62,B3,7,1,1,32,32,False,B8,B8,Not activated
9044,62,B3,7,2,0,32,32,False,B8,B8,Not activated
9045,62,B3,7,2,1,32,36,True,B8,B8,Masked
9046,62,B3,7,3,0,32,32,False,B8,B8,Not activated
9047,62,B3,7,3,1,32,3A,True,B8,B9,SDC
9048,62,B3,7,4,0,32,22,True,B8,B6,SDC
9049,62,B3,7,4,1,32,32,False,B8,B8,Not activated
9050,62,B3,7,5,0,32,12,True,B8,B5,SDC
9051,62,B3,7,5,1,32,32,False,B8,B8,Not activated
9052,62,B3,7,6,0,32,32,False,B8,B8,Not activated
9053,62,B3,7,6,1,32,72,True,B8,E2,SDC
9054,62,B3,7,7,0,32,32,False,B8,B8,Not activated
9055,62,B3,7,7,1,32,B2,True,B8,B2,SDC
9056,62,C0,8,0,0,B5,B4,True,B8,B6,SDC
9057,62,C0,8,0,1,B5,B5,False,B8,B8,Not activated
9058,62,C0,8,1,0,B5,B5,False,B8,B8,Not activated
9059,62,C0,8,1,1,B5,B7,True,B8,B9,SDC
9060,62,C0,8,2,0,B5,B1,True,B8,B4,SDC
9061,62,C0,8,2,1,B5,B5,False,B8,B8,Not activated
9062,62,C0,8,3,0,B5,B5,False,B8,B8,Not activated
9063,62,C0,8,3,1,B5,BD,True,B8,BE,SDC
9064,62,C0,8,4,0,B5,A5,True,B8,AC,SDC
9065,62,C0,8,4,1,B5,B5,False,B8,B8,Not activated
9066,62,C0,8,5,0,B5,95,True,B8,A5,SDC
9067,62,C0,8,5,1,B5,B5,False,B8,B8,Not activated
9068,62,C0,8,6,0,B5,B5,False,B8,B8,Not activated
9069,62,C0,8,6,1,B5,F5,True,B8,F5,SDC
9070,62,C0,8,7,0,B5,35,True,B8,32,SDC
9071,62,C0,8,7,1,B5,B5,False,B8,B8,Not activated
9072,63,A0,0,0,0,37,36,True,38,38,Masked
9073,63,A0,0,0,1,37,37,False,38,38,Not activated
9074,63,A0,0,1,0,37,35,True,38,38,Masked
9075,63,A0,0,1,1,37,37,False,38,38,Not activated
9076,63,A0,0,2,0,37,33,True,38,39,SDC
9077,63,A0,0,2,1,37,37,False,38,38,Not activated
9078,63,A0,0,3,0,37,37,False,38,38,Not activated
9079,63,A0,0,3,1,37,3F,True,38,37,SDC
9080,63,A0,0,4,0,37,27,True,38,39,SDC
9081,63,A0,0,4,1,37,37,False,38,38,Not activated
9082,63,A0,0,5,0,37,17,True,38,39,SDC
9083,63,A0,0,5,1,37,37,False,38,38,Not activated
9084,63,A0,0,6,0,37,37,False,38,38,Not activated
9085,63,A0,0,6,1,37,77,True,38,DF,SDC
9086,63,A0,0,7,0,37,37,False,38,38,Not activated
9087,63,A0,0,7,1,37,B7,True,38,3A,SDC
9088,63,A1,1,0,0,29,28,True,38,38,Masked
9089,63,A1,1,0,1,29,29,False,38,38,Not activated
9090,63,A1,1,1,0,29,29,False,38,38,Not activated
9091,63,A1,1,1,1,29,2B,True,38,39,SDC
9092,63,A1,1,2,0,29,29,False,38,38,Not activated
9093,63,A1,1,2,1,29,2D,True,38,39,SDC
9094,63,A1,1,3,0,29,21,True,38,38,Masked
9095,63,A1,1,3,1,29,29,False,38,38,Not activated
9096,63,A1,1,4,0,29,29,False,38,38,Not activated
9097,63,A1,1,4,1,29,39,True,38,3B,SDC
9098,63,A1,1,5,0,29,09,True,38,37,SDC
9099,63,A1,1,5,1,29,29,False,38,38,Not activated
9100,63,A1,1,6,0,29,29,False,38,38,Not activated
9101,63,A1,1,6,1,29,69,True,38,61,SDC
9102,63,A1,1,7,0,29,29,False,38,38,Not activated
9103,63,A1,1,7,1,29,A9,True,38,35,SDC
9104,63,A2,2,0,0,33,32,True,38,38,Masked
9105,63,A2,2,0,1,33,33,False,38,38,Not activated
9106,63,A2,2,1,0,33,31,True,38,37,SDC
9107,63,A2,2,1,1,33,33,False,38,38,Not activated
9108,63,A2,2,2,0,33,33,False,38,38,Not activated
9109,63,A2,2,2,1,33,37,True,38,3A,SDC
9110,63,A2,2,3,0,33,33,False,38,38,Not activated
9111,63,A2,2,3,1,33,3B,True,38,3D,SDC
9112,63,A2,2,4,0,33,23,True,38,32,SDC
9113,63,A2,2,4,1,33,33,False,38,38,Not activated
9114,63,A2,2,5,0,33,13,True,38,30,SDC
9115,63,A2,2,5,1,33,33,False,38,38,Not activated
9116,63,A2,2,6,0,33,33,False,38,38,Not activated
9117,63,A2,2,6,1,33,73,True,38,72,SDC
9118,63,A2,2,7,0,33,33,False,38,38,Not activated
9119,63,A2,2,7,1,33,B3,True,38,A5,SDC
9120,63,A3,3,0,0,2D,2C,True,38,39,SDC
9121,63,A3,3,0,1,2D,2D,False,38,38,Not activated
9122,63,A3,3,1,0,2D,2D,False,38,38,Not activated
9123,63,A3,3,1,1,2D,2F,True,38,38,Masked
9124,63,A3,3,2,0,2D,29,True,38,39,SDC
9125,63,A3,3,2,1,2D,2D,False,38,38,Not activated
9126,63,A3,3,3,0,2D,25,True,38,39,SDC
9127,63,A3,3,3,1,2D,2D,False,38,38,Not activated
9128,63,A3,3,4,0,2D,2D,False,38,38,Not activated
9129,63,A3,3,4,1,2D,3D,True,38,30,SDC
9130,63,A3,3,5,0,2D,0D,True,38,3A,SDC
9131,63,A3,3,5,1,2D,2D,False,38,38,Not activated
9132,63,A3,3,6,0,2D,2D,False,38,38,Not activated
9133,63,A3,3,6,1,2D,6D,True,38,E4,SDC
9134,63,A3,3,7,0,2D,2D,False,38,38,Not activated
9135,63,A3,3,7,1,2D,AD,True,38,3C,SDC
9136,63,B0,4,0,0,A0,A0,False,38,38,Not activated
9137,63,B0,4,0,1,A0,A1,True,38,38,Masked
9138,63,B0,4,1,0,A0,A0,False,38,38,Not activated
9139,63,B0,4,1,1,A0,A2,True,38,38,Masked
9140,63,B0,4,2,0,A0,A0,False,38,38,Not activated
9141,63,B0,4,2,1,A0,A4,True,38,38,Masked
9142,63,B0,4,3,0,A0,A0,False,38,38,Not activated
9143,63,B0,4,3,1,A0,A8,True,38,37,SDC
9144,63,B0,4,4,0,A0,A0,False,38,38,Not activated
9145,63,B0,4,4,1,A0,B0,True,38,34,SDC
9146,63,B0,4,5,0,A0,80,True,38,39,SDC
9147,63,B0,4,5,1,A0,A0,False,38,38,Not activated
9148,63,B0,4,6,0,A0,A0,False,38,38,Not activated
9149,63,B0,4,6,1,A0,E0,True,38,DF,SDC
9150,63,B0,4,7,0,A0,20,True,38,3A,SDC
9151,63,B0,4,7,1,A0,A0,False,38,38,Not activated
9152,63,B1,5,0,0,2F,2E,True,38,38,Masked
9153,63,B1,5,0,1,2F,2F,False,38,38,Not activated
9154,63,B1,5,1,0,2F,2D,True,38,38,Masked
9155,63,B1,5,1,1,2F,2F,False,38,38,Not activated
9156,63,B1,5,2,0,2F,2B,True,38,38,Masked
9157,63,B1,5,2,1,2F,2F,False,38,38,Not activated
9158,63,B1,5,3,0,2F,27,True,38,38,Masked
9159,63,B1,5,3,1,2F,2F,False,38,38,Not activated
9160,63,B1,5,4,0,2F,2F,False,38,38,Not activated
9161,63,B1,5,4,1,2F,3F,True,38,3B,SDC
9162,63,B1,5,5,0,2F,0F,True,38,37,SDC
9163,63,B1,5,5,1,2F,2F,False,38,38,Not activated
9164,63,B1,5,6,0,2F,2F,False,38,38,Not activated
9165,63,B1,5,6,1,2F,6F,True,38,61,SDC
9166,63,B1,5,7,0,2F,2F,False,38,38,Not activated
9167,63,B1,5,7,1,2F,AF,True,38,35,SDC
9168,63,B2,6,0,0,37,36,True,38,38,Masked
9169,63,B2,6,0,1,37,37,False,38,38,Not activated
9170,63,B2,6,1,0,37,35,True,38,37,SDC
9171,63,B2,6,1,1,37,37,False,38,38,Not activated
9172,63,B2,6,2,0,37,33,True,38,37,SDC
9173,63,B2,6,2,1,37,37,False,38,38,Not activated
9174,63,B2,6,3,0,37,37,False,38,38,Not activated
9175,63,B2,6,3,1,37,3F,True,38,3D,SDC
9176,63,B2,6,4,0,37,27,True,38,32,SDC
9177,63,B2,6,4,1,37,37,False,38,38,Not activated
9178,63,B2,6,5,0,37,17,True,38,30,SDC
9179,63,B2,6,5,1,37,37,False,38,38,Not activated
9180,63,B2,6,6,0,37,37,False,38,38,Not activated
9181,63,B2,6,6,1,37,77,True,38,72,SDC
9182,63,B2,6,7,0,37,37,False,38,38,Not activated
9183,63,B2,6,7,1,37,B7,True,38,A5,SDC
9184,63,B3,7,0,0,AF,AE,True,38,39,SDC
9185,63,B3,7,0,1,AF,AF,False,38,38,Not activated
9186,63,B3,7,1,0,AF,AD,True,38,39,SDC
9187,63,B3,7,1,1,AF,AF,False,38,38,Not activated
9188,63,B3,7,2,0,AF,AB,True,38,39,SDC
9189,63,B3,7,2,1,AF,AF,False,38,38,Not activated
9190,63,B3,7,3,0,AF,A7,True,38,39,SDC
9191,63,B3,7,3,1,AF,AF,False,38,38,Not activated
9192,63,B3,7,4,0,AF,AF,False,38,38,Not activated
9193,63,B3,7,4,1,AF,BF,True,38,30,SDC
9194,63,B3,7,5,0,AF,8F,True,38,3A,SDC
9195,63,B3,7,5,1,AF,AF,False,38,38,Not activated
9196,63,B3,7,6,0,AF,AF,False,38,38,Not activated
9197,63,B3,7,6,1,AF,EF,True,38,E4,SDC
9198,63,B3,7,7,0,AF,2F,True,38,3C,SDC
9199,63,B3,7,7,1,AF,AF,False,38,38,Not activated
9200,63,C0,8,0,0,32,32,False,38,38,Not activated
9201,63,C0,8,0,1,32,33,True,38,39,SDC
9202,63,C0,8,1,0,32,30,True,38,37,SDC
9203,63,C0,8,1,1,32,32,False,38,38,Not activated
9204,63,C0,8,2,0,32,32,False,38,38,Not activated
9205,63,C0,8,2,1,32,36,True,38,3A,SDC
9206,63,C0,8,3,0,32,32,False,38,38,Not activated
9207,63,C0,8,3,1,32,3A,True,38,3D,SDC
9208,63,C0,8,4,0,32,22,True,38,32,SDC
9209,63,C0,8,4,1,32,32,False,38,38,Not activated
9210,63,C0,8,5,0,32,12,True,38,30,SDC
9211,63,C0,8,5,1,32,32,False,38,38,Not activated
9212,63,C0,8,6,0,32,32,False,38,38,Not activated
9213,63,C0,8,6,1,32,72,True,38,72,SDC
9214,63,C0,8,7,0,32,32,False,38,38,Not activated
9215,63,C0,8,7,1,32,B2,True,38,A3,SDC
9216,64,A0,0,0,0,1A,1A,False,28,28,Not activated
9217,64,A0,0,0,1,1A,1B,True,28,28,Masked
9218,64,A0,0,1,0,1A,18,True,28,2A,SDC
9219,64,A0,0,1,1,1A,1A,False,28,28,Not activated
9220,64,A0,0,2,0,1A,1A,False,28,28,Not activated
9221,64,A0,0,2,1,1A,1E,True,28,28,Masked
9222,64,A0,0,3,0,1A,12,True,28,2A,SDC
9223,64,A0,0,3,1,1A,1A,False,28,28,Not activated
9224,64,A0,0,4,0,1A,0A,True,28,2A,SDC
9225,64,A0,0,4,1,1A,1A,False,28,28,Not activated
9226,64,A0,0,5,0,1A,1A,False,28,28,Not activated
9227,64,A0,0,5,1,1A,3A,True,28,AA,SDC
9228,64,A0,0,6,0,1A,1A,False,28,28,Not activated
9229,64,A0,0,6,1,1A,5A,True,28,D1,SDC
9230,64,A0,0,7,0,1A,1A,False,28,28,Not activated
9231,64,A0,0,7,1,1A,9A,True,28,2C,SDC
9232,64,A1,1,0,0,90,90,False,28,28,Not activated
9233,64,A1,1,0,1,90,91,True,28,28,Masked
9234,64,A1,1,1,0,90,90,False,28,28,Not activated
9235,64,A1,1,1,1,90,92,True,28,28,Masked
9236,64,A1,1,2,0,90,90,False,28,28,Not activated
9237,64,A1,1,2,1,90,94,True,28,24,SDC
9238,64,A1,1,3,0,90,90,False,28,28,Not activated
9239,64,A1,1,3,1,90,98,True,28,24,SDC
9240,64,A1,1,4,0,90,80,True,28,28,Masked
9241,64,A1,1,4,1,90,90,False,28,28,Not activated
9242,64,A1,1,5,0,90,90,False,28,28,Not activated
9243,64,A1,1,5,1,90,B0,True,28,A0,SDC
9244,64,A1,1,6,0,90,90,False,28,28,Not activated
9245,64,A1,1,6,1,90,D0,True,28,CB,SDC
9246,64,A1,1,7,0,90,10,True,28,28,Masked
9247,64,A1,1,7,1,90,90,False,28,28,Not activated
9248,64,A2,2,0,0,A0,A0,False,28,28,Not activated
9249,64,A2,2,0,1,A0,A1,True,28,24,SDC
9250,64,A2,2,1,0,A0,A0,False,28,28,Not activated
9251,64,A2,2,1,1,A0,A2,True,28,24,SDC
9252,64,A2,2,2,0,A0,A0,False,28,28,Not activated
9253,64,A2,2,2,1,A0,A4,True,28,24,SDC
9254,64,A2,2,3,0,A0,A0,False,28,28,Not activated
9255,64,A2,2,3,1,A0,A8,True,28,1F,SDC
9256,64,A2,2,4,0,A0,A0,False,28,28,Not activated
9257,64,A2,2,4,1,A0,B0,True,28,92,SDC
9258,64,A2,2,5,0,A0,80,True,28,2A,SDC
9259,64,A2,2,5,1,A0,A0,False,28,28,Not activated
9260,64,A2,2,6,0,A0,A0,False,28,28,Not activated
9261,64,A2,2,6,1,A0,E0,True,28,DB,SDC
9262,64,A2,2,7,0,A0,20,True,28,2C,SDC
9263,64,A2,2,7,1,A0,A0,False,28,28,Not activated
9264,64,A3,3,0,0,2F,2E,True,28,29,SDC
9265,64,A3,3,0,1,2F,2F,False,28,28,Not activated
9266,64,A3,3,1,0,2F,2D,True,28,29,SDC
9267,64,A3,3,1,1,2F,2F,False,28,28,Not activated
9268,64,A3,3,2,0,2F,2B,True,28,2B,SDC
9269,64,A3,3,2,1,2F,2F,False,28,28,Not activated
9270,64,A3,3,3,0,2F,27,True,28,2E,SDC
9271,64,A3,3,3,1,2F,2F,False,28,28,Not activated
9272,64,A3,3,4,0,2F,2F,False,28,28,Not activated
9273,64,A3,3,4,1,2F,3F,True,28,B6,SDC
9274,64,A3,3,5,0,2F,0F,True,28,32,SDC
9275,64,A3,3,5,1,2F,2F,False,28,28,Not activated
9276,64,A3,3,6,0,2F,2F,False,28,28,Not activated
9277,64,A3,3,6,1,2F,6F,True,28,EC,SDC
9278,64,A3,3,7,0,2F,2F,False,28,28,Not activated
9279,64,A3,3,7,1,2F,AF,True,28,38,SDC
9280,64,B0,4,0,0,AF,AE,True,28,28,Masked
9281,64,B0,4,0,1,AF,AF,False,28,28,Not activated
9282,64,B0,4,1,0,AF,AD,True,28,28,Masked
9283,64,B0,4,1,1,AF,AF,False,28,28,Not activated
9284,64,B0,4,2,0,AF,AB,True,28,2A,SDC
9285,64,B0,4,2,1,AF,AF,False,28,28,Not activated
9286,64,B0,4,3,0,AF,A7,True,28,2A,SDC
9287,64,B0,4,3,1,AF,AF,False,28,28,Not activated
9288,64,B0,4,4,0,AF,AF,False,28,28,Not activated
9289,64,B0,4,4,1,AF,BF,True,28,24,SDC
9290,64,B0,4,5,0,AF,8F,True,28,2A,SDC
9291,64,B0,4,5,1,AF,AF,False,28,28,Not activated
9292,64,B0,4,6,0,AF,AF,False,28,28,Not activated
9293,64,B0,4,6,1,AF,EF,True,28,D1,SDC
9294,64,B0,4,7,0,AF,2F,True,28,2C,SDC
9295,64,B0,4,7,1,AF,AF,False,28,28,Not activated
9296,64,B1,5,0,0,33,32,True,28,28,Masked
9297,64,B1,5,0,1,33,33,False,28,28,Not activated
9298,64,B1,5,1,0,33,31,True,28,28,Masked
9299,64,B1,5,1,1,33,33,False,28,28,Not activated
9300,64,B1,5,2,0,33,33,False,28,28,Not activated
9301,64,B1,5,2,1,33,37,True,28,28,Masked
9302,64,B1,5,3,0,33,33,False,28,28,Not activated
9303,64,B1,5,3,1,33,3B,True,28,24,SDC
9304,64,B1,5,4,0,33,23,True,28,28,Masked
9305,64,B1,5,4,1,33,33,False,28,28,Not activated
9306,64,B1,5,5,0,33,13,True,28,28,Masked
9307,64,B1,5,5,1,33,33,False,28,28,Not activated
9308,64,B1,5,6,0,33,33,False,28,28,Not activated
9309,64,B1,5,6,1,33,73,True,28,CB,SDC
9310,64,B1,5,7,0,33,33,False,28,28,Not activated
9311,64,B1,5,7,1,33,B3,True,28,28,Masked
9312,64,B2,6,0,0,33,32,True,28,28,Masked
9313,64,B2,6,0,1,33,33,False,28,28,Not activated
9314,64,B2,6,1,0,33,31,True,28,28,Masked
9315,64,B2,6,1,1,33,33,False,28,28,Not activated
9316,64,B2,6,2,0,33,33,False,28,28,Not activated
9317,64,B2,6,2,1,33,37,True,28,24,SDC
9318,64,B2,6,3,0,33,33,False,28,28,Not activated
9319,64,B2,6,3,1,33,3B,True,28,1F,SDC
9320,64,B2,6,4,0,33,23,True,28,2A,SDC
9321,64,B2,6,4,1,33,33,False,28,28,Not activated
9322,64,B2,6,5,0,33,13,True,28,2A,SDC
9323,64,B2,6,5,1,33,33,False,28,28,Not activated
9324,64,B2,6,6,0,33,33,False,28,28,Not activated
9325,64,B2,6,6,1,33,73,True,28,DB,SDC
9326,64,B2,6,7,0,33,33,False,28,28,Not activated
9327,64,B2,6,7,1,33,B3,True,28,2C,SDC
9328,64,B3,7,0,0,B5,B4,True,28,29,SDC
9329,64,B3,7,0,1,B5,B5,False,28,28,Not activated
9330,64,B3,7,1,0,B5,B5,False,28,28,Not activated
9331,64,B3,7,1,1,B5,B7,True,28,24,SDC
9332,64,B3,7,2,0,B5,B1,True,28,2C,SDC
9333,64,B3,7,2,1,B5,B5,False,28,28,Not activated
9334,64,B3,7,3,0,B5,B5,False,28,28,Not activated
9335,64,B3,7,3,1,B5,BD,True,28,A1,SDC
9336,64,B3,7,4,0,B5,A5,True,28,30,SDC
9337,64,B3,7,4,1,B5,B5,False,28,28,Not activated
9338,64,B3,7,5,0,B5,95,True,28,32,SDC
9339,64,B3,7,5,1,B5,B5,False,28,28,Not activated
9340,64,B3,7,6,0,B5,B5,False,28,28,Not activated
9341,64,B3,7,6,1,B5,F5,True,28,EC,SDC
9342,64,B3,7,7,0,B5,35,True,28,38,SDC
9343,64,B3,7,7,1,B5,B5,False,28,28,Not activated
9344,64,C0,8,0,0,34,34,False,28,28,Not activated
9345,64,C0,8,0,1,34,35,True,28,2A,SDC
9346,64,C0,8,1,0,34,34,False,28,28,Not activated
9347,64,C0,8,1,1,34,36,True,28,2C,SDC
9348,64,C0,8,2,0,34,30,True,28,92,SDC
9349,64,C0,8,2,1,34,34,False,28,28,Not activated
9350,64,C0,8,3,0,34,34,False,28,28,Not activated
9351,64,C0,8,3,1,34,3C,True,28,38,SDC
9352,64,C0,8,4,0,34,24,True,28,AA,SDC
9353,64,C0,8,4,1,34,34,False,28,28,Not activated
9354,64,C0,8,5,0,34,14,True,28,AF,SDC
9355,64,C0,8,5,1,34,34,False,28,28,Not activated
9356,64,C0,8,6,0,34,34,False,28,28,Not activated
9357,64,C0,8,6,1,34,74,True,28,74,SDC
9358,64,C0,8,7,0,34,34,False,28,28,Not activated
9359,64,C0,8,7,1,34,B4,True,28,BA,SDC
9360,65,A0,0,0,0,B0,B0,False,39,39,Not activated
9361,65,A0,0,0,1,B0,B1,True,39,39,Masked
9362,65,A0,0,1,0,B0,B0,False,39,39,Not activated
9363,65,A0,0,1,1,B0,B2,True,39,3A,SDC
9364,65,A0,0,2,0,B0,B0,False,39,39,Not activated
9365,65,A0,0,2,1,B0,B4,True,39,3B,SDC
9366,65,A0,0,3,0,B0,B0,False,39,39,Not activated
9367,65,A0,0,3,1,B0,B8,True,39,3C,SDC
9368,65,A0,0,4,0,B0,A0,True,39,33,SDC
9369,65,A0,0,4,1,B0,B0,False,39,39,Not activated
9370,65,A0,0,5,0,B0,90,True,39,31,SDC
9371,65,A0,0,5,1,B0,B0,False,39,39,Not activated
9372,65,A0,0,6,0,B0,B0,False,39,39,Not activated
9373,65,A0,0,6,1,B0,F0,True,39,6F,SDC
9374,65,A0,0,7,0,B0,30,True,39,1D,SDC
9375,65,A0,0,7,1,B0,B0,False,39,39,Not activated
9376,65,A1,1,0,0,99,98,True,39,39,Masked
9377,65,A1,1,0,1,99,99,False,39,39,Not activated
9378,65,A1,1,1,0,99,99,False,39,39,Not activated
9379,65,A1,1,1,1,99,9B,True,39,39,Masked
9380,65,A1,1,2,0,99,99,False,39,39,Not activated
9381,65,A1,1,2,1,99,9D,True,39,38,SDC
9382,65,A1,1,3,0,99,91,True,39,39,Masked
9383,65,A1,1,3,1,99,99,False,39,39,Not activated
9384,65,A1,1,4,0,99,89,True,39,39,Masked
9385,65,A1,1,4,1,99,99,False,39,39,Not activated
9386,65,A1,1,5,0,99,99,False,39,39,Not activated
9387,65,A1,1,5,1,99,B9,True,39,2B,SDC
9388,65,A1,1,6,0,99,99,False,39,39,Not activated
9389,65,A1,1,6,1,99,D9,True,39,D3,SDC
9390,65,A1,1,7,0,99,19,True,39,39,Masked
9391,65,A1,1,7,1,99,99,False,39,39,Not activated
9392,65,A2,2,0,0,26,26,False,39,39,Not activated
9393,65,A2,2,0,1,26,27,True,39,39,Masked
9394,65,A2,2,1,0,26,24,True,39,39,Masked
9395,65,A2,2,1,1,26,26,False,39,39,Not activated
9396,65,A2,2,2,0,26,22,True,39,39,Masked
9397,65,A2,2,2,1,26,26,False,39,39,Not activated
9398,65,A2,2,3,0,26,26,False,39,39,Not activated
9399,65,A2,2,3,1,26,2E,True,39,38,SDC
9400,65,A2,2,4,0,26,26,False,39,39,Not activated
9401,65,A2,2,4,1,26,36,True,39,33,SDC
9402,65,A2,2,5,0,26,06,True,39,3A,SDC
9403,65,A2,2,5,1,26,26,False,39,39,Not activated
9404,65,A2,2,6,0,26,26,False,39,39,Not activated
9405,65,A2,2,6,1,26,66,True,39,E0,SDC
9406,65,A2,2,7,0,26,26,False,39,39,Not activated
9407,65,A2,2,7,1,26,A6,True,39,3B,SDC
9408,65,A3,3,0,0,A7,A6,True,39,39,Masked
9409,65,A3,3,0,1,A7,A7,False,39,39,Not activated
9410,65,A3,3,1,0,A7,A5,True,39,39,Masked
9411,65,A3,3,1,1,A7,A7,False,39,39,Not activated
9412,65,A3,3,2,0,A7,A3,True,39,39,Masked
9413,65,A3,3,2,1,A7,A7,False,39,39,Not activated
9414,65,A3,3,3,0,A7,A7,False,39,39,Not activated
9415,65,A3,3,3,1,A7,AF,True,39,3A,SDC
9416,65,A3,3,4,0,A7,A7,False,39,39,Not activated
9417,65,A3,3,4,1,A7,B7,True,39,3C,SDC
9418,65,A3,3,5,0,A7,87,True,39,38,SDC
9419,65,A3,3,5,1,A7,A7,False,39,39,Not activated
9420,65,A3,3,6,0,A7,A7,False,39,39,Not activated
9421,65,A3,3,6,1,A7,E7,True,39,61,SDC
9422,65,A3,3,7,0,A7,27,True,39,36,SDC
9423,65,A3,3,7,1,A7,A7,False,39,39,Not activated
9424,65,B0,4,0,0,B7,B6,True,39,37,SDC
9425,65,B0,4,0,1,B7,B7,False,39,39,Not activated
9426,65,B0,4,1,0,B7,B5,True,39,37,SDC
9427,65,B0,4,1,1,B7,B7,False,39,39,Not activated
9428,65,B0,4,2,0,B7,B3,True,39,37,SDC
9429,65,B0,4,2,1,B7,B7,False,39,39,Not activated
9430,65,B0,4,3,0,B7,B7,False,39,39,Not activated
9431,65,B0,4,3,1,B7,BF,True,39,3C,SDC
9432,65,B0,4,4,0,B7,A7,True,39,33,SDC
9433,65,B0,4,4,1,B7,B7,False,39,39,Not activated
9434,65,B0,4,5,0,B7,97,True,39,31,SDC
9435,65,B0,4,5,1,B7,B7,False,39,39,Not activated
9436,65,B0,4,6,0,B7,B7,False,39,39,Not activated
9437,65,B0,4,6,1,B7,F7,True,39,6F,SDC
9438,65,B0,4,7,0,B7,37,True,39,1D,SDC
9439,65,B0,4,7,1,B7,B7,False,39,39,Not activated
9440,65,B1,5,0,0,33,32,True,39,39,Masked
9441,65,B1,5,0,1,33,33,False,39,39,Not activated
9442,65,B1,5,1,0,33,31,True,39,39,Masked
9443,65,B1,5,1,1,33,33,False,39,39,Not activated
9444,65,B1,5,2,0,33,33,False,39,39,Not activated
9445,65,B1,5,2,1,33,37,True,39,38,SDC
9446,65,B1,5,3,0,33,33,False,39,39,Not activated
9447,65,B1,5,3,1,33,3B,True,39,38,SDC
9448,65,B1,5,4,0,33,23,True,39,39,Masked
9449,65,B1,5,4,1,33,33,False,39,39,Not activated
9450,65,B1,5,5,0,33,13,True,39,39,Masked
9451,65,B1,5,5,1,33,33,False,39,39,Not activated
9452,65,B1,5,6,0,33,33,False,39,39,Not activated
9453,65,B1,5,6,1,33,73,True,39,D3,SDC
9454,65,B1,5,7,0,33,33,False,39,39,Not activated
9455,65,B1,5,7,1,33,B3,True,39,39,Masked
9456,65,B2,6,0,0,B2,B2,False,39,39,Not activated
9457,65,B2,6,0,1,B2,B3,True,39,39,Masked
9458,65,B2,6,1,0,B2,B0,True,39,39,Masked
9459,65,B2,6,1,1,B2,B2,False,39,39,Not activated
9460,65,B2,6,2,0,B2,B2,False,39,39,Not activated
9461,65,B2,6,2,1,B2,B6,True,39,39,Masked
9462,65,B2,6,3,0,B2,B2,False,39,39,Not activated
9463,65,B2,6,3,1,B2,BA,True,39,38,SDC
9464,65,B2,6,4,0,B2,A2,True,39,3A,SDC
9465,65,B2,6,4,1,B2,B2,False,39,39,Not activated
9466,65,B2,6,5,0,B2,92,True,39,3A,SDC
9467,65,B2,6,5,1,B2,B2,False,39,39,Not activated
9468,65,B2,6,6,0,B2,B2,False,39,39,Not activated
9469,65,B2,6,6,1,B2,F2,True,39,E0,SDC
9470,65,B2,6,7,0,B2,32,True,39,3B,SDC
9471,65,B2,6,7,1,B2,B2,False,39,39,Not activated
9472,65,B3,7,0,0,B1,B0,True,39,39,Masked
9473,65,B3,7,0,1,B1,B1,False,39,39,Not activated
9474,65,B3,7,1,0,B1,B1,False,39,39,Not activated
9475,65,B3,7,1,1,B1,B3,True,39,39,Masked
9476,65,B3,7,2,0,B1,B1,False,39,39,Not activated
9477,65,B3,7,2,1,B1,B5,True,39,3A,SDC
9478,65,B3,7,3,0,B1,B1,False,39,39,Not activated
9479,65,B3,7,3,1,B1,B9,True,39,3A,SDC
9480,65,B3,7,4,0,B1,A1,True,39,38,SDC
9481,65,B3,7,4,1,B1,B1,False,39,39,Not activated
9482,65,B3,7,5,0,B1,91,True,39,38,SDC
9483,65,B3,7,5,1,B1,B1,False,39,39,Not activated
9484,65,B3,7,6,0,B1,B1,False,39,39,Not activated
9485,65,B3,7,6,1,B1,F1,True,39,61,SDC
9486,65,B3,7,7,0,B1,31,True,39,36,SDC
9487,65,B3,7,7,1,B1,B1,False,39,39,Not activated
9488,65,C0,8,0,0,32,32,False,39,39,Not activated
9489,65,C0,8,0,1,32,33,True,39,39,Masked
9490,65,C0,8,1,0,32,30,True,39,37,SDC
9491,65,C0,8,1,1,32,32,False,39,39,Not activated
9492,65,C0,8,2,0,32,32,False,39,39,Not activated
9493,65,C0,8,2,1,32,36,True,39,3B,SDC
9494,65,C0,8,3,0,32,32,False,39,39,Not activated
9495,65,C0,8,3,1,32,3A,True,39,3E,SDC
9496,65,C0,8,4,0,32,22,True,39,31,SDC
9497,65,C0,8,4,1,32,32,False,39,39,Not activated
9498,65,C0,8,5,0,32,12,True,39,2E,SDC
9499,65,C0,8,5,1,32,32,False,39,39,Not activated
9500,65,C0,8,6,0,32,32,False,39,39,Not activated
9501,65,C0,8,6,1,32,72,True,39,72,SDC
9502,65,C0,8,7,0,32,32,False,39,39,Not activated
9503,65,C0,8,7,1,32,B2,True,39,A6,SDC
9504,66,A0,0,0,0,AA,AA,False,2E,2E,Not activated
9505,66,A0,0,0,1,AA,AB,True,2E,30,SDC
9506,66,A0,0,1,0,AA,A8,True,2E,2C,SDC
9507,66,A0,0,1,1,AA,AA,False,2E,2E,Not activated
9508,66,A0,0,2,0,AA,AA,False,2E,2E,Not activated
9509,66,A0,0,2,1,AA,AE,True,2E,30,SDC
9510,66,A0,0,3,0,AA,A2,True,2E,26,SDC
9511,66,A0,0,3,1,AA,AA,False,2E,2E,Not activated
9512,66,A0,0,4,0,AA,AA,False,2E,2E,Not activated
9513,66,A0,0,4,1,AA,BA,True,2E,3A,SDC
9514,66,A0,0,5,0,AA,8A,True,2E,1C,SDC
9515,66,A0,0,5,1,AA,AA,False,2E,2E,Not activated
9516,66,A0,0,6,0,AA,AA,False,2E,2E,Not activated
9517,66,A0,0,6,1,AA,EA,True,2E,6A,SDC
9518,66,A0,0,7,0,AA,2A,True,2E,A5,SDC
9519,66,A0,0,7,1,AA,AA,False,2E,2E,Not activated
9520,66,A1,1,0,0,34,34,False,2E,2E,Not activated
9521,66,A1,1,0,1,34,35,True,2E,30,SDC
9522,66,A1,1,1,0,34,34,False,2E,2E,Not activated
9523,66,A1,1,1,1,34,36,True,2E,30,SDC
9524,66,A1,1,2,0,34,30,True,2E,26,SDC
9525,66,A1,1,2,1,34,34,False,2E,2E,Not activated
9526,66,A1,1,3,0,34,34,False,2E,2E,Not activated
9527,66,A1,1,3,1,34,3C,True,2E,38,SDC
9528,66,A1,1,4,0,34,24,True,2E,9A,SDC
9529,66,A1,1,4,1,34,34,False,2E,2E,Not activated
9530,66,A1,1,5,0,34,14,True,2E,A5,SDC
9531,66,A1,1,5,1,34,34,False,2E,2E,Not activated
9532,66,A1,1,6,0,34,34,False,2E,2E,Not activated
9533,66,A1,1,6,1,34,74,True,2E,73,SDC
9534,66,A1,1,7,0,34,34,False,2E,2E,Not activated
9535,66,A1,1,7,1,34,B4,True,2E,B6,SDC
9536,66,A2,2,0,0,2D,2C,True,2E,2E,Masked
9537,66,A2,2,0,1,2D,2D,False,2E,2E,Not activated
9538,66,A2,2,1,0,2D,2D,False,2E,2E,Not activated
9539,66,A2,2,1,1,2D,2F,True,2E,2C,SDC
9540,66,A2,2,2,0,2D,29,True,2E,30,SDC
9541,66,A2,2,2,1,2D,2D,False,2E,2E,Not activated
9542,66,A2,2,3,0,2D,25,True,2E,31,SDC
9543,66,A2,2,3,1,2D,2D,False,2E,2E,Not activated
9544,66,A2,2,4,0,2D,2D,False,2E,2E,Not activated
9545,66,A2,2,4,1,2D,3D,True,2E,B1,SDC
9546,66,A2,2,5,0,2D,0D,True,2E,34,SDC
9547,66,A2,2,5,1,2D,2D,False,2E,2E,Not activated
9548,66,A2,2,6,0,2D,2D,False,2E,2E,Not activated
9549,66,A2,2,6,1,2D,6D,True,2E,EA,SDC
9550,66,A2,2,7,0,2D,2D,False,2E,2E,Not activated
9551,66,A2,2,7,1,2D,AD,True,2E,38,SDC
9552,66,A3,3,0,0,AE,AE,False,2E,2E,Not activated
9553,66,A3,3,0,1,AE,AF,True,2E,2D,SDC
9554,66,A3,3,1,0,AE,AC,True,2E,2F,SDC
9555,66,A3,3,1,1,AE,AE,False,2E,2E,Not activated
9556,66,A3,3,2,0,AE,AA,True,2E,30,SDC
9557,66,A3,3,2,1,AE,AE,False,2E,2E,Not activated
9558,66,A3,3,3,0,AE,A6,True,2E,30,SDC
9559,66,A3,3,3,1,AE,AE,False,2E,2E,Not activated
9560,66,A3,3,4,0,AE,AE,False,2E,2E,Not activated
9561,66,A3,3,4,1,AE,BE,True,2E,A1,SDC
9562,66,A3,3,5,0,AE,8E,True,2E,32,SDC
9563,66,A3,3,5,1,AE,AE,False,2E,2E,Not activated
9564,66,A3,3,6,0,AE,AE,False,2E,2E,Not activated
9565,66,A3,3,6,1,AE,EE,True,2E,E4,SDC
9566,66,A3,3,7,0,AE,2E,True,2E,35,SDC
9567,66,A3,3,7,1,AE,AE,False,2E,2E,Not activated
9568,66,B0,4,0,0,B8,B8,False,2E,2E,Not activated
9569,66,B0,4,0,1,B8,B9,True,2E,30,SDC
9570,66,B0,4,1,0,B8,B8,False,2E,2E,Not activated
9571,66,B0,4,1,1,B8,BA,True,2E,30,SDC
9572,66,B0,4,2,0,B8,B8,False,2E,2E,Not activated
9573,66,B0,4,2,1,B8,BC,True,2E,32,SDC
9574,66,B0,4,3,0,B8,B0,True,2E,26,SDC
9575,66,B0,4,3,1,B8,B8,False,2E,2E,Not activated
9576,66,B0,4,4,0,B8,A8,True,2E,22,SDC
9577,66,B0,4,4,1,B8,B8,False,2E,2E,Not activated
9578,66,B0,4,5,0,B8,98,True,2E,1C,SDC
9579,66,B0,4,5,1,B8,B8,False,2E,2E,Not activated
9580,66,B0,4,6,0,B8,B8,False,2E,2E,Not activated
9581,66,B0,4,6,1,B8,F8,True,2E,78,SDC
9582,66,B0,4,7,0,B8,38,True,2E,A5,SDC
9583,66,B0,4,7,1,B8,B8,False,2E,2E,Not activated
9584,66,B1,5,0,0,36,36,False,2E,2E,Not activated
9585,66,B1,5,0,1,36,37,True,2E,30,SDC
9586,66,B1,5,1,0,36,34,True,2E,2C,SDC
9587,66,B1,5,1,1,36,36,False,2E,2E,Not activated
9588,66,B1,5,2,0,36,32,True,2E,26,SDC
9589,66,B1,5,2,1,36,36,False,2E,2E,Not activated
9590,66,B1,5,3,0,36,36,False,2E,2E,Not activated
9591,66,B1,5,3,1,36,3E,True,2E,38,SDC
9592,66,B1,5,4,0,36,26,True,2E,9A,SDC
9593,66,B1,5,4,1,36,36,False,2E,2E,Not activated
9594,66,B1,5,5,0,36,16,True,2E,A5,SDC
9595,66,B1,5,5,1,36,36,False,2E,2E,Not activated
9596,66,B1,5,6,0,36,36,False,2E,2E,Not activated
9597,66,B1,5,6,1,36,76,True,2E,73,SDC
9598,66,B1,5,7,0,36,36,False,2E,2E,Not activated
9599,66,B1,5,7,1,36,B6,True,2E,B6,SDC
9600,66,B2,6,0,0,B5,B4,True,2E,2E,Masked
9601,66,B2,6,0,1,B5,B5,False,2E,2E,Not activated
9602,66,B2,6,1,0,B5,B5,False,2E,2E,Not activated
9603,66,B2,6,1,1,B5,B7,True,2E,2C,SDC
9604,66,B2,6,2,0,B5,B1,True,2E,30,SDC
9605,66,B2,6,2,1,B5,B5,False,2E,2E,Not activated
9606,66,B2,6,3,0,B5,B5,False,2E,2E,Not activated
9607,66,B2,6,3,1,B5,BD,True,2E,1C,SDC
9608,66,B2,6,4,0,B5,A5,True,2E,33,SDC
9609,66,B2,6,4,1,B5,B5,False,2E,2E,Not activated
9610,66,B2,6,5,0,B5,95,True,2E,34,SDC
9611,66,B2,6,5,1,B5,B5,False,2E,2E,Not activated
9612,66,B2,6,6,0,B5,B5,False,2E,2E,Not activated
9613,66,B2,6,6,1,B5,F5,True,2E,EA,SDC
9614,66,B2,6,7,0,B5,35,True,2E,38,SDC
9615,66,B2,6,7,1,B5,B5,False,2E,2E,Not activated
9616,66,B3,7,0,0,2E,2E,False,2E,2E,Not activated
9617,66,B3,7,0,1,2E,2F,True,2E,2D,SDC
9618,66,B3,7,1,0,2E,2C,True,2E,2F,SDC
9619,66,B3,7,1,1,2E,2E,False,2E,2E,Not activated
9620,66,B3,7,2,0,2E,2A,True,2E,30,SDC
9621,66,B3,7,2,1,2E,2E,False,2E,2E,Not activated
9622,66,B3,7,3,0,2E,26,True,2E,30,SDC
9623,66,B3,7,3,1,2E,2E,False,2E,2E,Not activated
9624,66,B3,7,4,0,2E,2E,False,2E,2E,Not activated
9625,66,B3,7,4,1,2E,3E,True,2E,A1,SDC
9626,66,B3,7,5,0,2E,0E,True,2E,32,SDC
9627,66,B3,7,5,1,2E,2E,False,2E,2E,Not activated
9628,66,B3,7,6,0,2E,2E,False,2E,2E,Not activated
9629,66,B3,7,6,1,2E,6E,True,2E,E4,SDC
9630,66,B3,7,7,0,2E,2E,False,2E,2E,Not activated
9631,66,B3,7,7,1,2E,AE,True,2E,35,SDC
9632,66,C0,8,0,0,8C,8C,False,2E,2E,Not activated
9633,66,C0,8,0,1,8C,8D,True,2E,2E,Masked
9634,66,C0,8,1,0,8C,8C,False,2E,2E,Not activated
9635,66,C0,8,1,1,8C,8E,True,2E,2E,Masked
9636,66,C0,8,2,0,8C,88,True,2E,30,SDC
9637,66,C0,8,2,1,8C,8C,False,2E,2E,Not activated
9638,66,C0,8,3,0,8C,84,True,2E,30,SDC
9639,66,C0,8,3,1,8C,8C,False,2E,2E,Not activated
9640,66,C0,8,4,0,8C,8C,False,2E,2E,Not activated
9641,66,C0,8,4,1,8C,9C,True,2E,2C,SDC
9642,66,C0,8,5,0,8C,8C,False,2E,2E,Not activated
9643,66,C0,8,5,1,8C,AC,True,2E,1C,SDC
9644,66,C0,8,6,0,8C,8C,False,2E,2E,Not activated
9645,66,C0,8,6,1,8C,CC,True,2E,CB,SDC
9646,66,C0,8,7,0,8C,0C,True,2E,30,SDC
9647,66,C0,8,7,1,8C,8C,False,2E,2E,Not activated
9648,67,A0,0,0,0,30,30,False,B1,B1,Not activated
9649,67,A0,0,0,1,30,31,True,B1,B1,Masked
9650,67,A0,0,1,0,30,30,False,B1,B1,Not activated
9651,67,A0,0,1,1,30,32,True,B1,AF,SDC
9652,67,A0,0,2,0,30,30,False,B1,B1,Not activated
9653,67,A0,0,2,1,30,34,True,B1,AD,SDC
9654,67,A0,0,3,0,30,30,False,B1,B1,Not activated
9655,67,A0,0,3,1,30,38,True,B1,A9,SDC
9656,67,A0,0,4,0,30,20,True,B1,B5,SDC
9657,67,A0,0,4,1,30,30,False,B1,B1,Not activated
9658,67,A0,0,5,0,30,10,True,B1,B5,SDC
9659,67,A0,0,5,1,30,30,False,B1,B1,Not activated
9660,67,A0,0,6,0,30,30,False,B1,B1,Not activated
9661,67,A0,0,6,1,30,70,True,B1,69,SDC
9662,67,A0,0,7,0,30,30,False,B1,B1,Not activated
9663,67,A0,0,7,1,30,B0,True,B1,B9,SDC
9664,67,A1,1,0,0,2C,2C,False,B1,B1,Not activated
9665,67,A1,1,0,1,2C,2D,True,B1,B2,SDC
9666,67,A1,1,1,0,2C,2C,False,B1,B1,Not activated
9667,67,A1,1,1,1,2C,2E,True,B1,B2,SDC
9668,67,A1,1,2,0,2C,28,True,B1,AF,SDC
9669,67,A1,1,2,1,2C,2C,False,B1,B1,Not activated
9670,67,A1,1,3,0,2C,24,True,B1,AD,SDC
9671,67,A1,1,3,1,2C,2C,False,B1,B1,Not activated
9672,67,A1,1,4,0,2C,2C,False,B1,B1,Not activated
9673,67,A1,1,4,1,2C,3C,True,B1,BB,SDC
9674,67,A1,1,5,0,2C,0C,True,B1,A9,SDC
9675,67,A1,1,5,1,2C,2C,False,B1,B1,Not activated
9676,67,A1,1,6,0,2C,2C,False,B1,B1,Not activated
9677,67,A1,1,6,1,2C,6C,True,B1,EA,SDC
9678,67,A1,1,7,0,2C,2C,False,B1,B1,Not activated
9679,67,A1,1,7,1,2C,AC,True,B1,16,SDC
9680,67,A2,2,0,0,29,28,True,B1,B1,Masked
9681,67,A2,2,0,1,29,29,False,B1,B1,Not activated
9682,67,A2,2,1,0,29,29,False,B1,B1,Not activated
9683,67,A2,2,1,1,29,2B,True,B1,B2,SDC
9684,67,A2,2,2,0,29,29,False,B1,B1,Not activated
9685,67,A2,2,2,1,29,2D,True,B1,B2,SDC
9686,67,A2,2,3,0,29,21,True,B1,B0,SDC
9687,67,A2,2,3,1,29,29,False,B1,B1,Not activated
9688,67,A2,2,4,0,29,29,False,B1,B1,Not activated
9689,67,A2,2,4,1,29,39,True,B1,B8,SDC
9690,67,A2,2,5,0,29,09,True,B1,AD,SDC
9691,67,A2,2,5,1,29,29,False,B1,B1,Not activated
9692,67,A2,2,6,0,29,29,False,B1,B1,Not activated
9693,67,A2,2,6,1,29,69,True,B1,E2,SDC
9694,67,A2,2,7,0,29,29,False,B1,B1,Not activated
9695,67,A2,2,7,1,29,A9,True,B1,A8,SDC
9696,67,A3,3,0,0,89,88,True,B1,B1,Masked
9697,67,A3,3,0,1,89,89,False,B1,B1,Not activated
9698,67,A3,3,1,0,89,89,False,B1,B1,Not activated
9699,67,A3,3,1,1,89,8B,True,B1,B1,Masked
9700,67,A3,3,2,0,89,89,False,B1,B1,Not activated
9701,67,A3,3,2,1,89,8D,True,B1,B1,Masked
9702,67,A3,3,3,0,89,81,True,B1,B1,Masked
9703,67,A3,3,3,1,89,89,False,B1,B1,Not activated
9704,67,A3,3,4,0,89,89,False,B1,B1,Not activated
9705,67,A3,3,4,1,89,99,True,B1,B1,Masked
9706,67,A3,3,5,0,89,89,False,B1,B1,Not activated
9707,67,A3,3,5,1,89,A9,True,B1,B3,SDC
9708,67,A3,3,6,0,89,89,False,B1,B1,Not activated
9709,67,A3,3,6,1,89,C9,True,B1,C1,SDC
9710,67,A3,3,7,0,89,09,True,B1,B1,Masked
9711,67,A3,3,7,1,89,89,False,B1,B1,Not activated
9712,67,B0,4,0,0,31,30,True,B1,B2,SDC
9713,67,B0,4,0,1,31,31,False,B1,B1,Not activated
9714,67,B0,4,1,0,31,31,False,B1,B1,Not activated
9715,67,B0,4,1,1,31,33,True,B1,B0,SDC
9716,67,B0,4,2,0,31,31,False,B1,B1,Not activated
9717,67,B0,4,2,1,31,35,True,B1,AE,SDC
9718,67,B0,4,3,0,31,31,False,B1,B1,Not activated
9719,67,B0,4,3,1,31,39,True,B1,A9,SDC
9720,67,B0,4,4,0,31,21,True,B1,B5,SDC
9721,67,B0,4,4,1,31,31,False,B1,B1,Not activated
9722,67,B0,4,5,0,31,11,True,B1,B5,SDC
9723,67,B0,4,5,1,31,31,False,B1,B1,Not activated
9724,67,B0,4,6,0,31,31,False,B1,B1,Not activated
9725,67,B0,4,6,1,31,71,True,B1,69,SDC
9726,67,B0,4,7,0,31,31,False,B1,B1,Not activated
9727,67,B0,4,7,1,31,B1,True,B1,B9,SDC
9728,67,B1,5,0,0,B5,B4,True,B1,B1,Masked
9729,67,B1,5,0,1,B5,B5,False,B1,B1,Not activated
9730,67,B1,5,1,0,B5,B5,False,B1,B1,Not activated
9731,67,B1,5,1,1,B5,B7,True,B1,B2,SDC
9732,67,B1,5,2,0,B5,B1,True,B1,AF,SDC
9733,67,B1,5,2,1,B5,B5,False,B1,B1,Not activated
9734,67,B1,5,3,0,B5,B5,False,B1,B1,Not activated
9735,67,B1,5,3,1,B5,BD,True,B1,B6,SDC
9736,67,B1,5,4,0,B5,A5,True,B1,AB,SDC
9737,67,B1,5,4,1,B5,B5,False,B1,B1,Not activated
9738,67,B1,5,5,0,B5,95,True,B1,A9,SDC
9739,67,B1,5,5,1,B5,B5,False,B1,B1,Not activated
9740,67,B1,5,6,0,B5,B5,False,B1,B1,Not activated
9741,67,B1,5,6,1,B5,F5,True,B1,EA,SDC
9742,67,B1,5,7,0,B5,35,True,B1,16,SDC
9743,67,B1,5,7,1,B5,B5,False,B1,B1,Not activated
9744,67,B2,6,0,0,B1,B0,True,B1,B1,Masked
9745,67,B2,6,0,1,B1,B1,False,B1,B1,Not activated
9746,67,B2,6,1,0,B1,B1,False,B1,B1,Not activated
9747,67,B2,6,1,1,B1,B3,True,B1,B2,SDC
9748,67,B2,6,2,0,B1,B1,False,B1,B1,Not activated
9749,67,B2,6,2,1,B1,B5,True,B1,B2,SDC
9750,67,B2,6,3,0,B1,B1,False,B1,B1,Not activated
9751,67,B2,6,3,1,B1,B9,True,B1,B4,SDC
9752,67,B2,6,4,0,B1,A1,True,B1,AE,SDC
9753,67,B2,6,4,1,B1,B1,False,B1,B1,Not activated
9754,67,B2,6,5,0,B1,91,True,B1,AD,SDC
9755,67,B2,6,5,1,B1,B1,False,B1,B1,Not activated
9756,67,B2,6,6,0,B1,B1,False,B1,B1,Not activated
9757,67,B2,6,6,1,B1,F1,True,B1,E2,SDC
9758,67,B2,6,7,0,B1,31,True,B1,A8,SDC
9759,67,B2,6,7,1,B1,B1,False,B1,B1,Not activated
9760,67,B3,7,0,0,2C,2C,False,B1,B1,Not activated
9761,67,B3,7,0,1,2C,2D,True,B1,B1,Masked
9762,67,B3,7,1,0,2C,2C,False,B1,B1,Not activated
9763,67,B3,7,1,1,2C,2E,True,B1,B1,Masked
9764,67,B3,7,2,0,2C,28,True,B1,B1,Masked
9765,67,B3,7,2,1,2C,2C,False,B1,B1,Not activated
9766,67,B3,7,3,0,2C,24,True,B1,B1,Masked
9767,67,B3,7,3,1,2C,2C,False,B1,B1,Not activated
9768,67,B3,7,4,0,2C,2C,False,B1,B1,Not activated
9769,67,B3,7,4,1,2C,3C,True,B1,B1,Masked
9770,67,B3,7,5,0,2C,0C,True,B1,B1,Masked
9771,67,B3,7,5,1,2C,2C,False,B1,B1,Not activated
9772,67,B3,7,6,0,2C,2C,False,B1,B1,Not activated
9773,67,B3,7,6,1,2C,6C,True,B1,C1,SDC
9774,67,B3,7,7,0,2C,2C,False,B1,B1,Not activated
9775,67,B3,7,7,1,2C,AC,True,B1,B1,Masked
9776,67,C0,8,0,0,AC,AC,False,B1,B1,Not activated
9777,67,C0,8,0,1,AC,AD,True,B1,B2,SDC
9778,67,C0,8,1,0,AC,AC,False,B1,B1,Not activated
9779,67,C0,8,1,1,AC,AE,True,B1,B2,SDC
9780,67,C0,8,2,0,AC,A8,True,B1,AE,SDC
9781,67,C0,8,2,1,AC,AC,False,B1,B1,Not activated
9782,67,C0,8,3,0,AC,A4,True,B1,AC,SDC
9783,67,C0,8,3,1,AC,AC,False,B1,B1,Not activated
9784,67,C0,8,4,0,AC,AC,False,B1,B1,Not activated
9785,67,C0,8,4,1,AC,BC,True,B1,BD,SDC
9786,67,C0,8,5,0,AC,8C,True,B1,A6,SDC
9787,67,C0,8,5,1,AC,AC,False,B1,B1,Not activated
9788,67,C0,8,6,0,AC,AC,False,B1,B1,Not activated
9789,67,C0,8,6,1,AC,EC,True,B1,EC,SDC
9790,67,C0,8,7,0,AC,2C,True,B1,22,SDC
9791,67,C0,8,7,1,AC,AC,False,B1,B1,Not activated
9792,68,A0,0,0,0,22,22,False,AA,AA,Not activated
9793,68,A0,0,0,1,22,23,True,AA,A9,SDC
9794,68,A0,0,1,0,22,20,True,AA,AA,Masked
9795,68,A0,0,1,1,22,22,False,AA,AA,Not activated
9796,68,A0,0,2,0,22,22,False,AA,AA,Not activated
9797,68,A0,0,2,1,22,26,True,AA,A7,SDC
9798,68,A0,0,3,0,22,22,False,AA,AA,Not activated
9799,68,A0,0,3,1,22,2A,True,AA,A5,SDC
9800,68,A0,0,4,0,22,22,False,AA,AA,Not activated
9801,68,A0,0,4,1,22,32,True,AA,99,SDC
9802,68,A0,0,5,0,22,02,True,AA,AC,SDC
9803,68,A0,0,5,1,22,22,False,AA,AA,Not activated
9804,68,A0,0,6,0,22,22,False,AA,AA,Not activated
9805,68,A0,0,6,1,22,62,True,AA,5A,SDC
9806,68,A0,0,7,0,22,22,False,AA,AA,Not activated
9807,68,A0,0,7,1,22,A2,True,AA,B0,SDC
9808,68,A1,1,0,0,96,96,False,AA,AA,Not activated
9809,68,A1,1,0,1,96,97,True,AA,AA,Masked
9810,68,A1,1,1,0,96,94,True,AA,AA,Masked
9811,68,A1,1,1,1,96,96,False,AA,AA,Not activated
9812,68,A1,1,2,0,96,92,True,AA,AB,SDC
9813,68,A1,1,2,1,96,96,False,AA,AA,Not activated
9814,68,A1,1,3,0,96,96,False,AA,AA,Not activated
9815,68,A1,1,3,1,96,9E,True,AA,AA,Masked
9816,68,A1,1,4,0,96,86,True,AA,AB,SDC
9817,68,A1,1,4,1,96,96,False,AA,AA,Not activated
9818,68,A1,1,5,0,96,96,False,AA,AA,Not activated
9819,68,A1,1,5,1,96,B6,True,AA,93,SDC
9820,68,A1,1,6,0,96,96,False,AA,AA,Not activated
9821,68,A1,1,6,1,96,D6,True,AA,49,SDC
9822,68,A1,1,7,0,96,16,True,AA,AC,SDC
9823,68,A1,1,7,1,96,96,False,AA,AA,Not activated
9824,68,A2,2,0,0,18,18,False,AA,AA,Not activated
9825,68,A2,2,0,1,18,19,True,AA,AA,Masked
9826,68,A2,2,1,0,18,18,False,AA,AA,Not activated
9827,68,A2,2,1,1,18,1A,True,AA,AA,Masked
9828,68,A2,2,2,0,18,18,False,AA,AA,Not activated
9829,68,A2,2,2,1,18,1C,True,AA,AA,Masked
9830,68,A2,2,3,0,18,10,True,AA,AB,SDC
9831,68,A2,2,3,1,18,18,False,AA,AA,Not activated
9832,68,A2,2,4,0,18,08,True,AA,AB,SDC
9833,68,A2,2,4,1,18,18,False,AA,AA,Not activated
9834,68,A2,2,5,0,18,18,False,AA,AA,Not activated
9835,68,A2,2,5,1,18,38,True,AA,19,SDC
9836,68,A2,2,6,0,18,18,False,AA,AA,Not activated
9837,68,A2,2,6,1,18,58,True,AA,4C,SDC
9838,68,A2,2,7,0,18,18,False,AA,AA,Not activated
9839,68,A2,2,7,1,18,98,True,AA,AC,SDC
9840,68,A3,3,0,0,A2,A2,False,AA,AA,Not activated
9841,68,A3,3,0,1,A2,A3,True,AA,A9,SDC
9842,68,A3,3,1,0,A2,A0,True,AA,AA,Masked
9843,68,A3,3,1,1,A2,A2,False,AA,AA,Not activated
9844,68,A3,3,2,0,A2,A2,False,AA,AA,Not activated
9845,68,A3,3,2,1,A2,A6,True,AA,A9,SDC
9846,68,A3,3,3,0,A2,A2,False,AA,AA,Not activated
9847,68,A3,3,3,1,A2,AA,True,AA,A7,SDC
9848,68,A3,3,4,0,A2,A2,False,AA,AA,Not activated
9849,68,A3,3,4,1,A2,B2,True,AA,9A,SDC
9850,68,A3,3,5,0,A2,82,True,AA,AC,SDC
9851,68,A3,3,5,1,A2,A2,False,AA,AA,Not activated
9852,68,A3,3,6,0,A2,A2,False,AA,AA,Not activated
9853,68,A3,3,6,1,A2,E2,True,AA,59,SDC
9854,68,A3,3,7,0,A2,22,True,AA,AE,SDC
9855,68,A3,3,7,1,A2,A2,False,AA,AA,Not activated
9856,68,B0,4,0,0,30,30,False,AA,AA,Not activated
9857,68,B0,4,0,1,30,31,True,AA,A9,SDC
9858,68,B0,4,1,0,30,30,False,AA,AA,Not activated
9859,68,B0,4,1,1,30,32,True,AA,A9,SDC
9860,68,B0,4,2,0,30,30,False,AA,AA,Not activated
9861,68,B0,4,2,1,30,34,True,AA,A7,SDC
9862,68,B0,4,3,0,30,30,False,AA,AA,Not activated
9863,68,B0,4,3,1,30,38,True,AA,A5,SDC
9864,68,B0,4,4,0,30,20,True,AA,AB,SDC
9865,68,B0,4,4,1,30,30,False,AA,AA,Not activated
9866,68,B0,4,5,0,30,10,True,AA,AC,SDC
9867,68,B0,4,5,1,30,30,False,AA,AA,Not activated
9868,68,B0,4,6,0,30,30,False,AA,AA,Not activated
9869,68,B0,4,6,1,30,70,True,AA,5A,SDC
9870,68,B0,4,7,0,30,30,False,AA,AA,Not activated
9871,68,B0,4,7,1,30,B0,True,AA,B0,SDC
9872,68,B1,5,0,0,AB,AA,True,AA,AA,Masked
9873,68,B1,5,0,1,AB,AB,False,AA,AA,Not activated
9874,68,B1,5,1,0,AB,A9,True,AA,AB,SDC
9875,68,B1,5,1,1,AB,AB,False,AA,AA,Not activated
9876,68,B1,5,2,0,AB,AB,False,AA,AA,Not activated
9877,68,B1,5,2,1,AB,AF,True,AA,AA,Masked
9878,68,B1,5,3,0,AB,A3,True,AA,AB,SDC
9879,68,B1,5,3,1,AB,AB,False,AA,AA,Not activated
9880,68,B1,5,4,0,AB,AB,False,AA,AA,Not activated
9881,68,B1,5,4,1,AB,BB,True,AA,A9,SDC
9882,68,B1,5,5,0,AB,8B,True,AA,AB,SDC
9883,68,B1,5,5,1,AB,AB,False,AA,AA,Not activated
9884,68,B1,5,6,0,AB,AB,False,AA,AA,Not activated
9885,68,B1,5,6,1,AB,EB,True,AA,49,SDC
9886,68,B1,5,7,0,AB,2B,True,AA,AC,SDC
9887,68,B1,5,7,1,AB,AB,False,AA,AA,Not activated
9888,68,B2,6,0,0,2D,2C,True,AA,AA,Masked
9889,68,B2,6,0,1,2D,2D,False,AA,AA,Not activated
9890,68,B2,6,1,0,2D,2D,False,AA,AA,Not activated
9891,68,B2,6,1,1,2D,2F,True,AA,AA,Masked
9892,68,B2,6,2,0,2D,29,True,AA,AA,Masked
9893,68,B2,6,2,1,2D,2D,False,AA,AA,Not activated
9894,68,B2,6,3,0,2D,25,True,AA,AB,SDC
9895,68,B2,6,3,1,2D,2D,False,AA,AA,Not activated
9896,68,B2,6,4,0,2D,2D,False,AA,AA,Not activated
9897,68,B2,6,4,1,2D,3D,True,AA,A7,SDC
9898,68,B2,6,5,0,2D,0D,True,AA,AB,SDC
9899,68,B2,6,5,1,2D,2D,False,AA,AA,Not activated
9900,68,B2,6,6,0,2D,2D,False,AA,AA,Not activated
9901,68,B2,6,6,1,2D,6D,True,AA,4C,SDC
9902,68,B2,6,7,0,2D,2D,False,AA,AA,Not activated
9903,68,B2,6,7,1,2D,AD,True,AA,AC,SDC
9904,68,B3,7,0,0,AF,AE,True,AA,AA,Masked
9905,68,B3,7,0,1,AF,AF,False,AA,AA,Not activated
9906,68,B3,7,1,0,AF,AD,True,AA,AA,Masked
9907,68,B3,7,1,1,AF,AF,False,AA,AA,Not activated
9908,68,B3,7,2,0,AF,AB,True,AA,AA,Masked
9909,68,B3,7,2,1,AF,AF,False,AA,AA,Not activated
9910,68,B3,7,3,0,AF,A7,True,AA,AB,SDC
9911,68,B3,7,3,1,AF,AF,False,AA,AA,Not activated
9912,68,B3,7,4,0,AF,AF,False,AA,AA,Not activated
9913,68,B3,7,4,1,AF,BF,True,AA,9A,SDC
9914,68,B3,7,5,0,AF,8F,True,AA,AC,SDC
9915,68,B3,7,5,1,AF,AF,False,AA,AA,Not activated
9916,68,B3,7,6,0,AF,AF,False,AA,AA,Not activated
9917,68,B3,7,6,1,AF,EF,True,AA,59,SDC
9918,68,B3,7,7,0,AF,2F,True,AA,AE,SDC
9919,68,B3,7,7,1,AF,AF,False,AA,AA,Not activated
9920,68,C0,8,0,0,B0,B0,False,AA,AA,Not activated
9921,68,C0,8,0,1,B0,B1,True,AA,AC,SDC
9922,68,C0,8,1,0,B0,B0,False,AA,AA,Not activated
9923,68,C0,8,1,1,B0,B2,True,AA,B0,SDC
9924,68,C0,8,2,0,B0,B0,False,AA,AA,Not activated
9925,68,C0,8,2,1,B0,B4,True,AA,B2,SDC
9926,68,C0,8,3,0,B0,B0,False,AA,AA,Not activated
9927,68,C0,8,3,1,B0,B8,True,AA,B6,SDC
9928,68,C0,8,4,0,B0,A0,True,AA,19,SDC
9929,68,C0,8,4,1,B0,B0,False,AA,AA,Not activated
9930,68,C0,8,5,0,B0,90,True,AA,22,SDC
9931,68,C0,8,5,1,B0,B0,False,AA,AA,Not activated
9932,68,C0,8,6,0,B0,B0,False,AA,AA,Not activated
9933,68,C0,8,6,1,B0,F0,True,AA,F0,SDC
9934,68,C0,8,7,0,B0,30,True,AA,32,SDC
9935,68,C0,8,7,1,B0,B0,False,AA,AA,Not activated
9936,69,A0,0,0,0,B4,B4,False,36,36,Not activated
9937,69,A0,0,0,1,B4,B5,True,36,36,Masked
9938,69,A0,0,1,0,B4,B4,False,36,36,Not activated
9939,69,A0,0,1,1,B4,B6,True,36,35,SDC
9940,69,A0,0,2,0,B4,B0,True,36,38,SDC
9941,69,A0,0,2,1,B4,B4,False,36,36,Not activated
9942,69,A0,0,3,0,B4,B4,False,36,36,Not activated
9943,69,A0,0,3,1,B4,BC,True,36,30,SDC
9944,69,A0,0,4,0,B4,A4,True,36,39,SDC
9945,69,A0,0,4,1,B4,B4,False,36,36,Not activated
9946,69,A0,0,5,0,B4,94,True,36,3A,SDC
9947,69,A0,0,5,1,B4,B4,False,36,36,Not activated
9948,69,A0,0,6,0,B4,B4,False,36,36,Not activated
9949,69,A0,0,6,1,B4,F4,True,36,EC,SDC
9950,69,A0,0,7,0,B4,34,True,36,3D,SDC
9951,69,A0,0,7,1,B4,B4,False,36,36,Not activated
9952,69,A1,1,0,0,B2,B2,False,36,36,Not activated
9953,69,A1,1,0,1,B2,B3,True,36,37,SDC
9954,69,A1,1,1,0,B2,B0,True,36,35,SDC
9955,69,A1,1,1,1,B2,B2,False,36,36,Not activated
9956,69,A1,1,2,0,B2,B2,False,36,36,Not activated
9957,69,A1,1,2,1,B2,B6,True,36,38,SDC
9958,69,A1,1,3,0,B2,B2,False,36,36,Not activated
9959,69,A1,1,3,1,B2,BA,True,36,3A,SDC
9960,69,A1,1,4,0,B2,A2,True,36,31,SDC
9961,69,A1,1,4,1,B2,B2,False,36,36,Not activated
9962,69,A1,1,5,0,B2,92,True,36,30,SDC
9963,69,A1,1,5,1,B2,B2,False,36,36,Not activated
9964,69,A1,1,6,0,B2,B2,False,36,36,Not activated
9965,69,A1,1,6,1,B2,F2,True,36,6D,SDC
9966,69,A1,1,7,0,B2,32,True,36,1E,SDC
9967,69,A1,1,7,1,B2,B2,False,36,36,Not activated
9968,69,A2,2,0,0,B4,B4,False,36,36,Not activated
9969,69,A2,2,0,1,B4,B5,True,36,36,Masked
9970,69,A2,2,1,0,B4,B4,False,36,36,Not activated
9971,69,A2,2,1,1,B4,B6,True,36,37,SDC
9972,69,A2,2,2,0,B4,B0,True,36,34,SDC
9973,69,A2,2,2,1,B4,B4,False,36,36,Not activated
9974,69,A2,2,3,0,B4,B4,False,36,36,Not activated
9975,69,A2,2,3,1,B4,BC,True,36,3A,SDC
9976,69,A2,2,4,0,B4,A4,True,36,31,SDC
9977,69,A2,2,4,1,B4,B4,False,36,36,Not activated
9978,69,A2,2,5,0,B4,94,True,36,2F,SDC
9979,69,A2,2,5,1,B4,B4,False,36,36,Not activated
9980,69,A2,2,6,0,B4,B4,False,36,36,Not activated
9981,69,A2,2,6,1,B4,F4,True,36,6E,SDC
9982,69,A2,2,7,0,B4,34,True,36,06,SDC
9983,69,A2,2,7,1,B4,B4,False,36,36,Not activated
9984,69,A3,3,0,0,19,18,True,36,36,Masked
9985,69,A3,3,0,1,19,19,False,36,36,Not activated
9986,69,A3,3,1,0,19,19,False,36,36,Not activated
9987,69,A3,3,1,1,19,1B,True,36,36,Masked
9988,69,A3,3,2,0,19,19,False,36,36,Not activated
9989,69,A3,3,2,1,19,1D,True,36,36,Masked
9990,69,A3,3,3,0,19,11,True,36,36,Masked
9991,69,A3,3,3,1,19,19,False,36,36,Not activated
9992,69,A3,3,4,0,19,09,True,36,36,Masked
9993,69,A3,3,4,1,19,19,False,36,36,Not activated
9994,69,A3,3,5,0,19,19,False,36,36,Not activated
9995,69,A3,3,5,1,19,39,True,36,35,SDC
9996,69,A3,3,6,0,19,19,False,36,36,Not activated
9997,69,A3,3,6,1,19,59,True,36,2A,SDC
9998,69,A3,3,7,0,19,19,False,36,36,Not activated
9999,69,A3,3,7,1,19,99,True,36,36,Masked
10000,69,B0,4,0,0,30,30,False,36,36,Not activated
10001,69,B0,4,0,1,30,31,True,36,35,SDC
10002,69,B0,4,1,0,30,30,False,36,36,Not activated
10003,69,B0,4,1,1,30,32,True,36,35,SDC
10004,69,B0,4,2,0,30,30,False,36,36,Not activated
10005,69,B0,4,2,1,30,34,True,36,33,SDC
10006,69,B0,4,3,0,30,30,False,36,36,Not activated
10007,69,B0,4,3,1,30,38,True,36,30,SDC
10008,69,B0,4,4,0,30,20,True,36,39,SDC
10009,69,B0,4,4,1,30,30,False,36,36,Not activated
10010,69,B0,4,5,0,30,10,True,36,3A,SDC
10011,69,B0,4,5,1,30,30,False,36,36,Not activated
10012,69,B0,4,6,0,30,30,False,36,36,Not activated
10013,69,B0,4,6,1,30,70,True,36,EC,SDC
10014,69,B0,4,7,0,30,30,False,36,36,Not activated
10015,69,B0,4,7,1,30,B0,True,36,3D,SDC
10016,69,B1,5,0,0,B2,B2,False,36,36,Not activated
10017,69,B1,5,0,1,B2,B3,True,36,37,SDC
10018,69,B1,5,1,0,B2,B0,True,36,35,SDC
10019,69,B1,5,1,1,B2,B2,False,36,36,Not activated
10020,69,B1,5,2,0,B2,B2,False,36,36,Not activated
10021,69,B1,5,2,1,B2,B6,True,36,38,SDC
10022,69,B1,5,3,0,B2,B2,False,36,36,Not activated
10023,69,B1,5,3,1,B2,BA,True,36,3A,SDC
10024,69,B1,5,4,0,B2,A2,True,36,31,SDC
10025,69,B1,5,4,1,B2,B2,False,36,36,Not activated
10026,69,B1,5,5,0,B2,92,True,36,30,SDC
10027,69,B1,5,5,1,B2,B2,False,36,36,Not activated
10028,69,B1,5,6,0,B2,B2,False,36,36,Not activated
10029,69,B1,5,6,1,B2,F2,True,36,6D,SDC
10030,69,B1,5,7,0,B2,32,True,36,1E,SDC
10031,69,B1,5,7,1,B2,B2,False,36,36,Not activated
10032,69,B2,6,0,0,B1,B0,True,36,35,SDC
10033,69,B2,6,0,1,B1,B1,False,36,36,Not activated
10034,69,B2,6,1,0,B1,B1,False,36,36,Not activated
10035,69,B2,6,1,1,B1,B3,True,36,37,SDC
10036,69,B2,6,2,0,B1,B1,False,36,36,Not activated
10037,69,B2,6,2,1,B1,B5,True,36,38,SDC
10038,69,B2,6,3,0,B1,B1,False,36,36,Not activated
10039,69,B2,6,3,1,B1,B9,True,36,3A,SDC
10040,69,B2,6,4,0,B1,A1,True,36,31,SDC
10041,69,B2,6,4,1,B1,B1,False,36,36,Not activated
10042,69,B2,6,5,0,B1,91,True,36,2F,SDC
10043,69,B2,6,5,1,B1,B1,False,36,36,Not activated
10044,69,B2,6,6,0,B1,B1,False,36,36,Not activated
10045,69,B2,6,6,1,B1,F1,True,36,6E,SDC
10046,69,B2,6,7,0,B1,31,True,36,06,SDC
10047,69,B2,6,7,1,B1,B1,False,36,36,Not activated
10048,69,B3,7,0,0,90,90,False,36,36,Not activated
10049,69,B3,7,0,1,90,91,True,36,36,Masked
10050,69,B3,7,1,0,90,90,False,36,36,Not activated
10051,69,B3,7,1,1,90,92,True,36,36,Masked
10052,69,B3,7,2,0,90,90,False,36,36,Not activated
10053,69,B3,7,2,1,90,94,True,36,36,Masked
10054,69,B3,7,3,0,90,90,False,36,36,Not activated
10055,69,B3,7,3,1,90,98,True,36,36,Masked
10056,69,B3,7,4,0,90,80,True,36,36,Masked
10057,69,B3,7,4,1,90,90,False,36,36,Not activated
10058,69,B3,7,5,0,90,90,False,36,36,Not activated
10059,69,B3,7,5,1,90,B0,True,36,35,SDC
10060,69,B3,7,6,0,90,90,False,36,36,Not activated
10061,69,B3,7,6,1,90,D0,True,36,2A,SDC
10062,69,B3,7,7,0,90,10,True,36,36,Masked
10063,69,B3,7,7,1,90,90,False,36,36,Not activated
10064,69,C0,8,0,0,2E,2E,False,36,36,Not activated
10065,69,C0,8,0,1,2E,2F,True,36,37,SDC
10066,69,C0,8,1,0,2E,2C,True,36,35,SDC
10067,69,C0,8,1,1,2E,2E,False,36,36,Not activated
10068,69,C0,8,2,0,2E,2A,True,36,34,SDC
10069,69,C0,8,2,1,2E,2E,False,36,36,Not activated
10070,69,C0,8,3,0,2E,26,True,36,32,SDC
10071,69,C0,8,3,1,2E,2E,False,36,36,Not activated
10072,69,C0,8,4,0,2E,2E,False,36,36,Not activated
10073,69,C0,8,4,1,2E,3E,True,36,41,SDC
10074,69,C0,8,5,0,2E,0E,True,36,2F,SDC
10075,69,C0,8,5,1,2E,2E,False,36,36,Not activated
10076,69,C0,8,6,0,2E,2E,False,36,36,Not activated
10077,69,C0,8,6,1,2E,6E,True,36,6E,SDC
10078,69,C0,8,7,0,2E,2E,False,36,36,Not activated
10079,69,C0,8,7,1,2E,AE,True,36,89,SDC
10080,70,A0,0,0,0,37,36,True,32,32,Masked
10081,70,A0,0,0,1,37,37,False,32,32,Not activated
10082,70,A0,0,1,0,37,35,True,32,32,Masked
10083,70,A0,0,1,1,37,37,False,32,32,Not activated
10084,70,A0,0,2,0,37,33,True,32,33,SDC
10085,70,A0,0,2,1,37,37,False,32,32,Not activated
10086,70,A0,0,3,0,37,37,False,32,32,Not activated
10087,70,A0,0,3,1,37,3F,True,32,98,SDC
10088,70,A0,0,4,0,37,27,True,32,38,SDC
10089,70,A0,0,4,1,37,37,False,32,32,Not activated
10090,70,A0,0,5,0,37,17,True,32,39,SDC
10091,70,A0,0,5,1,37,37,False,32,32,Not activated
10092,70,A0,0,6,0,37,37,False,32,32,Not activated
10093,70,A0,0,6,1,37,77,True,32,F1,SDC
10094,70,A0,0,7,0,37,37,False,32,32,Not activated
10095,70,A0,0,7,1,37,B7,True,32,3E,SDC
10096,70,A1,1,0,0,15,14,True,32,32,Masked
10097,70,A1,1,0,1,15,15,False,32,32,Not activated
10098,70,A1,1,1,0,15,15,False,32,32,Not activated
10099,70,A1,1,1,1,15,17,True,32,30,SDC
10100,70,A1,1,2,0,15,11,True,32,32,Masked
10101,70,A1,1,2,1,15,15,False,32,32,Not activated
10102,70,A1,1,3,0,15,15,False,32,32,Not activated
10103,70,A1,1,3,1,15,1D,True,32,30,SDC
10104,70,A1,1,4,0,15,05,True,32,32,Masked
10105,70,A1,1,4,1,15,15,False,32,32,Not activated
10106,70,A1,1,5,0,15,15,False,32,32,Not activated
10107,70,A1,1,5,1,15,35,True,32,20,SDC
10108,70,A1,1,6,0,15,15,False,32,32,Not activated
10109,70,A1,1,6,1,15,55,True,32,CD,SDC
10110,70,A1,1,7,0,15,15,False,32,32,Not activated
10111,70,A1,1,7,1,15,95,True,32,32,Masked
10112,70,A2,2,0,0,AE,AE,False,32,32,Not activated
10113,70,A2,2,0,1,AE,AF,True,32,32,Masked
10114,70,A2,2,1,0,AE,AC,True,32,31,SDC
10115,70,A2,2,1,1,AE,AE,False,32,32,Not activated
10116,70,A2,2,2,0,AE,AA,True,32,30,SDC
10117,70,A2,2,2,1,AE,AE,False,32,32,Not activated
10118,70,A2,2,3,0,AE,A6,True,32,2E,SDC
10119,70,A2,2,3,1,AE,AE,False,32,32,Not activated
10120,70,A2,2,4,0,AE,AE,False,32,32,Not activated
10121,70,A2,2,4,1,AE,BE,True,32,3C,SDC
10122,70,A2,2,5,0,AE,8E,True,32,2B,SDC
10123,70,A2,2,5,1,AE,AE,False,32,32,Not activated
10124,70,A2,2,6,0,AE,AE,False,32,32,Not activated
10125,70,A2,2,6,1,AE,EE,True,32,69,SDC
10126,70,A2,2,7,0,AE,2E,True,32,18,SDC
10127,70,A2,2,7,1,AE,AE,False,32,32,Not activated
10128,70,A3,3,0,0,B5,B4,True,32,30,SDC
10129,70,A3,3,0,1,B5,B5,False,32,32,Not activated
10130,70,A3,3,1,0,B5,B5,False,32,32,Not activated
10131,70,A3,3,1,1,B5,B7,True,32,34,SDC
10132,70,A3,3,2,0,B5,B1,True,32,2B,SDC
10133,70,A3,3,2,1,B5,B5,False,32,32,Not activated
10134,70,A3,3,3,0,B5,B5,False,32,32,Not activated
10135,70,A3,3,3,1,B5,BD,True,32,3B,SDC
10136,70,A3,3,4,0,B5,A5,True,32,88,SDC
10137,70,A3,3,4,1,B5,B5,False,32,32,Not activated
10138,70,A3,3,5,0,B5,95,True,32,A3,SDC
10139,70,A3,3,5,1,B5,B5,False,32,32,Not activated
10140,70,A3,3,6,0,B5,B5,False,32,32,Not activated
10141,70,A3,3,6,1,B5,F5,True,32,75,SDC
10142,70,A3,3,7,0,B5,35,True,32,B8,SDC
10143,70,A3,3,7,1,B5,B5,False,32,32,Not activated
10144,70,B0,4,0,0,B2,B2,False,32,32,Not activated
10145,70,B0,4,0,1,B2,B3,True,32,30,SDC
10146,70,B0,4,1,0,B2,B0,True,32,32,Masked
10147,70,B0,4,1,1,B2,B2,False,32,32,Not activated
10148,70,B0,4,2,0,B2,B2,False,32,32,Not activated
10149,70,B0,4,2,1,B2,B6,True,32,2B,SDC
10150,70,B0,4,3,0,B2,B2,False,32,32,Not activated
10151,70,B0,4,3,1,B2,BA,True,32,98,SDC
10152,70,B0,4,4,0,B2,A2,True,32,38,SDC
10153,70,B0,4,4,1,B2,B2,False,32,32,Not activated
10154,70,B0,4,5,0,B2,92,True,32,39,SDC
10155,70,B0,4,5,1,B2,B2,False,32,32,Not activated
10156,70,B0,4,6,0,B2,B2,False,32,32,Not activated
10157,70,B0,4,6,1,B2,F2,True,32,F1,SDC
10158,70,B0,4,7,0,B2,32,True,32,3E,SDC
10159,70,B0,4,7,1,B2,B2,False,32,32,Not activated
10160,70,B1,5,0,0,B1,B0,True,32,32,Masked
10161,70,B1,5,0,1,B1,B1,False,32,32,Not activated
10162,70,B1,5,1,0,B1,B1,False,32,32,Not activated
10163,70,B1,5,1,1,B1,B3,True,32,30,SDC
10164,70,B1,5,2,0,B1,B1,False,32,32,Not activated
10165,70,B1,5,2,1,B1,B5,True,32,30,SDC
10166,70,B1,5,3,0,B1,B1,False,32,32,Not activated
10167,70,B1,5,3,1,B1,B9,True,32,30,SDC
10168,70,B1,5,4,0,B1,A1,True,32,32,Masked
10169,70,B1,5,4,1,B1,B1,False,32,32,Not activated
10170,70,B1,5,5,0,B1,91,True,32,32,Masked
10171,70,B1,5,5,1,B1,B1,False,32,32,Not activated
10172,70,B1,5,6,0,B1,B1,False,32,32,Not activated
10173,70,B1,5,6,1,B1,F1,True,32,CD,SDC
10174,70,B1,5,7,0,B1,31,True,32,32,Masked
10175,70,B1,5,7,1,B1,B1,False,32,32,Not activated
10176,70,B2,6,0,0,B2,B2,False,32,32,Not activated
10177,70,B2,6,0,1,B2,B3,True,32,32,Masked
10178,70,B2,6,1,0,B2,B0,True,32,30,SDC
10179,70,B2,6,1,1,B2,B2,False,32,32,Not activated
10180,70,B2,6,2,0,B2,B2,False,32,32,Not activated
10181,70,B2,6,2,1,B2,B6,True,32,33,SDC
10182,70,B2,6,3,0,B2,B2,False,32,32,Not activated
10183,70,B2,6,3,1,B2,BA,True,32,36,SDC
10184,70,B2,6,4,0,B2,A2,True,32,2C,SDC
10185,70,B2,6,4,1,B2,B2,False,32,32,Not activated
10186,70,B2,6,5,0,B2,92,True,32,2B,SDC
10187,70,B2,6,5,1,B2,B2,False,32,32,Not activated
10188,70,B2,6,6,0,B2,B2,False,32,32,Not activated
10189,70,B2,6,6,1,B2,F2,True,32,69,SDC
10190,70,B2,6,7,0,B2,32,True,32,18,SDC
10191,70,B2,6,7,1,B2,B2,False,32,32,Not activated
10192,70,B3,7,0,0,B8,B8,False,32,32,Not activated
10193,70,B3,7,0,1,B8,B9,True,32,33,SDC
10194,70,B3,7,1,0,B8,B8,False,32,32,Not activated
10195,70,B3,7,1,1,B8,BA,True,32,35,SDC
10196,70,B3,7,2,0,B8,B8,False,32,32,Not activated
10197,70,B3,7,2,1,B8,BC,True,32,38,SDC
10198,70,B3,7,3,0,B8,B0,True,32,24,SDC
10199,70,B3,7,3,1,B8,B8,False,32,32,Not activated
10200,70,B3,7,4,0,B8,A8,True,32,88,SDC
10201,70,B3,7,4,1,B8,B8,False,32,32,Not activated
10202,70,B3,7,5,0,B8,98,True,32,A3,SDC
10203,70,B3,7,5,1,B8,B8,False,32,32,Not activated
10204,70,B3,7,6,0,B8,B8,False,32,32,Not activated
10205,70,B3,7,6,1,B8,F8,True,32,78,SDC
10206,70,B3,7,7,0,B8,38,True,32,B8,SDC
10207,70,B3,7,7,1,B8,B8,False,32,32,Not activated
10208,70,C0,8,0,0,19,18,True,32,32,Masked
10209,70,C0,8,0,1,19,19,False,32,32,Not activated
10210,70,C0,8,1,0,19,19,False,32,32,Not activated
10211,70,C0,8,1,1,19,1B,True,32,32,Masked
10212,70,C0,8,2,0,19,19,False,32,32,Not activated
10213,70,C0,8,2,1,19,1D,True,32,32,Masked
10214,70,C0,8,3,0,19,11,True,32,30,SDC
10215,70,C0,8,3,1,19,19,False,32,32,Not activated
10216,70,C0,8,4,0,19,09,True,32,30,SDC
10217,70,C0,8,4,1,19,19,False,32,32,Not activated
10218,70,C0,8,5,0,19,19,False,32,32,Not activated
10219,70,C0,8,5,1,19,39,True,32,3D,SDC
10220,70,C0,8,6,0,19,19,False,32,32,Not activated
10221,70,C0,8,6,1,19,59,True,32,59,SDC
10222,70,C0,8,7,0,19,19,False,32,32,Not activated
10223,70,C0,8,7,1,19,99,True,32,2F,SDC
10224,71,A0,0,0,0,AE,AE,False,3B,3B,Not activated
10225,71,A0,0,0,1,AE,AF,True,3B,3C,SDC
10226,71,A0,0,1,0,AE,AC,True,3B,3B,Masked
10227,71,A0,0,1,1,AE,AE,False,3B,3B,Not activated
10228,71,A0,0,2,0,AE,AA,True,3B,3B,Masked
10229,71,A0,0,2,1,AE,AE,False,3B,3B,Not activated
10230,71,A0,0,3,0,AE,A6,True,3B,3A,SDC
10231,71,A0,0,3,1,AE,AE,False,3B,3B,Not activated
10232,71,A0,0,4,0,AE,AE,False,3B,3B,Not activated
10233,71,A0,0,4,1,AE,BE,True,3B,42,SDC
10234,71,A0,0,5,0,AE,8E,True,3B,39,SDC
10235,71,A0,0,5,1,AE,AE,False,3B,3B,Not activated
10236,71,A0,0,6,0,AE,AE,False,3B,3B,Not activated
10237,71,A0,0,6,1,AE,EE,True,3B,6B,SDC
10238,71,A0,0,7,0,AE,2E,True,3B,35,SDC
10239,71,A0,0,7,1,AE,AE,False,3B,3B,Not activated
10240,71,A1,1,0,0,37,36,True,3B,3B,Masked
10241,71,A1,1,0,1,37,37,False,3B,3B,Not activated
10242,71,A1,1,1,0,37,35,True,3B,3B,Masked
10243,71,A1,1,1,1,37,37,False,3B,3B,Not activated
10244,71,A1,1,2,0,37,33,True,3B,3A,SDC
10245,71,A1,1,2,1,37,37,False,3B,3B,Not activated
10246,71,A1,1,3,0,37,37,False,3B,3B,Not activated
10247,71,A1,1,3,1,37,3F,True,3B,41,SDC
10248,71,A1,1,4,0,37,27,True,3B,37,SDC
10249,71,A1,1,4,1,37,37,False,3B,3B,Not activated
10250,71,A1,1,5,0,37,17,True,3B,35,SDC
10251,71,A1,1,5,1,37,37,False,3B,3B,Not activated
10252,71,A1,1,6,0,37,37,False,3B,3B,Not activated
10253,71,A1,1,6,1,37,77,True,3B,73,SDC
10254,71,A1,1,7,0,37,37,False,3B,3B,Not activated
10255,71,A1,1,7,1,37,B7,True,3B,19,SDC
10256,71,A2,2,0,0,1E,1E,False,3B,3B,Not activated
10257,71,A2,2,0,1,1E,1F,True,3B,3B,Masked
10258,71,A2,2,1,0,1E,1C,True,3B,3B,Masked
10259,71,A2,2,1,1,1E,1E,False,3B,3B,Not activated
10260,71,A2,2,2,0,1E,1A,True,3B,3B,Masked
10261,71,A2,2,2,1,1E,1E,False,3B,3B,Not activated
10262,71,A2,2,3,0,1E,16,True,3B,3B,Masked
10263,71,A2,2,3,1,1E,1E,False,3B,3B,Not activated
10264,71,A2,2,4,0,1E,0E,True,3B,3B,Masked
10265,71,A2,2,4,1,1E,1E,False,3B,3B,Not activated
10266,71,A2,2,5,0,1E,1E,False,3B,3B,Not activated
10267,71,A2,2,5,1,1E,3E,True,3B,3B,Masked
10268,71,A2,2,6,0,1E,1E,False,3B,3B,Not activated
10269,71,A2,2,6,1,1E,5E,True,3B,37,SDC
10270,71,A2,2,7,0,1E,1E,False,3B,3B,Not activated
10271,71,A2,2,7,1,1E,9E,True,3B,3B,Masked
10272,71,A3,3,0,0,2D,2C,True,3B,3B,Masked
10273,71,A3,3,0,1,2D,2D,False,3B,3B,Not activated
10274,71,A3,3,1,0,2D,2D,False,3B,3B,Not activated
10275,71,A3,3,1,1,2D,2F,True,3B,3C,SDC
10276,71,A3,3,2,0,2D,29,True,3B,3B,Masked
10277,71,A3,3,2,1,2D,2D,False,3B,3B,Not activated
10278,71,A3,3,3,0,2D,25,True,3B,3A,SDC
10279,71,A3,3,3,1,2D,2D,False,3B,3B,Not activated
10280,71,A3,3,4,0,2D,2D,False,3B,3B,Not activated
10281,71,A3,3,4,1,2D,3D,True,3B,41,SDC
10282,71,A3,3,5,0,2D,0D,True,3B,39,SDC
10283,71,A3,3,5,1,2D,2D,False,3B,3B,Not activated
10284,71,A3,3,6,0,2D,2D,False,3B,3B,Not activated
10285,71,A3,3,6,1,2D,6D,True,3B,6A,SDC
10286,71,A3,3,7,0,2D,2D,False,3B,3B,Not activated
10287,71,A3,3,7,1,2D,AD,True,3B,35,SDC
10288,71,B0,4,0,0,B4,B4,False,3B,3B,Not activated
10289,71,B0,4,0,1,B4,B5,True,3B,3C,SDC
10290,71,B0,4,1,0,B4,B4,False,3B,3B,Not activated
10291,71,B0,4,1,1,B4,B6,True,3B,3C,SDC
10292,71,B0,4,2,0,B4,B0,True,3B,3B,Masked
10293,71,B0,4,2,1,B4,B4,False,3B,3B,Not activated
10294,71,B0,4,3,0,B4,B4,False,3B,3B,Not activated
10295,71,B0,4,3,1,B4,BC,True,3B,3E,SDC
10296,71,B0,4,4,0,B4,A4,True,3B,3A,SDC
10297,71,B0,4,4,1,B4,B4,False,3B,3B,Not activated
10298,71,B0,4,5,0,B4,94,True,3B,39,SDC
10299,71,B0,4,5,1,B4,B4,False,3B,3B,Not activated
10300,71,B0,4,6,0,B4,B4,False,3B,3B,Not activated
10301,71,B0,4,6,1,B4,F4,True,3B,6B,SDC
10302,71,B0,4,7,0,B4,34,True,3B,35,SDC
10303,71,B0,4,7,1,B4,B4,False,3B,3B,Not activated
10304,71,B1,5,0,0,34,34,False,3B,3B,Not activated
10305,71,B1,5,0,1,34,35,True,3B,3C,SDC
10306,71,B1,5,1,0,34,34,False,3B,3B,Not activated
10307,71,B1,5,1,1,34,36,True,3B,3C,SDC
10308,71,B1,5,2,0,34,30,True,3B,3A,SDC
10309,71,B1,5,2,1,34,34,False,3B,3B,Not activated
10310,71,B1,5,3,0,34,34,False,3B,3B,Not activated
10311,71,B1,5,3,1,34,3C,True,3B,41,SDC
10312,71,B1,5,4,0,34,24,True,3B,37,SDC
10313,71,B1,5,4,1,34,34,False,3B,3B,Not activated
10314,71,B1,5,5,0,34,14,True,3B,35,SDC
10315,71,B1,5,5,1,34,34,False,3B,3B,Not activated
10316,71,B1,5,6,0,34,34,False,3B,3B,Not activated
10317,71,B1,5,6,1,34,74,True,3B,73,SDC
10318,71,B1,5,7,0,34,34,False,3B,3B,Not activated
10319,71,B1,5,7,1,34,B4,True,3B,19,SDC
10320,71,B2,6,0,0,89,88,True,3B,3B,Masked
10321,71,B2,6,0,1,89,89,False,3B,3B,Not activated
10322,71,B2,6,1,0,89,89,False,3B,3B,Not activated
10323,71,B2,6,1,1,89,8B,True,3B,3B,Masked
10324,71,B2,6,2,0,89,89,False,3B,3B,Not activated
10325,71,B2,6,2,1,89,8D,True,3B,3B,Masked
10326,71,B2,6,3,0,89,81,True,3B,3B,Masked
10327,71,B2,6,3,1,89,89,False,3B,3B,Not activated
10328,71,B2,6,4,0,89,89,False,3B,3B,Not activated
10329,71,B2,6,4,1,89,99,True,3B,3B,Masked
10330,71,B2,6,5,0,89,89,False,3B,3B,Not activated
10331,71,B2,6,5,1,89,A9,True,3B,3B,Masked
10332,71,B2,6,6,0,89,89,False,3B,3B,Not activated
10333,71,B2,6,6,1,89,C9,True,3B,37,SDC
10334,71,B2,6,7,0,89,09,True,3B,3B,Masked
10335,71,B2,6,7,1,89,89,False,3B,3B,Not activated
10336,71,B3,7,0,0,34,34,False,3B,3B,Not activated
10337,71,B3,7,0,1,34,35,True,3B,3C,SDC
10338,71,B3,7,1,0,34,34,False,3B,3B,Not activated
10339,71,B3,7,1,1,34,36,True,3B,3C,SDC
10340,71,B3,7,2,0,34,30,True,3B,3B,Masked
10341,71,B3,7,2,1,34,34,False,3B,3B,Not activated
10342,71,B3,7,3,0,34,34,False,3B,3B,Not activated
10343,71,B3,7,3,1,34,3C,True,3B,3E,SDC
10344,71,B3,7,4,0,34,24,True,3B,3A,SDC
10345,71,B3,7,4,1,34,34,False,3B,3B,Not activated
10346,71,B3,7,5,0,34,14,True,3B,39,SDC
10347,71,B3,7,5,1,34,34,False,3B,3B,Not activated
10348,71,B3,7,6,0,34,34,False,3B,3B,Not activated
10349,71,B3,7,6,1,34,74,True,3B,6A,SDC
10350,71,B3,7,7,0,34,34,False,3B,3B,Not activated
10351,71,B3,7,7,1,34,B4,True,3B,35,SDC
10352,71,C0,8,0,0,21,20,True,3B,3B,Masked
10353,71,C0,8,0,1,21,21,False,3B,3B,Not activated
10354,71,C0,8,1,0,21,21,False,3B,3B,Not activated
10355,71,C0,8,1,1,21,23,True,3B,3C,SDC
10356,71,C0,8,2,0,21,21,False,3B,3B,Not activated
10357,71,C0,8,2,1,21,25,True,3B,3C,SDC
10358,71,C0,8,3,0,21,21,False,3B,3B,Not activated
10359,71,C0,8,3,1,21,29,True,3B,3D,SDC
10360,71,C0,8,4,0,21,21,False,3B,3B,Not activated
10361,71,C0,8,4,1,21,31,True,3B,3F,SDC
10362,71,C0,8,5,0,21,01,True,3B,3A,SDC
10363,71,C0,8,5,1,21,21,False,3B,3B,Not activated
10364,71,C0,8,6,0,21,21,False,3B,3B,Not activated
10365,71,C0,8,6,1,21,61,True,3B,61,SDC
10366,71,C0,8,7,0,21,21,False,3B,3B,Not activated
10367,71,C0,8,7,1,21,A1,True,3B,39,SDC
10368,72,A0,0,0,0,98,98,False,BA,BA,Not activated
10369,72,A0,0,0,1,98,99,True,BA,BA,Masked
10370,72,A0,0,1,0,98,98,False,BA,BA,Not activated
10371,72,A0,0,1,1,98,9A,True,BA,BA,Masked
10372,72,A0,0,2,0,98,98,False,BA,BA,Not activated
10373,72,A0,0,2,1,98,9C,True,BA,BA,Masked
10374,72,A0,0,3,0,98,90,True,BA,B9,SDC
10375,72,A0,0,3,1,98,98,False,BA,BA,Not activated
10376,72,A0,0,4,0,98,88,True,BA,B9,SDC
10377,72,A0,0,4,1,98,98,False,BA,BA,Not activated
10378,72,A0,0,5,0,98,98,False,BA,BA,Not activated
10379,72,A0,0,5,1,98,B8,True,BA,C0,SDC
10380,72,A0,0,6,0,98,98,False,BA,BA,Not activated
10381,72,A0,0,6,1,98,D8,True,BA,D7,SDC
10382,72,A0,0,7,0,98,18,True,BA,B9,SDC
10383,72,A0,0,7,1,98,98,False,BA,BA,Not activated
10384,72,A1,1,0,0,9F,9E,True,BA,BA,Masked
10385,72,A1,1,0,1,9F,9F,False,BA,BA,Not activated
10386,72,A1,1,1,0,9F,9D,True,BA,BA,Masked
10387,72,A1,1,1,1,9F,9F,False,BA,BA,Not activated
10388,72,A1,1,2,0,9F,9B,True,BA,BA,Masked
10389,72,A1,1,2,1,9F,9F,False,BA,BA,Not activated
10390,72,A1,1,3,0,9F,97,True,BA,BA,Masked
10391,72,A1,1,3,1,9F,9F,False,BA,BA,Not activated
10392,72,A1,1,4,0,9F,8F,True,BA,BA,Masked
10393,72,A1,1,4,1,9F,9F,False,BA,BA,Not activated
10394,72,A1,1,5,0,9F,9F,False,BA,BA,Not activated
10395,72,A1,1,5,1,9F,BF,True,BA,B9,SDC
10396,72,A1,1,6,0,9F,9F,False,BA,BA,Not activated
10397,72,A1,1,6,1,9F,DF,True,BA,20,SDC
10398,72,A1,1,7,0,9F,1F,True,BA,BA,Masked
10399,72,A1,1,7,1,9F,9F,False,BA,BA,Not activated
10400,72,A2,2,0,0,B2,B2,False,BA,BA,Not activated
10401,72,A2,2,0,1,B2,B3,True,BA,BA,Masked
10402,72,A2,2,1,0,B2,B0,True,BA,B9,SDC
10403,72,A2,2,1,1,B2,B2,False,BA,BA,Not activated
10404,72,A2,2,2,0,B2,B2,False,BA,BA,Not activated
10405,72,A2,2,2,1,B2,B6,True,BA,BB,SDC
10406,72,A2,2,3,0,B2,B2,False,BA,BA,Not activated
10407,72,A2,2,3,1,B2,BA,True,BA,BD,SDC
10408,72,A2,2,4,0,B2,A2,True,BA,B5,SDC
10409,72,A2,2,4,1,B2,B2,False,BA,BA,Not activated
10410,72,A2,2,5,0,B2,92,True,BA,B4,SDC
10411,72,A2,2,5,1,B2,B2,False,BA,BA,Not activated
10412,72,A2,2,6,0,B2,B2,False,BA,BA,Not activated
10413,72,A2,2,6,1,B2,F2,True,BA,ED,SDC
10414,72,A2,2,7,0,B2,32,True,BA,AC,SDC
10415,72,A2,2,7,1,B2,B2,False,BA,BA,Not activated
10416,72,A3,3,0,0,B6,B6,False,BA,BA,Not activated
10417,72,A3,3,0,1,B6,B7,True,BA,B9,SDC
10418,72,A3,3,1,0,B6,B4,True,BA,BA,Masked
10419,72,A3,3,1,1,B6,B6,False,BA,BA,Not activated
10420,72,A3,3,2,0,B6,B2,True,BA,BA,Masked
10421,72,A3,3,2,1,B6,B6,False,BA,BA,Not activated
10422,72,A3,3,3,0,B6,B6,False,BA,BA,Not activated
10423,72,A3,3,3,1,B6,BE,True,BA,B8,SDC
10424,72,A3,3,4,0,B6,A6,True,BA,BB,SDC
10425,72,A3,3,4,1,B6,B6,False,BA,BA,Not activated
10426,72,A3,3,5,0,B6,96,True,BA,BB,SDC
10427,72,A3,3,5,1,B6,B6,False,BA,BA,Not activated
10428,72,A3,3,6,0,B6,B6,False,BA,BA,Not activated
10429,72,A3,3,6,1,B6,F6,True,BA,63,SDC
10430,72,A3,3,7,0,B6,36,True,BA,BC,SDC
10431,72,A3,3,7,1,B6,B6,False,BA,BA,Not activated
10432,72,B0,4,0,0,36,36,False,BA,BA,Not activated
10433,72,B0,4,0,1,36,37,True,BA,BA,Masked
10434,72,B0,4,1,0,36,34,True,BA,BA,Masked
10435,72,B0,4,1,1,36,36,False,BA,BA,Not activated
10436,72,B0,4,2,0,36,32,True,BA,BA,Masked
10437,72,B0,4,2,1,36,36,False,BA,BA,Not activated
10438,72,B0,4,3,0,36,36,False,BA,BA,Not activated
10439,72,B0,4,3,1,36,3E,True,BA,BA,Masked
10440,72,B0,4,4,0,36,26,True,BA,B9,SDC
10441,72,B0,4,4,1,36,36,False,BA,BA,Not activated
10442,72,B0,4,5,0,36,16,True,BA,B9,SDC
10443,72,B0,4,5,1,36,36,False,BA,BA,Not activated
10444,72,B0,4,6,0,36,36,False,BA,BA,Not activated
10445,72,B0,4,6,1,36,76,True,BA,D7,SDC
10446,72,B0,4,7,0,36,36,False,BA,BA,Not activated
10447,72,B0,4,7,1,36,B6,True,BA,B9,SDC
10448,72,B1,5,0,0,93,92,True,BA,BA,Masked
10449,72,B1,5,0,1,93,93,False,BA,BA,Not activated
10450,72,B1,5,1,0,93,91,True,BA,BA,Masked
10451,72,B1,5,1,1,93,93,False,BA,BA,Not activated
10452,72,B1,5,2,0,93,93,False,BA,BA,Not activated
10453,72,B1,5,2,1,93,97,True,BA,BA,Masked
10454,72,B1,5,3,0,93,93,False,BA,BA,Not activated
10455,72,B1,5,3,1,93,9B,True,BA,BA,Masked
10456,72,B1,5,4,0,93,83,True,BA,BA,Masked
10457,72,B1,5,4,1,93,93,False,BA,BA,Not activated
10458,72,B1,5,5,0,93,93,False,BA,BA,Not activated
10459,72,B1,5,5,1,93,B3,True,BA,B9,SDC
10460,72,B1,5,6,0,93,93,False,BA,BA,Not activated
10461,72,B1,5,6,1,93,D3,True,BA,20,SDC
10462,72,B1,5,7,0,93,13,True,BA,BA,Masked
10463,72,B1,5,7,1,93,93,False,BA,BA,Not activated
10464,72,B2,6,0,0,32,32,False,BA,BA,Not activated
10465,72,B2,6,0,1,32,33,True,BA,BA,Masked
10466,72,B2,6,1,0,32,30,True,BA,B9,SDC
10467,72,B2,6,1,1,32,32,False,BA,BA,Not activated
10468,72,B2,6,2,0,32,32,False,BA,BA,Not activated
10469,72,B2,6,2,1,32,36,True,BA,BB,SDC
10470,72,B2,6,3,0,32,32,False,BA,BA,Not activated
10471,72,B2,6,3,1,32,3A,True,BA,BD,SDC
10472,72,B2,6,4,0,32,22,True,BA,B5,SDC
10473,72,B2,6,4,1,32,32,False,BA,BA,Not activated
10474,72,B2,6,5,0,32,12,True,BA,B4,SDC
10475,72,B2,6,5,1,32,32,False,BA,BA,Not activated
10476,72,B2,6,6,0,32,32,False,BA,BA,Not activated
10477,72,B2,6,6,1,32,72,True,BA,ED,SDC
10478,72,B2,6,7,0,32,32,False,BA,BA,Not activated
10479,72,B2,6,7,1,32,B2,True,BA,AC,SDC
10480,72,B3,7,0,0,A5,A4,True,BA,BA,Masked
10481,72,B3,7,0,1,A5,A5,False,BA,BA,Not activated
10482,72,B3,7,1,0,A5,A5,False,BA,BA,Not activated
10483,72,B3,7,1,1,A5,A7,True,BA,B9,SDC
10484,72,B3,7,2,0,A5,A1,True,BA,BA,Masked
10485,72,B3,7,2,1,A5,A5,False,BA,BA,Not activated
10486,72,B3,7,3,0,A5,A5,False,BA,BA,Not activated
10487,72,B3,7,3,1,A5,AD,True,BA,B8,SDC
10488,72,B3,7,4,0,A5,A5,False,BA,BA,Not activated
10489,72,B3,7,4,1,A5,B5,True,BA,B3,SDC
10490,72,B3,7,5,0,A5,85,True,BA,BB,SDC
10491,72,B3,7,5,1,A5,A5,False,BA,BA,Not activated
10492,72,B3,7,6,0,A5,A5,False,BA,BA,Not activated
10493,72,B3,7,6,1,A5,E5,True,BA,63,SDC
10494,72,B3,7,7,0,A5,25,True,BA,BC,SDC
10495,72,B3,7,7,1,A5,A5,False,BA,BA,Not activated
10496,72,C0,8,0,0,B6,B6,False,BA,BA,Not activated
10497,72,C0,8,0,1,B6,B7,True,BA,BA,Masked
10498,72,C0,8,1,0,B6,B4,True,BA,B9,SDC
10499,72,C0,8,1,1,B6,B6,False,BA,BA,Not activated
10500,72,C0,8,2,0,B6,B2,True,BA,B7,SDC
10501,72,C0,8,2,1,B6,B6,False,BA,BA,Not activated
10502,72,C0,8,3,0,B6,B6,False,BA,BA,Not activated
10503,72,C0,8,3,1,B6,BE,True,BA,C0,SDC
10504,72,C0,8,4,0,B6,A6,True,BA,B0,SDC
10505,72,C0,8,4,1,B6,B6,False,BA,BA,Not activated
10506,72,C0,8,5,0,B6,96,True,BA,AA,SDC
10507,72,C0,8,5,1,B6,B6,False,BA,BA,Not activated
10508,72,C0,8,6,0,B6,B6,False,BA,BA,Not activated
10509,72,C0,8,6,1,B6,F6,True,BA,F6,SDC
10510,72,C0,8,7,0,B6,36,True,BA,32,SDC
10511,72,C0,8,7,1,B6,B6,False,BA,BA,Not activated
10512,73,A0,0,0,0,28,28,False,A3,A3,Not activated
10513,73,A0,0,0,1,28,29,True,A3,A3,Masked
10514,73,A0,0,1,0,28,28,False,A3,A3,Not activated
10515,73,A0,0,1,1,28,2A,True,A3,A3,Masked
10516,73,A0,0,2,0,28,28,False,A3,A3,Not activated
10517,73,A0,0,2,1,28,2C,True,A3,A8,SDC
10518,73,A0,0,3,0,28,20,True,A3,9E,SDC
10519,73,A0,0,3,1,28,28,False,A3,A3,Not activated
10520,73,A0,0,4,0,28,28,False,A3,A3,Not activated
10521,73,A0,0,4,1,28,38,True,A3,AE,SDC
10522,73,A0,0,5,0,28,08,True,A3,94,SDC
10523,73,A0,0,5,1,28,28,False,A3,A3,Not activated
10524,73,A0,0,6,0,28,28,False,A3,A3,Not activated
10525,73,A0,0,6,1,28,68,True,A3,DD,SDC
10526,73,A0,0,7,0,28,28,False,A3,A3,Not activated
10527,73,A0,0,7,1,28,A8,True,A3,08,SDC
10528,73,A1,1,0,0,B6,B6,False,A3,A3,Not activated
10529,73,A1,1,0,1,B6,B7,True,A3,A8,SDC
10530,73,A1,1,1,0,B6,B4,True,A3,94,SDC
10531,73,A1,1,1,1,B6,B6,False,A3,A3,Not activated
10532,73,A1,1,2,0,B6,B2,True,A3,1A,SDC
10533,73,A1,1,2,1,B6,B6,False,A3,A3,Not activated
10534,73,A1,1,3,0,B6,B6,False,A3,A3,Not activated
10535,73,A1,1,3,1,B6,BE,True,A3,B8,SDC
10536,73,A1,1,4,0,B6,A6,True,A3,2F,SDC
10537,73,A1,1,4,1,B6,B6,False,A3,A3,Not activated
10538,73,A1,1,5,0,B6,96,True,A3,32,SDC
10539,73,A1,1,5,1,B6,B6,False,A3,A3,Not activated
10540,73,A1,1,6,0,B6,B6,False,A3,A3,Not activated
10541,73,A1,1,6,1,B6,F6,True,A3,F6,SDC
10542,73,A1,1,7,0,B6,36,True,A3,3C,SDC
10543,73,A1,1,7,1,B6,B6,False,A3,A3,Not activated
10544,73,A2,2,0,0,B3,B2,True,A3,A6,SDC
10545,73,A2,2,0,1,B3,B3,False,A3,A3,Not activated
10546,73,A2,2,1,0,B3,B1,True,A3,A8,SDC
10547,73,A2,2,1,1,B3,B3,False,A3,A3,Not activated
10548,73,A2,2,2,0,B3,B3,False,A3,A3,Not activated
10549,73,A2,2,2,1,B3,B7,True,A3,08,SDC
10550,73,A2,2,3,0,B3,B3,False,A3,A3,Not activated
10551,73,A2,2,3,1,B3,BB,True,A3,2B,SDC
10552,73,A2,2,4,0,B3,A3,True,A3,B1,SDC
10553,73,A2,2,4,1,B3,B3,False,A3,A3,Not activated
10554,73,A2,2,5,0,B3,93,True,A3,B2,SDC
10555,73,A2,2,5,1,B3,B3,False,A3,A3,Not activated
10556,73,A2,2,6,0,B3,B3,False,A3,A3,Not activated
10557,73,A2,2,6,1,B3,F3,True,A3,70,SDC
10558,73,A2,2,7,0,B3,33,True,A3,BA,SDC
10559,73,A2,2,7,1,B3,B3,False,A3,A3,Not activated
10560,73,A3,3,0,0,20,20,False,A3,A3,Not activated
10561,73,A3,3,0,1,20,21,True,A3,A2,SDC
10562,73,A3,3,1,0,20,20,False,A3,A3,Not activated
10563,73,A3,3,1,1,20,22,True,A3,A2,SDC
10564,73,A3,3,2,0,20,20,False,A3,A3,Not activated
10565,73,A3,3,2,1,20,24,True,A3,A1,SDC
10566,73,A3,3,3,0,20,20,False,A3,A3,Not activated
10567,73,A3,3,3,1,20,28,True,A3,9E,SDC
10568,73,A3,3,4,0,20,20,False,A3,A3,Not activated
10569,73,A3,3,4,1,20,30,True,A3,08,SDC
10570,73,A3,3,5,0,20,00,True,A3,A7,SDC
10571,73,A3,3,5,1,20,20,False,A3,A3,Not activated
10572,73,A3,3,6,0,20,20,False,A3,A3,Not activated
10573,73,A3,3,6,1,20,60,True,A3,58,SDC
10574,73,A3,3,7,0,20,20,False,A3,A3,Not activated
10575,73,A3,3,7,1,20,A0,True,A3,AA,SDC
10576,73,B0,4,0,0,AD,AC,True,A3,A3,Masked
10577,73,B0,4,0,1,AD,AD,False,A3,A3,Not activated
10578,73,B0,4,1,0,AD,AD,False,A3,A3,Not activated
10579,73,B0,4,1,1,AD,AF,True,A3,A3,Masked
10580,73,B0,4,2,0,AD,A9,True,A3,A3,Masked
10581,73,B0,4,2,1,AD,AD,False,A3,A3,Not activated
10582,73,B0,4,3,0,AD,A5,True,A3,9E,SDC
10583,73,B0,4,3,1,AD,AD,False,A3,A3,Not activated
10584,73,B0,4,4,0,AD,AD,False,A3,A3,Not activated
10585,73,B0,4,4,1,AD,BD,True,A3,AE,SDC
10586,73,B0,4,5,0,AD,8D,True,A3,94,SDC
10587,73,B0,4,5,1,AD,AD,False,A3,A3,Not activated
10588,73,B0,4,6,0,AD,AD,False,A3,A3,Not activated
10589,73,B0,4,6,1,AD,ED,True,A3,DD,SDC
10590,73,B0,4,7,0,AD,2D,True,A3,08,SDC
10591,73,B0,4,7,1,AD,AD,False,A3,A3,Not activated
10592,73,B1,5,0,0,38,38,False,A3,A3,Not activated
10593,73,B1,5,0,1,38,39,True,A3,AA,SDC
10594,73,B1,5,1,0,38,38,False,A3,A3,Not activated
10595,73,B1,5,1,1,38,3A,True,A3,AE,SDC
10596,73,B1,5,2,0,38,38,False,A3,A3,Not activated
10597,73,B1,5,2,1,38,3C,True,A3,B3,SDC
10598,73,B1,5,3,0,38,30,True,A3,28,SDC
10599,73,B1,5,3,1,38,38,False,A3,A3,Not activated
10600,73,B1,5,4,0,38,28,True,A3,2F,SDC
10601,73,B1,5,4,1,38,38,False,A3,A3,Not activated
10602,73,B1,5,5,0,38,18,True,A3,32,SDC
10603,73,B1,5,5,1,38,38,False,A3,A3,Not activated
10604,73,B1,5,6,0,38,38,False,A3,A3,Not activated
10605,73,B1,5,6,1,38,78,True,A3,F8,SDC
10606,73,B1,5,7,0,38,38,False,A3,A3,Not activated
10607,73,B1,5,7,1,38,B8,True,A3,3C,SDC
10608,73,B2,6,0,0,B4,B4,False,A3,A3,Not activated
10609,73,B2,6,0,1,B4,B5,True,A3,A0,SDC
10610,73,B2,6,1,0,B4,B4,False,A3,A3,Not activated
10611,73,B2,6,1,1,B4,B6,True,A3,9C,SDC
10612,73,B2,6,2,0,B4,B0,True,A3,AB,SDC
10613,73,B2,6,2,1,B4,B4,False,A3,A3,Not activated
10614,73,B2,6,3,0,B4,B4,False,A3,A3,Not activated
10615,73,B2,6,3,1,B4,BC,True,A3,2B,SDC
10616,73,B2,6,4,0,B4,A4,True,A3,B1,SDC
10617,73,B2,6,4,1,B4,B4,False,A3,A3,Not activated
10618,73,B2,6,5,0,B4,94,True,A3,B2,SDC
10619,73,B2,6,5,1,B4,B4,False,A3,A3,Not activated
10620,73,B2,6,6,0,B4,B4,False,A3,A3,Not activated
10621,73,B2,6,6,1,B4,F4,True,A3,70,SDC
10622,73,B2,6,7,0,B4,34,True,A3,BA,SDC
10623,73,B2,6,7,1,B4,B4,False,A3,A3,Not activated
10624,73,B3,7,0,0,30,30,False,A3,A3,Not activated
10625,73,B3,7,0,1,30,31,True,A3,A2,SDC
10626,73,B3,7,1,0,30,30,False,A3,A3,Not activated
10627,73,B3,7,1,1,30,32,True,A3,A2,SDC
10628,73,B3,7,2,0,30,30,False,A3,A3,Not activated
10629,73,B3,7,2,1,30,34,True,A3,A1,SDC
10630,73,B3,7,3,0,30,30,False,A3,A3,Not activated
10631,73,B3,7,3,1,30,38,True,A3,9E,SDC
10632,73,B3,7,4,0,30,20,True,A3,A6,SDC
10633,73,B3,7,4,1,30,30,False,A3,A3,Not activated
10634,73,B3,7,5,0,30,10,True,A3,A7,SDC
10635,73,B3,7,5,1,30,30,False,A3,A3,Not activated
10636,73,B3,7,6,0,30,30,False,A3,A3,Not activated
10637,73,B3,7,6,1,30,70,True,A3,58,SDC
10638,73,B3,7,7,0,30,30,False,A3,A3,Not activated
10639,73,B3,7,7,1,30,B0,True,A3,AA,SDC
10640,73,C0,8,0,0,26,26,False,A3,A3,Not activated
10641,73,C0,8,0,1,26,27,True,A3,A3,Masked
10642,73,C0,8,1,0,26,24,True,A3,A8,SDC
10643,73,C0,8,1,1,26,26,False,A3,A3,Not activated
10644,73,C0,8,2,0,26,22,True,A3,A8,SDC
10645,73,C0,8,2,1,26,26,False,A3,A3,Not activated
10646,73,C0,8,3,0,26,26,False,A3,A3,Not activated
10647,73,C0,8,3,1,26,2E,True,A3,1A,SDC
10648,73,C0,8,4,0,26,26,False,A3,A3,Not activated
10649,73,C0,8,4,1,26,36,True,A3,2E,SDC
10650,73,C0,8,5,0,26,06,True,A3,AE,SDC
10651,73,C0,8,5,1,26,26,False,A3,A3,Not activated
10652,73,C0,8,6,0,26,26,False,A3,A3,Not activated
10653,73,C0,8,6,1,26,66,True,A3,66,SDC
10654,73,C0,8,7,0,26,26,False,A3,A3,Not activated
10655,73,C0,8,7,1,26,A6,True,A3,B3,SDC
10656,74,A0,0,0,0,31,30,True,A3,A3,Masked
10657,74,A0,0,0,1,31,31,False,A3,A3,Not activated
10658,74,A0,0,1,0,31,31,False,A3,A3,Not activated
10659,74,A0,0,1,1,31,33,True,A3,A3,Masked
10660,74,A0,0,2,0,31,31,False,A3,A3,Not activated
10661,74,A0,0,2,1,31,35,True,A3,A5,SDC
10662,74,A0,0,3,0,31,31,False,A3,A3,Not activated
10663,74,A0,0,3,1,31,39,True,A3,A6,SDC
10664,74,A0,0,4,0,31,21,True,A3,9F,SDC
10665,74,A0,0,4,1,31,31,False,A3,A3,Not activated
10666,74,A0,0,5,0,31,11,True,A3,9D,SDC
10667,74,A0,0,5,1,31,31,False,A3,A3,Not activated
10668,74,A0,0,6,0,31,31,False,A3,A3,Not activated
10669,74,A0,0,6,1,31,71,True,A3,D8,SDC
10670,74,A0,0,7,0,31,31,False,A3,A3,Not activated
10671,74,A0,0,7,1,31,B1,True,A3,8C,SDC
10672,74,A1,1,0,0,B1,B0,True,A3,9F,SDC
10673,74,A1,1,0,1,B1,B1,False,A3,A3,Not activated
10674,74,A1,1,1,0,B1,B1,False,A3,A3,Not activated
10675,74,A1,1,1,1,B1,B3,True,A3,A9,SDC
10676,74,A1,1,2,0,B1,B1,False,A3,A3,Not activated
10677,74,A1,1,2,1,B1,B5,True,A3,AB,SDC
10678,74,A1,1,3,0,B1,B1,False,A3,A3,Not activated
10679,74,A1,1,3,1,B1,B9,True,A3,B1,SDC
10680,74,A1,1,4,0,B1,A1,True,A3,21,SDC
10681,74,A1,1,4,1,B1,B1,False,A3,A3,Not activated
10682,74,A1,1,5,0,B1,91,True,A3,26,SDC
10683,74,A1,1,5,1,B1,B1,False,A3,A3,Not activated
10684,74,A1,1,6,0,B1,B1,False,A3,A3,Not activated
10685,74,A1,1,6,1,B1,F1,True,A3,EE,SDC
10686,74,A1,1,7,0,B1,31,True,A3,34,SDC
10687,74,A1,1,7,1,B1,B1,False,A3,A3,Not activated
10688,74,A2,2,0,0,14,14,False,A3,A3,Not activated
10689,74,A2,2,0,1,14,15,True,A3,A3,Masked
10690,74,A2,2,1,0,14,14,False,A3,A3,Not activated
10691,74,A2,2,1,1,14,16,True,A3,A2,SDC
10692,74,A2,2,2,0,14,10,True,A3,A4,SDC
10693,74,A2,2,2,1,14,14,False,A3,A3,Not activated
10694,74,A2,2,3,0,14,14,False,A3,A3,Not activated
10695,74,A2,2,3,1,14,1C,True,A3,9F,SDC
10696,74,A2,2,4,0,14,04,True,A3,A6,SDC
10697,74,A2,2,4,1,14,14,False,A3,A3,Not activated
10698,74,A2,2,5,0,14,14,False,A3,A3,Not activated
10699,74,A2,2,5,1,14,34,True,A3,31,SDC
10700,74,A2,2,6,0,14,14,False,A3,A3,Not activated
10701,74,A2,2,6,1,14,54,True,A3,54,SDC
10702,74,A2,2,7,0,14,14,False,A3,A3,Not activated
10703,74,A2,2,7,1,14,94,True,A3,A9,SDC
10704,74,A3,3,0,0,9D,9C,True,A3,A3,Masked
10705,74,A3,3,0,1,9D,9D,False,A3,A3,Not activated
10706,74,A3,3,1,0,9D,9D,False,A3,A3,Not activated
10707,74,A3,3,1,1,9D,9F,True,A3,A2,SDC
10708,74,A3,3,2,0,9D,99,True,A3,A3,Masked
10709,74,A3,3,2,1,9D,9D,False,A3,A3,Not activated
10710,74,A3,3,3,0,9D,95,True,A3,A4,SDC
10711,74,A3,3,3,1,9D,9D,False,A3,A3,Not activated
10712,74,A3,3,4,0,9D,8D,True,A3,A4,SDC
10713,74,A3,3,4,1,9D,9D,False,A3,A3,Not activated
10714,74,A3,3,5,0,9D,9D,False,A3,A3,Not activated
10715,74,A3,3,5,1,9D,BD,True,A3,2D,SDC
10716,74,A3,3,6,0,9D,9D,False,A3,A3,Not activated
10717,74,A3,3,6,1,9D,DD,True,A3,52,SDC
10718,74,A3,3,7,0,9D,1D,True,A3,A7,SDC
10719,74,A3,3,7,1,9D,9D,False,A3,A3,Not activated
10720,74,B0,4,0,0,9F,9E,True,A3,A3,Masked
10721,74,B0,4,0,1,9F,9F,False,A3,A3,Not activated
10722,74,B0,4,1,0,9F,9D,True,A3,A3,Masked
10723,74,B0,4,1,1,9F,9F,False,A3,A3,Not activated
10724,74,B0,4,2,0,9F,9B,True,A3,A2,SDC
10725,74,B0,4,2,1,9F,9F,False,A3,A3,Not activated
10726,74,B0,4,3,0,9F,97,True,A3,A1,SDC
10727,74,B0,4,3,1,9F,9F,False,A3,A3,Not activated
10728,74,B0,4,4,0,9F,8F,True,A3,9F,SDC
10729,74,B0,4,4,1,9F,9F,False,A3,A3,Not activated
10730,74,B0,4,5,0,9F,9F,False,A3,A3,Not activated
10731,74,B0,4,5,1,9F,BF,True,A3,BA,SDC
10732,74,B0,4,6,0,9F,9F,False,A3,A3,Not activated
10733,74,B0,4,6,1,9F,DF,True,A3,D8,SDC
10734,74,B0,4,7,0,9F,1F,True,A3,8C,SDC
10735,74,B0,4,7,1,9F,9F,False,A3,A3,Not activated
10736,74,B1,5,0,0,34,34,False,A3,A3,Not activated
10737,74,B1,5,0,1,34,35,True,A3,A5,SDC
10738,74,B1,5,1,0,34,34,False,A3,A3,Not activated
10739,74,B1,5,1,1,34,36,True,A3,A6,SDC
10740,74,B1,5,2,0,34,30,True,A3,8C,SDC
10741,74,B1,5,2,1,34,34,False,A3,A3,Not activated
10742,74,B1,5,3,0,34,34,False,A3,A3,Not activated
10743,74,B1,5,3,1,34,3C,True,A3,B1,SDC
10744,74,B1,5,4,0,34,24,True,A3,21,SDC
10745,74,B1,5,4,1,34,34,False,A3,A3,Not activated
10746,74,B1,5,5,0,34,14,True,A3,26,SDC
10747,74,B1,5,5,1,34,34,False,A3,A3,Not activated
10748,74,B1,5,6,0,34,34,False,A3,A3,Not activated
10749,74,B1,5,6,1,34,74,True,A3,EE,SDC
10750,74,B1,5,7,0,34,34,False,A3,A3,Not activated
10751,74,B1,5,7,1,34,B4,True,A3,34,SDC
10752,74,B2,6,0,0,38,38,False,A3,A3,Not activated
10753,74,B2,6,0,1,38,39,True,A3,A3,Masked
10754,74,B2,6,1,0,38,38,False,A3,A3,Not activated
10755,74,B2,6,1,1,38,3A,True,A3,A2,SDC
10756,74,B2,6,2,0,38,38,False,A3,A3,Not activated
10757,74,B2,6,2,1,38,3C,True,A3,A2,SDC
10758,74,B2,6,3,0,38,30,True,A3,A4,SDC
10759,74,B2,6,3,1,38,38,False,A3,A3,Not activated
10760,74,B2,6,4,0,38,28,True,A3,A5,SDC
10761,74,B2,6,4,1,38,38,False,A3,A3,Not activated
10762,74,B2,6,5,0,38,18,True,A3,A6,SDC
10763,74,B2,6,5,1,38,38,False,A3,A3,Not activated
10764,74,B2,6,6,0,38,38,False,A3,A3,Not activated
10765,74,B2,6,6,1,38,78,True,A3,78,SDC
10766,74,B2,6,7,0,38,38,False,A3,A3,Not activated
10767,74,B2,6,7,1,38,B8,True,A3,A9,SDC
10768,74,B3,7,0,0,AC,AC,False,A3,A3,Not activated
10769,74,B3,7,0,1,AC,AD,True,A3,A2,SDC
10770,74,B3,7,1,0,AC,AC,False,A3,A3,Not activated
10771,74,B3,7,1,1,AC,AE,True,A3,A2,SDC
10772,74,B3,7,2,0,AC,A8,True,A3,A3,Masked
10773,74,B3,7,2,1,AC,AC,False,A3,A3,Not activated
10774,74,B3,7,3,0,AC,A4,True,A3,A4,SDC
10775,74,B3,7,3,1,AC,AC,False,A3,A3,Not activated
10776,74,B3,7,4,0,AC,AC,False,A3,A3,Not activated
10777,74,B3,7,4,1,AC,BC,True,A3,95,SDC
10778,74,B3,7,5,0,AC,8C,True,A3,A5,SDC
10779,74,B3,7,5,1,AC,AC,False,A3,A3,Not activated
10780,74,B3,7,6,0,AC,AC,False,A3,A3,Not activated
10781,74,B3,7,6,1,AC,EC,True,A3,52,SDC
10782,74,B3,7,7,0,AC,2C,True,A3,A7,SDC
10783,74,B3,7,7,1,AC,AC,False,A3,A3,Not activated
10784,74,C0,8,0,0,27,26,True,A3,A3,Masked
10785,74,C0,8,0,1,27,27,False,A3,A3,Not activated
10786,74,C0,8,1,0,27,25,True,A3,A5,SDC
10787,74,C0,8,1,1,27,27,False,A3,A3,Not activated
10788,74,C0,8,2,0,27,23,True,A3,A6,SDC
10789,74,C0,8,2,1,27,27,False,A3,A3,Not activated
10790,74,C0,8,3,0,27,27,False,A3,A3,Not activated
10791,74,C0,8,3,1,27,2F,True,A3,19,SDC
10792,74,C0,8,4,0,27,27,False,A3,A3,Not activated
10793,74,C0,8,4,1,27,37,True,A3,31,SDC
10794,74,C0,8,5,0,27,07,True,A3,AD,SDC
10795,74,C0,8,5,1,27,27,False,A3,A3,Not activated
10796,74,C0,8,6,0,27,27,False,A3,A3,Not activated
10797,74,C0,8,6,1,27,67,True,A3,67,SDC
10798,74,C0,8,7,0,27,27,False,A3,A3,Not activated
10799,74,C0,8,7,1,27,A7,True,A3,B2,SDC
10800,75,A0,0,0,0,26,26,False,B9,B9,Not activated
10801,75,A0,0,0,1,26,27,True,B9,B9,Masked
10802,75,A0,0,1,0,26,24,True,B9,B9,Masked
10803,75,A0,0,1,1,26,26,False,B9,B9,Not activated
10804,75,A0,0,2,0,26,22,True,B9,B8,SDC
10805,75,A0,0,2,1,26,26,False,B9,B9,Not activated
10806,75,A0,0,3,0,26,26,False,B9,B9,Not activated
10807,75,A0,0,3,1,26,2E,True,B9,BA,SDC
10808,75,A0,0,4,0,26,26,False,B9,B9,Not activated
10809,75,A0,0,4,1,26,36,True,B9,BC,SDC
10810,75,A0,0,5,0,26,06,True,B9,B8,SDC
10811,75,A0,0,5,1,26,26,False,B9,B9,Not activated
10812,75,A0,0,6,0,26,26,False,B9,B9,Not activated
10813,75,A0,0,6,1,26,66,True,B9,E0,SDC
10814,75,A0,0,7,0,26,26,False,B9,B9,Not activated
10815,75,A0,0,7,1,26,A6,True,B9,B6,SDC
10816,75,A1,1,0,0,2F,2E,True,B9,B9,Masked
10817,75,A1,1,0,1,2F,2F,False,B9,B9,Not activated
10818,75,A1,1,1,0,2F,2D,True,B9,B9,Masked
10819,75,A1,1,1,1,2F,2F,False,B9,B9,Not activated
10820,75,A1,1,2,0,2F,2B,True,B9,B9,Masked
10821,75,A1,1,2,1,2F,2F,False,B9,B9,Not activated
10822,75,A1,1,3,0,2F,27,True,B9,B9,Masked
10823,75,A1,1,3,1,2F,2F,False,B9,B9,Not activated
10824,75,A1,1,4,0,2F,2F,False,B9,B9,Not activated
10825,75,A1,1,4,1,2F,3F,True,B9,B2,SDC
10826,75,A1,1,5,0,2F,0F,True,B9,BA,SDC
10827,75,A1,1,5,1,2F,2F,False,B9,B9,Not activated
10828,75,A1,1,6,0,2F,2F,False,B9,B9,Not activated
10829,75,A1,1,6,1,2F,6F,True,B9,61,SDC
10830,75,A1,1,7,0,2F,2F,False,B9,B9,Not activated
10831,75,A1,1,7,1,2F,AF,True,B9,BB,SDC
10832,75,A2,2,0,0,36,36,False,B9,B9,Not activated
10833,75,A2,2,0,1,36,37,True,B9,B9,Masked
10834,75,A2,2,1,0,36,34,True,B9,B8,SDC
10835,75,A2,2,1,1,36,36,False,B9,B9,Not activated
10836,75,A2,2,2,0,36,32,True,B9,B6,SDC
10837,75,A2,2,2,1,36,36,False,B9,B9,Not activated
10838,75,A2,2,3,0,36,36,False,B9,B9,Not activated
10839,75,A2,2,3,1,36,3E,True,B9,BD,SDC
10840,75,A2,2,4,0,36,26,True,B9,B2,SDC
10841,75,A2,2,4,1,36,36,False,B9,B9,Not activated
10842,75,A2,2,5,0,36,16,True,B9,B1,SDC
10843,75,A2,2,5,1,36,36,False,B9,B9,Not activated
10844,75,A2,2,6,0,36,36,False,B9,B9,Not activated
10845,75,A2,2,6,1,36,76,True,B9,F2,SDC
10846,75,A2,2,7,0,36,36,False,B9,B9,Not activated
10847,75,A2,2,7,1,36,B6,True,B9,19,SDC
10848,75,A3,3,0,0,B1,B0,True,B9,BA,SDC
10849,75,A3,3,0,1,B1,B1,False,B9,B9,Not activated
10850,75,A3,3,1,0,B1,B1,False,B9,B9,Not activated
10851,75,A3,3,1,1,B1,B3,True,B9,B9,Masked
10852,75,A3,3,2,0,B1,B1,False,B9,B9,Not activated
10853,75,A3,3,2,1,B1,B5,True,B9,B8,SDC
10854,75,A3,3,3,0,B1,B1,False,B9,B9,Not activated
10855,75,A3,3,3,1,B1,B9,True,B9,B5,SDC
10856,75,A3,3,4,0,B1,A1,True,B9,BB,SDC
10857,75,A3,3,4,1,B1,B1,False,B9,B9,Not activated
10858,75,A3,3,5,0,B1,91,True,B9,BC,SDC
10859,75,A3,3,5,1,B1,B1,False,B9,B9,Not activated
10860,75,A3,3,6,0,B1,B1,False,B9,B9,Not activated
10861,75,A3,3,6,1,B1,F1,True,B9,6B,SDC
10862,75,A3,3,7,0,B1,31,True,B9,BF,SDC
10863,75,A3,3,7,1,B1,B1,False,B9,B9,Not activated
10864,75,B0,4,0,0,B1,B0,True,B9,B9,Masked
10865,75,B0,4,0,1,B1,B1,False,B9,B9,Not activated
10866,75,B0,4,1,0,B1,B1,False,B9,B9,Not activated
10867,75,B0,4,1,1,B1,B3,True,B9,B9,Masked
10868,75,B0,4,2,0,B1,B1,False,B9,B9,Not activated
10869,75,B0,4,2,1,B1,B5,True,B9,B9,Masked
10870,75,B0,4,3,0,B1,B1,False,B9,B9,Not activated
10871,75,B0,4,3,1,B1,B9,True,B9,BA,SDC
10872,75,B0,4,4,0,B1,A1,True,B9,B8,SDC
10873,75,B0,4,4,1,B1,B1,False,B9,B9,Not activated
10874,75,B0,4,5,0,B1,91,True,B9,B8,SDC
10875,75,B0,4,5,1,B1,B1,False,B9,B9,Not activated
10876,75,B0,4,6,0,B1,B1,False,B9,B9,Not activated
10877,75,B0,4,6,1,B1,F1,True,B9,E0,SDC
10878,75,B0,4,7,0,B1,31,True,B9,B6,SDC
10879,75,B0,4,7,1,B1,B1,False,B9,B9,Not activated
10880,75,B1,5,0,0,2A,2A,False,B9,B9,Not activated
10881,75,B1,5,0,1,2A,2B,True,B9,B8,SDC
10882,75,B1,5,1,0,2A,28,True,B9,B9,Masked
10883,75,B1,5,1,1,2A,2A,False,B9,B9,Not activated
10884,75,B1,5,2,0,2A,2A,False,B9,B9,Not activated
10885,75,B1,5,2,1,2A,2E,True,B9,B8,SDC
10886,75,B1,5,3,0,2A,22,True,B9,B9,Masked
10887,75,B1,5,3,1,2A,2A,False,B9,B9,Not activated
10888,75,B1,5,4,0,2A,2A,False,B9,B9,Not activated
10889,75,B1,5,4,1,2A,3A,True,B9,B2,SDC
10890,75,B1,5,5,0,2A,0A,True,B9,BA,SDC
10891,75,B1,5,5,1,2A,2A,False,B9,B9,Not activated
10892,75,B1,5,6,0,2A,2A,False,B9,B9,Not activated
10893,75,B1,5,6,1,2A,6A,True,B9,61,SDC
10894,75,B1,5,7,0,2A,2A,False,B9,B9,Not activated
10895,75,B1,5,7,1,2A,AA,True,B9,BB,SDC
10896,75,B2,6,0,0,B3,B2,True,B9,B8,SDC
10897,75,B2,6,0,1,B3,B3,False,B9,B9,Not activated
10898,75,B2,6,1,0,B3,B1,True,B9,B8,SDC
10899,75,B2,6,1,1,B3,B3,False,B9,B9,Not activated
10900,75,B2,6,2,0,B3,B3,False,B9,B9,Not activated
10901,75,B2,6,2,1,B3,B7,True,B9,BB,SDC
10902,75,B2,6,3,0,B3,B3,False,B9,B9,Not activated
10903,75,B2,6,3,1,B3,BB,True,B9,BD,SDC
10904,75,B2,6,4,0,B3,A3,True,B9,B2,SDC
10905,75,B2,6,4,1,B3,B3,False,B9,B9,Not activated
10906,75,B2,6,5,0,B3,93,True,B9,B1,SDC
10907,75,B2,6,5,1,B3,B3,False,B9,B9,Not activated
10908,75,B2,6,6,0,B3,B3,False,B9,B9,Not activated
10909,75,B2,6,6,1,B3,F3,True,B9,F2,SDC
10910,75,B2,6,7,0,B3,33,True,B9,19,SDC
10911,75,B2,6,7,1,B3,B3,False,B9,B9,Not activated
10912,75,B3,7,0,0,B2,B2,False,B9,B9,Not activated
10913,75,B3,7,0,1,B2,B3,True,B9,B9,Masked
10914,75,B3,7,1,0,B2,B0,True,B9,BA,SDC
10915,75,B3,7,1,1,B2,B2,False,B9,B9,Not activated
10916,75,B3,7,2,0,B2,B2,False,B9,B9,Not activated
10917,75,B3,7,2,1,B2,B6,True,B9,B8,SDC
10918,75,B3,7,3,0,B2,B2,False,B9,B9,Not activated
10919,75,B3,7,3,1,B2,BA,True,B9,B5,SDC
10920,75,B3,7,4,0,B2,A2,True,B9,BB,SDC
10921,75,B3,7,4,1,B2,B2,False,B9,B9,Not activated
10922,75,B3,7,5,0,B2,92,True,B9,BC,SDC
10923,75,B3,7,5,1,B2,B2,False,B9,B9,Not activated
10924,75,B3,7,6,0,B2,B2,False,B9,B9,Not activated
10925,75,B3,7,6,1,B2,F2,True,B9,6B,SDC
10926,75,B3,7,7,0,B2,32,True,B9,BF,SDC
10927,75,B3,7,7,1,B2,B2,False,B9,B9,Not activated
10928,75,C0,8,0,0,B6,B6,False,B9,B9,Not activated
10929,75,C0,8,0,1,B6,B7,True,B9,B9,Masked
10930,75,C0,8,1,0,B6,B4,True,B9,B8,SDC
10931,75,C0,8,1,1,B6,B6,False,B9,B9,Not activated
10932,75,C0,8,2,0,B6,B2,True,B9,B6,SDC
10933,75,C0,8,2,1,B6,B6,False,B9,B9,Not activated
10934,75,C0,8,3,0,B6,B6,False,B9,B9,Not activated
10935,75,C0,8,3,1,B6,BE,True,B9,BF,SDC
10936,75,C0,8,4,0,B6,A6,True,B9,AF,SDC
10937,75,C0,8,4,1,B6,B6,False,B9,B9,Not activated
10938,75,C0,8,5,0,B6,96,True,B9,A9,SDC
10939,75,C0,8,5,1,B6,B6,False,B9,B9,Not activated
10940,75,C0,8,6,0,B6,B6,False,B9,B9,Not activated
10941,75,C0,8,6,1,B6,F6,True,B9,F6,SDC
10942,75,C0,8,7,0,B6,36,True,B9,32,SDC
10943,75,C0,8,7,1,B6,B6,False,B9,B9,Not activated
10944,76,A0,0,0,0,B8,B8,False,38,38,Not activated
10945,76,A0,0,0,1,B8,B9,True,38,38,Masked
10946,76,A0,0,1,0,B8,B8,False,38,38,Not activated
10947,76,A0,0,1,1,B8,BA,True,38,3A,SDC
10948,76,A0,0,2,0,B8,B8,False,38,38,Not activated
10949,76,A0,0,2,1,B8,BC,True,38,3B,SDC
10950,76,A0,0,3,0,B8,B0,True,38,33,SDC
10951,76,A0,0,3,1,B8,B8,False,38,38,Not activated
10952,76,A0,0,4,0,B8,A8,True,38,32,SDC
10953,76,A0,0,4,1,B8,B8,False,38,38,Not activated
10954,76,A0,0,5,0,B8,98,True,38,2F,SDC
10955,76,A0,0,5,1,B8,B8,False,38,38,Not activated
10956,76,A0,0,6,0,B8,B8,False,38,38,Not activated
10957,76,A0,0,6,1,B8,F8,True,38,78,SDC
10958,76,A0,0,7,0,B8,38,True,38,9F,SDC
10959,76,A0,0,7,1,B8,B8,False,38,38,Not activated
10960,76,A1,1,0,0,9D,9C,True,38,38,Masked
10961,76,A1,1,0,1,9D,9D,False,38,38,Not activated
10962,76,A1,1,1,0,9D,9D,False,38,38,Not activated
10963,76,A1,1,1,1,9D,9F,True,38,38,Masked
10964,76,A1,1,2,0,9D,99,True,38,38,Masked
10965,76,A1,1,2,1,9D,9D,False,38,38,Not activated
10966,76,A1,1,3,0,9D,95,True,38,38,Masked
10967,76,A1,1,3,1,9D,9D,False,38,38,Not activated
10968,76,A1,1,4,0,9D,8D,True,38,38,Masked
10969,76,A1,1,4,1,9D,9D,False,38,38,Not activated
10970,76,A1,1,5,0,9D,9D,False,38,38,Not activated
10971,76,A1,1,5,1,9D,BD,True,38,2C,SDC
10972,76,A1,1,6,0,9D,9D,False,38,38,Not activated
10973,76,A1,1,6,1,9D,DD,True,38,D2,SDC
10974,76,A1,1,7,0,9D,1D,True,38,39,SDC
10975,76,A1,1,7,1,9D,9D,False,38,38,Not activated
10976,76,A2,2,0,0,24,24,False,38,38,Not activated
10977,76,A2,2,0,1,24,25,True,38,38,Masked
10978,76,A2,2,1,0,24,24,False,38,38,Not activated
10979,76,A2,2,1,1,24,26,True,38,38,Masked
10980,76,A2,2,2,0,24,20,True,38,38,Masked
10981,76,A2,2,2,1,24,24,False,38,38,Not activated
10982,76,A2,2,3,0,24,24,False,38,38,Not activated
10983,76,A2,2,3,1,24,2C,True,38,38,Masked
10984,76,A2,2,4,0,24,24,False,38,38,Not activated
10985,76,A2,2,4,1,24,34,True,38,39,SDC
10986,76,A2,2,5,0,24,04,True,38,37,SDC
10987,76,A2,2,5,1,24,24,False,38,38,Not activated
10988,76,A2,2,6,0,24,24,False,38,38,Not activated
10989,76,A2,2,6,1,24,64,True,38,5A,SDC
10990,76,A2,2,7,0,24,24,False,38,38,Not activated
10991,76,A2,2,7,1,24,A4,True,38,36,SDC
10992,76,A3,3,0,0,AD,AC,True,38,38,Masked
10993,76,A3,3,0,1,AD,AD,False,38,38,Not activated
10994,76,A3,3,1,0,AD,AD,False,38,38,Not activated
10995,76,A3,3,1,1,AD,AF,True,38,38,Masked
10996,76,A3,3,2,0,AD,A9,True,38,37,SDC
10997,76,A3,3,2,1,AD,AD,False,38,38,Not activated
10998,76,A3,3,3,0,AD,A5,True,38,37,SDC
10999,76,A3,3,3,1,AD,AD,False,38,38,Not activated
11000,76,A3,3,4,0,AD,AD,False,38,38,Not activated
11001,76,A3,3,4,1,AD,BD,True,38,39,SDC
11002,76,A3,3,5,0,AD,8D,True,38,37,SDC
11003,76,A3,3,5,1,AD,AD,False,38,38,Not activated
11004,76,A3,3,6,0,AD,AD,False,38,38,Not activated
11005,76,A3,3,6,1,AD,ED,True,38,53,SDC
11006,76,A3,3,7,0,AD,2D,True,38,36,SDC
11007,76,A3,3,7,1,AD,AD,False,38,38,Not activated
11008,76,B0,4,0,0,B1,B0,True,38,37,SDC
11009,76,B0,4,0,1,B1,B1,False,38,38,Not activated
11010,76,B0,4,1,0,B1,B1,False,38,38,Not activated
11011,76,B0,4,1,1,B1,B3,True,38,38,Masked
11012,76,B0,4,2,0,B1,B1,False,38,38,Not activated
11013,76,B0,4,2,1,B1,B5,True,38,3B,SDC
11014,76,B0,4,3,0,B1,B1,False,38,38,Not activated
11015,76,B0,4,3,1,B1,B9,True,38,3D,SDC
11016,76,B0,4,4,0,B1,A1,True,38,32,SDC
11017,76,B0,4,4,1,B1,B1,False,38,38,Not activated
11018,76,B0,4,5,0,B1,91,True,38,2F,SDC
11019,76,B0,4,5,1,B1,B1,False,38,38,Not activated
11020,76,B0,4,6,0,B1,B1,False,38,38,Not activated
11021,76,B0,4,6,1,B1,F1,True,38,71,SDC
11022,76,B0,4,7,0,B1,31,True,38,9F,SDC
11023,76,B0,4,7,1,B1,B1,False,38,38,Not activated
11024,76,B1,5,0,0,2D,2C,True,38,38,Masked
11025,76,B1,5,0,1,2D,2D,False,38,38,Not activated
11026,76,B1,5,1,0,2D,2D,False,38,38,Not activated
11027,76,B1,5,1,1,2D,2F,True,38,38,Masked
11028,76,B1,5,2,0,2D,29,True,38,38,Masked
11029,76,B1,5,2,1,2D,2D,False,38,38,Not activated
11030,76,B1,5,3,0,2D,25,True,38,38,Masked
11031,76,B1,5,3,1,2D,2D,False,38,38,Not activated
11032,76,B1,5,4,0,2D,2D,False,38,38,Not activated
11033,76,B1,5,4,1,2D,3D,True,38,36,SDC
11034,76,B1,5,5,0,2D,0D,True,38,38,Masked
11035,76,B1,5,5,1,2D,2D,False,38,38,Not activated
11036,76,B1,5,6,0,2D,2D,False,38,38,Not activated
11037,76,B1,5,6,1,2D,6D,True,38,D2,SDC
11038,76,B1,5,7,0,2D,2D,False,38,38,Not activated
11039,76,B1,5,7,1,2D,AD,True,38,39,SDC
11040,76,B2,6,0,0,2D,2C,True,38,38,Masked
11041,76,B2,6,0,1,2D,2D,False,38,38,Not activated
11042,76,B2,6,1,0,2D,2D,False,38,38,Not activated
11043,76,B2,6,1,1,2D,2F,True,38,38,Masked
11044,76,B2,6,2,0,2D,29,True,38,38,Masked
11045,76,B2,6,2,1,2D,2D,False,38,38,Not activated
11046,76,B2,6,3,0,2D,25,True,38,38,Masked
11047,76,B2,6,3,1,2D,2D,False,38,38,Not activated
11048,76,B2,6,4,0,2D,2D,False,38,38,Not activated
11049,76,B2,6,4,1,2D,3D,True,38,39,SDC
11050,76,B2,6,5,0,2D,0D,True,38,37,SDC
11051,76,B2,6,5,1,2D,2D,False,38,38,Not activated
11052,76,B2,6,6,0,2D,2D,False,38,38,Not activated
11053,76,B2,6,6,1,2D,6D,True,38,5A,SDC
11054,76,B2,6,7,0,2D,2D,False,38,38,Not activated
11055,76,B2,6,7,1,2D,AD,True,38,36,SDC
11056,76,B3,7,0,0,9C,9C,False,38,38,Not activated
11057,76,B3,7,0,1,9C,9D,True,38,38,Masked
11058,76,B3,7,1,0,9C,9C,False,38,38,Not activated
11059,76,B3,7,1,1,9C,9E,True,38,38,Masked
11060,76,B3,7,2,0,9C,98,True,38,37,SDC
11061,76,B3,7,2,1,9C,9C,False,38,38,Not activated
11062,76,B3,7,3,0,9C,94,True,38,37,SDC
11063,76,B3,7,3,1,9C,9C,False,38,38,Not activated
11064,76,B3,7,4,0,9C,8C,True,38,37,SDC
11065,76,B3,7,4,1,9C,9C,False,38,38,Not activated
11066,76,B3,7,5,0,9C,9C,False,38,38,Not activated
11067,76,B3,7,5,1,9C,BC,True,38,3C,SDC
11068,76,B3,7,6,0,9C,9C,False,38,38,Not activated
11069,76,B3,7,6,1,9C,DC,True,38,53,SDC
11070,76,B3,7,7,0,9C,1C,True,38,36,SDC
11071,76,B3,7,7,1,9C,9C,False,38,38,Not activated
11072,76,C0,8,0,0,2C,2C,False,38,38,Not activated
11073,76,C0,8,0,1,2C,2D,True,38,38,Masked
11074,76,C0,8,1,0,2C,2C,False,38,38,Not activated
11075,76,C0,8,1,1,2C,2E,True,38,38,Masked
11076,76,C0,8,2,0,2C,28,True,38,36,SDC
11077,76,C0,8,2,1,2C,2C,False,38,38,Not activated
11078,76,C0,8,3,0,2C,24,True,38,35,SDC
11079,76,C0,8,3,1,2C,2C,False,38,38,Not activated
11080,76,C0,8,4,0,2C,2C,False,38,38,Not activated
11081,76,C0,8,4,1,2C,3C,True,38,40,SDC
11082,76,C0,8,5,0,2C,0C,True,38,32,SDC
11083,76,C0,8,5,1,2C,2C,False,38,38,Not activated
11084,76,C0,8,6,0,2C,2C,False,38,38,Not activated
11085,76,C0,8,6,1,2C,6C,True,38,6C,SDC
11086,76,C0,8,7,0,2C,2C,False,38,38,Not activated
11087,76,C0,8,7,1,2C,AC,True,38,28,SDC
11088,77,A0,0,0,0,36,36,False,3D,3D,Not activated
11089,77,A0,0,0,1,36,37,True,3D,3D,Masked
11090,77,A0,0,1,0,36,34,True,3D,3C,SDC
11091,77,A0,0,1,1,36,36,False,3D,3D,Not activated
11092,77,A0,0,2,0,36,32,True,3D,3B,SDC
11093,77,A0,0,2,1,36,36,False,3D,3D,Not activated
11094,77,A0,0,3,0,36,36,False,3D,3D,Not activated
11095,77,A0,0,3,1,36,3E,True,3D,41,SDC
11096,77,A0,0,4,0,36,26,True,3D,38,SDC
11097,77,A0,0,4,1,36,36,False,3D,3D,Not activated
11098,77,A0,0,5,0,36,16,True,3D,36,SDC
11099,77,A0,0,5,1,36,36,False,3D,3D,Not activated
11100,77,A0,0,6,0,36,36,False,3D,3D,Not activated
11101,77,A0,0,6,1,36,76,True,3D,74,SDC
11102,77,A0,0,7,0,36,36,False,3D,3D,Not activated
11103,77,A0,0,7,1,36,B6,True,3D,19,SDC
11104,77,A1,1,0,0,31,30,True,3D,3D,Masked
11105,77,A1,1,0,1,31,31,False,3D,3D,Not activated
11106,77,A1,1,1,0,31,31,False,3D,3D,Not activated
11107,77,A1,1,1,1,31,33,True,3D,3D,Masked
11108,77,A1,1,2,0,31,31,False,3D,3D,Not activated
11109,77,A1,1,2,1,31,35,True,3D,3D,Masked
11110,77,A1,1,3,0,31,31,False,3D,3D,Not activated
11111,77,A1,1,3,1,31,39,True,3D,3D,Masked
11112,77,A1,1,4,0,31,21,True,3D,3E,SDC
11113,77,A1,1,4,1,31,31,False,3D,3D,Not activated
11114,77,A1,1,5,0,31,11,True,3D,3E,SDC
11115,77,A1,1,5,1,31,31,False,3D,3D,Not activated
11116,77,A1,1,6,0,31,31,False,3D,3D,Not activated
11117,77,A1,1,6,1,31,71,True,3D,DA,SDC
11118,77,A1,1,7,0,31,31,False,3D,3D,Not activated
11119,77,A1,1,7,1,31,B1,True,3D,3F,SDC
11120,77,A2,2,0,0,28,28,False,3D,3D,Not activated
11121,77,A2,2,0,1,28,29,True,3D,3D,Masked
11122,77,A2,2,1,0,28,28,False,3D,3D,Not activated
11123,77,A2,2,1,1,28,2A,True,3D,3D,Masked
11124,77,A2,2,2,0,28,28,False,3D,3D,Not activated
11125,77,A2,2,2,1,28,2C,True,3D,3D,Masked
11126,77,A2,2,3,0,28,20,True,3D,3D,Masked
11127,77,A2,2,3,1,28,28,False,3D,3D,Not activated
11128,77,A2,2,4,0,28,28,False,3D,3D,Not activated
11129,77,A2,2,4,1,28,38,True,3D,3E,SDC
11130,77,A2,2,5,0,28,08,True,3D,3D,Masked
11131,77,A2,2,5,1,28,28,False,3D,3D,Not activated
11132,77,A2,2,6,0,28,28,False,3D,3D,Not activated
11133,77,A2,2,6,1,28,68,True,3D,4E,SDC
11134,77,A2,2,7,0,28,28,False,3D,3D,Not activated
11135,77,A2,2,7,1,28,A8,True,3D,3D,Masked
11136,77,A3,3,0,0,2A,2A,False,3D,3D,Not activated
11137,77,A3,3,0,1,2A,2B,True,3D,3D,Masked
11138,77,A3,3,1,0,2A,28,True,3D,3D,Masked
11139,77,A3,3,1,1,2A,2A,False,3D,3D,Not activated
11140,77,A3,3,2,0,2A,2A,False,3D,3D,Not activated
11141,77,A3,3,2,1,2A,2E,True,3D,3D,Masked
11142,77,A3,3,3,0,2A,22,True,3D,3C,SDC
11143,77,A3,3,3,1,2A,2A,False,3D,3D,Not activated
11144,77,A3,3,4,0,2A,2A,False,3D,3D,Not activated
11145,77,A3,3,4,1,2A,3A,True,3D,3F,SDC
11146,77,A3,3,5,0,2A,0A,True,3D,3C,SDC
11147,77,A3,3,5,1,2A,2A,False,3D,3D,Not activated
11148,77,A3,3,6,0,2A,2A,False,3D,3D,Not activated
11149,77,A3,3,6,1,2A,6A,True,3D,5C,SDC
11150,77,A3,3,7,0,2A,2A,False,3D,3D,Not activated
11151,77,A3,3,7,1,2A,AA,True,3D,3B,SDC
11152,77,B0,4,0,0,36,36,False,3D,3D,Not activated
11153,77,B0,4,0,1,36,37,True,3D,3D,Masked
11154,77,B0,4,1,0,36,34,True,3D,3C,SDC
11155,77,B0,4,1,1,36,36,False,3D,3D,Not activated
11156,77,B0,4,2,0,36,32,True,3D,3B,SDC
11157,77,B0,4,2,1,36,36,False,3D,3D,Not activated
11158,77,B0,4,3,0,36,36,False,3D,3D,Not activated
11159,77,B0,4,3,1,36,3E,True,3D,41,SDC
11160,77,B0,4,4,0,36,26,True,3D,38,SDC
11161,77,B0,4,4,1,36,36,False,3D,3D,Not activated
11162,77,B0,4,5,0,36,16,True,3D,36,SDC
11163,77,B0,4,5,1,36,36,False,3D,3D,Not activated
11164,77,B0,4,6,0,36,36,False,3D,3D,Not activated
11165,77,B0,4,6,1,36,76,True,3D,74,SDC
11166,77,B0,4,7,0,36,36,False,3D,3D,Not activated
11167,77,B0,4,7,1,36,B6,True,3D,19,SDC
11168,77,B1,5,0,0,A2,A2,False,3D,3D,Not activated
11169,77,B1,5,0,1,A2,A3,True,3D,3D,Masked
11170,77,B1,5,1,0,A2,A0,True,3D,3D,Masked
11171,77,B1,5,1,1,A2,A2,False,3D,3D,Not activated
11172,77,B1,5,2,0,A2,A2,False,3D,3D,Not activated
11173,77,B1,5,2,1,A2,A6,True,3D,3D,Masked
11174,77,B1,5,3,0,A2,A2,False,3D,3D,Not activated
11175,77,B1,5,3,1,A2,AA,True,3D,3D,Masked
11176,77,B1,5,4,0,A2,A2,False,3D,3D,Not activated
11177,77,B1,5,4,1,A2,B2,True,3D,3B,SDC
11178,77,B1,5,5,0,A2,82,True,3D,3E,SDC
11179,77,B1,5,5,1,A2,A2,False,3D,3D,Not activated
11180,77,B1,5,6,0,A2,A2,False,3D,3D,Not activated
11181,77,B1,5,6,1,A2,E2,True,3D,DA,SDC
11182,77,B1,5,7,0,A2,22,True,3D,3F,SDC
11183,77,B1,5,7,1,A2,A2,False,3D,3D,Not activated
11184,77,B2,6,0,0,1B,1A,True,3D,3D,Masked
11185,77,B2,6,0,1,1B,1B,False,3D,3D,Not activated
11186,77,B2,6,1,0,1B,19,True,3D,3D,Masked
11187,77,B2,6,1,1,1B,1B,False,3D,3D,Not activated
11188,77,B2,6,2,0,1B,1B,False,3D,3D,Not activated
11189,77,B2,6,2,1,1B,1F,True,3D,3D,Masked
11190,77,B2,6,3,0,1B,13,True,3D,3D,Masked
11191,77,B2,6,3,1,1B,1B,False,3D,3D,Not activated
11192,77,B2,6,4,0,1B,0B,True,3D,3D,Masked
11193,77,B2,6,4,1,1B,1B,False,3D,3D,Not activated
11194,77,B2,6,5,0,1B,1B,False,3D,3D,Not activated
11195,77,B2,6,5,1,1B,3B,True,3D,40,SDC
11196,77,B2,6,6,0,1B,1B,False,3D,3D,Not activated
11197,77,B2,6,6,1,1B,5B,True,3D,4E,SDC
11198,77,B2,6,7,0,1B,1B,False,3D,3D,Not activated
11199,77,B2,6,7,1,1B,9B,True,3D,3D,Masked
11200,77,B3,7,0,0,29,28,True,3D,3D,Masked
11201,77,B3,7,0,1,29,29,False,3D,3D,Not activated
11202,77,B3,7,1,0,29,29,False,3D,3D,Not activated
11203,77,B3,7,1,1,29,2B,True,3D,3D,Masked
11204,77,B3,7,2,0,29,29,False,3D,3D,Not activated
11205,77,B3,7,2,1,29,2D,True,3D,3D,Masked
11206,77,B3,7,3,0,29,21,True,3D,3C,SDC
11207,77,B3,7,3,1,29,29,False,3D,3D,Not activated
11208,77,B3,7,4,0,29,29,False,3D,3D,Not activated
11209,77,B3,7,4,1,29,39,True,3D,3F,SDC
11210,77,B3,7,5,0,29,09,True,3D,3C,SDC
11211,77,B3,7,5,1,29,29,False,3D,3D,Not activated
11212,77,B3,7,6,0,29,29,False,3D,3D,Not activated
11213,77,B3,7,6,1,29,69,True,3D,5C,SDC
11214,77,B3,7,7,0,29,29,False,3D,3D,Not activated
11215,77,B3,7,7,1,29,A9,True,3D,3B,SDC
11216,77,C0,8,0,0,35,34,True,3D,3C,SDC
11217,77,C0,8,0,1,35,35,False,3D,3D,Not activated
11218,77,C0,8,1,0,35,35,False,3D,3D,Not activated
11219,77,C0,8,1,1,35,37,True,3D,3E,SDC
11220,77,C0,8,2,0,35,31,True,3D,3B,SDC
11221,77,C0,8,2,1,35,35,False,3D,3D,Not activated
11222,77,C0,8,3,0,35,35,False,3D,3D,Not activated
11223,77,C0,8,3,1,35,3D,True,3D,42,SDC
11224,77,C0,8,4,0,35,25,True,3D,38,SDC
11225,77,C0,8,4,1,35,35,False,3D,3D,Not activated
11226,77,C0,8,5,0,35,15,True,3D,35,SDC
11227,77,C0,8,5,1,35,35,False,3D,3D,Not activated
11228,77,C0,8,6,0,35,35,False,3D,3D,Not activated
11229,77,C0,8,6,1,35,75,True,3D,75,SDC
11230,77,C0,8,7,0,35,35,False,3D,3D,Not activated
11231,77,C0,8,7,1,35,B5,True,3D,8F,SDC
11232,78,A0,0,0,0,32,32,False,39,39,Not activated
11233,78,A0,0,0,1,32,33,True,39,3A,SDC
11234,78,A0,0,1,0,32,30,True,39,39,Masked
11235,78,A0,0,1,1,32,32,False,39,39,Not activated
11236,78,A0,0,2,0,32,32,False,39,39,Not activated
11237,78,A0,0,2,1,32,36,True,39,3A,SDC
11238,78,A0,0,3,0,32,32,False,39,39,Not activated
11239,78,A0,0,3,1,32,3A,True,39,3B,SDC
11240,78,A0,0,4,0,32,22,True,39,36,SDC
11241,78,A0,0,4,1,32,32,False,39,39,Not activated
11242,78,A0,0,5,0,32,12,True,39,36,SDC
11243,78,A0,0,5,1,32,32,False,39,39,Not activated
11244,78,A0,0,6,0,32,32,False,39,39,Not activated
11245,78,A0,0,6,1,32,72,True,39,6A,SDC
11246,78,A0,0,7,0,32,32,False,39,39,Not activated
11247,78,A0,0,7,1,32,B2,True,39,30,SDC
11248,78,A1,1,0,0,B6,B6,False,39,39,Not activated
11249,78,A1,1,0,1,B6,B7,True,39,39,Masked
11250,78,A1,1,1,0,B6,B4,True,39,39,Masked
11251,78,A1,1,1,1,B6,B6,False,39,39,Not activated
11252,78,A1,1,2,0,B6,B2,True,39,3A,SDC
11253,78,A1,1,2,1,B6,B6,False,39,39,Not activated
11254,78,A1,1,3,0,B6,B6,False,39,39,Not activated
11255,78,A1,1,3,1,B6,BE,True,39,38,SDC
11256,78,A1,1,4,0,B6,A6,True,39,3A,SDC
11257,78,A1,1,4,1,B6,B6,False,39,39,Not activated
11258,78,A1,1,5,0,B6,96,True,39,3A,SDC
11259,78,A1,1,5,1,B6,B6,False,39,39,Not activated
11260,78,A1,1,6,0,B6,B6,False,39,39,Not activated
11261,78,A1,1,6,1,B6,F6,True,39,DF,SDC
11262,78,A1,1,7,0,B6,36,True,39,3B,SDC
11263,78,A1,1,7,1,B6,B6,False,39,39,Not activated
11264,78,A2,2,0,0,B3,B2,True,39,39,Masked
11265,78,A2,2,0,1,B3,B3,False,39,39,Not activated
11266,78,A2,2,1,0,B3,B1,True,39,39,Masked
11267,78,A2,2,1,1,B3,B3,False,39,39,Not activated
11268,78,A2,2,2,0,B3,B3,False,39,39,Not activated
11269,78,A2,2,2,1,B3,B7,True,39,3A,SDC
11270,78,A2,2,3,0,B3,B3,False,39,39,Not activated
11271,78,A2,2,3,1,B3,BB,True,39,3B,SDC
11272,78,A2,2,4,0,B3,A3,True,39,36,SDC
11273,78,A2,2,4,1,B3,B3,False,39,39,Not activated
11274,78,A2,2,5,0,B3,93,True,39,36,SDC
11275,78,A2,2,5,1,B3,B3,False,39,39,Not activated
11276,78,A2,2,6,0,B3,B3,False,39,39,Not activated
11277,78,A2,2,6,1,B3,F3,True,39,6A,SDC
11278,78,A2,2,7,0,B3,33,True,39,30,SDC
11279,78,A2,2,7,1,B3,B3,False,39,39,Not activated
11280,78,A3,3,0,0,AC,AC,False,39,39,Not activated
11281,78,A3,3,0,1,AC,AD,True,39,39,Masked
11282,78,A3,3,1,0,AC,AC,False,39,39,Not activated
11283,78,A3,3,1,1,AC,AE,True,39,3A,SDC
11284,78,A3,3,2,0,AC,A8,True,39,38,SDC
11285,78,A3,3,2,1,AC,AC,False,39,39,Not activated
11286,78,A3,3,3,0,AC,A4,True,39,38,SDC
11287,78,A3,3,3,1,AC,AC,False,39,39,Not activated
11288,78,A3,3,4,0,AC,AC,False,39,39,Not activated
11289,78,A3,3,4,1,AC,BC,True,39,40,SDC
11290,78,A3,3,5,0,AC,8C,True,39,36,SDC
11291,78,A3,3,5,1,AC,AC,False,39,39,Not activated
11292,78,A3,3,6,0,AC,AC,False,39,39,Not activated
11293,78,A3,3,6,1,AC,EC,True,39,69,SDC
11294,78,A3,3,7,0,AC,2C,True,39,32,SDC
11295,78,A3,3,7,1,AC,AC,False,39,39,Not activated
11296,78,B0,4,0,0,30,30,False,39,39,Not activated
11297,78,B0,4,0,1,30,31,True,39,3A,SDC
11298,78,B0,4,1,0,30,30,False,39,39,Not activated
11299,78,B0,4,1,1,30,32,True,39,3A,SDC
11300,78,B0,4,2,0,30,30,False,39,39,Not activated
11301,78,B0,4,2,1,30,34,True,39,3A,SDC
11302,78,B0,4,3,0,30,30,False,39,39,Not activated
11303,78,B0,4,3,1,30,38,True,39,3B,SDC
11304,78,B0,4,4,0,30,20,True,39,36,SDC
11305,78,B0,4,4,1,30,30,False,39,39,Not activated
11306,78,B0,4,5,0,30,10,True,39,36,SDC
11307,78,B0,4,5,1,30,30,False,39,39,Not activated
11308,78,B0,4,6,0,30,30,False,39,39,Not activated
11309,78,B0,4,6,1,30,70,True,39,6A,SDC
11310,78,B0,4,7,0,30,30,False,39,39,Not activated
11311,78,B0,4,7,1,30,B0,True,39,30,SDC
11312,78,B1,5,0,0,21,20,True,39,39,Masked
11313,78,B1,5,0,1,21,21,False,39,39,Not activated
11314,78,B1,5,1,0,21,21,False,39,39,Not activated
11315,78,B1,5,1,1,21,23,True,39,39,Masked
11316,78,B1,5,2,0,21,21,False,39,39,Not activated
11317,78,B1,5,2,1,21,25,True,39,39,Masked
11318,78,B1,5,3,0,21,21,False,39,39,Not activated
11319,78,B1,5,3,1,21,29,True,39,38,SDC
11320,78,B1,5,4,0,21,21,False,39,39,Not activated
11321,78,B1,5,4,1,21,31,True,39,34,SDC
11322,78,B1,5,5,0,21,01,True,39,3A,SDC
11323,78,B1,5,5,1,21,21,False,39,39,Not activated
11324,78,B1,5,6,0,21,21,False,39,39,Not activated
11325,78,B1,5,6,1,21,61,True,39,DF,SDC
11326,78,B1,5,7,0,21,21,False,39,39,Not activated
11327,78,B1,5,7,1,21,A1,True,39,3B,SDC
11328,78,B2,6,0,0,AE,AE,False,39,39,Not activated
11329,78,B2,6,0,1,AE,AF,True,39,39,Masked
11330,78,B2,6,1,0,AE,AC,True,39,39,Masked
11331,78,B2,6,1,1,AE,AE,False,39,39,Not activated
11332,78,B2,6,2,0,AE,AA,True,39,38,SDC
11333,78,B2,6,2,1,AE,AE,False,39,39,Not activated
11334,78,B2,6,3,0,AE,A6,True,39,38,SDC
11335,78,B2,6,3,1,AE,AE,False,39,39,Not activated
11336,78,B2,6,4,0,AE,AE,False,39,39,Not activated
11337,78,B2,6,4,1,AE,BE,True,39,40,SDC
11338,78,B2,6,5,0,AE,8E,True,39,36,SDC
11339,78,B2,6,5,1,AE,AE,False,39,39,Not activated
11340,78,B2,6,6,0,AE,AE,False,39,39,Not activated
11341,78,B2,6,6,1,AE,EE,True,39,6A,SDC
11342,78,B2,6,7,0,AE,2E,True,39,30,SDC
11343,78,B2,6,7,1,AE,AE,False,39,39,Not activated
11344,78,B3,7,0,0,B4,B4,False,39,39,Not activated
11345,78,B3,7,0,1,B4,B5,True,39,39,Masked
11346,78,B3,7,1,0,B4,B4,False,39,39,Not activated
11347,78,B3,7,1,1,B4,B6,True,39,3A,SDC
11348,78,B3,7,2,0,B4,B0,True,39,38,SDC
11349,78,B3,7,2,1,B4,B4,False,39,39,Not activated
11350,78,B3,7,3,0,B4,B4,False,39,39,Not activated
11351,78,B3,7,3,1,B4,BC,True,39,3C,SDC
11352,78,B3,7,4,0,B4,A4,True,39,37,SDC
11353,78,B3,7,4,1,B4,B4,False,39,39,Not activated
11354,78,B3,7,5,0,B4,94,True,39,36,SDC
11355,78,B3,7,5,1,B4,B4,False,39,39,Not activated
11356,78,B3,7,6,0,B4,B4,False,39,39,Not activated
11357,78,B3,7,6,1,B4,F4,True,39,69,SDC
11358,78,B3,7,7,0,B4,34,True,39,32,SDC
11359,78,B3,7,7,1,B4,B4,False,39,39,Not activated
11360,78,C0,8,0,0,2C,2C,False,39,39,Not activated
11361,78,C0,8,0,1,2C,2D,True,39,3A,SDC
11362,78,C0,8,1,0,2C,2C,False,39,39,Not activated
11363,78,C0,8,1,1,2C,2E,True,39,3A,SDC
11364,78,C0,8,2,0,2C,28,True,39,38,SDC
11365,78,C0,8,2,1,2C,2C,False,39,39,Not activated
11366,78,C0,8,3,0,2C,24,True,39,38,SDC
11367,78,C0,8,3,1,2C,2C,False,39,39,Not activated
11368,78,C0,8,4,0,2C,2C,False,39,39,Not activated
11369,78,C0,8,4,1,2C,3C,True,39,41,SDC
11370,78,C0,8,5,0,2C,0C,True,39,34,SDC
11371,78,C0,8,5,1,2C,2C,False,39,39,Not activated
11372,78,C0,8,6,0,2C,2C,False,39,39,Not activated
11373,78,C0,8,6,1,2C,6C,True,39,6C,SDC
11374,78,C0,8,7,0,2C,2C,False,39,39,Not activated
11375,78,C0,8,7,1,2C,AC,True,39,2C,SDC
11376,79,A0,0,0,0,2D,2C,True,BD,BD,Masked
11377,79,A0,0,0,1,2D,2D,False,BD,BD,Not activated
11378,79,A0,0,1,0,2D,2D,False,BD,BD,Not activated
11379,79,A0,0,1,1,2D,2F,True,BD,BE,SDC
11380,79,A0,0,2,0,2D,29,True,BD,BD,Masked
11381,79,A0,0,2,1,2D,2D,False,BD,BD,Not activated
11382,79,A0,0,3,0,2D,25,True,BD,BC,SDC
11383,79,A0,0,3,1,2D,2D,False,BD,BD,Not activated
11384,79,A0,0,4,0,2D,2D,False,BD,BD,Not activated
11385,79,A0,0,4,1,2D,3D,True,BD,C3,SDC
11386,79,A0,0,5,0,2D,0D,True,BD,BB,SDC
11387,79,A0,0,5,1,2D,2D,False,BD,BD,Not activated
11388,79,A0,0,6,0,2D,2D,False,BD,BD,Not activated
11389,79,A0,0,6,1,2D,6D,True,BD,EB,SDC
11390,79,A0,0,7,0,2D,2D,False,BD,BD,Not activated
11391,79,A0,0,7,1,2D,AD,True,BD,B8,SDC
11392,79,A1,1,0,0,36,36,False,BD,BD,Not activated
11393,79,A1,1,0,1,36,37,True,BD,BE,SDC
11394,79,A1,1,1,0,36,34,True,BD,BC,SDC
11395,79,A1,1,1,1,36,36,False,BD,BD,Not activated
11396,79,A1,1,2,0,36,32,True,BD,BB,SDC
11397,79,A1,1,2,1,36,36,False,BD,BD,Not activated
11398,79,A1,1,3,0,36,36,False,BD,BD,Not activated
11399,79,A1,1,3,1,36,3E,True,BD,C2,SDC
11400,79,A1,1,4,0,36,26,True,BD,B8,SDC
11401,79,A1,1,4,1,36,36,False,BD,BD,Not activated
11402,79,A1,1,5,0,36,16,True,BD,B6,SDC
11403,79,A1,1,5,1,36,36,False,BD,BD,Not activated
11404,79,A1,1,6,0,36,36,False,BD,BD,Not activated
11405,79,A1,1,6,1,36,76,True,BD,F5,SDC
11406,79,A1,1,7,0,36,36,False,BD,BD,Not activated
11407,79,A1,1,7,1,36,B6,True,BD,06,SDC
11408,79,A2,2,0,0,00,00,False,BD,BD,Not activated
11409,79,A2,2,0,1,00,01,True,BD,BD,Masked
11410,79,A2,2,1,0,00,00,False,BD,BD,Not activated
11411,79,A2,2,1,1,00,02,True,BD,BD,Masked
11412,79,A2,2,2,0,00,00,False,BD,BD,Not activated
11413,79,A2,2,2,1,00,04,True,BD,BD,Masked
11414,79,A2,2,3,0,00,00,False,BD,BD,Not activated
11415,79,A2,2,3,1,00,08,True,BD,BD,Masked
11416,79,A2,2,4,0,00,00,False,BD,BD,Not activated
11417,79,A2,2,4,1,00,10,True,BD,BD,Masked
11418,79,A2,2,5,0,00,00,False,BD,BD,Not activated
11419,79,A2,2,5,1,00,20,True,BD,BD,Masked
11420,79,A2,2,6,0,00,00,False,BD,BD,Not activated
11421,79,A2,2,6,1,00,40,True,BD,BF,SDC
11422,79,A2,2,7,0,00,00,False,BD,BD,Not activated
11423,79,A2,2,7,1,00,80,True,BD,BD,Masked
11424,79,A3,3,0,0,86,86,False,BD,BD,Not activated
11425,79,A3,3,0,1,86,87,True,BD,BD,Masked
11426,79,A3,3,1,0,86,84,True,BD,BD,Masked
11427,79,A3,3,1,1,86,86,False,BD,BD,Not activated
11428,79,A3,3,2,0,86,82,True,BD,BD,Masked
11429,79,A3,3,2,1,86,86,False,BD,BD,Not activated
11430,79,A3,3,3,0,86,86,False,BD,BD,Not activated
11431,79,A3,3,3,1,86,8E,True,BD,BD,Masked
11432,79,A3,3,4,0,86,86,False,BD,BD,Not activated
11433,79,A3,3,4,1,86,96,True,BD,BD,Masked
11434,79,A3,3,5,0,86,86,False,BD,BD,Not activated
11435,79,A3,3,5,1,86,A6,True,BD,BC,SDC
11436,79,A3,3,6,0,86,86,False,BD,BD,Not activated
11437,79,A3,3,6,1,86,C6,True,BD,AE,SDC
11438,79,A3,3,7,0,86,06,True,BD,BD,Masked
11439,79,A3,3,7,1,86,86,False,BD,BD,Not activated
11440,79,B0,4,0,0,B5,B4,True,BD,BD,Masked
11441,79,B0,4,0,1,B5,B5,False,BD,BD,Not activated
11442,79,B0,4,1,0,B5,B5,False,BD,BD,Not activated
11443,79,B0,4,1,1,B5,B7,True,BD,BE,SDC
11444,79,B0,4,2,0,B5,B1,True,BD,BD,Masked
11445,79,B0,4,2,1,B5,B5,False,BD,BD,Not activated
11446,79,B0,4,3,0,B5,B5,False,BD,BD,Not activated
11447,79,B0,4,3,1,B5,BD,True,BD,C0,SDC
11448,79,B0,4,4,0,B5,A5,True,BD,BB,SDC
11449,79,B0,4,4,1,B5,B5,False,BD,BD,Not activated
11450,79,B0,4,5,0,B5,95,True,BD,BB,SDC
11451,79,B0,4,5,1,B5,B5,False,BD,BD,Not activated
11452,79,B0,4,6,0,B5,B5,False,BD,BD,Not activated
11453,79,B0,4,6,1,B5,F5,True,BD,EB,SDC
11454,79,B0,4,7,0,B5,35,True,BD,B8,SDC
11455,79,B0,4,7,1,B5,B5,False,BD,BD,Not activated
11456,79,B1,5,0,0,B7,B6,True,BD,BD,Masked
11457,79,B1,5,0,1,B7,B7,False,BD,BD,Not activated
11458,79,B1,5,1,0,B7,B5,True,BD,BC,SDC
11459,79,B1,5,1,1,B7,B7,False,BD,BD,Not activated
11460,79,B1,5,2,0,B7,B3,True,BD,BB,SDC
11461,79,B1,5,2,1,B7,B7,False,BD,BD,Not activated
11462,79,B1,5,3,0,B7,B7,False,BD,BD,Not activated
11463,79,B1,5,3,1,B7,BF,True,BD,C2,SDC
11464,79,B1,5,4,0,B7,A7,True,BD,B8,SDC
11465,79,B1,5,4,1,B7,B7,False,BD,BD,Not activated
11466,79,B1,5,5,0,B7,97,True,BD,B6,SDC
11467,79,B1,5,5,1,B7,B7,False,BD,BD,Not activated
11468,79,B1,5,6,0,B7,B7,False,BD,BD,Not activated
11469,79,B1,5,6,1,B7,F7,True,BD,F5,SDC
11470,79,B1,5,7,0,B7,37,True,BD,06,SDC
11471,79,B1,5,7,1,B7,B7,False,BD,BD,Not activated
11472,79,B2,6,0,0,A1,A0,True,BD,BD,Masked
11473,79,B2,6,0,1,A1,A1,False,BD,BD,Not activated
11474,79,B2,6,1,0,A1,A1,False,BD,BD,Not activated
11475,79,B2,6,1,1,A1,A3,True,BD,BD,Masked
11476,79,B2,6,2,0,A1,A1,False,BD,BD,Not activated
11477,79,B2,6,2,1,A1,A5,True,BD,BD,Masked
11478,79,B2,6,3,0,A1,A1,False,BD,BD,Not activated
11479,79,B2,6,3,1,A1,A9,True,BD,BD,Masked
11480,79,B2,6,4,0,A1,A1,False,BD,BD,Not activated
11481,79,B2,6,4,1,A1,B1,True,BD,BD,Masked
11482,79,B2,6,5,0,A1,81,True,BD,BD,Masked
11483,79,B2,6,5,1,A1,A1,False,BD,BD,Not activated
11484,79,B2,6,6,0,A1,A1,False,BD,BD,Not activated
11485,79,B2,6,6,1,A1,E1,True,BD,BD,Masked
11486,79,B2,6,7,0,A1,21,True,BD,BD,Masked
11487,79,B2,6,7,1,A1,A1,False,BD,BD,Not activated
11488,79,B3,7,0,0,AB,AA,True,BD,BD,Masked
11489,79,B3,7,0,1,AB,AB,False,BD,BD,Not activated
11490,79,B3,7,1,0,AB,A9,True,BD,BD,Masked
11491,79,B3,7,1,1,AB,AB,False,BD,BD,Not activated
11492,79,B3,7,2,0,AB,AB,False,BD,BD,Not activated
11493,79,B3,7,2,1,AB,AF,True,BD,BD,Masked
11494,79,B3,7,3,0,AB,A3,True,BD,BD,Masked
11495,79,B3,7,3,1,AB,AB,False,BD,BD,Not activated
11496,79,B3,7,4,0,AB,AB,False,BD,BD,Not activated
11497,79,B3,7,4,1,AB,BB,True,BD,BD,Masked
11498,79,B3,7,5,0,AB,8B,True,BD,BD,Masked
11499,79,B3,7,5,1,AB,AB,False,BD,BD,Not activated
11500,79,B3,7,6,0,AB,AB,False,BD,BD,Not activated
11501,79,B3,7,6,1,AB,EB,True,BD,B2,SDC
11502,79,B3,7,7,0,AB,2B,True,BD,BD,Masked
11503,79,B3,7,7,1,AB,AB,False,BD,BD,Not activated
11504,79,C0,8,0,0,B0,B0,False,BD,BD,Not activated
11505,79,C0,8,0,1,B0,B1,True,BD,BE,SDC
11506,79,C0,8,1,0,B0,B0,False,BD,BD,Not activated
11507,79,C0,8,1,1,B0,B2,True,BD,BE,SDC
11508,79,C0,8,2,0,B0,B0,False,BD,BD,Not activated
11509,79,C0,8,2,1,B0,B4,True,BD,C0,SDC
11510,79,C0,8,3,0,B0,B0,False,BD,BD,Not activated
11511,79,C0,8,3,1,B0,B8,True,BD,C1,SDC
11512,79,C0,8,4,0,B0,A0,True,BD,BA,SDC
11513,79,C0,8,4,1,B0,B0,False,BD,BD,Not activated
11514,79,C0,8,5,0,B0,90,True,BD,BA,SDC
11515,79,C0,8,5,1,B0,B0,False,BD,BD,Not activated
11516,79,C0,8,6,0,B0,B0,False,BD,BD,Not activated
11517,79,C0,8,6,1,B0,F0,True,BD,F0,SDC
11518,79,C0,8,7,0,B0,30,True,BD,B2,SDC
11519,79,C0,8,7,1,B0,B0,False,BD,BD,Not activated
11520,80,A0,0,0,0,B5,B4,True,B0,B0,Masked
11521,80,A0,0,0,1,B5,B5,False,B0,B0,Not activated
11522,80,A0,0,1,0,B5,B5,False,B0,B0,Not activated
11523,80,A0,0,1,1,B5,B7,True,B0,B2,SDC
11524,80,A0,0,2,0,B5,B1,True,B0,A9,SDC
11525,80,A0,0,2,1,B5,B5,False,B0,B0,Not activated
11526,80,A0,0,3,0,B5,B5,False,B0,B0,Not activated
11527,80,A0,0,3,1,B5,BD,True,B0,B9,SDC
11528,80,A0,0,4,0,B5,A5,True,B0,8E,SDC
11529,80,A0,0,4,1,B5,B5,False,B0,B0,Not activated
11530,80,A0,0,5,0,B5,95,True,B0,1D,SDC
11531,80,A0,0,5,1,B5,B5,False,B0,B0,Not activated
11532,80,A0,0,6,0,B5,B5,False,B0,B0,Not activated
11533,80,A0,0,6,1,B5,F5,True,B0,F3,SDC
11534,80,A0,0,7,0,B5,35,True,B0,37,SDC
11535,80,A0,0,7,1,B5,B5,False,B0,B0,Not activated
11536,80,A1,1,0,0,37,36,True,B0,B1,SDC
11537,80,A1,1,0,1,37,37,False,B0,B0,Not activated
11538,80,A1,1,1,0,37,35,True,B0,B2,SDC
11539,80,A1,1,1,1,37,37,False,B0,B0,Not activated
11540,80,A1,1,2,0,37,33,True,B0,B4,SDC
11541,80,A1,1,2,1,37,37,False,B0,B0,Not activated
11542,80,A1,1,3,0,37,37,False,B0,B0,Not activated
11543,80,A1,1,3,1,37,3F,True,B0,2E,SDC
11544,80,A1,1,4,0,37,27,True,B0,BA,SDC
11545,80,A1,1,4,1,37,37,False,B0,B0,Not activated
11546,80,A1,1,5,0,37,17,True,B0,BC,SDC
11547,80,A1,1,5,1,37,37,False,B0,B0,Not activated
11548,80,A1,1,6,0,37,37,False,B0,B0,Not activated
11549,80,A1,1,6,1,37,77,True,B0,77,SDC
11550,80,A1,1,7,0,37,37,False,B0,B0,Not activated
11551,80,A1,1,7,1,37,B7,True,B0,C1,SDC
11552,80,A2,2,0,0,33,32,True,B0,B1,SDC
11553,80,A2,2,0,1,33,33,False,B0,B0,Not activated
11554,80,A2,2,1,0,33,31,True,B0,B1,SDC
11555,80,A2,2,1,1,33,33,False,B0,B0,Not activated
11556,80,A2,2,2,0,33,33,False,B0,B0,Not activated
11557,80,A2,2,2,1,33,37,True,B0,AE,SDC
11558,80,A2,2,3,0,33,33,False,B0,B0,Not activated
11559,80,A2,2,3,1,33,3B,True,B0,A9,SDC
11560,80,A2,2,4,0,33,23,True,B0,B3,SDC
11561,80,A2,2,4,1,33,33,False,B0,B0,Not activated
11562,80,A2,2,5,0,33,13,True,B0,B4,SDC
11563,80,A2,2,5,1,33,33,False,B0,B0,Not activated
11564,80,A2,2,6,0,33,33,False,B0,B0,Not activated
11565,80,A2,2,6,1,33,73,True,B0,67,SDC
11566,80,A2,2,7,0,33,33,False,B0,B0,Not activated
11567,80,A2,2,7,1,33,B3,True,B0,B8,SDC
11568,80,A3,3,0,0,22,22,False,B0,B0,Not activated
11569,80,A3,3,0,1,22,23,True,B0,B0,Masked
11570,80,A3,3,1,0,22,20,True,B0,B0,Masked
11571,80,A3,3,1,1,22,22,False,B0,B0,Not activated
11572,80,A3,3,2,0,22,22,False,B0,B0,Not activated
11573,80,A3,3,2,1,22,26,True,B0,B1,SDC
11574,80,A3,3,3,0,22,22,False,B0,B0,Not activated
11575,80,A3,3,3,1,22,2A,True,B0,B1,SDC
11576,80,A3,3,4,0,22,22,False,B0,B0,Not activated
11577,80,A3,3,4,1,22,32,True,B0,B4,SDC
11578,80,A3,3,5,0,22,02,True,B0,AE,SDC
11579,80,A3,3,5,1,22,22,False,B0,B0,Not activated
11580,80,A3,3,6,0,22,22,False,B0,B0,Not activated
11581,80,A3,3,6,1,22,62,True,B0,DA,SDC
11582,80,A3,3,7,0,22,22,False,B0,B0,Not activated
11583,80,A3,3,7,1,22,A2,True,B0,AC,SDC
11584,80,B0,4,0,0,36,36,False,B0,B0,Not activated
11585,80,B0,4,0,1,36,37,True,B0,B2,SDC
11586,80,B0,4,1,0,36,34,True,B0,AC,SDC
11587,80,B0,4,1,1,36,36,False,B0,B0,Not activated
11588,80,B0,4,2,0,36,32,True,B0,AC,SDC
11589,80,B0,4,2,1,36,36,False,B0,B0,Not activated
11590,80,B0,4,3,0,36,36,False,B0,B0,Not activated
11591,80,B0,4,3,1,36,3E,True,B0,B9,SDC
11592,80,B0,4,4,0,36,26,True,B0,8E,SDC
11593,80,B0,4,4,1,36,36,False,B0,B0,Not activated
11594,80,B0,4,5,0,36,16,True,B0,1D,SDC
11595,80,B0,4,5,1,36,36,False,B0,B0,Not activated
11596,80,B0,4,6,0,36,36,False,B0,B0,Not activated
11597,80,B0,4,6,1,36,76,True,B0,F3,SDC
11598,80,B0,4,7,0,36,36,False,B0,B0,Not activated
11599,80,B0,4,7,1,36,B6,True,B0,37,SDC
11600,80,B1,5,0,0,38,38,False,B0,B0,Not activated
11601,80,B1,5,0,1,38,39,True,B0,AC,SDC
11602,80,B1,5,1,0,38,38,False,B0,B0,Not activated
11603,80,B1,5,1,1,38,3A,True,B0,A9,SDC
11604,80,B1,5,2,0,38,38,False,B0,B0,Not activated
11605,80,B1,5,2,1,38,3C,True,B0,96,SDC
11606,80,B1,5,3,0,38,30,True,B0,B7,SDC
11607,80,B1,5,3,1,38,38,False,B0,B0,Not activated
11608,80,B1,5,4,0,38,28,True,B0,BA,SDC
11609,80,B1,5,4,1,38,38,False,B0,B0,Not activated
11610,80,B1,5,5,0,38,18,True,B0,BC,SDC
11611,80,B1,5,5,1,38,38,False,B0,B0,Not activated
11612,80,B1,5,6,0,38,38,False,B0,B0,Not activated
11613,80,B1,5,6,1,38,78,True,B0,78,SDC
11614,80,B1,5,7,0,38,38,False,B0,B0,Not activated
11615,80,B1,5,7,1,38,B8,True,B0,C1,SDC
11616,80,B2,6,0,0,2B,2A,True,B0,B1,SDC
11617,80,B2,6,0,1,2B,2B,False,B0,B0,Not activated
11618,80,B2,6,1,0,2B,29,True,B0,B1,SDC
11619,80,B2,6,1,1,2B,2B,False,B0,B0,Not activated
11620,80,B2,6,2,0,2B,2B,False,B0,B0,Not activated
11621,80,B2,6,2,1,2B,2F,True,B0,AE,SDC
11622,80,B2,6,3,0,2B,23,True,B0,B2,SDC
11623,80,B2,6,3,1,2B,2B,False,B0,B0,Not activated
11624,80,B2,6,4,0,2B,2B,False,B0,B0,Not activated
11625,80,B2,6,4,1,2B,3B,True,B0,23,SDC
11626,80,B2,6,5,0,2B,0B,True,B0,B4,SDC
11627,80,B2,6,5,1,2B,2B,False,B0,B0,Not activated
11628,80,B2,6,6,0,2B,2B,False,B0,B0,Not activated
11629,80,B2,6,6,1,2B,6B,True,B0,67,SDC
11630,80,B2,6,7,0,2B,2B,False,B0,B0,Not activated
11631,80,B2,6,7,1,2B,AB,True,B0,B8,SDC
11632,80,B3,7,0,0,AF,AE,True,B0,B0,Masked
11633,80,B3,7,0,1,AF,AF,False,B0,B0,Not activated
11634,80,B3,7,1,0,AF,AD,True,B0,B0,Masked
11635,80,B3,7,1,1,AF,AF,False,B0,B0,Not activated
11636,80,B3,7,2,0,AF,AB,True,B0,B0,Masked
11637,80,B3,7,2,1,AF,AF,False,B0,B0,Not activated
11638,80,B3,7,3,0,AF,A7,True,B0,AF,SDC
11639,80,B3,7,3,1,AF,AF,False,B0,B0,Not activated
11640,80,B3,7,4,0,AF,AF,False,B0,B0,Not activated
11641,80,B3,7,4,1,AF,BF,True,B0,B4,SDC
11642,80,B3,7,5,0,AF,8F,True,B0,AE,SDC
11643,80,B3,7,5,1,AF,AF,False,B0,B0,Not activated
11644,80,B3,7,6,0,AF,AF,False,B0,B0,Not activated
11645,80,B3,7,6,1,AF,EF,True,B0,DA,SDC
11646,80,B3,7,7,0,AF,2F,True,B0,AC,SDC
11647,80,B3,7,7,1,AF,AF,False,B0,B0,Not activated
11648,80,C0,8,0,0,B7,B6,True,B0,B0,Masked
11649,80,C0,8,0,1,B7,B7,False,B0,B0,Not activated
11650,80,C0,8,1,0,B7,B5,True,B0,AC,SDC
11651,80,C0,8,1,1,B7,B7,False,B0,B0,Not activated
11652,80,C0,8,2,0,B7,B3,True,B0,A9,SDC
11653,80,C0,8,2,1,B7,B7,False,B0,B0,Not activated
11654,80,C0,8,3,0,B7,B7,False,B0,B0,Not activated
11655,80,C0,8,3,1,B7,BF,True,B0,BB,SDC
11656,80,C0,8,4,0,B7,A7,True,B0,22,SDC
11657,80,C0,8,4,1,B7,B7,False,B0,B0,Not activated
11658,80,C0,8,5,0,B7,97,True,B0,2C,SDC
11659,80,C0,8,5,1,B7,B7,False,B0,B0,Not activated
11660,80,C0,8,6,0,B7,B7,False,B0,B0,Not activated
11661,80,C0,8,6,1,B7,F7,True,B0,F7,SDC
11662,80,C0,8,7,0,B7,37,True,B0,3A,SDC
11663,80,C0,8,7,1,B7,B7,False,B0,B0,Not activated
11664,81,A0,0,0,0,30,30,False,B8,B8,Not activated
11665,81,A0,0,0,1,30,31,True,B8,B8,Masked
11666,81,A0,0,1,0,30,30,False,B8,B8,Not activated
11667,81,A0,0,1,1,30,32,True,B8,B9,SDC
11668,81,A0,0,2,0,30,30,False,B8,B8,Not activated
11669,81,A0,0,2,1,30,34,True,B8,B9,SDC
11670,81,A0,0,3,0,30,30,False,B8,B8,Not activated
11671,81,A0,0,3,1,30,38,True,B8,BB,SDC
11672,81,A0,0,4,0,30,20,True,B8,B5,SDC
11673,81,A0,0,4,1,30,30,False,B8,B8,Not activated
11674,81,A0,0,5,0,30,10,True,B8,B4,SDC
11675,81,A0,0,5,1,30,30,False,B8,B8,Not activated
11676,81,A0,0,6,0,30,30,False,B8,B8,Not activated
11677,81,A0,0,6,1,30,70,True,B8,EA,SDC
11678,81,A0,0,7,0,30,30,False,B8,B8,Not activated
11679,81,A0,0,7,1,30,B0,True,B8,AD,SDC
11680,81,A1,1,0,0,97,96,True,B8,B8,Masked
11681,81,A1,1,0,1,97,97,False,B8,B8,Not activated
11682,81,A1,1,1,0,97,95,True,B8,B8,Masked
11683,81,A1,1,1,1,97,97,False,B8,B8,Not activated
11684,81,A1,1,2,0,97,93,True,B8,B8,Masked
11685,81,A1,1,2,1,97,97,False,B8,B8,Not activated
11686,81,A1,1,3,0,97,97,False,B8,B8,Not activated
11687,81,A1,1,3,1,97,9F,True,B8,B8,Masked
11688,81,A1,1,4,0,97,87,True,B8,B8,Masked
11689,81,A1,1,4,1,97,97,False,B8,B8,Not activated
11690,81,A1,1,5,0,97,97,False,B8,B8,Not activated
11691,81,A1,1,5,1,97,B7,True,B8,B9,SDC
11692,81,A1,1,6,0,97,97,False,B8,B8,Not activated
11693,81,A1,1,6,1,97,D7,True,B8,C7,SDC
11694,81,A1,1,7,0,97,17,True,B8,B8,Masked
11695,81,A1,1,7,1,97,97,False,B8,B8,Not activated
11696,81,A2,2,0,0,2A,2A,False,B8,B8,Not activated
11697,81,A2,2,0,1,2A,2B,True,B8,B8,Masked
11698,81,A2,2,1,0,2A,28,True,B8,B8,Masked
11699,81,A2,2,1,1,2A,2A,False,B8,B8,Not activated
11700,81,A2,2,2,0,2A,2A,False,B8,B8,Not activated
11701,81,A2,2,2,1,2A,2E,True,B8,B8,Masked
11702,81,A2,2,3,0,2A,22,True,B8,B9,SDC
11703,81,A2,2,3,1,2A,2A,False,B8,B8,Not activated
11704,81,A2,2,4,0,2A,2A,False,B8,B8,Not activated
11705,81,A2,2,4,1,2A,3A,True,B8,B4,SDC
11706,81,A2,2,5,0,2A,0A,True,B8,B9,SDC
11707,81,A2,2,5,1,2A,2A,False,B8,B8,Not activated
11708,81,A2,2,6,0,2A,2A,False,B8,B8,Not activated
11709,81,A2,2,6,1,2A,6A,True,B8,5B,SDC
11710,81,A2,2,7,0,2A,2A,False,B8,B8,Not activated
11711,81,A2,2,7,1,2A,AA,True,B8,BA,SDC
11712,81,A3,3,0,0,35,34,True,B8,B8,Masked
11713,81,A3,3,0,1,35,35,False,B8,B8,Not activated
11714,81,A3,3,1,0,35,35,False,B8,B8,Not activated
11715,81,A3,3,1,1,35,37,True,B8,B8,Masked
11716,81,A3,3,2,0,35,31,True,B8,B8,Masked
11717,81,A3,3,2,1,35,35,False,B8,B8,Not activated
11718,81,A3,3,3,0,35,35,False,B8,B8,Not activated
11719,81,A3,3,3,1,35,3D,True,B8,B8,Masked
11720,81,A3,3,4,0,35,25,True,B8,B8,Masked
11721,81,A3,3,4,1,35,35,False,B8,B8,Not activated
11722,81,A3,3,5,0,35,15,True,B8,B8,Masked
11723,81,A3,3,5,1,35,35,False,B8,B8,Not activated
11724,81,A3,3,6,0,35,35,False,B8,B8,Not activated
11725,81,A3,3,6,1,35,75,True,B8,C8,SDC
11726,81,A3,3,7,0,35,35,False,B8,B8,Not activated
11727,81,A3,3,7,1,35,B5,True,B8,B8,Masked
11728,81,B0,4,0,0,B2,B2,False,B8,B8,Not activated
11729,81,B0,4,0,1,B2,B3,True,B8,B8,Masked
11730,81,B0,4,1,0,B2,B0,True,B8,B7,SDC
11731,81,B0,4,1,1,B2,B2,False,B8,B8,Not activated
11732,81,B0,4,2,0,B2,B2,False,B8,B8,Not activated
11733,81,B0,4,2,1,B2,B6,True,B8,B9,SDC
11734,81,B0,4,3,0,B2,B2,False,B8,B8,Not activated
11735,81,B0,4,3,1,B2,BA,True,B8,BB,SDC
11736,81,B0,4,4,0,B2,A2,True,B8,B5,SDC
11737,81,B0,4,4,1,B2,B2,False,B8,B8,Not activated
11738,81,B0,4,5,0,B2,92,True,B8,B4,SDC
11739,81,B0,4,5,1,B2,B2,False,B8,B8,Not activated
11740,81,B0,4,6,0,B2,B2,False,B8,B8,Not activated
11741,81,B0,4,6,1,B2,F2,True,B8,EA,SDC
11742,81,B0,4,7,0,B2,32,True,B8,AD,SDC
11743,81,B0,4,7,1,B2,B2,False,B8,B8,Not activated
11744,81,B1,5,0,0,23,22,True,B8,B8,Masked
11745,81,B1,5,0,1,23,23,False,B8,B8,Not activated
11746,81,B1,5,1,0,23,21,True,B8,B8,Masked
11747,81,B1,5,1,1,23,23,False,B8,B8,Not activated
11748,81,B1,5,2,0,23,23,False,B8,B8,Not activated
11749,81,B1,5,2,1,23,27,True,B8,B8,Masked
11750,81,B1,5,3,0,23,23,False,B8,B8,Not activated
11751,81,B1,5,3,1,23,2B,True,B8,B8,Masked
11752,81,B1,5,4,0,23,23,False,B8,B8,Not activated
11753,81,B1,5,4,1,23,33,True,B8,B8,Masked
11754,81,B1,5,5,0,23,03,True,B8,B8,Masked
11755,81,B1,5,5,1,23,23,False,B8,B8,Not activated
11756,81,B1,5,6,0,23,23,False,B8,B8,Not activated
11757,81,B1,5,6,1,23,63,True,B8,C7,SDC
11758,81,B1,5,7,0,23,23,False,B8,B8,Not activated
11759,81,B1,5,7,1,23,A3,True,B8,B8,Masked
11760,81,B2,6,0,0,29,28,True,B8,B8,Masked
11761,81,B2,6,0,1,29,29,False,B8,B8,Not activated
11762,81,B2,6,1,0,29,29,False,B8,B8,Not activated
11763,81,B2,6,1,1,29,2B,True,B8,B8,Masked
11764,81,B2,6,2,0,29,29,False,B8,B8,Not activated
11765,81,B2,6,2,1,29,2D,True,B8,B8,Masked
11766,81,B2,6,3,0,29,21,True,B8,B9,SDC
11767,81,B2,6,3,1,29,29,False,B8,B8,Not activated
11768,81,B2,6,4,0,29,29,False,B8,B8,Not activated
11769,81,B2,6,4,1,29,39,True,B8,B4,SDC
11770,81,B2,6,5,0,29,09,True,B8,B9,SDC
11771,81,B2,6,5,1,29,29,False,B8,B8,Not activated
11772,81,B2,6,6,0,29,29,False,B8,B8,Not activated
11773,81,B2,6,6,1,29,69,True,B8,5B,SDC
11774,81,B2,6,7,0,29,29,False,B8,B8,Not activated
11775,81,B2,6,7,1,29,A9,True,B8,BA,SDC
11776,81,B3,7,0,0,88,88,False,B8,B8,Not activated
11777,81,B3,7,0,1,88,89,True,B8,B8,Masked
11778,81,B3,7,1,0,88,88,False,B8,B8,Not activated
11779,81,B3,7,1,1,88,8A,True,B8,B8,Masked
11780,81,B3,7,2,0,88,88,False,B8,B8,Not activated
11781,81,B3,7,2,1,88,8C,True,B8,B8,Masked
11782,81,B3,7,3,0,88,80,True,B8,B8,Masked
11783,81,B3,7,3,1,88,88,False,B8,B8,Not activated
11784,81,B3,7,4,0,88,88,False,B8,B8,Not activated
11785,81,B3,7,4,1,88,98,True,B8,B8,Masked
11786,81,B3,7,5,0,88,88,False,B8,B8,Not activated
11787,81,B3,7,5,1,88,A8,True,B8,BA,SDC
11788,81,B3,7,6,0,88,88,False,B8,B8,Not activated
11789,81,B3,7,6,1,88,C8,True,B8,C8,SDC
11790,81,B3,7,7,0,88,08,True,B8,B8,Masked
11791,81,B3,7,7,1,88,88,False,B8,B8,Not activated
11792,81,C0,8,0,0,B5,B4,True,B8,B7,SDC
11793,81,C0,8,0,1,B5,B5,False,B8,B8,Not activated
11794,81,C0,8,1,0,B5,B5,False,B8,B8,Not activated
11795,81,C0,8,1,1,B5,B7,True,B8,B9,SDC
11796,81,C0,8,2,0,B5,B1,True,B8,B5,SDC
11797,81,C0,8,2,1,B5,B5,False,B8,B8,Not activated
11798,81,C0,8,3,0,B5,B5,False,B8,B8,Not activated
11799,81,C0,8,3,1,B5,BD,True,B8,BF,SDC
11800,81,C0,8,4,0,B5,A5,True,B8,AD,SDC
11801,81,C0,8,4,1,B5,B5,False,B8,B8,Not activated
11802,81,C0,8,5,0,B5,95,True,B8,A9,SDC
11803,81,C0,8,5,1,B5,B5,False,B8,B8,Not activated
11804,81,C0,8,6,0,B5,B5,False,B8,B8,Not activated
11805,81,C0,8,6,1,B5,F5,True,B8,F5,SDC
11806,81,C0,8,7,0,B5,35,True,B8,31,SDC
11807,81,C0,8,7,1,B5,B5,False,B8,B8,Not activated
11808,82,A0,0,0,0,AA,AA,False,39,39,Not activated
11809,82,A0,0,0,1,AA,AB,True,39,39,Masked
11810,82,A0,0,1,0,AA,A8,True,39,38,SDC
11811,82,A0,0,1,1,AA,AA,False,39,39,Not activated
11812,82,A0,0,2,0,AA,AA,False,39,39,Not activated
11813,82,A0,0,2,1,AA,AE,True,39,39,Masked
11814,82,A0,0,3,0,AA,A2,True,39,38,SDC
11815,82,A0,0,3,1,AA,AA,False,39,39,Not activated
11816,82,A0,0,4,0,AA,AA,False,39,39,Not activated
11817,82,A0,0,4,1,AA,BA,True,39,3B,SDC
11818,82,A0,0,5,0,AA,8A,True,39,37,SDC
11819,82,A0,0,5,1,AA,AA,False,39,39,Not activated
11820,82,A0,0,6,0,AA,AA,False,39,39,Not activated
11821,82,A0,0,6,1,AA,EA,True,39,5E,SDC
11822,82,A0,0,7,0,AA,2A,True,39,35,SDC
11823,82,A0,0,7,1,AA,AA,False,39,39,Not activated
11824,82,A1,1,0,0,AB,AA,True,39,39,Masked
11825,82,A1,1,0,1,AB,AB,False,39,39,Not activated
11826,82,A1,1,1,0,AB,A9,True,39,39,Masked
11827,82,A1,1,1,1,AB,AB,False,39,39,Not activated
11828,82,A1,1,2,0,AB,AB,False,39,39,Not activated
11829,82,A1,1,2,1,AB,AF,True,39,38,SDC
11830,82,A1,1,3,0,AB,A3,True,39,39,Masked
11831,82,A1,1,3,1,AB,AB,False,39,39,Not activated
11832,82,A1,1,4,0,AB,AB,False,39,39,Not activated
11833,82,A1,1,4,1,AB,BB,True,39,33,SDC
11834,82,A1,1,5,0,AB,8B,True,39,3A,SDC
11835,82,A1,1,5,1,AB,AB,False,39,39,Not activated
11836,82,A1,1,6,0,AB,AB,False,39,39,Not activated
11837,82,A1,1,6,1,AB,EB,True,39,E0,SDC
11838,82,A1,1,7,0,AB,2B,True,39,3B,SDC
11839,82,A1,1,7,1,AB,AB,False,39,39,Not activated
11840,82,A2,2,0,0,2B,2A,True,39,39,Masked
11841,82,A2,2,0,1,2B,2B,False,39,39,Not activated
11842,82,A2,2,1,0,2B,29,True,39,39,Masked
11843,82,A2,2,1,1,2B,2B,False,39,39,Not activated
11844,82,A2,2,2,0,2B,2B,False,39,39,Not activated
11845,82,A2,2,2,1,2B,2F,True,39,38,SDC
11846,82,A2,2,3,0,2B,23,True,39,39,Masked
11847,82,A2,2,3,1,2B,2B,False,39,39,Not activated
11848,82,A2,2,4,0,2B,2B,False,39,39,Not activated
11849,82,A2,2,4,1,2B,3B,True,39,32,SDC
11850,82,A2,2,5,0,2B,0B,True,39,3A,SDC
11851,82,A2,2,5,1,2B,2B,False,39,39,Not activated
11852,82,A2,2,6,0,2B,2B,False,39,39,Not activated
11853,82,A2,2,6,1,2B,6B,True,39,E1,SDC
11854,82,A2,2,7,0,2B,2B,False,39,39,Not activated
11855,82,A2,2,7,1,2B,AB,True,39,3B,SDC
11856,82,A3,3,0,0,33,32,True,39,38,SDC
11857,82,A3,3,0,1,33,33,False,39,39,Not activated
11858,82,A3,3,1,0,33,31,True,39,37,SDC
11859,82,A3,3,1,1,33,33,False,39,39,Not activated
11860,82,A3,3,2,0,33,33,False,39,39,Not activated
11861,82,A3,3,2,1,33,37,True,39,3A,SDC
11862,82,A3,3,3,0,33,33,False,39,39,Not activated
11863,82,A3,3,3,1,33,3B,True,39,3D,SDC
11864,82,A3,3,4,0,33,23,True,39,32,SDC
11865,82,A3,3,4,1,33,33,False,39,39,Not activated
11866,82,A3,3,5,0,33,13,True,39,30,SDC
11867,82,A3,3,5,1,33,33,False,39,39,Not activated
11868,82,A3,3,6,0,33,33,False,39,39,Not activated
11869,82,A3,3,6,1,33,73,True,39,72,SDC
11870,82,A3,3,7,0,33,33,False,39,39,Not activated
11871,82,A3,3,7,1,33,B3,True,39,A0,SDC
11872,82,B0,4,0,0,AB,AA,True,39,39,Masked
11873,82,B0,4,0,1,AB,AB,False,39,39,Not activated
11874,82,B0,4,1,0,AB,A9,True,39,38,SDC
11875,82,B0,4,1,1,AB,AB,False,39,39,Not activated
11876,82,B0,4,2,0,AB,AB,False,39,39,Not activated
11877,82,B0,4,2,1,AB,AF,True,39,39,Masked
11878,82,B0,4,3,0,AB,A3,True,39,38,SDC
11879,82,B0,4,3,1,AB,AB,False,39,39,Not activated
11880,82,B0,4,4,0,AB,AB,False,39,39,Not activated
11881,82,B0,4,4,1,AB,BB,True,39,3B,SDC
11882,82,B0,4,5,0,AB,8B,True,39,37,SDC
11883,82,B0,4,5,1,AB,AB,False,39,39,Not activated
11884,82,B0,4,6,0,AB,AB,False,39,39,Not activated
11885,82,B0,4,6,1,AB,EB,True,39,5E,SDC
11886,82,B0,4,7,0,AB,2B,True,39,35,SDC
11887,82,B0,4,7,1,AB,AB,False,39,39,Not activated
11888,82,B1,5,0,0,2C,2C,False,39,39,Not activated
11889,82,B1,5,0,1,2C,2D,True,39,39,Masked
11890,82,B1,5,1,0,2C,2C,False,39,39,Not activated
11891,82,B1,5,1,1,2C,2E,True,39,39,Masked
11892,82,B1,5,2,0,2C,28,True,39,39,Masked
11893,82,B1,5,2,1,2C,2C,False,39,39,Not activated
11894,82,B1,5,3,0,2C,24,True,39,39,Masked
11895,82,B1,5,3,1,2C,2C,False,39,39,Not activated
11896,82,B1,5,4,0,2C,2C,False,39,39,Not activated
11897,82,B1,5,4,1,2C,3C,True,39,33,SDC
11898,82,B1,5,5,0,2C,0C,True,39,3A,SDC
11899,82,B1,5,5,1,2C,2C,False,39,39,Not activated
11900,82,B1,5,6,0,2C,2C,False,39,39,Not activated
11901,82,B1,5,6,1,2C,6C,True,39,E0,SDC
11902,82,B1,5,7,0,2C,2C,False,39,39,Not activated
11903,82,B1,5,7,1,2C,AC,True,39,3B,SDC
11904,82,B2,6,0,0,AE,AE,False,39,39,Not activated
11905,82,B2,6,0,1,AE,AF,True,39,39,Masked
11906,82,B2,6,1,0,AE,AC,True,39,39,Masked
11907,82,B2,6,1,1,AE,AE,False,39,39,Not activated
11908,82,B2,6,2,0,AE,AA,True,39,39,Masked
11909,82,B2,6,2,1,AE,AE,False,39,39,Not activated
11910,82,B2,6,3,0,AE,A6,True,39,39,Masked
11911,82,B2,6,3,1,AE,AE,False,39,39,Not activated
11912,82,B2,6,4,0,AE,AE,False,39,39,Not activated
11913,82,B2,6,4,1,AE,BE,True,39,32,SDC
11914,82,B2,6,5,0,AE,8E,True,39,3A,SDC
11915,82,B2,6,5,1,AE,AE,False,39,39,Not activated
11916,82,B2,6,6,0,AE,AE,False,39,39,Not activated
11917,82,B2,6,6,1,AE,EE,True,39,E1,SDC
11918,82,B2,6,7,0,AE,2E,True,39,3B,SDC
11919,82,B2,6,7,1,AE,AE,False,39,39,Not activated
11920,82,B3,7,0,0,36,36,False,39,39,Not activated
11921,82,B3,7,0,1,36,37,True,39,39,Masked
11922,82,B3,7,1,0,36,34,True,39,38,SDC
11923,82,B3,7,1,1,36,36,False,39,39,Not activated
11924,82,B3,7,2,0,36,32,True,39,36,SDC
11925,82,B3,7,2,1,36,36,False,39,39,Not activated
11926,82,B3,7,3,0,36,36,False,39,39,Not activated
11927,82,B3,7,3,1,36,3E,True,39,3D,SDC
11928,82,B3,7,4,0,36,26,True,39,32,SDC
11929,82,B3,7,4,1,36,36,False,39,39,Not activated
11930,82,B3,7,5,0,36,16,True,39,30,SDC
11931,82,B3,7,5,1,36,36,False,39,39,Not activated
11932,82,B3,7,6,0,36,36,False,39,39,Not activated
11933,82,B3,7,6,1,36,76,True,39,72,SDC
11934,82,B3,7,7,0,36,36,False,39,39,Not activated
11935,82,B3,7,7,1,36,B6,True,39,A0,SDC
11936,82,C0,8,0,0,32,32,False,39,39,Not activated
11937,82,C0,8,0,1,32,33,True,39,39,Masked
11938,82,C0,8,1,0,32,30,True,39,37,SDC
11939,82,C0,8,1,1,32,32,False,39,39,Not activated
11940,82,C0,8,2,0,32,32,False,39,39,Not activated
11941,82,C0,8,2,1,32,36,True,39,3B,SDC
11942,82,C0,8,3,0,32,32,False,39,39,Not activated
11943,82,C0,8,3,1,32,3A,True,39,3E,SDC
11944,82,C0,8,4,0,32,22,True,39,31,SDC
11945,82,C0,8,4,1,32,32,False,39,39,Not activated
11946,82,C0,8,5,0,32,12,True,39,2F,SDC
11947,82,C0,8,5,1,32,32,False,39,39,Not activated
11948,82,C0,8,6,0,32,32,False,39,39,Not activated
11949,82,C0,8,6,1,32,72,True,39,72,SDC
11950,82,C0,8,7,0,32,32,False,39,39,Not activated
11951,82,C0,8,7,1,32,B2,True,39,A2,SDC
11952,83,A0,0,0,0,1D,1C,True,1C,1C,Masked
11953,83,A0,0,0,1,1D,1D,False,1C,1C,Not activated
11954,83,A0,0,1,0,1D,1D,False,1C,1C,Not activated
11955,83,A0,0,1,1,1D,1F,True,1C,20,SDC
11956,83,A0,0,2,0,1D,19,True,1C,18,SDC
11957,83,A0,0,2,1,1D,1D,False,1C,1C,Not activated
11958,83,A0,0,3,0,1D,15,True,1C,18,SDC
11959,83,A0,0,3,1,1D,1D,False,1C,1C,Not activated
11960,83,A0,0,4,0,1D,0D,True,1C,10,SDC
11961,83,A0,0,4,1,1D,1D,False,1C,1C,Not activated
11962,83,A0,0,5,0,1D,1D,False,1C,1C,Not activated
11963,83,A0,0,5,1,1D,3D,True,1C,3C,SDC
11964,83,A0,0,6,0,1D,1D,False,1C,1C,Not activated
11965,83,A0,0,6,1,1D,5D,True,1C,5C,SDC
11966,83,A0,0,7,0,1D,1D,False,1C,1C,Not activated
11967,83,A0,0,7,1,1D,9D,True,1C,A0,SDC
11968,83,A1,1,0,0,9C,9C,False,1C,1C,Not activated
11969,83,A1,1,0,1,9C,9D,True,1C,1C,Masked
11970,83,A1,1,1,0,9C,9C,False,1C,1C,Not activated
11971,83,A1,1,1,1,9C,9E,True,1C,1C,Masked
11972,83,A1,1,2,0,9C,98,True,1C,18,SDC
11973,83,A1,1,2,1,9C,9C,False,1C,1C,Not activated
11974,83,A1,1,3,0,9C,94,True,1C,18,SDC
11975,83,A1,1,3,1,9C,9C,False,1C,1C,Not activated
11976,83,A1,1,4,0,9C,8C,True,1C,18,SDC
11977,83,A1,1,4,1,9C,9C,False,1C,1C,Not activated
11978,83,A1,1,5,0,9C,9C,False,1C,1C,Not activated
11979,83,A1,1,5,1,9C,BC,True,1C,2B,SDC
11980,83,A1,1,6,0,9C,9C,False,1C,1C,Not activated
11981,83,A1,1,6,1,9C,DC,True,1C,49,SDC
11982,83,A1,1,7,0,9C,1C,True,1C,10,SDC
11983,83,A1,1,7,1,9C,9C,False,1C,1C,Not activated
11984,83,A2,2,0,0,AC,AC,False,1C,1C,Not activated
11985,83,A2,2,0,1,AC,AD,True,1C,1C,Masked
11986,83,A2,2,1,0,AC,AC,False,1C,1C,Not activated
11987,83,A2,2,1,1,AC,AE,True,1C,1C,Masked
11988,83,A2,2,2,0,AC,A8,True,1C,1C,Masked
11989,83,A2,2,2,1,AC,AC,False,1C,1C,Not activated
11990,83,A2,2,3,0,AC,A4,True,1C,1C,Masked
11991,83,A2,2,3,1,AC,AC,False,1C,1C,Not activated
11992,83,A2,2,4,0,AC,AC,False,1C,1C,Not activated
11993,83,A2,2,4,1,AC,BC,True,1C,18,SDC
11994,83,A2,2,5,0,AC,8C,True,1C,1C,Masked
11995,83,A2,2,5,1,AC,AC,False,1C,1C,Not activated
11996,83,A2,2,6,0,AC,AC,False,1C,1C,Not activated
11997,83,A2,2,6,1,AC,EC,True,1C,C3,SDC
11998,83,A2,2,7,0,AC,2C,True,1C,1C,Masked
11999,83,A2,2,7,1,AC,AC,False,1C,1C,Not activated
12000,83,A3,3,0,0,AB,AA,True,1C,20,SDC
12001,83,A3,3,0,1,AB,AB,False,1C,1C,Not activated
12002,83,A3,3,1,0,AB,A9,True,1C,22,SDC
12003,83,A3,3,1,1,AB,AB,False,1C,1C,Not activated
12004,83,A3,3,2,0,AB,AB,False,1C,1C,Not activated
12005,83,A3,3,2,1,AB,AF,True,1C,90,SDC
12006,83,A3,3,3,0,AB,A3,True,1C,28,SDC
12007,83,A3,3,3,1,AB,AB,False,1C,1C,Not activated
12008,83,A3,3,4,0,AB,AB,False,1C,1C,Not activated
12009,83,A3,3,4,1,AB,BB,True,1C,B7,SDC
12010,83,A3,3,5,0,AB,8B,True,1C,2D,SDC
12011,83,A3,3,5,1,AB,AB,False,1C,1C,Not activated
12012,83,A3,3,6,0,AB,AB,False,1C,1C,Not activated
12013,83,A3,3,6,1,AB,EB,True,1C,EB,SDC
12014,83,A3,3,7,0,AB,2B,True,1C,34,SDC
12015,83,A3,3,7,1,AB,AB,False,1C,1C,Not activated
12016,83,B0,4,0,0,37,36,True,1C,1C,Masked
12017,83,B0,4,0,1,37,37,False,1C,1C,Not activated
12018,83,B0,4,1,0,37,35,True,1C,1C,Masked
12019,83,B0,4,1,1,37,37,False,1C,1C,Not activated
12020,83,B0,4,2,0,37,33,True,1C,18,SDC
12021,83,B0,4,2,1,37,37,False,1C,1C,Not activated
12022,83,B0,4,3,0,37,37,False,1C,1C,Not activated
12023,83,B0,4,3,1,37,3F,True,1C,22,SDC
12024,83,B0,4,4,0,37,27,True,1C,10,SDC
12025,83,B0,4,4,1,37,37,False,1C,1C,Not activated
12026,83,B0,4,5,0,37,17,True,1C,00,SDC
12027,83,B0,4,5,1,37,37,False,1C,1C,Not activated
12028,83,B0,4,6,0,37,37,False,1C,1C,Not activated
12029,83,B0,4,6,1,37,77,True,1C,5C,SDC
12030,83,B0,4,7,0,37,37,False,1C,1C,Not activated
12031,83,B0,4,7,1,37,B7,True,1C,A0,SDC
12032,83,B1,5,0,0,A4,A4,False,1C,1C,Not activated
12033,83,B1,5,0,1,A4,A5,True,1C,1C,Masked
12034,83,B1,5,1,0,A4,A4,False,1C,1C,Not activated
12035,83,B1,5,1,1,A4,A6,True,1C,1C,Masked
12036,83,B1,5,2,0,A4,A0,True,1C,18,SDC
12037,83,B1,5,2,1,A4,A4,False,1C,1C,Not activated
12038,83,B1,5,3,0,A4,A4,False,1C,1C,Not activated
12039,83,B1,5,3,1,A4,AC,True,1C,1C,Masked
12040,83,B1,5,4,0,A4,A4,False,1C,1C,Not activated
12041,83,B1,5,4,1,A4,B4,True,1C,20,SDC
12042,83,B1,5,5,0,A4,84,True,1C,18,SDC
12043,83,B1,5,5,1,A4,A4,False,1C,1C,Not activated
12044,83,B1,5,6,0,A4,A4,False,1C,1C,Not activated
12045,83,B1,5,6,1,A4,E4,True,1C,49,SDC
12046,83,B1,5,7,0,A4,24,True,1C,10,SDC
12047,83,B1,5,7,1,A4,A4,False,1C,1C,Not activated
12048,83,B2,6,0,0,0F,0E,True,1C,1C,Masked
12049,83,B2,6,0,1,0F,0F,False,1C,1C,Not activated
12050,83,B2,6,1,0,0F,0D,True,1C,1C,Masked
12051,83,B2,6,1,1,0F,0F,False,1C,1C,Not activated
12052,83,B2,6,2,0,0F,0B,True,1C,1C,Masked
12053,83,B2,6,2,1,0F,0F,False,1C,1C,Not activated
12054,83,B2,6,3,0,0F,07,True,1C,1C,Masked
12055,83,B2,6,3,1,0F,0F,False,1C,1C,Not activated
12056,83,B2,6,4,0,0F,0F,False,1C,1C,Not activated
12057,83,B2,6,4,1,0F,1F,True,1C,18,SDC
12058,83,B2,6,5,0,0F,0F,False,1C,1C,Not activated
12059,83,B2,6,5,1,0F,2F,True,1C,9C,SDC
12060,83,B2,6,6,0,0F,0F,False,1C,1C,Not activated
12061,83,B2,6,6,1,0F,4F,True,1C,C3,SDC
12062,83,B2,6,7,0,0F,0F,False,1C,1C,Not activated
12063,83,B2,6,7,1,0F,8F,True,1C,1C,Masked
12064,83,B3,7,0,0,38,38,False,1C,1C,Not activated
12065,83,B3,7,0,1,38,39,True,1C,15,SDC
12066,83,B3,7,1,0,38,38,False,1C,1C,Not activated
12067,83,B3,7,1,1,38,3A,True,1C,04,SDC
12068,83,B3,7,2,0,38,38,False,1C,1C,Not activated
12069,83,B3,7,2,1,38,3C,True,1C,9A,SDC
12070,83,B3,7,3,0,38,30,True,1C,28,SDC
12071,83,B3,7,3,1,38,38,False,1C,1C,Not activated
12072,83,B3,7,4,0,38,28,True,1C,2B,SDC
12073,83,B3,7,4,1,38,38,False,1C,1C,Not activated
12074,83,B3,7,5,0,38,18,True,1C,2D,SDC
12075,83,B3,7,5,1,38,38,False,1C,1C,Not activated
12076,83,B3,7,6,0,38,38,False,1C,1C,Not activated
12077,83,B3,7,6,1,38,78,True,1C,F8,SDC
12078,83,B3,7,7,0,38,38,False,1C,1C,Not activated
12079,83,B3,7,7,1,38,B8,True,1C,34,SDC
12080,83,C0,8,0,0,2A,2A,False,1C,1C,Not activated
12081,83,C0,8,0,1,2A,2B,True,1C,20,SDC
12082,83,C0,8,1,0,2A,28,True,1C,10,SDC
12083,83,C0,8,1,1,2A,2A,False,1C,1C,Not activated
12084,83,C0,8,2,0,2A,2A,False,1C,1C,Not activated
12085,83,C0,8,2,1,2A,2E,True,1C,26,SDC
12086,83,C0,8,3,0,2A,22,True,1C,98,SDC
12087,83,C0,8,3,1,2A,2A,False,1C,1C,Not activated
12088,83,C0,8,4,0,2A,2A,False,1C,1C,Not activated
12089,83,C0,8,4,1,2A,3A,True,1C,38,SDC
12090,83,C0,8,5,0,2A,0A,True,1C,A6,SDC
12091,83,C0,8,5,1,2A,2A,False,1C,1C,Not activated
12092,83,C0,8,6,0,2A,2A,False,1C,1C,Not activated
12093,83,C0,8,6,1,2A,6A,True,1C,6A,SDC
12094,83,C0,8,7,0,2A,2A,False,1C,1C,Not activated
12095,83,C0,8,7,1,2A,AA,True,1C,B1,SDC
12096,84,A0,0,0,0,1B,1A,True,98,98,Masked
12097,84,A0,0,0,1,1B,1B,False,98,98,Not activated
12098,84,A0,0,1,0,1B,19,True,98,98,Masked
12099,84,A0,0,1,1,1B,1B,False,98,98,Not activated
12100,84,A0,0,2,0,1B,1B,False,98,98,Not activated
12101,84,A0,0,2,1,1B,1F,True,98,94,SDC
12102,84,A0,0,3,0,1B,13,True,98,9A,SDC
12103,84,A0,0,3,1,1B,1B,False,98,98,Not activated
12104,84,A0,0,4,0,1B,0B,True,98,9C,SDC
12105,84,A0,0,4,1,1B,1B,False,98,98,Not activated
12106,84,A0,0,5,0,1B,1B,False,98,98,Not activated
12107,84,A0,0,5,1,1B,3B,True,98,32,SDC
12108,84,A0,0,6,0,1B,1B,False,98,98,Not activated
12109,84,A0,0,6,1,1B,5B,True,98,53,SDC
12110,84,A0,0,7,0,1B,1B,False,98,98,Not activated
12111,84,A0,0,7,1,1B,9B,True,98,A2,SDC
12112,84,A1,1,0,0,A3,A2,True,98,98,Masked
12113,84,A1,1,0,1,A3,A3,False,98,98,Not activated
12114,84,A1,1,1,0,A3,A1,True,98,94,SDC
12115,84,A1,1,1,1,A3,A3,False,98,98,Not activated
12116,84,A1,1,2,0,A3,A3,False,98,98,Not activated
12117,84,A1,1,2,1,A3,A7,True,98,9A,SDC
12118,84,A1,1,3,0,A3,A3,False,98,98,Not activated
12119,84,A1,1,3,1,A3,AB,True,98,9C,SDC
12120,84,A1,1,4,0,A3,A3,False,98,98,Not activated
12121,84,A1,1,4,1,A3,B3,True,98,A4,SDC
12122,84,A1,1,5,0,A3,83,True,98,87,SDC
12123,84,A1,1,5,1,A3,A3,False,98,98,Not activated
12124,84,A1,1,6,0,A3,A3,False,98,98,Not activated
12125,84,A1,1,6,1,A3,E3,True,98,D3,SDC
12126,84,A1,1,7,0,A3,23,True,98,10,SDC
12127,84,A1,1,7,1,A3,A3,False,98,98,Not activated
12128,84,A2,2,0,0,B2,B2,False,98,98,Not activated
12129,84,A2,2,0,1,B2,B3,True,98,9C,SDC
12130,84,A2,2,1,0,B2,B0,True,98,01,SDC
12131,84,A2,2,1,1,B2,B2,False,98,98,Not activated
12132,84,A2,2,2,0,B2,B2,False,98,98,Not activated
12133,84,A2,2,2,1,B2,B6,True,98,A4,SDC
12134,84,A2,2,3,0,B2,B2,False,98,98,Not activated
12135,84,A2,2,3,1,B2,BA,True,98,AB,SDC
12136,84,A2,2,4,0,B2,A2,True,98,23,SDC
12137,84,A2,2,4,1,B2,B2,False,98,98,Not activated
12138,84,A2,2,5,0,B2,92,True,98,27,SDC
12139,84,A2,2,5,1,B2,B2,False,98,98,Not activated
12140,84,A2,2,6,0,B2,B2,False,98,98,Not activated
12141,84,A2,2,6,1,B2,F2,True,98,EA,SDC
12142,84,A2,2,7,0,B2,32,True,98,31,SDC
12143,84,A2,2,7,1,B2,B2,False,98,98,Not activated
12144,84,A3,3,0,0,A9,A8,True,98,9A,SDC
12145,84,A3,3,0,1,A9,A9,False,98,98,Not activated
12146,84,A3,3,1,0,A9,A9,False,98,98,Not activated
12147,84,A3,3,1,1,A9,AB,True,98,8D,SDC
12148,84,A3,3,2,0,A9,A9,False,98,98,Not activated
12149,84,A3,3,2,1,A9,AD,True,98,05,SDC
12150,84,A3,3,3,0,A9,A1,True,98,A1,SDC
12151,84,A3,3,3,1,A9,A9,False,98,98,Not activated
12152,84,A3,3,4,0,A9,A9,False,98,98,Not activated
12153,84,A3,3,4,1,A9,B9,True,98,2D,SDC
12154,84,A3,3,5,0,A9,89,True,98,A5,SDC
12155,84,A3,3,5,1,A9,A9,False,98,98,Not activated
12156,84,A3,3,6,0,A9,A9,False,98,98,Not activated
12157,84,A3,3,6,1,A9,E9,True,98,62,SDC
12158,84,A3,3,7,0,A9,29,True,98,AC,SDC
12159,84,A3,3,7,1,A9,A9,False,98,98,Not activated
12160,84,B0,4,0,0,30,30,False,98,98,Not activated
12161,84,B0,4,0,1,30,31,True,98,94,SDC
12162,84,B0,4,1,0,30,30,False,98,98,Not activated
12163,84,B0,4,1,1,30,32,True,98,94,SDC
12164,84,B0,4,2,0,30,30,False,98,98,Not activated
12165,84,B0,4,2,1,30,34,True,98,8F,SDC
12166,84,B0,4,3,0,30,30,False,98,98,Not activated
12167,84,B0,4,3,1,30,38,True,98,87,SDC
12168,84,B0,4,4,0,30,20,True,98,9C,SDC
12169,84,B0,4,4,1,30,30,False,98,98,Not activated
12170,84,B0,4,5,0,30,10,True,98,9C,SDC
12171,84,B0,4,5,1,30,30,False,98,98,Not activated
12172,84,B0,4,6,0,30,30,False,98,98,Not activated
12173,84,B0,4,6,1,30,70,True,98,53,SDC
12174,84,B0,4,7,0,30,30,False,98,98,Not activated
12175,84,B0,4,7,1,30,B0,True,98,A2,SDC
12176,84,B1,5,0,0,28,28,False,98,98,Not activated
12177,84,B1,5,0,1,28,29,True,98,98,Masked
12178,84,B1,5,1,0,28,28,False,98,98,Not activated
12179,84,B1,5,1,1,28,2A,True,98,98,Masked
12180,84,B1,5,2,0,28,28,False,98,98,Not activated
12181,84,B1,5,2,1,28,2C,True,98,9A,SDC
12182,84,B1,5,3,0,28,20,True,98,8F,SDC
12183,84,B1,5,3,1,28,28,False,98,98,Not activated
12184,84,B1,5,4,0,28,28,False,98,98,Not activated
12185,84,B1,5,4,1,28,38,True,98,A4,SDC
12186,84,B1,5,5,0,28,08,True,98,87,SDC
12187,84,B1,5,5,1,28,28,False,98,98,Not activated
12188,84,B1,5,6,0,28,28,False,98,98,Not activated
12189,84,B1,5,6,1,28,68,True,98,D3,SDC
12190,84,B1,5,7,0,28,28,False,98,98,Not activated
12191,84,B1,5,7,1,28,A8,True,98,10,SDC
12192,84,B2,6,0,0,30,30,False,98,98,Not activated
12193,84,B2,6,0,1,30,31,True,98,9C,SDC
12194,84,B2,6,1,0,30,30,False,98,98,Not activated
12195,84,B2,6,1,1,30,32,True,98,A2,SDC
12196,84,B2,6,2,0,30,30,False,98,98,Not activated
12197,84,B2,6,2,1,30,34,True,98,A6,SDC
12198,84,B2,6,3,0,30,30,False,98,98,Not activated
12199,84,B2,6,3,1,30,38,True,98,AB,SDC
12200,84,B2,6,4,0,30,20,True,98,23,SDC
12201,84,B2,6,4,1,30,30,False,98,98,Not activated
12202,84,B2,6,5,0,30,10,True,98,27,SDC
12203,84,B2,6,5,1,30,30,False,98,98,Not activated
12204,84,B2,6,6,0,30,30,False,98,98,Not activated
12205,84,B2,6,6,1,30,70,True,98,EA,SDC
12206,84,B2,6,7,0,30,30,False,98,98,Not activated
12207,84,B2,6,7,1,30,B0,True,98,31,SDC
12208,84,B3,7,0,0,B1,B0,True,98,9A,SDC
12209,84,B3,7,0,1,B1,B1,False,98,98,Not activated
12210,84,B3,7,1,0,B1,B1,False,98,98,Not activated
12211,84,B3,7,1,1,B1,B3,True,98,8D,SDC
12212,84,B3,7,2,0,B1,B1,False,98,98,Not activated
12213,84,B3,7,2,1,B1,B5,True,98,05,SDC
12214,84,B3,7,3,0,B1,B1,False,98,98,Not activated
12215,84,B3,7,3,1,B1,B9,True,98,1C,SDC
12216,84,B3,7,4,0,B1,A1,True,98,A3,SDC
12217,84,B3,7,4,1,B1,B1,False,98,98,Not activated
12218,84,B3,7,5,0,B1,91,True,98,A5,SDC
12219,84,B3,7,5,1,B1,B1,False,98,98,Not activated
12220,84,B3,7,6,0,B1,B1,False,98,98,Not activated
12221,84,B3,7,6,1,B1,F1,True,98,62,SDC
12222,84,B3,7,7,0,B1,31,True,98,AC,SDC
12223,84,B3,7,7,1,B1,B1,False,98,98,Not activated
12224,84,C0,8,0,0,1D,1C,True,98,98,Masked
12225,84,C0,8,0,1,1D,1D,False,98,98,Not activated
12226,84,C0,8,1,0,1D,1D,False,98,98,Not activated
12227,84,C0,8,1,1,1D,1F,True,98,94,SDC
12228,84,C0,8,2,0,1D,19,True,98,9C,SDC
12229,84,C0,8,2,1,1D,1D,False,98,98,Not activated
12230,84,C0,8,3,0,1D,15,True,98,9C,SDC
12231,84,C0,8,3,1,1D,1D,False,98,98,Not activated
12232,84,C0,8,4,0,1D,0D,True,98,A0,SDC
12233,84,C0,8,4,1,1D,1D,False,98,98,Not activated
12234,84,C0,8,5,0,1D,1D,False,98,98,Not activated
12235,84,C0,8,5,1,1D,3D,True,98,3B,SDC
12236,84,C0,8,6,0,1D,1D,False,98,98,Not activated
12237,84,C0,8,6,1,1D,5D,True,98,5D,SDC
12238,84,C0,8,7,0,1D,1D,False,98,98,Not activated
12239,84,C0,8,7,1,1D,9D,True,98,A8,SDC
12240,85,A0,0,0,0,36,36,False,3A,3A,Not activated
12241,85,A0,0,0,1,36,37,True,3A,3B,SDC
12242,85,A0,0,1,0,36,34,True,3A,39,SDC
12243,85,A0,0,1,1,36,36,False,3A,3A,Not activated
12244,85,A0,0,2,0,36,32,True,3A,38,SDC
12245,85,A0,0,2,1,36,36,False,3A,3A,Not activated
12246,85,A0,0,3,0,36,36,False,3A,3A,Not activated
12247,85,A0,0,3,1,36,3E,True,3A,40,SDC
12248,85,A0,0,4,0,36,26,True,3A,32,SDC
12249,85,A0,0,4,1,36,36,False,3A,3A,Not activated
12250,85,A0,0,5,0,36,16,True,3A,2E,SDC
12251,85,A0,0,5,1,36,36,False,3A,3A,Not activated
12252,85,A0,0,6,0,36,36,False,3A,3A,Not activated
12253,85,A0,0,6,1,36,76,True,3A,75,SDC
12254,85,A0,0,7,0,36,36,False,3A,3A,Not activated
12255,85,A0,0,7,1,36,B6,True,3A,AE,SDC
12256,85,A1,1,0,0,A0,A0,False,3A,3A,Not activated
12257,85,A1,1,0,1,A0,A1,True,3A,3A,Masked
12258,85,A1,1,1,0,A0,A0,False,3A,3A,Not activated
12259,85,A1,1,1,1,A0,A2,True,3A,3A,Masked
12260,85,A1,1,2,0,A0,A0,False,3A,3A,Not activated
12261,85,A1,1,2,1,A0,A4,True,3A,3A,Masked
12262,85,A1,1,3,0,A0,A0,False,3A,3A,Not activated
12263,85,A1,1,3,1,A0,A8,True,3A,3A,Masked
12264,85,A1,1,4,0,A0,A0,False,3A,3A,Not activated
12265,85,A1,1,4,1,A0,B0,True,3A,39,SDC
12266,85,A1,1,5,0,A0,80,True,3A,3A,Masked
12267,85,A1,1,5,1,A0,A0,False,3A,3A,Not activated
12268,85,A1,1,6,0,A0,A0,False,3A,3A,Not activated
12269,85,A1,1,6,1,A0,E0,True,3A,CB,SDC
12270,85,A1,1,7,0,A0,20,True,3A,3A,Masked
12271,85,A1,1,7,1,A0,A0,False,3A,3A,Not activated
12272,85,A2,2,0,0,2D,2C,True,3A,3A,Masked
12273,85,A2,2,0,1,2D,2D,False,3A,3A,Not activated
12274,85,A2,2,1,0,2D,2D,False,3A,3A,Not activated
12275,85,A2,2,1,1,2D,2F,True,3A,3A,Masked
12276,85,A2,2,2,0,2D,29,True,3A,3B,SDC
12277,85,A2,2,2,1,2D,2D,False,3A,3A,Not activated
12278,85,A2,2,3,0,2D,25,True,3A,3B,SDC
12279,85,A2,2,3,1,2D,2D,False,3A,3A,Not activated
12280,85,A2,2,4,0,2D,2D,False,3A,3A,Not activated
12281,85,A2,2,4,1,2D,3D,True,3A,32,SDC
12282,85,A2,2,5,0,2D,0D,True,3A,3C,SDC
12283,85,A2,2,5,1,2D,2D,False,3A,3A,Not activated
12284,85,A2,2,6,0,2D,2D,False,3A,3A,Not activated
12285,85,A2,2,6,1,2D,6D,True,3A,E5,SDC
12286,85,A2,2,7,0,2D,2D,False,3A,3A,Not activated
12287,85,A2,2,7,1,2D,AD,True,3A,3D,SDC
12288,85,A3,3,0,0,B4,B4,False,3A,3A,Not activated
12289,85,A3,3,0,1,B4,B5,True,3A,3A,Masked
12290,85,A3,3,1,0,B4,B4,False,3A,3A,Not activated
12291,85,A3,3,1,1,B4,B6,True,3A,3B,SDC
12292,85,A3,3,2,0,B4,B0,True,3A,39,SDC
12293,85,A3,3,2,1,B4,B4,False,3A,3A,Not activated
12294,85,A3,3,3,0,B4,B4,False,3A,3A,Not activated
12295,85,A3,3,3,1,B4,BC,True,3A,3E,SDC
12296,85,A3,3,4,0,B4,A4,True,3A,36,SDC
12297,85,A3,3,4,1,B4,B4,False,3A,3A,Not activated
12298,85,A3,3,5,0,B4,94,True,3A,35,SDC
12299,85,A3,3,5,1,B4,B4,False,3A,3A,Not activated
12300,85,A3,3,6,0,B4,B4,False,3A,3A,Not activated
12301,85,A3,3,6,1,B4,F4,True,3A,70,SDC
12302,85,A3,3,7,0,B4,34,True,3A,27,SDC
12303,85,A3,3,7,1,B4,B4,False,3A,3A,Not activated
12304,85,B0,4,0,0,37,36,True,3A,3A,Masked
12305,85,B0,4,0,1,37,37,False,3A,3A,Not activated
12306,85,B0,4,1,0,37,35,True,3A,39,SDC
12307,85,B0,4,1,1,37,37,False,3A,3A,Not activated
12308,85,B0,4,2,0,37,33,True,3A,38,SDC
12309,85,B0,4,2,1,37,37,False,3A,3A,Not activated
12310,85,B0,4,3,0,37,37,False,3A,3A,Not activated
12311,85,B0,4,3,1,37,3F,True,3A,40,SDC
12312,85,B0,4,4,0,37,27,True,3A,32,SDC
12313,85,B0,4,4,1,37,37,False,3A,3A,Not activated
12314,85,B0,4,5,0,37,17,True,3A,2E,SDC
12315,85,B0,4,5,1,37,37,False,3A,3A,Not activated
12316,85,B0,4,6,0,37,37,False,3A,3A,Not activated
12317,85,B0,4,6,1,37,77,True,3A,75,SDC
12318,85,B0,4,7,0,37,37,False,3A,3A,Not activated
12319,85,B0,4,7,1,37,B7,True,3A,AE,SDC
12320,85,B1,5,0,0,26,26,False,3A,3A,Not activated
12321,85,B1,5,0,1,26,27,True,3A,3A,Masked
12322,85,B1,5,1,0,26,24,True,3A,3A,Masked
12323,85,B1,5,1,1,26,26,False,3A,3A,Not activated
12324,85,B1,5,2,0,26,22,True,3A,3A,Masked
12325,85,B1,5,2,1,26,26,False,3A,3A,Not activated
12326,85,B1,5,3,0,26,26,False,3A,3A,Not activated
12327,85,B1,5,3,1,26,2E,True,3A,3A,Masked
12328,85,B1,5,4,0,26,26,False,3A,3A,Not activated
12329,85,B1,5,4,1,26,36,True,3A,39,SDC
12330,85,B1,5,5,0,26,06,True,3A,3A,Masked
12331,85,B1,5,5,1,26,26,False,3A,3A,Not activated
12332,85,B1,5,6,0,26,26,False,3A,3A,Not activated
12333,85,B1,5,6,1,26,66,True,3A,CB,SDC
12334,85,B1,5,7,0,26,26,False,3A,3A,Not activated
12335,85,B1,5,7,1,26,A6,True,3A,3A,Masked
12336,85,B2,6,0,0,B0,B0,False,3A,3A,Not activated
12337,85,B2,6,0,1,B0,B1,True,3A,3A,Masked
12338,85,B2,6,1,0,B0,B0,False,3A,3A,Not activated
12339,85,B2,6,1,1,B0,B2,True,3A,3A,Masked
12340,85,B2,6,2,0,B0,B0,False,3A,3A,Not activated
12341,85,B2,6,2,1,B0,B4,True,3A,39,SDC
12342,85,B2,6,3,0,B0,B0,False,3A,3A,Not activated
12343,85,B2,6,3,1,B0,B8,True,3A,38,SDC
12344,85,B2,6,4,0,B0,A0,True,3A,3B,SDC
12345,85,B2,6,4,1,B0,B0,False,3A,3A,Not activated
12346,85,B2,6,5,0,B0,90,True,3A,3C,SDC
12347,85,B2,6,5,1,B0,B0,False,3A,3A,Not activated
12348,85,B2,6,6,0,B0,B0,False,3A,3A,Not activated
12349,85,B2,6,6,1,B0,F0,True,3A,E5,SDC
12350,85,B2,6,7,0,B0,30,True,3A,3D,SDC
12351,85,B2,6,7,1,B0,B0,False,3A,3A,Not activated
12352,85,B3,7,0,0,B3,B2,True,3A,3A,Masked
12353,85,B3,7,0,1,B3,B3,False,3A,3A,Not activated
12354,85,B3,7,1,0,B3,B1,True,3A,39,SDC
12355,85,B3,7,1,1,B3,B3,False,3A,3A,Not activated
12356,85,B3,7,2,0,B3,B3,False,3A,3A,Not activated
12357,85,B3,7,2,1,B3,B7,True,3A,3C,SDC
12358,85,B3,7,3,0,B3,B3,False,3A,3A,Not activated
12359,85,B3,7,3,1,B3,BB,True,3A,3E,SDC
12360,85,B3,7,4,0,B3,A3,True,3A,36,SDC
12361,85,B3,7,4,1,B3,B3,False,3A,3A,Not activated
12362,85,B3,7,5,0,B3,93,True,3A,35,SDC
12363,85,B3,7,5,1,B3,B3,False,3A,3A,Not activated
12364,85,B3,7,6,0,B3,B3,False,3A,3A,Not activated
12365,85,B3,7,6,1,B3,F3,True,3A,70,SDC
12366,85,B3,7,7,0,B3,33,True,3A,27,SDC
12367,85,B3,7,7,1,B3,B3,False,3A,3A,Not activated
12368,85,C0,8,0,0,1D,1C,True,3A,3A,Masked
12369,85,C0,8,0,1,1D,1D,False,3A,3A,Not activated
12370,85,C0,8,1,0,1D,1D,False,3A,3A,Not activated
12371,85,C0,8,1,1,1D,1F,True,3A,3A,Masked
12372,85,C0,8,2,0,1D,19,True,3A,3A,Masked
12373,85,C0,8,2,1,1D,1D,False,3A,3A,Not activated
12374,85,C0,8,3,0,1D,15,True,3A,3A,Masked
12375,85,C0,8,3,1,1D,1D,False,3A,3A,Not activated
12376,85,C0,8,4,0,1D,0D,True,3A,3A,Masked
12377,85,C0,8,4,1,1D,1D,False,3A,3A,Not activated
12378,85,C0,8,5,0,1D,1D,False,3A,3A,Not activated
12379,85,C0,8,5,1,1D,3D,True,3A,43,SDC
12380,85,C0,8,6,0,1D,1D,False,3A,3A,Not activated
12381,85,C0,8,6,1,1D,5D,True,3A,5D,SDC
12382,85,C0,8,7,0,1D,1D,False,3A,3A,Not activated
12383,85,C0,8,7,1,1D,9D,True,3A,39,SDC
12384,86,A0,0,0,0,1D,1C,True,3E,3E,Masked
12385,86,A0,0,0,1,1D,1D,False,3E,3E,Not activated
12386,86,A0,0,1,0,1D,1D,False,3E,3E,Not activated
12387,86,A0,0,1,1,1D,1F,True,3E,3E,Masked
12388,86,A0,0,2,0,1D,19,True,3E,3E,Masked
12389,86,A0,0,2,1,1D,1D,False,3E,3E,Not activated
12390,86,A0,0,3,0,1D,15,True,3E,3E,Masked
12391,86,A0,0,3,1,1D,1D,False,3E,3E,Not activated
12392,86,A0,0,4,0,1D,0D,True,3E,3E,Masked
12393,86,A0,0,4,1,1D,1D,False,3E,3E,Not activated
12394,86,A0,0,5,0,1D,1D,False,3E,3E,Not activated
12395,86,A0,0,5,1,1D,3D,True,3E,3D,SDC
12396,86,A0,0,6,0,1D,1D,False,3E,3E,Not activated
12397,86,A0,0,6,1,1D,5D,True,3E,AA,SDC
12398,86,A0,0,7,0,1D,1D,False,3E,3E,Not activated
12399,86,A0,0,7,1,1D,9D,True,3E,3E,Masked
12400,86,A1,1,0,0,B5,B4,True,3E,3E,Masked
12401,86,A1,1,0,1,B5,B5,False,3E,3E,Not activated
12402,86,A1,1,1,0,B5,B5,False,3E,3E,Not activated
12403,86,A1,1,1,1,B5,B7,True,3E,3E,Masked
12404,86,A1,1,2,0,B5,B1,True,3E,3C,SDC
12405,86,A1,1,2,1,B5,B5,False,3E,3E,Not activated
12406,86,A1,1,3,0,B5,B5,False,3E,3E,Not activated
12407,86,A1,1,3,1,B5,BD,True,3E,41,SDC
12408,86,A1,1,4,0,B5,A5,True,3E,3A,SDC
12409,86,A1,1,4,1,B5,B5,False,3E,3E,Not activated
12410,86,A1,1,5,0,B5,95,True,3E,39,SDC
12411,86,A1,1,5,1,B5,B5,False,3E,3E,Not activated
12412,86,A1,1,6,0,B5,B5,False,3E,3E,Not activated
12413,86,A1,1,6,1,B5,F5,True,3E,72,SDC
12414,86,A1,1,7,0,B5,35,True,3E,30,SDC
12415,86,A1,1,7,1,B5,B5,False,3E,3E,Not activated
12416,86,A2,2,0,0,38,38,False,3E,3E,Not activated
12417,86,A2,2,0,1,38,39,True,3E,3E,Masked
12418,86,A2,2,1,0,38,38,False,3E,3E,Not activated
12419,86,A2,2,1,1,38,3A,True,3E,3F,SDC
12420,86,A2,2,2,0,38,38,False,3E,3E,Not activated
12421,86,A2,2,2,1,38,3C,True,3E,40,SDC
12422,86,A2,2,3,0,38,30,True,3E,3B,SDC
12423,86,A2,2,3,1,38,38,False,3E,3E,Not activated
12424,86,A2,2,4,0,38,28,True,3E,39,SDC
12425,86,A2,2,4,1,38,38,False,3E,3E,Not activated
12426,86,A2,2,5,0,38,18,True,3E,38,SDC
12427,86,A2,2,5,1,38,38,False,3E,3E,Not activated
12428,86,A2,2,6,0,38,38,False,3E,3E,Not activated
12429,86,A2,2,6,1,38,78,True,3E,78,SDC
12430,86,A2,2,7,0,38,38,False,3E,3E,Not activated
12431,86,A2,2,7,1,38,B8,True,3E,2A,SDC
12432,86,A3,3,0,0,35,34,True,3E,3E,Masked
12433,86,A3,3,0,1,35,35,False,3E,3E,Not activated
12434,86,A3,3,1,0,35,35,False,3E,3E,Not activated
12435,86,A3,3,1,1,35,37,True,3E,3E,Masked
12436,86,A3,3,2,0,35,31,True,3E,3E,Masked
12437,86,A3,3,2,1,35,35,False,3E,3E,Not activated
12438,86,A3,3,3,0,35,35,False,3E,3E,Not activated
12439,86,A3,3,3,1,35,3D,True,3E,3E,Masked
12440,86,A3,3,4,0,35,25,True,3E,3E,Masked
12441,86,A3,3,4,1,35,35,False,3E,3E,Not activated
12442,86,A3,3,5,0,35,15,True,3E,3E,Masked
12443,86,A3,3,5,1,35,35,False,3E,3E,Not activated
12444,86,A3,3,6,0,35,35,False,3E,3E,Not activated
12445,86,A3,3,6,1,35,75,True,3E,37,SDC
12446,86,A3,3,7,0,35,35,False,3E,3E,Not activated
12447,86,A3,3,7,1,35,B5,True,3E,3E,Masked
12448,86,B0,4,0,0,9A,9A,False,3E,3E,Not activated
12449,86,B0,4,0,1,9A,9B,True,3E,3E,Masked
12450,86,B0,4,1,0,9A,98,True,3E,3E,Masked
12451,86,B0,4,1,1,9A,9A,False,3E,3E,Not activated
12452,86,B0,4,2,0,9A,9A,False,3E,3E,Not activated
12453,86,B0,4,2,1,9A,9E,True,3E,3E,Masked
12454,86,B0,4,3,0,9A,92,True,3E,3E,Masked
12455,86,B0,4,3,1,9A,9A,False,3E,3E,Not activated
12456,86,B0,4,4,0,9A,8A,True,3E,3E,Masked
12457,86,B0,4,4,1,9A,9A,False,3E,3E,Not activated
12458,86,B0,4,5,0,9A,9A,False,3E,3E,Not activated
12459,86,B0,4,5,1,9A,BA,True,3E,3D,SDC
12460,86,B0,4,6,0,9A,9A,False,3E,3E,Not activated
12461,86,B0,4,6,1,9A,DA,True,3E,AA,SDC
12462,86,B0,4,7,0,9A,1A,True,3E,3E,Masked
12463,86,B0,4,7,1,9A,9A,False,3E,3E,Not activated
12464,86,B1,5,0,0,B4,B4,False,3E,3E,Not activated
12465,86,B1,5,0,1,B4,B5,True,3E,3E,Masked
12466,86,B1,5,1,0,B4,B4,False,3E,3E,Not activated
12467,86,B1,5,1,1,B4,B6,True,3E,3E,Masked
12468,86,B1,5,2,0,B4,B0,True,3E,3C,SDC
12469,86,B1,5,2,1,B4,B4,False,3E,3E,Not activated
12470,86,B1,5,3,0,B4,B4,False,3E,3E,Not activated
12471,86,B1,5,3,1,B4,BC,True,3E,41,SDC
12472,86,B1,5,4,0,B4,A4,True,3E,3A,SDC
12473,86,B1,5,4,1,B4,B4,False,3E,3E,Not activated
12474,86,B1,5,5,0,B4,94,True,3E,39,SDC
12475,86,B1,5,5,1,B4,B4,False,3E,3E,Not activated
12476,86,B1,5,6,0,B4,B4,False,3E,3E,Not activated
12477,86,B1,5,6,1,B4,F4,True,3E,72,SDC
12478,86,B1,5,7,0,B4,34,True,3E,30,SDC
12479,86,B1,5,7,1,B4,B4,False,3E,3E,Not activated
12480,86,B2,6,0,0,33,32,True,3E,3D,SDC
12481,86,B2,6,0,1,33,33,False,3E,3E,Not activated
12482,86,B2,6,1,0,33,31,True,3E,3C,SDC
12483,86,B2,6,1,1,33,33,False,3E,3E,Not activated
12484,86,B2,6,2,0,33,33,False,3E,3E,Not activated
12485,86,B2,6,2,1,33,37,True,3E,40,SDC
12486,86,B2,6,3,0,33,33,False,3E,3E,Not activated
12487,86,B2,6,3,1,33,3B,True,3E,42,SDC
12488,86,B2,6,4,0,33,23,True,3E,39,SDC
12489,86,B2,6,4,1,33,33,False,3E,3E,Not activated
12490,86,B2,6,5,0,33,13,True,3E,38,SDC
12491,86,B2,6,5,1,33,33,False,3E,3E,Not activated
12492,86,B2,6,6,0,33,33,False,3E,3E,Not activated
12493,86,B2,6,6,1,33,73,True,3E,73,SDC
12494,86,B2,6,7,0,33,33,False,3E,3E,Not activated
12495,86,B2,6,7,1,33,B3,True,3E,2A,SDC
12496,86,B3,7,0,0,82,82,False,3E,3E,Not activated
12497,86,B3,7,0,1,82,83,True,3E,3E,Masked
12498,86,B3,7,1,0,82,80,True,3E,3E,Masked
12499,86,B3,7,1,1,82,82,False,3E,3E,Not activated
12500,86,B3,7,2,0,82,82,False,3E,3E,Not activated
12501,86,B3,7,2,1,82,86,True,3E,3E,Masked
12502,86,B3,7,3,0,82,82,False,3E,3E,Not activated
12503,86,B3,7,3,1,82,8A,True,3E,3E,Masked
12504,86,B3,7,4,0,82,82,False,3E,3E,Not activated
12505,86,B3,7,4,1,82,92,True,3E,3E,Masked
12506,86,B3,7,5,0,82,82,False,3E,3E,Not activated
12507,86,B3,7,5,1,82,A2,True,3E,3D,SDC
12508,86,B3,7,6,0,82,82,False,3E,3E,Not activated
12509,86,B3,7,6,1,82,C2,True,3E,A9,SDC
12510,86,B3,7,7,0,82,02,True,3E,3E,Masked
12511,86,B3,7,7,1,82,82,False,3E,3E,Not activated
12512,86,C0,8,0,0,2E,2E,False,3E,3E,Not activated
12513,86,C0,8,0,1,2E,2F,True,3E,3E,Masked
12514,86,C0,8,1,0,2E,2C,True,3E,3E,Masked
12515,86,C0,8,1,1,2E,2E,False,3E,3E,Not activated
12516,86,C0,8,2,0,2E,2A,True,3E,3D,SDC
12517,86,C0,8,2,1,2E,2E,False,3E,3E,Not activated
12518,86,C0,8,3,0,2E,26,True,3E,3C,SDC
12519,86,C0,8,3,1,2E,2E,False,3E,3E,Not activated
12520,86,C0,8,4,0,2E,2E,False,3E,3E,Not activated
12521,86,C0,8,4,1,2E,3E,True,3E,44,SDC
12522,86,C0,8,5,0,2E,0E,True,3E,3A,SDC
12523,86,C0,8,5,1,2E,2E,False,3E,3E,Not activated
12524,86,C0,8,6,0,2E,2E,False,3E,3E,Not activated
12525,86,C0,8,6,1,2E,6E,True,3E,6E,SDC
12526,86,C0,8,7,0,2E,2E,False,3E,3E,Not activated
12527,86,C0,8,7,1,2E,AE,True,3E,36,SDC
12528,87,A0,0,0,0,09,08,True,31,31,Masked
12529,87,A0,0,0,1,09,09,False,31,31,Not activated
12530,87,A0,0,1,0,09,09,False,31,31,Not activated
12531,87,A0,0,1,1,09,0B,True,31,31,Masked
12532,87,A0,0,2,0,09,09,False,31,31,Not activated
12533,87,A0,0,2,1,09,0D,True,31,31,Masked
12534,87,A0,0,3,0,09,01,True,31,31,Masked
12535,87,A0,0,3,1,09,09,False,31,31,Not activated
12536,87,A0,0,4,0,09,09,False,31,31,Not activated
12537,87,A0,0,4,1,09,19,True,31,30,SDC
12538,87,A0,0,5,0,09,09,False,31,31,Not activated
12539,87,A0,0,5,1,09,29,True,31,2D,SDC
12540,87,A0,0,6,0,09,09,False,31,31,Not activated
12541,87,A0,0,6,1,09,49,True,31,BE,SDC
12542,87,A0,0,7,0,09,09,False,31,31,Not activated
12543,87,A0,0,7,1,09,89,True,31,31,Masked
12544,87,A1,1,0,0,AF,AE,True,31,31,Masked
12545,87,A1,1,0,1,AF,AF,False,31,31,Not activated
12546,87,A1,1,1,0,AF,AD,True,31,31,Masked
12547,87,A1,1,1,1,AF,AF,False,31,31,Not activated
12548,87,A1,1,2,0,AF,AB,True,31,31,Masked
12549,87,A1,1,2,1,AF,AF,False,31,31,Not activated
12550,87,A1,1,3,0,AF,A7,True,31,31,Masked
12551,87,A1,1,3,1,AF,AF,False,31,31,Not activated
12552,87,A1,1,4,0,AF,AF,False,31,31,Not activated
12553,87,A1,1,4,1,AF,BF,True,31,2D,SDC
12554,87,A1,1,5,0,AF,8F,True,31,32,SDC
12555,87,A1,1,5,1,AF,AF,False,31,31,Not activated
12556,87,A1,1,6,0,AF,AF,False,31,31,Not activated
12557,87,A1,1,6,1,AF,EF,True,31,D3,SDC
12558,87,A1,1,7,0,AF,2F,True,31,32,SDC
12559,87,A1,1,7,1,AF,AF,False,31,31,Not activated
12560,87,A2,2,0,0,33,32,True,31,31,Masked
12561,87,A2,2,0,1,33,33,False,31,31,Not activated
12562,87,A2,2,1,0,33,31,True,31,31,Masked
12563,87,A2,2,1,1,33,33,False,31,31,Not activated
12564,87,A2,2,2,0,33,33,False,31,31,Not activated
12565,87,A2,2,2,1,33,37,True,31,30,SDC
12566,87,A2,2,3,0,33,33,False,31,31,Not activated
12567,87,A2,2,3,1,33,3B,True,31,2C,SDC
12568,87,A2,2,4,0,33,23,True,31,33,SDC
12569,87,A2,2,4,1,33,33,False,31,31,Not activated
12570,87,A2,2,5,0,33,13,True,31,33,SDC
12571,87,A2,2,5,1,33,33,False,31,31,Not activated
12572,87,A2,2,6,0,33,33,False,31,31,Not activated
12573,87,A2,2,6,1,33,73,True,31,E2,SDC
12574,87,A2,2,7,0,33,33,False,31,31,Not activated
12575,87,A2,2,7,1,33,B3,True,31,36,SDC
12576,87,A3,3,0,0,37,36,True,31,30,SDC
12577,87,A3,3,0,1,37,37,False,31,31,Not activated
12578,87,A3,3,1,0,37,35,True,31,2F,SDC
12579,87,A3,3,1,1,37,37,False,31,31,Not activated
12580,87,A3,3,2,0,37,33,True,31,2B,SDC
12581,87,A3,3,2,1,37,37,False,31,31,Not activated
12582,87,A3,3,3,0,37,37,False,31,31,Not activated
12583,87,A3,3,3,1,37,3F,True,31,3B,SDC
12584,87,A3,3,4,0,37,27,True,31,86,SDC
12585,87,A3,3,4,1,37,37,False,31,31,Not activated
12586,87,A3,3,5,0,37,17,True,31,A2,SDC
12587,87,A3,3,5,1,37,37,False,31,31,Not activated
12588,87,A3,3,6,0,37,37,False,31,31,Not activated
12589,87,A3,3,6,1,37,77,True,31,74,SDC
12590,87,A3,3,7,0,37,37,False,31,31,Not activated
12591,87,A3,3,7,1,37,B7,True,31,B7,SDC
12592,87,B0,4,0,0,B0,B0,False,31,31,Not activated
12593,87,B0,4,0,1,B0,B1,True,31,31,Masked
12594,87,B0,4,1,0,B0,B0,False,31,31,Not activated
12595,87,B0,4,1,1,B0,B2,True,31,31,Masked
12596,87,B0,4,2,0,B0,B0,False,31,31,Not activated
12597,87,B0,4,2,1,B0,B4,True,31,31,Masked
12598,87,B0,4,3,0,B0,B0,False,31,31,Not activated
12599,87,B0,4,3,1,B0,B8,True,31,31,Masked
12600,87,B0,4,4,0,B0,A0,True,31,31,Masked
12601,87,B0,4,4,1,B0,B0,False,31,31,Not activated
12602,87,B0,4,5,0,B0,90,True,31,31,Masked
12603,87,B0,4,5,1,B0,B0,False,31,31,Not activated
12604,87,B0,4,6,0,B0,B0,False,31,31,Not activated
12605,87,B0,4,6,1,B0,F0,True,31,BE,SDC
12606,87,B0,4,7,0,B0,30,True,31,31,Masked
12607,87,B0,4,7,1,B0,B0,False,31,31,Not activated
12608,87,B1,5,0,0,1D,1C,True,31,31,Masked
12609,87,B1,5,0,1,1D,1D,False,31,31,Not activated
12610,87,B1,5,1,0,1D,1D,False,31,31,Not activated
12611,87,B1,5,1,1,1D,1F,True,31,31,Masked
12612,87,B1,5,2,0,1D,19,True,31,31,Masked
12613,87,B1,5,2,1,1D,1D,False,31,31,Not activated
12614,87,B1,5,3,0,1D,15,True,31,31,Masked
12615,87,B1,5,3,1,1D,1D,False,31,31,Not activated
12616,87,B1,5,4,0,1D,0D,True,31,31,Masked
12617,87,B1,5,4,1,1D,1D,False,31,31,Not activated
12618,87,B1,5,5,0,1D,1D,False,31,31,Not activated
12619,87,B1,5,5,1,1D,3D,True,31,A3,SDC
12620,87,B1,5,6,0,1D,1D,False,31,31,Not activated
12621,87,B1,5,6,1,1D,5D,True,31,D3,SDC
12622,87,B1,5,7,0,1D,1D,False,31,31,Not activated
12623,87,B1,5,7,1,1D,9D,True,31,32,SDC
12624,87,B2,6,0,0,A7,A6,True,31,31,Masked
12625,87,B2,6,0,1,A7,A7,False,31,31,Not activated
12626,87,B2,6,1,0,A7,A5,True,31,31,Masked
12627,87,B2,6,1,1,A7,A7,False,31,31,Not activated
12628,87,B2,6,2,0,A7,A3,True,31,32,SDC
12629,87,B2,6,2,1,A7,A7,False,31,31,Not activated
12630,87,B2,6,3,0,A7,A7,False,31,31,Not activated
12631,87,B2,6,3,1,A7,AF,True,31,2C,SDC
12632,87,B2,6,4,0,A7,A7,False,31,31,Not activated
12633,87,B2,6,4,1,A7,B7,True,31,1A,SDC
12634,87,B2,6,5,0,A7,87,True,31,33,SDC
12635,87,B2,6,5,1,A7,A7,False,31,31,Not activated
12636,87,B2,6,6,0,A7,A7,False,31,31,Not activated
12637,87,B2,6,6,1,A7,E7,True,31,E2,SDC
12638,87,B2,6,7,0,A7,27,True,31,36,SDC
12639,87,B2,6,7,1,A7,A7,False,31,31,Not activated
12640,87,B3,7,0,0,35,34,True,31,30,SDC
12641,87,B3,7,0,1,35,35,False,31,31,Not activated
12642,87,B3,7,1,0,35,35,False,31,31,Not activated
12643,87,B3,7,1,1,35,37,True,31,33,SDC
12644,87,B3,7,2,0,35,31,True,31,2A,SDC
12645,87,B3,7,2,1,35,35,False,31,31,Not activated
12646,87,B3,7,3,0,35,35,False,31,31,Not activated
12647,87,B3,7,3,1,35,3D,True,31,3B,SDC
12648,87,B3,7,4,0,35,25,True,31,86,SDC
12649,87,B3,7,4,1,35,35,False,31,31,Not activated
12650,87,B3,7,5,0,35,15,True,31,A2,SDC
12651,87,B3,7,5,1,35,35,False,31,31,Not activated
12652,87,B3,7,6,0,35,35,False,31,31,Not activated
12653,87,B3,7,6,1,35,75,True,31,74,SDC
12654,87,B3,7,7,0,35,35,False,31,31,Not activated
12655,87,B3,7,7,1,35,B5,True,31,B7,SDC
12656,87,C0,8,0,0,08,08,False,31,31,Not activated
12657,87,C0,8,0,1,08,09,True,31,31,Masked
12658,87,C0,8,1,0,08,08,False,31,31,Not activated
12659,87,C0,8,1,1,08,0A,True,31,31,Masked
12660,87,C0,8,2,0,08,08,False,31,31,Not activated
12661,87,C0,8,2,1,08,0C,True,31,31,Masked
12662,87,C0,8,3,0,08,00,True,31,31,Masked
12663,87,C0,8,3,1,08,08,False,31,31,Not activated
12664,87,C0,8,4,0,08,08,False,31,31,Not activated
12665,87,C0,8,4,1,08,18,True,31,32,SDC
12666,87,C0,8,5,0,08,08,False,31,31,Not activated
12667,87,C0,8,5,1,08,28,True,31,35,SDC
12668,87,C0,8,6,0,08,08,False,31,31,Not activated
12669,87,C0,8,6,1,08,48,True,31,49,SDC
12670,87,C0,8,7,0,08,08,False,31,31,Not activated
12671,87,C0,8,7,1,08,88,True,31,30,SDC
12672,88,A0,0,0,0,34,34,False,2E,2E,Not activated
12673,88,A0,0,0,1,34,35,True,2E,2E,Masked
12674,88,A0,0,1,0,34,34,False,2E,2E,Not activated
12675,88,A0,0,1,1,34,36,True,2E,2E,Masked
12676,88,A0,0,2,0,34,30,True,2E,30,SDC
12677,88,A0,0,2,1,34,34,False,2E,2E,Not activated
12678,88,A0,0,3,0,34,34,False,2E,2E,Not activated
12679,88,A0,0,3,1,34,3C,True,2E,2A,SDC
12680,88,A0,0,4,0,34,24,True,2E,31,SDC
12681,88,A0,0,4,1,34,34,False,2E,2E,Not activated
12682,88,A0,0,5,0,34,14,True,2E,31,SDC
12683,88,A0,0,5,1,34,34,False,2E,2E,Not activated
12684,88,A0,0,6,0,34,34,False,2E,2E,Not activated
12685,88,A0,0,6,1,34,74,True,2E,E0,SDC
12686,88,A0,0,7,0,34,34,False,2E,2E,Not activated
12687,88,A0,0,7,1,34,B4,True,2E,33,SDC
12688,88,A1,1,0,0,34,34,False,2E,2E,Not activated
12689,88,A1,1,0,1,34,35,True,2E,30,SDC
12690,88,A1,1,1,0,34,34,False,2E,2E,Not activated
12691,88,A1,1,1,1,34,36,True,2E,31,SDC
12692,88,A1,1,2,0,34,30,True,2E,26,SDC
12693,88,A1,1,2,1,34,34,False,2E,2E,Not activated
12694,88,A1,1,3,0,34,34,False,2E,2E,Not activated
12695,88,A1,1,3,1,34,3C,True,2E,39,SDC
12696,88,A1,1,4,0,34,24,True,2E,96,SDC
12697,88,A1,1,4,1,34,34,False,2E,2E,Not activated
12698,88,A1,1,5,0,34,14,True,2E,A2,SDC
12699,88,A1,1,5,1,34,34,False,2E,2E,Not activated
12700,88,A1,1,6,0,34,34,False,2E,2E,Not activated
12701,88,A1,1,6,1,34,74,True,2E,72,SDC
12702,88,A1,1,7,0,34,34,False,2E,2E,Not activated
12703,88,A1,1,7,1,34,B4,True,2E,B6,SDC
12704,88,A2,2,0,0,AE,AE,False,2E,2E,Not activated
12705,88,A2,2,0,1,AE,AF,True,2E,2E,Masked
12706,88,A2,2,1,0,AE,AC,True,2E,2E,Masked
12707,88,A2,2,1,1,AE,AE,False,2E,2E,Not activated
12708,88,A2,2,2,0,AE,AA,True,2E,2E,Masked
12709,88,A2,2,2,1,AE,AE,False,2E,2E,Not activated
12710,88,A2,2,3,0,AE,A6,True,2E,2E,Masked
12711,88,A2,2,3,1,AE,AE,False,2E,2E,Not activated
12712,88,A2,2,4,0,AE,AE,False,2E,2E,Not activated
12713,88,A2,2,4,1,AE,BE,True,2E,2D,SDC
12714,88,A2,2,5,0,AE,8E,True,2E,2E,Masked
12715,88,A2,2,5,1,AE,AE,False,2E,2E,Not activated
12716,88,A2,2,6,0,AE,AE,False,2E,2E,Not activated
12717,88,A2,2,6,1,AE,EE,True,2E,BA,SDC
12718,88,A2,2,7,0,AE,2E,True,2E,2E,Masked
12719,88,A2,2,7,1,AE,AE,False,2E,2E,Not activated
12720,88,A3,3,0,0,31,30,True,2E,2D,SDC
12721,88,A3,3,0,1,31,31,False,2E,2E,Not activated
12722,88,A3,3,1,0,31,31,False,2E,2E,Not activated
12723,88,A3,3,1,1,31,33,True,2E,30,SDC
12724,88,A3,3,2,0,31,31,False,2E,2E,Not activated
12725,88,A3,3,2,1,31,35,True,2E,32,SDC
12726,88,A3,3,3,0,31,31,False,2E,2E,Not activated
12727,88,A3,3,3,1,31,39,True,2E,35,SDC
12728,88,A3,3,4,0,31,21,True,2E,23,SDC
12729,88,A3,3,4,1,31,31,False,2E,2E,Not activated
12730,88,A3,3,5,0,31,11,True,2E,1E,SDC
12731,88,A3,3,5,1,31,31,False,2E,2E,Not activated
12732,88,A3,3,6,0,31,31,False,2E,2E,Not activated
12733,88,A3,3,6,1,31,71,True,2E,6B,SDC
12734,88,A3,3,7,0,31,31,False,2E,2E,Not activated
12735,88,A3,3,7,1,31,B1,True,2E,A8,SDC
12736,88,B0,4,0,0,A3,A2,True,2E,2E,Masked
12737,88,B0,4,0,1,A3,A3,False,2E,2E,Not activated
12738,88,B0,4,1,0,A3,A1,True,2E,2E,Masked
12739,88,B0,4,1,1,A3,A3,False,2E,2E,Not activated
12740,88,B0,4,2,0,A3,A3,False,2E,2E,Not activated
12741,88,B0,4,2,1,A3,A7,True,2E,2C,SDC
12742,88,B0,4,3,0,A3,A3,False,2E,2E,Not activated
12743,88,B0,4,3,1,A3,AB,True,2E,2A,SDC
12744,88,B0,4,4,0,A3,A3,False,2E,2E,Not activated
12745,88,B0,4,4,1,A3,B3,True,2E,19,SDC
12746,88,B0,4,5,0,A3,83,True,2E,31,SDC
12747,88,B0,4,5,1,A3,A3,False,2E,2E,Not activated
12748,88,B0,4,6,0,A3,A3,False,2E,2E,Not activated
12749,88,B0,4,6,1,A3,E3,True,2E,E0,SDC
12750,88,B0,4,7,0,A3,23,True,2E,33,SDC
12751,88,B0,4,7,1,A3,A3,False,2E,2E,Not activated
12752,88,B1,5,0,0,36,36,False,2E,2E,Not activated
12753,88,B1,5,0,1,36,37,True,2E,30,SDC
12754,88,B1,5,1,0,36,34,True,2E,2B,SDC
12755,88,B1,5,1,1,36,36,False,2E,2E,Not activated
12756,88,B1,5,2,0,36,32,True,2E,28,SDC
12757,88,B1,5,2,1,36,36,False,2E,2E,Not activated
12758,88,B1,5,3,0,36,36,False,2E,2E,Not activated
12759,88,B1,5,3,1,36,3E,True,2E,39,SDC
12760,88,B1,5,4,0,36,26,True,2E,96,SDC
12761,88,B1,5,4,1,36,36,False,2E,2E,Not activated
12762,88,B1,5,5,0,36,16,True,2E,A2,SDC
12763,88,B1,5,5,1,36,36,False,2E,2E,Not activated
12764,88,B1,5,6,0,36,36,False,2E,2E,Not activated
12765,88,B1,5,6,1,36,76,True,2E,72,SDC
12766,88,B1,5,7,0,36,36,False,2E,2E,Not activated
12767,88,B1,5,7,1,36,B6,True,2E,B6,SDC
12768,88,B2,6,0,0,08,08,False,2E,2E,Not activated
12769,88,B2,6,0,1,08,09,True,2E,2E,Masked
12770,88,B2,6,1,0,08,08,False,2E,2E,Not activated
12771,88,B2,6,1,1,08,0A,True,2E,2E,Masked
12772,88,B2,6,2,0,08,08,False,2E,2E,Not activated
12773,88,B2,6,2,1,08,0C,True,2E,2E,Masked
12774,88,B2,6,3,0,08,00,True,2E,2E,Masked
12775,88,B2,6,3,1,08,08,False,2E,2E,Not activated
12776,88,B2,6,4,0,08,08,False,2E,2E,Not activated
12777,88,B2,6,4,1,08,18,True,2E,2D,SDC
12778,88,B2,6,5,0,08,08,False,2E,2E,Not activated
12779,88,B2,6,5,1,08,28,True,2E,2B,SDC
12780,88,B2,6,6,0,08,08,False,2E,2E,Not activated
12781,88,B2,6,6,1,08,48,True,2E,BA,SDC
12782,88,B2,6,7,0,08,08,False,2E,2E,Not activated
12783,88,B2,6,7,1,08,88,True,2E,2E,Masked
12784,88,B3,7,0,0,32,32,False,2E,2E,Not activated
12785,88,B3,7,0,1,32,33,True,2E,2F,SDC
12786,88,B3,7,1,0,32,30,True,2E,2C,SDC
12787,88,B3,7,1,1,32,32,False,2E,2E,Not activated
12788,88,B3,7,2,0,32,32,False,2E,2E,Not activated
12789,88,B3,7,2,1,32,36,True,2E,31,SDC
12790,88,B3,7,3,0,32,32,False,2E,2E,Not activated
12791,88,B3,7,3,1,32,3A,True,2E,35,SDC
12792,88,B3,7,4,0,32,22,True,2E,23,SDC
12793,88,B3,7,4,1,32,32,False,2E,2E,Not activated
12794,88,B3,7,5,0,32,12,True,2E,1E,SDC
12795,88,B3,7,5,1,32,32,False,2E,2E,Not activated
12796,88,B3,7,6,0,32,32,False,2E,2E,Not activated
12797,88,B3,7,6,1,32,72,True,2E,6B,SDC
12798,88,B3,7,7,0,32,32,False,2E,2E,Not activated
12799,88,B3,7,7,1,32,B2,True,2E,A8,SDC
12800,88,C0,8,0,0,AE,AE,False,2E,2E,Not activated
12801,88,C0,8,0,1,AE,AF,True,2E,2C,SDC
12802,88,C0,8,1,0,AE,AC,True,2E,30,SDC
12803,88,C0,8,1,1,AE,AE,False,2E,2E,Not activated
12804,88,C0,8,2,0,AE,AA,True,2E,31,SDC
12805,88,C0,8,2,1,AE,AE,False,2E,2E,Not activated
12806,88,C0,8,3,0,AE,A6,True,2E,33,SDC
12807,88,C0,8,3,1,AE,AE,False,2E,2E,Not activated
12808,88,C0,8,4,0,AE,AE,False,2E,2E,Not activated
12809,88,C0,8,4,1,AE,BE,True,2E,B6,SDC
12810,88,C0,8,5,0,AE,8E,True,2E,36,SDC
12811,88,C0,8,5,1,AE,AE,False,2E,2E,Not activated
12812,88,C0,8,6,0,AE,AE,False,2E,2E,Not activated
12813,88,C0,8,6,1,AE,EE,True,2E,EE,SDC
12814,88,C0,8,7,0,AE,2E,True,2E,3B,SDC
12815,88,C0,8,7,1,AE,AE,False,2E,2E,Not activated
12816,89,A0,0,0,0,AD,AC,True,17,0F,SDC
12817,89,A0,0,0,1,AD,AD,False,17,17,Not activated
12818,89,A0,0,1,0,AD,AD,False,17,17,Not activated
12819,89,A0,0,1,1,AD,AF,True,17,1C,SDC
12820,89,A0,0,2,0,AD,A9,True,17,91,SDC
12821,89,A0,0,2,1,AD,AD,False,17,17,Not activated
12822,89,A0,0,3,0,AD,A5,True,17,9A,SDC
12823,89,A0,0,3,1,AD,AD,False,17,17,Not activated
12824,89,A0,0,4,0,AD,AD,False,17,17,Not activated
12825,89,A0,0,4,1,AD,BD,True,17,37,SDC
12826,89,A0,0,5,0,AD,8D,True,17,A4,SDC
12827,89,A0,0,5,1,AD,AD,False,17,17,Not activated
12828,89,A0,0,6,0,AD,AD,False,17,17,Not activated
12829,89,A0,0,6,1,AD,ED,True,17,69,SDC
12830,89,A0,0,7,0,AD,2D,True,17,B0,SDC
12831,89,A0,0,7,1,AD,AD,False,17,17,Not activated
12832,89,A1,1,0,0,23,22,True,17,17,Masked
12833,89,A1,1,0,1,23,23,False,17,17,Not activated
12834,89,A1,1,1,0,23,21,True,17,17,Masked
12835,89,A1,1,1,1,23,23,False,17,17,Not activated
12836,89,A1,1,2,0,23,23,False,17,17,Not activated
12837,89,A1,1,2,1,23,27,True,17,1C,SDC
12838,89,A1,1,3,0,23,23,False,17,17,Not activated
12839,89,A1,1,3,1,23,2B,True,17,1C,SDC
12840,89,A1,1,4,0,23,23,False,17,17,Not activated
12841,89,A1,1,4,1,23,33,True,17,20,SDC
12842,89,A1,1,5,0,23,03,True,17,17,Masked
12843,89,A1,1,5,1,23,23,False,17,17,Not activated
12844,89,A1,1,6,0,23,23,False,17,17,Not activated
12845,89,A1,1,6,1,23,63,True,17,46,SDC
12846,89,A1,1,7,0,23,23,False,17,17,Not activated
12847,89,A1,1,7,1,23,A3,True,17,17,Masked
12848,89,A2,2,0,0,38,38,False,17,17,Not activated
12849,89,A2,2,0,1,38,39,True,17,0B,SDC
12850,89,A2,2,1,0,38,38,False,17,17,Not activated
12851,89,A2,2,1,1,38,3A,True,17,89,SDC
12852,89,A2,2,2,0,38,38,False,17,17,Not activated
12853,89,A2,2,2,1,38,3C,True,17,9C,SDC
12854,89,A2,2,3,0,38,30,True,17,26,SDC
12855,89,A2,2,3,1,38,38,False,17,17,Not activated
12856,89,A2,2,4,0,38,28,True,17,2A,SDC
12857,89,A2,2,4,1,38,38,False,17,17,Not activated
12858,89,A2,2,5,0,38,18,True,17,2B,SDC
12859,89,A2,2,5,1,38,38,False,17,17,Not activated
12860,89,A2,2,6,0,38,38,False,17,17,Not activated
12861,89,A2,2,6,1,38,78,True,17,F8,SDC
12862,89,A2,2,7,0,38,38,False,17,17,Not activated
12863,89,A2,2,7,1,38,B8,True,17,33,SDC
12864,89,A3,3,0,0,8B,8A,True,17,17,Masked
12865,89,A3,3,0,1,8B,8B,False,17,17,Not activated
12866,89,A3,3,1,0,8B,89,True,17,18,SDC
12867,89,A3,3,1,1,8B,8B,False,17,17,Not activated
12868,89,A3,3,2,0,8B,8B,False,17,17,Not activated
12869,89,A3,3,2,1,8B,8F,True,17,17,Masked
12870,89,A3,3,3,0,8B,83,True,17,18,SDC
12871,89,A3,3,3,1,8B,8B,False,17,17,Not activated
12872,89,A3,3,4,0,8B,8B,False,17,17,Not activated
12873,89,A3,3,4,1,8B,9B,True,17,16,SDC
12874,89,A3,3,5,0,8B,8B,False,17,17,Not activated
12875,89,A3,3,5,1,8B,AB,True,17,0E,SDC
12876,89,A3,3,6,0,8B,8B,False,17,17,Not activated
12877,89,A3,3,6,1,8B,CB,True,17,B0,SDC
12878,89,A3,3,7,0,8B,0B,True,17,18,SDC
12879,89,A3,3,7,1,8B,8B,False,17,17,Not activated
12880,89,B0,4,0,0,B3,B2,True,17,0F,SDC
12881,89,B0,4,0,1,B3,B3,False,17,17,Not activated
12882,89,B0,4,1,0,B3,B1,True,17,81,SDC
12883,89,B0,4,1,1,B3,B3,False,17,17,Not activated
12884,89,B0,4,2,0,B3,B3,False,17,17,Not activated
12885,89,B0,4,2,1,B3,B7,True,17,22,SDC
12886,89,B0,4,3,0,B3,B3,False,17,17,Not activated
12887,89,B0,4,3,1,B3,BB,True,17,2A,SDC
12888,89,B0,4,4,0,B3,A3,True,17,A1,SDC
12889,89,B0,4,4,1,B3,B3,False,17,17,Not activated
12890,89,B0,4,5,0,B3,93,True,17,A4,SDC
12891,89,B0,4,5,1,B3,B3,False,17,17,Not activated
12892,89,B0,4,6,0,B3,B3,False,17,17,Not activated
12893,89,B0,4,6,1,B3,F3,True,17,69,SDC
12894,89,B0,4,7,0,B3,33,True,17,B0,SDC
12895,89,B0,4,7,1,B3,B3,False,17,17,Not activated
12896,89,B1,5,0,0,1A,1A,False,17,17,Not activated
12897,89,B1,5,0,1,1A,1B,True,17,17,Masked
12898,89,B1,5,1,0,1A,18,True,17,17,Masked
12899,89,B1,5,1,1,1A,1A,False,17,17,Not activated
12900,89,B1,5,2,0,1A,1A,False,17,17,Not activated
12901,89,B1,5,2,1,1A,1E,True,17,1C,SDC
12902,89,B1,5,3,0,1A,12,True,17,17,Masked
12903,89,B1,5,3,1,1A,1A,False,17,17,Not activated
12904,89,B1,5,4,0,1A,0A,True,17,17,Masked
12905,89,B1,5,4,1,1A,1A,False,17,17,Not activated
12906,89,B1,5,5,0,1A,1A,False,17,17,Not activated
12907,89,B1,5,5,1,1A,3A,True,17,28,SDC
12908,89,B1,5,6,0,1A,1A,False,17,17,Not activated
12909,89,B1,5,6,1,1A,5A,True,17,46,SDC
12910,89,B1,5,7,0,1A,1A,False,17,17,Not activated
12911,89,B1,5,7,1,1A,9A,True,17,17,Masked
12912,89,B2,6,0,0,AA,AA,False,17,17,Not activated
12913,89,B2,6,0,1,AA,AB,True,17,0F,SDC
12914,89,B2,6,1,0,AA,A8,True,17,20,SDC
12915,89,B2,6,1,1,AA,AA,False,17,17,Not activated
12916,89,B2,6,2,0,AA,AA,False,17,17,Not activated
12917,89,B2,6,2,1,AA,AE,True,17,98,SDC
12918,89,B2,6,3,0,AA,A2,True,17,26,SDC
12919,89,B2,6,3,1,AA,AA,False,17,17,Not activated
12920,89,B2,6,4,0,AA,AA,False,17,17,Not activated
12921,89,B2,6,4,1,AA,BA,True,17,B6,SDC
12922,89,B2,6,5,0,AA,8A,True,17,2B,SDC
12923,89,B2,6,5,1,AA,AA,False,17,17,Not activated
12924,89,B2,6,6,0,AA,AA,False,17,17,Not activated
12925,89,B2,6,6,1,AA,EA,True,17,EA,SDC
12926,89,B2,6,7,0,AA,2A,True,17,33,SDC
12927,89,B2,6,7,1,AA,AA,False,17,17,Not activated
12928,89,B3,7,0,0,1D,1C,True,17,17,Masked
12929,89,B3,7,0,1,1D,1D,False,17,17,Not activated
12930,89,B3,7,1,0,1D,1D,False,17,17,Not activated
12931,89,B3,7,1,1,1D,1F,True,17,17,Masked
12932,89,B3,7,2,0,1D,19,True,17,18,SDC
12933,89,B3,7,2,1,1D,1D,False,17,17,Not activated
12934,89,B3,7,3,0,1D,15,True,17,18,SDC
12935,89,B3,7,3,1,1D,1D,False,17,17,Not activated
12936,89,B3,7,4,0,1D,0D,True,17,18,SDC
12937,89,B3,7,4,1,1D,1D,False,17,17,Not activated
12938,89,B3,7,5,0,1D,1D,False,17,17,Not activated
12939,89,B3,7,5,1,1D,3D,True,17,0E,SDC
12940,89,B3,7,6,0,1D,1D,False,17,17,Not activated
12941,89,B3,7,6,1,1D,5D,True,17,B0,SDC
12942,89,B3,7,7,0,1D,1D,False,17,17,Not activated
12943,89,B3,7,7,1,1D,9D,True,17,18,SDC
12944,89,C0,8,0,0,1B,1A,True,17,0F,SDC
12945,89,C0,8,0,1,1B,1B,False,17,17,Not activated
12946,89,C0,8,1,0,1B,19,True,17,0F,SDC
12947,89,C0,8,1,1,1B,1B,False,17,17,Not activated
12948,89,C0,8,2,0,1B,1B,False,17,17,Not activated
12949,89,C0,8,2,1,1B,1F,True,17,1C,SDC
12950,89,C0,8,3,0,1B,13,True,17,81,SDC
12951,89,C0,8,3,1,1B,1B,False,17,17,Not activated
12952,89,C0,8,4,0,1B,0B,True,17,81,SDC
12953,89,C0,8,4,1,1B,1B,False,17,17,Not activated
12954,89,C0,8,5,0,1B,1B,False,17,17,Not activated
12955,89,C0,8,5,1,1B,3B,True,17,3A,SDC
12956,89,C0,8,6,0,1B,1B,False,17,17,Not activated
12957,89,C0,8,6,1,1B,5B,True,17,5B,SDC
12958,89,C0,8,7,0,1B,1B,False,17,17,Not activated
12959,89,C0,8,7,1,1B,9B,True,17,9E,SDC
12960,90,A0,0,0,0,9B,9A,True,92,92,Masked
12961,90,A0,0,0,1,9B,9B,False,92,92,Not activated
12962,90,A0,0,1,0,9B,99,True,92,92,Masked
12963,90,A0,0,1,1,9B,9B,False,92,92,Not activated
12964,90,A0,0,2,0,9B,9B,False,92,92,Not activated
12965,90,A0,0,2,1,9B,9F,True,92,92,Masked
12966,90,A0,0,3,0,9B,93,True,92,92,Masked
12967,90,A0,0,3,1,9B,9B,False,92,92,Not activated
12968,90,A0,0,4,0,9B,8B,True,92,92,Masked
12969,90,A0,0,4,1,9B,9B,False,92,92,Not activated
12970,90,A0,0,5,0,9B,9B,False,92,92,Not activated
12971,90,A0,0,5,1,9B,BB,True,92,A6,SDC
12972,90,A0,0,6,0,9B,9B,False,92,92,Not activated
12973,90,A0,0,6,1,9B,DB,True,92,C4,SDC
12974,90,A0,0,7,0,9B,1B,True,92,92,Masked
12975,90,A0,0,7,1,9B,9B,False,92,92,Not activated
12976,90,A1,1,0,0,AB,AA,True,92,92,Masked
12977,90,A1,1,0,1,AB,AB,False,92,92,Not activated
12978,90,A1,1,1,0,AB,A9,True,92,92,Masked
12979,90,A1,1,1,1,AB,AB,False,92,92,Not activated
12980,90,A1,1,2,0,AB,AB,False,92,92,Not activated
12981,90,A1,1,2,1,AB,AF,True,92,0D,SDC
12982,90,A1,1,3,0,AB,A3,True,92,9D,SDC
12983,90,A1,1,3,1,AB,AB,False,92,92,Not activated
12984,90,A1,1,4,0,AB,AB,False,92,92,Not activated
12985,90,A1,1,4,1,AB,BB,True,92,30,SDC
12986,90,A1,1,5,0,AB,8B,True,92,A6,SDC
12987,90,A1,1,5,1,AB,AB,False,92,92,Not activated
12988,90,A1,1,6,0,AB,AB,False,92,92,Not activated
12989,90,A1,1,6,1,AB,EB,True,92,64,SDC
12990,90,A1,1,7,0,AB,2B,True,92,AD,SDC
12991,90,A1,1,7,1,AB,AB,False,92,92,Not activated
12992,90,A2,2,0,0,B2,B2,False,92,92,Not activated
12993,90,A2,2,0,1,B2,B3,True,92,99,SDC
12994,90,A2,2,1,0,B2,B0,True,92,0D,SDC
12995,90,A2,2,1,1,B2,B2,False,92,92,Not activated
12996,90,A2,2,2,0,B2,B2,False,92,92,Not activated
12997,90,A2,2,2,1,B2,B6,True,92,A4,SDC
12998,90,A2,2,3,0,B2,B2,False,92,92,Not activated
12999,90,A2,2,3,1,B2,BA,True,92,AD,SDC
13000,90,A2,2,4,0,B2,A2,True,92,28,SDC
13001,90,A2,2,4,1,B2,B2,False,92,92,Not activated
13002,90,A2,2,5,0,B2,92,True,92,2A,SDC
13003,90,A2,2,5,1,B2,B2,False,92,92,Not activated
13004,90,A2,2,6,0,B2,B2,False,92,92,Not activated
13005,90,A2,2,6,1,B2,F2,True,92,EB,SDC
13006,90,A2,2,7,0,B2,32,True,92,32,SDC
13007,90,A2,2,7,1,B2,B2,False,92,92,Not activated
13008,90,A3,3,0,0,2D,2C,True,92,84,SDC
13009,90,A3,3,0,1,2D,2D,False,92,92,Not activated
13010,90,A3,3,1,0,2D,2D,False,92,92,Not activated
13011,90,A3,3,1,1,2D,2F,True,92,9C,SDC
13012,90,A3,3,2,0,2D,29,True,92,1A,SDC
13013,90,A3,3,2,1,2D,2D,False,92,92,Not activated
13014,90,A3,3,3,0,2D,25,True,92,22,SDC
13015,90,A3,3,3,1,2D,2D,False,92,92,Not activated
13016,90,A3,3,4,0,2D,2D,False,92,92,Not activated
13017,90,A3,3,4,1,2D,3D,True,92,B9,SDC
13018,90,A3,3,5,0,2D,0D,True,92,2A,SDC
13019,90,A3,3,5,1,2D,2D,False,92,92,Not activated
13020,90,A3,3,6,0,2D,2D,False,92,92,Not activated
13021,90,A3,3,6,1,2D,6D,True,92,EC,SDC
13022,90,A3,3,7,0,2D,2D,False,92,92,Not activated
13023,90,A3,3,7,1,2D,AD,True,92,34,SDC
13024,90,B0,4,0,0,21,20,True,92,92,Masked
13025,90,B0,4,0,1,21,21,False,92,92,Not activated
13026,90,B0,4,1,0,21,21,False,92,92,Not activated
13027,90,B0,4,1,1,21,23,True,92,92,Masked
13028,90,B0,4,2,0,21,21,False,92,92,Not activated
13029,90,B0,4,2,1,21,25,True,92,92,Masked
13030,90,B0,4,3,0,21,21,False,92,92,Not activated
13031,90,B0,4,3,1,21,29,True,92,92,Masked
13032,90,B0,4,4,0,21,21,False,92,92,Not activated
13033,90,B0,4,4,1,21,31,True,92,9D,SDC
13034,90,B0,4,5,0,21,01,True,92,92,Masked
13035,90,B0,4,5,1,21,21,False,92,92,Not activated
13036,90,B0,4,6,0,21,21,False,92,92,Not activated
13037,90,B0,4,6,1,21,61,True,92,C4,SDC
13038,90,B0,4,7,0,21,21,False,92,92,Not activated
13039,90,B0,4,7,1,21,A1,True,92,92,Masked
13040,90,B1,5,0,0,B1,B0,True,92,92,Masked
13041,90,B1,5,0,1,B1,B1,False,92,92,Not activated
13042,90,B1,5,1,0,B1,B1,False,92,92,Not activated
13043,90,B1,5,1,1,B1,B3,True,92,0D,SDC
13044,90,B1,5,2,0,B1,B1,False,92,92,Not activated
13045,90,B1,5,2,1,B1,B5,True,92,0D,SDC
13046,90,B1,5,3,0,B1,B1,False,92,92,Not activated
13047,90,B1,5,3,1,B1,B9,True,92,1F,SDC
13048,90,B1,5,4,0,B1,A1,True,92,A2,SDC
13049,90,B1,5,4,1,B1,B1,False,92,92,Not activated
13050,90,B1,5,5,0,B1,91,True,92,A6,SDC
13051,90,B1,5,5,1,B1,B1,False,92,92,Not activated
13052,90,B1,5,6,0,B1,B1,False,92,92,Not activated
13053,90,B1,5,6,1,B1,F1,True,92,64,SDC
13054,90,B1,5,7,0,B1,31,True,92,AD,SDC
13055,90,B1,5,7,1,B1,B1,False,92,92,Not activated
13056,90,B2,6,0,0,31,30,True,92,83,SDC
13057,90,B2,6,0,1,31,31,False,92,92,Not activated
13058,90,B2,6,1,0,31,31,False,92,92,Not activated
13059,90,B2,6,1,1,31,33,True,92,A0,SDC
13060,90,B2,6,2,0,31,31,False,92,92,Not activated
13061,90,B2,6,2,1,31,35,True,92,A4,SDC
13062,90,B2,6,3,0,31,31,False,92,92,Not activated
13063,90,B2,6,3,1,31,39,True,92,AD,SDC
13064,90,B2,6,4,0,31,21,True,92,28,SDC
13065,90,B2,6,4,1,31,31,False,92,92,Not activated
13066,90,B2,6,5,0,31,11,True,92,2A,SDC
13067,90,B2,6,5,1,31,31,False,92,92,Not activated
13068,90,B2,6,6,0,31,31,False,92,92,Not activated
13069,90,B2,6,6,1,31,71,True,92,EB,SDC
13070,90,B2,6,7,0,31,31,False,92,92,Not activated
13071,90,B2,6,7,1,31,B1,True,92,32,SDC
13072,90,B3,7,0,0,B7,B6,True,92,86,SDC
13073,90,B3,7,0,1,B7,B7,False,92,92,Not activated
13074,90,B3,7,1,0,B7,B5,True,92,07,SDC
13075,90,B3,7,1,1,B7,B7,False,92,92,Not activated
13076,90,B3,7,2,0,B7,B3,True,92,18,SDC
13077,90,B3,7,2,1,B7,B7,False,92,92,Not activated
13078,90,B3,7,3,0,B7,B7,False,92,92,Not activated
13079,90,B3,7,3,1,B7,BF,True,92,AD,SDC
13080,90,B3,7,4,0,B7,A7,True,92,28,SDC
13081,90,B3,7,4,1,B7,B7,False,92,92,Not activated
13082,90,B3,7,5,0,B7,97,True,92,2A,SDC
13083,90,B3,7,5,1,B7,B7,False,92,92,Not activated
13084,90,B3,7,6,0,B7,B7,False,92,92,Not activated
13085,90,B3,7,6,1,B7,F7,True,92,EC,SDC
13086,90,B3,7,7,0,B7,37,True,92,34,SDC
13087,90,B3,7,7,1,B7,B7,False,92,92,Not activated
13088,90,C0,8,0,0,30,30,False,92,92,Not activated
13089,90,C0,8,0,1,30,31,True,92,0D,SDC
13090,90,C0,8,1,0,30,30,False,92,92,Not activated
13091,90,C0,8,1,1,30,32,True,92,1B,SDC
13092,90,C0,8,2,0,30,30,False,92,92,Not activated
13093,90,C0,8,2,1,30,34,True,92,24,SDC
13094,90,C0,8,3,0,30,30,False,92,92,Not activated
13095,90,C0,8,3,1,30,38,True,92,30,SDC
13096,90,C0,8,4,0,30,20,True,92,AD,SDC
13097,90,C0,8,4,1,30,30,False,92,92,Not activated
13098,90,C0,8,5,0,30,10,True,92,B0,SDC
13099,90,C0,8,5,1,30,30,False,92,92,Not activated
13100,90,C0,8,6,0,30,30,False,92,92,Not activated
13101,90,C0,8,6,1,30,70,True,92,70,SDC
13102,90,C0,8,7,0,30,30,False,92,92,Not activated
13103,90,C0,8,7,1,30,B0,True,92,B9,SDC
13104,91,A0,0,0,0,2D,2C,True,30,30,Masked
13105,91,A0,0,0,1,2D,2D,False,30,30,Not activated
13106,91,A0,0,1,0,2D,2D,False,30,30,Not activated
13107,91,A0,0,1,1,2D,2F,True,30,31,SDC
13108,91,A0,0,2,0,2D,29,True,30,2F,SDC
13109,91,A0,0,2,1,2D,2D,False,30,30,Not activated
13110,91,A0,0,3,0,2D,25,True,30,2D,SDC
13111,91,A0,0,3,1,2D,2D,False,30,30,Not activated
13112,91,A0,0,4,0,2D,2D,False,30,30,Not activated
13113,91,A0,0,4,1,2D,3D,True,30,3B,SDC
13114,91,A0,0,5,0,2D,0D,True,30,2B,SDC
13115,91,A0,0,5,1,2D,2D,False,30,30,Not activated
13116,91,A0,0,6,0,2D,2D,False,30,30,Not activated
13117,91,A0,0,6,1,2D,6D,True,30,68,SDC
13118,91,A0,0,7,0,2D,2D,False,30,30,Not activated
13119,91,A0,0,7,1,2D,AD,True,30,15,SDC
13120,91,A1,1,0,0,32,32,False,30,30,Not activated
13121,91,A1,1,0,1,32,33,True,30,31,SDC
13122,91,A1,1,1,0,32,30,True,30,2F,SDC
13123,91,A1,1,1,1,32,32,False,30,30,Not activated
13124,91,A1,1,2,0,32,32,False,30,30,Not activated
13125,91,A1,1,2,1,32,36,True,30,35,SDC
13126,91,A1,1,3,0,32,32,False,30,30,Not activated
13127,91,A1,1,3,1,32,3A,True,30,39,SDC
13128,91,A1,1,4,0,32,22,True,30,1E,SDC
13129,91,A1,1,4,1,32,32,False,30,30,Not activated
13130,91,A1,1,5,0,32,12,True,30,86,SDC
13131,91,A1,1,5,1,32,32,False,30,30,Not activated
13132,91,A1,1,6,0,32,32,False,30,30,Not activated
13133,91,A1,1,6,1,32,72,True,30,71,SDC
13134,91,A1,1,7,0,32,32,False,30,30,Not activated
13135,91,A1,1,7,1,32,B2,True,30,B2,SDC
13136,91,A2,2,0,0,A7,A6,True,30,30,Masked
13137,91,A2,2,0,1,A7,A7,False,30,30,Not activated
13138,91,A2,2,1,0,A7,A5,True,30,30,Masked
13139,91,A2,2,1,1,A7,A7,False,30,30,Not activated
13140,91,A2,2,2,0,A7,A3,True,30,30,Masked
13141,91,A2,2,2,1,A7,A7,False,30,30,Not activated
13142,91,A2,2,3,0,A7,A7,False,30,30,Not activated
13143,91,A2,2,3,1,A7,AF,True,30,30,Masked
13144,91,A2,2,4,0,A7,A7,False,30,30,Not activated
13145,91,A2,2,4,1,A7,B7,True,30,30,Masked
13146,91,A2,2,5,0,A7,87,True,30,30,Masked
13147,91,A2,2,5,1,A7,A7,False,30,30,Not activated
13148,91,A2,2,6,0,A7,A7,False,30,30,Not activated
13149,91,A2,2,6,1,A7,E7,True,30,39,SDC
13150,91,A2,2,7,0,A7,27,True,30,30,Masked
13151,91,A2,2,7,1,A7,A7,False,30,30,Not activated
13152,91,A3,3,0,0,2A,2A,False,30,30,Not activated
13153,91,A3,3,0,1,2A,2B,True,30,30,Masked
13154,91,A3,3,1,0,2A,28,True,30,31,SDC
13155,91,A3,3,1,1,2A,2A,False,30,30,Not activated
13156,91,A3,3,2,0,2A,2A,False,30,30,Not activated
13157,91,A3,3,2,1,2A,2E,True,30,2D,SDC
13158,91,A3,3,3,0,2A,22,True,30,33,SDC
13159,91,A3,3,3,1,2A,2A,False,30,30,Not activated
13160,91,A3,3,4,0,2A,2A,False,30,30,Not activated
13161,91,A3,3,4,1,2A,3A,True,30,AC,SDC
13162,91,A3,3,5,0,2A,0A,True,30,35,SDC
13163,91,A3,3,5,1,2A,2A,False,30,30,Not activated
13164,91,A3,3,6,0,2A,2A,False,30,30,Not activated
13165,91,A3,3,6,1,2A,6A,True,30,E9,SDC
13166,91,A3,3,7,0,2A,2A,False,30,30,Not activated
13167,91,A3,3,7,1,2A,AA,True,30,39,SDC
13168,91,B0,4,0,0,32,32,False,30,30,Not activated
13169,91,B0,4,0,1,32,33,True,30,31,SDC
13170,91,B0,4,1,0,32,30,True,30,30,Masked
13171,91,B0,4,1,1,32,32,False,30,30,Not activated
13172,91,B0,4,2,0,32,32,False,30,30,Not activated
13173,91,B0,4,2,1,32,36,True,30,32,SDC
13174,91,B0,4,3,0,32,32,False,30,30,Not activated
13175,91,B0,4,3,1,32,3A,True,30,35,SDC
13176,91,B0,4,4,0,32,22,True,30,2B,SDC
13177,91,B0,4,4,1,32,32,False,30,30,Not activated
13178,91,B0,4,5,0,32,12,True,30,2B,SDC
13179,91,B0,4,5,1,32,32,False,30,30,Not activated
13180,91,B0,4,6,0,32,32,False,30,30,Not activated
13181,91,B0,4,6,1,32,72,True,30,68,SDC
13182,91,B0,4,7,0,32,32,False,30,30,Not activated
13183,91,B0,4,7,1,32,B2,True,30,15,SDC
13184,91,B1,5,0,0,37,36,True,30,30,Masked
13185,91,B1,5,0,1,37,37,False,30,30,Not activated
13186,91,B1,5,1,0,37,35,True,30,2F,SDC
13187,91,B1,5,1,1,37,37,False,30,30,Not activated
13188,91,B1,5,2,0,37,33,True,30,2D,SDC
13189,91,B1,5,2,1,37,37,False,30,30,Not activated
13190,91,B1,5,3,0,37,37,False,30,30,Not activated
13191,91,B1,5,3,1,37,3F,True,30,39,SDC
13192,91,B1,5,4,0,37,27,True,30,1E,SDC
13193,91,B1,5,4,1,37,37,False,30,30,Not activated
13194,91,B1,5,5,0,37,17,True,30,86,SDC
13195,91,B1,5,5,1,37,37,False,30,30,Not activated
13196,91,B1,5,6,0,37,37,False,30,30,Not activated
13197,91,B1,5,6,1,37,77,True,30,71,SDC
13198,91,B1,5,7,0,37,37,False,30,30,Not activated
13199,91,B1,5,7,1,37,B7,True,30,B2,SDC
13200,91,B2,6,0,0,85,84,True,30,30,Masked
13201,91,B2,6,0,1,85,85,False,30,30,Not activated
13202,91,B2,6,1,0,85,85,False,30,30,Not activated
13203,91,B2,6,1,1,85,87,True,30,30,Masked
13204,91,B2,6,2,0,85,81,True,30,30,Masked
13205,91,B2,6,2,1,85,85,False,30,30,Not activated
13206,91,B2,6,3,0,85,85,False,30,30,Not activated
13207,91,B2,6,3,1,85,8D,True,30,30,Masked
13208,91,B2,6,4,0,85,85,False,30,30,Not activated
13209,91,B2,6,4,1,85,95,True,30,30,Masked
13210,91,B2,6,5,0,85,85,False,30,30,Not activated
13211,91,B2,6,5,1,85,A5,True,30,31,SDC
13212,91,B2,6,6,0,85,85,False,30,30,Not activated
13213,91,B2,6,6,1,85,C5,True,30,3B,SDC
13214,91,B2,6,7,0,85,05,True,30,30,Masked
13215,91,B2,6,7,1,85,85,False,30,30,Not activated
13216,91,B3,7,0,0,B7,B6,True,30,31,SDC
13217,91,B3,7,0,1,B7,B7,False,30,30,Not activated
13218,91,B3,7,1,0,B7,B5,True,30,31,SDC
13219,91,B3,7,1,1,B7,B7,False,30,30,Not activated
13220,91,B3,7,2,0,B7,B3,True,30,32,SDC
13221,91,B3,7,2,1,B7,B7,False,30,30,Not activated
13222,91,B3,7,3,0,B7,B7,False,30,30,Not activated
13223,91,B3,7,3,1,B7,BF,True,30,26,SDC
13224,91,B3,7,4,0,B7,A7,True,30,34,SDC
13225,91,B3,7,4,1,B7,B7,False,30,30,Not activated
13226,91,B3,7,5,0,B7,97,True,30,35,SDC
13227,91,B3,7,5,1,B7,B7,False,30,30,Not activated
13228,91,B3,7,6,0,B7,B7,False,30,30,Not activated
13229,91,B3,7,6,1,B7,F7,True,30,E9,SDC
13230,91,B3,7,7,0,B7,37,True,30,39,SDC
13231,91,B3,7,7,1,B7,B7,False,30,30,Not activated
13232,91,C0,8,0,0,02,02,False,30,30,Not activated
13233,91,C0,8,0,1,02,03,True,30,30,Masked
13234,91,C0,8,1,0,02,00,True,30,30,Masked
13235,91,C0,8,1,1,02,02,False,30,30,Not activated
13236,91,C0,8,2,0,02,02,False,30,30,Not activated
13237,91,C0,8,2,1,02,06,True,30,30,Masked
13238,91,C0,8,3,0,02,02,False,30,30,Not activated
13239,91,C0,8,3,1,02,0A,True,30,31,SDC
13240,91,C0,8,4,0,02,02,False,30,30,Not activated
13241,91,C0,8,4,1,02,12,True,30,31,SDC
13242,91,C0,8,5,0,02,02,False,30,30,Not activated
13243,91,C0,8,5,1,02,22,True,30,33,SDC
13244,91,C0,8,6,0,02,02,False,30,30,Not activated
13245,91,C0,8,6,1,02,42,True,30,44,SDC
13246,91,C0,8,7,0,02,02,False,30,30,Not activated
13247,91,C0,8,7,1,02,82,True,30,30,Masked
13248,92,A0,0,0,0,24,24,False,31,31,Not activated
13249,92,A0,0,0,1,24,25,True,31,31,Masked
13250,92,A0,0,1,0,24,24,False,31,31,Not activated
13251,92,A0,0,1,1,24,26,True,31,31,Masked
13252,92,A0,0,2,0,24,20,True,31,31,Masked
13253,92,A0,0,2,1,24,24,False,31,31,Not activated
13254,92,A0,0,3,0,24,24,False,31,31,Not activated
13255,92,A0,0,3,1,24,2C,True,31,32,SDC
13256,92,A0,0,4,0,24,24,False,31,31,Not activated
13257,92,A0,0,4,1,24,34,True,31,32,SDC
13258,92,A0,0,5,0,24,04,True,31,31,Masked
13259,92,A0,0,5,1,24,24,False,31,31,Not activated
13260,92,A0,0,6,0,24,24,False,31,31,Not activated
13261,92,A0,0,6,1,24,64,True,31,44,SDC
13262,92,A0,0,7,0,24,24,False,31,31,Not activated
13263,92,A0,0,7,1,24,A4,True,31,31,Masked
13264,92,A1,1,0,0,34,34,False,31,31,Not activated
13265,92,A1,1,0,1,34,35,True,31,31,Masked
13266,92,A1,1,1,0,34,34,False,31,31,Not activated
13267,92,A1,1,1,1,34,36,True,31,31,Masked
13268,92,A1,1,2,0,34,30,True,31,32,SDC
13269,92,A1,1,2,1,34,34,False,31,31,Not activated
13270,92,A1,1,3,0,34,34,False,31,31,Not activated
13271,92,A1,1,3,1,34,3C,True,31,30,SDC
13272,92,A1,1,4,0,34,24,True,31,32,SDC
13273,92,A1,1,4,1,34,34,False,31,31,Not activated
13274,92,A1,1,5,0,34,14,True,31,32,SDC
13275,92,A1,1,5,1,34,34,False,31,31,Not activated
13276,92,A1,1,6,0,34,34,False,31,31,Not activated
13277,92,A1,1,6,1,34,74,True,31,D8,SDC
13278,92,A1,1,7,0,34,34,False,31,31,Not activated
13279,92,A1,1,7,1,34,B4,True,31,33,SDC
13280,92,A2,2,0,0,34,34,False,31,31,Not activated
13281,92,A2,2,0,1,34,35,True,31,32,SDC
13282,92,A2,2,1,0,34,34,False,31,31,Not activated
13283,92,A2,2,1,1,34,36,True,31,32,SDC
13284,92,A2,2,2,0,34,30,True,31,30,SDC
13285,92,A2,2,2,1,34,34,False,31,31,Not activated
13286,92,A2,2,3,0,34,34,False,31,31,Not activated
13287,92,A2,2,3,1,34,3C,True,31,36,SDC
13288,92,A2,2,4,0,34,24,True,31,2C,SDC
13289,92,A2,2,4,1,34,34,False,31,31,Not activated
13290,92,A2,2,5,0,34,14,True,31,2A,SDC
13291,92,A2,2,5,1,34,34,False,31,31,Not activated
13292,92,A2,2,6,0,34,34,False,31,31,Not activated
13293,92,A2,2,6,1,34,74,True,31,6B,SDC
13294,92,A2,2,7,0,34,34,False,31,31,Not activated
13295,92,A2,2,7,1,34,B4,True,31,96,SDC
13296,92,A3,3,0,0,9F,9E,True,31,31,Masked
13297,92,A3,3,0,1,9F,9F,False,31,31,Not activated
13298,92,A3,3,1,0,9F,9D,True,31,31,Masked
13299,92,A3,3,1,1,9F,9F,False,31,31,Not activated
13300,92,A3,3,2,0,9F,9B,True,31,31,Masked
13301,92,A3,3,2,1,9F,9F,False,31,31,Not activated
13302,92,A3,3,3,0,9F,97,True,31,31,Masked
13303,92,A3,3,3,1,9F,9F,False,31,31,Not activated
13304,92,A3,3,4,0,9F,8F,True,31,31,Masked
13305,92,A3,3,4,1,9F,9F,False,31,31,Not activated
13306,92,A3,3,5,0,9F,9F,False,31,31,Not activated
13307,92,A3,3,5,1,9F,BF,True,31,37,SDC
13308,92,A3,3,6,0,9F,9F,False,31,31,Not activated
13309,92,A3,3,6,1,9F,DF,True,31,4C,SDC
13310,92,A3,3,7,0,9F,1F,True,31,31,Masked
13311,92,A3,3,7,1,9F,9F,False,31,31,Not activated
13312,92,B0,4,0,0,15,14,True,31,31,Masked
13313,92,B0,4,0,1,15,15,False,31,31,Not activated
13314,92,B0,4,1,0,15,15,False,31,31,Not activated
13315,92,B0,4,1,1,15,17,True,31,31,Masked
13316,92,B0,4,2,0,15,11,True,31,31,Masked
13317,92,B0,4,2,1,15,15,False,31,31,Not activated
13318,92,B0,4,3,0,15,15,False,31,31,Not activated
13319,92,B0,4,3,1,15,1D,True,31,32,SDC
13320,92,B0,4,4,0,15,05,True,31,31,Masked
13321,92,B0,4,4,1,15,15,False,31,31,Not activated
13322,92,B0,4,5,0,15,15,False,31,31,Not activated
13323,92,B0,4,5,1,15,35,True,31,34,SDC
13324,92,B0,4,6,0,15,15,False,31,31,Not activated
13325,92,B0,4,6,1,15,55,True,31,44,SDC
13326,92,B0,4,7,0,15,15,False,31,31,Not activated
13327,92,B0,4,7,1,15,95,True,31,31,Masked
13328,92,B1,5,0,0,9B,9A,True,31,31,Masked
13329,92,B1,5,0,1,9B,9B,False,31,31,Not activated
13330,92,B1,5,1,0,9B,99,True,31,31,Masked
13331,92,B1,5,1,1,9B,9B,False,31,31,Not activated
13332,92,B1,5,2,0,9B,9B,False,31,31,Not activated
13333,92,B1,5,2,1,9B,9F,True,31,31,Masked
13334,92,B1,5,3,0,9B,93,True,31,32,SDC
13335,92,B1,5,3,1,9B,9B,False,31,31,Not activated
13336,92,B1,5,4,0,9B,8B,True,31,32,SDC
13337,92,B1,5,4,1,9B,9B,False,31,31,Not activated
13338,92,B1,5,5,0,9B,9B,False,31,31,Not activated
13339,92,B1,5,5,1,9B,BB,True,31,AD,SDC
13340,92,B1,5,6,0,9B,9B,False,31,31,Not activated
13341,92,B1,5,6,1,9B,DB,True,31,D8,SDC
13342,92,B1,5,7,0,9B,1B,True,31,33,SDC
13343,92,B1,5,7,1,9B,9B,False,31,31,Not activated
13344,92,B2,6,0,0,2E,2E,False,31,31,Not activated
13345,92,B2,6,0,1,2E,2F,True,31,32,SDC
13346,92,B2,6,1,0,2E,2C,True,31,30,SDC
13347,92,B2,6,1,1,2E,2E,False,31,31,Not activated
13348,92,B2,6,2,0,2E,2A,True,31,30,SDC
13349,92,B2,6,2,1,2E,2E,False,31,31,Not activated
13350,92,B2,6,3,0,2E,26,True,31,2E,SDC
13351,92,B2,6,3,1,2E,2E,False,31,31,Not activated
13352,92,B2,6,4,0,2E,2E,False,31,31,Not activated
13353,92,B2,6,4,1,2E,3E,True,31,3C,SDC
13354,92,B2,6,5,0,2E,0E,True,31,2A,SDC
13355,92,B2,6,5,1,2E,2E,False,31,31,Not activated
13356,92,B2,6,6,0,2E,2E,False,31,31,Not activated
13357,92,B2,6,6,1,2E,6E,True,31,6B,SDC
13358,92,B2,6,7,0,2E,2E,False,31,31,Not activated
13359,92,B2,6,7,1,2E,AE,True,31,96,SDC
13360,92,B3,7,0,0,A4,A4,False,31,31,Not activated
13361,92,B3,7,0,1,A4,A5,True,31,31,Masked
13362,92,B3,7,1,0,A4,A4,False,31,31,Not activated
13363,92,B3,7,1,1,A4,A6,True,31,31,Masked
13364,92,B3,7,2,0,A4,A0,True,31,31,Masked
13365,92,B3,7,2,1,A4,A4,False,31,31,Not activated
13366,92,B3,7,3,0,A4,A4,False,31,31,Not activated
13367,92,B3,7,3,1,A4,AC,True,31,32,SDC
13368,92,B3,7,4,0,A4,A4,False,31,31,Not activated
13369,92,B3,7,4,1,A4,B4,True,31,32,SDC
13370,92,B3,7,5,0,A4,84,True,31,31,Masked
13371,92,B3,7,5,1,A4,A4,False,31,31,Not activated
13372,92,B3,7,6,0,A4,A4,False,31,31,Not activated
13373,92,B3,7,6,1,A4,E4,True,31,4C,SDC
13374,92,B3,7,7,0,A4,24,True,31,31,Masked
13375,92,B3,7,7,1,A4,A4,False,31,31,Not activated
13376,92,C0,8,0,0,2A,2A,False,31,31,Not activated
13377,92,C0,8,0,1,2A,2B,True,31,32,SDC
13378,92,C0,8,1,0,2A,28,True,31,30,SDC
13379,92,C0,8,1,1,2A,2A,False,31,31,Not activated
13380,92,C0,8,2,0,2A,2A,False,31,31,Not activated
13381,92,C0,8,2,1,2A,2E,True,31,33,SDC
13382,92,C0,8,3,0,2A,22,True,31,2F,SDC
13383,92,C0,8,3,1,2A,2A,False,31,31,Not activated
13384,92,C0,8,4,0,2A,2A,False,31,31,Not activated
13385,92,C0,8,4,1,2A,3A,True,31,3C,SDC
13386,92,C0,8,5,0,2A,0A,True,31,2A,SDC
13387,92,C0,8,5,1,2A,2A,False,31,31,Not activated
13388,92,C0,8,6,0,2A,2A,False,31,31,Not activated
13389,92,C0,8,6,1,2A,6A,True,31,6A,SDC
13390,92,C0,8,7,0,2A,2A,False,31,31,Not activated
13391,92,C0,8,7,1,2A,AA,True,31,8D,SDC
13392,93,A0,0,0,0,B3,B2,True,35,35,Masked
13393,93,A0,0,0,1,B3,B3,False,35,35,Not activated
13394,93,A0,0,1,0,B3,B1,True,35,37,SDC
13395,93,A0,0,1,1,B3,B3,False,35,35,Not activated
13396,93,A0,0,2,0,B3,B3,False,35,35,Not activated
13397,93,A0,0,2,1,B3,B7,True,35,34,SDC
13398,93,A0,0,3,0,B3,B3,False,35,35,Not activated
13399,93,A0,0,3,1,B3,BB,True,35,32,SDC
13400,93,A0,0,4,0,B3,A3,True,35,38,SDC
13401,93,A0,0,4,1,B3,B3,False,35,35,Not activated
13402,93,A0,0,5,0,B3,93,True,35,39,SDC
13403,93,A0,0,5,1,B3,B3,False,35,35,Not activated
13404,93,A0,0,6,0,B3,B3,False,35,35,Not activated
13405,93,A0,0,6,1,B3,F3,True,35,E8,SDC
13406,93,A0,0,7,0,B3,33,True,35,3B,SDC
13407,93,A0,0,7,1,B3,B3,False,35,35,Not activated
13408,93,A1,1,0,0,98,98,False,35,35,Not activated
13409,93,A1,1,0,1,98,99,True,35,35,Masked
13410,93,A1,1,1,0,98,98,False,35,35,Not activated
13411,93,A1,1,1,1,98,9A,True,35,35,Masked
13412,93,A1,1,2,0,98,98,False,35,35,Not activated
13413,93,A1,1,2,1,98,9C,True,35,35,Masked
13414,93,A1,1,3,0,98,90,True,35,37,SDC
13415,93,A1,1,3,1,98,98,False,35,35,Not activated
13416,93,A1,1,4,0,98,88,True,35,37,SDC
13417,93,A1,1,4,1,98,98,False,35,35,Not activated
13418,93,A1,1,5,0,98,98,False,35,35,Not activated
13419,93,A1,1,5,1,98,B8,True,35,31,SDC
13420,93,A1,1,6,0,98,98,False,35,35,Not activated
13421,93,A1,1,6,1,98,D8,True,35,C8,SDC
13422,93,A1,1,7,0,98,18,True,35,37,SDC
13423,93,A1,1,7,1,98,98,False,35,35,Not activated
13424,93,A2,2,0,0,37,36,True,35,35,Masked
13425,93,A2,2,0,1,37,37,False,35,35,Not activated
13426,93,A2,2,1,0,37,35,True,35,34,SDC
13427,93,A2,2,1,1,37,37,False,35,35,Not activated
13428,93,A2,2,2,0,37,33,True,35,33,SDC
13429,93,A2,2,2,1,37,37,False,35,35,Not activated
13430,93,A2,2,3,0,37,37,False,35,35,Not activated
13431,93,A2,2,3,1,37,3F,True,35,3C,SDC
13432,93,A2,2,4,0,37,27,True,35,2B,SDC
13433,93,A2,2,4,1,37,37,False,35,35,Not activated
13434,93,A2,2,5,0,37,17,True,35,26,SDC
13435,93,A2,2,5,1,37,37,False,35,35,Not activated
13436,93,A2,2,6,0,37,37,False,35,35,Not activated
13437,93,A2,2,6,1,37,77,True,35,72,SDC
13438,93,A2,2,7,0,37,37,False,35,35,Not activated
13439,93,A2,2,7,1,37,B7,True,35,AE,SDC
13440,93,A3,3,0,0,AA,AA,False,35,35,Not activated
13441,93,A3,3,0,1,AA,AB,True,35,34,SDC
13442,93,A3,3,1,0,AA,A8,True,35,35,Masked
13443,93,A3,3,1,1,AA,AA,False,35,35,Not activated
13444,93,A3,3,2,0,AA,AA,False,35,35,Not activated
13445,93,A3,3,2,1,AA,AE,True,35,33,SDC
13446,93,A3,3,3,0,AA,A2,True,35,36,SDC
13447,93,A3,3,3,1,AA,AA,False,35,35,Not activated
13448,93,A3,3,4,0,AA,AA,False,35,35,Not activated
13449,93,A3,3,4,1,AA,BA,True,35,21,SDC
13450,93,A3,3,5,0,AA,8A,True,35,38,SDC
13451,93,A3,3,5,1,AA,AA,False,35,35,Not activated
13452,93,A3,3,6,0,AA,AA,False,35,35,Not activated
13453,93,A3,3,6,1,AA,EA,True,35,E6,SDC
13454,93,A3,3,7,0,AA,2A,True,35,3A,SDC
13455,93,A3,3,7,1,AA,AA,False,35,35,Not activated
13456,93,B0,4,0,0,2C,2C,False,35,35,Not activated
13457,93,B0,4,0,1,2C,2D,True,35,35,Masked
13458,93,B0,4,1,0,2C,2C,False,35,35,Not activated
13459,93,B0,4,1,1,2C,2E,True,35,35,Masked
13460,93,B0,4,2,0,2C,28,True,35,37,SDC
13461,93,B0,4,2,1,2C,2C,False,35,35,Not activated
13462,93,B0,4,3,0,2C,24,True,35,38,SDC
13463,93,B0,4,3,1,2C,2C,False,35,35,Not activated
13464,93,B0,4,4,0,2C,2C,False,35,35,Not activated
13465,93,B0,4,4,1,2C,3C,True,35,18,SDC
13466,93,B0,4,5,0,2C,0C,True,35,39,SDC
13467,93,B0,4,5,1,2C,2C,False,35,35,Not activated
13468,93,B0,4,6,0,2C,2C,False,35,35,Not activated
13469,93,B0,4,6,1,2C,6C,True,35,E8,SDC
13470,93,B0,4,7,0,2C,2C,False,35,35,Not activated
13471,93,B0,4,7,1,2C,AC,True,35,3B,SDC
13472,93,B1,5,0,0,2A,2A,False,35,35,Not activated
13473,93,B1,5,0,1,2A,2B,True,35,35,Masked
13474,93,B1,5,1,0,2A,28,True,35,37,SDC
13475,93,B1,5,1,1,2A,2A,False,35,35,Not activated
13476,93,B1,5,2,0,2A,2A,False,35,35,Not activated
13477,93,B1,5,2,1,2A,2E,True,35,35,Masked
13478,93,B1,5,3,0,2A,22,True,35,37,SDC
13479,93,B1,5,3,1,2A,2A,False,35,35,Not activated
13480,93,B1,5,4,0,2A,2A,False,35,35,Not activated
13481,93,B1,5,4,1,2A,3A,True,35,35,Masked
13482,93,B1,5,5,0,2A,0A,True,35,37,SDC
13483,93,B1,5,5,1,2A,2A,False,35,35,Not activated
13484,93,B1,5,6,0,2A,2A,False,35,35,Not activated
13485,93,B1,5,6,1,2A,6A,True,35,C8,SDC
13486,93,B1,5,7,0,2A,2A,False,35,35,Not activated
13487,93,B1,5,7,1,2A,AA,True,35,37,SDC
13488,93,B2,6,0,0,33,32,True,35,35,Masked
13489,93,B2,6,0,1,33,33,False,35,35,Not activated
13490,93,B2,6,1,0,33,31,True,35,34,SDC
13491,93,B2,6,1,1,33,33,False,35,35,Not activated
13492,93,B2,6,2,0,33,33,False,35,35,Not activated
13493,93,B2,6,2,1,33,37,True,35,38,SDC
13494,93,B2,6,3,0,33,33,False,35,35,Not activated
13495,93,B2,6,3,1,33,3B,True,35,3C,SDC
13496,93,B2,6,4,0,33,23,True,35,2B,SDC
13497,93,B2,6,4,1,33,33,False,35,35,Not activated
13498,93,B2,6,5,0,33,13,True,35,26,SDC
13499,93,B2,6,5,1,33,33,False,35,35,Not activated
13500,93,B2,6,6,0,33,33,False,35,35,Not activated
13501,93,B2,6,6,1,33,73,True,35,72,SDC
13502,93,B2,6,7,0,33,33,False,35,35,Not activated
13503,93,B2,6,7,1,33,B3,True,35,AE,SDC
13504,93,B3,7,0,0,33,32,True,35,35,Masked
13505,93,B3,7,0,1,33,33,False,35,35,Not activated
13506,93,B3,7,1,0,33,31,True,35,35,Masked
13507,93,B3,7,1,1,33,33,False,35,35,Not activated
13508,93,B3,7,2,0,33,33,False,35,35,Not activated
13509,93,B3,7,2,1,33,37,True,35,33,SDC
13510,93,B3,7,3,0,33,33,False,35,35,Not activated
13511,93,B3,7,3,1,33,3B,True,35,31,SDC
13512,93,B3,7,4,0,33,23,True,35,37,SDC
13513,93,B3,7,4,1,33,33,False,35,35,Not activated
13514,93,B3,7,5,0,33,13,True,35,38,SDC
13515,93,B3,7,5,1,33,33,False,35,35,Not activated
13516,93,B3,7,6,0,33,33,False,35,35,Not activated
13517,93,B3,7,6,1,33,73,True,35,E6,SDC
13518,93,B3,7,7,0,33,33,False,35,35,Not activated
13519,93,B3,7,7,1,33,B3,True,35,3A,SDC
13520,93,C0,8,0,0,33,32,True,35,35,Masked
13521,93,C0,8,0,1,33,33,False,35,35,Not activated
13522,93,C0,8,1,0,33,31,True,35,34,SDC
13523,93,C0,8,1,1,33,33,False,35,35,Not activated
13524,93,C0,8,2,0,33,33,False,35,35,Not activated
13525,93,C0,8,2,1,33,37,True,35,39,SDC
13526,93,C0,8,3,0,33,33,False,35,35,Not activated
13527,93,C0,8,3,1,33,3B,True,35,3C,SDC
13528,93,C0,8,4,0,33,23,True,35,2B,SDC
13529,93,C0,8,4,1,33,33,False,35,35,Not activated
13530,93,C0,8,5,0,33,13,True,35,24,SDC
13531,93,C0,8,5,1,33,33,False,35,35,Not activated
13532,93,C0,8,6,0,33,33,False,35,35,Not activated
13533,93,C0,8,6,1,33,73,True,35,73,SDC
13534,93,C0,8,7,0,33,33,False,35,35,Not activated
13535,93,C0,8,7,1,33,B3,True,35,B0,SDC
13536,94,A0,0,0,0,A7,A6,True,34,34,Masked
13537,94,A0,0,0,1,A7,A7,False,34,34,Not activated
13538,94,A0,0,1,0,A7,A5,True,34,34,Masked
13539,94,A0,0,1,1,A7,A7,False,34,34,Not activated
13540,94,A0,0,2,0,A7,A3,True,34,34,Masked
13541,94,A0,0,2,1,A7,A7,False,34,34,Not activated
13542,94,A0,0,3,0,A7,A7,False,34,34,Not activated
13543,94,A0,0,3,1,A7,AF,True,34,31,SDC
13544,94,A0,0,4,0,A7,A7,False,34,34,Not activated
13545,94,A0,0,4,1,A7,B7,True,34,26,SDC
13546,94,A0,0,5,0,A7,87,True,34,36,SDC
13547,94,A0,0,5,1,A7,A7,False,34,34,Not activated
13548,94,A0,0,6,0,A7,A7,False,34,34,Not activated
13549,94,A0,0,6,1,A7,E7,True,34,E3,SDC
13550,94,A0,0,7,0,A7,27,True,34,39,SDC
13551,94,A0,0,7,1,A7,A7,False,34,34,Not activated
13552,94,A1,1,0,0,AC,AC,False,34,34,Not activated
13553,94,A1,1,0,1,AC,AD,True,34,34,Masked
13554,94,A1,1,1,0,AC,AC,False,34,34,Not activated
13555,94,A1,1,1,1,AC,AE,True,34,34,Masked
13556,94,A1,1,2,0,AC,A8,True,34,32,SDC
13557,94,A1,1,2,1,AC,AC,False,34,34,Not activated
13558,94,A1,1,3,0,AC,A4,True,34,31,SDC
13559,94,A1,1,3,1,AC,AC,False,34,34,Not activated
13560,94,A1,1,4,0,AC,AC,False,34,34,Not activated
13561,94,A1,1,4,1,AC,BC,True,34,3E,SDC
13562,94,A1,1,5,0,AC,8C,True,34,2C,SDC
13563,94,A1,1,5,1,AC,AC,False,34,34,Not activated
13564,94,A1,1,6,0,AC,AC,False,34,34,Not activated
13565,94,A1,1,6,1,AC,EC,True,34,6B,SDC
13566,94,A1,1,7,0,AC,2C,True,34,0C,SDC
13567,94,A1,1,7,1,AC,AC,False,34,34,Not activated
13568,94,A2,2,0,0,2E,2E,False,34,34,Not activated
13569,94,A2,2,0,1,2E,2F,True,34,33,SDC
13570,94,A2,2,1,0,2E,2C,True,34,35,SDC
13571,94,A2,2,1,1,2E,2E,False,34,34,Not activated
13572,94,A2,2,2,0,2E,2A,True,34,36,SDC
13573,94,A2,2,2,1,2E,2E,False,34,34,Not activated
13574,94,A2,2,3,0,2E,26,True,34,37,SDC
13575,94,A2,2,3,1,2E,2E,False,34,34,Not activated
13576,94,A2,2,4,0,2E,2E,False,34,34,Not activated
13577,94,A2,2,4,1,2E,3E,True,34,AC,SDC
13578,94,A2,2,5,0,2E,0E,True,34,39,SDC
13579,94,A2,2,5,1,2E,2E,False,34,34,Not activated
13580,94,A2,2,6,0,2E,2E,False,34,34,Not activated
13581,94,A2,2,6,1,2E,6E,True,34,EC,SDC
13582,94,A2,2,7,0,2E,2E,False,34,34,Not activated
13583,94,A2,2,7,1,2E,AE,True,34,3C,SDC
13584,94,A3,3,0,0,30,30,False,34,34,Not activated
13585,94,A3,3,0,1,30,31,True,34,34,Masked
13586,94,A3,3,1,0,30,30,False,34,34,Not activated
13587,94,A3,3,1,1,30,32,True,34,34,Masked
13588,94,A3,3,2,0,30,30,False,34,34,Not activated
13589,94,A3,3,2,1,30,34,True,34,35,SDC
13590,94,A3,3,3,0,30,30,False,34,34,Not activated
13591,94,A3,3,3,1,30,38,True,34,36,SDC
13592,94,A3,3,4,0,30,20,True,34,32,SDC
13593,94,A3,3,4,1,30,30,False,34,34,Not activated
13594,94,A3,3,5,0,30,10,True,34,32,SDC
13595,94,A3,3,5,1,30,30,False,34,34,Not activated
13596,94,A3,3,6,0,30,30,False,34,34,Not activated
13597,94,A3,3,6,1,30,70,True,34,60,SDC
13598,94,A3,3,7,0,30,30,False,34,34,Not activated
13599,94,A3,3,7,1,30,B0,True,34,30,SDC
13600,94,B0,4,0,0,34,34,False,34,34,Not activated
13601,94,B0,4,0,1,34,35,True,34,34,Masked
13602,94,B0,4,1,0,34,34,False,34,34,Not activated
13603,94,B0,4,1,1,34,36,True,34,34,Masked
13604,94,B0,4,2,0,34,30,True,34,34,Masked
13605,94,B0,4,2,1,34,34,False,34,34,Not activated
13606,94,B0,4,3,0,34,34,False,34,34,Not activated
13607,94,B0,4,3,1,34,3C,True,34,31,SDC
13608,94,B0,4,4,0,34,24,True,34,36,SDC
13609,94,B0,4,4,1,34,34,False,34,34,Not activated
13610,94,B0,4,5,0,34,14,True,34,36,SDC
13611,94,B0,4,5,1,34,34,False,34,34,Not activated
13612,94,B0,4,6,0,34,34,False,34,34,Not activated
13613,94,B0,4,6,1,34,74,True,34,E3,SDC
13614,94,B0,4,7,0,34,34,False,34,34,Not activated
13615,94,B0,4,7,1,34,B4,True,34,39,SDC
13616,94,B1,5,0,0,B7,B6,True,34,33,SDC
13617,94,B1,5,0,1,B7,B7,False,34,34,Not activated
13618,94,B1,5,1,0,B7,B5,True,34,33,SDC
13619,94,B1,5,1,1,B7,B7,False,34,34,Not activated
13620,94,B1,5,2,0,B7,B3,True,34,32,SDC
13621,94,B1,5,2,1,B7,B7,False,34,34,Not activated
13622,94,B1,5,3,0,B7,B7,False,34,34,Not activated
13623,94,B1,5,3,1,B7,BF,True,34,39,SDC
13624,94,B1,5,4,0,B7,A7,True,34,2E,SDC
13625,94,B1,5,4,1,B7,B7,False,34,34,Not activated
13626,94,B1,5,5,0,B7,97,True,34,2C,SDC
13627,94,B1,5,5,1,B7,B7,False,34,34,Not activated
13628,94,B1,5,6,0,B7,B7,False,34,34,Not activated
13629,94,B1,5,6,1,B7,F7,True,34,6B,SDC
13630,94,B1,5,7,0,B7,37,True,34,0C,SDC
13631,94,B1,5,7,1,B7,B7,False,34,34,Not activated
13632,94,B2,6,0,0,B6,B6,False,34,34,Not activated
13633,94,B2,6,0,1,B6,B7,True,34,33,SDC
13634,94,B2,6,1,0,B6,B4,True,34,35,SDC
13635,94,B2,6,1,1,B6,B6,False,34,34,Not activated
13636,94,B2,6,2,0,B6,B2,True,34,36,SDC
13637,94,B2,6,2,1,B6,B6,False,34,34,Not activated
13638,94,B2,6,3,0,B6,B6,False,34,34,Not activated
13639,94,B2,6,3,1,B6,BE,True,34,2C,SDC
13640,94,B2,6,4,0,B6,A6,True,34,38,SDC
13641,94,B2,6,4,1,B6,B6,False,34,34,Not activated
13642,94,B2,6,5,0,B6,96,True,34,39,SDC
13643,94,B2,6,5,1,B6,B6,False,34,34,Not activated
13644,94,B2,6,6,0,B6,B6,False,34,34,Not activated
13645,94,B2,6,6,1,B6,F6,True,34,EC,SDC
13646,94,B2,6,7,0,B6,36,True,34,3C,SDC
13647,94,B2,6,7,1,B6,B6,False,34,34,Not activated
13648,94,B3,7,0,0,28,28,False,34,34,Not activated
13649,94,B3,7,0,1,28,29,True,34,34,Masked
13650,94,B3,7,1,0,28,28,False,34,34,Not activated
13651,94,B3,7,1,1,28,2A,True,34,34,Masked
13652,94,B3,7,2,0,28,28,False,34,34,Not activated
13653,94,B3,7,2,1,28,2C,True,34,35,SDC
13654,94,B3,7,3,0,28,20,True,34,33,SDC
13655,94,B3,7,3,1,28,28,False,34,34,Not activated
13656,94,B3,7,4,0,28,28,False,34,34,Not activated
13657,94,B3,7,4,1,28,38,True,34,39,SDC
13658,94,B3,7,5,0,28,08,True,34,32,SDC
13659,94,B3,7,5,1,28,28,False,34,34,Not activated
13660,94,B3,7,6,0,28,28,False,34,34,Not activated
13661,94,B3,7,6,1,28,68,True,34,60,SDC
13662,94,B3,7,7,0,28,28,False,34,34,Not activated
13663,94,B3,7,7,1,28,A8,True,34,30,SDC
13664,94,C0,8,0,0,35,34,True,34,33,SDC
13665,94,C0,8,0,1,35,35,False,34,34,Not activated
13666,94,C0,8,1,0,35,35,False,34,34,Not activated
13667,94,C0,8,1,1,35,37,True,34,36,SDC
13668,94,C0,8,2,0,35,31,True,34,30,SDC
13669,94,C0,8,2,1,35,35,False,34,34,Not activated
13670,94,C0,8,3,0,35,35,False,34,34,Not activated
13671,94,C0,8,3,1,35,3D,True,34,3D,SDC
13672,94,C0,8,4,0,35,25,True,34,1F,SDC
13673,94,C0,8,4,1,35,35,False,34,34,Not activated
13674,94,C0,8,5,0,35,15,True,34,90,SDC
13675,94,C0,8,5,1,35,35,False,34,34,Not activated
13676,94,C0,8,6,0,35,35,False,34,34,Not activated
13677,94,C0,8,6,1,35,75,True,34,75,SDC
13678,94,C0,8,7,0,35,35,False,34,34,Not activated
13679,94,C0,8,7,1,35,B5,True,34,B6,SDC
13680,95,A0,0,0,0,38,38,False,3A,3A,Not activated
13681,95,A0,0,0,1,38,39,True,3A,3A,Masked
13682,95,A0,0,1,0,38,38,False,3A,3A,Not activated
13683,95,A0,0,1,1,38,3A,True,3A,3A,Masked
13684,95,A0,0,2,0,38,38,False,3A,3A,Not activated
13685,95,A0,0,2,1,38,3C,True,3A,3B,SDC
13686,95,A0,0,3,0,38,30,True,3A,37,SDC
13687,95,A0,0,3,1,38,38,False,3A,3A,Not activated
13688,95,A0,0,4,0,38,28,True,3A,37,SDC
13689,95,A0,0,4,1,38,38,False,3A,3A,Not activated
13690,95,A0,0,5,0,38,18,True,3A,37,SDC
13691,95,A0,0,5,1,38,38,False,3A,3A,Not activated
13692,95,A0,0,6,0,38,38,False,3A,3A,Not activated
13693,95,A0,0,6,1,38,78,True,3A,78,SDC
13694,95,A0,0,7,0,38,38,False,3A,3A,Not activated
13695,95,A0,0,7,1,38,B8,True,3A,31,SDC
13696,95,A1,1,0,0,30,30,False,3A,3A,Not activated
13697,95,A1,1,0,1,30,31,True,3A,3A,Masked
13698,95,A1,1,1,0,30,30,False,3A,3A,Not activated
13699,95,A1,1,1,1,30,32,True,3A,3B,SDC
13700,95,A1,1,2,0,30,30,False,3A,3A,Not activated
13701,95,A1,1,2,1,30,34,True,3A,3C,SDC
13702,95,A1,1,3,0,30,30,False,3A,3A,Not activated
13703,95,A1,1,3,1,30,38,True,3A,3D,SDC
13704,95,A1,1,4,0,30,20,True,3A,37,SDC
13705,95,A1,1,4,1,30,30,False,3A,3A,Not activated
13706,95,A1,1,5,0,30,10,True,3A,35,SDC
13707,95,A1,1,5,1,30,30,False,3A,3A,Not activated
13708,95,A1,1,6,0,30,30,False,3A,3A,Not activated
13709,95,A1,1,6,1,30,70,True,3A,6C,SDC
13710,95,A1,1,7,0,30,30,False,3A,3A,Not activated
13711,95,A1,1,7,1,30,B0,True,3A,2E,SDC
13712,95,A2,2,0,0,A0,A0,False,3A,3A,Not activated
13713,95,A2,2,0,1,A0,A1,True,3A,3A,Masked
13714,95,A2,2,1,0,A0,A0,False,3A,3A,Not activated
13715,95,A2,2,1,1,A0,A2,True,3A,3A,Masked
13716,95,A2,2,2,0,A0,A0,False,3A,3A,Not activated
13717,95,A2,2,2,1,A0,A4,True,3A,3A,Masked
13718,95,A2,2,3,0,A0,A0,False,3A,3A,Not activated
13719,95,A2,2,3,1,A0,A8,True,3A,3A,Masked
13720,95,A2,2,4,0,A0,A0,False,3A,3A,Not activated
13721,95,A2,2,4,1,A0,B0,True,3A,3A,Masked
13722,95,A2,2,5,0,A0,80,True,3A,3A,Masked
13723,95,A2,2,5,1,A0,A0,False,3A,3A,Not activated
13724,95,A2,2,6,0,A0,A0,False,3A,3A,Not activated
13725,95,A2,2,6,1,A0,E0,True,3A,49,SDC
13726,95,A2,2,7,0,A0,20,True,3A,3A,Masked
13727,95,A2,2,7,1,A0,A0,False,3A,3A,Not activated
13728,95,A3,3,0,0,B5,B4,True,3A,3A,Masked
13729,95,A3,3,0,1,B5,B5,False,3A,3A,Not activated
13730,95,A3,3,1,0,B5,B5,False,3A,3A,Not activated
13731,95,A3,3,1,1,B5,B7,True,3A,39,SDC
13732,95,A3,3,2,0,B5,B1,True,3A,3A,Masked
13733,95,A3,3,2,1,B5,B5,False,3A,3A,Not activated
13734,95,A3,3,3,0,B5,B5,False,3A,3A,Not activated
13735,95,A3,3,3,1,B5,BD,True,3A,36,SDC
13736,95,A3,3,4,0,B5,A5,True,3A,3B,SDC
13737,95,A3,3,4,1,B5,B5,False,3A,3A,Not activated
13738,95,A3,3,5,0,B5,95,True,3A,3C,SDC
13739,95,A3,3,5,1,B5,B5,False,3A,3A,Not activated
13740,95,A3,3,6,0,B5,B5,False,3A,3A,Not activated
13741,95,A3,3,6,1,B5,F5,True,3A,EA,SDC
13742,95,A3,3,7,0,B5,35,True,3A,3E,SDC
13743,95,A3,3,7,1,B5,B5,False,3A,3A,Not activated
13744,95,B0,4,0,0,29,28,True,3A,39,SDC
13745,95,B0,4,0,1,29,29,False,3A,3A,Not activated
13746,95,B0,4,1,0,29,29,False,3A,3A,Not activated
13747,95,B0,4,1,1,29,2B,True,3A,3A,Masked
13748,95,B0,4,2,0,29,29,False,3A,3A,Not activated
13749,95,B0,4,2,1,29,2D,True,3A,3B,SDC
13750,95,B0,4,3,0,29,21,True,3A,37,SDC
13751,95,B0,4,3,1,29,29,False,3A,3A,Not activated
13752,95,B0,4,4,0,29,29,False,3A,3A,Not activated
13753,95,B0,4,4,1,29,39,True,3A,41,SDC
13754,95,B0,4,5,0,29,09,True,3A,37,SDC
13755,95,B0,4,5,1,29,29,False,3A,3A,Not activated
13756,95,B0,4,6,0,29,29,False,3A,3A,Not activated
13757,95,B0,4,6,1,29,69,True,3A,69,SDC
13758,95,B0,4,7,0,29,29,False,3A,3A,Not activated
13759,95,B0,4,7,1,29,A9,True,3A,31,SDC
13760,95,B1,5,0,0,34,34,False,3A,3A,Not activated
13761,95,B1,5,0,1,34,35,True,3A,3A,Masked
13762,95,B1,5,1,0,34,34,False,3A,3A,Not activated
13763,95,B1,5,1,1,34,36,True,3A,3A,Masked
13764,95,B1,5,2,0,34,30,True,3A,39,SDC
13765,95,B1,5,2,1,34,34,False,3A,3A,Not activated
13766,95,B1,5,3,0,34,34,False,3A,3A,Not activated
13767,95,B1,5,3,1,34,3C,True,3A,3D,SDC
13768,95,B1,5,4,0,34,24,True,3A,37,SDC
13769,95,B1,5,4,1,34,34,False,3A,3A,Not activated
13770,95,B1,5,5,0,34,14,True,3A,35,SDC
13771,95,B1,5,5,1,34,34,False,3A,3A,Not activated
13772,95,B1,5,6,0,34,34,False,3A,3A,Not activated
13773,95,B1,5,6,1,34,74,True,3A,6C,SDC
13774,95,B1,5,7,0,34,34,False,3A,3A,Not activated
13775,95,B1,5,7,1,34,B4,True,3A,2E,SDC
13776,95,B2,6,0,0,9E,9E,False,3A,3A,Not activated
13777,95,B2,6,0,1,9E,9F,True,3A,3A,Masked
13778,95,B2,6,1,0,9E,9C,True,3A,3A,Masked
13779,95,B2,6,1,1,9E,9E,False,3A,3A,Not activated
13780,95,B2,6,2,0,9E,9A,True,3A,3A,Masked
13781,95,B2,6,2,1,9E,9E,False,3A,3A,Not activated
13782,95,B2,6,3,0,9E,96,True,3A,3A,Masked
13783,95,B2,6,3,1,9E,9E,False,3A,3A,Not activated
13784,95,B2,6,4,0,9E,8E,True,3A,3A,Masked
13785,95,B2,6,4,1,9E,9E,False,3A,3A,Not activated
13786,95,B2,6,5,0,9E,9E,False,3A,3A,Not activated
13787,95,B2,6,5,1,9E,BE,True,3A,3C,SDC
13788,95,B2,6,6,0,9E,9E,False,3A,3A,Not activated
13789,95,B2,6,6,1,9E,DE,True,3A,49,SDC
13790,95,B2,6,7,0,9E,1E,True,3A,3A,Masked
13791,95,B2,6,7,1,9E,9E,False,3A,3A,Not activated
13792,95,B3,7,0,0,2C,2C,False,3A,3A,Not activated
13793,95,B3,7,0,1,2C,2D,True,3A,39,SDC
13794,95,B3,7,1,0,2C,2C,False,3A,3A,Not activated
13795,95,B3,7,1,1,2C,2E,True,3A,39,SDC
13796,95,B3,7,2,0,2C,28,True,3A,3A,Masked
13797,95,B3,7,2,1,2C,2C,False,3A,3A,Not activated
13798,95,B3,7,3,0,2C,24,True,3A,3B,SDC
13799,95,B3,7,3,1,2C,2C,False,3A,3A,Not activated
13800,95,B3,7,4,0,2C,2C,False,3A,3A,Not activated
13801,95,B3,7,4,1,2C,3C,True,3A,29,SDC
13802,95,B3,7,5,0,2C,0C,True,3A,3C,SDC
13803,95,B3,7,5,1,2C,2C,False,3A,3A,Not activated
13804,95,B3,7,6,0,2C,2C,False,3A,3A,Not activated
13805,95,B3,7,6,1,2C,6C,True,3A,EA,SDC
13806,95,B3,7,7,0,2C,2C,False,3A,3A,Not activated
13807,95,B3,7,7,1,2C,AC,True,3A,3E,SDC
13808,95,C0,8,0,0,35,34,True,3A,39,SDC
13809,95,C0,8,0,1,35,35,False,3A,3A,Not activated
13810,95,C0,8,1,0,35,35,False,3A,3A,Not activated
13811,95,C0,8,1,1,35,37,True,3A,3B,SDC
13812,95,C0,8,2,0,35,31,True,3A,37,SDC
13813,95,C0,8,2,1,35,35,False,3A,3A,Not activated
13814,95,C0,8,3,0,35,35,False,3A,3A,Not activated
13815,95,C0,8,3,1,35,3D,True,3A,40,SDC
13816,95,C0,8,4,0,35,25,True,3A,31,SDC
13817,95,C0,8,4,1,35,35,False,3A,3A,Not activated
13818,95,C0,8,5,0,35,15,True,3A,2E,SDC
13819,95,C0,8,5,1,35,35,False,3A,3A,Not activated
13820,95,C0,8,6,0,35,35,False,3A,3A,Not activated
13821,95,C0,8,6,1,35,75,True,3A,75,SDC
13822,95,C0,8,7,0,35,35,False,3A,3A,Not activated
13823,95,C0,8,7,1,35,B5,True,3A,AD,SDC
13824,96,A0,0,0,0,B7,B6,True,A5,A8,SDC
13825,96,A0,0,0,1,B7,B7,False,A5,A5,Not activated
13826,96,A0,0,1,0,B7,B5,True,A5,A9,SDC
13827,96,A0,0,1,1,B7,B7,False,A5,A5,Not activated
13828,96,A0,0,2,0,B7,B3,True,A5,AC,SDC
13829,96,A0,0,2,1,B7,B7,False,A5,A5,Not activated
13830,96,A0,0,3,0,B7,B7,False,A5,A5,Not activated
13831,96,A0,0,3,1,B7,BF,True,A5,30,SDC
13832,96,A0,0,4,0,B7,A7,True,A5,B2,SDC
13833,96,A0,0,4,1,B7,B7,False,A5,A5,Not activated
13834,96,A0,0,5,0,B7,97,True,A5,B4,SDC
13835,96,A0,0,5,1,B7,B7,False,A5,A5,Not activated
13836,96,A0,0,6,0,B7,B7,False,A5,A5,Not activated
13837,96,A0,0,6,1,B7,F7,True,A5,72,SDC
13838,96,A0,0,7,0,B7,37,True,A5,BC,SDC
13839,96,A0,0,7,1,B7,B7,False,A5,A5,Not activated
13840,96,A1,1,0,0,31,30,True,A5,A5,Masked
13841,96,A1,1,0,1,31,31,False,A5,A5,Not activated
13842,96,A1,1,1,0,31,31,False,A5,A5,Not activated
13843,96,A1,1,1,1,31,33,True,A5,A4,SDC
13844,96,A1,1,2,0,31,31,False,A5,A5,Not activated
13845,96,A1,1,2,1,31,35,True,A5,A4,SDC
13846,96,A1,1,3,0,31,31,False,A5,A5,Not activated
13847,96,A1,1,3,1,31,39,True,A5,A2,SDC
13848,96,A1,1,4,0,31,21,True,A5,A6,SDC
13849,96,A1,1,4,1,31,31,False,A5,A5,Not activated
13850,96,A1,1,5,0,31,11,True,A5,A7,SDC
13851,96,A1,1,5,1,31,31,False,A5,A5,Not activated
13852,96,A1,1,6,0,31,31,False,A5,A5,Not activated
13853,96,A1,1,6,1,31,71,True,A5,51,SDC
13854,96,A1,1,7,0,31,31,False,A5,A5,Not activated
13855,96,A1,1,7,1,31,B1,True,A5,A8,SDC
13856,96,A2,2,0,0,AD,AC,True,A5,A4,SDC
13857,96,A2,2,0,1,AD,AD,False,A5,A5,Not activated
13858,96,A2,2,1,0,AD,AD,False,A5,A5,Not activated
13859,96,A2,2,1,1,AD,AF,True,A5,A5,Masked
13860,96,A2,2,2,0,AD,A9,True,A5,A4,SDC
13861,96,A2,2,2,1,AD,AD,False,A5,A5,Not activated
13862,96,A2,2,3,0,AD,A5,True,A5,A3,SDC
13863,96,A2,2,3,1,AD,AD,False,A5,A5,Not activated
13864,96,A2,2,4,0,AD,AD,False,A5,A5,Not activated
13865,96,A2,2,4,1,AD,BD,True,A5,AC,SDC
13866,96,A2,2,5,0,AD,8D,True,A5,A2,SDC
13867,96,A2,2,5,1,AD,AD,False,A5,A5,Not activated
13868,96,A2,2,6,0,AD,AD,False,A5,A5,Not activated
13869,96,A2,2,6,1,AD,ED,True,A5,D5,SDC
13870,96,A2,2,7,0,AD,2D,True,A5,9C,SDC
13871,96,A2,2,7,1,AD,AD,False,A5,A5,Not activated
13872,96,A3,3,0,0,A8,A8,False,A5,A5,Not activated
13873,96,A3,3,0,1,A8,A9,True,A5,A6,SDC
13874,96,A3,3,1,0,A8,A8,False,A5,A5,Not activated
13875,96,A3,3,1,1,A8,AA,True,A5,A7,SDC
13876,96,A3,3,2,0,A8,A8,False,A5,A5,Not activated
13877,96,A3,3,2,1,A8,AC,True,A5,A9,SDC
13878,96,A3,3,3,0,A8,A0,True,A5,A0,SDC
13879,96,A3,3,3,1,A8,A8,False,A5,A5,Not activated
13880,96,A3,3,4,0,A8,A8,False,A5,A5,Not activated
13881,96,A3,3,4,1,A8,B8,True,A5,B2,SDC
13882,96,A3,3,5,0,A8,88,True,A5,99,SDC
13883,96,A3,3,5,1,A8,A8,False,A5,A5,Not activated
13884,96,A3,3,6,0,A8,A8,False,A5,A5,Not activated
13885,96,A3,3,6,1,A8,E8,True,A5,E1,SDC
13886,96,A3,3,7,0,A8,28,True,A5,1A,SDC
13887,96,A3,3,7,1,A8,A8,False,A5,A5,Not activated
13888,96,B0,4,0,0,B3,B2,True,A5,A8,SDC
13889,96,B0,4,0,1,B3,B3,False,A5,A5,Not activated
13890,96,B0,4,1,0,B3,B1,True,A5,AA,SDC
13891,96,B0,4,1,1,B3,B3,False,A5,A5,Not activated
13892,96,B0,4,2,0,B3,B3,False,A5,A5,Not activated
13893,96,B0,4,2,1,B3,B7,True,A5,10,SDC
13894,96,B0,4,3,0,B3,B3,False,A5,A5,Not activated
13895,96,B0,4,3,1,B3,BB,True,A5,30,SDC
13896,96,B0,4,4,0,B3,A3,True,A5,B2,SDC
13897,96,B0,4,4,1,B3,B3,False,A5,A5,Not activated
13898,96,B0,4,5,0,B3,93,True,A5,B4,SDC
13899,96,B0,4,5,1,B3,B3,False,A5,A5,Not activated
13900,96,B0,4,6,0,B3,B3,False,A5,A5,Not activated
13901,96,B0,4,6,1,B3,F3,True,A5,72,SDC
13902,96,B0,4,7,0,B3,33,True,A5,BC,SDC
13903,96,B0,4,7,1,B3,B3,False,A5,A5,Not activated
13904,96,B1,5,0,0,18,18,False,A5,A5,Not activated
13905,96,B1,5,0,1,18,19,True,A5,A4,SDC
13906,96,B1,5,1,0,18,18,False,A5,A5,Not activated
13907,96,B1,5,1,1,18,1A,True,A5,A4,SDC
13908,96,B1,5,2,0,18,18,False,A5,A5,Not activated
13909,96,B1,5,2,1,18,1C,True,A5,A4,SDC
13910,96,B1,5,3,0,18,10,True,A5,A6,SDC
13911,96,B1,5,3,1,18,18,False,A5,A5,Not activated
13912,96,B1,5,4,0,18,08,True,A5,A6,SDC
13913,96,B1,5,4,1,18,18,False,A5,A5,Not activated
13914,96,B1,5,5,0,18,18,False,A5,A5,Not activated
13915,96,B1,5,5,1,18,38,True,A5,2A,SDC
13916,96,B1,5,6,0,18,18,False,A5,A5,Not activated
13917,96,B1,5,6,1,18,58,True,A5,51,SDC
13918,96,B1,5,7,0,18,18,False,A5,A5,Not activated
13919,96,B1,5,7,1,18,98,True,A5,A8,SDC
13920,96,B2,6,0,0,20,20,False,A5,A5,Not activated
13921,96,B2,6,0,1,20,21,True,A5,A5,Masked
13922,96,B2,6,1,0,20,20,False,A5,A5,Not activated
13923,96,B2,6,1,1,20,22,True,A5,A6,SDC
13924,96,B2,6,2,0,20,20,False,A5,A5,Not activated
13925,96,B2,6,2,1,20,24,True,A5,A6,SDC
13926,96,B2,6,3,0,20,20,False,A5,A5,Not activated
13927,96,B2,6,3,1,20,28,True,A5,A8,SDC
13928,96,B2,6,4,0,20,20,False,A5,A5,Not activated
13929,96,B2,6,4,1,20,30,True,A5,AC,SDC
13930,96,B2,6,5,0,20,00,True,A5,A2,SDC
13931,96,B2,6,5,1,20,20,False,A5,A5,Not activated
13932,96,B2,6,6,0,20,20,False,A5,A5,Not activated
13933,96,B2,6,6,1,20,60,True,A5,D5,SDC
13934,96,B2,6,7,0,20,20,False,A5,A5,Not activated
13935,96,B2,6,7,1,20,A0,True,A5,9C,SDC
13936,96,B3,7,0,0,31,30,True,A5,A4,SDC
13937,96,B3,7,0,1,31,31,False,A5,A5,Not activated
13938,96,B3,7,1,0,31,31,False,A5,A5,Not activated
13939,96,B3,7,1,1,31,33,True,A5,A7,SDC
13940,96,B3,7,2,0,31,31,False,A5,A5,Not activated
13941,96,B3,7,2,1,31,35,True,A5,A8,SDC
13942,96,B3,7,3,0,31,31,False,A5,A5,Not activated
13943,96,B3,7,3,1,31,39,True,A5,AB,SDC
13944,96,B3,7,4,0,31,21,True,A5,9C,SDC
13945,96,B3,7,4,1,31,31,False,A5,A5,Not activated
13946,96,B3,7,5,0,31,11,True,A5,99,SDC
13947,96,B3,7,5,1,31,31,False,A5,A5,Not activated
13948,96,B3,7,6,0,31,31,False,A5,A5,Not activated
13949,96,B3,7,6,1,31,71,True,A5,E1,SDC
13950,96,B3,7,7,0,31,31,False,A5,A5,Not activated
13951,96,B3,7,7,1,31,B1,True,A5,1A,SDC
13952,96,C0,8,0,0,B3,B2,True,A5,A1,SDC
13953,96,C0,8,0,1,B3,B3,False,A5,A5,Not activated
13954,96,C0,8,1,0,B3,B1,True,A5,9A,SDC
13955,96,C0,8,1,1,B3,B3,False,A5,A5,Not activated
13956,96,C0,8,2,0,B3,B3,False,A5,A5,Not activated
13957,96,C0,8,2,1,B3,B7,True,A5,AE,SDC
13958,96,C0,8,3,0,B3,B3,False,A5,A5,Not activated
13959,96,C0,8,3,1,B3,BB,True,A5,B6,SDC
13960,96,C0,8,4,0,B3,A3,True,A5,2A,SDC
13961,96,C0,8,4,1,B3,B3,False,A5,A5,Not activated
13962,96,C0,8,5,0,B3,93,True,A5,30,SDC
13963,96,C0,8,5,1,B3,B3,False,A5,A5,Not activated
13964,96,C0,8,6,0,B3,B3,False,A5,A5,Not activated
13965,96,C0,8,6,1,B3,F3,True,A5,F3,SDC
13966,96,C0,8,7,0,B3,33,True,A5,3A,SDC
13967,96,C0,8,7,1,B3,B3,False,A5,A5,Not activated
13968,97,A0,0,0,0,B5,B4,True,BB,BB,Masked
13969,97,A0,0,0,1,B5,B5,False,BB,BB,Not activated
13970,97,A0,0,1,0,B5,B5,False,BB,BB,Not activated
13971,97,A0,0,1,1,B5,B7,True,BB,BC,SDC
13972,97,A0,0,2,0,B5,B1,True,BB,BA,SDC
13973,97,A0,0,2,1,B5,B5,False,BB,BB,Not activated
13974,97,A0,0,3,0,B5,B5,False,BB,BB,Not activated
13975,97,A0,0,3,1,B5,BD,True,BB,C1,SDC
13976,97,A0,0,4,0,B5,A5,True,BB,B8,SDC
13977,97,A0,0,4,1,B5,B5,False,BB,BB,Not activated
13978,97,A0,0,5,0,B5,95,True,BB,B6,SDC
13979,97,A0,0,5,1,B5,B5,False,BB,BB,Not activated
13980,97,A0,0,6,0,B5,B5,False,BB,BB,Not activated
13981,97,A0,0,6,1,B5,F5,True,BB,F3,SDC
13982,97,A0,0,7,0,B5,35,True,BB,A2,SDC
13983,97,A0,0,7,1,B5,B5,False,BB,BB,Not activated
13984,97,A1,1,0,0,34,34,False,BB,BB,Not activated
13985,97,A1,1,0,1,34,35,True,BB,BB,Masked
13986,97,A1,1,1,0,34,34,False,BB,BB,Not activated
13987,97,A1,1,1,1,34,36,True,BB,BC,SDC
13988,97,A1,1,2,0,34,30,True,BB,BA,SDC
13989,97,A1,1,2,1,34,34,False,BB,BB,Not activated
13990,97,A1,1,3,0,34,34,False,BB,BB,Not activated
13991,97,A1,1,3,1,34,3C,True,BB,C0,SDC
13992,97,A1,1,4,0,34,24,True,BB,B8,SDC
13993,97,A1,1,4,1,34,34,False,BB,BB,Not activated
13994,97,A1,1,5,0,34,14,True,BB,B6,SDC
13995,97,A1,1,5,1,34,34,False,BB,BB,Not activated
13996,97,A1,1,6,0,34,34,False,BB,BB,Not activated
13997,97,A1,1,6,1,34,74,True,BB,F0,SDC
13998,97,A1,1,7,0,34,34,False,BB,BB,Not activated
13999,97,A1,1,7,1,34,B4,True,BB,AC,SDC
14000,97,A2,2,0,0,27,26,True,BB,BB,Masked
14001,97,A2,2,0,1,27,27,False,BB,BB,Not activated
14002,97,A2,2,1,0,27,25,True,BB,BB,Masked
14003,97,A2,2,1,1,27,27,False,BB,BB,Not activated
14004,97,A2,2,2,0,27,23,True,BB,BB,Masked
14005,97,A2,2,2,1,27,27,False,BB,BB,Not activated
14006,97,A2,2,3,0,27,27,False,BB,BB,Not activated
14007,97,A2,2,3,1,27,2F,True,BB,BB,Masked
14008,97,A2,2,4,0,27,27,False,BB,BB,Not activated
14009,97,A2,2,4,1,27,37,True,BB,BC,SDC
14010,97,A2,2,5,0,27,07,True,BB,BB,Masked
14011,97,A2,2,5,1,27,27,False,BB,BB,Not activated
14012,97,A2,2,6,0,27,27,False,BB,BB,Not activated
14013,97,A2,2,6,1,27,67,True,BB,CC,SDC
14014,97,A2,2,7,0,27,27,False,BB,BB,Not activated
14015,97,A2,2,7,1,27,A7,True,BB,BB,Masked
14016,97,A3,3,0,0,B0,B0,False,BB,BB,Not activated
14017,97,A3,3,0,1,B0,B1,True,BB,BB,Masked
14018,97,A3,3,1,0,B0,B0,False,BB,BB,Not activated
14019,97,A3,3,1,1,B0,B2,True,BB,BA,SDC
14020,97,A3,3,2,0,B0,B0,False,BB,BB,Not activated
14021,97,A3,3,2,1,B0,B4,True,BB,BA,SDC
14022,97,A3,3,3,0,B0,B0,False,BB,BB,Not activated
14023,97,A3,3,3,1,B0,B8,True,BB,B9,SDC
14024,97,A3,3,4,0,B0,A0,True,BB,BC,SDC
14025,97,A3,3,4,1,B0,B0,False,BB,BB,Not activated
14026,97,A3,3,5,0,B0,90,True,BB,BD,SDC
14027,97,A3,3,5,1,B0,B0,False,BB,BB,Not activated
14028,97,A3,3,6,0,B0,B0,False,BB,BB,Not activated
14029,97,A3,3,6,1,B0,F0,True,BB,68,SDC
14030,97,A3,3,7,0,B0,30,True,BB,BF,SDC
14031,97,A3,3,7,1,B0,B0,False,BB,BB,Not activated
14032,97,B0,4,0,0,35,34,True,BB,BB,Masked
14033,97,B0,4,0,1,35,35,False,BB,BB,Not activated
14034,97,B0,4,1,0,35,35,False,BB,BB,Not activated
14035,97,B0,4,1,1,35,37,True,BB,BC,SDC
14036,97,B0,4,2,0,35,31,True,BB,BA,SDC
14037,97,B0,4,2,1,35,35,False,BB,BB,Not activated
14038,97,B0,4,3,0,35,35,False,BB,BB,Not activated
14039,97,B0,4,3,1,35,3D,True,BB,C1,SDC
14040,97,B0,4,4,0,35,25,True,BB,B8,SDC
14041,97,B0,4,4,1,35,35,False,BB,BB,Not activated
14042,97,B0,4,5,0,35,15,True,BB,B6,SDC
14043,97,B0,4,5,1,35,35,False,BB,BB,Not activated
14044,97,B0,4,6,0,35,35,False,BB,BB,Not activated
14045,97,B0,4,6,1,35,75,True,BB,F3,SDC
14046,97,B0,4,7,0,35,35,False,BB,BB,Not activated
14047,97,B0,4,7,1,35,B5,True,BB,A2,SDC
14048,97,B1,5,0,0,B3,B2,True,BB,BB,Masked
14049,97,B1,5,0,1,B3,B3,False,BB,BB,Not activated
14050,97,B1,5,1,0,B3,B1,True,BB,BA,SDC
14051,97,B1,5,1,1,B3,B3,False,BB,BB,Not activated
14052,97,B1,5,2,0,B3,B3,False,BB,BB,Not activated
14053,97,B1,5,2,1,B3,B7,True,BB,BD,SDC
14054,97,B1,5,3,0,B3,B3,False,BB,BB,Not activated
14055,97,B1,5,3,1,B3,BB,True,BB,C0,SDC
14056,97,B1,5,4,0,B3,A3,True,BB,B8,SDC
14057,97,B1,5,4,1,B3,B3,False,BB,BB,Not activated
14058,97,B1,5,5,0,B3,93,True,BB,B6,SDC
14059,97,B1,5,5,1,B3,B3,False,BB,BB,Not activated
14060,97,B1,5,6,0,B3,B3,False,BB,BB,Not activated
14061,97,B1,5,6,1,B3,F3,True,BB,F0,SDC
14062,97,B1,5,7,0,B3,33,True,BB,AC,SDC
14063,97,B1,5,7,1,B3,B3,False,BB,BB,Not activated
14064,97,B2,6,0,0,9A,9A,False,BB,BB,Not activated
14065,97,B2,6,0,1,9A,9B,True,BB,BB,Masked
14066,97,B2,6,1,0,9A,98,True,BB,BB,Masked
14067,97,B2,6,1,1,9A,9A,False,BB,BB,Not activated
14068,97,B2,6,2,0,9A,9A,False,BB,BB,Not activated
14069,97,B2,6,2,1,9A,9E,True,BB,BB,Masked
14070,97,B2,6,3,0,9A,92,True,BB,BB,Masked
14071,97,B2,6,3,1,9A,9A,False,BB,BB,Not activated
14072,97,B2,6,4,0,9A,8A,True,BB,BB,Masked
14073,97,B2,6,4,1,9A,9A,False,BB,BB,Not activated
14074,97,B2,6,5,0,9A,9A,False,BB,BB,Not activated
14075,97,B2,6,5,1,9A,BA,True,BB,BD,SDC
14076,97,B2,6,6,0,9A,9A,False,BB,BB,Not activated
14077,97,B2,6,6,1,9A,DA,True,BB,CC,SDC
14078,97,B2,6,7,0,9A,1A,True,BB,BB,Masked
14079,97,B2,6,7,1,9A,9A,False,BB,BB,Not activated
14080,97,B3,7,0,0,B0,B0,False,BB,BB,Not activated
14081,97,B3,7,0,1,B0,B1,True,BB,BB,Masked
14082,97,B3,7,1,0,B0,B0,False,BB,BB,Not activated
14083,97,B3,7,1,1,B0,B2,True,BB,BA,SDC
14084,97,B3,7,2,0,B0,B0,False,BB,BB,Not activated
14085,97,B3,7,2,1,B0,B4,True,BB,BA,SDC
14086,97,B3,7,3,0,B0,B0,False,BB,BB,Not activated
14087,97,B3,7,3,1,B0,B8,True,BB,B9,SDC
14088,97,B3,7,4,0,B0,A0,True,BB,BC,SDC
14089,97,B3,7,4,1,B0,B0,False,BB,BB,Not activated
14090,97,B3,7,5,0,B0,90,True,BB,BD,SDC
14091,97,B3,7,5,1,B0,B0,False,BB,BB,Not activated
14092,97,B3,7,6,0,B0,B0,False,BB,BB,Not activated
14093,97,B3,7,6,1,B0,F0,True,BB,68,SDC
14094,97,B3,7,7,0,B0,30,True,BB,BF,SDC
14095,97,B3,7,7,1,B0,B0,False,BB,BB,Not activated
14096,97,C0,8,0,0,B0,B0,False,BB,BB,Not activated
14097,97,C0,8,0,1,B0,B1,True,BB,BC,SDC
14098,97,C0,8,1,0,B0,B0,False,BB,BB,Not activated
14099,97,C0,8,1,1,B0,B2,True,BB,BC,SDC
14100,97,C0,8,2,0,B0,B0,False,BB,BB,Not activated
14101,97,C0,8,2,1,B0,B4,True,BB,BD,SDC
14102,97,C0,8,3,0,B0,B0,False,BB,BB,Not activated
14103,97,C0,8,3,1,B0,B8,True,BB,C0,SDC
14104,97,C0,8,4,0,B0,A0,True,BB,B9,SDC
14105,97,C0,8,4,1,B0,B0,False,BB,BB,Not activated
14106,97,C0,8,5,0,B0,90,True,BB,B8,SDC
14107,97,C0,8,5,1,B0,B0,False,BB,BB,Not activated
14108,97,C0,8,6,0,B0,B0,False,BB,BB,Not activated
14109,97,C0,8,6,1,B0,F0,True,BB,F0,SDC
14110,97,C0,8,7,0,B0,30,True,BB,AE,SDC
14111,97,C0,8,7,1,B0,B0,False,BB,BB,Not activated
14112,98,A0,0,0,0,B8,B8,False,34,34,Not activated
14113,98,A0,0,0,1,B8,B9,True,34,34,Masked
14114,98,A0,0,1,0,B8,B8,False,34,34,Not activated
14115,98,A0,0,1,1,B8,BA,True,34,35,SDC
14116,98,A0,0,2,0,B8,B8,False,34,34,Not activated
14117,98,A0,0,2,1,B8,BC,True,34,37,SDC
14118,98,A0,0,3,0,B8,B0,True,34,2C,SDC
14119,98,A0,0,3,1,B8,B8,False,34,34,Not activated
14120,98,A0,0,4,0,B8,A8,True,34,24,SDC
14121,98,A0,0,4,1,B8,B8,False,34,34,Not activated
14122,98,A0,0,5,0,B8,98,True,34,12,SDC
14123,98,A0,0,5,1,B8,B8,False,34,34,Not activated
14124,98,A0,0,6,0,B8,B8,False,34,34,Not activated
14125,98,A0,0,6,1,B8,F8,True,34,78,SDC
14126,98,A0,0,7,0,B8,38,True,34,B3,SDC
14127,98,A0,0,7,1,B8,B8,False,34,34,Not activated
14128,98,A1,1,0,0,32,32,False,34,34,Not activated
14129,98,A1,1,0,1,32,33,True,34,34,Masked
14130,98,A1,1,1,0,32,30,True,34,34,Masked
14131,98,A1,1,1,1,32,32,False,34,34,Not activated
14132,98,A1,1,2,0,32,32,False,34,34,Not activated
14133,98,A1,1,2,1,32,36,True,34,33,SDC
14134,98,A1,1,3,0,32,32,False,34,34,Not activated
14135,98,A1,1,3,1,32,3A,True,34,33,SDC
14136,98,A1,1,4,0,32,22,True,34,35,SDC
14137,98,A1,1,4,1,32,32,False,34,34,Not activated
14138,98,A1,1,5,0,32,12,True,34,35,SDC
14139,98,A1,1,5,1,32,32,False,34,34,Not activated
14140,98,A1,1,6,0,32,32,False,34,34,Not activated
14141,98,A1,1,6,1,32,72,True,34,D9,SDC
14142,98,A1,1,7,0,32,32,False,34,34,Not activated
14143,98,A1,1,7,1,32,B2,True,34,37,SDC
14144,98,A2,2,0,0,35,34,True,34,34,Masked
14145,98,A2,2,0,1,35,35,False,34,34,Not activated
14146,98,A2,2,1,0,35,35,False,34,34,Not activated
14147,98,A2,2,1,1,35,37,True,34,33,SDC
14148,98,A2,2,2,0,35,31,True,34,35,SDC
14149,98,A2,2,2,1,35,35,False,34,34,Not activated
14150,98,A2,2,3,0,35,35,False,34,34,Not activated
14151,98,A2,2,3,1,35,3D,True,34,30,SDC
14152,98,A2,2,4,0,35,25,True,34,37,SDC
14153,98,A2,2,4,1,35,35,False,34,34,Not activated
14154,98,A2,2,5,0,35,15,True,34,38,SDC
14155,98,A2,2,5,1,35,35,False,34,34,Not activated
14156,98,A2,2,6,0,35,35,False,34,34,Not activated
14157,98,A2,2,6,1,35,75,True,34,E8,SDC
14158,98,A2,2,7,0,35,35,False,34,34,Not activated
14159,98,A2,2,7,1,35,B5,True,34,3A,SDC
14160,98,A3,3,0,0,2B,2A,True,34,34,Masked
14161,98,A3,3,0,1,2B,2B,False,34,34,Not activated
14162,98,A3,3,1,0,2B,29,True,34,34,Masked
14163,98,A3,3,1,1,2B,2B,False,34,34,Not activated
14164,98,A3,3,2,0,2B,2B,False,34,34,Not activated
14165,98,A3,3,2,1,2B,2F,True,34,34,Masked
14166,98,A3,3,3,0,2B,23,True,34,33,SDC
14167,98,A3,3,3,1,2B,2B,False,34,34,Not activated
14168,98,A3,3,4,0,2B,2B,False,34,34,Not activated
14169,98,A3,3,4,1,2B,3B,True,34,37,SDC
14170,98,A3,3,5,0,2B,0B,True,34,33,SDC
14171,98,A3,3,5,1,2B,2B,False,34,34,Not activated
14172,98,A3,3,6,0,2B,2B,False,34,34,Not activated
14173,98,A3,3,6,1,2B,6B,True,34,58,SDC
14174,98,A3,3,7,0,2B,2B,False,34,34,Not activated
14175,98,A3,3,7,1,2B,AB,True,34,32,SDC
14176,98,B0,4,0,0,B3,B2,True,34,32,SDC
14177,98,B0,4,0,1,B3,B3,False,34,34,Not activated
14178,98,B0,4,1,0,B3,B1,True,34,32,SDC
14179,98,B0,4,1,1,B3,B3,False,34,34,Not activated
14180,98,B0,4,2,0,B3,B3,False,34,34,Not activated
14181,98,B0,4,2,1,B3,B7,True,34,37,SDC
14182,98,B0,4,3,0,B3,B3,False,34,34,Not activated
14183,98,B0,4,3,1,B3,BB,True,34,3A,SDC
14184,98,B0,4,4,0,B3,A3,True,34,24,SDC
14185,98,B0,4,4,1,B3,B3,False,34,34,Not activated
14186,98,B0,4,5,0,B3,93,True,34,12,SDC
14187,98,B0,4,5,1,B3,B3,False,34,34,Not activated
14188,98,B0,4,6,0,B3,B3,False,34,34,Not activated
14189,98,B0,4,6,1,B3,F3,True,34,73,SDC
14190,98,B0,4,7,0,B3,33,True,34,B3,SDC
14191,98,B0,4,7,1,B3,B3,False,34,34,Not activated
14192,98,B1,5,0,0,9F,9E,True,34,34,Masked
14193,98,B1,5,0,1,9F,9F,False,34,34,Not activated
14194,98,B1,5,1,0,9F,9D,True,34,34,Masked
14195,98,B1,5,1,1,9F,9F,False,34,34,Not activated
14196,98,B1,5,2,0,9F,9B,True,34,34,Masked
14197,98,B1,5,2,1,9F,9F,False,34,34,Not activated
14198,98,B1,5,3,0,9F,97,True,34,34,Masked
14199,98,B1,5,3,1,9F,9F,False,34,34,Not activated
14200,98,B1,5,4,0,9F,8F,True,34,35,SDC
14201,98,B1,5,4,1,9F,9F,False,34,34,Not activated
14202,98,B1,5,5,0,9F,9F,False,34,34,Not activated
14203,98,B1,5,5,1,9F,BF,True,34,AC,SDC
14204,98,B1,5,6,0,9F,9F,False,34,34,Not activated
14205,98,B1,5,6,1,9F,DF,True,34,D9,SDC
14206,98,B1,5,7,0,9F,1F,True,34,37,SDC
14207,98,B1,5,7,1,9F,9F,False,34,34,Not activated
14208,98,B2,6,0,0,AA,AA,False,34,34,Not activated
14209,98,B2,6,0,1,AA,AB,True,34,34,Masked
14210,98,B2,6,1,0,AA,A8,True,34,35,SDC
14211,98,B2,6,1,1,AA,AA,False,34,34,Not activated
14212,98,B2,6,2,0,AA,AA,False,34,34,Not activated
14213,98,B2,6,2,1,AA,AE,True,34,32,SDC
14214,98,B2,6,3,0,AA,A2,True,34,36,SDC
14215,98,B2,6,3,1,AA,AA,False,34,34,Not activated
14216,98,B2,6,4,0,AA,AA,False,34,34,Not activated
14217,98,B2,6,4,1,AA,BA,True,34,8A,SDC
14218,98,B2,6,5,0,AA,8A,True,34,38,SDC
14219,98,B2,6,5,1,AA,AA,False,34,34,Not activated
14220,98,B2,6,6,0,AA,AA,False,34,34,Not activated
14221,98,B2,6,6,1,AA,EA,True,34,E8,SDC
14222,98,B2,6,7,0,AA,2A,True,34,3A,SDC
14223,98,B2,6,7,1,AA,AA,False,34,34,Not activated
14224,98,B3,7,0,0,23,22,True,34,34,Masked
14225,98,B3,7,0,1,23,23,False,34,34,Not activated
14226,98,B3,7,1,0,23,21,True,34,34,Masked
14227,98,B3,7,1,1,23,23,False,34,34,Not activated
14228,98,B3,7,2,0,23,23,False,34,34,Not activated
14229,98,B3,7,2,1,23,27,True,34,34,Masked
14230,98,B3,7,3,0,23,23,False,34,34,Not activated
14231,98,B3,7,3,1,23,2B,True,34,35,SDC
14232,98,B3,7,4,0,23,23,False,34,34,Not activated
14233,98,B3,7,4,1,23,33,True,34,37,SDC
14234,98,B3,7,5,0,23,03,True,34,33,SDC
14235,98,B3,7,5,1,23,23,False,34,34,Not activated
14236,98,B3,7,6,0,23,23,False,34,34,Not activated
14237,98,B3,7,6,1,23,63,True,34,58,SDC
14238,98,B3,7,7,0,23,23,False,34,34,Not activated
14239,98,B3,7,7,1,23,A3,True,34,32,SDC
14240,98,C0,8,0,0,29,28,True,34,33,SDC
14241,98,C0,8,0,1,29,29,False,34,34,Not activated
14242,98,C0,8,1,0,29,29,False,34,34,Not activated
14243,98,C0,8,1,1,29,2B,True,34,34,Masked
14244,98,C0,8,2,0,29,29,False,34,34,Not activated
14245,98,C0,8,2,1,29,2D,True,34,35,SDC
14246,98,C0,8,3,0,29,21,True,34,31,SDC
14247,98,C0,8,3,1,29,29,False,34,34,Not activated
14248,98,C0,8,4,0,29,29,False,34,34,Not activated
14249,98,C0,8,4,1,29,39,True,34,3B,SDC
14250,98,C0,8,5,0,29,09,True,34,2E,SDC
14251,98,C0,8,5,1,29,29,False,34,34,Not activated
14252,98,C0,8,6,0,29,29,False,34,34,Not activated
14253,98,C0,8,6,1,29,69,True,34,69,SDC
14254,98,C0,8,7,0,29,29,False,34,34,Not activated
14255,98,C0,8,7,1,29,A9,True,34,22,SDC
14256,99,A0,0,0,0,A2,A2,False,A7,A7,Not activated
14257,99,A0,0,0,1,A2,A3,True,A7,A6,SDC
14258,99,A0,0,1,0,A2,A0,True,A7,A7,Masked
14259,99,A0,0,1,1,A2,A2,False,A7,A7,Not activated
14260,99,A0,0,2,0,A2,A2,False,A7,A7,Not activated
14261,99,A0,0,2,1,A2,A6,True,A7,A6,SDC
14262,99,A0,0,3,0,A2,A2,False,A7,A7,Not activated
14263,99,A0,0,3,1,A2,AA,True,A7,A4,SDC
14264,99,A0,0,4,0,A2,A2,False,A7,A7,Not activated
14265,99,A0,0,4,1,A2,B2,True,A7,9B,SDC
14266,99,A0,0,5,0,A2,82,True,A7,A8,SDC
14267,99,A0,0,5,1,A2,A2,False,A7,A7,Not activated
14268,99,A0,0,6,0,A2,A2,False,A7,A7,Not activated
14269,99,A0,0,6,1,A2,E2,True,A7,52,SDC
14270,99,A0,0,7,0,A2,22,True,A7,A9,SDC
14271,99,A0,0,7,1,A2,A2,False,A7,A7,Not activated
14272,99,A1,1,0,0,B0,B0,False,A7,A7,Not activated
14273,99,A1,1,0,1,B0,B1,True,A7,A7,Masked
14274,99,A1,1,1,0,B0,B0,False,A7,A7,Not activated
14275,99,A1,1,1,1,B0,B2,True,A7,A7,Masked
14276,99,A1,1,2,0,B0,B0,False,A7,A7,Not activated
14277,99,A1,1,2,1,B0,B4,True,A7,A6,SDC
14278,99,A1,1,3,0,B0,B0,False,A7,A7,Not activated
14279,99,A1,1,3,1,B0,B8,True,A7,A6,SDC
14280,99,A1,1,4,0,B0,A0,True,A7,A8,SDC
14281,99,A1,1,4,1,B0,B0,False,A7,A7,Not activated
14282,99,A1,1,5,0,B0,90,True,A7,A8,SDC
14283,99,A1,1,5,1,B0,B0,False,A7,A7,Not activated
14284,99,A1,1,6,0,B0,B0,False,A7,A7,Not activated
14285,99,A1,1,6,1,B0,F0,True,A7,48,SDC
14286,99,A1,1,7,0,B0,30,True,A7,A8,SDC
14287,99,A1,1,7,1,B0,B0,False,A7,A7,Not activated
14288,99,A2,2,0,0,33,32,True,A7,A5,SDC
14289,99,A2,2,0,1,33,33,False,A7,A7,Not activated
14290,99,A2,2,1,0,33,31,True,A7,A3,SDC
14291,99,A2,2,1,1,33,33,False,A7,A7,Not activated
14292,99,A2,2,2,0,33,33,False,A7,A7,Not activated
14293,99,A2,2,2,1,33,37,True,A7,AB,SDC
14294,99,A2,2,3,0,33,33,False,A7,A7,Not activated
14295,99,A2,2,3,1,33,3B,True,A7,B1,SDC
14296,99,A2,2,4,0,33,23,True,A7,0F,SDC
14297,99,A2,2,4,1,33,33,False,A7,A7,Not activated
14298,99,A2,2,5,0,33,13,True,A7,1D,SDC
14299,99,A2,2,5,1,33,33,False,A7,A7,Not activated
14300,99,A2,2,6,0,33,33,False,A7,A7,Not activated
14301,99,A2,2,6,1,33,73,True,A7,EB,SDC
14302,99,A2,2,7,0,33,33,False,A7,A7,Not activated
14303,99,A2,2,7,1,33,B3,True,A7,2F,SDC
14304,99,A3,3,0,0,B2,B2,False,A7,A7,Not activated
14305,99,A3,3,0,1,B2,B3,True,A7,A7,Masked
14306,99,A3,3,1,0,B2,B0,True,A7,A6,SDC
14307,99,A3,3,1,1,B2,B2,False,A7,A7,Not activated
14308,99,A3,3,2,0,B2,B2,False,A7,A7,Not activated
14309,99,A3,3,2,1,B2,B6,True,A7,A8,SDC
14310,99,A3,3,3,0,B2,B2,False,A7,A7,Not activated
14311,99,A3,3,3,1,B2,BA,True,A7,AA,SDC
14312,99,A3,3,4,0,B2,A2,True,A7,A2,SDC
14313,99,A3,3,4,1,B2,B2,False,A7,A7,Not activated
14314,99,A3,3,5,0,B2,92,True,A7,A1,SDC
14315,99,A3,3,5,1,B2,B2,False,A7,A7,Not activated
14316,99,A3,3,6,0,B2,B2,False,A7,A7,Not activated
14317,99,A3,3,6,1,B2,F2,True,A7,DB,SDC
14318,99,A3,3,7,0,B2,32,True,A7,96,SDC
14319,99,A3,3,7,1,B2,B2,False,A7,A7,Not activated
14320,99,B0,4,0,0,A7,A6,True,A7,A7,Masked
14321,99,B0,4,0,1,A7,A7,False,A7,A7,Not activated
14322,99,B0,4,1,0,A7,A5,True,A7,A7,Masked
14323,99,B0,4,1,1,A7,A7,False,A7,A7,Not activated
14324,99,B0,4,2,0,A7,A3,True,A7,A7,Masked
14325,99,B0,4,2,1,A7,A7,False,A7,A7,Not activated
14326,99,B0,4,3,0,A7,A7,False,A7,A7,Not activated
14327,99,B0,4,3,1,A7,AF,True,A7,A4,SDC
14328,99,B0,4,4,0,A7,A7,False,A7,A7,Not activated
14329,99,B0,4,4,1,A7,B7,True,A7,9B,SDC
14330,99,B0,4,5,0,A7,87,True,A7,A8,SDC
14331,99,B0,4,5,1,A7,A7,False,A7,A7,Not activated
14332,99,B0,4,6,0,A7,A7,False,A7,A7,Not activated
14333,99,B0,4,6,1,A7,E7,True,A7,52,SDC
14334,99,B0,4,7,0,A7,27,True,A7,A9,SDC
14335,99,B0,4,7,1,A7,A7,False,A7,A7,Not activated
14336,99,B1,5,0,0,91,90,True,A7,A7,Masked
14337,99,B1,5,0,1,91,91,False,A7,A7,Not activated
14338,99,B1,5,1,0,91,91,False,A7,A7,Not activated
14339,99,B1,5,1,1,91,93,True,A7,A7,Masked
14340,99,B1,5,2,0,91,91,False,A7,A7,Not activated
14341,99,B1,5,2,1,91,95,True,A7,A6,SDC
14342,99,B1,5,3,0,91,91,False,A7,A7,Not activated
14343,99,B1,5,3,1,91,99,True,A7,A6,SDC
14344,99,B1,5,4,0,91,81,True,A7,A8,SDC
14345,99,B1,5,4,1,91,91,False,A7,A7,Not activated
14346,99,B1,5,5,0,91,91,False,A7,A7,Not activated
14347,99,B1,5,5,1,91,B1,True,A7,12,SDC
14348,99,B1,5,6,0,91,91,False,A7,A7,Not activated
14349,99,B1,5,6,1,91,D1,True,A7,48,SDC
14350,99,B1,5,7,0,91,11,True,A7,A8,SDC
14351,99,B1,5,7,1,91,91,False,A7,A7,Not activated
14352,99,B2,6,0,0,B0,B0,False,A7,A7,Not activated
14353,99,B2,6,0,1,B0,B1,True,A7,A9,SDC
14354,99,B2,6,1,0,B0,B0,False,A7,A7,Not activated
14355,99,B2,6,1,1,B0,B2,True,A7,AA,SDC
14356,99,B2,6,2,0,B0,B0,False,A7,A7,Not activated
14357,99,B2,6,2,1,B0,B4,True,A7,AD,SDC
14358,99,B2,6,3,0,B0,B0,False,A7,A7,Not activated
14359,99,B2,6,3,1,B0,B8,True,A7,B1,SDC
14360,99,B2,6,4,0,B0,A0,True,A7,0F,SDC
14361,99,B2,6,4,1,B0,B0,False,A7,A7,Not activated
14362,99,B2,6,5,0,B0,90,True,A7,1D,SDC
14363,99,B2,6,5,1,B0,B0,False,A7,A7,Not activated
14364,99,B2,6,6,0,B0,B0,False,A7,A7,Not activated
14365,99,B2,6,6,1,B0,F0,True,A7,EB,SDC
14366,99,B2,6,7,0,B0,30,True,A7,2F,SDC
14367,99,B2,6,7,1,B0,B0,False,A7,A7,Not activated
14368,99,B3,7,0,0,21,20,True,A7,A6,SDC
14369,99,B3,7,0,1,21,21,False,A7,A7,Not activated
14370,99,B3,7,1,0,21,21,False,A7,A7,Not activated
14371,99,B3,7,1,1,21,23,True,A7,A8,SDC
14372,99,B3,7,2,0,21,21,False,A7,A7,Not activated
14373,99,B3,7,2,1,21,25,True,A7,A9,SDC
14374,99,B3,7,3,0,21,21,False,A7,A7,Not activated
14375,99,B3,7,3,1,21,29,True,A7,AA,SDC
14376,99,B3,7,4,0,21,21,False,A7,A7,Not activated
14377,99,B3,7,4,1,21,31,True,A7,B0,SDC
14378,99,B3,7,5,0,21,01,True,A7,A1,SDC
14379,99,B3,7,5,1,21,21,False,A7,A7,Not activated
14380,99,B3,7,6,0,21,21,False,A7,A7,Not activated
14381,99,B3,7,6,1,21,61,True,A7,DB,SDC
14382,99,B3,7,7,0,21,21,False,A7,A7,Not activated
14383,99,B3,7,7,1,21,A1,True,A7,96,SDC
14384,99,C0,8,0,0,22,22,False,A7,A7,Not activated
14385,99,C0,8,0,1,22,23,True,A7,A6,SDC
14386,99,C0,8,1,0,22,20,True,A7,A8,SDC
14387,99,C0,8,1,1,22,22,False,A7,A7,Not activated
14388,99,C0,8,2,0,22,22,False,A7,A7,Not activated
14389,99,C0,8,2,1,22,26,True,A7,A2,SDC
14390,99,C0,8,3,0,22,22,False,A7,A7,Not activated
14391,99,C0,8,3,1,22,2A,True,A7,96,SDC
14392,99,C0,8,4,0,22,22,False,A7,A7,Not activated
14393,99,C0,8,4,1,22,32,True,A7,28,SDC
14394,99,C0,8,5,0,22,02,True,A7,AC,SDC
14395,99,C0,8,5,1,22,22,False,A7,A7,Not activated
14396,99,C0,8,6,0,22,22,False,A7,A7,Not activated
14397,99,C0,8,6,1,22,62,True,A7,62,SDC
14398,99,C0,8,7,0,22,22,False,A7,A7,Not activated
14399,99,C0,8,7,1,22,A2,True,A7,B0,SDC
