test_id,A0_hex,A1_hex,A2_hex,A3_hex,B0_hex,B1_hex,B2_hex,B3_hex,C0_hex,A0_int,A1_int,A2_int,A3_int,B0_int,B1_int,B2_int,B3_int,C0_int,reference_int,input_width,output_width,operand_range,c_range
0,03,F6,FF,01,FC,FE,08,03,FFC5,3,-10,-1,1,-4,-2,8,3,-59,-56,8,16,10,100
1,01,F9,03,FE,07,0A,FB,09,0029,1,-7,3,-2,7,10,-5,9,41,-55,8,16,10,100
2,FB,01,F8,06,03,08,06,FB,FFC1,-5,1,-8,6,3,8,6,-5,-63,-148,8,16,10,100
3,FC,F8,FC,00,00,F6,04,00,FFA2,-4,-8,-4,0,0,-10,4,0,-94,-30,8,16,10,100
4,06,03,F6,F6,FB,08,FB,FF,FFB5,6,3,-10,-10,-5,8,-5,-1,-75,-21,8,16,10,100
5,0A,03,F9,08,FB,02,FD,06,0034,10,3,-7,8,-5,2,-3,6,52,77,8,16,10,100
6,00,F7,FD,F9,05,FC,07,FB,FFDD,0,-9,-3,-7,5,-4,7,-5,-35,15,8,16,10,100
7,08,03,06,FA,F7,FB,FF,F6,FFC2,8,3,6,-6,-9,-5,-1,-10,-62,-95,8,16,10,100
8,FD,01,07,00,FB,02,00,F6,FFA8,-3,1,7,0,-5,2,0,-10,-88,-71,8,16,10,100
9,F7,04,F8,02,FB,F6,01,FC,0049,-9,4,-8,2,-5,-10,1,-4,73,62,8,16,10,100
10,06,F9,05,09,F7,F6,0A,05,FFEF,6,-7,5,9,-9,-10,10,5,-17,94,8,16,10,100
11,09,03,07,FC,01,F9,07,FA,FFB0,9,3,7,-4,1,-7,7,-6,-80,-19,8,16,10,100
12,05,FB,00,FD,FC,FB,FB,FF,FFC2,5,-5,0,-3,-4,-5,-5,-1,-62,-54,8,16,10,100
13,07,F8,06,F6,FA,F6,05,FB,0037,7,-8,6,-10,-6,-10,5,-5,55,173,8,16,10,100
14,F9,FE,06,02,F8,04,03,FB,FFDA,-7,-2,6,2,-8,4,3,-5,-38,18,8,16,10,100
15,FB,F6,01,00,FB,02,FB,FB,002E,-5,-10,1,0,-5,2,-5,-5,46,46,8,16,10,100
16,06,FD,03,06,03,00,F9,F8,0040,6,-3,3,6,3,0,-7,-8,64,13,8,16,10,100
17,04,FC,0A,09,08,FC,FA,06,FFD7,4,-4,10,9,8,-4,-6,6,-41,1,8,16,10,100
18,00,08,FF,FA,07,06,F7,FE,0062,0,8,-1,-6,7,6,-9,-2,98,167,8,16,10,100
19,03,F7,01,06,07,08,F9,0A,005E,3,-9,1,6,7,8,-7,10,94,96,8,16,10,100
20,F8,FA,01,0A,F7,FE,04,01,0002,-8,-6,1,10,-9,-2,4,1,2,100,8,16,10,100
21,FF,04,09,FE,FF,05,05,F7,FFDF,-1,4,9,-2,-1,5,5,-9,-33,51,8,16,10,100
22,04,F6,FD,01,FA,F6,0A,F8,FFA3,4,-10,-3,1,-6,-10,10,-8,-93,-55,8,16,10,100
23,F9,09,FC,02,05,FB,FE,01,FFD1,-7,9,-4,2,5,-5,-2,1,-47,-117,8,16,10,100
24,FF,00,02,F8,09,FF,01,F7,0007,-1,0,2,-8,9,-1,1,-9,7,72,8,16,10,100
25,FC,FB,F8,FA,FF,FD,00,03,FFCF,-4,-5,-8,-6,-1,-3,0,3,-49,-48,8,16,10,100
26,F6,FA,F9,06,F7,00,02,00,FFA6,-10,-6,-7,6,-9,0,2,0,-90,-14,8,16,10,100
27,FD,F9,05,FA,08,FC,FE,08,0024,-3,-7,5,-6,8,-4,-2,8,36,-18,8,16,10,100
28,01,FB,FF,F7,F8,F9,06,FC,0028,1,-5,-1,-9,-8,-7,6,-4,40,97,8,16,10,100
29,06,03,06,F6,06,FA,08,07,FFEF,6,3,6,-10,6,-6,8,7,-17,-21,8,16,10,100
30,08,FB,04,03,04,F6,01,F6,FFFF,8,-5,4,3,4,-10,1,-10,-1,55,8,16,10,100
31,01,07,09,F6,00,05,04,F7,FFED,1,7,9,-10,0,5,4,-9,-19,142,8,16,10,100
32,00,02,FF,FA,02,08,09,F7,002D,0,2,-1,-6,2,8,9,-9,45,106,8,16,10,100
33,F9,05,F9,F9,09,FB,F7,F7,FFEB,-7,5,-7,-7,9,-5,-9,-9,-21,17,8,16,10,100
34,FC,06,F9,04,05,05,F7,03,FFD4,-4,6,-7,4,5,5,-9,3,-44,41,8,16,10,100
35,FD,00,FB,02,08,07,FD,05,FFCA,-3,0,-5,2,8,7,-3,5,-54,-53,8,16,10,100
36,FC,07,08,07,0A,FC,FB,04,005E,-4,7,8,7,10,-4,-5,4,94,14,8,16,10,100
37,F6,0A,FC,F8,F8,07,F9,F9,FFDF,-10,10,-4,-8,-8,7,-7,-7,-33,201,8,16,10,100
38,08,FD,FC,FE,FD,05,01,04,0045,8,-3,-4,-2,-3,5,1,4,69,18,8,16,10,100
39,02,07,FD,0A,04,06,F9,06,FFA3,2,7,-3,10,4,6,-7,6,-93,38,8,16,10,100
40,06,07,01,FD,02,05,F8,03,0013,6,7,1,-3,2,5,-8,3,19,49,8,16,10,100
41,F9,00,FD,04,FF,03,08,F9,FFC7,-7,0,-3,4,-1,3,8,-7,-57,-102,8,16,10,100
42,FC,09,02,FE,08,0A,FB,0A,FF9D,-4,9,2,-2,8,10,-5,10,-99,-71,8,16,10,100
43,06,FE,F6,05,00,0A,FC,0A,FFE9,6,-2,-10,5,0,10,-4,10,-23,47,8,16,10,100
44,F6,02,01,FC,07,FE,FD,F8,FFD0,-10,2,1,-4,7,-2,-3,-8,-48,-93,8,16,10,100
45,FE,07,F6,F6,FA,08,08,FA,FFF0,-2,7,-10,-10,-6,8,8,-6,-16,32,8,16,10,100
46,FC,FA,09,09,FF,06,FF,F6,FFD1,-4,-6,9,9,-1,6,-1,-10,-47,-178,8,16,10,100
47,03,02,08,02,0A,0A,04,08,002B,3,2,8,2,10,10,4,8,43,141,8,16,10,100
48,FE,06,FF,07,F8,05,05,0A,FFC4,-2,6,-1,7,-8,5,5,10,-60,51,8,16,10,100
49,03,F7,F9,F9,FE,00,03,02,0016,3,-9,-7,-7,-2,0,3,2,22,-19,8,16,10,100
50,F8,02,0A,F9,03,FD,09,F6,005C,-8,2,10,-7,3,-3,9,-10,92,222,8,16,10,100
51,04,FA,0A,F6,01,FB,FE,FA,FFFF,4,-6,10,-10,1,-5,-2,-6,-1,73,8,16,10,100
52,FB,FF,00,0A,09,00,03,F7,FFF6,-5,-1,0,10,9,0,3,-9,-10,-145,8,16,10,100
53,FD,09,04,F6,01,02,05,FA,0037,-3,9,4,-10,1,2,5,-6,55,150,8,16,10,100
54,01,08,FF,07,FA,05,04,F6,0013,1,8,-1,7,-6,5,4,-10,19,-21,8,16,10,100
55,01,FD,03,05,FD,09,06,00,0019,1,-3,3,5,-3,9,6,0,25,13,8,16,10,100
56,FF,09,FD,03,00,F9,FA,FB,0024,-1,9,-3,3,0,-7,-6,-5,36,-24,8,16,10,100
57,F7,F9,02,FA,01,F8,FC,FC,FF9C,-9,-7,2,-6,1,-8,-4,-4,-100,-37,8,16,10,100
58,F9,00,FE,08,FD,0A,07,09,FFE2,-7,0,-2,8,-3,10,7,9,-30,49,8,16,10,100
59,09,08,FF,01,00,02,F6,08,FFBA,9,8,-1,1,0,2,-10,8,-70,-36,8,16,10,100
60,08,04,04,0A,00,FD,FE,F9,FFC7,8,4,4,10,0,-3,-2,-7,-57,-147,8,16,10,100
61,FF,F7,06,FA,FA,06,FC,FE,FFD2,-1,-9,6,-6,-6,6,-4,-2,-46,-106,8,16,10,100
62,FE,01,F7,F8,FA,FD,F7,FA,FFA1,-2,1,-9,-8,-6,-3,-9,-6,-95,43,8,16,10,100
63,F7,FA,02,03,08,03,F6,FB,FFC3,-9,-6,2,3,8,3,-10,-5,-61,-186,8,16,10,100
64,06,06,FA,05,F9,01,F8,FA,FFA1,6,6,-6,5,-7,1,-8,-6,-95,-113,8,16,10,100
65,F8,01,FA,01,00,FC,FF,FC,0026,-8,1,-6,1,0,-4,-1,-4,38,36,8,16,10,100
66,00,02,F8,00,FB,FE,05,07,FFC7,0,2,-8,0,-5,-2,5,7,-57,-101,8,16,10,100
67,07,FA,02,F6,04,FA,FE,FA,0061,7,-6,2,-10,4,-6,-2,-6,97,217,8,16,10,100
68,FA,07,09,FE,FE,FF,F6,06,002C,-6,7,9,-2,-2,-1,-10,6,44,-53,8,16,10,100
69,01,02,07,FC,02,F9,F9,0A,0026,1,2,7,-4,2,-7,-7,10,38,-63,8,16,10,100
70,FB,04,06,FB,F8,08,F9,F9,0005,-5,4,6,-5,-8,8,-7,-7,5,70,8,16,10,100
71,FA,F7,04,0A,F9,02,FE,FF,FFBD,-6,-9,4,10,-7,2,-2,-1,-67,-61,8,16,10,100
72,06,06,FD,FB,0A,F9,03,FA,FFE3,6,6,-3,-5,10,-7,3,-6,-29,10,8,16,10,100
73,FD,F9,00,02,07,08,FE,FC,FFFB,-3,-7,0,2,7,8,-2,-4,-5,-90,8,16,10,100
74,02,FF,F6,FF,09,03,04,03,0018,2,-1,-10,-1,9,3,4,3,24,-4,8,16,10,100
75,F9,05,05,FD,08,F7,01,FB,001D,-7,5,5,-3,8,-9,1,-5,29,-52,8,16,10,100
76,FC,FD,F8,08,07,FC,FB,FA,FFC8,-4,-3,-8,8,7,-4,-5,-6,-56,-80,8,16,10,100
77,0A,F6,F9,FA,F6,F7,FE,F9,0024,10,-10,-7,-6,-10,-9,-2,-7,36,82,8,16,10,100
78,FF,F6,05,09,08,FD,00,0A,FFB3,-1,-10,5,9,8,-3,0,10,-77,35,8,16,10,100
79,F6,F6,0A,03,F9,FF,04,F8,FFAE,-10,-10,10,3,-7,-1,4,-8,-82,14,8,16,10,100
80,02,FA,04,00,05,FA,0A,06,FFFC,2,-6,4,0,5,-6,10,6,-4,82,8,16,10,100
81,FD,03,FA,03,01,FD,02,F6,0012,-3,3,-6,3,1,-3,2,-10,18,-36,8,16,10,100
82,01,F9,05,01,F9,09,FE,F8,0022,1,-7,5,1,-7,9,-2,-8,34,-54,8,16,10,100
83,FC,F6,F9,02,0A,00,07,05,0042,-4,-10,-7,2,10,0,7,5,66,-13,8,16,10,100
84,FB,FD,FE,03,F6,FA,F9,FB,FFFD,-5,-3,-2,3,-10,-6,-7,-5,-3,64,8,16,10,100
85,FD,F9,FC,03,F6,FC,08,04,0007,-3,-7,-4,3,-10,-4,8,4,7,45,8,16,10,100
86,06,00,08,02,03,FE,03,F7,FFCB,6,0,8,2,3,-2,3,-9,-53,-29,8,16,10,100
87,0A,F9,01,04,F6,FF,F7,04,0045,10,-7,1,4,-10,-1,-9,4,69,-17,8,16,10,100
88,07,0A,F9,06,04,03,FA,F7,FFB1,7,10,-7,6,4,3,-6,-9,-79,-33,8,16,10,100
89,FB,FA,04,08,04,F6,00,03,FFEF,-5,-6,4,8,4,-10,0,3,-17,47,8,16,10,100
90,00,03,07,07,05,FE,0A,00,0008,0,3,7,7,5,-2,10,0,8,72,8,16,10,100
91,F8,FB,FD,05,05,08,07,F8,FFF2,-8,-5,-3,5,5,8,7,-8,-14,-155,8,16,10,100
92,FE,07,00,05,01,07,FF,07,FFF6,-2,7,0,5,1,7,-1,7,-10,72,8,16,10,100
93,FB,00,F8,F9,04,03,04,04,0057,-5,0,-8,-7,4,3,4,4,87,7,8,16,10,100
94,08,FC,03,FD,FD,01,04,00,000B,8,-4,3,-3,-3,1,4,0,11,-5,8,16,10,100
95,03,06,F9,F6,01,04,F6,FD,0046,3,6,-7,-10,1,4,-10,-3,70,197,8,16,10,100
96,F7,FA,01,08,0A,F6,FC,F6,FFE6,-9,-6,1,8,10,-10,-4,-10,-26,-140,8,16,10,100
97,02,06,0A,FB,FC,00,00,00,0008,2,6,10,-5,-4,0,0,0,8,0,8,16,10,100
98,FD,FC,04,F6,FD,FD,08,FD,000D,-3,-4,4,-10,-3,-3,8,-3,13,96,8,16,10,100
99,FB,F7,04,FA,FA,04,06,01,0039,-5,-9,4,-6,-6,4,6,1,57,69,8,16,10,100
100,FD,00,F6,F9,FB,FA,F9,F9,FFF0,-3,0,-10,-7,-5,-6,-7,-7,-16,118,8,16,10,100
101,09,03,08,00,0A,06,01,FC,FFFE,9,3,8,0,10,6,1,-4,-2,114,8,16,10,100
102,F8,03,FC,04,FC,F9,FB,0A,FFC9,-8,3,-4,4,-4,-7,-5,10,-55,16,8,16,10,100
103,07,01,F9,F9,0A,FE,FA,00,0063,7,1,-7,-7,10,-2,-6,0,99,209,8,16,10,100
104,FD,06,08,05,F6,FE,FE,05,FFF1,-3,6,8,5,-10,-2,-2,5,-15,12,8,16,10,100
105,F6,00,06,07,F6,01,09,FD,FFA1,-10,0,6,7,-10,1,9,-3,-95,38,8,16,10,100
106,F8,09,FB,FD,01,FF,04,04,FFA4,-8,9,-5,-3,1,-1,4,4,-92,-141,8,16,10,100
107,F7,06,F8,08,08,F8,00,FC,0033,-9,6,-8,8,8,-8,0,-4,51,-101,8,16,10,100
108,03,00,06,F6,08,F9,07,FC,003A,3,0,6,-10,8,-7,7,-4,58,164,8,16,10,100
109,FF,FA,FA,03,08,FC,04,00,FFC6,-1,-6,-6,3,8,-4,4,0,-58,-66,8,16,10,100
110,03,01,FA,01,FD,04,03,05,0056,3,1,-6,1,-3,4,3,5,86,68,8,16,10,100
111,FF,FD,03,F8,FD,03,FB,07,0031,-1,-3,3,-8,-3,3,-5,7,49,-28,8,16,10,100
112,0A,06,F6,09,00,FE,05,F6,004A,10,6,-10,9,0,-2,5,-10,74,-78,8,16,10,100
113,00,03,FE,05,F9,FE,00,FC,0027,0,3,-2,5,-7,-2,0,-4,39,13,8,16,10,100
114,F6,F6,0A,01,FA,FB,FB,FF,0003,-10,-10,10,1,-6,-5,-5,-1,3,62,8,16,10,100
115,06,F8,04,08,F8,01,02,F9,002C,6,-8,4,8,-8,1,2,-7,44,-60,8,16,10,100
116,08,03,F8,F9,07,FB,F7,FB,FFEC,8,3,-8,-7,7,-5,-9,-5,-20,128,8,16,10,100
117,F7,FC,FD,06,09,FC,0A,0A,0035,-9,-4,-3,6,9,-4,10,10,53,18,8,16,10,100
118,F9,0A,02,FA,01,02,FF,F8,FFA2,-7,10,2,-6,1,2,-1,-8,-94,-35,8,16,10,100
119,00,00,04,F9,FF,F6,FC,FE,FFFB,0,0,4,-7,-1,-10,-4,-2,-5,-7,8,16,10,100
120,F6,FE,01,0A,F6,04,03,06,005D,-10,-2,1,10,-10,4,3,6,93,248,8,16,10,100
121,05,F6,06,F9,F8,06,08,F9,0001,5,-10,6,-7,-8,6,8,-7,1,-2,8,16,10,100
122,FF,F9,0A,01,03,F8,08,01,0006,-1,-7,10,1,3,-8,8,1,6,140,8,16,10,100
123,F8,00,07,F6,09,06,00,F6,FFCE,-8,0,7,-10,9,6,0,-10,-50,-22,8,16,10,100
124,03,07,F8,00,07,FE,00,FF,FF9D,3,7,-8,0,7,-2,0,-1,-99,-92,8,16,10,100
125,05,FB,F7,02,FF,FB,09,F8,FFB2,5,-5,-9,2,-1,-5,9,-8,-78,-155,8,16,10,100
126,FD,06,FE,02,F6,02,06,02,FFE4,-3,6,-2,2,-10,2,6,2,-28,6,8,16,10,100
127,F8,F7,F9,F9,0A,F8,FD,FA,FF9C,-8,-9,-7,-7,10,-8,-3,-6,-100,-45,8,16,10,100
128,FD,FC,0A,FB,01,0A,00,F8,FFD8,-3,-4,10,-5,1,10,0,-8,-40,-43,8,16,10,100
129,F6,02,01,F8,04,FC,FE,07,0014,-10,2,1,-8,4,-4,-2,7,20,-86,8,16,10,100
130,0A,FC,03,F9,FC,03,04,08,FFEB,10,-4,3,-7,-4,3,4,8,-21,-117,8,16,10,100
131,04,FD,02,01,06,FE,09,02,0006,4,-3,2,1,6,-2,9,2,6,56,8,16,10,100
132,07,0A,F8,F6,00,F9,FE,FE,001F,7,10,-8,-10,0,-7,-2,-2,31,-3,8,16,10,100
133,FE,0A,FA,06,03,04,0A,FE,FFB2,-2,10,-6,6,3,4,10,-2,-78,-116,8,16,10,100
134,02,FE,FE,03,F6,06,07,06,FFEE,2,-2,-2,3,-10,6,7,6,-18,-46,8,16,10,100
135,02,FF,FB,00,08,FB,FD,FB,FFF9,2,-1,-5,0,8,-5,-3,-5,-7,29,8,16,10,100
136,F9,01,FC,FD,03,08,FA,01,FFAA,-7,1,-4,-3,3,8,-6,1,-86,-78,8,16,10,100
137,04,0A,09,01,F8,06,F6,05,0048,4,10,9,1,-8,6,-10,5,72,15,8,16,10,100
138,05,F8,FB,FF,09,FC,07,FF,FFD4,5,-8,-5,-1,9,-4,7,-1,-44,-1,8,16,10,100
139,FF,FA,07,04,FA,F8,01,F8,FFA1,-1,-6,7,4,-6,-8,1,-8,-95,-66,8,16,10,100
140,FB,08,FA,F7,F8,06,FB,00,005B,-5,8,-6,-9,-8,6,-5,0,91,209,8,16,10,100
141,09,00,F8,F6,F8,FF,02,FA,000C,9,0,-8,-10,-8,-1,2,-6,12,-16,8,16,10,100
142,FF,04,03,FE,05,FB,FA,F8,0048,-1,4,3,-2,5,-5,-6,-8,72,45,8,16,10,100
143,02,07,02,00,02,02,F7,F6,004E,2,7,2,0,2,2,-9,-10,78,78,8,16,10,100
144,FE,09,FE,FE,F6,FB,03,03,0006,-2,9,-2,-2,-10,-5,3,3,6,-31,8,16,10,100
145,FB,F7,F7,0A,00,07,03,05,0014,-5,-9,-9,10,0,7,3,5,20,-20,8,16,10,100
146,FC,FD,06,FE,09,02,07,0A,0046,-4,-3,6,-2,9,2,7,10,70,50,8,16,10,100
147,FF,F9,0A,03,F8,00,08,F9,001C,-1,-7,10,3,-8,0,8,-7,28,95,8,16,10,100
148,FA,02,F8,FE,0A,FA,01,FA,FFA8,-6,2,-8,-2,10,-6,1,-6,-88,-156,8,16,10,100
149,07,F9,FF,FE,FC,03,08,0A,FFA9,7,-7,-1,-2,-4,3,8,10,-87,-164,8,16,10,100
150,FF,01,08,FB,FC,FF,07,05,FFC1,-1,1,8,-5,-4,-1,7,5,-63,-29,8,16,10,100
151,00,06,07,01,FC,07,06,F7,0009,0,6,7,1,-4,7,6,-9,9,84,8,16,10,100
152,F7,F6,07,F7,FB,0A,FE,02,005A,-9,-10,7,-9,-5,10,-2,2,90,3,8,16,10,100
153,FE,FE,FF,F8,05,02,FC,FD,FFC8,-2,-2,-1,-8,5,2,-4,-3,-56,-42,8,16,10,100
154,FE,F7,06,FA,00,04,0A,03,0024,-2,-9,6,-6,0,4,10,3,36,42,8,16,10,100
155,F7,F7,FC,F8,08,09,06,08,FFE4,-9,-9,-4,-8,8,9,6,8,-28,-269,8,16,10,100
156,04,06,F6,FB,05,F7,F8,08,0034,4,6,-10,-5,5,-9,-8,8,52,58,8,16,10,100
157,F8,FC,F7,02,F9,FE,00,F9,FFEE,-8,-4,-9,2,-7,-2,0,-7,-18,32,8,16,10,100
158,F7,FC,F7,F9,06,02,03,FB,FFA1,-9,-4,-9,-7,6,2,3,-5,-95,-149,8,16,10,100
159,08,F7,08,07,05,0A,F6,04,FFEC,8,-9,8,7,5,10,-10,4,-20,-122,8,16,10,100
160,09,00,08,FB,0A,F7,05,FF,0003,9,0,8,-5,10,-9,5,-1,3,138,8,16,10,100
161,F7,04,F9,06,06,06,08,FE,FFD4,-9,4,-7,6,6,6,8,-2,-44,-142,8,16,10,100
162,01,F8,FA,02,FA,F8,0A,05,FFF6,1,-8,-6,2,-6,-8,10,5,-10,-2,8,16,10,100
163,01,04,09,05,FF,01,FA,F8,FFD9,1,4,9,5,-1,1,-6,-8,-39,-130,8,16,10,100
164,FB,FE,01,F7,FA,FD,FE,07,004E,-5,-2,1,-9,-6,-3,-2,7,78,49,8,16,10,100
165,03,FA,05,01,F8,07,07,09,004A,3,-6,5,1,-8,7,7,9,74,52,8,16,10,100
166,F6,F6,F9,03,FE,0A,F6,03,0051,-10,-10,-7,3,-2,10,-10,3,81,80,8,16,10,100
167,FE,F7,08,0A,0A,FA,08,09,0058,-2,-9,8,10,10,-6,8,9,88,276,8,16,10,100
168,F9,08,08,0A,02,06,00,F8,FF9E,-7,8,8,10,2,6,0,-8,-98,-144,8,16,10,100
169,FF,F7,FC,FC,FF,FD,0A,04,FF9D,-1,-9,-4,-4,-1,-3,10,4,-99,-127,8,16,10,100
170,07,03,FA,07,FB,01,08,F6,005F,7,3,-6,7,-5,1,8,-10,95,-55,8,16,10,100
171,FD,09,03,FA,FC,FD,0A,FD,002B,-3,9,3,-6,-4,-3,10,-3,43,76,8,16,10,100
172,09,F7,03,0A,FD,02,FA,FC,FFAD,9,-9,3,10,-3,2,-6,-4,-83,-186,8,16,10,100
173,F8,02,08,FF,01,FB,FC,08,FFD3,-8,2,8,-1,1,-5,-4,8,-45,-103,8,16,10,100
174,04,04,FF,05,01,05,F7,00,0026,4,4,-1,5,1,5,-9,0,38,71,8,16,10,100
175,FE,FB,FE,FD,01,05,FC,04,FFB6,-2,-5,-2,-3,1,5,-4,4,-74,-105,8,16,10,100
176,FA,00,FB,FD,0A,FC,03,F7,FFE4,-6,0,-5,-3,10,-4,3,-9,-28,-76,8,16,10,100
177,F7,FA,01,FB,02,FF,05,F9,FFE7,-9,-6,1,-5,2,-1,5,-7,-25,3,8,16,10,100
178,03,06,03,FC,04,06,FE,05,004C,3,6,3,-4,4,6,-2,5,76,98,8,16,10,100
179,F6,08,F7,F7,F8,01,FB,F8,005E,-10,8,-9,-9,-8,1,-5,-8,94,299,8,16,10,100
180,00,F9,02,09,FA,F6,F9,FB,005D,0,-7,2,9,-6,-10,-7,-5,93,104,8,16,10,100
181,FB,04,07,FB,FA,FE,00,FA,005E,-5,4,7,-5,-6,-2,0,-6,94,146,8,16,10,100
182,F6,F6,01,07,FD,03,FF,02,FFCB,-10,-10,1,7,-3,3,-1,2,-53,-40,8,16,10,100
183,06,FC,09,F7,04,00,09,0A,0030,6,-4,9,-9,4,0,9,10,48,63,8,16,10,100
184,FA,04,02,FF,FA,FA,03,09,FFED,-6,4,2,-1,-6,-6,3,9,-19,-10,8,16,10,100
185,05,FE,F8,FE,06,FD,00,F7,FF9E,5,-2,-8,-2,6,-3,0,-9,-98,-44,8,16,10,100
186,F8,04,00,FC,F7,F9,FC,05,0029,-8,4,0,-4,-9,-7,-4,5,41,65,8,16,10,100
187,08,02,05,F8,01,06,F8,FD,FFE0,8,2,5,-8,1,6,-8,-3,-32,-28,8,16,10,100
188,FC,04,05,FA,01,FE,07,08,0005,-4,4,5,-6,1,-2,7,8,5,-20,8,16,10,100
189,F7,FF,08,F9,FE,F9,04,05,FFDB,-9,-1,8,-7,-2,-7,4,5,-37,-15,8,16,10,100
190,06,09,FC,FE,F8,FE,F8,FF,FFCE,6,9,-4,-2,-8,-2,-8,-1,-50,-82,8,16,10,100
191,00,F7,FF,07,F8,FF,FE,05,FFED,0,-9,-1,7,-8,-1,-2,5,-19,27,8,16,10,100
192,F6,05,06,F8,F6,FE,04,F6,0024,-10,5,6,-8,-10,-2,4,-10,36,230,8,16,10,100
193,F7,F9,04,03,00,FD,02,FD,0006,-9,-7,4,3,0,-3,2,-3,6,26,8,16,10,100
194,FE,08,FD,05,06,FE,F8,06,0047,-2,8,-3,5,6,-2,-8,6,71,97,8,16,10,100
195,04,F8,F6,01,03,FA,0A,0A,FFBB,4,-8,-10,1,3,-6,10,10,-69,-99,8,16,10,100
196,09,F8,FE,06,FA,F9,FF,04,FFAC,9,-8,-2,6,-6,-7,-1,4,-84,-56,8,16,10,100
197,07,05,02,0A,04,05,08,06,FFA5,7,5,2,10,4,5,8,6,-91,38,8,16,10,100
198,02,FA,F9,08,FF,FC,06,F9,FFD7,2,-6,-7,8,-1,-4,6,-7,-41,-117,8,16,10,100
199,01,03,04,F9,05,05,F9,07,005F,1,3,4,-7,5,5,-7,7,95,38,8,16,10,100
200,03,F9,03,FD,F7,05,FD,08,002C,3,-7,3,-3,-9,5,-3,8,44,-51,8,16,10,100
201,08,FC,05,F9,00,04,F8,F6,0054,8,-4,5,-7,0,4,-8,-10,84,98,8,16,10,100
202,F6,03,09,00,FF,07,09,F7,FFE8,-10,3,9,0,-1,7,9,-9,-24,88,8,16,10,100
203,FA,00,FF,09,FF,FA,FA,F7,002C,-6,0,-1,9,-1,-6,-6,-9,44,-25,8,16,10,100
204,FE,03,05,F8,00,FA,00,06,000E,-2,3,5,-8,0,-6,0,6,14,-52,8,16,10,100
205,FD,FE,FA,F9,08,01,F7,07,001A,-3,-2,-6,-7,8,1,-9,7,26,5,8,16,10,100
206,F6,06,00,FD,F7,FE,F6,08,FFB9,-10,6,0,-3,-9,-2,-10,8,-71,-17,8,16,10,100
207,06,FB,06,08,07,F8,04,F7,FFAD,6,-5,6,8,7,-8,4,-9,-83,-49,8,16,10,100
208,FC,05,04,0A,01,FE,F7,05,FFAF,-4,5,4,10,1,-2,-9,5,-81,-81,8,16,10,100
209,07,FE,F6,F8,FF,03,00,FC,001A,7,-2,-10,-8,-1,3,0,-4,26,45,8,16,10,100
210,00,08,06,08,07,FC,FE,05,FFCC,0,8,6,8,7,-4,-2,5,-52,-56,8,16,10,100
211,01,08,FD,00,F6,FD,FF,07,FFE2,1,8,-3,0,-10,-3,-1,7,-30,-61,8,16,10,100
212,01,FF,07,00,06,05,FE,02,0053,1,-1,7,0,6,5,-2,2,83,70,8,16,10,100
213,00,09,F7,F6,09,07,04,00,000E,0,9,-9,-10,9,7,4,0,14,41,8,16,10,100
214,FE,FC,FD,07,FF,05,F9,FA,0002,-2,-4,-3,7,-1,5,-7,-6,2,-37,8,16,10,100
215,03,FD,FB,07,0A,04,FB,03,FFE9,3,-3,-5,7,10,4,-5,3,-23,41,8,16,10,100
216,06,F7,FD,F9,F7,04,00,00,004F,6,-9,-3,-7,-9,4,0,0,79,-11,8,16,10,100
217,02,F7,00,0A,0A,02,02,FA,FFEC,2,-9,0,10,10,2,2,-6,-20,-78,8,16,10,100
218,F8,FC,0A,FF,03,01,FA,FC,FFD0,-8,-4,10,-1,3,1,-6,-4,-48,-132,8,16,10,100
219,04,FE,09,F6,FF,F8,05,F8,0024,4,-2,9,-10,-1,-8,5,-8,36,173,8,16,10,100
220,02,F9,FF,F9,F7,04,F9,02,004D,2,-7,-1,-7,-9,4,-7,2,77,24,8,16,10,100
221,06,F8,09,F6,01,08,02,04,003D,6,-8,9,-10,1,8,2,4,61,-19,8,16,10,100
222,02,FD,08,FA,0A,FA,00,05,004B,2,-3,8,-6,10,-6,0,5,75,83,8,16,10,100
223,0A,FF,FC,08,F7,F8,FA,05,FFA5,10,-1,-4,8,-9,-8,-6,5,-91,-109,8,16,10,100
224,F6,FA,01,09,00,09,07,F8,FF9E,-10,-6,1,9,0,9,7,-8,-98,-217,8,16,10,100
225,FA,FB,FF,08,F9,01,F8,FF,FFB5,-6,-5,-1,8,-7,1,-8,-1,-75,-38,8,16,10,100
226,FE,F7,F6,F9,FF,02,0A,03,FFA3,-2,-9,-10,-7,-1,2,10,3,-93,-230,8,16,10,100
227,F9,F6,F7,04,FF,FF,FE,FB,FFD6,-7,-10,-9,4,-1,-1,-2,-5,-42,-27,8,16,10,100
228,FF,07,08,04,FE,FC,F7,00,FFE9,-1,7,8,4,-2,-4,-9,0,-23,-121,8,16,10,100
229,FC,08,F8,09,04,F8,06,06,FFF0,-4,8,-8,9,4,-8,6,6,-16,-90,8,16,10,100
230,02,F7,02,05,00,00,FA,09,FFF5,2,-9,2,5,0,0,-6,9,-11,22,8,16,10,100
231,01,00,F6,FA,04,FA,06,07,FFB6,1,0,-10,-6,4,-6,6,7,-74,-172,8,16,10,100
232,04,FB,FF,FB,0A,03,F9,02,0031,4,-5,-1,-5,10,3,-7,2,49,71,8,16,10,100
233,F8,07,FB,08,05,FE,01,F8,FFE4,-8,7,-5,8,5,-2,1,-8,-28,-151,8,16,10,100
234,05,FC,F6,07,02,F8,F8,F8,002F,5,-4,-10,7,2,-8,-8,-8,47,113,8,16,10,100
235,04,FF,05,F9,FB,00,0A,03,FFF6,4,-1,5,-7,-5,0,10,3,-10,-1,8,16,10,100
236,09,07,04,04,04,F7,FB,00,FFBF,9,7,4,4,4,-9,-5,0,-65,-112,8,16,10,100
237,F7,09,F9,F6,FD,F8,FF,FD,FFA0,-9,9,-7,-10,-3,-8,-1,-3,-96,-104,8,16,10,100
238,FC,F8,FC,FD,FB,08,06,04,0063,-4,-8,-4,-3,-5,8,6,4,99,19,8,16,10,100
239,09,F9,08,F8,06,09,05,05,0041,9,-7,8,-8,6,9,5,5,65,56,8,16,10,100
240,0A,FF,03,F7,08,FA,0A,06,005B,10,-1,3,-9,8,-6,10,6,91,153,8,16,10,100
241,FC,09,04,FA,04,05,FB,FB,FFCF,-4,9,4,-6,4,5,-5,-5,-49,-10,8,16,10,100
242,FF,FE,F9,01,F9,F7,00,04,0040,-1,-2,-7,1,-7,-9,0,4,64,93,8,16,10,100
243,FF,F6,FF,FE,F8,0A,FF,08,0053,-1,-10,-1,-2,-8,10,-1,8,83,-24,8,16,10,100
244,00,FB,F7,04,01,06,FC,02,0020,0,-5,-9,4,1,6,-4,2,32,46,8,16,10,100
245,FD,02,05,F7,F9,07,FE,01,FFD2,-3,2,5,-9,-7,7,-2,1,-46,-30,8,16,10,100
246,F6,FE,09,06,07,F7,09,06,0018,-10,-2,9,6,7,-9,9,6,24,89,8,16,10,100
247,06,FF,03,F8,09,FC,01,FD,0000,6,-1,3,-8,9,-4,1,-3,0,85,8,16,10,100
248,08,FA,FB,FA,FB,F8,F8,F7,0013,8,-6,-5,-6,-5,-8,-8,-9,19,121,8,16,10,100
249,F9,F8,FE,F7,F7,F7,05,FC,0015,-7,-8,-2,-9,-9,-9,5,-4,21,182,8,16,10,100
250,F8,FD,06,FB,0A,0A,05,FB,0015,-8,-3,6,-5,10,10,5,-5,21,-34,8,16,10,100
251,04,06,FE,00,0A,00,FF,FB,FFDE,4,6,-2,0,10,0,-1,-5,-34,8,8,16,10,100
252,02,FB,F8,F9,09,09,08,04,000B,2,-5,-8,-7,9,9,8,4,11,-108,8,16,10,100
253,FD,05,06,04,03,00,06,02,001D,-3,5,6,4,3,0,6,2,29,64,8,16,10,100
254,F6,F9,06,04,06,0A,F7,FA,FFFA,-10,-7,6,4,6,10,-9,-6,-6,-214,8,16,10,100
255,05,0A,F7,03,F6,08,FD,FA,002A,5,10,-9,3,-10,8,-3,-6,42,81,8,16,10,100
256,0A,FA,08,F9,FC,02,FE,FA,FFA6,10,-6,8,-7,-4,2,-2,-6,-90,-116,8,16,10,100
257,05,03,09,08,03,01,FA,02,0014,5,3,9,8,3,1,-6,2,20,0,8,16,10,100
258,FC,07,07,FC,06,FD,03,0A,FFFB,-4,7,7,-4,6,-3,3,10,-5,-69,8,16,10,100
259,06,FD,08,F8,F9,FC,F9,F7,FFAA,6,-3,8,-8,-7,-4,-7,-9,-86,-100,8,16,10,100
260,00,07,05,06,00,FB,FA,FA,0049,0,7,5,6,0,-5,-6,-6,73,-28,8,16,10,100
261,05,FA,F7,06,F8,FB,FF,FF,FFB6,5,-6,-9,6,-8,-5,-1,-1,-74,-81,8,16,10,100
262,07,03,F8,08,08,FC,07,F8,FFA0,7,3,-8,8,8,-4,7,-8,-96,-172,8,16,10,100
263,09,00,F6,FD,FB,06,03,0A,001A,9,0,-10,-3,-5,6,3,10,26,-79,8,16,10,100
264,F8,09,01,08,02,05,09,08,000D,-8,9,1,8,2,5,9,8,13,115,8,16,10,100
265,FF,F9,05,FD,05,06,01,F6,FFAB,-1,-7,5,-3,5,6,1,-10,-85,-97,8,16,10,100
266,F8,0A,F7,F6,04,F6,FC,04,0008,-8,10,-9,-10,4,-10,-4,4,8,-128,8,16,10,100
267,FE,09,F7,07,08,FB,07,03,FFD2,-2,9,-9,7,8,-5,7,3,-46,-149,8,16,10,100
268,F8,FE,FD,F6,05,08,01,F9,0015,-8,-2,-3,-10,5,8,1,-7,21,32,8,16,10,100
269,04,05,08,FA,FD,08,FE,0A,0039,4,5,8,-6,-3,8,-2,10,57,9,8,16,10,100
270,02,07,04,00,F8,06,09,03,FFA9,2,7,4,0,-8,6,9,3,-87,-25,8,16,10,100
271,F7,04,00,03,FF,FC,FE,F9,0018,-9,4,0,3,-1,-4,-2,-7,24,-4,8,16,10,100
272,09,FE,FF,09,FE,0A,F6,0A,FFBF,9,-2,-1,9,-2,10,-10,10,-65,-3,8,16,10,100
273,F8,01,FA,05,FE,08,08,F7,0040,-8,1,-6,5,-2,8,8,-9,64,-5,8,16,10,100
274,08,FF,F7,01,F6,00,FD,F6,0020,8,-1,-9,1,-10,0,-3,-10,32,-31,8,16,10,100
275,04,F6,06,00,09,08,F8,FB,FFDB,4,-10,6,0,9,8,-8,-5,-37,-129,8,16,10,100
276,08,FF,FB,07,01,F9,FA,04,0004,8,-1,-5,7,1,-7,-6,4,4,77,8,16,10,100
277,06,FA,F6,FE,FE,00,F9,01,FFBD,6,-6,-10,-2,-2,0,-7,1,-67,-11,8,16,10,100
278,0A,FD,02,FE,04,FF,F8,F6,005C,10,-3,2,-2,4,-1,-8,-10,92,139,8,16,10,100
279,01,00,06,04,FD,FF,FD,01,000A,1,0,6,4,-3,-1,-3,1,10,-7,8,16,10,100
280,07,00,03,03,06,FC,F9,01,003E,7,0,3,3,6,-4,-7,1,62,86,8,16,10,100
281,05,F9,04,F8,FB,01,08,FF,0054,5,-7,4,-8,-5,1,8,-1,84,92,8,16,10,100
282,FA,03,FF,FA,F7,FE,FF,02,0006,-6,3,-1,-6,-9,-2,-1,2,6,43,8,16,10,100
283,F9,F6,FE,0A,F6,04,FF,08,0058,-7,-10,-2,10,-10,4,-1,8,88,200,8,16,10,100
284,04,02,FD,F9,FF,FB,F6,0A,002B,4,2,-3,-7,-1,-5,-10,10,43,-11,8,16,10,100
285,F8,FE,FF,00,09,F8,03,FD,FFB3,-8,-2,-1,0,9,-8,3,-3,-77,-136,8,16,10,100
286,FC,F8,07,FB,04,03,FB,FF,002C,-4,-8,7,-5,4,3,-5,-1,44,-26,8,16,10,100
287,05,02,F9,FB,FE,FC,F9,01,FFC8,5,2,-7,-5,-2,-4,-7,1,-56,-30,8,16,10,100
288,FD,07,07,F9,FF,F9,05,FF,FFAB,-3,7,7,-7,-1,-7,5,-1,-85,-89,8,16,10,100
289,05,FF,03,F6,F9,07,07,04,0007,5,-1,3,-10,-7,7,7,4,7,-54,8,16,10,100
290,F6,09,0A,F9,FF,02,03,FB,FFB4,-10,9,10,-7,-1,2,3,-5,-76,17,8,16,10,100
291,01,F7,07,02,09,00,FB,F6,FFF6,1,-9,7,2,9,0,-5,-10,-10,-56,8,16,10,100
292,FC,FA,04,01,FB,00,F7,F9,0060,-4,-6,4,1,-5,0,-9,-7,96,73,8,16,10,100
293,FE,F9,F7,F6,F8,07,08,F6,0013,-2,-7,-9,-10,-8,7,8,-10,19,14,8,16,10,100
294,FA,0A,FB,08,09,04,FA,01,0026,-6,10,-5,8,9,4,-6,1,38,62,8,16,10,100
295,06,01,02,09,04,06,F6,02,FFB4,6,1,2,9,4,6,-10,2,-76,-48,8,16,10,100
296,06,08,02,FF,02,F9,09,02,FFAD,6,8,2,-1,2,-7,9,2,-83,-111,8,16,10,100
297,00,0A,FF,FF,08,FA,04,09,FF9E,0,10,-1,-1,8,-6,4,9,-98,-171,8,16,10,100
298,F8,FC,F8,FD,FE,0A,00,03,0038,-8,-4,-8,-3,-2,10,0,3,56,23,8,16,10,100
299,F9,FD,04,F6,FB,03,FB,0A,FFB5,-7,-3,4,-10,-5,3,-5,10,-75,-169,8,16,10,100
300,09,05,FC,05,01,03,FB,FD,FFA6,9,5,-4,5,1,3,-5,-3,-90,-61,8,16,10,100
301,03,FD,FB,F7,F8,02,F6,0A,0039,3,-3,-5,-9,-8,2,-10,10,57,-13,8,16,10,100
302,0A,01,FF,08,FE,06,FF,F7,FFE7,10,1,-1,8,-2,6,-1,-9,-25,-110,8,16,10,100
303,09,FF,FA,FE,F9,00,FF,07,003A,9,-1,-6,-2,-7,0,-1,7,58,-13,8,16,10,100
304,0A,09,07,FC,FE,FB,02,07,0058,10,9,7,-4,-2,-5,2,7,88,9,8,16,10,100
305,07,00,08,FD,F8,05,FA,F9,003D,7,0,8,-3,-8,5,-6,-7,61,-22,8,16,10,100
306,FB,09,FC,00,FA,01,FC,F9,FFB2,-5,9,-4,0,-6,1,-4,-7,-78,-23,8,16,10,100
307,06,F6,FC,08,02,0A,07,04,0030,6,-10,-4,8,2,10,7,4,48,-36,8,16,10,100
308,02,09,08,FC,F7,07,F6,07,0048,2,9,8,-4,-9,7,-10,7,72,9,8,16,10,100
309,FC,F8,FB,04,03,FA,02,FF,FFF0,-4,-8,-5,4,3,-6,2,-1,-16,6,8,16,10,100
310,04,00,FE,F8,09,05,FF,FB,0063,4,0,-2,-8,9,5,-1,-5,99,177,8,16,10,100
311,FE,05,06,08,02,F7,00,02,FF9E,-2,5,6,8,2,-9,0,2,-98,-131,8,16,10,100
312,FD,03,03,02,08,FB,F7,FC,FFF2,-3,3,3,2,8,-5,-9,-4,-14,-88,8,16,10,100
313,00,FE,F9,07,FF,09,01,07,FFF5,0,-2,-7,7,-1,9,1,7,-11,13,8,16,10,100
314,04,06,FD,FB,FD,FB,00,F7,FFEF,4,6,-3,-5,-3,-5,0,-9,-17,-14,8,16,10,100
315,01,09,F8,F7,F6,FA,FF,0A,0037,1,9,-8,-9,-10,-6,-1,10,55,-91,8,16,10,100
316,01,FE,03,FB,09,09,FF,0A,0043,1,-2,3,-5,9,9,-1,10,67,5,8,16,10,100
317,F7,04,08,08,FE,F6,F8,00,FFD0,-9,4,8,8,-2,-10,-8,0,-48,-134,8,16,10,100
318,09,04,08,F9,FB,07,00,02,0040,9,4,8,-7,-5,7,0,2,64,33,8,16,10,100
319,F9,F6,F6,FD,06,FC,01,00,FFDE,-7,-10,-10,-3,6,-4,1,0,-34,-46,8,16,10,100
320,09,F7,06,09,0A,FA,04,04,FFCB,9,-9,6,9,10,-6,4,4,-53,151,8,16,10,100
321,FB,08,07,01,02,FF,03,F7,0045,-5,8,7,1,2,-1,3,-9,69,63,8,16,10,100
322,FE,01,0A,FA,03,06,FB,06,0016,-2,1,10,-6,3,6,-5,6,22,-64,8,16,10,100
323,F8,F7,F8,FB,03,F8,00,F9,FFCF,-8,-9,-8,-5,3,-8,0,-7,-49,34,8,16,10,100
324,F7,F9,01,09,F6,08,FD,09,FFAA,-9,-7,1,9,-10,8,-3,9,-86,26,8,16,10,100
325,08,07,FD,06,FF,F8,06,07,FFF5,8,7,-3,6,-1,-8,6,7,-11,-51,8,16,10,100
326,02,F9,FE,07,03,FE,03,00,FFD6,2,-7,-2,7,3,-2,3,0,-42,-28,8,16,10,100
327,08,FA,01,02,FE,07,0A,FE,FF9C,8,-6,1,2,-2,7,10,-2,-100,-152,8,16,10,100
328,04,FD,F8,FB,FC,08,05,F7,0053,4,-3,-8,-5,-4,8,5,-9,83,48,8,16,10,100
329,FB,02,FA,0A,06,FA,FA,FB,003A,-5,2,-6,10,6,-6,-6,-5,58,2,8,16,10,100
330,F6,F6,05,0A,01,0A,09,05,FFF0,-10,-10,5,10,1,10,9,5,-16,-31,8,16,10,100
331,FB,08,FD,05,F6,FE,F7,02,FFA7,-5,8,-3,5,-10,-2,-9,2,-89,-18,8,16,10,100
332,00,08,01,F9,0A,FE,08,F8,0041,0,8,1,-7,10,-2,8,-8,65,113,8,16,10,100
333,FD,06,FA,F8,FD,FC,F6,FF,FFAB,-3,6,-6,-8,-3,-4,-10,-1,-85,-32,8,16,10,100
334,F7,00,FC,FA,FC,02,FD,05,0010,-9,0,-4,-6,-4,2,-3,5,16,34,8,16,10,100
335,FB,03,05,00,FE,F8,FA,FC,FFC1,-5,3,5,0,-2,-8,-6,-4,-63,-107,8,16,10,100
336,FE,04,00,F7,FE,07,F8,FD,0036,-2,4,0,-9,-2,7,-8,-3,54,113,8,16,10,100
337,0A,FE,06,00,01,0A,F8,06,0049,10,-2,6,0,1,10,-8,6,73,15,8,16,10,100
338,02,0A,FB,F9,01,00,FC,F6,0011,2,10,-5,-7,1,0,-4,-10,17,109,8,16,10,100
339,F7,F6,05,01,04,FF,07,FA,0056,-9,-10,5,1,4,-1,7,-6,86,89,8,16,10,100
340,FF,FF,F8,06,FA,FC,01,06,0039,-1,-1,-8,6,-6,-4,1,6,57,95,8,16,10,100
341,05,FA,F7,08,FF,03,07,FD,FFF5,5,-6,-9,8,-1,3,7,-3,-11,-121,8,16,10,100
342,FD,08,03,FE,FC,F6,FC,FE,FFFD,-3,8,3,-2,-4,-10,-4,-2,-3,-79,8,16,10,100
343,FF,02,03,02,FD,FF,07,02,0032,-1,2,3,2,-3,-1,7,2,50,76,8,16,10,100
344,07,03,FB,FE,FC,F8,FE,0A,004D,7,3,-5,-2,-4,-8,-2,10,77,15,8,16,10,100
345,06,FA,FD,05,FB,00,0A,FF,FFA3,6,-6,-3,5,-5,0,10,-1,-93,-158,8,16,10,100
346,FF,08,FD,02,09,FE,02,F8,FFA1,-1,8,-3,2,9,-2,2,-8,-95,-142,8,16,10,100
347,FD,F7,03,03,00,FA,F9,F6,FF9E,-3,-9,3,3,0,-6,-7,-10,-98,-95,8,16,10,100
348,FB,FF,FB,05,FF,00,0A,FA,005D,-5,-1,-5,5,-1,0,10,-6,93,18,8,16,10,100
349,01,0A,05,F8,08,08,F6,FE,FFAE,1,10,5,-8,8,8,-10,-2,-82,-28,8,16,10,100
350,0A,F8,FC,FA,F7,02,06,F9,0046,10,-8,-4,-6,-9,2,6,-7,70,-18,8,16,10,100
351,04,FB,00,F7,FC,0A,0A,00,FFDD,4,-5,0,-9,-4,10,10,0,-35,-101,8,16,10,100
352,FE,07,01,07,09,00,00,05,FFDA,-2,7,1,7,9,0,0,5,-38,-21,8,16,10,100
353,FB,0A,04,F7,09,F7,08,FD,0013,-5,10,4,-9,9,-9,8,-3,19,-57,8,16,10,100
354,07,02,03,05,FA,03,04,07,0029,7,2,3,5,-6,3,4,7,41,52,8,16,10,100
355,FA,08,00,09,FF,06,07,F6,005F,-6,8,0,9,-1,6,7,-10,95,59,8,16,10,100
356,FA,04,FF,FD,00,FC,04,01,FFC5,-6,4,-1,-3,0,-4,4,1,-59,-82,8,16,10,100
357,0A,FA,FB,FF,FB,FC,FC,07,001D,10,-6,-5,-1,-5,-4,-4,7,29,16,8,16,10,100
358,FF,F6,08,FB,09,FE,F9,F9,FFDF,-1,-10,8,-5,9,-2,-7,-7,-33,-43,8,16,10,100
359,09,07,05,FE,0A,02,FA,0A,001F,9,7,5,-2,10,2,-6,10,31,85,8,16,10,100
360,FF,04,FB,09,FD,05,03,05,FFA7,-1,4,-5,9,-3,5,3,5,-89,-36,8,16,10,100
361,07,F9,07,07,F7,01,05,03,FFF3,7,-7,7,7,-9,1,5,3,-13,-27,8,16,10,100
362,0A,06,04,FE,08,03,F8,FA,003C,10,6,4,-2,8,3,-8,-6,60,138,8,16,10,100
363,FE,05,F7,F6,08,FC,FE,F8,0018,-2,5,-9,-10,8,-4,-2,-8,24,86,8,16,10,100
364,00,F7,02,FC,F8,0A,00,03,001B,0,-9,2,-4,-8,10,0,3,27,-75,8,16,10,100
365,FC,F9,F6,FA,05,06,0A,F9,FFCA,-4,-7,-10,-6,5,6,10,-7,-54,-174,8,16,10,100
366,06,06,09,FB,02,F6,06,FA,FFAE,6,6,9,-5,2,-10,6,-6,-82,-46,8,16,10,100
367,07,0A,07,0A,05,04,09,04,004F,7,10,7,10,5,4,9,4,79,257,8,16,10,100
368,04,01,F9,FD,06,02,F7,F7,001F,4,1,-7,-3,6,2,-9,-9,31,147,8,16,10,100
369,FB,05,01,FD,00,08,FB,FA,FFF7,-5,5,1,-3,0,8,-5,-6,-9,44,8,16,10,100
370,02,09,0A,0A,03,FA,00,06,0022,2,9,10,10,3,-6,0,6,34,46,8,16,10,100
371,F9,01,00,01,0A,FA,08,0A,FFD9,-7,1,0,1,10,-6,8,10,-39,-105,8,16,10,100
372,07,04,FD,FC,08,FE,05,0A,FFF1,7,4,-3,-4,8,-2,5,10,-15,-22,8,16,10,100
373,F8,04,F7,F9,FD,F8,F9,F6,FFB1,-8,4,-9,-7,-3,-8,-7,-10,-79,46,8,16,10,100
374,FC,FF,FC,F8,F7,F9,F7,FA,004A,-4,-1,-4,-8,-9,-7,-9,-6,74,201,8,16,10,100
375,03,FE,07,03,04,FE,00,01,0036,3,-2,7,3,4,-2,0,1,54,73,8,16,10,100
376,0A,F9,0A,FA,07,FD,FD,02,0053,10,-7,10,-6,7,-3,-3,2,83,132,8,16,10,100
377,F6,FE,08,02,FA,FD,07,02,FFE2,-10,-2,8,2,-6,-3,7,2,-30,96,8,16,10,100
378,08,FB,0A,F8,09,00,F6,07,FFF2,8,-5,10,-8,9,0,-10,7,-14,-98,8,16,10,100
379,07,F6,FB,FC,08,F8,F6,09,0015,7,-10,-5,-4,8,-8,-10,9,21,171,8,16,10,100
380,FE,FC,FD,00,F8,0A,FC,03,FFE0,-2,-4,-3,0,-8,10,-4,3,-32,-44,8,16,10,100
381,FF,FD,00,F6,02,04,01,FB,FFED,-1,-3,0,-10,2,4,1,-5,-19,17,8,16,10,100
382,03,F8,07,FF,07,06,0A,FA,FFF6,3,-8,7,-1,7,6,10,-6,-10,39,8,16,10,100
383,FB,00,FE,03,FC,FA,07,08,FFEB,-5,0,-2,3,-4,-6,7,8,-21,9,8,16,10,100
384,02,08,F9,FF,F7,01,0A,FB,FFC2,2,8,-7,-1,-9,1,10,-5,-62,-137,8,16,10,100
385,FD,FF,07,07,F9,F9,03,F9,000F,-3,-1,7,7,-7,-7,3,-7,15,15,8,16,10,100
386,02,02,03,F8,03,05,FD,07,FFDC,2,2,3,-8,3,5,-3,7,-36,-85,8,16,10,100
387,F6,FA,00,FD,01,04,FB,F6,005A,-10,-6,0,-3,1,4,-5,-10,90,86,8,16,10,100
388,06,FA,04,FB,04,01,09,05,FFDD,6,-6,4,-5,4,1,9,5,-35,-6,8,16,10,100
389,F6,03,0A,09,FA,FD,05,03,FFF9,-10,3,10,9,-6,-3,5,3,-7,121,8,16,10,100
390,02,02,F9,02,FB,F9,01,F7,FFA0,2,2,-7,2,-5,-7,1,-9,-96,-145,8,16,10,100
391,FB,07,00,FA,FC,F8,FE,00,000A,-5,7,0,-6,-4,-8,-2,0,10,-26,8,16,10,100
392,04,09,08,FE,01,FE,07,02,FFFF,4,9,8,-2,1,-2,7,2,-1,37,8,16,10,100
393,FB,F6,FC,FC,FC,05,0A,F7,FFAA,-5,-10,-4,-4,-4,5,10,-9,-86,-120,8,16,10,100
394,F9,FE,FF,FB,03,07,01,F6,FFE9,-7,-2,-1,-5,3,7,1,-10,-23,-9,8,16,10,100
395,03,FD,09,05,04,07,02,F6,FFC2,3,-3,9,5,4,7,2,-10,-62,-103,8,16,10,100
396,06,F8,FA,02,04,02,08,FF,FFA5,6,-8,-6,2,4,2,8,-1,-91,-133,8,16,10,100
397,F9,01,F9,F7,05,09,F6,09,0026,-7,1,-7,-9,5,9,-10,9,38,1,8,16,10,100
398,08,03,05,FC,05,01,04,03,0000,8,3,5,-4,5,1,4,3,0,51,8,16,10,100
399,FD,03,F6,FB,FC,01,FE,FF,0009,-3,3,-10,-5,-4,1,-2,-1,9,49,8,16,10,100
400,08,02,05,FD,F7,09,04,08,FFB1,8,2,5,-3,-9,9,4,8,-79,-137,8,16,10,100
401,F8,F9,09,FE,05,F8,FC,F9,0021,-8,-7,9,-2,5,-8,-4,-7,33,27,8,16,10,100
402,FC,F8,FF,00,05,F9,FC,0A,0061,-4,-8,-1,0,5,-7,-4,10,97,137,8,16,10,100
403,FF,0A,08,F7,FF,FD,FE,FE,0045,-1,10,8,-9,-1,-3,-2,-2,69,42,8,16,10,100
404,01,00,02,F6,01,F7,03,03,002A,1,0,2,-10,1,-9,3,3,42,19,8,16,10,100
405,F7,00,01,04,09,02,04,02,FFC6,-9,0,1,4,9,2,4,2,-58,-127,8,16,10,100
406,06,FE,FF,FB,F6,08,06,08,FFCE,6,-2,-1,-5,-10,8,6,8,-50,-172,8,16,10,100
407,01,FB,08,02,02,FF,00,FB,0002,1,-5,8,2,2,-1,0,-5,2,-1,8,16,10,100
408,01,02,00,06,04,05,FE,08,0060,1,2,0,6,4,5,-2,8,96,158,8,16,10,100
409,01,F9,07,FB,FC,08,08,08,0027,1,-7,7,-5,-4,8,8,8,39,-5,8,16,10,100
410,09,04,F6,FA,01,FE,FE,FB,FFAA,9,4,-10,-6,1,-2,-2,-5,-86,-35,8,16,10,100
411,FD,FD,F8,FE,F7,FF,06,05,004F,-3,-3,-8,-2,-9,-1,6,5,79,51,8,16,10,100
412,03,03,F8,08,F9,02,01,09,0025,3,3,-8,8,-7,2,1,9,37,86,8,16,10,100
413,07,FD,02,FC,FE,06,01,06,0053,7,-3,2,-4,-2,6,1,6,83,29,8,16,10,100
414,07,FC,00,FE,06,FB,02,09,002C,7,-4,0,-2,6,-5,2,9,44,88,8,16,10,100
415,01,00,FB,FB,FC,F8,08,07,0029,1,0,-5,-5,-4,-8,8,7,41,-38,8,16,10,100
416,08,0A,FD,07,04,03,F7,01,FFBE,8,10,-3,7,4,3,-9,1,-66,30,8,16,10,100
417,FE,03,03,08,00,08,FE,FF,0013,-2,3,3,8,0,8,-2,-1,19,29,8,16,10,100
418,FF,04,04,05,F6,09,F8,F6,0005,-1,4,4,5,-10,9,-8,-10,5,-31,8,16,10,100
419,FD,02,F7,05,04,07,08,01,FFFE,-3,2,-9,5,4,7,8,1,-2,-67,8,16,10,100
420,0A,05,FC,02,03,FB,02,FF,004B,10,5,-4,2,3,-5,2,-1,75,70,8,16,10,100
421,F9,0A,00,FF,F9,08,09,FB,FFA8,-7,10,0,-1,-7,8,9,-5,-88,46,8,16,10,100
422,05,00,FF,00,FC,05,F9,FF,FFF1,5,0,-1,0,-4,5,-7,-1,-15,-28,8,16,10,100
423,FC,FA,F7,01,08,FB,05,05,FFD0,-4,-6,-9,1,8,-5,5,5,-48,-90,8,16,10,100
424,05,06,08,06,01,F9,08,04,004E,5,6,8,6,1,-7,8,4,78,129,8,16,10,100
425,0A,03,F8,06,F9,08,08,F6,FFDD,10,3,-8,6,-7,8,8,-10,-35,-205,8,16,10,100
426,F6,FB,03,F6,06,F7,FC,04,FFD5,-10,-5,3,-10,6,-9,-4,4,-43,-110,8,16,10,100
427,F8,FA,06,09,F6,01,00,FA,0009,-8,-6,6,9,-10,1,0,-6,9,29,8,16,10,100
428,FF,FC,03,FE,07,F7,07,03,002C,-1,-4,3,-2,7,-9,7,3,44,88,8,16,10,100
429,01,04,01,04,06,FD,04,01,FFC5,1,4,1,4,6,-3,4,1,-59,-57,8,16,10,100
430,F6,F8,FB,06,04,0A,FB,F8,FFA6,-10,-8,-5,6,4,10,-5,-8,-90,-233,8,16,10,100
431,00,F6,FF,03,F8,08,FA,FC,005E,0,-10,-1,3,-8,8,-6,-4,94,8,8,16,10,100
432,F8,02,F7,08,05,F6,FB,FF,000C,-8,2,-9,8,5,-10,-5,-1,12,-11,8,16,10,100
433,FF,08,08,08,02,01,FF,02,FFF3,-1,8,8,8,2,1,-1,2,-13,1,8,16,10,100
434,FA,FE,FF,FC,F6,02,09,08,002D,-6,-2,-1,-4,-10,2,9,8,45,60,8,16,10,100
435,F8,F9,05,0A,08,FD,FC,07,FFA6,-8,-7,5,10,8,-3,-4,7,-90,-83,8,16,10,100
436,05,0A,0A,09,02,0A,06,F7,001A,5,10,10,9,2,10,6,-9,26,115,8,16,10,100
437,07,06,01,FD,01,04,06,05,FFE3,7,6,1,-3,1,4,6,5,-29,-7,8,16,10,100
438,FB,02,05,FE,FB,FA,F7,05,0016,-5,2,5,-2,-5,-6,-9,5,22,-20,8,16,10,100
439,07,0A,07,FD,FE,00,FB,FE,FFEB,7,10,7,-3,-2,0,-5,-2,-21,-64,8,16,10,100
440,00,09,FF,FA,F6,03,08,0A,0042,0,9,-1,-6,-10,3,8,10,66,25,8,16,10,100
441,06,06,FE,FE,00,FD,06,FE,FFB0,6,6,-2,-2,0,-3,6,-2,-80,-106,8,16,10,100
442,F7,FE,FD,FE,F7,02,0A,03,003B,-9,-2,-3,-2,-9,2,10,3,59,100,8,16,10,100
443,F8,00,00,06,07,F6,FE,08,FFB5,-8,0,0,6,7,-10,-2,8,-75,-83,8,16,10,100
444,FF,0A,FD,FE,FB,FC,08,0A,FFF4,-1,10,-3,-2,-5,-4,8,10,-12,-91,8,16,10,100
445,FB,07,01,04,F7,05,FF,03,005F,-5,7,1,4,-9,5,-1,3,95,186,8,16,10,100
446,08,FC,09,FF,FB,09,0A,01,FF9C,8,-4,9,-1,-5,9,10,1,-100,-87,8,16,10,100
447,03,02,FC,0A,05,0A,FB,F7,FFEA,3,2,-4,10,5,10,-5,-9,-22,-57,8,16,10,100
448,F7,02,FB,0A,FB,09,00,06,001C,-9,2,-5,10,-5,9,0,6,28,151,8,16,10,100
449,03,05,03,07,03,02,F9,00,0039,3,5,3,7,3,2,-7,0,57,55,8,16,10,100
450,FF,FB,FB,08,09,08,F7,FE,FFBF,-1,-5,-5,8,9,8,-9,-2,-65,-85,8,16,10,100
451,FB,FF,02,FC,04,03,FE,05,004A,-5,-1,2,-4,4,3,-2,5,74,27,8,16,10,100
452,06,08,02,F6,FE,07,FA,F7,0038,6,8,2,-10,-2,7,-6,-9,56,178,8,16,10,100
453,00,FA,FC,04,09,08,0A,07,FFEC,0,-6,-4,4,9,8,10,7,-20,-80,8,16,10,100
454,00,FA,FF,F8,FE,00,03,FB,FFC6,0,-6,-1,-8,-2,0,3,-5,-58,-21,8,16,10,100
455,06,F9,06,F6,FC,09,F6,00,000F,6,-7,6,-10,-4,9,-10,0,15,-132,8,16,10,100
456,F6,FD,FA,FF,06,FC,07,08,0009,-10,-3,-6,-1,6,-4,7,8,9,-89,8,16,10,100
457,FE,FF,03,FE,09,07,FD,F7,0019,-2,-1,3,-2,9,7,-3,-9,25,9,8,16,10,100
458,FB,FB,00,F7,FD,07,F8,F8,0045,-5,-5,0,-9,-3,7,-8,-8,69,121,8,16,10,100
459,FE,F8,F7,08,02,00,09,03,FFDD,-2,-8,-9,8,2,0,9,3,-35,-96,8,16,10,100
460,08,FC,FC,02,0A,FD,01,F8,0047,8,-4,-4,2,10,-3,1,-8,71,143,8,16,10,100
461,02,0A,03,F7,FD,FD,F9,05,004B,2,10,3,-9,-3,-3,-7,5,75,-27,8,16,10,100
462,F9,0A,05,00,F6,06,FA,03,0036,-7,10,5,0,-10,6,-6,3,54,154,8,16,10,100
463,FA,FA,03,FF,F9,F9,08,FB,FFD9,-6,-6,3,-1,-7,-7,8,-5,-39,74,8,16,10,100
464,FC,F9,FA,FE,FE,F9,00,05,FFC5,-4,-7,-6,-2,-2,-7,0,5,-59,-12,8,16,10,100
465,FB,FF,04,FD,07,FF,05,F9,002B,-5,-1,4,-3,7,-1,5,-7,43,50,8,16,10,100
466,FA,F9,08,F6,01,FB,F7,03,001A,-6,-7,8,-10,1,-5,-9,3,26,-47,8,16,10,100
467,FE,FE,09,03,02,F7,FD,01,FFD3,-2,-2,9,3,2,-9,-3,1,-45,-55,8,16,10,100
468,04,01,01,07,01,00,F8,04,0048,4,1,1,7,1,0,-8,4,72,96,8,16,10,100
469,FD,F7,02,00,09,FA,08,00,FFE7,-3,-9,2,0,9,-6,8,0,-25,18,8,16,10,100
470,08,02,00,00,04,05,06,F8,0033,8,2,0,0,4,5,6,-8,51,93,8,16,10,100
471,F7,07,FD,F7,FA,FB,FC,FA,0002,-9,7,-3,-9,-6,-5,-4,-6,2,87,8,16,10,100
472,FD,FB,00,07,00,05,07,FB,003F,-3,-5,0,7,0,5,7,-5,63,3,8,16,10,100
473,FB,FF,09,0A,FF,FC,05,07,0051,-5,-1,9,10,-1,-4,5,7,81,205,8,16,10,100
474,FC,F7,09,FE,0A,FC,F8,01,FFF7,-4,-9,9,-2,10,-4,-8,1,-9,-87,8,16,10,100
475,FD,05,F9,F6,FB,05,02,FD,0060,-3,5,-7,-10,-5,5,2,-3,96,152,8,16,10,100
476,F7,FF,00,FB,03,F7,FD,02,0011,-9,-1,0,-5,3,-9,-3,2,17,-11,8,16,10,100
477,F9,FC,0A,FC,06,09,08,FC,FFAD,-7,-4,10,-4,6,9,8,-4,-83,-65,8,16,10,100
478,03,FF,05,07,00,F8,F6,F9,001F,3,-1,5,7,0,-8,-10,-7,31,-60,8,16,10,100
479,0A,01,07,FA,F6,03,09,02,FFE0,10,1,7,-6,-10,3,9,2,-32,-78,8,16,10,100
480,F9,06,F6,07,04,FE,FD,F6,FFAD,-7,6,-10,7,4,-2,-3,-10,-83,-163,8,16,10,100
481,FE,05,04,F6,FC,FC,08,00,FFDB,-2,5,4,-10,-4,-4,8,0,-37,-17,8,16,10,100
482,05,02,FD,FD,02,06,F6,09,0017,5,2,-3,-3,2,6,-10,9,23,48,8,16,10,100
483,03,FA,F9,0A,00,FF,F6,05,FFA4,3,-6,-7,10,0,-1,-10,5,-92,34,8,16,10,100
484,FB,03,01,FE,09,FF,02,FD,FFBE,-5,3,1,-2,9,-1,2,-3,-66,-106,8,16,10,100
485,05,F6,05,03,08,06,FF,F6,004A,5,-10,5,3,8,6,-1,-10,74,19,8,16,10,100
486,FB,0A,00,FF,03,02,00,FB,FFAA,-5,10,0,-1,3,2,0,-5,-86,-76,8,16,10,100
487,01,02,00,FD,0A,04,02,05,FFF9,1,2,0,-3,10,4,2,5,-7,-4,8,16,10,100
488,F8,05,FE,0A,FC,FF,FA,04,0036,-8,5,-2,10,-4,-1,-6,4,54,133,8,16,10,100
489,08,03,01,01,FD,FF,F8,05,FFD1,8,3,1,1,-3,-1,-8,5,-47,-77,8,16,10,100
490,F6,FC,00,03,0A,FF,06,07,FFE0,-10,-4,0,3,10,-1,6,7,-32,-107,8,16,10,100
491,06,09,FE,F7,FB,06,03,03,0053,6,9,-2,-9,-5,6,3,3,83,74,8,16,10,100
492,01,FC,03,00,06,03,F8,FC,FFD0,1,-4,3,0,6,3,-8,-4,-48,-78,8,16,10,100
493,09,F8,F6,F9,09,05,07,03,FFBA,9,-8,-10,-7,9,5,7,3,-70,-120,8,16,10,100
494,03,00,F6,00,FE,F8,01,01,FFDB,3,0,-10,0,-2,-8,1,1,-37,-53,8,16,10,100
495,04,0A,06,07,FF,08,08,FE,FFD7,4,10,6,7,-1,8,8,-2,-41,69,8,16,10,100
496,FE,F8,09,01,00,00,08,F7,0021,-2,-8,9,1,0,0,8,-9,33,96,8,16,10,100
497,F7,F9,FF,08,0A,03,F6,06,FFF2,-9,-7,-1,8,10,3,-10,6,-14,-67,8,16,10,100
498,F6,F6,01,08,00,F6,FA,FB,003B,-10,-10,1,8,0,-10,-6,-5,59,113,8,16,10,100
499,05,FD,01,0A,FB,FF,09,05,0063,5,-3,1,10,-5,-1,9,5,99,136,8,16,10,100
500,F8,00,01,06,F9,FF,F6,02,0058,-8,0,1,6,-7,-1,-10,2,88,146,8,16,10,100
501,00,F7,01,00,05,06,FF,03,FFF6,0,-9,1,0,5,6,-1,3,-10,-65,8,16,10,100
502,FA,02,00,07,FF,02,FF,FA,FFA6,-6,2,0,7,-1,2,-1,-6,-90,-122,8,16,10,100
503,02,FC,06,FB,00,FF,07,F7,FFDE,2,-4,6,-5,0,-1,7,-9,-34,57,8,16,10,100
504,F7,FD,FD,00,FC,02,FA,F7,FFF1,-9,-3,-3,0,-4,2,-6,-9,-15,33,8,16,10,100
505,F6,08,FF,07,04,04,FB,00,0000,-10,8,-1,7,4,4,-5,0,0,-3,8,16,10,100
506,F9,F6,0A,07,04,FA,F8,FB,FFFC,-7,-10,10,7,4,-6,-8,-5,-4,-87,8,16,10,100
507,F8,FC,0A,FB,07,F8,FE,F7,FFF9,-8,-4,10,-5,7,-8,-2,-9,-7,-6,8,16,10,100
508,FA,05,0A,01,06,F7,FE,04,FFB8,-6,5,10,1,6,-9,-2,4,-72,-169,8,16,10,100
509,0A,FD,FF,07,06,08,F8,FB,003A,10,-3,-1,7,6,8,-8,-5,58,67,8,16,10,100
510,FF,09,F6,F7,00,02,03,F8,0036,-1,9,-10,-9,0,2,3,-8,54,114,8,16,10,100
511,0A,FB,F9,F7,03,F7,07,FB,0009,10,-5,-7,-9,3,-9,7,-5,9,80,8,16,10,100
512,01,07,F8,02,02,02,FB,F7,003E,1,7,-8,2,2,2,-5,-9,62,100,8,16,10,100
513,05,F9,06,F7,0A,FC,08,FD,FFF1,5,-7,6,-9,10,-4,8,-3,-15,138,8,16,10,100
514,04,04,FE,FB,02,F6,FF,08,FFDC,4,4,-2,-5,2,-10,-1,8,-36,-106,8,16,10,100
515,05,07,FD,F8,F8,06,F6,02,FFB8,5,7,-3,-8,-8,6,-10,2,-72,-56,8,16,10,100
516,F6,0A,05,FC,09,04,0A,05,FFBE,-10,10,5,-4,9,4,10,5,-66,-86,8,16,10,100
517,FF,06,FD,06,03,08,08,06,FFBD,-1,6,-3,6,3,8,8,6,-67,-10,8,16,10,100
518,01,0A,06,0A,03,06,07,01,FF9F,1,10,6,10,3,6,7,1,-97,18,8,16,10,100
519,03,08,F9,0A,FD,FA,FD,FA,FFE4,3,8,-7,10,-3,-6,-3,-6,-28,-124,8,16,10,100
520,F9,00,05,08,01,0A,03,F8,FFA0,-7,0,5,8,1,10,3,-8,-96,-152,8,16,10,100
521,02,FB,FA,06,F9,01,0A,05,003A,2,-5,-6,6,-7,1,10,5,58,9,8,16,10,100
522,04,09,06,06,09,08,05,FC,FFA2,4,9,6,6,9,8,5,-4,-94,20,8,16,10,100
523,FF,F9,06,08,F7,03,09,07,FFDE,-1,-7,6,8,-9,3,9,7,-34,64,8,16,10,100
524,01,FD,F8,00,07,08,03,09,005A,1,-3,-8,0,7,8,3,9,90,49,8,16,10,100
525,F6,FA,00,FD,05,FC,F9,03,002D,-10,-6,0,-3,5,-4,-7,3,45,10,8,16,10,100
526,02,FB,FF,FC,08,0A,FB,00,FFB9,2,-5,-1,-4,8,10,-5,0,-71,-100,8,16,10,100
527,06,05,FC,FA,0A,00,02,F8,FFE3,6,5,-4,-6,10,0,2,-8,-29,71,8,16,10,100
528,00,FB,FC,09,F8,FA,00,02,FFAD,0,-5,-4,9,-8,-6,0,2,-83,-35,8,16,10,100
529,FF,0A,FE,FD,01,FC,FB,07,0054,-1,10,-2,-3,1,-4,-5,7,84,32,8,16,10,100
530,08,00,FB,F8,03,02,F8,05,FFBE,8,0,-5,-8,3,2,-8,5,-66,-42,8,16,10,100
531,F6,07,FF,05,FB,FA,06,04,FFC1,-10,7,-1,5,-5,-6,6,4,-63,-41,8,16,10,100
532,07,05,05,0A,04,07,08,03,FFF1,7,5,5,10,4,7,8,3,-15,118,8,16,10,100
533,01,02,F7,FC,06,F6,07,FB,FF9C,1,2,-9,-4,6,-10,7,-5,-100,-157,8,16,10,100
534,04,F9,06,00,FE,F9,09,FB,FFBD,4,-7,6,0,-2,-7,9,-5,-67,28,8,16,10,100
535,F6,F6,00,06,09,07,F6,09,FFA4,-10,-10,0,6,9,7,-10,9,-92,-198,8,16,10,100
536,F7,05,F9,00,F8,FE,06,03,FFBE,-9,5,-7,0,-8,-2,6,3,-66,-46,8,16,10,100
537,03,FC,04,FB,00,F8,0A,FC,FFCE,3,-4,4,-5,0,-8,10,-4,-50,42,8,16,10,100
538,03,00,FD,04,08,01,03,0A,FFD1,3,0,-3,4,8,1,3,10,-47,8,8,16,10,100
539,08,04,08,00,01,01,06,01,0029,8,4,8,0,1,1,6,1,41,101,8,16,10,100
540,F7,05,04,05,F8,FB,03,F7,0018,-9,5,4,5,-8,-5,3,-9,24,38,8,16,10,100
541,FF,05,FD,F8,F8,01,06,02,FFEB,-1,5,-3,-8,-8,1,6,2,-21,-42,8,16,10,100
542,00,04,03,01,FD,FA,FB,0A,FFE7,0,4,3,1,-3,-6,-5,10,-25,-54,8,16,10,100
543,F9,09,08,09,FE,0A,FF,05,FF9F,-7,9,8,9,-2,10,-1,5,-97,44,8,16,10,100
544,04,0A,FE,08,05,F8,01,F9,FFEB,4,10,-2,8,5,-8,1,-7,-21,-139,8,16,10,100
545,FB,08,F8,FA,F9,F6,F9,05,0062,-5,8,-8,-6,-7,-10,-7,5,98,79,8,16,10,100
546,F9,04,FF,09,01,FD,F7,04,FF9D,-7,4,-1,9,1,-3,-9,4,-99,-73,8,16,10,100
547,08,F8,03,05,0A,01,FD,F6,FFD3,8,-8,3,5,10,1,-3,-10,-45,-32,8,16,10,100
548,FB,FD,00,FA,08,F7,08,F6,003F,-5,-3,0,-6,8,-9,8,-10,63,110,8,16,10,100
549,0A,F8,08,FB,F6,06,F9,FD,004C,10,-8,8,-5,-10,6,-7,-3,76,-113,8,16,10,100
550,FE,08,04,0A,FC,01,F9,00,FFD6,-2,8,4,10,-4,1,-7,0,-42,-54,8,16,10,100
551,01,09,F9,FC,F8,05,FA,04,0063,1,9,-7,-4,-8,5,-6,4,99,162,8,16,10,100
552,FB,03,F6,01,06,FE,04,F7,FFD9,-5,3,-10,1,6,-2,4,-9,-39,-124,8,16,10,100
553,00,0A,FB,07,F8,07,00,02,001A,0,10,-5,7,-8,7,0,2,26,110,8,16,10,100
554,04,FF,FB,F9,07,FA,01,FE,0030,4,-1,-5,-7,7,-6,1,-2,48,91,8,16,10,100
555,FD,02,08,0A,FE,FB,06,FF,FFF6,-3,2,8,10,-2,-5,6,-1,-10,24,8,16,10,100
556,F7,03,01,FD,FF,02,0A,05,005D,-9,3,1,-3,-1,2,10,5,93,103,8,16,10,100
557,F6,07,F7,F8,01,00,09,F8,0041,-10,7,-9,-8,1,0,9,-8,65,38,8,16,10,100
558,02,03,03,08,FE,03,FE,02,FF9F,2,3,3,8,-2,3,-2,2,-97,-82,8,16,10,100
559,FD,F8,0A,08,FF,04,01,FD,0010,-3,-8,10,8,-1,4,1,-3,16,-27,8,16,10,100
560,FD,01,07,FE,F9,00,03,FE,000D,-3,1,7,-2,-7,0,3,-2,13,59,8,16,10,100
561,F9,F6,08,04,F8,F7,09,FC,0013,-7,-10,8,4,-8,-9,9,-4,19,221,8,16,10,100
562,FF,08,FF,03,0A,02,FB,F8,FFC0,-1,8,-1,3,10,2,-5,-8,-64,-77,8,16,10,100
563,07,FA,01,F8,FB,05,06,FA,0045,7,-6,1,-8,-5,5,6,-6,69,58,8,16,10,100
564,07,FD,FE,FD,04,0A,FA,08,FFF6,7,-3,-2,-3,4,10,-6,8,-10,-24,8,16,10,100
565,FC,FD,0A,F7,03,F9,03,FF,FFF3,-4,-3,10,-9,3,-7,3,-1,-13,35,8,16,10,100
566,FC,FF,FB,06,FD,03,FA,F7,FFC2,-4,-1,-5,6,-3,3,-6,-9,-62,-77,8,16,10,100
567,F9,FF,F7,09,03,F7,00,FA,0031,-7,-1,-9,9,3,-9,0,-6,49,-17,8,16,10,100
568,FA,F7,03,0A,05,09,F9,04,0031,-6,-9,3,10,5,9,-7,4,49,-43,8,16,10,100
569,01,FC,0A,F8,FA,04,08,F7,005A,1,-4,10,-8,-6,4,8,-9,90,220,8,16,10,100
570,01,06,07,00,00,FF,FA,FF,001D,1,6,7,0,0,-1,-6,-1,29,-19,8,16,10,100
571,00,00,04,03,FC,F8,00,07,FFEE,0,0,4,3,-4,-8,0,7,-18,3,8,16,10,100
572,03,09,07,FB,07,09,F7,01,FFA1,3,9,7,-5,7,9,-9,1,-95,-61,8,16,10,100
573,00,FF,FB,F7,FC,08,F7,FA,FF9C,0,-1,-5,-9,-4,8,-9,-6,-100,-9,8,16,10,100
574,FE,FA,07,F6,03,04,F8,0A,0010,-2,-6,7,-10,3,4,-8,10,16,-170,8,16,10,100
575,02,06,07,02,FC,FC,F9,FD,0021,2,6,7,2,-4,-4,-7,-3,33,-54,8,16,10,100
576,01,F8,08,F9,02,0A,FC,F7,0021,1,-8,8,-7,2,10,-4,-9,33,-14,8,16,10,100
577,03,0A,F8,F9,02,F6,FA,FA,0003,3,10,-8,-7,2,-10,-6,-6,3,-1,8,16,10,100
578,06,06,04,05,09,F6,FD,F7,FFD1,6,6,4,5,9,-10,-3,-9,-47,-110,8,16,10,100
579,08,F6,07,FE,FE,0A,FB,04,004A,8,-10,7,-2,-2,10,-5,4,74,-85,8,16,10,100
580,F9,FF,01,FC,02,FC,F7,05,FFD0,-7,-1,1,-4,2,-4,-9,5,-48,-87,8,16,10,100
581,FC,08,F8,FC,05,02,01,FB,FFE2,-4,8,-8,-4,5,2,1,-5,-30,-22,8,16,10,100
582,FD,FE,F7,02,F9,02,07,07,FFFF,-3,-2,-9,2,-7,2,7,7,-1,-33,8,16,10,100
583,F8,FC,FA,06,FC,F6,FB,08,FFC2,-8,-4,-6,6,-4,-10,-5,8,-62,88,8,16,10,100
584,0A,FB,04,05,09,04,FD,01,0016,10,-5,4,5,9,4,-3,1,22,85,8,16,10,100
585,F8,FC,F8,06,0A,FF,07,0A,FFF0,-8,-4,-8,6,10,-1,7,10,-16,-88,8,16,10,100
586,F9,06,FC,FC,00,07,09,FD,FFDD,-7,6,-4,-4,0,7,9,-3,-35,-17,8,16,10,100
587,FB,08,09,FA,0A,08,FE,04,0007,-5,8,9,-6,10,8,-2,4,7,-21,8,16,10,100
588,02,07,04,FB,F8,09,FC,04,FFDA,2,7,4,-5,-8,9,-4,4,-38,-27,8,16,10,100
589,01,06,FA,08,FF,FA,FA,06,0006,1,6,-6,8,-1,-6,-6,6,6,53,8,16,10,100
590,03,05,F9,F8,FC,03,0A,00,0005,3,5,-7,-8,-4,3,10,0,5,-62,8,16,10,100
591,FF,FC,FF,FC,04,FC,FF,08,FFFF,-1,-4,-1,-4,4,-4,-1,8,-1,-20,8,16,10,100
592,F9,00,07,07,05,09,F9,07,FFD0,-7,0,7,7,5,9,-7,7,-48,-83,8,16,10,100
593,FD,09,F7,FF,FB,F7,FB,FE,FFF9,-3,9,-9,-1,-5,-9,-5,-2,-7,-26,8,16,10,100
594,03,FC,01,0A,FF,09,07,09,FFB3,3,-4,1,10,-1,9,7,9,-77,-19,8,16,10,100
595,F7,F8,07,FA,FF,03,FB,06,0062,-9,-8,7,-6,-1,3,-5,6,98,12,8,16,10,100
596,08,02,FB,00,FF,04,FF,05,FFFD,8,2,-5,0,-1,4,-1,5,-3,2,8,16,10,100
597,03,09,FF,07,06,FF,F6,F6,0019,3,9,-1,7,6,-1,-10,-10,25,-26,8,16,10,100
598,FD,F7,FE,00,F8,05,09,FD,FFB8,-3,-9,-2,0,-8,5,9,-3,-72,-111,8,16,10,100
599,FB,FA,FC,07,FC,FA,02,FB,0009,-5,-6,-4,7,-4,-6,2,-5,9,22,8,16,10,100
600,02,FF,00,FF,FE,FA,01,F6,FFE4,2,-1,0,-1,-2,-6,1,-10,-28,-16,8,16,10,100
601,00,FE,FA,05,F6,03,F9,04,0007,0,-2,-6,5,-10,3,-7,4,7,63,8,16,10,100
602,FD,FA,FF,FC,00,F7,FC,07,005F,-3,-6,-1,-4,0,-9,-4,7,95,125,8,16,10,100
603,FB,02,07,F8,08,05,00,06,FF9F,-5,2,7,-8,8,5,0,6,-97,-175,8,16,10,100
604,FC,FD,0A,FB,FB,06,FF,FC,005C,-4,-3,10,-5,-5,6,-1,-4,92,104,8,16,10,100
605,0A,FC,05,FD,F8,06,03,F6,FFB1,10,-4,5,-3,-8,6,3,-10,-79,-138,8,16,10,100
606,0A,FC,05,FA,F9,FB,03,FC,003B,10,-4,5,-6,-7,-5,3,-4,59,48,8,16,10,100
607,F6,FA,05,FF,FE,05,08,F9,004A,-10,-6,5,-1,-2,5,8,-7,74,111,8,16,10,100
608,09,08,FA,F8,F7,FD,03,FC,0032,9,8,-6,-8,-9,-3,3,-4,50,-41,8,16,10,100
609,F9,FE,FB,02,07,04,FC,01,FFAF,-7,-2,-5,2,7,4,-4,1,-81,-116,8,16,10,100
610,01,06,08,02,00,F7,05,01,FFC9,1,6,8,2,0,-9,5,1,-55,-67,8,16,10,100
611,FE,F8,FC,FD,FC,F7,F9,01,FFBD,-2,-8,-4,-3,-4,-9,-7,1,-67,38,8,16,10,100
612,FD,07,FF,03,03,09,02,02,FFF5,-3,7,-1,3,3,9,2,2,-11,47,8,16,10,100
613,08,08,03,04,F9,F7,08,FA,0009,8,8,3,4,-7,-9,8,-6,9,-119,8,16,10,100
614,07,F8,FE,FE,09,FD,09,08,003B,7,-8,-2,-2,9,-3,9,8,59,112,8,16,10,100
615,05,01,08,04,02,07,01,04,FFD5,5,1,8,4,2,7,1,4,-43,-2,8,16,10,100
616,FD,07,00,07,FC,04,08,F7,FFA6,-3,7,0,7,-4,4,8,-9,-90,-113,8,16,10,100
617,FC,FF,FE,F7,F7,FC,F6,F6,0017,-4,-1,-2,-9,-9,-4,-10,-10,23,173,8,16,10,100
618,09,FE,0A,00,F9,02,08,05,FFBC,9,-2,10,0,-7,2,8,5,-68,-55,8,16,10,100
619,FE,F7,F7,FD,FC,FE,FF,FA,0058,-2,-9,-9,-3,-4,-2,-1,-6,88,141,8,16,10,100
620,02,FC,02,07,03,F6,FC,03,0040,2,-4,2,7,3,-10,-4,3,64,123,8,16,10,100
621,FF,F8,F7,FA,00,FA,FB,F7,0031,-1,-8,-9,-6,0,-6,-5,-9,49,196,8,16,10,100
622,00,FC,05,F8,04,07,FC,F9,0037,0,-4,5,-8,4,7,-4,-7,55,63,8,16,10,100
623,FB,FB,04,08,FD,0A,07,F9,002B,-5,-5,4,8,-3,10,7,-7,43,-20,8,16,10,100
624,01,FA,01,00,08,03,06,FB,FFA0,1,-6,1,0,8,3,6,-5,-96,-100,8,16,10,100
625,FF,00,F6,F7,08,F8,F9,FC,FFC8,-1,0,-10,-9,8,-8,-7,-4,-56,42,8,16,10,100
626,F7,08,FC,04,09,FE,09,FC,FFEA,-9,8,-4,4,9,-2,9,-4,-22,-171,8,16,10,100
627,FF,06,FE,01,F7,02,05,FD,FFBB,-1,6,-2,1,-9,2,5,-3,-69,-61,8,16,10,100
628,02,0A,08,02,FC,FD,05,06,FFCA,2,10,8,2,-4,-3,5,6,-54,-40,8,16,10,100
629,FE,08,F6,F8,05,00,04,09,0010,-2,8,-10,-8,5,0,4,9,16,-106,8,16,10,100
630,0A,08,FD,06,01,F7,07,FA,0045,10,8,-3,6,1,-9,7,-6,69,-50,8,16,10,100
631,F8,F9,FF,02,08,09,03,F7,0053,-8,-7,-1,2,8,9,3,-9,83,-65,8,16,10,100
632,FE,F7,06,02,09,05,F6,F9,FFB4,-2,-9,6,2,9,5,-10,-7,-76,-213,8,16,10,100
633,02,F6,F8,03,F7,FB,F9,FF,003A,2,-10,-8,3,-9,-5,-7,-1,58,143,8,16,10,100
634,FD,FB,08,09,02,00,FE,07,0049,-3,-5,8,9,2,0,-2,7,73,114,8,16,10,100
635,FB,F7,01,03,FA,FF,F7,F8,0063,-5,-9,1,3,-6,-1,-9,-8,99,105,8,16,10,100
636,03,08,07,01,02,04,FA,05,002D,3,8,7,1,2,4,-6,5,45,46,8,16,10,100
637,F9,09,FA,F6,F9,FC,FF,F6,FFE0,-7,9,-6,-10,-7,-4,-1,-10,-32,87,8,16,10,100
638,FD,05,F8,06,FF,F8,05,01,FFF4,-3,5,-8,6,-1,-8,5,1,-12,-83,8,16,10,100
639,FC,FE,FE,06,FC,F6,F9,F6,003E,-4,-2,-2,6,-4,-10,-7,-10,62,52,8,16,10,100
640,05,FA,FA,06,FD,FE,09,00,FFB8,5,-6,-6,6,-3,-2,9,0,-72,-129,8,16,10,100
641,08,01,FF,FF,07,07,0A,05,FFDC,8,1,-1,-1,7,7,10,5,-36,12,8,16,10,100
642,F9,07,F7,FC,05,03,08,03,0021,-7,7,-9,-4,5,3,8,3,33,-65,8,16,10,100
643,08,FA,06,08,03,FA,02,09,002A,8,-6,6,8,3,-6,2,9,42,186,8,16,10,100
644,05,08,0A,F7,01,0A,02,09,0060,5,8,10,-9,1,10,2,9,96,120,8,16,10,100
645,09,08,FA,FC,08,F6,F7,FA,0000,9,8,-6,-4,8,-10,-9,-6,0,70,8,16,10,100
646,09,02,FD,FA,FC,FD,07,03,003E,9,2,-3,-6,-4,-3,7,3,62,-19,8,16,10,100
647,07,07,FF,07,00,FE,F6,FF,0057,7,7,-1,7,0,-2,-10,-1,87,76,8,16,10,100
648,F6,FA,07,F8,FA,F7,FE,07,FFE5,-10,-6,7,-8,-6,-9,-2,7,-27,17,8,16,10,100
649,FA,04,02,F7,F8,07,F8,F6,FFE8,-6,4,2,-9,-8,7,-8,-10,-24,126,8,16,10,100
650,04,F8,FC,0A,F8,07,F8,F7,002E,4,-8,-4,10,-8,7,-8,-9,46,-100,8,16,10,100
651,0A,FA,06,FB,FD,FB,09,F6,FFB1,10,-6,6,-5,-3,-5,9,-10,-79,25,8,16,10,100
652,F7,F6,06,06,06,FA,00,05,FFAD,-9,-10,6,6,6,-6,0,5,-83,-47,8,16,10,100
653,07,FC,F6,FF,FC,01,F8,02,FFB9,7,-4,-10,-1,-4,1,-8,2,-71,-25,8,16,10,100
654,00,FA,07,F8,FC,00,01,0A,0024,0,-6,7,-8,-4,0,1,10,36,-37,8,16,10,100
655,F9,FC,03,0A,FF,0A,06,FF,004D,-7,-4,3,10,-1,10,6,-1,77,52,8,16,10,100
656,FF,FA,07,FB,06,FD,09,03,0048,-1,-6,7,-5,6,-3,9,3,72,132,8,16,10,100
657,00,FE,05,FB,FE,FD,F8,0A,FFCC,0,-2,5,-5,-2,-3,-8,10,-52,-136,8,16,10,100
658,F6,F9,05,FA,01,FA,08,F9,0025,-10,-7,5,-6,1,-6,8,-7,37,151,8,16,10,100
659,07,F6,F7,FB,08,FB,FF,0A,0021,7,-10,-9,-5,8,-5,-1,10,33,98,8,16,10,100
660,01,FF,09,FE,09,05,06,06,FFCD,1,-1,9,-2,9,5,6,6,-51,-5,8,16,10,100
661,04,01,06,04,FE,FC,FB,04,0026,4,1,6,4,-2,-4,-5,4,38,12,8,16,10,100
662,FD,03,06,F9,FB,0A,FE,FF,002B,-3,3,6,-7,-5,10,-2,-1,43,83,8,16,10,100
663,01,FE,F6,03,01,FE,FB,02,003C,1,-2,-10,3,1,-2,-5,2,60,121,8,16,10,100
664,06,08,09,06,08,09,0A,F8,002F,6,8,9,6,8,9,10,-8,47,209,8,16,10,100
665,01,03,07,06,F9,00,09,02,FFD4,1,3,7,6,-7,0,9,2,-44,24,8,16,10,100
666,F6,FA,FD,F9,06,07,FC,FE,0005,-10,-6,-3,-7,6,7,-4,-2,5,-71,8,16,10,100
667,01,F9,04,00,02,0A,06,08,003D,1,-7,4,0,2,10,6,8,61,17,8,16,10,100
668,02,09,07,F7,F6,06,F9,0A,FFD3,2,9,7,-9,-10,6,-7,10,-45,-150,8,16,10,100
669,0A,FB,FF,05,FD,FC,FB,00,002A,10,-5,-1,5,-3,-4,-5,0,42,37,8,16,10,100
670,FA,09,F8,FA,FD,03,F6,FC,FFB9,-6,9,-8,-6,-3,3,-10,-4,-71,78,8,16,10,100
671,04,03,FA,09,0A,FC,02,FB,002E,4,3,-6,9,10,-4,2,-5,46,17,8,16,10,100
672,F7,05,08,04,0A,08,09,F9,FFDE,-9,5,8,4,10,8,9,-7,-34,-40,8,16,10,100
673,FB,09,00,01,02,01,FC,FE,FFA6,-5,9,0,1,2,1,-4,-2,-90,-93,8,16,10,100
674,00,07,01,F7,07,08,08,F7,005F,0,7,1,-9,7,8,8,-9,95,240,8,16,10,100
675,09,F6,FC,01,FE,F6,01,02,0029,9,-10,-4,1,-2,-10,1,2,41,121,8,16,10,100
676,FC,01,F8,09,FA,02,FD,00,FFD7,-4,1,-8,9,-6,2,-3,0,-41,9,8,16,10,100
677,01,FF,00,09,F6,FA,09,F8,FFB7,1,-1,0,9,-10,-6,9,-8,-73,-149,8,16,10,100
678,F7,03,04,FF,0A,05,02,FD,FFCC,-9,3,4,-1,10,5,2,-3,-52,-116,8,16,10,100
679,F9,F6,03,0A,02,FF,0A,FF,0062,-7,-10,3,10,2,-1,10,-1,98,114,8,16,10,100
680,0A,06,FF,03,06,FA,FD,F6,001B,10,6,-1,3,6,-6,-3,-10,27,24,8,16,10,100
681,03,06,FA,FB,FD,F8,03,00,0000,3,6,-6,-5,-3,-8,3,0,0,-75,8,16,10,100
682,02,07,FA,FF,00,01,F9,F9,FFED,2,7,-6,-1,0,1,-7,-7,-19,37,8,16,10,100
683,F8,03,03,FB,FB,07,F7,FB,FFF1,-8,3,3,-5,-5,7,-9,-5,-15,44,8,16,10,100
684,01,FF,F9,07,FB,00,F6,FE,FFF4,1,-1,-7,7,-5,0,-10,-2,-12,39,8,16,10,100
685,01,F7,00,F9,F9,FF,02,00,FFB4,1,-9,0,-7,-7,-1,2,0,-76,-74,8,16,10,100
686,F6,0A,05,02,06,01,05,05,0061,-10,10,5,2,6,1,5,5,97,82,8,16,10,100
687,06,F6,03,F7,FF,FB,06,FE,0034,6,-10,3,-9,-1,-5,6,-2,52,132,8,16,10,100
688,09,04,F6,04,F6,04,04,F8,0047,9,4,-10,4,-10,4,4,-8,71,-75,8,16,10,100
689,01,00,F7,00,00,FF,0A,03,FFD6,1,0,-9,0,0,-1,10,3,-42,-132,8,16,10,100
690,05,F7,FA,F6,09,08,06,FC,FFBA,5,-9,-6,-10,9,8,6,-4,-70,-93,8,16,10,100
691,F8,F6,04,FD,FB,07,F9,FB,0001,-8,-10,4,-3,-5,7,-7,-5,1,-42,8,16,10,100
692,01,00,FD,F9,07,06,03,FF,FFBC,1,0,-3,-7,7,6,3,-1,-68,-63,8,16,10,100
693,FC,09,0A,FB,04,01,06,FB,0059,-4,9,10,-5,4,1,6,-5,89,167,8,16,10,100
694,09,04,05,00,F7,F9,FD,FF,FFA3,9,4,5,0,-9,-7,-3,-1,-93,-217,8,16,10,100
695,04,F7,02,FE,FB,F9,FB,07,FFE2,4,-9,2,-2,-5,-7,-5,7,-30,-11,8,16,10,100
696,07,09,F9,F7,05,04,08,FE,002D,7,9,-7,-9,5,4,8,-2,45,78,8,16,10,100
697,F6,01,08,00,08,00,09,F7,0027,-10,1,8,0,8,0,9,-9,39,31,8,16,10,100
698,F6,FC,02,FA,FC,FB,FC,05,0040,-10,-4,2,-6,-4,-5,-4,5,64,86,8,16,10,100
699,0A,05,02,FB,09,06,FE,F6,000C,10,5,2,-5,9,6,-2,-10,12,178,8,16,10,100
700,FE,F8,F8,06,03,02,F9,F9,FFE7,-2,-8,-8,6,3,2,-7,-7,-25,-33,8,16,10,100
701,F6,FD,FA,07,03,01,0A,F6,004A,-10,-3,-6,7,3,1,10,-10,74,-89,8,16,10,100
702,F9,02,08,FB,F6,09,FC,FE,FFF9,-7,2,8,-5,-10,9,-4,-2,-7,59,8,16,10,100
703,0A,00,FC,07,FF,FD,05,07,FFA7,10,0,-4,7,-1,-3,5,7,-89,-70,8,16,10,100
704,04,F6,00,F7,07,01,F8,00,FFD4,4,-10,0,-9,7,1,-8,0,-44,-26,8,16,10,100
705,01,03,03,FE,03,FD,F8,09,FFD1,1,3,3,-2,3,-3,-8,9,-47,-95,8,16,10,100
706,03,FF,FD,F6,FE,01,F6,FD,004B,3,-1,-3,-10,-2,1,-10,-3,75,128,8,16,10,100
707,FB,FE,FC,F9,F8,F8,03,01,0057,-5,-2,-4,-7,-8,-8,3,1,87,124,8,16,10,100
708,FE,FC,FD,05,F6,FA,FF,08,FF9D,-2,-4,-3,5,-10,-6,-1,8,-99,-12,8,16,10,100
709,F8,FC,00,05,FF,07,FD,FD,003C,-8,-4,0,5,-1,7,-3,-3,60,25,8,16,10,100
710,09,08,09,05,FB,FF,F9,FB,FFF8,9,8,9,5,-5,-1,-7,-5,-8,-149,8,16,10,100
711,03,FF,F8,F9,08,F6,08,FB,FFCE,3,-1,-8,-7,8,-10,8,-5,-50,-45,8,16,10,100
712,F8,FF,FD,F9,FE,FE,FD,FD,004A,-8,-1,-3,-7,-2,-2,-3,-3,74,122,8,16,10,100
713,FF,01,F8,05,F9,FF,07,F8,FFC6,-1,1,-8,5,-7,-1,7,-8,-58,-148,8,16,10,100
714,FC,07,FB,FE,01,FF,01,FD,FFBC,-4,7,-5,-2,1,-1,1,-3,-68,-78,8,16,10,100
715,05,04,FD,FF,01,FA,FA,06,0007,5,4,-3,-1,1,-6,-6,6,7,0,8,16,10,100
716,F7,02,FD,0A,0A,01,F9,F7,0030,-9,2,-3,10,10,1,-7,-9,48,-109,8,16,10,100
717,08,F6,F6,F7,FE,09,07,00,FFF9,8,-10,-10,-9,-2,9,7,0,-7,-183,8,16,10,100
718,F6,09,02,08,0A,FE,F6,F6,0051,-10,9,2,8,10,-2,-10,-10,81,-137,8,16,10,100
719,FF,FE,FD,FD,FB,FD,FF,FB,FFCD,-1,-2,-3,-3,-5,-3,-1,-5,-51,-22,8,16,10,100
720,F8,F8,04,FD,02,F6,02,03,0001,-8,-8,4,-3,2,-10,2,3,1,64,8,16,10,100
721,F8,01,FE,01,08,F6,FE,FF,0027,-8,1,-2,1,8,-10,-2,-1,39,-32,8,16,10,100
722,06,08,05,07,FC,F7,F6,F6,004B,6,8,5,7,-4,-9,-10,-10,75,-141,8,16,10,100
723,FF,F6,FF,01,F7,08,08,06,FFCE,-1,-10,-1,1,-9,8,8,6,-50,-123,8,16,10,100
724,F6,FA,07,02,00,FC,FD,04,000A,-10,-6,7,2,0,-4,-3,4,10,21,8,16,10,100
725,03,06,FB,00,F8,FB,FC,FB,FFE7,3,6,-5,0,-8,-5,-4,-5,-25,-59,8,16,10,100
726,08,05,03,F7,01,F6,FB,F6,000D,8,5,3,-9,1,-10,-5,-10,13,46,8,16,10,100
727,FE,F7,FF,01,03,0A,08,04,005B,-2,-9,-1,1,3,10,8,4,91,-9,8,16,10,100
728,F9,FB,01,F8,FE,F7,FC,04,FFEE,-7,-5,1,-8,-2,-9,-4,4,-18,5,8,16,10,100
729,FB,FF,0A,F7,F8,03,FF,FD,FFEC,-5,-1,10,-9,-8,3,-1,-3,-20,34,8,16,10,100
730,01,0A,F8,FC,03,F9,F9,0A,FF9D,1,10,-8,-4,3,-7,-7,10,-99,-150,8,16,10,100
731,03,07,02,FC,01,FB,0A,FE,0048,3,7,2,-4,1,-5,10,-2,72,68,8,16,10,100
732,03,FC,F8,FB,F6,FC,04,FE,003B,3,-4,-8,-5,-10,-4,4,-2,59,23,8,16,10,100
733,01,FA,F7,00,02,09,F7,05,FFD2,1,-6,-9,0,2,9,-9,5,-46,-17,8,16,10,100
734,FE,FB,06,08,FD,FB,FE,FE,FFFB,-2,-5,6,8,-3,-5,-2,-2,-5,-2,8,16,10,100
735,F8,FB,03,0A,FF,FE,F8,01,0052,-8,-5,3,10,-1,-2,-8,1,82,86,8,16,10,100
736,FD,FB,01,FC,05,06,FA,FB,0046,-3,-5,1,-4,5,6,-6,-5,70,39,8,16,10,100
737,FB,0A,FB,02,08,FE,F8,F6,004D,-5,10,-5,2,8,-2,-8,-10,77,37,8,16,10,100
738,00,F6,F7,FD,01,F8,0A,03,0008,0,-10,-9,-3,1,-8,10,3,8,-11,8,16,10,100
739,FF,F7,F8,07,08,FB,04,0A,0061,-1,-9,-8,7,8,-5,4,10,97,172,8,16,10,100
740,FC,06,FB,08,07,FE,FD,00,003E,-4,6,-5,8,7,-2,-3,0,62,37,8,16,10,100
741,01,06,FF,FB,FA,FB,F8,FC,0052,1,6,-1,-5,-6,-5,-8,-4,82,74,8,16,10,100
742,FA,F7,03,04,09,02,07,03,0033,-6,-9,3,4,9,2,7,3,51,12,8,16,10,100
743,F6,FC,FE,F6,02,FB,08,FF,FFD9,-10,-4,-2,-10,2,-5,8,-1,-39,-45,8,16,10,100
744,00,F7,FF,04,FD,07,FE,07,0029,0,-9,-1,4,-3,7,-2,7,41,8,8,16,10,100
745,03,08,FF,08,F9,07,05,F9,0025,3,8,-1,8,-7,7,5,-7,37,11,8,16,10,100
746,01,0A,09,05,FE,F9,F9,F9,0008,1,10,9,5,-2,-7,-7,-7,8,-162,8,16,10,100
747,FE,07,FD,FE,F8,F7,01,FE,FFB6,-2,7,-3,-2,-8,-9,1,-2,-74,-120,8,16,10,100
748,07,FE,F9,FB,F7,FA,F7,09,FFB0,7,-2,-7,-5,-9,-6,-9,9,-80,-113,8,16,10,100
749,08,F6,0A,03,02,FE,FD,03,FFDB,8,-10,10,3,2,-2,-3,3,-37,-22,8,16,10,100
750,F6,03,FE,FA,04,FD,FD,F9,0046,-10,3,-2,-6,4,-3,-3,-7,70,69,8,16,10,100
751,05,03,FB,FE,05,F8,05,02,001D,5,3,-5,-2,5,-8,5,2,29,1,8,16,10,100
752,FE,FC,03,03,05,FB,FE,FA,0048,-2,-4,3,3,5,-5,-2,-6,72,58,8,16,10,100
753,F7,02,FC,06,F6,FE,08,08,0028,-9,2,-4,6,-10,-2,8,8,40,142,8,16,10,100
754,07,07,FA,F7,07,00,F6,FE,002F,7,7,-6,-9,7,0,-10,-2,47,174,8,16,10,100
755,06,02,FA,05,09,F7,06,FB,0064,6,2,-6,5,9,-9,6,-5,100,75,8,16,10,100
756,0A,03,03,FF,0A,01,09,08,FFF1,10,3,3,-1,10,1,9,8,-15,107,8,16,10,100
757,F6,F6,08,FC,06,01,01,FE,FF9C,-10,-10,8,-4,6,1,1,-2,-100,-154,8,16,10,100
758,00,FD,FF,01,F9,08,01,04,FFBB,0,-3,-1,1,-7,8,1,4,-69,-90,8,16,10,100
759,F6,05,FF,06,02,0A,00,FA,FFBA,-10,5,-1,6,2,10,0,-6,-70,-76,8,16,10,100
760,04,0A,08,08,08,07,FC,03,001E,4,10,8,8,8,7,-4,3,30,124,8,16,10,100
761,06,FA,0A,F6,F8,F6,07,08,003C,6,-6,10,-10,-8,-10,7,8,60,62,8,16,10,100
762,04,0A,FA,05,04,02,FF,F6,0009,4,10,-6,5,4,2,-1,-10,9,1,8,16,10,100
763,09,00,FE,0A,00,01,F8,07,FFF1,9,0,-2,10,0,1,-8,7,-15,71,8,16,10,100
764,FD,F6,FC,03,FC,FB,FF,03,FFFE,-3,-10,-4,3,-4,-5,-1,3,-2,73,8,16,10,100
765,F8,09,F6,F8,0A,FF,06,06,FFEE,-8,9,-10,-8,10,-1,6,6,-18,-215,8,16,10,100
766,01,01,FD,05,09,FC,03,09,0021,1,1,-3,5,9,-4,3,9,33,74,8,16,10,100
767,06,08,05,06,07,0A,FD,06,FFA3,6,8,5,6,7,10,-3,6,-93,50,8,16,10,100
768,03,01,09,FE,FB,FE,05,FA,0041,3,1,9,-2,-5,-2,5,-6,65,105,8,16,10,100
769,FE,FE,00,FF,08,0A,00,06,FFEC,-2,-2,0,-1,8,10,0,6,-20,-62,8,16,10,100
770,F8,FC,F9,F8,F7,01,F8,FA,0058,-8,-4,-7,-8,-9,1,-8,-6,88,260,8,16,10,100
771,FB,03,F6,03,F7,FC,F7,01,0031,-5,3,-10,3,-9,-4,-9,1,49,175,8,16,10,100
772,F7,01,FE,FA,F6,04,F8,0A,004F,-9,1,-2,-6,-10,4,-8,10,79,129,8,16,10,100
773,FA,09,04,09,FF,F9,03,FD,005F,-6,9,4,9,-1,-7,3,-3,95,23,8,16,10,100
774,03,FB,05,FC,0A,00,08,09,FFC4,3,-5,5,-4,10,0,8,9,-60,-26,8,16,10,100
775,07,F7,05,02,F7,09,06,06,FFF6,7,-9,5,2,-9,9,6,6,-10,-112,8,16,10,100
776,0A,02,0A,09,F6,FF,FF,FA,0028,10,2,10,9,-10,-1,-1,-6,40,-126,8,16,10,100
777,FE,01,05,FA,F9,04,06,F8,0033,-2,1,5,-6,-7,4,6,-8,51,147,8,16,10,100
778,07,08,F7,FD,01,07,FE,F9,FFD6,7,8,-9,-3,1,7,-2,-7,-42,60,8,16,10,100
779,FC,08,F6,08,05,FB,FA,F8,005C,-4,8,-10,8,5,-5,-6,-8,92,28,8,16,10,100
780,F9,0A,09,FF,FA,F8,FD,09,FFEE,-7,10,9,-1,-6,-8,-3,9,-18,-92,8,16,10,100
781,05,05,FA,08,00,F8,09,FC,FFC1,5,5,-6,8,0,-8,9,-4,-63,-189,8,16,10,100
782,07,03,F6,07,FF,03,F7,F9,FFF4,7,3,-10,7,-1,3,-9,-7,-12,31,8,16,10,100
783,07,FF,F8,09,01,01,FD,09,FFE7,7,-1,-8,9,1,1,-3,9,-25,86,8,16,10,100
784,02,03,02,F9,0A,F6,F8,FA,FFA8,2,3,2,-7,10,-10,-8,-6,-88,-72,8,16,10,100
785,F9,0A,01,06,F7,FB,08,F6,0049,-7,10,1,6,-9,-5,8,-10,73,34,8,16,10,100
786,F7,F7,FC,FE,00,03,04,FF,FFE6,-9,-9,-4,-2,0,3,4,-1,-26,-67,8,16,10,100
787,FE,F9,03,02,F7,00,F7,FE,FFF5,-2,-7,3,2,-9,0,-9,-2,-11,-24,8,16,10,100
788,FC,02,07,F7,FF,01,FE,FA,005C,-4,2,7,-9,-1,1,-2,-6,92,138,8,16,10,100
789,01,FC,FC,03,FA,0A,09,01,FFB4,1,-4,-4,3,-6,10,9,1,-76,-155,8,16,10,100
790,09,02,03,04,05,FB,F9,FA,FFB2,9,2,3,4,5,-5,-7,-6,-78,-88,8,16,10,100
791,07,FA,0A,04,FF,03,00,05,FFDC,7,-6,10,4,-1,3,0,5,-36,-41,8,16,10,100
792,FF,07,FA,05,04,F6,00,06,FFDC,-1,7,-6,5,4,-10,0,6,-36,-80,8,16,10,100
793,FC,0A,03,F9,FC,07,F8,07,0028,-4,10,3,-7,-4,7,-8,7,40,53,8,16,10,100
794,07,00,F7,FE,06,0A,F9,FA,FFE4,7,0,-9,-2,6,10,-7,-6,-28,89,8,16,10,100
795,FF,07,04,F7,FC,FD,06,F6,005A,-1,7,4,-9,-4,-3,6,-10,90,187,8,16,10,100
796,F6,04,07,F6,05,F9,02,05,0060,-10,4,7,-10,5,-7,2,5,96,-18,8,16,10,100
797,07,01,FF,06,08,05,08,FE,FFD3,7,1,-1,6,8,5,8,-2,-45,-4,8,16,10,100
798,FF,06,08,03,08,00,F9,09,FFF8,-1,6,8,3,8,0,-7,9,-8,-45,8,16,10,100
799,FE,FF,08,FA,F8,0A,00,FD,FFCB,-2,-1,8,-6,-8,10,0,-3,-53,-29,8,16,10,100
800,FB,FF,0A,F8,03,07,02,F6,FFC1,-5,-1,10,-8,3,7,2,-10,-63,15,8,16,10,100
801,FC,0A,06,02,03,FA,03,05,FFD9,-4,10,6,2,3,-6,3,5,-39,-83,8,16,10,100
802,0A,FF,07,FD,08,07,09,F8,FFD1,10,-1,7,-3,8,7,9,-8,-47,113,8,16,10,100
803,F8,FD,08,09,09,09,FE,08,004C,-8,-3,8,9,9,9,-2,8,76,33,8,16,10,100
804,FD,FA,06,FE,05,F6,F7,0A,FFF1,-3,-6,6,-2,5,-10,-9,10,-15,-44,8,16,10,100
805,09,FE,09,F6,04,FE,0A,FA,005F,9,-2,9,-10,4,-2,10,-6,95,285,8,16,10,100
806,01,FE,F8,FD,FC,07,01,06,FFDB,1,-2,-8,-3,-4,7,1,6,-37,-81,8,16,10,100
807,FD,00,08,F7,FA,FE,09,06,0016,-3,0,8,-9,-6,-2,9,6,22,58,8,16,10,100
808,FB,F6,F7,09,08,07,03,09,0000,-5,-10,-9,9,8,7,3,9,0,-56,8,16,10,100
809,F6,F6,FB,00,F9,FF,04,07,FFC3,-10,-10,-5,0,-7,-1,4,7,-61,-1,8,16,10,100
810,F8,08,FA,FD,02,F9,FC,FD,FFCA,-8,8,-6,-3,2,-7,-4,-3,-54,-93,8,16,10,100
811,03,08,FC,FE,FF,05,FF,F9,FFDE,3,8,-4,-2,-1,5,-1,-7,-34,21,8,16,10,100
812,FE,08,F7,FC,F7,04,FB,02,0000,-2,8,-9,-4,-9,4,-5,2,0,87,8,16,10,100
813,FC,F7,FD,F9,03,07,F8,FD,FFC2,-4,-9,-3,-7,3,7,-8,-3,-62,-92,8,16,10,100
814,08,04,05,02,FB,08,04,FA,0005,8,4,5,2,-5,8,4,-6,5,5,8,16,10,100
815,03,FD,07,FA,05,FC,F9,FC,0060,3,-3,7,-6,5,-4,-7,-4,96,98,8,16,10,100
816,09,07,F8,F9,FC,FC,04,02,0052,9,7,-8,-7,-4,-4,4,2,82,-28,8,16,10,100
817,05,07,FD,FE,FC,FA,F8,F7,FFDD,5,7,-3,-2,-4,-6,-8,-9,-35,-55,8,16,10,100
818,02,05,02,02,09,FB,FC,00,0006,2,5,2,2,9,-5,-4,0,6,-9,8,16,10,100
819,F7,FA,F9,F6,FA,FB,FF,FF,0056,-9,-6,-7,-10,-6,-5,-1,-1,86,187,8,16,10,100
820,02,FC,00,06,FD,FF,F9,FD,FFF1,2,-4,0,6,-3,-1,-7,-3,-15,-35,8,16,10,100
821,0A,F9,06,FA,07,04,07,0A,FFFB,10,-7,6,-6,7,4,7,10,-5,19,8,16,10,100
822,07,F7,FA,01,F9,F9,00,02,0050,7,-9,-6,1,-7,-7,0,2,80,96,8,16,10,100
823,03,04,06,FB,0A,0A,FF,00,001B,3,4,6,-5,10,10,-1,0,27,91,8,16,10,100
824,FD,0A,07,0A,02,07,FD,F9,005B,-3,10,7,10,2,7,-3,-7,91,64,8,16,10,100
825,FF,0A,F6,04,08,07,09,FF,FFFF,-1,10,-10,4,8,7,9,-1,-1,-33,8,16,10,100
826,02,01,FA,01,05,FA,09,06,FFD8,2,1,-6,1,5,-6,9,6,-40,-84,8,16,10,100
827,04,F9,F8,06,01,F9,02,08,FFC7,4,-7,-8,6,1,-7,2,8,-57,28,8,16,10,100
828,FD,F6,08,F7,FF,F7,02,FD,0031,-3,-10,8,-9,-1,-9,2,-3,49,185,8,16,10,100
829,FB,FC,05,F6,FA,F7,04,04,FFAF,-5,-4,5,-10,-6,-9,4,4,-81,-35,8,16,10,100
830,FC,01,FC,F9,FA,07,07,06,000B,-4,1,-4,-7,-6,7,7,6,11,-28,8,16,10,100
831,02,00,05,04,05,F7,04,F8,FFCB,2,0,5,4,5,-9,4,-8,-53,-55,8,16,10,100
832,03,09,F7,02,0A,F6,09,F6,FFE0,3,9,-9,2,10,-10,9,-10,-32,-193,8,16,10,100
833,01,08,FF,05,FE,FA,09,F9,FFC6,1,8,-1,5,-2,-6,9,-7,-58,-152,8,16,10,100
834,F6,F7,08,F7,00,07,03,05,FFDC,-10,-9,8,-9,0,7,3,5,-36,-120,8,16,10,100
835,02,FD,06,02,FC,0A,FE,FD,FFD8,2,-3,6,2,-4,10,-2,-3,-40,-96,8,16,10,100
836,00,07,07,FA,02,0A,0A,05,FFD7,0,7,7,-6,2,10,10,5,-41,69,8,16,10,100
837,0A,05,04,FF,FD,09,F6,FA,FFBE,10,5,4,-1,-3,9,-10,-6,-66,-85,8,16,10,100
838,FF,02,F6,00,00,03,FC,F8,FFB3,-1,2,-10,0,0,3,-4,-8,-77,-31,8,16,10,100
839,05,06,FC,03,F9,FE,FB,F6,0047,5,6,-4,3,-7,-2,-5,-10,71,14,8,16,10,100
840,FB,0A,00,F7,05,FB,05,0A,FF9D,-5,10,0,-9,5,-5,5,10,-99,-264,8,16,10,100
841,08,F8,04,FB,08,08,06,02,FFEA,8,-8,4,-5,8,8,6,2,-22,-8,8,16,10,100
842,FE,01,08,06,02,FE,09,03,FFC4,-2,1,8,6,2,-2,9,3,-60,24,8,16,10,100
843,FD,F6,09,F6,F9,FB,0A,F7,FFAB,-3,-10,9,-10,-7,-5,10,-9,-85,166,8,16,10,100
844,01,FF,FA,08,06,FC,0A,FB,FFC4,1,-1,-6,8,6,-4,10,-5,-60,-150,8,16,10,100
845,F7,FF,02,FE,04,05,FC,06,002A,-9,-1,2,-2,4,5,-4,6,42,-19,8,16,10,100
846,F8,00,FC,08,06,03,01,F6,0025,-8,0,-4,8,6,3,1,-10,37,-95,8,16,10,100
847,09,01,04,04,05,07,FF,06,FFAA,9,1,4,4,5,7,-1,6,-86,-14,8,16,10,100
848,FC,02,FE,0A,FB,0A,F9,00,FFFE,-4,2,-2,10,-5,10,-7,0,-2,52,8,16,10,100
849,00,FC,06,F6,06,03,01,F8,FFDD,0,-4,6,-10,6,3,1,-8,-35,39,8,16,10,100
850,08,FF,08,FA,07,FD,FD,FB,FFAB,8,-1,8,-6,7,-3,-3,-5,-85,-20,8,16,10,100
851,04,F7,09,01,01,FF,03,00,0011,4,-9,9,1,1,-1,3,0,17,57,8,16,10,100
852,00,09,FC,03,FD,F6,05,FF,FFC0,0,9,-4,3,-3,-10,5,-1,-64,-177,8,16,10,100
853,00,FD,03,07,FA,F6,02,F8,FFF9,0,-3,3,7,-6,-10,2,-8,-7,-27,8,16,10,100
854,05,09,08,04,08,06,FE,FD,0028,5,9,8,4,8,6,-2,-3,40,106,8,16,10,100
855,FE,0A,02,FB,FC,F7,F7,08,0053,-2,10,2,-5,-4,-9,-9,8,83,-57,8,16,10,100
856,09,FA,FF,03,07,09,F6,00,FFD4,9,-6,-1,3,7,9,-10,0,-44,-25,8,16,10,100
857,FA,03,F7,F8,01,04,06,F8,FFB9,-6,3,-9,-8,1,4,6,-8,-71,-55,8,16,10,100
858,F8,06,08,08,F7,07,08,08,FFAD,-8,6,8,8,-9,7,8,8,-83,159,8,16,10,100
859,08,FB,FE,FF,03,00,F7,FC,0044,8,-5,-2,-1,3,0,-9,-4,68,114,8,16,10,100
860,03,FC,08,F6,08,FA,FB,F6,0020,3,-4,8,-10,8,-6,-5,-10,32,140,8,16,10,100
861,02,F8,03,00,F8,F8,F7,09,0063,2,-8,3,0,-8,-8,-9,9,99,120,8,16,10,100
862,07,08,03,09,0A,09,F6,07,FFB3,7,8,3,9,10,9,-10,7,-77,98,8,16,10,100
863,09,09,04,F6,09,01,00,FB,FFBA,9,9,4,-10,9,1,0,-5,-70,70,8,16,10,100
864,09,04,07,FD,09,FF,FD,09,FF9E,9,4,7,-3,9,-1,-3,9,-98,-69,8,16,10,100
865,06,FA,0A,00,08,FA,FD,F6,FFE3,6,-6,10,0,8,-6,-3,-10,-29,25,8,16,10,100
866,F8,F7,F6,FE,F8,F7,FE,F9,0049,-8,-9,-10,-2,-8,-9,-2,-7,73,252,8,16,10,100
867,08,07,FA,07,08,0A,F8,F8,005D,8,7,-6,7,8,10,-8,-8,93,219,8,16,10,100
868,07,FB,04,F9,09,F6,04,06,FFBB,7,-5,4,-7,9,-10,4,6,-69,18,8,16,10,100
869,0A,FC,07,FA,F9,F9,F7,0A,0031,10,-4,7,-6,-7,-7,-9,10,49,-116,8,16,10,100
870,00,0A,F8,FE,FF,06,F8,F6,FFAC,0,10,-8,-2,-1,6,-8,-10,-84,60,8,16,10,100
871,F9,F7,00,F6,F6,F8,01,FF,0025,-7,-9,0,-10,-10,-8,1,-1,37,189,8,16,10,100
872,07,0A,04,05,00,F7,00,FC,FFA3,7,10,4,5,0,-9,0,-4,-93,-203,8,16,10,100
873,04,07,FA,0A,FC,F8,FC,08,FFE4,4,7,-6,10,-4,-8,-4,8,-28,4,8,16,10,100
874,02,F9,F7,04,08,F8,F8,04,0047,2,-7,-9,4,8,-8,-8,4,71,231,8,16,10,100
875,F7,F7,00,FD,FF,01,04,F6,0053,-9,-9,0,-3,-1,1,4,-10,83,113,8,16,10,100
876,04,07,02,F8,FE,FB,FD,05,002D,4,7,2,-8,-2,-5,-3,5,45,-44,8,16,10,100
877,FE,01,09,F7,04,FF,08,01,003B,-2,1,9,-9,4,-1,8,1,59,113,8,16,10,100
878,03,F8,FC,0A,04,05,F7,09,0011,3,-8,-4,10,4,5,-9,9,17,115,8,16,10,100
879,FE,09,FB,00,08,04,05,FE,FFC0,-2,9,-5,0,8,4,5,-2,-64,-69,8,16,10,100
880,FA,0A,00,07,01,FB,09,05,FFC5,-6,10,0,7,1,-5,9,5,-59,-80,8,16,10,100
881,08,FC,F6,09,FB,03,FA,F7,FFFB,8,-4,-10,9,-5,3,-6,-9,-5,-78,8,16,10,100
882,07,F8,FF,FF,08,FC,09,0A,FFA2,7,-8,-1,-1,8,-4,9,10,-94,-25,8,16,10,100
883,02,04,09,00,01,02,F8,05,FFB8,2,4,9,0,1,2,-8,5,-72,-134,8,16,10,100
884,FC,0A,06,03,FB,F8,05,0A,FFAD,-4,10,6,3,-5,-8,5,10,-83,-83,8,16,10,100
885,F7,FB,09,F8,F7,05,00,FC,FFC2,-9,-5,9,-8,-9,5,0,-4,-62,26,8,16,10,100
886,08,FC,04,FD,05,01,FA,07,FFBE,8,-4,4,-3,5,1,-6,7,-66,-75,8,16,10,100
887,FE,FB,00,F8,FE,FD,08,04,FFDE,-2,-5,0,-8,-2,-3,8,4,-34,-47,8,16,10,100
888,0A,06,FB,0A,0A,FE,FF,05,FFA2,10,6,-5,10,10,-2,-1,5,-94,49,8,16,10,100
889,05,FA,03,F8,F8,F9,F8,01,FFDF,5,-6,3,-8,-8,-7,-8,1,-33,-63,8,16,10,100
890,09,FD,0A,09,FF,06,00,FE,0028,9,-3,10,9,-1,6,0,-2,40,-5,8,16,10,100
891,08,FB,01,05,07,01,05,04,002F,8,-5,1,5,7,1,5,4,47,123,8,16,10,100
892,09,03,F9,F8,01,FA,02,FC,0014,9,3,-7,-8,1,-6,2,-4,20,29,8,16,10,100
893,FA,F6,FF,F8,0A,FB,03,FA,FFAC,-6,-10,-1,-8,10,-5,3,-6,-84,-49,8,16,10,100
894,0A,04,FA,02,03,09,FF,07,FFC7,10,4,-6,2,3,9,-1,7,-57,29,8,16,10,100
895,00,F7,F9,07,01,FB,08,F8,0051,0,-9,-7,7,1,-5,8,-8,81,14,8,16,10,100
896,01,0A,FC,F8,02,FC,F8,FB,FFD6,1,10,-4,-8,2,-4,-8,-5,-42,-8,8,16,10,100
897,F9,09,02,07,00,01,02,04,0002,-7,9,2,7,0,1,2,4,2,43,8,16,10,100
898,07,09,08,00,00,FA,03,08,FFE2,7,9,8,0,0,-6,3,8,-30,-60,8,16,10,100
899,07,07,F6,08,05,01,02,09,0057,7,7,-10,8,5,1,2,9,87,181,8,16,10,100
900,05,F9,F8,F9,F9,FA,FD,FE,0045,5,-7,-8,-7,-7,-6,-3,-2,69,114,8,16,10,100
901,FE,00,FA,F6,F6,03,FA,07,001A,-2,0,-6,-10,-10,3,-6,7,26,12,8,16,10,100
902,08,F8,FB,02,01,FA,F9,FB,FFC6,8,-8,-5,2,1,-6,-7,-5,-58,23,8,16,10,100
903,FB,FD,FE,01,F6,F6,FE,F9,0023,-5,-3,-2,1,-10,-10,-2,-7,35,112,8,16,10,100
904,FC,FC,05,02,05,0A,00,FF,001A,-4,-4,5,2,5,10,0,-1,26,-36,8,16,10,100
905,01,03,FF,F8,03,FA,FB,FD,FFBA,1,3,-1,-8,3,-6,-5,-3,-70,-56,8,16,10,100
906,FE,01,06,09,06,F8,FB,03,0014,-2,1,6,9,6,-8,-5,3,20,-3,8,16,10,100
907,FD,F9,00,FC,01,09,F8,00,002B,-3,-7,0,-4,1,9,-8,0,43,-23,8,16,10,100
908,F7,09,FE,06,FE,FC,FE,06,FFFF,-9,9,-2,6,-2,-4,-2,6,-1,21,8,16,10,100
909,F9,FF,07,F6,FC,F7,0A,08,FFE5,-7,-1,7,-10,-4,-9,10,8,-27,0,8,16,10,100
910,FC,F6,08,05,FB,0A,FD,FD,FFFB,-4,-10,8,5,-5,10,-3,-3,-5,-124,8,16,10,100
911,0A,06,0A,FC,FB,07,FE,04,005F,10,6,10,-4,-5,7,-2,4,95,51,8,16,10,100
912,00,02,FA,FD,F8,03,0A,03,FFAB,0,2,-6,-3,-8,3,10,3,-85,-148,8,16,10,100
913,03,04,00,00,FF,08,02,FF,0035,3,4,0,0,-1,8,2,-1,53,82,8,16,10,100
914,0A,08,FB,FB,08,04,F7,F9,004A,10,8,-5,-5,8,4,-9,-7,74,266,8,16,10,100
915,04,04,01,F8,FA,0A,03,00,FFD3,4,4,1,-8,-6,10,3,0,-45,-26,8,16,10,100
916,F7,08,F7,04,02,FA,F8,06,0024,-9,8,-9,4,2,-6,-8,6,36,66,8,16,10,100
917,05,F6,FC,FA,06,04,0A,F7,FFA5,5,-10,-4,-6,6,4,10,-9,-91,-87,8,16,10,100
918,F8,FC,FE,01,FA,03,02,06,0039,-8,-4,-2,1,-6,3,2,6,57,95,8,16,10,100
919,FB,F9,08,FD,0A,F6,FE,02,0025,-5,-7,8,-3,10,-10,-2,2,37,35,8,16,10,100
920,FF,03,00,04,FD,FA,FA,FC,0059,-1,3,0,4,-3,-6,-6,-4,89,58,8,16,10,100
921,06,04,FA,FB,02,F8,F7,F9,0053,6,4,-6,-5,2,-8,-9,-7,83,152,8,16,10,100
922,F8,03,F9,09,01,08,09,06,FFAE,-8,3,-7,9,1,8,9,6,-82,-75,8,16,10,100
923,F7,F8,03,FD,FB,07,FB,05,FFF4,-9,-8,3,-3,-5,7,-5,5,-12,-53,8,16,10,100
924,FD,05,06,03,F9,04,03,FF,FFE0,-3,5,6,3,-7,4,3,-1,-32,24,8,16,10,100
925,07,09,F7,02,FD,FB,00,F7,FFBE,7,9,-9,2,-3,-5,0,-9,-66,-150,8,16,10,100
926,07,FD,F6,04,08,02,08,F7,FFED,7,-3,-10,4,8,2,8,-9,-19,-85,8,16,10,100
927,03,F8,FA,02,02,00,FE,06,0016,3,-8,-6,2,2,0,-2,6,22,52,8,16,10,100
928,05,06,08,04,08,F6,FC,0A,0054,5,6,8,4,8,-10,-4,10,84,72,8,16,10,100
929,03,FB,FB,F9,F9,00,03,00,005A,3,-5,-5,-7,-7,0,3,0,90,54,8,16,10,100
930,00,F8,FD,FF,FD,F6,F6,F6,FFD0,0,-8,-3,-1,-3,-10,-10,-10,-48,72,8,16,10,100
931,07,07,00,03,FC,02,03,F6,0053,7,7,0,3,-4,2,3,-10,83,39,8,16,10,100
932,02,FC,F6,F7,08,FC,FF,F9,002C,2,-4,-10,-9,8,-4,-1,-7,44,149,8,16,10,100
933,F8,06,03,F9,F7,FB,01,02,001A,-8,6,3,-7,-9,-5,1,2,26,57,8,16,10,100
934,FD,FA,08,03,05,FD,08,F8,FFE9,-3,-6,8,3,5,-3,8,-8,-23,20,8,16,10,100
935,F9,F9,F9,F6,F9,FF,00,FC,FFB6,-7,-7,-7,-10,-7,-1,0,-4,-74,22,8,16,10,100
936,F8,FD,FE,FE,FB,FF,FE,FA,0058,-8,-3,-2,-2,-5,-1,-2,-6,88,147,8,16,10,100
937,FC,FF,F7,00,FE,02,07,F6,FFFE,-4,-1,-9,0,-2,2,7,-10,-2,-59,8,16,10,100
938,F8,06,07,F7,00,0A,F6,06,0044,-8,6,7,-9,0,10,-10,6,68,4,8,16,10,100
939,04,F7,FE,FC,F8,00,01,07,0027,4,-9,-2,-4,-8,0,1,7,39,-23,8,16,10,100
940,0A,F7,05,03,03,06,F6,07,FFB4,10,-9,5,3,3,6,-10,7,-76,-129,8,16,10,100
941,05,FD,04,F9,04,F8,F7,FE,FFAD,5,-3,4,-7,4,-8,-9,-2,-83,-61,8,16,10,100
942,04,02,09,03,06,07,09,FD,FFBE,4,2,9,3,6,7,9,-3,-66,44,8,16,10,100
943,04,00,09,F8,03,F8,08,F7,FFA6,4,0,9,-8,3,-8,8,-9,-90,66,8,16,10,100
944,F7,F9,0A,F8,FF,F6,FF,00,0037,-9,-7,10,-8,-1,-10,-1,0,55,124,8,16,10,100
945,08,0A,02,08,FD,F7,FB,03,FF9E,8,10,2,8,-3,-9,-5,3,-98,-198,8,16,10,100
946,07,05,07,F8,FF,FA,FD,F9,000E,7,5,7,-8,-1,-6,-3,-7,14,12,8,16,10,100
947,FF,00,00,F9,FE,FF,FF,06,0039,-1,0,0,-7,-2,-1,-1,6,57,17,8,16,10,100
948,01,FC,05,06,09,0A,FA,05,FFE1,1,-4,5,6,9,10,-6,5,-31,-62,8,16,10,100
949,FF,05,FF,0A,FF,FB,03,07,0042,-1,5,-1,10,-1,-5,3,7,66,109,8,16,10,100
950,02,04,F7,FC,F8,FF,02,01,004B,2,4,-9,-4,-8,-1,2,1,75,33,8,16,10,100
951,0A,09,03,08,FF,FE,FD,06,FFE7,10,9,3,8,-1,-2,-3,6,-25,-14,8,16,10,100
952,FF,01,02,02,06,02,03,FA,000C,-1,1,2,2,6,2,3,-6,12,2,8,16,10,100
953,F7,03,07,FD,05,05,06,02,FFD4,-9,3,7,-3,5,5,6,2,-44,-38,8,16,10,100
954,02,FD,F7,FE,02,FF,04,FB,0019,2,-3,-9,-2,2,-1,4,-5,25,6,8,16,10,100
955,F9,F8,02,02,FF,F8,F7,FA,0038,-7,-8,2,2,-1,-8,-9,-6,56,97,8,16,10,100
956,F6,09,FB,03,06,F8,05,FF,FFDF,-10,9,-5,3,6,-8,5,-1,-33,-193,8,16,10,100
957,04,FE,00,08,07,05,02,FF,0044,4,-2,0,8,7,5,2,-1,68,78,8,16,10,100
958,04,09,FC,07,FB,F6,07,01,FFA4,4,9,-4,7,-5,-10,7,1,-92,-223,8,16,10,100
959,05,F8,07,F9,FB,FE,FC,01,FFF2,5,-8,7,-7,-5,-2,-4,1,-14,-58,8,16,10,100
960,F9,04,0A,F7,FF,04,00,FC,0025,-7,4,10,-9,-1,4,0,-4,37,96,8,16,10,100
961,07,F9,FA,04,00,F9,03,FE,FFB1,7,-7,-6,4,0,-7,3,-2,-79,-56,8,16,10,100
962,06,01,F6,09,09,01,02,02,0056,6,1,-10,9,9,1,2,2,86,139,8,16,10,100
963,07,FF,01,FE,F9,FA,FE,06,0039,7,-1,1,-2,-7,-6,-2,6,57,0,8,16,10,100
964,FC,FC,F8,F6,05,0A,08,FB,0051,-4,-4,-8,-10,5,10,8,-5,81,7,8,16,10,100
965,FD,F6,04,06,06,FA,FA,FF,002D,-3,-10,4,6,6,-6,-6,-1,45,57,8,16,10,100
966,FA,00,FE,F9,FB,09,FF,F9,FFC0,-6,0,-2,-7,-5,9,-1,-7,-64,17,8,16,10,100
967,FC,F9,FC,03,FA,FE,09,F8,FFBE,-4,-7,-4,3,-6,-2,9,-8,-66,-88,8,16,10,100
968,0A,FF,0A,04,FE,FA,FB,F8,FFAC,10,-1,10,4,-2,-6,-5,-8,-84,-180,8,16,10,100
969,FB,05,05,F6,0A,F8,03,FE,0007,-5,5,5,-10,10,-8,3,-2,7,-48,8,16,10,100
970,01,FE,00,0A,02,FB,08,F6,FFD7,1,-2,0,10,2,-5,8,-10,-41,-129,8,16,10,100
971,FE,F8,FD,F6,01,05,00,09,FF9D,-2,-8,-3,-10,1,5,0,9,-99,-231,8,16,10,100
972,FA,FC,FD,02,0A,FA,0A,03,FFE2,-6,-4,-3,2,10,-6,10,3,-30,-90,8,16,10,100
973,FD,00,FA,F8,FB,F6,F8,F9,005B,-3,0,-6,-8,-5,-10,-8,-7,91,210,8,16,10,100
974,FC,06,FB,F7,08,00,FA,FF,0063,-4,6,-5,-9,8,0,-6,-1,99,106,8,16,10,100
975,F9,F8,01,05,0A,01,05,FC,FF9C,-7,-8,1,5,10,1,5,-4,-100,-193,8,16,10,100
976,F9,06,F9,01,01,09,0A,F8,0001,-7,6,-7,1,1,9,10,-8,1,-30,8,16,10,100
977,FA,FA,FB,FB,01,0A,FD,FB,FFA8,-6,-6,-5,-5,1,10,-3,-5,-88,-114,8,16,10,100
978,FA,FD,00,09,F7,06,F7,FA,0018,-6,-3,0,9,-9,6,-9,-6,24,6,8,16,10,100
979,05,FF,04,03,F7,07,F6,FF,FFD6,5,-1,4,3,-9,7,-10,-1,-42,-137,8,16,10,100
980,FC,FF,FC,05,F6,FE,FB,F7,001D,-4,-1,-4,5,-10,-2,-5,-9,29,46,8,16,10,100
981,06,FA,06,FF,FC,01,FA,FF,FFB2,6,-6,6,-1,-4,1,-6,-1,-78,-143,8,16,10,100
982,FB,00,01,09,09,09,F9,05,FFE9,-5,0,1,9,9,9,-7,5,-23,-30,8,16,10,100
983,05,F6,08,0A,09,09,04,FB,FFE5,5,-10,8,10,9,9,4,-5,-27,-90,8,16,10,100
984,00,FE,02,FB,08,07,FF,01,FFA0,0,-2,2,-5,8,7,-1,1,-96,-117,8,16,10,100
985,FC,FF,08,09,F9,FF,07,FA,FFF7,-4,-1,8,9,-7,-1,7,-6,-9,22,8,16,10,100
986,05,FF,FD,F8,F8,08,F7,0A,FFEC,5,-1,-3,-8,-8,8,-9,10,-20,-121,8,16,10,100
987,F7,01,03,08,09,05,06,04,FFC5,-9,1,3,8,9,5,6,4,-59,-85,8,16,10,100
988,03,09,F6,09,04,F6,01,FC,005A,3,9,-10,9,4,-10,1,-4,90,-34,8,16,10,100
989,06,FE,08,FA,FC,FE,02,06,0061,6,-2,8,-6,-4,-2,2,6,97,57,8,16,10,100
990,FC,FA,02,05,FF,06,FB,F8,FFA8,-4,-6,2,5,-1,6,-5,-8,-88,-170,8,16,10,100
991,FB,00,06,F6,F6,09,FF,F7,FFB3,-5,0,6,-10,-10,9,-1,-9,-77,57,8,16,10,100
992,06,F6,08,09,FA,FB,F7,08,FFE7,6,-10,8,9,-6,-5,-9,8,-25,-11,8,16,10,100
993,02,00,00,0A,01,F6,F8,00,FF9E,2,0,0,10,1,-10,-8,0,-98,-96,8,16,10,100
994,01,F9,F7,FE,03,FD,FC,FD,0008,1,-7,-9,-2,3,-3,-4,-3,8,74,8,16,10,100
995,02,FB,F8,F9,FC,FE,08,03,0022,2,-5,-8,-7,-4,-2,8,3,34,-49,8,16,10,100
996,07,FA,06,FF,09,F7,FE,0A,FFA9,7,-6,6,-1,9,-9,-2,10,-87,8,8,16,10,100
997,FE,FA,FA,03,01,FE,F8,FA,0015,-2,-6,-6,3,1,-2,-8,-6,21,61,8,16,10,100
998,08,08,FA,F9,F9,F7,F7,04,FFEF,8,8,-6,-7,-7,-9,-9,4,-17,-119,8,16,10,100
999,F7,F7,FB,FF,05,00,06,03,FFF6,-9,-9,-5,-1,5,0,6,3,-10,-88,8,16,10,100
1000,05,00,F9,F8,00,F8,0A,F8,003A,5,0,-7,-8,0,-8,10,-8,58,52,8,16,10,100
1001,0A,06,05,03,04,FD,07,09,0038,10,6,5,3,4,-3,7,9,56,140,8,16,10,100
1002,02,0A,FF,02,09,FF,07,04,FFAE,2,10,-1,2,9,-1,7,4,-82,-73,8,16,10,100
1003,04,FF,03,FA,FF,01,FD,02,0048,4,-1,3,-6,-1,1,-3,2,72,46,8,16,10,100
1004,09,0A,07,F8,F7,0A,FB,FC,FFA8,9,10,7,-8,-9,10,-5,-4,-88,-72,8,16,10,100
1005,F9,FB,F8,FC,F8,04,F7,FD,0063,-7,-5,-8,-4,-8,4,-9,-3,99,219,8,16,10,100
1006,03,03,04,FF,F8,FF,00,08,005C,3,3,4,-1,-8,-1,0,8,92,57,8,16,10,100
1007,04,05,07,06,03,00,0A,01,0016,4,5,7,6,3,0,10,1,22,110,8,16,10,100
1008,F7,00,F7,05,F7,04,F8,09,0017,-9,0,-9,5,-9,4,-8,9,23,221,8,16,10,100
1009,00,F8,00,04,08,03,F7,0A,FFD3,0,-8,0,4,8,3,-9,10,-45,-29,8,16,10,100
1010,FD,F6,0A,FA,F6,00,06,09,0001,-3,-10,10,-6,-10,0,6,9,1,37,8,16,10,100
1011,0A,07,00,05,05,FC,0A,07,FFCD,10,7,0,5,5,-4,10,7,-51,6,8,16,10,100
1012,0A,F9,0A,F6,01,08,07,FD,0062,10,-7,10,-10,1,8,7,-3,98,152,8,16,10,100
1013,F7,F6,05,03,FB,07,03,F9,FFDD,-9,-10,5,3,-5,7,3,-7,-35,-66,8,16,10,100
1014,F7,FC,00,01,F9,03,03,0A,0003,-9,-4,0,1,-7,3,3,10,3,64,8,16,10,100
1015,05,05,FB,06,01,FC,09,FA,FFCE,5,5,-5,6,1,-4,9,-6,-50,-146,8,16,10,100
1016,06,05,05,07,08,03,FF,F7,FFA3,6,5,5,7,8,3,-1,-9,-93,-98,8,16,10,100
1017,01,FF,F6,02,01,05,FB,06,001E,1,-1,-10,2,1,5,-5,6,30,88,8,16,10,100
1018,0A,FE,F6,07,F9,00,01,F7,0009,10,-2,-10,7,-7,0,1,-9,9,-134,8,16,10,100
1019,FB,FF,F8,06,03,09,F9,F9,FFE6,-5,-1,-8,6,3,9,-7,-7,-26,-36,8,16,10,100
1020,FC,F9,00,06,00,F8,0A,02,FFFA,-4,-7,0,6,0,-8,10,2,-6,62,8,16,10,100
1021,F9,07,01,02,02,FA,01,F7,FFA0,-7,7,1,2,2,-6,1,-9,-96,-169,8,16,10,100
1022,0A,FD,05,09,F6,06,FE,FB,FFFF,10,-3,5,9,-10,6,-2,-5,-1,-174,8,16,10,100
1023,03,FB,0A,05,FE,0A,00,FD,FFC7,3,-5,10,5,-2,10,0,-3,-57,-128,8,16,10,100
1024,FB,FE,FE,06,FD,F7,FF,F8,FFBF,-5,-2,-2,6,-3,-9,-1,-8,-65,-78,8,16,10,100
1025,FD,02,FD,06,F8,04,06,FA,FFF2,-3,2,-3,6,-8,4,6,-6,-14,-36,8,16,10,100
1026,FF,08,F9,08,07,FB,FF,F6,FFC4,-1,8,-7,8,7,-5,-1,-10,-60,-180,8,16,10,100
1027,FA,F6,05,07,F7,F7,F7,FA,0017,-6,-10,5,7,-9,-9,-9,-6,23,80,8,16,10,100
1028,F8,FB,F7,09,0A,FB,08,FD,FFE5,-8,-5,-9,9,10,-5,8,-3,-27,-181,8,16,10,100
1029,07,03,02,04,09,F7,09,02,FFE7,7,3,2,4,9,-9,9,2,-25,37,8,16,10,100
1030,F8,FB,09,04,F8,06,FE,08,FFA0,-8,-5,9,4,-8,6,-2,8,-96,-48,8,16,10,100
1031,FF,FE,07,FD,FD,02,08,06,0025,-1,-2,7,-3,-3,2,8,6,37,74,8,16,10,100
1032,06,0A,F9,F9,FB,01,F8,01,FFA0,6,10,-7,-7,-5,1,-8,1,-96,-67,8,16,10,100
1033,08,FC,FE,00,0A,08,F6,F8,0021,8,-4,-2,0,10,8,-10,-8,33,101,8,16,10,100
1034,F9,FB,05,04,08,05,FF,FC,003D,-7,-5,5,4,8,5,-1,-4,61,-41,8,16,10,100
1035,F7,FC,08,06,FF,06,02,FA,0003,-9,-4,8,6,-1,6,2,-6,3,-32,8,16,10,100
1036,FB,FA,07,F7,FD,09,00,F8,0062,-5,-6,7,-9,-3,9,0,-8,98,131,8,16,10,100
1037,F7,01,05,07,04,FE,04,04,001A,-9,1,5,7,4,-2,4,4,26,36,8,16,10,100
1038,07,02,FC,02,FD,F9,F7,04,FFFE,7,2,-4,2,-3,-7,-9,4,-2,7,8,16,10,100
1039,09,FD,04,01,04,F7,F8,FC,0038,9,-3,4,1,4,-9,-8,-4,56,83,8,16,10,100
1040,F6,FB,F7,F8,F6,FB,03,03,000D,-10,-5,-9,-8,-10,-5,3,3,13,87,8,16,10,100
1041,05,03,09,07,00,FF,03,FB,0013,5,3,9,7,0,-1,3,-5,19,8,8,16,10,100
1042,F9,0A,F9,03,0A,02,FB,F9,FFB8,-7,10,-7,3,10,2,-5,-7,-72,-108,8,16,10,100
1043,09,02,F9,0A,00,FE,F6,04,FFA8,9,2,-7,10,0,-2,-10,4,-88,18,8,16,10,100
1044,F6,FD,04,05,FA,F6,08,01,0052,-10,-3,4,5,-6,-10,8,1,82,209,8,16,10,100
1045,02,FC,05,00,FD,08,02,0A,FFA6,2,-4,5,0,-3,8,2,10,-90,-118,8,16,10,100
1046,FA,07,07,00,FA,08,03,FA,0009,-6,7,7,0,-6,8,3,-6,9,122,8,16,10,100
1047,F8,FA,FD,FC,02,F9,FB,09,FFCF,-8,-6,-3,-4,2,-7,-5,9,-49,-44,8,16,10,100
1048,F8,01,00,FA,09,08,06,09,0046,-8,1,0,-6,9,8,6,9,70,-48,8,16,10,100
1049,F9,03,FF,01,05,01,FB,FA,004C,-7,3,-1,1,5,1,-5,-6,76,43,8,16,10,100
1050,FF,FF,F6,F6,FD,06,04,01,002F,-1,-1,-10,-10,-3,6,4,1,47,-6,8,16,10,100
1051,03,03,FA,01,02,F6,F6,0A,0005,3,3,-6,1,2,-10,-10,10,5,51,8,16,10,100
1052,01,07,01,01,06,F6,FB,03,FFCF,1,7,1,1,6,-10,-5,3,-49,-115,8,16,10,100
1053,FF,FB,03,03,05,09,F9,03,0018,-1,-5,3,3,5,9,-7,3,24,-38,8,16,10,100
1054,FE,FC,F9,FE,04,00,FA,08,001F,-2,-4,-7,-2,4,0,-6,8,31,49,8,16,10,100
1055,02,08,F7,FD,0A,09,03,09,0000,2,8,-9,-3,10,9,3,9,0,38,8,16,10,100
1056,F6,03,06,09,04,FC,01,FE,FFEE,-10,3,6,9,4,-4,1,-2,-18,-82,8,16,10,100
1057,07,06,FE,F8,09,06,FE,F9,0044,7,6,-2,-8,9,6,-2,-7,68,227,8,16,10,100
1058,F7,FD,02,FE,FB,01,FD,FE,FFC1,-9,-3,2,-2,-5,1,-3,-2,-63,-23,8,16,10,100
1059,F9,06,05,09,FE,FA,0A,01,FFDF,-7,6,5,9,-2,-6,10,1,-33,4,8,16,10,100
1060,F6,05,F9,01,00,02,07,00,0049,-10,5,-7,1,0,2,7,0,73,34,8,16,10,100
1061,FC,04,FE,F9,09,04,FE,00,001E,-4,4,-2,-7,9,4,-2,0,30,14,8,16,10,100
1062,06,06,07,04,FC,F7,F7,09,004E,6,6,7,4,-4,-9,-9,9,78,-27,8,16,10,100
1063,04,02,05,F7,01,04,09,07,FFC0,4,2,5,-9,1,4,9,7,-64,-70,8,16,10,100
1064,00,00,FF,F7,05,FD,FE,04,FFB2,0,0,-1,-9,5,-3,-2,4,-78,-112,8,16,10,100
1065,03,01,F7,FF,00,FC,FF,F7,0052,3,1,-9,-1,0,-4,-1,-9,82,96,8,16,10,100
1066,06,FB,02,09,08,FD,FA,F9,FFC0,6,-5,2,9,8,-3,-6,-7,-64,-76,8,16,10,100
1067,02,01,08,F6,05,04,FF,FD,FFAE,2,1,8,-10,5,4,-1,-3,-82,-46,8,16,10,100
1068,01,03,F9,FA,01,09,03,F7,0037,1,3,-7,-6,1,9,3,-9,55,116,8,16,10,100
1069,F8,F7,F7,02,FD,09,01,08,003E,-8,-9,-9,2,-3,9,1,8,62,12,8,16,10,100
1070,08,08,FF,FC,09,09,03,F8,0063,8,8,-1,-4,9,9,3,-8,99,272,8,16,10,100
1071,09,0A,FB,01,FA,F6,05,0A,0006,9,10,-5,1,-6,-10,5,10,6,-163,8,16,10,100
1072,F7,08,FE,03,F8,09,09,06,0042,-9,8,-2,3,-8,9,9,6,66,210,8,16,10,100
1073,0A,04,F6,F8,03,FB,FF,FE,002A,10,4,-10,-8,3,-5,-1,-2,42,78,8,16,10,100
1074,04,F9,09,F9,FD,F6,FB,FD,FFFD,4,-7,9,-7,-3,-10,-5,-3,-3,31,8,16,10,100
1075,F9,01,FD,00,F6,01,FC,FB,000A,-7,1,-3,0,-10,1,-4,-5,10,93,8,16,10,100
1076,05,08,FD,F7,00,07,03,F8,FFCC,5,8,-3,-9,0,7,3,-8,-52,67,8,16,10,100
1077,F7,03,F7,0A,04,FC,04,0A,FFA0,-9,3,-9,10,4,-4,4,10,-96,-80,8,16,10,100
1078,0A,08,F9,FA,05,FC,05,09,FFC9,10,8,-7,-6,5,-4,5,9,-55,-126,8,16,10,100
1079,0A,06,0A,04,FC,FF,01,03,FFC1,10,6,10,4,-4,-1,1,3,-63,-87,8,16,10,100
1080,F6,06,F7,01,FA,F8,03,06,FFB6,-10,6,-9,1,-6,-8,3,6,-74,-83,8,16,10,100
1081,02,F8,02,0A,06,F9,F7,02,0027,2,-8,2,10,6,-7,-9,2,39,109,8,16,10,100
1082,08,05,F8,FC,03,FC,05,FE,0047,8,5,-8,-4,3,-4,5,-2,71,43,8,16,10,100
1083,F7,F7,F9,F7,08,FB,FD,06,003D,-9,-9,-7,-9,8,-5,-3,6,61,1,8,16,10,100
1084,F7,06,09,04,09,02,08,00,FFE7,-9,6,9,4,9,2,8,0,-25,-22,8,16,10,100
1085,FD,08,06,05,09,FD,06,00,FFC3,-3,8,6,5,9,-3,6,0,-61,-76,8,16,10,100
1086,F7,09,F6,08,FC,09,FD,FA,005F,-9,9,-10,8,-4,9,-3,-6,95,194,8,16,10,100
1087,FA,F8,08,F9,00,FD,F8,FB,0008,-6,-8,8,-7,0,-3,-8,-5,8,3,8,16,10,100
1088,0A,04,F9,FA,04,08,F7,FE,003B,10,4,-7,-6,4,8,-9,-2,59,206,8,16,10,100
1089,02,0A,FF,F7,F8,05,FA,01,FFB8,2,10,-1,-9,-8,5,-6,1,-72,-41,8,16,10,100
1090,FB,F8,F9,F8,F8,F8,F8,03,0041,-5,-8,-7,-8,-8,-8,-8,3,65,201,8,16,10,100
1091,FB,03,06,FD,F8,07,01,01,FFFC,-5,3,6,-3,-8,7,1,1,-4,60,8,16,10,100
1092,FB,01,F6,FA,FA,F6,00,04,000C,-5,1,-10,-6,-6,-10,0,4,12,8,8,16,10,100
1093,08,F6,FF,F6,04,F7,03,F6,0051,8,-10,-1,-10,4,-9,3,-10,81,300,8,16,10,100
1094,FC,07,0A,FA,F7,FA,01,F6,0014,-4,7,10,-6,-9,-6,1,-10,20,84,8,16,10,100
1095,F8,F8,FD,09,FA,F9,FF,FA,FFD0,-8,-8,-3,9,-6,-7,-1,-6,-48,5,8,16,10,100
1096,04,FC,FA,FC,F6,07,0A,05,FFF8,4,-4,-6,-4,-10,7,10,5,-8,-156,8,16,10,100
1097,FA,08,00,0A,07,F6,09,FD,FFB9,-6,8,0,10,7,-10,9,-3,-71,-223,8,16,10,100
1098,04,00,FB,FD,01,02,F7,FD,FFAF,4,0,-5,-3,1,2,-9,-3,-81,-23,8,16,10,100
1099,01,FB,04,FF,05,FC,FB,00,0004,1,-5,4,-1,5,-4,-5,0,4,9,8,16,10,100
1100,FE,FB,FD,FD,05,03,FB,F7,FFA8,-2,-5,-3,-3,5,3,-5,-9,-88,-71,8,16,10,100
1101,02,07,01,F6,05,FB,05,F7,0028,2,7,1,-10,5,-5,5,-9,40,110,8,16,10,100
1102,09,0A,FD,FE,0A,F6,FC,FC,FFA5,9,10,-3,-2,10,-10,-4,-4,-91,-81,8,16,10,100
1103,FB,07,F7,05,00,08,FB,08,0009,-5,7,-9,5,0,8,-5,8,9,150,8,16,10,100
1104,05,F7,0A,FA,FF,08,04,07,FFFD,5,-9,10,-6,-1,8,4,7,-3,-82,8,16,10,100
1105,FA,FC,08,07,FE,FC,08,04,005D,-6,-4,8,7,-2,-4,8,4,93,213,8,16,10,100
1106,0A,FA,F9,FA,F6,04,00,09,0000,10,-6,-7,-6,-10,4,0,9,0,-178,8,16,10,100
1107,FA,FA,02,01,F8,09,01,05,004F,-6,-6,2,1,-8,9,1,5,79,80,8,16,10,100
1108,09,08,F6,FE,F6,00,F9,06,FFE4,9,8,-10,-2,-10,0,-7,6,-28,-60,8,16,10,100
1109,07,FA,0A,FD,FB,FC,00,FC,FFB9,7,-6,10,-3,-5,-4,0,-4,-71,-70,8,16,10,100
1110,0A,00,03,F9,07,03,FC,02,FFB5,10,0,3,-7,7,3,-4,2,-75,-31,8,16,10,100
1111,05,04,08,04,01,FE,F9,F7,0040,5,4,8,4,1,-2,-7,-9,64,-31,8,16,10,100
1112,FB,05,0A,F7,F9,FB,F9,03,FFFA,-5,5,10,-9,-7,-5,-7,3,-6,-93,8,16,10,100
1113,F8,09,01,07,09,01,FC,04,FFF1,-8,9,1,7,9,1,-4,4,-15,-54,8,16,10,100
1114,05,02,FB,02,FE,FD,0A,01,FFE4,5,2,-5,2,-2,-3,10,1,-28,-92,8,16,10,100
1115,09,02,06,03,00,FA,06,00,0002,9,2,6,3,0,-6,6,0,2,26,8,16,10,100
1116,F7,F7,FC,00,FF,F6,06,FF,FFDA,-9,-9,-4,0,-1,-10,6,-1,-38,37,8,16,10,100
1117,03,FB,FD,F7,02,09,FF,09,FFEA,3,-5,-3,-9,2,9,-1,9,-22,-139,8,16,10,100
1118,F9,03,F8,07,0A,06,04,00,FFCA,-7,3,-8,7,10,6,4,0,-54,-138,8,16,10,100
1119,F9,0A,F9,03,F6,FB,FF,00,FFF9,-7,10,-7,3,-10,-5,-1,0,-7,20,8,16,10,100
1120,08,FC,FD,F6,FC,02,05,FF,FFFC,8,-4,-3,-10,-4,2,5,-1,-4,-49,8,16,10,100
1121,F6,FA,07,F6,04,F6,FF,F8,FF9F,-10,-6,7,-10,4,-10,-1,-8,-97,-4,8,16,10,100
1122,07,FF,00,03,FA,F9,0A,07,FF9D,7,-1,0,3,-6,-7,10,7,-99,-113,8,16,10,100
1123,F7,FC,08,09,02,08,F6,05,001C,-9,-4,8,9,2,8,-10,5,28,-57,8,16,10,100
1124,01,03,02,FF,01,FF,07,07,FFD7,1,3,2,-1,1,-1,7,7,-41,-36,8,16,10,100
1125,F9,F9,FF,FB,02,05,FB,06,002F,-7,-7,-1,-5,2,5,-5,6,47,-27,8,16,10,100
1126,FD,00,08,01,FD,0A,06,0A,FFCE,-3,0,8,1,-3,10,6,10,-50,17,8,16,10,100
1127,F6,08,F6,F9,07,F7,07,09,005C,-10,8,-10,-7,7,-9,7,9,92,-183,8,16,10,100
1128,FC,04,F9,F7,FC,FE,00,02,FFC6,-4,4,-7,-9,-4,-2,0,2,-58,-68,8,16,10,100
1129,F9,F7,08,FB,01,F7,05,F9,001B,-7,-9,8,-5,1,-9,5,-7,27,176,8,16,10,100
1130,F9,F9,07,05,09,07,07,FF,FFD8,-7,-7,7,5,9,7,7,-1,-40,-108,8,16,10,100
1131,F7,FA,06,00,FB,FB,04,0A,005A,-9,-6,6,0,-5,-5,4,10,90,189,8,16,10,100
1132,08,FF,00,FF,FE,09,02,04,FFB1,8,-1,0,-1,-2,9,2,4,-79,-108,8,16,10,100
1133,FD,F8,02,F9,09,02,03,00,0046,-3,-8,2,-7,9,2,3,0,70,33,8,16,10,100
1134,FA,07,01,F9,F9,06,F8,0A,FFD4,-6,7,1,-7,-7,6,-8,10,-44,-38,8,16,10,100
1135,09,F9,00,01,FA,F8,FC,00,FFD0,9,-7,0,1,-6,-8,-4,0,-48,-46,8,16,10,100
1136,09,FD,0A,FE,FF,FC,F8,06,002E,9,-3,10,-2,-1,-4,-8,6,46,-43,8,16,10,100
1137,00,FA,FD,07,F7,03,FB,09,FFD3,0,-6,-3,7,-9,3,-5,9,-45,15,8,16,10,100
1138,09,FB,07,FE,04,FF,08,06,FFF8,9,-5,7,-2,4,-1,8,6,-8,77,8,16,10,100
1139,04,F8,F9,FA,06,04,0A,03,FFF7,4,-8,-7,-6,6,4,10,3,-9,-105,8,16,10,100
1140,0A,01,FF,01,F7,02,01,01,FFB0,10,1,-1,1,-9,2,1,1,-80,-168,8,16,10,100
1141,08,FE,00,08,08,03,F9,09,FFF0,8,-2,0,8,8,3,-7,9,-16,114,8,16,10,100
1142,FC,06,07,00,0A,FE,FC,F7,002F,-4,6,7,0,10,-2,-4,-9,47,-33,8,16,10,100
1143,07,0A,01,00,FE,FF,08,04,FFEF,7,10,1,0,-2,-1,8,4,-17,-33,8,16,10,100
1144,FF,06,0A,03,08,03,00,07,0046,-1,6,10,3,8,3,0,7,70,101,8,16,10,100
1145,F9,02,F7,09,FC,02,05,05,FFBC,-7,2,-9,9,-4,2,5,5,-68,-36,8,16,10,100
1146,FC,07,07,02,02,F8,FA,07,0038,-4,7,7,2,2,-8,-6,7,56,-36,8,16,10,100
1147,FC,04,FF,FF,F8,FA,06,FB,0041,-4,4,-1,-1,-8,-6,6,-5,65,72,8,16,10,100
1148,02,F6,FF,03,07,03,02,F6,000B,2,-10,-1,3,7,3,2,-10,11,-37,8,16,10,100
1149,01,07,09,0A,FE,FC,08,FA,FFA1,1,7,9,10,-2,-4,8,-6,-95,-113,8,16,10,100
1150,FE,F8,FB,02,00,F8,0A,07,FFEA,-2,-8,-5,2,0,-8,10,7,-22,6,8,16,10,100
1151,FE,0A,09,06,F6,FF,04,05,FFD8,-2,10,9,6,-10,-1,4,5,-40,36,8,16,10,100
1152,0A,03,05,FD,F8,09,08,08,FFE3,10,3,5,-3,-8,9,8,8,-29,-66,8,16,10,100
1153,06,08,07,FB,FD,FC,05,FF,FFCD,6,8,7,-5,-3,-4,5,-1,-51,-61,8,16,10,100
1154,FE,F9,FF,03,04,00,F8,F6,FFC5,-2,-7,-1,3,4,0,-8,-10,-59,-89,8,16,10,100
1155,FA,03,06,F9,F7,0A,08,FF,0055,-6,3,6,-7,-9,10,8,-1,85,224,8,16,10,100
1156,F9,02,FC,01,05,04,F9,00,FFF3,-7,2,-4,1,5,4,-7,0,-13,-12,8,16,10,100
1157,09,F9,05,FE,FD,03,02,07,FFE1,9,-7,5,-2,-3,3,2,7,-31,-83,8,16,10,100
1158,06,07,FF,F7,04,FD,00,03,FFC3,6,7,-1,-9,4,-3,0,3,-61,-85,8,16,10,100
1159,05,F9,08,00,FB,05,00,FD,000B,5,-7,8,0,-5,5,0,-3,11,-49,8,16,10,100
1160,FB,FD,FC,FE,F7,FF,F6,FF,FFBD,-5,-3,-4,-2,-9,-1,-10,-1,-67,23,8,16,10,100
1161,00,FF,04,F7,04,FF,01,08,FFDF,0,-1,4,-9,4,-1,1,8,-33,-100,8,16,10,100
1162,FD,09,0A,F8,06,04,FF,01,0061,-3,9,10,-8,6,4,-1,1,97,97,8,16,10,100
1163,F7,F6,F7,FD,F8,00,FF,04,FFDA,-9,-10,-9,-3,-8,0,-1,4,-38,31,8,16,10,100
1164,FD,02,F8,09,05,FC,01,F8,0015,-3,2,-8,9,5,-4,1,-8,21,-82,8,16,10,100
1165,FE,0A,07,06,FB,F9,06,FB,FFED,-2,10,7,6,-5,-7,6,-5,-19,-67,8,16,10,100
1166,F6,F7,03,FF,F9,07,06,05,FFD8,-10,-9,3,-1,-7,7,6,5,-40,-20,8,16,10,100
1167,FA,06,F8,09,0A,06,05,FD,0059,-6,6,-8,9,10,6,5,-3,89,-2,8,16,10,100
1168,05,FD,07,FC,FE,06,02,09,FFBB,5,-3,7,-4,-2,6,2,9,-69,-119,8,16,10,100
1169,0A,0A,08,F6,0A,F6,FB,04,002E,10,10,8,-10,10,-10,-5,4,46,-34,8,16,10,100
1170,06,00,0A,F6,03,F9,FA,05,FFB7,6,0,10,-10,3,-7,-6,5,-73,-165,8,16,10,100
1171,FF,FF,FD,FD,FB,F9,F8,08,0037,-1,-1,-3,-3,-5,-7,-8,8,55,67,8,16,10,100
1172,00,FC,FD,03,FD,F7,F6,09,0028,0,-4,-3,3,-3,-9,-10,9,40,133,8,16,10,100
1173,F7,06,0A,01,F6,02,FA,F8,FFC2,-9,6,10,1,-10,2,-6,-8,-62,-28,8,16,10,100
1174,FE,F8,FC,02,FE,00,08,01,0041,-2,-8,-4,2,-2,0,8,1,65,39,8,16,10,100
1175,04,03,FF,F8,FD,00,05,F8,FFE7,4,3,-1,-8,-3,0,5,-8,-25,22,8,16,10,100
1176,09,06,F8,03,05,F8,FA,FD,FF9E,9,6,-8,3,5,-8,-6,-3,-98,-62,8,16,10,100
1177,FA,05,F9,F7,FE,FC,09,F6,001A,-6,5,-7,-9,-2,-4,9,-10,26,45,8,16,10,100
1178,05,F7,0A,FF,06,FD,05,F6,FFD7,5,-9,10,-1,6,-3,5,-10,-41,76,8,16,10,100
1179,FC,01,FB,F6,FA,0A,04,01,FFC1,-4,1,-5,-10,-6,10,4,1,-63,-59,8,16,10,100
1180,03,FB,04,00,F6,FE,F9,09,FFEF,3,-5,4,0,-10,-2,-7,9,-17,-65,8,16,10,100
1181,FE,FF,08,FA,09,F7,F8,02,FFF2,-2,-1,8,-6,9,-9,-8,2,-14,-99,8,16,10,100
1182,04,0A,06,FF,06,02,FF,09,FFEF,4,10,6,-1,6,2,-1,9,-17,12,8,16,10,100
1183,03,09,FA,09,07,09,FD,01,0024,3,9,-6,9,7,9,-3,1,36,165,8,16,10,100
1184,F8,FA,FA,FB,F8,F7,02,F7,FFB5,-8,-6,-6,-5,-8,-9,2,-9,-75,76,8,16,10,100
1185,F8,04,07,F8,FB,08,02,FF,0019,-8,4,7,-8,-5,8,2,-1,25,119,8,16,10,100
1186,03,09,05,FB,F9,FE,00,06,FFEE,3,9,5,-5,-7,-2,0,6,-18,-87,8,16,10,100
1187,0A,FE,F6,03,FD,FF,05,F7,FFAB,10,-2,-10,3,-3,-1,5,-9,-85,-190,8,16,10,100
1188,07,FE,F6,03,09,FD,00,08,FFFE,7,-2,-10,3,9,-3,0,8,-2,91,8,16,10,100
1189,FF,02,05,FA,FC,FA,FB,08,000F,-1,2,5,-6,-4,-6,-5,8,15,-66,8,16,10,100
1190,08,FE,05,02,06,03,F8,04,FFE7,8,-2,5,2,6,3,-8,4,-25,-15,8,16,10,100
1191,FC,F8,FC,FB,F7,00,0A,FD,001B,-4,-8,-4,-5,-9,0,10,-3,27,38,8,16,10,100
1192,FF,05,02,00,09,09,F8,FB,0033,-1,5,2,0,9,9,-8,-5,51,71,8,16,10,100
1193,08,F9,08,02,FC,08,04,FA,0019,8,-7,8,2,-4,8,4,-6,25,-43,8,16,10,100
1194,01,F8,FC,08,01,F9,FE,FB,0044,1,-8,-4,8,1,-7,-2,-5,68,93,8,16,10,100
1195,05,03,F6,FE,FB,FB,FD,F9,FFB7,5,3,-10,-2,-5,-5,-3,-7,-73,-69,8,16,10,100
1196,FF,0A,09,09,F8,08,02,01,0053,-1,10,9,9,-8,8,2,1,83,198,8,16,10,100
1197,05,04,FE,F6,01,01,06,01,FFBB,5,4,-2,-10,1,1,6,1,-69,-82,8,16,10,100
1198,06,FA,FC,FE,03,09,FF,01,0000,6,-6,-4,-2,3,9,-1,1,0,-34,8,16,10,100
1199,01,FC,FD,F7,07,FD,01,04,FFD7,1,-4,-3,-9,7,-3,1,4,-41,-61,8,16,10,100
1200,FB,F9,FF,FA,09,05,F9,03,002C,-5,-7,-1,-6,9,5,-7,3,44,-47,8,16,10,100
1201,03,08,0A,08,FF,FB,FD,07,0050,3,8,10,8,-1,-5,-3,7,80,63,8,16,10,100
1202,06,01,FD,0A,00,FA,FB,F8,FFCD,6,1,-3,10,0,-6,-5,-8,-51,-122,8,16,10,100
1203,00,FB,00,FC,F8,FA,F6,F7,FFFD,0,-5,0,-4,-8,-6,-10,-9,-3,63,8,16,10,100
1204,FC,03,02,02,FF,FB,07,05,0046,-4,3,2,2,-1,-5,7,5,70,83,8,16,10,100
1205,FF,0A,F8,F9,01,00,09,08,FFF9,-1,10,-8,-7,1,0,9,8,-7,-136,8,16,10,100
1206,FE,08,05,0A,0A,08,F6,FE,003A,-2,8,5,10,10,8,-10,-2,58,32,8,16,10,100
1207,FF,F8,F8,FD,F6,05,F9,03,005C,-1,-8,-8,-3,-10,5,-7,3,92,109,8,16,10,100
1208,FE,04,F8,00,08,05,02,FB,FFCD,-2,4,-8,0,8,5,2,-5,-51,-63,8,16,10,100
1209,F7,03,F8,F9,07,FA,01,F9,001B,-9,3,-8,-7,7,-6,1,-7,27,-13,8,16,10,100
1210,FD,F7,FC,FC,05,FC,FD,FC,FFDD,-3,-9,-4,-4,5,-4,-3,-4,-35,14,8,16,10,100
1211,FE,08,01,08,01,FE,FD,02,FFA9,-2,8,1,8,1,-2,-3,2,-87,-92,8,16,10,100
1212,FE,01,00,03,08,F6,FE,08,FFA1,-2,1,0,3,8,-10,-2,8,-95,-97,8,16,10,100
1213,F7,05,09,F8,00,F9,09,00,002B,-9,5,9,-8,0,-7,9,0,43,89,8,16,10,100
1214,04,FC,09,08,07,FA,FC,FE,0024,4,-4,9,8,7,-6,-4,-2,36,36,8,16,10,100
1215,04,09,05,01,04,F9,FE,06,0005,4,9,5,1,4,-7,-2,6,5,-46,8,16,10,100
1216,FB,FF,06,03,03,08,FE,01,004C,-5,-1,6,3,3,8,-2,1,76,44,8,16,10,100
1217,FB,FD,F7,FF,05,03,01,05,FFB1,-5,-3,-9,-1,5,3,1,5,-79,-127,8,16,10,100
1218,F7,F7,06,F6,FE,F6,FA,02,0009,-9,-9,6,-10,-2,-10,-6,2,9,61,8,16,10,100
1219,FC,06,FE,FE,09,08,F6,F6,FFA2,-4,6,-2,-2,9,8,-10,-10,-94,-42,8,16,10,100
1220,FB,FA,09,F9,F6,07,F9,F6,0035,-5,-6,9,-7,-10,7,-7,-10,53,68,8,16,10,100
1221,01,F6,FF,02,F8,FC,0A,07,0063,1,-10,-1,2,-8,-4,10,7,99,135,8,16,10,100
1222,08,0A,FD,0A,08,02,FA,F9,0023,8,10,-3,10,8,2,-6,-7,35,67,8,16,10,100
1223,FA,01,F6,00,FE,F8,F7,07,0052,-6,1,-10,0,-2,-8,-9,7,82,176,8,16,10,100
1224,FD,01,0A,F8,FA,07,02,01,0010,-3,1,10,-8,-6,7,2,1,16,53,8,16,10,100
1225,04,F8,04,01,07,F7,07,F7,0049,4,-8,4,1,7,-9,7,-9,73,192,8,16,10,100
1226,FD,01,02,FF,00,F9,FE,FD,003E,-3,1,2,-1,0,-7,-2,-3,62,54,8,16,10,100
1227,F9,03,08,00,00,04,F8,FC,FFAC,-7,3,8,0,0,4,-8,-4,-84,-136,8,16,10,100
1228,02,F6,05,FA,F7,03,F6,05,FFC7,2,-10,5,-6,-9,3,-10,5,-57,-185,8,16,10,100
1229,00,F8,03,FA,FB,F6,0A,08,FFAB,0,-8,3,-6,-5,-10,10,8,-85,-23,8,16,10,100
1230,FC,FD,FE,03,06,04,F9,FF,FFE8,-4,-3,-2,3,6,4,-7,-1,-24,-49,8,16,10,100
1231,F9,09,FE,08,09,02,F7,F9,FFFD,-7,9,-2,8,9,2,-9,-7,-3,-86,8,16,10,100
1232,08,09,08,F7,01,FF,FE,F9,FFD6,8,9,8,-9,1,-1,-2,-7,-42,4,8,16,10,100
1233,FE,02,FE,F9,0A,FE,FF,F9,0009,-2,2,-2,-7,10,-2,-1,-7,9,36,8,16,10,100
1234,FA,FC,07,F9,01,01,07,FD,0023,-6,-4,7,-7,1,1,7,-3,35,95,8,16,10,100
1235,04,FD,F9,03,01,F8,05,00,0047,4,-3,-7,3,1,-8,5,0,71,64,8,16,10,100
1236,03,FC,01,01,01,0A,FB,FE,FFBE,3,-4,1,1,1,10,-5,-2,-66,-110,8,16,10,100
1237,03,F9,FF,F6,F8,FA,00,F8,FFE0,3,-7,-1,-10,-8,-6,0,-8,-32,66,8,16,10,100
1238,FE,FF,03,FF,FE,0A,FD,01,0004,-2,-1,3,-1,-2,10,-3,1,4,-12,8,16,10,100
1239,F9,05,F9,F6,F9,FD,FD,03,FFA6,-7,5,-7,-10,-7,-3,-3,3,-90,-65,8,16,10,100
1240,FD,01,09,08,FF,03,02,F6,FFA4,-3,1,9,8,-1,3,2,-10,-92,-148,8,16,10,100
1241,03,0A,F9,FE,FE,FE,09,01,0035,3,10,-7,-2,-2,-2,9,1,53,-38,8,16,10,100
1242,F7,F7,05,03,F8,F7,FC,05,FFD8,-9,-9,5,3,-8,-9,-4,5,-40,108,8,16,10,100
1243,FB,08,08,01,00,00,0A,F6,FFB0,-5,8,8,1,0,0,10,-10,-80,-10,8,16,10,100
1244,F8,0A,F8,05,07,FF,FB,FF,002E,-8,10,-8,5,7,-1,-5,-1,46,15,8,16,10,100
1245,F9,FA,02,04,F9,FF,07,03,0004,-7,-6,2,4,-7,-1,7,3,4,85,8,16,10,100
1246,F8,F9,FC,03,FE,09,03,FB,001B,-8,-7,-4,3,-2,9,3,-5,27,-47,8,16,10,100
1247,01,05,FC,04,FE,F6,FD,07,FFC0,1,5,-4,4,-2,-10,-3,7,-64,-76,8,16,10,100
1248,F6,07,FB,FF,03,0A,FD,FA,0019,-10,7,-5,-1,3,10,-3,-6,25,86,8,16,10,100
1249,FC,09,04,00,F6,F7,04,F6,0033,-4,9,4,0,-10,-9,4,-10,51,26,8,16,10,100
1250,FB,0A,05,F6,F8,F8,FF,F8,FFAB,-5,10,5,-10,-8,-8,-1,-8,-85,-50,8,16,10,100
1251,FD,FF,00,FA,F9,F8,07,F7,FFE0,-3,-1,0,-6,-7,-8,7,-9,-32,51,8,16,10,100
1252,08,F9,FF,03,0A,FB,F8,FB,FFFF,8,-7,-1,3,10,-5,-8,-5,-1,107,8,16,10,100
1253,FF,F9,F7,04,FF,06,F6,08,005A,-1,-7,-9,4,-1,6,-10,8,90,171,8,16,10,100
1254,06,04,F9,09,FB,02,08,F9,FFAA,6,4,-7,9,-5,2,8,-7,-86,-227,8,16,10,100
1255,00,08,F8,FC,02,F9,05,05,FFB6,0,8,-8,-4,2,-7,5,5,-74,-190,8,16,10,100
1256,07,01,FA,FC,00,FD,05,05,001A,7,1,-6,-4,0,-3,5,5,26,-27,8,16,10,100
1257,06,08,08,FD,0A,FA,02,FF,FFF0,6,8,8,-3,10,-6,2,-1,-16,15,8,16,10,100
1258,F8,FD,F9,09,F8,F8,FF,00,FFBE,-8,-3,-7,9,-8,-8,-1,0,-66,29,8,16,10,100
1259,07,FF,F6,04,06,05,FC,07,0051,7,-1,-10,4,6,5,-4,7,81,186,8,16,10,100
1260,05,03,07,05,00,F9,0A,F6,0061,5,3,7,5,0,-7,10,-10,97,96,8,16,10,100
1261,FF,FE,FB,01,0A,FB,FE,F7,0003,-1,-2,-5,1,10,-5,-2,-9,3,4,8,16,10,100
1262,FA,F9,F6,00,03,09,03,07,FFB4,-6,-7,-10,0,3,9,3,7,-76,-187,8,16,10,100
1263,04,05,FC,FE,FD,F6,0A,09,000E,4,5,-4,-2,-3,-10,10,9,14,-106,8,16,10,100
1264,FD,FC,0A,FF,F8,FE,06,0A,0058,-3,-4,10,-1,-8,-2,6,10,88,170,8,16,10,100
1265,07,03,F9,06,02,F6,03,07,0023,7,3,-7,6,2,-10,3,7,35,40,8,16,10,100
1266,0A,01,FB,F8,05,02,09,03,FFD0,10,1,-5,-8,5,2,9,3,-48,-65,8,16,10,100
1267,FE,02,01,05,F8,FD,FE,F9,0036,-2,2,1,5,-8,-3,-2,-7,54,27,8,16,10,100
1268,F8,F8,06,02,00,00,FE,09,0057,-8,-8,6,2,0,0,-2,9,87,93,8,16,10,100
1269,09,FA,FF,F9,06,F8,06,FD,003B,9,-6,-1,-7,6,-8,6,-3,59,176,8,16,10,100
1270,05,01,FD,04,02,FC,06,F7,FFD6,5,1,-3,4,2,-4,6,-9,-42,-90,8,16,10,100
1271,F8,F9,08,F7,07,05,06,03,FFB8,-8,-7,8,-9,7,5,6,3,-72,-142,8,16,10,100
1272,04,F8,FD,06,02,03,03,03,FFE8,4,-8,-3,6,2,3,3,3,-24,-31,8,16,10,100
1273,F9,01,00,01,03,04,FE,05,0051,-7,1,0,1,3,4,-2,5,81,69,8,16,10,100
1274,FB,F6,00,05,FF,FC,07,F6,FFB7,-5,-10,0,5,-1,-4,7,-10,-73,-78,8,16,10,100
1275,03,05,FB,FF,05,09,00,08,001F,3,5,-5,-1,5,9,0,8,31,83,8,16,10,100
1276,FD,09,F6,F7,09,04,01,FF,FF9C,-3,9,-10,-9,9,4,1,-1,-100,-92,8,16,10,100
1277,F6,06,07,04,06,01,03,FB,FFBE,-10,6,7,4,6,1,3,-5,-66,-119,8,16,10,100
1278,FD,FF,F7,F6,F8,00,F6,03,005A,-3,-1,-9,-10,-8,0,-10,3,90,174,8,16,10,100
1279,0A,0A,08,05,07,02,00,FF,FFE7,10,10,8,5,7,2,0,-1,-25,60,8,16,10,100
1280,06,FE,FC,04,F6,F8,F8,0A,005D,6,-2,-4,4,-10,-8,-8,10,93,121,8,16,10,100
1281,06,FD,F9,02,FC,FE,F9,FD,FFA0,6,-3,-7,2,-4,-2,-7,-3,-96,-71,8,16,10,100
1282,07,FF,08,02,05,FE,FD,04,0001,7,-1,8,2,5,-2,-3,4,1,22,8,16,10,100
1283,FB,FC,02,02,00,0A,FB,00,FFA4,-5,-4,2,2,0,10,-5,0,-92,-142,8,16,10,100
1284,09,09,00,FE,FF,02,06,F9,002C,9,9,0,-2,-1,2,6,-7,44,67,8,16,10,100
1285,03,07,05,FD,FF,FB,FF,06,0060,3,7,5,-3,-1,-5,-1,6,96,35,8,16,10,100
1286,05,03,F8,FD,F8,01,09,02,FFBB,5,3,-8,-3,-8,1,9,2,-69,-184,8,16,10,100
1287,09,06,F6,F8,F9,09,05,09,000D,9,6,-10,-8,-7,9,5,9,13,-118,8,16,10,100
1288,0A,FF,08,FC,02,01,FA,FB,0017,10,-1,8,-4,2,1,-6,-5,23,14,8,16,10,100
1289,F7,00,FF,07,08,05,06,F6,004F,-9,0,-1,7,8,5,6,-10,79,-69,8,16,10,100
1290,04,F7,06,F7,02,01,04,01,FFDC,4,-9,6,-9,2,1,4,1,-36,-22,8,16,10,100
1291,02,F9,03,04,08,FF,FA,01,FFA6,2,-7,3,4,8,-1,-6,1,-90,-81,8,16,10,100
1292,02,FE,FD,03,0A,FD,FA,08,FFC8,2,-2,-3,3,10,-3,-6,8,-56,12,8,16,10,100
1293,05,F6,0A,FB,09,FA,06,04,000A,5,-10,10,-5,9,-6,6,4,10,155,8,16,10,100
1294,08,00,FB,F8,FD,02,06,F7,001B,8,0,-5,-8,-3,2,6,-9,27,45,8,16,10,100
1295,00,0A,01,FC,08,08,08,FE,FFE5,0,10,1,-4,8,8,8,-2,-27,69,8,16,10,100
1296,05,FA,08,09,F9,FB,07,00,FFF7,5,-6,8,9,-7,-5,7,0,-9,42,8,16,10,100
1297,F7,06,FA,08,F9,0A,00,F7,FFB2,-9,6,-6,8,-7,10,0,-9,-78,-27,8,16,10,100
1298,06,08,F9,F6,08,F6,F8,FF,FF9C,6,8,-7,-10,8,-10,-8,-1,-100,-66,8,16,10,100
1299,FB,F6,02,03,FE,09,04,06,FFF5,-5,-10,2,3,-2,9,4,6,-11,-65,8,16,10,100
1300,F9,06,0A,FA,FF,FE,FE,08,FFF9,-7,6,10,-6,-1,-2,-2,8,-7,-80,8,16,10,100
1301,00,F9,F9,05,F7,FC,03,07,0041,0,-7,-7,5,-9,-4,3,7,65,107,8,16,10,100
1302,07,0A,04,0A,FF,F6,FA,08,FFAC,7,10,4,10,-1,-10,-6,8,-84,-135,8,16,10,100
1303,08,01,00,FC,F6,F8,FB,06,0059,8,1,0,-4,-10,-8,-5,6,89,-23,8,16,10,100
1304,F7,FB,F8,FE,F6,FC,FB,05,FFD1,-9,-5,-8,-2,-10,-4,-5,5,-47,93,8,16,10,100
1305,FB,F9,FA,01,06,03,F6,FE,FFBB,-5,-7,-6,1,6,3,-10,-2,-69,-62,8,16,10,100
1306,F8,08,0A,00,01,05,FA,08,FFCC,-8,8,10,0,1,5,-6,8,-52,-80,8,16,10,100
1307,FB,04,08,FF,FD,00,03,02,FFA6,-5,4,8,-1,-3,0,3,2,-90,-53,8,16,10,100
1308,03,F6,0A,FE,07,FE,F9,01,003B,3,-10,10,-2,7,-2,-7,1,59,28,8,16,10,100
1309,02,FA,FA,FE,F6,F8,08,F7,0058,2,-6,-6,-2,-10,-8,8,-9,88,86,8,16,10,100
1310,FF,09,05,09,FF,01,F7,02,001B,-1,9,5,9,-1,1,-9,2,27,10,8,16,10,100
1311,06,0A,00,F6,F9,F9,F6,02,FFB4,6,10,0,-10,-7,-7,-10,2,-76,-208,8,16,10,100
1312,FA,FE,02,02,FF,05,07,FB,FFD6,-6,-2,2,2,-1,5,7,-5,-42,-42,8,16,10,100
1313,03,FE,06,F7,07,F9,02,0A,000E,3,-2,6,-9,7,-7,2,10,14,-29,8,16,10,100
1314,05,0A,F7,0A,05,05,07,07,0063,5,10,-9,10,5,5,7,7,99,181,8,16,10,100
1315,00,FC,F6,04,06,06,FF,FE,FFDC,0,-4,-10,4,6,6,-1,-2,-36,-58,8,16,10,100
1316,FC,FF,F6,FB,FA,01,05,03,0061,-4,-1,-10,-5,-6,1,5,3,97,55,8,16,10,100
1317,04,03,07,04,07,FD,09,FE,003D,4,3,7,4,7,-3,9,-2,61,135,8,16,10,100
1318,F6,FC,FB,F7,F8,08,00,FA,FFB4,-10,-4,-5,-9,-8,8,0,-6,-76,26,8,16,10,100
1319,0A,06,0A,08,05,08,0A,0A,000B,10,6,10,8,5,8,10,10,11,289,8,16,10,100
1320,FD,06,01,F8,FD,05,FF,FE,0002,-3,6,1,-8,-3,5,-1,-2,2,56,8,16,10,100
1321,00,07,FA,F7,05,F7,00,F7,FFDC,0,7,-6,-9,5,-9,0,-9,-36,-18,8,16,10,100
1322,F9,FA,06,04,05,06,07,01,FFE8,-7,-6,6,4,5,6,7,1,-24,-49,8,16,10,100
1323,F6,F9,F7,01,08,F7,04,04,FFD4,-10,-7,-9,1,8,-9,4,4,-44,-93,8,16,10,100
1324,F7,FA,FD,FF,FA,FE,F9,06,FFD8,-9,-6,-3,-1,-6,-2,-7,6,-40,41,8,16,10,100
1325,03,09,02,FD,FA,FF,F9,F9,0005,3,9,2,-3,-6,-1,-7,-7,5,-15,8,16,10,100
1326,0A,07,F6,F6,09,06,05,FF,FFEE,10,7,-10,-10,9,6,5,-1,-18,74,8,16,10,100
1327,00,05,00,0A,FE,03,03,0A,004D,0,5,0,10,-2,3,3,10,77,192,8,16,10,100
1328,05,FC,09,08,FF,08,F6,FE,FFAB,5,-4,9,8,-1,8,-10,-2,-85,-228,8,16,10,100
1329,FE,FE,FD,0A,F8,09,01,FC,FFF8,-2,-2,-3,10,-8,9,1,-4,-8,-53,8,16,10,100
1330,F6,FD,FC,07,FD,FB,FE,03,0013,-10,-3,-4,7,-3,-5,-2,3,19,93,8,16,10,100
1331,05,FC,F6,01,04,06,05,00,0042,5,-4,-10,1,4,6,5,0,66,12,8,16,10,100
1332,FE,F8,FD,07,08,F8,FB,F8,0060,-2,-8,-3,7,8,-8,-5,-8,96,103,8,16,10,100
1333,05,04,08,FF,07,02,FC,FA,FFCA,5,4,8,-1,7,2,-4,-6,-54,-37,8,16,10,100
1334,FB,07,06,04,F8,07,08,01,FFA1,-5,7,6,4,-8,7,8,1,-95,46,8,16,10,100
1335,F9,07,FE,F8,F9,FF,01,05,FFB9,-7,7,-2,-8,-7,-1,1,5,-71,-71,8,16,10,100
1336,03,03,FD,07,FF,F6,FC,06,FFB4,3,3,-3,7,-1,-10,-4,6,-76,-55,8,16,10,100
1337,03,FB,FE,09,06,F6,06,02,FFDF,3,-5,-2,9,6,-10,6,2,-33,41,8,16,10,100
1338,0A,05,FA,FF,06,F8,04,FA,FFEF,10,5,-6,-1,6,-8,4,-6,-17,-15,8,16,10,100
1339,08,F6,F9,04,00,01,FB,FE,003D,8,-10,-7,4,0,1,-5,-2,61,78,8,16,10,100
1340,FD,FF,04,FF,00,FC,FC,05,0015,-3,-1,4,-1,0,-4,-4,5,21,4,8,16,10,100
1341,F7,06,FC,04,FB,F8,07,09,0035,-9,6,-4,4,-5,-8,7,9,53,58,8,16,10,100
1342,F6,07,F9,06,08,FB,F9,F7,0042,-10,7,-7,6,8,-5,-7,-9,66,-54,8,16,10,100
1343,06,07,00,00,0A,FF,05,03,0037,6,7,0,0,10,-1,5,3,55,108,8,16,10,100
1344,F8,0A,01,FA,F8,FD,FF,FD,FFAE,-8,10,1,-6,-8,-3,-1,-3,-82,-31,8,16,10,100
1345,F8,04,F8,07,00,02,07,0A,0003,-8,4,-8,7,0,2,7,10,3,25,8,16,10,100
1346,03,02,06,FA,03,FA,01,02,0025,3,2,6,-6,3,-6,1,2,37,28,8,16,10,100
1347,FD,08,F9,09,03,04,F8,FA,0054,-3,8,-7,9,3,4,-8,-6,84,109,8,16,10,100
1348,05,FA,08,FE,FD,0A,FA,FD,0059,5,-6,8,-2,-3,10,-6,-3,89,-28,8,16,10,100
1349,09,0A,02,03,FC,00,FE,FD,FFDD,9,10,2,3,-4,0,-2,-3,-35,-84,8,16,10,100
1350,FA,04,F9,0A,09,0A,F6,FC,FFD4,-6,4,-7,10,9,10,-10,-4,-44,-28,8,16,10,100
1351,FD,F6,07,08,02,F9,03,FD,FFB6,-3,-10,7,8,2,-7,3,-3,-74,-13,8,16,10,100
1352,FE,F9,0A,F8,04,03,04,01,FFF2,-2,-7,10,-8,4,3,4,1,-14,-11,8,16,10,100
1353,01,07,05,F8,FA,08,F6,01,FFF1,1,7,5,-8,-6,8,-10,1,-15,-23,8,16,10,100
1354,F9,F8,06,06,06,FA,08,04,FFF5,-7,-8,6,6,6,-6,8,4,-11,67,8,16,10,100
1355,01,FF,FE,02,F6,F7,08,FA,FFCA,1,-1,-2,2,-10,-9,8,-6,-54,-83,8,16,10,100
1356,F7,06,06,09,0A,FE,F8,04,FFFB,-9,6,6,9,10,-2,-8,4,-5,-119,8,16,10,100
1357,07,04,FC,FF,F9,F8,FB,04,FFF6,7,4,-4,-1,-7,-8,-5,4,-10,-75,8,16,10,100
1358,03,05,FC,FD,FF,06,FD,F7,FFD8,3,5,-4,-3,-1,6,-3,-9,-40,26,8,16,10,100
1359,F9,FB,03,04,08,03,09,06,FFF8,-7,-5,3,4,8,3,9,6,-8,-28,8,16,10,100
1360,01,00,FB,FD,F7,08,FB,05,0009,1,0,-5,-3,-9,8,-5,5,9,10,8,16,10,100
1361,05,F9,FC,05,02,F7,00,07,001E,5,-7,-4,5,2,-9,0,7,30,138,8,16,10,100
1362,FD,06,F7,0A,09,07,01,FA,FFCA,-3,6,-9,10,9,7,1,-6,-54,-108,8,16,10,100
1363,FF,FA,03,03,01,03,FC,07,0028,-1,-6,3,3,1,3,-4,7,40,30,8,16,10,100
1364,07,F7,FC,FC,FC,FB,00,FA,FFA4,7,-9,-4,-4,-4,-5,0,-6,-92,-51,8,16,10,100
1365,0A,FF,FE,09,02,01,00,FB,FFF0,10,-1,-2,9,2,1,0,-5,-16,-42,8,16,10,100
1366,FF,08,FE,09,FF,F9,00,F9,FFA2,-1,8,-2,9,-1,-7,0,-7,-94,-212,8,16,10,100
1367,FD,FE,F8,03,F9,05,FF,0A,FFBF,-3,-2,-8,3,-7,5,-1,10,-65,-16,8,16,10,100
1368,02,FE,F9,01,FC,02,01,00,004D,2,-2,-7,1,-4,2,1,0,77,58,8,16,10,100
1369,F6,FB,01,05,01,02,06,01,FFE3,-10,-5,1,5,1,2,6,1,-29,-38,8,16,10,100
1370,03,04,02,02,FA,FE,01,F7,FFEF,3,4,2,2,-6,-2,1,-9,-17,-59,8,16,10,100
1371,F6,0A,FA,0A,FE,06,07,F7,0050,-10,10,-6,10,-2,6,7,-9,80,28,8,16,10,100
1372,02,F8,0A,0A,05,FF,0A,F9,0016,2,-8,10,10,5,-1,10,-7,22,70,8,16,10,100
1373,06,05,05,02,0A,01,FB,FB,000C,6,5,5,2,10,1,-5,-5,12,42,8,16,10,100
1374,01,00,FA,FE,F9,05,04,F7,FFC3,1,0,-6,-2,-7,5,4,-9,-61,-74,8,16,10,100
1375,07,F7,FD,02,03,06,08,F9,FFC2,7,-9,-3,2,3,6,8,-7,-62,-133,8,16,10,100
1376,FE,05,01,01,05,FD,02,F7,004B,-2,5,1,1,5,-3,2,-9,75,43,8,16,10,100
1377,06,09,F6,F8,F6,07,04,FC,FF9C,6,9,-10,-8,-10,7,4,-4,-100,-105,8,16,10,100
1378,FE,F8,09,01,03,F8,02,FB,0029,-2,-8,9,1,3,-8,2,-5,41,112,8,16,10,100
1379,00,F6,02,FB,FC,F7,04,FD,0015,0,-10,2,-5,-4,-9,4,-3,21,134,8,16,10,100
1380,F9,06,FD,FF,F6,09,04,03,005B,-7,6,-3,-1,-10,9,4,3,91,200,8,16,10,100
1381,07,FC,FA,02,F7,F9,FC,03,FFE2,7,-4,-6,2,-9,-7,-4,3,-30,-35,8,16,10,100
1382,F6,06,0A,F8,F6,F8,FB,01,0003,-10,6,10,-8,-10,-8,-5,1,3,-3,8,16,10,100
1383,03,01,F9,FB,05,01,F7,06,FFB6,3,1,-7,-5,5,1,-9,6,-74,-25,8,16,10,100
1384,07,02,05,01,F7,F7,08,01,0039,7,2,5,1,-9,-9,8,1,57,17,8,16,10,100
1385,03,FE,07,FD,FF,FF,06,FE,FFF6,3,-2,7,-3,-1,-1,6,-2,-10,37,8,16,10,100
1386,03,FF,02,0A,FF,F7,F7,FF,0007,3,-1,2,10,-1,-9,-9,-1,7,-15,8,16,10,100
1387,05,01,06,F6,F8,05,05,FF,FFB2,5,1,6,-10,-8,5,5,-1,-78,-73,8,16,10,100
1388,F7,07,07,01,F8,F7,05,02,FFE8,-9,7,7,1,-8,-9,5,2,-24,22,8,16,10,100
1389,09,FC,04,F9,05,01,03,FD,001F,9,-4,4,-7,5,1,3,-3,31,105,8,16,10,100
1390,0A,FF,FA,09,00,04,06,00,0049,10,-1,-6,9,0,4,6,0,73,33,8,16,10,100
1391,F8,FF,05,FE,01,08,FD,02,0054,-8,-1,5,-2,1,8,-3,2,84,49,8,16,10,100
1392,F6,08,F8,07,F6,FC,FD,00,0041,-10,8,-8,7,-10,-4,-3,0,65,157,8,16,10,100
1393,FD,FB,02,FA,03,0A,08,FA,FFDB,-3,-5,2,-6,3,10,8,-6,-37,-44,8,16,10,100
1394,FB,02,03,05,FD,09,0A,F9,0038,-5,2,3,5,-3,9,10,-7,56,84,8,16,10,100
1395,0A,09,F9,FA,FB,F6,F9,05,FFD6,10,9,-7,-6,-5,-10,-7,5,-42,-163,8,16,10,100
1396,FE,FD,00,FD,FA,02,04,F7,0044,-2,-3,0,-3,-6,2,4,-9,68,101,8,16,10,100
1397,02,01,05,07,FE,F6,00,07,0032,2,1,5,7,-2,-10,0,7,50,85,8,16,10,100
1398,FC,01,F9,06,03,F8,04,FF,FFCD,-4,1,-7,6,3,-8,4,-1,-51,-105,8,16,10,100
1399,03,05,FB,01,08,05,00,04,FFB3,3,5,-5,1,8,5,0,4,-77,-24,8,16,10,100
1400,03,09,01,F7,F8,F8,F9,02,FFA5,3,9,1,-9,-8,-8,-7,2,-91,-212,8,16,10,100
1401,FB,FB,F6,FC,FA,FD,F9,05,002B,-5,-5,-10,-4,-6,-3,-7,5,43,138,8,16,10,100
1402,FD,FF,F7,07,00,08,FA,F6,005E,-3,-1,-9,7,0,8,-6,-10,94,70,8,16,10,100
1403,00,09,0A,09,FD,01,FE,08,FFB3,0,9,10,9,-3,1,-2,8,-77,-16,8,16,10,100
1404,00,06,09,04,FD,00,06,09,001B,0,6,9,4,-3,0,6,9,27,117,8,16,10,100
1405,FD,02,09,01,0A,07,08,00,0040,-3,2,9,1,10,7,8,0,64,120,8,16,10,100
1406,FD,FC,0A,00,FF,00,05,F9,0040,-3,-4,10,0,-1,0,5,-7,64,117,8,16,10,100
1407,03,02,03,08,FC,04,FF,FD,0054,3,2,3,8,-4,4,-1,-3,84,53,8,16,10,100
1408,FF,FB,00,07,F7,FB,FB,FB,000A,-1,-5,0,7,-9,-5,-5,-5,10,9,8,16,10,100
1409,06,08,0A,05,07,06,FE,FD,004C,6,8,10,5,7,6,-2,-3,76,131,8,16,10,100
1410,F9,03,03,05,01,08,0A,FC,FFF1,-7,3,3,5,1,8,10,-4,-15,12,8,16,10,100
1411,08,00,07,03,05,08,03,F8,000E,8,0,7,3,5,8,3,-8,14,51,8,16,10,100
1412,04,0A,05,04,09,F8,02,FF,0053,4,10,5,4,9,-8,2,-1,83,45,8,16,10,100
1413,FE,0A,09,01,00,FD,FE,08,0031,-2,10,9,1,0,-3,-2,8,49,9,8,16,10,100
1414,FA,06,01,08,F9,03,05,03,FFB8,-6,6,1,8,-7,3,5,3,-72,17,8,16,10,100
1415,05,09,08,0A,F9,F9,FB,F7,005E,5,9,8,10,-7,-7,-5,-9,94,-134,8,16,10,100
1416,F9,FC,06,FD,04,F7,00,FA,005C,-7,-4,6,-3,4,-9,0,-6,92,118,8,16,10,100
1417,FF,04,02,FE,FA,F8,FF,06,0015,-1,4,2,-2,-6,-8,-1,6,21,-19,8,16,10,100
1418,02,03,09,F8,04,FC,06,FC,FFEB,2,3,9,-8,4,-4,6,-4,-21,61,8,16,10,100
1419,06,FA,FC,09,FA,01,05,FD,000D,6,-6,-4,9,-6,1,5,-3,13,-76,8,16,10,100
1420,FB,FD,05,F7,08,FF,02,F9,000A,-5,-3,5,-9,8,-1,2,-7,10,46,8,16,10,100
1421,F6,01,F9,F6,00,FE,07,FA,FFA2,-10,1,-7,-10,0,-2,7,-6,-94,-85,8,16,10,100
1422,FD,05,FF,09,F7,0A,0A,08,FFBF,-3,5,-1,9,-9,10,10,8,-65,74,8,16,10,100
1423,01,03,03,F8,06,F6,F7,FD,FFD6,1,3,3,-8,6,-10,-9,-3,-42,-69,8,16,10,100
1424,F7,FB,F7,00,F7,06,F7,FE,0052,-9,-5,-9,0,-9,6,-9,-2,82,214,8,16,10,100
1425,08,FD,F6,08,FB,02,06,07,005A,8,-3,-10,8,-5,2,6,7,90,40,8,16,10,100
1426,08,03,00,FE,F9,03,F8,FB,FFB4,8,3,0,-2,-7,3,-8,-5,-76,-113,8,16,10,100
1427,09,05,06,00,01,FF,FC,FE,FFDF,9,5,6,0,1,-1,-4,-2,-33,-53,8,16,10,100
1428,FC,FC,07,FD,F9,F9,0A,FB,FFFD,-4,-4,7,-3,-7,-7,10,-5,-3,138,8,16,10,100
1429,F9,FB,F9,F9,09,06,FC,09,001A,-7,-5,-7,-7,9,6,-4,9,26,-102,8,16,10,100
1430,00,01,05,FC,05,FD,FF,F8,FFC2,0,1,5,-4,5,-3,-1,-8,-62,-38,8,16,10,100
1431,06,FF,FF,FD,FF,04,07,07,0058,6,-1,-1,-3,-1,4,7,7,88,50,8,16,10,100
1432,FA,05,06,03,FE,F6,FF,FC,FFA7,-6,5,6,3,-2,-10,-1,-4,-89,-145,8,16,10,100
1433,FD,F8,05,01,08,0A,03,02,0036,-3,-8,5,1,8,10,3,2,54,-33,8,16,10,100
1434,F9,04,02,07,04,FE,00,F8,FFEE,-7,4,2,7,4,-2,0,-8,-18,-110,8,16,10,100
1435,00,00,09,05,F7,FF,05,FF,0049,0,0,9,5,-9,-1,5,-1,73,113,8,16,10,100
1436,FF,FD,00,07,06,FA,F8,04,0062,-1,-3,0,7,6,-6,-8,4,98,138,8,16,10,100
1437,01,FF,FF,F7,FD,04,FC,FA,0052,1,-1,-1,-9,-3,4,-4,-6,82,133,8,16,10,100
1438,FA,FB,FC,04,FC,FA,FC,F8,0020,-6,-5,-4,4,-4,-6,-4,-8,32,70,8,16,10,100
1439,F7,F7,08,F9,F8,FB,F9,FD,FFC3,-9,-9,8,-7,-8,-5,-7,-3,-61,21,8,16,10,100
1440,09,01,FC,F8,03,FD,FD,03,0002,9,1,-4,-8,3,-3,-3,3,2,14,8,16,10,100
1441,08,FB,05,FB,03,07,F8,0A,0015,8,-5,5,-5,3,7,-8,10,21,-80,8,16,10,100
1442,02,FD,05,06,FA,F6,FF,FB,FFD3,2,-3,5,6,-6,-10,-1,-5,-45,-62,8,16,10,100
1443,FD,02,02,0A,04,F8,F6,F8,FFEF,-3,2,2,10,4,-8,-10,-8,-17,-145,8,16,10,100
1444,F9,00,F9,0A,0A,09,02,F6,FFA4,-7,0,-7,10,10,9,2,-10,-92,-276,8,16,10,100
1445,05,06,03,F9,FA,02,00,02,002B,5,6,3,-7,-6,2,0,2,43,11,8,16,10,100
1446,F9,FF,F8,FF,0A,0A,0A,01,0034,-7,-1,-8,-1,10,10,10,1,52,-109,8,16,10,100
1447,F9,00,09,07,F6,01,FF,F9,FFCE,-7,0,9,7,-10,1,-1,-7,-50,-38,8,16,10,100
1448,FC,F6,FF,FF,F6,04,05,F6,FFB4,-4,-10,-1,-1,-10,4,5,-10,-76,-71,8,16,10,100
1449,FB,F8,FF,04,05,F6,09,01,FFF5,-5,-8,-1,4,5,-10,9,1,-11,39,8,16,10,100
1450,FD,FC,04,FA,F6,FE,FB,04,0053,-3,-4,4,-6,-10,-2,-5,4,83,77,8,16,10,100
1451,05,03,FC,05,FE,03,02,08,002C,5,3,-4,5,-2,3,2,8,44,75,8,16,10,100
1452,06,FF,00,0A,09,FB,05,F9,FFC2,6,-1,0,10,9,-5,5,-7,-62,-73,8,16,10,100
1453,0A,07,FC,04,00,FB,06,03,FFAC,10,7,-4,4,0,-5,6,3,-84,-131,8,16,10,100
1454,FA,0A,03,FF,F9,00,04,01,0044,-6,10,3,-1,-7,0,4,1,68,121,8,16,10,100
1455,F8,FC,06,01,F8,FD,F9,05,0001,-8,-4,6,1,-8,-3,-7,5,1,40,8,16,10,100
1456,00,06,FF,07,02,00,09,05,0041,0,6,-1,7,2,0,9,5,65,91,8,16,10,100
1457,FC,05,F8,06,F8,FC,F7,02,003F,-4,5,-8,6,-8,-4,-9,2,63,159,8,16,10,100
1458,FA,06,0A,04,F6,07,01,FF,0035,-6,6,10,4,-10,7,1,-1,53,161,8,16,10,100
1459,FB,00,F6,05,08,FC,FF,01,FFE9,-5,0,-10,5,8,-4,-1,1,-23,-48,8,16,10,100
1460,08,F6,06,07,08,04,FB,FE,FFDA,8,-10,6,7,8,4,-5,-2,-38,-58,8,16,10,100
1461,FC,0A,06,05,F9,03,FD,0A,004B,-4,10,6,5,-7,3,-3,10,75,165,8,16,10,100
1462,05,FA,09,06,07,FB,07,07,0041,5,-6,9,6,7,-5,7,7,65,235,8,16,10,100
1463,08,08,FE,05,FE,FD,08,FE,FFFC,8,8,-2,5,-2,-3,8,-2,-4,-70,8,16,10,100
1464,08,05,07,03,05,FD,FB,F8,0016,8,5,7,3,5,-3,-5,-8,22,-12,8,16,10,100
1465,F9,04,07,F6,01,06,F8,02,0017,-7,4,7,-10,1,6,-8,2,23,-36,8,16,10,100
1466,FC,FF,FA,F9,FC,02,F6,F8,FFB3,-4,-1,-6,-7,-4,2,-10,-8,-77,53,8,16,10,100
1467,05,0A,FF,09,FA,F8,FE,FB,005B,5,10,-1,9,-6,-8,-2,-5,91,-62,8,16,10,100
1468,05,F6,FE,F6,09,FD,04,00,FFF4,5,-10,-2,-10,9,-3,4,0,-12,55,8,16,10,100
1469,00,02,FB,F9,F6,FD,05,03,FFEC,0,2,-5,-7,-10,-3,5,3,-20,-72,8,16,10,100
1470,F6,FA,F6,FA,08,04,FD,0A,0041,-10,-6,-10,-6,8,4,-3,10,65,-69,8,16,10,100
1471,F7,FD,F9,0A,FA,05,FA,F9,0038,-9,-3,-7,10,-6,5,-6,-7,56,67,8,16,10,100
1472,09,00,FB,09,F8,FB,F8,FA,FFE1,9,0,-5,9,-8,-5,-8,-6,-31,-117,8,16,10,100
1473,F7,FC,FC,01,F6,F7,08,FC,FFF6,-9,-4,-4,1,-10,-9,8,-4,-10,80,8,16,10,100
1474,02,FC,0A,03,FA,FD,F7,07,FFD4,2,-4,10,3,-6,-3,-9,7,-44,-113,8,16,10,100
1475,0A,07,F8,FB,04,01,F6,07,FFEA,10,7,-8,-5,4,1,-10,7,-22,70,8,16,10,100
1476,FC,F7,FA,01,00,06,01,03,FFE6,-4,-9,-6,1,0,6,1,3,-26,-83,8,16,10,100
1477,FB,FF,F8,07,01,06,03,F9,FFF9,-5,-1,-8,7,1,6,3,-7,-7,-91,8,16,10,100
1478,03,FF,F8,F9,04,FB,FB,F6,FFC1,3,-1,-8,-7,4,-5,-5,-10,-63,64,8,16,10,100
1479,FC,FE,FB,0A,0A,04,08,FD,FFED,-4,-2,-5,10,10,4,8,-3,-19,-137,8,16,10,100
1480,07,00,07,FA,00,03,02,0A,FFF3,7,0,7,-6,0,3,2,10,-13,-59,8,16,10,100
1481,FD,04,F7,0A,04,F9,F9,FC,FFFE,-3,4,-9,10,4,-7,-7,-4,-2,-19,8,16,10,100
1482,09,02,02,F9,00,F7,FE,00,FFF7,9,2,2,-7,0,-9,-2,0,-9,-31,8,16,10,100
1483,04,05,F9,04,F8,F7,F9,09,0052,4,5,-7,4,-8,-9,-7,9,82,90,8,16,10,100
1484,F9,07,F6,02,03,F9,FF,01,003F,-7,7,-10,2,3,-7,-1,1,63,5,8,16,10,100
1485,02,F7,0A,09,FD,FB,FF,01,FFEE,2,-9,10,9,-3,-5,-1,1,-18,20,8,16,10,100
1486,04,F8,04,FB,F6,03,FA,09,FFEB,4,-8,4,-5,-10,3,-6,9,-21,-154,8,16,10,100
1487,F7,03,0A,F7,FD,02,F8,03,0054,-9,3,10,-9,-3,2,-8,3,84,10,8,16,10,100
1488,03,01,01,06,03,F7,FB,08,0055,3,1,1,6,3,-9,-5,8,85,128,8,16,10,100
1489,05,02,F7,FE,04,FA,FA,FA,FFF1,5,2,-9,-2,4,-6,-6,-6,-15,59,8,16,10,100
1490,09,F9,01,FD,06,FC,05,0A,FFA9,9,-7,1,-3,6,-4,5,10,-87,-30,8,16,10,100
1491,F7,01,F8,04,F9,FC,01,F6,0045,-9,1,-8,4,-7,-4,1,-10,69,80,8,16,10,100
1492,04,04,FF,06,FC,F7,FC,F9,0001,4,4,-1,6,-4,-9,-4,-7,1,-89,8,16,10,100
1493,09,FF,FC,FE,04,FF,03,02,FFE7,9,-1,-4,-2,4,-1,3,2,-25,-4,8,16,10,100
1494,05,FE,05,08,01,02,F8,F9,FFBC,5,-2,5,8,1,2,-8,-7,-68,-163,8,16,10,100
1495,FD,09,00,FC,02,03,09,03,000A,-3,9,0,-4,2,3,9,3,10,19,8,16,10,100
1496,0A,08,F9,03,FF,04,03,FE,FFA1,10,8,-7,3,-1,4,3,-2,-95,-100,8,16,10,100
1497,0A,FF,FD,0A,FB,04,F8,04,FFAA,10,-1,-3,10,-5,4,-8,4,-86,-76,8,16,10,100
1498,06,FD,01,06,F9,05,00,09,FFD4,6,-3,1,6,-7,5,0,9,-44,-47,8,16,10,100
1499,F9,F6,FF,F7,00,07,FA,08,0017,-7,-10,-1,-9,0,7,-6,8,23,-113,8,16,10,100
1500,0A,09,F7,07,F7,FB,08,FC,001C,10,9,-9,7,-9,-5,8,-4,28,-207,8,16,10,100
1501,F7,FF,03,08,F9,0A,F7,09,0026,-9,-1,3,8,-7,10,-9,9,38,136,8,16,10,100
1502,04,FC,FA,04,FA,FB,00,01,FFB8,4,-4,-6,4,-6,-5,0,1,-72,-72,8,16,10,100
1503,06,02,F6,F9,02,03,FE,03,FFFF,6,2,-10,-7,2,3,-2,3,-1,16,8,16,10,100
1504,03,08,FB,0A,08,0A,0A,0A,000C,3,8,-5,10,8,10,10,10,12,166,8,16,10,100
1505,F6,F7,FA,F6,03,F7,0A,FF,003B,-10,-9,-6,-10,3,-9,10,-1,59,60,8,16,10,100
1506,FA,FF,FD,06,06,F7,FE,07,FFC0,-6,-1,-3,6,6,-9,-2,7,-64,-43,8,16,10,100
1507,06,08,00,FA,07,FF,FC,01,FFDD,6,8,0,-6,7,-1,-4,1,-35,-7,8,16,10,100
1508,04,06,FB,09,FF,07,05,F8,FFF5,4,6,-5,9,-1,7,5,-8,-11,-70,8,16,10,100
1509,02,05,06,FB,00,00,F6,09,0042,2,5,6,-5,0,0,-10,9,66,-39,8,16,10,100
1510,07,04,00,00,F9,05,FE,02,003E,7,4,0,0,-7,5,-2,2,62,33,8,16,10,100
1511,FD,FF,04,01,FA,01,0A,05,0051,-3,-1,4,1,-6,1,10,5,81,143,8,16,10,100
1512,FB,04,FE,08,04,06,FC,F7,0050,-5,4,-2,8,4,6,-4,-9,80,20,8,16,10,100
1513,02,08,FB,08,FD,F8,02,09,0018,2,8,-5,8,-3,-8,2,9,24,16,8,16,10,100
1514,07,FF,F6,09,05,F9,02,F6,002B,7,-1,-10,9,5,-7,2,-10,43,-25,8,16,10,100
1515,F6,02,07,FC,FB,04,0A,04,FFE7,-10,2,7,-4,-5,4,10,4,-25,87,8,16,10,100
1516,06,00,FD,05,06,02,04,06,0041,6,0,-3,5,6,2,4,6,65,119,8,16,10,100
1517,F6,07,02,09,09,08,FA,FF,FFAF,-10,7,2,9,9,8,-6,-1,-81,-136,8,16,10,100
1518,00,FD,00,01,F6,02,FD,F9,FFA1,0,-3,0,1,-10,2,-3,-7,-95,-108,8,16,10,100
1519,07,02,09,01,FA,01,FF,FA,003D,7,2,9,1,-6,1,-1,-6,61,6,8,16,10,100
1520,FB,07,01,FF,FE,FF,08,FA,FFCC,-5,7,1,-1,-2,-1,8,-6,-52,-35,8,16,10,100
1521,00,0A,04,F7,FC,07,F7,02,001A,0,10,4,-9,-4,7,-9,2,26,42,8,16,10,100
1522,F8,02,01,05,FB,FE,FE,FE,003F,-8,2,1,5,-5,-2,-2,-2,63,87,8,16,10,100
1523,07,05,0A,0A,0A,03,F8,F9,FFDF,7,5,10,10,10,3,-8,-7,-33,-98,8,16,10,100
1524,04,04,F9,F8,07,FF,08,F9,FFCE,4,4,-7,-8,7,-1,8,-7,-50,-26,8,16,10,100
1525,01,FA,F6,F8,04,F6,FF,05,005C,1,-6,-10,-8,4,-10,-1,5,92,126,8,16,10,100
1526,F8,F9,07,FA,F8,00,FF,01,0029,-8,-7,7,-6,-8,0,-1,1,41,92,8,16,10,100
1527,01,F7,00,F9,0A,05,01,0A,FFC0,1,-9,0,-7,10,5,1,10,-64,-169,8,16,10,100
1528,F7,FB,02,04,04,FC,07,FB,FFA4,-9,-5,2,4,4,-4,7,-5,-92,-114,8,16,10,100
1529,03,02,FA,F9,06,03,09,04,0004,3,2,-6,-7,6,3,9,4,4,-54,8,16,10,100
1530,05,FB,00,F7,01,00,03,07,000C,5,-5,0,-9,1,0,3,7,12,-46,8,16,10,100
1531,09,00,FF,0A,01,04,FA,03,0051,9,0,-1,10,1,4,-6,3,81,126,8,16,10,100
1532,FF,F9,F6,01,FA,03,05,F7,FFAF,-1,-7,-10,1,-6,3,5,-9,-81,-155,8,16,10,100
1533,05,FA,F6,FD,03,00,05,08,FFAF,5,-6,-10,-3,3,0,5,8,-81,-140,8,16,10,100
1534,03,01,F8,FF,05,01,08,03,0026,3,1,-8,-1,5,1,8,3,38,-13,8,16,10,100
1535,FC,01,01,F9,F7,FA,03,FD,FFB5,-4,1,1,-7,-9,-6,3,-3,-75,-21,8,16,10,100
1536,FB,04,05,05,FA,F8,F6,FD,FFA6,-5,4,5,5,-6,-8,-10,-3,-90,-157,8,16,10,100
1537,02,03,01,FA,08,01,FC,01,FFB4,2,3,1,-6,8,1,-4,1,-76,-67,8,16,10,100
1538,F8,F7,03,00,0A,03,00,FB,0063,-8,-9,3,0,10,3,0,-5,99,-8,8,16,10,100
1539,FA,F7,08,FE,01,07,F9,FB,FFF3,-6,-9,8,-2,1,7,-7,-5,-13,-128,8,16,10,100
1540,06,FA,FC,07,01,F6,01,FD,003B,6,-6,-4,7,1,-10,1,-3,59,100,8,16,10,100
1541,FE,08,00,04,09,FE,FD,02,FFF8,-2,8,0,4,9,-2,-3,2,-8,-34,8,16,10,100
1542,FA,06,09,F7,FA,FE,04,FC,FFC9,-6,6,9,-9,-6,-2,4,-4,-55,41,8,16,10,100
1543,FD,03,00,02,FA,03,01,FC,FFC3,-3,3,0,2,-6,3,1,-4,-61,-42,8,16,10,100
1544,F8,06,F7,FE,02,F7,FF,FB,0007,-8,6,-9,-2,2,-9,-1,-5,7,-44,8,16,10,100
1545,09,F9,F9,FB,09,0A,02,07,002B,9,-7,-7,-5,9,10,2,7,43,5,8,16,10,100
1546,04,02,F8,FA,01,FC,FC,05,0064,4,2,-8,-6,1,-4,-4,5,100,98,8,16,10,100
1547,05,FE,F6,01,F8,08,FA,F8,0059,5,-2,-10,1,-8,8,-6,-8,89,85,8,16,10,100
1548,FE,04,FD,FD,00,FC,F9,F8,000A,-2,4,-3,-3,0,-4,-7,-8,10,39,8,16,10,100
1549,04,06,0A,0A,F8,00,FE,FF,FFCB,4,6,10,10,-8,0,-2,-1,-53,-115,8,16,10,100
1550,FA,FC,08,03,FE,F7,07,FA,FFB3,-6,-4,8,3,-2,-9,7,-6,-77,9,8,16,10,100
1551,FC,FD,0A,0A,07,02,0A,0A,FFB0,-4,-3,10,10,7,2,10,10,-80,86,8,16,10,100
1552,FC,FD,0A,00,FE,04,08,05,FFC5,-4,-3,10,0,-2,4,8,5,-59,17,8,16,10,100
1553,FC,FF,09,05,FC,05,FE,05,004E,-4,-1,9,5,-4,5,-2,5,78,96,8,16,10,100
1554,F8,F6,FF,FF,06,09,F7,00,0048,-8,-10,-1,-1,6,9,-9,0,72,-57,8,16,10,100
1555,03,02,FC,FC,00,F9,FC,FC,FFE3,3,2,-4,-4,0,-7,-4,-4,-29,-11,8,16,10,100
1556,03,0A,06,01,FF,FE,FD,FB,FFCC,3,10,6,1,-1,-2,-3,-5,-52,-98,8,16,10,100
1557,08,00,00,09,F7,04,02,F9,0008,8,0,0,9,-9,4,2,-7,8,-127,8,16,10,100
1558,04,05,FC,FF,0A,0A,00,FC,003F,4,5,-4,-1,10,10,0,-4,63,157,8,16,10,100
1559,FF,FB,01,08,0A,05,00,02,0039,-1,-5,1,8,10,5,0,2,57,38,8,16,10,100
1560,FB,0A,00,04,FE,07,09,07,FFA7,-5,10,0,4,-2,7,9,7,-89,19,8,16,10,100
1561,05,F6,02,00,FA,FD,FB,FE,0040,5,-10,2,0,-6,-3,-5,-2,64,54,8,16,10,100
1562,FF,FF,F8,09,09,07,F8,F6,000C,-1,-1,-8,9,9,7,-8,-10,12,-30,8,16,10,100
1563,00,F8,FA,07,04,05,FB,F9,0043,0,-8,-6,7,4,5,-5,-7,67,8,8,16,10,100
1564,F7,06,F9,FC,F6,F6,FD,01,FFD7,-9,6,-7,-4,-10,-10,-3,1,-41,6,8,16,10,100
1565,FF,07,FF,07,01,F6,08,05,FFA8,-1,7,-1,7,1,-10,8,5,-88,-132,8,16,10,100
1566,00,08,02,FA,FA,02,F7,02,FFF1,0,8,2,-6,-6,2,-9,2,-15,-29,8,16,10,100
1567,06,FE,07,08,FE,F7,F8,FE,FFE0,6,-2,7,8,-2,-9,-8,-2,-32,-98,8,16,10,100
1568,FD,04,0A,04,F9,FE,FE,05,FFF2,-3,4,10,4,-7,-2,-2,5,-14,-1,8,16,10,100
1569,F9,05,08,FD,01,0A,07,F9,0059,-7,5,8,-3,1,10,7,-7,89,209,8,16,10,100
1570,0A,03,F7,05,05,02,F8,02,005A,10,3,-9,5,5,2,-8,2,90,228,8,16,10,100
1571,FD,01,F9,00,0A,05,02,FF,FFF8,-3,1,-7,0,10,5,2,-1,-8,-47,8,16,10,100
1572,FA,01,09,F7,02,08,F6,03,FFC6,-6,1,9,-9,2,8,-10,3,-58,-179,8,16,10,100
1573,FD,01,F9,07,F9,F6,08,FB,0033,-3,1,-7,7,-7,-10,8,-5,51,-29,8,16,10,100
1574,FD,02,F6,01,06,00,06,00,FFD0,-3,2,-10,1,6,0,6,0,-48,-126,8,16,10,100
1575,00,FB,07,FB,08,00,09,0A,FFF5,0,-5,7,-5,8,0,9,10,-11,2,8,16,10,100
1576,FA,F6,FB,05,09,00,02,0A,FFE3,-6,-10,-5,5,9,0,2,10,-29,-43,8,16,10,100
1577,05,F8,01,FD,02,01,08,05,FFE7,5,-8,1,-3,2,1,8,5,-25,-30,8,16,10,100
1578,F6,F8,01,FC,FE,FE,FD,02,001F,-10,-8,1,-4,-2,-2,-3,2,31,56,8,16,10,100
1579,09,FA,F7,F6,F8,05,00,02,004B,9,-6,-9,-10,-8,5,0,2,75,-47,8,16,10,100
1580,FC,F8,FE,FA,FF,F6,09,03,002E,-4,-8,-2,-6,-1,-10,9,3,46,94,8,16,10,100
1581,0A,07,FD,F8,FB,FB,F6,0A,003E,10,7,-3,-8,-5,-5,-10,10,62,-73,8,16,10,100
1582,FA,09,01,09,FE,05,05,FC,0008,-6,9,1,9,-2,5,5,-4,8,34,8,16,10,100
1583,FF,0A,02,01,FF,FA,FD,FF,0003,-1,10,2,1,-1,-6,-3,-1,3,-63,8,16,10,100
1584,F8,04,F7,FA,0A,FF,08,FE,FFD8,-8,4,-9,-6,10,-1,8,-2,-40,-184,8,16,10,100
1585,07,FA,FC,F8,05,FC,F7,0A,0027,7,-6,-4,-8,5,-4,-9,10,39,54,8,16,10,100
1586,FE,05,05,F9,01,05,04,09,FFF8,-2,5,5,-7,1,5,4,9,-8,-28,8,16,10,100
1587,FE,03,FE,FE,09,02,01,FB,FFBF,-2,3,-2,-2,9,2,1,-5,-65,-69,8,16,10,100
1588,00,02,F9,F7,08,F6,F6,FD,FFF9,0,2,-7,-9,8,-10,-10,-3,-7,70,8,16,10,100
1589,05,F9,FE,00,FC,09,03,03,FFCF,5,-7,-2,0,-4,9,3,3,-49,-138,8,16,10,100
1590,02,FE,FA,06,F6,00,F8,F7,FFE4,2,-2,-6,6,-10,0,-8,-9,-28,-54,8,16,10,100
1591,FA,F9,03,01,04,09,FB,FF,001E,-6,-7,3,1,4,9,-5,-1,30,-73,8,16,10,100
1592,09,FE,05,F9,F9,03,FA,FC,FFC6,9,-2,5,-7,-7,3,-6,-4,-58,-129,8,16,10,100
1593,03,F8,F8,FD,00,01,F7,FA,FFC7,3,-8,-8,-3,0,1,-9,-6,-57,25,8,16,10,100
1594,09,07,FB,00,04,F6,00,03,000E,9,7,-5,0,4,-10,0,3,14,-20,8,16,10,100
1595,03,00,FB,FA,04,05,06,FC,000C,3,0,-5,-6,4,5,6,-4,12,18,8,16,10,100
1596,FC,09,FD,FD,00,08,09,F6,FFB4,-4,9,-3,-3,0,8,9,-10,-76,-1,8,16,10,100
1597,06,0A,02,FA,FC,FF,FC,05,0032,6,10,2,-6,-4,-1,-4,5,50,-22,8,16,10,100
1598,FA,FE,F8,0A,FC,0A,FA,06,003A,-6,-2,-8,10,-4,10,-6,6,58,170,8,16,10,100
1599,FA,FD,FD,06,FB,07,F8,FA,0042,-6,-3,-3,6,-5,7,-8,-6,66,63,8,16,10,100
1600,04,FD,0A,F8,01,F9,07,03,005A,4,-3,10,-8,1,-7,7,3,90,161,8,16,10,100
1601,F6,03,FD,FD,FE,FC,FA,FC,0005,-10,3,-3,-3,-2,-4,-6,-4,5,43,8,16,10,100
1602,F9,02,06,FD,FA,FA,09,FF,FFEB,-7,2,6,-3,-6,-6,9,-1,-21,66,8,16,10,100
1603,07,06,0A,FE,06,FC,FC,FC,002F,7,6,10,-2,6,-4,-4,-4,47,33,8,16,10,100
1604,05,F6,F9,F6,00,07,04,FF,FFA6,5,-10,-7,-10,0,7,4,-1,-90,-178,8,16,10,100
1605,05,F9,FD,01,F9,03,FE,03,FFE6,5,-7,-3,1,-7,3,-2,3,-26,-73,8,16,10,100
1606,F9,09,F9,01,00,F7,FD,02,005D,-7,9,-7,1,0,-9,-3,2,93,35,8,16,10,100
1607,FC,09,F7,00,05,F7,FB,F8,FFDB,-4,9,-9,0,5,-9,-5,-8,-37,-93,8,16,10,100
1608,04,F8,F9,00,02,09,04,04,005C,4,-8,-7,0,2,9,4,4,92,0,8,16,10,100
1609,FD,F7,F9,FC,FC,04,F7,FD,FFAA,-3,-9,-7,-4,-4,4,-9,-3,-86,-35,8,16,10,100
1610,05,FB,01,04,02,F7,00,09,004C,5,-5,1,4,2,-9,0,9,76,167,8,16,10,100
1611,0A,00,0A,F7,FC,05,F7,02,0035,10,0,10,-9,-4,5,-9,2,53,-95,8,16,10,100
1612,F6,0A,F8,FD,F8,09,F9,09,002A,-10,10,-8,-3,-8,9,-7,9,42,241,8,16,10,100
1613,FE,F8,01,07,F7,F8,F7,00,FFAE,-2,-8,1,7,-9,-8,-9,0,-82,-9,8,16,10,100
1614,02,FB,F9,00,FE,F8,FB,FC,0042,2,-5,-7,0,-2,-8,-5,-4,66,137,8,16,10,100
1615,F7,FE,01,FD,04,F9,08,08,003A,-9,-2,1,-3,4,-7,8,8,58,20,8,16,10,100
1616,03,02,F9,FA,01,09,04,04,FFA2,3,2,-7,-6,1,9,4,4,-94,-125,8,16,10,100
1617,F8,FD,FC,09,F8,F7,FA,F8,FFBE,-8,-3,-4,9,-8,-9,-6,-8,-66,-23,8,16,10,100
1618,00,FE,00,05,00,07,06,00,FFC8,0,-2,0,5,0,7,6,0,-56,-70,8,16,10,100
1619,F9,07,F7,FF,FF,00,FB,0A,FFAF,-7,7,-9,-1,-1,0,-5,10,-81,-39,8,16,10,100
1620,00,FF,09,F9,02,01,01,FD,003A,0,-1,9,-7,2,1,1,-3,58,87,8,16,10,100
1621,FD,08,00,F8,F8,02,F9,F6,FFDC,-3,8,0,-8,-8,2,-7,-10,-36,84,8,16,10,100
1622,F9,05,07,07,04,FC,02,01,0024,-7,5,7,7,4,-4,2,1,36,9,8,16,10,100
1623,03,02,04,00,FE,00,FB,FC,FFB4,3,2,4,0,-2,0,-5,-4,-76,-102,8,16,10,100
1624,F6,F9,06,03,FC,FB,0A,F9,0046,-10,-7,6,3,-4,-5,10,-7,70,184,8,16,10,100
1625,09,03,06,FD,01,04,F6,00,FFD8,9,3,6,-3,1,4,-10,0,-40,-79,8,16,10,100
1626,F7,F7,F8,09,FF,F6,0A,05,0040,-9,-9,-8,9,-1,-10,10,5,64,128,8,16,10,100
1627,0A,09,06,08,01,F6,06,FF,0048,10,9,6,8,1,-10,6,-1,72,20,8,16,10,100
1628,04,09,01,07,FE,01,05,F8,FFC2,4,9,1,7,-2,1,5,-8,-62,-112,8,16,10,100
1629,FE,F6,FC,FB,00,F9,06,07,FFC4,-2,-10,-4,-5,0,-7,6,7,-60,-49,8,16,10,100
1630,07,0A,FD,F7,FC,FC,0A,F8,FFD6,7,10,-3,-9,-4,-4,10,-8,-42,-68,8,16,10,100
1631,01,FD,02,FC,F8,08,01,06,FF9F,1,-3,2,-4,-8,8,1,6,-97,-151,8,16,10,100
1632,00,F8,FA,02,02,03,09,FB,0006,0,-8,-6,2,2,3,9,-5,6,-82,8,16,10,100
1633,F8,08,0A,F8,0A,FE,FA,FE,003D,-8,8,10,-8,10,-2,-6,-2,61,-79,8,16,10,100
1634,FE,00,00,07,02,F9,06,05,0012,-2,0,0,7,2,-7,6,5,18,49,8,16,10,100
1635,FB,F9,F8,0A,F8,F6,05,FC,FFB9,-5,-7,-8,10,-8,-10,5,-4,-71,-41,8,16,10,100
1636,07,01,0A,F6,03,08,F7,09,FFE2,7,1,10,-10,3,8,-9,9,-30,-181,8,16,10,100
1637,FA,FC,FB,0A,06,FF,00,F7,0025,-6,-4,-5,10,6,-1,0,-9,37,-85,8,16,10,100
1638,03,08,FC,06,05,F9,FD,FE,FFE6,3,8,-4,6,5,-7,-3,-2,-26,-67,8,16,10,100
1639,02,FE,FD,FC,FB,03,04,FB,0061,2,-2,-3,-4,-5,3,4,-5,97,89,8,16,10,100
1640,FA,0A,09,05,F6,0A,FE,F8,FFE3,-6,10,9,5,-10,10,-2,-8,-29,73,8,16,10,100
1641,04,09,05,F6,0A,FA,04,F7,0026,4,9,5,-10,10,-6,4,-9,38,134,8,16,10,100
1642,00,FD,FD,F7,FC,00,00,09,0019,0,-3,-3,-9,-4,0,0,9,25,-56,8,16,10,100
1643,04,FB,FF,F9,F7,FA,04,06,FFA9,4,-5,-1,-7,-9,-6,4,6,-87,-139,8,16,10,100
1644,06,FD,03,FD,01,01,09,F9,FFD2,6,-3,3,-3,1,1,9,-7,-46,5,8,16,10,100
1645,03,02,FC,FB,F9,01,05,02,0062,3,2,-4,-5,-7,1,5,2,98,49,8,16,10,100
1646,FC,06,05,01,07,09,FA,F8,FFFC,-4,6,5,1,7,9,-6,-8,-4,-16,8,16,10,100
1647,F6,FE,FF,F6,FB,F7,01,00,FFC5,-10,-2,-1,-10,-5,-9,1,0,-59,8,8,16,10,100
1648,00,F9,F7,01,07,F8,00,FD,0041,0,-7,-9,1,7,-8,0,-3,65,118,8,16,10,100
1649,FD,FD,F6,FB,07,F9,03,04,FFEA,-3,-3,-10,-5,7,-7,3,4,-22,-72,8,16,10,100
1650,FB,07,02,F9,FF,01,05,FE,FFAE,-5,7,2,-7,-1,1,5,-2,-82,-46,8,16,10,100
1651,FB,F9,01,FC,FF,04,F6,F6,0030,-5,-7,1,-4,-1,4,-10,-10,48,55,8,16,10,100
1652,00,06,0A,06,FB,02,04,00,FF9D,0,6,10,6,-5,2,4,0,-99,-47,8,16,10,100
1653,0A,F7,F8,FA,0A,01,04,05,FFB3,10,-9,-8,-6,10,1,4,5,-77,-48,8,16,10,100
1654,03,0A,FF,FA,03,F7,07,FF,0045,3,10,-1,-6,3,-9,7,-1,69,-13,8,16,10,100
1655,F7,00,FE,FF,09,FF,07,09,005F,-9,0,-2,-1,9,-1,7,9,95,-9,8,16,10,100
1656,FF,05,07,06,03,FD,05,01,FFE0,-1,5,7,6,3,-3,5,1,-32,-9,8,16,10,100
1657,F7,F9,F9,FE,09,00,FF,FD,004C,-9,-7,-7,-2,9,0,-1,-3,76,8,8,16,10,100
1658,FB,01,0A,07,07,0A,08,06,FFB2,-5,1,10,7,7,10,8,6,-78,19,8,16,10,100
1659,04,FB,FF,F7,FB,FA,08,02,FFCA,4,-5,-1,-9,-5,-6,8,2,-54,-70,8,16,10,100
1660,F9,07,FB,F8,FD,F9,00,01,FFB3,-7,7,-5,-8,-3,-7,0,1,-77,-113,8,16,10,100
1661,F8,06,FB,08,01,FE,04,F6,0030,-8,6,-5,8,1,-2,4,-10,48,-72,8,16,10,100
1662,08,05,F9,02,FA,09,F6,08,0019,8,5,-7,2,-6,9,-10,8,25,108,8,16,10,100
1663,05,02,05,FC,08,08,04,F8,0016,5,2,5,-4,8,8,4,-8,22,130,8,16,10,100
1664,05,F9,F7,04,01,0A,09,06,004E,5,-7,-9,4,1,10,9,6,78,-44,8,16,10,100
1665,08,FB,FC,F7,04,F6,01,F8,FFAA,8,-5,-4,-9,4,-10,1,-8,-86,64,8,16,10,100
1666,FB,00,FE,FB,02,FB,05,0A,0037,-5,0,-2,-5,2,-5,5,10,55,-15,8,16,10,100
1667,FB,0A,01,05,04,02,FC,06,0058,-5,10,1,5,4,2,-4,6,88,114,8,16,10,100
1668,02,05,01,09,08,F9,FE,FE,0058,2,5,1,9,8,-7,-2,-2,88,49,8,16,10,100
1669,04,00,06,FF,FE,00,F8,02,000D,4,0,6,-1,-2,0,-8,2,13,-45,8,16,10,100
1670,F6,0A,02,02,F8,FE,F6,FC,FFF8,-10,10,2,2,-8,-2,-10,-4,-8,24,8,16,10,100
1671,F8,F9,FF,04,F7,0A,F8,05,0050,-8,-7,-1,4,-9,10,-8,5,80,110,8,16,10,100
1672,F6,07,FE,01,04,F6,09,01,004F,-10,7,-2,1,4,-10,9,1,79,-48,8,16,10,100
1673,FC,06,FB,F9,FB,FC,FA,FC,0042,-4,6,-5,-7,-5,-4,-6,-4,66,120,8,16,10,100
1674,07,FB,00,01,01,FE,FA,FD,FFEF,7,-5,0,1,1,-2,-6,-3,-17,-3,8,16,10,100
1675,F8,03,01,08,03,05,00,FE,FFFA,-8,3,1,8,3,5,0,-2,-6,-31,8,16,10,100
1676,03,FC,FC,04,FA,06,F6,06,0036,3,-4,-4,4,-6,6,-10,6,54,76,8,16,10,100
1677,FA,FF,05,0A,F6,F9,0A,06,FFE4,-6,-1,5,10,-10,-7,10,6,-28,149,8,16,10,100
1678,02,00,07,06,FC,FB,09,FB,FFFB,2,0,7,6,-4,-5,9,-5,-5,20,8,16,10,100
1679,FB,FC,FE,F9,FB,FD,FF,F8,FFA9,-5,-4,-2,-7,-5,-3,-1,-8,-87,8,8,16,10,100
1680,07,06,03,0A,09,01,FE,03,005A,7,6,3,10,9,1,-2,3,90,183,8,16,10,100
1681,F8,F9,06,02,F7,08,FA,F9,FFBE,-8,-7,6,2,-9,8,-6,-7,-66,-100,8,16,10,100
1682,08,F9,08,07,F9,FA,F7,07,0054,8,-7,8,7,-7,-6,-9,7,84,47,8,16,10,100
1683,FB,F7,01,FB,FB,01,08,01,FFC6,-5,-9,1,-5,-5,1,8,1,-58,-39,8,16,10,100
1684,07,F7,07,06,08,FE,FB,F8,FF9D,7,-9,7,6,8,-2,-5,-8,-99,-108,8,16,10,100
1685,06,07,03,01,03,FD,00,05,FFCB,6,7,3,1,3,-3,0,5,-53,-51,8,16,10,100
1686,0A,FA,F9,FA,06,FB,F9,00,0037,10,-6,-7,-6,6,-5,-7,0,55,194,8,16,10,100
1687,01,FF,FA,F8,FC,05,FE,FF,FFD9,1,-1,-6,-8,-4,5,-2,-1,-39,-28,8,16,10,100
1688,00,04,FA,01,07,FD,02,F6,FFAF,0,4,-6,1,7,-3,2,-10,-81,-115,8,16,10,100
1689,04,06,08,09,FB,02,00,06,FFC1,4,6,8,9,-5,2,0,6,-63,-17,8,16,10,100
1690,FA,09,F6,01,03,01,07,FA,FFCE,-6,9,-10,1,3,1,7,-6,-50,-135,8,16,10,100
1691,FD,08,05,FD,02,07,07,01,FFE3,-3,8,5,-3,2,7,7,1,-29,53,8,16,10,100
1692,09,0A,FB,01,01,09,FC,FC,FFD7,9,10,-5,1,1,9,-4,-4,-41,74,8,16,10,100
1693,09,F8,09,07,09,FF,FD,05,FFC7,9,-8,9,7,9,-1,-3,5,-57,40,8,16,10,100
1694,F9,FF,07,01,FA,08,FE,F6,FFD1,-7,-1,7,1,-6,8,-2,-10,-47,-37,8,16,10,100
1695,08,FC,FE,FA,FA,FB,FC,FD,0012,8,-4,-2,-6,-6,-5,-4,-3,18,16,8,16,10,100
1696,F9,0A,F7,FF,05,07,FB,03,FFA9,-7,10,-9,-1,5,7,-5,3,-87,-10,8,16,10,100
1697,06,F8,FF,FA,F8,0A,F8,F7,005E,6,-8,-1,-6,-8,10,-8,-9,94,28,8,16,10,100
1698,F7,00,F6,09,FA,05,FD,F6,FFF1,-9,0,-10,9,-6,5,-3,-10,-15,-21,8,16,10,100
1699,FE,03,02,09,07,02,0A,F9,0018,-2,3,2,9,7,2,10,-7,24,-27,8,16,10,100
1700,03,F7,FB,FA,05,09,F6,F9,0030,3,-9,-5,-6,5,9,-10,-7,48,74,8,16,10,100
1701,FC,03,FD,04,FA,09,FF,F8,0000,-4,3,-3,4,-6,9,-1,-8,0,22,8,16,10,100
1702,06,FE,05,03,05,FC,FD,FF,004B,6,-2,5,3,5,-4,-3,-1,75,95,8,16,10,100
1703,08,FB,00,F7,01,02,FA,03,0029,8,-5,0,-9,1,2,-6,3,41,12,8,16,10,100
1704,F9,03,09,01,FE,FC,09,03,FFF1,-7,3,9,1,-2,-4,9,3,-15,71,8,16,10,100
1705,F9,F6,05,F9,01,FB,F9,FD,FFD7,-7,-10,5,-7,1,-5,-7,-3,-41,-12,8,16,10,100
1706,08,04,01,03,04,00,FD,FF,0048,8,4,1,3,4,0,-3,-1,72,98,8,16,10,100
1707,F7,F7,04,FC,09,00,09,F6,0041,-9,-9,4,-4,9,0,9,-10,65,60,8,16,10,100
1708,FA,F8,0A,F6,FF,FC,01,F7,005A,-6,-8,10,-10,-1,-4,1,-9,90,228,8,16,10,100
1709,09,01,02,03,FC,00,FE,F8,0046,9,1,2,3,-4,0,-2,-8,70,6,8,16,10,100
1710,05,FA,03,04,FB,F6,06,0A,FFB1,5,-6,3,4,-5,-10,6,10,-79,14,8,16,10,100
1711,09,05,FE,09,FC,F8,FF,00,FFC6,9,5,-2,9,-4,-8,-1,0,-58,-132,8,16,10,100
1712,FC,04,04,FC,F7,0A,F6,FF,005B,-4,4,4,-4,-9,10,-10,-1,91,131,8,16,10,100
1713,FE,06,FC,F6,F9,FA,00,F7,FFDF,-2,6,-4,-10,-7,-6,0,-9,-33,35,8,16,10,100
1714,F8,FC,FC,01,00,FC,FF,0A,FFA9,-8,-4,-4,1,0,-4,-1,10,-87,-57,8,16,10,100
1715,FB,FD,F8,02,F9,F6,FD,F7,FFA1,-5,-3,-8,2,-7,-10,-3,-9,-95,-24,8,16,10,100
1716,09,03,F8,00,06,FF,FE,07,0005,9,3,-8,0,6,-1,-2,7,5,72,8,16,10,100
1717,F8,F9,04,FF,05,F9,0A,02,0018,-8,-7,4,-1,5,-7,10,2,24,71,8,16,10,100
1718,FE,FB,01,05,06,FC,FE,02,FFDC,-2,-5,1,5,6,-4,-2,2,-36,-20,8,16,10,100
1719,04,08,0A,F7,FC,05,04,09,0046,4,8,10,-9,-4,5,4,9,70,53,8,16,10,100
1720,05,08,F8,00,F7,03,FB,FD,0030,5,8,-8,0,-9,3,-5,-3,48,67,8,16,10,100
1721,07,F6,05,FF,07,FD,F9,01,FFDB,7,-10,5,-1,7,-3,-7,1,-37,6,8,16,10,100
1722,FE,F9,F7,09,FC,F8,FE,FB,FFE1,-2,-7,-9,9,-4,-8,-2,-5,-31,6,8,16,10,100
1723,02,F6,FF,FF,F9,FE,02,FA,0052,2,-10,-1,-1,-7,-2,2,-6,82,92,8,16,10,100
1724,07,07,0A,05,FB,06,01,FA,FFC8,7,7,10,5,-5,6,1,-6,-56,-69,8,16,10,100
1725,FE,01,FA,FA,F9,09,FF,FB,002C,-2,1,-6,-6,-7,9,-1,-5,44,103,8,16,10,100
1726,09,09,F8,FC,00,08,F6,09,FFB5,9,9,-8,-4,0,8,-10,9,-75,41,8,16,10,100
1727,FF,F7,07,03,01,FB,05,08,0057,-1,-9,7,3,1,-5,5,8,87,190,8,16,10,100
1728,FE,01,07,09,02,F6,FC,F7,0038,-2,1,7,9,2,-10,-4,-9,56,-67,8,16,10,100
1729,06,F8,F9,02,06,F8,0A,00,001E,6,-8,-7,2,6,-8,10,0,30,60,8,16,10,100
1730,05,FB,08,FE,07,00,00,03,0064,5,-5,8,-2,7,0,0,3,100,129,8,16,10,100
1731,01,06,FE,F6,07,FD,06,FD,0020,1,6,-2,-10,7,-3,6,-3,32,39,8,16,10,100
1732,FC,F8,FF,0A,F9,FB,FB,FE,FFA2,-4,-8,-1,10,-7,-5,-5,-2,-94,-41,8,16,10,100
1733,08,09,FB,FE,FF,F6,FF,09,0001,8,9,-5,-2,-1,-10,-1,9,1,-110,8,16,10,100
1734,FC,07,FA,FA,01,F8,FD,04,FFF7,-4,7,-6,-6,1,-8,-3,4,-9,-75,8,16,10,100
1735,03,FF,03,F7,FB,06,F6,F6,001D,3,-1,3,-9,-5,6,-10,-10,29,68,8,16,10,100
1736,FC,FB,06,FD,05,F9,FF,08,FFA1,-4,-5,6,-3,5,-7,-1,8,-95,-110,8,16,10,100
1737,06,FA,08,06,07,05,09,FB,002E,6,-6,8,6,7,5,9,-5,46,100,8,16,10,100
1738,05,F8,FB,08,02,00,03,FC,FFE3,5,-8,-5,8,2,0,3,-4,-29,-66,8,16,10,100
1739,04,07,FD,FA,FB,F9,07,F6,0006,4,7,-3,-6,-5,-7,7,-10,6,-24,8,16,10,100
1740,F9,F9,02,F7,F8,FC,09,03,002C,-7,-7,2,-9,-8,-4,9,3,44,119,8,16,10,100
1741,F9,F9,09,08,06,FD,FB,F7,FFED,-7,-7,9,8,6,-3,-5,-9,-19,-157,8,16,10,100
1742,FF,FE,08,00,04,00,04,FF,0053,-1,-2,8,0,4,0,4,-1,83,111,8,16,10,100
1743,07,F8,07,00,03,03,08,05,FFAD,7,-8,7,0,3,3,8,5,-83,-30,8,16,10,100
1744,03,07,01,F8,07,F6,F8,06,FFD8,3,7,1,-8,7,-10,-8,6,-40,-145,8,16,10,100
1745,01,FB,FA,F6,FD,05,FC,09,0029,1,-5,-6,-10,-3,5,-4,9,41,-53,8,16,10,100
1746,FC,00,08,08,02,FB,01,07,FFEB,-4,0,8,8,2,-5,1,7,-21,35,8,16,10,100
1747,00,09,FF,01,09,01,02,FD,FFA4,0,9,-1,1,9,1,2,-3,-92,-88,8,16,10,100
1748,04,F7,06,03,00,FD,04,06,005C,4,-9,6,3,0,-3,4,6,92,161,8,16,10,100
1749,FF,F6,02,FD,0A,07,F7,F9,FFED,-1,-10,2,-3,10,7,-9,-7,-19,-96,8,16,10,100
1750,03,FD,01,08,07,02,04,FE,FFE7,3,-3,1,8,7,2,4,-2,-25,-22,8,16,10,100
1751,00,F7,FB,02,F7,FE,FC,F8,003C,0,-9,-5,2,-9,-2,-4,-8,60,82,8,16,10,100
1752,0A,09,0A,08,FE,FD,06,09,FF9F,10,9,10,8,-2,-3,6,9,-97,-12,8,16,10,100
1753,F9,FD,F6,FB,07,05,FC,00,FFD5,-7,-3,-10,-5,7,5,-4,0,-43,-67,8,16,10,100
1754,07,F9,F7,07,03,FC,03,04,001E,7,-7,-9,7,3,-4,3,4,30,80,8,16,10,100
1755,09,00,01,F8,F6,07,FE,FC,FFE9,9,0,1,-8,-10,7,-2,-4,-23,-83,8,16,10,100
1756,05,F9,05,F9,F6,FC,06,0A,FFF9,5,-7,5,-7,-10,-4,6,10,-7,-69,8,16,10,100
1757,FD,F7,07,09,0A,01,08,FE,FFA3,-3,-9,7,9,10,1,8,-2,-93,-94,8,16,10,100
1758,F7,0A,03,08,06,FF,FD,0A,001B,-9,10,3,8,6,-1,-3,10,27,34,8,16,10,100
1759,F7,FF,03,07,02,FD,09,05,FFF1,-9,-1,3,7,2,-3,9,5,-15,32,8,16,10,100
1760,04,FF,0A,07,F8,F9,F6,FB,0060,4,-1,10,7,-8,-7,-10,-5,96,-64,8,16,10,100
1761,FD,F6,FF,FC,F6,F6,00,FF,FFC6,-3,-10,-1,-4,-10,-10,0,-1,-58,76,8,16,10,100
1762,FA,F6,F6,FB,0A,01,F9,FD,FFA5,-6,-10,-10,-5,10,1,-7,-3,-91,-76,8,16,10,100
1763,F8,07,FB,02,F7,09,07,00,FFEC,-8,7,-5,2,-9,9,7,0,-20,80,8,16,10,100
1764,FF,F9,FD,FB,F7,06,05,02,FFA8,-1,-7,-3,-5,-9,6,5,2,-88,-146,8,16,10,100
1765,F8,FB,FA,F6,FA,F8,FE,09,FFEE,-8,-5,-6,-10,-6,-8,-2,9,-18,-8,8,16,10,100
1766,04,FC,03,07,F7,FC,09,FA,0002,4,-4,3,7,-9,-4,9,-6,2,-33,8,16,10,100
1767,F9,FC,F8,0A,01,FC,0A,00,FFEA,-7,-4,-8,10,1,-4,10,0,-22,-93,8,16,10,100
1768,F6,09,FD,0A,F6,FA,FA,02,FFD7,-10,9,-3,10,-10,-6,-6,2,-41,43,8,16,10,100
1769,F9,07,05,07,01,08,09,FA,FFF8,-7,7,5,7,1,8,9,-6,-8,44,8,16,10,100
1770,05,FD,FC,02,02,00,08,04,FFC2,5,-3,-4,2,2,0,8,4,-62,-76,8,16,10,100
1771,05,FA,FC,F9,FC,FE,FB,09,001B,5,-6,-4,-7,-4,-2,-5,9,27,-24,8,16,10,100
1772,08,FE,FA,FA,03,05,FA,06,FFC1,8,-2,-6,-6,3,5,-6,6,-63,-49,8,16,10,100
1773,06,F7,F9,01,04,F7,07,F7,FFF2,6,-9,-7,1,4,-9,7,-9,-14,33,8,16,10,100
1774,F8,00,01,07,00,FD,F8,03,FFFE,-8,0,1,7,0,-3,-8,3,-2,11,8,16,10,100
1775,07,09,F6,FA,01,04,09,08,001C,7,9,-10,-6,1,4,9,8,28,-67,8,16,10,100
1776,02,F7,FE,0A,00,0A,05,01,0062,2,-9,-2,10,0,10,5,1,98,8,8,16,10,100
1777,F9,FF,00,F8,F7,02,FE,07,0025,-7,-1,0,-8,-9,2,-2,7,37,42,8,16,10,100
1778,04,07,01,01,00,03,07,04,0015,4,7,1,1,0,3,7,4,21,53,8,16,10,100
1779,09,F6,09,07,03,F6,FF,07,0007,9,-10,9,7,3,-10,-1,7,7,174,8,16,10,100
1780,01,0A,01,09,FB,09,0A,FC,0049,1,10,1,9,-5,9,10,-4,73,132,8,16,10,100
1781,09,00,01,FB,FC,09,03,F6,0048,9,0,1,-5,-4,9,3,-10,72,89,8,16,10,100
1782,FB,F6,09,06,FF,04,04,FA,000B,-5,-10,9,6,-1,4,4,-6,11,-24,8,16,10,100
1783,F8,F7,FE,07,FB,F7,F7,07,0007,-8,-9,-2,7,-5,-9,-9,7,7,195,8,16,10,100
1784,F9,FD,FB,07,F6,02,07,07,FFB6,-7,-3,-5,7,-10,2,7,7,-74,4,8,16,10,100
1785,F8,F8,09,F6,02,FA,02,FA,0027,-8,-8,9,-10,2,-6,2,-6,39,149,8,16,10,100
1786,F7,FD,F7,FA,FF,FD,FE,06,FFB4,-9,-3,-9,-6,-1,-3,-2,6,-76,-76,8,16,10,100
1787,06,F8,FD,FA,06,FD,F8,01,001C,6,-8,-3,-6,6,-3,-8,1,28,106,8,16,10,100
1788,05,00,F7,00,FA,FF,08,FA,001A,5,0,-9,0,-6,-1,8,-6,26,-76,8,16,10,100
1789,08,0A,F7,F8,06,F7,F6,FA,FFA1,8,10,-9,-8,6,-9,-10,-6,-95,1,8,16,10,100
1790,FF,F6,FC,FE,02,07,FD,FB,005F,-1,-10,-4,-2,2,7,-3,-5,95,45,8,16,10,100
1791,FD,FB,01,03,04,F9,FF,F8,FFAB,-3,-5,1,3,4,-7,-1,-8,-85,-87,8,16,10,100
1792,06,08,00,FE,0A,05,0A,F6,001C,6,8,0,-2,10,5,10,-10,28,148,8,16,10,100
1793,02,03,01,FA,09,02,F8,FF,FFA9,2,3,1,-6,9,2,-8,-1,-87,-65,8,16,10,100
1794,03,09,FD,FE,FD,0A,02,00,FFDF,3,9,-3,-2,-3,10,2,0,-33,42,8,16,10,100
1795,07,07,F8,0A,02,F9,07,08,FFA6,7,7,-8,10,2,-7,7,8,-90,-101,8,16,10,100
1796,F8,FC,FF,FF,08,F8,FE,FD,0038,-8,-4,-1,-1,8,-8,-2,-3,56,29,8,16,10,100
1797,02,05,FB,03,FF,01,02,01,0030,2,5,-5,3,-1,1,2,1,48,44,8,16,10,100
1798,09,07,01,00,00,FB,F6,FE,FFD9,9,7,1,0,0,-5,-10,-2,-39,-84,8,16,10,100
1799,FA,06,03,FB,F9,07,FC,FC,FFCA,-6,6,3,-5,-7,7,-4,-4,-54,38,8,16,10,100
1800,05,08,01,03,0A,FB,04,08,FFA6,5,8,1,3,10,-5,4,8,-90,-52,8,16,10,100
1801,04,06,02,02,05,06,F6,05,003D,4,6,2,2,5,6,-10,5,61,107,8,16,10,100
1802,05,00,F6,FA,FF,06,F9,06,FFFE,5,0,-10,-6,-1,6,-7,6,-2,27,8,16,10,100
1803,0A,FD,FD,05,09,03,FB,F7,FFB7,10,-3,-3,5,9,3,-5,-9,-73,-22,8,16,10,100
1804,0A,FF,01,02,09,01,FB,09,0034,10,-1,1,2,9,1,-5,9,52,154,8,16,10,100
1805,FE,FB,06,FF,F6,F9,08,FF,FFB4,-2,-5,6,-1,-10,-7,8,-1,-76,28,8,16,10,100
1806,FF,0A,04,04,04,F7,07,FF,FFB6,-1,10,4,4,4,-9,7,-1,-74,-144,8,16,10,100
1807,04,09,FE,FA,FA,FB,F7,07,FFF8,4,9,-2,-6,-6,-5,-9,7,-8,-101,8,16,10,100
1808,F9,06,06,FE,07,F6,09,07,FFC7,-7,6,6,-2,7,-10,9,7,-57,-126,8,16,10,100
1809,FA,FE,01,01,01,04,01,09,0057,-6,-2,1,1,1,4,1,9,87,83,8,16,10,100
1810,03,09,07,05,06,FD,05,01,FFF4,3,9,7,5,6,-3,5,1,-12,19,8,16,10,100
1811,09,07,F7,03,09,03,FE,FF,0038,9,7,-9,3,9,3,-2,-1,56,173,8,16,10,100
1812,F6,07,06,F8,0A,F6,0A,01,FFC4,-10,7,6,-8,10,-10,10,1,-60,-178,8,16,10,100
1813,03,05,01,08,03,00,F8,FA,FFB7,3,5,1,8,3,0,-8,-6,-73,-120,8,16,10,100
1814,F7,07,02,F9,00,FF,0A,01,FFE3,-9,7,2,-7,0,-1,10,1,-29,-23,8,16,10,100
1815,FC,FA,02,FF,F8,07,04,0A,003D,-4,-6,2,-1,-8,7,4,10,61,49,8,16,10,100
1816,04,03,FB,02,F6,0A,03,FD,001A,4,3,-5,2,-10,10,3,-3,26,-5,8,16,10,100
1817,06,02,0A,03,F7,F8,FC,04,001C,6,2,10,3,-9,-8,-4,4,28,-70,8,16,10,100
1818,F8,FD,04,FE,07,FA,F6,02,FF9C,-8,-3,4,-2,7,-6,-10,2,-100,-182,8,16,10,100
1819,F9,02,09,FC,F7,F8,08,09,0019,-7,2,9,-4,-9,-8,8,9,25,108,8,16,10,100
1820,FA,FF,0A,F6,F8,0A,08,FB,FFEC,-6,-1,10,-10,-8,10,8,-5,-20,148,8,16,10,100
1821,F7,FB,07,02,F8,00,0A,FE,0003,-9,-5,7,2,-8,0,10,-2,3,141,8,16,10,100
1822,05,F9,04,F7,09,02,06,FE,001A,5,-7,4,-9,9,2,6,-2,26,99,8,16,10,100
1823,02,04,FA,F8,06,F6,F8,FE,FFD5,2,4,-6,-8,6,-10,-8,-2,-43,-7,8,16,10,100
1824,F8,01,03,F6,02,F7,07,07,000D,-8,1,3,-10,2,-9,7,7,13,-61,8,16,10,100
1825,FA,F6,0A,F8,FD,FD,02,F7,FFAE,-6,-10,10,-8,-3,-3,2,-9,-82,58,8,16,10,100
1826,04,0A,09,09,07,FC,FD,02,0037,4,10,9,9,7,-4,-3,2,55,34,8,16,10,100
1827,F8,05,FC,FB,FB,03,F8,05,FFA5,-8,5,-4,-5,-5,3,-8,5,-91,-29,8,16,10,100
1828,0A,08,0A,02,09,F8,FC,FA,FFF1,10,8,10,2,9,-8,-4,-6,-15,-41,8,16,10,100
1829,FD,F8,F6,0A,03,05,03,00,000E,-3,-8,-10,10,3,5,3,0,14,-65,8,16,10,100
1830,00,07,03,00,FF,F9,FB,09,0059,0,7,3,0,-1,-7,-5,9,89,25,8,16,10,100
1831,0A,03,00,0A,02,F9,FA,00,0044,10,3,0,10,2,-7,-6,0,68,67,8,16,10,100
1832,09,FC,08,04,03,08,03,04,FFDD,9,-4,8,4,3,8,3,4,-35,0,8,16,10,100
1833,FF,04,F8,FF,FF,00,07,04,001A,-1,4,-8,-1,-1,0,7,4,26,-33,8,16,10,100
1834,08,07,FB,FB,F8,08,03,09,0028,8,7,-5,-5,-8,8,3,9,40,-28,8,16,10,100
1835,FE,01,01,03,FA,FB,FF,FE,003D,-2,1,1,3,-6,-5,-1,-2,61,61,8,16,10,100
1836,06,01,FE,FF,0A,00,03,FD,FFC4,6,1,-2,-1,10,0,3,-3,-60,-3,8,16,10,100
1837,FF,FF,00,0A,FA,F9,FD,01,0011,-1,-1,0,10,-6,-7,-3,1,17,40,8,16,10,100
1838,06,09,F9,F8,06,0A,07,05,FFED,6,9,-7,-8,6,10,7,5,-19,18,8,16,10,100
1839,05,FF,02,FE,F6,FB,07,09,0004,5,-1,2,-2,-10,-5,7,9,4,-45,8,16,10,100
1840,05,FB,02,07,05,F9,FD,03,FFD9,5,-5,2,7,5,-7,-3,3,-39,36,8,16,10,100
1841,FE,FA,01,FD,FD,05,01,F7,FFC3,-2,-6,1,-3,-3,5,1,-9,-61,-57,8,16,10,100
1842,FB,FA,07,04,FB,07,F8,FB,FFA3,-5,-6,7,4,-5,7,-8,-5,-93,-186,8,16,10,100
1843,F7,F8,F7,F7,FF,06,05,F9,001F,-9,-8,-9,-9,-1,6,5,-7,31,10,8,16,10,100
1844,F9,FB,0A,05,01,08,FC,03,FFF9,-7,-5,10,5,1,8,-4,3,-7,-79,8,16,10,100
1845,08,02,05,FE,FD,05,0A,05,FFBB,8,2,5,-2,-3,5,10,5,-69,-43,8,16,10,100
1846,09,FA,04,09,06,04,F8,F8,FFFE,9,-6,4,9,6,4,-8,-8,-2,-76,8,16,10,100
1847,06,09,FD,05,04,FA,F7,FD,002E,6,9,-3,5,4,-6,-9,-3,46,28,8,16,10,100
1848,FE,00,00,FE,03,F7,F8,F8,001C,-2,0,0,-2,3,-9,-8,-8,28,38,8,16,10,100
1849,07,08,0A,FF,08,FB,FF,05,FFD6,7,8,10,-1,8,-5,-1,5,-42,-41,8,16,10,100
1850,F6,FC,05,FD,FC,FD,0A,F8,FFBA,-10,-4,5,-3,-4,-3,10,-8,-70,56,8,16,10,100
1851,FC,06,FD,00,04,04,08,F8,0010,-4,6,-3,0,4,4,8,-8,16,0,8,16,10,100
1852,01,04,04,00,0A,FA,06,02,FFDC,1,4,4,0,10,-6,6,2,-36,-26,8,16,10,100
1853,05,FD,FF,02,03,FA,01,FF,005A,5,-3,-1,2,3,-6,1,-1,90,120,8,16,10,100
1854,00,07,05,FE,02,02,04,FB,FFE6,0,7,5,-2,2,2,4,-5,-26,18,8,16,10,100
1855,09,02,04,06,FA,F6,02,01,0009,9,2,4,6,-6,-10,2,1,9,-51,8,16,10,100
1856,03,FA,F9,F7,00,03,F7,FD,FFD1,3,-6,-7,-9,0,3,-9,-3,-47,25,8,16,10,100
1857,FF,FD,F8,F8,FA,F7,0A,FD,002E,-1,-3,-8,-8,-6,-9,10,-3,46,23,8,16,10,100
1858,02,F9,FB,01,07,F6,FA,03,FFBF,2,-7,-5,1,7,-10,-6,3,-65,52,8,16,10,100
1859,08,07,00,02,00,FD,F9,FD,003F,8,7,0,2,0,-3,-7,-3,63,36,8,16,10,100
1860,03,02,F6,F6,FE,05,03,00,0001,3,2,-10,-10,-2,5,3,0,1,-25,8,16,10,100
1861,FC,FD,08,FF,06,FB,F7,03,FFCE,-4,-3,8,-1,6,-5,-9,3,-50,-134,8,16,10,100
1862,0A,01,0A,FE,FA,00,09,FB,FFBF,10,1,10,-2,-6,0,9,-5,-65,-25,8,16,10,100
1863,01,09,01,FE,03,FF,09,FF,005C,1,9,1,-2,3,-1,9,-1,92,97,8,16,10,100
1864,02,F8,F6,F6,F8,F8,02,01,FFDD,2,-8,-10,-10,-8,-8,2,1,-35,-17,8,16,10,100
1865,FA,06,03,04,02,FA,F7,01,FFE9,-6,6,3,4,2,-6,-9,1,-23,-94,8,16,10,100
1866,FB,05,05,0A,FE,FB,FF,04,0004,-5,5,5,10,-2,-5,-1,4,4,24,8,16,10,100
1867,0A,00,0A,FF,F6,03,09,FD,002C,10,0,10,-1,-10,3,9,-3,44,37,8,16,10,100
1868,FA,F8,FE,02,FD,0A,FD,FE,0006,-6,-8,-2,2,-3,10,-3,-2,6,-54,8,16,10,100
1869,F9,FD,02,FF,FD,F7,FC,06,000F,-7,-3,2,-1,-3,-9,-4,6,15,49,8,16,10,100
1870,FF,01,07,03,FE,01,FF,FA,FFBE,-1,1,7,3,-2,1,-1,-6,-66,-88,8,16,10,100
1871,01,01,05,02,FA,F7,FB,FC,FFB0,1,1,5,2,-6,-9,-5,-4,-80,-128,8,16,10,100
1872,01,00,F9,FC,0A,00,FE,0A,002C,1,0,-7,-4,10,0,-2,10,44,28,8,16,10,100
1873,07,FE,09,FA,01,FC,04,0A,FFDC,7,-2,9,-6,1,-4,4,10,-36,-45,8,16,10,100
1874,F6,FF,FE,02,00,FB,FF,F8,0001,-10,-1,-2,2,0,-5,-1,-8,1,-8,8,16,10,100
1875,0A,09,00,03,F9,FD,FF,F6,0034,10,9,0,3,-7,-3,-1,-10,52,-75,8,16,10,100
1876,06,F6,06,06,F9,00,08,02,0064,6,-10,6,6,-7,0,8,2,100,118,8,16,10,100
1877,06,FE,FC,00,04,F6,09,F8,FFAC,6,-2,-4,0,4,-10,9,-8,-84,-76,8,16,10,100
1878,08,01,05,FB,03,01,00,08,FFC1,8,1,5,-5,3,1,0,8,-63,-78,8,16,10,100
1879,05,01,06,FF,F7,05,06,01,0056,5,1,6,-1,-9,5,6,1,86,81,8,16,10,100
1880,01,F7,04,05,06,08,00,02,FF9F,1,-9,4,5,6,8,0,2,-97,-153,8,16,10,100
1881,09,F7,00,06,F8,09,03,F9,FFD7,9,-9,0,6,-8,9,3,-7,-41,-236,8,16,10,100
1882,FD,F7,09,01,F7,07,02,FD,FFD7,-3,-9,9,1,-9,7,2,-3,-41,-62,8,16,10,100
1883,FF,01,FE,05,0A,09,06,06,002C,-1,1,-2,5,10,9,6,6,44,61,8,16,10,100
1884,08,09,0A,01,04,06,07,F6,FFCA,8,9,10,1,4,6,7,-10,-54,92,8,16,10,100
1885,F8,04,00,06,05,03,FC,FD,FFE6,-8,4,0,6,5,3,-4,-3,-26,-72,8,16,10,100
1886,FF,01,02,07,F6,FF,FD,03,0050,-1,1,2,7,-10,-1,-3,3,80,104,8,16,10,100
1887,FD,FD,03,F8,FE,FC,09,04,0006,-3,-3,3,-8,-2,-4,9,4,6,19,8,16,10,100
1888,07,FE,02,0A,08,0A,F9,04,FFB8,7,-2,2,10,8,10,-7,4,-72,-10,8,16,10,100
1889,FB,FD,F7,FF,F7,F6,01,06,0025,-5,-3,-9,-1,-9,-10,1,6,37,97,8,16,10,100
1890,01,08,FD,09,FA,F8,FB,FF,FFB8,1,8,-3,9,-6,-8,-5,-1,-72,-136,8,16,10,100
1891,09,FF,0A,FC,04,09,07,00,FFEB,9,-1,10,-4,4,9,7,0,-21,76,8,16,10,100
1892,0A,07,FA,FD,05,01,F7,F7,FFBD,10,7,-6,-3,5,1,-9,-9,-67,71,8,16,10,100
1893,F7,F7,F7,FE,01,FA,F6,04,0062,-9,-9,-9,-2,1,-6,-10,4,98,225,8,16,10,100
1894,09,F7,00,FA,07,07,09,FD,000F,9,-9,0,-6,7,7,9,-3,15,33,8,16,10,100
1895,F8,06,FA,07,FF,FA,F7,FE,FF9F,-8,6,-6,7,-1,-6,-9,-2,-97,-85,8,16,10,100
1896,FB,07,F9,02,FA,F8,07,03,FF9D,-5,7,-7,2,-6,-8,7,3,-99,-168,8,16,10,100
1897,03,06,F8,FC,F9,06,09,FB,FFFF,3,6,-8,-4,-7,6,9,-5,-1,-38,8,16,10,100
1898,01,0A,FB,FE,09,01,00,FD,0060,1,10,-5,-2,9,1,0,-3,96,121,8,16,10,100
1899,FD,FD,04,FB,FE,FC,F7,FF,0020,-3,-3,4,-5,-2,-4,-9,-1,32,19,8,16,10,100
1900,FC,02,F6,05,09,FA,02,02,FFB2,-4,2,-10,5,9,-6,2,2,-78,-136,8,16,10,100
1901,F6,FB,00,08,06,03,01,FB,003D,-10,-5,0,8,6,3,1,-5,61,-54,8,16,10,100
1902,FA,00,F8,FE,04,F7,FF,F8,0035,-6,0,-8,-2,4,-9,-1,-8,53,53,8,16,10,100
1903,FD,09,F6,06,09,07,04,FA,0038,-3,9,-10,6,9,7,4,-6,56,16,8,16,10,100
1904,F9,0A,FC,F6,FD,07,03,FE,0044,-7,10,-4,-10,-3,7,3,-2,68,167,8,16,10,100
1905,08,02,FA,FF,02,07,FE,03,0025,8,2,-6,-1,2,7,-2,3,37,76,8,16,10,100
1906,0A,F7,06,09,F9,F8,08,03,000E,10,-9,6,9,-7,-8,8,3,14,91,8,16,10,100
1907,FA,07,09,FE,07,F8,FB,02,FFD7,-6,7,9,-2,7,-8,-5,2,-41,-188,8,16,10,100
1908,FC,09,09,F8,FB,FC,01,FA,FFAE,-4,9,9,-8,-5,-4,1,-6,-82,-41,8,16,10,100
1909,FD,00,08,05,FA,FB,03,F7,001A,-3,0,8,5,-6,-5,3,-9,26,23,8,16,10,100
1910,F8,02,0A,F6,0A,FE,04,FB,002A,-8,2,10,-10,10,-2,4,-5,42,48,8,16,10,100
1911,FD,07,F6,FB,04,05,FD,FE,0034,-3,7,-10,-5,4,5,-3,-2,52,115,8,16,10,100
1912,04,09,F8,FB,04,FD,FC,FF,003C,4,9,-8,-5,4,-3,-4,-1,60,86,8,16,10,100
1913,01,FA,FA,06,F7,F9,09,FB,FFCF,1,-6,-6,6,-9,-7,9,-5,-49,-100,8,16,10,100
1914,FA,FC,00,F9,F7,09,FF,01,FFD3,-6,-4,0,-7,-9,9,-1,1,-45,-34,8,16,10,100
1915,00,02,05,04,05,00,03,07,FFE0,0,2,5,4,5,0,3,7,-32,11,8,16,10,100
1916,0A,FE,01,FB,0A,07,FA,03,FFF8,10,-2,1,-5,10,7,-6,3,-8,57,8,16,10,100
1917,F6,FE,04,03,02,06,05,07,005C,-10,-2,4,3,2,6,5,7,92,101,8,16,10,100
1918,F9,02,03,FE,F6,02,01,FE,0028,-7,2,3,-2,-10,2,1,-2,40,121,8,16,10,100
1919,F8,F6,F8,02,01,02,01,03,0012,-8,-10,-8,2,1,2,1,3,18,-12,8,16,10,100
1920,0A,09,F6,06,F7,F7,0A,03,005F,10,9,-10,6,-9,-9,10,3,95,-158,8,16,10,100
1921,FA,02,08,FC,FE,06,03,F9,0059,-6,2,8,-4,-2,6,3,-7,89,165,8,16,10,100
1922,FA,FC,F7,F6,01,02,F6,F7,005B,-6,-4,-9,-10,1,2,-10,-9,91,257,8,16,10,100
1923,F6,01,07,F6,FE,06,05,04,FFAC,-10,1,7,-10,-2,6,5,4,-84,-63,8,16,10,100
1924,F7,09,08,F7,05,00,FA,03,FFD0,-9,9,8,-9,5,0,-6,3,-48,-168,8,16,10,100
1925,0A,FE,FC,00,00,FF,00,02,0051,10,-2,-4,0,0,-1,0,2,81,83,8,16,10,100
1926,03,03,03,0A,FB,F6,05,09,0027,3,3,3,10,-5,-10,5,9,39,99,8,16,10,100
1927,FB,06,F8,FD,F9,07,04,09,FFE0,-5,6,-8,-3,-7,7,4,9,-32,-14,8,16,10,100
1928,09,08,FE,FE,F7,04,F7,07,FF9E,9,8,-2,-2,-9,4,-9,7,-98,-143,8,16,10,100
1929,05,02,F7,07,04,FB,FB,02,002D,5,2,-9,7,4,-5,-5,2,45,114,8,16,10,100
1930,FE,FF,FE,F9,09,03,01,06,0040,-2,-1,-2,-7,9,3,1,6,64,-1,8,16,10,100
1931,FC,FA,F8,F8,09,07,07,01,005C,-4,-6,-8,-8,9,7,7,1,92,-50,8,16,10,100
1932,FF,03,05,03,08,00,FE,F9,003A,-1,3,5,3,8,0,-2,-7,58,19,8,16,10,100
1933,FE,FC,FC,FD,F9,FE,F6,FB,0004,-2,-4,-4,-3,-7,-2,-10,-5,4,81,8,16,10,100
1934,0A,FF,FD,04,03,02,F9,FB,001A,10,-1,-3,4,3,2,-7,-5,26,55,8,16,10,100
1935,04,00,06,0A,09,08,0A,F8,FFF5,4,0,6,10,9,8,10,-8,-11,5,8,16,10,100
1936,09,FA,05,FA,FB,01,FD,05,FFD3,9,-6,5,-6,-5,1,-3,5,-45,-141,8,16,10,100
1937,06,09,FB,09,08,03,08,0A,FFE6,6,9,-5,9,8,3,8,10,-26,99,8,16,10,100
1938,FB,F8,09,01,01,0A,FE,05,FFF5,-5,-8,9,1,1,10,-2,5,-11,-109,8,16,10,100
1939,01,00,FD,01,04,05,08,FA,FFD9,1,0,-3,1,4,5,8,-6,-39,-65,8,16,10,100
1940,04,FC,09,F8,00,FC,05,F7,0034,4,-4,9,-8,0,-4,5,-9,52,185,8,16,10,100
1941,09,0A,09,F9,FF,03,09,FE,002E,9,10,9,-7,-1,3,9,-2,46,162,8,16,10,100
1942,09,F9,FC,04,01,08,09,FC,0059,9,-7,-4,4,1,8,9,-4,89,-10,8,16,10,100
1943,05,08,FE,03,03,FB,05,0A,0038,5,8,-2,3,3,-5,5,10,56,51,8,16,10,100
1944,F7,FA,08,06,09,0A,05,03,004A,-9,-6,8,6,9,10,5,3,74,-9,8,16,10,100
1945,F7,06,08,07,FE,07,FD,FB,0061,-9,6,8,7,-2,7,-3,-5,97,98,8,16,10,100
1946,F9,09,F8,FD,F7,09,FB,01,FFA2,-7,9,-8,-3,-9,9,-5,1,-94,87,8,16,10,100
1947,F7,F6,FB,01,09,03,07,FB,FFBA,-9,-10,-5,1,9,3,7,-5,-70,-221,8,16,10,100
1948,FE,FD,F6,02,04,FC,FE,07,FFEE,-2,-3,-10,2,4,-4,-2,7,-18,20,8,16,10,100
1949,FF,02,F7,04,FF,F6,03,05,FFBC,-1,2,-9,4,-1,-10,3,5,-68,-94,8,16,10,100
1950,F7,F9,03,0A,FE,09,FC,FE,0007,-9,-7,3,10,-2,9,-4,-2,7,-70,8,16,10,100
1951,02,FC,FE,FD,FD,F7,0A,F6,FFD6,2,-4,-2,-3,-3,-9,10,-10,-42,-2,8,16,10,100
1952,FE,FB,F9,00,00,00,F6,FD,FF9E,-2,-5,-7,0,0,0,-10,-3,-98,-28,8,16,10,100
1953,FE,FF,0A,FC,08,F9,07,03,FFE5,-2,-1,10,-4,8,-7,7,3,-27,22,8,16,10,100
1954,01,F6,03,FA,FD,FC,F6,08,0048,1,-10,3,-6,-3,-4,-10,8,72,31,8,16,10,100
1955,03,08,F7,F7,04,04,FF,02,FFB5,3,8,-9,-9,4,4,-1,2,-75,-40,8,16,10,100
1956,00,FD,03,03,FC,05,00,04,0007,0,-3,3,3,-4,5,0,4,7,4,8,16,10,100
1957,03,08,01,FC,0A,03,FE,FC,FFDA,3,8,1,-4,10,3,-2,-4,-38,30,8,16,10,100
1958,F8,0A,00,06,09,06,07,01,004E,-8,10,0,6,9,6,7,1,78,72,8,16,10,100
1959,FA,03,07,01,00,00,FB,03,FFAF,-6,3,7,1,0,0,-5,3,-81,-113,8,16,10,100
1960,02,F6,02,FE,0A,04,06,F9,0051,2,-10,2,-2,10,4,6,-7,81,87,8,16,10,100
1961,F6,FE,05,FA,0A,0A,00,FC,003C,-10,-2,5,-6,10,10,0,-4,60,-36,8,16,10,100
1962,F6,04,00,01,00,09,03,FC,FFC2,-10,4,0,1,0,9,3,-4,-62,-30,8,16,10,100
1963,F6,FF,FB,FD,FF,03,FD,04,FFFD,-10,-1,-5,-3,-1,3,-3,4,-3,7,8,16,10,100
1964,0A,05,FC,FE,FE,07,F9,05,0014,10,5,-4,-2,-2,7,-7,5,20,53,8,16,10,100
1965,FD,01,FF,FD,FE,04,F9,FD,0003,-3,1,-1,-3,-2,4,-7,-3,3,29,8,16,10,100
1966,04,FD,FF,09,05,FC,03,04,FFE9,4,-3,-1,9,5,-4,3,4,-23,42,8,16,10,100
1967,FA,FE,FF,04,F9,FE,0A,FF,FFFA,-6,-2,-1,4,-7,-2,10,-1,-6,26,8,16,10,100
1968,00,03,F9,F7,08,02,F7,01,004F,0,3,-7,-9,8,2,-9,1,79,139,8,16,10,100
1969,03,FB,0A,00,09,01,07,07,FFC5,3,-5,10,0,9,1,7,7,-59,33,8,16,10,100
1970,FE,FF,08,FF,FF,F8,07,FD,0057,-2,-1,8,-1,-1,-8,7,-3,87,156,8,16,10,100
1971,09,F9,FA,F7,08,03,03,FE,FFEB,9,-7,-6,-9,8,3,3,-2,-21,30,8,16,10,100
1972,04,FC,08,01,01,FB,02,FF,FFFE,4,-4,8,1,1,-5,2,-1,-2,37,8,16,10,100
1973,F8,FE,F7,00,01,FB,FE,FB,005C,-8,-2,-9,0,1,-5,-2,-5,92,112,8,16,10,100
1974,FA,FA,01,04,09,F9,06,F9,FFA1,-6,-6,1,4,9,-7,6,-7,-95,-129,8,16,10,100
1975,09,F7,06,FA,09,FC,03,0A,000A,9,-9,6,-6,9,-4,3,10,10,85,8,16,10,100
1976,FA,FE,07,00,05,F8,04,06,FFAF,-6,-2,7,0,5,-8,4,6,-81,-67,8,16,10,100
1977,0A,02,FE,F6,04,02,F6,00,002B,10,2,-2,-10,4,2,-10,0,43,107,8,16,10,100
1978,07,01,05,00,01,FD,08,0A,FFD4,7,1,5,0,1,-3,8,10,-44,0,8,16,10,100
1979,08,F8,FC,FD,00,07,FE,07,FFD9,8,-8,-4,-3,0,7,-2,7,-39,-108,8,16,10,100
1980,FA,00,09,02,04,FE,09,FB,FFE8,-6,0,9,2,4,-2,9,-5,-24,23,8,16,10,100
1981,FA,08,09,07,0A,FF,FC,00,0045,-6,8,9,7,10,-1,-4,0,69,-35,8,16,10,100
1982,F6,08,07,FA,03,06,FF,01,004F,-10,8,7,-6,3,6,-1,1,79,84,8,16,10,100
1983,09,07,00,FC,0A,F6,01,FD,0035,9,7,0,-4,10,-10,1,-3,53,85,8,16,10,100
1984,FE,FB,FE,0A,FE,F6,05,FD,0041,-2,-5,-2,10,-2,-10,5,-3,65,79,8,16,10,100
1985,F6,F9,08,0A,04,0A,02,02,0057,-10,-7,8,10,4,10,2,2,87,13,8,16,10,100
1986,03,06,05,07,00,FE,07,F8,0031,3,6,5,7,0,-2,7,-8,49,16,8,16,10,100
1987,FF,06,06,07,02,FB,00,08,FFC2,-1,6,6,7,2,-5,0,8,-62,-38,8,16,10,100
1988,03,07,FA,F7,09,09,FA,F6,0048,3,7,-6,-9,9,9,-6,-10,72,288,8,16,10,100
1989,F8,00,09,FC,FA,FE,04,F7,0003,-8,0,9,-4,-6,-2,4,-9,3,123,8,16,10,100
1990,F8,F9,01,F7,01,F9,09,05,FFF2,-8,-7,1,-9,1,-7,9,5,-14,-9,8,16,10,100
1991,03,FE,07,04,07,02,01,FE,004A,3,-2,7,4,7,2,1,-2,74,90,8,16,10,100
1992,06,01,FE,F9,FF,0A,F7,01,0045,6,1,-2,-7,-1,10,-9,1,69,84,8,16,10,100
1993,09,05,01,FC,FF,05,FC,06,FFAC,9,5,1,-4,-1,5,-4,6,-84,-96,8,16,10,100
1994,F9,04,F7,02,FF,07,02,06,0017,-7,4,-9,2,-1,7,2,6,23,52,8,16,10,100
1995,05,FC,0A,06,07,03,06,03,FFCD,5,-4,10,6,7,3,6,3,-51,50,8,16,10,100
1996,02,F8,06,F6,02,06,F6,FC,0048,2,-8,6,-10,2,6,-10,-4,72,8,8,16,10,100
1997,FA,09,FB,FA,01,FD,FC,03,FFCD,-6,9,-5,-6,1,-3,-4,3,-51,-82,8,16,10,100
1998,FF,0A,FE,F8,FD,00,FB,F8,FFCA,-1,10,-2,-8,-3,0,-5,-8,-54,23,8,16,10,100
1999,FD,F6,FF,05,06,FB,03,FD,FFB6,-3,-10,-1,5,6,-5,3,-3,-74,-60,8,16,10,100
2000,FB,04,06,FD,07,FC,F7,FC,FFF3,-5,4,6,-3,7,-4,-9,-4,-13,-106,8,16,10,100
2001,05,04,F9,FC,F6,06,01,01,FFC9,5,4,-7,-4,-10,6,1,1,-55,-92,8,16,10,100
2002,02,00,FE,07,FD,07,08,FD,005B,2,0,-2,7,-3,7,8,-3,91,48,8,16,10,100
2003,FE,05,04,F9,F8,01,04,FF,0058,-2,5,4,-7,-8,1,4,-1,88,132,8,16,10,100
2004,F6,07,02,05,FC,09,00,00,FFF7,-10,7,2,5,-4,9,0,0,-9,94,8,16,10,100
2005,02,F9,03,07,FE,01,05,08,000D,2,-7,3,7,-2,1,5,8,13,73,8,16,10,100
2006,0A,FA,F6,06,00,0A,FB,04,FFDB,10,-6,-10,6,0,10,-5,4,-37,-23,8,16,10,100
2007,07,07,04,04,08,06,FB,FE,001B,7,7,4,4,8,6,-5,-2,27,97,8,16,10,100
2008,02,02,FF,03,FE,F8,05,06,FF9C,2,2,-1,3,-2,-8,5,6,-100,-107,8,16,10,100
2009,FE,07,05,02,F9,05,02,04,0049,-2,7,5,2,-7,5,2,4,73,140,8,16,10,100
2010,FB,08,00,FD,FC,09,06,05,FFA1,-5,8,0,-3,-4,9,6,5,-95,-18,8,16,10,100
2011,09,08,04,F6,08,FF,F9,F9,FFA1,9,8,4,-10,8,-1,-7,-7,-95,11,8,16,10,100
2012,06,00,07,FB,01,F6,F6,07,FFC4,6,0,7,-5,1,-10,-10,7,-60,-159,8,16,10,100
2013,03,FA,FA,0A,FA,F6,FA,FB,001B,3,-6,-6,10,-6,-10,-6,-5,27,55,8,16,10,100
2014,F9,FD,F8,FF,F7,09,04,09,FFBF,-7,-3,-8,-1,-9,9,4,9,-65,-70,8,16,10,100
2015,08,FA,F7,FF,0A,F6,04,00,001B,8,-6,-9,-1,10,-10,4,0,27,131,8,16,10,100
2016,FF,F9,F7,03,08,F9,00,F9,FFA4,-1,-7,-9,3,8,-7,0,-7,-92,-72,8,16,10,100
2017,FA,FE,FB,01,FF,09,02,04,FFAB,-6,-2,-5,1,-1,9,2,4,-85,-103,8,16,10,100
2018,04,F7,FB,01,FA,F8,05,F9,FFD1,4,-9,-5,1,-6,-8,5,-7,-47,-31,8,16,10,100
2019,F6,06,0A,F9,FF,FA,FC,06,0011,-10,6,10,-7,-1,-6,-4,6,17,-91,8,16,10,100
2020,01,FB,FB,09,00,FE,F7,01,0049,1,-5,-5,9,0,-2,-9,1,73,137,8,16,10,100
2021,04,F9,FC,05,03,F9,FC,06,FFBD,4,-7,-4,5,3,-7,-4,6,-67,40,8,16,10,100
2022,05,05,FB,01,07,F9,04,02,FFE7,5,5,-5,1,7,-7,4,2,-25,-43,8,16,10,100
2023,FB,08,01,F9,05,01,FF,F7,0022,-5,8,1,-7,5,1,-1,-9,34,79,8,16,10,100
2024,09,00,01,04,FA,F8,F6,08,FFD2,9,0,1,4,-6,-8,-10,8,-46,-78,8,16,10,100
2025,F6,04,FE,07,FB,05,F8,FA,0057,-10,4,-2,7,-5,5,-8,-6,87,131,8,16,10,100
2026,F8,09,09,F9,06,0A,02,09,FFC8,-8,9,9,-7,6,10,2,9,-56,-59,8,16,10,100
2027,05,FC,FD,01,06,F9,FE,F8,FFFB,5,-4,-3,1,6,-7,-2,-8,-5,51,8,16,10,100
2028,00,FF,03,04,0A,FE,FB,0A,FFE8,0,-1,3,4,10,-2,-5,10,-24,3,8,16,10,100
2029,0A,FD,09,0A,FF,FB,02,09,0026,10,-3,9,10,-1,-5,2,9,38,151,8,16,10,100
2030,F9,00,FE,08,FD,00,FA,04,FFB1,-7,0,-2,8,-3,0,-6,4,-79,-14,8,16,10,100
2031,02,FA,02,F6,0A,09,00,FE,FFF0,2,-6,2,-10,10,9,0,-2,-16,-30,8,16,10,100
2032,FB,02,01,F6,F9,F9,FB,FD,FFDD,-5,2,1,-10,-7,-7,-5,-3,-35,11,8,16,10,100
2033,00,FC,06,05,FF,FC,FF,FE,FFAF,0,-4,6,5,-1,-4,-1,-2,-81,-81,8,16,10,100
2034,09,06,FC,FB,FE,FC,FA,02,0028,9,6,-4,-5,-2,-4,-6,2,40,12,8,16,10,100
2035,FD,03,05,01,FC,0A,02,FB,FFFC,-3,3,5,1,-4,10,2,-5,-4,43,8,16,10,100
2036,FD,FA,05,FE,01,F9,FC,FD,0020,-3,-6,5,-2,1,-7,-4,-3,32,57,8,16,10,100
2037,F8,FB,FF,00,08,FA,06,FE,FFC1,-8,-5,-1,0,8,-6,6,-2,-63,-103,8,16,10,100
2038,F6,F6,FC,FD,04,08,07,01,FFA1,-10,-10,-4,-3,4,8,7,1,-95,-246,8,16,10,100
2039,F9,FB,08,02,06,0A,FD,01,FFF5,-7,-5,8,2,6,10,-3,1,-11,-125,8,16,10,100
2040,09,F8,F6,06,08,00,FD,09,0031,9,-8,-10,6,8,0,-3,9,49,205,8,16,10,100
2041,04,08,01,F7,03,FB,02,02,0028,4,8,1,-9,3,-5,2,2,40,-4,8,16,10,100
2042,FF,FF,00,FC,04,FE,FD,00,000A,-1,-1,0,-4,4,-2,-3,0,10,8,8,16,10,100
2043,F9,06,FB,0A,F6,04,07,09,FFBA,-7,6,-5,10,-10,4,7,9,-70,79,8,16,10,100
2044,07,03,FD,06,05,F6,03,08,0036,7,3,-3,6,5,-10,3,8,54,98,8,16,10,100
2045,F6,F9,FB,FB,F6,05,FD,0A,FFF7,-10,-7,-5,-5,-10,5,-3,10,-9,21,8,16,10,100
2046,FA,FA,F9,01,04,F9,F9,03,0016,-6,-6,-7,1,4,-7,-7,3,22,92,8,16,10,100
2047,02,05,09,FA,03,FA,03,F6,FFA5,2,5,9,-6,3,-6,3,-10,-91,-28,8,16,10,100
2048,01,08,08,04,FD,04,FB,04,0011,1,8,8,4,-3,4,-5,4,17,22,8,16,10,100
2049,06,FD,FE,FB,03,06,06,09,FFB9,6,-3,-2,-5,3,6,6,9,-71,-128,8,16,10,100
2050,09,F6,03,F8,F8,09,F6,F7,FFB0,9,-10,3,-8,-8,9,-10,-9,-80,-200,8,16,10,100
2051,FE,FE,01,0A,02,03,FC,01,005F,-2,-2,1,10,2,3,-4,1,95,91,8,16,10,100
2052,FD,FA,06,02,02,FE,04,02,0029,-3,-6,6,2,2,-2,4,2,41,75,8,16,10,100
2053,03,02,04,07,03,F7,FC,FC,005C,3,2,4,7,3,-9,-4,-4,92,39,8,16,10,100
2054,F8,FA,08,0A,03,FB,F9,00,0003,-8,-6,8,10,3,-5,-7,0,3,-47,8,16,10,100
2055,07,08,F7,FC,02,FF,FD,02,FFEF,7,8,-9,-4,2,-1,-3,2,-17,8,8,16,10,100
2056,08,02,04,FD,FA,FD,03,FE,0045,8,2,4,-3,-6,-3,3,-2,69,33,8,16,10,100
2057,07,04,08,F9,05,00,00,F6,FFF4,7,4,8,-7,5,0,0,-10,-12,93,8,16,10,100
2058,F6,00,FF,06,F8,06,FC,08,FFCC,-10,0,-1,6,-8,6,-4,8,-52,80,8,16,10,100
2059,FD,FA,F9,08,04,09,09,FF,0034,-3,-6,-7,8,4,9,9,-1,52,-85,8,16,10,100
2060,F9,FB,F9,F8,F6,F7,08,FC,0034,-7,-5,-7,-8,-10,-9,8,-4,52,143,8,16,10,100
2061,FF,F7,06,06,05,F8,FA,04,FFA6,-1,-9,6,6,5,-8,-6,4,-90,-35,8,16,10,100
2062,08,00,04,F8,F6,F9,09,F9,FFC7,8,0,4,-8,-10,-7,9,-7,-57,-45,8,16,10,100
2063,F7,F8,08,FC,04,07,F7,04,FFD3,-9,-8,8,-4,4,7,-9,4,-45,-225,8,16,10,100
2064,F9,08,08,0A,FC,04,06,09,FFC4,-7,8,8,10,-4,4,6,9,-60,138,8,16,10,100
2065,FB,FB,F8,04,0A,F6,09,FE,0027,-5,-5,-8,4,10,-10,9,-2,39,-41,8,16,10,100
2066,04,02,F6,03,F6,FD,02,05,0064,4,2,-10,3,-10,-3,2,5,100,49,8,16,10,100
2067,0A,FC,01,00,F9,FA,FF,07,002D,10,-4,1,0,-7,-6,-1,7,45,-2,8,16,10,100
2068,07,02,07,F6,FD,FF,F9,FD,000A,7,2,7,-10,-3,-1,-7,-3,10,-32,8,16,10,100
2069,00,FC,08,F8,0A,FB,FA,FC,000A,0,-4,8,-8,10,-5,-6,-4,10,14,8,16,10,100
2070,FA,03,0A,01,FF,07,FC,01,0043,-6,3,10,1,-1,7,-4,1,67,55,8,16,10,100
2071,06,FE,F6,FA,0A,01,FC,04,0013,6,-2,-10,-6,10,1,-4,4,19,93,8,16,10,100
2072,F6,04,02,09,FA,F8,FD,09,FFA9,-10,4,2,9,-6,-8,-3,9,-87,16,8,16,10,100
2073,F7,05,FE,FB,FB,FB,00,F7,0023,-9,5,-2,-5,-5,-5,0,-9,35,100,8,16,10,100
2074,02,FA,0A,06,04,FC,F9,02,0054,2,-6,10,6,4,-4,-7,2,84,58,8,16,10,100
2075,FB,00,F6,07,00,03,FB,FB,FFD3,-5,0,-10,7,0,3,-5,-5,-45,-30,8,16,10,100
2076,00,FE,03,FA,08,07,FF,00,0024,0,-2,3,-6,8,7,-1,0,36,19,8,16,10,100
2077,0A,FA,FD,02,FC,01,04,01,FFDF,10,-6,-3,2,-4,1,4,1,-33,-89,8,16,10,100
2078,FE,09,F6,07,F9,0A,F8,FC,FFBD,-2,9,-10,7,-7,10,-8,-4,-67,89,8,16,10,100
2079,03,FE,04,F6,05,07,FE,06,0057,3,-2,4,-10,5,7,-2,6,87,20,8,16,10,100
2080,01,FA,05,FD,FE,07,09,00,FFD3,1,-6,5,-3,-2,7,9,0,-45,-44,8,16,10,100
2081,F6,03,FB,0A,09,05,FD,06,000E,-10,3,-5,10,9,5,-3,6,14,14,8,16,10,100
2082,0A,00,04,00,FA,07,F7,0A,005A,10,0,4,0,-6,7,-9,10,90,-6,8,16,10,100
2083,02,F9,FC,F7,FC,F8,03,05,FFE0,2,-7,-4,-9,-4,-8,3,5,-32,-41,8,16,10,100
2084,09,FB,FB,07,FA,07,05,04,FFB2,9,-5,-5,7,-6,7,5,4,-78,-164,8,16,10,100
2085,FA,FE,F6,02,05,FA,02,FA,003F,-6,-2,-10,2,5,-6,2,-6,63,13,8,16,10,100
2086,0A,09,FA,FE,07,FC,03,05,005C,10,9,-6,-2,7,-4,3,5,92,98,8,16,10,100
2087,F6,03,07,03,F7,F6,00,00,FFE4,-10,3,7,3,-9,-10,0,0,-28,32,8,16,10,100
2088,FC,04,FC,06,06,F7,F9,FB,0044,-4,4,-4,6,6,-9,-7,-5,68,6,8,16,10,100
2089,06,FB,03,FD,06,03,00,06,0035,6,-5,3,-3,6,3,0,6,53,56,8,16,10,100
2090,F8,08,04,FD,07,06,FF,F8,0007,-8,8,4,-3,7,6,-1,-8,7,19,8,16,10,100
2091,0A,00,01,04,FD,FB,03,FE,FFD0,10,0,1,4,-3,-5,3,-2,-48,-83,8,16,10,100
2092,09,FC,FF,F9,02,F8,FA,FC,FFB2,9,-4,-1,-7,2,-8,-6,-4,-78,6,8,16,10,100
2093,F7,F9,07,09,07,09,FC,F8,005E,-9,-7,7,9,7,9,-4,-8,94,-132,8,16,10,100
2094,F8,F6,09,06,F9,FF,06,FF,FFC6,-8,-10,9,6,-7,-1,6,-1,-58,56,8,16,10,100
2095,09,FF,06,03,07,F9,F8,0A,FFEC,9,-1,6,3,7,-7,-8,10,-20,32,8,16,10,100
2096,09,FD,02,F8,F7,09,F8,F9,0032,9,-3,2,-8,-9,9,-8,-7,50,-18,8,16,10,100
2097,FC,FC,07,06,F8,F7,04,FF,0049,-4,-4,7,6,-8,-9,4,-1,73,163,8,16,10,100
2098,01,01,F9,00,FD,09,FF,FD,0011,1,1,-7,0,-3,9,-1,-3,17,30,8,16,10,100
2099,FC,FA,FE,0A,05,08,01,07,0042,-4,-6,-2,10,5,8,1,7,66,66,8,16,10,100
2100,F9,08,07,08,FB,01,06,03,FFA1,-7,8,7,8,-5,1,6,3,-95,14,8,16,10,100
2101,05,F7,F9,FC,04,04,09,FE,0063,5,-9,-7,-4,4,4,9,-2,99,28,8,16,10,100
2102,05,F6,FE,FE,03,FA,F7,FA,FF9D,5,-10,-2,-2,3,-6,-9,-6,-99,6,8,16,10,100
2103,FD,08,FC,F6,00,0A,F7,FA,FFEC,-3,8,-4,-10,0,10,-9,-6,-20,156,8,16,10,100
2104,FA,FB,08,00,FA,06,0A,FA,FFEB,-6,-5,8,0,-6,6,10,-6,-21,65,8,16,10,100
2105,F9,01,F7,F9,08,0A,F8,0A,0049,-7,1,-9,-7,8,10,-8,10,73,29,8,16,10,100
2106,00,01,08,04,08,00,00,07,FFB0,0,1,8,4,8,0,0,7,-80,-52,8,16,10,100
2107,02,01,07,FE,03,06,05,02,FFC4,2,1,7,-2,3,6,5,2,-60,-17,8,16,10,100
2108,06,FE,04,07,FE,F8,FB,FF,0038,6,-2,4,7,-2,-8,-5,-1,56,33,8,16,10,100
2109,F6,FE,00,0A,05,FB,01,FD,0041,-10,-2,0,10,5,-5,1,-3,65,-5,8,16,10,100
2110,FB,09,06,F7,FD,08,07,06,0017,-5,9,6,-9,-3,8,7,6,23,98,8,16,10,100
2111,00,F8,F6,F7,04,0A,FE,04,0016,0,-8,-10,-9,4,10,-2,4,22,-74,8,16,10,100
2112,01,00,08,0A,00,FD,FD,06,000D,1,0,8,10,0,-3,-3,6,13,49,8,16,10,100
2113,F6,FB,FB,FC,FE,08,FE,08,FFE9,-10,-5,-5,-4,-2,8,-2,8,-23,-65,8,16,10,100
2114,02,06,FF,FD,06,06,FD,F6,FFD1,2,6,-1,-3,6,6,-3,-10,-47,34,8,16,10,100
2115,F7,FB,09,06,FF,05,01,01,FFE0,-9,-5,9,6,-1,5,1,1,-32,-33,8,16,10,100
2116,00,08,00,08,F8,FC,FB,FF,FFC3,0,8,0,8,-8,-4,-5,-1,-61,-101,8,16,10,100
2117,00,04,04,02,FE,06,02,09,FFAD,0,4,4,2,-2,6,2,9,-83,-33,8,16,10,100
2118,07,06,F8,05,F7,00,FD,03,0018,7,6,-8,5,-9,0,-3,3,24,0,8,16,10,100
2119,FB,FA,05,08,02,07,FB,08,FFAC,-5,-6,5,8,2,7,-5,8,-84,-97,8,16,10,100
2120,F9,05,FA,05,FB,FD,FD,07,0060,-7,5,-6,5,-5,-3,-3,7,96,169,8,16,10,100
2121,FF,01,F8,03,FC,FC,F6,F6,FFB4,-1,1,-8,3,-4,-4,-10,-10,-76,-26,8,16,10,100
2122,05,F6,F6,F7,FB,F8,FA,00,0055,5,-10,-10,-9,-5,-8,-6,0,85,200,8,16,10,100
2123,FC,08,03,09,09,FA,F9,04,005C,-4,8,3,9,9,-6,-7,4,92,23,8,16,10,100
2124,05,06,04,FA,05,F6,04,05,FFE8,5,6,4,-6,5,-10,4,5,-24,-73,8,16,10,100
2125,04,03,06,FB,F9,FD,09,F8,FFA3,4,3,6,-5,-7,-3,9,-8,-93,-36,8,16,10,100
2126,09,07,02,F7,02,05,F9,05,003F,9,7,2,-9,2,5,-7,5,63,57,8,16,10,100
2127,FB,F9,F6,04,09,FF,F6,FB,FFD6,-5,-7,-10,4,9,-1,-10,-5,-42,0,8,16,10,100
2128,FC,03,00,05,04,FD,FE,06,004C,-4,3,0,5,4,-3,-2,6,76,81,8,16,10,100
2129,06,F8,03,06,FD,FA,FF,04,FFB7,6,-8,3,6,-3,-6,-1,4,-73,-22,8,16,10,100
2130,02,02,FB,0A,FB,FC,F7,04,FFA4,2,2,-5,10,-5,-4,-9,4,-92,-25,8,16,10,100
2131,FC,01,0A,00,08,F8,F8,F7,0061,-4,1,10,0,8,-8,-8,-9,97,-23,8,16,10,100
2132,06,00,09,F8,02,01,FB,00,0002,6,0,9,-8,2,1,-5,0,2,-31,8,16,10,100
2133,01,F9,09,06,FB,F9,03,07,0060,1,-7,9,6,-5,-7,3,7,96,209,8,16,10,100
2134,0A,F9,FA,FD,09,F6,FA,05,000C,10,-7,-6,-3,9,-10,-6,5,12,193,8,16,10,100
2135,F8,FE,F6,03,07,0A,FC,FA,FFFD,-8,-2,-10,3,7,10,-4,-6,-3,-57,8,16,10,100
2136,09,00,04,05,06,09,FF,00,000E,9,0,4,5,6,9,-1,0,14,64,8,16,10,100
2137,08,FE,FE,FC,05,06,01,FD,0051,8,-2,-2,-4,5,6,1,-3,81,119,8,16,10,100
2138,F8,08,05,FE,F6,FA,F7,0A,003D,-8,8,5,-2,-10,-6,-9,10,61,28,8,16,10,100
2139,04,08,FC,03,0A,00,02,06,FFFC,4,8,-4,3,10,0,2,6,-4,46,8,16,10,100
2140,0A,03,FD,01,05,FC,06,F9,FFC7,10,3,-3,1,5,-4,6,-7,-57,-44,8,16,10,100
2141,04,04,05,01,07,F8,09,FA,001E,4,4,5,1,7,-8,9,-6,30,65,8,16,10,100
2142,F7,FA,FA,01,00,F9,F6,FB,0031,-9,-6,-6,1,0,-7,-10,-5,49,146,8,16,10,100
2143,F8,01,FA,F6,02,FB,01,FB,002D,-8,1,-6,-10,2,-5,1,-5,45,68,8,16,10,100
2144,07,07,FB,07,FD,FF,08,F6,FFD1,7,7,-5,7,-3,-1,8,-10,-47,-185,8,16,10,100
2145,01,01,FF,FB,F6,09,0A,FF,0016,1,1,-1,-5,-10,9,10,-1,22,16,8,16,10,100
2146,09,FE,F8,0A,0A,09,FF,08,0002,9,-2,-8,10,10,9,-1,8,2,162,8,16,10,100
2147,08,FC,F6,01,09,05,06,FD,FFA1,8,-4,-10,1,9,5,6,-3,-95,-106,8,16,10,100
2148,09,02,09,FB,09,F6,FF,F7,0036,9,2,9,-5,9,-10,-1,-9,54,151,8,16,10,100
2149,FF,02,07,00,00,04,07,00,001D,-1,2,7,0,0,4,7,0,29,86,8,16,10,100
2150,FD,F7,00,02,FA,FC,F6,07,003C,-3,-9,0,2,-6,-4,-10,7,60,128,8,16,10,100
2151,08,F7,F7,01,05,FC,05,06,003C,8,-9,-9,1,5,-4,5,6,60,97,8,16,10,100
2152,F8,FD,FA,06,FE,06,F7,09,FFDE,-8,-3,-6,6,-2,6,-9,9,-34,72,8,16,10,100
2153,01,02,05,08,07,FF,FD,FE,FFB0,1,2,5,8,7,-1,-3,-2,-80,-106,8,16,10,100
2154,02,FB,FC,FB,09,05,F8,F6,FFB6,2,-5,-4,-5,9,5,-8,-10,-74,1,8,16,10,100
2155,02,0A,FC,F6,F9,07,FA,06,0028,2,10,-4,-10,-7,7,-6,6,40,60,8,16,10,100
2156,0A,F8,06,06,03,0A,F9,FA,FFC5,10,-8,6,6,3,10,-7,-6,-59,-187,8,16,10,100
2157,0A,FE,FD,FB,F9,08,06,07,FFBA,10,-2,-3,-5,-7,8,6,7,-70,-209,8,16,10,100
2158,01,06,0A,04,FD,01,03,02,001A,1,6,10,4,-3,1,3,2,26,67,8,16,10,100
2159,F7,07,03,01,05,01,F9,FA,FFBA,-9,7,3,1,5,1,-7,-6,-70,-135,8,16,10,100
2160,F7,FB,0A,FD,07,FE,FA,F7,FFDE,-9,-5,10,-3,7,-2,-6,-9,-34,-120,8,16,10,100
2161,FB,FA,FC,F8,F9,01,05,F8,FFC9,-5,-6,-4,-8,-7,1,5,-8,-55,18,8,16,10,100
2162,08,08,FF,FD,FC,06,FF,F7,FFED,8,8,-1,-3,-4,6,-1,-9,-19,25,8,16,10,100
2163,FE,F6,FC,FB,04,00,FE,01,FFD8,-2,-10,-4,-5,4,0,-2,1,-40,-45,8,16,10,100
2164,01,FE,00,05,0A,04,F9,F9,FFC9,1,-2,0,5,10,4,-7,-7,-55,-88,8,16,10,100
2165,08,FB,05,03,04,FC,09,FE,0061,8,-5,5,3,4,-4,9,-2,97,188,8,16,10,100
2166,FA,F7,F6,FD,04,01,04,FA,0028,-6,-9,-10,-3,4,1,4,-6,40,-15,8,16,10,100
2167,08,02,F7,03,F9,02,FD,F8,FFCE,8,2,-9,3,-7,2,-3,-8,-50,-99,8,16,10,100
2168,09,0A,FB,03,07,0A,05,0A,FFF5,9,10,-5,3,7,10,5,10,-11,157,8,16,10,100
2169,F9,F9,FF,FB,FC,F6,03,F6,FF9C,-7,-7,-1,-5,-4,-10,3,-10,-100,45,8,16,10,100
2170,FA,FC,03,FE,06,07,F6,F9,0003,-6,-4,3,-2,6,7,-10,-7,3,-77,8,16,10,100
2171,F6,FF,01,FE,FC,08,02,07,0015,-10,-1,1,-2,-4,8,2,7,21,41,8,16,10,100
2172,FF,07,09,09,FA,06,02,08,0029,-1,7,9,9,-6,6,2,8,41,179,8,16,10,100
2173,FA,F7,05,01,FE,05,00,03,0015,-6,-9,5,1,-2,5,0,3,21,-9,8,16,10,100
2174,00,FE,06,09,F6,FD,F8,F9,002A,0,-2,6,9,-10,-3,-8,-7,42,-63,8,16,10,100
2175,F9,FB,03,00,FF,08,08,FC,FFCB,-7,-5,3,0,-1,8,8,-4,-53,-62,8,16,10,100
2176,0A,FA,03,00,FC,F8,01,04,004B,10,-6,3,0,-4,-8,1,4,75,86,8,16,10,100
2177,03,FE,FC,F8,F6,09,FD,FD,FFFF,3,-2,-4,-8,-10,9,-3,-3,-1,-13,8,16,10,100
2178,FB,01,07,FA,F8,F6,05,02,000C,-5,1,7,-6,-8,-10,5,2,12,65,8,16,10,100
2179,FC,FE,FD,00,0A,FE,02,FA,0063,-4,-2,-3,0,10,-2,2,-6,99,57,8,16,10,100
2180,06,06,05,01,09,FA,FF,FF,004C,6,6,5,1,9,-6,-1,-1,76,88,8,16,10,100
2181,0A,FC,FB,FE,02,07,09,08,FFBA,10,-4,-5,-2,2,7,9,8,-70,-139,8,16,10,100
2182,FC,00,07,04,02,F8,F6,F7,FFA0,-4,0,7,4,2,-8,-10,-9,-96,-210,8,16,10,100
2183,F7,09,FF,FA,09,02,08,FE,002E,-9,9,-1,-6,9,2,8,-2,46,-13,8,16,10,100
2184,F8,08,06,04,FE,04,FE,04,FFFC,-8,8,6,4,-2,4,-2,4,-4,48,8,16,10,100
2185,FB,03,07,08,F7,FE,02,02,FFA4,-5,3,7,8,-9,-2,2,2,-92,-23,8,16,10,100
2186,FF,05,08,FE,01,05,FE,FF,FFE0,-1,5,8,-2,1,5,-2,-1,-32,-22,8,16,10,100
2187,FE,07,FA,FE,00,00,01,06,FFF0,-2,7,-6,-2,0,0,1,6,-16,-34,8,16,10,100
2188,06,FA,05,FD,F7,00,FA,05,FFDA,6,-6,5,-3,-9,0,-6,5,-38,-137,8,16,10,100
2189,00,FE,03,09,0A,F9,02,04,FFCD,0,-2,3,9,10,-7,2,4,-51,5,8,16,10,100
2190,F7,F8,FD,00,04,08,F7,03,FFD5,-9,-8,-3,0,4,8,-9,3,-43,-116,8,16,10,100
2191,F7,06,03,F6,05,09,06,F7,0016,-9,6,3,-10,5,9,6,-9,22,139,8,16,10,100
2192,FD,09,02,F8,08,06,04,0A,FFA2,-3,9,2,-8,8,6,4,10,-94,-136,8,16,10,100
2193,08,F8,06,FF,F8,09,07,FE,FFFA,8,-8,6,-1,-8,9,7,-2,-6,-98,8,16,10,100
2194,FA,F9,05,05,02,08,FB,05,0023,-6,-7,5,5,2,8,-5,5,35,-33,8,16,10,100
2195,09,FD,FF,FB,06,F6,04,FD,FFD2,9,-3,-1,-5,6,-10,4,-3,-46,49,8,16,10,100
2196,06,07,04,F6,02,08,FF,FE,FFDE,6,7,4,-10,2,8,-1,-2,-34,50,8,16,10,100
2197,04,06,04,F9,09,F8,06,FC,FFD1,4,6,4,-7,9,-8,6,-4,-47,-7,8,16,10,100
2198,F9,09,01,01,FC,F7,FF,F6,001F,-7,9,1,1,-4,-9,-1,-10,31,-33,8,16,10,100
2199,02,05,00,05,0A,02,07,FF,FFB8,2,5,0,5,10,2,7,-1,-72,-47,8,16,10,100
2200,06,FF,F7,08,FB,FA,05,FA,0041,6,-1,-9,8,-5,-6,5,-6,65,-52,8,16,10,100
2201,07,FF,08,FD,05,07,08,0A,0035,7,-1,8,-3,5,7,8,10,53,115,8,16,10,100
2202,09,05,03,FF,06,FC,0A,08,0062,9,5,3,-1,6,-4,10,8,98,154,8,16,10,100
2203,05,F6,FC,06,01,00,FF,F6,FFCE,5,-10,-4,6,1,0,-1,-10,-50,-101,8,16,10,100
2204,07,FB,FB,04,FA,FE,03,01,0042,7,-5,-5,4,-6,-2,3,1,66,23,8,16,10,100
2205,04,F9,06,09,FF,03,07,02,FFEF,4,-7,6,9,-1,3,7,2,-17,18,8,16,10,100
2206,F6,F8,F7,F9,0A,F6,07,04,005F,-10,-8,-9,-7,10,-10,7,4,95,-16,8,16,10,100
2207,FA,08,00,F6,07,FE,04,F9,FFF5,-6,8,0,-10,7,-2,4,-7,-11,1,8,16,10,100
2208,FA,09,FA,02,03,03,FD,02,FFB4,-6,9,-6,2,3,3,-3,2,-76,-45,8,16,10,100
2209,08,FB,08,02,FA,06,09,00,FFC5,8,-5,8,2,-6,6,9,0,-59,-65,8,16,10,100
2210,FC,FA,08,00,F8,FB,03,FE,FFEE,-4,-6,8,0,-8,-5,3,-2,-18,68,8,16,10,100
2211,F7,F7,08,FB,FF,04,FD,07,FFCB,-9,-9,8,-5,-1,4,-3,7,-53,-139,8,16,10,100
2212,FC,00,F6,F6,FB,02,FA,F7,FFAC,-4,0,-10,-10,-5,2,-6,-9,-84,86,8,16,10,100
2213,F8,FD,05,01,FD,08,FA,FB,FFC5,-8,-3,5,1,-3,8,-6,-5,-59,-94,8,16,10,100
2214,02,07,08,FE,03,FD,FF,FE,FFBE,2,7,8,-2,3,-3,-1,-2,-66,-85,8,16,10,100
2215,09,04,06,FF,F8,F6,02,0A,0036,9,4,6,-1,-8,-10,2,10,54,-56,8,16,10,100
2216,01,05,03,05,03,FC,FF,F7,FFCA,1,5,3,5,3,-4,-1,-9,-54,-119,8,16,10,100
2217,07,03,06,F6,08,FD,08,00,0015,7,3,6,-10,8,-3,8,0,21,116,8,16,10,100
2218,07,09,0A,03,03,FD,00,08,005C,7,9,10,3,3,-3,0,8,92,110,8,16,10,100
2219,00,00,FF,F8,06,FE,FC,FD,FFEE,0,0,-1,-8,6,-2,-4,-3,-18,10,8,16,10,100
2220,F9,01,04,02,FF,08,09,F7,001E,-7,1,4,2,-1,8,9,-9,30,63,8,16,10,100
2221,08,09,FF,07,0A,FC,FE,F9,FFB7,8,9,-1,7,10,-4,-2,-7,-73,-76,8,16,10,100
2222,03,0A,F9,F6,FB,09,FA,FC,003E,3,10,-7,-10,-5,9,-6,-4,62,219,8,16,10,100
2223,07,09,03,FA,FD,00,06,04,FFEA,7,9,3,-6,-3,0,6,4,-22,-49,8,16,10,100
2224,09,0A,FD,02,07,F9,04,F8,0049,9,10,-3,2,7,-7,4,-8,73,38,8,16,10,100
2225,03,F9,00,08,03,01,04,05,001A,3,-7,0,8,3,1,4,5,26,68,8,16,10,100
2226,F9,0A,FA,FC,05,F9,FA,02,0008,-7,10,-6,-4,5,-7,-6,2,8,-69,8,16,10,100
2227,F7,FE,08,F8,07,02,FF,F8,0031,-9,-2,8,-8,7,2,-1,-8,49,38,8,16,10,100
2228,07,F6,FD,0A,FF,FF,00,02,005A,7,-10,-3,10,-1,-1,0,2,90,113,8,16,10,100
2229,FA,FE,08,FE,03,FD,F8,07,0057,-6,-2,8,-2,3,-3,-8,7,87,-3,8,16,10,100
2230,FF,FB,00,04,F9,04,09,FC,FFA4,-1,-5,0,4,-7,4,9,-4,-92,-121,8,16,10,100
2231,FF,02,F6,F6,FA,06,09,FF,0029,-1,2,-10,-10,-6,6,9,-1,41,-21,8,16,10,100
2232,05,04,FA,03,06,FD,00,FD,0008,5,4,-6,3,6,-3,0,-3,8,17,8,16,10,100
2233,00,FF,08,F9,FD,01,FC,02,FF9D,0,-1,8,-7,-3,1,-4,2,-99,-146,8,16,10,100
2234,F6,07,05,FA,08,0A,04,07,0027,-10,7,5,-6,8,10,4,7,39,7,8,16,10,100
2235,F7,01,FC,FC,04,00,09,FF,0029,-9,1,-4,-4,4,0,9,-1,41,-27,8,16,10,100
2236,F8,09,0A,04,F7,06,F9,FA,FFEC,-8,9,10,4,-9,6,-7,-6,-20,12,8,16,10,100
2237,08,FB,F7,09,09,F7,08,F9,0008,8,-5,-9,9,9,-9,8,-7,8,-10,8,16,10,100
2238,07,F9,0A,00,04,05,FE,FD,004A,7,-7,10,0,4,5,-2,-3,74,47,8,16,10,100
2239,04,07,05,03,09,07,02,02,0022,4,7,5,3,9,7,2,2,34,135,8,16,10,100
2240,F6,09,FE,06,04,02,09,F8,FFCF,-10,9,-2,6,4,2,9,-8,-49,-137,8,16,10,100
2241,FD,FC,FB,FB,F8,08,FD,FC,FFC5,-3,-4,-5,-5,-8,8,-3,-4,-59,-32,8,16,10,100
2242,08,FE,FE,08,03,04,01,08,FFAE,8,-2,-2,8,3,4,1,8,-82,-4,8,16,10,100
2243,FE,FA,08,09,09,09,FA,FD,FFFA,-2,-6,8,9,9,9,-6,-3,-6,-153,8,16,10,100
2244,01,01,07,FF,02,FD,02,FE,FFB6,1,1,7,-1,2,-3,2,-2,-74,-59,8,16,10,100
2245,FF,0A,02,F7,FE,08,08,03,FFF0,-1,10,2,-9,-2,8,8,3,-16,55,8,16,10,100
2246,0A,04,FE,09,FF,FE,F7,04,FFE4,10,4,-2,9,-1,-2,-9,4,-28,8,8,16,10,100
2247,03,02,FA,06,00,FC,01,01,0018,3,2,-6,6,0,-4,1,1,24,16,8,16,10,100
2248,FA,01,FA,FA,03,F6,FB,FF,FFB5,-6,1,-6,-6,3,-10,-5,-1,-75,-67,8,16,10,100
2249,05,09,FC,FF,F8,04,FA,0A,FFD0,5,9,-4,-1,-8,4,-6,10,-48,-38,8,16,10,100
2250,05,01,F7,09,00,FD,F9,F7,FFA8,5,1,-9,9,0,-3,-7,-9,-88,-109,8,16,10,100
2251,F8,05,02,F7,F9,FA,00,F8,FFF2,-8,5,2,-9,-7,-6,0,-8,-14,84,8,16,10,100
2252,FE,04,FE,FA,01,08,07,00,0035,-2,4,-2,-6,1,8,7,0,53,69,8,16,10,100
2253,06,07,09,FE,01,07,02,09,0020,6,7,9,-2,1,7,2,9,32,87,8,16,10,100
2254,09,FC,FC,07,01,FE,FA,FC,FFCE,9,-4,-4,7,1,-2,-6,-4,-50,-37,8,16,10,100
2255,00,FC,03,04,F9,F8,F9,03,002E,0,-4,3,4,-7,-8,-7,3,46,69,8,16,10,100
2256,01,FF,01,04,F7,0A,0A,F9,0019,1,-1,1,4,-9,10,10,-7,25,-12,8,16,10,100
2257,00,09,0A,07,FB,08,02,01,0037,0,9,10,7,-5,8,2,1,55,154,8,16,10,100
2258,F9,07,F9,08,02,04,00,02,FFF2,-7,7,-7,8,2,4,0,2,-14,16,8,16,10,100
2259,06,F8,00,02,08,F7,F9,F9,003D,6,-8,0,2,8,-9,-7,-7,61,167,8,16,10,100
2260,00,FF,FD,F7,FB,00,FC,03,FFF9,0,-1,-3,-9,-5,0,-4,3,-7,-22,8,16,10,100
2261,04,04,04,01,F9,FB,07,00,001E,4,4,4,1,-7,-5,7,0,30,10,8,16,10,100
2262,05,03,FD,03,F7,FD,06,F7,FFC5,5,3,-3,3,-9,-3,6,-9,-59,-158,8,16,10,100
2263,F7,00,FD,FB,04,02,04,02,FFC4,-9,0,-3,-5,4,2,4,2,-60,-118,8,16,10,100
2264,FB,07,F6,05,F7,03,F6,FC,FFDC,-5,7,-10,5,-9,3,-10,-4,-36,110,8,16,10,100
2265,FC,FB,04,FD,00,FF,03,F6,FFC9,-4,-5,4,-3,0,-1,3,-10,-55,-8,8,16,10,100
2266,03,FD,F6,05,F6,09,F9,06,FFFD,3,-3,-10,5,-10,9,-7,6,-3,40,8,16,10,100
2267,08,FD,F9,05,F7,06,08,0A,FF9F,8,-3,-7,5,-9,6,8,10,-97,-193,8,16,10,100
2268,F6,05,FB,03,09,02,FF,FE,0040,-10,5,-5,3,9,2,-1,-2,64,-17,8,16,10,100
2269,F6,05,00,03,FA,05,F7,07,0025,-10,5,0,3,-6,5,-9,7,37,143,8,16,10,100
2270,F8,04,03,F6,05,F8,03,03,FFE1,-8,4,3,-10,5,-8,3,3,-31,-124,8,16,10,100
2271,03,00,FF,05,02,F8,09,F9,0007,3,0,-1,5,2,-8,9,-7,7,-31,8,16,10,100
2272,00,F9,01,FF,F6,F8,04,F9,004A,0,-7,1,-1,-10,-8,4,-7,74,141,8,16,10,100
2273,04,F6,00,F6,FD,0A,0A,FC,0046,4,-10,0,-10,-3,10,10,-4,70,-2,8,16,10,100
2274,04,01,08,0A,04,0A,00,09,FFB9,4,1,8,10,4,10,0,9,-71,45,8,16,10,100
2275,05,04,F6,06,F6,F9,FE,02,FFE3,5,4,-10,6,-10,-7,-2,2,-29,-75,8,16,10,100
2276,06,03,FE,05,05,F9,F6,00,003C,6,3,-2,5,5,-7,-10,0,60,89,8,16,10,100
2277,FA,FD,03,09,FA,00,09,0A,FFFF,-6,-3,3,9,-6,0,9,10,-1,152,8,16,10,100
2278,FB,00,05,F7,09,F7,02,F8,FFF1,-5,0,5,-9,9,-9,2,-8,-15,22,8,16,10,100
2279,FA,0A,F6,FA,02,08,06,09,0040,-6,10,-10,-6,2,8,6,9,64,18,8,16,10,100
2280,F9,FA,00,07,FE,FB,04,08,0031,-7,-6,0,7,-2,-5,4,8,49,149,8,16,10,100
2281,02,FA,01,FD,04,09,FE,FB,0057,2,-6,1,-3,4,9,-2,-5,87,54,8,16,10,100
2282,FC,00,08,0A,FB,F6,0A,0A,0044,-4,0,8,10,-5,-10,10,10,68,268,8,16,10,100
2283,07,FB,02,04,F8,01,06,FE,FF9F,7,-5,2,4,-8,1,6,-2,-97,-154,8,16,10,100
2284,F6,08,FA,03,F6,01,03,FE,FFCE,-10,8,-6,3,-10,1,3,-2,-50,34,8,16,10,100
2285,F7,05,01,0A,05,00,05,FA,FFD3,-9,5,1,10,5,0,5,-6,-45,-145,8,16,10,100
2286,FF,01,F9,F7,05,FB,FF,05,0057,-1,1,-7,-9,5,-5,-1,5,87,39,8,16,10,100
2287,0A,00,FC,FB,FF,FD,09,01,001E,10,0,-4,-5,-1,-3,9,1,30,-21,8,16,10,100
2288,04,04,01,FB,06,00,FF,01,0064,4,4,1,-5,6,0,-1,1,100,118,8,16,10,100
2289,FF,07,FF,0A,02,09,F9,FB,0056,-1,7,-1,10,2,9,-7,-5,86,104,8,16,10,100
2290,F6,04,FB,FA,FC,09,00,F8,FFEC,-10,4,-5,-6,-4,9,0,-8,-20,104,8,16,10,100
2291,00,06,FF,FD,05,FF,FF,03,FFD1,0,6,-1,-3,5,-1,-1,3,-47,-61,8,16,10,100
2292,F8,09,00,06,00,05,FA,06,003B,-8,9,0,6,0,5,-6,6,59,140,8,16,10,100
2293,03,F6,03,F7,05,0A,F9,FC,FFBD,3,-10,3,-9,5,10,-7,-4,-67,-137,8,16,10,100
2294,02,FA,FD,01,00,FA,F9,05,0043,2,-6,-3,1,0,-6,-7,5,67,129,8,16,10,100
2295,06,06,FB,F8,FC,08,F9,03,FFEE,6,6,-5,-8,-4,8,-7,3,-18,17,8,16,10,100
2296,FC,02,08,08,FE,FB,F9,F6,FFBC,-4,2,8,8,-2,-5,-7,-10,-68,-206,8,16,10,100
2297,F7,01,01,FB,06,00,FA,05,0045,-9,1,1,-5,6,0,-6,5,69,-16,8,16,10,100
2298,00,09,00,05,F9,09,06,F7,FFEC,0,9,0,5,-7,9,6,-9,-20,16,8,16,10,100
2299,04,08,F6,FB,0A,FE,04,03,000F,4,8,-10,-5,10,-2,4,3,15,-16,8,16,10,100
2300,01,FE,03,F6,00,FE,09,F6,0046,1,-2,3,-10,0,-2,9,-10,70,201,8,16,10,100
2301,08,05,01,F6,FE,FB,F9,07,FFDB,8,5,1,-10,-2,-5,-7,7,-37,-155,8,16,10,100
2302,FD,FF,03,FD,03,FE,FB,FD,003E,-3,-1,3,-3,3,-2,-5,-3,62,49,8,16,10,100
2303,F8,FA,FF,09,FB,08,03,FF,0043,-8,-6,-1,9,-5,8,3,-1,67,47,8,16,10,100
2304,06,00,07,FF,FD,05,01,FA,FFD3,6,0,7,-1,-3,5,1,-6,-45,-50,8,16,10,100
2305,07,01,FD,09,03,F8,FC,FD,FFF1,7,1,-3,9,3,-8,-4,-3,-15,-17,8,16,10,100
2306,09,04,F9,00,07,F8,07,F7,FFEF,9,4,-7,0,7,-8,7,-9,-17,-35,8,16,10,100
2307,05,01,01,07,05,03,FA,F7,FFFD,5,1,1,7,5,3,-6,-9,-3,-44,8,16,10,100
2308,07,FF,0A,03,02,06,FE,00,FFDB,7,-1,10,3,2,6,-2,0,-37,-49,8,16,10,100
2309,FF,03,FB,FF,03,FA,FB,0A,FFAA,-1,3,-5,-1,3,-6,-5,10,-86,-92,8,16,10,100
2310,F8,F7,09,FB,F8,03,F8,06,003C,-8,-9,9,-5,-8,3,-8,6,60,-5,8,16,10,100
2311,00,07,FA,00,F6,02,F6,05,0001,0,7,-6,0,-10,2,-10,5,1,75,8,16,10,100
2312,02,0A,03,00,09,FC,02,09,FFCB,2,10,3,0,9,-4,2,9,-53,-69,8,16,10,100
2313,F8,FD,FA,08,03,07,06,04,FFA5,-8,-3,-6,8,3,7,6,4,-91,-140,8,16,10,100
2314,05,F8,03,03,08,04,00,FE,001F,5,-8,3,3,8,4,0,-2,31,33,8,16,10,100
2315,02,04,05,03,F6,FF,FA,FD,0059,2,4,5,3,-10,-1,-6,-3,89,26,8,16,10,100
2316,F7,0A,FC,FB,03,06,FE,0A,0011,-9,10,-4,-5,3,6,-2,10,17,8,8,16,10,100
2317,01,FB,FE,06,F6,F7,05,0A,FFCA,1,-5,-2,6,-10,-9,5,10,-54,31,8,16,10,100
2318,F6,05,FD,02,03,FA,03,06,0030,-10,5,-3,2,3,-6,3,6,48,-9,8,16,10,100
2319,09,FD,05,F8,02,0A,F6,FB,FFDF,9,-3,5,-8,2,10,-10,-5,-33,-55,8,16,10,100
2320,FF,FD,FF,03,01,F9,FD,F6,0051,-1,-3,-1,3,1,-7,-3,-10,81,74,8,16,10,100
2321,08,FE,FE,FB,0A,06,FE,07,FFC3,8,-2,-2,-5,10,6,-2,7,-61,-24,8,16,10,100
2322,06,F9,09,07,07,FE,01,0A,001B,6,-7,9,7,7,-2,1,10,27,162,8,16,10,100
2323,F6,09,04,FA,03,06,FD,F7,002B,-10,9,4,-6,3,6,-3,-9,43,109,8,16,10,100
2324,F6,FF,03,FD,0A,03,FC,F7,FFCB,-10,-1,3,-3,10,3,-4,-9,-53,-141,8,16,10,100
2325,01,02,03,FE,00,FF,F6,05,FFC9,1,2,3,-2,0,-1,-10,5,-55,-97,8,16,10,100
2326,02,07,02,FA,03,FC,08,08,000C,2,7,2,-6,3,-4,8,8,12,-42,8,16,10,100
2327,0A,F8,FE,02,01,02,05,FD,FFBC,10,-8,-2,2,1,2,5,-3,-68,-90,8,16,10,100
2328,F6,04,08,F6,07,05,F6,FC,FFF5,-10,4,8,-10,7,5,-10,-4,-11,-101,8,16,10,100
2329,02,F9,FE,00,00,F8,05,FD,0055,2,-7,-2,0,0,-8,5,-3,85,131,8,16,10,100
2330,05,06,08,F7,08,03,00,FD,0044,5,6,8,-9,8,3,0,-3,68,153,8,16,10,100
2331,00,FB,04,05,08,F7,02,FC,0064,0,-5,4,5,8,-9,2,-4,100,133,8,16,10,100
2332,03,FF,08,06,F9,08,F7,FA,002B,3,-1,8,6,-7,8,-9,-6,43,-94,8,16,10,100
2333,09,F9,FA,02,03,FF,05,F9,0042,9,-7,-6,2,3,-1,5,-7,66,56,8,16,10,100
2334,FF,08,07,FD,01,07,F7,FF,FFFE,-1,8,7,-3,1,7,-9,-1,-2,-7,8,16,10,100
2335,03,00,F6,07,F6,F8,F6,07,0063,3,0,-10,7,-10,-8,-10,7,99,218,8,16,10,100
2336,01,04,08,F7,09,FE,FE,F6,004C,1,4,8,-9,9,-2,-2,-10,76,151,8,16,10,100
2337,09,08,03,F9,04,FC,06,FC,003B,9,8,3,-7,4,-4,6,-4,59,109,8,16,10,100
2338,F9,03,08,FB,00,06,F9,0A,FFC2,-7,3,8,-5,0,6,-7,10,-62,-150,8,16,10,100
2339,FD,FB,02,08,FD,FC,06,F7,002A,-3,-5,2,8,-3,-4,6,-9,42,11,8,16,10,100
2340,F6,0A,F8,07,01,04,F8,05,FFC8,-10,10,-8,7,1,4,-8,5,-56,73,8,16,10,100
2341,07,F9,03,0A,03,02,F8,F9,FFB7,7,-7,3,10,3,2,-8,-7,-73,-160,8,16,10,100
2342,08,06,0A,F8,F6,08,01,09,FFE3,8,6,10,-8,-10,8,1,9,-29,-123,8,16,10,100
2343,FC,09,09,F9,05,06,FD,F9,0053,-4,9,9,-7,5,6,-3,-7,83,139,8,16,10,100
2344,01,04,F7,05,FB,FE,01,03,0000,1,4,-9,5,-5,-2,1,3,0,-7,8,16,10,100
2345,FA,09,FE,05,FB,FB,FF,0A,FF9F,-6,9,-2,5,-5,-5,-1,10,-97,-60,8,16,10,100
2346,08,00,F9,09,F7,FF,03,04,0057,8,0,-7,9,-9,-1,3,4,87,30,8,16,10,100
2347,F9,07,00,04,FC,02,FA,01,0007,-7,7,0,4,-4,2,-6,1,7,53,8,16,10,100
2348,04,00,07,0A,04,01,04,F9,FFE6,4,0,7,10,4,1,4,-7,-26,-52,8,16,10,100
2349,F6,FC,07,07,01,0A,FF,F9,0030,-10,-4,7,7,1,10,-1,-7,48,-58,8,16,10,100
2350,F7,FD,F7,09,FD,0A,FB,09,FFF3,-9,-3,-9,9,-3,10,-5,9,-13,110,8,16,10,100
2351,02,FE,FB,06,FA,08,F8,08,005D,2,-2,-5,6,-6,8,-8,8,93,153,8,16,10,100
2352,02,07,F8,FF,FC,04,FD,06,004E,2,7,-8,-1,-4,4,-3,6,78,116,8,16,10,100
2353,FB,FC,FB,FC,0A,07,FB,0A,004E,-5,-4,-5,-4,10,7,-5,10,78,-15,8,16,10,100
2354,06,05,04,F8,FD,F7,FD,09,FFC1,6,5,4,-8,-3,-9,-3,9,-63,-210,8,16,10,100
2355,0A,0A,03,FC,05,F7,FC,05,FFBF,10,10,3,-4,5,-9,-4,5,-65,-137,8,16,10,100
2356,0A,0A,00,08,FA,01,FE,04,FFD2,10,10,0,8,-6,1,-2,4,-46,-64,8,16,10,100
2357,00,00,0A,F9,04,FB,F9,F8,003E,0,0,10,-7,4,-5,-7,-8,62,48,8,16,10,100
2358,00,05,03,FF,05,09,01,FE,FFAF,0,5,3,-1,5,9,1,-2,-81,-31,8,16,10,100
2359,FF,02,02,02,F7,06,FD,02,0011,-1,2,2,2,-9,6,-3,2,17,36,8,16,10,100
2360,FE,F9,F9,FE,01,FD,02,02,FFED,-2,-7,-7,-2,1,-3,2,2,-19,-18,8,16,10,100
2361,F7,08,05,0A,FA,FA,07,00,005C,-9,8,5,10,-6,-6,7,0,92,133,8,16,10,100
2362,09,FA,F8,0A,07,FB,00,F7,FFC6,9,-6,-8,10,7,-5,0,-9,-58,-55,8,16,10,100
2363,FF,FE,F8,FF,F6,F9,F6,07,FFBD,-1,-2,-8,-1,-10,-7,-10,7,-67,30,8,16,10,100
2364,03,0A,01,02,06,F8,FA,FA,FFEB,3,10,1,2,6,-8,-6,-6,-21,-101,8,16,10,100
2365,00,02,FF,F7,0A,02,07,05,FFD3,0,2,-1,-9,10,2,7,5,-45,-93,8,16,10,100
2366,09,07,02,02,06,FE,F7,07,005A,9,7,2,2,6,-2,-9,7,90,126,8,16,10,100
2367,0A,FF,FB,01,FE,FB,FC,FB,FFFB,10,-1,-5,1,-2,-5,-4,-5,-5,-5,8,16,10,100
2368,FD,0A,02,04,0A,06,F9,06,FFB8,-3,10,2,4,10,6,-7,6,-72,-32,8,16,10,100
2369,05,05,FF,FB,F6,F8,04,FB,FFB9,5,5,-1,-5,-10,-8,4,-5,-71,-140,8,16,10,100
2370,FD,FF,FD,04,F8,FA,F9,FB,000D,-3,-1,-3,4,-8,-6,-7,-5,13,44,8,16,10,100
2371,F8,07,08,FF,F7,00,FA,FF,0018,-8,7,8,-1,-9,0,-6,-1,24,49,8,16,10,100
2372,FD,02,06,0A,01,00,05,09,FFBA,-3,2,6,10,1,0,5,9,-70,47,8,16,10,100
2373,FA,04,0A,07,FE,F8,0A,F6,0063,-6,4,10,7,-2,-8,10,-10,99,109,8,16,10,100
2374,F9,FE,01,05,FA,FE,00,FB,FFC6,-7,-2,1,5,-6,-2,0,-5,-58,-37,8,16,10,100
2375,03,F6,05,FC,F9,08,FD,01,0033,3,-10,5,-4,-7,8,-3,1,51,-69,8,16,10,100
2376,05,04,FD,08,FA,F7,02,F6,0016,5,4,-3,8,-6,-9,2,-10,22,-130,8,16,10,100
2377,FC,F8,FB,F9,FF,FC,FC,F8,001E,-4,-8,-5,-7,-1,-4,-4,-8,30,142,8,16,10,100
2378,F9,FA,0A,F6,F9,04,03,F7,FFF8,-7,-6,10,-10,-7,4,3,-9,-8,137,8,16,10,100
2379,FE,09,FF,F9,FA,00,FD,FC,FFAF,-2,9,-1,-7,-6,0,-3,-4,-81,-38,8,16,10,100
2380,02,09,05,07,0A,FE,07,07,0009,2,9,5,7,10,-2,7,7,9,95,8,16,10,100
2381,00,FD,08,FE,F8,0A,F6,07,0042,0,-3,8,-2,-8,10,-10,7,66,-58,8,16,10,100
2382,04,F8,03,03,F7,07,FB,05,005F,4,-8,3,3,-9,7,-5,5,95,3,8,16,10,100
2383,F9,08,0A,FC,F7,F9,FF,01,005E,-7,8,10,-4,-9,-7,-1,1,94,87,8,16,10,100
2384,FB,FC,FB,F9,FF,09,F7,FA,FFF6,-5,-4,-5,-7,-1,9,-9,-6,-10,46,8,16,10,100
2385,F8,F8,F6,FE,FF,F8,FC,FF,0004,-8,-8,-10,-2,-1,-8,-4,-1,4,118,8,16,10,100
2386,04,02,06,03,05,07,05,05,FFBB,4,2,6,3,5,7,5,5,-69,10,8,16,10,100
2387,07,FF,00,00,03,06,02,FE,FFE0,7,-1,0,0,3,6,2,-2,-32,-17,8,16,10,100
2388,08,FE,FB,F6,FE,03,FD,04,0061,8,-2,-5,-10,-2,3,-3,4,97,50,8,16,10,100
2389,F7,03,05,02,FE,FA,FC,F8,FFB1,-9,3,5,2,-2,-6,-4,-8,-79,-115,8,16,10,100
2390,FA,05,FA,00,04,FF,03,00,FFDC,-6,5,-6,0,4,-1,3,0,-36,-83,8,16,10,100
2391,F9,08,FC,FF,FF,FE,F7,09,000C,-7,8,-4,-1,-1,-2,-9,9,12,30,8,16,10,100
2392,FB,00,FD,F7,FD,00,08,01,FFF6,-5,0,-3,-9,-3,0,8,1,-10,-28,8,16,10,100
2393,F9,F8,F8,03,FD,04,03,01,FFA4,-7,-8,-8,3,-3,4,3,1,-92,-124,8,16,10,100
2394,06,06,07,F9,F9,03,FD,FA,0042,6,6,7,-7,-7,3,-3,-6,66,63,8,16,10,100
2395,03,01,F9,FA,F8,FA,0A,FD,004E,3,1,-7,-6,-8,-6,10,-3,78,-4,8,16,10,100
2396,09,FD,FF,FC,07,FD,02,FC,0039,9,-3,-1,-4,7,-3,2,-4,57,143,8,16,10,100
2397,06,08,04,FE,FC,FD,F9,FB,FFD5,6,8,4,-2,-4,-3,-7,-5,-43,-109,8,16,10,100
2398,02,01,FF,01,F7,03,FC,F8,FFF5,2,1,-1,1,-9,3,-4,-8,-11,-30,8,16,10,100
2399,05,FC,03,02,FD,01,FE,09,FFD3,5,-4,3,2,-3,1,-2,9,-45,-52,8,16,10,100
2400,FF,FE,04,00,05,0A,02,FC,001E,-1,-2,4,0,5,10,2,-4,30,13,8,16,10,100
2401,FD,05,01,FF,FD,08,03,F8,003D,-3,5,1,-1,-3,8,3,-8,61,121,8,16,10,100
2402,04,FA,F6,FA,04,FA,07,07,0052,4,-6,-10,-6,4,-6,7,7,82,22,8,16,10,100
2403,08,01,FF,FB,FE,00,F8,00,004D,8,1,-1,-5,-2,0,-8,0,77,69,8,16,10,100
2404,01,F8,02,0A,07,FE,07,FD,FFF4,1,-8,2,10,7,-2,7,-3,-12,-5,8,16,10,100
2405,03,09,06,08,FA,FA,F6,09,003C,3,9,6,8,-6,-6,-10,9,60,0,8,16,10,100
2406,F9,0A,FA,08,06,03,F6,02,FFED,-7,10,-6,8,6,3,-10,2,-19,45,8,16,10,100
2407,08,FD,F7,00,FB,FA,09,02,002B,8,-3,-9,0,-5,-6,9,2,43,-60,8,16,10,100
2408,07,0A,0A,F7,FD,FA,FD,04,FFC6,7,10,10,-9,-3,-6,-3,4,-58,-205,8,16,10,100
2409,FD,01,09,07,F6,0A,F8,FC,0049,-3,1,9,7,-10,10,-8,-4,73,13,8,16,10,100
2410,F6,09,F8,F7,F7,F7,07,0A,0030,-10,9,-8,-9,-9,-9,7,10,48,-89,8,16,10,100
2411,FB,0A,F8,02,FF,FA,FC,02,FFF3,-5,10,-8,2,-1,-6,-4,2,-13,-32,8,16,10,100
2412,01,00,06,FC,04,0A,08,FD,FFC3,1,0,6,-4,4,10,8,-3,-61,3,8,16,10,100
2413,0A,F6,FC,07,02,FD,FB,01,FFD5,10,-10,-4,7,2,-3,-5,1,-43,34,8,16,10,100
2414,0A,FE,06,00,08,02,FD,00,FFB2,10,-2,6,0,8,2,-3,0,-78,-20,8,16,10,100
2415,F8,FE,F7,FC,F8,09,08,09,0016,-8,-2,-9,-4,-8,9,8,9,22,-40,8,16,10,100
2416,01,FF,01,FC,FF,FF,FE,FB,0015,1,-1,1,-4,-1,-1,-2,-5,21,39,8,16,10,100
2417,F8,04,09,08,08,FC,FA,FB,0049,-8,4,9,8,8,-4,-6,-5,73,-101,8,16,10,100
2418,F7,07,0A,07,FB,F8,F6,FB,FFB2,-9,7,10,7,-5,-8,-10,-5,-78,-224,8,16,10,100
2419,FB,02,FC,F7,0A,03,FA,FC,FFB8,-5,2,-4,-9,10,3,-6,-4,-72,-56,8,16,10,100
2420,01,FA,F8,FC,F8,FA,01,09,0060,1,-6,-8,-4,-8,-6,1,9,96,80,8,16,10,100
2421,F6,02,FD,FA,F8,05,FC,FB,FFA3,-10,2,-3,-6,-8,5,-4,-5,-93,39,8,16,10,100
2422,F8,01,FC,FA,FD,FD,09,0A,FFB3,-8,1,-4,-6,-3,-3,9,10,-77,-152,8,16,10,100
2423,04,07,FC,02,04,01,03,08,0061,4,7,-4,2,4,1,3,8,97,124,8,16,10,100
2424,FD,F9,FE,FA,01,FB,F7,FE,0064,-3,-7,-2,-6,1,-5,-9,-2,100,162,8,16,10,100
2425,F8,FE,F6,FF,F8,0A,F7,08,FFE1,-8,-2,-10,-1,-8,10,-9,8,-31,95,8,16,10,100
2426,05,F9,F6,FE,F7,01,FE,01,FFAE,5,-7,-10,-2,-9,1,-2,1,-82,-116,8,16,10,100
2427,04,FD,FC,00,FC,F9,FF,FD,002B,4,-3,-4,0,-4,-7,-1,-3,43,52,8,16,10,100
2428,FE,F8,06,FA,01,02,07,06,FFEA,-2,-8,6,-6,1,2,7,6,-22,-34,8,16,10,100
2429,00,00,F7,06,0A,08,08,08,FFDD,0,0,-9,6,10,8,8,8,-35,-59,8,16,10,100
2430,F7,FF,01,09,02,FB,F8,05,FFC2,-9,-1,1,9,2,-5,-8,5,-62,-38,8,16,10,100
2431,01,F9,03,F8,03,FF,01,F7,FFF5,1,-7,3,-8,3,-1,1,-9,-11,74,8,16,10,100
2432,FD,FC,F8,07,00,FA,03,0A,FFF9,-3,-4,-8,7,0,-6,3,10,-7,63,8,16,10,100
2433,FC,F9,FA,08,F9,06,F7,01,FFF4,-4,-7,-6,8,-7,6,-9,1,-12,36,8,16,10,100
2434,FA,02,02,F7,07,F6,07,0A,0003,-6,2,2,-9,7,-10,7,10,3,-135,8,16,10,100
2435,0A,0A,02,02,F6,0A,0A,03,0028,10,10,2,2,-10,10,10,3,40,66,8,16,10,100
2436,F9,06,07,F9,07,05,FE,FD,FF9D,-7,6,7,-7,7,5,-2,-3,-99,-111,8,16,10,100
2437,FE,F7,FB,00,07,09,06,0A,0055,-2,-9,-5,0,7,9,6,10,85,-40,8,16,10,100
2438,FD,FB,FE,09,08,06,01,FA,FFA6,-3,-5,-2,9,8,6,1,-6,-90,-200,8,16,10,100
2439,FD,FD,FB,07,F6,FE,F7,F8,0022,-3,-3,-5,7,-10,-2,-9,-8,34,59,8,16,10,100
2440,FA,FD,FE,02,FB,00,01,03,000A,-6,-3,-2,2,-5,0,1,3,10,44,8,16,10,100
2441,FB,FA,05,03,F7,05,04,0A,FF9E,-5,-6,5,3,-9,5,4,10,-98,-33,8,16,10,100
2442,F7,F7,FD,FA,FC,FC,FB,01,FFF9,-9,-9,-3,-6,-4,-4,-5,1,-7,74,8,16,10,100
2443,FF,F9,09,FB,F8,FD,F8,07,FFF2,-1,-7,9,-5,-8,-3,-8,7,-14,-92,8,16,10,100
2444,00,FE,FD,0A,F6,FF,04,FD,0014,0,-2,-3,10,-10,-1,4,-3,20,-20,8,16,10,100
2445,0A,09,FB,F9,00,F9,01,F8,004D,10,9,-5,-7,0,-7,1,-8,77,65,8,16,10,100
2446,06,06,02,01,FB,FA,FF,FA,FFF1,6,6,2,1,-5,-6,-1,-6,-15,-89,8,16,10,100
2447,F6,01,FB,03,03,08,FD,06,002B,-10,1,-5,3,3,8,-3,6,43,54,8,16,10,100
2448,FC,FC,FB,05,00,F6,FF,08,FFC1,-4,-4,-5,5,0,-10,-1,8,-63,22,8,16,10,100
2449,FB,00,04,F6,09,06,06,F6,0063,-5,0,4,-10,9,6,6,-10,99,178,8,16,10,100
2450,03,08,04,FC,03,FD,05,F9,0045,3,8,4,-4,3,-3,5,-7,69,102,8,16,10,100
2451,02,F7,08,FF,00,08,FA,07,FFEE,2,-9,8,-1,0,8,-6,7,-18,-145,8,16,10,100
2452,FD,FE,02,FD,FF,FB,F6,FB,FFD7,-3,-2,2,-3,-1,-5,-10,-5,-41,-33,8,16,10,100
2453,09,F8,03,FE,04,F7,0A,05,FFD4,9,-8,3,-2,4,-9,10,5,-44,84,8,16,10,100
2454,07,02,FB,02,08,F9,FD,FE,001C,7,2,-5,2,8,-7,-3,-2,28,81,8,16,10,100
2455,00,01,F6,F8,F8,06,FE,F7,0036,0,1,-10,-8,-8,6,-2,-9,54,152,8,16,10,100
2456,F8,07,FE,06,F8,FE,04,FF,FFBA,-8,7,-2,6,-8,-2,4,-1,-70,-34,8,16,10,100
2457,FD,F9,F8,F7,FA,F7,05,08,0053,-3,-7,-8,-9,-6,-9,5,8,83,52,8,16,10,100
2458,FD,03,F8,00,04,0A,F9,FD,FFE7,-3,3,-8,0,4,10,-7,-3,-25,49,8,16,10,100
2459,FD,02,FD,00,09,FE,F6,F7,FFF9,-3,2,-3,0,9,-2,-10,-9,-7,-8,8,16,10,100
2460,FD,06,01,F7,0A,FF,FB,02,FFA4,-3,6,1,-9,10,-1,-5,2,-92,-151,8,16,10,100
2461,05,FC,07,FA,0A,09,09,FA,FFAA,5,-4,7,-6,10,9,9,-6,-86,27,8,16,10,100
2462,FA,00,FE,09,03,09,F9,F8,005F,-6,0,-2,9,3,9,-7,-8,95,19,8,16,10,100
2463,0A,09,FD,F7,06,05,08,FC,005A,10,9,-3,-9,6,5,8,-4,90,207,8,16,10,100
2464,02,05,05,02,00,03,F6,09,0063,2,5,5,2,0,3,-10,9,99,82,8,16,10,100
2465,05,06,03,08,0A,FC,0A,FD,003E,5,6,3,8,10,-4,10,-3,62,94,8,16,10,100
2466,02,FF,FD,FC,00,FB,FE,F9,FFFE,2,-1,-3,-4,0,-5,-2,-7,-2,37,8,16,10,100
2467,03,F6,02,FB,FD,FD,04,F8,0003,3,-10,2,-5,-3,-3,4,-8,3,72,8,16,10,100
2468,FA,FC,FF,03,FB,08,F9,FF,0044,-6,-4,-1,3,-5,8,-7,-1,68,70,8,16,10,100
2469,FD,07,06,03,02,03,F7,08,FFE5,-3,7,6,3,2,3,-9,8,-27,-42,8,16,10,100
2470,05,02,01,00,09,07,06,03,FFBD,5,2,1,0,9,7,6,3,-67,-2,8,16,10,100
2471,08,00,FF,02,09,FE,F9,0A,FFF0,8,0,-1,2,9,-2,-7,10,-16,83,8,16,10,100
2472,FE,00,04,07,01,08,07,01,0029,-2,0,4,7,1,8,7,1,41,74,8,16,10,100
2473,08,F7,02,F7,F6,F7,FD,FE,003D,8,-9,2,-9,-10,-9,-3,-2,61,74,8,16,10,100
2474,00,03,FB,04,F8,08,01,08,FFE1,0,3,-5,4,-8,8,1,8,-31,20,8,16,10,100
2475,FA,07,02,04,F8,05,F7,04,FF9D,-6,7,2,4,-8,5,-9,4,-99,-18,8,16,10,100
2476,FB,FD,F7,03,F9,FF,04,FD,003F,-5,-3,-9,3,-7,-1,4,-3,63,56,8,16,10,100
2477,00,04,F9,00,02,03,FD,02,FFF6,0,4,-7,0,2,3,-3,2,-10,23,8,16,10,100
2478,FD,FC,FA,02,FA,01,0A,06,FFB8,-3,-4,-6,2,-6,1,10,6,-72,-106,8,16,10,100
2479,06,F6,09,FF,02,0A,FC,FA,FFE8,6,-10,9,-1,2,10,-4,-6,-24,-142,8,16,10,100
2480,FC,03,08,05,FF,FD,0A,FE,0057,-4,3,8,5,-1,-3,10,-2,87,152,8,16,10,100
2481,F9,06,05,F6,09,FD,FC,00,005B,-7,6,5,-10,9,-3,-4,0,91,-10,8,16,10,100
2482,07,08,09,FC,FD,FE,03,06,0041,7,8,9,-4,-3,-2,3,6,65,31,8,16,10,100
2483,03,02,04,08,FD,F7,05,FD,0057,3,2,4,8,-3,-9,5,-3,87,56,8,16,10,100
2484,FD,FA,FB,09,02,FA,FD,FD,FFB7,-3,-6,-5,9,2,-6,-3,-3,-73,-55,8,16,10,100
2485,03,03,F7,F7,FA,F6,02,09,0022,3,3,-9,-9,-6,-10,2,9,34,-113,8,16,10,100
2486,F7,F7,08,F9,FA,FD,01,05,0024,-9,-9,8,-7,-6,-3,1,5,36,90,8,16,10,100
2487,0A,01,09,0A,FD,FF,F8,09,FFA8,10,1,9,10,-3,-1,-8,9,-88,-101,8,16,10,100
2488,0A,01,FC,FC,FE,06,03,07,0022,10,1,-4,-4,-2,6,3,7,34,-20,8,16,10,100
2489,01,04,02,05,01,01,0A,FD,FFE4,1,4,2,5,1,1,10,-3,-28,-18,8,16,10,100
2490,07,FD,05,FC,03,00,08,05,FF9D,7,-3,5,-4,3,0,8,5,-99,-58,8,16,10,100
2491,F7,0A,00,F8,07,02,FC,08,FF9C,-9,10,0,-8,7,2,-4,8,-100,-207,8,16,10,100
2492,FE,F6,F9,F6,F7,FC,0A,FA,FFD2,-2,-10,-7,-10,-9,-4,10,-6,-46,2,8,16,10,100
2493,F8,07,02,01,F9,05,FB,05,0040,-8,7,2,1,-7,5,-5,5,64,150,8,16,10,100
2494,0A,08,FC,FB,FA,06,F8,09,0020,10,8,-4,-5,-6,6,-8,9,32,7,8,16,10,100
2495,FE,05,F9,04,01,FA,0A,02,0003,-2,5,-7,4,1,-6,10,2,3,-91,8,16,10,100
2496,02,F8,01,05,FA,FC,F6,FD,FFA5,2,-8,1,5,-6,-4,-10,-3,-91,-96,8,16,10,100
2497,06,FF,03,03,FE,FA,F8,FF,001E,6,-1,3,3,-2,-6,-8,-1,30,-3,8,16,10,100
2498,06,FF,08,FD,06,FD,01,08,FFCB,6,-1,8,-3,6,-3,1,8,-53,-30,8,16,10,100
2499,02,F9,F9,01,01,04,F9,FE,0035,2,-7,-7,1,1,4,-7,-2,53,74,8,16,10,100
2500,01,FB,0A,FF,09,F6,F8,08,0029,1,-5,10,-1,9,-10,-8,8,41,12,8,16,10,100
2501,01,02,01,F7,F9,07,06,F8,0036,1,2,1,-9,-7,7,6,-8,54,139,8,16,10,100
2502,05,F6,FD,03,08,07,02,03,FFFD,5,-10,-3,3,8,7,2,3,-3,-30,8,16,10,100
2503,08,09,00,F7,06,FA,03,04,0005,8,9,0,-9,6,-6,3,4,5,-37,8,16,10,100
2504,02,02,F7,05,F8,08,FB,FC,FFA9,2,2,-9,5,-8,8,-5,-4,-87,-62,8,16,10,100
2505,06,F6,FB,05,03,F8,0A,FD,004A,6,-10,-5,5,3,-8,10,-3,74,107,8,16,10,100
2506,01,00,03,0A,FD,F8,04,05,FFBA,1,0,3,10,-3,-8,4,5,-70,-11,8,16,10,100
2507,F7,08,07,FF,09,FA,01,09,003D,-9,8,7,-1,9,-6,1,9,61,-70,8,16,10,100
2508,FA,FA,03,09,F7,F6,F7,06,FFCA,-6,-6,3,9,-9,-10,-9,6,-54,87,8,16,10,100
2509,FE,FC,08,01,02,09,FD,07,FFF9,-2,-4,8,1,2,9,-3,7,-7,-64,8,16,10,100
2510,04,00,FD,F8,F8,04,00,F9,FFDF,4,0,-3,-8,-8,4,0,-7,-33,-9,8,16,10,100
2511,FE,FE,07,0A,04,F9,F7,FE,FFF6,-2,-2,7,10,4,-7,-9,-2,-10,-87,8,16,10,100
2512,FD,F6,FB,04,FF,07,0A,03,0047,-3,-10,-5,4,-1,7,10,3,71,-34,8,16,10,100
2513,09,F9,08,F7,FA,FF,09,FE,FFF4,9,-7,8,-9,-6,-1,9,-2,-12,31,8,16,10,100
2514,FD,FE,00,03,04,FF,F9,07,001D,-3,-2,0,3,4,-1,-7,7,29,40,8,16,10,100
2515,08,09,FC,F8,FD,F6,FD,FF,0004,8,9,-4,-8,-3,-10,-3,-1,4,-90,8,16,10,100
2516,04,05,09,07,05,08,FF,F8,000D,4,5,9,7,5,8,-1,-8,13,8,8,16,10,100
2517,F9,02,FA,FA,FF,FF,06,F9,FFF6,-7,2,-6,-6,-1,-1,6,-7,-10,1,8,16,10,100
2518,F6,02,F7,F7,05,03,F6,02,0004,-10,2,-9,-9,5,3,-10,2,4,32,8,16,10,100
2519,00,06,09,09,FB,FB,FA,03,003E,0,6,9,9,-5,-5,-6,3,62,5,8,16,10,100
2520,FC,F9,07,02,FE,05,04,07,FFB9,-4,-7,7,2,-2,5,4,7,-71,-56,8,16,10,100
2521,00,F9,09,09,06,08,F6,05,005C,0,-7,9,9,6,8,-10,5,92,-9,8,16,10,100
2522,06,FE,FE,03,F9,FB,F8,09,FFB9,6,-2,-2,3,-7,-5,-8,9,-71,-60,8,16,10,100
2523,FA,FA,0A,F7,04,F9,08,FF,FFA7,-6,-6,10,-9,4,-7,8,-1,-89,18,8,16,10,100
2524,F9,F6,06,02,FC,09,08,07,FFEE,-7,-10,6,2,-4,9,8,7,-18,-18,8,16,10,100
2525,05,F8,FD,07,0A,F8,F6,06,FFB3,5,-8,-3,7,10,-8,-10,6,-77,109,8,16,10,100
2526,01,F9,07,F9,05,0A,09,03,FFED,1,-7,7,-7,5,10,9,3,-19,-42,8,16,10,100
2527,01,06,05,FD,FF,FD,FF,F8,0035,1,6,5,-3,-1,-3,-1,-8,53,53,8,16,10,100
2528,FC,00,F9,F9,09,0A,09,07,FF9F,-4,0,-7,-7,9,10,9,7,-97,-245,8,16,10,100
2529,FE,02,FC,FA,00,FB,05,02,0000,-2,2,-4,-6,0,-5,5,2,0,-42,8,16,10,100
2530,FC,00,06,02,FD,03,06,F7,0000,-4,0,6,2,-3,3,6,-9,0,30,8,16,10,100
2531,FC,02,01,0A,F6,00,06,04,0020,-4,2,1,10,-10,0,6,4,32,118,8,16,10,100
2532,00,06,08,FF,F9,FB,01,F8,FFAB,0,6,8,-1,-7,-5,1,-8,-85,-99,8,16,10,100
2533,05,FC,05,04,FF,03,F6,05,0032,5,-4,5,4,-1,3,-10,5,50,3,8,16,10,100
2534,FF,F8,F9,FB,04,FB,F8,FD,0002,-1,-8,-7,-5,4,-5,-8,-3,2,109,8,16,10,100
2535,FF,07,05,FC,FE,F7,FB,07,FFB1,-1,7,5,-4,-2,-9,-5,7,-79,-193,8,16,10,100
2536,02,06,02,09,01,FE,08,FF,FFD4,2,6,2,9,1,-2,8,-1,-44,-47,8,16,10,100
2537,FA,08,FD,FC,F7,04,FD,FD,FFB5,-6,8,-3,-4,-9,4,-3,-3,-75,32,8,16,10,100
2538,FD,01,F7,01,FD,FC,FC,05,FFCB,-3,1,-9,1,-3,-4,-4,5,-53,-7,8,16,10,100
2539,05,FD,02,01,01,F8,FF,03,FFA4,5,-3,2,1,1,-8,-1,3,-92,-62,8,16,10,100
2540,FB,F6,03,F8,F6,FD,F7,02,FFCD,-5,-10,3,-8,-10,-3,-9,2,-51,-14,8,16,10,100
2541,F7,F9,05,F7,01,08,F6,0A,FFA4,-9,-7,5,-9,1,8,-10,10,-92,-297,8,16,10,100
2542,F8,FB,F7,01,05,03,FC,FA,FFEA,-8,-5,-9,1,5,3,-4,-6,-22,-47,8,16,10,100
2543,F9,F6,07,05,FD,F9,FF,FB,FF9F,-7,-10,7,5,-3,-7,-1,-5,-97,-38,8,16,10,100
2544,FC,03,FC,08,01,FB,FD,05,FFD3,-4,3,-4,8,1,-5,-3,5,-45,-12,8,16,10,100
2545,F6,04,FA,00,0A,08,05,FF,0047,-10,4,-6,0,10,8,5,-1,71,-27,8,16,10,100
2546,04,FC,02,F9,FA,FD,06,09,FFE4,4,-4,2,-7,-6,-3,6,9,-28,-91,8,16,10,100
2547,01,FB,04,01,FE,01,07,FE,FFCC,1,-5,4,1,-2,1,7,-2,-52,-33,8,16,10,100
2548,07,F6,FA,FE,04,07,08,04,FFE5,7,-10,-6,-2,4,7,8,4,-27,-125,8,16,10,100
2549,08,F8,01,02,08,F9,04,FD,FFE5,8,-8,1,2,8,-7,4,-3,-27,91,8,16,10,100
2550,FA,F9,FE,00,09,0A,08,FD,FFA1,-6,-7,-2,0,9,10,8,-3,-95,-235,8,16,10,100
2551,F9,F6,05,04,FC,06,F6,FE,FFC3,-7,-10,5,4,-4,6,-10,-2,-61,-151,8,16,10,100
2552,09,FD,03,01,01,F8,07,07,FFFB,9,-3,3,1,1,-8,7,7,-5,56,8,16,10,100
2553,F6,FB,FF,F8,08,F6,00,03,FFA7,-10,-5,-1,-8,8,-10,0,3,-89,-143,8,16,10,100
2554,F7,03,06,F6,FC,03,03,FF,0037,-9,3,6,-10,-4,3,3,-1,55,128,8,16,10,100
2555,06,02,09,F6,FA,09,08,FA,004A,6,2,9,-10,-6,9,8,-6,74,188,8,16,10,100
2556,F9,FA,FC,02,09,03,F9,09,002B,-7,-6,-4,2,9,3,-7,9,43,8,8,16,10,100
2557,02,F7,FD,FA,FF,F6,FA,00,0012,2,-9,-3,-6,-1,-10,-6,0,18,124,8,16,10,100
2558,F6,05,02,03,F8,08,08,00,FFE7,-10,5,2,3,-8,8,8,0,-25,111,8,16,10,100
2559,FB,F9,06,09,FB,02,06,07,004B,-5,-7,6,9,-5,2,6,7,75,185,8,16,10,100
2560,08,FA,09,00,05,00,07,F9,FFB0,8,-6,9,0,5,0,7,-7,-80,23,8,16,10,100
2561,03,FC,05,08,07,0A,F6,F7,0039,3,-4,5,8,7,10,-10,-9,57,-84,8,16,10,100
2562,F7,04,FB,0A,09,08,F7,F6,FF9F,-9,4,-5,10,9,8,-9,-10,-97,-201,8,16,10,100
2563,02,0A,09,01,F7,01,01,F7,0044,2,10,9,1,-9,1,1,-9,68,60,8,16,10,100
2564,03,01,FB,0A,07,F6,0A,F7,004D,3,1,-5,10,7,-10,10,-9,77,-52,8,16,10,100
2565,0A,FA,08,06,FC,04,FD,08,001F,10,-6,8,6,-4,4,-3,8,31,-9,8,16,10,100
2566,07,00,04,00,FD,F8,00,05,FFF5,7,0,4,0,-3,-8,0,5,-11,-32,8,16,10,100
2567,04,F8,F9,F7,FA,FD,06,FD,005B,4,-8,-7,-9,-6,-3,6,-3,91,76,8,16,10,100
2568,F9,FF,F7,FC,FE,01,04,08,FFC0,-7,-1,-9,-4,-2,1,4,8,-64,-119,8,16,10,100
2569,FC,FA,F8,F6,03,FC,00,F9,FFA9,-4,-6,-8,-10,3,-4,0,-7,-87,-5,8,16,10,100
2570,01,00,06,FC,05,09,05,07,FFF9,1,0,6,-4,5,9,5,7,-7,0,8,16,10,100
2571,04,02,04,05,07,FD,F8,01,0023,4,2,4,5,7,-3,-8,1,35,30,8,16,10,100
2572,F6,01,FB,09,00,F6,F7,03,FFF0,-10,1,-5,9,0,-10,-9,3,-16,46,8,16,10,100
2573,F9,F7,FB,05,F8,02,0A,F8,FFA1,-7,-9,-5,5,-8,2,10,-8,-95,-147,8,16,10,100
2574,03,FE,F9,FC,00,F8,03,FB,FFD4,3,-2,-7,-4,0,-8,3,-5,-44,-29,8,16,10,100
2575,04,03,FD,F9,FB,06,07,F9,002B,4,3,-3,-7,-5,6,7,-7,43,69,8,16,10,100
2576,FB,F7,07,02,FC,00,F8,FE,001E,-5,-9,7,2,-4,0,-8,-2,30,-10,8,16,10,100
2577,0A,02,FE,03,F8,07,05,08,FFD7,10,2,-2,3,-8,7,5,8,-41,-93,8,16,10,100
2578,FD,FB,08,08,F9,FE,02,FE,0019,-3,-5,8,8,-7,-2,2,-2,25,56,8,16,10,100
2579,F7,06,04,01,FA,06,FE,07,FFC3,-9,6,4,1,-6,6,-2,7,-61,28,8,16,10,100
2580,07,00,0A,00,09,FD,08,09,004B,7,0,10,0,9,-3,8,9,75,218,8,16,10,100
2581,FC,F7,00,F7,04,08,0A,06,FFA9,-4,-9,0,-9,4,8,10,6,-87,-229,8,16,10,100
2582,0A,06,01,FC,FB,F9,04,09,FFDF,10,6,1,-4,-5,-7,4,9,-33,-157,8,16,10,100
2583,07,03,00,F9,05,F9,0A,07,0037,7,3,0,-7,5,-7,10,7,55,20,8,16,10,100
2584,FE,00,FC,06,00,06,FE,00,0037,-2,0,-4,6,0,6,-2,0,55,63,8,16,10,100
2585,FB,07,F8,FB,04,FF,F9,FA,FFB2,-5,7,-8,-5,4,-1,-7,-6,-78,-19,8,16,10,100
2586,01,FF,F6,FD,FB,07,F8,FC,001A,1,-1,-10,-3,-5,7,-8,-4,26,106,8,16,10,100
2587,FF,09,FF,01,04,FA,0A,FF,001F,-1,9,-1,1,4,-6,10,-1,31,-38,8,16,10,100
2588,01,03,FA,09,FB,03,05,05,FFEF,1,3,-6,9,-5,3,5,5,-17,2,8,16,10,100
2589,09,F9,FE,05,00,FB,FC,02,001D,9,-7,-2,5,0,-5,-4,2,29,82,8,16,10,100
2590,F6,02,FC,FA,07,FD,F6,F8,FFBF,-10,2,-4,-6,7,-3,-10,-8,-65,-53,8,16,10,100
2591,06,FC,08,FA,F9,05,F8,00,005E,6,-4,8,-6,-7,5,-8,0,94,-32,8,16,10,100
2592,06,07,03,06,00,04,09,FF,0015,6,7,3,6,0,4,9,-1,21,70,8,16,10,100
2593,03,07,F7,08,FD,FC,F6,F8,0024,3,7,-9,8,-3,-4,-10,-8,36,25,8,16,10,100
2594,02,05,09,FC,02,FB,F9,F7,FFB5,2,5,9,-4,2,-5,-7,-9,-75,-123,8,16,10,100
2595,FC,09,06,F7,FF,F8,08,01,002B,-4,9,6,-9,-1,-8,8,1,43,14,8,16,10,100
2596,FA,09,06,02,FC,03,FD,F8,FFB3,-6,9,6,2,-4,3,-3,-8,-77,-60,8,16,10,100
2597,FD,FC,00,01,06,F9,09,F8,FFCF,-3,-4,0,1,6,-7,9,-8,-49,-47,8,16,10,100
2598,0A,0A,07,F7,01,FF,03,08,FFA9,10,10,7,-9,1,-1,3,8,-87,-138,8,16,10,100
2599,05,0A,F9,01,F7,00,03,06,0038,5,10,-7,1,-9,0,3,6,56,-4,8,16,10,100
2600,04,01,FB,FB,F6,02,FF,00,FFA5,4,1,-5,-5,-10,2,-1,0,-91,-124,8,16,10,100
2601,02,08,03,F7,FF,F8,01,01,FFEE,2,8,3,-9,-1,-8,1,1,-18,-90,8,16,10,100
2602,08,0A,FB,FA,07,FF,04,FE,002E,8,10,-5,-6,7,-1,4,-2,46,84,8,16,10,100
2603,0A,02,03,05,F8,FD,FB,FC,002C,10,2,3,5,-8,-3,-5,-4,44,-77,8,16,10,100
2604,03,FF,F6,F9,F7,FC,03,07,0057,3,-1,-10,-7,-9,-4,3,7,87,-15,8,16,10,100
2605,FC,FD,03,F8,02,F9,01,05,FFF8,-4,-3,3,-8,2,-7,1,5,-8,-32,8,16,10,100
2606,F8,04,FD,05,01,06,08,05,FFE7,-8,4,-3,5,1,6,8,5,-25,-8,8,16,10,100
2607,F7,FB,FE,02,F8,FB,09,00,002A,-9,-5,-2,2,-8,-5,9,0,42,121,8,16,10,100
2608,F7,0A,00,F9,09,05,FC,FF,0003,-9,10,0,-7,9,5,-4,-1,3,-21,8,16,10,100
2609,05,02,00,FC,FE,05,07,01,FFE5,5,2,0,-4,-2,5,7,1,-27,-31,8,16,10,100
2610,04,04,FA,FA,00,0A,06,FB,FFB2,4,4,-6,-6,0,10,6,-5,-78,-44,8,16,10,100
2611,02,02,FF,FB,F7,08,F7,FE,FFFC,2,2,-1,-5,-9,8,-9,-2,-4,13,8,16,10,100
2612,FA,FE,F9,04,02,06,FD,F7,004A,-6,-2,-7,4,2,6,-3,-9,74,35,8,16,10,100
2613,FA,F9,02,04,03,FC,FB,05,000A,-6,-7,2,4,3,-4,-5,5,10,30,8,16,10,100
2614,0A,0A,06,FF,FF,06,FD,04,FFFC,10,10,6,-1,-1,6,-3,4,-4,24,8,16,10,100
2615,F8,04,0A,06,FF,F6,FD,07,FFE8,-8,4,10,6,-1,-10,-3,7,-24,-44,8,16,10,100
2616,06,FF,03,03,F6,00,02,05,0008,6,-1,3,3,-10,0,2,5,8,-31,8,16,10,100
2617,0A,06,FA,05,08,02,F9,FD,FFC3,10,6,-6,5,8,2,-7,-3,-61,58,8,16,10,100
2618,07,FA,FA,FD,FE,09,00,FC,FFAD,7,-6,-6,-3,-2,9,0,-4,-83,-139,8,16,10,100
2619,FB,F8,06,FA,01,FC,09,04,001D,-5,-8,6,-6,1,-4,9,4,29,86,8,16,10,100
2620,04,FB,FF,09,FC,F7,02,FC,FFF1,4,-5,-1,9,-4,-9,2,-4,-15,-24,8,16,10,100
2621,F6,FB,04,FD,0A,05,FA,F6,FFF9,-10,-5,4,-3,10,5,-6,-10,-7,-126,8,16,10,100
2622,F8,04,05,FF,FB,F7,02,00,0039,-8,4,5,-1,-5,-9,2,0,57,71,8,16,10,100
2623,04,04,07,F7,07,05,03,FC,FF9C,4,4,7,-9,7,5,3,-4,-100,5,8,16,10,100
2624,0A,F6,FC,F6,FB,FC,FE,04,FFBD,10,-10,-4,-10,-5,-4,-2,4,-67,-109,8,16,10,100
2625,F8,09,F8,03,08,FE,09,FF,0029,-8,9,-8,3,8,-2,9,-1,41,-116,8,16,10,100
2626,F8,FE,06,03,06,03,01,FA,FFE5,-8,-2,6,3,6,3,1,-6,-27,-93,8,16,10,100
2627,FA,F9,00,08,F7,09,FC,FC,0059,-6,-7,0,8,-9,9,-4,-4,89,48,8,16,10,100
2628,04,02,FD,FD,F6,08,FA,FA,0056,4,2,-3,-3,-10,8,-6,-6,86,98,8,16,10,100
2629,FE,09,00,FE,F7,FC,06,FE,FFA4,-2,9,0,-2,-9,-4,6,-2,-92,-106,8,16,10,100
2630,FF,04,FC,F9,F6,07,FF,04,FFA3,-1,4,-4,-7,-10,7,-1,4,-93,-79,8,16,10,100
2631,01,FC,FB,F7,05,08,03,FA,0051,1,-4,-5,-9,5,8,3,-6,81,93,8,16,10,100
2632,02,F8,00,FC,01,02,00,FC,FFD1,2,-8,0,-4,1,2,0,-4,-47,-45,8,16,10,100
2633,04,FC,FF,F7,04,05,05,0A,003F,4,-4,-1,-9,4,5,5,10,63,-36,8,16,10,100
2634,F7,02,09,06,03,FB,FB,02,FFE8,-9,2,9,6,3,-5,-5,2,-24,-94,8,16,10,100
2635,FC,09,07,06,05,FB,07,04,FFFE,-4,9,7,6,5,-5,7,4,-2,6,8,16,10,100
2636,08,0A,F9,F7,FA,00,FD,04,FF9D,8,10,-7,-9,-6,0,-3,4,-99,-162,8,16,10,100
2637,FF,01,F6,FA,F8,F6,07,F7,FFE1,-1,1,-10,-6,-8,-10,7,-9,-31,-49,8,16,10,100
2638,FD,02,0A,07,F7,F6,05,0A,FFE4,-3,2,10,7,-9,-10,5,10,-28,99,8,16,10,100
2639,F8,FD,F8,07,FE,00,FF,06,0062,-8,-3,-8,7,-2,0,-1,6,98,164,8,16,10,100
2640,FF,0A,F8,07,F9,01,09,FD,FFCA,-1,10,-8,7,-7,1,9,-3,-54,-130,8,16,10,100
2641,0A,0A,FB,F8,04,03,F7,02,003E,10,10,-5,-8,4,3,-9,2,62,161,8,16,10,100
2642,01,04,FE,0A,FD,02,07,FC,0061,1,4,-2,10,-3,2,7,-4,97,48,8,16,10,100
2643,03,FF,FC,00,F9,02,09,0A,FFBF,3,-1,-4,0,-7,2,9,10,-65,-124,8,16,10,100
2644,FF,F9,0A,05,03,03,FE,08,FFE8,-1,-7,10,5,3,3,-2,8,-24,-28,8,16,10,100
2645,F9,06,08,0A,F6,FD,FC,F9,0009,-7,6,8,10,-10,-3,-4,-7,9,-41,8,16,10,100
2646,04,08,0A,FE,03,FD,05,05,FFD6,4,8,10,-2,3,-3,5,5,-42,-14,8,16,10,100
2647,05,06,F9,09,05,FA,FD,03,FFBD,5,6,-7,9,5,-6,-3,3,-67,-30,8,16,10,100
2648,F9,F9,FA,FD,02,03,00,05,000B,-7,-7,-6,-3,2,3,0,5,11,-39,8,16,10,100
2649,FF,F6,00,03,05,00,09,F6,003B,-1,-10,0,3,5,0,9,-10,59,24,8,16,10,100
2650,FB,04,08,03,04,F7,F9,07,FFDA,-5,4,8,3,4,-9,-7,7,-38,-129,8,16,10,100
2651,01,0A,FD,FE,FF,04,F7,0A,004E,1,10,-3,-2,-1,4,-9,10,78,124,8,16,10,100
2652,FE,FA,03,04,08,09,09,04,FFF6,-2,-6,3,4,8,9,9,4,-10,-37,8,16,10,100
2653,05,01,07,F6,FD,00,06,00,0020,5,1,7,-10,-3,0,6,0,32,59,8,16,10,100
2654,03,FA,03,FE,F6,03,07,FF,0020,3,-6,3,-2,-10,3,7,-1,32,7,8,16,10,100
2655,00,07,01,FC,FD,00,01,F9,FFE9,0,7,1,-4,-3,0,1,-7,-23,6,8,16,10,100
2656,00,FB,FE,FB,08,09,F8,FA,0060,0,-5,-2,-5,8,9,-8,-6,96,97,8,16,10,100
2657,F6,05,FC,00,09,FB,03,03,0045,-10,5,-4,0,9,-5,3,3,69,-58,8,16,10,100
2658,06,05,08,03,02,F6,F9,F7,0007,6,5,8,3,2,-10,-7,-9,7,-114,8,16,10,100
2659,03,00,FD,02,F9,02,FC,06,0013,3,0,-3,2,-7,2,-4,6,19,22,8,16,10,100
2660,FC,06,FD,FF,FB,FB,FE,F6,0023,-4,6,-3,-1,-5,-5,-2,-10,35,41,8,16,10,100
2661,09,F6,05,01,0A,01,0A,FD,0040,9,-10,5,1,10,1,10,-3,64,191,8,16,10,100
2662,F8,0A,FD,07,08,FC,03,F8,FFE4,-8,10,-3,7,8,-4,3,-8,-28,-197,8,16,10,100
2663,FC,FE,F6,05,08,F9,FD,F7,FFB9,-4,-2,-10,5,8,-7,-3,-9,-71,-104,8,16,10,100
2664,03,03,F6,06,01,04,00,00,FFF3,3,3,-10,6,1,4,0,0,-13,2,8,16,10,100
2665,05,FA,08,FB,08,09,01,01,0027,5,-6,8,-5,8,9,1,1,39,28,8,16,10,100
2666,F6,FC,08,06,09,FE,FD,F8,002E,-10,-4,8,6,9,-2,-3,-8,46,-108,8,16,10,100
2667,02,01,03,FF,F8,09,FD,02,0052,2,1,3,-1,-8,9,-3,2,82,64,8,16,10,100
2668,03,FE,02,04,03,FD,0A,F6,FFCB,3,-2,2,4,3,-3,10,-10,-53,-58,8,16,10,100
2669,05,FC,FB,09,F9,08,F8,FD,0014,5,-4,-5,9,-7,8,-8,-3,20,-34,8,16,10,100
2670,FD,05,01,FC,06,FE,09,F8,0046,-3,5,1,-4,6,-2,9,-8,70,83,8,16,10,100
2671,FE,09,FD,FC,05,01,02,09,FFCC,-2,9,-3,-4,5,1,2,9,-52,-95,8,16,10,100
2672,0A,08,FF,00,FB,FB,00,04,FFD2,10,8,-1,0,-5,-5,0,4,-46,-136,8,16,10,100
2673,FE,02,F7,02,00,F8,F8,00,FF9F,-2,2,-9,2,0,-8,-8,0,-97,-41,8,16,10,100
2674,06,FA,03,FC,F7,F6,F7,02,FFF3,6,-6,3,-4,-9,-10,-9,2,-13,-42,8,16,10,100
2675,FB,02,FD,0A,08,02,F9,FB,FFF4,-5,2,-3,10,8,2,-7,-5,-12,-77,8,16,10,100
2676,FA,07,02,03,F6,F8,FB,FC,0024,-6,7,2,3,-10,-8,-5,-4,36,18,8,16,10,100
2677,07,05,F9,F9,08,04,FE,04,FFEE,7,5,-7,-7,8,4,-2,4,-18,44,8,16,10,100
2678,01,F7,09,FE,FF,09,08,02,FFB5,1,-9,9,-2,-1,9,8,2,-75,-89,8,16,10,100
2679,FE,F9,FA,06,FF,F6,01,FA,0050,-2,-7,-6,6,-1,-10,1,-6,80,110,8,16,10,100
2680,09,03,FA,01,01,F8,03,02,002E,9,3,-6,1,1,-8,3,2,46,15,8,16,10,100
2681,08,08,F7,FB,FB,01,05,F6,0036,8,8,-9,-5,-5,1,5,-10,54,27,8,16,10,100
2682,F7,F6,01,FD,04,FC,08,FD,FFA6,-9,-10,1,-3,4,-4,8,-3,-90,-69,8,16,10,100
2683,FA,09,03,FB,F7,06,01,F9,FFF0,-6,9,3,-5,-9,6,1,-7,-16,130,8,16,10,100
2684,06,05,05,01,09,08,FC,04,0048,6,5,5,1,9,8,-4,4,72,150,8,16,10,100
2685,FD,00,01,06,F8,02,02,FD,0006,-3,0,1,6,-8,2,2,-3,6,14,8,16,10,100
2686,03,FF,01,FE,FB,06,FF,07,0049,3,-1,1,-2,-5,6,-1,7,73,37,8,16,10,100
2687,03,08,FC,F7,FB,06,F6,F7,004A,3,8,-4,-9,-5,6,-10,-9,74,228,8,16,10,100
2688,FB,FF,0A,0A,08,05,F6,04,0007,-5,-1,10,10,8,5,-10,4,7,-98,8,16,10,100
2689,02,00,02,07,03,FE,06,FC,000E,2,0,2,7,3,-2,6,-4,14,4,8,16,10,100
2690,FA,06,0A,05,08,07,04,FC,0004,-6,6,10,5,8,7,4,-4,4,18,8,16,10,100
2691,01,F7,FD,FE,04,FD,03,FE,005E,1,-9,-3,-2,4,-3,3,-2,94,120,8,16,10,100
2692,FB,09,F9,FC,FB,F6,FF,08,0016,-5,9,-7,-4,-5,-10,-1,8,22,-68,8,16,10,100
2693,FD,F7,FC,02,FA,03,FB,07,0037,-3,-9,-4,2,-6,3,-5,7,55,80,8,16,10,100
2694,F9,F9,FD,03,FD,F8,0A,FC,005E,-7,-7,-3,3,-3,-8,10,-4,94,129,8,16,10,100
2695,09,08,FB,00,08,09,09,04,FFF1,9,8,-5,0,8,9,9,4,-15,84,8,16,10,100
2696,0A,FC,FB,FF,F7,04,F9,01,0028,10,-4,-5,-1,-9,4,-7,1,40,-32,8,16,10,100
2697,FF,0A,F9,05,02,FE,05,02,0057,-1,10,-7,5,2,-2,5,2,87,40,8,16,10,100
2698,F7,06,02,F7,F7,F9,F7,09,0061,-9,6,2,-9,-9,-7,-9,9,97,37,8,16,10,100
2699,07,09,F8,07,FA,03,08,F9,FFB8,7,9,-8,7,-6,3,8,-7,-72,-200,8,16,10,100
2700,FB,08,02,01,02,F6,02,08,FFFD,-5,8,2,1,2,-10,2,8,-3,-81,8,16,10,100
2701,04,05,07,09,F9,FD,FD,FE,0059,4,5,7,9,-7,-3,-3,-2,89,7,8,16,10,100
2702,02,02,F6,F6,00,F8,00,FA,FFA6,2,2,-10,-10,0,-8,0,-6,-90,-46,8,16,10,100
2703,02,07,FF,FE,FB,F7,02,09,002A,2,7,-1,-2,-5,-9,2,9,42,-51,8,16,10,100
2704,FD,00,01,07,F8,F7,02,F6,0042,-3,0,1,7,-8,-9,2,-10,66,22,8,16,10,100
2705,0A,0A,09,FE,F6,0A,01,04,FFDF,10,10,9,-2,-10,10,1,4,-33,-32,8,16,10,100
2706,04,0A,FF,07,F6,06,04,FA,004D,4,10,-1,7,-10,6,4,-6,77,51,8,16,10,100
2707,F7,FF,03,FD,FE,04,0A,06,FFED,-9,-1,3,-3,-2,4,10,6,-19,7,8,16,10,100
2708,F9,FA,00,FE,05,F7,FC,FF,0021,-7,-6,0,-2,5,-9,-4,-1,33,54,8,16,10,100
2709,08,FD,F8,07,FF,F6,FF,F7,FFF2,8,-3,-8,7,-1,-10,-1,-9,-14,-47,8,16,10,100
2710,FA,F8,FE,05,02,06,FE,05,004B,-6,-8,-2,5,2,6,-2,5,75,44,8,16,10,100
2711,FE,FD,FB,F9,03,08,04,FC,FFC9,-2,-3,-5,-7,3,8,4,-4,-55,-77,8,16,10,100
2712,F8,08,08,03,F9,03,05,FA,FFAA,-8,8,8,3,-7,3,5,-6,-86,16,8,16,10,100
2713,FF,05,06,01,FC,00,FF,05,FF9E,-1,5,6,1,-4,0,-1,5,-98,-95,8,16,10,100
2714,05,F8,FE,07,06,06,08,FB,0045,5,-8,-2,7,6,6,8,-5,69,0,8,16,10,100
2715,F8,06,F6,FC,FA,FA,04,00,FFB9,-8,6,-10,-4,-6,-6,4,0,-71,-99,8,16,10,100
2716,FE,02,03,FE,09,F7,03,FC,FFC2,-2,2,3,-2,9,-9,3,-4,-62,-81,8,16,10,100
2717,08,FF,07,FF,F7,02,FB,01,FFCB,8,-1,7,-1,-9,2,-5,1,-53,-163,8,16,10,100
2718,F8,09,00,FA,F8,07,FC,07,FFBC,-8,9,0,-6,-8,7,-4,7,-68,17,8,16,10,100
2719,06,09,FC,FD,FC,FA,FB,06,0003,6,9,-4,-3,-4,-6,-5,6,3,-73,8,16,10,100
2720,FC,F6,FE,FB,03,FF,01,FA,FFD3,-4,-10,-2,-5,3,-1,1,-6,-45,-19,8,16,10,100
2721,FE,04,04,FD,FE,FB,00,FB,0040,-2,4,4,-3,-2,-5,0,-5,64,63,8,16,10,100
2722,06,09,F6,FF,F7,07,F7,F7,FFB4,6,9,-10,-1,-9,7,-9,-9,-76,32,8,16,10,100
2723,F6,F8,06,03,02,FD,0A,01,FFB8,-10,-8,6,3,2,-3,10,1,-72,-5,8,16,10,100
2724,FD,FA,FE,FE,08,FC,03,F9,0043,-3,-6,-2,-2,8,-4,3,-7,67,75,8,16,10,100
2725,0A,FB,06,06,F6,F8,00,05,005C,10,-5,6,6,-10,-8,0,5,92,62,8,16,10,100
2726,FE,00,FD,01,FE,06,FC,03,FFDB,-2,0,-3,1,-2,6,-4,3,-37,-18,8,16,10,100
2727,08,07,01,FA,F7,FD,06,FC,004D,8,7,1,-6,-9,-3,6,-4,77,14,8,16,10,100
2728,06,01,07,F9,09,06,02,FE,FFF4,6,1,7,-7,9,6,2,-2,-12,76,8,16,10,100
2729,02,02,01,0A,09,03,F8,F8,005F,2,2,1,10,9,3,-8,-8,95,31,8,16,10,100
2730,F9,07,F7,06,FF,02,02,05,FFAC,-7,7,-9,6,-1,2,2,5,-84,-51,8,16,10,100
2731,F7,01,00,FB,F7,F9,02,F6,0027,-9,1,0,-5,-9,-7,2,-10,39,163,8,16,10,100
2732,FE,07,01,02,FF,08,FD,04,003D,-2,7,1,2,-1,8,-3,4,61,124,8,16,10,100
2733,FE,FD,FE,FF,04,03,01,FA,004D,-2,-3,-2,-1,4,3,1,-6,77,64,8,16,10,100
2734,08,FB,FD,F9,02,F7,03,04,005D,8,-5,-3,-7,2,-9,3,4,93,117,8,16,10,100
2735,06,0A,FC,05,03,FC,F7,F6,FFBF,6,10,-4,5,3,-4,-9,-10,-65,-101,8,16,10,100
2736,07,06,04,FA,FE,02,FD,F6,FF9D,7,6,4,-6,-2,2,-3,-10,-99,-53,8,16,10,100
2737,08,FE,02,FF,F6,05,FC,F7,0003,8,-2,2,-1,-10,5,-4,-9,3,-86,8,16,10,100
2738,07,F6,04,02,03,04,04,F9,FFD6,7,-10,4,2,3,4,4,-7,-42,-59,8,16,10,100
2739,FA,09,F7,0A,08,05,01,FD,004D,-6,9,-9,10,8,5,1,-3,77,35,8,16,10,100
2740,F8,0A,FF,04,04,05,FC,F9,0040,-8,10,-1,4,4,5,-4,-7,64,58,8,16,10,100
2741,01,F6,F9,03,F6,FB,06,F9,FFA0,1,-10,-7,3,-10,-5,6,-7,-96,-119,8,16,10,100
2742,09,02,F6,04,0A,04,08,FC,FFD6,9,2,-10,4,10,4,8,-4,-42,-40,8,16,10,100
2743,FF,F9,03,07,F8,0A,02,FF,FFCE,-1,-7,3,7,-8,10,2,-1,-50,-113,8,16,10,100
2744,FF,FE,F7,FC,FF,05,F6,01,0042,-1,-2,-9,-4,-1,5,-10,1,66,143,8,16,10,100
2745,FB,05,F9,F8,FF,05,05,09,FFBF,-5,5,-7,-8,-1,5,5,9,-65,-142,8,16,10,100
2746,F8,F8,08,0A,F9,09,07,05,0012,-8,-8,8,10,-7,9,7,5,18,108,8,16,10,100
2747,FE,00,F7,07,08,00,FE,FD,0005,-2,0,-9,7,8,0,-2,-3,5,-14,8,16,10,100
2748,00,05,F9,02,F7,02,09,F6,FFB3,0,5,-7,2,-9,2,9,-10,-77,-150,8,16,10,100
2749,FB,00,04,F6,F6,09,00,02,0001,-5,0,4,-10,-10,9,0,2,1,31,8,16,10,100
2750,06,FB,FA,F9,02,FA,FC,01,0026,6,-5,-6,-7,2,-6,-4,1,38,97,8,16,10,100
2751,01,F6,FB,01,FF,FF,03,FF,FFF0,1,-10,-5,1,-1,-1,3,-1,-16,-23,8,16,10,100
2752,FA,0A,F7,F9,03,08,FA,F8,002D,-6,10,-9,-7,3,8,-6,-8,45,217,8,16,10,100
2753,F8,09,07,FB,F7,F6,F9,FB,FFC2,-8,9,7,-5,-9,-10,-7,-5,-62,-104,8,16,10,100
2754,08,03,06,06,09,00,FD,FE,0043,8,3,6,6,9,0,-3,-2,67,109,8,16,10,100
2755,FF,07,01,FD,F8,FA,00,04,FFF9,-1,7,1,-3,-8,-6,0,4,-7,-53,8,16,10,100
2756,00,0A,F6,04,09,0A,08,FC,FFC7,0,10,-10,4,9,10,8,-4,-57,-53,8,16,10,100
2757,0A,02,02,01,00,FF,09,02,FFCD,10,2,2,1,0,-1,9,2,-51,-33,8,16,10,100
2758,FC,07,F6,08,09,06,02,09,FFAB,-4,7,-10,8,9,6,2,9,-85,-27,8,16,10,100
2759,08,00,08,F6,09,F7,F9,03,001B,8,0,8,-10,9,-9,-7,3,27,13,8,16,10,100
2760,02,0A,01,FC,06,04,03,F7,FFAE,2,10,1,-4,6,4,3,-9,-82,9,8,16,10,100
2761,FB,04,0A,F8,01,F8,01,FC,FFB5,-5,4,10,-8,1,-8,1,-4,-75,-70,8,16,10,100
2762,04,02,F7,00,F9,00,05,FD,0039,4,2,-9,0,-7,0,5,-3,57,-16,8,16,10,100
2763,FB,01,03,03,F8,F9,03,02,0035,-5,1,3,3,-8,-7,3,2,53,101,8,16,10,100
2764,FC,F9,FD,01,0A,FE,FD,09,002B,-4,-7,-3,1,10,-2,-3,9,43,35,8,16,10,100
2765,07,F9,09,FF,FA,FC,FA,FA,000A,7,-7,9,-1,-6,-4,-6,-6,10,-52,8,16,10,100
2766,F8,F7,09,FC,08,FC,01,04,FFEC,-8,-9,9,-4,8,-4,1,4,-20,-55,8,16,10,100
2767,03,06,08,F7,02,07,09,FF,000E,3,6,8,-9,2,7,9,-1,14,143,8,16,10,100
2768,FE,09,05,08,FE,F6,04,F8,005A,-2,9,5,8,-2,-10,4,-8,90,-40,8,16,10,100
2769,FA,01,01,FF,04,F6,FA,08,FFAE,-6,1,1,-1,4,-10,-6,8,-82,-130,8,16,10,100
2770,FB,06,07,04,02,00,03,FF,0005,-5,6,7,4,2,0,3,-1,5,12,8,16,10,100
2771,04,FE,F8,02,08,F8,04,05,003B,4,-2,-8,2,8,-8,4,5,59,85,8,16,10,100
2772,FA,FD,03,F7,02,0A,F9,F6,0023,-6,-3,3,-9,2,10,-7,-10,35,62,8,16,10,100
2773,07,FB,0A,FE,04,FD,06,F6,0000,7,-5,10,-2,4,-3,6,-10,0,123,8,16,10,100
2774,FE,09,02,F9,F7,F6,FE,00,002C,-2,9,2,-7,-9,-10,-2,0,44,-32,8,16,10,100
2775,03,FD,F6,07,F6,FF,07,00,0042,3,-3,-10,7,-10,-1,7,0,66,-31,8,16,10,100
2776,05,F6,09,02,02,F9,FF,02,0043,5,-10,9,2,2,-7,-1,2,67,142,8,16,10,100
2777,F9,07,06,FF,02,FB,09,FA,FFA6,-7,7,6,-1,2,-5,9,-6,-90,-79,8,16,10,100
2778,02,FB,07,FA,02,F9,03,03,0038,2,-5,7,-6,2,-7,3,3,56,98,8,16,10,100
2779,03,FF,05,08,05,02,FA,F7,FFA0,3,-1,5,8,5,2,-6,-9,-96,-185,8,16,10,100
2780,03,04,FA,FA,F7,F6,F6,F8,FFC5,3,4,-6,-6,-9,-10,-10,-8,-59,-18,8,16,10,100
2781,01,08,04,0A,01,F8,FF,0A,FFE0,1,8,4,10,1,-8,-1,10,-32,1,8,16,10,100
2782,FF,03,F8,05,0A,05,08,FE,005A,-1,3,-8,5,10,5,8,-2,90,21,8,16,10,100
2783,F7,FB,FA,04,F9,04,07,09,002E,-9,-5,-6,4,-7,4,7,9,46,83,8,16,10,100
2784,07,02,FC,00,FB,FE,F9,06,FFD0,7,2,-4,0,-5,-2,-7,6,-48,-59,8,16,10,100
2785,FF,05,F8,08,F9,F9,05,FA,FFEB,-1,5,-8,8,-7,-7,5,-6,-21,-137,8,16,10,100
2786,02,F7,0A,02,04,FA,F6,03,0025,2,-9,10,2,4,-6,-10,3,37,5,8,16,10,100
2787,04,F8,00,0A,06,F9,FC,05,000B,4,-8,0,10,6,-7,-4,5,11,141,8,16,10,100
2788,01,06,F7,F7,FC,06,F9,00,0049,1,6,-9,-9,-4,6,-7,0,73,168,8,16,10,100
2789,0A,F7,F6,02,00,01,FE,FF,0049,10,-9,-10,2,0,1,-2,-1,73,82,8,16,10,100
2790,07,FB,05,F6,0A,FD,FA,F6,FFC6,7,-5,5,-10,10,-3,-6,-10,-58,97,8,16,10,100
2791,F9,F9,0A,05,FC,0A,FA,F9,0054,-7,-7,10,5,-4,10,-6,-7,84,-53,8,16,10,100
2792,FC,FE,06,FA,01,FE,0A,06,0033,-4,-2,6,-6,1,-2,10,6,51,75,8,16,10,100
2793,FA,F9,02,02,09,FF,03,00,FFC6,-6,-7,2,2,9,-1,3,0,-58,-99,8,16,10,100
2794,FF,FC,04,F7,03,FE,F9,FD,0059,-1,-4,4,-9,3,-2,-7,-3,89,93,8,16,10,100
2795,FC,FA,FF,FE,01,01,0A,02,004B,-4,-6,-1,-2,1,1,10,2,75,51,8,16,10,100
2796,03,07,FC,04,FC,FE,FC,01,005B,3,7,-4,4,-4,-2,-4,1,91,85,8,16,10,100
2797,F8,08,09,08,FD,F6,FC,02,0063,-8,8,9,8,-3,-10,-4,2,99,23,8,16,10,100
2798,07,F7,02,0A,08,FB,00,0A,FFB7,7,-9,2,10,8,-5,0,10,-73,128,8,16,10,100
2799,01,FC,F8,05,08,05,02,FD,005A,1,-4,-8,5,8,5,2,-3,90,47,8,16,10,100
2800,FD,F8,08,FA,FB,03,07,05,0041,-3,-8,8,-6,-5,3,7,5,65,82,8,16,10,100
2801,F9,06,09,F9,04,FE,08,04,0031,-7,6,9,-7,4,-2,8,4,49,53,8,16,10,100
2802,05,F6,FD,00,F6,FD,0A,02,FFDE,5,-10,-3,0,-10,-3,10,2,-34,-84,8,16,10,100
2803,FB,09,FA,F6,FB,FB,02,07,001B,-5,9,-6,-10,-5,-5,2,7,27,-75,8,16,10,100
2804,FE,FA,02,09,03,03,F9,05,0042,-2,-6,2,9,3,3,-7,5,66,73,8,16,10,100
2805,F9,09,FC,FD,FF,04,04,F6,FF9D,-7,9,-4,-3,-1,4,4,-10,-99,-42,8,16,10,100
2806,04,F7,F7,FB,09,05,FA,01,FFD5,4,-9,-9,-5,9,5,-6,1,-43,-3,8,16,10,100
2807,F6,FD,FB,01,01,0A,07,09,0044,-10,-3,-5,1,1,10,7,9,68,2,8,16,10,100
2808,F6,FD,0A,08,01,FF,FB,01,FFFA,-10,-3,10,8,1,-1,-5,1,-6,-55,8,16,10,100
2809,03,06,FC,09,F6,00,F7,FD,0009,3,6,-4,9,-10,0,-9,-3,9,-12,8,16,10,100
2810,03,00,F8,FD,06,F9,05,FA,FFC2,3,0,-8,-3,6,-7,5,-6,-62,-66,8,16,10,100
2811,00,FA,FB,01,F7,F7,FD,FA,FFF1,0,-6,-5,1,-9,-9,-3,-6,-15,48,8,16,10,100
2812,F9,04,F8,03,F6,08,F9,F6,FFCC,-7,4,-8,3,-10,8,-7,-10,-52,76,8,16,10,100
2813,FA,05,00,02,01,00,F9,0A,001C,-6,5,0,2,1,0,-7,10,28,42,8,16,10,100
2814,F7,FE,FE,FA,FB,04,04,00,FFFE,-9,-2,-2,-6,-5,4,4,0,-2,27,8,16,10,100
2815,08,FE,FD,0A,FE,01,06,09,FFF7,8,-2,-3,10,-2,1,6,9,-9,45,8,16,10,100
2816,08,0A,03,08,03,06,F8,FB,FFBB,8,10,3,8,3,6,-8,-5,-69,-49,8,16,10,100
2817,01,07,FC,FF,09,F6,04,04,0009,1,7,-4,-1,9,-10,4,4,9,-72,8,16,10,100
2818,F9,FD,03,F6,08,F9,FE,05,0041,-7,-3,3,-10,8,-7,-2,5,65,-26,8,16,10,100
2819,F9,F6,09,F6,F7,F8,F9,F6,0030,-7,-10,9,-10,-9,-8,-7,-10,48,228,8,16,10,100
2820,FF,0A,F6,F7,FB,FD,FD,F7,0059,-1,10,-10,-9,-5,-3,-3,-9,89,175,8,16,10,100
2821,00,FA,FB,F9,FA,FC,01,08,FFEE,0,-6,-5,-7,-6,-4,1,8,-18,-55,8,16,10,100
2822,07,05,06,03,03,F8,FA,F6,FFBA,7,5,6,3,3,-8,-6,-10,-70,-155,8,16,10,100
2823,03,F6,FE,08,03,F9,FB,06,0038,3,-10,-2,8,3,-7,-5,6,56,193,8,16,10,100
2824,0A,06,FE,F6,F7,01,09,FC,0028,10,6,-2,-10,-9,1,9,-4,40,-22,8,16,10,100
2825,FA,09,01,FE,FD,FD,0A,F8,003C,-6,9,1,-2,-3,-3,10,-8,60,77,8,16,10,100
2826,F6,F7,05,FC,08,FD,F9,04,0039,-10,-9,5,-4,8,-3,-7,4,57,-47,8,16,10,100
2827,FD,03,03,F7,FE,FD,FB,FD,0034,-3,3,3,-9,-2,-3,-5,-3,52,61,8,16,10,100
2828,04,FB,F7,01,FF,03,FA,09,003D,4,-5,-9,1,-1,3,-6,9,61,105,8,16,10,100
2829,FF,0A,FC,02,F7,FF,FC,00,004C,-1,10,-4,2,-9,-1,-4,0,76,91,8,16,10,100
2830,01,06,F9,01,FE,FB,FD,FD,FFD2,1,6,-7,1,-2,-5,-3,-3,-46,-60,8,16,10,100
2831,FB,02,F9,F7,FF,FC,08,06,0015,-5,2,-7,-9,-1,-4,8,6,21,-92,8,16,10,100
2832,07,FB,05,FB,09,05,06,F8,003E,7,-5,5,-5,9,5,6,-8,62,170,8,16,10,100
2833,FF,0A,FF,FF,04,FA,FC,04,0045,-1,10,-1,-1,4,-6,-4,4,69,5,8,16,10,100
2834,F7,F7,FD,FE,FE,FF,FE,00,FFA1,-9,-9,-3,-2,-2,-1,-2,0,-95,-62,8,16,10,100
2835,0A,0A,FA,03,FC,FD,05,F8,FFD5,10,10,-6,3,-4,-3,5,-8,-43,-167,8,16,10,100
2836,FC,06,F7,01,01,02,0A,01,0026,-4,6,-9,1,1,2,10,1,38,-43,8,16,10,100
2837,02,FE,09,FD,0A,02,01,F6,FFCE,2,-2,9,-3,10,2,1,-10,-50,5,8,16,10,100
2838,F9,0A,06,00,FE,01,09,04,FFAC,-7,10,6,0,-2,1,9,4,-84,-6,8,16,10,100
2839,03,0A,FA,F7,F9,00,08,FA,0011,3,10,-6,-9,-7,0,8,-6,17,2,8,16,10,100
2840,09,FA,FB,03,01,08,F9,FC,FFED,9,-6,-5,3,1,8,-7,-4,-19,-35,8,16,10,100
2841,F8,F9,05,05,08,0A,03,FD,FFAF,-8,-7,5,5,8,10,3,-3,-81,-215,8,16,10,100
2842,01,FA,F6,F6,00,00,F8,09,FFE0,1,-6,-10,-10,0,0,-8,9,-32,-42,8,16,10,100
2843,FF,FD,F8,FB,0A,FE,F7,01,FFCB,-1,-3,-8,-5,10,-2,-9,1,-53,10,8,16,10,100
2844,07,F6,09,06,05,F8,FB,F6,0021,7,-10,9,6,5,-8,-5,-10,33,43,8,16,10,100
2845,06,F7,FE,F8,F9,FE,09,0A,FFE0,6,-9,-2,-8,-7,-2,9,10,-32,-154,8,16,10,100
2846,07,F8,0A,F9,F9,04,FA,FA,0045,7,-8,10,-7,-7,4,-6,-6,69,-30,8,16,10,100
2847,02,09,FC,FF,00,06,FC,07,0060,2,9,-4,-1,0,6,-4,7,96,159,8,16,10,100
2848,FF,F6,FA,0A,F6,01,05,F7,FFB1,-1,-10,-6,10,-10,1,5,-9,-79,-199,8,16,10,100
2849,FF,FC,FF,FF,07,FA,00,FE,0044,-1,-4,-1,-1,7,-6,0,-2,68,87,8,16,10,100
2850,FF,02,F7,F9,07,01,FB,FB,FFB6,-1,2,-9,-7,7,1,-5,-5,-74,1,8,16,10,100
2851,FC,04,FD,05,05,07,03,F6,0023,-4,4,-3,5,5,7,3,-10,35,-16,8,16,10,100
2852,08,FB,07,0A,F9,F8,03,FF,0002,8,-5,7,10,-7,-8,3,-1,2,-3,8,16,10,100
2853,01,04,07,02,FC,FF,07,00,0009,1,4,7,2,-4,-1,7,0,9,50,8,16,10,100
2854,05,06,FA,FB,08,F8,06,03,000A,5,6,-6,-5,8,-8,6,3,10,-49,8,16,10,100
2855,F9,02,05,08,F6,05,FA,FF,000C,-7,2,5,8,-10,5,-6,-1,12,54,8,16,10,100
2856,09,F6,09,03,0A,09,00,FC,0045,9,-10,9,3,10,9,0,-4,69,57,8,16,10,100
2857,FC,F7,F6,08,03,FF,FC,03,FFF8,-4,-9,-10,8,3,-1,-4,3,-8,53,8,16,10,100
2858,03,09,00,F7,F9,0A,FA,FB,FFE6,3,9,0,-9,-7,10,-6,-5,-26,88,8,16,10,100
2859,02,06,F9,00,F7,F8,03,02,001B,2,6,-7,0,-9,-8,3,2,27,-60,8,16,10,100
2860,F6,F8,FF,FE,06,FE,00,00,FFFA,-10,-8,-1,-2,6,-2,0,0,-6,-50,8,16,10,100
2861,F8,01,04,05,07,F6,FE,00,FFD3,-8,1,4,5,7,-10,-2,0,-45,-119,8,16,10,100
2862,04,03,05,FA,04,09,F7,FB,FFB0,4,3,5,-6,4,9,-9,-5,-80,-52,8,16,10,100
2863,FA,F9,FC,01,FD,FC,08,FD,FFC1,-6,-7,-4,1,-3,-4,8,-3,-63,-52,8,16,10,100
2864,FC,FA,FA,F8,F9,FE,0A,FB,FFBA,-4,-6,-6,-8,-7,-2,10,-5,-70,-50,8,16,10,100
2865,F8,09,FC,FE,08,FA,F6,FA,0033,-8,9,-4,-2,8,-6,-10,-6,51,-15,8,16,10,100
2866,09,04,01,00,03,07,03,06,FFD4,9,4,1,0,3,7,3,6,-44,14,8,16,10,100
2867,07,00,F9,F6,00,F9,F7,F9,FFB5,7,0,-7,-10,0,-7,-9,-7,-75,58,8,16,10,100
2868,0A,FC,F8,09,01,02,02,F9,005E,10,-4,-8,9,1,2,2,-7,94,17,8,16,10,100
2869,F8,00,F7,06,08,06,0A,06,0015,-8,0,-9,6,8,6,10,6,21,-97,8,16,10,100
2870,FD,09,FF,08,F6,FC,04,FA,FFCC,-3,9,-1,8,-10,-4,4,-6,-52,-110,8,16,10,100
2871,FC,FD,00,09,FD,02,FE,04,0049,-4,-3,0,9,-3,2,-2,4,73,115,8,16,10,100
2872,03,FA,F6,FC,09,FA,F7,FB,003F,3,-6,-10,-4,9,-6,-9,-5,63,236,8,16,10,100
2873,08,0A,02,01,04,02,04,07,003A,8,10,2,1,4,2,4,7,58,125,8,16,10,100
2874,F8,FE,07,FE,FC,0A,05,F9,0055,-8,-2,7,-2,-4,10,5,-7,85,146,8,16,10,100
2875,01,03,FE,FC,FF,FF,FD,FB,0030,1,3,-2,-4,-1,-1,-3,-5,48,70,8,16,10,100
2876,08,FC,FF,FD,FA,F6,01,03,0061,8,-4,-1,-3,-6,-10,1,3,97,79,8,16,10,100
2877,07,03,00,FC,FE,03,05,03,0012,7,3,0,-4,-2,3,5,3,18,1,8,16,10,100
2878,FC,08,0A,FB,06,04,FD,05,FFE6,-4,8,10,-5,6,4,-3,5,-26,-73,8,16,10,100
2879,0A,FC,FB,02,02,FE,F7,03,000C,10,-4,-5,2,2,-2,-9,3,12,91,8,16,10,100
2880,F8,09,FE,01,FA,09,04,FC,FFE1,-8,9,-2,1,-6,9,4,-4,-31,86,8,16,10,100
2881,03,FA,06,F7,05,F9,02,01,0010,3,-6,6,-9,5,-7,2,1,16,76,8,16,10,100
2882,FD,F6,F7,F6,FA,F7,08,FB,005F,-3,-10,-9,-10,-6,-9,8,-5,95,181,8,16,10,100
2883,04,FA,02,00,0A,05,F9,FC,FFFB,4,-6,2,0,10,5,-7,-4,-5,-9,8,16,10,100
2884,04,06,FD,FD,05,04,00,FA,FFF5,4,6,-3,-3,5,4,0,-6,-11,51,8,16,10,100
2885,09,05,09,F8,FA,09,07,01,FFEE,9,5,9,-8,-6,9,7,1,-18,28,8,16,10,100
2886,04,07,F6,FB,FC,F8,08,FC,001D,4,7,-10,-5,-4,-8,8,-4,29,-103,8,16,10,100
2887,01,00,05,07,05,FF,FD,02,FFB9,1,0,5,7,5,-1,-3,2,-71,-67,8,16,10,100
2888,FD,FF,03,0A,08,FD,FE,FD,0009,-3,-1,3,10,8,-3,-2,-3,9,-48,8,16,10,100
2889,FF,FF,0A,04,06,FD,04,02,005A,-1,-1,10,4,6,-3,4,2,90,135,8,16,10,100
2890,FD,FB,03,01,FC,F9,03,00,000D,-3,-5,3,1,-4,-7,3,0,13,69,8,16,10,100
2891,06,07,FF,0A,02,FA,F7,FD,0051,6,7,-1,10,2,-6,-9,-3,81,30,8,16,10,100
2892,05,F9,0A,F7,FF,06,F6,FD,0034,5,-7,10,-9,-1,6,-10,-3,52,-68,8,16,10,100
2893,FF,07,06,05,FD,02,07,FF,FFA2,-1,7,6,5,-3,2,7,-1,-94,-40,8,16,10,100
2894,04,FE,04,FC,FC,F7,04,03,002B,4,-2,4,-4,-4,-9,4,3,43,49,8,16,10,100
2895,02,FC,FF,05,FA,F9,02,F8,FFFD,2,-4,-1,5,-6,-7,2,-8,-3,-29,8,16,10,100
2896,07,09,03,06,06,FC,02,02,002F,7,9,3,6,6,-4,2,2,47,71,8,16,10,100
2897,06,05,02,08,FF,04,FF,05,FF9D,6,5,2,8,-1,4,-1,5,-99,-47,8,16,10,100
2898,FC,05,04,F9,FD,F9,00,05,FFCB,-4,5,4,-7,-3,-7,0,5,-53,-111,8,16,10,100
2899,F6,04,09,FB,05,05,FD,FD,FFD4,-10,4,9,-5,5,5,-3,-3,-44,-86,8,16,10,100
2900,FE,07,F8,FA,07,07,F9,F8,0006,-2,7,-8,-6,7,7,-7,-8,6,145,8,16,10,100
2901,FF,F7,06,F6,04,03,F6,FB,FFC9,-1,-9,6,-10,4,3,-10,-5,-55,-96,8,16,10,100
2902,02,FD,FB,FA,F8,00,FA,08,FFB5,2,-3,-5,-6,-8,0,-6,8,-75,-109,8,16,10,100
2903,F7,FA,F9,03,F8,FF,00,F6,FFC3,-9,-6,-7,3,-8,-1,0,-10,-61,-13,8,16,10,100
2904,06,07,FC,01,04,06,FF,00,FFF2,6,7,-4,1,4,6,-1,0,-14,56,8,16,10,100
2905,05,03,FE,FF,07,FC,F8,F8,002D,5,3,-2,-1,7,-4,-8,-8,45,92,8,16,10,100
2906,09,F9,03,02,03,FF,02,F7,FFC1,9,-7,3,2,3,-1,2,-9,-63,-41,8,16,10,100
2907,03,F7,FA,FD,0A,FA,00,02,FFC2,3,-9,-6,-3,10,-6,0,2,-62,16,8,16,10,100
2908,02,07,F9,FF,FD,FA,01,00,FFED,2,7,-7,-1,-3,-6,1,0,-19,-74,8,16,10,100
2909,00,02,01,F6,01,00,FD,06,0005,0,2,1,-10,1,0,-3,6,5,-58,8,16,10,100
2910,0A,F6,F8,06,FE,FE,04,FF,FFC5,10,-10,-8,6,-2,-2,4,-1,-59,-97,8,16,10,100
2911,0A,FF,09,FB,0A,04,F7,F7,0017,10,-1,9,-5,10,4,-9,-9,23,83,8,16,10,100
2912,01,00,F8,09,09,02,04,FA,FFE3,1,0,-8,9,9,2,4,-6,-29,-106,8,16,10,100
2913,08,03,F6,0A,FA,FE,06,FC,0030,8,3,-10,10,-6,-2,6,-4,48,-106,8,16,10,100
2914,FB,07,FB,FE,FA,08,03,F6,FFD1,-5,7,-5,-2,-6,8,3,-10,-47,44,8,16,10,100
2915,09,F6,05,07,05,0A,FC,06,0052,9,-10,5,7,5,10,-4,6,82,49,8,16,10,100
2916,03,F9,02,0A,FF,F9,FF,FC,0003,3,-7,2,10,-1,-7,-1,-4,3,7,8,16,10,100
2917,FC,FB,FA,F6,F7,02,FE,09,003E,-4,-5,-6,-10,-9,2,-2,9,62,10,8,16,10,100
2918,07,FA,FF,07,02,F7,FB,04,003B,7,-6,-1,7,2,-9,-5,4,59,160,8,16,10,100
2919,F8,FB,03,03,06,03,FA,01,FFB4,-8,-5,3,3,6,3,-6,1,-76,-154,8,16,10,100
2920,F6,06,01,07,F8,F6,04,07,0047,-10,6,1,7,-8,-10,4,7,71,144,8,16,10,100
2921,F6,FB,02,F8,F7,07,00,02,0027,-10,-5,2,-8,-9,7,0,2,39,78,8,16,10,100
2922,09,FD,03,F8,03,FF,05,05,FFCE,9,-3,3,-8,3,-1,5,5,-50,-45,8,16,10,100
2923,03,02,05,FB,00,F8,0A,03,FFC7,3,2,5,-5,0,-8,10,3,-57,-38,8,16,10,100
2924,FE,FD,02,05,00,09,07,F7,004A,-2,-3,2,5,0,9,7,-9,74,16,8,16,10,100
2925,F6,07,09,FE,08,FE,06,F6,003C,-10,7,9,-2,8,-2,6,-10,60,40,8,16,10,100
2926,07,0A,FF,F6,F9,F6,00,07,FFB7,7,10,-1,-10,-7,-10,0,7,-73,-292,8,16,10,100
2927,F7,FF,01,01,FA,09,01,FF,0039,-9,-1,1,1,-6,9,1,-1,57,102,8,16,10,100
2928,04,F8,02,F9,FA,06,F8,FB,004F,4,-8,2,-7,-6,6,-8,-5,79,26,8,16,10,100
2929,F6,FD,01,06,FD,09,FA,07,003F,-10,-3,1,6,-3,9,-6,7,63,102,8,16,10,100
2930,07,FC,F8,F9,01,09,F9,05,0026,7,-4,-8,-7,1,9,-7,5,38,30,8,16,10,100
2931,04,F7,FC,FE,05,FA,F9,06,FFB3,4,-9,-4,-2,5,-6,-7,6,-77,13,8,16,10,100
2932,01,F7,FA,F9,FF,FD,09,03,FFBF,1,-9,-6,-7,-1,-3,9,3,-65,-114,8,16,10,100
2933,F9,F7,03,04,0A,FA,FC,F7,0059,-7,-9,3,4,10,-6,-4,-9,89,25,8,16,10,100
2934,04,FC,08,FA,08,08,FE,04,0033,4,-4,8,-6,8,8,-2,4,51,11,8,16,10,100
2935,02,09,FB,05,07,03,04,0A,FFFC,2,9,-5,5,7,3,4,10,-4,67,8,16,10,100
2936,08,08,0A,04,00,F7,FA,0A,000B,8,8,10,4,0,-9,-6,10,11,-81,8,16,10,100
2937,FB,F9,02,F8,04,06,F8,F9,FFF7,-5,-7,2,-8,4,6,-8,-7,-9,-31,8,16,10,100
2938,F6,FB,05,00,04,03,0A,FA,0044,-10,-5,5,0,4,3,10,-6,68,63,8,16,10,100
2939,01,F8,F7,FC,00,04,F7,FF,000B,1,-8,-9,-4,0,4,-9,-1,11,64,8,16,10,100
2940,F7,FF,03,FD,08,02,0A,06,FF9E,-9,-1,3,-3,8,2,10,6,-98,-160,8,16,10,100
2941,0A,FD,FB,05,F7,FE,03,F7,FFD8,10,-3,-5,5,-9,-2,3,-9,-40,-184,8,16,10,100
2942,00,08,FE,08,FB,FA,FA,04,005F,0,8,-2,8,-5,-6,-6,4,95,91,8,16,10,100
2943,06,FB,05,02,03,02,FD,09,FFAE,6,-5,5,2,3,2,-3,9,-82,-71,8,16,10,100
2944,F8,FC,01,03,04,F6,F8,F8,FFF4,-8,-4,1,3,4,-10,-8,-8,-12,-36,8,16,10,100
2945,07,01,0A,FA,F6,F7,F8,FD,0049,7,1,10,-6,-10,-9,-8,-3,73,-68,8,16,10,100
2946,04,FE,0A,05,07,00,05,FD,FFF7,4,-2,10,5,7,0,5,-3,-9,54,8,16,10,100
2947,00,08,01,FC,F7,F9,08,03,005F,0,8,1,-4,-9,-7,8,3,95,35,8,16,10,100
2948,F8,03,08,0A,FC,09,05,03,0053,-8,3,8,10,-4,9,5,3,83,212,8,16,10,100
2949,02,F6,FD,FF,F9,00,FA,F6,FFB5,2,-10,-3,-1,-7,0,-6,-10,-75,-61,8,16,10,100
2950,06,03,F6,0A,06,03,FF,FF,0005,6,3,-10,10,6,3,-1,-1,5,50,8,16,10,100
2951,FF,03,0A,09,07,F7,0A,F6,000D,-1,3,10,9,7,-9,10,-10,13,-11,8,16,10,100
2952,03,FC,00,01,07,05,00,FF,0029,3,-4,0,1,7,5,0,-1,41,41,8,16,10,100
2953,F6,07,FB,00,F9,01,F9,09,FFCC,-10,7,-5,0,-7,1,-7,9,-52,60,8,16,10,100
2954,08,F6,05,09,03,08,09,F8,FFEE,8,-10,5,9,3,8,9,-8,-18,-101,8,16,10,100
2955,F8,FE,02,03,FC,02,FF,FE,000A,-8,-2,2,3,-4,2,-1,-2,10,30,8,16,10,100
2956,F6,09,03,FC,03,05,00,01,FFB8,-10,9,3,-4,3,5,0,1,-72,-61,8,16,10,100
2957,F7,F7,FD,F6,07,08,FC,01,FFD8,-9,-9,-3,-10,7,8,-4,1,-40,-173,8,16,10,100
2958,04,05,F6,FC,07,00,FE,F6,0063,4,5,-10,-4,7,0,-2,-10,99,187,8,16,10,100
2959,09,FA,FE,FF,F8,00,04,FB,0052,9,-6,-2,-1,-8,0,4,-5,82,7,8,16,10,100
2960,F8,F7,01,FF,07,F6,01,FB,FFF9,-8,-9,1,-1,7,-10,1,-5,-7,33,8,16,10,100
2961,FF,08,06,FE,FE,00,F7,F6,FFAD,-1,8,6,-2,-2,0,-9,-10,-83,-115,8,16,10,100
2962,07,FA,03,FB,08,FB,F9,05,FFC1,7,-6,3,-5,8,-5,-7,5,-63,-23,8,16,10,100
2963,FC,09,05,FA,F6,FD,FA,0A,0033,-4,9,5,-6,-10,-3,-6,10,51,-26,8,16,10,100
2964,00,FA,08,03,07,FE,03,FF,FFD4,0,-6,8,3,7,-2,3,-1,-44,-11,8,16,10,100
2965,F9,05,FD,03,08,09,06,FA,FFE2,-7,5,-3,3,8,9,6,-6,-30,-77,8,16,10,100
2966,F7,FC,00,05,FC,FB,03,FC,FFAA,-9,-4,0,5,-4,-5,3,-4,-86,-50,8,16,10,100
2967,FD,F6,F9,FA,07,F8,F9,FF,FFFD,-3,-10,-7,-6,7,-8,-7,-1,-3,111,8,16,10,100
2968,07,FD,03,FD,06,F7,F7,FC,FFB9,7,-3,3,-3,6,-9,-9,-4,-71,-17,8,16,10,100
2969,05,0A,F9,0A,02,0A,06,FB,0006,5,10,-7,10,2,10,6,-5,6,24,8,16,10,100
2970,09,04,00,01,09,09,F9,FB,0057,9,4,0,1,9,9,-7,-5,87,199,8,16,10,100
2971,F9,07,07,FE,02,F7,0A,FC,FFFF,-7,7,7,-2,2,-9,10,-4,-1,0,8,16,10,100
2972,F7,F9,05,FA,FD,F6,0A,09,FFC9,-9,-7,5,-6,-3,-10,10,9,-55,38,8,16,10,100
2973,05,05,00,08,01,F6,F9,FF,FFD0,5,5,0,8,1,-10,-7,-1,-48,-101,8,16,10,100
2974,FC,00,00,08,01,07,09,09,0029,-4,0,0,8,1,7,9,9,41,109,8,16,10,100
2975,07,06,02,FE,FD,FD,FA,FB,0004,7,6,2,-2,-3,-3,-6,-5,4,-37,8,16,10,100
2976,03,F7,FA,02,08,0A,F8,05,FF9F,3,-9,-6,2,8,10,-8,5,-97,-105,8,16,10,100
2977,01,09,02,01,F6,FD,F9,07,FFE6,1,9,2,1,-10,-3,-7,7,-26,-70,8,16,10,100
2978,05,08,F8,01,F7,F6,02,05,0026,5,8,-8,1,-9,-10,2,5,38,-98,8,16,10,100
2979,FD,FC,00,FF,FD,F8,FD,00,FFE8,-3,-4,0,-1,-3,-8,-3,0,-24,17,8,16,10,100
2980,06,02,FF,FB,F8,FF,02,FF,0007,6,2,-1,-5,-8,-1,2,-1,7,-40,8,16,10,100
2981,05,FD,02,F6,05,FE,F7,0A,FFFD,5,-3,2,-10,5,-2,-9,10,-3,-90,8,16,10,100
2982,06,FB,F6,06,09,FB,F8,F6,0030,6,-5,-10,6,9,-5,-8,-10,48,147,8,16,10,100
2983,FF,F9,03,01,07,FC,09,FB,0015,-1,-7,3,1,7,-4,9,-5,21,64,8,16,10,100
2984,09,F6,09,F6,08,09,05,0A,0007,9,-10,9,-10,8,9,5,10,7,-66,8,16,10,100
2985,FE,06,FE,F6,F7,01,FF,07,001E,-2,6,-2,-10,-9,1,-1,7,30,-14,8,16,10,100
2986,FC,01,08,01,03,FE,FA,FE,000B,-4,1,8,1,3,-2,-6,-2,11,-53,8,16,10,100
2987,01,06,08,F6,01,FD,FD,0A,0008,1,6,8,-10,1,-3,-3,10,8,-133,8,16,10,100
2988,FB,0A,FB,FF,04,FE,FF,09,004B,-5,10,-5,-1,4,-2,-1,9,75,31,8,16,10,100
2989,FB,FF,08,FB,FD,01,0A,FE,FFC4,-5,-1,8,-5,-3,1,10,-2,-60,44,8,16,10,100
2990,0A,F6,04,FD,06,06,02,08,FFB1,10,-10,4,-3,6,6,2,8,-79,-95,8,16,10,100
2991,07,03,06,09,FC,07,FC,05,0058,7,3,6,9,-4,7,-4,5,88,102,8,16,10,100
2992,F9,FE,FD,03,08,02,07,FA,FFB3,-7,-2,-3,3,8,2,7,-6,-77,-176,8,16,10,100
2993,FB,FF,04,05,F8,F8,0A,07,003D,-5,-1,4,5,-8,-8,10,7,61,184,8,16,10,100
2994,FF,09,05,F8,F6,01,FB,08,FFAE,-1,9,5,-8,-10,1,-5,8,-82,-152,8,16,10,100
2995,07,0A,05,FF,04,07,02,00,0037,7,10,5,-1,4,7,2,0,55,163,8,16,10,100
2996,F7,05,FF,06,05,01,00,F9,FFA4,-9,5,-1,6,5,1,0,-7,-92,-174,8,16,10,100
2997,0A,F8,F9,0A,F7,FC,02,0A,FFA7,10,-8,-7,10,-9,-4,2,10,-89,-61,8,16,10,100
2998,08,03,09,FB,0A,09,02,09,005C,8,3,9,-5,10,9,2,9,92,172,8,16,10,100
2999,06,04,FC,09,FE,0A,09,01,FFBD,6,4,-4,9,-2,10,9,1,-67,-66,8,16,10,100
3000,01,FE,F9,00,00,07,05,06,FFBB,1,-2,-7,0,0,7,5,6,-69,-118,8,16,10,100
3001,FE,FB,06,F8,08,00,F9,04,0000,-2,-5,6,-8,8,0,-7,4,0,-90,8,16,10,100
3002,FD,00,07,FF,05,FA,F7,02,000B,-3,0,7,-1,5,-6,-9,2,11,-69,8,16,10,100
3003,00,09,06,02,08,FA,05,0A,003C,0,9,6,2,8,-6,5,10,60,56,8,16,10,100
3004,06,F8,F6,08,FA,08,01,06,003C,6,-8,-10,8,-6,8,1,6,60,-2,8,16,10,100
3005,04,FD,06,02,09,FE,FE,09,0060,4,-3,6,2,9,-2,-2,9,96,144,8,16,10,100
3006,FC,02,00,08,08,FA,FF,FF,0041,-4,2,0,8,8,-6,-1,-1,65,13,8,16,10,100
3007,07,FF,FA,01,FD,FC,09,01,FF9E,7,-1,-6,1,-3,-4,9,1,-98,-168,8,16,10,100
3008,F8,FB,F6,FB,FE,02,F7,FE,0027,-8,-5,-10,-5,-2,2,-9,-2,39,145,8,16,10,100
3009,F6,F9,09,F8,09,FB,FE,08,004C,-10,-7,9,-8,9,-5,-2,8,76,-61,8,16,10,100
3010,09,FA,FB,F7,03,F8,F7,FA,0050,9,-6,-5,-9,3,-8,-9,-6,80,254,8,16,10,100
3011,FA,0A,07,F9,FB,08,FF,05,FF9C,-6,10,7,-7,-5,8,-1,5,-100,-32,8,16,10,100
3012,F7,08,FE,0A,03,F6,06,08,0044,-9,8,-2,10,3,-10,6,8,68,29,8,16,10,100
3013,F8,09,FE,06,F8,05,0A,FA,FFBD,-8,9,-2,6,-8,5,10,-6,-67,-14,8,16,10,100
3014,F9,F7,03,FF,F6,06,F9,0A,002E,-7,-9,3,-1,-10,6,-7,10,46,31,8,16,10,100
3015,FB,09,FA,F7,01,FE,01,F9,FFD9,-5,9,-6,-9,1,-2,1,-7,-39,-5,8,16,10,100
3016,03,02,03,F7,02,02,FD,F7,004C,3,2,3,-9,2,2,-3,-9,76,158,8,16,10,100
3017,08,05,F7,0A,F6,04,FC,06,0022,8,5,-9,10,-10,4,-4,6,34,70,8,16,10,100
3018,00,FA,F6,F6,05,01,FF,FE,FFFD,0,-6,-10,-10,5,1,-1,-2,-3,21,8,16,10,100
3019,F7,04,FB,FF,F7,02,01,F6,0027,-9,4,-5,-1,-9,2,1,-10,39,133,8,16,10,100
3020,FF,F6,03,FF,09,06,FA,FE,0013,-1,-10,3,-1,9,6,-6,-2,19,-66,8,16,10,100
3021,07,08,FD,01,F9,F6,F9,07,FFF8,7,8,-3,1,-7,-10,-7,7,-8,-109,8,16,10,100
3022,06,05,00,FA,F9,01,00,FB,005C,6,5,0,-6,-7,1,0,-5,92,85,8,16,10,100
3023,00,F8,F7,06,FB,08,FC,FD,0064,0,-8,-9,6,-5,8,-4,-3,100,54,8,16,10,100
3024,07,FB,FA,04,FD,06,08,07,FFFC,7,-5,-6,4,-3,6,8,7,-4,-75,8,16,10,100
3025,F7,F9,FB,07,08,07,07,05,FFA3,-9,-7,-5,7,8,7,7,5,-93,-214,8,16,10,100
3026,F7,F6,09,02,07,FA,07,05,000B,-9,-10,9,2,7,-6,7,5,11,81,8,16,10,100
3027,0A,01,FE,FC,07,06,FC,09,FFE5,10,1,-2,-4,7,6,-4,9,-27,21,8,16,10,100
3028,F8,F7,00,06,09,03,04,06,FFA7,-8,-9,0,6,9,3,4,6,-89,-152,8,16,10,100
3029,0A,03,FF,FC,01,FB,02,F6,FFFB,10,3,-1,-4,1,-5,2,-10,-5,28,8,16,10,100
3030,09,00,F9,03,00,F7,F6,07,0019,9,0,-7,3,0,-9,-10,7,25,116,8,16,10,100
3031,FA,0A,FA,FD,08,FB,FD,F6,0032,-6,10,-6,-3,8,-5,-3,-10,50,0,8,16,10,100
3032,FD,F9,FC,07,01,00,09,07,0064,-3,-7,-4,7,1,0,9,7,100,110,8,16,10,100
3033,08,F9,FC,0A,F7,FB,02,03,FFE8,8,-7,-4,10,-9,-5,2,3,-24,-39,8,16,10,100
3034,FB,01,F6,04,FE,05,FC,05,0008,-5,1,-10,4,-2,5,-4,5,8,83,8,16,10,100
3035,00,FF,F7,F8,FC,04,F7,02,002B,0,-1,-9,-8,-4,4,-9,2,43,104,8,16,10,100
3036,00,08,FF,00,FB,06,F6,0A,0019,0,8,-1,0,-5,6,-10,10,25,83,8,16,10,100
3037,FC,FB,01,01,FB,04,F8,04,0054,-4,-5,1,1,-5,4,-8,4,84,80,8,16,10,100
3038,0A,03,01,FB,F6,05,04,0A,FFD6,10,3,1,-5,-10,5,4,10,-42,-173,8,16,10,100
3039,FC,01,01,07,FD,02,FB,06,FFE9,-4,1,1,7,-3,2,-5,6,-23,28,8,16,10,100
3040,05,0A,FD,FA,07,00,0A,05,FFEE,5,10,-3,-6,7,0,10,5,-18,-43,8,16,10,100
3041,FC,06,FC,09,F6,05,0A,F8,0038,-4,6,-4,9,-10,5,10,-8,56,14,8,16,10,100
3042,03,04,05,FD,FC,02,06,09,0014,3,4,5,-3,-4,2,6,9,20,19,8,16,10,100
3043,FF,F8,02,FD,FB,FF,FB,00,0011,-1,-8,2,-3,-5,-1,-5,0,17,20,8,16,10,100
3044,F6,FB,00,FC,0A,FC,07,FC,FFE1,-10,-5,0,-4,10,-4,7,-4,-31,-95,8,16,10,100
3045,09,FB,09,FA,F8,FF,08,07,005C,9,-5,9,-6,-8,-1,8,7,92,55,8,16,10,100
3046,03,09,09,F8,FB,F7,05,FE,FFF2,3,9,9,-8,-5,-9,5,-2,-14,-49,8,16,10,100
3047,F8,01,FB,F7,05,FF,FA,FB,0021,-8,1,-5,-9,5,-1,-6,-5,33,67,8,16,10,100
3048,FF,00,FF,06,08,F8,FF,FA,0008,-1,0,-1,6,8,-8,-1,-6,8,-35,8,16,10,100
3049,06,F7,FA,00,08,FD,08,F7,0020,6,-9,-6,0,8,-3,8,-9,32,59,8,16,10,100
3050,07,FF,FD,F6,FB,00,01,F9,0031,7,-1,-3,-10,-5,0,1,-7,49,81,8,16,10,100
3051,00,F6,03,07,09,04,0A,0A,FFD5,0,-10,3,7,9,4,10,10,-43,17,8,16,10,100
3052,FD,01,08,03,FA,08,FA,06,FFAF,-3,1,8,3,-6,8,-6,6,-81,-85,8,16,10,100
3053,07,FB,FA,0A,FC,09,FC,F8,FFE0,7,-5,-6,10,-4,9,-4,-8,-32,-161,8,16,10,100
3054,00,F6,FA,FC,FA,FE,F9,03,FFD3,0,-10,-6,-4,-6,-2,-7,3,-45,5,8,16,10,100
3055,08,FC,F7,0A,08,F9,09,01,0023,8,-4,-9,10,8,-7,9,1,35,56,8,16,10,100
3056,05,00,07,FB,07,FE,F8,07,005E,5,0,7,-5,7,-2,-8,7,94,38,8,16,10,100
3057,01,0A,02,FB,04,06,FF,F9,0039,1,10,2,-5,4,6,-1,-7,57,154,8,16,10,100
3058,02,F9,FE,F8,05,FD,F6,09,FFAB,2,-7,-2,-8,5,-3,-10,9,-85,-106,8,16,10,100
3059,F6,FF,FE,F9,09,09,03,F9,FFEF,-10,-1,-2,-7,9,9,3,-7,-17,-73,8,16,10,100
3060,02,FC,FD,FE,04,03,00,FC,0028,2,-4,-3,-2,4,3,0,-4,40,44,8,16,10,100
3061,00,FA,F8,03,02,08,FD,F9,FFC0,0,-6,-8,3,2,8,-3,-7,-64,-109,8,16,10,100
3062,F7,02,FE,FD,FE,F6,F8,F7,FFDA,-9,2,-2,-3,-2,-10,-8,-9,-38,3,8,16,10,100
3063,02,03,FC,04,06,02,FF,FE,FFBE,2,3,-4,4,6,2,-1,-2,-66,-52,8,16,10,100
3064,F6,08,FD,07,FC,01,F7,00,0005,-10,8,-3,7,-4,1,-9,0,5,80,8,16,10,100
3065,0A,FD,FE,FD,0A,FC,04,04,0004,10,-3,-2,-3,10,-4,4,4,4,96,8,16,10,100
3066,05,09,01,FB,03,FE,FD,03,FFA2,5,9,1,-5,3,-2,-3,3,-94,-115,8,16,10,100
3067,02,02,01,FF,FA,FF,F8,F6,0053,2,2,1,-1,-6,-1,-8,-10,83,71,8,16,10,100
3068,08,FD,07,03,FC,FF,FE,04,FFE1,8,-3,7,3,-4,-1,-2,4,-31,-62,8,16,10,100
3069,03,FE,05,09,FC,F9,0A,09,FFB7,3,-2,5,9,-4,-7,10,9,-73,60,8,16,10,100
3070,08,05,03,06,08,07,F8,02,FFEB,8,5,3,6,8,7,-8,2,-21,66,8,16,10,100
3071,F9,FB,03,04,F9,0A,F9,FA,0063,-7,-5,3,4,-7,10,-7,-6,99,53,8,16,10,100
3072,03,FC,0A,07,FF,08,03,09,FFB9,3,-4,10,7,-1,8,3,9,-71,-13,8,16,10,100
3073,F6,04,FB,08,05,02,FE,FE,FF9C,-10,4,-5,8,5,2,-2,-2,-100,-148,8,16,10,100
3074,00,F9,0A,01,FC,04,FF,09,FFF0,0,-7,10,1,-4,4,-1,9,-16,-45,8,16,10,100
3075,08,F9,0A,03,09,06,09,FB,FFDE,8,-7,10,3,9,6,9,-5,-34,71,8,16,10,100
3076,FD,FA,08,FB,09,FB,0A,01,000C,-3,-6,8,-5,9,-5,10,1,12,90,8,16,10,100
3077,FD,02,01,FE,FB,04,F8,FA,FFF8,-3,2,1,-2,-5,4,-8,-6,-8,19,8,16,10,100
3078,FC,07,03,05,00,01,05,01,FFFC,-4,7,3,5,0,1,5,1,-4,23,8,16,10,100
3079,05,09,FB,04,FE,FF,02,06,005C,5,9,-5,4,-2,-1,2,6,92,87,8,16,10,100
3080,FF,08,FC,04,FD,07,07,04,0060,-1,8,-4,4,-3,7,7,4,96,143,8,16,10,100
3081,FF,F7,FE,08,F9,06,09,09,FFDE,-1,-9,-2,8,-7,6,9,9,-34,-27,8,16,10,100
3082,02,F7,FA,FB,F6,02,05,06,FFBB,2,-9,-6,-5,-10,2,5,6,-69,-167,8,16,10,100
3083,05,05,FC,07,01,F7,F8,05,003D,5,5,-4,7,1,-9,-8,5,61,88,8,16,10,100
3084,F6,FD,FD,08,09,FC,F8,0A,003E,-10,-3,-3,8,9,-4,-8,10,62,88,8,16,10,100
3085,F9,09,F9,FF,01,F9,07,05,002D,-7,9,-7,-1,1,-7,7,5,45,-79,8,16,10,100
3086,FB,F7,07,FD,07,FF,06,FF,0043,-5,-9,7,-3,7,-1,6,-1,67,86,8,16,10,100
3087,FC,08,05,FB,F7,00,F8,02,0059,-4,8,5,-5,-9,0,-8,2,89,75,8,16,10,100
3088,0A,F9,04,05,0A,FA,F9,04,004F,10,-7,4,5,10,-6,-7,4,79,213,8,16,10,100
3089,F8,02,FD,04,F9,FE,04,07,003B,-8,2,-3,4,-7,-2,4,7,59,127,8,16,10,100
3090,02,01,05,FE,FD,FC,FE,FE,FFCF,2,1,5,-2,-3,-4,-2,-2,-49,-65,8,16,10,100
3091,01,F7,00,01,07,07,FD,05,FFFD,1,-9,0,1,7,7,-3,5,-3,-54,8,16,10,100
3092,F8,04,01,F8,02,07,FD,FF,002E,-8,4,1,-8,2,7,-3,-1,46,63,8,16,10,100
3093,F6,06,00,08,02,04,08,06,0062,-10,6,0,8,2,4,8,6,98,150,8,16,10,100
3094,01,09,F8,06,06,F9,07,00,0027,1,9,-8,6,6,-7,7,0,39,-74,8,16,10,100
3095,F8,0A,02,04,FA,06,01,F8,FFDD,-8,10,2,4,-6,6,1,-8,-35,43,8,16,10,100
3096,09,02,F8,FA,F8,F7,FA,FB,002B,9,2,-8,-6,-8,-9,-6,-5,43,31,8,16,10,100
3097,00,01,04,FA,01,08,08,F6,002E,0,1,4,-6,1,8,8,-10,46,146,8,16,10,100
3098,0A,06,02,04,FE,01,08,F7,FFFA,10,6,2,4,-2,1,8,-9,-6,-40,8,16,10,100
3099,04,F7,08,F8,FC,06,FC,06,0063,4,-9,8,-8,-4,6,-4,6,99,-51,8,16,10,100
3100,03,FB,F8,F7,00,01,0A,07,FF9F,3,-5,-8,-9,0,1,10,7,-97,-245,8,16,10,100
3101,FD,04,01,08,F6,F6,FD,FD,FFE6,-3,4,1,8,-10,-10,-3,-3,-26,-63,8,16,10,100
3102,01,F8,03,02,0A,FF,FB,04,FFBB,1,-8,3,2,10,-1,-5,4,-69,-58,8,16,10,100
3103,F8,F8,F6,00,09,05,06,08,0036,-8,-8,-10,0,9,5,6,8,54,-118,8,16,10,100
3104,F9,01,FA,08,FE,07,03,FF,FFFE,-7,1,-6,8,-2,7,3,-1,-2,-7,8,16,10,100
3105,05,01,F6,06,FB,F9,F9,F8,0036,5,1,-10,6,-5,-7,-7,-8,54,44,8,16,10,100
3106,F6,03,FE,04,F6,F7,FC,04,0043,-10,3,-2,4,-10,-9,-4,4,67,164,8,16,10,100
3107,08,09,00,FC,03,FB,FE,02,FFAF,8,9,0,-4,3,-5,-2,2,-81,-110,8,16,10,100
3108,F8,04,FC,01,05,03,F9,01,FFE1,-8,4,-4,1,5,3,-7,1,-31,-30,8,16,10,100
3109,05,09,FF,06,02,04,FB,F8,0028,5,9,-1,6,2,4,-5,-8,40,43,8,16,10,100
3110,02,02,09,FA,06,08,FC,06,0001,2,2,9,-6,6,8,-4,6,1,-43,8,16,10,100
3111,F6,F7,FC,F6,06,07,09,08,0040,-10,-9,-4,-10,6,7,9,8,64,-175,8,16,10,100
3112,FE,08,08,00,F9,01,09,04,0057,-2,8,8,0,-7,1,9,4,87,181,8,16,10,100
3113,FE,06,00,F8,FD,FE,F9,F6,FFCF,-2,6,0,-8,-3,-2,-7,-10,-49,25,8,16,10,100
3114,FC,08,08,09,00,FD,00,01,0004,-4,8,8,9,0,-3,0,1,4,-11,8,16,10,100
3115,0A,00,0A,07,06,04,03,08,0045,10,0,10,7,6,4,3,8,69,215,8,16,10,100
3116,0A,09,FC,01,03,08,04,00,FFF8,10,9,-4,1,3,8,4,0,-8,78,8,16,10,100
3117,FD,04,03,09,FF,04,06,0A,FFDB,-3,4,3,9,-1,4,6,10,-37,90,8,16,10,100
3118,F8,F9,F6,FA,F8,08,F8,09,FFC4,-8,-7,-10,-6,-8,8,-8,9,-60,-26,8,16,10,100
3119,02,FE,F6,02,03,01,FA,05,0018,2,-2,-10,2,3,1,-6,5,24,98,8,16,10,100
3120,F8,FB,F9,06,FD,05,06,F7,FFB2,-8,-5,-7,6,-3,5,6,-9,-78,-175,8,16,10,100
3121,F9,02,00,03,F9,00,05,F7,003F,-7,2,0,3,-7,0,5,-9,63,85,8,16,10,100
3122,01,FC,F8,02,05,FF,F7,04,FFF0,1,-4,-8,2,5,-1,-9,4,-16,73,8,16,10,100
3123,F7,FA,04,FF,07,FD,05,FD,0051,-9,-6,4,-1,7,-3,5,-3,81,59,8,16,10,100
3124,FC,FA,06,09,FD,09,08,00,0033,-4,-6,6,9,-3,9,8,0,51,57,8,16,10,100
3125,FA,08,FA,F8,FB,03,00,F6,003D,-6,8,-6,-8,-5,3,0,-10,61,195,8,16,10,100
3126,07,F7,00,05,00,F7,F9,05,FFAF,7,-9,0,5,0,-9,-7,5,-81,25,8,16,10,100
3127,FA,FC,F6,07,01,06,F6,08,FFC7,-6,-4,-10,7,1,6,-10,8,-57,69,8,16,10,100
3128,F7,F8,04,07,FE,06,09,F9,004B,-9,-8,4,7,-2,6,9,-7,75,32,8,16,10,100
3129,05,02,FB,FD,04,F9,08,FD,0038,5,2,-5,-3,4,-7,8,-3,56,31,8,16,10,100
3130,FE,FC,FE,F6,04,FD,01,02,FFFD,-2,-4,-2,-10,4,-3,1,2,-3,-21,8,16,10,100
3131,09,04,03,F8,FC,07,F9,FD,FFF4,9,4,3,-8,-4,7,-7,-3,-12,-17,8,16,10,100
3132,F6,FA,0A,F8,F8,FC,F6,00,005D,-10,-6,10,-8,-8,-4,-10,0,93,97,8,16,10,100
3133,F6,0A,00,04,04,08,FB,04,0064,-10,10,0,4,4,8,-5,4,100,156,8,16,10,100
3134,FF,03,F7,04,05,06,0A,F8,FFE0,-1,3,-9,4,5,6,10,-8,-32,-141,8,16,10,100
3135,0A,03,09,05,04,02,06,FF,FFDE,10,3,9,5,4,2,6,-1,-34,61,8,16,10,100
3136,F9,03,FF,01,FC,07,05,09,0043,-7,3,-1,1,-4,7,5,9,67,120,8,16,10,100
3137,05,06,04,FE,07,01,00,04,FFCB,5,6,4,-2,7,1,0,4,-53,-20,8,16,10,100
3138,06,FE,F7,04,FF,04,07,08,0037,6,-2,-9,4,-1,4,7,8,55,10,8,16,10,100
3139,05,04,02,F8,07,02,FE,06,FFCA,5,4,2,-8,7,2,-2,6,-54,-63,8,16,10,100
3140,06,04,08,01,02,09,00,FE,FFEF,6,4,8,1,2,9,0,-2,-17,29,8,16,10,100
3141,FF,FB,04,04,06,F7,FD,FC,0037,-1,-5,4,4,6,-9,-3,-4,55,66,8,16,10,100
3142,00,F9,FE,F8,FA,F7,08,F7,0015,0,-7,-2,-8,-6,-9,8,-9,21,140,8,16,10,100
3143,06,FF,FE,FB,F6,0A,F8,FB,FFC3,6,-1,-2,-5,-10,10,-8,-5,-61,-90,8,16,10,100
3144,F6,F7,00,0A,0A,F7,FB,08,FFF8,-10,-9,0,10,10,-9,-5,8,-8,53,8,16,10,100
3145,F9,F8,F9,F8,01,07,02,06,FFC8,-7,-8,-7,-8,1,7,2,6,-56,-181,8,16,10,100
3146,01,02,FD,00,06,06,06,FF,0061,1,2,-3,0,6,6,6,-1,97,97,8,16,10,100
3147,07,F8,01,F8,00,03,FE,00,FFD7,7,-8,1,-8,0,3,-2,0,-41,-67,8,16,10,100
3148,06,03,08,09,03,FE,F8,04,0002,6,3,8,9,3,-2,-8,4,2,-14,8,16,10,100
3149,F8,06,09,0A,FE,FA,F8,F7,FFAE,-8,6,9,10,-2,-6,-8,-9,-82,-264,8,16,10,100
3150,FA,FA,01,00,FF,05,FB,00,0008,-6,-6,1,0,-1,5,-5,0,8,-21,8,16,10,100
3151,05,FA,05,F7,F9,FE,FF,05,001D,5,-6,5,-9,-7,-2,-1,5,29,-44,8,16,10,100
3152,08,06,03,FE,04,FB,F6,04,0042,8,6,3,-2,4,-5,-10,4,66,30,8,16,10,100
3153,04,FD,08,F6,F8,F6,09,06,0024,4,-3,8,-10,-8,-10,9,6,36,46,8,16,10,100
3154,FA,06,FE,FB,F7,07,05,06,FFD3,-6,6,-2,-5,-9,7,5,6,-45,11,8,16,10,100
3155,02,F7,0A,F9,F8,00,FE,FE,FFF3,2,-9,10,-7,-8,0,-2,-2,-13,-35,8,16,10,100
3156,05,FE,FB,06,F7,FF,FB,0A,002D,5,-2,-5,6,-9,-1,-5,10,45,87,8,16,10,100
3157,FB,05,F8,02,F9,F9,F6,01,FFD3,-5,5,-8,2,-7,-7,-10,1,-45,37,8,16,10,100
3158,F8,02,06,FF,03,FF,FB,FE,FFFA,-8,2,6,-1,3,-1,-5,-2,-6,-60,8,16,10,100
3159,05,F6,06,FC,02,FD,00,F9,FFE8,5,-10,6,-4,2,-3,0,-7,-24,44,8,16,10,100
3160,06,FB,FD,05,06,07,F7,08,0049,6,-5,-3,5,6,7,-9,8,73,141,8,16,10,100
3161,03,FE,03,04,00,09,FD,05,002A,3,-2,3,4,0,9,-3,5,42,35,8,16,10,100
3162,FF,FE,F7,F9,01,08,FA,06,004B,-1,-2,-9,-7,1,8,-6,6,75,70,8,16,10,100
3163,03,FA,FD,FA,FC,FD,FA,F9,0025,3,-6,-3,-6,-4,-3,-6,-7,37,103,8,16,10,100
3164,FD,0A,FC,02,00,F7,01,F7,FFCB,-3,10,-4,2,0,-9,1,-9,-53,-165,8,16,10,100
3165,04,FA,F6,07,02,02,FE,F7,FFED,4,-6,-10,7,2,2,-2,-9,-19,-66,8,16,10,100
3166,FA,04,05,FE,0A,04,01,04,0051,-6,4,5,-2,10,4,1,4,81,34,8,16,10,100
3167,00,FB,01,00,F8,F8,FA,F7,0054,0,-5,1,0,-8,-8,-6,-9,84,118,8,16,10,100
3168,00,02,00,F8,09,09,F8,FD,0034,0,2,0,-8,9,9,-8,-3,52,94,8,16,10,100
3169,F7,FE,01,06,FB,FE,F8,00,FFDB,-9,-2,1,6,-5,-2,-8,0,-37,4,8,16,10,100
3170,03,FB,FF,FD,05,00,F6,F9,005F,3,-5,-1,-3,5,0,-10,-7,95,141,8,16,10,100
3171,FC,00,FA,00,03,01,FA,FE,FFE1,-4,0,-6,0,3,1,-6,-2,-31,-7,8,16,10,100
3172,FE,04,06,05,F9,FC,0A,03,003E,-2,4,6,5,-7,-4,10,3,62,135,8,16,10,100
3173,05,06,01,F9,0A,FE,F8,FE,0015,5,6,1,-7,10,-2,-8,-2,21,65,8,16,10,100
3174,FA,F9,02,FB,FD,FD,00,F7,FFED,-6,-7,2,-5,-3,-3,0,-9,-19,65,8,16,10,100
3175,F8,F7,00,FF,04,F7,03,FD,0001,-8,-9,0,-1,4,-9,3,-3,1,53,8,16,10,100
3176,02,01,09,02,05,07,08,FB,0063,2,1,9,2,5,7,8,-5,99,178,8,16,10,100
3177,FB,07,FB,F6,03,02,04,F8,FFBC,-5,7,-5,-10,3,2,4,-8,-68,-9,8,16,10,100
3178,08,05,0A,05,FD,07,FE,F9,005E,8,5,10,5,-3,7,-2,-7,94,50,8,16,10,100
3179,07,08,FF,08,00,0A,04,FB,0044,7,8,-1,8,0,10,4,-5,68,104,8,16,10,100
3180,F8,05,07,F9,02,07,FE,FD,003B,-8,5,7,-7,2,7,-2,-3,59,85,8,16,10,100
3181,F6,04,FB,03,06,FE,FC,F7,0018,-10,4,-5,3,6,-2,-4,-9,24,-51,8,16,10,100
3182,00,FA,FF,09,09,F7,07,03,FFA7,0,-6,-1,9,9,-9,7,3,-89,-15,8,16,10,100
3183,00,08,09,0A,03,F7,F8,05,FFE5,0,8,9,10,3,-9,-8,5,-27,-121,8,16,10,100
3184,07,08,08,06,08,01,07,0A,FFBE,7,8,8,6,8,1,7,10,-66,114,8,16,10,100
3185,07,0A,F7,FD,06,F9,00,05,0008,7,10,-9,-3,6,-7,0,5,8,-35,8,16,10,100
3186,09,07,FF,06,01,F9,FA,FA,0028,9,7,-1,6,1,-7,-6,-6,40,-30,8,16,10,100
3187,FB,01,07,09,00,03,FC,02,FFB9,-5,1,7,9,0,3,-4,2,-71,-78,8,16,10,100
3188,02,F6,F8,09,FC,06,08,0A,0037,2,-10,-8,9,-4,6,8,10,55,13,8,16,10,100
3189,05,02,01,F8,FC,FB,F9,FD,FFC1,5,2,1,-8,-4,-5,-7,-3,-63,-76,8,16,10,100
3190,F7,00,08,07,01,FA,0A,FB,0010,-9,0,8,7,1,-6,10,-5,16,52,8,16,10,100
3191,05,06,09,0A,05,F8,00,00,004F,5,6,9,10,5,-8,0,0,79,56,8,16,10,100
3192,02,F6,07,07,FF,FA,FC,F6,FFB6,2,-10,7,7,-1,-6,-4,-10,-74,-114,8,16,10,100
3193,04,09,F8,FF,06,00,00,04,000A,4,9,-8,-1,6,0,0,4,10,30,8,16,10,100
3194,F6,06,03,FE,FC,FC,02,FB,FFAE,-10,6,3,-2,-4,-4,2,-5,-82,-50,8,16,10,100
3195,08,FF,F9,FC,04,F8,02,05,0016,8,-1,-7,-4,4,-8,2,5,22,28,8,16,10,100
3196,F8,FC,00,F6,07,FC,FC,F8,0029,-8,-4,0,-10,7,-4,-4,-8,41,81,8,16,10,100
3197,02,00,F8,FA,07,FD,08,03,FFF6,2,0,-8,-6,7,-3,8,3,-10,-78,8,16,10,100
3198,00,F6,05,F7,03,FF,F9,FB,0018,0,-10,5,-9,3,-1,-7,-5,24,44,8,16,10,100
3199,05,FD,FA,FA,0A,02,FF,02,FFB8,5,-3,-6,-6,10,2,-1,2,-72,-34,8,16,10,100
3200,FB,F6,F9,08,05,FE,FA,05,005A,-5,-10,-7,8,5,-2,-6,5,90,167,8,16,10,100
3201,FD,08,FA,FD,04,02,F7,FD,000E,-3,8,-6,-3,4,2,-9,-3,14,81,8,16,10,100
3202,FA,00,01,04,F8,F7,06,02,FFFD,-6,0,1,4,-8,-9,6,2,-3,59,8,16,10,100
3203,05,FC,FD,FA,00,F8,09,FA,FFB7,5,-4,-3,-6,0,-8,9,-6,-73,-32,8,16,10,100
3204,02,08,09,05,04,03,FB,06,FFC0,2,8,9,5,4,3,-5,6,-64,-47,8,16,10,100
3205,00,04,02,01,02,FE,01,07,FFB2,0,4,2,1,2,-2,1,7,-78,-77,8,16,10,100
3206,00,FE,FF,F9,08,FF,02,F6,FFE0,0,-2,-1,-7,8,-1,2,-10,-32,38,8,16,10,100
3207,09,FB,FA,03,FD,FD,F7,FE,FFA3,9,-5,-6,3,-3,-3,-9,-2,-93,-57,8,16,10,100
3208,F9,FF,F7,FC,FB,F6,FD,FA,FFF3,-7,-1,-9,-4,-5,-10,-3,-6,-13,83,8,16,10,100
3209,0A,F9,FF,02,FD,F9,F7,FD,0045,10,-7,-1,2,-3,-7,-9,-3,69,91,8,16,10,100
3210,04,F6,01,00,FB,02,FF,FC,FF9F,4,-10,1,0,-5,2,-1,-4,-97,-138,8,16,10,100
3211,F9,F9,08,06,F7,F6,0A,FB,0006,-7,-7,8,6,-9,-10,10,-5,6,189,8,16,10,100
3212,F7,02,09,00,FA,07,08,08,FFA9,-9,2,9,0,-6,7,8,8,-87,53,8,16,10,100
3213,F8,05,03,FB,06,09,05,FE,0040,-8,5,3,-5,6,9,5,-2,64,86,8,16,10,100
3214,F8,06,06,04,07,01,FB,01,FFB5,-8,6,6,4,7,1,-5,1,-75,-151,8,16,10,100
3215,02,F8,F9,05,02,06,F8,FA,0005,2,-8,-7,5,2,6,-8,-6,5,-13,8,16,10,100
3216,08,FB,00,F9,FB,01,FF,F6,FFE5,8,-5,0,-7,-5,1,-1,-10,-27,-2,8,16,10,100
3217,FF,01,09,F6,F7,FB,FF,F9,0022,-1,1,9,-10,-9,-5,-1,-7,34,99,8,16,10,100
3218,FD,FD,07,FB,01,03,F7,08,FFB4,-3,-3,7,-5,1,3,-9,8,-76,-191,8,16,10,100
3219,01,00,FB,FD,FF,05,FA,03,0055,1,0,-5,-3,-1,5,-6,3,85,105,8,16,10,100
3220,01,01,FA,01,FD,00,FC,09,FFA9,1,1,-6,1,-3,0,-4,9,-87,-57,8,16,10,100
3221,FB,FA,01,F9,06,03,09,02,FFCE,-5,-6,1,-7,6,3,9,2,-50,-103,8,16,10,100
3222,FD,0A,06,06,03,FF,F6,05,FF9E,-3,10,6,6,3,-1,-10,5,-98,-147,8,16,10,100
3223,F9,00,00,04,FC,F7,04,FB,FFA1,-7,0,0,4,-4,-9,4,-5,-95,-87,8,16,10,100
3224,03,F9,03,F9,FD,08,FF,FF,0016,3,-7,3,-7,-3,8,-1,-1,22,-39,8,16,10,100
3225,05,FF,04,FF,FA,F7,03,00,001D,5,-1,4,-1,-6,-9,3,0,29,20,8,16,10,100
3226,0A,04,FF,08,FA,05,FB,05,FFA5,10,4,-1,8,-6,5,-5,5,-91,-86,8,16,10,100
3227,0A,F9,FF,00,08,FC,FE,F7,FFD0,10,-7,-1,0,8,-4,-2,-9,-48,62,8,16,10,100
3228,FE,04,FE,09,05,F6,05,07,FFA9,-2,4,-2,9,5,-10,5,7,-87,-84,8,16,10,100
3229,FE,FB,FC,FB,08,05,F9,03,FFD3,-2,-5,-4,-5,8,5,-7,3,-45,-73,8,16,10,100
3230,07,FD,01,03,05,07,FE,0A,FFD3,7,-3,1,3,5,7,-2,10,-45,-3,8,16,10,100
3231,FB,01,FB,06,FF,06,02,08,FFCB,-5,1,-5,6,-1,6,2,8,-53,-4,8,16,10,100
3232,07,09,07,FF,03,FE,00,FE,FFFB,7,9,7,-1,3,-2,0,-2,-5,0,8,16,10,100
3233,F7,07,F9,06,F9,01,F8,F7,000F,-9,7,-7,6,-7,1,-8,-9,15,87,8,16,10,100
3234,FA,03,08,00,04,F7,FE,09,003F,-6,3,8,0,4,-9,-2,9,63,-4,8,16,10,100
3235,F9,05,0A,F9,FB,00,00,08,FFB9,-7,5,10,-7,-5,0,0,8,-71,-92,8,16,10,100
3236,F7,F7,F9,FF,03,07,08,04,FFFB,-9,-9,-7,-1,3,7,8,4,-5,-155,8,16,10,100
3237,FF,05,FE,07,F9,08,01,F6,FFEF,-1,5,-2,7,-7,8,1,-10,-17,-42,8,16,10,100
3238,0A,02,0A,02,04,01,07,05,FFF3,10,2,10,2,4,1,7,5,-13,109,8,16,10,100
3239,06,FA,FF,FA,FD,FD,FD,08,0047,6,-6,-1,-6,-3,-3,-3,8,71,26,8,16,10,100
3240,07,F8,02,02,0A,02,06,02,FFD0,7,-8,2,2,10,2,6,2,-48,22,8,16,10,100
3241,FF,08,00,05,FC,04,FC,03,FFA9,-1,8,0,5,-4,4,-4,3,-87,-36,8,16,10,100
3242,03,F9,01,F8,FD,0A,03,FA,FFF3,3,-7,1,-8,-3,10,3,-6,-13,-41,8,16,10,100
3243,06,0A,07,02,FB,04,FC,FB,FFFD,6,10,7,2,-5,4,-4,-5,-3,-31,8,16,10,100
3244,02,FC,00,FB,09,03,03,F9,005C,2,-4,0,-5,9,3,3,-7,92,133,8,16,10,100
3245,04,F9,08,04,F9,FA,08,01,FFAE,4,-7,8,4,-7,-6,8,1,-82,0,8,16,10,100
3246,FC,F8,F6,F6,04,F7,F7,00,003D,-4,-8,-10,-10,4,-9,-9,0,61,207,8,16,10,100
3247,08,F7,02,F7,F9,06,00,00,002D,8,-9,2,-9,-7,6,0,0,45,-65,8,16,10,100
3248,F7,FD,07,F6,FF,05,F6,07,001D,-9,-3,7,-10,-1,5,-10,7,29,-117,8,16,10,100
3249,FB,FC,09,00,02,0A,00,04,FFE9,-5,-4,9,0,2,10,0,4,-23,-73,8,16,10,100
3250,FC,FB,09,F7,0A,00,F8,F6,FFF8,-4,-5,9,-9,10,0,-8,-10,-8,-30,8,16,10,100
3251,F7,F9,F8,0A,0A,02,04,0A,004A,-9,-7,-8,10,10,2,4,10,74,38,8,16,10,100
3252,07,09,09,08,0A,09,FE,05,FFA7,7,9,9,8,10,9,-2,5,-89,84,8,16,10,100
3253,F7,05,0A,F6,FA,00,07,06,FFAA,-9,5,10,-10,-6,0,7,6,-86,-22,8,16,10,100
3254,F9,FC,00,02,FB,04,FD,02,FFD9,-7,-4,0,2,-5,4,-3,2,-39,-16,8,16,10,100
3255,F8,06,FC,FD,FC,FB,02,FF,FFB2,-8,6,-4,-3,-4,-5,2,-1,-78,-81,8,16,10,100
3256,08,FA,06,0A,FB,F8,02,F8,FFF9,8,-6,6,10,-5,-8,2,-8,-7,-67,8,16,10,100
3257,08,FC,FA,03,F7,FC,FC,F7,FFD2,8,-4,-6,3,-9,-4,-4,-9,-46,-105,8,16,10,100
3258,09,F9,0A,F6,06,05,04,F6,0014,9,-7,10,-10,6,5,4,-10,20,179,8,16,10,100
3259,04,06,02,02,FB,FE,FD,00,FFAE,4,6,2,2,-5,-2,-3,0,-82,-120,8,16,10,100
3260,F8,03,F8,04,FC,F9,FB,02,0045,-8,3,-8,4,-4,-7,-5,2,69,128,8,16,10,100
3261,F7,F6,06,05,0A,03,FE,00,0027,-9,-10,6,5,10,3,-2,0,39,-93,8,16,10,100
3262,09,05,01,08,F7,01,F6,F8,FFA7,9,5,1,8,-9,1,-10,-8,-89,-239,8,16,10,100
3263,F6,04,03,01,FA,FC,FD,0A,0055,-10,4,3,1,-6,-4,-3,10,85,130,8,16,10,100
3264,03,02,FE,07,06,05,F8,F6,003A,3,2,-2,7,6,5,-8,-10,58,32,8,16,10,100
3265,FD,FD,FB,FC,FB,07,F7,F7,FFA2,-3,-3,-5,-4,-5,7,-9,-9,-94,-19,8,16,10,100
3266,FA,06,F8,F6,03,07,0A,05,0005,-6,6,-8,-10,3,7,10,5,5,-101,8,16,10,100
3267,FF,F7,06,06,FD,09,00,04,FFAF,-1,-9,6,6,-3,9,0,4,-81,-135,8,16,10,100
3268,05,FD,02,FA,F9,0A,F8,F6,FFE3,5,-3,2,-6,-7,10,-8,-10,-29,-50,8,16,10,100
3269,06,F8,00,08,07,FB,06,F6,002D,6,-8,0,8,7,-5,6,-10,45,47,8,16,10,100
3270,01,F7,05,F6,02,02,06,09,0016,1,-9,5,-10,2,2,6,9,22,-54,8,16,10,100
3271,FD,FC,FA,0A,FF,02,FC,03,FFF1,-3,-4,-6,10,-1,2,-4,3,-15,34,8,16,10,100
3272,06,09,05,F9,01,09,F6,07,FFAE,6,9,5,-7,1,9,-10,7,-82,-94,8,16,10,100
3273,07,FA,F7,FB,04,FF,04,F6,0038,7,-6,-9,-5,4,-1,4,-10,56,104,8,16,10,100
3274,03,FA,08,FA,05,0A,F6,FE,FFB8,3,-6,8,-6,5,10,-10,-2,-72,-185,8,16,10,100
3275,08,06,FE,F7,08,07,FE,07,0057,8,6,-2,-9,8,7,-2,7,87,134,8,16,10,100
3276,FC,05,F8,FA,F8,07,F9,06,0064,-4,5,-8,-6,-8,7,-7,6,100,187,8,16,10,100
3277,FA,FD,08,F8,FD,06,02,01,FFF0,-6,-3,8,-8,-3,6,2,1,-16,-8,8,16,10,100
3278,09,01,F9,0A,FC,FD,F7,FD,0005,9,1,-7,10,-4,-3,-9,-3,5,-1,8,16,10,100
3279,F9,FB,FA,F6,03,FF,07,03,FFDB,-7,-5,-6,-10,3,-1,7,3,-37,-125,8,16,10,100
3280,09,09,05,FD,02,FC,FC,FC,0005,9,9,5,-3,2,-4,-4,-4,5,-21,8,16,10,100
3281,06,FC,08,FB,F7,FC,01,02,0005,6,-4,8,-5,-9,-4,1,2,5,-35,8,16,10,100
3282,09,F7,FF,F6,F8,03,F9,07,0026,9,-9,-1,-10,-8,3,-7,7,38,-124,8,16,10,100
3283,F7,FB,06,04,FB,04,09,F8,FFE9,-9,-5,6,4,-5,4,9,-8,-23,24,8,16,10,100
3284,F7,00,02,FC,08,F9,09,FF,FFF0,-9,0,2,-4,8,-7,9,-1,-16,-66,8,16,10,100
3285,F8,F8,F7,07,00,07,FE,F7,FFB3,-8,-8,-9,7,0,7,-2,-9,-77,-178,8,16,10,100
3286,02,06,01,02,FC,00,04,06,FFF6,2,6,1,2,-4,0,4,6,-10,-2,8,16,10,100
3287,FA,09,08,FC,F9,F9,FF,F9,0012,-6,9,8,-4,-7,-7,-1,-7,18,17,8,16,10,100
3288,0A,00,FC,F9,FB,F8,06,FE,0032,10,0,-4,-7,-5,-8,6,-2,50,-10,8,16,10,100
3289,06,F6,05,09,FA,FC,FA,0A,FFE3,6,-10,5,9,-6,-4,-6,10,-29,35,8,16,10,100
3290,F7,07,05,03,0A,FD,08,FF,0023,-9,7,5,3,10,-3,8,-1,35,-39,8,16,10,100
3291,03,FF,F9,08,FE,F7,FC,FA,005A,3,-1,-7,8,-2,-9,-4,-6,90,73,8,16,10,100
3292,01,F8,07,FD,FF,0A,FD,08,FFF0,1,-8,7,-3,-1,10,-3,8,-16,-142,8,16,10,100
3293,F7,FF,0A,FD,FE,06,02,03,FFC3,-9,-1,10,-3,-2,6,2,3,-61,-38,8,16,10,100
3294,08,05,02,03,F7,FB,06,00,003A,8,5,2,3,-9,-5,6,0,58,-27,8,16,10,100
3295,08,05,F8,03,0A,F7,06,0A,0034,8,5,-8,3,10,-9,6,10,52,69,8,16,10,100
3296,09,F7,06,FF,02,07,FD,00,FFA4,9,-9,6,-1,2,7,-3,0,-92,-155,8,16,10,100
3297,04,F9,FD,F6,03,09,FC,FD,FFB6,4,-7,-3,-10,3,9,-4,-3,-74,-83,8,16,10,100
3298,05,0A,FB,03,06,F7,FB,07,000D,5,10,-5,3,6,-9,-5,7,13,-1,8,16,10,100
3299,F7,0A,09,07,02,FA,FB,09,0037,-9,10,9,7,2,-6,-5,9,55,-5,8,16,10,100
3300,07,07,06,F6,00,09,01,FA,FFFB,7,7,6,-10,0,9,1,-6,-5,124,8,16,10,100
3301,FC,07,00,00,01,01,FE,07,001A,-4,7,0,0,1,1,-2,7,26,29,8,16,10,100
3302,FB,FA,04,F7,0A,F7,F7,08,FFD6,-5,-6,4,-9,10,-9,-9,8,-42,-146,8,16,10,100
3303,05,04,FE,01,FF,00,05,01,0009,5,4,-2,1,-1,0,5,1,9,-5,8,16,10,100
3304,07,03,FF,FD,F7,F6,FB,F8,0025,7,3,-1,-3,-9,-10,-5,-8,37,-27,8,16,10,100
3305,FC,02,01,FE,07,09,0A,F8,0051,-4,2,1,-2,7,9,10,-8,81,97,8,16,10,100
3306,09,08,F7,FA,07,04,0A,F8,FFDE,9,8,-9,-6,7,4,10,-8,-34,19,8,16,10,100
3307,F7,00,06,08,FF,01,03,FA,0051,-9,0,6,8,-1,1,3,-6,81,60,8,16,10,100
3308,F6,02,00,FF,00,FB,FA,F8,0041,-10,2,0,-1,0,-5,-6,-8,65,63,8,16,10,100
3309,03,FC,F7,FB,03,FA,04,FA,0020,3,-4,-9,-5,3,-6,4,-6,32,59,8,16,10,100
3310,09,F6,F8,F6,0A,FD,00,0A,0061,9,-10,-8,-10,10,-3,0,10,97,117,8,16,10,100
3311,FB,FF,01,0A,09,03,04,02,005D,-5,-1,1,10,9,3,4,2,93,69,8,16,10,100
3312,FC,07,FA,07,08,01,FA,01,FFC2,-4,7,-6,7,8,1,-6,1,-62,-44,8,16,10,100
3313,FC,07,F9,01,FE,FD,02,FE,FFFE,-4,7,-7,1,-2,-3,2,-2,-2,-31,8,16,10,100
3314,09,FB,08,FD,FF,F7,F8,06,0039,9,-5,8,-3,-1,-9,-8,6,57,11,8,16,10,100
3315,F8,FD,03,F9,FA,FB,F7,F7,0054,-8,-3,3,-7,-6,-5,-9,-9,84,183,8,16,10,100
3316,05,02,FF,09,01,F9,08,0A,FFCE,5,2,-1,9,1,-7,8,10,-50,23,8,16,10,100
3317,01,FD,FC,0A,08,00,FF,00,FFF4,1,-3,-4,10,8,0,-1,0,-12,0,8,16,10,100
3318,FE,FA,05,00,06,FF,FB,FD,FFFD,-2,-6,5,0,6,-1,-5,-3,-3,-34,8,16,10,100
3319,F6,00,01,FD,03,0A,FC,04,FFF6,-10,0,1,-3,3,10,-4,4,-10,-56,8,16,10,100
3320,05,FB,09,05,03,FC,F6,FC,001E,5,-5,9,5,3,-4,-10,-4,30,-45,8,16,10,100
3321,F6,05,00,F7,F6,FD,F8,02,0025,-10,5,0,-9,-10,-3,-8,2,37,104,8,16,10,100
3322,FC,FD,07,FA,01,F7,FE,04,FFB2,-4,-3,7,-6,1,-9,-2,4,-78,-93,8,16,10,100
3323,FA,FB,FC,FC,03,FC,08,08,0032,-6,-5,-4,-4,3,-4,8,8,50,-12,8,16,10,100
3324,03,F9,0A,FC,FF,07,FA,F6,0026,3,-7,10,-4,-1,7,-6,-10,38,-34,8,16,10,100
3325,09,02,05,05,08,F6,FE,02,0030,9,2,5,5,8,-10,-2,2,48,100,8,16,10,100
3326,04,FE,F8,09,F6,06,F7,04,002E,4,-2,-8,9,-10,6,-9,4,46,102,8,16,10,100
3327,F9,00,02,F7,02,04,FD,05,0008,-7,0,2,-9,2,4,-3,5,8,-57,8,16,10,100
3328,00,07,FB,03,FA,FB,F6,06,FFBA,0,7,-5,3,-6,-5,-10,6,-70,-37,8,16,10,100
3329,07,08,FA,0A,04,FF,FB,F9,0048,7,8,-6,10,4,-1,-5,-7,72,52,8,16,10,100
3330,F9,03,F7,01,F8,06,01,05,0039,-7,3,-9,1,-8,6,1,5,57,127,8,16,10,100
3331,FA,08,F9,F7,0A,08,F9,F8,FFAC,-6,8,-7,-9,10,8,-7,-8,-84,41,8,16,10,100
3332,F6,F7,F9,03,07,05,07,07,000D,-10,-9,-7,3,7,5,7,7,13,-130,8,16,10,100
3333,FD,05,FF,F8,04,FB,05,0A,FFCA,-3,5,-1,-8,4,-5,5,10,-54,-176,8,16,10,100
3334,05,FD,01,00,FB,0A,04,F6,FFDD,5,-3,1,0,-5,10,4,-10,-35,-86,8,16,10,100
3335,F6,FA,FD,FF,09,01,01,FC,FFC9,-10,-6,-3,-1,9,1,1,-4,-55,-150,8,16,10,100
3336,F9,FD,08,0A,FD,FC,0A,FD,FFD5,-7,-3,8,10,-3,-4,10,-3,-43,40,8,16,10,100
3337,FF,FB,F9,02,01,FC,0A,05,FFC6,-1,-5,-7,2,1,-4,10,5,-58,-99,8,16,10,100
3338,09,07,FB,06,FF,F7,04,FA,FFCD,9,7,-5,6,-1,-9,4,-6,-51,-179,8,16,10,100
3339,03,08,01,FC,08,04,FC,F9,0049,3,8,1,-4,8,4,-4,-7,73,153,8,16,10,100
3340,F8,05,F8,08,02,0A,08,00,004C,-8,5,-8,8,2,10,8,0,76,46,8,16,10,100
3341,01,F6,FF,01,06,06,FE,05,FFE0,1,-10,-1,1,6,6,-2,5,-32,-79,8,16,10,100
3342,FD,04,06,F9,FC,05,03,01,FFE9,-3,4,6,-7,-4,5,3,1,-23,20,8,16,10,100
3343,FC,0A,01,01,00,FE,FE,00,0027,-4,10,1,1,0,-2,-2,0,39,17,8,16,10,100
3344,06,F7,FE,08,F7,06,FF,FB,FFB8,6,-9,-2,8,-9,6,-1,-5,-72,-218,8,16,10,100
3345,06,FF,FD,FF,01,F8,02,FC,FFCA,6,-1,-3,-1,1,-8,2,-4,-54,-42,8,16,10,100
3346,FB,F7,01,02,03,FE,F7,F7,FFE1,-5,-9,1,2,3,-2,-9,-9,-31,-55,8,16,10,100
3347,FC,FF,F6,FD,F8,01,04,F7,FFA5,-4,-1,-10,-3,-8,1,4,-9,-91,-73,8,16,10,100
3348,01,FB,F9,02,04,F8,FE,09,FFDC,1,-5,-7,2,4,-8,-2,9,-36,40,8,16,10,100
3349,04,FC,F9,0A,09,06,02,03,FFDA,4,-4,-7,10,9,6,2,3,-38,-10,8,16,10,100
3350,F6,0A,0A,FF,00,05,FB,FB,0023,-10,10,10,-1,0,5,-5,-5,35,40,8,16,10,100
3351,01,04,02,F6,F8,08,FC,FC,FFED,1,4,2,-10,-8,8,-4,-4,-19,37,8,16,10,100
3352,02,F8,FB,09,0A,00,FF,0A,FFA7,2,-8,-5,9,10,0,-1,10,-89,26,8,16,10,100
3353,F9,06,FF,F7,03,05,F8,02,FFAA,-7,6,-1,-9,3,5,-8,2,-86,-87,8,16,10,100
3354,03,F7,FC,F6,FD,F6,07,FF,005F,3,-9,-4,-10,-3,-10,7,-1,95,158,8,16,10,100
3355,FE,FB,FD,00,FA,01,01,FA,FFB6,-2,-5,-3,0,-6,1,1,-6,-74,-70,8,16,10,100
3356,04,FF,06,09,06,FF,07,00,FF9C,4,-1,6,9,6,-1,7,0,-100,-33,8,16,10,100
3357,06,08,09,03,05,01,FB,FA,FFEC,6,8,9,3,5,1,-5,-6,-20,-45,8,16,10,100
3358,FF,07,05,06,04,05,FE,F7,0054,-1,7,5,6,4,5,-2,-9,84,51,8,16,10,100
3359,FC,F7,04,FD,FF,FB,01,F6,002B,-4,-9,4,-3,-1,-5,1,-10,43,126,8,16,10,100
3360,02,FA,06,F6,02,FC,FF,01,002D,2,-6,6,-10,2,-4,-1,1,45,57,8,16,10,100
3361,08,F7,F6,04,04,05,03,FC,FFED,8,-9,-10,4,4,5,3,-4,-19,-78,8,16,10,100
3362,FD,01,FC,01,02,07,FA,09,0062,-3,1,-4,1,2,7,-6,9,98,132,8,16,10,100
3363,FE,FB,03,00,F7,0A,0A,05,FFFC,-2,-5,3,0,-9,10,10,5,-4,-6,8,16,10,100
3364,07,F8,06,00,FA,05,F6,05,0016,7,-8,6,0,-6,5,-10,5,22,-120,8,16,10,100
3365,F7,FA,F6,07,FF,FA,FB,FB,FFDB,-9,-6,-10,7,-1,-6,-5,-5,-37,23,8,16,10,100
3366,02,02,08,F6,FF,0A,F6,04,FFC9,2,2,8,-10,-1,10,-10,4,-55,-157,8,16,10,100
3367,FF,FE,03,FD,06,05,07,09,0031,-1,-2,3,-3,6,5,7,9,49,27,8,16,10,100
3368,FD,07,00,FB,0A,04,03,07,0012,-3,7,0,-5,10,4,3,7,18,-19,8,16,10,100
3369,08,03,FD,F7,05,02,09,03,FFDC,8,3,-3,-9,5,2,9,3,-36,-44,8,16,10,100
3370,08,FC,F8,05,04,F8,FC,04,FFE9,8,-4,-8,5,4,-8,-4,4,-23,93,8,16,10,100
3371,09,00,FC,05,FF,F9,F8,FE,004D,9,0,-4,5,-1,-7,-8,-2,77,90,8,16,10,100
3372,F6,04,00,F7,04,F7,01,06,FFEE,-10,4,0,-9,4,-9,1,6,-18,-148,8,16,10,100
3373,08,05,06,F9,F6,0A,02,FB,FFBD,8,5,6,-7,-10,10,2,-5,-67,-50,8,16,10,100
3374,02,FA,00,F6,08,F7,FB,FC,005C,2,-6,0,-10,8,-9,-5,-4,92,202,8,16,10,100
3375,FF,02,08,0A,05,FA,07,F7,0042,-1,2,8,10,5,-6,7,-9,66,15,8,16,10,100
3376,FE,00,FF,05,00,FD,FA,00,0008,-2,0,-1,5,0,-3,-6,0,8,14,8,16,10,100
3377,FC,F8,FF,03,FD,04,F6,F7,0053,-4,-8,-1,3,-3,4,-10,-9,83,46,8,16,10,100
3378,04,06,03,09,04,02,01,07,005D,4,6,3,9,4,2,1,7,93,187,8,16,10,100
3379,FC,FE,06,FD,03,04,FB,FC,0030,-4,-2,6,-3,3,4,-5,-4,48,10,8,16,10,100
3380,FF,FA,F6,FE,FE,06,FC,02,002F,-1,-6,-10,-2,-2,6,-4,2,47,49,8,16,10,100
3381,09,08,03,F9,FD,05,02,04,FFDC,9,8,3,-7,-3,5,2,4,-36,-45,8,16,10,100
3382,0A,FF,FA,FE,FA,02,05,0A,FFB7,10,-1,-6,-2,-6,2,5,10,-73,-185,8,16,10,100
3383,FC,F7,F8,02,FA,0A,F6,F7,FFC2,-4,-9,-8,2,-6,10,-10,-9,-62,-66,8,16,10,100
3384,FA,05,03,06,FE,07,FF,08,003C,-6,5,3,6,-2,7,-1,8,60,152,8,16,10,100
3385,02,05,06,F7,02,09,03,04,002B,2,5,6,-9,2,9,3,4,43,74,8,16,10,100
3386,F8,F8,00,F9,04,06,07,FD,004D,-8,-8,0,-7,4,6,7,-3,77,18,8,16,10,100
3387,FB,F7,09,07,F9,00,01,08,001E,-5,-9,9,7,-7,0,1,8,30,130,8,16,10,100
3388,08,09,05,FD,F6,F6,00,02,0030,8,9,5,-3,-10,-10,0,2,48,-128,8,16,10,100
3389,06,09,0A,08,09,07,F7,F7,005E,6,9,10,8,9,7,-9,-9,94,49,8,16,10,100
3390,FD,0A,08,F7,0A,FD,02,FC,0031,-3,10,8,-9,10,-3,2,-4,49,41,8,16,10,100
3391,FD,03,06,00,FE,FB,0A,FB,FFCB,-3,3,6,0,-2,-5,10,-5,-53,-2,8,16,10,100
3392,0A,FD,03,0A,F7,FF,F6,01,FFB5,10,-3,3,10,-9,-1,-10,1,-75,-182,8,16,10,100
3393,07,04,04,FB,FD,06,FF,FD,FFF8,7,4,4,-5,-3,6,-1,-3,-8,6,8,16,10,100
3394,0A,F8,09,00,FA,FF,04,09,FFF1,10,-8,9,0,-6,-1,4,9,-15,-31,8,16,10,100
3395,FB,03,08,FE,FF,FB,0A,00,FFF3,-5,3,8,-2,-1,-5,10,0,-13,57,8,16,10,100
3396,F8,FF,06,09,07,F7,F7,F7,FFA6,-8,-1,6,9,7,-9,-9,-9,-90,-272,8,16,10,100
3397,FC,F6,06,FB,05,03,FD,FB,FFC8,-4,-10,6,-5,5,3,-3,-5,-56,-99,8,16,10,100
3398,08,00,02,04,F9,06,FC,05,FFF7,8,0,2,4,-7,6,-4,5,-9,-53,8,16,10,100
3399,01,FC,07,06,FB,F9,08,F8,FFC4,1,-4,7,6,-5,-7,8,-8,-60,-29,8,16,10,100
3400,04,05,09,F6,FB,FA,05,00,000F,4,5,9,-10,-5,-6,5,0,15,10,8,16,10,100
3401,F9,06,07,0A,05,09,FB,07,0007,-7,6,7,10,5,9,-5,7,7,61,8,16,10,100
3402,00,FD,FA,03,FE,0A,0A,FE,FFF7,0,-3,-6,3,-2,10,10,-2,-9,-105,8,16,10,100
3403,02,FF,02,03,07,FB,02,09,003C,2,-1,2,3,7,-5,2,9,60,110,8,16,10,100
3404,F8,08,08,01,08,05,F9,FA,FFF4,-8,8,8,1,8,5,-7,-6,-12,-98,8,16,10,100
3405,07,FB,02,06,08,06,FE,F6,005C,7,-5,2,6,8,6,-2,-10,92,54,8,16,10,100
3406,F8,06,01,03,FA,01,07,00,FFF2,-8,6,1,3,-6,1,7,0,-14,47,8,16,10,100
3407,FC,FB,F8,03,08,FB,05,FA,0016,-4,-5,-8,3,8,-5,5,-6,22,-43,8,16,10,100
3408,04,02,F6,FC,F9,FA,08,FC,0002,4,2,-10,-4,-7,-6,8,-4,2,-102,8,16,10,100
3409,FC,02,07,FD,F7,FE,FD,FC,001F,-4,2,7,-3,-9,-2,-3,-4,31,54,8,16,10,100
3410,F9,F8,04,07,07,07,05,FE,FF9E,-7,-8,4,7,7,7,5,-2,-98,-197,8,16,10,100
3411,01,06,03,F6,07,07,01,F6,0044,1,6,3,-10,7,7,1,-10,68,220,8,16,10,100
3412,F9,F7,FF,FF,F7,F6,03,04,FFBB,-7,-9,-1,-1,-9,-10,3,4,-69,77,8,16,10,100
3413,F9,03,F7,FB,09,00,F8,F9,0036,-7,3,-9,-5,9,0,-8,-7,54,98,8,16,10,100
3414,FE,01,02,F7,02,0A,00,FD,FFA7,-2,1,2,-9,2,10,0,-3,-89,-56,8,16,10,100
3415,09,FE,01,03,FA,0A,FA,FE,FFDF,9,-2,1,3,-6,10,-6,-2,-33,-119,8,16,10,100
3416,04,09,0A,03,FB,03,FA,F7,FFA6,4,9,10,3,-5,3,-6,-9,-90,-170,8,16,10,100
3417,FF,FD,07,FC,0A,FE,07,F9,0007,-1,-3,7,-4,10,-2,7,-7,7,80,8,16,10,100
3418,06,F7,F7,01,08,0A,F8,FF,FFAE,6,-9,-9,1,8,10,-8,-1,-82,-53,8,16,10,100
3419,FF,F6,05,09,0A,05,FF,05,002B,-1,-10,5,9,10,5,-1,5,43,23,8,16,10,100
3420,01,F9,07,F6,F9,FA,F6,03,FFD1,1,-7,7,-10,-7,-6,-10,3,-47,-112,8,16,10,100
3421,FF,F8,FE,06,FB,08,08,08,FFB6,-1,-8,-2,6,-5,8,8,8,-74,-101,8,16,10,100
3422,06,01,FB,06,FC,03,F6,06,FFA5,6,1,-5,6,-4,3,-10,6,-91,-26,8,16,10,100
3423,FA,F9,02,05,FD,F9,01,FB,001C,-6,-7,2,5,-3,-7,1,-5,28,72,8,16,10,100
3424,01,F7,07,07,FF,FA,FF,00,0011,1,-9,7,7,-1,-6,-1,0,17,63,8,16,10,100
3425,FD,04,0A,F6,02,FA,05,00,FFE2,-3,4,10,-10,2,-6,5,0,-30,-10,8,16,10,100
3426,FE,F6,FA,0A,F8,02,02,09,FFED,-2,-10,-6,10,-8,2,2,9,-19,55,8,16,10,100
3427,F8,08,04,02,03,FC,FD,FB,0028,-8,8,4,2,3,-4,-3,-5,40,-38,8,16,10,100
3428,03,0A,FA,09,09,F7,08,FD,FFB3,3,10,-6,9,9,-9,8,-3,-77,-215,8,16,10,100
3429,F8,03,02,04,FB,FF,FE,FB,002D,-8,3,2,4,-5,-1,-2,-5,45,58,8,16,10,100
3430,F9,03,02,00,FC,FD,09,01,FFAA,-7,3,2,0,-4,-3,9,1,-86,-49,8,16,10,100
3431,F6,FB,0A,FF,05,03,FC,0A,0043,-10,-5,10,-1,5,3,-4,10,67,-48,8,16,10,100
3432,09,00,07,F6,09,08,0A,08,FFAD,9,0,7,-10,9,8,10,8,-83,-12,8,16,10,100
3433,FD,04,F7,FD,05,0A,01,FF,0001,-3,4,-9,-3,5,10,1,-1,1,20,8,16,10,100
3434,06,05,08,F7,02,05,FC,F9,002A,6,5,8,-9,2,5,-4,-7,42,110,8,16,10,100
3435,03,FE,07,05,F8,FE,FC,F7,FFEF,3,-2,7,5,-8,-2,-4,-9,-17,-110,8,16,10,100
3436,FB,00,07,FD,01,FF,FC,02,0003,-5,0,7,-3,1,-1,-4,2,3,-36,8,16,10,100
3437,0A,FD,0A,F7,01,02,FE,06,0049,10,-3,10,-9,1,2,-2,6,73,3,8,16,10,100
3438,FE,F7,02,F8,FB,06,F8,09,0056,-2,-9,2,-8,-5,6,-8,9,86,-46,8,16,10,100
3439,0A,09,00,01,00,FF,FC,FA,0031,10,9,0,1,0,-1,-4,-6,49,34,8,16,10,100
3440,FE,08,04,07,02,03,F8,06,0012,-2,8,4,7,2,3,-8,6,18,48,8,16,10,100
3441,08,FC,FB,07,FA,03,FC,02,FFB5,8,-4,-5,7,-6,3,-4,2,-75,-101,8,16,10,100
3442,07,FA,FB,09,FD,FA,FF,01,FFE3,7,-6,-5,9,-3,-6,-1,1,-29,0,8,16,10,100
3443,F7,FD,FC,F6,01,06,F8,09,FFD4,-9,-3,-4,-10,1,6,-8,9,-44,-129,8,16,10,100
3444,0A,07,08,08,03,07,01,F8,002E,10,7,8,8,3,7,1,-8,46,69,8,16,10,100
3445,06,02,00,00,01,FC,F6,00,0016,6,2,0,0,1,-4,-10,0,22,20,8,16,10,100
3446,06,F6,0A,FA,FA,02,06,F8,FFE4,6,-10,10,-6,-6,2,6,-8,-28,24,8,16,10,100
3447,07,F8,FD,00,FC,F8,FB,08,FFA3,7,-8,-3,0,-4,-8,-5,8,-93,-42,8,16,10,100
3448,FF,F9,05,02,FE,08,FE,F6,0022,-1,-7,5,2,-2,8,-2,-10,34,-50,8,16,10,100
3449,07,06,02,0A,FB,09,08,03,0046,7,6,2,10,-5,9,8,3,70,135,8,16,10,100
3450,FF,01,08,FB,05,FD,04,06,FFA1,-1,1,8,-5,5,-3,4,6,-95,-101,8,16,10,100
3451,F8,FF,06,03,08,FE,02,02,FFD4,-8,-1,6,3,8,-2,2,2,-44,-88,8,16,10,100
3452,01,06,09,FF,F9,F9,FD,FF,FFF9,1,6,9,-1,-7,-7,-3,-1,-7,-82,8,16,10,100
3453,00,00,FB,F9,FC,07,07,F7,0004,0,0,-5,-7,-4,7,7,-9,4,32,8,16,10,100
3454,09,FF,09,02,03,FA,02,F9,0013,9,-1,9,2,3,-6,2,-7,19,56,8,16,10,100
3455,F8,08,FA,02,03,02,F7,06,004E,-8,8,-6,2,3,2,-9,6,78,136,8,16,10,100
3456,04,FF,09,07,FE,F8,00,03,002F,4,-1,9,7,-2,-8,0,3,47,68,8,16,10,100
3457,F8,FF,01,08,02,FC,01,03,0022,-8,-1,1,8,2,-4,1,3,34,47,8,16,10,100
3458,FD,0A,FB,FB,F6,01,FC,0A,FFA0,-3,10,-5,-5,-10,1,-4,10,-96,-86,8,16,10,100
3459,01,05,F9,F8,F8,FC,02,FB,FFD6,1,5,-7,-8,-8,-4,2,-5,-42,-44,8,16,10,100
3460,F6,02,06,00,02,00,FA,FF,0047,-10,2,6,0,2,0,-6,-1,71,15,8,16,10,100
3461,F8,0A,F9,04,FC,05,07,FF,FFC1,-8,10,-7,4,-4,5,7,-1,-63,-34,8,16,10,100
3462,04,01,F7,07,FD,07,F7,F8,002B,4,1,-9,7,-3,7,-9,-8,43,63,8,16,10,100
3463,04,FB,F7,07,F6,05,F7,FD,0029,4,-5,-9,7,-10,5,-9,-3,41,36,8,16,10,100
3464,07,FD,FE,F9,FD,FA,06,01,FFB8,7,-3,-2,-7,-3,-6,6,1,-72,-94,8,16,10,100
3465,0A,04,FD,FB,09,02,01,F6,FFE3,10,4,-3,-5,9,2,1,-10,-29,116,8,16,10,100
3466,0A,04,03,08,04,05,F8,08,004D,10,4,3,8,4,5,-8,8,77,177,8,16,10,100
3467,05,06,03,F7,FB,F7,05,09,0050,5,6,3,-9,-5,-9,5,9,80,-65,8,16,10,100
3468,08,F7,05,06,F9,FA,FD,05,FFA1,8,-9,5,6,-7,-6,-3,5,-95,-82,8,16,10,100
3469,09,FE,FD,FC,0A,06,07,FD,FFA0,9,-2,-3,-4,10,6,7,-3,-96,-27,8,16,10,100
3470,04,05,08,F6,FD,FE,FD,F7,001B,4,5,8,-10,-3,-2,-3,-9,27,71,8,16,10,100
3471,05,F7,F6,F8,FB,FB,F9,07,FFA3,5,-9,-10,-8,-5,-5,-7,7,-93,-59,8,16,10,100
3472,03,FB,0A,03,FB,01,07,01,0061,3,-5,10,3,-5,1,7,1,97,150,8,16,10,100
3473,05,F8,FC,F7,05,05,F9,FD,0026,5,-8,-4,-9,5,5,-7,-3,38,78,8,16,10,100
3474,F6,05,FA,F6,08,00,01,09,FFB6,-10,5,-6,-10,8,0,1,9,-74,-250,8,16,10,100
3475,00,FB,06,FB,05,07,06,F9,002F,0,-5,6,-5,5,7,6,-7,47,83,8,16,10,100
3476,FB,00,07,F7,0A,F6,FB,FD,0014,-5,0,7,-9,10,-10,-5,-3,20,-38,8,16,10,100
3477,02,FB,07,FE,07,FC,09,04,FFC7,2,-5,7,-2,7,-4,9,4,-57,32,8,16,10,100
3478,05,FA,06,01,05,F7,FD,02,FFFE,5,-6,6,1,5,-9,-3,2,-2,61,8,16,10,100
3479,08,01,01,FE,02,09,06,07,FFEA,8,1,1,-2,2,9,6,7,-22,-5,8,16,10,100
3480,FB,01,F8,FB,02,08,0A,00,003E,-5,1,-8,-5,2,8,10,0,62,-20,8,16,10,100
3481,02,03,F8,FE,05,FA,FC,08,0059,2,3,-8,-2,5,-6,-4,8,89,97,8,16,10,100
3482,00,05,09,0A,05,F7,FD,00,FFA2,0,5,9,10,5,-9,-3,0,-94,-166,8,16,10,100
3483,07,07,F6,05,0A,F6,F6,F8,FF9D,7,7,-10,5,10,-10,-10,-8,-99,-39,8,16,10,100
3484,03,F6,05,FF,07,FA,FB,FB,005A,3,-10,5,-1,7,-6,-5,-5,90,151,8,16,10,100
3485,FC,FB,07,06,06,0A,00,04,FFB5,-4,-5,7,6,6,10,0,4,-75,-125,8,16,10,100
3486,00,FD,04,FC,01,08,FE,02,0013,0,-3,4,-4,1,8,-2,2,19,-21,8,16,10,100
3487,09,FD,F9,07,03,07,F9,F8,003A,9,-3,-7,7,3,7,-7,-8,58,57,8,16,10,100
3488,01,FD,F9,F6,05,02,06,02,003F,1,-3,-7,-10,5,2,6,2,63,0,8,16,10,100
3489,F8,FA,09,05,FA,FE,03,F9,FFA2,-8,-6,9,5,-6,-2,3,-7,-94,-42,8,16,10,100
3490,F9,F6,FF,FD,04,09,03,FF,002A,-7,-10,-1,-3,4,9,3,-1,42,-76,8,16,10,100
3491,08,FA,F8,F7,03,07,01,09,FFC3,8,-6,-8,-9,3,7,1,9,-61,-168,8,16,10,100
3492,F6,02,F8,02,FD,01,08,07,001A,-10,2,-8,2,-3,1,8,7,26,8,8,16,10,100
3493,02,09,F8,09,0A,07,02,00,000C,2,9,-8,9,10,7,2,0,12,79,8,16,10,100
3494,FB,F9,0A,FF,08,FC,04,05,003D,-5,-7,10,-1,8,-4,4,5,61,84,8,16,10,100
3495,FF,07,0A,04,07,06,07,FF,0009,-1,7,10,4,7,6,7,-1,9,110,8,16,10,100
3496,0A,0A,FC,01,02,07,0A,03,0055,10,10,-4,1,2,7,10,3,85,138,8,16,10,100
3497,FB,FF,F6,07,09,01,03,08,FFDE,-5,-1,-10,7,9,1,3,8,-34,-54,8,16,10,100
3498,00,FF,FF,FB,FB,F7,FE,01,FFB5,0,-1,-1,-5,-5,-9,-2,1,-75,-69,8,16,10,100
3499,02,FB,00,F9,00,FC,FC,06,FFAE,2,-5,0,-7,0,-4,-4,6,-82,-104,8,16,10,100
3500,07,0A,FC,0A,03,FD,04,07,0020,7,10,-4,10,3,-3,4,7,32,77,8,16,10,100
3501,07,F9,05,01,0A,04,05,F7,FFA2,7,-7,5,1,10,4,5,-9,-94,-36,8,16,10,100
3502,F6,FA,0A,FA,07,03,05,08,0033,-10,-6,10,-6,7,3,5,8,51,-35,8,16,10,100
3503,00,06,01,08,FF,03,06,0A,001B,0,6,1,8,-1,3,6,10,27,131,8,16,10,100
3504,FC,09,0A,04,FD,FF,F7,F7,FFDD,-4,9,10,4,-3,-1,-9,-9,-35,-158,8,16,10,100
3505,06,FC,F7,00,0A,08,F8,F9,0052,6,-4,-9,0,10,8,-8,-7,82,182,8,16,10,100
3506,FD,F9,F8,F6,06,0A,03,03,0051,-3,-7,-8,-10,6,10,3,3,81,-61,8,16,10,100
3507,F6,00,07,06,04,FF,F8,09,0032,-10,0,7,6,4,-1,-8,9,50,8,8,16,10,100
3508,FB,FE,FB,FC,F9,05,06,03,0046,-5,-2,-5,-4,-7,5,6,3,70,53,8,16,10,100
3509,00,FC,FD,F7,0A,0A,FE,F9,0030,0,-4,-3,-9,10,10,-2,-7,48,77,8,16,10,100
3510,FB,08,01,08,F7,03,05,FE,FFDD,-5,8,1,8,-9,3,5,-2,-35,23,8,16,10,100
3511,04,FC,03,FB,00,06,06,F9,FF9C,4,-4,3,-5,0,6,6,-7,-100,-71,8,16,10,100
3512,05,FA,FE,09,04,04,09,01,0022,5,-6,-2,9,4,4,9,1,34,21,8,16,10,100
3513,0A,FC,F8,0A,02,FF,08,FC,0005,10,-4,-8,10,2,-1,8,-4,5,-75,8,16,10,100
3514,08,01,F6,F7,FF,FE,FC,05,FFC3,8,1,-10,-9,-1,-2,-4,5,-61,-76,8,16,10,100
3515,0A,FF,F6,FA,FA,04,00,09,0049,10,-1,-10,-6,-6,4,0,9,73,-45,8,16,10,100
3516,FC,0A,FE,01,FD,FE,FB,08,FFC0,-4,10,-2,1,-3,-2,-5,8,-64,-54,8,16,10,100
3517,F9,FA,FA,0A,05,05,00,F6,FFE0,-7,-6,-6,10,5,5,0,-10,-32,-197,8,16,10,100
3518,F8,F9,F7,F6,04,F6,03,00,0024,-8,-7,-9,-10,4,-10,3,0,36,47,8,16,10,100
3519,03,FD,F9,03,FF,02,00,F8,0012,3,-3,-7,3,-1,2,0,-8,18,-15,8,16,10,100
3520,FB,01,04,F7,FA,FE,09,F7,FFEE,-5,1,4,-9,-6,-2,9,-9,-18,127,8,16,10,100
3521,F8,F9,FE,00,05,05,FB,04,FFF2,-8,-7,-2,0,5,5,-5,4,-14,-79,8,16,10,100
3522,07,08,05,F8,F7,FB,FF,FA,000A,7,8,5,-8,-9,-5,-1,-6,10,-50,8,16,10,100
3523,01,03,F9,FF,01,F9,08,F9,FFEF,1,3,-7,-1,1,-7,8,-7,-17,-86,8,16,10,100
3524,0A,FD,04,FF,05,F6,05,00,0035,10,-3,4,-1,5,-10,5,0,53,153,8,16,10,100
3525,FC,F9,FD,05,01,FB,00,FE,0022,-4,-7,-3,5,1,-5,0,-2,34,55,8,16,10,100
3526,F9,09,FB,02,0A,F7,00,04,0015,-7,9,-5,2,10,-9,0,4,21,-122,8,16,10,100
3527,02,08,06,FF,03,0A,FE,01,FFC1,2,8,6,-1,3,10,-2,1,-63,10,8,16,10,100
3528,01,FE,08,01,FE,01,F9,FE,0051,1,-2,8,1,-2,1,-7,-2,81,19,8,16,10,100
3529,00,03,F7,FB,FF,0A,F6,03,FFA2,0,3,-9,-5,-1,10,-10,3,-94,11,8,16,10,100
3530,FF,00,FB,FA,05,01,07,FB,0021,-1,0,-5,-6,5,1,7,-5,33,23,8,16,10,100
3531,F8,01,08,FC,F7,FE,F6,FA,0053,-8,1,8,-4,-9,-2,-10,-6,83,97,8,16,10,100
3532,0A,07,FF,FB,03,00,08,F7,FFC2,10,7,-1,-5,3,0,8,-9,-62,5,8,16,10,100
3533,F6,09,05,04,FC,F6,FA,F9,0005,-10,9,5,4,-4,-10,-6,-7,5,-103,8,16,10,100
3534,04,F7,F8,F7,08,09,FF,00,FFF8,4,-9,-8,-9,8,9,-1,0,-8,-49,8,16,10,100
3535,F9,FF,00,F7,FD,03,05,F9,FFD3,-7,-1,0,-9,-3,3,5,-7,-45,36,8,16,10,100
3536,05,05,F8,02,FF,05,02,04,004A,5,5,-8,2,-1,5,2,4,74,86,8,16,10,100
3537,F6,FD,F9,FA,06,07,FF,FF,FFE1,-10,-3,-7,-6,6,7,-1,-1,-31,-99,8,16,10,100
3538,03,09,00,07,02,06,02,07,0005,3,9,0,7,2,6,2,7,5,114,8,16,10,100
3539,F7,09,F6,00,06,F6,FF,09,FFEC,-9,9,-10,0,6,-10,-1,9,-20,-154,8,16,10,100
3540,0A,01,02,08,04,0A,F6,09,FFD3,10,1,2,8,4,10,-10,9,-45,57,8,16,10,100
3541,07,F8,F9,FF,F7,0A,FB,07,0030,7,-8,-7,-1,-9,10,-5,7,48,-67,8,16,10,100
3542,FC,04,FD,F7,04,00,FE,03,FFE3,-4,4,-3,-9,4,0,-2,3,-29,-66,8,16,10,100
3543,07,07,F8,02,09,0A,08,FD,001A,7,7,-8,2,9,10,8,-3,26,89,8,16,10,100
3544,FE,02,FF,0A,08,06,FD,01,0062,-2,2,-1,10,8,6,-3,1,98,107,8,16,10,100
3545,03,0A,FE,F9,FC,04,FD,00,000C,3,10,-2,-7,-4,4,-3,0,12,46,8,16,10,100
3546,FA,05,F8,05,04,02,06,02,FFAE,-6,5,-8,5,4,2,6,2,-82,-134,8,16,10,100
3547,FA,F9,FB,08,01,0A,02,FF,005F,-6,-7,-5,8,1,10,2,-1,95,1,8,16,10,100
3548,FA,FE,01,FC,07,F7,FF,00,FFE5,-6,-2,1,-4,7,-9,-1,0,-27,-52,8,16,10,100
3549,F9,09,FD,01,FA,FC,FC,04,FFDD,-7,9,-3,1,-6,-4,-4,4,-35,-13,8,16,10,100
3550,06,04,09,02,FE,FF,F9,F9,FFC8,6,4,9,2,-2,-1,-7,-7,-56,-149,8,16,10,100
3551,F6,FA,F8,04,09,00,FA,05,FF9F,-10,-6,-8,4,9,0,-6,5,-97,-119,8,16,10,100
3552,05,FC,F6,F8,F9,FA,FF,05,FFE7,5,-4,-10,-8,-7,-6,-1,5,-25,-66,8,16,10,100
3553,06,0A,09,F8,05,FF,FD,02,FFDF,6,10,9,-8,5,-1,-3,2,-33,-56,8,16,10,100
3554,F6,FC,03,FF,09,FF,09,FB,FFD3,-10,-4,3,-1,9,-1,9,-5,-45,-99,8,16,10,100
3555,F9,FF,06,FF,00,FD,FB,03,002C,-7,-1,6,-1,0,-3,-5,3,44,14,8,16,10,100
3556,0A,05,0A,F7,FB,05,07,FA,003C,10,5,10,-9,-5,5,7,-6,60,159,8,16,10,100
3557,02,FA,00,F9,01,F9,F7,00,FFD8,2,-6,0,-7,1,-7,-9,0,-40,4,8,16,10,100
3558,00,0A,F6,04,F9,06,FE,0A,000E,0,10,-10,4,-7,6,-2,10,14,134,8,16,10,100
3559,FE,FA,F8,F6,06,FF,F9,09,0038,-2,-6,-8,-10,6,-1,-7,9,56,16,8,16,10,100
3560,F9,FF,FC,F9,08,F7,FD,07,FFF4,-7,-1,-4,-7,8,-9,-3,7,-12,-96,8,16,10,100
3561,08,F6,01,04,02,FB,01,05,FFF4,8,-10,1,4,2,-5,1,5,-12,75,8,16,10,100
3562,F9,02,03,F8,FE,FE,07,04,FFE7,-7,2,3,-8,-2,-2,7,4,-25,-26,8,16,10,100
3563,F7,00,06,F8,FC,07,F8,04,005F,-9,0,6,-8,-4,7,-8,4,95,51,8,16,10,100
3564,02,FB,03,F7,07,07,FF,F9,FFB5,2,-5,3,-9,7,7,-1,-7,-75,-36,8,16,10,100
3565,05,F7,09,FE,F9,F9,FD,FE,0051,5,-9,9,-2,-7,-7,-3,-2,81,86,8,16,10,100
3566,F9,07,05,08,FE,00,03,FA,003C,-7,7,5,8,-2,0,3,-6,60,41,8,16,10,100
3567,F6,FC,09,FA,F9,07,FE,05,0037,-10,-4,9,-6,-7,7,-2,5,55,49,8,16,10,100
3568,FC,04,F7,00,01,04,FF,04,FFFF,-4,4,-9,0,1,4,-1,4,-1,20,8,16,10,100
3569,F9,04,FC,0A,05,FD,FA,0A,0039,-7,4,-4,10,5,-3,-6,10,57,134,8,16,10,100
3570,08,F6,03,FB,06,F6,FA,02,FFFF,8,-10,3,-5,6,-10,-6,2,-1,119,8,16,10,100
3571,08,FB,06,FF,FF,FB,FD,F6,0048,8,-5,6,-1,-1,-5,-3,-10,72,81,8,16,10,100
3572,FA,08,FB,FA,FA,0A,F9,FD,004A,-6,8,-5,-6,-6,10,-7,-3,74,243,8,16,10,100
3573,0A,0A,FD,05,F7,FA,04,F8,0039,10,10,-3,5,-9,-6,4,-8,57,-145,8,16,10,100
3574,09,07,0A,02,02,08,FA,09,FFC8,9,7,10,2,2,8,-6,9,-56,-24,8,16,10,100
3575,06,03,00,FC,09,FE,FB,FC,001E,6,3,0,-4,9,-2,-5,-4,30,94,8,16,10,100
3576,00,01,FC,03,09,FC,F7,00,FFE7,0,1,-4,3,9,-4,-9,0,-25,7,8,16,10,100
3577,FB,FB,05,0A,FC,02,0A,03,0043,-5,-5,5,10,-4,2,10,3,67,157,8,16,10,100
3578,F8,05,F6,FD,F9,08,01,09,FFB6,-8,5,-10,-3,-7,8,1,9,-74,-15,8,16,10,100
3579,F7,08,00,FC,F6,FE,FE,FA,FFF0,-9,8,0,-4,-10,-2,-2,-6,-16,82,8,16,10,100
3580,06,04,08,FB,F6,F6,FD,FF,0039,6,4,8,-5,-10,-10,-3,-1,57,-62,8,16,10,100
3581,FB,FF,08,F7,FA,F6,09,07,0042,-5,-1,8,-9,-6,-10,9,7,66,115,8,16,10,100
3582,FB,06,FE,F6,FA,FF,FF,06,0005,-5,6,-2,-10,-6,-1,-1,6,5,-29,8,16,10,100
3583,FE,F9,04,03,07,06,01,0A,FFAB,-2,-7,4,3,7,6,1,10,-85,-107,8,16,10,100
3584,03,06,F9,01,04,FC,FB,07,0017,3,6,-7,1,4,-4,-5,7,23,53,8,16,10,100
3585,04,F6,FF,FB,F6,FB,04,0A,FFB6,4,-10,-1,-5,-10,-5,4,10,-74,-118,8,16,10,100
3586,06,F6,08,08,0A,F9,F8,00,FFA4,6,-10,8,8,10,-7,-8,0,-92,-26,8,16,10,100
3587,00,FA,FD,0A,FA,F8,02,07,0036,0,-6,-3,10,-6,-8,2,7,54,166,8,16,10,100
3588,FB,F6,04,FD,06,09,F6,0A,0063,-5,-10,4,-3,6,9,-10,10,99,-91,8,16,10,100
3589,0A,03,09,08,08,F8,06,FA,0061,10,3,9,8,8,-8,6,-6,97,159,8,16,10,100
3590,07,09,F6,04,FB,04,FF,07,FFB5,7,9,-10,4,-5,4,-1,7,-75,-36,8,16,10,100
3591,06,06,08,FB,09,04,FA,04,0033,6,6,8,-5,9,4,-6,4,51,61,8,16,10,100
3592,FF,07,F6,FE,02,FC,06,03,FFBA,-1,7,-10,-2,2,-4,6,3,-70,-166,8,16,10,100
3593,08,FD,03,F9,02,FD,06,09,FFFF,8,-3,3,-7,2,-3,6,9,-1,-21,8,16,10,100
3594,06,F9,03,FC,02,03,FE,FB,0023,6,-7,3,-4,2,3,-2,-5,35,40,8,16,10,100
3595,02,05,FD,00,05,F7,FA,FA,002E,2,5,-3,0,5,-9,-6,-6,46,29,8,16,10,100
3596,FC,0A,03,F9,01,09,FF,01,0048,-4,10,3,-7,1,9,-1,1,72,148,8,16,10,100
3597,FB,02,06,08,F6,09,F7,F9,003F,-5,2,6,8,-10,9,-9,-7,63,21,8,16,10,100
3598,F6,FD,06,08,01,02,F6,FA,001A,-10,-3,6,8,1,2,-10,-6,26,-98,8,16,10,100
3599,F6,FA,08,FB,01,02,FA,F6,003B,-10,-6,8,-5,1,2,-6,-10,59,39,8,16,10,100
3600,02,FA,04,08,FB,03,FA,09,0060,2,-6,4,8,-5,3,-6,9,96,116,8,16,10,100
3601,FD,02,0A,07,FA,03,FA,F8,0023,-3,2,10,7,-6,3,-6,-8,35,-57,8,16,10,100
3602,FC,00,FD,06,FE,F7,FE,04,FFAE,-4,0,-3,6,-2,-9,-2,4,-82,-44,8,16,10,100
3603,08,00,00,F9,02,FC,07,FA,FFA2,8,0,0,-7,2,-4,7,-6,-94,-36,8,16,10,100
3604,03,05,07,05,03,01,08,FD,FFE5,3,5,7,5,3,1,8,-3,-27,28,8,16,10,100
3605,F7,F6,F9,04,07,01,05,04,0051,-9,-10,-7,4,7,1,5,4,81,-11,8,16,10,100
3606,FF,04,FF,F9,F8,03,06,06,0037,-1,4,-1,-7,-8,3,6,6,55,27,8,16,10,100
3607,09,FE,08,03,F6,0A,F9,F9,005D,9,-2,8,3,-10,10,-7,-7,93,-94,8,16,10,100
3608,F8,08,FA,FE,F6,FA,F7,F6,FFC2,-8,8,-6,-2,-10,-6,-9,-10,-62,44,8,16,10,100
3609,F9,09,FD,F6,F9,09,0A,05,0014,-7,9,-3,-10,-7,9,10,5,20,70,8,16,10,100
3610,09,F7,02,0A,F6,F8,02,02,0061,9,-9,2,10,-10,-8,2,2,97,103,8,16,10,100
3611,F7,05,01,03,F7,02,0A,07,0016,-9,5,1,3,-9,2,10,7,22,144,8,16,10,100
3612,FA,03,FE,07,03,FE,FB,02,FFBB,-6,3,-2,7,3,-2,-5,2,-69,-69,8,16,10,100
3613,00,05,02,00,FC,FD,0A,FF,005F,0,5,2,0,-4,-3,10,-1,95,100,8,16,10,100
3614,F7,F8,03,F6,FE,F6,F7,05,0011,-9,-8,3,-10,-2,-10,-9,5,17,38,8,16,10,100
3615,07,09,F6,F9,FD,03,FD,FE,0043,7,9,-10,-7,-3,3,-3,-2,67,117,8,16,10,100
3616,FE,FE,FA,09,00,FC,F6,F6,FFF1,-2,-2,-6,9,0,-4,-10,-10,-15,-37,8,16,10,100
3617,FA,F7,FA,F7,FC,09,F8,FA,FFB1,-6,-9,-6,-9,-4,9,-8,-6,-79,-34,8,16,10,100
3618,FB,0A,05,02,FD,02,06,F6,FFA9,-5,10,5,2,-3,2,6,-10,-87,-42,8,16,10,100
3619,05,FB,00,FA,07,08,F7,08,0027,5,-5,0,-6,7,8,-9,8,39,-14,8,16,10,100
3620,FF,0A,00,FA,09,06,05,FA,0009,-1,10,0,-6,9,6,5,-6,9,96,8,16,10,100
3621,0A,F7,05,03,F6,01,F9,FF,FFAD,10,-9,5,3,-10,1,-7,-1,-83,-230,8,16,10,100
3622,08,06,00,0A,02,03,04,FD,FFEB,8,6,0,10,2,3,4,-3,-21,-17,8,16,10,100
3623,07,FE,06,04,01,04,F9,04,005D,7,-2,6,4,1,4,-7,4,93,66,8,16,10,100
3624,07,02,00,04,F7,02,F9,05,003B,7,2,0,4,-9,2,-7,5,59,20,8,16,10,100
3625,06,01,09,FC,F8,FF,04,FC,004A,6,1,9,-4,-8,-1,4,-4,74,77,8,16,10,100
3626,01,FB,F6,09,F7,08,FE,FF,002D,1,-5,-10,9,-9,8,-2,-1,45,7,8,16,10,100
3627,02,0A,FB,07,FE,FA,0A,00,000F,2,10,-5,7,-2,-6,10,0,15,-99,8,16,10,100
3628,03,F9,FD,08,FA,F6,F6,FC,FFCE,3,-7,-3,8,-6,-10,-10,-4,-50,0,8,16,10,100
3629,FA,FE,F8,F9,FD,FC,00,F6,FFDC,-6,-2,-8,-7,-3,-4,0,-10,-36,60,8,16,10,100
3630,F6,F8,02,F6,FA,09,04,FE,0054,-10,-8,2,-10,-6,9,4,-2,84,100,8,16,10,100
3631,01,03,09,FD,FE,06,04,09,FFD1,1,3,9,-3,-2,6,4,9,-47,-22,8,16,10,100
3632,04,01,FF,07,07,01,FB,01,005B,4,1,-1,7,7,1,-5,1,91,132,8,16,10,100
3633,F8,F7,05,F9,06,F6,02,FA,0023,-8,-9,5,-7,6,-10,2,-6,35,129,8,16,10,100
3634,05,08,04,F7,FA,05,F9,0A,FFA0,5,8,4,-9,-6,5,-7,10,-96,-204,8,16,10,100
3635,F6,09,FA,F9,04,03,F8,0A,004A,-10,9,-6,-7,4,3,-8,10,74,39,8,16,10,100
3636,FA,09,FE,01,FF,08,FD,F9,003B,-6,9,-2,1,-1,8,-3,-7,59,136,8,16,10,100
3637,07,07,0A,FD,FB,FD,F9,02,0053,7,7,10,-3,-5,-3,-7,2,83,-49,8,16,10,100
3638,08,F7,FD,FD,02,F8,FA,02,FFD2,8,-9,-3,-3,2,-8,-6,2,-46,54,8,16,10,100
3639,01,04,F9,F9,03,09,00,09,FFE7,1,4,-7,-7,3,9,0,9,-25,-49,8,16,10,100
3640,01,05,F6,03,F6,FE,09,06,002B,1,5,-10,3,-10,-2,9,6,43,-49,8,16,10,100
3641,F7,05,F6,FA,03,08,FB,F6,0032,-9,5,-10,-6,3,8,-5,-10,50,173,8,16,10,100
3642,07,F6,F6,FC,0A,01,F8,F6,FFC6,7,-10,-10,-4,10,1,-8,-10,-58,122,8,16,10,100
3643,06,0A,F6,07,06,05,07,F6,0064,6,10,-10,7,6,5,7,-10,100,46,8,16,10,100
3644,F8,05,04,04,00,F7,F9,F9,0022,-8,5,4,4,0,-9,-7,-7,34,-67,8,16,10,100
3645,F7,F9,04,04,01,F9,FC,04,FFFC,-9,-7,4,4,1,-7,-4,4,-4,36,8,16,10,100
3646,FC,FD,09,05,06,07,07,F7,FFAD,-4,-3,9,5,6,7,7,-9,-83,-110,8,16,10,100
3647,07,FC,F9,08,09,06,FF,08,002D,7,-4,-7,8,9,6,-1,8,45,155,8,16,10,100
3648,F7,08,F8,F9,F8,F9,F7,04,FFA8,-9,8,-8,-7,-8,-7,-9,4,-88,-28,8,16,10,100
3649,FB,FE,FA,02,09,0A,06,04,000F,-5,-2,-6,2,9,10,6,4,15,-78,8,16,10,100
3650,08,01,F6,02,F7,F8,F6,01,0010,8,1,-10,2,-9,-8,-10,1,16,38,8,16,10,100
3651,08,F6,01,07,FB,08,01,01,FFC6,8,-10,1,7,-5,8,1,1,-58,-170,8,16,10,100
3652,FB,F9,01,FF,02,04,05,F8,FFB1,-5,-7,1,-1,2,4,5,-8,-79,-104,8,16,10,100
3653,FD,07,FF,FD,FA,06,FA,09,0043,-3,7,-1,-3,-6,6,-6,9,67,106,8,16,10,100
3654,00,FF,F8,FC,01,01,F8,00,FFEF,0,-1,-8,-4,1,1,-8,0,-17,46,8,16,10,100
3655,06,03,FD,FD,08,FC,06,05,FFF3,6,3,-3,-3,8,-4,6,5,-13,-10,8,16,10,100
3656,09,0A,07,F8,09,FF,FA,05,0041,9,10,7,-8,9,-1,-6,5,65,54,8,16,10,100
3657,F9,02,FB,FD,07,FA,FA,FC,003D,-7,2,-5,-3,7,-6,-6,-4,61,42,8,16,10,100
3658,04,00,07,FC,F6,FF,07,09,FFB9,4,0,7,-4,-10,-1,7,9,-71,-98,8,16,10,100
3659,05,FE,00,03,FD,05,FD,FD,FFF0,5,-2,0,3,-3,5,-3,-3,-16,-50,8,16,10,100
3660,FD,02,07,03,04,0A,07,01,FFD8,-3,2,7,3,4,10,7,1,-40,20,8,16,10,100
3661,06,F9,FF,F9,03,F8,03,07,000A,6,-7,-1,-7,3,-8,3,7,10,32,8,16,10,100
3662,F7,FA,03,02,FB,03,0A,FE,0031,-9,-6,3,2,-5,3,10,-2,49,102,8,16,10,100
3663,FA,FF,F8,FC,04,FA,05,F7,FFE0,-6,-1,-8,-4,4,-6,5,-9,-32,-54,8,16,10,100
3664,09,F6,F8,08,F6,01,07,FB,FFFF,9,-10,-8,8,-10,1,7,-5,-1,-197,8,16,10,100
3665,00,FC,FC,08,02,F7,08,FA,FFC2,0,-4,-4,8,2,-9,8,-6,-62,-106,8,16,10,100
3666,FA,02,08,02,0A,FC,09,06,FFE2,-6,2,8,2,10,-4,9,6,-30,-14,8,16,10,100
3667,0A,07,08,00,08,06,09,04,0038,10,7,8,0,8,6,9,4,56,250,8,16,10,100
3668,04,06,FE,F9,FE,00,FE,06,FFF1,4,6,-2,-7,-2,0,-2,6,-15,-61,8,16,10,100
3669,02,05,FA,06,FA,00,F9,FF,0049,2,5,-6,6,-6,0,-7,-1,73,97,8,16,10,100
3670,F8,FD,06,04,F8,01,08,07,004C,-8,-3,6,4,-8,1,8,7,76,213,8,16,10,100
3671,FB,F6,F9,FC,FB,F8,FB,F6,FFC3,-5,-10,-7,-4,-5,-8,-5,-10,-61,119,8,16,10,100
3672,FC,08,FE,03,FF,0A,F7,FA,FFF9,-4,8,-2,3,-1,10,-9,-6,-7,77,8,16,10,100
3673,FF,F8,05,FF,FF,F9,08,07,FFFB,-1,-8,5,-1,-1,-7,8,7,-5,85,8,16,10,100
3674,0A,02,FC,FB,FE,FE,F7,F6,FFD5,10,2,-4,-5,-2,-2,-9,-10,-43,19,8,16,10,100
3675,FE,08,FD,FE,F7,03,05,02,FFF2,-2,8,-3,-2,-9,3,5,2,-14,9,8,16,10,100
3676,0A,FC,09,06,04,01,00,00,0003,10,-4,9,6,4,1,0,0,3,39,8,16,10,100
3677,F7,04,FB,0A,06,05,FB,02,004D,-9,4,-5,10,6,5,-5,2,77,88,8,16,10,100
3678,08,FC,08,FA,FD,FF,02,FB,0037,8,-4,8,-6,-3,-1,2,-5,55,81,8,16,10,100
3679,FF,FE,0A,FC,07,F7,09,01,003D,-1,-2,10,-4,7,-9,9,1,61,158,8,16,10,100
3680,07,02,09,06,08,F9,00,FD,0039,7,2,9,6,8,-7,0,-3,57,81,8,16,10,100
3681,F6,FC,08,FB,03,04,01,00,FFC6,-10,-4,8,-5,3,4,1,0,-58,-96,8,16,10,100
3682,F8,03,06,00,09,08,FD,0A,FFDF,-8,3,6,0,9,8,-3,10,-33,-99,8,16,10,100
3683,0A,03,07,FD,F7,F8,FE,04,002D,10,3,7,-3,-9,-8,-2,4,45,-95,8,16,10,100
3684,FD,FC,FC,04,FC,F7,FD,02,0002,-3,-4,-4,4,-4,-9,-3,2,2,70,8,16,10,100
3685,FA,FD,FC,06,06,FD,04,F6,0055,-6,-3,-4,6,6,-3,4,-10,85,-18,8,16,10,100
3686,F9,F6,F8,08,02,F8,07,F8,005F,-7,-10,-8,8,2,-8,7,-8,95,41,8,16,10,100
3687,05,09,08,FF,01,FC,02,00,FFE0,5,9,8,-1,1,-4,2,0,-32,-47,8,16,10,100
3688,09,FD,06,FE,09,FC,F9,07,FFFD,9,-3,6,-2,9,-4,-7,7,-3,34,8,16,10,100
3689,05,03,FE,09,F7,F9,FD,04,0005,5,3,-2,9,-9,-7,-3,4,5,-19,8,16,10,100
3690,05,06,02,F8,09,F8,03,05,FFEB,5,6,2,-8,9,-8,3,5,-21,-58,8,16,10,100
3691,FC,08,07,09,05,FB,F7,07,FFCC,-4,8,7,9,5,-5,-9,7,-52,-112,8,16,10,100
3692,05,F8,FD,F8,00,F8,02,07,0020,5,-8,-3,-8,0,-8,2,7,32,34,8,16,10,100
3693,FD,F6,FD,FB,04,00,03,06,FFB9,-3,-10,-3,-5,4,0,3,6,-71,-122,8,16,10,100
3694,05,FE,08,06,05,06,F9,0A,0032,5,-2,8,6,5,6,-7,10,50,67,8,16,10,100
3695,01,0A,FB,08,FA,01,00,07,0037,1,10,-5,8,-6,1,0,7,55,115,8,16,10,100
3696,FE,FA,FF,01,FD,01,02,08,004E,-2,-6,-1,1,-3,1,2,8,78,84,8,16,10,100
3697,01,FB,FA,01,FB,FC,04,FA,0055,1,-5,-6,1,-5,-4,4,-6,85,70,8,16,10,100
3698,0A,FF,FE,09,F7,F7,05,07,FFA8,10,-1,-2,9,-9,-9,5,7,-88,-116,8,16,10,100
3699,F7,FB,00,03,03,FD,07,04,001A,-9,-5,0,3,3,-3,7,4,26,26,8,16,10,100
3700,04,05,03,01,0A,FA,01,FB,0048,4,5,3,1,10,-6,1,-5,72,80,8,16,10,100
3701,F7,07,FA,00,00,05,06,FF,001E,-9,7,-6,0,0,5,6,-1,30,29,8,16,10,100
3702,00,F9,09,04,F7,08,F8,05,0038,0,-7,9,4,-9,8,-8,5,56,-52,8,16,10,100
3703,0A,0A,02,FD,01,FC,07,F6,0053,10,10,2,-3,1,-4,7,-10,83,97,8,16,10,100
3704,02,02,F9,FE,FB,FE,07,04,003F,2,2,-7,-2,-5,-2,7,4,63,-8,8,16,10,100
3705,01,FB,FB,03,FA,FB,09,01,0030,1,-5,-5,3,-6,-5,9,1,48,25,8,16,10,100
3706,09,07,F7,00,03,02,08,09,FFD7,9,7,-9,0,3,2,8,9,-41,-72,8,16,10,100
3707,07,FF,08,01,06,0A,FD,FB,0019,7,-1,8,1,6,10,-3,-5,25,28,8,16,10,100
3708,09,FF,FD,FB,FE,FC,F9,09,FFEB,9,-1,-3,-5,-2,-4,-7,9,-21,-59,8,16,10,100
3709,03,FE,F9,F7,09,FB,FB,05,0001,3,-2,-7,-9,9,-5,-5,5,1,28,8,16,10,100
3710,F8,FA,07,08,FC,FF,04,07,001A,-8,-6,7,8,-4,-1,4,7,26,148,8,16,10,100
3711,F8,07,03,FA,F6,02,FA,02,FFDE,-8,7,3,-6,-10,2,-6,2,-34,30,8,16,10,100
3712,FB,00,06,FB,06,FC,05,F6,0011,-5,0,6,-5,6,-4,5,-10,17,67,8,16,10,100
3713,FB,05,03,04,F7,08,01,FB,FFA9,-5,5,3,4,-9,8,1,-5,-87,-19,8,16,10,100
3714,06,F7,06,F9,09,00,FB,F9,FFE7,6,-9,6,-7,9,0,-5,-7,-25,48,8,16,10,100
3715,05,FE,09,FB,FD,09,00,04,FFB8,5,-2,9,-5,-3,9,0,4,-72,-125,8,16,10,100
3716,01,FF,FF,06,FB,08,FB,09,0011,1,-1,-1,6,-5,8,-5,9,17,63,8,16,10,100
3717,FD,F8,FB,05,FD,F6,FB,FF,FFF7,-3,-8,-5,5,-3,-10,-5,-1,-9,100,8,16,10,100
3718,FF,00,04,FE,08,F7,05,FA,FFC9,-1,0,4,-2,8,-9,5,-6,-55,-31,8,16,10,100
3719,F9,F7,F8,FA,03,F6,04,F8,0057,-7,-9,-8,-6,3,-10,4,-8,87,172,8,16,10,100
3720,F6,FF,F8,03,FF,F7,FD,00,FFCA,-10,-1,-8,3,-1,-9,-3,0,-54,-11,8,16,10,100
3721,FE,09,02,F8,FF,FE,06,06,FFA7,-2,9,2,-8,-1,-2,6,6,-89,-141,8,16,10,100
3722,04,F6,F7,FE,FD,FA,04,06,FFAD,4,-10,-9,-2,-3,-6,4,6,-83,-83,8,16,10,100
3723,FE,F8,FE,F6,F9,FE,FD,FA,004E,-2,-8,-2,-10,-7,-2,-3,-6,78,174,8,16,10,100
3724,01,FE,F9,F7,00,FB,FF,04,FFF3,1,-2,-7,-9,0,-5,-1,4,-13,-32,8,16,10,100
3725,05,F6,F6,08,F9,02,05,02,FFEB,5,-10,-10,8,-7,2,5,2,-21,-110,8,16,10,100
3726,F7,FC,04,07,00,FA,F7,01,0045,-9,-4,4,7,0,-6,-9,1,69,64,8,16,10,100
3727,08,FF,07,05,02,F7,FE,0A,0055,8,-1,7,5,2,-9,-2,10,85,146,8,16,10,100
3728,F6,FF,0A,FC,FE,06,06,09,FFA5,-10,-1,10,-4,-2,6,6,9,-91,-53,8,16,10,100
3729,02,00,FB,FB,00,FD,FA,04,0043,2,0,-5,-5,0,-3,-6,4,67,77,8,16,10,100
3730,F6,04,06,FB,F6,02,F9,F8,FFC9,-10,4,6,-5,-10,2,-7,-8,-55,51,8,16,10,100
3731,07,FC,01,FB,04,FB,08,00,FFB4,7,-4,1,-5,4,-5,8,0,-76,-20,8,16,10,100
3732,05,04,04,04,05,F6,FB,05,0014,5,4,4,4,5,-10,-5,5,20,5,8,16,10,100
3733,05,FC,F8,06,F6,02,07,05,005A,5,-4,-8,6,-10,2,7,5,90,6,8,16,10,100
3734,0A,05,F8,FF,05,F8,06,00,FFAB,10,5,-8,-1,5,-8,6,0,-85,-123,8,16,10,100
3735,04,08,09,02,05,09,FA,0A,FFB5,4,8,9,2,5,9,-6,10,-75,-17,8,16,10,100
3736,FB,04,00,05,09,07,05,00,0037,-5,4,0,5,9,7,5,0,55,38,8,16,10,100
3737,F8,08,03,F8,05,F8,03,F8,0037,-8,8,3,-8,5,-8,3,-8,55,24,8,16,10,100
3738,00,02,0A,01,FC,03,FC,FB,FFF9,0,2,10,1,-4,3,-4,-5,-7,-46,8,16,10,100
3739,F9,FE,07,08,08,01,02,FD,0048,-7,-2,7,8,8,1,2,-3,72,4,8,16,10,100
3740,FE,F7,FC,08,01,09,F8,08,0038,-2,-9,-4,8,1,9,-8,8,56,69,8,16,10,100
3741,02,01,FA,FE,06,FF,03,01,0006,2,1,-6,-2,6,-1,3,1,6,-3,8,16,10,100
3742,06,FB,08,08,02,FA,FC,04,005C,6,-5,8,8,2,-6,-4,4,92,134,8,16,10,100
3743,FA,05,FD,FE,08,04,F9,FA,FFCB,-6,5,-3,-2,8,4,-7,-6,-53,-48,8,16,10,100
3744,06,05,FF,09,05,01,0A,FE,FFFA,6,5,-1,9,5,1,10,-2,-6,1,8,16,10,100
3745,F6,08,06,08,FB,05,FD,F9,FFE1,-10,8,6,8,-5,5,-3,-7,-31,-15,8,16,10,100
3746,0A,0A,07,07,F6,07,F7,FC,FFE8,10,10,7,7,-10,7,-9,-4,-24,-145,8,16,10,100
3747,F6,F7,FF,FE,00,FA,01,FB,FFF4,-10,-9,-1,-2,0,-6,1,-5,-12,51,8,16,10,100
3748,06,00,08,F8,FC,F8,F6,FC,FF9F,6,0,8,-8,-4,-8,-10,-4,-97,-169,8,16,10,100
3749,FD,F9,07,0A,09,00,01,04,0037,-3,-7,7,10,9,0,1,4,55,75,8,16,10,100
3750,00,05,03,09,06,04,05,F7,FFE3,0,5,3,9,6,4,5,-9,-29,-75,8,16,10,100
3751,00,FD,08,05,FC,00,F6,08,0039,0,-3,8,5,-4,0,-10,8,57,17,8,16,10,100
3752,0A,04,00,00,F7,00,FC,0A,FFBB,10,4,0,0,-9,0,-4,10,-69,-159,8,16,10,100
3753,0A,F9,FD,05,02,FC,06,F8,FFE3,10,-7,-3,5,2,-4,6,-8,-29,-39,8,16,10,100
3754,F8,F6,05,FE,00,07,FA,FF,0017,-8,-10,5,-2,0,7,-6,-1,23,-75,8,16,10,100
3755,FA,07,09,03,FD,FC,02,03,FFBC,-6,7,9,3,-3,-4,2,3,-68,-51,8,16,10,100
3756,F9,04,07,05,FC,FC,06,08,0009,-7,4,7,5,-4,-4,6,8,9,103,8,16,10,100
3757,08,05,F9,FB,00,09,06,F6,005C,8,5,-7,-5,0,9,6,-10,92,145,8,16,10,100
3758,FF,FE,F7,F9,F6,FE,FA,0A,FF9D,-1,-2,-9,-7,-10,-2,-6,10,-99,-101,8,16,10,100
3759,09,FD,F9,F6,00,08,F8,07,FFFC,9,-3,-7,-10,0,8,-8,7,-4,-42,8,16,10,100
3760,FB,07,FA,F7,05,06,04,09,0062,-5,7,-6,-9,5,6,4,9,98,10,8,16,10,100
3761,03,F6,FC,03,08,F6,05,05,001A,3,-10,-4,3,8,-10,5,5,26,145,8,16,10,100
3762,00,F6,F8,FF,00,08,06,F9,005F,0,-10,-8,-1,0,8,6,-7,95,-26,8,16,10,100
3763,F7,04,FD,04,07,05,00,F9,0042,-9,4,-3,4,7,5,0,-7,66,-5,8,16,10,100
3764,0A,09,03,FA,FB,08,FC,09,FFFA,10,9,3,-6,-5,8,-4,9,-6,-50,8,16,10,100
3765,06,03,03,F7,F7,00,05,06,FFB1,6,3,3,-9,-9,0,5,6,-79,-172,8,16,10,100
3766,04,F6,02,F7,05,FA,01,06,FF9E,4,-10,2,-9,5,-6,1,6,-98,-70,8,16,10,100
3767,FC,01,FC,FE,05,F8,08,FF,FFA6,-4,1,-4,-2,5,-8,8,-1,-90,-148,8,16,10,100
3768,03,06,FD,F6,FC,F6,FF,F6,0026,3,6,-3,-10,-4,-10,-1,-10,38,69,8,16,10,100
3769,09,FA,FF,0A,00,0A,01,00,0032,9,-6,-1,10,0,10,1,0,50,-11,8,16,10,100
3770,F6,FB,FD,FD,F8,FE,F8,F7,003E,-10,-5,-3,-3,-8,-2,-8,-9,62,203,8,16,10,100
3771,0A,FC,F7,FC,F9,00,09,05,FFA1,10,-4,-9,-4,-7,0,9,5,-95,-266,8,16,10,100
3772,02,FD,FD,04,01,FD,05,04,0062,2,-3,-3,4,1,-3,5,4,98,110,8,16,10,100
3773,07,FA,F7,0A,09,FC,FA,01,FFD8,7,-6,-9,10,9,-4,-6,1,-40,111,8,16,10,100
3774,02,FF,FE,04,03,09,07,F9,0026,2,-1,-2,4,3,9,7,-7,38,-7,8,16,10,100
3775,F8,FF,FB,06,F6,FD,FA,FC,FFB0,-8,-1,-5,6,-10,-3,-6,-4,-80,9,8,16,10,100
3776,03,F6,F6,F8,06,FB,F9,FB,0012,3,-10,-10,-8,6,-5,-7,-5,18,196,8,16,10,100
3777,02,F6,09,03,FB,01,08,04,FFD4,2,-10,9,3,-5,1,8,4,-44,20,8,16,10,100
3778,FB,04,FE,07,FC,07,F8,F8,FFC8,-5,4,-2,7,-4,7,-8,-8,-56,-48,8,16,10,100
3779,00,F6,FF,FC,FB,07,06,FB,0062,0,-10,-1,-4,-5,7,6,-5,98,42,8,16,10,100
3780,FF,09,05,03,0A,00,02,00,FFBC,-1,9,5,3,10,0,2,0,-68,-68,8,16,10,100
3781,F6,06,02,FE,FA,03,F8,FA,FFE2,-10,6,2,-2,-6,3,-8,-6,-30,44,8,16,10,100
3782,02,FB,00,FB,F6,08,F7,FE,002F,2,-5,0,-5,-10,8,-9,-2,47,-3,8,16,10,100
3783,FC,02,06,01,02,05,00,FA,FF9E,-4,2,6,1,2,5,0,-6,-98,-102,8,16,10,100
3784,FF,F6,03,FD,04,F6,FC,F9,0038,-1,-10,3,-3,4,-10,-4,-7,56,161,8,16,10,100
3785,01,05,09,08,FB,04,FD,06,0064,1,5,9,8,-5,4,-3,6,100,136,8,16,10,100
3786,FB,03,FA,F7,08,07,01,0A,FFFC,-5,3,-6,-9,8,7,1,10,-4,-119,8,16,10,100
3787,F8,05,F8,F8,FF,02,06,08,FFC7,-8,5,-8,-8,-1,2,6,8,-57,-151,8,16,10,100
3788,FF,05,F7,03,03,00,F8,01,FFCF,-1,5,-9,3,3,0,-8,1,-49,23,8,16,10,100
3789,01,05,FD,FB,05,08,06,FD,0038,1,5,-3,-5,5,8,6,-3,56,98,8,16,10,100
3790,01,04,06,03,F7,00,02,04,FFE8,1,4,6,3,-9,0,2,4,-24,-9,8,16,10,100
3791,06,07,0A,01,0A,0A,00,02,FFA6,6,7,10,1,10,10,0,2,-90,42,8,16,10,100
3792,F7,FE,FE,05,01,FA,F6,FF,FFA7,-9,-2,-2,5,1,-6,-10,-1,-89,-71,8,16,10,100
3793,F6,05,01,03,08,F8,F9,00,0002,-10,5,1,3,8,-8,-7,0,2,-125,8,16,10,100
3794,F9,05,05,F7,FC,FF,FD,FE,FFC8,-7,5,5,-9,-4,-1,-3,-2,-56,-30,8,16,10,100
3795,F9,04,FC,F9,FE,FA,F8,F8,FFCA,-7,4,-4,-7,-2,-6,-8,-8,-54,24,8,16,10,100
3796,F6,F8,06,08,FE,00,03,06,FFB4,-10,-8,6,8,-2,0,3,6,-76,10,8,16,10,100
3797,02,FD,03,02,FC,F9,06,F9,0054,2,-3,3,2,-4,-7,6,-7,84,101,8,16,10,100
3798,03,F6,F7,FD,FA,FD,03,F6,FFA1,3,-10,-9,-3,-6,-3,3,-10,-95,-80,8,16,10,100
3799,04,04,07,08,04,F6,FC,08,FFB2,4,4,7,8,4,-10,-4,8,-78,-66,8,16,10,100
3800,FB,FC,04,00,01,05,06,FA,0052,-5,-4,4,0,1,5,6,-6,82,81,8,16,10,100
3801,F6,07,07,01,FA,02,02,FA,FFC9,-10,7,7,1,-6,2,2,-6,-55,27,8,16,10,100
3802,F9,FF,FA,FC,09,01,06,03,FFBD,-7,-1,-6,-4,9,1,6,3,-67,-179,8,16,10,100
3803,02,02,01,06,05,FF,0A,F6,FFA2,2,2,1,6,5,-1,10,-10,-94,-136,8,16,10,100
3804,07,04,FA,FB,08,FF,FE,03,FFB6,7,4,-6,-5,8,-1,-2,3,-74,-25,8,16,10,100
3805,F6,FA,03,05,09,FD,FB,F8,0057,-10,-6,3,5,9,-3,-5,-8,87,-40,8,16,10,100
3806,09,00,F8,08,07,02,F7,F7,003E,9,0,-8,8,7,2,-9,-9,62,125,8,16,10,100
3807,FC,F7,F7,FD,FA,FD,01,07,FFA4,-4,-9,-9,-3,-6,-3,1,7,-92,-71,8,16,10,100
3808,06,0A,F9,FB,06,02,00,06,FFC0,6,10,-7,-5,6,2,0,6,-64,-38,8,16,10,100
3809,04,F8,06,04,04,06,FC,FA,FFF1,4,-8,6,4,4,6,-4,-6,-15,-95,8,16,10,100
3810,09,FC,FB,FE,F9,08,FE,02,FFE7,9,-4,-5,-2,-7,8,-2,2,-25,-114,8,16,10,100
3811,FD,01,FA,F8,FE,F6,03,FB,FFB0,-3,1,-6,-8,-2,-10,3,-5,-80,-62,8,16,10,100
3812,F6,09,05,08,00,07,F7,09,0044,-10,9,5,8,0,7,-9,9,68,158,8,16,10,100
3813,FD,FB,F9,F9,09,00,FC,F7,0011,-3,-5,-7,-7,9,0,-4,-9,17,81,8,16,10,100
3814,F7,09,04,F6,05,08,F6,02,FF9D,-9,9,4,-10,5,8,-10,2,-99,-132,8,16,10,100
3815,05,00,09,04,FF,02,FE,FA,FFC0,5,0,9,4,-1,2,-2,-6,-64,-111,8,16,10,100
3816,FB,0A,05,04,FA,F8,FF,F7,FFC0,-5,10,5,4,-6,-8,-1,-9,-64,-155,8,16,10,100
3817,08,08,06,F6,08,FE,F8,FC,FFEB,8,8,6,-10,8,-2,-8,-4,-21,19,8,16,10,100
3818,F9,F8,03,FE,F7,F9,FD,FF,0039,-7,-8,3,-2,-9,-7,-3,-1,57,169,8,16,10,100
3819,FE,FB,02,FF,05,FE,07,06,0031,-2,-5,2,-1,5,-2,7,6,49,57,8,16,10,100
3820,FB,F7,07,06,02,F7,05,0A,FFD8,-5,-9,7,6,2,-9,5,10,-40,126,8,16,10,100
3821,F8,FC,08,FA,0A,FE,05,FE,0002,-8,-4,8,-6,10,-2,5,-2,2,-18,8,16,10,100
3822,04,FA,06,FC,0A,FB,F8,F6,FFA4,4,-6,6,-4,10,-5,-8,-10,-92,-30,8,16,10,100
3823,FF,04,FF,FF,09,FB,FB,01,001A,-1,4,-1,-1,9,-5,-5,1,26,1,8,16,10,100
3824,F6,FE,FE,FE,F9,09,FC,02,FFD3,-10,-2,-2,-2,-7,9,-4,2,-45,11,8,16,10,100
3825,0A,FA,F6,03,09,03,F7,F9,FFC1,10,-6,-10,3,9,3,-9,-7,-63,78,8,16,10,100
3826,FB,08,00,00,F8,00,FA,00,FFBD,-5,8,0,0,-8,0,-6,0,-67,-27,8,16,10,100
3827,00,00,05,00,09,01,04,09,FFEF,0,0,5,0,9,1,4,9,-17,3,8,16,10,100
3828,03,01,01,05,F9,04,00,00,0030,3,1,1,5,-7,4,0,0,48,31,8,16,10,100
3829,05,02,FB,FA,06,08,FA,08,FFC6,5,2,-5,-6,6,8,-6,8,-58,-30,8,16,10,100
3830,F7,0A,F9,07,04,02,FC,02,FFCB,-9,10,-7,7,4,2,-4,2,-53,-27,8,16,10,100
3831,04,F6,02,02,02,FB,FC,FF,003D,4,-10,2,2,2,-5,-4,-1,61,109,8,16,10,100
3832,09,F6,01,00,F7,FE,09,F7,0057,9,-10,1,0,-9,-2,9,-9,87,35,8,16,10,100
3833,02,F8,04,FD,04,02,F7,FB,FFB2,2,-8,4,-3,4,2,-9,-5,-78,-107,8,16,10,100
3834,01,05,00,F9,02,FF,02,03,FFF6,1,5,0,-7,2,-1,2,3,-10,-34,8,16,10,100
3835,FD,0A,FB,00,07,01,05,01,0043,-3,10,-5,0,7,1,5,1,67,31,8,16,10,100
3836,06,F8,FA,02,FA,F9,09,01,0062,6,-8,-6,2,-6,-7,9,1,98,66,8,16,10,100
3837,00,F9,FD,05,04,03,FC,F8,005E,0,-7,-3,5,4,3,-4,-8,94,45,8,16,10,100
3838,F7,FB,FD,05,FD,01,06,FB,FFCA,-9,-5,-3,5,-3,1,6,-5,-54,-75,8,16,10,100
3839,05,00,09,FC,00,09,FF,06,0046,5,0,9,-4,0,9,-1,6,70,37,8,16,10,100
3840,02,0A,07,F9,00,0A,09,F6,FFA1,2,10,7,-7,0,10,9,-10,-95,138,8,16,10,100
3841,05,04,04,F7,05,01,04,FF,0061,5,4,4,-9,5,1,4,-1,97,151,8,16,10,100
3842,FB,0A,01,06,FF,FF,F9,04,0002,-5,10,1,6,-1,-1,-7,4,2,14,8,16,10,100
3843,05,F6,07,09,05,F6,F8,08,0007,5,-10,7,9,5,-10,-8,8,7,148,8,16,10,100
3844,FD,07,05,FE,FA,03,02,F6,FFAB,-3,7,5,-2,-6,3,2,-10,-85,-16,8,16,10,100
3845,01,FD,FE,FB,09,06,08,0A,FF9E,1,-3,-2,-5,9,6,8,10,-98,-173,8,16,10,100
3846,F8,04,F6,FB,03,03,FC,08,0041,-8,4,-10,-5,3,3,-4,8,65,53,8,16,10,100
3847,06,FF,03,08,FE,F8,FF,FD,FFD3,6,-1,3,8,-2,-8,-1,-3,-45,-76,8,16,10,100
3848,0A,07,FB,FD,0A,09,01,02,001B,10,7,-5,-3,10,9,1,2,27,179,8,16,10,100
3849,02,FA,07,00,FD,09,FB,FB,FFCF,2,-6,7,0,-3,9,-5,-5,-49,-144,8,16,10,100
3850,07,F9,07,04,F6,02,0A,FF,FFF3,7,-7,7,4,-10,2,10,-1,-13,-31,8,16,10,100
3851,0A,FB,07,07,F8,08,07,FC,000B,10,-5,7,7,-8,8,7,-4,11,-88,8,16,10,100
3852,FC,F7,04,FA,FC,03,F7,F9,0054,-4,-9,4,-6,-4,3,-9,-7,84,79,8,16,10,100
3853,F7,04,FB,F7,07,FF,F7,F6,0043,-9,4,-5,-9,7,-1,-9,-10,67,135,8,16,10,100
3854,F6,FB,F9,00,01,02,08,05,FFD8,-10,-5,-7,0,1,2,8,5,-40,-116,8,16,10,100
3855,01,02,07,F9,08,01,F8,FE,FFD5,1,2,7,-7,8,1,-8,-2,-43,-75,8,16,10,100
3856,FD,09,08,07,09,F6,00,FE,FFC5,-3,9,8,7,9,-10,0,-2,-59,-190,8,16,10,100
3857,0A,02,08,F9,FF,04,06,05,0011,10,2,8,-7,-1,4,6,5,17,28,8,16,10,100
3858,05,07,F8,FE,F7,09,FD,FC,FFA6,5,7,-8,-2,-9,9,-3,-4,-90,-40,8,16,10,100
3859,FC,FC,F7,FE,FA,F9,F9,0A,FF9E,-4,-4,-9,-2,-6,-7,-7,10,-98,-3,8,16,10,100
3860,0A,F7,00,F6,FA,F6,03,FD,0034,10,-9,0,-10,-6,-10,3,-3,52,112,8,16,10,100
3861,FD,FB,03,FB,FE,F7,04,06,FFB2,-3,-5,3,-5,-2,-9,4,6,-78,-45,8,16,10,100
3862,F8,FC,04,00,08,F6,FC,0A,001F,-8,-4,4,0,8,-10,-4,10,31,-9,8,16,10,100
3863,FF,FD,FB,FE,FD,FC,00,FB,FFB6,-1,-3,-5,-2,-3,-4,0,-5,-74,-49,8,16,10,100
3864,FF,FC,09,06,05,06,F9,F7,0022,-1,-4,9,6,5,6,-7,-9,34,-112,8,16,10,100
3865,FD,F9,F8,FA,04,FB,07,01,004C,-3,-7,-8,-6,4,-5,7,1,76,37,8,16,10,100
3866,03,03,08,FE,F8,00,04,03,FFF1,3,3,8,-2,-8,0,4,3,-15,-13,8,16,10,100
3867,F7,F8,FA,FA,FD,02,F7,08,FFBB,-9,-8,-6,-6,-3,2,-9,8,-69,-52,8,16,10,100
3868,F8,FD,F6,F9,FC,FC,09,0A,FFB4,-8,-3,-10,-7,-4,-4,9,10,-76,-192,8,16,10,100
3869,F9,FC,0A,09,09,08,08,05,005E,-7,-4,10,9,9,8,8,5,94,124,8,16,10,100
3870,03,02,01,FA,F7,FF,F9,05,0004,3,2,1,-6,-9,-1,-7,5,4,-62,8,16,10,100
3871,07,05,0A,02,00,03,02,F6,0063,7,5,10,2,0,3,2,-10,99,114,8,16,10,100
3872,FA,00,01,01,FC,05,08,00,FFCB,-6,0,1,1,-4,5,8,0,-53,-21,8,16,10,100
3873,FA,FF,FB,03,FF,F9,F7,F7,FFB3,-6,-1,-5,3,-1,-7,-9,-9,-77,-46,8,16,10,100
3874,02,01,FB,01,03,FB,FC,00,FFF0,2,1,-5,1,3,-5,-4,0,-16,5,8,16,10,100
3875,06,04,06,F8,FA,01,F7,FC,FFC7,6,4,6,-8,-6,1,-9,-4,-57,-111,8,16,10,100
3876,03,F6,00,F7,00,F6,02,06,0012,3,-10,0,-9,0,-10,2,6,18,64,8,16,10,100
3877,0A,FB,00,F6,04,FA,01,05,FFE0,10,-5,0,-10,4,-6,1,5,-32,-12,8,16,10,100
3878,FA,FA,F6,FC,FC,09,0A,FB,FFA9,-6,-6,-10,-4,-4,9,10,-5,-87,-197,8,16,10,100
3879,05,FB,02,06,F8,FB,06,04,FFB6,5,-5,2,6,-8,-5,6,4,-74,-53,8,16,10,100
3880,00,FA,02,00,F8,02,FA,F9,002B,0,-6,2,0,-8,2,-6,-7,43,19,8,16,10,100
3881,03,F6,06,F9,05,FD,0A,0A,FFE7,3,-10,6,-7,5,-3,10,10,-25,10,8,16,10,100
3882,01,F8,FE,09,F6,09,FE,F6,0014,1,-8,-2,9,-10,9,-2,-10,20,-148,8,16,10,100
3883,FF,05,02,02,F8,F9,F9,FE,FFBB,-1,5,2,2,-8,-7,-7,-2,-69,-114,8,16,10,100
3884,03,FF,FD,FB,F6,08,07,03,FFC5,3,-1,-3,-5,-10,8,7,3,-59,-133,8,16,10,100
3885,03,07,F9,FC,0A,06,05,06,FFE0,3,7,-7,-4,10,6,5,6,-32,-19,8,16,10,100
3886,01,F8,0A,04,0A,FD,F7,03,0013,1,-8,10,4,10,-3,-9,3,19,-25,8,16,10,100
3887,05,0A,00,05,02,FA,F7,FF,FFF0,5,10,0,5,2,-6,-9,-1,-16,-71,8,16,10,100
3888,F8,FF,03,06,FD,FA,FA,FB,FFF4,-8,-1,3,6,-3,-6,-6,-5,-12,-30,8,16,10,100
3889,FD,00,F7,02,00,FB,02,02,0050,-3,0,-9,2,0,-5,2,2,80,66,8,16,10,100
3890,0A,FF,FE,0A,FA,0A,F7,FE,FFF8,10,-1,-2,10,-6,10,-9,-2,-8,-80,8,16,10,100
3891,09,02,00,01,06,FB,09,07,FFEE,9,2,0,1,6,-5,9,7,-18,33,8,16,10,100
3892,F8,01,F6,FE,0A,01,F9,F8,FFC4,-8,1,-10,-2,10,1,-7,-8,-60,-53,8,16,10,100
3893,05,FF,01,FB,08,F8,02,03,FFC7,5,-1,1,-5,8,-8,2,3,-57,-22,8,16,10,100
3894,F6,FB,F6,0A,02,FE,F9,F6,000F,-10,-5,-10,10,2,-2,-7,-10,15,-25,8,16,10,100
3895,09,04,FC,02,FD,FC,FD,02,003F,9,4,-4,2,-3,-4,-3,2,63,36,8,16,10,100
3896,07,06,F6,FB,F8,00,09,00,FFAE,7,6,-10,-5,-8,0,9,0,-82,-228,8,16,10,100
3897,FA,09,00,04,06,03,05,F9,FFA2,-6,9,0,4,6,3,5,-7,-94,-131,8,16,10,100
3898,08,06,00,FC,F9,F8,FF,08,FFEA,8,6,0,-4,-7,-8,-1,8,-22,-158,8,16,10,100
3899,01,FD,FB,07,FB,FF,FD,04,0038,1,-3,-5,7,-5,-1,-3,4,56,97,8,16,10,100
3900,FF,03,F6,FD,FB,F6,F6,F8,0008,-1,3,-10,-3,-5,-10,-10,-8,8,107,8,16,10,100
3901,04,09,F6,09,F6,08,0A,FB,001F,4,9,-10,9,-10,8,10,-5,31,-82,8,16,10,100
3902,06,0A,08,03,FB,08,FF,00,FFE6,6,10,8,3,-5,8,-1,0,-26,16,8,16,10,100
3903,F7,09,01,FD,09,09,0A,05,FFCA,-9,9,1,-3,9,9,10,5,-54,-59,8,16,10,100
3904,05,F9,06,01,04,02,01,05,0000,5,-7,6,1,4,2,1,5,0,17,8,16,10,100
3905,08,F9,F8,07,FE,09,0A,FC,FFE4,8,-7,-8,7,-2,9,10,-4,-28,-215,8,16,10,100
3906,FF,F8,0A,02,FE,FC,06,04,FFB6,-1,-8,10,2,-2,-4,6,4,-74,28,8,16,10,100
3907,F7,06,09,08,FA,FB,05,05,0004,-9,6,9,8,-6,-5,5,5,4,113,8,16,10,100
3908,FB,03,F6,F8,FB,FD,FB,03,FFEA,-5,3,-10,-8,-5,-3,-5,3,-22,20,8,16,10,100
3909,FB,FE,00,08,05,06,FA,06,0004,-5,-2,0,8,5,6,-6,6,4,15,8,16,10,100
3910,FB,F7,02,02,01,F8,08,FE,FFCD,-5,-9,2,2,1,-8,8,-2,-51,28,8,16,10,100
3911,FE,02,05,FD,F7,04,03,FD,0006,-2,2,5,-3,-9,4,3,-3,6,56,8,16,10,100
3912,FA,F9,04,FF,08,F9,05,0A,FFEA,-6,-7,4,-1,8,-7,5,10,-22,-11,8,16,10,100
3913,06,FB,FE,08,02,F8,F6,FA,0053,6,-5,-2,8,2,-8,-10,-6,83,107,8,16,10,100
3914,06,FA,03,02,05,0A,F8,07,0007,6,-6,3,2,5,10,-8,7,7,-33,8,16,10,100
3915,FE,FF,06,0A,09,08,09,0A,FFD8,-2,-1,6,10,9,8,9,10,-40,88,8,16,10,100
3916,04,08,05,05,FE,01,0A,F8,0019,4,8,5,5,-2,1,10,-8,25,35,8,16,10,100
3917,FB,09,F7,00,09,05,01,06,001A,-5,9,-9,0,9,5,1,6,26,17,8,16,10,100
3918,F7,08,08,09,06,03,02,07,0016,-9,8,8,9,6,3,2,7,22,71,8,16,10,100
3919,04,F8,06,F6,FD,04,FF,05,005A,4,-8,6,-10,-3,4,-1,5,90,-10,8,16,10,100
3920,F6,F7,FF,05,02,06,09,FD,FFEA,-10,-9,-1,5,2,6,9,-3,-22,-120,8,16,10,100
3921,FF,FB,02,0A,0A,FE,FD,08,FFD1,-1,-5,2,10,10,-2,-3,8,-47,27,8,16,10,100
3922,08,FB,08,07,05,01,F7,06,FFDD,8,-5,8,7,5,1,-9,6,-35,-30,8,16,10,100
3923,01,FB,01,07,02,FD,03,07,FFFF,1,-5,1,7,2,-3,3,7,-1,68,8,16,10,100
3924,00,0A,F8,06,0A,06,05,03,FFBB,0,10,-8,6,10,6,5,3,-69,-31,8,16,10,100
3925,F9,04,07,F9,FD,0A,09,02,0016,-7,4,7,-7,-3,10,9,2,22,132,8,16,10,100
3926,03,04,F7,FF,06,07,F8,07,FFB8,3,4,-9,-1,6,7,-8,7,-72,39,8,16,10,100
3927,F9,04,01,FC,05,FB,F8,FD,FFDB,-7,4,1,-4,5,-5,-8,-3,-37,-88,8,16,10,100
3928,08,F8,04,FD,03,09,FA,05,0012,8,-8,4,-3,3,9,-6,5,18,-69,8,16,10,100
3929,03,FC,F8,00,FF,09,FA,FB,FFA7,3,-4,-8,0,-1,9,-6,-5,-89,-80,8,16,10,100
3930,08,02,FD,F6,01,04,07,FE,003A,8,2,-3,-10,1,4,7,-2,58,73,8,16,10,100
3931,FF,F6,01,F8,03,0A,FD,05,0035,-1,-10,1,-8,3,10,-3,5,53,-93,8,16,10,100
3932,F6,06,FD,02,02,04,FF,00,FFDD,-10,6,-3,2,2,4,-1,0,-35,-28,8,16,10,100
3933,09,08,F8,FF,07,FA,0A,01,FFCE,9,8,-8,-1,7,-6,10,1,-50,-116,8,16,10,100
3934,0A,FA,F7,FF,F7,FD,04,FE,FFF8,10,-6,-9,-1,-9,-3,4,-2,-8,-114,8,16,10,100
3935,F6,FD,03,0A,F6,F9,08,04,FFC1,-10,-3,3,10,-10,-7,8,4,-63,122,8,16,10,100
3936,07,FC,FA,FA,FB,04,FC,0A,0062,7,-4,-6,-6,-5,4,-4,10,98,11,8,16,10,100
3937,FE,03,03,01,06,FE,00,09,0021,-2,3,3,1,6,-2,0,9,33,24,8,16,10,100
3938,00,09,01,FE,02,07,FA,FE,FFDB,0,9,1,-2,2,7,-6,-2,-37,24,8,16,10,100
3939,FF,F6,06,00,07,F7,08,F9,001C,-1,-10,6,0,7,-9,8,-7,28,159,8,16,10,100
3940,06,F9,07,FD,F8,FC,F7,02,0025,6,-7,7,-3,-8,-4,-9,2,37,-52,8,16,10,100
3941,FF,05,F9,F9,07,05,09,0A,FFDC,-1,5,-7,-7,7,5,9,10,-36,-151,8,16,10,100
3942,03,FD,F8,F8,FE,02,07,02,0056,3,-3,-8,-8,-2,2,7,2,86,2,8,16,10,100
3943,FF,00,09,05,09,00,00,00,FFFA,-1,0,9,5,9,0,0,0,-6,-15,8,16,10,100
3944,FC,F6,05,FE,F7,03,06,F6,FFEB,-4,-10,5,-2,-9,3,6,-10,-21,35,8,16,10,100
3945,FE,FC,09,0A,07,00,F9,03,FF9D,-2,-4,9,10,7,0,-7,3,-99,-146,8,16,10,100
3946,01,00,FF,F9,00,FE,04,05,FF9F,1,0,-1,-7,0,-2,4,5,-97,-136,8,16,10,100
3947,06,09,F8,FB,04,F9,FD,FC,002D,6,9,-8,-5,4,-7,-3,-4,45,50,8,16,10,100
3948,FD,FE,00,09,F8,F9,FC,07,002D,-3,-2,0,9,-8,-7,-4,7,45,146,8,16,10,100
3949,02,00,F8,FC,03,F6,FA,00,0061,2,0,-8,-4,3,-10,-6,0,97,151,8,16,10,100
3950,FD,05,08,F8,0A,FB,FC,04,FFAF,-3,5,8,-8,10,-5,-4,4,-81,-200,8,16,10,100
3951,F6,FF,FD,FD,06,FE,03,09,FFD3,-10,-1,-3,-3,6,-2,3,9,-45,-139,8,16,10,100
3952,FB,09,FC,00,FA,07,02,07,FFDF,-5,9,-4,0,-6,7,2,7,-33,52,8,16,10,100
3953,FA,04,F9,F7,00,FC,08,07,0021,-6,4,-7,-9,0,-4,8,7,33,-102,8,16,10,100
3954,FD,0A,0A,FE,F9,07,04,FF,FFD3,-3,10,10,-2,-7,7,4,-1,-45,88,8,16,10,100
3955,03,FC,F8,01,08,FE,02,08,0055,3,-4,-8,1,8,-2,2,8,85,109,8,16,10,100
3956,FC,FB,04,FE,09,07,FC,09,000C,-4,-5,4,-2,9,7,-4,9,12,-93,8,16,10,100
3957,04,08,FB,02,FC,03,FC,F9,FFBC,4,8,-5,2,-4,3,-4,-7,-68,-54,8,16,10,100
3958,04,05,03,03,FC,03,0A,00,0041,4,5,3,3,-4,3,10,0,65,94,8,16,10,100
3959,F9,06,F6,F6,F8,F9,09,07,0003,-7,6,-10,-10,-8,-7,9,7,3,-143,8,16,10,100
3960,0A,04,08,F9,04,F7,02,01,FF9F,10,4,8,-7,4,-9,2,1,-97,-84,8,16,10,100
3961,09,F9,F7,08,0A,F7,0A,07,FFB5,9,-7,-9,8,10,-9,10,7,-75,44,8,16,10,100
3962,FF,F7,FD,09,07,FB,09,09,005D,-1,-9,-3,9,7,-5,9,9,93,185,8,16,10,100
3963,FC,08,02,00,FE,FE,08,07,FFF8,-4,8,2,0,-2,-2,8,7,-8,0,8,16,10,100
3964,00,06,FF,09,07,FB,06,FD,FFA5,0,6,-1,9,7,-5,6,-3,-91,-154,8,16,10,100
3965,F9,08,00,09,03,07,00,06,FF9C,-7,8,0,9,3,7,0,6,-100,-11,8,16,10,100
3966,F7,FB,FC,FF,F7,FA,04,F9,FFD8,-9,-5,-4,-1,-9,-6,4,-7,-40,62,8,16,10,100
3967,0A,F6,FC,00,01,01,F8,01,0062,10,-10,-4,0,1,1,-8,1,98,130,8,16,10,100
3968,FD,FB,F8,01,01,FC,FA,F6,FFD7,-3,-5,-8,1,1,-4,-6,-10,-41,14,8,16,10,100
3969,FE,F7,0A,F6,09,01,01,07,FFD7,-2,-9,10,-10,9,1,1,7,-41,-128,8,16,10,100
3970,03,00,F6,08,06,04,FA,01,FFEB,3,0,-10,8,6,4,-6,1,-21,65,8,16,10,100
3971,F7,FF,09,FA,09,08,03,01,FFE0,-9,-1,9,-6,9,8,3,1,-32,-100,8,16,10,100
3972,FB,03,05,02,F8,F9,FF,FA,000C,-5,3,5,2,-8,-7,-1,-6,12,14,8,16,10,100
3973,08,05,07,FA,00,FA,00,F6,0040,8,5,7,-6,0,-6,0,-10,64,94,8,16,10,100
3974,FA,02,F7,01,06,08,F9,09,0048,-6,2,-9,1,6,8,-7,9,72,124,8,16,10,100
3975,FC,07,04,07,07,FF,FB,F8,0029,-4,7,4,7,7,-1,-5,-8,41,-70,8,16,10,100
3976,01,03,05,FA,05,FC,F7,FC,FFD7,1,3,5,-6,5,-4,-9,-4,-41,-69,8,16,10,100
3977,F9,F8,F6,01,04,F8,FA,FD,FFED,-7,-8,-10,1,4,-8,-6,-3,-19,74,8,16,10,100
3978,F8,04,F8,F7,05,00,FF,F6,FFCE,-8,4,-8,-9,5,0,-1,-10,-50,8,8,16,10,100
3979,F7,04,FE,F7,F6,08,09,04,FFE8,-9,4,-2,-9,-10,8,9,4,-24,44,8,16,10,100
3980,05,FD,07,FA,FE,00,09,F8,FFED,5,-3,7,-6,-2,0,9,-8,-19,82,8,16,10,100
3981,05,FE,FE,07,FF,FF,07,00,FFAA,5,-2,-2,7,-1,-1,7,0,-86,-103,8,16,10,100
3982,01,FD,02,05,09,0A,08,F8,0022,1,-3,2,5,9,10,8,-8,34,-11,8,16,10,100
3983,F7,00,07,04,F9,09,07,FE,004B,-9,0,7,4,-7,9,7,-2,75,179,8,16,10,100
3984,FF,00,08,03,0A,09,FE,06,FFA4,-1,0,8,3,10,9,-2,6,-92,-100,8,16,10,100
3985,02,0A,FE,F6,09,01,0A,FA,FFF8,2,10,-2,-10,9,1,10,-6,-8,60,8,16,10,100
3986,FE,0A,FB,00,04,09,09,F7,0042,-2,10,-5,0,4,9,9,-9,66,103,8,16,10,100
3987,01,FA,FB,02,FD,04,0A,09,FFEB,1,-6,-5,2,-3,4,10,9,-21,-80,8,16,10,100
3988,03,FC,08,F6,03,02,FD,07,0033,3,-4,8,-10,3,2,-3,7,51,-42,8,16,10,100
3989,06,FA,06,06,03,04,FD,03,002E,6,-6,6,6,3,4,-3,3,46,40,8,16,10,100
3990,05,F6,04,F9,F7,FB,F9,FC,FFD5,5,-10,4,-7,-9,-5,-7,-4,-43,-38,8,16,10,100
3991,F9,00,FE,00,F9,FD,FF,FD,FFEE,-7,0,-2,0,-7,-3,-1,-3,-18,33,8,16,10,100
3992,02,FD,FD,05,FD,03,05,02,000A,2,-3,-3,5,-3,3,5,2,10,-10,8,16,10,100
3993,05,03,FE,F8,01,FB,07,FB,FFD7,5,3,-2,-8,1,-5,7,-5,-41,-25,8,16,10,100
3994,FF,00,F9,08,F8,04,07,02,FFD3,-1,0,-7,8,-8,4,7,2,-45,-70,8,16,10,100
3995,08,FA,F6,08,FD,F7,FB,00,FFFF,8,-6,-10,8,-3,-9,-5,0,-1,79,8,16,10,100
3996,08,04,FE,F6,0A,FC,02,00,0013,8,4,-2,-10,10,-4,2,0,19,79,8,16,10,100
3997,05,01,FA,02,04,FF,01,FF,0013,5,1,-6,2,4,-1,1,-1,19,30,8,16,10,100
3998,06,FE,FB,04,05,05,0A,FF,FFAA,6,-2,-5,4,5,5,10,-1,-86,-120,8,16,10,100
3999,F8,09,01,F9,06,04,FD,08,FFC1,-8,9,1,-7,6,4,-3,8,-63,-134,8,16,10,100
4000,FC,F8,F8,06,0A,FF,FD,06,FFC1,-4,-8,-8,6,10,-1,-3,6,-63,-35,8,16,10,100
4001,03,F6,07,09,03,00,FD,FF,004F,3,-10,7,9,3,0,-3,-1,79,58,8,16,10,100
4002,F9,F6,04,F6,01,FE,FA,02,FFD1,-7,-10,4,-10,1,-2,-6,2,-47,-78,8,16,10,100
4003,02,07,FC,F9,FD,FB,05,FC,004D,2,7,-4,-7,-3,-5,5,-4,77,44,8,16,10,100
4004,FB,FE,FE,03,03,09,01,03,0026,-5,-2,-2,3,3,9,1,3,38,12,8,16,10,100
4005,FD,02,FA,FD,04,F7,02,FD,FFBA,-3,2,-6,-3,4,-9,2,-3,-70,-103,8,16,10,100
4006,FF,08,FE,FB,F8,09,05,F6,003C,-1,8,-2,-5,-8,9,5,-10,60,180,8,16,10,100
4007,FF,FC,08,04,FB,F6,07,F9,0018,-1,-4,8,4,-5,-10,7,-7,24,97,8,16,10,100
4008,FF,FB,06,F9,F9,0A,FE,F6,FFE6,-1,-5,6,-7,-7,10,-2,-10,-26,-11,8,16,10,100
4009,08,01,F7,08,07,F6,04,F9,FFE7,8,1,-9,8,7,-10,4,-7,-25,-71,8,16,10,100
4010,FF,FF,F7,F7,F7,03,06,F6,FFE6,-1,-1,-9,-9,-9,3,6,-10,-26,16,8,16,10,100
4011,F6,FE,FC,06,F6,06,F9,09,0018,-10,-2,-4,6,-10,6,-7,9,24,194,8,16,10,100
4012,02,FF,06,F9,03,0A,08,F9,0042,2,-1,6,-7,3,10,8,-7,66,159,8,16,10,100
4013,0A,FA,08,FD,F7,F6,03,03,004D,10,-6,8,-3,-9,-10,3,3,77,62,8,16,10,100
4014,03,FE,07,06,FA,FF,08,FB,FFC6,3,-2,7,6,-6,-1,8,-5,-58,-48,8,16,10,100
4015,0A,08,08,FB,FA,06,FC,08,FFE4,10,8,8,-5,-6,6,-4,8,-28,-112,8,16,10,100
4016,FD,FB,F9,05,FE,FC,00,FF,FFD4,-3,-5,-7,5,-2,-4,0,-1,-44,-23,8,16,10,100
4017,0A,F6,02,0A,03,F9,04,FB,FFAC,10,-10,2,10,3,-7,4,-5,-84,-26,8,16,10,100
4018,09,0A,FD,FB,07,FF,FB,00,FFB2,9,10,-3,-5,7,-1,-5,0,-78,-10,8,16,10,100
4019,08,FD,FE,04,08,09,0A,05,0025,8,-3,-2,4,8,9,10,5,37,74,8,16,10,100
4020,FA,00,02,F6,04,06,03,06,FFFF,-6,0,2,-10,4,6,3,6,-1,-79,8,16,10,100
4021,FF,04,05,FE,04,0A,FF,FB,0044,-1,4,5,-2,4,10,-1,-5,68,109,8,16,10,100
4022,05,05,F6,09,02,04,09,F6,FFB3,5,5,-10,9,2,4,9,-10,-77,-227,8,16,10,100
4023,00,FE,0A,04,F7,FD,05,00,0022,0,-2,10,4,-9,-3,5,0,34,90,8,16,10,100
4024,06,05,F7,07,F8,F6,FD,FA,0017,6,5,-9,7,-8,-10,-3,-6,23,-90,8,16,10,100
4025,FF,F6,FE,00,00,FC,06,FB,0001,-1,-10,-2,0,0,-4,6,-5,1,29,8,16,10,100
4026,01,0A,03,07,FB,01,09,06,FFA1,1,10,3,7,-5,1,9,6,-95,-21,8,16,10,100
4027,04,08,F6,F8,FE,03,FF,F6,0024,4,8,-10,-8,-2,3,-1,-10,36,142,8,16,10,100
4028,F7,09,05,07,04,0A,02,01,0024,-9,9,5,7,4,10,2,1,36,107,8,16,10,100
4029,00,F8,FE,02,09,09,04,F9,001F,0,-8,-2,2,9,9,4,-7,31,-63,8,16,10,100
4030,03,08,FA,F9,00,05,04,0A,FFBC,3,8,-6,-7,0,5,4,10,-68,-122,8,16,10,100
4031,00,FC,F6,F6,03,0A,04,FA,FFC3,0,-4,-10,-10,3,10,4,-6,-61,-81,8,16,10,100
4032,FD,01,04,FB,01,FA,08,00,FF9F,-3,1,4,-5,1,-6,8,0,-97,-74,8,16,10,100
4033,07,F9,05,FC,01,05,F8,FA,004F,7,-7,5,-4,1,5,-8,-6,79,35,8,16,10,100
4034,08,F9,F6,04,01,F7,0A,08,FFC7,8,-7,-10,4,1,-9,10,8,-57,-54,8,16,10,100
4035,00,04,02,03,FD,F6,FD,03,004A,0,4,2,3,-3,-10,-3,3,74,37,8,16,10,100
4036,05,F7,F8,06,FA,F9,FD,09,0037,5,-9,-8,6,-6,-7,-3,9,55,166,8,16,10,100
4037,0A,07,02,F9,08,06,06,08,0026,10,7,2,-7,8,6,6,8,38,116,8,16,10,100
4038,FB,09,08,FF,05,F6,09,07,004D,-5,9,8,-1,5,-10,9,7,77,27,8,16,10,100
4039,FD,FC,06,FF,05,FE,09,05,0026,-3,-4,6,-1,5,-2,9,5,38,80,8,16,10,100
4040,FB,07,F7,0A,F9,06,FB,06,0056,-5,7,-9,10,-7,6,-5,6,86,268,8,16,10,100
4041,F7,09,FF,02,FE,FF,07,FE,FFE1,-9,9,-1,2,-2,-1,7,-2,-31,-33,8,16,10,100
4042,05,FC,F7,F6,01,FF,FA,00,FFE1,5,-4,-9,-10,1,-1,-6,0,-31,32,8,16,10,100
4043,F9,05,FC,00,FB,FC,F9,06,FFDF,-7,5,-4,0,-5,-4,-7,6,-33,10,8,16,10,100
4044,06,03,FD,02,FA,02,FE,FF,0017,6,3,-3,2,-6,2,-2,-1,23,-3,8,16,10,100
4045,F8,05,00,04,08,09,F6,FA,001B,-8,5,0,4,8,9,-10,-6,27,-16,8,16,10,100
4046,0A,FB,02,F7,F8,05,01,08,0025,10,-5,2,-9,-8,5,1,8,37,-138,8,16,10,100
4047,FE,F9,01,FC,08,01,FB,08,FFC1,-2,-7,1,-4,8,1,-5,8,-63,-123,8,16,10,100
4048,FF,01,F7,01,04,01,04,04,0031,-1,1,-9,1,4,1,4,4,49,14,8,16,10,100
4049,FD,FE,04,FE,07,08,F6,07,0026,-3,-2,4,-2,7,8,-10,7,38,-53,8,16,10,100
4050,FA,0A,06,FF,00,01,FD,06,001D,-6,10,6,-1,0,1,-3,6,29,15,8,16,10,100
4051,03,00,01,F8,FA,09,FC,03,005B,3,0,1,-8,-6,9,-4,3,91,45,8,16,10,100
4052,00,03,05,FC,FC,07,F9,F7,FFD2,0,3,5,-4,-4,7,-7,-9,-46,-24,8,16,10,100
4053,07,05,FD,06,FC,03,00,F7,FFAB,7,5,-3,6,-4,3,0,-9,-85,-152,8,16,10,100
4054,00,04,F8,0A,0A,FD,05,03,FFED,0,4,-8,10,10,-3,5,3,-19,-41,8,16,10,100
4055,02,01,02,FF,FE,F8,FC,F9,0043,2,1,2,-1,-2,-8,-4,-7,67,54,8,16,10,100
4056,01,04,F9,F9,07,03,01,FA,0062,1,4,-7,-7,7,3,1,-6,98,152,8,16,10,100
4057,F7,06,0A,FE,05,04,00,FE,FFC9,-9,6,10,-2,5,4,0,-2,-55,-72,8,16,10,100
4058,04,FC,01,08,03,FC,FA,F7,004B,4,-4,1,8,3,-4,-6,-9,75,25,8,16,10,100
4059,FB,01,00,07,04,04,04,07,000A,-5,1,0,7,4,4,4,7,10,43,8,16,10,100
4060,FC,06,FC,F8,F9,04,06,F9,0056,-4,6,-4,-8,-7,4,6,-7,86,170,8,16,10,100
4061,F6,01,FD,07,F9,FB,08,06,FF9C,-10,1,-3,7,-7,-5,8,6,-100,-17,8,16,10,100
4062,F7,F7,08,0A,0A,F9,07,08,FFB5,-9,-9,8,10,10,-7,7,8,-75,34,8,16,10,100
4063,FF,FB,F7,FD,03,06,FF,F8,0018,-1,-5,-9,-3,3,6,-1,-8,24,24,8,16,10,100
4064,FF,04,FC,F7,03,03,F8,FF,FFD8,-1,4,-4,-9,3,3,-8,-1,-40,10,8,16,10,100
4065,FD,01,07,F9,FD,F9,03,0A,FFB0,-3,1,7,-7,-3,-7,3,10,-80,-127,8,16,10,100
4066,F6,02,F7,0A,F9,03,07,00,FF9D,-10,2,-9,10,-7,3,7,0,-99,-86,8,16,10,100
4067,F9,FD,FC,FD,F9,FB,FA,08,FFC3,-7,-3,-4,-3,-7,-5,-6,8,-61,3,8,16,10,100
4068,09,00,FC,FC,06,02,F8,FC,003A,9,0,-4,-4,6,2,-8,-4,58,160,8,16,10,100
4069,07,F9,02,07,F9,00,08,00,0011,7,-7,2,7,-7,0,8,0,17,-16,8,16,10,100
4070,00,02,06,01,02,03,F8,02,FFEC,0,2,6,1,2,3,-8,2,-20,-60,8,16,10,100
4071,09,07,FB,00,FD,03,F7,F7,0061,9,7,-5,0,-3,3,-9,-9,97,136,8,16,10,100
4072,06,01,FC,FC,07,07,F6,07,0061,6,1,-4,-4,7,7,-10,7,97,158,8,16,10,100
4073,09,FB,FF,0A,F6,FE,09,08,FFB1,9,-5,-1,10,-10,-2,9,8,-79,-88,8,16,10,100
4074,FD,05,F8,FC,01,F6,FD,F7,004D,-3,5,-8,-4,1,-10,-3,-9,77,84,8,16,10,100
4075,05,01,01,F7,00,05,00,F9,FFA2,5,1,1,-9,0,5,0,-7,-94,-26,8,16,10,100
4076,FD,F9,00,04,FD,07,FD,09,0045,-3,-7,0,4,-3,7,-3,9,69,65,8,16,10,100
4077,FA,F7,FF,01,FB,FD,07,F6,FFFA,-6,-9,-1,1,-5,-3,7,-10,-6,34,8,16,10,100
4078,03,02,0A,00,FF,02,03,0A,0022,3,2,10,0,-1,2,3,10,34,65,8,16,10,100
4079,07,F6,FF,FC,F6,08,F9,FD,FFDE,7,-10,-1,-4,-10,8,-7,-3,-34,-165,8,16,10,100
4080,09,00,07,09,02,01,FB,02,FFFE,9,0,7,9,2,1,-5,2,-2,-1,8,16,10,100
4081,00,F7,08,FA,FE,F8,FB,FA,FFDC,0,-9,8,-6,-2,-8,-5,-6,-36,32,8,16,10,100
4082,07,F8,F9,05,09,05,09,FC,0022,7,-8,-7,5,9,5,9,-4,34,-26,8,16,10,100
4083,FB,F9,01,FD,01,02,00,08,FFC1,-5,-7,1,-3,1,2,0,8,-63,-106,8,16,10,100
4084,08,09,06,01,06,F9,FC,07,002E,8,9,6,1,6,-7,-4,7,46,14,8,16,10,100
4085,FD,07,02,04,02,F7,F8,0A,FFEE,-3,7,2,4,2,-9,-8,10,-18,-63,8,16,10,100
4086,08,FD,FC,07,F6,00,01,F6,0053,8,-3,-4,7,-10,0,1,-10,83,-71,8,16,10,100
4087,03,F7,F9,08,05,05,02,03,0052,3,-9,-7,8,5,5,2,3,82,62,8,16,10,100
4088,08,00,09,FA,01,FA,0A,0A,003B,8,0,9,-6,1,-6,10,10,59,97,8,16,10,100
4089,FB,0A,09,07,F7,01,FC,FA,FFE1,-5,10,9,7,-9,1,-4,-6,-31,-54,8,16,10,100
4090,01,F7,07,FF,07,06,05,04,FFF2,1,-9,7,-1,7,6,5,4,-14,-30,8,16,10,100
4091,FA,F6,FF,04,09,F9,F7,FF,0008,-6,-10,-1,4,9,-7,-9,-1,8,29,8,16,10,100
4092,FE,F8,0A,F9,FB,0A,09,FF,0011,-2,-8,10,-7,-5,10,9,-1,17,44,8,16,10,100
4093,FD,06,F6,01,0A,FC,07,04,0021,-3,6,-10,1,10,-4,7,4,33,-87,8,16,10,100
4094,09,09,02,03,F6,F6,06,F9,FFC8,9,9,2,3,-10,-10,6,-7,-56,-245,8,16,10,100
4095,04,F8,02,01,00,05,F6,F6,FFC1,4,-8,2,1,0,5,-10,-10,-63,-133,8,16,10,100
4096,FB,02,05,03,00,F9,09,FB,0006,-5,2,5,3,0,-7,9,-5,6,22,8,16,10,100
4097,FA,04,F6,FF,F8,F9,FB,02,FFD8,-6,4,-10,-1,-8,-7,-5,2,-40,28,8,16,10,100
4098,00,F9,F8,FE,09,01,FD,F9,FFEB,0,-7,-8,-2,9,1,-3,-7,-21,10,8,16,10,100
4099,FD,FB,00,09,06,FC,FB,06,FFC4,-3,-5,0,9,6,-4,-5,6,-60,-4,8,16,10,100
4100,02,05,F7,06,FD,FC,F9,FB,004F,2,5,-9,6,-3,-4,-7,-5,79,86,8,16,10,100
4101,08,07,F7,0A,0A,03,F8,FB,0010,8,7,-9,10,10,3,-8,-5,16,139,8,16,10,100
4102,08,05,FD,07,FD,08,FA,06,FFEF,8,5,-3,7,-3,8,-6,6,-17,59,8,16,10,100
4103,F6,04,0A,FB,FE,03,02,04,FFE1,-10,4,10,-5,-2,3,2,4,-31,1,8,16,10,100
4104,09,08,06,07,F9,02,06,09,003C,9,8,6,7,-7,2,6,9,60,112,8,16,10,100
4105,0A,04,07,FD,F8,07,F9,09,0005,10,4,7,-3,-8,7,-7,9,5,-123,8,16,10,100
4106,FC,07,FB,F9,01,F6,01,05,005E,-4,7,-5,-7,1,-10,1,5,94,-20,8,16,10,100
4107,F7,F8,05,02,FE,FA,FC,FB,005B,-9,-8,5,2,-2,-6,-4,-5,91,127,8,16,10,100
4108,09,02,05,F6,F7,03,FB,FF,005E,9,2,5,-10,-9,3,-5,-1,94,4,8,16,10,100
4109,09,FA,FE,FA,06,07,04,FE,FFA3,9,-6,-2,-6,6,7,4,-2,-93,-77,8,16,10,100
4110,07,FD,FD,F8,08,FC,FD,06,FFCF,7,-3,-3,-8,8,-4,-3,6,-49,-20,8,16,10,100
4111,00,FB,08,07,FD,04,FE,05,FFEE,0,-5,8,7,-3,4,-2,5,-18,-19,8,16,10,100
4112,05,FD,FD,08,02,00,01,09,FFB2,5,-3,-3,8,2,0,1,9,-78,1,8,16,10,100
4113,F7,06,FF,0A,FE,FF,F8,02,0018,-9,6,-1,10,-2,-1,-8,2,24,64,8,16,10,100
4114,F7,FC,07,F9,FD,FB,03,00,FFA1,-9,-4,7,-7,-3,-5,3,0,-95,-27,8,16,10,100
4115,05,02,FF,F9,F8,01,02,03,FFEC,5,2,-1,-7,-8,1,2,3,-20,-81,8,16,10,100
4116,FA,FD,F8,F7,06,02,05,01,FFE6,-6,-3,-8,-9,6,2,5,1,-26,-117,8,16,10,100
4117,03,F9,FA,F6,00,0A,FA,07,FFE8,3,-7,-6,-10,0,10,-6,7,-24,-128,8,16,10,100
4118,04,00,07,03,00,FA,09,FA,FFDB,4,0,7,3,0,-6,9,-6,-37,8,8,16,10,100
4119,FC,FE,04,01,05,F9,04,F6,FFBF,-4,-2,4,1,5,-7,4,-10,-65,-65,8,16,10,100
4120,0A,F9,FE,0A,FC,04,FD,FE,000F,10,-7,-2,10,-4,4,-3,-2,15,-67,8,16,10,100
4121,07,00,FC,03,F7,05,0A,06,000D,7,0,-4,3,-9,5,10,6,13,-72,8,16,10,100
4122,05,FA,FF,0A,02,FA,08,01,FFBE,5,-6,-1,10,2,-6,8,1,-66,-18,8,16,10,100
4123,F7,03,02,02,F6,FD,F8,FA,FFD6,-9,3,2,2,-10,-3,-8,-6,-42,11,8,16,10,100
4124,03,FF,F7,FA,08,01,01,F9,FFC0,3,-1,-9,-6,8,1,1,-7,-64,-8,8,16,10,100
4125,08,FE,FD,09,FE,FD,FB,05,FFDD,8,-2,-3,9,-2,-3,-5,5,-35,15,8,16,10,100
4126,F9,03,FF,03,FF,FA,02,0A,0056,-7,3,-1,3,-1,-6,2,10,86,103,8,16,10,100
4127,FB,FE,F6,09,09,00,03,05,FFCB,-5,-2,-10,9,9,0,3,5,-53,-83,8,16,10,100
4128,0A,FC,FA,00,06,05,01,F8,FFC6,10,-4,-6,0,6,5,1,-8,-58,-24,8,16,10,100
4129,07,06,01,08,03,08,F9,00,0035,7,6,1,8,3,8,-7,0,53,115,8,16,10,100
4130,F8,02,00,F9,09,08,00,FF,FFEE,-8,2,0,-7,9,8,0,-1,-18,-67,8,16,10,100
4131,FF,FA,05,00,09,F7,02,08,FFB0,-1,-6,5,0,9,-9,2,8,-80,-25,8,16,10,100
4132,FC,08,F8,FE,0A,F6,FD,06,FFC8,-4,8,-8,-2,10,-10,-3,6,-56,-164,8,16,10,100
4133,04,F8,0A,07,04,05,F8,F6,002A,4,-8,10,7,4,5,-8,-10,42,-132,8,16,10,100
4134,F9,FF,F8,09,FD,F8,F8,FD,003E,-7,-1,-8,9,-3,-8,-8,-3,62,128,8,16,10,100
4135,F8,FC,F7,03,02,FB,F7,F6,FFBE,-8,-4,-9,3,2,-5,-9,-10,-66,-11,8,16,10,100
4136,FB,F9,0A,0A,00,F9,F6,F9,0055,-5,-7,10,10,0,-7,-10,-7,85,-36,8,16,10,100
4137,F8,04,F6,01,FF,09,08,08,0059,-8,4,-10,1,-1,9,8,8,89,61,8,16,10,100
4138,FF,05,04,02,F9,02,FA,FB,FFF5,-1,5,4,2,-7,2,-6,-5,-11,-28,8,16,10,100
4139,F7,F7,06,01,FF,01,00,FF,0050,-9,-9,6,1,-1,1,0,-1,80,79,8,16,10,100
4140,06,FD,09,F7,F8,F9,03,FF,0000,6,-3,9,-9,-8,-7,3,-1,0,9,8,16,10,100
4141,09,07,F6,FC,01,FB,FE,03,0059,9,7,-10,-4,1,-5,-2,3,89,71,8,16,10,100
4142,04,0A,F8,03,09,FF,FD,08,0033,4,10,-8,3,9,-1,-3,8,51,125,8,16,10,100
4143,FE,F8,F9,09,F9,F7,05,FE,0055,-2,-8,-7,9,-7,-9,5,-2,85,118,8,16,10,100
4144,FA,04,09,0A,06,09,03,04,0024,-6,4,9,10,6,9,3,4,36,103,8,16,10,100
4145,00,05,FE,F8,FB,04,FC,0A,FFD6,0,5,-2,-8,-5,4,-4,10,-42,-94,8,16,10,100
4146,0A,02,FF,09,FC,06,04,09,0058,10,2,-1,9,-4,6,4,9,88,137,8,16,10,100
4147,00,0A,FD,FE,01,08,F7,0A,0038,0,10,-3,-2,1,8,-9,10,56,143,8,16,10,100
4148,F9,03,FD,FD,F7,04,07,FD,005C,-7,3,-3,-3,-9,4,7,-3,92,155,8,16,10,100
4149,09,07,FB,09,04,01,05,FE,0000,9,7,-5,9,4,1,5,-2,0,0,8,16,10,100
4150,FF,F8,FB,02,02,07,08,02,FFD6,-1,-8,-5,2,2,7,8,2,-42,-136,8,16,10,100
4151,F9,FA,09,02,04,F7,FA,08,0051,-7,-6,9,2,4,-9,-6,8,81,69,8,16,10,100
4152,09,09,F8,09,FD,0A,07,FC,FFED,9,9,-8,9,-3,10,7,-4,-19,-48,8,16,10,100
4153,F9,05,F9,F7,FF,FE,FF,FB,FFAA,-7,5,-7,-9,-1,-2,-1,-5,-86,-37,8,16,10,100
4154,02,FA,FD,04,FB,0A,09,03,0025,2,-6,-3,4,-5,10,9,3,37,-48,8,16,10,100
4155,FF,06,F8,09,00,0A,F9,F7,FFC8,-1,6,-8,9,0,10,-7,-9,-56,-21,8,16,10,100
4156,FF,FF,00,0A,FD,F9,0A,03,FFB5,-1,-1,0,10,-3,-7,10,3,-75,-35,8,16,10,100
4157,FC,F6,00,F9,F8,F8,FB,02,0042,-4,-10,0,-7,-8,-8,-5,2,66,164,8,16,10,100
4158,FE,FD,08,02,07,FA,F9,00,001B,-2,-3,8,2,7,-6,-7,0,27,-25,8,16,10,100
4159,07,FE,FD,F8,02,FF,F6,FB,002D,7,-2,-3,-8,2,-1,-10,-5,45,131,8,16,10,100
4160,06,04,FF,FA,00,F8,F8,FC,001E,6,4,-1,-6,0,-8,-8,-4,30,30,8,16,10,100
4161,08,FA,02,FC,FB,01,01,FA,FFF7,8,-6,2,-4,-5,1,1,-6,-9,-29,8,16,10,100
4162,08,FD,F7,FB,03,07,F8,00,FFCF,8,-3,-9,-5,3,7,-8,0,-49,26,8,16,10,100
4163,09,FF,F8,08,09,01,FD,FC,0060,9,-1,-8,8,9,1,-3,-4,96,168,8,16,10,100
4164,04,06,05,04,FE,01,03,08,FFD2,4,6,5,4,-2,1,3,8,-46,-1,8,16,10,100
4165,00,05,FE,F8,F7,05,00,01,0011,0,5,-2,-8,-9,5,0,1,17,34,8,16,10,100
4166,F9,06,FE,01,02,F7,0A,05,FFD4,-7,6,-2,1,2,-9,10,5,-44,-127,8,16,10,100
4167,06,02,09,05,00,F7,06,FA,FF9E,6,2,9,5,0,-9,6,-6,-98,-92,8,16,10,100
4168,06,F8,09,07,FE,0A,F8,FE,0040,6,-8,9,7,-2,10,-8,-2,64,-114,8,16,10,100
4169,03,03,F7,FB,01,F9,F6,F7,0059,3,3,-9,-5,1,-7,-10,-9,89,206,8,16,10,100
4170,09,02,01,03,FB,F7,02,F9,001F,9,2,1,3,-5,-9,2,-7,31,-51,8,16,10,100
4171,F6,05,04,07,02,00,05,F8,FFB5,-10,5,4,7,2,0,5,-8,-75,-131,8,16,10,100
4172,07,FC,02,FC,FE,F7,F8,08,FF9F,7,-4,2,-4,-2,-9,-8,8,-97,-123,8,16,10,100
4173,0A,09,05,FA,0A,0A,FD,03,0025,10,9,5,-6,10,10,-3,3,37,194,8,16,10,100
4174,FD,F6,07,02,FD,FE,06,F9,005A,-3,-10,7,2,-3,-2,6,-7,90,147,8,16,10,100
4175,0A,F8,00,FF,FB,00,F8,08,FFB8,10,-8,0,-1,-5,0,-8,8,-72,-130,8,16,10,100
4176,FC,01,01,FA,F6,06,08,FE,003F,-4,1,1,-6,-10,6,8,-2,63,129,8,16,10,100
4177,F8,F6,02,00,0A,F7,05,FB,FFD5,-8,-10,2,0,10,-9,5,-5,-43,-23,8,16,10,100
4178,F9,06,F7,F8,FB,02,FD,07,0014,-7,6,-9,-8,-5,2,-3,7,20,38,8,16,10,100
4179,06,FD,F9,09,04,FA,F8,07,003E,6,-3,-7,9,4,-6,-8,7,62,223,8,16,10,100
4180,FA,F8,07,09,06,FE,01,08,0050,-6,-8,7,9,6,-2,1,8,80,139,8,16,10,100
4181,01,FF,08,00,FF,FF,F8,07,0054,1,-1,8,0,-1,-1,-8,7,84,20,8,16,10,100
4182,FA,07,FB,00,01,03,F7,01,FFAF,-6,7,-5,0,1,3,-9,1,-81,-21,8,16,10,100
4183,07,FB,02,F8,FB,FB,06,FA,FFCA,7,-5,2,-8,-5,-5,6,-6,-54,-4,8,16,10,100
4184,06,04,FA,02,F9,06,FF,FC,0038,6,4,-6,2,-7,6,-1,-4,56,36,8,16,10,100
4185,F7,F9,08,FD,02,00,07,FB,FFD3,-9,-7,8,-3,2,0,7,-5,-45,8,8,16,10,100
4186,F9,FC,FD,00,F9,FC,F8,FB,FFAF,-7,-4,-3,0,-7,-4,-8,-5,-81,8,8,16,10,100
4187,05,FC,FE,FC,F9,09,07,FE,002D,5,-4,-2,-4,-7,9,7,-2,45,-32,8,16,10,100
4188,08,FE,F6,F6,03,05,07,03,0054,8,-2,-10,-10,3,5,7,3,84,-2,8,16,10,100
4189,F6,FD,08,0A,FC,06,06,0A,0045,-10,-3,8,10,-4,6,6,10,69,239,8,16,10,100
4190,F9,FF,F8,0A,03,F9,F7,F7,FFAD,-7,-1,-8,10,3,-7,-9,-9,-83,-115,8,16,10,100
4191,FF,03,06,08,FE,0A,F8,07,FFFC,-1,3,6,8,-2,10,-8,7,-4,36,8,16,10,100
4192,00,08,01,FC,FD,07,00,07,0063,0,8,1,-4,-3,7,0,7,99,127,8,16,10,100
4193,09,06,F9,F9,06,09,07,F9,FFD2,9,6,-7,-7,6,9,7,-7,-46,62,8,16,10,100
4194,F7,F6,0A,FC,F9,F8,0A,09,0050,-9,-10,10,-4,-7,-8,10,9,80,287,8,16,10,100
4195,02,FC,FC,01,F6,06,FE,0A,0021,2,-4,-4,1,-10,6,-2,10,33,7,8,16,10,100
4196,06,FD,09,FC,F8,00,01,0A,0021,6,-3,9,-4,-8,0,1,10,33,-46,8,16,10,100
4197,07,F6,05,09,03,02,01,F6,FFDD,7,-10,5,9,3,2,1,-10,-35,-119,8,16,10,100
4198,F9,FF,FD,FE,F7,06,05,FB,0050,-7,-1,-3,-2,-9,6,5,-5,80,132,8,16,10,100
4199,F9,04,FF,F9,F8,FE,F7,FD,0057,-7,4,-1,-7,-8,-2,-9,-3,87,165,8,16,10,100
4200,05,FC,F9,FC,05,0A,06,F8,FFA9,5,-4,-7,-4,5,10,6,-8,-87,-112,8,16,10,100
4201,07,F9,F8,FB,FB,FF,01,05,FFC5,7,-7,-8,-5,-5,-1,1,5,-59,-120,8,16,10,100
4202,FD,02,0A,FE,FE,06,FD,FF,FFA0,-3,2,10,-2,-2,6,-3,-1,-96,-106,8,16,10,100
4203,FA,00,02,FA,FC,FF,08,07,0001,-6,0,2,-6,-4,-1,8,7,1,-1,8,16,10,100
4204,F9,03,0A,01,F7,01,FF,00,0012,-7,3,10,1,-9,1,-1,0,18,74,8,16,10,100
4205,FA,FD,F8,07,05,F8,0A,F8,FFFB,-6,-3,-8,7,5,-8,10,-8,-5,-147,8,16,10,100
4206,05,08,FB,FB,01,0A,F9,03,0028,5,8,-5,-5,1,10,-7,3,40,145,8,16,10,100
4207,FC,04,FA,FD,F7,02,FF,FB,FF9E,-4,4,-6,-3,-9,2,-1,-5,-98,-33,8,16,10,100
4208,FA,F8,02,FF,07,FB,08,FE,004A,-6,-8,2,-1,7,-5,8,-2,74,90,8,16,10,100
4209,01,03,FF,FF,07,00,05,F8,FFC2,1,3,-1,-1,7,0,5,-8,-62,-52,8,16,10,100
4210,F6,02,0A,FA,0A,00,02,FA,FFFF,-10,2,10,-6,10,0,2,-6,-1,-45,8,16,10,100
4211,03,00,01,01,04,F8,FC,FE,FFDB,3,0,1,1,4,-8,-4,-2,-37,-31,8,16,10,100
4212,F9,04,FF,06,FC,03,F8,F8,003F,-7,4,-1,6,-4,3,-8,-8,63,63,8,16,10,100
4213,03,07,FF,F9,08,F8,08,FE,FF9C,3,7,-1,-7,8,-8,8,-2,-100,-126,8,16,10,100
4214,07,00,04,FA,00,F7,FA,FD,FFE7,7,0,4,-6,0,-9,-6,-3,-25,-31,8,16,10,100
4215,06,09,F6,FC,06,F7,FE,F8,FFDA,6,9,-10,-4,6,-9,-2,-8,-38,-31,8,16,10,100
4216,09,0A,06,09,FA,F9,07,07,FFEF,9,10,6,9,-6,-7,7,7,-17,-36,8,16,10,100
4217,00,0A,02,06,08,FF,01,07,FFD5,0,10,2,6,8,-1,1,7,-43,-9,8,16,10,100
4218,FD,FC,01,08,F9,0A,F7,08,000C,-3,-4,1,8,-7,10,-9,8,12,48,8,16,10,100
4219,F9,08,03,01,00,FA,FE,FD,FFA2,-7,8,3,1,0,-6,-2,-3,-94,-151,8,16,10,100
4220,07,04,FA,FC,06,F9,0A,09,0046,7,4,-6,-4,6,-7,10,9,70,-12,8,16,10,100
4221,04,02,05,F6,0A,06,05,F6,0037,4,2,5,-10,10,6,5,-10,55,232,8,16,10,100
4222,06,FC,FA,01,F7,04,05,00,0037,6,-4,-6,1,-9,4,5,0,55,-45,8,16,10,100
4223,F8,F7,FB,02,05,07,F7,FC,FFD3,-8,-9,-5,2,5,7,-9,-4,-45,-111,8,16,10,100
4224,FB,F8,06,FE,09,0A,FE,0A,FFC3,-5,-8,6,-2,9,10,-2,10,-61,-218,8,16,10,100
4225,00,F6,04,09,FA,04,08,FA,002F,0,-10,4,9,-6,4,8,-6,47,-15,8,16,10,100
4226,FF,FB,04,05,01,04,FE,08,FFFA,-1,-5,4,5,1,4,-2,8,-6,5,8,16,10,100
4227,F6,0A,F7,FA,FF,02,03,00,FFAB,-10,10,-9,-6,-1,2,3,0,-85,-82,8,16,10,100
4228,03,08,FC,09,07,05,06,F7,0013,3,8,-4,9,7,5,6,-9,19,-25,8,16,10,100
4229,F9,FD,FD,FC,FB,F7,FC,F7,FFB0,-7,-3,-3,-4,-5,-9,-4,-9,-80,30,8,16,10,100
4230,0A,06,FB,FD,03,FE,FB,FF,0009,10,6,-5,-3,3,-2,-5,-1,9,55,8,16,10,100
4231,F6,FD,03,0A,FD,06,00,F9,005F,-10,-3,3,10,-3,6,0,-7,95,37,8,16,10,100
4232,F6,04,06,0A,04,01,FB,04,004D,-10,4,6,10,4,1,-5,4,77,51,8,16,10,100
4233,06,FF,07,03,F7,FB,FF,05,FF9D,6,-1,7,3,-9,-5,-1,5,-99,-140,8,16,10,100
4234,07,0A,FF,02,02,0A,01,F8,FF9C,7,10,-1,2,2,10,1,-8,-100,-3,8,16,10,100
4235,FC,FD,F8,00,05,F7,00,FA,005C,-4,-3,-8,0,5,-9,0,-6,92,99,8,16,10,100
4236,FB,F9,08,05,FD,03,FF,08,0044,-5,-7,8,5,-3,3,-1,8,68,94,8,16,10,100
4237,06,FA,03,0A,05,06,07,09,FFD1,6,-6,3,10,5,6,7,9,-47,58,8,16,10,100
4238,04,01,FA,FC,02,02,F8,01,001E,4,1,-6,-4,2,2,-8,1,30,84,8,16,10,100
4239,00,04,0A,01,00,09,F9,05,001E,0,4,10,1,0,9,-7,5,30,1,8,16,10,100
4240,00,09,05,F7,FE,00,05,FB,FFF8,0,9,5,-9,-2,0,5,-5,-8,62,8,16,10,100
4241,02,FB,01,01,F9,02,03,08,FFF4,2,-5,1,1,-7,2,3,8,-12,-25,8,16,10,100
4242,05,FA,FD,FD,FA,F8,FB,04,FFC1,5,-6,-3,-3,-6,-8,-5,4,-63,-42,8,16,10,100
4243,F8,09,F6,00,FD,06,05,07,FFF4,-8,9,-10,0,-3,6,5,7,-12,16,8,16,10,100
4244,FB,05,FE,00,F8,08,08,FC,004A,-5,5,-2,0,-8,8,8,-4,74,138,8,16,10,100
4245,02,F8,FB,FD,F9,04,06,0A,FFBC,2,-8,-5,-3,-7,4,6,10,-68,-174,8,16,10,100
4246,05,00,08,07,08,FD,06,FA,FFDE,5,0,8,7,8,-3,6,-6,-34,12,8,16,10,100
4247,06,F8,F9,09,F7,01,05,FE,FFEC,6,-8,-7,9,-9,1,5,-2,-20,-135,8,16,10,100
4248,F6,02,F9,0A,F6,0A,FA,03,0056,-10,2,-7,10,-10,10,-6,3,86,278,8,16,10,100
4249,0A,F7,02,03,02,F6,F9,07,0016,10,-9,2,3,2,-10,-7,7,22,139,8,16,10,100
4250,03,03,04,03,F7,0A,F6,02,0062,3,3,4,3,-9,10,-10,2,98,67,8,16,10,100
4251,05,F6,FD,01,07,01,FE,06,FFB3,5,-10,-3,1,7,1,-2,6,-77,-40,8,16,10,100
4252,0A,F9,F6,F6,F7,FE,F7,F8,FFED,10,-7,-10,-10,-9,-2,-9,-8,-19,75,8,16,10,100
4253,F9,FA,FF,FB,FE,FB,F6,FD,FFE1,-7,-6,-1,-5,-2,-5,-10,-3,-31,38,8,16,10,100
4254,03,FD,FC,00,FB,F6,F8,0A,0038,3,-3,-4,0,-5,-10,-8,10,56,103,8,16,10,100
4255,F6,F6,0A,FB,02,FA,F8,08,FFAA,-10,-10,10,-5,2,-6,-8,8,-86,-166,8,16,10,100
4256,09,FA,05,F9,09,FD,F9,F8,FFF2,9,-6,5,-7,9,-3,-7,-8,-14,106,8,16,10,100
4257,F9,FB,FC,06,FC,F9,0A,F6,FFFA,-7,-5,-4,6,-4,-7,10,-10,-6,-43,8,16,10,100
4258,FC,03,02,F9,FD,FB,F7,F9,0033,-4,3,2,-7,-3,-5,-9,-7,51,79,8,16,10,100
4259,01,02,01,F9,F7,00,F8,02,FFCD,1,2,1,-7,-9,0,-8,2,-51,-82,8,16,10,100
4260,08,FB,02,FE,05,FE,02,0A,FFD3,8,-5,2,-2,5,-2,2,10,-45,-11,8,16,10,100
4261,FE,0A,03,F9,FF,FD,FB,00,FFFB,-2,10,3,-7,-1,-3,-5,0,-5,-48,8,16,10,100
4262,FC,00,02,F6,FE,FE,F9,F6,FFFC,-4,0,2,-10,-2,-2,-7,-10,-4,90,8,16,10,100
4263,F7,FC,F6,07,FE,08,02,03,FFC8,-9,-4,-10,7,-2,8,2,3,-56,-69,8,16,10,100
4264,FF,FE,01,FD,F6,FF,FA,05,0011,-1,-2,1,-3,-10,-1,-6,5,17,8,8,16,10,100
4265,06,FC,0A,01,07,F8,FF,06,FFAB,6,-4,10,1,7,-8,-1,6,-85,-15,8,16,10,100
4266,FB,F6,07,05,F6,FB,08,F8,FFAE,-5,-10,7,5,-10,-5,8,-8,-82,34,8,16,10,100
4267,05,FF,0A,04,05,FC,0A,FC,FFCF,5,-1,10,4,5,-4,10,-4,-49,64,8,16,10,100
4268,09,F8,04,07,00,F6,FF,F7,0001,9,-8,4,7,0,-10,-1,-9,1,14,8,16,10,100
4269,06,F8,FA,08,F6,02,08,FB,0022,6,-8,-6,8,-10,2,8,-5,34,-130,8,16,10,100
4270,FB,02,07,09,07,08,03,FF,FFB5,-5,2,7,9,7,8,3,-1,-75,-82,8,16,10,100
4271,FC,09,F6,06,FF,FE,02,00,FFB7,-4,9,-10,6,-1,-2,2,0,-73,-107,8,16,10,100
4272,08,01,08,01,F9,06,F8,F6,0045,8,1,8,1,-7,6,-8,-10,69,-55,8,16,10,100
4273,F7,07,07,FC,00,07,FC,FA,FFF6,-9,7,7,-4,0,7,-4,-6,-10,35,8,16,10,100
4274,FD,FC,03,08,06,04,F9,F8,0046,-3,-4,3,8,6,4,-7,-8,70,-49,8,16,10,100
4275,FF,02,F6,07,F9,FF,09,08,000A,-1,2,-10,7,-7,-1,9,8,10,-19,8,16,10,100
4276,00,0A,FC,03,08,09,03,FD,005E,0,10,-4,3,8,9,3,-3,94,163,8,16,10,100
4277,06,02,FB,06,FB,F9,05,01,005B,6,2,-5,6,-5,-7,5,1,91,28,8,16,10,100
4278,F6,F6,00,08,04,FE,03,00,0026,-10,-10,0,8,4,-2,3,0,38,18,8,16,10,100
4279,FF,06,F7,FE,04,04,F8,F8,000D,-1,6,-9,-2,4,4,-8,-8,13,121,8,16,10,100
4280,06,FC,FB,09,02,04,FC,06,003D,6,-4,-5,9,2,4,-4,6,61,131,8,16,10,100
4281,FB,FC,FB,04,FE,FD,0A,08,FFDB,-5,-4,-5,4,-2,-3,10,8,-37,-33,8,16,10,100
4282,00,01,FE,F9,FB,07,06,00,FFA3,0,1,-2,-7,-5,7,6,0,-93,-98,8,16,10,100
4283,F8,07,FD,F8,09,F8,00,03,005E,-8,7,-3,-8,9,-8,0,3,94,-58,8,16,10,100
4284,FC,03,FB,F6,02,F6,09,FB,002C,-4,3,-5,-10,2,-10,9,-5,44,11,8,16,10,100
4285,F7,08,F9,00,04,F6,02,FB,FFF6,-9,8,-7,0,4,-10,2,-5,-10,-140,8,16,10,100
4286,F9,FF,F6,08,01,FE,08,05,0054,-7,-1,-10,8,1,-2,8,5,84,39,8,16,10,100
4287,FD,F7,FD,F9,08,F8,05,03,FFEC,-3,-9,-3,-7,8,-8,5,3,-20,-8,8,16,10,100
4288,04,01,01,0A,06,01,04,04,0054,4,1,1,10,6,1,4,4,84,153,8,16,10,100
4289,F8,FD,03,04,04,F8,F9,05,FFCD,-8,-3,3,4,4,-8,-7,5,-51,-60,8,16,10,100
4290,05,09,FB,FD,F8,02,FF,02,FFBC,5,9,-5,-3,-8,2,-1,2,-68,-91,8,16,10,100
4291,FE,01,08,06,F8,FC,0A,F7,0013,-2,1,8,6,-8,-4,10,-9,19,57,8,16,10,100
4292,FF,FC,FB,02,FA,04,06,08,FFC0,-1,-4,-5,2,-6,4,6,8,-64,-88,8,16,10,100
4293,05,FD,05,04,F8,01,F6,FA,FFF3,5,-3,5,4,-8,1,-10,-6,-13,-130,8,16,10,100
4294,07,04,00,02,00,02,01,FD,FFB4,7,4,0,2,0,2,1,-3,-76,-74,8,16,10,100
4295,F7,06,FB,FB,06,04,06,06,003F,-9,6,-5,-5,6,4,6,6,63,-27,8,16,10,100
4296,03,00,F6,0A,0A,04,02,F6,FFEF,3,0,-10,10,10,4,2,-10,-17,-107,8,16,10,100
4297,02,07,F7,FC,00,00,03,01,004E,2,7,-9,-4,0,0,3,1,78,47,8,16,10,100
4298,FB,01,FA,05,FB,04,FB,F8,FFDA,-5,1,-6,5,-5,4,-5,-8,-38,-19,8,16,10,100
4299,FF,00,FF,04,FF,F9,FD,08,0011,-1,0,-1,4,-1,-7,-3,8,17,53,8,16,10,100
4300,FF,04,F8,FA,08,0A,08,FF,FFF6,-1,4,-8,-6,8,10,8,-1,-10,-36,8,16,10,100
4301,05,01,FA,F6,04,09,FB,FA,0019,5,1,-6,-10,4,9,-5,-6,25,144,8,16,10,100
4302,FA,FB,00,08,FA,FE,F7,06,FFB0,-6,-5,0,8,-6,-2,-9,6,-80,14,8,16,10,100
4303,02,08,F7,FF,FB,FD,03,00,FFD7,2,8,-9,-1,-5,-3,3,0,-41,-102,8,16,10,100
4304,FE,FF,09,01,F6,01,FB,FB,0060,-2,-1,9,1,-10,1,-5,-5,96,65,8,16,10,100
4305,0A,00,07,FE,07,FD,FD,05,FFA6,10,0,7,-2,7,-3,-3,5,-90,-51,8,16,10,100
4306,FC,07,04,03,02,F9,04,03,FFC3,-4,7,4,3,2,-7,4,3,-61,-93,8,16,10,100
4307,F6,FE,F8,FE,08,FA,FE,07,0016,-10,-2,-8,-2,8,-6,-2,7,22,-44,8,16,10,100
4308,09,F8,06,03,08,02,FA,09,0039,9,-8,6,3,8,2,-6,9,57,104,8,16,10,100
4309,FD,FD,FA,F6,03,05,FA,03,0050,-3,-3,-6,-10,3,5,-6,3,80,62,8,16,10,100
4310,FC,FC,FF,0A,FA,0A,02,F8,FFBF,-4,-4,-1,10,-6,10,2,-8,-65,-163,8,16,10,100
4311,07,04,F7,FE,06,07,02,06,FFA2,7,4,-9,-2,6,7,2,6,-94,-54,8,16,10,100
4312,F7,07,07,0A,06,F8,00,F6,0035,-9,7,7,10,6,-8,0,-10,53,-157,8,16,10,100
4313,FF,FD,FF,F8,09,FE,03,00,FFE6,-1,-3,-1,-8,9,-2,3,0,-26,-32,8,16,10,100
4314,FB,06,FF,FC,FD,00,08,03,0055,-5,6,-1,-4,-3,0,8,3,85,80,8,16,10,100
4315,FF,FD,06,01,FC,FF,FF,FE,FFCA,-1,-3,6,1,-4,-1,-1,-2,-54,-55,8,16,10,100
4316,FA,FF,FC,F7,00,06,08,FE,FFC9,-6,-1,-4,-9,0,6,8,-2,-55,-75,8,16,10,100
4317,F6,06,04,00,00,05,FA,01,0047,-10,6,4,0,0,5,-6,1,71,77,8,16,10,100
4318,00,00,04,F7,02,0A,02,F8,0003,0,0,4,-9,2,10,2,-8,3,83,8,16,10,100
4319,08,F7,02,F8,05,03,05,08,FFCC,8,-9,2,-8,5,3,5,8,-52,-93,8,16,10,100
4320,08,00,08,0A,09,04,FA,F9,FFE2,8,0,8,10,9,4,-6,-7,-30,-76,8,16,10,100
4321,F7,06,FE,FA,FA,FE,F8,0A,0016,-9,6,-2,-6,-6,-2,-8,10,22,20,8,16,10,100
4322,02,01,01,07,F6,FA,07,02,0029,2,1,1,7,-10,-6,7,2,41,36,8,16,10,100
4323,03,08,F9,FC,06,04,03,0A,FFA1,3,8,-7,-4,6,4,3,10,-95,-106,8,16,10,100
4324,08,F7,F7,F8,FA,01,00,09,FFFB,8,-9,-9,-8,-6,1,0,9,-5,-134,8,16,10,100
4325,FE,F6,09,FD,05,FC,05,01,FFA5,-2,-10,9,-3,5,-4,5,1,-91,-19,8,16,10,100
4326,FA,FC,FE,04,FD,03,F7,05,FFA1,-6,-4,-2,4,-3,3,-9,5,-95,-51,8,16,10,100
4327,00,07,FC,01,FB,FD,F6,01,0013,0,7,-4,1,-5,-3,-10,1,19,39,8,16,10,100
4328,F6,08,FC,FF,06,FD,08,FB,001B,-10,8,-4,-1,6,-3,8,-5,27,-84,8,16,10,100
4329,FE,FE,09,01,04,09,F7,00,004C,-2,-2,9,1,4,9,-9,0,76,-31,8,16,10,100
4330,00,00,FB,F6,00,FE,F9,04,0059,0,0,-5,-10,0,-2,-7,4,89,84,8,16,10,100
4331,FE,05,04,F6,02,FA,F6,FF,FFBD,-2,5,4,-10,2,-6,-10,-1,-67,-131,8,16,10,100
4332,FA,03,03,05,05,FD,F6,FF,0017,-6,3,3,5,5,-3,-10,-1,23,-51,8,16,10,100
4333,04,F7,FC,F9,FA,F6,F7,02,FFF8,4,-9,-4,-7,-6,-10,-9,2,-8,80,8,16,10,100
4334,0A,05,F7,F8,FB,08,FC,FD,0005,10,5,-9,-8,-5,8,-4,-3,5,55,8,16,10,100
4335,F8,0A,F7,FE,02,F6,F7,05,FFAF,-8,10,-9,-2,2,-10,-9,5,-81,-126,8,16,10,100
4336,04,F9,00,FA,FC,09,05,08,FFFF,4,-7,0,-6,-4,9,5,8,-1,-128,8,16,10,100
4337,F8,00,FE,07,04,06,F8,04,FFCF,-8,0,-2,7,4,6,-8,4,-49,-37,8,16,10,100
4338,08,00,FF,04,04,0A,0A,03,FFE3,8,0,-1,4,4,10,10,3,-29,5,8,16,10,100
4339,0A,F7,F8,FF,07,00,03,00,FFE5,10,-9,-8,-1,7,0,3,0,-27,19,8,16,10,100
4340,F8,00,03,FC,06,0A,04,03,0058,-8,0,3,-4,6,10,4,3,88,40,8,16,10,100
4341,00,08,05,FD,02,07,07,FE,0036,0,8,5,-3,2,7,7,-2,54,151,8,16,10,100
4342,09,F7,FE,F9,08,07,0A,F8,FFE1,9,-9,-2,-7,8,7,10,-8,-31,14,8,16,10,100
4343,00,F6,F6,07,08,05,F7,F8,FFCB,0,-10,-10,7,8,5,-9,-8,-53,-69,8,16,10,100
4344,FB,07,04,05,09,FF,FA,02,FFFE,-5,7,4,5,9,-1,-6,2,-2,-68,8,16,10,100
4345,F8,09,08,02,02,05,08,FC,FFE4,-8,9,8,2,2,5,8,-4,-28,57,8,16,10,100
4346,FA,F9,06,FA,07,FE,02,04,001C,-6,-7,6,-6,7,-2,2,4,28,-12,8,16,10,100
4347,F6,09,08,FA,02,FC,00,F9,0039,-10,9,8,-6,2,-4,0,-7,57,43,8,16,10,100
4348,08,F9,02,FB,07,09,07,03,0003,8,-7,2,-5,7,9,7,3,3,-5,8,16,10,100
4349,FB,FA,F6,08,04,06,FE,F8,005C,-5,-6,-10,8,4,6,-2,-8,92,-8,8,16,10,100
4350,FA,09,FE,05,00,02,02,00,0056,-6,9,-2,5,0,2,2,0,86,100,8,16,10,100
4351,00,FD,00,F7,F9,03,FA,F8,FFBD,0,-3,0,-9,-7,3,-6,-8,-67,-4,8,16,10,100
4352,F7,F8,01,02,FE,08,FF,F9,FFDD,-9,-8,1,2,-2,8,-1,-7,-35,-96,8,16,10,100
4353,FE,0A,08,08,FF,FB,FF,F8,004B,-2,10,8,8,-1,-5,-1,-8,75,-45,8,16,10,100
4354,FE,02,08,06,00,04,F6,F8,FFB9,-2,2,8,6,0,4,-10,-8,-71,-191,8,16,10,100
4355,02,FA,08,0A,FB,04,01,07,FFFE,2,-6,8,10,-5,4,1,7,-2,42,8,16,10,100
4356,FA,00,FB,FB,00,FA,F7,F9,004C,-6,0,-5,-5,0,-6,-9,-7,76,156,8,16,10,100
4357,08,09,FB,07,F7,05,F6,FE,FFE7,8,9,-5,7,-9,5,-10,-2,-25,-16,8,16,10,100
4358,FB,02,FF,FE,FE,FD,05,02,FFFE,-5,2,-1,-2,-2,-3,5,2,-2,-7,8,16,10,100
4359,FE,F9,F7,FE,0A,04,07,09,FFD8,-2,-7,-9,-2,10,4,7,9,-40,-169,8,16,10,100
4360,04,F9,F6,FE,FA,03,04,FC,001D,4,-7,-10,-2,-6,3,4,-4,29,-48,8,16,10,100
4361,08,FD,F9,F8,F9,07,05,06,FF9C,8,-3,-7,-8,-7,7,5,6,-100,-260,8,16,10,100
4362,05,0A,F9,04,FA,00,F7,FD,FFB7,5,10,-7,4,-6,0,-9,-3,-73,-52,8,16,10,100
4363,0A,05,FE,05,F7,F7,FE,FB,0041,10,5,-2,5,-9,-9,-2,-5,65,-91,8,16,10,100
4364,09,FF,FF,FA,F8,FC,00,07,FFFF,9,-1,-1,-6,-8,-4,0,7,-1,-111,8,16,10,100
4365,FE,06,FE,00,F7,08,09,FC,FFE2,-2,6,-2,0,-9,8,9,-4,-30,18,8,16,10,100
4366,F8,FC,FB,05,07,08,F7,04,0014,-8,-4,-5,5,7,8,-9,4,20,-3,8,16,10,100
4367,00,FA,F9,FD,F8,FC,00,FF,0006,0,-6,-7,-3,-8,-4,0,-1,6,33,8,16,10,100
4368,07,F9,FD,00,02,FB,03,FD,0004,7,-7,-3,0,2,-5,3,-3,4,44,8,16,10,100
4369,04,01,FA,03,06,F7,FB,02,001A,4,1,-6,3,6,-9,-5,2,26,77,8,16,10,100
4370,FF,F6,05,0A,F6,FF,06,02,0053,-1,-10,5,10,-10,-1,6,2,83,153,8,16,10,100
4371,F8,04,07,FD,00,05,07,00,0033,-8,4,7,-3,0,5,7,0,51,120,8,16,10,100
4372,FF,FB,F6,FB,00,F6,FA,F7,0049,-1,-5,-10,-5,0,-10,-6,-9,73,228,8,16,10,100
4373,FA,07,06,FC,F8,05,00,FE,FFC4,-6,7,6,-4,-8,5,0,-2,-60,31,8,16,10,100
4374,F9,01,FB,0A,FC,04,0A,06,0020,-7,1,-5,10,-4,4,10,6,32,74,8,16,10,100
4375,FF,FD,F9,01,05,06,F6,06,0040,-1,-3,-7,1,5,6,-10,6,64,117,8,16,10,100
4376,08,02,F6,07,FA,08,F7,06,003D,8,2,-10,7,-6,8,-9,6,61,161,8,16,10,100
4377,FA,01,06,08,05,FC,FF,FC,FFE5,-6,1,6,8,5,-4,-1,-4,-27,-99,8,16,10,100
4378,08,01,09,FF,FB,0A,F8,F6,0010,8,1,9,-1,-5,10,-8,-10,16,-76,8,16,10,100
4379,F8,F8,07,FA,06,FA,06,F9,0064,-8,-8,7,-6,6,-6,6,-7,100,184,8,16,10,100
4380,F9,06,F8,F7,02,02,01,04,FFBF,-7,6,-8,-9,2,2,1,4,-65,-111,8,16,10,100
4381,00,03,F6,FA,FD,FF,01,06,001D,0,3,-10,-6,-3,-1,1,6,29,-20,8,16,10,100
4382,F7,F6,FF,F6,0A,08,07,06,FFC9,-9,-10,-1,-10,10,8,7,6,-55,-292,8,16,10,100
4383,FE,FA,F9,02,FF,03,F8,06,FFE2,-2,-6,-7,2,-1,3,-8,6,-30,22,8,16,10,100
4384,02,FE,FE,06,07,FE,FE,09,FFC3,2,-2,-2,6,7,-2,-2,9,-61,15,8,16,10,100
4385,F8,01,09,08,FC,F9,0A,08,FFC5,-8,1,9,8,-4,-7,10,8,-59,120,8,16,10,100
4386,FB,FA,04,FA,03,04,FD,FA,FFE7,-5,-6,4,-6,3,4,-3,-6,-25,-40,8,16,10,100
4387,0A,07,02,05,F8,06,FE,05,0024,10,7,2,5,-8,6,-2,5,36,19,8,16,10,100
4388,FB,08,FD,04,07,08,06,FE,FFA0,-5,8,-3,4,7,8,6,-2,-96,-93,8,16,10,100
4389,04,FB,0A,FD,FC,04,08,F8,0057,4,-5,10,-3,-4,4,8,-8,87,155,8,16,10,100
4390,FF,FD,06,FF,0A,00,F8,F6,FFE9,-1,-3,6,-1,10,0,-8,-10,-23,-71,8,16,10,100
4391,FF,04,F9,FF,06,02,01,F7,004B,-1,4,-7,-1,6,2,1,-9,75,79,8,16,10,100
4392,00,08,01,FB,06,FC,09,0A,0025,0,8,1,-5,6,-4,9,10,37,-36,8,16,10,100
4393,FA,FE,06,04,09,F6,06,03,0024,-6,-2,6,4,9,-10,6,3,36,50,8,16,10,100
4394,05,0A,F9,FF,04,F8,00,F6,0039,5,10,-7,-1,4,-8,0,-10,57,7,8,16,10,100
4395,F8,F8,08,08,FC,00,08,FD,003E,-8,-8,8,8,-4,0,8,-3,62,134,8,16,10,100
4396,F9,08,01,FF,F7,04,01,FF,FFE7,-7,8,1,-1,-9,4,1,-1,-25,72,8,16,10,100
4397,04,05,FB,F7,03,04,09,F8,0064,4,5,-5,-9,3,4,9,-8,100,159,8,16,10,100
4398,0A,FC,0A,F6,08,09,F7,05,FFC9,10,-4,10,-10,8,9,-9,5,-55,-151,8,16,10,100
4399,08,02,FA,08,01,FA,04,03,FFC4,8,2,-6,8,1,-6,4,3,-60,-64,8,16,10,100
4400,F7,0A,02,F9,FB,06,0A,05,FFE3,-9,10,2,-7,-5,6,10,5,-29,61,8,16,10,100
4401,01,09,01,FA,F9,F9,F8,03,0054,1,9,1,-6,-7,-7,-8,3,84,-12,8,16,10,100
4402,FD,FE,FF,FF,FF,FA,05,07,FFB6,-3,-2,-1,-1,-1,-6,5,7,-74,-71,8,16,10,100
4403,0A,F6,03,FC,F8,F6,02,F7,0034,10,-10,3,-4,-8,-10,2,-9,52,114,8,16,10,100
4404,07,F7,F6,0A,03,F9,06,08,FFD4,7,-9,-10,10,3,-7,6,8,-44,60,8,16,10,100
4405,FB,FC,02,00,FD,06,FB,0A,FFF8,-5,-4,2,0,-3,6,-5,10,-8,-27,8,16,10,100
4406,F8,0A,F8,FB,07,FF,08,F7,0047,-8,10,-8,-5,7,-1,8,-9,71,-14,8,16,10,100
4407,0A,02,02,F6,FC,F6,FD,05,0019,10,2,2,-10,-4,-10,-3,5,25,-91,8,16,10,100
4408,FD,04,05,07,F6,F6,F8,01,0022,-3,4,5,7,-10,-10,-8,1,34,-9,8,16,10,100
4409,0A,FD,F8,FC,02,FE,FD,FB,0051,10,-3,-8,-4,2,-2,-3,-5,81,151,8,16,10,100
4410,05,F6,09,03,FF,F8,F9,F7,0036,5,-10,9,3,-1,-8,-7,-9,54,39,8,16,10,100
4411,05,02,0A,F6,08,F6,F7,00,FFC3,5,2,10,-10,8,-10,-9,0,-61,-131,8,16,10,100
4412,FE,08,FC,03,FA,00,0A,F8,FFAD,-2,8,-4,3,-6,0,10,-8,-83,-135,8,16,10,100
4413,F9,00,00,01,06,00,FA,FB,002C,-7,0,0,1,6,0,-6,-5,44,-3,8,16,10,100
4414,0A,F8,05,02,09,00,05,FB,FFAB,10,-8,5,2,9,0,5,-5,-85,20,8,16,10,100
4415,FE,08,FA,FB,03,03,FF,07,FFDD,-2,8,-6,-5,3,3,-1,7,-35,-46,8,16,10,100
4416,02,07,08,09,FA,FD,F6,F6,FFBF,2,7,8,9,-6,-3,-10,-10,-65,-268,8,16,10,100
4417,08,02,0A,FC,FB,00,00,05,FFD8,8,2,10,-4,-5,0,0,5,-40,-100,8,16,10,100
4418,00,FC,06,F8,07,FA,01,F7,FF9C,0,-4,6,-8,7,-6,1,-9,-100,2,8,16,10,100
4419,0A,FE,F8,F8,FA,07,FC,FA,FFFD,10,-2,-8,-8,-6,7,-4,-6,-3,3,8,16,10,100
4420,0A,07,06,03,00,05,FC,FA,FFE1,10,7,6,3,0,5,-4,-6,-31,-38,8,16,10,100
4421,05,0A,FA,F6,F9,0A,01,08,FFEC,5,10,-6,-10,-7,10,1,8,-20,-41,8,16,10,100
4422,03,FB,09,01,F7,0A,08,09,FFD1,3,-5,9,1,-9,10,8,9,-47,-43,8,16,10,100
4423,FD,F9,FA,05,06,F7,03,06,0037,-3,-7,-6,5,6,-9,3,6,55,112,8,16,10,100
4424,F7,FF,05,F9,03,00,07,01,FFD2,-9,-1,5,-7,3,0,7,1,-46,-45,8,16,10,100
4425,09,FC,F8,01,05,05,04,03,0006,9,-4,-8,1,5,5,4,3,6,2,8,16,10,100
4426,F6,F7,FB,01,04,01,FD,FF,000E,-10,-9,-5,1,4,1,-3,-1,14,-21,8,16,10,100
4427,FF,02,06,F8,F9,FF,FC,04,FFBF,-1,2,6,-8,-7,-1,-4,4,-65,-116,8,16,10,100
4428,FF,FF,FF,03,01,01,F7,FC,0003,-1,-1,-1,3,1,1,-9,-4,3,-2,8,16,10,100
4429,F9,04,08,0A,04,07,01,F9,FFCE,-7,4,8,10,4,7,1,-7,-50,-112,8,16,10,100
4430,09,07,FA,FC,F6,FC,FE,08,0018,9,7,-6,-4,-10,-4,-2,8,24,-114,8,16,10,100
4431,06,F7,03,03,08,07,F7,F9,FFBC,6,-9,3,3,8,7,-9,-7,-68,-131,8,16,10,100
4432,09,06,04,08,FE,02,0A,FA,FFBE,9,6,4,8,-2,2,10,-6,-66,-80,8,16,10,100
4433,FB,01,04,07,FA,F6,08,FE,003E,-5,1,4,7,-6,-10,8,-2,62,100,8,16,10,100
4434,04,08,FF,09,06,05,FF,01,FFBB,4,8,-1,9,6,5,-1,1,-69,5,8,16,10,100
4435,03,08,01,FD,F8,FB,06,00,FFA0,3,8,1,-3,-8,-5,6,0,-96,-154,8,16,10,100
4436,09,F6,F9,01,07,09,0A,08,FFBA,9,-10,-7,1,7,9,10,8,-70,-159,8,16,10,100
4437,FA,08,01,F7,F8,02,F8,FB,004B,-6,8,1,-9,-8,2,-8,-5,75,176,8,16,10,100
4438,08,00,F9,F9,05,FA,03,01,FFFB,8,0,-7,-7,5,-6,3,1,-5,7,8,16,10,100
4439,F7,00,05,F8,F6,FE,F6,07,FFAD,-9,0,5,-8,-10,-2,-10,7,-83,-99,8,16,10,100
4440,01,06,FC,F6,FC,04,0A,F9,FFA3,1,6,-4,-10,-4,4,10,-7,-93,-43,8,16,10,100
4441,01,01,05,06,F7,F6,00,05,FFEF,1,1,5,6,-9,-10,0,5,-17,-6,8,16,10,100
4442,F6,03,04,FE,FB,08,01,07,FFEB,-10,3,4,-2,-5,8,1,7,-21,43,8,16,10,100
4443,02,FC,06,F8,02,02,01,03,FFD1,2,-4,6,-8,2,2,1,3,-47,-69,8,16,10,100
4444,FC,02,02,06,08,04,01,0A,FFDE,-4,2,2,6,8,4,1,10,-34,4,8,16,10,100
4445,FB,F6,01,F9,F6,07,04,05,FFDE,-5,-10,1,-7,-10,7,4,5,-34,-85,8,16,10,100
4446,00,FF,F7,03,0A,09,03,04,0042,0,-1,-9,3,10,9,3,4,66,42,8,16,10,100
4447,0A,F6,07,02,FC,FB,07,05,FFDD,10,-10,7,2,-4,-5,7,5,-35,34,8,16,10,100
4448,07,06,03,F6,FD,03,02,07,0008,7,6,3,-10,-3,3,2,7,8,-59,8,16,10,100
4449,FC,FD,FC,01,01,FE,F9,00,0053,-4,-3,-4,1,1,-2,-7,0,83,113,8,16,10,100
4450,00,F7,09,0A,02,F6,FA,FA,000B,0,-9,9,10,2,-10,-6,-6,11,-13,8,16,10,100
4451,FD,08,FB,FC,00,08,0A,FB,FFF5,-3,8,-5,-4,0,8,10,-5,-11,23,8,16,10,100
4452,FB,01,FA,F8,02,07,08,F7,0052,-5,1,-6,-8,2,7,8,-9,82,103,8,16,10,100
4453,03,FC,FE,F6,F6,05,FC,05,0020,3,-4,-2,-10,-10,5,-4,5,32,-60,8,16,10,100
4454,08,F9,01,FE,01,FD,F6,03,004B,8,-7,1,-2,1,-3,-10,3,75,88,8,16,10,100
4455,05,FA,FE,F7,F6,F7,08,01,FFB9,5,-6,-2,-9,-10,-9,8,1,-71,-92,8,16,10,100
4456,FA,06,04,01,F7,03,FD,F6,0009,-6,6,4,1,-9,3,-3,-10,9,59,8,16,10,100
4457,04,0A,0A,00,00,FE,FA,03,0023,4,10,10,0,0,-2,-6,3,35,-45,8,16,10,100
4458,FF,F7,00,FF,09,09,FF,03,002C,-1,-9,0,-1,9,9,-1,3,44,-49,8,16,10,100
4459,F7,07,06,03,04,0A,02,00,FFAD,-9,7,6,3,4,10,2,0,-83,-37,8,16,10,100
4460,06,06,FE,FF,08,F9,FB,08,0031,6,6,-2,-1,8,-7,-5,8,49,57,8,16,10,100
4461,FC,05,07,FD,FE,03,03,FE,0014,-4,5,7,-3,-2,3,3,-2,20,70,8,16,10,100
4462,01,0A,08,F7,FC,FC,FF,09,FFFA,1,10,8,-9,-4,-4,-1,9,-6,-139,8,16,10,100
4463,FF,01,F8,00,06,FE,06,F6,FFD7,-1,1,-8,0,6,-2,6,-10,-41,-97,8,16,10,100
4464,FA,FE,F6,06,09,FD,FE,F6,0049,-6,-2,-10,6,9,-3,-2,-10,73,-15,8,16,10,100
4465,09,FB,FE,09,09,FC,FD,04,FFEA,9,-5,-2,9,9,-4,-3,4,-22,121,8,16,10,100
4466,F7,02,07,FE,07,01,F9,09,003C,-9,2,7,-2,7,1,-7,9,60,-68,8,16,10,100
4467,FA,03,0A,F8,04,F8,F9,FD,FFE2,-6,3,10,-8,4,-8,-7,-3,-30,-124,8,16,10,100
4468,03,F7,FA,01,F8,FB,FF,00,005A,3,-9,-6,1,-8,-5,-1,0,90,117,8,16,10,100
4469,0A,FF,07,F8,01,04,F8,05,003E,10,-1,7,-8,1,4,-8,5,62,-28,8,16,10,100
4470,FF,09,09,F9,00,04,03,05,FFAC,-1,9,9,-7,0,4,3,5,-84,-56,8,16,10,100
4471,04,01,F6,03,FA,FC,FF,FA,0030,4,1,-10,3,-6,-4,-1,-6,48,12,8,16,10,100
4472,0A,06,F9,FF,03,08,F9,FF,002E,10,6,-7,-1,3,8,-7,-1,46,174,8,16,10,100
4473,09,F6,FE,01,FB,FB,FC,05,FFAF,9,-10,-2,1,-5,-5,-4,5,-81,-63,8,16,10,100
4474,06,F9,FA,FB,02,03,FB,01,FFC9,6,-7,-6,-5,2,3,-5,1,-55,-39,8,16,10,100
4475,04,07,F9,04,FC,FB,0A,0A,FFA6,4,7,-7,4,-4,-5,10,10,-90,-171,8,16,10,100
4476,04,09,FF,FF,07,FC,FA,04,FFD4,4,9,-1,-1,7,-4,-6,4,-44,-50,8,16,10,100
4477,08,09,0A,FC,F8,F6,00,09,005F,8,9,10,-4,-8,-10,0,9,95,-95,8,16,10,100
4478,08,04,02,FD,03,03,FA,05,FF9D,8,4,2,-3,3,3,-6,5,-99,-90,8,16,10,100
4479,F9,FD,02,06,07,09,02,FB,FFD9,-7,-3,2,6,7,9,2,-5,-39,-141,8,16,10,100
4480,06,FE,F9,0A,FA,FD,F9,02,FFB6,6,-2,-7,10,-6,-3,-7,2,-74,-35,8,16,10,100
4481,09,F8,FD,F7,06,02,F9,01,FFE7,9,-8,-3,-9,6,2,-7,1,-25,25,8,16,10,100
4482,08,00,03,08,08,01,F8,0A,0064,8,0,3,8,8,1,-8,10,100,220,8,16,10,100
4483,FB,07,03,FE,FD,00,F6,01,FFA4,-5,7,3,-2,-3,0,-10,1,-92,-109,8,16,10,100
4484,06,FF,07,01,F9,FD,FB,05,0054,6,-1,7,1,-7,-3,-5,5,84,15,8,16,10,100
4485,09,01,FC,F6,F7,FB,F9,FD,FFDE,9,1,-4,-10,-9,-5,-7,-3,-34,-62,8,16,10,100
4486,F6,FB,05,FD,04,FC,07,FA,FFB2,-10,-5,5,-3,4,-4,7,-6,-78,-45,8,16,10,100
4487,01,F7,09,06,06,FC,08,F8,0054,1,-9,9,6,6,-4,8,-8,84,150,8,16,10,100
4488,F6,FA,F8,FA,FE,03,08,06,FFAE,-10,-6,-8,-6,-2,3,8,6,-82,-180,8,16,10,100
4489,FA,FA,06,F6,FD,FC,03,07,FFCE,-6,-6,6,-10,-3,-4,3,7,-50,-60,8,16,10,100
4490,FA,09,F6,FF,FC,07,08,01,0049,-6,9,-10,-1,-4,7,8,1,73,79,8,16,10,100
4491,FC,FD,F7,F9,FC,02,FD,03,0002,-4,-3,-9,-7,-4,2,-3,3,2,18,8,16,10,100
4492,FD,F7,F8,FD,FF,FF,02,00,0004,-3,-9,-8,-3,-1,-1,2,0,4,0,8,16,10,100
4493,0A,F8,F9,FA,05,F9,07,0A,0003,10,-8,-7,-6,5,-7,7,10,3,0,8,16,10,100
4494,06,FE,FF,07,FE,02,FA,06,FFAF,6,-2,-1,7,-2,2,-6,6,-81,-49,8,16,10,100
4495,FE,09,FB,FD,07,FD,08,FD,0036,-2,9,-5,-3,7,-3,8,-3,54,-18,8,16,10,100
4496,00,FD,FB,FA,05,F9,06,F6,001A,0,-3,-5,-6,5,-7,6,-10,26,77,8,16,10,100
4497,F9,F7,F6,FF,09,07,FD,04,000F,-7,-9,-10,-1,9,7,-3,4,15,-85,8,16,10,100
4498,FE,FF,F9,FC,03,FD,FF,08,0058,-2,-1,-7,-4,3,-3,-1,8,88,60,8,16,10,100
4499,09,05,0A,FB,01,09,FE,03,000C,9,5,10,-5,1,9,-2,3,12,31,8,16,10,100
4500,01,F9,FD,09,FE,FC,00,09,FFCB,1,-7,-3,9,-2,-4,0,9,-53,54,8,16,10,100
4501,F8,09,0A,08,01,08,00,05,0042,-8,9,10,8,1,8,0,5,66,170,8,16,10,100
4502,07,F8,F8,FD,F9,F6,09,F7,FFE3,7,-8,-8,-3,-7,-10,9,-9,-29,-43,8,16,10,100
4503,06,07,F8,06,F6,FF,FE,08,003A,6,7,-8,6,-10,-1,-2,8,58,55,8,16,10,100
4504,01,FB,08,F6,00,F9,00,F8,FFCB,1,-5,8,-10,0,-7,0,-8,-53,62,8,16,10,100
4505,06,0A,FB,FE,03,F9,0A,FE,FFE4,6,10,-5,-2,3,-7,10,-2,-28,-126,8,16,10,100
4506,FF,F7,FB,F9,FF,08,05,02,FFA0,-1,-9,-5,-7,-1,8,5,2,-96,-206,8,16,10,100
4507,F7,FC,F7,FB,06,F8,08,05,FFB5,-9,-4,-9,-5,6,-8,8,5,-75,-194,8,16,10,100
4508,07,F9,FC,04,FE,FC,05,FF,004F,7,-7,-4,4,-2,-4,5,-1,79,69,8,16,10,100
4509,F7,01,07,05,06,01,01,F8,0009,-9,1,7,5,6,1,1,-8,9,-77,8,16,10,100
4510,FB,F7,06,FB,00,03,F6,FF,0048,-5,-9,6,-5,0,3,-10,-1,72,-10,8,16,10,100
4511,03,03,08,03,F6,FD,F6,FB,0033,3,3,8,3,-10,-3,-10,-5,51,-83,8,16,10,100
4512,06,06,0A,F9,F6,FB,FA,F7,FFC2,6,6,10,-7,-10,-5,-6,-9,-62,-149,8,16,10,100
4513,09,FA,03,FA,02,01,F8,0A,0028,9,-6,3,-6,2,1,-8,10,40,-32,8,16,10,100
4514,FF,F7,FB,F9,F8,F6,F7,05,0025,-1,-9,-5,-7,-8,-10,-9,5,37,145,8,16,10,100
4515,FB,05,FB,04,FD,FF,09,FD,FFA6,-5,5,-5,4,-3,-1,9,-3,-90,-137,8,16,10,100
4516,F8,09,05,05,03,FB,09,01,FFEF,-8,9,5,5,3,-5,9,1,-17,-36,8,16,10,100
4517,01,FC,FB,02,FB,FB,FB,FC,FFFC,1,-4,-5,2,-5,-5,-5,-4,-4,28,8,16,10,100
4518,05,F9,FF,07,FE,F6,03,F8,FFA7,5,-7,-1,7,-2,-10,3,-8,-89,-88,8,16,10,100
4519,F6,04,01,06,FF,02,05,01,004D,-10,4,1,6,-1,2,5,1,77,106,8,16,10,100
4520,04,03,F8,FD,FB,FD,08,FC,FFED,4,3,-8,-3,-5,-3,8,-4,-19,-100,8,16,10,100
4521,00,FA,03,F8,0A,03,F6,FF,FFD7,0,-6,3,-8,10,3,-10,-1,-41,-81,8,16,10,100
4522,F6,00,FD,09,F6,FD,07,FB,004D,-10,0,-3,9,-10,-3,7,-5,77,111,8,16,10,100
4523,08,FF,08,FA,FA,09,FF,06,FFCF,8,-1,8,-6,-6,9,-1,6,-49,-150,8,16,10,100
4524,FB,FE,01,FF,F7,07,03,06,0014,-5,-2,1,-1,-9,7,3,6,20,48,8,16,10,100
4525,FB,FF,05,09,03,09,F8,FA,0028,-5,-1,5,9,3,9,-8,-6,40,-78,8,16,10,100
4526,F6,FA,FF,FE,FC,FA,01,FE,0044,-10,-6,-1,-2,-4,-6,1,-2,68,147,8,16,10,100
4527,02,00,FD,02,03,00,FD,08,0060,2,0,-3,2,3,0,-3,8,96,127,8,16,10,100
4528,02,0A,FE,06,FF,01,0A,F7,FFB4,2,10,-2,6,-1,1,10,-9,-76,-142,8,16,10,100
4529,03,01,09,05,01,01,0A,01,000F,3,1,9,5,1,1,10,1,15,114,8,16,10,100
4530,FC,06,04,F8,FC,00,F6,FE,FFF9,-4,6,4,-8,-4,0,-10,-2,-7,-15,8,16,10,100
4531,F8,FB,06,07,0A,FD,05,FD,0001,-8,-5,6,7,10,-3,5,-3,1,-55,8,16,10,100
4532,05,F8,F6,02,07,F9,FF,06,003F,5,-8,-10,2,7,-7,-1,6,63,176,8,16,10,100
4533,06,05,FD,07,FE,FE,06,F8,FFAA,6,5,-3,7,-2,-2,6,-8,-86,-182,8,16,10,100
4534,FA,FC,F7,F8,08,FF,F8,FE,FFFB,-6,-4,-9,-8,8,-1,-8,-2,-5,39,8,16,10,100
4535,F9,08,04,06,05,FE,06,0A,FFB6,-7,8,4,6,5,-2,6,10,-74,-41,8,16,10,100
4536,FC,FA,F6,FB,03,05,FA,08,FFF1,-4,-6,-10,-5,3,5,-6,8,-15,-37,8,16,10,100
4537,F8,FF,FD,07,FF,FB,09,FA,0013,-8,-1,-3,7,-1,-5,9,-6,19,-37,8,16,10,100
4538,01,FC,FE,04,FE,FB,FE,FE,000A,1,-4,-2,4,-2,-5,-2,-2,10,24,8,16,10,100
4539,03,05,05,FB,00,F8,F9,04,004A,3,5,5,-5,0,-8,-7,4,74,-21,8,16,10,100
4540,FE,05,06,04,FE,0A,FE,F6,FFFF,-2,5,6,4,-2,10,-2,-10,-1,1,8,16,10,100
4541,FD,FF,F6,02,07,F7,07,02,0049,-3,-1,-10,2,7,-9,7,2,73,-5,8,16,10,100
4542,09,F9,F7,05,FF,01,02,06,FFD9,9,-7,-9,5,-1,1,2,6,-39,-43,8,16,10,100
4543,FD,F9,FC,04,01,F8,03,07,0030,-3,-7,-4,4,1,-8,3,7,48,117,8,16,10,100
4544,F6,03,F6,09,01,04,FB,F7,0015,-10,3,-10,9,1,4,-5,-9,21,-8,8,16,10,100
4545,FC,00,F9,FD,02,FB,00,02,000E,-4,0,-7,-3,2,-5,0,2,14,0,8,16,10,100
4546,F7,FB,F6,04,FE,FF,01,02,FFBA,-9,-5,-10,4,-2,-1,1,2,-70,-49,8,16,10,100
4547,05,09,07,00,F6,0A,02,FE,001A,5,9,7,0,-10,10,2,-2,26,80,8,16,10,100
4548,F9,02,05,03,FC,02,0A,05,002C,-7,2,5,3,-4,2,10,5,44,141,8,16,10,100
4549,FC,0A,08,F9,02,06,FE,FD,FFFE,-4,10,8,-7,2,6,-2,-3,-2,55,8,16,10,100
4550,F9,FE,00,FE,FF,01,07,FD,FFDF,-7,-2,0,-2,-1,1,7,-3,-33,-22,8,16,10,100
4551,09,F7,08,FB,FC,03,FC,0A,005E,9,-9,8,-5,-4,3,-4,10,94,-51,8,16,10,100
4552,04,FE,04,03,FF,FB,03,08,004A,4,-2,4,3,-1,-5,3,8,74,116,8,16,10,100
4553,07,FE,06,08,00,F9,FD,05,FFCF,7,-2,6,8,0,-7,-3,5,-49,-13,8,16,10,100
4554,F8,08,F9,05,03,FB,04,09,FFFD,-8,8,-7,5,3,-5,4,9,-3,-50,8,16,10,100
4555,FD,F7,F7,F6,04,FD,00,FA,0016,-3,-9,-9,-10,4,-3,0,-6,22,97,8,16,10,100
4556,0A,02,02,F8,06,F7,F8,FA,FFAC,10,2,2,-8,6,-9,-8,-6,-84,-10,8,16,10,100
4557,F9,FD,08,01,05,F9,FA,F8,FFD7,-7,-3,8,1,5,-7,-6,-8,-41,-111,8,16,10,100
4558,FD,00,F8,06,09,02,F7,FD,FFBA,-3,0,-8,6,9,2,-9,-3,-70,-43,8,16,10,100
4559,03,F7,F6,FB,00,05,F7,07,005C,3,-9,-10,-5,0,5,-9,7,92,102,8,16,10,100
4560,F9,FA,F8,F9,09,02,FD,FA,0021,-7,-6,-8,-7,9,2,-3,-6,33,24,8,16,10,100
4561,FC,F6,FE,0A,FE,F8,01,0A,0046,-4,-10,-2,10,-2,-8,1,10,70,256,8,16,10,100
4562,07,00,06,06,04,07,FB,03,000D,7,0,6,6,4,7,-5,3,13,29,8,16,10,100
4563,FF,FE,00,FF,06,FC,F6,05,0062,-1,-2,0,-1,6,-4,-10,5,98,95,8,16,10,100
4564,FE,02,FC,F8,FE,FA,FD,06,FFC1,-2,2,-4,-8,-2,-6,-3,6,-63,-107,8,16,10,100
4565,08,FE,05,FA,06,08,06,05,0049,8,-2,5,-6,6,8,6,5,73,105,8,16,10,100
4566,04,00,08,00,FA,07,04,F8,001A,4,0,8,0,-6,7,4,-8,26,34,8,16,10,100
4567,FF,04,FA,FC,09,08,08,FB,FFFA,-1,4,-6,-4,9,8,8,-5,-6,-11,8,16,10,100
4568,FE,F8,FB,01,F7,05,FD,06,0045,-2,-8,-5,1,-9,5,-3,6,69,68,8,16,10,100
4569,FE,FB,03,F7,F9,09,01,09,004B,-2,-5,3,-9,-7,9,1,9,75,-34,8,16,10,100
4570,05,08,F8,03,F8,01,FB,02,0022,5,8,-8,3,-8,1,-5,2,34,48,8,16,10,100
4571,F7,FD,07,05,05,F9,02,FD,FFF9,-9,-3,7,5,5,-7,2,-3,-7,-32,8,16,10,100
4572,08,03,FC,F8,FA,06,04,FA,FFD4,8,3,-4,-8,-6,6,4,-6,-44,-42,8,16,10,100
4573,FE,FA,01,01,07,01,05,03,FFAD,-2,-6,1,1,7,1,5,3,-83,-95,8,16,10,100
4574,F7,FE,08,FF,04,08,0A,FF,FFC0,-9,-2,8,-1,4,8,10,-1,-64,-35,8,16,10,100
4575,02,F8,04,00,02,F9,06,05,FFA4,2,-8,4,0,2,-7,6,5,-92,-8,8,16,10,100
4576,FB,F9,03,FF,FB,06,04,03,FFFD,-5,-7,3,-1,-5,6,4,3,-3,-11,8,16,10,100
4577,FE,03,F6,F9,02,F6,08,FF,0029,-2,3,-10,-7,2,-10,8,-1,41,-66,8,16,10,100
4578,FC,06,F9,00,02,07,0A,FB,FFB6,-4,6,-7,0,2,7,10,-5,-74,-110,8,16,10,100
4579,00,FD,F6,FB,09,F6,02,FF,0043,0,-3,-10,-5,9,-10,2,-1,67,82,8,16,10,100
4580,06,06,FC,07,F7,FD,02,F6,FFA2,6,6,-4,7,-9,-3,2,-10,-94,-244,8,16,10,100
4581,01,FA,FF,FB,01,04,FC,FB,FFA4,1,-6,-1,-5,1,4,-4,-5,-92,-86,8,16,10,100
4582,00,F6,01,09,04,FC,FD,06,FFF3,0,-10,1,9,4,-4,-3,6,-13,78,8,16,10,100
4583,0A,00,F7,02,00,01,05,08,FFAD,10,0,-9,2,0,1,5,8,-83,-112,8,16,10,100
4584,09,07,09,FC,FB,F6,03,F6,FFC1,9,7,9,-4,-5,-10,3,-10,-63,-111,8,16,10,100
4585,FA,01,06,05,F8,08,F6,F8,FFD7,-6,1,6,5,-8,8,-10,-8,-41,-85,8,16,10,100
4586,09,06,06,07,04,00,FF,FF,FFDF,9,6,6,7,4,0,-1,-1,-33,-10,8,16,10,100
4587,FF,F9,04,FC,06,09,04,FA,FFF2,-1,-7,4,-4,6,9,4,-6,-14,-43,8,16,10,100
4588,F9,07,06,01,FA,08,F8,06,FFA3,-7,7,6,1,-6,8,-8,6,-93,-37,8,16,10,100
4589,FC,F8,09,F6,FC,00,02,FF,FF9D,-4,-8,9,-10,-4,0,2,-1,-99,-55,8,16,10,100
4590,07,F9,07,0A,07,00,05,FB,FFA2,7,-7,7,10,7,0,5,-5,-94,-60,8,16,10,100
4591,F6,02,00,07,01,FC,06,09,003F,-10,2,0,7,1,-4,6,9,63,108,8,16,10,100
4592,07,FC,00,05,FF,03,FA,08,0018,7,-4,0,5,-1,3,-6,8,24,45,8,16,10,100
4593,01,04,FA,FE,05,FE,F7,FC,FFCC,1,4,-6,-2,5,-2,-9,-4,-52,7,8,16,10,100
4594,0A,FA,F9,05,FE,FF,FE,FA,0030,10,-6,-7,5,-2,-1,-2,-6,48,18,8,16,10,100
4595,F9,01,F7,F9,FF,09,0A,04,FFFD,-7,1,-9,-7,-1,9,10,4,-3,-105,8,16,10,100
4596,02,FC,FC,FF,01,07,FE,FF,FFC6,2,-4,-4,-1,1,7,-2,-1,-58,-75,8,16,10,100
4597,F9,F7,FB,09,05,00,04,02,FFD9,-7,-9,-5,9,5,0,4,2,-39,-76,8,16,10,100
4598,07,FC,06,08,02,06,01,00,0045,7,-4,6,8,2,6,1,0,69,65,8,16,10,100
4599,00,FB,07,F8,FF,FF,F7,05,0017,0,-5,7,-8,-1,-1,-9,5,23,-75,8,16,10,100
4600,08,07,00,09,F7,03,02,FE,0057,8,7,0,9,-9,3,2,-2,87,18,8,16,10,100
4601,FB,FE,F6,07,02,00,09,06,FFD0,-5,-2,-10,7,2,0,9,6,-48,-106,8,16,10,100
4602,F8,07,07,FB,FE,01,03,07,0062,-8,7,7,-5,-2,1,3,7,98,107,8,16,10,100
4603,06,07,00,03,03,09,FB,F7,0004,6,7,0,3,3,9,-5,-9,4,58,8,16,10,100
4604,F9,07,02,FC,FE,FC,F7,01,FFAE,-7,7,2,-4,-2,-4,-9,1,-82,-118,8,16,10,100
4605,00,06,F8,FB,FA,FB,F9,FE,FFDA,0,6,-8,-5,-6,-5,-7,-2,-38,-2,8,16,10,100
4606,FB,FB,F9,FA,F7,0A,07,03,0016,-5,-5,-7,-6,-9,10,7,3,22,-50,8,16,10,100
4607,FD,01,06,00,08,09,FF,F9,FFF9,-3,1,6,0,8,9,-1,-7,-7,-28,8,16,10,100
4608,F8,F6,F9,06,FD,FB,FD,05,0015,-8,-10,-7,6,-3,-5,-3,5,21,146,8,16,10,100
4609,FE,FA,03,FB,0A,FC,FE,F6,FFB7,-2,-6,3,-5,10,-4,-2,-10,-73,-25,8,16,10,100
4610,FE,09,FE,01,02,06,FE,F8,FFB5,-2,9,-2,1,2,6,-2,-8,-75,-29,8,16,10,100
4611,09,03,F9,03,04,F8,FD,01,FFEB,9,3,-7,3,4,-8,-3,1,-21,15,8,16,10,100
4612,FB,08,0A,FB,F6,03,F7,09,FFBB,-5,8,10,-5,-10,3,-9,9,-69,-130,8,16,10,100
4613,FB,04,03,FD,06,06,F7,F8,002E,-5,4,3,-3,6,6,-9,-8,46,37,8,16,10,100
4614,09,08,F8,F9,0A,08,0A,F6,FFB5,9,8,-8,-7,10,8,10,-10,-75,69,8,16,10,100
4615,01,FE,04,FA,FE,FE,FC,FD,0006,1,-2,4,-6,-2,-2,-4,-3,6,10,8,16,10,100
4616,F6,FC,FB,FC,09,F7,FE,F9,FFA8,-10,-4,-5,-4,9,-9,-2,-7,-88,-104,8,16,10,100
4617,FC,FE,0A,FF,F8,0A,F8,0A,FF9D,-4,-2,10,-1,-8,10,-8,10,-99,-177,8,16,10,100
4618,03,02,FA,FD,04,04,04,09,0000,3,2,-6,-3,4,4,4,9,0,-31,8,16,10,100
4619,06,FB,FB,F9,07,FA,06,06,FFF5,6,-5,-5,-7,7,-6,6,6,-11,-11,8,16,10,100
4620,04,FF,F8,FE,F8,01,09,F8,FFAE,4,-1,-8,-2,-8,1,9,-8,-82,-171,8,16,10,100
4621,00,07,F8,FA,01,03,0A,FD,0020,0,7,-8,-6,1,3,10,-3,32,-9,8,16,10,100
4622,FA,07,F7,F7,F9,F6,FD,FC,000A,-6,7,-9,-9,-7,-10,-3,-4,10,45,8,16,10,100
4623,FA,05,FF,07,09,FD,FF,08,FFC6,-6,5,-1,7,9,-3,-1,8,-58,-70,8,16,10,100
4624,04,F6,02,07,00,FD,F9,FC,FFF2,4,-10,2,7,0,-3,-7,-4,-14,-26,8,16,10,100
4625,FE,04,06,FF,F7,0A,F6,08,0022,-2,4,6,-1,-9,10,-10,8,34,24,8,16,10,100
4626,02,09,FD,FE,06,06,F7,FD,FFCC,2,9,-3,-2,6,6,-9,-3,-52,47,8,16,10,100
4627,04,FB,05,00,FA,FD,08,0A,FF9C,4,-5,5,0,-6,-3,8,10,-100,-69,8,16,10,100
4628,FA,05,FA,FB,FE,F7,FF,F7,FFCB,-6,5,-6,-5,-2,-9,-1,-9,-53,-35,8,16,10,100
4629,06,F8,06,01,00,07,F6,06,002D,6,-8,6,1,0,7,-10,6,45,-65,8,16,10,100
4630,0A,F7,FD,F6,04,09,FE,F6,0043,10,-9,-3,-10,4,9,-2,-10,67,132,8,16,10,100
4631,01,02,F7,04,0A,FA,02,07,0008,1,2,-9,4,10,-6,2,7,8,16,8,16,10,100
4632,00,08,F8,09,03,07,0A,07,0021,0,8,-8,9,3,7,10,7,33,72,8,16,10,100
4633,04,FE,F8,F7,F9,03,04,F9,000D,4,-2,-8,-9,-7,3,4,-7,13,10,8,16,10,100
4634,FF,FD,FD,F8,F8,08,F8,06,0027,-1,-3,-3,-8,-8,8,-8,6,39,-1,8,16,10,100
4635,02,07,07,FE,07,FD,FE,FD,FFBE,2,7,7,-2,7,-3,-2,-3,-66,-81,8,16,10,100
4636,F7,FD,F7,07,F8,F6,00,02,FFA5,-9,-3,-9,7,-8,-10,0,2,-91,25,8,16,10,100
4637,FB,04,01,03,F8,07,08,F9,003F,-5,4,1,3,-8,7,8,-7,63,118,8,16,10,100
4638,07,F7,00,02,08,F9,03,04,FFD5,7,-9,0,2,8,-7,3,4,-43,84,8,16,10,100
4639,09,FF,0A,FC,FE,00,F8,FF,FFB7,9,-1,10,-4,-2,0,-8,-1,-73,-167,8,16,10,100
4640,FA,F9,02,00,0A,03,FF,FB,FFEB,-6,-7,2,0,10,3,-1,-5,-21,-104,8,16,10,100
4641,02,04,08,F6,0A,06,F7,FE,0008,2,4,8,-10,10,6,-9,-2,8,0,8,16,10,100
4642,FD,03,06,FC,03,0A,FF,FF,FF9D,-3,3,6,-4,3,10,-1,-1,-99,-80,8,16,10,100
4643,FB,05,03,08,FD,09,01,0A,FFA7,-5,5,3,8,-3,9,1,10,-89,54,8,16,10,100
4644,F9,FD,FA,FC,05,F8,00,FA,FFAC,-7,-3,-6,-4,5,-8,0,-6,-84,-71,8,16,10,100
4645,04,09,F7,00,08,04,05,F9,0062,4,9,-9,0,8,4,5,-7,98,121,8,16,10,100
4646,F7,02,04,F7,F8,F9,FB,03,FFBC,-9,2,4,-9,-8,-7,-5,3,-68,-57,8,16,10,100
4647,FD,FD,09,F7,02,09,F6,07,FFC7,-3,-3,9,-9,2,9,-10,7,-57,-243,8,16,10,100
4648,00,FB,F7,05,F9,04,F6,0A,0013,0,-5,-9,5,-7,4,-10,10,19,139,8,16,10,100
4649,FF,FC,06,FD,09,06,FA,07,FFF8,-1,-4,6,-3,9,6,-6,7,-8,-98,8,16,10,100
4650,06,F7,0A,FC,0A,F9,FF,F6,000C,6,-9,10,-4,10,-7,-1,-10,12,165,8,16,10,100
4651,03,0A,09,07,07,02,FF,F6,0061,3,10,9,7,7,2,-1,-10,97,59,8,16,10,100
4652,FA,FC,04,06,09,FF,07,F6,002D,-6,-4,4,6,9,-1,7,-10,45,-37,8,16,10,100
4653,FE,06,F7,02,00,03,F8,04,FFCA,-2,6,-9,2,0,3,-8,4,-54,44,8,16,10,100
4654,03,0A,F7,02,F7,F6,FD,F9,FFCD,3,10,-9,2,-9,-10,-3,-7,-51,-165,8,16,10,100
4655,03,F7,07,05,04,06,01,07,0000,3,-9,7,5,4,6,1,7,0,0,8,16,10,100
4656,0A,FE,FF,FA,02,00,FC,F8,FFC2,10,-2,-1,-6,2,0,-4,-8,-62,10,8,16,10,100
4657,FA,F9,FB,06,04,F8,05,F6,0057,-6,-7,-5,6,4,-8,5,-10,87,34,8,16,10,100
4658,08,FC,07,FC,F7,01,FD,FB,FFCC,8,-4,7,-4,-9,1,-3,-5,-52,-129,8,16,10,100
4659,04,FA,04,FD,09,04,00,FC,FFEF,4,-6,4,-3,9,4,0,-4,-17,7,8,16,10,100
4660,F8,00,00,01,F7,FF,FD,08,FFAA,-8,0,0,1,-9,-1,-3,8,-86,-6,8,16,10,100
4661,F9,0A,FB,05,F8,FE,0A,07,FFB2,-7,10,-5,5,-8,-2,10,7,-78,-57,8,16,10,100
4662,08,FB,01,02,FF,01,08,06,FFE3,8,-5,1,2,-1,1,8,6,-29,-22,8,16,10,100
4663,FA,FF,FF,08,05,02,FC,08,FFFB,-6,-1,-1,8,5,2,-4,8,-5,31,8,16,10,100
4664,0A,F6,FF,09,07,01,03,FA,FFD0,10,-10,-1,9,7,1,3,-6,-48,-45,8,16,10,100
4665,FE,09,04,F9,F8,F6,F8,02,FFEA,-2,9,4,-7,-8,-10,-8,2,-22,-142,8,16,10,100
4666,03,07,F7,04,F9,02,04,F7,005B,3,7,-9,4,-7,2,4,-9,91,12,8,16,10,100
4667,FE,F6,F8,FE,07,FB,F8,04,FFC1,-2,-10,-8,-2,7,-5,-8,4,-63,29,8,16,10,100
4668,FE,08,00,05,FA,FE,FC,00,002F,-2,8,0,5,-6,-2,-4,0,47,43,8,16,10,100
4669,F8,00,09,FE,05,00,07,F9,FFA3,-8,0,9,-2,5,0,7,-7,-93,-56,8,16,10,100
4670,09,F6,07,FB,F8,FE,FE,FE,FF9F,9,-10,7,-5,-8,-2,-2,-2,-97,-153,8,16,10,100
4671,F8,04,0A,02,0A,08,01,FC,000C,-8,4,10,2,10,8,1,-4,12,-34,8,16,10,100
4672,F9,F6,01,F9,05,FC,02,02,0012,-7,-10,1,-7,5,-4,2,2,18,11,8,16,10,100
4673,F8,F8,02,FD,F9,07,01,FA,003C,-8,-8,2,-3,-7,7,1,-6,60,80,8,16,10,100
4674,04,FD,FE,FA,F7,0A,FC,F7,003E,4,-3,-2,-6,-9,10,-4,-9,62,58,8,16,10,100
4675,FE,05,00,FD,FE,09,04,F8,003A,-2,5,0,-3,-2,9,4,-8,58,131,8,16,10,100
4676,07,F8,FE,F6,03,F7,06,06,FFAA,7,-8,-2,-10,3,-9,6,6,-86,-65,8,16,10,100
4677,00,FC,09,06,08,02,F8,06,FFCE,0,-4,9,6,8,2,-8,6,-50,-94,8,16,10,100
4678,07,F8,00,FC,F9,01,F8,01,003A,7,-8,0,-4,-7,1,-8,1,58,-3,8,16,10,100
4679,07,01,07,FB,FF,F9,FC,09,FFA5,7,1,7,-5,-1,-7,-4,9,-91,-178,8,16,10,100
4680,09,08,03,FE,FA,07,FA,FB,002A,9,8,3,-2,-6,7,-6,-5,42,36,8,16,10,100
4681,FE,FA,0A,F8,F8,FA,FD,09,0004,-2,-6,10,-8,-8,-6,-3,9,4,-46,8,16,10,100
4682,03,01,F7,FB,FE,0A,FE,08,FFAC,3,1,-9,-5,-2,10,-2,8,-84,-102,8,16,10,100
4683,F9,FF,05,FC,F6,09,05,FF,0042,-7,-1,5,-4,-10,9,5,-1,66,156,8,16,10,100
4684,F6,FB,FA,06,03,0A,FD,04,FFAC,-10,-5,-6,6,3,10,-3,4,-84,-122,8,16,10,100
4685,FB,F9,0A,04,08,FE,FF,00,0057,-5,-7,10,4,8,-2,-1,0,87,51,8,16,10,100
4686,02,FF,09,09,06,03,09,05,FFB8,2,-1,9,9,6,3,9,5,-72,63,8,16,10,100
4687,01,F8,03,FA,FE,FA,F8,F9,0064,1,-8,3,-6,-2,-6,-8,-7,100,164,8,16,10,100
4688,05,FF,05,03,FF,04,0A,F8,0047,5,-1,5,3,-1,4,10,-8,71,88,8,16,10,100
4689,08,00,F6,04,F7,08,FC,0A,0050,8,0,-10,4,-9,8,-4,10,80,88,8,16,10,100
4690,0A,0A,FC,03,F9,FF,FE,08,005C,10,10,-4,3,-7,-1,-2,8,92,44,8,16,10,100
4691,FC,08,05,05,FC,07,06,FB,0060,-4,8,5,5,-4,7,6,-5,96,173,8,16,10,100
4692,F6,00,00,FE,06,F8,F6,03,0019,-10,0,0,-2,6,-8,-10,3,25,-41,8,16,10,100
4693,09,00,00,05,00,F9,FD,00,0064,9,0,0,5,0,-7,-3,0,100,100,8,16,10,100
4694,07,00,F7,0A,0A,00,04,F8,0022,7,0,-9,10,10,0,4,-8,34,-12,8,16,10,100
4695,07,04,F8,08,08,FB,FB,01,FFD7,7,4,-8,8,8,-5,-5,1,-41,43,8,16,10,100
4696,09,F7,04,06,08,01,01,08,000C,9,-9,4,6,8,1,1,8,12,127,8,16,10,100
4697,F8,06,FB,FB,FF,06,FA,F7,002D,-8,6,-5,-5,-1,6,-6,-9,45,164,8,16,10,100
4698,FE,FF,FC,F9,F7,FD,FF,00,0034,-2,-1,-4,-7,-9,-3,-1,0,52,77,8,16,10,100
4699,00,FC,07,06,04,02,FF,FD,0049,0,-4,7,6,4,2,-1,-3,73,40,8,16,10,100
4700,0A,FA,08,FD,07,07,08,F6,0023,10,-6,8,-3,7,7,8,-10,35,157,8,16,10,100
4701,0A,F6,FB,F8,07,00,F7,FE,FFE1,10,-10,-5,-8,7,0,-9,-2,-31,100,8,16,10,100
4702,FC,FB,04,03,FE,F9,03,F7,0000,-4,-5,4,3,-2,-7,3,-9,0,28,8,16,10,100
4703,03,FB,F7,05,09,F9,04,02,0062,3,-5,-9,5,9,-7,4,2,98,134,8,16,10,100
4704,F9,FD,FE,07,08,04,FC,0A,004F,-7,-3,-2,7,8,4,-4,10,79,89,8,16,10,100
4705,04,F7,03,FB,03,04,FB,F6,FFB8,4,-9,3,-5,3,4,-5,-10,-72,-61,8,16,10,100
4706,06,07,07,01,FE,FE,FA,03,FFAA,6,7,7,1,-2,-2,-6,3,-86,-151,8,16,10,100
4707,04,05,F7,06,06,00,01,00,001A,4,5,-9,6,6,0,1,0,26,41,8,16,10,100
4708,FD,06,02,07,05,05,0A,08,FF9C,-3,6,2,7,5,5,10,8,-100,-9,8,16,10,100
4709,F9,0A,F7,FE,FD,02,01,FF,FFEA,-7,10,-9,-2,-3,2,1,-1,-22,12,8,16,10,100
4710,FF,01,07,F6,08,01,FF,FB,0057,-1,1,7,-10,8,1,-1,-5,87,123,8,16,10,100
4711,FA,FB,F7,06,FC,F8,0A,FA,FFCE,-6,-5,-9,6,-4,-8,10,-6,-50,-112,8,16,10,100
4712,07,F8,FA,08,03,02,FC,F7,001B,7,-8,-6,8,3,2,-4,-9,27,-16,8,16,10,100
4713,F9,0A,FE,09,04,02,FE,02,001C,-7,10,-2,9,4,2,-2,2,28,42,8,16,10,100
4714,FE,04,F7,08,06,06,F6,FA,FFC9,-2,4,-9,8,6,6,-10,-6,-55,-1,8,16,10,100
4715,08,FB,FC,07,04,01,01,FA,FFB5,8,-5,-4,7,4,1,1,-6,-75,-94,8,16,10,100
4716,FD,F8,09,F8,09,09,00,05,FFB4,-3,-8,9,-8,9,9,0,5,-76,-215,8,16,10,100
4717,07,FA,FB,FE,01,02,09,FA,005E,7,-6,-5,-2,1,2,9,-6,94,56,8,16,10,100
4718,09,02,FB,FD,03,07,0A,F8,0010,9,2,-5,-3,3,7,10,-8,16,31,8,16,10,100
4719,FC,05,FF,05,06,09,FE,FA,FFC3,-4,5,-1,5,6,9,-2,-6,-61,-68,8,16,10,100
4720,FC,FF,F6,04,05,F8,FF,FA,0012,-4,-1,-10,4,5,-8,-1,-6,18,-8,8,16,10,100
4721,03,F6,FF,01,FB,FB,FB,07,FFF3,3,-10,-1,1,-5,-5,-5,7,-13,34,8,16,10,100
4722,FB,FD,07,02,FA,0A,FA,F9,FFBD,-5,-3,7,2,-6,10,-6,-7,-67,-123,8,16,10,100
4723,FE,FB,FD,06,01,FB,FF,FE,002E,-2,-5,-3,6,1,-5,-1,-2,46,60,8,16,10,100
4724,04,FA,0A,FD,0A,0A,00,F7,FFB6,4,-6,10,-3,10,10,0,-9,-74,-67,8,16,10,100
4725,F7,FE,F6,05,F7,00,FA,FC,FFAF,-9,-2,-10,5,-9,0,-6,-4,-81,40,8,16,10,100
4726,F8,03,F7,F6,07,07,07,05,000B,-8,3,-9,-10,7,7,7,5,11,-137,8,16,10,100
4727,07,FA,F7,0A,FE,F8,06,FE,FFAA,7,-6,-9,10,-2,-8,6,-2,-86,-126,8,16,10,100
4728,08,FC,02,F7,FE,02,FF,F6,FFB7,8,-4,2,-9,-2,2,-1,-10,-73,-9,8,16,10,100
4729,02,03,05,FE,FB,F9,F8,04,0023,2,3,5,-2,-5,-7,-8,4,35,-44,8,16,10,100
4730,FF,FA,01,F9,F6,02,FA,08,FF9F,-1,-6,1,-7,-10,2,-6,8,-97,-161,8,16,10,100
4731,07,F9,FB,F6,00,0A,F8,FE,FFFE,7,-7,-5,-10,0,10,-8,-2,-2,-12,8,16,10,100
4732,FC,09,00,F7,FB,FB,09,FC,FFA3,-4,9,0,-9,-5,-5,9,-4,-93,-82,8,16,10,100
4733,04,03,02,03,05,02,0A,06,0017,4,3,2,3,5,2,10,6,23,87,8,16,10,100
4734,08,FB,FF,F7,00,F7,06,FC,0018,8,-5,-1,-9,0,-9,6,-4,24,99,8,16,10,100
4735,FB,04,FB,FB,02,F7,F6,F7,004A,-5,4,-5,-5,2,-9,-10,-9,74,123,8,16,10,100
4736,08,FC,FC,00,F7,F8,0A,FF,003E,8,-4,-4,0,-9,-8,10,-1,62,-18,8,16,10,100
4737,F7,FC,05,FE,03,F7,F6,01,0056,-9,-4,5,-2,3,-9,-10,1,86,43,8,16,10,100
4738,04,06,01,FB,07,05,05,03,0054,4,6,1,-5,7,5,5,3,84,132,8,16,10,100
4739,03,02,F6,09,07,FD,F8,09,FFA9,3,2,-10,9,7,-3,-8,9,-87,89,8,16,10,100
4740,04,01,06,FC,05,0A,09,03,FFEF,4,1,6,-4,5,10,9,3,-17,55,8,16,10,100
4741,FB,F8,02,07,09,06,FD,07,FFE1,-5,-8,2,7,9,6,-3,7,-31,-81,8,16,10,100
4742,F9,FA,06,F6,07,F7,0A,FF,FFA6,-7,-6,6,-10,7,-9,10,-1,-90,-15,8,16,10,100
4743,00,FE,02,0A,FB,00,F9,09,002A,0,-2,2,10,-5,0,-7,9,42,118,8,16,10,100
4744,FD,F8,06,04,F6,07,02,05,000B,-3,-8,6,4,-10,7,2,5,11,17,8,16,10,100
4745,05,FC,04,F8,02,FD,F6,03,0005,5,-4,4,-8,2,-3,-10,3,5,-37,8,16,10,100
4746,04,08,00,F7,FD,FD,01,FE,FF9F,4,8,0,-9,-3,-3,1,-2,-97,-115,8,16,10,100
4747,FE,FB,FF,FA,F8,F9,F6,05,FFA4,-2,-5,-1,-6,-8,-7,-10,5,-92,-61,8,16,10,100
4748,08,00,FB,FF,0A,F8,F8,01,004B,8,0,-5,-1,10,-8,-8,1,75,194,8,16,10,100
4749,03,FF,06,06,FA,FD,00,07,FFA2,3,-1,6,6,-6,-3,0,7,-94,-67,8,16,10,100
4750,01,F7,02,02,FF,FE,FA,F8,0036,1,-9,2,2,-1,-2,-6,-8,54,43,8,16,10,100
4751,F8,0A,05,03,FF,08,07,00,FFB8,-8,10,5,3,-1,8,7,0,-72,51,8,16,10,100
4752,FE,05,F9,F9,02,01,02,07,FFAC,-2,5,-7,-7,2,1,2,7,-84,-146,8,16,10,100
4753,00,F8,01,FD,FD,0A,F7,FC,0022,0,-8,1,-3,-3,10,-9,-4,34,-43,8,16,10,100
4754,F6,03,F8,FC,FE,FB,FF,FA,FFD4,-10,3,-8,-4,-2,-5,-1,-6,-44,-7,8,16,10,100
4755,05,0A,02,00,F7,F8,FB,FA,FFB9,5,10,2,0,-9,-8,-5,-6,-71,-206,8,16,10,100
4756,00,FD,FD,FB,08,F8,06,08,0058,0,-3,-3,-5,8,-8,6,8,88,54,8,16,10,100
4757,0A,06,F8,07,FD,FD,FC,FC,FFE1,10,6,-8,7,-3,-3,-4,-4,-31,-75,8,16,10,100
4758,08,FE,FB,FF,FD,09,02,04,FFB7,8,-2,-5,-1,-3,9,2,4,-73,-129,8,16,10,100
4759,FD,03,FA,08,03,06,F7,FA,FFDF,-3,3,-6,8,3,6,-9,-6,-33,-18,8,16,10,100
4760,02,00,FB,07,F9,FA,F7,09,0002,2,0,-5,7,-7,-6,-9,9,2,96,8,16,10,100
4761,03,0A,FA,FB,02,FC,F8,00,003B,3,10,-6,-5,2,-4,-8,0,59,73,8,16,10,100
4762,01,07,F8,08,02,06,0A,FE,FFD7,1,7,-8,8,2,6,10,-2,-41,-93,8,16,10,100
4763,04,F9,F8,FF,F7,FE,08,FC,FFD5,4,-7,-8,-1,-9,-2,8,-4,-43,-125,8,16,10,100
4764,FA,F8,FF,07,FB,F8,00,F9,FFD6,-6,-8,-1,7,-5,-8,0,-7,-42,3,8,16,10,100
4765,09,F8,01,07,06,00,FE,FF,0004,9,-8,1,7,6,0,-2,-1,4,49,8,16,10,100
4766,00,09,F8,09,03,FD,F7,07,0032,0,9,-8,9,3,-3,-9,7,50,158,8,16,10,100
4767,FB,02,F8,00,02,03,F9,05,FFE5,-5,2,-8,0,2,3,-7,5,-27,25,8,16,10,100
4768,FB,0A,FE,FC,05,00,FA,08,FFFA,-5,10,-2,-4,5,0,-6,8,-6,-51,8,16,10,100
4769,FC,F9,FA,06,0A,FF,00,04,0058,-4,-7,-6,6,10,-1,0,4,88,79,8,16,10,100
4770,08,F6,08,09,F7,F6,05,FC,FFBB,8,-10,8,9,-9,-10,5,-4,-69,-37,8,16,10,100
4771,05,F9,04,F9,08,02,FD,FE,FFD0,5,-7,4,-7,8,2,-3,-2,-48,-20,8,16,10,100
4772,F8,02,FF,F7,05,05,FE,FB,FFEB,-8,2,-1,-9,5,5,-2,-5,-21,-4,8,16,10,100
4773,FF,01,07,F7,09,F9,F9,07,FFCC,-1,1,7,-9,9,-7,-7,7,-52,-180,8,16,10,100
4774,F9,F6,F9,09,F8,F7,06,06,0029,-7,-10,-7,9,-8,-9,6,6,41,199,8,16,10,100
4775,FE,03,08,02,00,06,04,F8,0031,-2,3,8,2,0,6,4,-8,49,83,8,16,10,100
4776,0A,FC,F9,06,0A,FC,08,03,005D,10,-4,-7,6,10,-4,8,3,93,171,8,16,10,100
4777,FF,09,08,FA,07,FF,FA,FB,FFAA,-1,9,8,-6,7,-1,-6,-5,-86,-120,8,16,10,100
4778,04,FB,02,F8,FD,05,FE,FE,002F,4,-5,2,-8,-3,5,-2,-2,47,22,8,16,10,100
4779,04,06,F9,FB,FE,03,00,F8,000D,4,6,-7,-5,-2,3,0,-8,13,63,8,16,10,100
4780,FB,01,04,07,FF,F9,03,FD,FFFC,-5,1,4,7,-1,-7,3,-3,-4,-15,8,16,10,100
4781,FA,02,F7,F6,FE,02,FD,FD,FFBC,-6,2,-9,-10,-2,2,-3,-3,-68,5,8,16,10,100
4782,FD,F8,06,F9,F8,06,00,F7,FFFA,-3,-8,6,-7,-8,6,0,-9,-6,33,8,16,10,100
4783,01,07,FE,05,07,0A,06,04,FFA5,1,7,-2,5,7,10,6,4,-91,-6,8,16,10,100
4784,01,FF,07,04,06,02,FC,F6,FFFF,1,-1,7,4,6,2,-4,-10,-1,-65,8,16,10,100
4785,F8,FB,05,00,03,FA,F8,F6,FFA8,-8,-5,5,0,3,-6,-8,-10,-88,-122,8,16,10,100
4786,03,04,F9,F6,F9,08,00,F8,FFC7,3,4,-7,-10,-7,8,0,-8,-57,34,8,16,10,100
4787,FC,FC,01,FA,FD,FF,FC,03,002E,-4,-4,1,-6,-3,-1,-4,3,46,40,8,16,10,100
4788,00,00,05,F7,F8,01,06,08,0026,0,0,5,-9,-8,1,6,8,38,-4,8,16,10,100
4789,01,F7,FE,F9,F8,05,03,FC,FFB1,1,-9,-2,-7,-8,5,3,-4,-79,-110,8,16,10,100
4790,00,FF,FF,FB,07,FA,F6,F6,0034,0,-1,-1,-5,7,-6,-10,-10,52,118,8,16,10,100
4791,FB,04,F8,FF,00,FF,FB,07,0063,-5,4,-8,-1,0,-1,-5,7,99,128,8,16,10,100
4792,FC,05,F6,FA,F8,06,05,FC,FFF7,-4,5,-10,-6,-8,6,5,-4,-9,27,8,16,10,100
4793,F7,FD,FA,0A,FB,F8,00,FD,FFC0,-9,-3,-6,10,-5,-8,0,-3,-64,-25,8,16,10,100
4794,09,FC,FE,F9,FC,00,0A,FB,0005,9,-4,-2,-7,-4,0,10,-5,5,-16,8,16,10,100
4795,06,0A,F6,07,09,00,FD,FA,0061,6,10,-10,7,9,0,-3,-6,97,139,8,16,10,100
4796,05,FD,FF,F6,F9,FE,04,09,FFF6,5,-3,-1,-10,-7,-2,4,9,-10,-133,8,16,10,100
4797,FE,F9,FE,FD,06,04,FA,0A,003D,-2,-7,-2,-3,6,4,-6,10,61,3,8,16,10,100
4798,04,FC,08,FF,02,FF,00,F7,FFB1,4,-4,8,-1,2,-1,0,-9,-79,-58,8,16,10,100
4799,FF,0A,FE,FA,FE,05,02,01,0052,-1,10,-2,-6,-2,5,2,1,82,124,8,16,10,100
4800,FF,F8,FD,FF,F6,FC,07,F9,0061,-1,-8,-3,-1,-10,-4,7,-7,97,125,8,16,10,100
4801,F9,00,F7,07,03,F7,FA,06,005A,-7,0,-9,7,3,-9,-6,6,90,165,8,16,10,100
4802,0A,06,04,08,07,FB,08,F8,004A,10,6,4,8,7,-5,8,-8,74,82,8,16,10,100
4803,00,0A,FB,05,FF,0A,FA,FE,FFDE,0,10,-5,5,-1,10,-6,-2,-34,86,8,16,10,100
4804,FA,04,04,02,FD,FF,FE,02,FFBA,-6,4,4,2,-3,-1,-2,2,-70,-60,8,16,10,100
4805,F7,09,FE,0A,FB,07,04,07,FFB2,-9,9,-2,10,-5,7,4,7,-78,92,8,16,10,100
4806,08,FA,FE,00,F9,00,04,FB,FFC1,8,-6,-2,0,-7,0,4,-5,-63,-127,8,16,10,100
4807,05,01,F7,00,09,FC,FB,FB,005E,5,1,-9,0,9,-4,-5,-5,94,180,8,16,10,100
4808,03,09,09,00,08,FA,F7,07,FFA6,3,9,9,0,8,-6,-9,7,-90,-201,8,16,10,100
4809,06,F8,01,FC,F6,FA,FA,05,FFAA,6,-8,1,-4,-10,-6,-6,5,-86,-124,8,16,10,100
4810,02,05,F8,02,FE,01,01,0A,0020,2,5,-8,2,-2,1,1,10,32,45,8,16,10,100
4811,FC,0A,FB,0A,07,FC,04,FC,FFCB,-4,10,-5,10,7,-4,4,-4,-53,-181,8,16,10,100
4812,02,04,04,04,F8,05,09,FB,0013,2,4,4,4,-8,5,9,-5,19,39,8,16,10,100
4813,F8,FD,02,00,02,F6,F6,08,0029,-8,-3,2,0,2,-10,-10,8,41,35,8,16,10,100
4814,04,F8,06,00,01,FF,FA,FC,005C,4,-8,6,0,1,-1,-6,-4,92,68,8,16,10,100
4815,FA,02,00,FC,03,02,0A,08,000D,-6,2,0,-4,3,2,10,8,13,-33,8,16,10,100
4816,F8,09,FA,FB,FF,0A,04,08,FFC7,-8,9,-6,-5,-1,10,4,8,-57,-23,8,16,10,100
4817,FC,F8,FA,02,FB,FC,0A,F6,0048,-4,-8,-6,2,-5,-4,10,-10,72,44,8,16,10,100
4818,F8,08,01,FB,F6,00,F9,00,0051,-8,8,1,-5,-10,0,-7,0,81,154,8,16,10,100
4819,07,04,F6,05,0A,FD,FB,F9,FF9D,7,4,-10,5,10,-3,-5,-7,-99,-26,8,16,10,100
4820,FD,06,FA,0A,0A,06,08,F7,000F,-3,6,-6,10,10,6,8,-9,15,-117,8,16,10,100
4821,09,F8,FE,01,F8,05,FE,08,0016,9,-8,-2,1,-8,5,-2,8,22,-78,8,16,10,100
4822,06,FD,07,F9,06,00,07,F9,FF9F,6,-3,7,-7,6,0,7,-7,-97,37,8,16,10,100
4823,05,07,07,F9,05,04,FA,01,FFE4,5,7,7,-7,5,4,-6,1,-28,-24,8,16,10,100
4824,06,05,07,04,F9,04,01,FF,FFFF,6,5,7,4,-7,4,1,-1,-1,-20,8,16,10,100
4825,09,0A,09,FA,F9,FF,F8,04,003A,9,10,9,-6,-7,-1,-8,4,58,-111,8,16,10,100
4826,00,FA,FE,F7,06,FF,F8,07,FFAE,0,-6,-2,-9,6,-1,-8,7,-82,-123,8,16,10,100
4827,F8,F7,00,F8,09,06,0A,FE,FFB5,-8,-9,0,-8,9,6,10,-2,-75,-185,8,16,10,100
4828,F8,05,0A,05,00,03,00,08,002B,-8,5,10,5,0,3,0,8,43,98,8,16,10,100
4829,FA,07,F6,05,FF,08,FB,FD,0053,-6,7,-10,5,-1,8,-5,-3,83,180,8,16,10,100
4830,F8,FE,06,FF,FC,F8,09,FF,002C,-8,-2,6,-1,-4,-8,9,-1,44,147,8,16,10,100
4831,03,FB,F9,FC,04,08,09,08,FFF6,3,-5,-7,-4,4,8,9,8,-10,-133,8,16,10,100
4832,F9,FB,08,F7,03,05,FC,03,FFE5,-7,-5,8,-9,3,5,-4,3,-27,-132,8,16,10,100
4833,FC,FC,02,F7,F8,02,FF,07,FFB3,-4,-4,2,-9,-8,2,-1,7,-77,-118,8,16,10,100
4834,05,05,F6,04,0A,07,FD,F7,000B,5,5,-10,4,10,7,-3,-9,11,90,8,16,10,100
4835,09,07,02,0A,FE,FC,FC,FF,FFC9,9,7,2,10,-2,-4,-4,-1,-55,-119,8,16,10,100
4836,FE,0A,FC,05,FA,04,04,0A,FFC8,-2,10,-4,5,-6,4,4,10,-56,30,8,16,10,100
4837,F7,FD,03,0A,F6,F8,09,F8,0052,-9,-3,3,10,-10,-8,9,-8,82,143,8,16,10,100
4838,FD,07,F7,03,0A,FB,02,03,FFE4,-3,7,-9,3,10,-5,2,3,-28,-102,8,16,10,100
4839,FF,0A,FA,FB,0A,FF,F8,08,0027,-1,10,-6,-5,10,-1,-8,8,39,27,8,16,10,100
4840,FA,F9,06,FC,F6,04,F6,FF,FFBC,-6,-7,6,-4,-10,4,-10,-1,-68,-92,8,16,10,100
4841,09,08,04,FC,0A,FC,FC,05,FFCC,9,8,4,-4,10,-4,-4,5,-52,-30,8,16,10,100
4842,FD,04,0A,F9,07,FB,06,04,FFE5,-3,4,10,-7,7,-5,6,4,-27,-36,8,16,10,100
4843,07,03,FC,F6,FE,08,FC,FA,FFAF,7,3,-4,-10,-2,8,-4,-6,-81,5,8,16,10,100
4844,FA,F8,FA,04,08,04,00,07,FFDB,-6,-8,-6,4,8,4,0,7,-37,-89,8,16,10,100
4845,08,02,01,04,FB,00,F7,04,FFA2,8,2,1,4,-5,0,-9,4,-94,-127,8,16,10,100
4846,F6,F8,F6,F6,F6,00,06,F7,FFB6,-10,-8,-10,-10,-10,0,6,-9,-74,56,8,16,10,100
4847,03,03,FD,02,F8,06,00,03,0050,3,3,-3,2,-8,6,0,3,80,80,8,16,10,100
4848,F8,00,FB,FC,FF,FB,08,F9,004B,-8,0,-5,-4,-1,-5,8,-7,75,71,8,16,10,100
4849,0A,FA,FA,05,FF,FF,06,02,000F,10,-6,-6,5,-1,-1,6,2,15,-15,8,16,10,100
4850,F9,FF,FF,F6,05,00,F9,FD,0020,-7,-1,-1,-10,5,0,-7,-3,32,34,8,16,10,100
4851,FC,FD,FF,07,05,00,FE,00,FFD2,-4,-3,-1,7,5,0,-2,0,-46,-64,8,16,10,100
4852,08,03,00,01,04,08,01,06,0050,8,3,0,1,4,8,1,6,80,142,8,16,10,100
4853,0A,F7,0A,F7,FF,F7,06,0A,0027,10,-9,10,-9,-1,-9,6,10,39,80,8,16,10,100
4854,FF,07,F8,04,03,07,01,FA,0020,-1,7,-8,4,3,7,1,-6,32,46,8,16,10,100
4855,FA,F6,FB,F9,06,F9,06,FB,FFF8,-6,-10,-5,-7,6,-7,6,-5,-8,31,8,16,10,100
4856,FB,02,05,FC,FB,08,FA,07,005F,-5,2,5,-4,-5,8,-6,7,95,78,8,16,10,100
4857,04,00,04,FE,05,FB,02,03,FFEE,4,0,4,-2,5,-5,2,3,-18,4,8,16,10,100
4858,06,F6,01,F9,06,0A,F7,F8,0050,6,-10,1,-7,6,10,-9,-8,80,63,8,16,10,100
4859,07,FF,05,06,FE,F9,F7,06,001E,7,-1,5,6,-2,-7,-9,6,30,14,8,16,10,100
4860,F9,F6,F8,04,02,03,F8,06,FFC2,-7,-10,-8,4,2,3,-8,6,-62,-18,8,16,10,100
4861,09,08,02,F6,FD,F7,FD,01,FFE6,9,8,2,-10,-3,-9,-3,1,-26,-141,8,16,10,100
4862,04,03,0A,00,08,02,FF,FF,0033,4,3,10,0,8,2,-1,-1,51,79,8,16,10,100
4863,FE,F6,09,F8,09,F8,F8,FE,FFC1,-2,-10,9,-8,9,-8,-8,-2,-63,-57,8,16,10,100
4864,08,01,08,07,FD,06,FF,02,FFA8,8,1,8,7,-3,6,-1,2,-88,-100,8,16,10,100
4865,06,06,FF,01,02,05,04,FD,0063,6,6,-1,1,2,5,4,-3,99,134,8,16,10,100
4866,09,00,00,FF,F6,F9,05,05,0022,9,0,0,-1,-10,-7,5,5,34,-61,8,16,10,100
4867,00,F6,F9,02,F9,00,08,F8,FFF6,0,-10,-7,2,-7,0,8,-8,-10,-82,8,16,10,100
4868,00,02,0A,05,FE,01,0A,03,0046,0,2,10,5,-2,1,10,3,70,187,8,16,10,100
4869,F6,FD,F6,05,01,F8,FB,08,001A,-10,-3,-10,5,1,-8,-5,8,26,130,8,16,10,100
4870,F7,0A,F8,FE,02,FF,F7,FC,FFFD,-9,10,-8,-2,2,-1,-9,-4,-3,49,8,16,10,100
4871,07,04,FA,FE,FD,FF,F8,FB,FFC8,7,4,-6,-2,-3,-1,-8,-5,-56,-23,8,16,10,100
4872,FB,06,F9,FC,F7,0A,04,FF,0008,-5,6,-7,-4,-9,10,4,-1,8,89,8,16,10,100
4873,FD,09,F7,00,FB,00,F8,0A,FFC6,-3,9,-9,0,-5,0,-8,10,-58,29,8,16,10,100
4874,00,07,FE,F6,FD,05,08,01,004C,0,7,-2,-10,-3,5,8,1,76,85,8,16,10,100
4875,02,02,06,FC,FA,09,F8,FE,FFE7,2,2,6,-4,-6,9,-8,-2,-25,-59,8,16,10,100
4876,08,09,08,02,04,05,06,0A,FFA9,8,9,8,2,4,5,6,10,-87,58,8,16,10,100
4877,FE,F6,03,FF,FA,06,FA,01,002F,-2,-10,3,-1,-6,6,-6,1,47,-20,8,16,10,100
4878,FA,07,FB,FA,04,00,09,F9,0009,-6,7,-5,-6,4,0,9,-7,9,-18,8,16,10,100
4879,FA,00,05,F8,FD,F7,05,F9,FFF3,-6,0,5,-8,-3,-9,5,-7,-13,86,8,16,10,100
4880,F8,F8,F8,03,F9,00,06,08,FFEA,-8,-8,-8,3,-7,0,6,8,-22,10,8,16,10,100
4881,F8,F8,03,05,05,FA,06,07,0043,-8,-8,3,5,5,-6,6,7,67,128,8,16,10,100
4882,02,FE,00,F8,09,F7,06,08,FFD6,2,-2,0,-8,9,-9,6,8,-42,-70,8,16,10,100
4883,FF,01,FF,F9,05,F7,FD,04,004F,-1,1,-1,-7,5,-9,-3,4,79,40,8,16,10,100
4884,06,FA,02,07,05,06,06,F7,0006,6,-6,2,7,5,6,6,-9,6,-51,8,16,10,100
4885,02,00,02,03,0A,06,FB,09,0050,2,0,2,3,10,6,-5,9,80,117,8,16,10,100
4886,F6,0A,F7,FC,09,FA,F8,06,0041,-10,10,-9,-4,9,-6,-8,6,65,-37,8,16,10,100
4887,F6,F9,05,FB,F6,03,01,04,0044,-10,-7,5,-5,-10,3,1,4,68,132,8,16,10,100
4888,08,01,05,FF,01,04,FC,08,FFAD,8,1,5,-1,1,4,-4,8,-83,-99,8,16,10,100
4889,03,F6,00,FF,FF,FA,06,00,001D,3,-10,0,-1,-1,-6,6,0,29,86,8,16,10,100
4890,F9,06,01,05,FB,07,08,FD,0019,-7,6,1,5,-5,7,8,-3,25,95,8,16,10,100
4891,FE,FD,06,FD,FD,F8,F8,08,0012,-2,-3,6,-3,-3,-8,-8,8,18,-24,8,16,10,100
4892,FD,06,03,03,F9,0A,FD,00,0023,-3,6,3,3,-7,10,-3,0,35,107,8,16,10,100
4893,03,FA,05,F6,F9,FD,06,F8,000D,3,-6,5,-10,-7,-3,6,-8,13,120,8,16,10,100
4894,FC,F9,FE,F9,02,05,FD,F7,0008,-4,-7,-2,-7,2,5,-3,-9,8,34,8,16,10,100
4895,01,FE,04,0A,FA,09,F6,F6,0015,1,-2,4,10,-6,9,-10,-10,21,-143,8,16,10,100
4896,FA,06,FF,06,0A,08,07,05,0051,-6,6,-1,6,10,8,7,5,81,92,8,16,10,100
4897,F8,09,00,FA,03,FC,FF,03,FFF1,-8,9,0,-6,3,-4,-1,3,-15,-93,8,16,10,100
4898,FA,02,02,FA,00,09,F6,03,0037,-6,2,2,-6,0,9,-10,3,55,35,8,16,10,100
4899,FF,07,01,04,FB,01,FA,07,001B,-1,7,1,4,-5,1,-6,7,27,61,8,16,10,100
4900,FD,FA,FD,08,F9,F7,09,FA,FFDA,-3,-6,-3,8,-7,-9,9,-6,-38,-38,8,16,10,100
4901,0A,06,F7,FF,04,02,03,04,FFE3,10,6,-9,-1,4,2,3,4,-29,-8,8,16,10,100
4902,05,04,09,03,01,08,FC,00,FFC5,5,4,9,3,1,8,-4,0,-59,-58,8,16,10,100
4903,08,F8,00,07,01,F8,F8,F6,FFD3,8,-8,0,7,1,-8,-8,-10,-45,-43,8,16,10,100
4904,FE,F6,FF,FB,09,06,F9,F9,0054,-2,-10,-1,-5,9,6,-7,-7,84,48,8,16,10,100
4905,07,09,03,04,05,04,0A,FA,0038,7,9,3,4,5,4,10,-6,56,133,8,16,10,100
4906,0A,FC,02,FB,0A,05,09,00,005F,10,-4,2,-5,10,5,9,0,95,193,8,16,10,100
4907,F8,02,01,FF,FD,FA,00,F7,0005,-8,2,1,-1,-3,-6,0,-9,5,26,8,16,10,100
4908,FB,05,FB,F6,04,FE,06,06,004C,-5,5,-5,-10,4,-2,6,6,76,-44,8,16,10,100
4909,08,0A,07,FB,F6,FC,03,06,002B,8,10,7,-5,-10,-4,3,6,43,-86,8,16,10,100
4910,09,04,02,0A,FD,FF,00,0A,002E,9,4,2,10,-3,-1,0,10,46,115,8,16,10,100
4911,02,06,07,06,FC,04,FA,08,0016,2,6,7,6,-4,4,-6,8,22,44,8,16,10,100
4912,F8,F9,08,F6,07,0A,05,FD,FF9F,-8,-7,8,-10,7,10,5,-3,-97,-153,8,16,10,100
4913,09,FA,FD,05,05,07,F9,02,002E,9,-6,-3,5,5,7,-7,2,46,80,8,16,10,100
4914,F6,F6,0A,F7,09,07,04,04,0054,-10,-10,10,-9,9,7,4,4,84,-72,8,16,10,100
4915,F9,FA,F7,02,07,04,FC,F6,FFBD,-7,-6,-9,2,7,4,-4,-10,-67,-124,8,16,10,100
4916,F6,08,07,0A,03,07,04,07,0038,-10,8,7,10,3,7,4,7,56,180,8,16,10,100
4917,09,05,01,F8,FD,05,F6,FE,FF9E,9,5,1,-8,-3,5,-10,-2,-98,-94,8,16,10,100
4918,06,02,08,FD,FD,FE,FC,0A,FFD9,6,2,8,-3,-3,-2,-4,10,-39,-123,8,16,10,100
4919,F8,00,07,03,06,03,F9,02,0031,-8,0,7,3,6,3,-7,2,49,-42,8,16,10,100
4920,FC,F7,07,FB,03,09,FA,04,FFD2,-4,-9,7,-5,3,9,-6,4,-46,-201,8,16,10,100
4921,01,FD,F6,05,F9,FD,FF,09,0027,1,-3,-10,5,-7,-3,-1,9,39,96,8,16,10,100
4922,04,FC,F8,04,03,0A,0A,F9,FFEE,4,-4,-8,4,3,10,10,-7,-18,-154,8,16,10,100
4923,FB,FA,FC,01,F8,FF,0A,F6,FFAE,-5,-6,-4,1,-8,-1,10,-10,-82,-86,8,16,10,100
4924,03,07,04,F9,0A,06,04,FC,FFA3,3,7,4,-7,10,6,4,-4,-93,23,8,16,10,100
4925,02,FB,0A,04,0A,FF,F9,FD,FFE2,2,-5,10,4,10,-1,-7,-3,-30,-87,8,16,10,100
4926,01,07,03,F8,08,FF,05,09,0052,1,7,3,-8,8,-1,5,9,82,26,8,16,10,100
4927,03,FF,FB,09,FD,0A,05,01,FFEF,3,-1,-5,9,-3,10,5,1,-17,-52,8,16,10,100
4928,03,FE,06,FD,03,FA,01,FC,FFAD,3,-2,6,-3,3,-6,1,-4,-83,-44,8,16,10,100
4929,07,F8,FB,06,F8,F7,00,FA,FFB4,7,-8,-5,6,-8,-9,0,-6,-76,-96,8,16,10,100
4930,F6,01,FA,FE,07,01,FB,FC,FFAF,-10,1,-6,-2,7,1,-5,-4,-81,-112,8,16,10,100
4931,0A,04,F8,07,FB,09,0A,FF,FFE1,10,4,-8,7,-5,9,10,-1,-31,-132,8,16,10,100
4932,FE,F8,07,06,05,08,F9,FF,FFDF,-2,-8,7,6,5,8,-7,-1,-33,-162,8,16,10,100
4933,FC,F7,01,00,05,FB,FD,04,0003,-4,-9,1,0,5,-5,-3,4,3,25,8,16,10,100
4934,FA,FF,03,06,01,00,00,F8,005B,-6,-1,3,6,1,0,0,-8,91,37,8,16,10,100
4935,00,08,F9,FE,F9,00,0A,0A,FFB0,0,8,-7,-2,-7,0,10,10,-80,-170,8,16,10,100
4936,F6,F7,FB,F7,00,08,FA,01,0030,-10,-9,-5,-9,0,8,-6,1,48,-3,8,16,10,100
4937,06,02,00,05,00,06,0A,03,FFDF,6,2,0,5,0,6,10,3,-33,-6,8,16,10,100
4938,FB,04,08,0A,04,FA,F6,FF,FFFD,-5,4,8,10,4,-6,-10,-1,-3,-137,8,16,10,100
4939,FD,05,09,04,FA,F7,00,07,0047,-3,5,9,4,-6,-9,0,7,71,72,8,16,10,100
4940,F6,00,FD,09,FB,03,06,FA,FFE1,-10,0,-3,9,-5,3,6,-6,-31,-53,8,16,10,100
4941,FF,FB,FB,F8,F8,F8,FC,FB,FFFD,-1,-5,-5,-8,-8,-8,-4,-5,-3,105,8,16,10,100
4942,FD,FA,01,FD,F9,03,08,08,0019,-3,-6,1,-3,-7,3,8,8,25,12,8,16,10,100
4943,0A,01,FC,00,FA,07,01,FA,FFED,10,1,-4,0,-6,7,1,-6,-19,-76,8,16,10,100
4944,F6,F9,FE,FE,04,04,FB,07,FFB1,-10,-7,-2,-2,4,4,-5,7,-79,-151,8,16,10,100
4945,F6,FF,08,01,FA,01,08,01,FFD3,-10,-1,8,1,-6,1,8,1,-45,79,8,16,10,100
4946,FE,03,03,01,09,FF,05,FD,0003,-2,3,3,1,9,-1,5,-3,3,-6,8,16,10,100
4947,05,FA,06,07,F8,05,08,09,003F,5,-6,6,7,-8,5,8,9,63,104,8,16,10,100
4948,F7,05,FD,F8,0A,FD,07,F9,FFDC,-9,5,-3,-8,10,-3,7,-7,-36,-106,8,16,10,100
4949,05,00,08,FF,F9,F7,FC,09,0011,5,0,8,-1,-7,-9,-4,9,17,-59,8,16,10,100
4950,08,03,FA,F9,F9,03,0A,F8,FFB9,8,3,-6,-7,-7,3,10,-8,-71,-122,8,16,10,100
4951,08,FE,FB,02,FA,0A,08,FF,0028,8,-2,-5,2,-6,10,8,-1,40,-70,8,16,10,100
4952,F9,01,00,FB,F6,00,01,F9,002D,-7,1,0,-5,-10,0,1,-7,45,150,8,16,10,100
4953,01,01,07,F9,F9,F8,00,03,0049,1,1,7,-7,-7,-8,0,3,73,37,8,16,10,100
4954,F7,F7,07,F6,FE,00,FC,FE,FFBF,-9,-9,7,-10,-2,0,-4,-2,-65,-55,8,16,10,100
4955,02,FB,03,05,F8,F7,FA,F6,004B,2,-5,3,5,-8,-9,-6,-10,75,36,8,16,10,100
4956,07,FD,06,07,FD,FF,0A,07,005B,7,-3,6,7,-3,-1,10,7,91,182,8,16,10,100
4957,FA,04,FF,01,04,09,04,06,FFA9,-6,4,-1,1,4,9,4,6,-87,-73,8,16,10,100
4958,05,F9,00,F6,0A,05,07,07,FFBF,5,-7,0,-10,10,5,7,7,-65,-120,8,16,10,100
4959,FA,FE,04,FD,FD,07,0A,03,003D,-6,-2,4,-3,-3,7,10,3,61,96,8,16,10,100
4960,06,04,F6,F7,FE,F6,09,0A,FFDE,6,4,-10,-9,-2,-10,9,10,-34,-266,8,16,10,100
4961,03,F9,FD,F9,01,FB,00,06,FFB7,3,-7,-3,-7,1,-5,0,6,-73,-77,8,16,10,100
4962,0A,FE,01,00,FE,05,07,09,FFD5,10,-2,1,0,-2,5,7,9,-43,-66,8,16,10,100
4963,FE,FF,F7,04,05,06,02,FE,FFB6,-2,-1,-9,4,5,6,2,-2,-74,-116,8,16,10,100
4964,0A,FA,01,06,FC,09,FF,07,FF9C,10,-6,1,6,-4,9,-1,7,-100,-153,8,16,10,100
4965,03,F8,FD,05,00,04,FF,08,FFAF,3,-8,-3,5,0,4,-1,8,-81,-70,8,16,10,100
4966,09,03,05,04,F8,FA,04,08,0044,9,3,5,4,-8,-6,4,8,68,30,8,16,10,100
4967,F9,F7,F9,01,08,FE,03,F6,FFCF,-7,-9,-7,1,8,-2,3,-10,-49,-118,8,16,10,100
4968,09,04,00,FB,02,FB,01,03,003D,9,4,0,-5,2,-5,1,3,61,44,8,16,10,100
4969,09,00,03,05,FB,04,03,FC,FFF8,9,0,3,5,-5,4,3,-4,-8,-64,8,16,10,100
4970,01,FD,FB,00,FC,03,0A,F9,FFA5,1,-3,-5,0,-4,3,10,-7,-91,-154,8,16,10,100
4971,00,FC,FD,00,0A,FF,F7,FF,FF9D,0,-4,-3,0,10,-1,-9,-1,-99,-68,8,16,10,100
4972,FC,F9,00,F7,F9,FA,04,FE,FFC6,-4,-7,0,-9,-7,-6,4,-2,-58,30,8,16,10,100
4973,02,06,FC,05,09,05,00,F6,FFF3,2,6,-4,5,9,5,0,-10,-13,-15,8,16,10,100
4974,01,FA,FC,F8,FD,F8,02,FA,FFE5,1,-6,-4,-8,-3,-8,2,-6,-27,58,8,16,10,100
4975,06,FB,03,FD,FC,09,03,09,FFF2,6,-5,3,-3,-4,9,3,9,-14,-101,8,16,10,100
4976,04,FB,02,04,FE,FA,F9,F8,FFA0,4,-5,2,4,-2,-6,-7,-8,-96,-120,8,16,10,100
4977,FA,FC,0A,0A,03,FB,F7,FE,FFC1,-6,-4,10,10,3,-5,-9,-2,-63,-171,8,16,10,100
4978,F9,F6,06,03,02,FA,09,03,0002,-7,-10,6,3,2,-6,9,3,2,111,8,16,10,100
4979,FE,F8,FA,05,FC,0A,02,01,FFCD,-2,-8,-6,5,-4,10,2,1,-51,-130,8,16,10,100
4980,05,F9,05,FC,FF,08,07,00,0049,5,-7,5,-4,-1,8,7,0,73,47,8,16,10,100
4981,07,F7,0A,F9,FE,04,03,FE,FFAA,7,-9,10,-7,-2,4,3,-2,-86,-92,8,16,10,100
4982,03,05,03,07,06,F7,0A,FD,0054,3,5,3,7,6,-9,10,-3,84,66,8,16,10,100
4983,09,06,FB,FC,00,04,00,03,001B,9,6,-5,-4,0,4,0,3,27,39,8,16,10,100
4984,FE,08,03,FB,FD,FD,05,09,FFB8,-2,8,3,-5,-3,-3,5,9,-72,-120,8,16,10,100
4985,0A,07,01,FF,00,04,02,02,0038,10,7,1,-1,0,4,2,2,56,84,8,16,10,100
4986,F8,FE,FE,00,03,02,F9,F8,000A,-8,-2,-2,0,3,2,-7,-8,10,-4,8,16,10,100
4987,FC,01,FE,FC,FA,04,00,FE,002A,-4,1,-2,-4,-6,4,0,-2,42,78,8,16,10,100
4988,03,0A,F7,06,00,F7,F7,06,0040,3,10,-9,6,0,-9,-9,6,64,91,8,16,10,100
4989,FB,05,01,05,07,0A,0A,04,FFA5,-5,5,1,5,7,10,10,4,-91,-46,8,16,10,100
4990,02,07,00,02,FA,06,0A,F6,0020,2,7,0,2,-6,6,10,-10,32,42,8,16,10,100
4991,07,F9,FC,F8,06,FD,08,0A,0043,7,-7,-4,-8,6,-3,8,10,67,18,8,16,10,100
4992,00,05,0A,F6,04,03,08,FE,FFF7,0,5,10,-10,4,3,8,-2,-9,106,8,16,10,100
4993,03,02,FD,05,05,FF,F8,FE,0004,3,2,-3,5,5,-1,-8,-2,4,31,8,16,10,100
4994,06,F8,FD,02,FF,07,07,04,0027,6,-8,-3,2,-1,7,7,4,39,-36,8,16,10,100
4995,07,F8,0A,01,F8,03,FC,01,FFF9,7,-8,10,1,-8,3,-4,1,-7,-126,8,16,10,100
4996,FC,FF,08,07,F6,00,08,F6,0054,-4,-1,8,7,-10,0,8,-10,84,118,8,16,10,100
4997,FB,00,09,00,FF,F7,01,08,FFA0,-5,0,9,0,-1,-9,1,8,-96,-82,8,16,10,100
4998,00,08,F7,03,FB,00,04,03,FFAD,0,8,-9,3,-5,0,4,3,-83,-110,8,16,10,100
4999,F9,08,0A,04,01,F6,04,06,FFEC,-7,8,10,4,1,-10,4,6,-20,-43,8,16,10,100
5000,FF,06,FB,F8,03,F9,03,02,000D,-1,6,-5,-8,3,-7,3,2,13,-63,8,16,10,100
5001,F9,08,F7,08,05,F6,F8,00,FFE5,-7,8,-9,8,5,-10,-8,0,-27,-70,8,16,10,100
5002,F7,FD,FA,06,FC,F9,06,FD,003F,-9,-3,-6,6,-4,-7,6,-3,63,66,8,16,10,100
5003,05,FA,FD,01,05,00,FE,F8,005C,5,-6,-3,1,5,0,-2,-8,92,115,8,16,10,100
5004,06,FA,00,FD,FA,F6,F8,01,000D,6,-6,0,-3,-6,-10,-8,1,13,34,8,16,10,100
5005,07,06,F8,07,0A,02,01,F8,FFE7,7,6,-8,7,10,2,1,-8,-25,-7,8,16,10,100
5006,06,00,FA,FE,05,07,02,F7,FFE7,6,0,-6,-2,5,7,2,-9,-25,11,8,16,10,100
5007,F8,FA,05,FD,02,06,F8,FB,FFC0,-8,-6,5,-3,2,6,-8,-5,-64,-141,8,16,10,100
5008,0A,01,01,FE,FC,08,0A,09,FF9F,10,1,1,-2,-4,8,10,9,-97,-137,8,16,10,100
5009,F7,FF,FB,0A,FC,FF,00,01,FFAD,-9,-1,-5,10,-4,-1,0,1,-83,-36,8,16,10,100
5010,F9,FE,0A,04,02,F6,08,04,004A,-7,-2,10,4,2,-10,8,4,74,176,8,16,10,100
5011,04,F7,FF,FB,0A,05,08,09,0057,4,-9,-1,-5,10,5,8,9,87,29,8,16,10,100
5012,FC,03,FB,FA,F9,FA,09,F8,FFEF,-4,3,-5,-6,-7,-6,9,-8,-17,-4,8,16,10,100
5013,09,0A,00,06,F9,01,F7,F8,FFB7,9,10,0,6,-7,1,-9,-8,-73,-174,8,16,10,100
5014,04,F7,07,FF,FE,F6,FE,04,FFCA,4,-9,7,-1,-2,-10,-2,4,-54,10,8,16,10,100
5015,07,06,F9,02,03,09,00,00,FFBA,7,6,-7,2,3,9,0,0,-70,5,8,16,10,100
5016,FD,0A,FB,FA,05,F6,F6,FD,FFC7,-3,10,-5,-6,5,-10,-10,-3,-57,-104,8,16,10,100
5017,01,02,F8,F9,01,F7,08,06,0045,1,2,-8,-7,1,-9,8,6,69,-54,8,16,10,100
5018,FD,F9,05,F9,FD,F9,FF,06,0055,-3,-7,5,-7,-3,-7,-1,6,85,96,8,16,10,100
5019,02,F7,FA,F8,F8,06,F6,F9,0040,2,-9,-6,-8,-8,6,-10,-7,64,110,8,16,10,100
5020,03,01,04,FB,02,FD,F6,02,FFC1,3,1,4,-5,2,-3,-10,2,-63,-110,8,16,10,100
5021,00,00,06,F9,FD,FF,03,FA,000B,0,0,6,-7,-3,-1,3,-6,11,71,8,16,10,100
5022,07,F8,08,06,FD,00,01,05,0014,7,-8,8,6,-3,0,1,5,20,37,8,16,10,100
5023,FD,FE,06,FC,07,0A,00,06,0032,-3,-2,6,-4,7,10,0,6,50,-15,8,16,10,100
5024,06,00,06,FF,F9,F6,FD,06,0040,6,0,6,-1,-7,-10,-3,6,64,-2,8,16,10,100
5025,00,09,05,F9,0A,F9,08,02,0053,0,9,5,-7,10,-7,8,2,83,46,8,16,10,100
5026,F9,FB,04,05,FD,F6,01,FE,FFFF,-7,-5,4,5,-3,-10,1,-2,-1,64,8,16,10,100
5027,FC,F8,FB,F6,0A,01,09,F9,0048,-4,-8,-5,-10,10,1,9,-7,72,49,8,16,10,100
5028,FB,0A,0A,FB,07,0A,04,FA,005D,-5,10,10,-5,7,10,4,-6,93,228,8,16,10,100
5029,FA,F7,04,00,F8,F9,06,FC,001C,-6,-9,4,0,-8,-7,6,-4,28,163,8,16,10,100
5030,FC,04,00,F8,FE,FE,F6,FF,0041,-4,4,0,-8,-2,-2,-10,-1,65,73,8,16,10,100
5031,FC,F7,01,03,00,09,FA,FB,FFC9,-4,-9,1,3,0,9,-6,-5,-55,-157,8,16,10,100
5032,F9,F6,0A,03,05,08,FA,05,FFAF,-7,-10,10,3,5,8,-6,5,-81,-241,8,16,10,100
5033,F8,09,05,01,0A,02,F8,FC,FFB1,-8,9,5,1,10,2,-8,-4,-79,-185,8,16,10,100
5034,00,F6,F8,0A,09,FB,04,03,0050,0,-10,-8,10,9,-5,4,3,80,128,8,16,10,100
5035,F8,FE,FC,FF,07,F7,FC,F7,FFB6,-8,-2,-4,-1,7,-9,-4,-9,-74,-87,8,16,10,100
5036,F6,FA,07,09,01,FA,FA,FF,0023,-10,-6,7,9,1,-6,-6,-1,35,10,8,16,10,100
5037,0A,FF,FB,00,FC,F6,0A,FE,FFE5,10,-1,-5,0,-4,-10,10,-2,-27,-107,8,16,10,100
5038,09,FB,F6,08,FF,05,F7,00,0005,9,-5,-10,8,-1,5,-9,0,5,61,8,16,10,100
5039,05,F7,FB,FD,FA,FE,03,FB,0013,5,-9,-5,-3,-6,-2,3,-5,19,7,8,16,10,100
5040,08,FC,04,FB,09,02,FC,0A,0021,8,-4,4,-5,9,2,-4,10,33,31,8,16,10,100
5041,03,07,02,F9,FD,FC,FE,FD,FFC9,3,7,2,-7,-3,-4,-2,-3,-55,-75,8,16,10,100
5042,FD,08,04,00,F9,F9,FA,FE,FFD9,-3,8,4,0,-7,-7,-6,-2,-39,-98,8,16,10,100
5043,FC,F7,04,01,F6,FD,F7,FD,005E,-4,-9,4,1,-10,-3,-9,-3,94,122,8,16,10,100
5044,FA,FF,05,01,FC,FA,F8,0A,FF9D,-6,-1,5,1,-4,-6,-8,10,-99,-99,8,16,10,100
5045,09,08,03,FF,06,04,FE,F9,0002,9,8,3,-1,6,4,-2,-7,2,89,8,16,10,100
5046,00,F9,04,FF,F9,03,02,09,0029,0,-7,4,-1,-7,3,2,9,41,19,8,16,10,100
5047,F8,FD,03,F6,02,07,02,FA,0049,-8,-3,3,-10,2,7,2,-6,73,102,8,16,10,100
5048,FB,F9,0A,00,F8,F6,F9,02,005B,-5,-7,10,0,-8,-10,-7,2,91,131,8,16,10,100
5049,F7,00,FD,FA,FD,04,FC,F9,FFE5,-9,0,-3,-6,-3,4,-4,-7,-27,54,8,16,10,100
5050,F7,FD,02,09,FA,00,08,F7,FFF7,-9,-3,2,9,-6,0,8,-9,-9,-20,8,16,10,100
5051,01,0A,03,F6,0A,06,04,0A,FFF6,1,10,3,-10,10,6,4,10,-10,-28,8,16,10,100
5052,06,03,FF,FD,FA,09,FD,0A,0030,6,3,-1,-3,-6,9,-3,10,48,12,8,16,10,100
5053,03,09,F6,F7,FE,05,04,FD,FFC1,3,9,-10,-9,-2,5,4,-3,-63,-37,8,16,10,100
5054,FF,F7,FC,FC,04,F7,F6,FF,FFE7,-1,-9,-4,-4,4,-9,-10,-1,-25,96,8,16,10,100
5055,01,FD,FF,FD,FE,07,06,FB,FFD6,1,-3,-1,-3,-2,7,6,-5,-42,-56,8,16,10,100
5056,FE,F7,01,FF,F6,FF,FC,FF,FFD4,-2,-9,1,-1,-10,-1,-4,-1,-44,-18,8,16,10,100
5057,09,FA,F6,F8,FB,FC,FE,08,FFCC,9,-6,-10,-8,-5,-4,-2,8,-52,-117,8,16,10,100
5058,00,08,0A,FD,FB,03,06,00,0040,0,8,10,-3,-5,3,6,0,64,148,8,16,10,100
5059,FB,FB,FD,FB,FC,02,F7,0A,FFB8,-5,-5,-3,-5,-4,2,-9,10,-72,-85,8,16,10,100
5060,F8,FC,01,01,F9,01,04,03,0043,-8,-4,1,1,-7,1,4,3,67,126,8,16,10,100
5061,07,04,FF,02,02,0A,05,02,0014,7,4,-1,2,2,10,5,2,20,73,8,16,10,100
5062,F7,FE,F7,04,02,F6,FA,00,FFC1,-9,-2,-9,4,2,-10,-6,0,-63,-7,8,16,10,100
5063,01,00,04,FC,F7,F7,FE,05,001E,1,0,4,-4,-9,-9,-2,5,30,-7,8,16,10,100
5064,F7,04,FD,03,04,FE,FD,0A,FFFB,-9,4,-3,3,4,-2,-3,10,-5,-10,8,16,10,100
5065,02,FB,05,F9,F6,FF,F7,F9,0011,2,-5,5,-7,-10,-1,-9,-7,17,6,8,16,10,100
5066,01,FD,F9,05,FC,02,FB,06,005C,1,-3,-7,5,-4,2,-5,6,92,147,8,16,10,100
5067,03,FD,05,FD,09,06,06,0A,FFC4,3,-3,5,-3,9,6,6,10,-60,-51,8,16,10,100
5068,FA,FC,06,F8,03,07,05,09,FFB3,-6,-4,6,-8,3,7,5,9,-77,-165,8,16,10,100
5069,F7,FD,FA,FE,01,F6,FD,FC,0047,-9,-3,-6,-2,1,-10,-3,-4,71,118,8,16,10,100
5070,FB,07,02,00,F7,FD,FA,04,FFFB,-5,7,2,0,-9,-3,-6,4,-5,7,8,16,10,100
5071,00,05,F8,FB,F8,FB,04,07,000F,0,5,-8,-5,-8,-5,4,7,15,-77,8,16,10,100
5072,FA,F7,0A,F6,F9,07,F8,F6,FFE8,-6,-9,10,-10,-7,7,-8,-10,-24,-25,8,16,10,100
5073,FA,05,F7,FC,01,FA,0A,01,FFED,-6,5,-9,-4,1,-6,10,1,-19,-149,8,16,10,100
5074,FB,08,08,0A,00,06,FE,0A,FFB8,-5,8,8,10,0,6,-2,10,-72,60,8,16,10,100
5075,0A,08,FC,05,FB,F6,FE,F9,002C,10,8,-4,5,-5,-10,-2,-7,44,-113,8,16,10,100
5076,03,FF,02,FE,06,02,08,F7,0048,3,-1,2,-2,6,2,8,-9,72,122,8,16,10,100
5077,06,08,07,04,08,0A,08,07,FFBD,6,8,7,4,8,10,8,7,-67,145,8,16,10,100
5078,05,03,05,07,07,FA,07,FE,FFBF,5,3,5,7,7,-6,7,-2,-65,-27,8,16,10,100
5079,04,F7,04,F6,FE,00,F9,F7,0058,4,-9,4,-10,-2,0,-7,-9,88,142,8,16,10,100
5080,08,FB,01,FE,03,06,09,FB,FFC6,8,-5,1,-2,3,6,9,-5,-58,-45,8,16,10,100
5081,FD,0A,F6,FD,0A,FD,0A,05,0058,-3,10,-10,-3,10,-3,10,5,88,-87,8,16,10,100
5082,FD,F9,01,08,FC,07,00,08,FFFD,-3,-7,1,8,-4,7,0,8,-3,24,8,16,10,100
5083,06,01,FD,04,05,F8,FD,FB,FFE7,6,1,-3,4,5,-8,-3,-5,-25,-14,8,16,10,100
5084,02,08,05,05,FD,07,FE,FB,FFDA,2,8,5,5,-3,7,-2,-5,-38,-23,8,16,10,100
5085,06,FC,FB,07,05,FB,09,FC,0014,6,-4,-5,7,5,-5,9,-4,20,-3,8,16,10,100
5086,09,04,FB,08,FD,F7,05,09,0004,9,4,-5,8,-3,-9,5,9,4,-12,8,16,10,100
5087,FE,FB,03,FF,F9,06,F8,F7,0035,-2,-5,3,-1,-7,6,-8,-9,53,22,8,16,10,100
5088,F6,F6,02,FE,FD,FC,FB,06,FFB8,-10,-10,2,-2,-3,-4,-5,6,-72,-24,8,16,10,100
5089,FE,FE,0A,07,07,FC,F6,FF,FFFA,-2,-2,10,7,7,-4,-10,-1,-6,-119,8,16,10,100
5090,04,01,00,08,07,FB,FC,04,FFEF,4,1,0,8,7,-5,-4,4,-17,38,8,16,10,100
5091,08,08,FF,F9,FF,01,F7,FB,0045,8,8,-1,-7,-1,1,-9,-5,69,113,8,16,10,100
5092,F7,F9,05,FF,FD,F9,02,FC,FFE9,-9,-7,5,-1,-3,-7,2,-4,-23,67,8,16,10,100
5093,FC,FE,02,00,F8,09,03,FF,002B,-4,-2,2,0,-8,9,3,-1,43,63,8,16,10,100
5094,08,FA,FA,F7,05,F8,06,FC,FF9F,8,-6,-6,-9,5,-8,6,-4,-97,-9,8,16,10,100
5095,F8,FA,FC,06,FE,05,02,08,FF9D,-8,-6,-4,6,-2,5,2,8,-99,-73,8,16,10,100
5096,02,01,F8,F6,F7,F6,F9,FA,0010,2,1,-8,-10,-9,-10,-7,-6,16,104,8,16,10,100
5097,09,0A,F6,02,FD,0A,F8,00,0030,9,10,-10,2,-3,10,-8,0,48,201,8,16,10,100
5098,02,0A,07,06,F6,03,04,03,004A,2,10,7,6,-10,3,4,3,74,130,8,16,10,100
5099,0A,F7,08,FB,05,FB,01,01,FFF9,10,-9,8,-5,5,-5,1,1,-7,91,8,16,10,100
5100,F9,05,F9,0A,09,F9,F8,FF,003B,-7,5,-7,10,9,-7,-8,-1,59,7,8,16,10,100
5101,05,FB,F6,05,07,FD,04,FE,FFB5,5,-5,-10,5,7,-3,4,-2,-75,-75,8,16,10,100
5102,06,09,00,FE,02,FA,F6,09,0011,6,9,0,-2,2,-6,-10,9,17,-43,8,16,10,100
5103,F9,05,F7,F8,05,F6,04,F9,000E,-7,5,-9,-8,5,-10,4,-7,14,-51,8,16,10,100
5104,07,FC,FE,07,F9,00,F8,07,FFB1,7,-4,-2,7,-7,0,-8,7,-79,-63,8,16,10,100
5105,03,FE,FE,FA,F7,FC,FF,02,0025,3,-2,-2,-6,-9,-4,-1,2,37,8,8,16,10,100
5106,0A,07,F9,F9,F8,03,FD,04,FFDA,10,7,-7,-7,-8,3,-3,4,-38,-104,8,16,10,100
5107,06,09,FC,07,04,0A,06,FE,FFAA,6,9,-4,7,4,10,6,-2,-86,-10,8,16,10,100
5108,FD,07,FD,02,FD,09,04,05,FFF9,-3,7,-3,2,-3,9,4,5,-7,63,8,16,10,100
5109,08,FE,08,06,06,F8,01,07,001C,8,-2,8,6,6,-8,1,7,28,142,8,16,10,100
5110,F7,F9,FD,F9,FA,05,FA,F7,FFF9,-9,-7,-3,-7,-6,5,-6,-9,-7,93,8,16,10,100
5111,FC,00,08,02,FC,03,0A,03,FFD5,-4,0,8,2,-4,3,10,3,-43,59,8,16,10,100
5112,FF,02,07,FC,FD,F7,F9,F8,0047,-1,2,7,-4,-3,-9,-7,-8,71,39,8,16,10,100
5113,04,00,06,F7,03,FC,F9,FE,FFE9,4,0,6,-9,3,-4,-7,-2,-23,-35,8,16,10,100
5114,FA,08,05,05,FC,03,08,06,FFE4,-6,8,5,5,-4,3,8,6,-28,90,8,16,10,100
5115,02,04,01,07,00,00,F7,FB,FFBD,2,4,1,7,0,0,-9,-5,-67,-111,8,16,10,100
5116,04,02,0A,04,08,F9,04,FC,FFA5,4,2,10,4,8,-7,4,-4,-91,-49,8,16,10,100
5117,FE,FD,FC,FC,F9,F7,02,00,003A,-2,-3,-4,-4,-7,-9,2,0,58,91,8,16,10,100
5118,05,04,0A,05,00,09,03,FC,000D,5,4,10,5,0,9,3,-4,13,59,8,16,10,100
5119,F8,F7,FE,02,05,03,F8,FB,0031,-8,-9,-2,2,5,3,-8,-5,49,-12,8,16,10,100
5120,FC,07,02,00,07,01,06,00,001C,-4,7,2,0,7,1,6,0,28,19,8,16,10,100
5121,03,F7,FF,FD,FC,06,07,04,0007,3,-9,-1,-3,-4,6,7,4,7,-78,8,16,10,100
5122,FD,09,FD,07,FE,F9,06,03,0058,-3,9,-3,7,-2,-7,6,3,88,34,8,16,10,100
5123,F9,FA,FC,03,05,05,04,07,FFDB,-7,-6,-4,3,5,5,4,7,-37,-97,8,16,10,100
5124,01,08,F6,07,FB,FE,FB,FA,FFF8,1,8,-10,7,-5,-2,-5,-6,-8,-21,8,16,10,100
5125,FD,F8,0A,FA,09,FA,06,04,0006,-3,-8,10,-6,9,-6,6,4,6,63,8,16,10,100
5126,FF,FA,FD,FF,03,FA,F6,0A,0059,-1,-6,-3,-1,3,-6,-10,10,89,142,8,16,10,100
5127,08,01,F6,F7,02,F6,02,FD,003D,8,1,-10,-9,2,-10,2,-3,61,74,8,16,10,100
5128,04,02,02,FC,06,09,F6,03,FFEB,4,2,2,-4,6,9,-10,3,-21,-11,8,16,10,100
5129,02,00,09,FF,05,0A,F6,0A,FFB3,2,0,9,-1,5,10,-10,10,-77,-167,8,16,10,100
5130,03,01,04,FC,05,FE,F9,03,0018,3,1,4,-4,5,-2,-7,3,24,-3,8,16,10,100
5131,09,FB,06,06,F7,FD,FB,F8,FFFC,9,-5,6,6,-9,-3,-5,-8,-4,-148,8,16,10,100
5132,F8,04,05,FD,07,08,04,00,0009,-8,4,5,-3,7,8,4,0,9,5,8,16,10,100
5133,FA,F6,02,F8,03,04,FB,0A,002B,-6,-10,2,-8,3,4,-5,10,43,-105,8,16,10,100
5134,FA,06,02,FA,05,FE,00,FC,FFE0,-6,6,2,-6,5,-2,0,-4,-32,-50,8,16,10,100
5135,F6,FB,03,08,0A,FB,08,FE,FFB6,-10,-5,3,8,10,-5,8,-2,-74,-141,8,16,10,100
5136,00,03,07,FF,FE,F6,F7,01,FFBD,0,3,7,-1,-2,-10,-9,1,-67,-161,8,16,10,100
5137,FB,0A,F9,07,02,F9,09,09,FFAF,-5,10,-7,7,2,-7,9,9,-81,-161,8,16,10,100
5138,09,F6,FB,06,F6,FA,FF,FD,0032,9,-10,-5,6,-10,-6,-1,-3,50,7,8,16,10,100
5139,FE,FF,FD,FE,F7,04,08,00,004A,-2,-1,-3,-2,-9,4,8,0,74,64,8,16,10,100
5140,0A,FB,07,02,06,F8,01,00,FFBF,10,-5,7,2,6,-8,1,0,-65,42,8,16,10,100
5141,06,04,FA,FE,0A,07,FB,09,FFA9,6,4,-6,-2,10,7,-5,9,-87,13,8,16,10,100
5142,FC,03,01,00,04,04,F9,F9,0055,-4,3,1,0,4,4,-7,-7,85,74,8,16,10,100
5143,02,01,F9,F9,FD,01,FD,FD,0064,2,1,-7,-7,-3,1,-3,-3,100,137,8,16,10,100
5144,F6,FA,F6,FC,02,FD,FE,F6,001A,-10,-6,-10,-4,2,-3,-2,-10,26,84,8,16,10,100
5145,04,05,04,06,FE,F6,FB,F6,0010,4,5,4,6,-2,-10,-5,-10,16,-122,8,16,10,100
5146,F6,01,08,00,08,02,FA,FA,0031,-10,1,8,0,8,2,-6,-6,49,-77,8,16,10,100
5147,06,07,04,FE,F7,FD,FF,FB,003C,6,7,4,-2,-9,-3,-1,-5,60,-9,8,16,10,100
5148,03,09,FB,F7,05,FD,FA,07,FFFA,3,9,-5,-9,5,-3,-6,7,-6,-51,8,16,10,100
5149,FE,09,07,F8,04,FB,06,FC,003C,-2,9,7,-8,4,-5,6,-4,60,81,8,16,10,100
5150,FF,FE,09,FC,06,08,0A,00,FFA0,-1,-2,9,-4,6,8,10,0,-96,-28,8,16,10,100
5151,FE,FD,08,04,00,F7,02,09,FFC3,-2,-3,8,4,0,-9,2,9,-61,18,8,16,10,100
5152,FE,F9,09,03,00,00,01,FB,FFE1,-2,-7,9,3,0,0,1,-5,-31,-37,8,16,10,100
5153,FB,06,FE,06,FC,F7,FA,07,004F,-5,6,-2,6,-4,-9,-6,7,79,99,8,16,10,100
5154,FD,03,02,03,F9,F8,0A,05,002E,-3,3,2,3,-7,-8,10,5,46,78,8,16,10,100
5155,02,06,09,06,F7,07,05,03,004B,2,6,9,6,-9,7,5,3,75,162,8,16,10,100
5156,FE,01,05,FD,03,FC,03,FA,0023,-2,1,5,-3,3,-4,3,-6,35,58,8,16,10,100
5157,FE,FE,FD,09,FD,FF,FD,FE,FFBF,-2,-2,-3,9,-3,-1,-3,-2,-65,-66,8,16,10,100
5158,09,FD,02,01,02,01,F7,F6,FFC7,9,-3,2,1,2,1,-9,-10,-57,-70,8,16,10,100
5159,F6,07,01,FC,09,08,02,0A,0008,-10,7,1,-4,9,8,2,10,8,-64,8,16,10,100
5160,08,F8,F9,05,FF,F8,F8,00,FFC7,8,-8,-7,5,-1,-8,-8,0,-57,55,8,16,10,100
5161,09,FA,F9,F8,F8,08,FB,F9,FFD9,9,-6,-7,-8,-8,8,-5,-7,-39,-68,8,16,10,100
5162,08,02,05,F7,FC,01,F7,00,004D,8,2,5,-9,-4,1,-9,0,77,2,8,16,10,100
5163,00,01,F9,FB,F9,0A,04,01,FFE6,0,1,-7,-5,-7,10,4,1,-26,-49,8,16,10,100
5164,FE,F9,04,FD,00,F6,FC,09,FFCE,-2,-7,4,-3,0,-10,-4,9,-50,-23,8,16,10,100
5165,FB,FC,03,02,FB,FA,FE,F8,002E,-5,-4,3,2,-5,-6,-2,-8,46,73,8,16,10,100
5166,08,FD,F8,00,00,F7,07,F8,002B,8,-3,-8,0,0,-9,7,-8,43,14,8,16,10,100
5167,FB,09,02,09,FC,F8,FF,01,0037,-5,9,2,9,-4,-8,-1,1,55,10,8,16,10,100
5168,08,09,00,FE,FC,01,FE,0A,FFE0,8,9,0,-2,-4,1,-2,10,-32,-75,8,16,10,100
5169,00,09,F7,F8,06,03,FF,09,0018,0,9,-9,-8,6,3,-1,9,24,-12,8,16,10,100
5170,08,F8,FE,FA,F8,02,02,F8,FFFA,8,-8,-2,-6,-8,2,2,-8,-6,-42,8,16,10,100
5171,04,FC,05,04,02,FD,09,05,FFA5,4,-4,5,4,2,-3,9,5,-91,-6,8,16,10,100
5172,FA,06,FF,FA,02,F7,06,05,FFCC,-6,6,-1,-6,2,-9,6,5,-52,-154,8,16,10,100
5173,F9,FE,05,04,04,FF,F6,00,005F,-7,-2,5,4,4,-1,-10,0,95,19,8,16,10,100
5174,08,FA,05,03,FD,FF,F6,0A,FFEA,8,-6,5,3,-3,-1,-10,10,-22,-60,8,16,10,100
5175,F9,F9,02,FD,FB,03,00,07,0045,-7,-7,2,-3,-5,3,0,7,69,62,8,16,10,100
5176,FF,F8,FE,FE,01,F6,03,00,0020,-1,-8,-2,-2,1,-10,3,0,32,105,8,16,10,100
5177,08,05,07,04,FA,02,FF,FF,0022,8,5,7,4,-6,2,-1,-1,34,-15,8,16,10,100
5178,FF,FE,F8,02,02,03,01,FC,FFEB,-1,-2,-8,2,2,3,1,-4,-21,-45,8,16,10,100
5179,FC,F6,F9,04,03,FC,07,F9,0019,-4,-10,-7,4,3,-4,7,-7,25,-24,8,16,10,100
5180,04,FF,F8,09,03,06,03,03,FFB9,4,-1,-8,9,3,6,3,3,-71,-62,8,16,10,100
5181,05,00,03,0A,06,FE,FA,F9,FFD1,5,0,3,10,6,-2,-6,-7,-47,-105,8,16,10,100
5182,05,FD,07,04,03,F8,06,01,FFAB,5,-3,7,4,3,-8,6,1,-85,0,8,16,10,100
5183,F8,09,08,F7,03,05,00,08,FFB8,-8,9,8,-9,3,5,0,8,-72,-123,8,16,10,100
5184,07,09,FE,03,0A,05,FF,08,FFB9,7,9,-2,3,10,5,-1,8,-71,70,8,16,10,100
5185,F9,06,FB,FB,F7,00,F7,08,FFD0,-7,6,-5,-5,-9,0,-9,8,-48,20,8,16,10,100
5186,06,FC,FE,FE,01,05,02,FE,FFC9,6,-4,-2,-2,1,5,2,-2,-55,-69,8,16,10,100
5187,FB,02,F7,F7,08,F8,FA,FE,0022,-5,2,-9,-9,8,-8,-6,-2,34,50,8,16,10,100
5188,08,FF,06,01,FD,06,08,F9,000B,8,-1,6,1,-3,6,8,-7,11,22,8,16,10,100
5189,FC,FE,08,F9,02,01,03,05,FFC7,-4,-2,8,-7,2,1,3,5,-57,-78,8,16,10,100
5190,FF,FE,06,01,FC,06,0A,F6,FFD4,-1,-2,6,1,-4,6,10,-10,-44,-2,8,16,10,100
5191,FD,FF,F8,08,FF,FD,05,F8,FFDB,-3,-1,-8,8,-1,-3,5,-8,-37,-135,8,16,10,100
5192,01,F9,07,02,0A,FC,01,01,FFBD,1,-7,7,2,10,-4,1,1,-67,-20,8,16,10,100
5193,FE,FD,07,FC,F6,00,FC,F8,FFD8,-2,-3,7,-4,-10,0,-4,-8,-40,-16,8,16,10,100
5194,08,09,F6,02,03,FB,F6,FA,FFAE,8,9,-10,2,3,-5,-10,-6,-82,-15,8,16,10,100
5195,04,F9,FC,FA,F9,F6,F7,F9,FFF1,4,-7,-4,-6,-7,-10,-9,-7,-15,105,8,16,10,100
5196,04,F7,F7,FB,06,FC,09,03,005B,4,-9,-9,-5,6,-4,9,3,91,55,8,16,10,100
5197,FC,05,07,00,02,FB,FA,FF,002D,-4,5,7,0,2,-5,-6,-1,45,-30,8,16,10,100
5198,FC,FE,02,FE,F6,FA,FE,09,0045,-4,-2,2,-2,-10,-6,-2,9,69,99,8,16,10,100
5199,FE,03,FD,07,08,F8,F6,06,0002,-2,3,-3,7,8,-8,-10,6,2,34,8,16,10,100
5200,F6,FD,06,00,F8,04,05,03,0034,-10,-3,6,0,-8,4,5,3,52,150,8,16,10,100
5201,FE,04,F7,FF,0A,F9,F7,F6,0012,-2,4,-9,-1,10,-7,-9,-10,18,61,8,16,10,100
5202,FA,00,03,F9,FB,FE,FC,06,0037,-6,0,3,-7,-5,-2,-4,6,55,31,8,16,10,100
5203,04,F6,FC,08,08,07,FB,F6,FFCA,4,-10,-4,8,8,7,-5,-10,-54,-152,8,16,10,100
5204,FE,FB,09,F9,F7,FE,00,FF,0034,-2,-5,9,-7,-9,-2,0,-1,52,87,8,16,10,100
5205,FC,06,F9,FC,F8,F7,04,F7,FFD9,-4,6,-7,-4,-8,-9,4,-9,-39,-53,8,16,10,100
5206,F8,FA,01,FF,F9,F9,FC,04,0064,-8,-6,1,-1,-7,-7,-4,4,100,190,8,16,10,100
5207,F6,05,00,01,FD,05,F6,08,0003,-10,5,0,1,-3,5,-10,8,3,66,8,16,10,100
5208,0A,FD,FB,FF,04,09,00,03,005F,10,-3,-5,-1,4,9,0,3,95,105,8,16,10,100
5209,05,05,FB,F7,03,03,FB,06,FFE6,5,5,-5,-9,3,3,-5,6,-26,-25,8,16,10,100
5210,02,04,FE,F8,09,03,04,F6,0013,2,4,-2,-8,9,3,4,-10,19,121,8,16,10,100
5211,FE,F9,FC,FE,F6,FB,04,FC,005D,-2,-7,-4,-2,-10,-5,4,-4,93,140,8,16,10,100
5212,FA,F9,F6,FE,FE,FB,FD,02,0038,-6,-7,-10,-2,-2,-5,-3,2,56,129,8,16,10,100
5213,FE,00,06,FC,F7,FB,FB,07,001D,-2,0,6,-4,-9,-5,-5,7,29,-11,8,16,10,100
5214,05,09,FC,04,09,00,09,0A,005B,5,9,-4,4,9,0,9,10,91,140,8,16,10,100
5215,09,FE,FD,05,FA,01,06,09,0062,9,-2,-3,5,-6,1,6,9,98,69,8,16,10,100
5216,F8,05,FE,F6,08,FA,03,01,FFFC,-8,5,-2,-10,8,-6,3,1,-4,-114,8,16,10,100
5217,0A,F8,FB,FC,FA,05,FD,06,FFB5,10,-8,-5,-4,-6,5,-3,6,-75,-184,8,16,10,100
5218,F9,FF,FC,07,F8,07,F8,FB,FFA4,-7,-1,-4,7,-8,7,-8,-5,-92,-46,8,16,10,100
5219,F8,FD,08,08,06,09,01,00,002F,-8,-3,8,8,6,9,1,0,47,-20,8,16,10,100
5220,FD,F7,FC,07,F9,FE,06,06,000D,-3,-9,-4,7,-7,-2,6,6,13,70,8,16,10,100
5221,FF,00,FD,FD,06,04,05,F9,0061,-1,0,-3,-3,6,4,5,-7,97,97,8,16,10,100
5222,F7,00,02,03,07,F6,FF,09,FFEE,-9,0,2,3,7,-10,-1,9,-18,-56,8,16,10,100
5223,08,0A,0A,09,05,F7,08,F6,FFC0,8,10,10,9,5,-9,8,-10,-64,-124,8,16,10,100
5224,02,FB,04,01,FE,F6,02,FD,FFB4,2,-5,4,1,-2,-10,2,-3,-76,-25,8,16,10,100
5225,08,F6,FC,09,FC,F8,FC,FB,0022,8,-10,-4,9,-4,-8,-4,-5,34,53,8,16,10,100
5226,F9,FE,01,07,FC,FC,F7,FE,FFA2,-7,-2,1,7,-4,-4,-9,-2,-94,-81,8,16,10,100
5227,F7,FA,08,F7,06,F9,FB,03,FFA3,-9,-6,8,-9,6,-7,-5,3,-93,-172,8,16,10,100
5228,00,FF,FC,08,02,FB,F9,07,005C,0,-1,-4,8,2,-5,-7,7,92,181,8,16,10,100
5229,F8,F7,03,09,04,FC,09,01,0020,-8,-9,3,9,4,-4,9,1,32,72,8,16,10,100
5230,05,05,02,09,FC,F8,FA,02,0052,5,5,2,9,-4,-8,-6,2,82,28,8,16,10,100
5231,08,F7,FB,F6,FB,F7,F6,F6,005B,8,-9,-5,-10,-5,-9,-10,-10,91,282,8,16,10,100
5232,09,09,09,05,06,00,08,03,000E,9,9,9,5,6,0,8,3,14,155,8,16,10,100
5233,F8,07,0A,F6,07,F9,FE,08,002B,-8,7,10,-10,7,-7,-2,8,43,-162,8,16,10,100
5234,FD,FA,FF,FA,05,06,FA,01,FFEF,-3,-6,-1,-6,5,6,-6,1,-17,-68,8,16,10,100
5235,02,00,F9,04,FD,00,FF,FB,0016,2,0,-7,4,-3,0,-1,-5,22,3,8,16,10,100
5236,02,FC,F6,03,00,09,0A,FE,FFBA,2,-4,-10,3,0,9,10,-2,-70,-212,8,16,10,100
5237,FF,F8,F8,03,08,0A,04,06,FFA4,-1,-8,-8,3,8,10,4,6,-92,-194,8,16,10,100
5238,FD,FB,08,0A,F8,06,01,03,004D,-3,-5,8,10,-8,6,1,3,77,109,8,16,10,100
5239,F6,FD,00,03,09,09,F6,07,FFB3,-10,-3,0,3,9,9,-10,7,-77,-173,8,16,10,100
5240,01,03,F7,01,F8,FB,01,01,0015,1,3,-9,1,-8,-5,1,1,21,-10,8,16,10,100
5241,F8,FF,05,FF,FC,FC,F7,FA,FFC5,-8,-1,5,-1,-4,-4,-9,-6,-59,-62,8,16,10,100
5242,F6,F8,02,05,05,02,FE,F9,FFA9,-10,-8,2,5,5,2,-2,-7,-87,-192,8,16,10,100
5243,05,F8,FD,FA,04,FD,0A,07,FFD4,5,-8,-3,-6,4,-3,10,7,-44,-72,8,16,10,100
5244,F9,03,FA,05,09,FB,F6,FD,0018,-7,3,-6,5,9,-5,-10,-3,24,-9,8,16,10,100
5245,F6,07,FE,02,FD,F7,F6,09,0056,-10,7,-2,2,-3,-9,-10,9,86,91,8,16,10,100
5246,FB,F7,09,FF,05,00,00,FB,FFAF,-5,-9,9,-1,5,0,0,-5,-81,-101,8,16,10,100
5247,07,02,00,05,0A,0A,05,01,FFB7,7,2,0,5,10,10,5,1,-73,22,8,16,10,100
5248,04,FA,FB,FE,F6,FA,FC,00,001E,4,-6,-5,-2,-10,-6,-4,0,30,46,8,16,10,100
5249,FC,FF,09,03,FB,04,06,FA,001A,-4,-1,9,3,-5,4,6,-6,26,78,8,16,10,100
5250,06,F7,FB,FB,F9,F9,00,07,0040,6,-9,-5,-5,-7,-7,0,7,64,50,8,16,10,100
5251,01,03,FF,F6,F9,FF,F8,02,FFFD,1,3,-1,-10,-7,-1,-8,2,-3,-25,8,16,10,100
5252,02,06,08,FF,FF,FB,04,FC,FFE5,2,6,8,-1,-1,-5,4,-4,-27,-23,8,16,10,100
5253,FD,02,FB,F9,09,F9,00,F7,FFB9,-3,2,-5,-7,9,-7,0,-9,-71,-49,8,16,10,100
5254,F7,FB,04,F9,08,02,FE,00,FFF5,-9,-5,4,-7,8,2,-2,0,-11,-101,8,16,10,100
5255,F6,FB,FE,00,FD,FE,F9,F7,FFEF,-10,-5,-2,0,-3,-2,-7,-9,-17,37,8,16,10,100
5256,03,08,FB,00,FA,FF,F7,06,0044,3,8,-5,0,-6,-1,-9,6,68,87,8,16,10,100
5257,09,FE,03,FE,F8,02,02,FA,FFE3,9,-2,3,-2,-8,2,2,-6,-29,-87,8,16,10,100
5258,FD,FB,FA,FF,07,09,03,FE,0051,-3,-5,-6,-1,7,9,3,-2,81,-1,8,16,10,100
5259,FA,FF,F7,F9,F9,FB,08,FB,0006,-6,-1,-9,-7,-7,-5,8,-5,6,16,8,16,10,100
5260,FE,01,00,02,02,FA,F7,04,FFE6,-2,1,0,2,2,-6,-9,4,-26,-28,8,16,10,100
5261,05,04,F7,FE,FB,0A,FE,FC,FFDE,5,4,-9,-2,-5,10,-2,-4,-34,7,8,16,10,100
5262,03,FB,FC,FC,0A,FE,0A,FB,FFF2,3,-5,-4,-4,10,-2,10,-5,-14,6,8,16,10,100
5263,09,FE,F7,06,F7,F8,F7,FC,003D,9,-2,-9,6,-9,-8,-9,-4,61,53,8,16,10,100
5264,F7,05,07,02,FC,07,07,FA,0011,-9,5,7,2,-4,7,7,-6,17,125,8,16,10,100
5265,0A,05,F8,09,02,00,F7,F9,FFBA,10,5,-8,9,2,0,-9,-7,-70,-41,8,16,10,100
5266,F6,FE,0A,00,F8,F8,02,05,FFFE,-10,-2,10,0,-8,-8,2,5,-2,114,8,16,10,100
5267,FE,09,FC,02,07,FA,F6,0A,FFF1,-2,9,-4,2,7,-6,-10,10,-15,-23,8,16,10,100
5268,FE,FC,FE,FC,0A,0A,09,08,FFE2,-2,-4,-2,-4,10,10,9,8,-30,-140,8,16,10,100
5269,FE,08,00,F7,FF,04,06,FC,005C,-2,8,0,-9,-1,4,6,-4,92,162,8,16,10,100
5270,01,FA,F8,02,02,08,FD,03,0055,1,-6,-8,2,2,8,-3,3,85,69,8,16,10,100
5271,F9,00,08,F6,FC,F6,07,03,000A,-7,0,8,-10,-4,-10,7,3,10,64,8,16,10,100
5272,FE,08,01,02,FE,FB,FF,00,FFF5,-2,8,1,2,-2,-5,-1,0,-11,-48,8,16,10,100
5273,05,03,F9,01,FF,FF,05,06,0031,5,3,-7,1,-1,-1,5,6,49,12,8,16,10,100
5274,00,F6,01,FC,02,0A,FE,04,0021,0,-10,1,-4,2,10,-2,4,33,-85,8,16,10,100
5275,01,FC,02,FE,00,F6,06,FC,001A,1,-4,2,-2,0,-10,6,-4,26,86,8,16,10,100
5276,09,03,F9,F9,F8,F7,FF,07,FFB0,9,3,-7,-7,-8,-9,-1,7,-80,-221,8,16,10,100
5277,0A,09,00,05,FF,FE,F8,07,FFF8,10,9,0,5,-1,-2,-8,7,-8,-1,8,16,10,100
5278,F7,0A,F6,F7,07,0A,00,FC,FFAB,-9,10,-10,-9,7,10,0,-4,-85,-12,8,16,10,100
5279,FA,FF,08,00,FB,FF,FD,00,0002,-6,-1,8,0,-5,-1,-3,0,2,9,8,16,10,100
5280,08,FF,07,F6,03,02,0A,F6,FFD8,8,-1,7,-10,3,2,10,-10,-40,152,8,16,10,100
5281,09,FD,FC,00,0A,FA,FA,0A,0042,9,-3,-4,0,10,-6,-6,10,66,198,8,16,10,100
5282,06,08,FF,01,FA,FE,01,0A,FFB5,6,8,-1,1,-6,-2,1,10,-75,-118,8,16,10,100
5283,FA,02,FC,07,F7,FF,F8,04,FFC4,-6,2,-4,7,-9,-1,-8,4,-60,52,8,16,10,100
5284,FF,F9,FD,FD,FD,FB,00,03,FFFF,-1,-7,-3,-3,-3,-5,0,3,-1,28,8,16,10,100
5285,04,06,F9,09,01,0A,00,FF,0035,4,6,-7,9,1,10,0,-1,53,108,8,16,10,100
5286,05,04,F8,F8,04,F8,06,F6,FFA4,5,4,-8,-8,4,-8,6,-10,-92,-72,8,16,10,100
5287,08,05,FD,03,03,FB,FA,FF,FFD4,8,5,-3,3,3,-5,-6,-1,-44,-30,8,16,10,100
5288,F6,05,08,FD,03,FC,0A,00,0023,-10,5,8,-3,3,-4,10,0,35,65,8,16,10,100
5289,F8,06,09,FD,00,01,06,02,0000,-8,6,9,-3,0,1,6,2,0,54,8,16,10,100
5290,02,F7,F6,FC,03,FB,03,F6,0025,2,-9,-10,-4,3,-5,3,-10,37,98,8,16,10,100
5291,F7,F7,04,FF,FB,07,01,FD,FFAD,-9,-9,4,-1,-5,7,1,-3,-83,-94,8,16,10,100
5292,00,04,F8,06,FA,F8,F9,F8,FFDD,0,4,-8,6,-6,-8,-7,-8,-35,-59,8,16,10,100
5293,FE,F7,00,03,0A,01,05,FF,FFA2,-2,-9,0,3,10,1,5,-1,-94,-126,8,16,10,100
5294,01,03,09,F7,03,01,06,FB,FFCA,1,3,9,-9,3,1,6,-5,-54,51,8,16,10,100
5295,06,05,01,FE,0A,05,04,0A,0034,6,5,1,-2,10,5,4,10,52,121,8,16,10,100
5296,FE,09,FC,F6,F7,02,0A,FE,000F,-2,9,-4,-10,-9,2,10,-2,15,31,8,16,10,100
5297,01,FA,05,09,00,FD,FB,07,FFBA,1,-6,5,9,0,-3,-5,7,-70,-14,8,16,10,100
5298,09,05,FC,FA,01,FF,F8,00,FFDB,9,5,-4,-6,1,-1,-8,0,-37,-1,8,16,10,100
5299,05,F7,0A,08,FC,FC,03,F7,FFD4,5,-9,10,8,-4,-4,3,-9,-44,-70,8,16,10,100
5300,07,F8,FC,FD,02,F7,04,03,FFC7,7,-8,-4,-3,2,-9,4,3,-57,4,8,16,10,100
5301,06,FA,F8,F6,06,F7,02,F7,FFF9,6,-6,-8,-10,6,-9,2,-9,-7,157,8,16,10,100
5302,FB,FE,05,05,FB,F9,FD,08,FFAF,-5,-2,5,5,-5,-7,-3,8,-81,-17,8,16,10,100
5303,F9,F8,04,05,03,09,FD,FC,FFCD,-7,-8,4,5,3,9,-3,-4,-51,-176,8,16,10,100
5304,08,03,FD,FC,F7,07,FA,FF,0007,8,3,-3,-4,-9,7,-6,-1,7,-22,8,16,10,100
5305,F8,04,F6,F9,08,FC,09,FC,005C,-8,4,-10,-7,8,-4,9,-4,92,-50,8,16,10,100
5306,F6,06,FE,FA,F6,06,06,01,0034,-10,6,-2,-6,-10,6,6,1,52,170,8,16,10,100
5307,08,0A,FB,00,F9,01,07,03,0017,8,10,-5,0,-7,1,7,3,23,-58,8,16,10,100
5308,02,F8,04,08,05,0A,00,03,FFFF,2,-8,4,8,5,10,0,3,-1,-47,8,16,10,100
5309,FF,04,FA,01,05,FF,07,FF,FFE7,-1,4,-6,1,5,-1,7,-1,-25,-77,8,16,10,100
5310,FF,03,06,F7,08,01,03,0A,FF9D,-1,3,6,-9,8,1,3,10,-99,-176,8,16,10,100
5311,FD,F9,05,01,F8,FB,02,FC,0004,-3,-7,5,1,-8,-5,2,-4,4,69,8,16,10,100
5312,04,F7,F7,0A,F7,02,F7,FE,005E,4,-9,-9,10,-9,2,-9,-2,94,101,8,16,10,100
5313,06,02,FB,06,F6,00,FA,F9,FFB1,6,2,-5,6,-10,0,-6,-7,-79,-151,8,16,10,100
5314,FA,FE,04,03,FC,F6,FF,03,FFC6,-6,-2,4,3,-4,-10,-1,3,-58,-9,8,16,10,100
5315,FE,F8,00,FF,02,F8,07,01,0060,-2,-8,0,-1,2,-8,7,1,96,155,8,16,10,100
5316,FA,F6,0A,06,FC,08,FF,FD,FFCB,-6,-10,10,6,-4,8,-1,-3,-53,-137,8,16,10,100
5317,02,04,02,F7,06,FF,F9,08,FFC7,2,4,2,-9,6,-1,-7,8,-57,-135,8,16,10,100
5318,07,03,F8,0A,02,04,04,FE,0025,7,3,-8,10,2,4,4,-2,37,11,8,16,10,100
5319,0A,06,FC,04,05,FF,03,FA,FFF0,10,6,-4,4,5,-1,3,-6,-16,-8,8,16,10,100
5320,08,FB,07,03,01,FB,04,06,0036,8,-5,7,3,1,-5,4,6,54,133,8,16,10,100
5321,01,05,F6,F9,F9,FF,01,03,FFFF,1,5,-10,-7,-7,-1,1,3,-1,-44,8,16,10,100
5322,08,01,FF,0A,F8,FA,F6,01,FFF8,8,1,-1,10,-8,-6,-10,1,-8,-58,8,16,10,100
5323,F6,FB,F9,FA,0A,FB,FE,FF,FFCF,-10,-5,-7,-6,10,-5,-2,-1,-49,-104,8,16,10,100
5324,FA,FA,01,FD,F6,02,FC,09,FFF5,-6,-6,1,-3,-10,2,-4,9,-11,6,8,16,10,100
5325,01,FA,F6,09,03,FD,FD,FE,FFDE,1,-6,-10,9,3,-3,-3,-2,-34,-1,8,16,10,100
5326,05,08,F8,F9,FF,03,05,FB,FFC2,5,8,-8,-7,-1,3,5,-5,-62,-48,8,16,10,100
5327,07,01,F8,06,FF,F8,05,F8,FFE4,7,1,-8,6,-1,-8,5,-8,-28,-131,8,16,10,100
5328,F9,FE,03,FF,F8,02,F7,07,FFDD,-7,-2,3,-1,-8,2,-9,7,-35,-17,8,16,10,100
5329,08,FB,F9,08,04,FA,05,F9,FFB7,8,-5,-7,8,4,-6,5,-7,-73,-102,8,16,10,100
5330,F8,F8,FF,FC,F9,FD,FA,04,FFC1,-8,-8,-1,-4,-7,-3,-6,4,-63,7,8,16,10,100
5331,07,06,FC,FC,01,03,F9,0A,FF9C,7,6,-4,-4,1,3,-7,10,-100,-87,8,16,10,100
5332,F9,FF,FC,0A,F6,FF,06,FF,FFAC,-7,-1,-4,10,-10,-1,6,-1,-84,-47,8,16,10,100
5333,04,04,F7,FB,04,00,02,01,FFEE,4,4,-9,-5,4,0,2,1,-18,-25,8,16,10,100
5334,F9,F7,07,04,FE,F6,00,03,FF9E,-7,-9,7,4,-2,-10,0,3,-98,18,8,16,10,100
5335,FC,F7,F8,FC,FA,F9,F9,FF,004B,-4,-9,-8,-4,-6,-7,-7,-1,75,222,8,16,10,100
5336,07,F7,F9,F7,FC,05,07,FC,0022,7,-9,-7,-9,-4,5,7,-4,34,-52,8,16,10,100
5337,06,F9,0A,08,01,06,05,07,FFA0,6,-7,10,8,1,6,5,7,-96,-26,8,16,10,100
5338,01,F7,08,02,0A,00,05,FB,FFB1,1,-9,8,2,10,0,5,-5,-79,-39,8,16,10,100
5339,05,F6,F6,07,07,03,09,FB,FFC4,5,-10,-10,7,7,3,9,-5,-60,-180,8,16,10,100
5340,FB,F8,05,01,08,0A,F6,03,005F,-5,-8,5,1,8,10,-10,3,95,-72,8,16,10,100
5341,FF,FF,0A,02,08,05,0A,05,FF9C,-1,-1,10,2,8,5,10,5,-100,-3,8,16,10,100
5342,F9,FA,05,FD,05,08,08,FE,FFE0,-7,-6,5,-3,5,8,8,-2,-32,-69,8,16,10,100
5343,FC,F7,0A,F8,FD,FA,F8,FC,0048,-4,-9,10,-8,-3,-6,-8,-4,72,90,8,16,10,100
5344,F9,07,FA,FE,FA,09,0A,F8,FFD2,-7,7,-6,-2,-6,9,10,-8,-46,15,8,16,10,100
5345,09,00,FD,FD,02,09,03,08,FFF4,9,0,-3,-3,2,9,3,8,-12,-27,8,16,10,100
5346,02,01,FD,FB,04,F8,01,05,FFFD,2,1,-3,-5,4,-8,1,5,-3,-31,8,16,10,100
5347,F8,00,01,F9,FB,F6,09,09,0060,-8,0,1,-7,-5,-10,9,9,96,82,8,16,10,100
5348,F7,02,06,FE,FF,F6,F8,01,FFEA,-9,2,6,-2,-1,-10,-8,1,-22,-83,8,16,10,100
5349,FF,F6,F9,09,08,F9,F9,0A,0020,-1,-10,-7,9,8,-7,-7,10,32,233,8,16,10,100
5350,F7,F6,00,08,01,06,FD,FD,0023,-9,-10,0,8,1,6,-3,-3,35,-58,8,16,10,100
5351,01,0A,FA,02,F6,F7,FD,07,FFC9,1,10,-6,2,-10,-9,-3,7,-55,-123,8,16,10,100
5352,FE,03,F7,F8,F7,04,F7,06,005C,-2,3,-9,-8,-9,4,-9,6,92,155,8,16,10,100
5353,FE,06,FC,FC,0A,03,08,01,FFA9,-2,6,-4,-4,10,3,8,1,-87,-125,8,16,10,100
5354,07,05,03,FA,F7,F9,07,00,0059,7,5,3,-6,-9,-7,7,0,89,12,8,16,10,100
5355,06,04,F9,02,F7,FA,F6,F6,005B,6,4,-7,2,-9,-6,-10,-10,91,63,8,16,10,100
5356,F7,08,01,00,03,02,09,FB,005C,-9,8,1,0,3,2,9,-5,92,90,8,16,10,100
5357,F6,F8,0A,FD,FA,F7,F9,02,0032,-10,-8,10,-3,-6,-9,-7,2,50,106,8,16,10,100
5358,F9,07,04,FF,F9,F8,05,0A,0023,-7,7,4,-1,-7,-8,5,10,35,38,8,16,10,100
5359,F7,FE,07,F6,FF,FA,F6,F6,002D,-9,-2,7,-10,-1,-6,-10,-10,45,96,8,16,10,100
5360,04,FE,F6,FC,FE,03,05,FB,0056,4,-2,-10,-4,-2,3,5,-5,86,42,8,16,10,100
5361,0A,FA,F8,0A,F6,05,07,08,FFAC,10,-6,-8,10,-10,5,7,8,-84,-190,8,16,10,100
5362,FD,04,04,05,F9,F9,FB,F8,005A,-3,4,4,5,-7,-7,-5,-8,90,23,8,16,10,100
5363,06,05,FB,F8,06,09,FE,02,004A,6,5,-5,-8,6,9,-2,2,74,149,8,16,10,100
5364,06,FD,FC,FE,FA,F6,07,FB,0019,6,-3,-4,-2,-6,-10,7,-5,25,1,8,16,10,100
5365,03,00,FC,F9,01,F7,00,FB,FFB5,3,0,-4,-7,1,-9,0,-5,-75,-37,8,16,10,100
5366,02,F9,05,01,02,04,FA,07,FFF1,2,-7,5,1,2,4,-6,7,-15,-62,8,16,10,100
5367,03,05,FF,06,FE,03,FB,F7,0009,3,5,-1,6,-2,3,-5,-9,9,-31,8,16,10,100
5368,06,06,F6,03,FE,00,00,0A,0045,6,6,-10,3,-2,0,0,10,69,87,8,16,10,100
5369,06,06,00,FD,F7,F7,04,F8,FFA1,6,6,0,-3,-9,-9,4,-8,-95,-179,8,16,10,100
5370,FF,FA,FB,FB,08,05,02,01,FFEC,-1,-6,-5,-5,8,5,2,1,-20,-73,8,16,10,100
5371,FF,02,F7,01,F6,FA,07,09,0013,-1,2,-9,1,-10,-6,7,9,19,-37,8,16,10,100
5372,FC,FC,01,FE,0A,00,FA,09,0053,-4,-4,1,-2,10,0,-6,9,83,19,8,16,10,100
5373,08,FE,08,03,03,01,00,FF,0023,8,-2,8,3,3,1,0,-1,35,54,8,16,10,100
5374,01,00,03,FA,00,FC,04,FC,FFF5,1,0,3,-6,0,-4,4,-4,-11,25,8,16,10,100
5375,01,07,FF,FB,FF,03,06,01,FFD4,1,7,-1,-5,-1,3,6,1,-44,-35,8,16,10,100
5376,F8,05,08,FE,FF,04,F7,04,FFAC,-8,5,8,-2,-1,4,-9,4,-84,-136,8,16,10,100
5377,03,F9,06,03,04,07,FD,04,0004,3,-7,6,3,4,7,-3,4,4,-39,8,16,10,100
5378,F8,09,FF,09,F8,05,FB,05,0056,-8,9,-1,9,-8,5,-5,5,86,245,8,16,10,100
5379,FF,03,06,FB,08,04,0A,FD,FFBF,-1,3,6,-5,8,4,10,-3,-65,14,8,16,10,100
5380,FA,04,06,F7,04,FE,07,06,FFCC,-6,4,6,-9,4,-2,7,6,-52,-96,8,16,10,100
5381,06,06,FC,FC,05,FF,04,0A,001D,6,6,-4,-4,5,-1,4,10,29,-3,8,16,10,100
5382,07,F8,FB,08,07,02,07,02,0016,7,-8,-5,8,7,2,7,2,22,36,8,16,10,100
5383,05,F7,F8,06,FF,FE,0A,F7,FFB1,5,-9,-8,6,-1,-2,10,-9,-79,-200,8,16,10,100
5384,05,00,F8,06,01,05,00,0A,005F,5,0,-8,6,1,5,0,10,95,160,8,16,10,100
5385,05,08,FC,01,FC,08,01,F9,FFC2,5,8,-4,1,-4,8,1,-7,-62,-29,8,16,10,100
5386,02,01,06,F7,03,07,FD,0A,0047,2,1,6,-9,3,7,-3,10,71,-24,8,16,10,100
5387,FB,F9,07,09,02,F7,FE,FB,0040,-5,-7,7,9,2,-9,-2,-5,64,58,8,16,10,100
5388,04,F8,FD,06,0A,F6,FF,F9,0009,4,-8,-3,6,10,-10,-1,-7,9,90,8,16,10,100
5389,03,F8,09,01,F9,07,06,03,004E,3,-8,9,1,-7,7,6,3,78,58,8,16,10,100
5390,00,08,07,FC,F7,FC,0A,09,FFC0,0,8,7,-4,-9,-4,10,9,-64,-62,8,16,10,100
5391,FC,02,05,F7,03,00,FE,0A,0053,-4,2,5,-9,3,0,-2,10,83,-29,8,16,10,100
5392,07,FD,0A,FE,08,02,05,08,001F,7,-3,10,-2,8,2,5,8,31,115,8,16,10,100
5393,FD,FB,01,02,FD,04,F8,FD,FFF0,-3,-5,1,2,-3,4,-8,-3,-16,-41,8,16,10,100
5394,FB,02,04,FC,06,00,FE,08,FFCD,-5,2,4,-4,6,0,-2,8,-51,-121,8,16,10,100
5395,FC,05,05,05,FF,0A,FC,09,FFF5,-4,5,5,5,-1,10,-4,9,-11,68,8,16,10,100
5396,FC,FB,06,09,F8,FA,FA,01,FFE6,-4,-5,6,9,-8,-6,-6,1,-26,9,8,16,10,100
5397,0A,06,01,04,0A,F9,FB,07,0048,10,6,1,4,10,-7,-5,7,72,153,8,16,10,100
5398,02,F9,F6,07,01,FE,FF,00,001A,2,-7,-10,7,1,-2,-1,0,26,52,8,16,10,100
5399,08,04,07,F9,FF,06,01,F7,004D,8,4,7,-7,-1,6,1,-9,77,163,8,16,10,100
5400,FD,F8,FA,07,00,F6,09,09,0055,-3,-8,-6,7,0,-10,9,9,85,174,8,16,10,100
5401,08,04,F7,FA,F9,09,FA,02,FFBF,8,4,-9,-6,-7,9,-6,2,-65,-43,8,16,10,100
5402,FB,02,FF,06,F9,F8,FD,F6,0023,-5,2,-1,6,-7,-8,-3,-10,35,-3,8,16,10,100
5403,FA,F9,09,FB,FA,F8,FE,F7,FFB3,-6,-7,9,-5,-6,-8,-2,-9,-77,42,8,16,10,100
5404,F8,FA,00,03,05,04,02,FC,FFCC,-8,-6,0,3,5,4,2,-4,-52,-128,8,16,10,100
5405,F6,01,04,FD,FF,FB,FF,FC,0042,-10,1,4,-3,-1,-5,-1,-4,66,79,8,16,10,100
5406,0A,01,03,04,09,FE,07,01,0031,10,1,3,4,9,-2,7,1,49,162,8,16,10,100
5407,08,06,FC,FA,FB,06,07,09,FFBE,8,6,-4,-6,-5,6,7,9,-66,-152,8,16,10,100
5408,04,FB,F6,09,08,FD,08,F9,FFC4,4,-5,-10,9,8,-3,8,-7,-60,-156,8,16,10,100
5409,F6,00,FA,07,FF,03,FF,FF,FFCB,-10,0,-6,7,-1,3,-1,-1,-53,-44,8,16,10,100
5410,F7,08,01,F9,F8,05,03,05,002B,-9,8,1,-7,-8,5,3,5,43,123,8,16,10,100
5411,FE,09,05,F7,FE,02,F8,FE,001F,-2,9,5,-9,-2,2,-8,-2,31,31,8,16,10,100
5412,FC,FB,04,F8,FD,09,FE,F7,FFB1,-4,-5,4,-8,-3,9,-2,-9,-79,-48,8,16,10,100
5413,05,04,FE,FD,08,08,FC,04,FF9D,5,4,-2,-3,8,8,-4,4,-99,-31,8,16,10,100
5414,F7,09,04,00,0A,01,02,00,FFED,-9,9,4,0,10,1,2,0,-19,-92,8,16,10,100
5415,05,F6,02,FD,00,07,FB,06,FFF3,5,-10,2,-3,0,7,-5,6,-13,-111,8,16,10,100
5416,FA,07,02,02,F8,01,04,F7,FFA5,-6,7,2,2,-8,1,4,-9,-91,-46,8,16,10,100
5417,05,01,07,FA,FF,F9,08,F8,0053,5,1,7,-6,-1,-7,8,-8,83,175,8,16,10,100
5418,FE,F6,F7,03,01,FA,04,04,FFFA,-2,-10,-9,3,1,-6,4,4,-6,28,8,16,10,100
5419,02,03,09,FD,F6,F8,FB,F7,005A,2,3,9,-3,-10,-8,-5,-9,90,28,8,16,10,100
5420,00,02,FD,06,FE,02,FF,09,0007,0,2,-3,6,-2,2,-1,9,7,68,8,16,10,100
5421,FD,01,FD,FB,02,FE,00,F9,FFAF,-3,1,-3,-5,2,-2,0,-7,-81,-54,8,16,10,100
5422,FC,03,FC,04,01,FC,F7,FE,0018,-4,3,-4,4,1,-4,-9,-2,24,36,8,16,10,100
5423,05,01,F8,07,04,FB,F7,FF,FFD0,5,1,-8,7,4,-5,-9,-1,-48,32,8,16,10,100
5424,FC,03,01,04,FC,08,09,0A,0019,-4,3,1,4,-4,8,9,10,25,114,8,16,10,100
5425,05,03,FA,FB,07,FA,F8,F6,FFCC,5,3,-6,-5,7,-6,-8,-10,-52,63,8,16,10,100
5426,05,08,0A,03,01,09,F7,FA,0035,5,8,10,3,1,9,-9,-6,53,22,8,16,10,100
5427,00,05,FD,05,F7,FA,FB,0A,FFD7,0,5,-3,5,-9,-6,-5,10,-41,-6,8,16,10,100
5428,00,F7,F7,FD,FD,FD,FD,04,FFFA,0,-9,-9,-3,-3,-3,-3,4,-6,36,8,16,10,100
5429,01,FF,FC,06,F7,07,09,F9,FFAB,1,-1,-4,6,-9,7,9,-7,-85,-179,8,16,10,100
5430,FC,06,09,02,FC,05,02,F7,FFAE,-4,6,9,2,-4,5,2,-9,-82,-36,8,16,10,100
5431,FB,02,FB,FF,04,09,03,09,FFC8,-5,2,-5,-1,4,9,3,9,-56,-82,8,16,10,100
5432,03,FC,02,02,F6,FA,F9,FA,0058,3,-4,2,2,-10,-6,-7,-6,88,56,8,16,10,100
5433,03,03,FC,06,FC,F9,02,09,FFBA,3,3,-4,6,-4,-7,2,9,-70,-57,8,16,10,100
5434,F6,FF,03,05,08,0A,F9,02,FFAD,-10,-1,3,5,8,10,-7,2,-83,-184,8,16,10,100
5435,FB,F8,FE,09,08,F6,F8,FE,000F,-5,-8,-2,9,8,-10,-8,-2,15,53,8,16,10,100
5436,05,01,FB,F7,07,09,04,02,FF9C,5,1,-5,-9,7,9,4,2,-100,-94,8,16,10,100
5437,00,F9,F9,FC,F8,0A,F7,05,0046,0,-7,-7,-4,-8,10,-9,5,70,43,8,16,10,100
5438,09,FD,06,F6,F8,FB,FC,FC,004B,9,-3,6,-10,-8,-5,-4,-4,75,34,8,16,10,100
5439,F8,08,F7,03,FB,FB,00,F6,000F,-8,8,-9,3,-5,-5,0,-10,15,-15,8,16,10,100
5440,09,04,00,FD,F6,06,04,05,FFFF,9,4,0,-3,-10,6,4,5,-1,-82,8,16,10,100
5441,FF,FF,08,03,FD,F6,08,FF,FFE4,-1,-1,8,3,-3,-10,8,-1,-28,46,8,16,10,100
5442,08,02,04,09,07,08,03,FD,FFAF,8,2,4,9,7,8,3,-3,-81,-24,8,16,10,100
5443,01,FB,02,05,00,03,05,F6,0052,1,-5,2,5,0,3,5,-10,82,27,8,16,10,100
5444,F8,02,FC,07,05,F7,00,07,FFF8,-8,2,-4,7,5,-9,0,7,-8,-17,8,16,10,100
5445,FA,03,04,07,08,F8,F8,01,0018,-6,3,4,7,8,-8,-8,1,24,-73,8,16,10,100
5446,03,01,F7,FD,FD,0A,F9,FA,002A,3,1,-9,-3,-3,10,-7,-6,42,124,8,16,10,100
5447,F8,04,04,05,05,03,F8,FC,0056,-8,4,4,5,5,3,-8,-4,86,6,8,16,10,100
5448,07,01,01,FC,06,FD,06,09,0024,7,1,1,-4,6,-3,6,9,36,45,8,16,10,100
5449,0A,08,01,FF,02,03,F8,05,0049,10,8,1,-1,2,3,-8,5,73,104,8,16,10,100
5450,F6,FA,FB,FB,FB,07,F9,03,002B,-10,-6,-5,-5,-5,7,-7,3,43,71,8,16,10,100
5451,FB,01,08,F7,01,02,02,FF,005B,-5,1,8,-9,1,2,2,-1,91,113,8,16,10,100
5452,FB,FE,04,F9,03,03,F7,06,FFFB,-5,-2,4,-7,3,3,-9,6,-5,-104,8,16,10,100
5453,09,04,FC,06,FD,FF,FD,01,0007,9,4,-4,6,-3,-1,-3,1,7,-6,8,16,10,100
5454,0A,00,03,FF,09,00,F8,04,004B,10,0,3,-1,9,0,-8,4,75,137,8,16,10,100
5455,07,01,02,08,FD,F8,08,0A,FFAF,7,1,2,8,-3,-8,8,10,-81,-14,8,16,10,100
5456,FA,06,09,00,00,06,01,F7,0063,-6,6,9,0,0,6,1,-9,99,144,8,16,10,100
5457,04,FB,FD,FE,03,01,03,FF,003B,4,-5,-3,-2,3,1,3,-1,59,59,8,16,10,100
5458,08,04,00,0A,FC,07,FF,0A,0049,8,4,0,10,-4,7,-1,10,73,169,8,16,10,100
5459,F8,FF,F7,05,F7,02,F9,03,0036,-8,-1,-9,5,-9,2,-7,3,54,202,8,16,10,100
5460,FF,05,0A,FF,09,05,06,06,002B,-1,5,10,-1,9,5,6,6,43,113,8,16,10,100
5461,0A,08,0A,00,08,F9,0A,03,002C,10,8,10,0,8,-7,10,3,44,168,8,16,10,100
5462,09,F7,06,0A,0A,04,FD,FB,FFB4,9,-9,6,10,10,4,-3,-5,-76,-90,8,16,10,100
5463,09,FF,F9,FB,03,02,03,FC,0063,9,-1,-7,-5,3,2,3,-4,99,123,8,16,10,100
5464,00,03,05,04,03,FA,00,09,FF9C,0,3,5,4,3,-6,0,9,-100,-82,8,16,10,100
5465,08,FD,F9,F9,FC,02,09,07,FFF1,8,-3,-7,-7,-4,2,9,7,-15,-165,8,16,10,100
5466,FD,FF,06,09,0A,04,FB,01,FF9E,-3,-1,6,9,10,4,-5,1,-98,-153,8,16,10,100
5467,FF,04,01,01,F7,04,06,F9,004A,-1,4,1,1,-9,4,6,-7,74,98,8,16,10,100
5468,01,FC,FE,FB,06,F8,0A,FA,FFF2,1,-4,-2,-5,6,-8,10,-6,-14,34,8,16,10,100
5469,01,05,FF,06,0A,FE,FB,F6,0057,1,5,-1,6,10,-2,-5,-10,87,32,8,16,10,100
5470,06,08,08,F8,04,02,FB,F7,0017,6,8,8,-8,4,2,-5,-9,23,95,8,16,10,100
5471,06,05,FC,02,01,01,FB,06,FFDC,6,5,-4,2,1,1,-5,6,-36,7,8,16,10,100
5472,00,09,00,07,06,03,FB,00,FFFC,0,9,0,7,6,3,-5,0,-4,23,8,16,10,100
5473,07,04,0A,06,0A,F9,02,05,0002,7,4,10,6,10,-7,2,5,2,94,8,16,10,100
5474,01,F7,05,01,04,FD,08,0A,005E,1,-9,5,1,4,-3,8,10,94,175,8,16,10,100
5475,06,08,07,04,00,08,FF,F8,0030,6,8,7,4,0,8,-1,-8,48,73,8,16,10,100
5476,02,F8,FB,0A,F8,06,F6,04,FFBD,2,-8,-5,10,-8,6,-10,4,-67,-41,8,16,10,100
5477,00,F9,FA,00,09,0A,04,FD,002A,0,-7,-6,0,9,10,4,-3,42,-52,8,16,10,100
5478,FD,F8,FA,03,FE,0A,09,03,FFCB,-3,-8,-6,3,-2,10,9,3,-53,-172,8,16,10,100
5479,0A,F9,FD,F7,FD,03,FB,04,0014,10,-7,-3,-9,-3,3,-5,4,20,-52,8,16,10,100
5480,FE,08,F7,08,07,02,07,06,001F,-2,8,-9,8,7,2,7,6,31,18,8,16,10,100
5481,06,0A,FA,08,F6,07,FB,FC,FFCD,6,10,-6,8,-10,7,-5,-4,-51,-43,8,16,10,100
5482,01,F8,06,09,02,0A,04,FD,FFE3,1,-8,6,9,2,10,4,-3,-29,-110,8,16,10,100
5483,F7,02,FA,FA,08,F6,FD,00,FF9E,-9,2,-6,-6,8,-10,-3,0,-98,-172,8,16,10,100
5484,06,08,F8,01,00,FD,F9,08,FFAE,6,8,-8,1,0,-3,-7,8,-82,-42,8,16,10,100
5485,07,F7,03,FC,0A,F8,08,FB,000B,7,-9,3,-4,10,-8,8,-5,11,197,8,16,10,100
5486,09,F7,05,FD,FD,02,02,FE,0051,9,-9,5,-3,-3,2,2,-2,81,52,8,16,10,100
5487,06,F9,F7,0A,FF,FC,00,07,004B,6,-7,-9,10,-1,-4,0,7,75,167,8,16,10,100
5488,FC,09,F6,FF,01,09,06,FA,001B,-4,9,-10,-1,1,9,6,-6,27,50,8,16,10,100
5489,05,F6,0A,0A,01,FA,FE,F9,FFCB,5,-10,10,10,1,-6,-2,-7,-53,-78,8,16,10,100
5490,FE,FE,F8,F9,09,04,F9,FA,0011,-2,-2,-8,-7,9,4,-7,-6,17,89,8,16,10,100
5491,01,08,FB,FD,05,0A,FF,06,FFF0,1,8,-5,-3,5,10,-1,6,-16,56,8,16,10,100
5492,FB,0A,0A,09,F6,03,05,FD,0003,-5,10,10,9,-10,3,5,-3,3,106,8,16,10,100
5493,08,08,0A,09,06,06,04,F9,FFD7,8,8,10,9,6,6,4,-7,-41,32,8,16,10,100
5494,03,F6,FB,F8,FE,00,0A,04,FFE4,3,-10,-5,-8,-2,0,10,4,-28,-116,8,16,10,100
5495,FA,FF,FF,05,F9,05,F9,09,0017,-6,-1,-1,5,-7,5,-7,9,23,112,8,16,10,100
5496,F9,07,FE,04,0A,FE,F9,02,0017,-7,7,-2,4,10,-2,-7,2,23,-39,8,16,10,100
5497,08,05,0A,FA,08,05,FA,00,0045,8,5,10,-6,8,5,-6,0,69,98,8,16,10,100
5498,07,FE,00,01,00,F8,09,02,0025,7,-2,0,1,0,-8,9,2,37,55,8,16,10,100
5499,F8,FD,04,07,F7,F7,F7,0A,0046,-8,-3,4,7,-9,-9,-9,10,70,203,8,16,10,100
5500,09,FD,FC,FD,09,FD,05,01,002D,9,-3,-4,-3,9,-3,5,1,45,112,8,16,10,100
5501,F9,04,FD,F8,F6,0A,09,FB,FFD1,-7,4,-3,-8,-10,10,9,-5,-47,76,8,16,10,100
5502,08,FC,00,01,00,F6,0A,FC,FFD1,8,-4,0,1,0,-10,10,-4,-47,-11,8,16,10,100
5503,FE,F6,F9,FA,F7,FF,05,08,FFE2,-2,-10,-7,-6,-9,-1,5,8,-30,-85,8,16,10,100
5504,04,02,06,F7,F9,FF,F6,08,FFC7,4,2,6,-9,-7,-1,-10,8,-57,-219,8,16,10,100
5505,03,FD,FF,FC,08,07,05,FF,FFD0,3,-3,-1,-4,8,7,5,-1,-48,-46,8,16,10,100
5506,F6,00,FE,FC,FB,FA,F8,01,003C,-10,0,-2,-4,-5,-6,-8,1,60,122,8,16,10,100
5507,F8,01,00,05,F6,01,F7,03,0061,-8,1,0,5,-10,1,-9,3,97,193,8,16,10,100
5508,01,FC,FA,FE,FB,F6,F7,0A,0018,1,-4,-6,-2,-5,-10,-9,10,24,93,8,16,10,100
5509,04,02,07,03,FD,FC,09,0A,0057,4,2,7,3,-3,-4,9,10,87,160,8,16,10,100
5510,07,FD,07,0A,F6,06,FD,F7,FFF8,7,-3,7,10,-10,6,-3,-9,-8,-207,8,16,10,100
5511,00,FF,F9,00,F9,FD,F6,00,FFA5,0,-1,-7,0,-7,-3,-10,0,-91,-18,8,16,10,100
5512,03,FB,F9,FA,06,F6,F8,04,003A,3,-5,-7,-6,6,-10,-8,4,58,158,8,16,10,100
5513,F6,0A,FF,00,03,04,09,08,FFB5,-10,10,-1,0,3,4,9,8,-75,-74,8,16,10,100
5514,F9,FE,FA,F6,F9,F8,FF,FD,0039,-7,-2,-6,-10,-7,-8,-1,-3,57,158,8,16,10,100
5515,02,FC,01,FE,FF,F8,09,FF,0058,2,-4,1,-2,-1,-8,9,-1,88,129,8,16,10,100
5516,FE,F9,03,02,06,0A,05,04,004F,-2,-7,3,2,6,10,5,4,79,20,8,16,10,100
5517,FB,02,03,06,F7,06,FE,04,FFE1,-5,2,3,6,-9,6,-2,4,-31,44,8,16,10,100
5518,09,05,06,F9,08,FC,04,00,0011,9,5,6,-7,8,-4,4,0,17,93,8,16,10,100
5519,FD,05,F8,04,FC,03,FE,FC,0057,-3,5,-8,4,-4,3,-2,-4,87,114,8,16,10,100
5520,08,07,FF,04,00,07,FF,FE,FFE3,8,7,-1,4,0,7,-1,-2,-29,13,8,16,10,100
5521,FD,FB,F9,FE,06,09,06,03,FFA2,-3,-5,-7,-2,6,9,6,3,-94,-205,8,16,10,100
5522,FB,FC,0A,FC,06,00,00,07,0019,-5,-4,10,-4,6,0,0,7,25,-33,8,16,10,100
5523,FF,09,FD,0A,07,FE,0A,02,FFD3,-1,9,-3,10,7,-2,10,2,-45,-80,8,16,10,100
5524,05,08,FF,01,F9,04,04,03,0018,5,8,-1,1,-7,4,4,3,24,20,8,16,10,100
5525,FB,06,02,FC,F7,F7,02,0A,0004,-5,6,2,-4,-9,-9,2,10,4,-41,8,16,10,100
5526,08,FF,02,03,F8,F7,FC,FC,FFEF,8,-1,2,3,-8,-9,-4,-4,-17,-92,8,16,10,100
5527,F9,0A,02,F6,07,02,07,FE,001A,-7,10,2,-10,7,2,7,-2,26,31,8,16,10,100
5528,0A,FF,01,08,F8,FA,F6,FC,FFE8,10,-1,1,8,-8,-6,-10,-4,-24,-140,8,16,10,100
5529,03,07,01,08,F9,FD,F6,F8,001F,3,7,1,8,-7,-3,-10,-8,31,-85,8,16,10,100
5530,01,FB,FB,FA,F8,04,03,FB,0027,1,-5,-5,-6,-8,4,3,-5,39,26,8,16,10,100
5531,00,08,0A,FF,0A,07,FA,F8,FFDF,0,8,10,-1,10,7,-6,-8,-33,-29,8,16,10,100
5532,08,03,F7,FE,08,F7,09,02,FFC5,8,3,-9,-2,8,-9,9,2,-59,-107,8,16,10,100
5533,07,FE,FA,08,02,FF,00,F9,004F,7,-2,-6,8,2,-1,0,-7,79,39,8,16,10,100
5534,F6,02,FA,0A,F7,08,06,08,0040,-10,2,-6,10,-9,8,6,8,64,214,8,16,10,100
5535,FB,FB,FE,06,FA,F7,07,0A,FFE1,-5,-5,-2,6,-6,-9,7,10,-31,90,8,16,10,100
5536,F7,01,04,01,08,FE,F9,07,003D,-9,1,4,1,8,-2,-7,7,61,-34,8,16,10,100
5537,05,01,FD,02,0A,06,01,F7,FFFC,5,1,-3,2,10,6,1,-9,-4,31,8,16,10,100
5538,F9,06,01,F9,06,02,05,FB,FFC3,-7,6,1,-7,6,2,5,-5,-61,-51,8,16,10,100
5539,FD,01,FA,FA,FD,FA,FC,07,FFF2,-3,1,-6,-6,-3,-6,-4,7,-14,-29,8,16,10,100
5540,07,F6,F8,01,F6,FC,FE,02,FFA1,7,-10,-8,1,-10,-4,-2,2,-95,-107,8,16,10,100
5541,FE,05,09,F7,02,02,F7,FE,0060,-2,5,9,-9,2,2,-9,-2,96,39,8,16,10,100
5542,F9,00,FA,06,FC,08,00,08,FFF0,-7,0,-6,6,-4,8,0,8,-16,60,8,16,10,100
5543,01,05,FC,F8,01,01,08,08,FFF8,1,5,-4,-8,1,1,8,8,-8,-98,8,16,10,100
5544,02,FA,04,01,F9,07,F7,09,FFCB,2,-6,4,1,-7,7,-9,9,-53,-136,8,16,10,100
5545,02,0A,00,03,08,00,09,02,FFD6,2,10,0,3,8,0,9,2,-42,-20,8,16,10,100
5546,07,03,08,FB,04,FF,FA,08,000B,7,3,8,-5,4,-1,-6,8,11,-52,8,16,10,100
5547,0A,FF,F9,00,F8,FD,FD,01,001D,10,-1,-7,0,-8,-3,-3,1,29,-27,8,16,10,100
5548,FC,03,F8,02,09,04,FA,09,0047,-4,3,-8,2,9,4,-6,9,71,113,8,16,10,100
5549,FA,06,F9,09,FD,07,07,05,FFD7,-6,6,-7,9,-3,7,7,5,-41,15,8,16,10,100
5550,FA,F6,04,04,03,FB,F7,06,FF9F,-6,-10,4,4,3,-5,-9,6,-97,-77,8,16,10,100
5551,01,0A,05,FC,FF,F7,FB,02,FFF4,1,10,5,-4,-1,-9,-5,2,-12,-136,8,16,10,100
5552,08,FB,05,01,FC,03,FB,03,FFD4,8,-5,5,1,-4,3,-5,3,-44,-113,8,16,10,100
5553,05,08,F8,01,00,08,FD,06,FFBB,5,8,-8,1,0,8,-3,6,-69,25,8,16,10,100
5554,FD,07,07,08,FE,FE,0A,F7,FFFF,-3,7,7,8,-2,-2,10,-9,-1,-11,8,16,10,100
5555,FE,03,03,F6,07,F9,00,05,0002,-2,3,3,-10,7,-7,0,5,2,-83,8,16,10,100
5556,01,FA,FE,F9,FE,FD,08,FD,FFC5,1,-6,-2,-7,-2,-3,8,-3,-59,-38,8,16,10,100
5557,01,F9,00,08,07,F6,F7,08,FFB1,1,-7,0,8,7,-10,-9,8,-79,62,8,16,10,100
5558,FD,09,08,05,F6,FF,FD,07,FFC1,-3,9,8,5,-10,-1,-3,7,-63,-31,8,16,10,100
5559,FA,F7,FE,00,F9,07,0A,03,FFFC,-6,-9,-2,0,-7,7,10,3,-4,-45,8,16,10,100
5560,F6,06,07,FB,FA,F6,0A,08,FFEE,-10,6,7,-5,-6,-10,10,8,-18,12,8,16,10,100
5561,F8,F6,F8,02,F7,09,FB,FE,FFAD,-8,-10,-8,2,-9,9,-5,-2,-83,-65,8,16,10,100
5562,05,F6,07,04,03,07,02,02,FFA7,5,-10,7,4,3,7,2,2,-89,-122,8,16,10,100
5563,F9,F7,F8,0A,04,F7,00,FF,0008,-7,-9,-8,10,4,-9,0,-1,8,51,8,16,10,100
5564,05,FD,01,07,FA,FF,01,00,FFFB,5,-3,1,7,-6,-1,1,0,-5,-31,8,16,10,100
5565,0A,FA,F8,F8,05,F9,FB,09,FFE3,10,-6,-8,-8,5,-7,-5,9,-29,31,8,16,10,100
5566,06,09,F9,F7,FA,05,01,0A,0043,6,9,-7,-9,-6,5,1,10,67,-21,8,16,10,100
5567,06,03,FB,FE,04,F7,07,09,0062,6,3,-5,-2,4,-9,7,9,98,42,8,16,10,100
5568,04,07,08,F9,0A,04,FF,04,001D,4,7,8,-7,10,4,-1,4,29,61,8,16,10,100
5569,01,00,F8,09,03,02,03,FA,FFCE,1,0,-8,9,3,2,3,-6,-50,-125,8,16,10,100
5570,F8,FE,08,07,0A,0A,FA,02,0029,-8,-2,8,7,10,10,-6,2,41,-93,8,16,10,100
5571,08,01,FB,02,07,05,03,F6,002F,8,1,-5,2,7,5,3,-10,47,73,8,16,10,100
5572,0A,08,FE,02,F7,04,05,FC,0026,10,8,-2,2,-9,4,5,-4,38,-38,8,16,10,100
5573,01,03,FC,FF,FC,06,04,04,FFA7,1,3,-4,-1,-4,6,4,4,-89,-95,8,16,10,100
5574,FA,FF,FD,01,F7,08,08,F6,FFC7,-6,-1,-3,1,-9,8,8,-10,-57,-45,8,16,10,100
5575,F8,FD,FE,08,08,04,02,FB,FFFD,-8,-3,-2,8,8,4,2,-5,-3,-123,8,16,10,100
5576,07,04,FA,FD,FF,0A,F7,06,0017,7,4,-6,-3,-1,10,-9,6,23,92,8,16,10,100
5577,FE,09,F9,FA,03,F7,FB,06,0040,-2,9,-7,-6,3,-9,-5,6,64,-24,8,16,10,100
5578,FA,F8,02,08,0A,FD,05,04,0042,-6,-8,2,8,10,-3,5,4,66,72,8,16,10,100
5579,0A,F7,08,FA,F8,09,FA,02,FFCB,10,-9,8,-6,-8,9,-6,2,-53,-274,8,16,10,100
5580,FA,06,00,F8,05,07,04,FE,FFD2,-6,6,0,-8,5,7,4,-2,-46,-18,8,16,10,100
5581,FE,F6,04,07,FF,FF,04,FB,FFBA,-2,-10,4,7,-1,-1,4,-5,-70,-77,8,16,10,100
5582,02,FA,08,02,04,04,07,F8,003D,2,-6,8,2,4,4,7,-8,61,85,8,16,10,100
5583,F7,F7,09,06,0A,04,05,0A,0063,-9,-9,9,6,10,4,5,10,99,78,8,16,10,100
5584,01,0A,01,FD,04,06,F6,F8,0057,1,10,1,-3,4,6,-10,-8,87,165,8,16,10,100
5585,FD,01,06,FD,0A,09,FD,F6,0019,-3,1,6,-3,10,9,-3,-10,25,16,8,16,10,100
5586,F8,FB,F7,FC,03,08,04,07,FFB8,-8,-5,-9,-4,3,8,4,7,-72,-200,8,16,10,100
5587,F9,01,F8,02,02,FB,FD,F8,FFCC,-7,1,-8,2,2,-5,-3,-8,-52,-63,8,16,10,100
5588,04,F6,FE,F8,F7,02,F9,F6,FFA4,4,-10,-2,-8,-9,2,-7,-10,-92,-54,8,16,10,100
5589,08,FB,00,08,F6,05,F8,04,0053,8,-5,0,8,-10,5,-8,4,83,10,8,16,10,100
5590,FE,03,FA,07,FC,FC,05,08,FFEA,-2,3,-6,7,-4,-4,5,8,-22,0,8,16,10,100
5591,F7,FC,FC,00,02,FA,FA,F6,FFB7,-9,-4,-4,0,2,-6,-6,-10,-73,-43,8,16,10,100
5592,03,FD,FB,F7,FB,04,03,FA,0034,3,-3,-5,-9,-5,4,3,-6,52,64,8,16,10,100
5593,F6,02,FF,02,FB,FA,F6,FE,005B,-10,2,-1,2,-5,-6,-10,-2,91,135,8,16,10,100
5594,02,FC,F9,00,05,07,F7,05,FFFC,2,-4,-7,0,5,7,-9,5,-4,41,8,16,10,100
5595,F9,02,FA,03,00,03,F6,00,FFD9,-7,2,-6,3,0,3,-10,0,-39,27,8,16,10,100
5596,FF,04,06,F7,03,FD,01,FD,FFB5,-1,4,6,-9,3,-3,1,-3,-75,-57,8,16,10,100
5597,05,04,F7,FF,03,05,F9,08,0035,5,4,-9,-1,3,5,-7,8,53,143,8,16,10,100
5598,FD,F8,09,06,09,03,F6,0A,FFEF,-3,-8,9,6,9,3,-10,10,-17,-98,8,16,10,100
5599,F6,FE,F7,00,FB,03,F9,FF,FFDC,-10,-2,-9,0,-5,3,-7,-1,-36,71,8,16,10,100
5600,F8,05,FF,06,00,F7,07,F6,001B,-8,5,-1,6,0,-9,7,-10,27,-85,8,16,10,100
5601,F6,06,FC,F8,08,FE,F6,FA,0055,-10,6,-4,-8,8,-2,-10,-6,85,81,8,16,10,100
5602,04,05,09,FE,05,FB,F6,FC,FFA0,4,5,9,-2,5,-5,-10,-4,-96,-183,8,16,10,100
5603,F9,00,06,F8,F6,00,FD,F6,FFB7,-7,0,6,-8,-10,0,-3,-10,-73,59,8,16,10,100
5604,02,FB,07,03,07,06,0A,F7,FFA3,2,-5,7,3,7,6,10,-9,-93,-66,8,16,10,100
5605,00,0A,F9,04,06,03,08,F7,001A,0,10,-7,4,6,3,8,-9,26,-36,8,16,10,100
5606,03,FB,08,09,0A,F6,07,07,0002,3,-5,8,9,10,-10,7,7,2,201,8,16,10,100
5607,FC,0A,09,FC,03,03,F8,F9,0003,-4,10,9,-4,3,3,-8,-7,3,-23,8,16,10,100
5608,F7,FC,07,06,06,FC,F9,FE,FFBF,-9,-4,7,6,6,-4,-7,-2,-65,-164,8,16,10,100
5609,F8,FD,06,FC,F7,08,0A,09,002B,-8,-3,6,-4,-9,8,10,9,43,115,8,16,10,100
5610,0A,05,02,FA,01,F6,08,FD,004A,10,5,2,-6,1,-10,8,-3,74,68,8,16,10,100
5611,08,FF,F9,FA,FE,04,FC,08,FFE6,8,-1,-7,-6,-2,4,-4,8,-26,-66,8,16,10,100
5612,00,FA,F6,FD,02,03,03,08,FFC9,0,-6,-10,-3,2,3,3,8,-55,-127,8,16,10,100
5613,F9,02,0A,FE,FD,06,0A,01,0050,-7,2,10,-2,-3,6,10,1,80,211,8,16,10,100
5614,F9,F9,F7,07,FA,0A,05,08,0033,-7,-7,-9,7,-6,10,5,8,51,34,8,16,10,100
5615,08,07,F8,09,01,FA,05,03,001A,8,7,-8,9,1,-6,5,3,26,-21,8,16,10,100
5616,F9,F6,FE,09,FD,F7,F8,FB,0053,-7,-10,-2,9,-3,-9,-8,-5,83,165,8,16,10,100
5617,05,F8,02,05,00,FC,FA,08,FFD9,5,-8,2,5,0,-4,-6,8,-39,21,8,16,10,100
5618,04,FD,09,03,04,FA,07,07,002B,4,-3,9,3,4,-6,7,7,43,161,8,16,10,100
5619,08,FC,07,F6,0A,05,07,05,0013,8,-4,7,-10,10,5,7,5,19,78,8,16,10,100
5620,03,01,01,FD,00,08,FF,FF,FFDB,3,1,1,-3,0,8,-1,-1,-37,-27,8,16,10,100
5621,01,01,03,F6,07,FE,FD,09,FFB7,1,1,3,-10,7,-2,-3,9,-73,-167,8,16,10,100
5622,FC,02,FD,06,FD,06,F6,08,FFE0,-4,2,-3,6,-3,6,-10,8,-32,70,8,16,10,100
5623,05,F6,F8,FF,01,06,F7,08,FFA4,5,-10,-8,-1,1,6,-9,8,-92,-83,8,16,10,100
5624,02,FC,05,FB,F9,F7,01,02,FFF5,2,-4,5,-5,-7,-9,1,2,-11,6,8,16,10,100
5625,06,09,FA,01,FF,F9,08,08,FFF8,6,9,-6,1,-1,-7,8,8,-8,-117,8,16,10,100
5626,08,F8,FF,FA,F7,0A,07,0A,004C,8,-8,-1,-6,-9,10,7,10,76,-143,8,16,10,100
5627,F7,FC,FF,F9,07,06,F8,F9,FF9F,-9,-4,-1,-7,7,6,-8,-7,-97,-127,8,16,10,100
5628,00,09,FF,06,05,04,FC,FB,0002,0,9,-1,6,5,4,-4,-5,2,12,8,16,10,100
5629,05,FE,06,0A,07,FD,FE,FD,FFA4,5,-2,6,10,7,-3,-2,-3,-92,-93,8,16,10,100
5630,FA,06,04,05,FE,06,04,07,002A,-6,6,4,5,-2,6,4,7,42,141,8,16,10,100
5631,05,03,08,05,F7,06,04,0A,FFFA,5,3,8,5,-9,6,4,10,-6,49,8,16,10,100
5632,07,07,F7,00,0A,FB,02,F8,FFE7,7,7,-9,0,10,-5,2,-8,-25,-8,8,16,10,100
5633,F6,03,09,01,0A,FC,06,FF,FFA0,-10,3,9,1,10,-4,6,-1,-96,-155,8,16,10,100
5634,02,01,02,04,F8,FF,0A,01,FFA3,2,1,2,4,-8,-1,10,1,-93,-86,8,16,10,100
5635,FE,F6,FF,00,09,F9,FD,FF,FFFC,-2,-10,-1,0,9,-7,-3,-1,-4,51,8,16,10,100
5636,F8,FF,FD,FD,05,03,F6,0A,0057,-8,-1,-3,-3,5,3,-10,10,87,44,8,16,10,100
5637,00,02,FC,FC,F6,08,03,FF,FFF5,0,2,-4,-4,-10,8,3,-1,-11,-3,8,16,10,100
5638,06,04,0A,F8,09,05,FA,03,FFF0,6,4,10,-8,9,5,-6,3,-16,-26,8,16,10,100
5639,F7,FA,F8,FB,FC,F8,03,FA,FFA8,-9,-6,-8,-5,-4,-8,3,-6,-88,2,8,16,10,100
5640,FD,FC,07,F7,F7,FE,04,03,0048,-3,-4,7,-9,-9,-2,4,3,72,108,8,16,10,100
5641,F7,FE,F8,05,F7,FD,03,FD,004B,-9,-2,-8,5,-9,-3,3,-3,75,123,8,16,10,100
5642,F6,F6,03,04,FA,01,FD,F9,0061,-10,-10,3,4,-6,1,-3,-7,97,110,8,16,10,100
5643,FA,F8,08,FD,08,FB,0A,FF,FFE2,-6,-8,8,-3,8,-5,10,-1,-30,45,8,16,10,100
5644,01,07,08,FA,00,06,04,FC,FFD8,1,7,8,-6,0,6,4,-4,-40,58,8,16,10,100
5645,00,F9,0A,F9,F6,03,F9,FC,0017,0,-7,10,-7,-10,3,-7,-4,23,-40,8,16,10,100
5646,FA,F8,FB,FB,F6,0A,05,FE,0000,-6,-8,-5,-5,-10,10,5,-2,0,-35,8,16,10,100
5647,F7,FE,FE,06,0A,F8,FA,09,FFF3,-9,-2,-2,6,10,-8,-6,9,-13,-21,8,16,10,100
5648,F9,F8,04,F6,00,FA,03,FF,0035,-7,-8,4,-10,0,-6,3,-1,53,123,8,16,10,100
5649,F7,04,03,F7,FB,FF,F9,02,000C,-9,4,3,-9,-5,-1,-7,2,12,14,8,16,10,100
5650,00,06,FD,04,F9,01,0A,FC,000E,0,6,-3,4,-7,1,10,-4,14,-26,8,16,10,100
5651,F6,F9,01,FB,07,06,05,04,0029,-10,-7,1,-5,7,6,5,4,41,-86,8,16,10,100
5652,02,07,F7,FF,F9,08,F9,06,FFBF,2,7,-9,-1,-7,8,-7,6,-65,34,8,16,10,100
5653,0A,FD,FA,FE,FB,0A,F7,01,0028,10,-3,-6,-2,-5,10,-9,1,40,12,8,16,10,100
5654,07,05,00,01,06,02,01,04,FFD9,7,5,0,1,6,2,1,4,-39,17,8,16,10,100
5655,F6,FB,01,FF,F7,FA,FC,03,005A,-10,-5,1,-1,-9,-6,-4,3,90,203,8,16,10,100
5656,00,08,01,F6,F6,07,05,F8,000D,0,8,1,-10,-10,7,5,-8,13,154,8,16,10,100
5657,F6,FA,F7,06,03,FD,06,FB,FF9E,-10,-6,-9,6,3,-3,6,-5,-98,-194,8,16,10,100
5658,F7,FA,FA,06,F6,01,01,FE,FFC6,-9,-6,-6,6,-10,1,1,-2,-58,8,8,16,10,100
5659,05,05,06,03,FB,05,07,FB,0024,5,5,6,3,-5,5,7,-5,36,63,8,16,10,100
5660,FE,F9,08,06,F9,02,FF,FA,FFA2,-2,-7,8,6,-7,2,-1,-6,-94,-138,8,16,10,100
5661,09,01,F7,08,02,F8,03,02,FFDD,9,1,-9,8,2,-8,3,2,-35,-36,8,16,10,100
5662,F7,F7,0A,F6,08,04,F7,0A,FFA5,-9,-9,10,-10,8,4,-9,10,-91,-389,8,16,10,100
5663,FC,FD,07,F9,05,01,08,F6,0048,-4,-3,7,-7,5,1,8,-10,72,175,8,16,10,100
5664,03,F7,F8,00,08,FC,F9,FB,0007,3,-9,-8,0,8,-4,-7,-5,7,123,8,16,10,100
5665,F9,F7,01,08,04,03,04,FF,0059,-7,-9,1,8,4,3,4,-1,89,30,8,16,10,100
5666,03,06,FA,FA,FF,F9,FD,08,0018,3,6,-6,-6,-1,-7,-3,8,24,-51,8,16,10,100
5667,FB,02,02,FD,FB,06,FE,07,FFEC,-5,2,2,-3,-5,6,-2,7,-20,-8,8,16,10,100
5668,FA,F6,F6,FC,03,F6,00,02,005F,-6,-10,-10,-4,3,-10,0,2,95,169,8,16,10,100
5669,0A,02,FA,FC,03,FB,F7,F7,FFC7,10,2,-6,-4,3,-5,-9,-9,-57,53,8,16,10,100
5670,00,06,0A,04,FE,FE,09,00,004F,0,6,10,4,-2,-2,9,0,79,157,8,16,10,100
5671,FC,02,06,01,FE,06,03,F8,004E,-4,2,6,1,-2,6,3,-8,78,108,8,16,10,100
5672,F9,00,FB,FA,FE,FF,05,01,004C,-7,0,-5,-6,-2,-1,5,1,76,59,8,16,10,100
5673,FD,F9,FA,01,03,03,0A,06,FFA9,-3,-7,-6,1,3,3,10,6,-87,-171,8,16,10,100
5674,FC,FE,FE,F6,01,FF,FB,03,0030,-4,-2,-2,-10,1,-1,-5,3,48,26,8,16,10,100
5675,01,07,00,08,FC,06,06,FA,FFD6,1,7,0,8,-4,6,6,-6,-42,-52,8,16,10,100
5676,01,02,00,FA,FA,01,FB,FF,0049,1,2,0,-6,-6,1,-5,-1,73,75,8,16,10,100
5677,02,FA,03,FE,07,07,09,09,FFAC,2,-6,3,-2,7,7,9,9,-84,-103,8,16,10,100
5678,01,FC,FB,FD,05,FC,01,08,005E,1,-4,-5,-3,5,-4,1,8,94,86,8,16,10,100
5679,F7,F7,FD,08,FA,01,04,FD,0009,-9,-9,-3,8,-6,1,4,-3,9,18,8,16,10,100
5680,F6,09,FC,06,03,FD,0A,08,FFB9,-10,9,-4,6,3,-3,10,8,-71,-120,8,16,10,100
5681,04,F7,FF,07,04,07,F7,FC,FFA8,4,-9,-1,7,4,7,-9,-4,-88,-154,8,16,10,100
5682,06,03,04,FB,FA,0A,FB,FD,FFD4,6,3,4,-5,-6,10,-5,-3,-44,-55,8,16,10,100
5683,06,F9,06,FA,04,F9,06,00,FFFE,6,-7,6,-6,4,-7,6,0,-2,107,8,16,10,100
5684,F7,FD,FE,FF,04,09,05,F8,0010,-9,-3,-2,-1,4,9,5,-8,16,-49,8,16,10,100
5685,04,FD,FF,F6,0A,F7,FB,FE,0039,4,-3,-1,-10,10,-9,-5,-2,57,149,8,16,10,100
5686,F6,06,F7,FE,02,F6,0A,FB,0025,-10,6,-9,-2,2,-10,10,-5,37,-123,8,16,10,100
5687,02,03,FF,09,03,F8,F8,01,0049,2,3,-1,9,3,-8,-8,1,73,72,8,16,10,100
5688,FB,FB,FB,F6,01,F7,08,0A,000E,-5,-5,-5,-10,1,-9,8,10,14,-86,8,16,10,100
5689,03,03,FE,F8,07,FD,F9,02,0057,3,3,-2,-8,7,-3,-7,2,87,97,8,16,10,100
5690,06,FF,FF,06,FF,FE,09,F6,FFEF,6,-1,-1,6,-1,-2,9,-10,-17,-90,8,16,10,100
5691,FD,FE,06,04,FA,FA,03,FA,FFEF,-3,-2,6,4,-6,-6,3,-6,-17,7,8,16,10,100
5692,03,FD,FF,00,01,05,FF,FC,0031,3,-3,-1,0,1,5,-1,-4,49,38,8,16,10,100
5693,03,0A,FA,07,FB,02,09,FE,0052,3,10,-6,7,-5,2,9,-2,82,19,8,16,10,100
5694,07,FF,05,F7,06,FE,FB,FA,003B,7,-1,5,-9,6,-2,-5,-6,59,132,8,16,10,100
5695,01,FA,03,F8,F6,FD,00,07,FFCE,1,-6,3,-8,-10,-3,0,7,-50,-98,8,16,10,100
5696,F7,F7,0A,FB,F6,F9,F6,05,FFBC,-9,-9,10,-5,-10,-7,-10,5,-68,-40,8,16,10,100
5697,01,FC,FA,0A,F6,00,09,01,FFC0,1,-4,-6,10,-10,0,9,1,-64,-118,8,16,10,100
5698,F7,F8,09,04,07,07,00,01,FFD9,-9,-8,9,4,7,7,0,1,-39,-154,8,16,10,100
5699,08,F7,FB,FB,00,FC,F9,FF,002A,8,-9,-5,-5,0,-4,-7,-1,42,118,8,16,10,100
5700,00,09,0A,05,01,F9,03,02,0008,0,9,10,5,1,-7,3,2,8,-15,8,16,10,100
5701,F7,F6,FB,FE,FF,04,04,FF,FFF0,-9,-10,-5,-2,-1,4,4,-1,-16,-65,8,16,10,100
5702,FA,07,FC,FC,04,F7,03,06,FF9F,-6,7,-4,-4,4,-9,3,6,-97,-220,8,16,10,100
5703,F7,00,08,02,FB,02,F9,07,FFB4,-9,0,8,2,-5,2,-7,7,-76,-73,8,16,10,100
5704,FB,09,04,FD,08,FF,08,04,FFD1,-5,9,4,-3,8,-1,8,4,-47,-76,8,16,10,100
5705,05,FC,FE,FB,02,07,09,05,FFCB,5,-4,-2,-5,2,7,9,5,-53,-114,8,16,10,100
5706,09,F6,FB,08,05,05,FC,05,FFCD,9,-10,-5,8,5,5,-4,5,-51,4,8,16,10,100
5707,F6,F6,02,09,0A,08,F9,07,FFE7,-10,-10,2,9,10,8,-7,7,-25,-156,8,16,10,100
5708,FD,FF,07,05,09,09,09,F6,004C,-3,-1,7,5,9,9,9,-10,76,53,8,16,10,100
5709,07,08,FA,F9,FE,F8,07,FA,FFDA,7,8,-6,-7,-2,-8,7,-6,-38,-116,8,16,10,100
5710,03,07,0A,00,04,04,FB,03,FFE7,3,7,10,0,4,4,-5,3,-25,-35,8,16,10,100
5711,FB,FA,08,01,02,FD,03,FC,FFC2,-5,-6,8,1,2,-3,3,-4,-62,-34,8,16,10,100
5712,F7,FC,F9,FA,00,0A,04,FC,0020,-9,-4,-7,-6,0,10,4,-4,32,-12,8,16,10,100
5713,06,07,06,00,FD,FC,09,02,0052,6,7,6,0,-3,-4,9,2,82,90,8,16,10,100
5714,02,02,F8,02,02,F7,03,FD,FFA9,2,2,-8,2,2,-9,3,-3,-87,-131,8,16,10,100
5715,FB,01,0A,F6,FC,00,F9,0A,0000,-5,1,10,-10,-4,0,-7,10,0,-150,8,16,10,100
5716,FE,F9,0A,FD,01,08,02,03,FFF0,-2,-7,10,-3,1,8,2,3,-16,-63,8,16,10,100
5717,FC,FE,FD,02,07,07,00,07,FFFD,-4,-2,-3,2,7,7,0,7,-3,-31,8,16,10,100
5718,FC,01,FC,FF,FB,F8,04,08,0024,-4,1,-4,-1,-5,-8,4,8,36,24,8,16,10,100
5719,06,FE,FB,03,01,FE,F8,01,FFAD,6,-2,-5,3,1,-2,-8,1,-83,-30,8,16,10,100
5720,F7,03,F9,06,FA,05,04,FC,FFC0,-9,3,-7,6,-6,5,4,-4,-64,-47,8,16,10,100
5721,FC,FD,FB,F6,FD,FB,FD,F6,0033,-4,-3,-5,-10,-3,-5,-3,-10,51,193,8,16,10,100
5722,FF,00,00,08,03,F7,01,F8,0039,-1,0,0,8,3,-9,1,-8,57,-10,8,16,10,100
5723,02,07,08,02,FB,04,FC,00,FFE5,2,7,8,2,-5,4,-4,0,-27,-41,8,16,10,100
5724,00,0A,07,04,FE,04,FD,FE,0054,0,10,7,4,-2,4,-3,-2,84,95,8,16,10,100
5725,FA,FC,05,01,F7,07,F6,02,FFFC,-6,-4,5,1,-9,7,-10,2,-4,-26,8,16,10,100
5726,07,0A,FF,FA,00,FC,FD,04,0035,7,10,-1,-6,0,-4,-3,4,53,-8,8,16,10,100
5727,07,FD,FF,07,00,F6,04,02,0059,7,-3,-1,7,0,-10,4,2,89,129,8,16,10,100
5728,02,02,FF,F8,0A,07,F9,F7,FFF7,2,2,-1,-8,10,7,-7,-9,-9,104,8,16,10,100
5729,F7,02,09,FB,05,FE,FD,01,0005,-9,2,9,-5,5,-2,-3,1,5,-76,8,16,10,100
5730,05,F6,FB,04,FC,09,09,FD,FFDD,5,-10,-5,4,-4,9,9,-3,-35,-202,8,16,10,100
5731,07,FD,09,F6,F6,08,07,FB,FFB0,7,-3,9,-10,-10,8,7,-5,-80,-61,8,16,10,100
5732,00,FA,FC,05,F8,06,02,FD,0051,0,-6,-4,5,-8,6,2,-3,81,22,8,16,10,100
5733,05,08,FB,02,FC,09,F8,06,001B,5,8,-5,2,-4,9,-8,6,27,131,8,16,10,100
5734,FF,07,F9,06,FF,05,09,FC,0026,-1,7,-7,6,-1,5,9,-4,38,-13,8,16,10,100
5735,08,FA,04,F8,05,01,07,FE,001A,8,-6,4,-8,5,1,7,-2,26,104,8,16,10,100
5736,02,FC,0A,07,F8,06,F6,FB,FFBC,2,-4,10,7,-8,6,-10,-5,-68,-243,8,16,10,100
5737,03,F8,07,F6,00,04,FD,08,FFC1,3,-8,7,-10,0,4,-3,8,-63,-196,8,16,10,100
5738,FE,02,F7,F6,06,04,FE,F6,FFCD,-2,2,-9,-10,6,4,-2,-10,-51,63,8,16,10,100
5739,07,02,00,00,FC,03,04,09,0008,7,2,0,0,-4,3,4,9,8,-14,8,16,10,100
5740,01,F8,06,03,FF,05,01,09,0006,1,-8,6,3,-1,5,1,9,6,-2,8,16,10,100
5741,02,F7,03,08,00,0A,04,02,FFD1,2,-9,3,8,0,10,4,2,-47,-109,8,16,10,100
5742,00,FF,04,03,08,05,05,00,0007,0,-1,4,3,8,5,5,0,7,22,8,16,10,100
5743,01,07,FE,06,03,F7,03,F7,001B,1,7,-2,6,3,-9,3,-9,27,-93,8,16,10,100
5744,F6,06,08,08,09,F6,FA,00,0044,-10,6,8,8,9,-10,-6,0,68,-130,8,16,10,100
5745,01,FD,F6,05,0A,09,03,01,0051,1,-3,-10,5,10,9,3,1,81,39,8,16,10,100
5746,04,09,03,01,FF,01,F8,FD,FFD0,4,9,3,1,-1,1,-8,-3,-48,-70,8,16,10,100
5747,FB,FB,F9,03,FA,03,01,07,FFE4,-5,-5,-7,3,-6,3,1,7,-28,1,8,16,10,100
5748,F7,05,02,03,FE,04,04,FF,FFFA,-9,5,2,3,-2,4,4,-1,-6,37,8,16,10,100
5749,FA,FE,FC,00,00,F7,F7,0A,FFFF,-6,-2,-4,0,0,-9,-9,10,-1,53,8,16,10,100
5750,FA,06,00,FA,07,04,06,F7,FFB8,-6,6,0,-6,7,4,6,-9,-72,-36,8,16,10,100
5751,FA,FD,0A,08,03,04,07,FD,0051,-6,-3,10,8,3,4,7,-3,81,97,8,16,10,100
5752,07,FF,07,FE,04,FF,FC,F8,005C,7,-1,7,-2,4,-1,-4,-8,92,109,8,16,10,100
5753,F7,08,04,FB,F7,F7,08,07,0018,-9,8,4,-5,-9,-9,8,7,24,30,8,16,10,100
5754,04,02,08,08,F6,04,FE,09,FFFF,4,2,8,8,-10,4,-2,9,-1,23,8,16,10,100
5755,04,FD,05,06,02,FD,F7,00,FFA8,4,-3,5,6,2,-3,-9,0,-88,-116,8,16,10,100
5756,F6,08,FC,FA,FD,FF,03,00,004F,-10,8,-4,-6,-3,-1,3,0,79,89,8,16,10,100
5757,FF,02,01,01,05,FF,FF,FF,FFA6,-1,2,1,1,5,-1,-1,-1,-90,-99,8,16,10,100
5758,FF,F8,F7,FE,FE,00,FD,FE,FFA7,-1,-8,-9,-2,-2,0,-3,-2,-89,-56,8,16,10,100
5759,08,F7,FA,FB,F8,0A,00,04,0006,8,-9,-6,-5,-8,10,0,4,6,-168,8,16,10,100
5760,F8,05,03,0A,FE,04,FA,FE,FFC7,-8,5,3,10,-2,4,-6,-2,-57,-59,8,16,10,100
5761,FE,F6,09,F9,FA,08,FE,FD,0044,-2,-10,9,-7,-6,8,-2,-3,68,3,8,16,10,100
5762,04,07,FF,07,F9,FE,08,FC,0053,4,7,-1,7,-7,-2,8,-4,83,5,8,16,10,100
5763,07,F7,05,FA,FB,01,03,07,0046,7,-9,5,-6,-5,1,3,7,70,-1,8,16,10,100
5764,09,00,FB,04,FB,FA,0A,06,FFCC,9,0,-5,4,-5,-6,10,6,-52,-123,8,16,10,100
5765,08,09,FF,08,09,FD,09,01,0049,8,9,-1,8,9,-3,9,1,73,117,8,16,10,100
5766,F9,09,FA,02,F9,0A,F8,FA,0000,-7,9,-6,2,-7,10,-8,-6,0,175,8,16,10,100
5767,03,0A,F7,F6,05,00,FA,FF,FFC7,3,10,-9,-10,5,0,-6,-1,-57,22,8,16,10,100
5768,FA,08,06,02,FD,03,FA,F6,0055,-6,8,6,2,-3,3,-6,-10,85,71,8,16,10,100
5769,03,09,02,F8,FC,03,01,FC,0050,3,9,2,-8,-4,3,1,-4,80,129,8,16,10,100
5770,F9,07,FE,F8,02,FF,08,08,0012,-7,7,-2,-8,2,-1,8,8,18,-83,8,16,10,100
5771,04,FD,03,FC,00,03,05,00,005B,4,-3,3,-4,0,3,5,0,91,97,8,16,10,100
5772,F9,03,FD,FB,F6,FD,08,FF,FFA9,-7,3,-3,-5,-10,-3,8,-1,-87,-45,8,16,10,100
5773,02,08,FE,04,F6,FB,07,07,0014,2,8,-2,4,-10,-5,7,7,20,-26,8,16,10,100
5774,F6,06,F7,FD,FD,FB,07,FC,0047,-10,6,-9,-3,-3,-5,7,-4,71,20,8,16,10,100
5775,FA,FA,00,FC,FC,09,00,01,000E,-6,-6,0,-4,-4,9,0,1,14,-20,8,16,10,100
5776,FC,09,09,01,FC,04,FD,FA,0014,-4,9,9,1,-4,4,-3,-6,20,39,8,16,10,100
5777,02,06,09,F6,03,07,F7,04,002E,2,6,9,-10,3,7,-9,4,46,-27,8,16,10,100
5778,F6,FA,FB,07,04,F9,FB,07,FFE3,-10,-6,-5,7,4,-7,-5,7,-29,47,8,16,10,100
5779,04,02,FF,F8,FB,FC,F6,02,000A,4,2,-1,-8,-5,-4,-10,2,10,-24,8,16,10,100
5780,02,08,FA,06,02,FF,01,F9,FFF8,2,8,-6,6,2,-1,1,-7,-8,-60,8,16,10,100
5781,FE,FB,08,03,09,FD,FC,0A,0039,-2,-5,8,3,9,-3,-4,10,57,52,8,16,10,100
5782,08,F8,08,05,07,07,04,F8,FFEE,8,-8,8,5,7,7,4,-8,-18,-26,8,16,10,100
5783,F9,09,F7,07,09,F7,FA,FF,FFE9,-7,9,-9,7,9,-9,-6,-1,-23,-120,8,16,10,100
5784,FA,FF,08,F9,02,FE,FB,FD,0021,-6,-1,8,-7,2,-2,-5,-3,33,4,8,16,10,100
5785,08,F8,FC,02,FF,09,01,05,005F,8,-8,-4,2,-1,9,1,5,95,21,8,16,10,100
5786,06,FF,0A,08,03,FD,FD,FA,FFC4,6,-1,10,8,3,-3,-3,-6,-60,-117,8,16,10,100
5787,05,F9,07,FF,F9,FD,FD,05,0027,5,-7,7,-1,-7,-3,-3,5,39,-1,8,16,10,100
5788,01,F9,08,07,02,FE,00,FC,FFDF,1,-7,8,7,2,-2,0,-4,-33,-45,8,16,10,100
5789,FD,FF,F9,F8,F8,02,0A,04,FFDF,-3,-1,-7,-8,-8,2,10,4,-33,-113,8,16,10,100
5790,FD,0A,FE,F6,05,F7,00,06,0035,-3,10,-2,-10,5,-9,0,6,53,-112,8,16,10,100
5791,0A,FB,FB,FB,06,FE,00,FE,FFD7,10,-5,-5,-5,6,-2,0,-2,-41,39,8,16,10,100
5792,09,01,FB,FB,FB,FE,06,F9,FFAD,9,1,-5,-5,-5,-2,6,-7,-83,-125,8,16,10,100
5793,F7,08,00,05,F8,02,02,09,FFEE,-9,8,0,5,-8,2,2,9,-18,115,8,16,10,100
5794,FC,F8,0A,FA,F6,FE,F7,03,FFFB,-4,-8,10,-6,-10,-2,-9,3,-5,-57,8,16,10,100
5795,00,08,04,FB,01,03,F7,F8,FFD4,0,8,4,-5,1,3,-9,-8,-44,-16,8,16,10,100
5796,FC,08,02,00,01,09,02,FC,0021,-4,8,2,0,1,9,2,-4,33,105,8,16,10,100
5797,05,0A,FD,00,03,09,FF,09,001E,5,10,-3,0,3,9,-1,9,30,138,8,16,10,100
5798,F6,06,FC,FB,02,03,05,FC,FFC5,-10,6,-4,-5,2,3,5,-4,-59,-61,8,16,10,100
5799,F8,09,FB,0A,F8,01,FB,01,FFA5,-8,9,-5,10,-8,1,-5,1,-91,17,8,16,10,100
5800,F6,F9,F9,F9,04,FE,06,F7,FFD3,-10,-7,-7,-7,4,-2,6,-9,-45,-50,8,16,10,100
5801,04,07,07,F9,00,00,FF,04,FFC6,4,7,7,-7,0,0,-1,4,-58,-93,8,16,10,100
5802,03,08,05,0A,F6,04,FA,04,FFF5,3,8,5,10,-10,4,-6,4,-11,1,8,16,10,100
5803,01,FC,F6,FA,FD,FC,FF,00,0059,1,-4,-10,-6,-3,-4,-1,0,89,112,8,16,10,100
5804,FC,00,F7,03,FA,FF,01,00,FFF1,-4,0,-9,3,-6,-1,1,0,-15,0,8,16,10,100
5805,FC,05,05,07,FE,F7,07,FB,FFE2,-4,5,5,7,-2,-9,7,-5,-30,-67,8,16,10,100
5806,03,04,06,F6,07,07,04,06,0013,3,4,6,-10,7,7,4,6,19,32,8,16,10,100
5807,09,FD,F6,F8,F9,FC,FA,04,002D,9,-3,-10,-8,-7,-4,-6,4,45,22,8,16,10,100
5808,0A,05,07,FC,FA,F7,FA,04,FFAE,10,5,7,-4,-6,-9,-6,4,-82,-245,8,16,10,100
5809,07,03,07,0A,03,07,06,F6,FFE3,7,3,7,10,3,7,6,-10,-29,-45,8,16,10,100
5810,FB,F7,04,09,06,FE,0A,03,FFFE,-5,-9,4,9,6,-2,10,3,-2,53,8,16,10,100
5811,04,FB,FA,00,07,02,07,02,FFB2,4,-5,-6,0,7,2,7,2,-78,-102,8,16,10,100
5812,F8,F9,FF,FD,F8,F8,FD,03,0041,-8,-7,-1,-3,-8,-8,-3,3,65,179,8,16,10,100
5813,FA,F7,01,0A,FA,F9,02,FF,0037,-6,-9,1,10,-6,-7,2,-1,55,146,8,16,10,100
5814,05,09,06,F8,FE,04,F8,03,FFA3,5,9,6,-8,-2,4,-8,3,-93,-139,8,16,10,100
5815,FB,05,0A,00,04,FE,FB,FF,0023,-5,5,10,0,4,-2,-5,-1,35,-45,8,16,10,100
5816,FD,08,F9,F6,08,FB,FC,04,0049,-3,8,-7,-10,8,-5,-4,4,73,-3,8,16,10,100
5817,06,FA,0A,F8,F8,FA,09,07,FFBF,6,-6,10,-8,-8,-6,9,7,-65,-43,8,16,10,100
5818,FD,05,F8,F9,09,FB,F6,05,0006,-3,5,-8,-7,9,-5,-10,5,6,-1,8,16,10,100
5819,F9,FC,FC,05,FF,09,07,00,004B,-7,-4,-4,5,-1,9,7,0,75,18,8,16,10,100
5820,00,F9,FD,FA,FE,FF,03,FD,0031,0,-7,-3,-6,-2,-1,3,-3,49,65,8,16,10,100
5821,F7,FB,0A,F6,09,F8,00,04,FFB5,-9,-5,10,-10,9,-8,0,4,-75,-156,8,16,10,100
5822,FC,04,FF,FE,08,09,05,03,0000,-4,4,-1,-2,8,9,5,3,0,-7,8,16,10,100
5823,02,00,01,F9,08,F6,08,06,FFEA,2,0,1,-7,8,-10,8,6,-22,-40,8,16,10,100
5824,F8,0A,F6,06,0A,06,01,F8,FFDC,-8,10,-10,6,10,6,1,-8,-36,-114,8,16,10,100
5825,04,05,F6,01,01,06,02,01,FFA8,4,5,-10,1,1,6,2,1,-88,-73,8,16,10,100
5826,00,FC,FF,06,08,07,F6,F6,001E,0,-4,-1,6,8,7,-10,-10,30,-48,8,16,10,100
5827,01,FD,05,00,FC,02,07,FA,0026,1,-3,5,0,-4,2,7,-6,38,63,8,16,10,100
5828,F6,FA,FD,FB,03,02,FB,F8,FFD1,-10,-6,-3,-5,3,2,-5,-8,-47,-34,8,16,10,100
5829,FA,00,02,FF,F7,FA,00,05,000B,-6,0,2,-1,-9,-6,0,5,11,60,8,16,10,100
5830,05,F9,03,F8,01,05,07,09,0040,5,-7,3,-8,1,5,7,9,64,-17,8,16,10,100
5831,03,09,F8,08,05,F6,09,FC,FFDA,3,9,-8,8,5,-10,9,-4,-38,-217,8,16,10,100
5832,F9,08,F9,F8,F7,FC,09,FD,0004,-7,8,-7,-8,-9,-4,9,-3,4,-4,8,16,10,100
5833,01,F7,0A,09,F8,F8,FB,01,FFBB,1,-9,10,9,-8,-8,-5,1,-69,-46,8,16,10,100
5834,FB,08,03,FF,F6,00,06,08,FFF7,-5,8,3,-1,-10,0,6,8,-9,51,8,16,10,100
5835,F9,0A,F8,F9,09,F9,02,FF,FFC1,-7,10,-8,-7,9,-7,2,-1,-63,-205,8,16,10,100
5836,05,06,FB,03,08,06,FB,07,005E,5,6,-5,3,8,6,-5,7,94,216,8,16,10,100
5837,06,FE,06,07,FD,F8,FE,0A,0044,6,-2,6,7,-3,-8,-2,10,68,124,8,16,10,100
5838,07,05,05,0A,FF,09,F7,0A,FFC8,7,5,5,10,-1,9,-9,10,-56,37,8,16,10,100
5839,07,01,07,F9,07,FD,06,03,FFC4,7,1,7,-7,7,-3,6,3,-60,7,8,16,10,100
5840,04,FA,0A,F6,00,F9,F7,06,003D,4,-6,10,-10,0,-7,-9,6,61,-47,8,16,10,100
5841,06,F9,01,F8,03,01,FC,07,0062,6,-7,1,-8,3,1,-4,7,98,49,8,16,10,100
5842,08,F7,FB,03,01,FF,01,01,004D,8,-9,-5,3,1,-1,1,1,77,92,8,16,10,100
5843,F6,01,03,FE,FB,F6,FF,02,FFBE,-10,1,3,-2,-5,-10,-1,2,-66,-33,8,16,10,100
5844,03,F6,07,00,01,04,F9,F8,0014,3,-10,7,0,1,4,-7,-8,20,-66,8,16,10,100
5845,F7,00,F9,FA,06,FE,06,F8,0010,-9,0,-7,-6,6,-2,6,-8,16,-32,8,16,10,100
5846,FB,02,08,FA,FF,FD,09,05,0027,-5,2,8,-6,-1,-3,9,5,39,80,8,16,10,100
5847,F8,FA,F6,F8,F7,0A,0A,06,FFF7,-8,-6,-10,-8,-9,10,10,6,-9,-145,8,16,10,100
5848,08,01,FF,07,F8,04,08,FA,FFB5,8,1,-1,7,-8,4,8,-6,-75,-185,8,16,10,100
5849,07,05,02,FB,03,FF,00,00,FFB3,7,5,2,-5,3,-1,0,0,-77,-61,8,16,10,100
5850,FC,FD,06,F8,FC,0A,F7,07,FFC3,-4,-3,6,-8,-4,10,-9,7,-61,-185,8,16,10,100
5851,FA,05,01,04,06,08,08,09,FFF6,-6,5,1,4,6,8,8,9,-10,38,8,16,10,100
5852,FD,08,FF,F8,04,FE,F6,0A,005B,-3,8,-1,-8,4,-2,-10,10,91,-7,8,16,10,100
5853,FD,F9,07,02,02,FD,05,F8,001F,-3,-7,7,2,2,-3,5,-8,31,65,8,16,10,100
5854,08,FD,FA,FB,F6,07,FA,FA,001A,8,-3,-6,-5,-10,7,-6,-6,26,-9,8,16,10,100
5855,09,F6,FF,FB,04,00,FE,0A,0060,9,-10,-1,-5,4,0,-2,10,96,84,8,16,10,100
5856,FB,FD,02,FB,F8,FB,06,FE,FFDF,-5,-3,2,-5,-8,-5,6,-2,-33,44,8,16,10,100
5857,0A,FF,FB,FE,09,04,04,FF,FFF9,10,-1,-5,-2,9,4,4,-1,-7,61,8,16,10,100
5858,FA,08,FA,09,02,07,06,FB,FFE0,-6,8,-6,9,2,7,6,-5,-32,-69,8,16,10,100
5859,06,0A,02,F8,05,F7,03,FB,FFBE,6,10,2,-8,5,-9,3,-5,-66,-80,8,16,10,100
5860,01,F6,05,01,04,FF,FD,00,FFCB,1,-10,5,1,4,-1,-3,0,-53,-54,8,16,10,100
5861,02,07,F9,05,04,FF,09,01,FFC7,2,7,-7,5,4,-1,9,1,-57,-114,8,16,10,100
5862,FE,07,FB,FD,00,0A,06,05,0050,-2,7,-5,-3,0,10,6,5,80,105,8,16,10,100
5863,FE,FB,09,05,00,07,0A,00,FFF4,-2,-5,9,5,0,7,10,0,-12,43,8,16,10,100
5864,FC,FA,F8,08,09,0A,09,FD,0011,-4,-6,-8,8,9,10,9,-3,17,-175,8,16,10,100
5865,00,FD,05,F9,FC,09,FB,F8,FFB6,0,-3,5,-7,-4,9,-5,-8,-74,-70,8,16,10,100
5866,F9,01,03,FC,FC,FD,03,00,001A,-7,1,3,-4,-4,-3,3,0,26,60,8,16,10,100
5867,FB,08,F8,04,FE,F9,06,03,FFB4,-5,8,-8,4,-2,-7,6,3,-76,-158,8,16,10,100
5868,03,F9,00,05,04,F9,06,06,FFC4,3,-7,0,5,4,-7,6,6,-60,31,8,16,10,100
5869,FA,00,FE,02,00,09,02,04,FFB1,-6,0,-2,2,0,9,2,4,-79,-75,8,16,10,100
5870,F7,07,04,F7,04,F8,01,06,FFAB,-9,7,4,-9,4,-8,1,6,-85,-227,8,16,10,100
5871,FB,00,06,FF,0A,F8,05,04,004B,-5,0,6,-1,10,-8,5,4,75,51,8,16,10,100
5872,FB,FE,0A,05,01,0A,01,01,0022,-5,-2,10,5,1,10,1,1,34,24,8,16,10,100
5873,09,F6,FA,02,F9,02,06,06,FFB0,9,-10,-6,2,-7,2,6,6,-80,-187,8,16,10,100
5874,FE,09,02,04,F8,F8,08,07,005B,-2,9,2,4,-8,-8,8,7,91,79,8,16,10,100
5875,09,FA,03,03,08,F8,F6,FD,FFF5,9,-6,3,3,8,-8,-10,-3,-11,70,8,16,10,100
5876,02,F6,06,F6,F9,F8,FF,FF,0052,2,-10,6,-10,-7,-8,-1,-1,82,152,8,16,10,100
5877,FC,08,F8,F7,06,FE,F7,FF,FFB4,-4,8,-8,-9,6,-2,-9,-1,-76,-35,8,16,10,100
5878,F6,00,05,0A,00,FF,05,03,FFD5,-10,0,5,10,0,-1,5,3,-43,12,8,16,10,100
5879,F6,00,FA,03,04,06,07,05,0011,-10,0,-6,3,4,6,7,5,17,-50,8,16,10,100
5880,0A,02,02,09,FF,07,FF,05,000B,10,2,2,9,-1,7,-1,5,11,58,8,16,10,100
5881,01,08,00,FF,FA,FE,03,FA,0028,1,8,0,-1,-6,-2,3,-6,40,24,8,16,10,100
5882,FC,04,FB,06,01,FC,07,FF,FFDF,-4,4,-5,6,1,-4,7,-1,-33,-94,8,16,10,100
5883,F9,04,05,FA,F9,04,03,06,0052,-7,4,5,-6,-7,4,3,6,82,126,8,16,10,100
5884,01,FA,F7,FA,0A,FA,07,03,FFD3,1,-6,-9,-6,10,-6,7,3,-45,-80,8,16,10,100
5885,0A,FA,08,09,F6,FF,05,07,FFD3,10,-6,8,9,-10,-1,5,7,-45,-36,8,16,10,100
5886,FF,08,05,02,FD,FD,FF,F7,001D,-1,8,5,2,-3,-3,-1,-9,29,-15,8,16,10,100
5887,01,FB,FA,02,F6,03,0A,08,FFEB,1,-5,-6,2,-10,3,10,8,-21,-90,8,16,10,100
5888,00,F9,F9,F7,04,05,FB,FA,0047,0,-7,-7,-9,4,5,-5,-6,71,125,8,16,10,100
5889,05,08,FD,00,06,FC,01,02,005F,5,8,-3,0,6,-4,1,2,95,90,8,16,10,100
5890,06,08,FB,FF,F8,F8,0A,06,FFED,6,8,-5,-1,-8,-8,10,6,-19,-187,8,16,10,100
5891,F6,09,09,06,FA,02,03,07,FFBF,-10,9,9,6,-6,2,3,7,-65,82,8,16,10,100
5892,04,F8,FC,F8,08,F8,04,FB,FFC6,4,-8,-4,-8,8,-8,4,-5,-58,62,8,16,10,100
5893,06,FE,F9,F6,00,FE,03,04,002A,6,-2,-7,-10,0,-2,3,4,42,-15,8,16,10,100
5894,03,00,04,F8,05,FB,FF,0A,0024,3,0,4,-8,5,-5,-1,10,36,-33,8,16,10,100
5895,F7,05,FD,FA,FD,02,02,05,0019,-9,5,-3,-6,-3,2,2,5,25,26,8,16,10,100
5896,F7,04,01,05,01,0A,03,05,FFC8,-9,4,1,5,1,10,3,5,-56,3,8,16,10,100
5897,F8,FA,05,09,00,07,08,F8,FFD7,-8,-6,5,9,0,7,8,-8,-41,-115,8,16,10,100
5898,F6,02,F7,FA,09,F7,F7,FA,FFC1,-10,2,-9,-6,9,-9,-9,-6,-63,-54,8,16,10,100
5899,02,F9,09,F9,FA,03,F8,F8,0046,2,-7,9,-7,-6,3,-8,-8,70,21,8,16,10,100
5900,08,F9,F9,05,FF,FD,03,01,004D,8,-7,-7,5,-1,-3,3,1,77,74,8,16,10,100
5901,03,03,02,F6,FA,03,01,03,FFED,3,3,2,-10,-6,3,1,3,-19,-56,8,16,10,100
5902,FE,01,FB,08,00,03,FD,02,0047,-2,1,-5,8,0,3,-3,2,71,105,8,16,10,100
5903,08,00,FC,FF,FB,02,F9,05,0029,8,0,-4,-1,-5,2,-7,5,41,24,8,16,10,100
5904,F7,00,02,FE,F6,F6,07,F7,0004,-9,0,2,-2,-10,-10,7,-9,4,126,8,16,10,100
5905,F6,07,03,F7,05,04,05,04,0002,-10,7,3,-9,5,4,5,4,2,-41,8,16,10,100
5906,07,FF,06,0A,FF,F9,07,05,FFBB,7,-1,6,10,-1,-7,7,5,-69,23,8,16,10,100
5907,F8,09,FE,FC,09,F8,F6,01,0032,-8,9,-2,-4,9,-8,-10,1,50,-78,8,16,10,100
5908,08,FE,05,09,00,00,02,F8,002F,8,-2,5,9,0,0,2,-8,47,-15,8,16,10,100
5909,FC,F6,FB,FE,FC,0A,05,FE,FFF5,-4,-10,-5,-2,-4,10,5,-2,-11,-116,8,16,10,100
5910,03,02,FB,07,F6,03,01,03,FFA6,3,2,-5,7,-10,3,1,3,-90,-98,8,16,10,100
5911,FE,FE,FA,F6,FE,02,07,FC,FFC1,-2,-2,-6,-10,-2,2,7,-4,-63,-65,8,16,10,100
5912,FA,F6,FE,0A,01,09,05,02,FFCE,-6,-10,-2,10,1,9,5,2,-50,-136,8,16,10,100
5913,F6,02,02,FD,00,08,01,02,0037,-10,2,2,-3,0,8,1,2,55,67,8,16,10,100
5914,FC,FF,01,07,06,0A,06,F7,FFDA,-4,-1,1,7,6,10,6,-9,-38,-129,8,16,10,100
5915,FE,0A,05,04,06,FB,02,03,004E,-2,10,5,4,6,-5,2,3,78,38,8,16,10,100
5916,02,FB,00,04,06,FD,FE,06,0042,2,-5,0,4,6,-3,-2,6,66,117,8,16,10,100
5917,01,00,00,FE,F7,F6,FB,00,0053,1,0,0,-2,-9,-10,-5,0,83,74,8,16,10,100
5918,FA,FB,FF,F9,F6,F7,F7,0A,0028,-6,-5,-1,-7,-10,-9,-9,10,40,84,8,16,10,100
5919,00,FC,0A,07,06,09,FF,09,FFDF,0,-4,10,7,6,9,-1,9,-33,-16,8,16,10,100
5920,0A,08,0A,F9,09,F9,FF,07,FFDD,10,8,10,-7,9,-7,-1,7,-35,-60,8,16,10,100
5921,FF,F7,0A,00,07,F7,0A,08,0053,-1,-9,10,0,7,-9,10,8,83,257,8,16,10,100
5922,04,F9,F9,F8,03,02,0A,FD,0034,4,-7,-7,-8,3,2,10,-3,52,4,8,16,10,100
5923,F7,05,09,04,00,F9,08,0A,FFAA,-9,5,9,4,0,-7,8,10,-86,-9,8,16,10,100
5924,06,09,F6,05,05,05,FE,02,FFB7,6,9,-10,5,5,5,-2,2,-73,32,8,16,10,100
5925,FB,08,FE,FF,01,FD,09,02,FFF4,-5,8,-2,-1,1,-3,9,2,-12,-61,8,16,10,100
5926,07,01,08,FE,01,F6,04,F6,0049,7,1,8,-2,1,-10,4,-10,73,122,8,16,10,100
5927,F6,F9,03,FE,F7,00,02,FC,0053,-10,-7,3,-2,-9,0,2,-4,83,187,8,16,10,100
5928,FC,FC,F9,04,04,FC,01,01,0026,-4,-4,-7,4,4,-4,1,1,38,35,8,16,10,100
5929,FF,01,08,FF,0A,02,FD,FF,0034,-1,1,8,-1,10,2,-3,-1,52,21,8,16,10,100
5930,05,02,08,FB,F6,04,FC,09,FFE7,5,2,8,-5,-10,4,-4,9,-25,-144,8,16,10,100
5931,F6,FE,08,03,0A,06,F9,01,FFFA,-10,-2,8,3,10,6,-7,1,-6,-171,8,16,10,100
5932,09,FE,FE,00,03,FE,08,07,FFEE,9,-2,-2,0,3,-2,8,7,-18,-3,8,16,10,100
5933,06,00,0A,05,04,06,F8,F8,002A,6,0,10,5,4,6,-8,-8,42,-54,8,16,10,100
5934,FE,F8,FC,06,0A,FC,02,0A,FFDA,-2,-8,-4,6,10,-4,2,10,-38,26,8,16,10,100
5935,0A,F8,0A,03,FB,FE,F7,FE,FFF9,10,-8,10,3,-5,-2,-9,-2,-7,-137,8,16,10,100
5936,FC,FB,0A,09,09,05,06,07,0032,-4,-5,10,9,9,5,6,7,50,112,8,16,10,100
5937,F7,09,F8,F7,07,09,F7,06,FFA3,-9,9,-8,-9,7,9,-9,6,-93,-57,8,16,10,100
5938,01,07,09,FC,01,FF,01,05,0035,1,7,9,-4,1,-1,1,5,53,36,8,16,10,100
5939,01,FE,06,07,00,08,F9,FF,FFED,1,-2,6,7,0,8,-7,-1,-19,-84,8,16,10,100
5940,FB,02,0A,0A,FD,08,09,FE,FFED,-5,2,10,10,-3,8,9,-2,-19,82,8,16,10,100
5941,F8,FB,F8,0A,FA,F6,03,05,FFB2,-8,-5,-8,10,-6,-10,3,5,-78,46,8,16,10,100
5942,0A,05,02,FD,F6,05,06,06,0017,10,5,2,-3,-10,5,6,6,23,-58,8,16,10,100
5943,FE,F6,05,07,00,09,03,04,003E,-2,-10,5,7,0,9,3,4,62,15,8,16,10,100
5944,09,F9,F7,08,F9,FF,03,08,0005,9,-7,-9,8,-7,-1,3,8,5,-14,8,16,10,100
5945,FA,FC,05,FA,FC,00,FE,F6,0001,-6,-4,5,-6,-4,0,-2,-10,1,75,8,16,10,100
5946,05,FB,FE,FF,09,04,06,F7,FF9C,5,-5,-2,-1,9,4,6,-9,-100,-78,8,16,10,100
5947,06,05,07,F7,FD,FD,09,F8,FFD2,6,5,7,-9,-3,-3,9,-8,-46,56,8,16,10,100
5948,FE,F7,07,05,07,FA,FF,09,FFA3,-2,-9,7,5,7,-6,-1,9,-93,-15,8,16,10,100
5949,FC,06,07,04,06,F9,FF,F7,FFAF,-4,6,7,4,6,-7,-1,-9,-81,-190,8,16,10,100
5950,04,F6,02,01,00,08,FF,01,FFF5,4,-10,2,1,0,8,-1,1,-11,-92,8,16,10,100
5951,FB,FE,FE,FE,03,FE,0A,FF,0051,-5,-2,-2,-2,3,-2,10,-1,81,52,8,16,10,100
5952,01,08,06,F8,FD,09,06,FD,0045,1,8,6,-8,-3,9,6,-3,69,198,8,16,10,100
5953,05,07,FF,06,F9,08,02,05,FFB8,5,7,-1,6,-7,8,2,5,-72,-23,8,16,10,100
5954,F7,08,FF,FE,F8,F6,F6,03,FFA8,-9,8,-1,-2,-8,-10,-10,3,-88,-92,8,16,10,100
5955,00,FA,FD,08,F6,FC,01,FD,0036,0,-6,-3,8,-10,-4,1,-3,54,51,8,16,10,100
5956,F8,08,FC,03,08,FA,F7,FD,003C,-8,8,-4,3,8,-6,-9,-3,60,-25,8,16,10,100
5957,08,01,FD,01,FF,FC,02,08,FFA7,8,1,-3,1,-1,-4,2,8,-89,-99,8,16,10,100
5958,02,09,F9,00,01,F6,00,09,0053,2,9,-7,0,1,-10,0,9,83,-5,8,16,10,100
5959,FA,F6,FE,07,FF,07,09,08,FFE3,-6,-10,-2,7,-1,7,9,8,-29,-55,8,16,10,100
5960,01,02,FE,FF,03,0A,06,0A,FFC6,1,2,-2,-1,3,10,6,10,-58,-57,8,16,10,100
5961,FF,F6,01,02,0A,0A,01,01,FFAD,-1,-10,1,2,10,10,1,1,-83,-190,8,16,10,100
5962,F6,00,F7,FE,0A,06,09,07,002D,-10,0,-9,-2,10,6,9,7,45,-150,8,16,10,100
5963,09,07,FC,02,FC,FC,F6,F9,0053,9,7,-4,2,-4,-4,-10,-7,83,45,8,16,10,100
5964,02,08,F9,00,FE,F7,FB,04,FFB1,2,8,-7,0,-2,-9,-5,4,-79,-120,8,16,10,100
5965,FC,00,0A,F7,F9,FC,08,FC,FFED,-4,0,10,-9,-7,-4,8,-4,-19,125,8,16,10,100
5966,08,F7,FD,07,08,01,FB,04,FFCC,8,-9,-3,7,8,1,-5,4,-52,46,8,16,10,100
5967,FD,0A,08,06,F7,00,F7,06,0051,-3,10,8,6,-9,0,-9,6,81,72,8,16,10,100
5968,F6,09,00,FF,03,09,FF,06,004F,-10,9,0,-1,3,9,-1,6,79,124,8,16,10,100
5969,05,03,FC,0A,06,04,F8,07,FFB7,5,3,-4,10,6,4,-8,7,-73,71,8,16,10,100
5970,0A,FE,01,08,03,F9,05,05,0004,10,-2,1,8,3,-7,5,5,4,93,8,16,10,100
5971,F7,08,01,08,04,00,FE,03,001B,-9,8,1,8,4,0,-2,3,27,13,8,16,10,100
5972,F6,07,FA,F6,00,F9,F6,FE,0032,-10,7,-6,-10,0,-7,-10,-2,50,81,8,16,10,100
5973,F6,05,07,F8,08,F8,07,FE,003D,-10,5,7,-8,8,-8,7,-2,61,6,8,16,10,100
5974,F8,08,05,FF,FE,FE,F6,FD,FFD9,-8,8,5,-1,-2,-2,-10,-3,-39,-86,8,16,10,100
5975,F8,08,08,09,01,0A,F9,07,FFB0,-8,8,8,9,1,10,-7,7,-80,-1,8,16,10,100
5976,00,06,FA,FF,07,01,F7,07,0054,0,6,-6,-1,7,1,-9,7,84,137,8,16,10,100
5977,04,FD,04,FC,F8,0A,FA,00,FFD8,4,-3,4,-4,-8,10,-6,0,-40,-126,8,16,10,100
5978,02,08,01,0A,FF,02,09,FC,004B,2,8,1,10,-1,2,9,-4,75,58,8,16,10,100
5979,FC,F8,09,F6,F9,03,01,FA,000B,-4,-8,9,-10,-7,3,1,-6,11,84,8,16,10,100
5980,07,04,FA,09,08,FD,FC,02,004A,7,4,-6,9,8,-3,-4,2,74,160,8,16,10,100
5981,02,F8,F6,FE,01,06,04,F8,0061,2,-8,-10,-2,1,6,4,-8,97,27,8,16,10,100
5982,FF,05,02,09,05,0A,F9,06,0006,-1,5,2,9,5,10,-7,6,6,91,8,16,10,100
5983,02,00,04,09,09,F8,FB,08,FFCA,2,0,4,9,9,-8,-5,8,-54,16,8,16,10,100
5984,F8,FC,05,08,0A,FF,06,F6,004F,-8,-4,5,8,10,-1,6,-10,79,-47,8,16,10,100
5985,FA,F8,FE,04,FD,FD,04,FE,FFE6,-6,-8,-2,4,-3,-3,4,-2,-26,0,8,16,10,100
5986,08,06,03,06,09,FE,FD,FD,002E,8,6,3,6,9,-2,-3,-3,46,79,8,16,10,100
5987,FA,01,03,09,F9,FC,FA,FB,FFD1,-6,1,3,9,-7,-4,-6,-5,-47,-72,8,16,10,100
5988,F7,06,FA,07,0A,FE,F9,03,FF9C,-9,6,-6,7,10,-2,-7,3,-100,-139,8,16,10,100
5989,F6,00,03,05,08,F6,FD,F7,FFAE,-10,0,3,5,8,-10,-3,-9,-82,-216,8,16,10,100
5990,05,FE,06,F8,01,FB,F7,F8,FFE5,5,-2,6,-8,1,-5,-9,-8,-27,-2,8,16,10,100
5991,01,05,00,F9,00,06,F8,0A,FFC7,1,5,0,-7,0,6,-8,10,-57,-97,8,16,10,100
5992,F8,F7,FE,FD,07,05,0A,FE,FFA9,-8,-9,-2,-3,7,5,10,-2,-87,-202,8,16,10,100
5993,F7,FA,FF,01,03,08,02,FC,FFBE,-9,-6,-1,1,3,8,2,-4,-66,-147,8,16,10,100
5994,F9,FE,02,03,08,FD,FA,F6,001C,-7,-2,2,3,8,-3,-6,-10,28,-64,8,16,10,100
5995,03,FE,04,01,FB,F7,F8,01,FFEC,3,-2,4,1,-5,-9,-8,1,-20,-48,8,16,10,100
5996,F7,06,FB,00,00,FC,00,02,002A,-9,6,-5,0,0,-4,0,2,42,18,8,16,10,100
5997,0A,01,03,02,F6,03,FD,00,002A,10,1,3,2,-10,3,-3,0,42,-64,8,16,10,100
5998,09,FB,FD,09,F7,09,0A,FF,FFA6,9,-5,-3,9,-9,9,10,-1,-90,-255,8,16,10,100
5999,0A,02,FB,05,F9,FC,03,F8,FFBC,10,2,-5,5,-7,-4,3,-8,-68,-201,8,16,10,100
6000,FD,F8,09,FB,09,F7,0A,02,001B,-3,-8,9,-5,9,-9,10,2,27,152,8,16,10,100
6001,F8,04,09,F6,07,01,04,01,0005,-8,4,9,-10,7,1,4,1,5,-21,8,16,10,100
6002,F7,05,FB,FE,06,02,FA,FF,003A,-9,5,-5,-2,6,2,-6,-1,58,46,8,16,10,100
6003,09,FB,FC,FE,03,FD,02,FC,0009,9,-5,-4,-2,3,-3,2,-4,9,51,8,16,10,100
6004,FB,FD,F7,F8,08,03,FF,06,0041,-5,-3,-9,-8,8,3,-1,6,65,-23,8,16,10,100
6005,0A,FB,F6,02,FE,08,F6,FB,FFB2,10,-5,-10,2,-2,8,-10,-5,-78,-48,8,16,10,100
6006,F7,FC,09,06,F9,01,04,FE,FFED,-9,-4,9,6,-7,1,4,-2,-19,64,8,16,10,100
6007,04,08,FC,F7,F9,0A,03,FB,003D,4,8,-4,-9,-7,10,3,-5,61,146,8,16,10,100
6008,03,FA,FA,F9,05,0A,F8,04,FFDB,3,-6,-6,-7,5,10,-8,4,-37,-62,8,16,10,100
6009,F9,FF,01,F8,F7,FD,0A,F6,FFFA,-7,-1,1,-8,-9,-3,10,-10,-6,150,8,16,10,100
6010,09,05,09,FA,06,F8,FD,01,0023,9,5,9,-6,6,-8,-3,1,35,16,8,16,10,100
6011,FF,F7,08,F7,FC,FB,FB,FB,004E,-1,-9,8,-9,-4,-5,-5,-5,78,132,8,16,10,100
6012,FF,09,06,F6,FE,00,FB,F9,FFC2,-1,9,6,-10,-2,0,-5,-7,-62,-20,8,16,10,100
6013,F6,07,06,05,FF,F6,F8,FC,FFE4,-10,7,6,5,-1,-10,-8,-4,-28,-156,8,16,10,100
6014,03,0A,FB,F7,06,FE,09,04,FFA6,3,10,-5,-9,6,-2,9,4,-90,-173,8,16,10,100
6015,01,09,FA,04,09,FD,03,02,0004,1,9,-6,4,9,-3,3,2,4,-24,8,16,10,100
6016,02,FD,FD,FC,FB,F7,00,08,0055,2,-3,-3,-4,-5,-9,0,8,85,70,8,16,10,100
6017,0A,02,F9,FB,09,05,09,02,0006,10,2,-7,-5,9,5,9,2,6,33,8,16,10,100
6018,05,07,F6,07,04,FD,04,0A,FFC2,5,7,-10,7,4,-3,4,10,-62,-33,8,16,10,100
6019,08,FD,0A,06,FD,F7,FC,04,0016,8,-3,10,6,-3,-9,-4,4,22,9,8,16,10,100
6020,F7,F8,FB,FF,05,FD,F9,03,0042,-9,-8,-5,-1,5,-3,-7,3,66,77,8,16,10,100
6021,02,04,07,09,FB,09,06,FE,003C,2,4,7,9,-5,9,6,-2,60,110,8,16,10,100
6022,F7,FF,F6,06,05,0A,05,F8,FFC8,-9,-1,-10,6,5,10,5,-8,-56,-209,8,16,10,100
6023,FC,F7,01,0A,FF,01,FF,FD,FFB9,-4,-9,1,10,-1,1,-1,-3,-71,-107,8,16,10,100
6024,F6,00,03,09,03,FC,F7,F9,0027,-10,0,3,9,3,-4,-9,-7,39,-81,8,16,10,100
6025,0A,08,FA,01,F9,05,00,01,FFE2,10,8,-6,1,-7,5,0,1,-30,-59,8,16,10,100
6026,FC,08,F9,04,07,00,0A,09,000B,-4,8,-7,4,7,0,10,9,11,-51,8,16,10,100
6027,04,03,01,00,FC,03,04,F9,004E,4,3,1,0,-4,3,4,-7,78,75,8,16,10,100
6028,09,08,FA,00,F7,FD,09,F8,0048,9,8,-6,0,-9,-3,9,-8,72,-87,8,16,10,100
6029,0A,02,F6,FF,FB,02,03,F9,FFE3,10,2,-10,-1,-5,2,3,-7,-29,-98,8,16,10,100
6030,F7,04,00,00,FE,FD,F9,FE,0041,-9,4,0,0,-2,-3,-7,-2,65,71,8,16,10,100
6031,04,FE,F6,00,FA,FB,FC,FD,0002,4,-2,-10,0,-6,-5,-4,-3,2,28,8,16,10,100
6032,F9,06,FD,FB,06,03,FB,FF,FF9C,-7,6,-3,-5,6,3,-5,-1,-100,-104,8,16,10,100
6033,FC,06,FD,FC,0A,F9,09,0A,FFF5,-4,6,-3,-4,10,-7,9,10,-11,-160,8,16,10,100
6034,FE,01,04,06,FB,FD,FF,FF,0064,-2,1,4,6,-5,-3,-1,-1,100,97,8,16,10,100
6035,FB,0A,FD,05,FC,07,04,FC,FFA5,-5,10,-3,5,-4,7,4,-4,-91,-33,8,16,10,100
6036,FD,06,02,F8,00,08,FD,02,0063,-3,6,2,-8,0,8,-3,2,99,125,8,16,10,100
6037,02,FF,FB,03,FD,FF,08,FC,0047,2,-1,-5,3,-3,-1,8,-4,71,14,8,16,10,100
6038,FE,FE,00,06,FE,07,FA,FA,FFCA,-2,-2,0,6,-2,7,-6,-6,-54,-100,8,16,10,100
6039,07,04,FF,F7,00,09,F6,06,FFE4,7,4,-1,-9,0,9,-10,6,-28,-36,8,16,10,100
6040,FA,04,FA,07,07,F6,02,02,FFD4,-6,4,-6,7,7,-10,2,2,-44,-124,8,16,10,100
6041,FD,01,FB,F7,FA,FE,08,07,005B,-3,1,-5,-9,-6,-2,8,7,91,4,8,16,10,100
6042,0A,07,FF,F8,FD,FA,FE,FE,FFBF,10,7,-1,-8,-3,-6,-2,-2,-65,-119,8,16,10,100
6043,F8,05,05,02,02,04,06,07,0064,-8,5,5,2,2,4,6,7,100,148,8,16,10,100
6044,0A,FF,FA,F8,F6,F8,03,09,FFE3,10,-1,-6,-8,-10,-8,3,9,-29,-211,8,16,10,100
6045,F8,07,06,FA,01,0A,03,02,FFE5,-8,7,6,-6,1,10,3,2,-27,41,8,16,10,100
6046,05,00,03,01,F6,FB,FB,07,0025,5,0,3,1,-10,-5,-5,7,37,-21,8,16,10,100
6047,F8,FD,07,08,FD,FA,07,F9,0057,-8,-3,7,8,-3,-6,7,-7,87,122,8,16,10,100
6048,06,FD,01,03,FC,01,0A,FC,0058,6,-3,1,3,-4,1,10,-4,88,59,8,16,10,100
6049,FF,00,FE,06,F7,F6,FE,F6,000E,-1,0,-2,6,-9,-10,-2,-10,14,-33,8,16,10,100
6050,F9,01,F9,F8,FC,FD,00,FB,0003,-7,1,-7,-8,-4,-3,0,-5,3,68,8,16,10,100
6051,F7,01,05,FA,00,FC,07,04,FFF2,-9,1,5,-6,0,-4,7,4,-14,-7,8,16,10,100
6052,FF,05,FD,07,09,FC,05,FE,FFBA,-1,5,-3,7,9,-4,5,-2,-70,-128,8,16,10,100
6053,08,F8,FF,FD,05,08,09,07,0039,8,-8,-1,-3,5,8,9,7,57,3,8,16,10,100
6054,08,FD,08,09,F8,FB,FB,02,0054,8,-3,8,9,-8,-5,-5,2,84,13,8,16,10,100
6055,F8,00,06,09,01,FA,00,F8,FFB9,-8,0,6,9,1,-6,0,-8,-71,-151,8,16,10,100
6056,F6,FD,FD,08,F6,06,00,FE,FFC4,-10,-3,-3,8,-10,6,0,-2,-60,6,8,16,10,100
6057,04,F7,04,08,02,F7,04,09,002F,4,-9,4,8,2,-9,4,9,47,224,8,16,10,100
6058,F8,F9,0A,05,FA,05,FB,F8,FFCB,-8,-7,10,5,-6,5,-5,-8,-53,-130,8,16,10,100
6059,FD,FC,FC,FD,0A,06,F7,FE,FFE8,-3,-4,-4,-3,10,6,-9,-2,-24,-36,8,16,10,100
6060,05,FF,FC,F8,04,F9,07,08,FFF5,5,-1,-4,-8,4,-7,7,8,-11,-76,8,16,10,100
6061,FD,FA,F9,FA,FD,07,01,09,FFAC,-3,-6,-7,-6,-3,7,1,9,-84,-178,8,16,10,100
6062,01,FB,01,F7,FE,00,07,01,000E,1,-5,1,-9,-2,0,7,1,14,10,8,16,10,100
6063,F8,00,FC,FA,06,F7,FF,03,FFC5,-8,0,-4,-6,6,-9,-1,3,-59,-121,8,16,10,100
6064,FA,FC,07,04,FD,FA,F6,0A,0016,-6,-4,7,4,-3,-6,-10,10,22,34,8,16,10,100
6065,01,FA,F7,07,FB,FC,F8,F6,FFE1,1,-6,-9,7,-5,-4,-8,-10,-31,-10,8,16,10,100
6066,04,02,F8,F7,F8,FC,F7,08,0051,4,2,-8,-9,-8,-4,-9,8,81,41,8,16,10,100
6067,F9,03,05,07,0A,FE,09,07,FFF6,-7,3,5,7,10,-2,9,7,-10,8,8,16,10,100
6068,FE,00,F9,FE,F9,FB,04,01,0036,-2,0,-7,-2,-7,-5,4,1,54,38,8,16,10,100
6069,FF,01,06,09,01,F6,02,02,FFC9,-1,1,6,9,1,-10,2,2,-55,-36,8,16,10,100
6070,F9,FD,FF,FA,F8,03,04,05,001D,-7,-3,-1,-6,-8,3,4,5,29,42,8,16,10,100
6071,FD,08,FF,02,08,F7,08,F6,FFAF,-3,8,-1,2,8,-9,8,-10,-81,-205,8,16,10,100
6072,FA,02,09,FA,FF,FE,F6,F7,0005,-6,2,9,-6,-1,-2,-10,-9,5,-29,8,16,10,100
6073,00,F9,F8,07,FF,FF,09,08,FFF9,0,-7,-8,7,-1,-1,9,8,-7,-16,8,16,10,100
6074,00,FC,08,FF,08,07,0A,08,FFCF,0,-4,8,-1,8,7,10,8,-49,-5,8,16,10,100
6075,FB,01,09,F6,08,FE,05,F6,0045,-5,1,9,-10,8,-2,5,-10,69,172,8,16,10,100
6076,FF,F8,FF,09,FC,09,09,FB,FF9D,-1,-8,-1,9,-4,9,9,-5,-99,-221,8,16,10,100
6077,07,FB,FC,F8,07,FE,05,F9,0014,7,-5,-4,-8,7,-2,5,-7,20,115,8,16,10,100
6078,F6,00,05,FB,F7,09,09,0A,0038,-10,0,5,-5,-9,9,9,10,56,141,8,16,10,100
6079,FC,F9,06,00,02,F9,04,0A,004B,-4,-7,6,0,2,-7,4,10,75,140,8,16,10,100
6080,F9,F8,F6,F9,08,FC,09,05,0052,-7,-8,-10,-7,8,-4,9,5,82,-67,8,16,10,100
6081,F9,03,0A,FF,FD,F6,FB,FD,004D,-7,3,10,-1,-3,-10,-5,-3,77,21,8,16,10,100
6082,0A,FF,FC,03,FB,FA,FF,03,004C,10,-1,-4,3,-5,-6,-1,3,76,45,8,16,10,100
6083,08,09,FB,02,08,F8,FB,00,002B,8,9,-5,2,8,-8,-5,0,43,60,8,16,10,100
6084,FE,08,06,05,F9,FD,FA,FD,FFAF,-2,8,6,5,-7,-3,-6,-3,-81,-142,8,16,10,100
6085,F9,FA,02,02,FF,02,FB,F6,0038,-7,-6,2,2,-1,2,-5,-10,56,21,8,16,10,100
6086,06,FF,08,F9,FF,F9,F8,08,003B,6,-1,8,-7,-1,-7,-8,8,59,-60,8,16,10,100
6087,0A,F7,01,FF,FB,F7,F7,F6,FFBF,10,-9,1,-1,-5,-9,-9,-10,-65,-33,8,16,10,100
6088,08,FC,06,FB,03,F8,03,FD,FF9C,8,-4,6,-5,3,-8,3,-3,-100,-11,8,16,10,100
6089,FC,FF,02,09,FD,FD,08,FB,FFBD,-4,-1,2,9,-3,-3,8,-5,-67,-81,8,16,10,100
6090,FB,01,03,00,0A,F7,08,05,FFB7,-5,1,3,0,10,-9,8,5,-73,-108,8,16,10,100
6091,04,F9,F8,0A,02,00,FC,FE,FFCB,4,-7,-8,10,2,0,-4,-2,-53,-33,8,16,10,100
6092,07,F9,08,0A,F8,F8,F6,F6,FFEA,7,-7,8,10,-8,-8,-10,-10,-22,-202,8,16,10,100
6093,F6,07,FC,02,0A,01,FD,FD,FFAA,-10,7,-4,2,10,1,-3,-3,-86,-173,8,16,10,100
6094,02,FC,F8,0A,05,FE,02,06,0050,2,-4,-8,10,5,-2,2,6,80,142,8,16,10,100
6095,01,F9,0A,F7,08,04,FB,FF,005C,1,-7,10,-9,8,4,-5,-1,92,31,8,16,10,100
6096,05,F7,01,F8,06,F8,FB,0A,FFD5,5,-9,1,-8,6,-8,-5,10,-43,-26,8,16,10,100
6097,F6,F9,FB,06,FC,01,06,FC,FFA4,-10,-7,-5,6,-4,1,6,-4,-92,-113,8,16,10,100
6098,05,08,09,09,07,FA,02,F8,FFC4,5,8,9,9,7,-6,2,-8,-60,-127,8,16,10,100
6099,09,06,07,06,05,0A,08,06,FFD0,9,6,7,6,5,10,8,6,-48,149,8,16,10,100
6100,02,FF,06,0A,FB,0A,F6,F6,0061,2,-1,6,10,-5,10,-10,-10,97,-83,8,16,10,100
6101,FD,00,FC,F6,01,04,03,F9,0061,-3,0,-4,-10,1,4,3,-7,97,152,8,16,10,100
6102,FD,02,0A,FB,03,09,02,FD,0060,-3,2,10,-5,3,9,2,-3,96,140,8,16,10,100
6103,03,FD,F7,F8,0A,07,01,04,FFC4,3,-3,-9,-8,10,7,1,4,-60,-92,8,16,10,100
6104,04,00,09,04,FA,07,F6,01,005B,4,0,9,4,-6,7,-10,1,91,-19,8,16,10,100
6105,01,FF,F6,07,02,09,08,FC,FFF9,1,-1,-10,7,2,9,8,-4,-7,-122,8,16,10,100
6106,F8,F8,08,09,08,04,FC,FB,FFA6,-8,-8,8,9,8,4,-4,-5,-90,-263,8,16,10,100
6107,F6,04,FF,F6,07,F9,06,01,FFC1,-10,4,-1,-10,7,-7,6,1,-63,-177,8,16,10,100
6108,09,F8,0A,FA,04,F9,05,FF,FFE0,9,-8,10,-6,4,-7,5,-1,-32,116,8,16,10,100
6109,F8,F9,05,09,09,0A,02,FA,FFC3,-8,-7,5,9,9,10,2,-6,-61,-247,8,16,10,100
6110,F7,0A,F7,FB,03,06,08,FF,0042,-9,10,-9,-5,3,6,8,-1,66,32,8,16,10,100
6111,F9,06,FC,07,F7,FB,01,09,FFBF,-7,6,-4,7,-9,-5,1,9,-65,27,8,16,10,100
6112,09,03,05,F9,03,09,09,06,003E,9,3,5,-7,3,9,9,6,62,119,8,16,10,100
6113,01,09,05,F9,00,FD,04,0A,FFE7,1,9,5,-7,0,-3,4,10,-25,-102,8,16,10,100
6114,05,F9,F9,FB,03,FD,F8,0A,FFF4,5,-7,-7,-5,3,-3,-8,10,-12,30,8,16,10,100
6115,FC,06,01,F7,F8,02,05,0A,000F,-4,6,1,-9,-8,2,5,10,15,-26,8,16,10,100
6116,0A,09,F9,FB,08,07,F6,FE,FFCF,10,9,-7,-5,8,7,-10,-2,-49,174,8,16,10,100
6117,0A,F9,01,FA,04,F7,06,FB,FFF0,10,-7,1,-6,4,-9,6,-5,-16,123,8,16,10,100
6118,03,02,06,04,F6,FF,FD,04,FFFC,3,2,6,4,-10,-1,-3,4,-4,-38,8,16,10,100
6119,FD,02,0A,F8,04,04,03,0A,0017,-3,2,10,-8,4,4,3,10,23,-31,8,16,10,100
6120,09,F9,F9,F6,F9,FA,FA,FA,0007,9,-7,-7,-10,-7,-6,-6,-6,7,88,8,16,10,100
6121,07,FB,06,08,06,F7,04,F8,FFA5,7,-5,6,8,6,-9,4,-8,-91,-44,8,16,10,100
6122,05,08,F6,09,FC,02,04,07,0013,5,8,-10,9,-4,2,4,7,19,38,8,16,10,100
6123,FC,04,FB,F9,09,03,02,08,0037,-4,4,-5,-7,9,3,2,8,55,-35,8,16,10,100
6124,02,07,FF,FD,FA,05,05,FD,FFF5,2,7,-1,-3,-6,5,5,-3,-11,16,8,16,10,100
6125,FC,07,03,F6,04,F9,F7,00,005E,-4,7,3,-10,4,-7,-9,0,94,2,8,16,10,100
6126,F7,F9,06,07,05,F8,F8,05,FFEF,-9,-7,6,7,5,-8,-8,5,-17,-19,8,16,10,100
6127,05,02,01,03,03,09,09,00,FFD3,5,2,1,3,3,9,9,0,-45,-3,8,16,10,100
6128,F9,F8,09,02,F7,FE,05,FF,FFCC,-7,-8,9,2,-9,-2,5,-1,-52,70,8,16,10,100
6129,FB,01,F6,0A,00,FC,02,04,0021,-5,1,-10,10,0,-4,2,4,33,49,8,16,10,100
6130,07,FB,FB,FC,08,00,01,FA,FFF5,7,-5,-5,-4,8,0,1,-6,-11,64,8,16,10,100
6131,0A,09,03,FB,00,FA,F9,FE,0060,10,9,3,-5,0,-6,-7,-2,96,31,8,16,10,100
6132,03,07,0A,F6,06,03,03,01,000E,3,7,10,-10,6,3,3,1,14,73,8,16,10,100
6133,00,F7,07,08,07,04,F7,FC,FFBA,0,-9,7,8,7,4,-9,-4,-70,-201,8,16,10,100
6134,F6,09,F8,00,F8,FC,08,08,0031,-10,9,-8,0,-8,-4,8,8,49,29,8,16,10,100
6135,08,F7,FC,07,01,07,F7,08,0058,8,-9,-4,7,1,7,-9,8,88,125,8,16,10,100
6136,FA,06,FE,03,FE,F6,FB,08,0047,-6,6,-2,3,-2,-10,-5,8,71,57,8,16,10,100
6137,FB,00,FF,02,00,00,01,05,000F,-5,0,-1,2,0,0,1,5,15,24,8,16,10,100
6138,FB,08,0A,05,00,FE,FE,FA,FFEC,-5,8,10,5,0,-2,-2,-6,-20,-86,8,16,10,100
6139,FC,0A,0A,06,F6,F9,09,FC,0061,-4,10,10,6,-10,-7,9,-4,97,133,8,16,10,100
6140,00,FA,02,05,07,FC,08,06,0039,0,-6,2,5,7,-4,8,6,57,127,8,16,10,100
6141,F6,06,F7,01,FD,08,06,FA,FFB6,-10,6,-9,1,-3,8,6,-6,-74,-56,8,16,10,100
6142,01,FC,FB,0A,FA,F7,07,FA,0003,1,-4,-5,10,-6,-9,7,-6,3,-62,8,16,10,100
6143,FA,01,06,05,F6,03,06,06,FFB6,-6,1,6,5,-10,3,6,6,-74,55,8,16,10,100
6144,05,07,07,00,0A,00,F7,F6,FFDF,5,7,7,0,10,0,-9,-10,-33,-46,8,16,10,100
6145,FE,FF,06,04,06,02,F6,FF,FFF1,-2,-1,6,4,6,2,-10,-1,-15,-93,8,16,10,100
6146,09,00,0A,FA,F9,07,FF,02,FFE6,9,0,10,-6,-7,7,-1,2,-26,-111,8,16,10,100
6147,02,00,F7,09,FE,03,FE,FF,0045,2,0,-9,9,-2,3,-2,-1,69,74,8,16,10,100
6148,00,06,05,04,00,06,03,FB,0001,0,6,5,4,0,6,3,-5,1,32,8,16,10,100
6149,FA,FB,F6,01,03,FF,02,05,0040,-6,-5,-10,1,3,-1,2,5,64,36,8,16,10,100
6150,FB,FA,07,09,04,04,FA,07,001E,-5,-6,7,9,4,4,-6,7,30,7,8,16,10,100
6151,02,05,01,00,FC,FD,FC,09,FFD0,2,5,1,0,-4,-3,-4,9,-48,-75,8,16,10,100
6152,07,03,05,04,0A,04,06,08,FFCF,7,3,5,4,10,4,6,8,-49,95,8,16,10,100
6153,00,00,08,05,09,FE,04,00,FFC9,0,0,8,5,9,-2,4,0,-55,-23,8,16,10,100
6154,04,04,03,F8,09,02,F9,05,000D,4,4,3,-8,9,2,-7,5,13,-4,8,16,10,100
6155,FB,F8,FD,08,F9,FD,05,02,FFDC,-5,-8,-3,8,-7,-3,5,2,-36,24,8,16,10,100
6156,F7,01,07,09,08,F6,08,04,FFF1,-9,1,7,9,8,-10,8,4,-15,-5,8,16,10,100
6157,00,F8,01,FC,FB,FB,F6,02,FFFF,0,-8,1,-4,-5,-5,-10,2,-1,21,8,16,10,100
6158,06,03,08,F9,03,FF,FF,FA,FFAE,6,3,8,-7,3,-1,-1,-6,-82,-33,8,16,10,100
6159,03,0A,08,FC,FE,03,06,05,FFF8,3,10,8,-4,-2,3,6,5,-8,44,8,16,10,100
6160,08,09,03,03,FA,07,F9,01,005C,8,9,3,3,-6,7,-7,1,92,89,8,16,10,100
6161,08,FB,02,09,06,FF,00,F7,0030,8,-5,2,9,6,-1,0,-9,48,20,8,16,10,100
6162,09,FE,FB,F6,FA,FD,FF,09,FFF3,9,-2,-5,-10,-6,-3,-1,9,-13,-146,8,16,10,100
6163,0A,F8,FA,F9,FA,F8,FE,02,003B,10,-8,-6,-7,-6,-8,-2,2,59,61,8,16,10,100
6164,FE,F6,00,F7,08,FC,FB,00,004E,-2,-10,0,-9,8,-4,-5,0,78,102,8,16,10,100
6165,FF,FB,00,00,F8,06,06,01,FFAE,-1,-5,0,0,-8,6,6,1,-82,-104,8,16,10,100
6166,0A,06,0A,F8,04,FF,05,FF,FFB8,10,6,10,-8,4,-1,5,-1,-72,20,8,16,10,100
6167,02,FF,F9,02,F6,05,01,FE,0054,2,-1,-7,2,-10,5,1,-2,84,48,8,16,10,100
6168,04,FA,FF,F6,00,02,FF,05,FFC7,4,-6,-1,-10,0,2,-1,5,-57,-118,8,16,10,100
6169,F6,FD,FD,FE,01,FF,0A,04,001D,-10,-3,-3,-2,1,-1,10,4,29,-16,8,16,10,100
6170,FE,FD,04,04,FB,F9,FE,06,FFE0,-2,-3,4,4,-5,-7,-2,6,-32,15,8,16,10,100
6171,02,F9,FC,04,07,02,F7,0A,FFBA,2,-7,-4,4,7,2,-9,10,-70,6,8,16,10,100
6172,08,F9,FC,09,04,05,00,FC,FFCF,8,-7,-4,9,4,5,0,-4,-49,-88,8,16,10,100
6173,07,03,FB,08,F6,05,FF,FD,0059,7,3,-5,8,-10,5,-1,-3,89,15,8,16,10,100
6174,07,01,07,06,F9,FE,FB,07,004B,7,1,7,6,-7,-2,-5,7,75,31,8,16,10,100
6175,F6,F7,02,FC,03,FB,FD,09,FFBA,-10,-9,2,-4,3,-5,-3,9,-70,-97,8,16,10,100
6176,FC,04,03,0A,FB,FF,F6,04,FFDF,-4,4,3,10,-5,-1,-10,4,-33,-7,8,16,10,100
6177,F7,F8,F9,FE,01,06,F8,FD,FFD9,-9,-8,-7,-2,1,6,-8,-3,-39,-34,8,16,10,100
6178,F7,08,02,FB,02,07,F6,09,FFCA,-9,8,2,-5,2,7,-10,9,-54,-81,8,16,10,100
6179,05,0A,F6,06,05,06,FC,08,0053,5,10,-10,6,5,6,-4,8,83,256,8,16,10,100
6180,03,0A,00,0A,FD,FE,FF,04,0058,3,10,0,10,-3,-2,-1,4,88,99,8,16,10,100
6181,00,05,F9,FC,F7,0A,FA,01,0010,0,5,-7,-4,-9,10,-6,1,16,104,8,16,10,100
6182,02,09,FB,07,FB,FE,F8,05,0061,2,9,-5,7,-5,-2,-8,5,97,144,8,16,10,100
6183,FC,09,FB,0A,03,02,F9,F7,FFAA,-4,9,-5,10,3,2,-7,-9,-86,-135,8,16,10,100
6184,04,FA,09,FF,0A,01,03,08,0030,4,-6,9,-1,10,1,3,8,48,101,8,16,10,100
6185,08,01,00,02,FC,07,FF,0A,0054,8,1,0,2,-4,7,-1,10,84,79,8,16,10,100
6186,FB,04,FF,02,FB,08,F6,0A,FFAD,-5,4,-1,2,-5,8,-10,10,-83,4,8,16,10,100
6187,F7,FC,03,FC,05,F6,F8,05,FFA3,-9,-4,3,-4,5,-10,-8,5,-93,-142,8,16,10,100
6188,F9,FC,03,04,FC,F8,FA,FA,FFC4,-7,-4,3,4,-4,-8,-6,-6,-60,-42,8,16,10,100
6189,FD,0A,05,FC,03,F9,FC,09,FFCB,-3,10,5,-4,3,-7,-4,9,-53,-188,8,16,10,100
6190,FB,FA,FE,FB,04,09,09,09,001C,-5,-6,-2,-5,4,9,9,9,28,-109,8,16,10,100
6191,04,04,FE,01,F6,06,FD,FA,FFC2,4,4,-2,1,-10,6,-3,-6,-62,-78,8,16,10,100
6192,FF,09,02,F8,09,02,05,F8,FFB4,-1,9,2,-8,9,2,5,-8,-76,7,8,16,10,100
6193,06,06,05,03,03,03,F7,FE,FFA6,6,6,5,3,3,3,-9,-2,-90,-105,8,16,10,100
6194,08,FE,00,F9,F8,08,F7,FF,FFD0,8,-2,0,-7,-8,8,-9,-1,-48,-121,8,16,10,100
6195,F8,07,FA,F6,F7,FA,F6,03,001A,-8,7,-6,-10,-9,-6,-10,3,26,86,8,16,10,100
6196,03,F7,09,FD,F8,FC,07,06,FFE5,3,-9,9,-3,-8,-4,7,6,-27,30,8,16,10,100
6197,0A,07,FA,01,FD,06,FD,F6,FFEC,10,7,-6,1,-3,6,-3,-10,-20,0,8,16,10,100
6198,07,02,FE,08,09,03,03,FD,0042,7,2,-2,8,9,3,3,-3,66,105,8,16,10,100
6199,F7,0A,03,FD,FC,F6,FA,02,004E,-9,10,3,-3,-4,-10,-6,2,78,-10,8,16,10,100
6200,01,06,FD,FB,FE,FE,05,FC,FFE4,1,6,-3,-5,-2,-2,5,-4,-28,-37,8,16,10,100
6201,FE,FF,F7,FA,03,07,0A,FE,FFA5,-2,-1,-9,-6,3,7,10,-2,-91,-182,8,16,10,100
6202,F7,06,F6,07,FE,03,00,0A,FFAB,-9,6,-10,7,-2,3,0,10,-85,21,8,16,10,100
6203,04,0A,FA,05,00,FA,08,F8,005A,4,10,-6,5,0,-6,8,-8,90,-58,8,16,10,100
6204,01,FB,FD,FE,03,01,0A,04,FFAE,1,-5,-3,-2,3,1,10,4,-82,-122,8,16,10,100
6205,FD,F6,07,02,FE,F6,F9,F8,0006,-3,-10,7,2,-2,-10,-7,-8,6,47,8,16,10,100
6206,F9,FA,03,0A,05,05,07,02,0055,-7,-6,3,10,5,5,7,2,85,61,8,16,10,100
6207,08,07,F7,07,08,04,0A,FD,0059,8,7,-9,7,8,4,10,-3,89,70,8,16,10,100
6208,06,03,07,FA,FB,01,FD,04,0038,6,3,7,-6,-5,1,-3,4,56,-16,8,16,10,100
6209,0A,09,F6,F8,04,FD,06,02,FFDA,10,9,-10,-8,4,-3,6,2,-38,-101,8,16,10,100
6210,FC,FE,F8,00,F9,04,F8,09,FFBD,-4,-2,-8,0,-7,4,-8,9,-67,17,8,16,10,100
6211,08,00,FD,05,08,FE,F8,09,FFD3,8,0,-3,5,8,-2,-8,9,-45,88,8,16,10,100
6212,05,04,0A,04,01,03,04,08,FFDC,5,4,10,4,1,3,4,8,-36,53,8,16,10,100
6213,0A,F7,03,08,06,FA,09,FF,003F,10,-9,3,8,6,-6,9,-1,63,196,8,16,10,100
6214,FC,FB,07,04,05,FB,01,F6,FFE5,-4,-5,7,4,5,-5,1,-10,-27,-55,8,16,10,100
6215,00,F6,FA,09,FD,06,03,FF,FFC7,0,-10,-6,9,-3,6,3,-1,-57,-144,8,16,10,100
6216,F8,05,FD,FA,04,07,FB,FB,003F,-8,5,-3,-6,4,7,-5,-5,63,111,8,16,10,100
6217,05,F8,06,04,04,FF,03,F8,005B,5,-8,6,4,4,-1,3,-8,91,105,8,16,10,100
6218,F6,07,FD,FB,F6,00,05,0A,0036,-10,7,-3,-5,-10,0,5,10,54,89,8,16,10,100
6219,04,00,FA,F7,FA,F9,00,FF,0058,4,0,-6,-9,-6,-7,0,-1,88,73,8,16,10,100
6220,FF,FF,00,F9,04,FF,01,00,000D,-1,-1,0,-7,4,-1,1,0,13,10,8,16,10,100
6221,04,04,0A,FA,FD,F9,FB,FE,0039,4,4,10,-6,-3,-7,-5,-2,57,-21,8,16,10,100
6222,FF,02,04,01,FD,05,F9,00,0037,-1,2,4,1,-3,5,-7,0,55,40,8,16,10,100
6223,05,02,04,FA,FD,FC,06,F7,0039,5,2,4,-6,-3,-4,6,-9,57,112,8,16,10,100
6224,FF,F9,07,04,05,F8,FB,FF,0013,-1,-7,7,4,5,-8,-5,-1,19,31,8,16,10,100
6225,F8,FF,04,F7,FC,F6,FC,00,0039,-8,-1,4,-9,-4,-10,-4,0,57,83,8,16,10,100
6226,FF,05,08,FC,F6,FC,06,02,FFA2,-1,5,8,-4,-10,-4,6,2,-94,-64,8,16,10,100
6227,04,05,F7,F6,0A,03,FD,08,0055,4,5,-9,-10,10,3,-3,8,85,87,8,16,10,100
6228,FF,FE,06,04,FF,09,F6,02,0037,-1,-2,6,4,-1,9,-10,2,55,-14,8,16,10,100
6229,FB,02,09,0A,07,08,F8,05,001A,-5,2,9,10,7,8,-8,5,26,-15,8,16,10,100
6230,08,FF,F8,05,00,09,F8,0A,0000,8,-1,-8,5,0,9,-8,10,0,105,8,16,10,100
6231,F6,02,F7,04,F9,05,02,FA,0007,-10,2,-9,4,-7,5,2,-6,7,45,8,16,10,100
6232,05,FB,05,FA,08,03,FA,F8,FFB5,5,-5,5,-6,8,3,-6,-8,-75,-32,8,16,10,100
6233,01,00,FA,01,FE,FA,0A,F9,002C,1,0,-6,1,-2,-6,10,-7,44,-25,8,16,10,100
6234,00,0A,01,04,09,F8,FA,FD,FF9D,0,10,1,4,9,-8,-6,-3,-99,-197,8,16,10,100
6235,F9,01,06,FC,FF,03,FE,00,FFC3,-7,1,6,-4,-1,3,-2,0,-61,-63,8,16,10,100
6236,F6,F7,05,FF,FD,09,02,00,004A,-10,-9,5,-1,-3,9,2,0,74,33,8,16,10,100
6237,FF,F8,00,FE,00,FC,05,F8,0022,-1,-8,0,-2,0,-4,5,-8,34,82,8,16,10,100
6238,05,01,FE,F8,06,0A,FA,09,FFDE,5,1,-2,-8,6,10,-6,9,-34,-54,8,16,10,100
6239,F8,F9,0A,08,03,0A,06,FC,0064,-8,-7,10,8,3,10,6,-4,100,34,8,16,10,100
6240,F7,00,06,0A,04,FB,03,06,0011,-9,0,6,10,4,-5,3,6,17,59,8,16,10,100
6241,F7,FE,F8,FA,09,FF,09,08,FFFB,-9,-2,-8,-6,9,-1,9,8,-5,-204,8,16,10,100
6242,FC,07,F7,00,0A,00,F6,F9,FFF9,-4,7,-9,0,10,0,-10,-7,-7,43,8,16,10,100
6243,05,05,0A,06,04,F9,FA,05,FFF2,5,5,10,6,4,-7,-6,5,-14,-59,8,16,10,100
6244,FB,03,05,FC,FC,06,05,09,001C,-5,3,5,-4,-4,6,5,9,28,55,8,16,10,100
6245,F6,FC,FE,F8,04,05,FE,08,FFD8,-10,-4,-2,-8,4,5,-2,8,-40,-160,8,16,10,100
6246,09,01,07,00,FB,FC,0A,FE,002E,9,1,7,0,-5,-4,10,-2,46,67,8,16,10,100
6247,F8,09,FF,FF,01,04,FC,02,001F,-8,9,-1,-1,1,4,-4,2,31,61,8,16,10,100
6248,02,FB,F6,F9,FD,0A,FE,F8,FFE6,2,-5,-10,-7,-3,10,-2,-8,-26,-6,8,16,10,100
6249,03,04,FC,FF,F8,02,F8,07,FF9E,3,4,-4,-1,-8,2,-8,7,-98,-89,8,16,10,100
6250,06,09,05,FD,07,FF,02,FF,FFB2,6,9,5,-3,7,-1,2,-1,-78,-32,8,16,10,100
6251,06,0A,03,07,F8,03,FE,FC,FFC7,6,10,3,7,-8,3,-2,-4,-57,-109,8,16,10,100
6252,F9,00,0A,02,FC,01,FA,09,FFC3,-7,0,10,2,-4,1,-6,9,-61,-75,8,16,10,100
6253,00,0A,FE,07,01,F9,09,F7,001C,0,10,-2,7,1,-7,9,-9,28,-123,8,16,10,100
6254,FE,00,06,F7,03,F7,FE,06,0013,-2,0,6,-9,3,-9,-2,6,19,-53,8,16,10,100
6255,09,08,FA,08,FB,FE,F9,04,FFBA,9,8,-6,8,-5,-2,-7,4,-70,-57,8,16,10,100
6256,02,0A,07,05,FE,06,FE,00,0005,2,10,7,5,-2,6,-2,0,5,47,8,16,10,100
6257,F7,08,09,07,00,04,05,FA,0051,-9,8,9,7,0,4,5,-6,81,116,8,16,10,100
6258,00,03,F8,FB,FB,FF,00,F7,FFF1,0,3,-8,-5,-5,-1,0,-9,-15,27,8,16,10,100
6259,FC,F8,00,0A,02,F8,07,FA,FFFB,-4,-8,0,10,2,-8,7,-6,-5,-9,8,16,10,100
6260,08,09,02,FE,F7,06,FB,0A,000E,8,9,2,-2,-9,6,-5,10,14,-34,8,16,10,100
6261,FD,0A,02,02,09,05,FB,FB,0034,-3,10,2,2,9,5,-5,-5,52,55,8,16,10,100
6262,FC,F8,FB,09,FD,05,FA,09,FFAB,-4,-8,-5,9,-3,5,-6,9,-85,-2,8,16,10,100
6263,00,FB,FE,FD,04,09,0A,00,FFA7,0,-5,-2,-3,4,9,10,0,-89,-154,8,16,10,100
6264,08,FD,FF,06,FF,FF,05,F7,FFC7,8,-3,-1,6,-1,-1,5,-9,-57,-121,8,16,10,100
6265,FC,FC,FF,F7,09,00,FF,06,FFB1,-4,-4,-1,-9,9,0,-1,6,-79,-168,8,16,10,100
6266,F8,FE,FB,04,09,07,06,05,0053,-8,-2,-5,4,9,7,6,5,83,-13,8,16,10,100
6267,08,09,09,09,09,09,FE,06,0043,8,9,9,9,9,9,-2,6,67,256,8,16,10,100
6268,06,FB,F9,00,04,01,FD,FA,FFD2,6,-5,-7,0,4,1,-3,-6,-46,-6,8,16,10,100
6269,0A,FA,F8,F8,03,05,07,07,FFEE,10,-6,-8,-8,3,5,7,7,-18,-130,8,16,10,100
6270,06,01,03,08,01,FB,05,FC,FFF6,6,1,3,8,1,-5,5,-4,-10,-26,8,16,10,100
6271,F9,00,FE,F7,00,F6,F8,FD,FFF1,-7,0,-2,-9,0,-10,-8,-3,-15,28,8,16,10,100
6272,FE,04,06,06,FE,F6,05,F6,0002,-2,4,6,6,-2,-10,5,-10,2,-64,8,16,10,100
6273,FE,07,FB,00,F8,FF,07,08,0061,-2,7,-5,0,-8,-1,7,8,97,71,8,16,10,100
6274,FE,02,08,FE,F9,FB,04,FB,FFA2,-2,2,8,-2,-7,-5,4,-5,-94,-48,8,16,10,100
6275,F7,F9,03,FF,05,04,F9,03,FFB5,-9,-7,3,-1,5,4,-7,3,-75,-172,8,16,10,100
6276,04,05,07,FF,02,07,FA,05,FFB7,4,5,7,-1,2,7,-6,5,-73,-77,8,16,10,100
6277,FD,FE,FC,01,06,02,F9,05,0030,-3,-2,-4,1,6,2,-7,5,48,59,8,16,10,100
6278,03,06,05,FC,01,06,03,FA,FFC0,3,6,5,-4,1,6,3,-6,-64,14,8,16,10,100
6279,00,FE,08,05,FE,FC,08,05,0056,0,-2,8,5,-2,-4,8,5,86,183,8,16,10,100
6280,F6,01,04,F9,00,F9,FE,07,000B,-10,1,4,-7,0,-7,-2,7,11,-53,8,16,10,100
6281,F7,07,FE,03,06,08,09,FF,0009,-9,7,-2,3,6,8,9,-1,9,-10,8,16,10,100
6282,03,07,03,09,F9,04,FD,05,FFF7,3,7,3,9,-7,4,-3,5,-9,34,8,16,10,100
6283,06,01,FD,F9,F6,FE,08,F7,0041,6,1,-3,-7,-10,-2,8,-9,65,42,8,16,10,100
6284,0A,01,0A,03,FF,07,F6,F9,FFE8,10,1,10,3,-1,7,-10,-7,-24,-148,8,16,10,100
6285,FF,FC,FB,FB,02,FE,07,F8,004D,-1,-4,-5,-5,2,-2,7,-8,77,88,8,16,10,100
6286,0A,03,02,FD,03,FD,F8,FE,000C,10,3,2,-3,3,-3,-8,-2,12,23,8,16,10,100
6287,FC,09,05,06,09,06,FF,02,FFE4,-4,9,5,6,9,6,-1,2,-28,-3,8,16,10,100
6288,F8,FD,01,07,0A,FD,08,01,FFB7,-8,-3,1,7,10,-3,8,1,-73,-129,8,16,10,100
6289,02,05,FF,F9,02,FA,F6,02,003F,2,5,-1,-7,2,-6,-10,2,63,33,8,16,10,100
6290,FE,02,FA,FA,00,F9,F9,F8,0059,-2,2,-6,-6,0,-7,-7,-8,89,165,8,16,10,100
6291,FF,01,F7,FF,04,08,09,09,0038,-1,1,-9,-1,4,8,9,9,56,-30,8,16,10,100
6292,0A,01,FC,F7,01,02,01,F7,FFE3,10,1,-4,-9,1,2,1,-9,-29,60,8,16,10,100
6293,FD,FB,04,0A,00,03,00,FB,0002,-3,-5,4,10,0,3,0,-5,2,-63,8,16,10,100
6294,FB,06,FD,FE,F9,FD,08,0A,002A,-5,6,-3,-2,-7,-3,8,10,42,15,8,16,10,100
6295,FD,02,F9,F6,FA,08,09,03,FFC4,-3,2,-7,-10,-6,8,9,3,-60,-119,8,16,10,100
6296,FD,0A,01,0A,F7,FE,05,F9,0021,-3,10,1,10,-9,-2,5,-7,33,-25,8,16,10,100
6297,00,00,FC,F6,FC,FD,F8,F9,0008,0,0,-4,-10,-4,-3,-8,-7,8,110,8,16,10,100
6298,F6,F7,0A,FC,FF,04,04,08,0041,-10,-9,10,-4,-1,4,4,8,65,47,8,16,10,100
6299,F8,FC,00,09,F9,03,02,F7,0016,-8,-4,0,9,-7,3,2,-9,22,-15,8,16,10,100
6300,FA,0A,F6,01,01,FA,F9,F7,FFAC,-6,10,-10,1,1,-6,-7,-9,-84,-89,8,16,10,100
6301,FB,F8,F8,09,08,06,F9,F7,FFE3,-5,-8,-8,9,8,6,-7,-9,-29,-142,8,16,10,100
6302,F6,F7,06,FD,0A,F6,FF,FC,0029,-10,-9,6,-3,10,-10,-1,-4,41,37,8,16,10,100
6303,FA,08,00,F9,FA,F8,FE,06,003E,-6,8,0,-7,-6,-8,-2,6,62,-8,8,16,10,100
6304,FE,FB,06,02,02,0A,FB,FE,0046,-2,-5,6,2,2,10,-5,-2,70,-18,8,16,10,100
6305,08,FB,FF,FF,08,F8,F6,FA,FFB6,8,-5,-1,-1,8,-8,-10,-6,-74,46,8,16,10,100
6306,00,FB,FD,FD,00,01,05,F7,0037,0,-5,-3,-3,0,1,5,-9,55,62,8,16,10,100
6307,09,FC,FD,FF,05,08,FA,F8,005A,9,-4,-3,-1,5,8,-6,-8,90,129,8,16,10,100
6308,07,FA,04,FA,09,F7,F6,FE,0034,7,-6,4,-6,9,-9,-10,-2,52,141,8,16,10,100
6309,F8,00,F9,07,F7,F8,FE,07,0064,-8,0,-7,7,-9,-8,-2,7,100,235,8,16,10,100
6310,0A,FE,00,01,04,F9,FC,0A,0022,10,-2,0,1,4,-7,-4,10,34,98,8,16,10,100
6311,F6,0A,05,F6,F7,F6,FF,FA,FFE5,-10,10,5,-10,-9,-10,-1,-6,-27,18,8,16,10,100
6312,06,07,04,F9,04,01,FF,0A,000D,6,7,4,-7,4,1,-1,10,13,-30,8,16,10,100
6313,F9,F8,01,01,FA,F6,FB,00,0032,-7,-8,1,1,-6,-10,-5,0,50,167,8,16,10,100
6314,02,F7,08,08,F9,FB,02,03,FFDF,2,-9,8,8,-7,-5,2,3,-33,38,8,16,10,100
6315,04,F9,08,F7,00,0A,02,FC,0031,4,-7,8,-9,0,10,2,-4,49,31,8,16,10,100
6316,03,09,F8,FF,FA,03,FC,F8,FFB7,3,9,-8,-1,-6,3,-4,-8,-73,-24,8,16,10,100
6317,F8,FC,06,F8,FA,01,FE,06,FFA8,-8,-4,6,-8,-6,1,-2,6,-88,-104,8,16,10,100
6318,01,01,02,05,00,F6,09,F8,FFD7,1,1,2,5,0,-10,9,-8,-41,-73,8,16,10,100
6319,F9,FE,FD,08,FE,F8,06,07,FFBF,-7,-2,-3,8,-2,-8,6,7,-65,3,8,16,10,100
6320,0A,02,00,08,09,F9,F9,FB,FFA4,10,2,0,8,9,-7,-7,-5,-92,-56,8,16,10,100
6321,09,03,FD,FA,FD,FC,FE,F7,FFA7,9,3,-3,-6,-3,-4,-2,-9,-89,-68,8,16,10,100
6322,FE,04,01,04,FF,F6,FE,06,002A,-2,4,1,4,-1,-10,-2,6,42,26,8,16,10,100
6323,02,FF,FA,FF,06,F7,0A,06,000A,2,-1,-6,-1,6,-9,10,6,10,-35,8,16,10,100
6324,09,03,09,0A,03,F7,FD,07,FF9F,9,3,9,10,3,-9,-3,7,-97,-54,8,16,10,100
6325,01,04,06,04,F8,0A,FA,FE,FFD1,1,4,6,4,-8,10,-6,-2,-47,-59,8,16,10,100
6326,0A,08,06,05,08,04,06,02,0012,10,8,6,5,8,4,6,2,18,176,8,16,10,100
6327,03,FE,07,00,F7,F6,02,06,0048,3,-2,7,0,-9,-10,2,6,72,79,8,16,10,100
6328,FB,FA,FD,02,0A,07,F9,02,FF9D,-5,-6,-3,2,10,7,-7,2,-99,-166,8,16,10,100
6329,08,F9,09,09,FA,04,02,01,003E,8,-7,9,9,-6,4,2,1,62,13,8,16,10,100
6330,00,F9,FD,09,FB,FB,FC,05,0061,0,-7,-3,9,-5,-5,-4,5,97,189,8,16,10,100
6331,09,F9,00,FD,07,FD,03,FC,0056,9,-7,0,-3,7,-3,3,-4,86,182,8,16,10,100
6332,0A,FF,FA,0A,0A,0A,FA,FE,0058,10,-1,-6,10,10,10,-6,-2,88,194,8,16,10,100
6333,09,FF,05,FD,04,FA,FE,07,0035,9,-1,5,-3,4,-6,-2,7,53,64,8,16,10,100
6334,06,F9,02,06,06,FA,FF,00,FFEF,6,-7,2,6,6,-6,-1,0,-17,59,8,16,10,100
6335,04,F6,0A,09,FB,FF,05,0A,FFA2,4,-10,10,9,-5,-1,5,10,-94,36,8,16,10,100
6336,F9,00,FC,00,F8,06,03,03,FFC3,-7,0,-4,0,-8,6,3,3,-61,-17,8,16,10,100
6337,09,FE,FF,05,02,F9,F6,09,FFB3,9,-2,-1,5,2,-7,-10,9,-77,10,8,16,10,100
6338,05,F8,05,FD,FC,F7,FC,09,FFF1,5,-8,5,-3,-4,-9,-4,9,-15,-10,8,16,10,100
6339,01,07,0A,FF,04,FB,F6,FD,FFBA,1,7,10,-1,4,-5,-10,-3,-70,-198,8,16,10,100
6340,04,08,06,00,FD,FB,05,08,0013,4,8,6,0,-3,-5,5,8,19,-3,8,16,10,100
6341,05,FD,FD,FA,F7,06,06,08,000A,5,-3,-3,-6,-9,6,6,8,10,-119,8,16,10,100
6342,0A,FF,F9,F9,02,F6,00,04,0018,10,-1,-7,-7,2,-10,0,4,24,26,8,16,10,100
6343,FE,F9,0A,04,0A,00,0A,FC,FFC1,-2,-7,10,4,10,0,10,-4,-63,1,8,16,10,100
6344,FC,01,08,03,0A,FD,06,07,0010,-4,1,8,3,10,-3,6,7,16,42,8,16,10,100
6345,00,FB,FE,07,01,0A,FE,08,0000,0,-5,-2,7,1,10,-2,8,0,10,8,16,10,100
6346,05,0A,01,05,FF,F9,03,00,FFB5,5,10,1,5,-1,-7,3,0,-75,-147,8,16,10,100
6347,FA,FF,FC,05,0A,07,F6,FA,0036,-6,-1,-4,5,10,7,-10,-6,54,-3,8,16,10,100
6348,02,08,00,07,FF,02,FE,07,FFD8,2,8,0,7,-1,2,-2,7,-40,23,8,16,10,100
6349,FB,05,06,F6,FB,FE,08,FF,0011,-5,5,6,-10,-5,-2,8,-1,17,90,8,16,10,100
6350,05,04,F7,0A,07,FD,F7,F6,003E,5,4,-9,10,7,-3,-9,-10,62,66,8,16,10,100
6351,FF,07,05,01,04,01,00,03,0041,-1,7,5,1,4,1,0,3,65,71,8,16,10,100
6352,07,FC,05,FC,00,07,03,FC,0019,7,-4,5,-4,0,7,3,-4,25,28,8,16,10,100
6353,FF,F7,03,FC,03,FD,07,F7,FFF7,-1,-9,3,-4,3,-3,7,-9,-9,72,8,16,10,100
6354,F8,FF,FD,00,03,09,FD,0A,FFC5,-8,-1,-3,0,3,9,-3,10,-59,-83,8,16,10,100
6355,08,F9,07,FD,04,05,08,06,FFAE,8,-7,7,-3,4,5,8,6,-82,-47,8,16,10,100
6356,07,F6,FC,FE,02,01,07,FA,FFC4,7,-10,-4,-2,2,1,7,-6,-60,-72,8,16,10,100
6357,F8,0A,01,FC,07,F7,00,F6,FFA4,-8,10,1,-4,7,-9,0,-10,-92,-198,8,16,10,100
6358,00,F6,05,FF,01,05,F8,09,FFDA,0,-10,5,-1,1,5,-8,9,-38,-137,8,16,10,100
6359,FF,F8,FC,06,FF,FD,F9,FB,0005,-1,-8,-4,6,-1,-3,-7,-5,5,28,8,16,10,100
6360,FC,0A,FE,09,F6,FA,FB,08,FFD5,-4,10,-2,9,-10,-6,-5,8,-43,19,8,16,10,100
6361,FA,01,00,05,09,FC,00,FF,0049,-6,1,0,5,9,-4,0,-1,73,10,8,16,10,100
6362,03,02,F8,F9,05,03,FA,FA,FFD1,3,2,-8,-7,5,3,-6,-6,-47,64,8,16,10,100
6363,05,00,F9,FE,00,08,FC,07,0044,5,0,-7,-2,0,8,-4,7,68,82,8,16,10,100
6364,FF,FE,08,00,FA,FC,0A,F7,FFD0,-1,-2,8,0,-6,-4,10,-9,-48,46,8,16,10,100
6365,07,FE,06,FA,05,FC,F6,FF,0029,7,-2,6,-6,5,-4,-10,-1,41,30,8,16,10,100
6366,00,FA,FE,FB,FB,FB,F6,04,FFCB,0,-6,-2,-5,-5,-5,-10,4,-53,-23,8,16,10,100
6367,FE,F8,FD,0A,00,FC,04,00,0063,-2,-8,-3,10,0,-4,4,0,99,119,8,16,10,100
6368,FE,07,06,05,05,06,00,09,0003,-2,7,6,5,5,6,0,9,3,80,8,16,10,100
6369,03,04,F7,FF,00,06,05,03,FFD0,3,4,-9,-1,0,6,5,3,-48,-72,8,16,10,100
6370,0A,FA,F9,00,F7,09,FD,F6,FF9F,10,-6,-7,0,-9,9,-3,-10,-97,-220,8,16,10,100
6371,02,07,07,FB,02,03,05,01,FFF5,2,7,7,-5,2,3,5,1,-11,44,8,16,10,100
6372,06,FE,FF,04,FB,FF,FB,0A,FFE0,6,-2,-1,4,-5,-1,-5,10,-32,-15,8,16,10,100
6373,FC,08,FF,F7,FE,04,04,FD,005A,-4,8,-1,-9,-2,4,4,-3,90,153,8,16,10,100
6374,F7,F8,FC,FF,01,04,FD,03,001F,-9,-8,-4,-1,1,4,-3,3,31,-1,8,16,10,100
6375,FB,0A,F6,F6,09,FF,0A,FB,0038,-5,10,-10,-10,9,-1,10,-5,56,-49,8,16,10,100
6376,08,FE,FD,03,0A,09,F8,FA,FFFE,8,-2,-3,3,10,9,-8,-6,-2,66,8,16,10,100
6377,04,F9,F7,FE,FE,03,0A,F9,0058,4,-7,-9,-2,-2,3,10,-7,88,-17,8,16,10,100
6378,FB,FF,F8,FF,02,FC,FC,FF,FFD4,-5,-1,-8,-1,2,-4,-4,-1,-44,-17,8,16,10,100
6379,00,06,0A,FF,0A,06,00,F9,0036,0,6,10,-1,10,6,0,-7,54,97,8,16,10,100
6380,0A,F8,08,01,06,03,05,F6,FFA9,10,-8,8,1,6,3,5,-10,-87,-21,8,16,10,100
6381,07,03,09,0A,09,01,00,08,002D,7,3,9,10,9,1,0,8,45,191,8,16,10,100
6382,F6,04,FB,F8,FA,F7,01,F6,FFB3,-10,4,-5,-8,-6,-9,1,-10,-77,22,8,16,10,100
6383,F8,08,F6,02,FB,F6,FB,09,FFF7,-8,8,-10,2,-5,-10,-5,9,-9,19,8,16,10,100
6384,F7,09,0A,03,08,05,FC,05,FFB2,-9,9,10,3,8,5,-4,5,-78,-130,8,16,10,100
6385,09,FB,06,FC,09,04,FA,FE,FFC0,9,-5,6,-4,9,4,-6,-2,-64,-31,8,16,10,100
6386,00,F9,02,F6,07,01,FE,07,FFA5,0,-7,2,-10,7,1,-2,7,-91,-172,8,16,10,100
6387,07,00,F9,01,0A,06,05,06,003B,7,0,-7,1,10,6,5,6,59,100,8,16,10,100
6388,F6,08,05,F7,05,F6,08,0A,FFEC,-10,8,5,-9,5,-10,8,10,-20,-200,8,16,10,100
6389,FB,06,F7,05,01,04,FD,06,FFBF,-5,6,-9,5,1,4,-3,6,-65,11,8,16,10,100
6390,00,04,00,01,FC,00,F7,0A,FFF8,0,4,0,1,-4,0,-9,10,-8,2,8,16,10,100
6391,01,08,09,FC,FE,03,F9,07,FFAA,1,8,9,-4,-2,3,-7,7,-86,-155,8,16,10,100
6392,0A,08,F6,09,F8,FC,F9,07,FFB4,10,8,-10,9,-8,-4,-7,7,-76,-55,8,16,10,100
6393,08,00,FB,FA,0A,F9,04,04,0025,8,0,-5,-6,10,-7,4,4,37,73,8,16,10,100
6394,FB,FE,0A,FA,FB,FB,F8,04,FFEA,-5,-2,10,-6,-5,-5,-8,4,-22,-91,8,16,10,100
6395,08,FD,00,04,FD,02,FD,09,0035,8,-3,0,4,-3,2,-3,9,53,59,8,16,10,100
6396,02,F7,06,F9,05,06,0A,FE,0016,2,-9,6,-7,5,6,10,-2,22,52,8,16,10,100
6397,FA,05,F9,01,06,FC,F6,09,0015,-6,5,-7,1,6,-4,-10,9,21,44,8,16,10,100
6398,04,04,07,01,FD,04,05,F8,FFA8,4,4,7,1,-3,4,5,-8,-88,-57,8,16,10,100
6399,FA,08,F9,F6,04,09,FC,FA,004A,-6,8,-7,-10,4,9,-4,-6,74,210,8,16,10,100
6400,FF,FB,FA,F8,05,04,09,FA,FFAC,-1,-5,-6,-8,5,4,9,-6,-84,-115,8,16,10,100
6401,07,03,02,FF,FE,06,FC,FC,0061,7,3,2,-1,-2,6,-4,-4,97,97,8,16,10,100
6402,07,FA,FB,03,F9,07,08,F8,FFA8,7,-6,-5,3,-7,7,8,-8,-88,-243,8,16,10,100
6403,FC,04,02,09,FD,F8,04,FA,000F,-4,4,2,9,-3,-8,4,-6,15,-51,8,16,10,100
6404,01,06,05,FD,FB,F8,F8,F6,0002,1,6,5,-3,-5,-8,-8,-10,2,-61,8,16,10,100
6405,F7,08,07,00,08,03,FD,00,004B,-9,8,7,0,8,3,-3,0,75,6,8,16,10,100
6406,FD,FC,FD,09,04,06,07,08,FFCE,-3,-4,-3,9,4,6,7,8,-50,-35,8,16,10,100
6407,FE,06,03,04,F6,FA,06,06,FFC0,-2,6,3,4,-10,-6,6,6,-64,-38,8,16,10,100
6408,09,FA,FD,F9,07,01,08,F8,FFF5,9,-6,-3,-7,7,1,8,-8,-11,78,8,16,10,100
6409,0A,FE,01,05,FF,FC,00,01,FFD0,10,-2,1,5,-1,-4,0,1,-48,-45,8,16,10,100
6410,02,08,0A,F6,FC,09,06,F8,0052,2,8,10,-10,-4,9,6,-8,82,286,8,16,10,100
6411,FE,FF,FB,05,02,07,0A,FA,0008,-2,-1,-5,5,2,7,10,-6,8,-83,8,16,10,100
6412,00,03,FC,FD,09,FC,05,FF,0042,0,3,-4,-3,9,-4,5,-1,66,37,8,16,10,100
6413,F6,F6,09,FD,07,F9,01,08,000B,-10,-10,9,-3,7,-7,1,8,11,-4,8,16,10,100
6414,FF,07,05,01,00,F7,07,F7,003B,-1,7,5,1,0,-9,7,-9,59,22,8,16,10,100
6415,05,06,FF,07,00,FE,FB,09,0052,5,6,-1,7,0,-2,-5,9,82,138,8,16,10,100
6416,01,FA,F6,0A,03,08,09,08,005A,1,-6,-10,10,3,8,9,8,90,35,8,16,10,100
6417,FD,05,FF,05,09,09,F9,FB,0002,-3,5,-1,5,9,9,-7,-5,2,2,8,16,10,100
6418,03,00,07,F9,FD,00,00,02,0027,3,0,7,-7,-3,0,0,2,39,16,8,16,10,100
6419,F6,06,06,04,FA,F8,05,FD,005A,-10,6,6,4,-6,-8,5,-3,90,120,8,16,10,100
6420,F8,F6,03,07,F9,01,FE,FB,0035,-8,-10,3,7,-7,1,-2,-5,53,58,8,16,10,100
6421,05,00,08,09,FC,09,F6,F8,FFF7,5,0,8,9,-4,9,-10,-8,-9,-181,8,16,10,100
6422,08,0A,F6,0A,07,F9,F7,06,FFCC,8,10,-10,10,7,-7,-9,6,-52,84,8,16,10,100
6423,03,08,0A,05,FF,07,02,F8,FFEA,3,8,10,5,-1,7,2,-8,-22,11,8,16,10,100
6424,FA,08,08,03,00,F6,FF,F6,FFF9,-6,8,8,3,0,-10,-1,-10,-7,-125,8,16,10,100
6425,08,07,09,F8,FF,08,09,FD,0011,8,7,9,-8,-1,8,9,-3,17,170,8,16,10,100
6426,F7,FD,F9,F6,FC,FF,08,FA,FFDB,-9,-3,-7,-10,-4,-1,8,-6,-37,6,8,16,10,100
6427,06,FF,07,03,FD,04,F7,08,FFB6,6,-1,7,3,-3,4,-9,8,-74,-135,8,16,10,100
6428,06,08,FE,FA,FB,FE,06,F8,FFF8,6,8,-2,-6,-5,-2,6,-8,-8,-18,8,16,10,100
6429,05,F6,F9,05,FD,FD,FA,01,005B,5,-10,-7,5,-3,-3,-6,1,91,153,8,16,10,100
6430,06,07,06,FB,09,04,FF,F8,0031,6,7,6,-5,9,4,-1,-8,49,165,8,16,10,100
6431,FE,08,07,F7,0A,01,F8,F7,0012,-2,8,7,-9,10,1,-8,-9,18,31,8,16,10,100
6432,FB,FC,0A,05,08,04,FE,FF,FFBC,-5,-4,10,5,8,4,-2,-1,-68,-149,8,16,10,100
6433,09,F8,07,01,05,07,FD,09,002E,9,-8,7,1,5,7,-3,9,46,23,8,16,10,100
6434,07,F7,09,0A,FD,09,06,FE,FFBE,7,-9,9,10,-3,9,6,-2,-66,-134,8,16,10,100
6435,03,FA,FA,FF,06,01,FD,FF,0023,3,-6,-6,-1,6,1,-3,-1,35,66,8,16,10,100
6436,05,03,FF,FD,FA,FB,08,00,FFBB,5,3,-1,-3,-6,-5,8,0,-69,-122,8,16,10,100
6437,F8,04,F9,01,F7,FE,F9,F8,FFBC,-8,4,-7,1,-9,-2,-7,-8,-68,37,8,16,10,100
6438,05,F7,08,04,08,06,F7,01,FFF3,5,-9,8,4,8,6,-9,1,-13,-95,8,16,10,100
6439,07,F8,03,0A,09,FE,F9,FA,0003,7,-8,3,10,9,-2,-7,-6,3,1,8,16,10,100
6440,07,05,FA,02,07,02,09,F6,001E,7,5,-6,2,7,2,9,-10,30,15,8,16,10,100
6441,07,FA,03,00,00,09,FB,04,0021,7,-6,3,0,0,9,-5,4,33,-36,8,16,10,100
6442,02,09,FB,F8,02,09,0A,06,0064,2,9,-5,-8,2,9,10,6,100,87,8,16,10,100
6443,FD,F6,FE,F6,09,F9,06,04,0058,-3,-10,-2,-10,9,-7,6,4,88,79,8,16,10,100
6444,0A,05,FA,01,F8,FF,08,01,0018,10,5,-6,1,-8,-1,8,1,24,-108,8,16,10,100
6445,04,03,03,00,FD,FA,FB,01,FFCE,4,3,3,0,-3,-6,-5,1,-50,-95,8,16,10,100
6446,FD,FD,F7,04,06,03,FE,FB,FFAE,-3,-3,-9,4,6,3,-2,-5,-82,-111,8,16,10,100
6447,01,F7,FB,FA,F6,03,02,08,005D,1,-9,-5,-6,-10,3,2,8,93,-2,8,16,10,100
6448,06,03,03,FF,02,F6,03,02,0004,6,3,3,-1,2,-10,3,2,4,-7,8,16,10,100
6449,FA,FE,04,09,08,02,FF,F7,0005,-6,-2,4,9,8,2,-1,-9,5,-132,8,16,10,100
6450,F8,0A,01,06,FD,01,05,05,002E,-8,10,1,6,-3,1,5,5,46,115,8,16,10,100
6451,FD,00,09,07,07,04,07,08,0063,-3,0,9,7,7,4,7,8,99,197,8,16,10,100
6452,FD,FC,04,03,02,FC,F7,FC,FFDF,-3,-4,4,3,2,-4,-9,-4,-33,-71,8,16,10,100
6453,06,01,01,04,FE,FC,09,FB,002E,6,1,1,4,-2,-4,9,-5,46,19,8,16,10,100
6454,F9,07,02,04,FA,04,09,04,FFFA,-7,7,2,4,-6,4,9,4,-6,98,8,16,10,100
6455,FB,05,0A,FE,04,03,FC,FF,0005,-5,5,10,-2,4,3,-4,-1,5,-38,8,16,10,100
6456,F7,F6,FC,06,FA,08,0A,FC,FFCD,-9,-10,-4,6,-6,8,10,-4,-51,-141,8,16,10,100
6457,09,06,07,FB,F9,FC,F9,08,FFA8,9,6,7,-5,-7,-4,-7,8,-88,-264,8,16,10,100
6458,FB,03,FB,FE,09,F7,08,F9,0049,-5,3,-5,-2,9,-9,8,-7,73,-25,8,16,10,100
6459,04,FA,FC,F9,F9,02,0A,07,FFF1,4,-6,-4,-7,-7,2,10,7,-15,-144,8,16,10,100
6460,00,01,03,05,04,08,FA,09,FFB9,0,1,3,5,4,8,-6,9,-71,-36,8,16,10,100
6461,FD,0A,09,F6,02,06,0A,02,FFAD,-3,10,9,-10,2,6,10,2,-83,41,8,16,10,100
6462,F8,02,06,0A,F9,0A,0A,FD,FFD4,-8,2,6,10,-7,10,10,-3,-44,62,8,16,10,100
6463,FF,06,FD,04,03,F9,FE,F7,FFD3,-1,6,-3,4,3,-7,-2,-9,-45,-120,8,16,10,100
6464,F7,FD,FB,F6,F8,0A,06,F7,FFBC,-9,-3,-5,-10,-8,10,6,-9,-68,34,8,16,10,100
6465,FB,FF,FC,06,FF,01,02,F8,0040,-5,-1,-4,6,-1,1,2,-8,64,12,8,16,10,100
6466,03,07,04,04,FF,FF,F7,F9,FFBA,3,7,4,4,-1,-1,-9,-7,-70,-144,8,16,10,100
6467,FB,FC,01,04,00,FD,03,FD,FFEC,-5,-4,1,4,0,-3,3,-3,-20,-17,8,16,10,100
6468,06,05,08,FB,03,00,FA,F9,0052,6,5,8,-5,3,0,-6,-7,82,87,8,16,10,100
6469,07,F9,03,FF,FF,FA,FA,02,FFFE,7,-7,3,-1,-1,-6,-6,2,-2,13,8,16,10,100
6470,F8,FA,08,FC,09,09,F6,F8,FFF1,-8,-6,8,-4,9,9,-10,-8,-15,-189,8,16,10,100
6471,09,02,FF,FD,04,F7,FF,04,FFD3,9,2,-1,-3,4,-9,-1,4,-45,-38,8,16,10,100
6472,FC,08,F6,09,0A,FB,04,06,0017,-4,8,-10,9,10,-5,4,6,23,-43,8,16,10,100
6473,F8,01,08,05,05,FB,02,08,0036,-8,1,8,5,5,-5,2,8,54,65,8,16,10,100
6474,0A,F6,02,07,01,FC,02,09,003E,10,-10,2,7,1,-4,2,9,62,179,8,16,10,100
6475,FC,FE,05,00,01,05,F8,FE,0062,-4,-2,5,0,1,5,-8,-2,98,44,8,16,10,100
6476,F7,FC,F8,04,F9,02,07,08,FFF8,-9,-4,-8,4,-7,2,7,8,-8,23,8,16,10,100
6477,05,06,07,FE,FF,FB,FE,00,0036,5,6,7,-2,-1,-5,-2,0,54,5,8,16,10,100
6478,06,07,04,04,06,FB,F6,F9,0027,6,7,4,4,6,-5,-10,-7,39,-28,8,16,10,100
6479,F9,01,07,F7,FA,FD,FD,00,FFB6,-7,1,7,-9,-6,-3,-3,0,-74,-56,8,16,10,100
6480,05,FA,F7,06,0A,F7,02,F8,004D,5,-6,-9,6,10,-9,2,-8,77,115,8,16,10,100
6481,01,FD,05,04,F9,F9,09,FF,FF9F,1,-3,5,4,-7,-7,9,-1,-97,-42,8,16,10,100
6482,FB,F8,00,FC,02,01,F7,00,0044,-5,-8,0,-4,2,1,-9,0,68,50,8,16,10,100
6483,08,06,04,FF,04,FE,FD,F9,0064,8,6,4,-1,4,-2,-3,-7,100,115,8,16,10,100
6484,F8,06,F7,FA,09,07,05,00,002B,-8,6,-9,-6,9,7,5,0,43,-32,8,16,10,100
6485,FC,FD,FA,FF,FC,02,01,05,FFFB,-4,-3,-6,-1,-4,2,1,5,-5,-6,8,16,10,100
6486,FC,FF,F7,FD,F7,F8,00,FC,FFFD,-4,-1,-9,-3,-9,-8,0,-4,-3,53,8,16,10,100
6487,FC,F7,05,09,FD,06,08,FC,0061,-4,-9,5,9,-3,6,8,-4,97,59,8,16,10,100
6488,06,01,00,03,02,02,04,FD,FFC7,6,1,0,3,2,2,4,-3,-57,-52,8,16,10,100
6489,FF,04,0A,F7,FA,FF,F9,F8,FFBC,-1,4,10,-9,-6,-1,-7,-8,-68,-64,8,16,10,100
6490,08,F6,0A,08,FD,FA,08,08,0003,8,-10,10,8,-3,-6,8,8,3,183,8,16,10,100
6491,FB,0A,05,09,03,FD,06,02,0040,-5,10,5,9,3,-3,6,2,64,67,8,16,10,100
6492,F7,F6,FC,0A,06,FC,FD,0A,FFCF,-9,-10,-4,10,6,-4,-3,10,-49,49,8,16,10,100
6493,06,08,06,F7,06,FA,08,09,FFBD,6,8,6,-9,6,-6,8,9,-67,-112,8,16,10,100
6494,F8,F9,0A,FB,08,0A,F6,01,002B,-8,-7,10,-5,8,10,-10,1,43,-196,8,16,10,100
6495,03,0A,01,06,FD,01,03,FB,FFF5,3,10,1,6,-3,1,3,-5,-11,-37,8,16,10,100
6496,FA,09,07,F7,0A,0A,FC,00,0042,-6,9,7,-9,10,10,-4,0,66,68,8,16,10,100
6497,F8,FC,FB,F6,FC,FE,02,09,002B,-8,-4,-5,-10,-4,-2,2,9,43,-17,8,16,10,100
6498,07,03,F9,F6,03,F7,02,F9,FFED,7,3,-7,-10,3,-9,2,-7,-19,31,8,16,10,100
6499,03,05,F9,FD,09,F8,07,05,0032,3,5,-7,-3,9,-8,7,5,50,-27,8,16,10,100
6500,F6,05,FC,F9,04,FE,FF,F7,FFD1,-10,5,-4,-7,4,-2,-1,-9,-47,-30,8,16,10,100
6501,06,03,FA,FA,02,09,FE,FF,FFD5,6,3,-6,-6,2,9,-2,-1,-43,14,8,16,10,100
6502,04,09,0A,FB,FB,05,FA,02,0047,4,9,10,-5,-5,5,-6,2,71,26,8,16,10,100
6503,FB,F8,F7,F8,08,F6,F8,FC,0002,-5,-8,-9,-8,8,-10,-8,-4,2,146,8,16,10,100
6504,FB,04,FC,F9,01,F6,FF,F8,FFFD,-5,4,-4,-7,1,-10,-1,-8,-3,12,8,16,10,100
6505,07,07,07,FF,FB,09,0A,01,FFC9,7,7,7,-1,-5,9,10,1,-55,42,8,16,10,100
6506,F6,F6,09,FF,02,04,00,FC,FFC1,-10,-10,9,-1,2,4,0,-4,-63,-119,8,16,10,100
6507,FF,03,08,F9,F9,0A,07,F9,FFFF,-1,3,8,-7,-7,10,7,-7,-1,141,8,16,10,100
6508,F8,06,00,F8,01,07,03,06,FF9F,-8,6,0,-8,1,7,3,6,-97,-111,8,16,10,100
6509,F9,07,04,F8,F9,09,FB,F6,0015,-7,7,4,-8,-7,9,-5,-10,21,193,8,16,10,100
6510,03,F9,FA,05,F6,FF,09,FB,FFB7,3,-7,-6,5,-10,-1,9,-5,-73,-175,8,16,10,100
6511,F8,08,F9,FB,F8,F8,FE,03,0008,-8,8,-7,-5,-8,-8,-2,3,8,7,8,16,10,100
6512,07,09,08,FB,08,F6,F6,FA,FFA4,7,9,8,-5,8,-10,-10,-6,-92,-176,8,16,10,100
6513,06,F7,0A,01,04,00,03,05,FFDF,6,-9,10,1,4,0,3,5,-33,26,8,16,10,100
6514,FE,06,F6,F7,07,0A,FB,07,0044,-2,6,-10,-9,7,10,-5,7,68,101,8,16,10,100
6515,06,03,04,07,00,0A,09,FB,FFD3,6,3,4,7,0,10,9,-5,-45,-14,8,16,10,100
6516,FF,02,07,06,07,F8,07,FF,FFCE,-1,2,7,6,7,-8,7,-1,-50,-30,8,16,10,100
6517,FF,FE,F7,F7,FD,FB,F8,02,FFEE,-1,-2,-9,-9,-3,-5,-8,2,-18,49,8,16,10,100
6518,01,04,05,02,07,04,0A,FA,FFD6,1,4,5,2,7,4,10,-6,-42,19,8,16,10,100
6519,F9,09,03,04,02,FD,03,09,FFAF,-7,9,3,4,2,-3,3,9,-81,-77,8,16,10,100
6520,04,F7,F9,08,F9,FF,FF,F9,004F,4,-9,-7,8,-7,-1,-1,-7,79,11,8,16,10,100
6521,F7,F8,F7,09,04,FE,09,05,FFBC,-9,-8,-9,9,4,-2,9,5,-68,-124,8,16,10,100
6522,01,01,02,FD,00,00,F8,06,0044,1,1,2,-3,0,0,-8,6,68,34,8,16,10,100
6523,02,F8,04,09,04,F7,03,04,0000,2,-8,4,9,4,-9,3,4,0,128,8,16,10,100
6524,0A,04,09,05,0A,01,F8,FB,FFAD,10,4,9,5,10,1,-8,-5,-83,-76,8,16,10,100
6525,FF,F6,F7,05,F7,FB,04,01,003D,-1,-10,-9,5,-9,-5,4,1,61,89,8,16,10,100
6526,FA,07,00,06,FA,04,00,F6,000B,-6,7,0,6,-6,4,0,-10,11,15,8,16,10,100
6527,00,00,0A,FF,00,FD,04,05,003F,0,0,10,-1,0,-3,4,5,63,98,8,16,10,100
6528,F6,09,05,FB,F8,07,FD,08,FFA0,-10,9,5,-5,-8,7,-3,8,-96,-8,8,16,10,100
6529,F7,04,F7,FC,FE,FF,FB,FF,005B,-9,4,-9,-4,-2,-1,-5,-1,91,154,8,16,10,100
6530,02,FD,FF,03,00,F9,FF,02,0026,2,-3,-1,3,0,-7,-1,2,38,66,8,16,10,100
6531,FB,07,FF,FD,FF,03,FF,07,0024,-5,7,-1,-3,-1,3,-1,7,36,42,8,16,10,100
6532,FD,02,F9,F8,08,05,F7,01,0038,-3,2,-7,-8,8,5,-9,1,56,97,8,16,10,100
6533,01,03,02,04,FD,FA,FF,FA,FFD4,1,3,2,4,-3,-6,-1,-6,-44,-91,8,16,10,100
6534,FA,FC,FC,07,08,01,FC,FE,0023,-6,-4,-4,7,8,1,-4,-2,35,-15,8,16,10,100
6535,07,0A,F7,FC,F9,FC,F7,FF,000E,7,10,-9,-4,-7,-4,-9,-1,14,10,8,16,10,100
6536,07,08,00,F9,00,FF,FD,0A,002B,7,8,0,-7,0,-1,-3,10,43,-35,8,16,10,100
6537,02,07,07,FA,F6,F7,07,FD,FFC7,2,7,7,-6,-10,-9,7,-3,-57,-73,8,16,10,100
6538,FD,05,FB,08,09,F7,FF,08,FFC9,-3,5,-5,8,9,-9,-1,8,-55,-58,8,16,10,100
6539,F9,08,F6,FB,08,02,F8,FF,0006,-7,8,-10,-5,8,2,-8,-1,6,51,8,16,10,100
6540,F6,FE,0A,FF,08,FE,F7,07,FFF8,-10,-2,10,-1,8,-2,-9,7,-8,-181,8,16,10,100
6541,F6,F7,06,08,FA,01,06,05,0010,-10,-9,6,8,-6,1,6,5,16,143,8,16,10,100
6542,FE,08,01,F8,FF,F9,FC,F6,FFB6,-2,8,1,-8,-1,-7,-4,-10,-74,-52,8,16,10,100
6543,00,06,F9,F8,FF,F7,FD,01,FFB4,0,6,-7,-8,-1,-9,-3,1,-76,-117,8,16,10,100
6544,01,F7,F8,F6,F9,FE,FD,06,000B,1,-9,-8,-10,-7,-2,-3,6,11,-14,8,16,10,100
6545,F9,07,04,FF,FB,05,FA,FC,002C,-7,7,4,-1,-5,5,-6,-4,44,94,8,16,10,100
6546,00,02,06,F6,FA,00,07,07,0061,0,2,6,-10,-6,0,7,7,97,69,8,16,10,100
6547,FE,F7,09,FC,05,FD,02,08,FFFC,-2,-9,9,-4,5,-3,2,8,-4,-1,8,16,10,100
6548,09,0A,01,0A,FA,06,F8,05,FFF3,9,10,1,10,-6,6,-8,5,-13,35,8,16,10,100
6549,0A,01,FD,02,FC,06,08,01,FFEE,10,1,-3,2,-4,6,8,1,-18,-74,8,16,10,100
6550,FE,FD,FC,F9,07,01,09,F9,004B,-2,-3,-4,-7,7,1,9,-7,75,71,8,16,10,100
6551,03,FB,01,F8,FB,02,04,FD,FFAC,3,-5,1,-8,-5,2,4,-3,-84,-81,8,16,10,100
6552,FC,00,FE,06,02,08,07,FF,0016,-4,0,-2,6,2,8,7,-1,22,-6,8,16,10,100
6553,FE,09,01,FE,08,F9,F9,F6,003F,-2,9,1,-2,8,-7,-7,-10,63,-3,8,16,10,100
6554,07,04,FF,FC,0A,0A,FC,0A,0035,7,4,-1,-4,10,10,-4,10,53,127,8,16,10,100
6555,01,09,00,06,06,08,04,0A,001B,1,9,0,6,6,8,4,10,27,165,8,16,10,100
6556,08,FB,02,06,00,FF,08,F8,FFD7,8,-5,2,6,0,-1,8,-8,-41,-68,8,16,10,100
6557,04,FA,06,06,FA,FC,07,07,FFEE,4,-6,6,6,-6,-4,7,7,-18,66,8,16,10,100
6558,09,04,00,03,F7,F6,FD,F7,0006,9,4,0,3,-9,-10,-3,-9,6,-142,8,16,10,100
6559,FD,FB,FB,04,F9,09,F6,F6,002E,-3,-5,-5,4,-7,9,-10,-10,46,32,8,16,10,100
6560,FD,FC,03,07,FA,08,09,F6,002D,-3,-4,3,7,-6,8,9,-10,45,-12,8,16,10,100
6561,01,FB,FE,05,F8,00,03,F7,FFB5,1,-5,-2,5,-8,0,3,-9,-75,-134,8,16,10,100
6562,03,07,09,FA,FE,FA,05,05,FFA0,3,7,9,-6,-2,-6,5,5,-96,-129,8,16,10,100
6563,01,FD,FB,07,F8,03,FA,06,0009,1,-3,-5,7,-8,3,-6,6,9,64,8,16,10,100
6564,04,04,0A,FF,F8,FB,FC,F8,0002,4,4,10,-1,-8,-5,-4,-8,2,-82,8,16,10,100
6565,F8,09,02,06,02,FC,F8,09,FFE2,-8,9,2,6,2,-4,-8,9,-30,-44,8,16,10,100
6566,F8,04,07,00,0A,01,F7,04,001A,-8,4,7,0,10,1,-9,4,26,-113,8,16,10,100
6567,F6,09,F7,FB,FB,F8,0A,03,FFD3,-10,9,-9,-5,-5,-8,10,3,-45,-172,8,16,10,100
6568,F9,F6,FD,08,FB,F6,FF,03,FFC0,-7,-10,-3,8,-5,-10,-1,3,-64,98,8,16,10,100
6569,03,00,FD,FA,F9,02,03,03,FFE7,3,0,-3,-6,-7,2,3,3,-25,-73,8,16,10,100
6570,FD,03,03,04,F7,FC,08,03,0007,-3,3,3,4,-9,-4,8,3,7,58,8,16,10,100
6571,F6,00,00,FF,01,FE,07,FF,FFBA,-10,0,0,-1,1,-2,7,-1,-70,-79,8,16,10,100
6572,F7,FD,00,FF,06,08,FB,F8,FFF4,-9,-3,0,-1,6,8,-5,-8,-12,-82,8,16,10,100
6573,02,06,05,F8,FA,FF,02,03,005E,2,6,5,-8,-6,-1,2,3,94,62,8,16,10,100
6574,07,FB,F6,07,04,00,FC,FF,FFBE,7,-5,-10,7,4,0,-4,-1,-66,-5,8,16,10,100
6575,06,F7,0A,05,0A,FE,FE,FA,0029,6,-9,10,5,10,-2,-2,-6,41,69,8,16,10,100
6576,03,09,02,04,08,06,F8,FD,0045,3,9,2,4,8,6,-8,-3,69,119,8,16,10,100
6577,04,F9,00,02,F7,04,09,05,002B,4,-7,0,2,-9,4,9,5,43,-11,8,16,10,100
6578,F9,FA,06,08,FD,F8,04,FD,0047,-7,-6,6,8,-3,-8,4,-3,71,140,8,16,10,100
6579,00,F8,FF,FB,06,04,FA,FE,0027,0,-8,-1,-5,6,4,-6,-2,39,23,8,16,10,100
6580,FE,F8,07,FB,FA,05,FC,04,004B,-2,-8,7,-5,-6,5,-4,4,75,-1,8,16,10,100
6581,F8,08,03,03,06,06,09,0A,FFB4,-8,8,3,3,6,6,9,10,-76,-19,8,16,10,100
6582,FB,07,F8,04,F6,05,09,02,002A,-5,7,-8,4,-10,5,9,2,42,63,8,16,10,100
6583,F9,FC,07,FF,04,08,00,01,001E,-7,-4,7,-1,4,8,0,1,30,-31,8,16,10,100
6584,FD,FF,FC,FD,08,06,06,FF,0022,-3,-1,-4,-3,8,6,6,-1,34,-17,8,16,10,100
6585,F6,08,07,F9,FA,08,F8,FB,000E,-10,8,7,-7,-6,8,-8,-5,14,117,8,16,10,100
6586,05,F9,08,0A,FA,F7,F8,03,FFB2,5,-7,8,10,-6,-9,-8,3,-78,-79,8,16,10,100
6587,F7,0A,05,06,F6,F9,01,FA,FFB8,-9,10,5,6,-10,-7,1,-6,-72,-83,8,16,10,100
6588,FF,03,FE,FD,FB,03,F7,04,0053,-1,3,-2,-3,-5,3,-9,4,83,103,8,16,10,100
6589,09,FA,FA,04,FF,09,F8,04,0014,9,-6,-6,4,-1,9,-8,4,20,21,8,16,10,100
6590,09,FE,00,09,02,FA,FD,FD,004F,9,-2,0,9,2,-6,-3,-3,79,82,8,16,10,100
6591,FE,FA,07,F7,08,F7,04,04,FFAC,-2,-6,7,-9,8,-9,4,4,-84,-54,8,16,10,100
6592,FB,F6,FC,08,00,05,FC,07,0030,-5,-10,-4,8,0,5,-4,7,48,70,8,16,10,100
6593,FE,01,08,09,FB,09,01,06,FFEA,-2,1,8,9,-5,9,1,6,-22,59,8,16,10,100
6594,FA,F8,09,FB,04,06,FA,FF,FFBD,-6,-8,9,-5,4,6,-6,-1,-67,-188,8,16,10,100
6595,FF,F8,03,02,07,06,FE,03,0033,-1,-8,3,2,7,6,-2,3,51,-4,8,16,10,100
6596,FE,05,F6,FC,02,FF,F8,0A,002F,-2,5,-10,-4,2,-1,-8,10,47,78,8,16,10,100
6597,07,F7,F8,05,0A,F9,F8,05,0060,7,-9,-8,5,10,-7,-8,5,96,318,8,16,10,100
6598,F7,03,F9,05,02,09,FB,01,0027,-9,3,-7,5,2,9,-5,1,39,88,8,16,10,100
6599,F8,04,FB,05,F8,09,FC,03,0001,-8,4,-5,5,-8,9,-4,3,1,136,8,16,10,100
6600,03,F6,05,07,09,06,F9,00,FFA3,3,-10,5,7,9,6,-7,0,-93,-161,8,16,10,100
6601,FB,06,F8,05,05,F9,05,FA,0057,-5,6,-8,5,5,-7,5,-6,87,-50,8,16,10,100
6602,00,04,F7,08,FB,04,06,FA,0031,0,4,-9,8,-5,4,6,-6,49,-37,8,16,10,100
6603,02,F7,04,0A,F9,09,06,F9,FFE4,2,-9,4,10,-7,9,6,-7,-28,-169,8,16,10,100
6604,06,07,06,FB,02,07,F6,09,005C,6,7,6,-5,2,7,-10,9,92,48,8,16,10,100
6605,F8,0A,FE,FA,07,01,02,01,0007,-8,10,-2,-6,7,1,2,1,7,-49,8,16,10,100
6606,07,05,F7,FC,F6,09,06,0A,FFA4,7,5,-9,-4,-10,9,6,10,-92,-211,8,16,10,100
6607,00,FF,F7,08,FB,02,FD,FC,0026,0,-1,-9,8,-5,2,-3,-4,38,31,8,16,10,100
6608,FB,FB,04,07,03,F7,08,F6,FFED,-5,-5,4,7,3,-9,8,-10,-19,-27,8,16,10,100
6609,02,06,00,05,02,FE,FE,F7,FFB0,2,6,0,5,2,-2,-2,-9,-80,-133,8,16,10,100
6610,F7,F7,FF,FD,FE,05,0A,FD,002C,-9,-9,-1,-3,-2,5,10,-3,44,16,8,16,10,100
6611,00,FC,FF,FE,07,FF,F7,00,0018,0,-4,-1,-2,7,-1,-9,0,24,37,8,16,10,100
6612,FB,05,FB,FA,00,03,FC,FC,0035,-5,5,-5,-6,0,3,-4,-4,53,112,8,16,10,100
6613,F6,F9,07,08,06,F7,F7,01,FFAE,-10,-7,7,8,6,-9,-9,1,-82,-134,8,16,10,100
6614,F6,04,07,FE,FF,09,F6,F8,0043,-10,4,7,-2,-1,9,-10,-8,67,59,8,16,10,100
6615,0A,09,09,0A,09,06,F7,01,000A,10,9,9,10,9,6,-9,1,10,83,8,16,10,100
6616,0A,FE,09,FD,F7,FF,08,FF,FFE6,10,-2,9,-3,-9,-1,8,-1,-26,-39,8,16,10,100
6617,00,FD,F6,04,F8,09,FC,08,0060,0,-3,-10,4,-8,9,-4,8,96,141,8,16,10,100
6618,FD,03,FD,01,FF,F8,FA,FF,FFCE,-3,3,-3,1,-1,-8,-6,-1,-50,-54,8,16,10,100
6619,02,FE,01,06,FD,04,08,FD,FFA8,2,-2,1,6,-3,4,8,-3,-88,-112,8,16,10,100
6620,0A,FA,FB,03,FC,FD,06,02,0046,10,-6,-5,3,-4,-3,6,2,70,24,8,16,10,100
6621,0A,FC,07,FB,0A,FE,FB,F7,FFFA,10,-4,7,-5,10,-2,-5,-9,-6,112,8,16,10,100
6622,04,08,07,F9,00,FF,0A,FB,FFA0,4,8,7,-7,0,-1,10,-5,-96,1,8,16,10,100
6623,00,00,FE,07,05,04,FE,FC,0045,0,0,-2,7,5,4,-2,-4,69,45,8,16,10,100
6624,06,F8,02,09,F6,F7,08,02,005E,6,-8,2,9,-10,-9,8,2,94,140,8,16,10,100
6625,FA,F8,00,F7,FB,F8,FD,F8,FFE8,-6,-8,0,-9,-5,-8,-3,-8,-24,142,8,16,10,100
6626,06,04,03,03,FA,F7,FA,07,FFC4,6,4,3,3,-6,-9,-6,7,-60,-129,8,16,10,100
6627,FE,00,0A,05,03,F6,04,0A,FFF6,-2,0,10,5,3,-10,4,10,-10,74,8,16,10,100
6628,FB,F9,0A,FB,FF,FA,F7,07,0006,-5,-7,10,-5,-1,-6,-9,7,6,-72,8,16,10,100
6629,08,08,06,0A,F7,FE,FE,01,FFF2,8,8,6,10,-9,-2,-2,1,-14,-104,8,16,10,100
6630,0A,FD,0A,00,07,06,F9,02,FFA3,10,-3,10,0,7,6,-7,2,-93,-111,8,16,10,100
6631,F6,03,07,00,02,05,FC,00,000C,-10,3,7,0,2,5,-4,0,12,-21,8,16,10,100
6632,F9,FC,03,FE,FF,09,0A,09,0031,-7,-4,3,-2,-1,9,10,9,49,32,8,16,10,100
6633,07,04,01,08,F7,02,F9,09,FFA5,7,4,1,8,-9,2,-7,9,-91,-81,8,16,10,100
6634,FE,FB,FC,FE,F6,FF,04,FF,005D,-2,-5,-4,-2,-10,-1,4,-1,93,104,8,16,10,100
6635,03,FC,FD,02,05,FE,FB,FC,FFFD,3,-4,-3,2,5,-2,-5,-4,-3,27,8,16,10,100
6636,09,FD,FD,00,F6,08,FB,FE,FFA9,9,-3,-3,0,-10,8,-5,-2,-87,-186,8,16,10,100
6637,00,04,FF,09,FB,FA,05,00,004C,0,4,-1,9,-5,-6,5,0,76,47,8,16,10,100
6638,FD,05,F9,F8,02,04,FB,01,FFDE,-3,5,-7,-8,2,4,-5,1,-34,7,8,16,10,100
6639,FB,FC,03,F7,08,05,00,03,002C,-5,-4,3,-9,8,5,0,3,44,-43,8,16,10,100
6640,07,08,FC,F8,04,09,FA,F7,004B,7,8,-4,-8,4,9,-6,-9,75,271,8,16,10,100
6641,FC,08,03,FC,FA,07,04,F9,FFF3,-4,8,3,-4,-6,7,4,-7,-13,107,8,16,10,100
6642,F6,FD,F9,09,00,06,00,FB,0005,-10,-3,-7,9,0,6,0,-5,5,-58,8,16,10,100
6643,01,F7,03,02,F7,FF,F6,01,FFC0,1,-9,3,2,-9,-1,-10,1,-64,-92,8,16,10,100
6644,F8,FF,03,02,F9,F8,05,FB,FFD6,-8,-1,3,2,-7,-8,5,-5,-42,27,8,16,10,100
6645,09,09,FE,FB,FD,F6,05,FB,0046,9,9,-2,-5,-3,-10,5,-5,70,-32,8,16,10,100
6646,FA,F7,01,F6,07,FD,F6,04,FFEB,-6,-9,1,-10,7,-3,-10,4,-21,-86,8,16,10,100
6647,00,05,FD,03,03,04,FA,FF,FFD4,0,5,-3,3,3,4,-6,-1,-44,-9,8,16,10,100
6648,FB,02,FE,FE,06,FD,FE,08,FFCE,-5,2,-2,-2,6,-3,-2,8,-50,-98,8,16,10,100
6649,FE,08,08,00,06,FC,FF,FC,0023,-2,8,8,0,6,-4,-1,-4,35,-17,8,16,10,100
6650,06,02,F9,F9,07,FD,04,FA,FFA0,6,2,-7,-7,7,-3,4,-6,-96,-46,8,16,10,100
6651,FE,F8,F8,FB,F7,FB,02,FE,FFD2,-2,-8,-8,-5,-9,-5,2,-2,-46,6,8,16,10,100
6652,F7,07,FA,02,07,0A,F8,F9,FFE5,-9,7,-6,2,7,10,-8,-7,-27,14,8,16,10,100
6653,F6,FF,FA,09,FF,01,07,07,FFC0,-10,-1,-6,9,-1,1,7,7,-64,-34,8,16,10,100
6654,F7,FF,FD,03,FB,07,03,07,FFE9,-9,-1,-3,3,-5,7,3,7,-23,27,8,16,10,100
6655,FC,02,F9,02,FB,FA,FF,0A,FFBD,-4,2,-7,2,-5,-6,-1,10,-67,-32,8,16,10,100
6656,F8,FD,04,07,04,FD,06,07,003F,-8,-3,4,7,4,-3,6,7,63,113,8,16,10,100
6657,09,06,FC,FF,FC,FC,07,F8,FFA1,9,6,-4,-1,-4,-4,7,-8,-95,-175,8,16,10,100
6658,F7,02,F6,03,09,03,FD,03,FFD6,-9,2,-10,3,9,3,-3,3,-42,-78,8,16,10,100
6659,02,FC,01,FC,F7,FA,F6,00,FFB9,2,-4,1,-4,-9,-6,-10,0,-71,-75,8,16,10,100
6660,FE,08,FE,F7,04,F7,07,04,FFCB,-2,8,-2,-9,4,-9,7,4,-53,-183,8,16,10,100
6661,F7,FB,00,FF,08,F9,FF,00,000B,-9,-5,0,-1,8,-7,-1,0,11,-26,8,16,10,100
6662,03,05,09,09,F9,04,07,00,005F,3,5,9,9,-7,4,7,0,95,157,8,16,10,100
6663,05,F6,09,07,03,F8,02,FD,000C,5,-10,9,7,3,-8,2,-3,12,104,8,16,10,100
6664,FB,FA,FD,F6,FF,04,09,09,FFF2,-5,-6,-3,-10,-1,4,9,9,-14,-150,8,16,10,100
6665,04,04,05,FA,FA,F8,02,02,FFEB,4,4,5,-6,-6,-8,2,2,-21,-79,8,16,10,100
6666,FA,00,FA,FC,06,F6,07,07,FFB7,-6,0,-6,-4,6,-10,7,7,-73,-179,8,16,10,100
6667,00,F7,F6,04,08,01,FE,FD,FFFC,0,-9,-10,4,8,1,-2,-3,-4,-5,8,16,10,100
6668,F9,F7,FF,05,06,FE,02,0A,0028,-7,-9,-1,5,6,-2,2,10,40,64,8,16,10,100
6669,FE,F6,09,00,06,F9,08,FC,FFF2,-2,-10,9,0,6,-7,8,-4,-14,116,8,16,10,100
6670,F7,02,07,F7,08,03,F9,07,0012,-9,2,7,-9,8,3,-7,7,18,-160,8,16,10,100
6671,07,03,03,F6,02,FF,00,01,FFB5,7,3,3,-10,2,-1,0,1,-75,-74,8,16,10,100
6672,FF,FC,00,06,F6,05,F8,05,0011,-1,-4,0,6,-10,5,-8,5,17,37,8,16,10,100
6673,F6,05,FA,FA,FE,FF,F9,FA,0015,-10,5,-6,-6,-2,-1,-7,-6,21,114,8,16,10,100
6674,FA,02,09,FB,FE,08,07,0A,FFB3,-6,2,9,-5,-2,8,7,10,-77,-36,8,16,10,100
6675,01,02,F7,08,F7,09,FC,04,0023,1,2,-9,8,-9,9,-4,4,35,112,8,16,10,100
6676,0A,04,0A,F9,07,FE,F7,00,0055,10,4,10,-7,7,-2,-9,0,85,57,8,16,10,100
6677,FF,FA,FA,09,F7,F7,04,07,0038,-1,-6,-6,9,-9,-9,4,7,56,158,8,16,10,100
6678,FD,0A,01,08,04,04,FD,0A,0052,-3,10,1,8,4,4,-3,10,82,187,8,16,10,100
6679,FF,07,08,F6,F8,08,09,0A,FFEA,-1,7,8,-10,-8,8,9,10,-22,14,8,16,10,100
6680,0A,04,01,F6,FF,F7,FA,07,FFE2,10,4,1,-10,-1,-9,-6,7,-30,-152,8,16,10,100
6681,F7,FD,0A,F9,F7,F9,03,05,FFDD,-9,-3,10,-7,-9,-7,3,5,-35,62,8,16,10,100
6682,07,FD,06,00,04,03,FB,FF,0062,7,-3,6,0,4,3,-5,-1,98,87,8,16,10,100
6683,08,FB,04,F6,F8,00,F9,FB,FFF9,8,-5,4,-10,-8,0,-7,-5,-7,-49,8,16,10,100
6684,F8,05,02,F7,FA,00,F6,F8,0054,-8,5,2,-9,-6,0,-10,-8,84,184,8,16,10,100
6685,F6,FF,08,01,FC,FF,00,01,FFD6,-10,-1,8,1,-4,-1,0,1,-42,0,8,16,10,100
6686,FC,FE,02,07,FB,FE,01,08,0012,-4,-2,2,7,-5,-2,1,8,18,100,8,16,10,100
6687,FA,F7,03,F6,F9,06,FE,F9,004E,-6,-9,3,-10,-7,6,-2,-7,78,130,8,16,10,100
6688,FE,00,07,00,07,03,09,06,005B,-2,0,7,0,7,3,9,6,91,140,8,16,10,100
6689,F8,0A,00,F9,F7,07,09,07,0010,-8,10,0,-7,-9,7,9,7,16,109,8,16,10,100
6690,F8,04,FB,08,F6,08,F9,04,FFD1,-8,4,-5,8,-10,8,-7,4,-47,132,8,16,10,100
6691,F7,02,01,FA,FE,F6,03,FF,005F,-9,2,1,-6,-2,-10,3,-1,95,102,8,16,10,100
6692,F9,F6,F6,05,FC,FA,F8,04,FFB9,-7,-10,-10,5,-4,-6,-8,4,-71,117,8,16,10,100
6693,09,08,08,FC,FD,05,03,FE,005F,9,8,8,-4,-3,5,3,-2,95,140,8,16,10,100
6694,FF,FB,0A,F9,FD,02,FB,05,0026,-1,-5,10,-7,-3,2,-5,5,38,-54,8,16,10,100
6695,F6,F6,F8,06,0A,0A,FA,07,FFB2,-10,-10,-8,6,10,10,-6,7,-78,-188,8,16,10,100
6696,09,F8,FC,F9,F8,FA,03,F9,FFF9,9,-8,-4,-7,-8,-6,3,-7,-7,6,8,16,10,100
6697,F8,F7,FD,04,F7,01,FF,F7,FFC5,-8,-9,-3,4,-9,1,-1,-9,-59,-29,8,16,10,100
6698,FE,FF,F9,04,FB,05,0A,FD,003B,-2,-1,-7,4,-5,5,10,-3,59,-18,8,16,10,100
6699,FE,06,02,FB,FC,04,00,FC,0012,-2,6,2,-5,-4,4,0,-4,18,70,8,16,10,100
6700,01,FE,F6,04,F7,00,0A,08,0030,1,-2,-10,4,-9,0,10,8,48,-29,8,16,10,100
6701,F9,FF,02,FE,F8,FD,F7,08,FFC2,-7,-1,2,-2,-8,-3,-9,8,-62,-37,8,16,10,100
6702,0A,FA,01,F9,F8,04,FC,FA,FFD7,10,-6,1,-7,-8,4,-4,-6,-41,-107,8,16,10,100
6703,09,08,FD,08,04,F6,05,04,003D,9,8,-3,8,4,-10,5,4,61,34,8,16,10,100
6704,FC,04,FE,FF,FC,F7,F6,FA,FFB3,-4,4,-2,-1,-4,-9,-10,-6,-77,-71,8,16,10,100
6705,01,F9,04,FB,F6,FB,F6,0A,FFC9,1,-7,4,-5,-10,-5,-10,10,-55,-120,8,16,10,100
6706,FE,FF,09,02,08,07,01,F7,0045,-2,-1,9,2,8,7,1,-9,69,37,8,16,10,100
6707,F8,06,09,03,F8,FB,F9,09,FFE8,-8,6,9,3,-8,-5,-7,9,-24,-26,8,16,10,100
6708,01,03,F8,F8,F7,06,FE,FA,0036,1,3,-8,-8,-9,6,-2,-6,54,127,8,16,10,100
6709,02,FF,01,F8,FF,02,FC,0A,FFC4,2,-1,1,-8,-1,2,-4,10,-60,-148,8,16,10,100
6710,FD,06,FE,FA,F9,03,FE,04,0002,-3,6,-2,-6,-7,3,-2,4,2,21,8,16,10,100
6711,09,04,FD,07,07,08,F6,01,002C,9,4,-3,7,7,8,-10,1,44,176,8,16,10,100
6712,FE,FD,FF,06,F9,03,FF,03,002B,-2,-3,-1,6,-7,3,-1,3,43,67,8,16,10,100
6713,FF,05,F9,09,03,F9,0A,01,FFA7,-1,5,-7,9,3,-7,10,1,-89,-188,8,16,10,100
6714,08,00,FD,0A,F6,F7,03,FC,FFE2,8,0,-3,10,-10,-9,3,-4,-30,-159,8,16,10,100
6715,FD,F7,FA,03,01,06,03,09,003D,-3,-9,-6,3,1,6,3,9,61,13,8,16,10,100
6716,06,07,F9,09,06,F9,FB,04,0007,6,7,-7,9,6,-7,-5,4,7,65,8,16,10,100
6717,FB,FB,F7,FE,FF,02,03,08,0026,-5,-5,-9,-2,-1,2,3,8,38,-10,8,16,10,100
6718,04,09,00,08,F6,08,F8,FF,005F,4,9,0,8,-10,8,-8,-1,95,119,8,16,10,100
6719,0A,09,03,FB,06,07,FF,09,FFE8,10,9,3,-5,6,7,-1,9,-24,51,8,16,10,100
6720,F8,F8,FB,06,F7,FD,F6,02,0046,-8,-8,-5,6,-9,-3,-10,2,70,228,8,16,10,100
6721,F9,FD,00,01,06,FC,04,08,002F,-7,-3,0,1,6,-4,4,8,47,25,8,16,10,100
6722,03,08,F6,06,FE,09,FA,07,0033,3,8,-10,6,-2,9,-6,7,51,219,8,16,10,100
6723,07,F7,03,07,06,FD,04,00,0020,7,-9,3,7,6,-3,4,0,32,113,8,16,10,100
6724,F7,08,F9,FA,0A,F8,06,05,FFD7,-9,8,-7,-6,10,-8,6,5,-41,-267,8,16,10,100
6725,04,FD,01,05,FE,07,09,09,FFF9,4,-3,1,5,-2,7,9,9,-7,18,8,16,10,100
6726,FB,04,07,08,06,FB,FF,FF,FFDA,-5,4,7,8,6,-5,-1,-1,-38,-103,8,16,10,100
6727,01,FB,01,04,F6,05,01,0A,FFCE,1,-5,1,4,-10,5,1,10,-50,-44,8,16,10,100
6728,F9,02,FC,FC,FD,02,03,FF,0016,-7,2,-4,-4,-3,2,3,-1,22,39,8,16,10,100
6729,00,04,FB,FB,F6,04,06,F9,FFB1,0,4,-5,-5,-10,4,6,-7,-79,-58,8,16,10,100
6730,01,F7,05,03,05,FD,FF,02,FFF0,1,-9,5,3,5,-3,-1,2,-16,17,8,16,10,100
6731,F6,05,00,09,04,00,08,01,FF9F,-10,5,0,9,4,0,8,1,-97,-128,8,16,10,100
6732,01,04,06,FE,00,FA,05,07,FFDE,1,4,6,-2,0,-6,5,7,-34,-42,8,16,10,100
6733,FC,FC,01,07,0A,0A,07,06,004A,-4,-4,1,7,10,10,7,6,74,43,8,16,10,100
6734,F6,07,0A,FF,00,08,FA,05,0064,-10,7,10,-1,0,8,-6,5,100,91,8,16,10,100
6735,03,FA,FF,FF,01,FC,03,FC,0026,3,-6,-1,-1,1,-4,3,-4,38,66,8,16,10,100
6736,FE,09,FF,01,F9,FC,FD,08,002D,-2,9,-1,1,-7,-4,-3,8,45,34,8,16,10,100
6737,00,FE,F9,F9,FD,FA,FC,08,FFB2,0,-2,-7,-7,-3,-6,-4,8,-78,-94,8,16,10,100
6738,01,04,04,07,F8,FC,FE,F8,004F,1,4,4,7,-8,-4,-2,-8,79,-9,8,16,10,100
6739,FF,07,07,03,01,01,F9,FC,000A,-1,7,7,3,1,1,-7,-4,10,-45,8,16,10,100
6740,07,04,F7,01,01,06,FF,F9,FFFA,7,4,-9,1,1,6,-1,-7,-6,27,8,16,10,100
6741,FB,03,03,FE,05,07,03,05,FFB9,-5,3,3,-2,5,7,3,5,-71,-76,8,16,10,100
6742,FB,09,06,04,F7,FD,00,FE,0059,-5,9,6,4,-9,-3,0,-2,89,99,8,16,10,100
6743,FA,01,F9,00,FF,06,03,00,004A,-6,1,-7,0,-1,6,3,0,74,65,8,16,10,100
6744,F7,FF,FF,0A,FC,FE,06,FF,FFB4,-9,-1,-1,10,-4,-2,6,-1,-76,-54,8,16,10,100
6745,04,01,09,03,FA,08,01,05,FF9F,4,1,9,3,-6,8,1,5,-97,-89,8,16,10,100
6746,07,FE,FF,FD,02,FB,08,04,FFC5,7,-2,-1,-3,2,-5,8,4,-59,-55,8,16,10,100
6747,06,FF,09,F9,FD,FC,08,09,FFF6,6,-1,9,-7,-3,-4,8,9,-10,-15,8,16,10,100
6748,07,01,FD,FD,FC,FA,FE,FE,002C,7,1,-3,-3,-4,-6,-2,-2,44,22,8,16,10,100
6749,0A,08,FB,04,FB,FC,07,02,FFFF,10,8,-5,4,-5,-4,7,2,-1,-110,8,16,10,100
6750,05,FD,04,0A,09,02,F8,02,FFF4,5,-3,4,10,9,2,-8,2,-12,15,8,16,10,100
6751,08,04,F9,06,F9,F8,04,FD,0057,8,4,-7,6,-7,-8,4,-3,87,-47,8,16,10,100
6752,FA,F9,09,FB,F8,F7,F7,FD,FFBE,-6,-7,9,-5,-8,-9,-9,-3,-66,-21,8,16,10,100
6753,F6,F8,FF,04,02,00,FE,FF,004B,-10,-8,-1,4,2,0,-2,-1,75,53,8,16,10,100
6754,00,FE,F7,09,FA,03,02,01,FFFD,0,-2,-9,9,-6,3,2,1,-3,-18,8,16,10,100
6755,05,0A,F8,FE,F9,F9,07,F6,005F,5,10,-8,-2,-7,-7,7,-10,95,-46,8,16,10,100
6756,05,F7,F8,F7,F9,F7,FF,F8,FFB3,5,-9,-8,-9,-7,-9,-1,-8,-77,49,8,16,10,100
6757,FB,03,04,08,02,FA,07,09,0018,-5,3,4,8,2,-6,7,9,24,96,8,16,10,100
6758,FD,FF,04,FC,F6,00,F7,FF,FFB7,-3,-1,4,-4,-10,0,-9,-1,-73,-75,8,16,10,100
6759,06,F8,00,01,04,0A,F8,FA,0059,6,-8,0,1,4,10,-8,-6,89,27,8,16,10,100
6760,07,08,06,FD,0A,07,06,07,FFCE,7,8,6,-3,10,7,6,7,-50,91,8,16,10,100
6761,08,0A,F8,F8,03,FA,F7,FF,FFF1,8,10,-8,-8,3,-6,-9,-1,-15,29,8,16,10,100
6762,FE,FF,FE,00,07,09,FF,FA,FFEC,-2,-1,-2,0,7,9,-1,-6,-20,-41,8,16,10,100
6763,03,00,FA,FB,F8,06,04,FD,005F,3,0,-6,-5,-8,6,4,-3,95,62,8,16,10,100
6764,FC,08,06,FC,06,F7,08,00,004B,-4,8,6,-4,6,-9,8,0,75,27,8,16,10,100
6765,09,FD,F7,01,01,05,04,FE,FFBA,9,-3,-9,1,1,5,4,-2,-70,-114,8,16,10,100
6766,02,0A,00,0A,FA,08,04,F7,0057,2,10,0,10,-6,8,4,-9,87,65,8,16,10,100
6767,FC,06,F7,08,F6,F7,06,01,0006,-4,6,-9,8,-10,-9,6,1,6,-54,8,16,10,100
6768,07,02,02,06,02,03,FA,F8,FFB7,7,2,2,6,2,3,-6,-8,-73,-113,8,16,10,100
6769,03,F7,08,05,F6,04,02,FB,FFE2,3,-9,8,5,-10,4,2,-5,-30,-105,8,16,10,100
6770,04,04,FF,07,FA,08,F6,00,FFFC,4,4,-1,7,-6,8,-10,0,-4,14,8,16,10,100
6771,08,04,F7,FF,FD,00,F8,02,0047,8,4,-9,-1,-3,0,-8,2,71,117,8,16,10,100
6772,00,09,05,00,07,04,F6,FF,FFD6,0,9,5,0,7,4,-10,-1,-42,-56,8,16,10,100
6773,FB,FF,F7,0A,07,01,07,FF,005D,-5,-1,-9,10,7,1,7,-1,93,-16,8,16,10,100
6774,05,02,FD,FF,05,FF,F7,01,FFCF,5,2,-3,-1,5,-1,-9,1,-49,0,8,16,10,100
6775,00,0A,06,F9,FF,0A,00,07,0015,0,10,6,-7,-1,10,0,7,21,72,8,16,10,100
6776,08,00,F7,03,F6,0A,FD,F8,FFAA,8,0,-9,3,-10,10,-3,-8,-86,-163,8,16,10,100
6777,03,09,02,FA,07,09,04,F9,FFF0,3,9,2,-6,7,9,4,-7,-16,136,8,16,10,100
6778,09,FC,08,FE,FF,06,F9,F6,FFFC,9,-4,8,-2,-1,6,-7,-10,-4,-73,8,16,10,100
6779,F7,03,06,02,F6,FD,05,02,FFE4,-9,3,6,2,-10,-3,5,2,-28,87,8,16,10,100
6780,F9,01,FC,FA,FC,F7,FD,06,FFB4,-7,1,-4,-6,-4,-9,-3,6,-76,-81,8,16,10,100
6781,05,F9,F8,02,F7,03,0A,0A,0003,5,-7,-8,2,-9,3,10,10,3,-123,8,16,10,100
6782,07,06,FA,08,FA,02,FD,FA,FFCE,7,6,-6,8,-6,2,-3,-6,-50,-110,8,16,10,100
6783,00,09,03,03,F7,0A,08,FF,FFAC,0,9,3,3,-9,10,8,-1,-84,27,8,16,10,100
6784,F9,FD,00,FC,FE,07,FB,F9,FFB8,-7,-3,0,-4,-2,7,-5,-7,-72,-51,8,16,10,100
6785,FC,04,06,03,06,01,02,FB,0040,-4,4,6,3,6,1,2,-5,64,41,8,16,10,100
6786,01,F9,FF,00,F6,09,0A,04,0015,1,-7,-1,0,-10,9,10,4,21,-62,8,16,10,100
6787,FB,07,FA,FA,01,00,07,07,0023,-5,7,-6,-6,1,0,7,7,35,-54,8,16,10,100
6788,05,02,FF,FE,F8,F7,FF,02,FFE9,5,2,-1,-2,-8,-9,-1,2,-23,-84,8,16,10,100
6789,FB,FF,00,F8,09,FC,F7,09,FFC7,-5,-1,0,-8,9,-4,-9,9,-57,-170,8,16,10,100
6790,03,FA,02,F6,00,04,0A,F6,FFE8,3,-6,2,-10,0,4,10,-10,-24,72,8,16,10,100
6791,05,08,09,07,04,FB,0A,08,FFD3,5,8,9,7,4,-5,10,8,-45,81,8,16,10,100
6792,F8,06,F9,04,F8,F9,04,FB,0042,-8,6,-7,4,-8,-7,4,-5,66,40,8,16,10,100
6793,F6,07,0A,F9,00,F8,FD,F9,005A,-10,7,10,-7,0,-8,-3,-7,90,53,8,16,10,100
6794,F9,09,F9,03,FC,FA,F8,08,000E,-7,9,-7,3,-4,-6,-8,8,14,68,8,16,10,100
6795,05,F9,FB,F7,06,FC,FC,05,FFE1,5,-7,-5,-9,6,-4,-4,5,-31,2,8,16,10,100
6796,F8,FD,FD,01,F7,FE,FF,02,0012,-8,-3,-3,1,-9,-2,-1,2,18,101,8,16,10,100
6797,09,03,01,01,FD,08,F7,FA,004C,9,3,1,1,-3,8,-9,-6,76,58,8,16,10,100
6798,FD,08,0A,00,00,08,02,04,001A,-3,8,10,0,0,8,2,4,26,110,8,16,10,100
6799,F9,09,FB,05,08,FF,04,F6,0022,-7,9,-5,5,8,-1,4,-10,34,-101,8,16,10,100
6800,02,F9,02,FB,FE,02,FD,FC,0030,2,-7,2,-5,-2,2,-3,-4,48,44,8,16,10,100
6801,FB,FA,07,08,06,F7,FF,00,FFAA,-5,-6,7,8,6,-9,-1,0,-86,-69,8,16,10,100
6802,07,06,F6,FE,FA,08,F9,09,0064,7,6,-10,-2,-6,8,-7,9,100,158,8,16,10,100
6803,F9,08,FE,FE,F7,F9,F7,F9,FFE7,-7,8,-2,-2,-9,-7,-9,-7,-25,14,8,16,10,100
6804,0A,FF,FE,05,FA,02,01,02,FFF7,10,-1,-2,5,-6,2,1,2,-9,-63,8,16,10,100
6805,07,F6,F9,F8,F7,09,09,FB,FFD1,7,-10,-7,-8,-9,9,9,-5,-47,-223,8,16,10,100
6806,04,FA,08,04,09,FA,FB,FF,0044,4,-6,8,4,9,-6,-5,-1,68,96,8,16,10,100
6807,05,FB,09,07,FB,04,FB,FD,0019,5,-5,9,7,-5,4,-5,-3,25,-86,8,16,10,100
6808,F7,F8,F8,F8,04,FB,00,06,0056,-9,-8,-8,-8,4,-5,0,6,86,42,8,16,10,100
6809,06,04,FB,FD,F8,F6,F8,F9,0060,6,4,-5,-3,-8,-10,-8,-7,96,69,8,16,10,100
6810,FB,FA,09,06,08,F6,FB,FE,0000,-5,-6,9,6,8,-10,-5,-2,0,-37,8,16,10,100
6811,05,04,FD,05,F6,03,FB,F9,0064,5,4,-3,5,-10,3,-5,-7,100,42,8,16,10,100
6812,FF,FE,03,FD,05,FD,FD,07,FFA7,-1,-2,3,-3,5,-3,-3,7,-89,-118,8,16,10,100
6813,FA,0A,F9,08,F8,FD,01,FB,0058,-6,10,-7,8,-8,-3,1,-5,88,59,8,16,10,100
6814,01,FB,FE,02,FF,FC,FD,FA,FFB9,1,-5,-2,2,-1,-4,-3,-6,-71,-58,8,16,10,100
6815,07,FE,05,F9,04,04,FA,02,0036,7,-2,5,-7,4,4,-6,2,54,30,8,16,10,100
6816,08,0A,FE,FE,F8,FA,F7,06,0030,8,10,-2,-2,-8,-6,-9,6,48,-70,8,16,10,100
6817,04,06,01,FF,00,07,03,FF,FFA3,4,6,1,-1,0,7,3,-1,-93,-47,8,16,10,100
6818,FD,FE,F8,FC,0A,02,F9,03,FFEE,-3,-2,-8,-4,10,2,-7,3,-18,-8,8,16,10,100
6819,09,07,F6,F8,04,09,F9,02,000A,9,7,-10,-8,4,9,-7,2,10,163,8,16,10,100
6820,08,0A,03,01,FA,09,0A,FC,FFD2,8,10,3,1,-6,9,10,-4,-46,22,8,16,10,100
6821,F7,0A,FC,FB,05,0A,01,00,FFB1,-9,10,-4,-5,5,10,1,0,-79,-28,8,16,10,100
6822,00,05,08,FE,03,F6,08,07,0036,0,5,8,-2,3,-10,8,7,54,54,8,16,10,100
6823,FD,03,F7,07,09,0A,05,07,0042,-3,3,-9,7,9,10,5,7,66,73,8,16,10,100
6824,F6,F7,03,04,F6,06,F6,FE,0059,-10,-9,3,4,-10,6,-10,-2,89,97,8,16,10,100
6825,FA,FA,FC,F6,01,FF,FD,F8,FFEB,-6,-6,-4,-10,1,-1,-3,-8,-21,71,8,16,10,100
6826,06,FE,F8,FA,FA,FE,FB,02,FFC4,6,-2,-8,-6,-6,-2,-5,2,-60,-64,8,16,10,100
6827,02,F7,00,05,04,FC,01,09,0023,2,-9,0,5,4,-4,1,9,35,124,8,16,10,100
6828,FF,06,00,FC,FC,07,FA,00,0059,-1,6,0,-4,-4,7,-6,0,89,135,8,16,10,100
6829,F8,05,05,FF,F7,FE,02,07,0030,-8,5,5,-1,-9,-2,2,7,48,113,8,16,10,100
6830,05,F8,F9,05,00,05,03,F7,FFEC,5,-8,-7,5,0,5,3,-9,-20,-126,8,16,10,100
6831,00,FD,04,06,FD,05,07,F8,0014,0,-3,4,6,-3,5,7,-8,20,-15,8,16,10,100
6832,FC,F6,F9,FC,FE,F7,03,FB,FFC2,-4,-10,-7,-4,-2,-9,3,-5,-62,35,8,16,10,100
6833,FF,04,03,08,08,F6,F7,FA,0060,-1,4,3,8,8,-10,-9,-6,96,-27,8,16,10,100
6834,03,00,08,04,FA,01,F9,07,FFFE,3,0,8,4,-6,1,-7,7,-2,-48,8,16,10,100
6835,07,03,F9,0A,FA,FD,FD,FF,0055,7,3,-7,10,-6,-3,-3,-1,85,45,8,16,10,100
6836,FE,08,F7,00,07,08,06,FF,0026,-2,8,-9,0,7,8,6,-1,38,34,8,16,10,100
6837,FF,02,FA,09,06,F6,FB,01,000E,-1,2,-6,9,6,-10,-5,1,14,27,8,16,10,100
6838,02,01,05,01,00,FA,FB,0A,001F,2,1,5,1,0,-6,-5,10,31,10,8,16,10,100
6839,F6,0A,FA,F9,02,06,F7,05,0009,-10,10,-6,-7,2,6,-9,5,9,68,8,16,10,100
6840,01,0A,01,F9,08,FB,F7,F7,FFEE,1,10,1,-7,8,-5,-9,-9,-18,-6,8,16,10,100
6841,F8,03,FC,04,FD,00,FB,00,FFD9,-8,3,-4,4,-3,0,-5,0,-39,5,8,16,10,100
6842,FF,04,F9,FF,03,FD,F9,F8,FF9D,-1,4,-7,-1,3,-3,-7,-8,-99,-57,8,16,10,100
6843,0A,00,FC,F9,F8,FA,05,F7,FFE3,10,0,-4,-7,-8,-6,5,-9,-29,-66,8,16,10,100
6844,03,F9,00,05,02,09,09,F8,001A,3,-7,0,5,2,9,9,-8,26,-71,8,16,10,100
6845,06,FB,02,F9,00,09,F7,02,000B,6,-5,2,-7,0,9,-9,2,11,-66,8,16,10,100
6846,FC,FC,F9,FC,F7,FA,03,02,005D,-4,-4,-7,-4,-9,-6,3,2,93,124,8,16,10,100
6847,07,F8,02,F6,FE,00,06,FA,0033,7,-8,2,-10,-2,0,6,-6,51,109,8,16,10,100
6848,F7,F9,F7,02,FB,0A,02,FC,0059,-9,-7,-9,2,-5,10,2,-4,89,38,8,16,10,100
6849,F7,FC,04,02,06,FA,05,F8,0061,-9,-4,4,2,6,-6,5,-8,97,71,8,16,10,100
6850,00,02,F8,FD,FE,FC,00,06,001A,0,2,-8,-3,-2,-4,0,6,26,0,8,16,10,100
6851,03,FE,00,03,FB,FC,06,FD,FFC4,3,-2,0,3,-5,-4,6,-3,-60,-76,8,16,10,100
6852,00,01,FA,F9,FE,07,08,09,003E,0,1,-6,-7,-2,7,8,9,62,-42,8,16,10,100
6853,03,08,0A,FF,FF,09,08,02,005E,3,8,10,-1,-1,9,8,2,94,241,8,16,10,100
6854,0A,FA,07,00,0A,FA,FA,FD,0037,10,-6,7,0,10,-6,-6,-3,55,149,8,16,10,100
6855,FB,F8,03,FC,F6,01,FF,FC,0017,-5,-8,3,-4,-10,1,-1,-4,23,78,8,16,10,100
6856,0A,F7,F6,FB,08,08,00,00,0059,10,-9,-10,-5,8,8,0,0,89,97,8,16,10,100
6857,01,06,05,FE,09,05,03,01,0049,1,6,5,-2,9,5,3,1,73,125,8,16,10,100
6858,0A,04,FB,07,01,02,F8,0A,FFD9,10,4,-5,7,1,2,-8,10,-39,89,8,16,10,100
6859,FE,01,FF,FA,F7,0A,FC,F8,0049,-2,1,-1,-6,-9,10,-4,-8,73,153,8,16,10,100
6860,FA,04,04,01,08,F6,07,05,FFCA,-6,4,4,1,8,-10,7,5,-54,-109,8,16,10,100
6861,F8,FD,FA,F9,FC,F6,00,FF,004C,-8,-3,-6,-7,-4,-10,0,-1,76,145,8,16,10,100
6862,F8,F6,FF,FD,F9,06,0A,F8,FFCB,-8,-10,-1,-3,-7,6,10,-8,-53,-43,8,16,10,100
6863,00,06,FC,F6,0A,FF,02,07,FFD4,0,6,-4,-10,10,-1,2,7,-44,-128,8,16,10,100
6864,FD,FC,09,02,F9,F7,F9,07,FFC7,-3,-4,9,2,-7,-9,-7,7,-57,-49,8,16,10,100
6865,FE,01,F9,04,01,0A,F6,04,0044,-2,1,-7,4,1,10,-10,4,68,162,8,16,10,100
6866,07,FA,FF,FA,02,FA,F8,07,FFD6,7,-6,-1,-6,2,-6,-8,7,-42,-26,8,16,10,100
6867,02,02,F8,F7,F9,F8,06,FD,0015,2,2,-8,-9,-7,-8,6,-3,21,-30,8,16,10,100
6868,F6,00,FC,05,F6,F8,00,06,0049,-10,0,-4,5,-10,-8,0,6,73,203,8,16,10,100
6869,F8,FB,FF,03,F7,03,04,09,FFED,-8,-5,-1,3,-9,3,4,9,-19,61,8,16,10,100
6870,01,08,08,03,F8,F6,FC,08,FFCC,1,8,8,3,-8,-10,-4,8,-52,-148,8,16,10,100
6871,05,F6,FA,07,03,07,05,F9,FFEA,5,-10,-6,7,3,7,5,-7,-22,-156,8,16,10,100
6872,FA,01,FE,FE,04,0A,F9,08,0031,-6,1,-2,-2,4,10,-7,8,49,33,8,16,10,100
6873,09,09,0A,F7,08,09,01,0A,FFCF,9,9,10,-9,8,9,1,10,-49,24,8,16,10,100
6874,FA,FE,0A,FF,F9,F9,04,F9,000A,-6,-2,10,-1,-7,-7,4,-7,10,113,8,16,10,100
6875,07,FA,07,09,07,01,FB,FF,0005,7,-6,7,9,7,1,-5,-1,5,4,8,16,10,100
6876,04,FA,05,FF,FE,09,07,F7,0045,4,-6,5,-1,-2,9,7,-9,69,51,8,16,10,100
6877,07,03,09,05,F6,FA,02,F7,FFCB,7,3,9,5,-10,-6,2,-9,-53,-168,8,16,10,100
6878,FB,FF,02,0A,05,F6,03,00,FFEC,-5,-1,2,10,5,-10,3,0,-20,-29,8,16,10,100
6879,00,06,02,00,F9,09,F8,08,FFD9,0,6,2,0,-7,9,-8,8,-39,-1,8,16,10,100
6880,07,02,FA,0A,08,F6,09,FB,FFC9,7,2,-6,10,8,-10,9,-5,-55,-123,8,16,10,100
6881,06,FE,00,FD,F9,F8,FF,F8,0035,6,-2,0,-3,-7,-8,-1,-8,53,51,8,16,10,100
6882,03,00,F9,04,01,FF,0A,FA,0029,3,0,-7,4,1,-1,10,-6,41,-50,8,16,10,100
6883,00,00,07,09,0A,FA,FD,FF,FFD4,0,0,7,9,10,-6,-3,-1,-44,-74,8,16,10,100
6884,05,0A,FC,FF,03,00,F8,06,002C,5,10,-4,-1,3,0,-8,6,44,85,8,16,10,100
6885,04,FE,FD,02,F9,02,FE,FF,FFDB,4,-2,-3,2,-7,2,-2,-1,-37,-65,8,16,10,100
6886,01,FF,09,02,FC,09,FC,03,FFFC,1,-1,9,2,-4,9,-4,3,-4,-47,8,16,10,100
6887,07,09,F6,F7,FD,02,04,05,003B,7,9,-10,-9,-3,2,4,5,59,-29,8,16,10,100
6888,03,08,FA,01,FC,FB,03,F8,0009,3,8,-6,1,-4,-5,3,-8,9,-69,8,16,10,100
6889,FA,0A,08,FB,03,FC,09,F6,FFD5,-6,10,8,-5,3,-4,9,-10,-43,21,8,16,10,100
6890,03,F9,F8,F8,00,06,08,F9,0005,3,-7,-8,-8,0,6,8,-7,5,-45,8,16,10,100
6891,F7,04,07,08,02,04,07,05,0058,-9,4,7,8,2,4,7,5,88,175,8,16,10,100
6892,09,09,08,FB,03,03,F9,FA,0018,9,9,8,-5,3,3,-7,-6,24,52,8,16,10,100
6893,06,02,FA,01,08,04,FE,08,000F,6,2,-6,1,8,4,-2,8,15,91,8,16,10,100
6894,FA,F8,FD,03,05,FF,FB,01,FFC5,-6,-8,-3,3,5,-1,-5,1,-59,-63,8,16,10,100
6895,07,0A,FF,08,FB,FA,07,FD,0011,7,10,-1,8,-5,-6,7,-3,17,-109,8,16,10,100
6896,FF,05,F9,09,08,F6,FC,FC,0016,-1,5,-7,9,8,-10,-4,-4,22,-44,8,16,10,100
6897,F7,0A,F9,0A,06,09,F8,F8,FFBF,-9,10,-7,10,6,9,-8,-8,-65,-53,8,16,10,100
6898,05,F8,02,F7,FA,05,FA,FC,FFF6,5,-8,2,-9,-6,5,-6,-4,-10,-56,8,16,10,100
6899,F7,01,F8,F7,F9,06,F7,F8,0038,-9,1,-8,-9,-7,6,-9,-8,56,269,8,16,10,100
6900,08,09,08,06,FB,F8,FA,07,000D,8,9,8,6,-5,-8,-6,7,13,-105,8,16,10,100
6901,FA,FA,04,09,05,05,FA,01,FFB0,-6,-6,4,9,5,5,-6,1,-80,-155,8,16,10,100
6902,F8,FD,03,F6,03,F9,08,04,FFBD,-8,-3,3,-10,3,-7,8,4,-67,-86,8,16,10,100
6903,FB,FD,08,FF,06,0A,04,FE,FFB2,-5,-3,8,-1,6,10,4,-2,-78,-104,8,16,10,100
6904,FA,FF,03,F8,02,F6,FE,FB,FFB0,-6,-1,3,-8,2,-10,-2,-5,-80,-48,8,16,10,100
6905,FD,02,F9,01,FE,07,F6,0A,FFB4,-3,2,-7,1,-2,7,-10,10,-76,24,8,16,10,100
6906,00,09,03,01,F7,FE,FE,00,FFB1,0,9,3,1,-9,-2,-2,0,-79,-103,8,16,10,100
6907,FF,00,07,FA,FD,01,FF,FE,FFF5,-1,0,7,-6,-3,1,-1,-2,-11,-3,8,16,10,100
6908,09,FA,F6,04,FB,FE,04,08,003F,9,-6,-10,4,-5,-2,4,8,63,22,8,16,10,100
6909,FE,04,FD,0A,08,0A,FE,08,FFF1,-2,4,-3,10,8,10,-2,8,-15,95,8,16,10,100
6910,03,F9,03,F6,FC,09,03,FF,FF9C,3,-7,3,-10,-4,9,3,-1,-100,-156,8,16,10,100
6911,01,FA,FA,F7,02,05,07,FB,005F,1,-6,-6,-9,2,5,7,-5,95,70,8,16,10,100
6912,F9,0A,F8,FC,FB,05,FB,06,FFCE,-7,10,-8,-4,-5,5,-5,6,-50,51,8,16,10,100
6913,0A,FB,FE,01,08,09,F9,F7,0014,10,-5,-2,1,8,9,-7,-9,20,60,8,16,10,100
6914,06,07,FB,FF,07,FC,FF,F8,002E,6,7,-5,-1,7,-4,-1,-8,46,73,8,16,10,100
6915,00,07,05,03,04,07,F8,0A,FF9D,0,7,5,3,4,7,-8,10,-99,-60,8,16,10,100
6916,FD,FB,F9,04,FF,07,FD,08,FFF2,-3,-5,-7,4,-1,7,-3,8,-14,7,8,16,10,100
6917,F9,FA,F7,FB,0A,FA,07,01,FFCF,-7,-6,-9,-5,10,-6,7,1,-49,-151,8,16,10,100
6918,03,FA,FB,07,09,02,08,0A,0064,3,-6,-5,7,9,2,8,10,100,145,8,16,10,100
6919,01,F6,F9,04,FA,F8,F7,F7,000B,1,-10,-7,4,-6,-8,-9,-9,11,112,8,16,10,100
6920,F6,FE,08,FC,F9,04,00,F6,0057,-10,-2,8,-4,-7,4,0,-10,87,189,8,16,10,100
6921,02,04,FE,F9,F9,FB,04,02,002A,2,4,-2,-7,-7,-5,4,2,42,-14,8,16,10,100
6922,02,07,F9,03,09,FE,FC,04,0026,2,7,-7,3,9,-2,-4,4,38,82,8,16,10,100
6923,F6,F6,FC,04,FB,FB,06,0A,FFE2,-10,-10,-4,4,-5,-5,6,10,-30,86,8,16,10,100
6924,04,03,FF,FC,06,FB,04,FF,0026,4,3,-1,-4,6,-5,4,-1,38,47,8,16,10,100
6925,0A,00,00,FB,08,FB,FB,08,FFCF,10,0,0,-5,8,-5,-5,8,-49,-9,8,16,10,100
6926,F8,FC,04,06,F9,08,08,F8,0011,-8,-4,4,6,-7,8,8,-8,17,25,8,16,10,100
6927,04,09,FB,FF,F9,FA,01,FE,FFCA,4,9,-5,-1,-7,-6,1,-2,-54,-139,8,16,10,100
6928,F7,08,FF,F7,FD,06,F7,FE,005D,-9,8,-1,-9,-3,6,-9,-2,93,195,8,16,10,100
6929,FF,FF,F9,FF,F8,FB,09,0A,FFC1,-1,-1,-7,-1,-8,-5,9,10,-63,-123,8,16,10,100
6930,06,08,FA,F7,06,00,F8,05,0045,6,8,-6,-9,6,0,-8,5,69,108,8,16,10,100
6931,00,00,08,03,FD,FE,03,F9,0044,0,0,8,3,-3,-2,3,-7,68,71,8,16,10,100
6932,F8,08,FE,06,FD,FB,FA,0A,FFDE,-8,8,-2,6,-3,-5,-6,10,-34,22,8,16,10,100
6933,01,FA,07,F9,02,01,FD,06,FFB1,1,-6,7,-7,2,1,-3,6,-79,-146,8,16,10,100
6934,F9,FA,F7,0A,FA,06,07,F6,0063,-7,-6,-9,10,-6,6,7,-10,99,-58,8,16,10,100
6935,08,03,FE,07,F8,00,F7,00,FFEA,8,3,-2,7,-8,0,-9,0,-22,-68,8,16,10,100
6936,F8,FE,FB,FE,07,06,FB,F7,FF9C,-8,-2,-5,-2,7,6,-5,-9,-100,-125,8,16,10,100
6937,FB,FA,06,F7,01,07,FE,FC,0029,-5,-6,6,-9,1,7,-2,-4,41,18,8,16,10,100
6938,F7,08,FB,F6,FA,F8,01,04,FFC8,-9,8,-5,-10,-6,-8,1,4,-56,-111,8,16,10,100
6939,09,00,09,FC,FD,F9,08,02,002B,9,0,9,-4,-3,-7,8,2,43,80,8,16,10,100
6940,03,05,FC,04,06,03,0A,0A,0064,3,5,-4,4,6,3,10,10,100,133,8,16,10,100
6941,0A,FD,08,F9,F6,F9,0A,FD,0011,10,-3,8,-7,-10,-7,10,-3,17,39,8,16,10,100
6942,FA,F9,FB,07,08,FF,05,05,0061,-6,-7,-5,7,8,-1,5,5,97,66,8,16,10,100
6943,FA,FF,09,03,07,02,03,0A,0050,-6,-1,9,3,7,2,3,10,80,93,8,16,10,100
6944,08,03,00,09,F7,F7,05,03,FFE6,8,3,0,9,-9,-9,5,3,-26,-98,8,16,10,100
6945,FA,FD,09,01,FB,00,04,FC,FFA9,-6,-3,9,1,-5,0,4,-4,-87,-25,8,16,10,100
6946,04,02,F7,FC,01,06,FE,FC,0007,4,2,-9,-4,1,6,-2,-4,7,57,8,16,10,100
6947,00,FE,F7,F8,FD,FD,02,FA,002E,0,-2,-9,-8,-3,-3,2,-6,46,82,8,16,10,100
6948,F9,FC,05,00,08,F6,06,FA,0035,-7,-4,5,0,8,-10,6,-6,53,67,8,16,10,100
6949,FA,FB,FD,05,02,F9,06,0A,0018,-6,-5,-3,5,2,-7,6,10,24,79,8,16,10,100
6950,FE,08,06,FA,03,03,FF,FF,FFF4,-2,8,6,-6,3,3,-1,-1,-12,6,8,16,10,100
6951,00,04,05,09,FF,09,F8,07,000B,0,4,5,9,-1,9,-8,7,11,70,8,16,10,100
6952,F7,FB,FA,03,F7,06,06,02,003B,-9,-5,-6,3,-9,6,6,2,59,80,8,16,10,100
6953,F9,06,09,01,FA,FE,02,FA,001C,-7,6,9,1,-6,-2,2,-6,28,70,8,16,10,100
6954,F9,FA,FE,0A,FC,03,09,FE,FFBE,-7,-6,-2,10,-4,3,9,-2,-66,-94,8,16,10,100
6955,06,F6,FC,FB,FC,00,03,FE,FFB7,6,-10,-4,-5,-4,0,3,-2,-73,-99,8,16,10,100
6956,FA,FF,FC,F8,FC,FF,F6,09,FFDB,-6,-1,-4,-8,-4,-1,-10,9,-37,-44,8,16,10,100
6957,FF,00,FA,00,02,FD,FC,09,001F,-1,0,-6,0,2,-3,-4,9,31,53,8,16,10,100
6958,02,08,05,FC,FC,07,F6,F7,005A,2,8,5,-4,-4,7,-10,-9,90,124,8,16,10,100
6959,FC,07,08,07,FD,F6,FC,01,0038,-4,7,8,7,-3,-10,-4,1,56,-27,8,16,10,100
6960,F8,FC,FD,0A,04,01,03,00,FFEF,-8,-4,-3,10,4,1,3,0,-17,-62,8,16,10,100
6961,FD,03,0A,FC,F9,00,05,09,0037,-3,3,10,-4,-7,0,5,9,55,90,8,16,10,100
6962,04,09,01,08,F9,FE,FD,FA,FFB9,4,9,1,8,-7,-2,-3,-6,-71,-168,8,16,10,100
6963,F9,03,00,03,FF,FA,FF,05,004A,-7,3,0,3,-1,-6,-1,5,74,78,8,16,10,100
6964,03,FD,FA,0A,04,00,08,FB,FFD1,3,-3,-6,10,4,0,8,-5,-47,-133,8,16,10,100
6965,FF,09,08,03,FA,FA,F9,05,FFB0,-1,9,8,3,-6,-6,-7,5,-80,-169,8,16,10,100
6966,06,09,06,00,F8,03,F8,FB,0009,6,9,6,0,-8,3,-8,-5,9,-60,8,16,10,100
6967,0A,05,F8,F8,07,04,FD,0A,0045,10,5,-8,-8,7,4,-3,10,69,103,8,16,10,100
6968,FD,03,FD,03,FE,02,FD,01,FFD4,-3,3,-3,3,-2,2,-3,1,-44,-20,8,16,10,100
6969,02,04,F9,04,FB,F8,04,FC,FFF0,2,4,-7,4,-5,-8,4,-4,-16,-102,8,16,10,100
6970,FE,FB,07,FA,02,FC,01,02,FFD8,-2,-5,7,-6,2,-4,1,2,-40,-29,8,16,10,100
6971,F8,07,FA,F6,08,F9,00,00,000F,-8,7,-6,-10,8,-7,0,0,15,-98,8,16,10,100
6972,08,03,05,00,01,03,07,FF,0052,8,3,5,0,1,3,7,-1,82,134,8,16,10,100
6973,FC,FA,05,03,FD,02,F7,04,FFBA,-4,-6,5,3,-3,2,-9,4,-70,-103,8,16,10,100
6974,04,08,08,02,08,FB,01,F9,0052,4,8,8,2,8,-5,1,-7,82,68,8,16,10,100
6975,04,FF,05,03,F9,05,04,02,FFCE,4,-1,5,3,-7,5,4,2,-50,-57,8,16,10,100
6976,FA,0A,01,06,F8,05,07,F8,FFD5,-6,10,1,6,-8,5,7,-8,-43,14,8,16,10,100
6977,04,01,0A,01,07,FC,0A,FE,005C,4,1,10,1,7,-4,10,-2,92,214,8,16,10,100
6978,FA,F7,FF,F7,08,F9,01,08,0008,-6,-9,-1,-9,8,-7,1,8,8,-50,8,16,10,100
6979,FD,F8,00,FC,F7,05,09,07,003E,-3,-8,0,-4,-9,5,9,7,62,21,8,16,10,100
6980,03,FB,F6,08,FA,F8,F9,FD,001B,3,-5,-10,8,-6,-8,-7,-3,27,95,8,16,10,100
6981,00,FC,04,FE,06,FD,FE,03,0043,0,-4,4,-2,6,-3,-2,3,67,65,8,16,10,100
6982,03,F9,FB,F9,FE,03,FA,05,FFF1,3,-7,-5,-7,-2,3,-6,5,-15,-47,8,16,10,100
6983,F8,06,02,08,01,05,05,08,FFE4,-8,6,2,8,1,5,5,8,-28,68,8,16,10,100
6984,FD,FD,FF,F6,FD,05,09,08,0025,-3,-3,-1,-10,-3,5,9,8,37,-58,8,16,10,100
6985,01,09,F6,F6,0A,00,04,FC,0056,1,9,-10,-10,10,0,4,-4,86,96,8,16,10,100
6986,FD,FE,F7,05,07,09,09,03,0022,-3,-2,-9,5,7,9,9,3,34,-71,8,16,10,100
6987,00,05,0A,08,FF,07,00,05,004C,0,5,10,8,-1,7,0,5,76,151,8,16,10,100
6988,F8,05,00,F6,F6,FA,F6,0A,FFF5,-8,5,0,-10,-10,-6,-10,10,-11,-61,8,16,10,100
6989,06,01,01,FA,FC,07,08,FC,FFA5,6,1,1,-6,-4,7,8,-4,-91,-76,8,16,10,100
6990,FA,FC,FB,FB,FB,F9,FE,02,FFD9,-6,-4,-5,-5,-5,-7,-2,2,-39,19,8,16,10,100
6991,09,F8,0A,FA,F7,03,07,07,001B,9,-8,10,-6,-9,3,7,7,27,-50,8,16,10,100
6992,09,00,F6,FA,00,06,FA,03,FFD2,9,0,-10,-6,0,6,-6,3,-46,-4,8,16,10,100
6993,0A,08,FF,09,08,08,07,F8,FFA9,10,8,-1,9,8,8,7,-8,-87,-22,8,16,10,100
6994,09,03,F6,FA,01,04,07,FC,0029,9,3,-10,-6,1,4,7,-4,41,16,8,16,10,100
6995,08,07,04,FB,FE,00,FF,05,FFB1,8,7,4,-5,-2,0,-1,5,-79,-124,8,16,10,100
6996,FB,09,01,05,07,FD,F8,F8,0006,-5,9,1,5,7,-3,-8,-8,6,-104,8,16,10,100
6997,02,03,03,FD,FB,F8,05,FA,004C,2,3,3,-3,-5,-8,5,-6,76,75,8,16,10,100
6998,08,FE,FC,04,FF,08,FF,00,0025,8,-2,-4,4,-1,8,-1,0,37,17,8,16,10,100
6999,FE,FC,07,08,F8,FC,02,05,FFAA,-2,-4,7,8,-8,-4,2,5,-86,0,8,16,10,100
7000,02,FD,F9,05,04,FD,F9,F8,FFB8,2,-3,-7,5,4,-3,-7,-8,-72,-46,8,16,10,100
7001,F7,F7,07,F7,00,05,03,FB,FFEF,-9,-9,7,-9,0,5,3,-5,-17,4,8,16,10,100
7002,0A,FD,FF,FC,07,06,FA,F7,0015,10,-3,-1,-4,7,6,-6,-9,21,115,8,16,10,100
7003,F6,04,FD,F8,04,03,06,F9,FFEA,-10,4,-3,-8,4,3,6,-7,-22,-12,8,16,10,100
7004,FA,F7,06,03,04,F9,F9,06,FFB9,-6,-9,6,3,4,-7,-7,6,-71,-56,8,16,10,100
7005,07,08,08,FD,02,03,00,FF,FF9E,7,8,8,-3,2,3,0,-1,-98,-57,8,16,10,100
7006,08,FA,F8,03,00,FF,04,FF,FFF4,8,-6,-8,3,0,-1,4,-1,-12,-41,8,16,10,100
7007,09,07,00,01,FE,FE,03,FD,0024,9,7,0,1,-2,-2,3,-3,36,1,8,16,10,100
7008,FE,04,07,06,FB,0A,FE,09,FF9E,-2,4,7,6,-5,10,-2,9,-98,-8,8,16,10,100
7009,F8,03,FF,0A,FE,F9,FC,05,FFBF,-8,3,-1,10,-2,-7,-4,5,-65,-16,8,16,10,100
7010,03,0A,F6,F6,FD,00,F9,FE,FFC5,3,10,-10,-10,-3,0,-7,-2,-59,22,8,16,10,100
7011,F8,F9,FA,03,04,FD,05,07,0036,-8,-7,-6,3,4,-3,5,7,54,34,8,16,10,100
7012,FB,FA,FE,00,05,FB,05,FF,005D,-5,-6,-2,0,5,-5,5,-1,93,88,8,16,10,100
7013,FB,F6,F6,0A,FC,F7,FE,07,0030,-5,-10,-10,10,-4,-9,-2,7,48,248,8,16,10,100
7014,03,09,06,06,FF,0A,07,F8,FFB5,3,9,6,6,-1,10,7,-8,-75,6,8,16,10,100
7015,FF,05,03,FE,F8,08,F7,FC,002D,-1,5,3,-2,-8,8,-9,-4,45,74,8,16,10,100
7016,09,0A,F7,FA,F7,07,04,02,001F,9,10,-9,-6,-9,7,4,2,31,-28,8,16,10,100
7017,07,09,00,0A,F9,F6,04,08,FFDE,7,9,0,10,-7,-10,4,8,-34,-93,8,16,10,100
7018,F6,F7,FC,07,FB,FC,04,FE,FFAD,-10,-9,-4,7,-5,-4,4,-2,-83,-27,8,16,10,100
7019,07,02,06,FE,FA,00,05,01,0024,7,2,6,-2,-6,0,5,1,36,22,8,16,10,100
7020,FA,0A,F9,FF,00,08,03,F9,FFB6,-6,10,-7,-1,0,8,3,-7,-74,-8,8,16,10,100
7021,FA,04,09,00,05,05,00,02,0022,-6,4,9,0,5,5,0,2,34,24,8,16,10,100
7022,FC,FF,F7,FB,FE,0A,02,F7,0039,-4,-1,-9,-5,-2,10,2,-9,57,82,8,16,10,100
7023,03,06,F9,FE,F6,09,00,04,FFEB,3,6,-7,-2,-10,9,0,4,-21,-5,8,16,10,100
7024,00,0A,F6,F6,F9,0A,FF,03,0006,0,10,-10,-10,-7,10,-1,3,6,86,8,16,10,100
7025,F8,F7,FA,F7,FF,05,FB,F7,0063,-8,-9,-6,-9,-1,5,-5,-9,99,173,8,16,10,100
7026,FD,F9,F6,0A,05,01,09,F6,0038,-3,-7,-10,10,5,1,9,-10,56,-156,8,16,10,100
7027,F6,FB,05,0A,01,FC,0A,01,0009,-10,-5,5,10,1,-4,10,1,9,79,8,16,10,100
7028,08,FE,06,03,F7,08,09,05,002F,8,-2,6,3,-9,8,9,5,47,28,8,16,10,100
7029,07,F6,04,FD,00,FB,FD,FE,001C,7,-10,4,-3,0,-5,-3,-2,28,72,8,16,10,100
7030,07,FB,FB,F6,02,FD,0A,F6,004E,7,-5,-5,-10,2,-3,10,-10,78,157,8,16,10,100
7031,08,06,06,09,F8,FF,F7,F8,0020,8,6,6,9,-8,-1,-9,-8,32,-164,8,16,10,100
7032,01,08,FB,03,04,07,00,02,005B,1,8,-5,3,4,7,0,2,91,157,8,16,10,100
7033,05,00,09,07,F7,FF,F7,06,FFFB,5,0,9,7,-9,-1,-9,6,-5,-89,8,16,10,100
7034,FE,F8,01,04,04,06,FD,02,FFC6,-2,-8,1,4,4,6,-3,2,-58,-109,8,16,10,100
7035,F9,01,F6,FF,F6,06,FC,0A,FF9E,-7,1,-10,-1,-10,6,-4,10,-98,8,8,16,10,100
7036,05,F9,FA,F9,04,FD,0A,06,0043,5,-7,-6,-7,4,-3,10,6,67,6,8,16,10,100
7037,FC,04,0A,02,01,0A,FA,08,004C,-4,4,10,2,1,10,-6,8,76,68,8,16,10,100
7038,F8,09,F9,FF,FC,FF,01,F8,FFA9,-8,9,-7,-1,-4,-1,1,-8,-87,-63,8,16,10,100
7039,06,FA,08,07,05,05,07,03,001D,6,-6,8,7,5,5,7,3,29,106,8,16,10,100
7040,FC,FB,FF,04,02,09,FE,FC,FFFD,-4,-5,-1,4,2,9,-2,-4,-3,-70,8,16,10,100
7041,FD,02,0A,07,FC,07,06,FD,000A,-3,2,10,7,-4,7,6,-3,10,75,8,16,10,100
7042,FA,02,03,FB,FB,0A,FD,02,002C,-6,2,3,-5,-5,10,-3,2,44,75,8,16,10,100
7043,01,09,05,00,00,00,06,FD,FFFE,1,9,5,0,0,0,6,-3,-2,28,8,16,10,100
7044,FE,F6,F7,00,FE,F7,01,F8,FFB8,-2,-10,-9,0,-2,-9,1,-8,-72,13,8,16,10,100
7045,F6,FC,FE,FE,00,F7,04,FD,FFF6,-10,-4,-2,-2,0,-9,4,-3,-10,24,8,16,10,100
7046,F7,07,F6,FF,09,F7,07,09,FFF9,-9,7,-10,-1,9,-9,7,9,-7,-230,8,16,10,100
7047,02,F7,FE,F9,00,00,FB,FF,FFC5,2,-9,-2,-7,0,0,-5,-1,-59,-42,8,16,10,100
7048,00,F6,03,F6,F9,FB,0A,F6,0030,0,-10,3,-10,-7,-5,10,-10,48,228,8,16,10,100
7049,FE,01,FB,01,FA,FD,F8,FB,0030,-2,1,-5,1,-6,-3,-8,-5,48,92,8,16,10,100
7050,09,FF,01,FB,01,FF,02,F9,FFDC,9,-1,1,-5,1,-1,2,-7,-36,11,8,16,10,100
7051,0A,FC,FC,F6,FA,F6,FA,FF,0002,10,-4,-4,-10,-6,-10,-6,-1,2,16,8,16,10,100
7052,FF,FC,05,03,03,F6,07,FB,FFD6,-1,-4,5,3,3,-10,7,-5,-42,15,8,16,10,100
7053,FD,F9,02,FC,F7,06,08,FB,0002,-3,-7,2,-4,-9,6,8,-5,2,23,8,16,10,100
7054,FF,06,FB,F6,0A,07,04,03,002A,-1,6,-5,-10,10,7,4,3,42,24,8,16,10,100
7055,FF,FD,FA,00,02,FD,0A,0A,0026,-1,-3,-6,0,2,-3,10,10,38,-15,8,16,10,100
7056,00,03,F6,F7,F6,FA,0A,00,003A,0,3,-10,-9,-10,-6,10,0,58,-60,8,16,10,100
7057,F6,FB,00,08,F8,04,F6,F6,0009,-10,-5,0,8,-8,4,-10,-10,9,-11,8,16,10,100
7058,FD,01,07,FF,0A,08,FB,F8,001E,-3,1,7,-1,10,8,-5,-8,30,-19,8,16,10,100
7059,FC,FA,06,0A,08,F9,FD,02,003A,-4,-6,6,10,8,-7,-3,2,58,70,8,16,10,100
7060,07,F9,02,FD,FE,F7,FA,FE,003F,7,-7,2,-3,-2,-9,-6,-2,63,106,8,16,10,100
7061,F9,04,02,F8,F9,05,FA,05,001E,-7,4,2,-8,-7,5,-6,5,30,47,8,16,10,100
7062,FF,06,FA,08,03,FB,00,09,FFC3,-1,6,-6,8,3,-5,0,9,-61,-22,8,16,10,100
7063,09,05,F8,FA,FE,05,02,04,0034,9,5,-8,-6,-2,5,2,4,52,19,8,16,10,100
7064,FE,01,F9,FF,FD,01,06,F6,0057,-2,1,-7,-1,-3,1,6,-10,87,62,8,16,10,100
7065,06,03,FA,05,FF,08,F9,05,FFA2,6,3,-6,5,-1,8,-7,5,-94,-9,8,16,10,100
7066,FC,00,F7,01,03,F6,04,03,0020,-4,0,-9,1,3,-10,4,3,32,-13,8,16,10,100
7067,F7,FB,FB,07,00,FC,F6,04,FFEA,-9,-5,-5,7,0,-4,-10,4,-22,76,8,16,10,100
7068,0A,F8,06,05,09,FF,09,08,004D,10,-8,6,5,9,-1,9,8,77,269,8,16,10,100
7069,FA,FC,F9,07,FA,06,FA,00,FFDE,-6,-4,-7,7,-6,6,-6,0,-34,20,8,16,10,100
7070,FC,0A,05,03,09,02,06,0A,FFBA,-4,10,5,3,9,2,6,10,-70,-26,8,16,10,100
7071,08,FB,F9,F8,0A,FD,07,FA,0032,8,-5,-7,-8,10,-3,7,-6,50,144,8,16,10,100
7072,F7,FF,06,0A,09,02,02,FF,FFFC,-9,-1,6,10,9,2,2,-1,-4,-85,8,16,10,100
7073,FF,09,FF,03,FD,08,FE,03,FFEA,-1,9,-1,3,-3,8,-2,3,-22,64,8,16,10,100
7074,04,F7,09,FB,FE,03,07,03,FFC0,4,-9,9,-5,-2,3,7,3,-64,-51,8,16,10,100
7075,04,F6,F9,FA,07,04,05,04,FFDA,4,-10,-7,-6,7,4,5,4,-38,-109,8,16,10,100
7076,03,08,05,F7,04,08,FE,09,FFA0,3,8,5,-9,4,8,-2,9,-96,-111,8,16,10,100
7077,01,F8,FA,FF,00,FC,06,01,0064,1,-8,-6,-1,0,-4,6,1,100,95,8,16,10,100
7078,F7,08,FF,02,08,00,FF,02,FFB3,-9,8,-1,2,8,0,-1,2,-77,-144,8,16,10,100
7079,FF,02,00,FC,04,FE,F8,F8,FFD7,-1,2,0,-4,4,-2,-8,-8,-41,-17,8,16,10,100
7080,F7,01,0A,03,FD,09,05,05,005E,-9,1,10,3,-3,9,5,5,94,195,8,16,10,100
7081,FE,F9,03,00,06,0A,01,F7,0060,-2,-7,3,0,6,10,1,-9,96,17,8,16,10,100
7082,F8,04,FC,0A,06,01,FD,F9,FFE9,-8,4,-4,10,6,1,-3,-7,-23,-125,8,16,10,100
7083,02,FA,03,07,FB,08,FF,07,0007,2,-6,3,7,-5,8,-1,7,7,-5,8,16,10,100
7084,FA,04,F8,01,08,FF,03,08,FFD3,-6,4,-8,1,8,-1,3,8,-45,-113,8,16,10,100
7085,08,09,F6,03,04,09,FD,FA,0018,8,9,-10,3,4,9,-3,-6,24,149,8,16,10,100
7086,0A,06,05,05,FD,FE,00,02,FFB8,10,6,5,5,-3,-2,0,2,-72,-104,8,16,10,100
7087,F7,09,05,F9,FA,F9,FF,05,004F,-9,9,5,-7,-6,-7,-1,5,79,30,8,16,10,100
7088,F6,01,FC,F8,F6,06,06,01,0036,-10,1,-4,-8,-10,6,6,1,54,128,8,16,10,100
7089,FC,05,F6,08,FD,03,F6,F7,004B,-4,5,-10,8,-3,3,-10,-9,75,130,8,16,10,100
7090,FB,03,FF,07,FF,07,08,00,000F,-5,3,-1,7,-1,7,8,0,15,33,8,16,10,100
7091,0A,0A,05,03,02,FA,01,04,FFE1,10,10,5,3,2,-6,1,4,-31,-54,8,16,10,100
7092,07,09,0A,F6,0A,FC,F6,04,FFA3,7,9,10,-10,10,-4,-10,4,-93,-199,8,16,10,100
7093,08,04,FF,F8,F8,F8,F7,FF,FFEA,8,4,-1,-8,-8,-8,-9,-1,-22,-101,8,16,10,100
7094,0A,F8,F7,F9,F7,01,02,07,FFA9,10,-8,-9,-7,-9,1,2,7,-87,-252,8,16,10,100
7095,F6,07,05,08,04,04,06,FF,FFAC,-10,7,5,8,4,4,6,-1,-84,-74,8,16,10,100
7096,FD,04,07,FB,F7,FE,04,03,FFE7,-3,4,7,-5,-9,-2,4,3,-25,7,8,16,10,100
7097,F7,FE,09,F6,00,01,04,FF,0021,-9,-2,9,-10,0,1,4,-1,33,77,8,16,10,100
7098,00,08,F9,FF,FB,FE,05,06,FFEC,0,8,-7,-1,-5,-2,5,6,-20,-77,8,16,10,100
7099,FA,00,F6,F9,FD,0A,04,F9,FFD9,-6,0,-10,-7,-3,10,4,-7,-39,-12,8,16,10,100
7100,00,F7,05,07,07,F8,FE,0A,000F,0,-9,5,7,7,-8,-2,10,15,147,8,16,10,100
7101,FD,FD,FA,04,FD,FF,F6,04,0020,-3,-3,-6,4,-3,-1,-10,4,32,120,8,16,10,100
7102,F6,F9,F8,F7,FE,F9,0A,FA,003A,-10,-7,-8,-9,-2,-7,10,-6,58,101,8,16,10,100
7103,09,06,01,F6,FD,FA,03,08,FFA0,9,6,1,-10,-3,-6,3,8,-96,-236,8,16,10,100
7104,F6,0A,00,07,09,01,05,FB,0052,-10,10,0,7,9,1,5,-5,82,-33,8,16,10,100
7105,F9,09,FD,03,0A,00,FD,FC,0059,-7,9,-3,3,10,0,-3,-4,89,16,8,16,10,100
7106,F9,F9,08,04,FB,08,FB,00,FFCF,-7,-7,8,4,-5,8,-5,0,-49,-110,8,16,10,100
7107,F6,00,0A,09,F7,FE,F6,FF,FFD1,-10,0,10,9,-9,-2,-10,-1,-47,-66,8,16,10,100
7108,07,F8,05,05,02,02,F7,FF,FFED,7,-8,5,5,2,2,-9,-1,-19,-71,8,16,10,100
7109,FA,FF,F7,07,07,FC,07,02,FFDD,-6,-1,-9,7,7,-4,7,2,-35,-122,8,16,10,100
7110,08,F8,07,08,FF,FE,FF,05,FFDF,8,-8,7,8,-1,-2,-1,5,-33,8,8,16,10,100
7111,00,01,04,FF,FC,F9,F8,01,FFE5,0,1,4,-1,-4,-7,-8,1,-27,-67,8,16,10,100
7112,07,FF,FC,FB,FB,07,0A,FD,FFE3,7,-1,-4,-5,-5,7,10,-3,-29,-96,8,16,10,100
7113,FC,FF,05,F9,09,01,00,0A,FFDA,-4,-1,5,-7,9,1,0,10,-38,-145,8,16,10,100
7114,06,03,F9,09,07,FE,FE,01,FFA6,6,3,-7,9,7,-2,-2,1,-90,-31,8,16,10,100
7115,FE,08,F8,FD,02,01,06,F6,FFC9,-2,8,-8,-3,2,1,6,-10,-55,-69,8,16,10,100
7116,02,FC,FF,06,04,00,06,FC,FFC1,2,-4,-1,6,4,0,6,-4,-63,-85,8,16,10,100
7117,FE,07,FF,F6,FF,FB,03,F8,0000,-2,7,-1,-10,-1,-5,3,-8,0,44,8,16,10,100
7118,FA,06,F6,FF,01,FB,01,06,FFF9,-6,6,-10,-1,1,-5,1,6,-7,-59,8,16,10,100
7119,01,09,FF,00,08,0A,F7,05,0042,1,9,-1,0,8,10,-9,5,66,173,8,16,10,100
7120,08,04,04,FC,FC,F9,04,09,FFE5,8,4,4,-4,-4,-7,4,9,-27,-107,8,16,10,100
7121,F7,F6,F7,03,F6,F9,0A,08,FFE7,-9,-10,-9,3,-10,-7,10,8,-25,69,8,16,10,100
7122,F8,00,F7,05,FA,07,F8,06,0029,-8,0,-9,5,-6,7,-8,6,41,191,8,16,10,100
7123,F9,01,0A,04,01,07,FD,F6,FFB6,-7,1,10,4,1,7,-3,-10,-74,-144,8,16,10,100
7124,00,FF,FE,02,01,F9,03,08,005B,0,-1,-2,2,1,-7,3,8,91,108,8,16,10,100
7125,08,0A,FC,FE,0A,F9,09,FA,FFA5,8,10,-4,-2,10,-7,9,-6,-91,-105,8,16,10,100
7126,FA,03,04,FC,07,09,05,FF,0019,-6,3,4,-4,7,9,5,-1,25,34,8,16,10,100
7127,03,F8,FD,04,09,05,04,05,0015,3,-8,-3,4,9,5,4,5,21,16,8,16,10,100
7128,FA,07,FC,FC,FE,02,F7,08,002A,-6,7,-4,-4,-2,2,-9,8,42,72,8,16,10,100
7129,FE,05,05,06,09,FB,FA,FD,002F,-2,5,5,6,9,-5,-6,-3,47,-44,8,16,10,100
7130,FE,FD,00,FA,07,FC,02,FD,FFB3,-2,-3,0,-6,7,-4,2,-3,-77,-61,8,16,10,100
7131,0A,00,FB,FD,08,09,00,F8,FFB8,10,0,-5,-3,8,9,0,-8,-72,32,8,16,10,100
7132,03,02,01,05,FA,FC,FF,FD,000D,3,2,1,5,-6,-4,-1,-3,13,-29,8,16,10,100
7133,FA,FD,FB,FD,03,FF,04,07,0041,-6,-3,-5,-3,3,-1,4,7,65,9,8,16,10,100
7134,F7,FD,01,F7,FA,07,08,F8,FFBF,-9,-3,1,-9,-6,7,8,-8,-65,48,8,16,10,100
7135,06,07,00,08,F7,FC,08,05,005A,6,7,0,8,-9,-4,8,5,90,48,8,16,10,100
7136,FB,02,00,0A,F8,02,00,01,FFD9,-5,2,0,10,-8,2,0,1,-39,15,8,16,10,100
7137,F8,FB,FB,08,FD,F9,02,05,FFA8,-8,-5,-5,8,-3,-7,2,5,-88,1,8,16,10,100
7138,03,03,08,04,F9,04,FD,F6,FFBB,3,3,8,4,-7,4,-3,-10,-69,-142,8,16,10,100
7139,02,0A,05,01,00,F7,01,F9,FFE4,2,10,5,1,0,-9,1,-7,-28,-120,8,16,10,100
7140,06,F8,FD,02,FA,07,FF,FD,FFF1,6,-8,-3,2,-6,7,-1,-3,-15,-110,8,16,10,100
7141,F6,06,00,09,04,01,02,01,0032,-10,6,0,9,4,1,2,1,50,25,8,16,10,100
7142,04,FE,09,0A,F9,FD,FE,FD,FFC3,4,-2,9,10,-7,-3,-2,-3,-61,-131,8,16,10,100
7143,04,F6,07,F9,08,06,FB,FE,FFF1,4,-10,7,-7,8,6,-5,-2,-15,-64,8,16,10,100
7144,FD,04,FA,04,00,06,F7,04,0050,-3,4,-6,4,0,6,-9,4,80,174,8,16,10,100
7145,08,FE,01,03,FC,09,07,0A,FFD8,8,-2,1,3,-4,9,7,10,-40,-53,8,16,10,100
7146,FD,FE,07,F9,04,02,F9,01,0042,-3,-2,7,-7,4,2,-7,1,66,-6,8,16,10,100
7147,F6,09,09,05,FE,FD,05,03,FFBE,-10,9,9,5,-2,-3,5,3,-66,-13,8,16,10,100
7148,FC,FB,FB,05,F9,01,09,FA,FFB4,-4,-5,-5,5,-7,1,9,-6,-76,-128,8,16,10,100
7149,08,05,FA,02,F8,FC,F7,00,0045,8,5,-6,2,-8,-4,-9,0,69,39,8,16,10,100
7150,F7,02,FE,F7,FD,01,01,02,FFF9,-9,2,-2,-9,-3,1,1,2,-7,2,8,16,10,100
7151,0A,09,FD,04,F7,01,FE,05,FFCB,10,9,-3,4,-9,1,-2,5,-53,-108,8,16,10,100
7152,06,FC,02,F9,09,FF,06,F7,0009,6,-4,2,-7,9,-1,6,-9,9,142,8,16,10,100
7153,01,FC,08,00,07,09,F9,02,0032,1,-4,8,0,7,9,-7,2,50,-35,8,16,10,100
7154,FE,F7,05,FB,FD,08,F9,F9,000A,-2,-9,5,-5,-3,8,-7,-7,10,-56,8,16,10,100
7155,FF,F8,FB,06,FD,FC,07,F6,0034,-1,-8,-5,6,-3,-4,7,-10,52,-8,8,16,10,100
7156,FF,06,0A,FC,FC,05,08,01,FFBC,-1,6,10,-4,-4,5,8,1,-68,42,8,16,10,100
7157,F6,FE,02,0A,FB,F7,01,04,0024,-10,-2,2,10,-5,-9,1,4,36,146,8,16,10,100
7158,03,03,05,FA,FD,FC,FF,02,FFC0,3,3,5,-6,-3,-4,-1,2,-64,-102,8,16,10,100
7159,FA,08,03,05,F7,F6,F8,F9,0033,-6,8,3,5,-9,-10,-8,-7,51,-34,8,16,10,100
7160,08,03,F7,03,07,0A,08,09,0056,8,3,-9,3,7,10,8,9,86,127,8,16,10,100
7161,03,FA,F6,00,FB,07,08,FB,0032,3,-6,-10,0,-5,7,8,-5,50,-87,8,16,10,100
7162,03,04,00,02,04,06,02,FB,0052,3,4,0,2,4,6,2,-5,82,108,8,16,10,100
7163,F6,01,03,0A,FE,00,06,F8,0045,-10,1,3,10,-2,0,6,-8,69,27,8,16,10,100
7164,FA,FA,FE,FB,03,FF,09,FB,FFC8,-6,-6,-2,-5,3,-1,9,-5,-56,-61,8,16,10,100
7165,08,09,03,FF,F8,FB,FE,F8,0057,8,9,3,-1,-8,-5,-2,-8,87,-20,8,16,10,100
7166,02,03,F8,04,FA,F6,FC,FA,0003,2,3,-8,4,-6,-10,-4,-6,3,-31,8,16,10,100
7167,00,08,F9,F7,04,03,FB,0A,FFAD,0,8,-7,-9,4,3,-5,10,-83,-114,8,16,10,100
7168,0A,F6,FF,01,FB,01,F8,01,0043,10,-10,-1,1,-5,1,-8,1,67,16,8,16,10,100
7169,F7,F6,FF,F6,F6,FB,05,06,0045,-9,-10,-1,-10,-10,-5,5,6,69,144,8,16,10,100
7170,03,05,FD,0A,FA,F6,06,FE,FFE8,3,5,-3,10,-6,-10,6,-2,-24,-130,8,16,10,100
7171,0A,01,04,FF,07,00,F7,09,FF9D,10,1,4,-1,7,0,-9,9,-99,-74,8,16,10,100
7172,F9,05,06,01,06,07,F6,FC,FFF2,-7,5,6,1,6,7,-10,-4,-14,-85,8,16,10,100
7173,F8,FE,F9,FF,F8,08,05,03,FFB3,-8,-2,-7,-1,-8,8,5,3,-77,-67,8,16,10,100
7174,FD,05,FA,F8,02,08,06,FD,FFD9,-3,5,-6,-8,2,8,6,-3,-39,-17,8,16,10,100
7175,F8,F6,F8,07,FE,FE,FA,02,001C,-8,-10,-8,7,-2,-2,-6,2,28,126,8,16,10,100
7176,02,09,F6,F9,02,0A,F7,F6,FFC2,2,9,-10,-7,2,10,-9,-10,-62,192,8,16,10,100
7177,FD,08,08,07,F8,01,F6,08,002A,-3,8,8,7,-8,1,-10,8,42,50,8,16,10,100
7178,0A,FA,F9,07,FA,03,01,02,FFF3,10,-6,-7,7,-6,3,1,2,-13,-84,8,16,10,100
7179,07,08,FE,F9,00,05,06,04,FFC9,7,8,-2,-7,0,5,6,4,-55,-55,8,16,10,100
7180,F6,FA,07,F9,FD,F6,FF,F9,FFA2,-10,-6,7,-7,-3,-10,-1,-7,-94,38,8,16,10,100
7181,04,FD,02,06,06,FB,06,FA,0026,4,-3,2,6,6,-5,6,-6,38,53,8,16,10,100
7182,FA,FC,09,06,FC,05,00,06,FFE0,-6,-4,9,6,-4,5,0,6,-32,8,8,16,10,100
7183,08,02,02,08,0A,FA,F8,FB,0064,8,2,2,8,10,-6,-8,-5,100,112,8,16,10,100
7184,04,06,FE,FC,03,08,05,F7,005C,4,6,-2,-4,3,8,5,-9,92,178,8,16,10,100
7185,FC,FA,FE,0A,F9,F6,0A,F8,FFC3,-4,-6,-2,10,-7,-10,10,-8,-61,-73,8,16,10,100
7186,02,FE,0A,F8,03,F8,F8,03,0012,2,-2,10,-8,3,-8,-8,3,18,-64,8,16,10,100
7187,0A,FF,05,FC,08,F9,03,FE,FFE7,10,-1,5,-4,8,-7,3,-2,-25,85,8,16,10,100
7188,0A,03,08,FD,F9,05,0A,04,FFD3,10,3,8,-3,-7,5,10,4,-45,-32,8,16,10,100
7189,FF,FF,03,07,03,09,06,05,FFB9,-1,-1,3,7,3,9,6,5,-71,-30,8,16,10,100
7190,00,04,07,03,F9,FA,07,08,FFFC,0,4,7,3,-7,-6,7,8,-4,45,8,16,10,100
7191,03,02,FA,0A,02,00,08,FA,0059,3,2,-6,10,2,0,8,-6,89,-13,8,16,10,100
7192,F8,07,FD,07,FA,01,03,FD,FFDB,-8,7,-3,7,-6,1,3,-3,-37,-12,8,16,10,100
7193,F7,00,FA,07,02,09,05,05,0052,-9,0,-6,7,2,9,5,5,82,69,8,16,10,100
7194,F9,05,09,05,FA,07,05,FA,0062,-7,5,9,5,-6,7,5,-6,98,190,8,16,10,100
7195,F7,05,F6,FC,08,08,00,02,FFE0,-9,5,-10,-4,8,8,0,2,-32,-72,8,16,10,100
7196,01,04,FC,09,02,F7,0A,05,FFCD,1,4,-4,9,2,-9,10,5,-51,-80,8,16,10,100
7197,F9,F8,FA,02,F8,08,00,FA,FFBC,-7,-8,-6,2,-8,8,0,-6,-68,-88,8,16,10,100
7198,00,F7,02,FC,FA,FA,02,02,FFC9,0,-9,2,-4,-6,-6,2,2,-55,-5,8,16,10,100
7199,FA,01,01,FB,FB,F6,F7,08,FFCD,-6,1,1,-5,-5,-10,-9,8,-51,-80,8,16,10,100
7200,FB,09,07,F8,F8,F9,06,01,005D,-5,9,7,-8,-8,-7,6,1,93,104,8,16,10,100
7201,04,FC,F6,FA,03,FB,F6,FA,FFC5,4,-4,-10,-6,3,-5,-10,-6,-59,109,8,16,10,100
7202,04,03,F7,F9,FA,FB,FA,08,0012,4,3,-9,-7,-6,-5,-6,8,18,-23,8,16,10,100
7203,F9,03,F9,01,09,FE,01,0A,FFE5,-7,3,-7,1,9,-2,1,10,-27,-93,8,16,10,100
7204,02,08,F9,FA,07,FB,06,FE,0046,2,8,-7,-6,7,-5,6,-2,70,14,8,16,10,100
7205,FB,FF,F9,F8,F8,FE,FF,FF,FFB2,-5,-1,-7,-8,-8,-2,-1,-1,-78,-21,8,16,10,100
7206,04,09,04,06,01,09,00,07,0013,4,9,4,6,1,9,0,7,19,146,8,16,10,100
7207,00,FE,06,00,F7,06,03,00,FF9E,0,-2,6,0,-9,6,3,0,-98,-92,8,16,10,100
7208,08,F9,FC,03,F9,0A,01,02,FFBA,8,-7,-4,3,-7,10,1,2,-70,-194,8,16,10,100
7209,07,F7,F7,FB,05,06,FC,05,FFEF,7,-9,-9,-5,5,6,-4,5,-17,-25,8,16,10,100
7210,08,00,07,0A,F7,06,03,FA,FFD5,8,0,7,10,-9,6,3,-6,-43,-154,8,16,10,100
7211,F6,00,08,FC,F6,FC,FB,01,005F,-10,0,8,-4,-10,-4,-5,1,95,151,8,16,10,100
7212,06,08,FC,FB,FD,FF,09,09,FFC6,6,8,-4,-5,-3,-1,9,9,-58,-165,8,16,10,100
7213,0A,F8,F8,FF,FE,04,08,01,FFAF,10,-8,-8,-1,-2,4,8,1,-81,-198,8,16,10,100
7214,08,F6,07,FB,0A,FA,FA,F6,002E,8,-10,7,-5,10,-6,-6,-10,46,194,8,16,10,100
7215,FF,08,FF,FE,00,F8,F9,00,FFB7,-1,8,-1,-2,0,-8,-7,0,-73,-130,8,16,10,100
7216,FC,06,07,03,04,09,08,01,0042,-4,6,7,3,4,9,8,1,66,163,8,16,10,100
7217,00,09,00,0A,08,06,0A,FB,0007,0,9,0,10,8,6,10,-5,7,11,8,16,10,100
7218,F8,02,FA,FB,00,F9,FD,F7,0035,-8,2,-6,-5,0,-7,-3,-9,53,102,8,16,10,100
7219,02,F6,04,F8,FB,0A,FF,06,0057,2,-10,4,-8,-5,10,-1,6,87,-75,8,16,10,100
7220,FB,FE,08,FB,06,FE,FF,FB,FFEA,-5,-2,8,-5,6,-2,-1,-5,-22,-31,8,16,10,100
7221,FA,FA,03,08,01,08,00,F8,FFF0,-6,-6,3,8,1,8,0,-8,-16,-134,8,16,10,100
7222,00,07,F8,04,F7,FF,FC,05,FFCA,0,7,-8,4,-9,-1,-4,5,-54,-9,8,16,10,100
7223,FF,FE,FB,FF,FA,00,FB,09,FFB6,-1,-2,-5,-1,-6,0,-5,9,-74,-52,8,16,10,100
7224,F8,00,08,07,0A,03,05,FA,FFBB,-8,0,8,7,10,3,5,-6,-69,-151,8,16,10,100
7225,FF,FA,FB,F7,FF,01,FD,02,0001,-1,-6,-5,-9,-1,1,-3,2,1,-7,8,16,10,100
7226,F7,F8,01,01,FE,07,02,04,FFFF,-9,-8,1,1,-2,7,2,4,-1,-33,8,16,10,100
7227,FC,03,F9,06,F9,FE,04,07,0013,-4,3,-7,6,-7,-2,4,7,19,55,8,16,10,100
7228,04,02,FC,08,FB,07,F9,F6,FFBC,4,2,-4,8,-5,7,-7,-10,-68,-126,8,16,10,100
7229,09,F9,F8,06,F8,FA,03,FC,0025,9,-7,-8,6,-8,-6,3,-4,37,-41,8,16,10,100
7230,02,03,FD,09,07,FD,02,F6,FFD5,2,3,-3,9,7,-3,2,-10,-43,-134,8,16,10,100
7231,FE,F8,FC,09,F8,FE,04,00,0021,-2,-8,-4,9,-8,-2,4,0,33,49,8,16,10,100
7232,01,09,FA,06,02,0A,08,0A,FFFB,1,9,-6,6,2,10,8,10,-5,99,8,16,10,100
7233,09,FC,04,07,FD,F6,03,F6,0015,9,-4,4,7,-3,-10,3,-10,21,-24,8,16,10,100
7234,FB,F8,00,FD,FB,09,FC,01,FFE9,-5,-8,0,-3,-5,9,-4,1,-23,-73,8,16,10,100
7235,FC,FB,F7,09,04,FC,FB,FA,FFA7,-4,-5,-9,9,4,-4,-5,-6,-89,-94,8,16,10,100
7236,FA,05,05,F9,03,00,F8,07,FFAE,-6,5,5,-7,3,0,-8,7,-82,-189,8,16,10,100
7237,08,FA,08,05,04,03,FF,04,0055,8,-6,8,5,4,3,-1,4,85,111,8,16,10,100
7238,F8,FD,04,05,F8,09,08,00,FFAD,-8,-3,4,5,-8,9,8,0,-83,-14,8,16,10,100
7239,FC,06,05,01,FB,0A,FA,FB,003E,-4,6,5,1,-5,10,-6,-5,62,107,8,16,10,100
7240,F7,FB,05,08,02,F9,FE,0A,005D,-9,-5,5,8,2,-7,-2,10,93,180,8,16,10,100
7241,F6,05,00,FC,F7,FE,F7,04,FF9E,-10,5,0,-4,-9,-2,-9,4,-98,-34,8,16,10,100
7242,FD,FE,FF,05,FA,F9,09,05,005A,-3,-2,-1,5,-6,-7,9,5,90,138,8,16,10,100
7243,FC,F9,FE,09,06,01,05,09,005E,-4,-7,-2,9,6,1,5,9,94,134,8,16,10,100
7244,08,FD,FD,02,06,F9,FF,FA,FFDD,8,-3,-3,2,6,-7,-1,-6,-35,25,8,16,10,100
7245,FA,FC,FF,F9,FB,F9,FE,FB,FFAF,-6,-4,-1,-7,-5,-7,-2,-5,-81,14,8,16,10,100
7246,FE,00,05,01,FF,FB,F6,01,0050,-2,0,5,1,-1,-5,-10,1,80,33,8,16,10,100
7247,06,F6,F6,00,FB,02,0A,FC,FFA9,6,-10,-10,0,-5,2,10,-4,-87,-237,8,16,10,100
7248,00,01,0A,FA,04,FB,FB,FB,004A,0,1,10,-6,4,-5,-5,-5,74,49,8,16,10,100
7249,07,F9,01,03,00,05,F9,07,FFF1,7,-7,1,3,0,5,-7,7,-15,-36,8,16,10,100
7250,08,03,FD,FF,05,01,FB,FC,FFB1,8,3,-3,-1,5,1,-5,-4,-79,-17,8,16,10,100
7251,07,04,09,08,03,FC,FF,FB,0062,7,4,9,8,3,-4,-1,-5,98,54,8,16,10,100
7252,0A,0A,0A,FD,FB,FC,F9,FB,001B,10,10,10,-3,-5,-4,-7,-5,27,-118,8,16,10,100
7253,FA,08,05,02,F7,08,04,09,FFE7,-6,8,5,2,-9,8,4,9,-25,131,8,16,10,100
7254,05,09,00,02,F6,04,03,FE,0034,5,9,0,2,-10,4,3,-2,52,34,8,16,10,100
7255,FF,01,06,01,04,F9,F8,06,0031,-1,1,6,1,4,-7,-8,6,49,-4,8,16,10,100
7256,FF,01,05,F6,03,F9,03,05,0035,-1,1,5,-10,3,-7,3,5,53,8,8,16,10,100
7257,F7,06,F7,FB,F8,F7,FE,00,FFE6,-9,6,-9,-5,-8,-9,-2,0,-26,10,8,16,10,100
7258,01,FD,07,03,FD,FD,01,07,FFB8,1,-3,7,3,-3,-3,1,7,-72,-38,8,16,10,100
7259,FD,F9,F7,05,03,03,FD,01,0038,-3,-7,-9,5,3,3,-3,1,56,58,8,16,10,100
7260,06,FE,FE,FC,01,FD,F8,06,FFA4,6,-2,-2,-4,1,-3,-8,6,-92,-88,8,16,10,100
7261,07,02,03,07,F6,0A,06,0A,0051,7,2,3,7,-10,10,6,10,81,119,8,16,10,100
7262,FD,01,09,00,05,03,05,01,FFB4,-3,1,9,0,5,3,5,1,-76,-43,8,16,10,100
7263,F8,F8,F6,FD,03,00,04,0A,0023,-8,-8,-10,-3,3,0,4,10,35,-59,8,16,10,100
7264,06,08,FF,0A,02,F7,FD,FD,004E,6,8,-1,10,2,-9,-3,-3,78,-9,8,16,10,100
7265,FF,00,01,FD,05,F9,FB,FA,000E,-1,0,1,-3,5,-7,-5,-6,14,22,8,16,10,100
7266,FD,FD,07,FC,02,04,08,F6,0013,-3,-3,7,-4,2,4,8,-10,19,97,8,16,10,100
7267,FD,09,FA,08,08,0A,FA,00,FF9C,-3,9,-6,8,8,10,-6,0,-100,2,8,16,10,100
7268,0A,05,05,FA,FA,0A,08,02,0050,10,5,5,-6,-6,10,8,2,80,98,8,16,10,100
7269,F8,08,F7,01,03,02,09,FB,0031,-8,8,-9,1,3,2,9,-5,49,-45,8,16,10,100
7270,00,01,05,F8,06,FE,F6,FC,FFED,0,1,5,-8,6,-2,-10,-4,-19,-39,8,16,10,100
7271,06,08,F8,FE,FC,01,F8,FB,005F,6,8,-8,-2,-4,1,-8,-5,95,153,8,16,10,100
7272,F8,07,09,08,FA,02,F9,07,FFD9,-8,7,9,8,-6,2,-7,7,-39,16,8,16,10,100
7273,04,08,0A,03,FD,09,FE,01,FFE5,4,8,10,3,-3,9,-2,1,-27,16,8,16,10,100
7274,F6,F9,06,00,00,03,0A,04,0016,-10,-7,6,0,0,3,10,4,22,61,8,16,10,100
7275,0A,FF,F6,FD,03,08,0A,FF,FFCE,10,-1,-10,-3,3,8,10,-1,-50,-125,8,16,10,100
7276,FB,FF,08,05,FB,04,F8,FD,FFAB,-5,-1,8,5,-5,4,-8,-3,-85,-143,8,16,10,100
7277,06,06,FE,F9,06,07,FF,00,0010,6,6,-2,-7,6,7,-1,0,16,96,8,16,10,100
7278,03,07,00,F7,F8,08,0A,05,FFAA,3,7,0,-9,-8,8,10,5,-86,-99,8,16,10,100
7279,00,FD,F7,06,F7,01,04,FA,0049,0,-3,-9,6,-9,1,4,-6,73,-2,8,16,10,100
7280,FB,FA,FE,01,03,02,09,FA,000B,-5,-6,-2,1,3,2,9,-6,11,-40,8,16,10,100
7281,FE,FC,F8,FB,05,FA,FE,F7,FFCB,-2,-4,-8,-5,5,-6,-2,-9,-53,22,8,16,10,100
7282,FD,09,0A,09,05,F7,FE,03,FFEC,-3,9,10,9,5,-9,-2,3,-20,-109,8,16,10,100
7283,FC,FD,01,FB,F8,FD,FE,01,0024,-4,-3,1,-5,-8,-3,-2,1,36,70,8,16,10,100
7284,02,FF,05,04,06,03,07,07,0058,2,-1,5,4,6,3,7,7,88,160,8,16,10,100
7285,F6,07,F8,0A,F9,F7,09,F7,FFAB,-10,7,-8,10,-7,-9,9,-9,-85,-240,8,16,10,100
7286,FE,FA,08,FD,F6,0A,FE,F7,000C,-2,-6,8,-3,-10,10,-2,-9,12,-17,8,16,10,100
7287,F6,03,F6,FB,F8,FC,04,F9,FFF9,-10,3,-10,-5,-8,-4,4,-7,-7,56,8,16,10,100
7288,FD,0A,FC,01,01,FA,09,FF,FFB0,-3,10,-4,1,1,-6,9,-1,-80,-180,8,16,10,100
7289,FC,FC,05,05,04,02,03,FB,0031,-4,-4,5,5,4,2,3,-5,49,15,8,16,10,100
7290,FA,FD,FD,FB,08,00,FD,FD,FFB7,-6,-3,-3,-5,8,0,-3,-3,-73,-97,8,16,10,100
7291,07,0A,FB,F8,00,F6,04,03,000D,7,10,-5,-8,0,-10,4,3,13,-131,8,16,10,100
7292,FF,01,F7,02,02,05,0A,FE,FFF2,-1,1,-9,2,2,5,10,-2,-14,-105,8,16,10,100
7293,FE,02,07,07,FC,FD,00,FC,FFB6,-2,2,7,7,-4,-3,0,-4,-74,-100,8,16,10,100
7294,0A,04,09,FA,FD,07,04,00,003D,10,4,9,-6,-3,7,4,0,61,95,8,16,10,100
7295,FE,08,06,04,06,FA,02,08,001F,-2,8,6,4,6,-6,2,8,31,15,8,16,10,100
7296,02,07,06,FB,04,03,FE,06,0006,2,7,6,-5,4,3,-2,6,6,-7,8,16,10,100
7297,01,FE,01,08,01,09,FC,09,FFFE,1,-2,1,8,1,9,-4,9,-2,49,8,16,10,100
7298,FA,FF,03,FA,09,07,FF,02,FFFB,-6,-1,3,-6,9,7,-1,2,-5,-81,8,16,10,100
7299,0A,F7,F9,04,02,00,FD,00,FFA1,10,-9,-7,4,2,0,-3,0,-95,-54,8,16,10,100
7300,F7,FD,F8,00,FC,03,01,00,FFD8,-9,-3,-8,0,-4,3,1,0,-40,-21,8,16,10,100
7301,00,FC,FB,FA,0A,0A,FE,FC,FFBC,0,-4,-5,-6,10,10,-2,-4,-68,-74,8,16,10,100
7302,08,F9,00,0A,06,FA,FA,01,005C,8,-7,0,10,6,-6,-6,1,92,192,8,16,10,100
7303,08,02,06,00,FF,07,03,09,0028,8,2,6,0,-1,7,3,9,40,64,8,16,10,100
7304,FD,04,05,00,0A,03,01,09,FFD3,-3,4,5,0,10,3,1,9,-45,-58,8,16,10,100
7305,02,08,00,07,FD,00,0A,06,FFD3,2,8,0,7,-3,0,10,6,-45,-9,8,16,10,100
7306,FC,FC,09,0A,08,FD,FD,04,FFD4,-4,-4,9,10,8,-3,-3,4,-44,-51,8,16,10,100
7307,09,0A,FD,08,FB,FA,FE,FD,0013,9,10,-3,8,-5,-6,-2,-3,19,-104,8,16,10,100
7308,FB,F7,03,FC,FF,FF,09,05,0008,-5,-9,3,-4,-1,-1,9,5,8,29,8,16,10,100
7309,03,05,F6,F8,FD,08,03,FB,FFF6,3,5,-10,-8,-3,8,3,-5,-10,31,8,16,10,100
7310,03,FD,FE,F6,05,F9,07,F6,FFD8,3,-3,-2,-10,5,-7,7,-10,-40,82,8,16,10,100
7311,07,04,F6,00,09,0A,02,08,0031,7,4,-10,0,9,10,2,8,49,132,8,16,10,100
7312,F9,FF,FB,08,FF,05,08,05,FFDD,-7,-1,-5,8,-1,5,8,5,-35,-33,8,16,10,100
7313,FC,05,F7,FC,F6,06,FD,FB,FFC8,-4,5,-9,-4,-10,6,-3,-5,-56,61,8,16,10,100
7314,01,05,F8,04,FD,FA,FE,09,FFD5,1,5,-8,4,-3,-6,-2,9,-43,-24,8,16,10,100
7315,06,F9,F8,05,0A,08,08,09,FFB9,6,-7,-8,5,10,8,8,9,-71,-86,8,16,10,100
7316,F7,FC,01,FD,08,08,0A,F9,0045,-9,-4,1,-3,8,8,10,-7,69,-4,8,16,10,100
7317,FD,05,F7,FA,FE,00,01,07,0027,-3,5,-9,-6,-2,0,1,7,39,-6,8,16,10,100
7318,FF,F8,F8,F8,FE,09,FD,F7,FFA2,-1,-8,-8,-8,-2,9,-3,-9,-94,-68,8,16,10,100
7319,09,FF,FE,FC,09,FF,FB,FD,0002,9,-1,-2,-4,9,-1,-5,-3,2,106,8,16,10,100
7320,09,FC,09,07,FF,FD,09,FB,FFC2,9,-4,9,7,-1,-3,9,-5,-62,-13,8,16,10,100
7321,0A,04,00,0A,FF,F6,00,FE,FFD0,10,4,0,10,-1,-10,0,-2,-48,-118,8,16,10,100
7322,F8,07,02,FA,01,FC,F6,F9,FFF5,-8,7,2,-6,1,-4,-10,-7,-11,-25,8,16,10,100
7323,02,F6,FE,00,F8,03,07,F7,0002,2,-10,-2,0,-8,3,7,-9,2,-58,8,16,10,100
7324,0A,09,00,05,0A,F9,04,02,FFA4,10,9,0,5,10,-7,4,2,-92,-45,8,16,10,100
7325,0A,0A,01,F7,FF,FA,0A,F9,FFC1,10,10,1,-9,-1,-6,10,-7,-63,-60,8,16,10,100
7326,00,FE,FC,03,F7,08,00,FC,FFB9,0,-2,-4,3,-9,8,0,-4,-71,-99,8,16,10,100
7327,0A,02,01,FC,07,07,FE,04,005E,10,2,1,-4,7,7,-2,4,94,160,8,16,10,100
7328,08,06,FB,FB,F9,02,F6,02,FFC5,8,6,-5,-5,-7,2,-10,2,-59,-63,8,16,10,100
7329,F8,05,F9,00,00,FD,FE,08,0037,-8,5,-7,0,0,-3,-2,8,55,54,8,16,10,100
7330,F9,07,05,F6,05,F8,F9,F9,0048,-7,7,5,-10,5,-8,-7,-7,72,16,8,16,10,100
7331,00,FE,FE,F9,0A,FF,0A,0A,000A,0,-2,-2,-7,10,-1,10,10,10,-78,8,16,10,100
7332,00,FC,01,0A,01,01,FF,04,001E,0,-4,1,10,1,1,-1,4,30,65,8,16,10,100
7333,0A,06,00,03,04,01,02,07,FFE4,10,6,0,3,4,1,2,7,-28,39,8,16,10,100
7334,06,08,03,07,07,09,FF,09,0040,6,8,3,7,7,9,-1,9,64,238,8,16,10,100
7335,F7,FD,FE,F7,FD,05,01,0A,FFE3,-9,-3,-2,-9,-3,5,1,10,-29,-109,8,16,10,100
7336,08,01,09,F9,04,05,F9,08,FFB9,8,1,9,-7,4,5,-7,8,-71,-153,8,16,10,100
7337,07,04,FD,07,F6,FE,F6,01,0025,7,4,-3,7,-10,-2,-10,1,37,-4,8,16,10,100
7338,F8,04,F8,FB,F6,FF,F8,FF,004A,-8,4,-8,-5,-10,-1,-8,-1,74,219,8,16,10,100
7339,00,06,FE,08,F9,FE,F9,F9,FFFD,0,6,-2,8,-7,-2,-7,-7,-3,-57,8,16,10,100
7340,FF,08,FB,08,03,03,09,01,0018,-1,8,-5,8,3,3,9,1,24,8,8,16,10,100
7341,01,04,F6,F9,F9,05,FC,05,FFB0,1,4,-10,-7,-7,5,-4,5,-80,-62,8,16,10,100
7342,0A,0A,03,02,F6,0A,FD,F9,0062,10,10,3,2,-10,10,-3,-7,98,75,8,16,10,100
7343,FB,00,FC,08,FD,06,FE,0A,0026,-5,0,-4,8,-3,6,-2,10,38,141,8,16,10,100
7344,01,08,02,03,F7,01,00,FF,FFDE,1,8,2,3,-9,1,0,-1,-34,-38,8,16,10,100
7345,07,FB,06,01,FB,09,08,FB,FFDC,7,-5,6,1,-5,9,8,-5,-36,-73,8,16,10,100
7346,01,03,04,04,02,04,F6,F6,FFB4,1,3,4,4,2,4,-10,-10,-76,-142,8,16,10,100
7347,00,08,01,04,03,01,FA,FF,0057,0,8,1,4,3,1,-6,-1,87,85,8,16,10,100
7348,F6,03,00,03,FE,FD,09,0A,FFC8,-10,3,0,3,-2,-3,9,10,-56,-15,8,16,10,100
7349,02,FA,00,0A,00,F7,FB,08,000B,2,-6,0,10,0,-9,-5,8,11,145,8,16,10,100
7350,02,FF,FB,08,F8,00,FE,08,0055,2,-1,-5,8,-8,0,-2,8,85,143,8,16,10,100
7351,FF,08,F7,07,05,FB,F8,F9,FFA5,-1,8,-9,7,5,-5,-8,-7,-91,-113,8,16,10,100
7352,F7,07,03,F9,FB,FD,F8,05,FFD0,-9,7,3,-7,-5,-3,-8,5,-48,-83,8,16,10,100
7353,02,FE,F6,F6,0A,04,01,01,FFB8,2,-2,-10,-10,10,4,1,1,-72,-80,8,16,10,100
7354,02,FD,04,FA,F9,0A,04,FC,FFBF,2,-3,4,-6,-7,10,4,-4,-65,-69,8,16,10,100
7355,FB,03,09,F6,02,06,03,F8,FFB9,-5,3,9,-10,2,6,3,-8,-71,44,8,16,10,100
7356,FA,04,00,F9,09,04,08,02,0008,-6,4,0,-7,9,4,8,2,8,-44,8,16,10,100
7357,05,FF,FC,FC,FE,04,0A,02,FFE7,5,-1,-4,-4,-2,4,10,2,-25,-87,8,16,10,100
7358,05,06,0A,F7,05,01,FA,FF,0020,5,6,10,-9,5,1,-6,-1,32,12,8,16,10,100
7359,FF,06,FD,05,FE,05,07,01,FFA6,-1,6,-3,5,-2,5,7,1,-90,-74,8,16,10,100
7360,01,02,03,FB,07,07,04,F6,FFEA,1,2,3,-5,7,7,4,-10,-22,61,8,16,10,100
7361,03,0A,02,FD,FE,06,FE,04,0024,3,10,2,-3,-2,6,-2,4,36,74,8,16,10,100
7362,FC,02,F9,F8,F8,04,00,F6,FFE3,-4,2,-7,-8,-8,4,0,-10,-29,91,8,16,10,100
7363,F8,09,03,F9,F9,FB,F7,FE,0040,-8,9,3,-7,-7,-5,-9,-2,64,62,8,16,10,100
7364,FF,F7,06,FB,FC,FC,FB,01,0062,-1,-9,6,-5,-4,-4,-5,1,98,103,8,16,10,100
7365,00,F9,FD,FF,06,09,06,04,001D,0,-7,-3,-1,6,9,6,4,29,-56,8,16,10,100
7366,05,03,F7,FD,FC,FC,FE,FB,FFBD,5,3,-9,-3,-4,-4,-2,-5,-67,-66,8,16,10,100
7367,F6,FE,FD,00,03,09,FD,FB,FFBD,-10,-2,-3,0,3,9,-3,-5,-67,-106,8,16,10,100
7368,FF,0A,08,02,09,07,F7,FC,FFD1,-1,10,8,2,9,7,-9,-4,-47,-66,8,16,10,100
7369,09,03,01,FE,F7,F9,FE,01,FFB1,9,3,1,-2,-9,-7,-2,1,-79,-185,8,16,10,100
7370,00,FD,06,02,FD,06,FE,08,FFC4,0,-3,6,2,-3,6,-2,8,-60,-74,8,16,10,100
7371,F6,02,06,09,FC,0A,05,0A,FFA7,-10,2,6,9,-4,10,5,10,-89,91,8,16,10,100
7372,F6,FE,F9,FA,F7,00,00,08,0012,-10,-2,-7,-6,-9,0,0,8,18,60,8,16,10,100
7373,03,0A,09,02,08,FF,05,06,003D,3,10,9,2,8,-1,5,6,61,132,8,16,10,100
7374,FD,00,0A,03,F9,09,FE,06,0058,-3,0,10,3,-7,9,-2,6,88,107,8,16,10,100
7375,FF,03,01,FE,06,FA,05,01,0013,-1,3,1,-2,6,-6,5,1,19,-2,8,16,10,100
7376,F7,FE,06,05,08,FC,07,FE,FFA9,-9,-2,6,5,8,-4,7,-2,-87,-119,8,16,10,100
7377,06,FF,0A,02,FA,FD,02,06,000D,6,-1,10,2,-6,-3,2,6,13,12,8,16,10,100
7378,FE,06,05,04,05,FB,01,02,0025,-2,6,5,4,5,-5,1,2,37,10,8,16,10,100
7379,0A,F7,09,04,F9,03,FD,FD,FFD5,10,-9,9,4,-7,3,-3,-3,-43,-179,8,16,10,100
7380,0A,08,F8,F8,00,08,07,FC,004A,10,8,-8,-8,0,8,7,-4,74,114,8,16,10,100
7381,F6,06,08,F6,FC,04,FE,06,0023,-10,6,8,-10,-4,4,-2,6,35,23,8,16,10,100
7382,FD,03,FD,04,02,F7,FC,FD,0056,-3,3,-3,4,2,-9,-4,-3,86,53,8,16,10,100
7383,F7,01,F7,F7,09,01,F7,00,FFEF,-9,1,-9,-9,9,1,-9,0,-17,-16,8,16,10,100
7384,F9,F6,01,06,FF,04,F7,04,FFB5,-7,-10,1,6,-1,4,-9,4,-75,-93,8,16,10,100
7385,04,F6,07,07,0A,01,03,04,002D,4,-10,7,7,10,1,3,4,45,124,8,16,10,100
7386,FF,01,FE,01,05,03,F7,01,FFA9,-1,1,-2,1,5,3,-9,1,-87,-70,8,16,10,100
7387,FA,0A,09,0A,FA,09,03,FE,FFA3,-6,10,9,10,-6,9,3,-2,-93,40,8,16,10,100
7388,05,05,FA,06,04,02,04,04,002C,5,5,-6,6,4,2,4,4,44,74,8,16,10,100
7389,06,0A,07,FE,07,F7,08,F7,FFC1,6,10,7,-2,7,-9,8,-9,-63,-37,8,16,10,100
7390,02,0A,F8,04,06,FA,F9,03,0012,2,10,-8,4,6,-6,-7,3,18,38,8,16,10,100
7391,03,F7,FC,02,02,FF,F9,02,000F,3,-9,-4,2,2,-1,-7,2,15,62,8,16,10,100
7392,F7,FB,03,0A,FD,F6,06,F7,005B,-9,-5,3,10,-3,-10,6,-9,91,96,8,16,10,100
7393,F9,F6,04,FF,FD,04,00,03,002D,-7,-10,4,-1,-3,4,0,3,45,23,8,16,10,100
7394,0A,07,FB,0A,FF,FC,02,04,FFFF,10,7,-5,10,-1,-4,2,4,-1,-9,8,16,10,100
7395,05,F8,FE,07,F9,F6,FB,F6,0054,5,-8,-2,7,-7,-10,-5,-10,84,69,8,16,10,100
7396,03,F7,FC,FA,07,01,08,FE,0060,3,-9,-4,-6,7,1,8,-2,96,88,8,16,10,100
7397,09,02,08,FE,04,08,FE,F8,FFD5,9,2,8,-2,4,8,-2,-8,-43,9,8,16,10,100
7398,FA,02,03,03,01,F6,00,02,FFDE,-6,2,3,3,1,-10,0,2,-34,-54,8,16,10,100
7399,02,03,FB,01,F6,03,06,F9,0009,2,3,-5,1,-10,3,6,-7,9,-39,8,16,10,100
7400,FD,07,F6,F7,09,F9,00,07,0005,-3,7,-10,-9,9,-7,0,7,5,-134,8,16,10,100
7401,F6,FD,F6,09,F8,FA,03,FF,FFAB,-10,-3,-10,9,-8,-6,3,-1,-85,-26,8,16,10,100
7402,09,F9,FD,FD,FC,00,FE,08,FF9F,9,-7,-3,-3,-4,0,-2,8,-97,-151,8,16,10,100
7403,05,FF,F7,05,FC,01,03,FC,005A,5,-1,-9,5,-4,1,3,-4,90,22,8,16,10,100
7404,06,F7,05,05,00,FD,03,00,0064,6,-9,5,5,0,-3,3,0,100,142,8,16,10,100
7405,FE,FC,08,F7,04,F8,01,FC,FFD4,-2,-4,8,-9,4,-8,1,-4,-44,24,8,16,10,100
7406,F7,FD,03,F8,FB,FB,FE,FC,FFFF,-9,-3,3,-8,-5,-5,-2,-4,-1,85,8,16,10,100
7407,09,00,09,F9,04,F9,F9,FE,002E,9,0,9,-7,4,-7,-7,-2,46,33,8,16,10,100
7408,02,07,F7,09,06,08,F6,09,FFBD,2,7,-9,9,6,8,-10,9,-67,172,8,16,10,100
7409,FB,02,F9,F8,08,05,FC,05,FFCD,-5,2,-7,-8,8,5,-4,5,-51,-93,8,16,10,100
7410,00,04,09,F8,04,FA,01,FA,FFF3,0,4,9,-8,4,-6,1,-6,-13,20,8,16,10,100
7411,FB,09,FE,F6,01,FA,03,F8,0006,-5,9,-2,-10,1,-6,3,-8,6,21,8,16,10,100
7412,00,06,0A,08,07,08,05,07,0012,0,6,10,8,7,8,5,7,18,172,8,16,10,100
7413,F9,05,FE,FF,FE,09,FC,08,0011,-7,5,-2,-1,-2,9,-4,8,17,76,8,16,10,100
7414,F8,FB,00,03,FA,03,FB,06,0014,-8,-5,0,3,-6,3,-5,6,20,71,8,16,10,100
7415,FA,03,F7,04,04,07,F8,FB,FFF0,-6,3,-9,4,4,7,-8,-5,-16,33,8,16,10,100
7416,F8,0A,05,F6,FE,07,00,FC,0015,-8,10,5,-10,-2,7,0,-4,21,147,8,16,10,100
7417,02,FF,02,07,00,07,FC,06,FFBA,2,-1,2,7,0,7,-4,6,-70,-43,8,16,10,100
7418,07,04,03,FB,FE,01,08,F7,FFA2,7,4,3,-5,-2,1,8,-9,-94,-35,8,16,10,100
7419,FE,04,08,02,FF,01,05,04,FFE0,-2,4,8,2,-1,1,5,4,-32,22,8,16,10,100
7420,FF,00,0A,07,07,0A,01,F7,FF9C,-1,0,10,7,7,10,1,-9,-100,-160,8,16,10,100
7421,09,F7,FF,08,FC,08,FF,09,0005,9,-9,-1,8,-4,8,-1,9,5,-30,8,16,10,100
7422,FB,FE,01,06,F9,F8,0A,04,FFDE,-5,-2,1,6,-7,-8,10,4,-34,51,8,16,10,100
7423,FA,05,06,FB,08,02,04,FD,FFAC,-6,5,6,-5,8,2,4,-3,-84,-83,8,16,10,100
7424,06,00,03,F6,04,05,FB,08,FFE0,6,0,3,-10,4,5,-5,8,-32,-103,8,16,10,100
7425,FB,05,FD,F7,08,08,06,F7,FFB5,-5,5,-3,-9,8,8,6,-9,-75,-12,8,16,10,100
7426,08,F9,01,04,09,02,FC,05,FF9F,8,-7,1,4,9,2,-4,5,-97,-23,8,16,10,100
7427,FD,F8,01,03,F9,09,FA,09,FF9D,-3,-8,1,3,-7,9,-6,9,-99,-129,8,16,10,100
7428,04,02,FF,02,FA,06,01,05,0059,4,2,-1,2,-6,6,1,5,89,86,8,16,10,100
7429,00,05,01,05,07,F8,F7,06,FFDD,0,5,1,5,7,-8,-9,6,-35,-54,8,16,10,100
7430,F9,FA,FD,09,FF,FF,FE,FD,FFB5,-7,-6,-3,9,-1,-1,-2,-3,-75,-83,8,16,10,100
7431,05,05,02,FE,FE,FF,05,FD,0017,5,5,2,-2,-2,-1,5,-3,23,24,8,16,10,100
7432,07,05,06,07,FE,09,FB,F7,0004,7,5,6,7,-2,9,-5,-9,4,-58,8,16,10,100
7433,09,FF,F6,07,00,00,F7,FF,001F,9,-1,-10,7,0,0,-9,-1,31,114,8,16,10,100
7434,F9,F8,02,FA,0A,FE,01,08,FFF5,-7,-8,2,-6,10,-2,1,8,-11,-111,8,16,10,100
7435,F9,09,09,07,FB,03,F9,F9,001F,-7,9,9,7,-5,3,-7,-7,31,-19,8,16,10,100
7436,04,F6,07,FE,0A,09,F6,F9,001F,4,-10,7,-2,10,9,-10,-7,31,-75,8,16,10,100
7437,FB,04,F9,FB,FB,0A,F8,08,FFFF,-5,4,-7,-5,-5,10,-8,8,-1,80,8,16,10,100
7438,05,F7,02,05,F7,08,FD,04,FFDE,5,-9,2,5,-9,8,-3,4,-34,-137,8,16,10,100
7439,FB,FD,FC,05,05,06,FC,FB,000A,-5,-3,-4,5,5,6,-4,-5,10,-42,8,16,10,100
7440,FF,09,F6,00,F6,FD,0A,01,003D,-1,9,-10,0,-10,-3,10,1,61,-56,8,16,10,100
7441,F8,01,01,FB,00,06,FB,02,FFA8,-8,1,1,-5,0,6,-5,2,-88,-97,8,16,10,100
7442,01,06,F9,04,FC,F6,07,FB,FFA4,1,6,-7,4,-4,-10,7,-5,-92,-225,8,16,10,100
7443,02,F6,FF,04,05,FF,FD,07,FFAD,2,-10,-1,4,5,-1,-3,7,-83,-32,8,16,10,100
7444,01,F7,FA,F7,F6,00,02,04,FFA2,1,-9,-6,-9,-10,0,2,4,-94,-152,8,16,10,100
7445,09,F6,FB,FF,04,FF,F6,08,FFA7,9,-10,-5,-1,4,-1,-10,8,-89,-1,8,16,10,100
7446,FA,09,FE,FA,F7,F9,F6,F6,FFED,-6,9,-2,-6,-9,-7,-10,-10,-19,52,8,16,10,100
7447,06,02,0A,00,06,F8,06,00,0035,6,2,10,0,6,-8,6,0,53,133,8,16,10,100
7448,02,09,02,01,08,09,09,F6,FFB9,2,9,2,1,8,9,9,-10,-71,34,8,16,10,100
7449,F8,FA,FE,07,FD,FF,03,09,0051,-8,-6,-2,7,-3,-1,3,9,81,168,8,16,10,100
7450,FA,FB,05,F9,F7,FF,F6,FE,003C,-6,-5,5,-7,-9,-1,-10,-2,60,83,8,16,10,100
7451,04,04,FC,FD,08,07,FB,02,0013,4,4,-4,-3,8,7,-5,2,19,93,8,16,10,100
7452,03,07,FF,07,FD,FF,F8,01,0039,3,7,-1,7,-3,-1,-8,1,57,56,8,16,10,100
7453,00,05,FA,0A,05,FE,FA,09,FFDA,0,5,-6,10,5,-2,-6,9,-38,78,8,16,10,100
7454,01,F7,F9,05,09,FF,07,00,FFDD,1,-9,-7,5,9,-1,7,0,-35,-66,8,16,10,100
7455,FD,FE,FC,04,08,04,FD,FF,FFA1,-3,-2,-4,4,8,4,-3,-1,-95,-119,8,16,10,100
7456,F9,03,F9,FF,FF,F7,F7,04,FFE1,-7,3,-7,-1,-1,-9,-9,4,-31,8,8,16,10,100
7457,FB,FF,04,FC,07,08,09,06,FFA6,-5,-1,4,-4,7,8,9,6,-90,-121,8,16,10,100
7458,FF,F6,08,06,FE,01,F6,FD,0026,-1,-10,8,6,-2,1,-10,-3,38,-68,8,16,10,100
7459,FA,05,06,01,F8,FA,FF,08,0040,-6,5,6,1,-8,-6,-1,8,64,84,8,16,10,100
7460,F8,0A,00,00,05,00,FC,01,004C,-8,10,0,0,5,0,-4,1,76,36,8,16,10,100
7461,08,0A,02,FB,F8,FB,04,F6,FFDD,8,10,2,-5,-8,-5,4,-10,-35,-91,8,16,10,100
7462,FC,08,FB,F9,03,04,07,F7,0058,-4,8,-5,-7,3,4,7,-9,88,136,8,16,10,100
7463,F7,04,04,0A,00,F7,09,00,FFFD,-9,4,4,10,0,-9,9,0,-3,-3,8,16,10,100
7464,01,09,F7,FB,03,F7,04,FC,FFBB,1,9,-9,-5,3,-9,4,-4,-69,-163,8,16,10,100
7465,05,05,09,03,09,FF,09,00,FFB3,5,5,9,3,9,-1,9,0,-77,44,8,16,10,100
7466,04,FA,02,FD,04,FA,00,FD,005C,4,-6,2,-3,4,-6,0,-3,92,153,8,16,10,100
7467,06,F7,01,FE,01,F9,00,FD,FFCD,6,-9,1,-2,1,-7,0,-3,-51,24,8,16,10,100
7468,08,0A,FA,01,FC,09,04,FC,0037,8,10,-6,1,-4,9,4,-4,55,85,8,16,10,100
7469,F8,02,01,05,01,F6,0A,0A,FFD5,-8,2,1,5,1,-10,10,10,-43,-11,8,16,10,100
7470,FE,FC,04,FA,03,FE,01,F6,FFE9,-2,-4,4,-6,3,-2,1,-10,-23,43,8,16,10,100
7471,FA,FC,03,F7,FB,0A,02,FB,FFC9,-6,-4,3,-9,-5,10,2,-5,-55,-14,8,16,10,100
7472,03,04,F6,02,00,04,02,00,0045,3,4,-10,2,0,4,2,0,69,65,8,16,10,100
7473,FD,03,FD,03,F9,F8,0A,07,FFB0,-3,3,-3,3,-7,-8,10,7,-80,-92,8,16,10,100
7474,05,FF,03,FC,05,04,02,F8,FFED,5,-1,3,-4,5,4,2,-8,-19,40,8,16,10,100
7475,FD,05,FB,02,F9,FA,01,01,003F,-3,5,-5,2,-7,-6,1,1,63,51,8,16,10,100
7476,05,FF,FD,01,08,06,F7,05,0007,5,-1,-3,1,8,6,-9,5,7,73,8,16,10,100
7477,F8,FD,F9,08,06,F9,F7,FE,FFB0,-8,-3,-7,8,6,-7,-9,-2,-80,-60,8,16,10,100
7478,F8,03,08,FF,08,02,04,FB,FFCC,-8,3,8,-1,8,2,4,-5,-52,-73,8,16,10,100
7479,F7,FA,F6,FD,09,F8,FB,F6,FFBF,-9,-6,-10,-3,9,-8,-5,-10,-65,-18,8,16,10,100
7480,FA,FF,F8,05,06,FD,06,02,004D,-6,-1,-8,5,6,-3,6,2,77,6,8,16,10,100
7481,FE,FA,04,04,FD,02,F9,FA,0043,-2,-6,4,4,-3,2,-7,-6,67,9,8,16,10,100
7482,F6,06,02,05,FC,0A,FB,F9,0040,-10,6,2,5,-4,10,-5,-7,64,119,8,16,10,100
7483,08,09,04,F9,04,FB,01,FC,FFA1,8,9,4,-7,4,-5,1,-4,-95,-76,8,16,10,100
7484,FE,F6,F7,FE,FD,05,05,F8,FFDE,-2,-10,-9,-2,-3,5,5,-8,-34,-107,8,16,10,100
7485,FA,02,FA,04,01,F6,00,FC,0015,-6,2,-6,4,1,-10,0,-4,21,-21,8,16,10,100
7486,FF,06,FC,FB,F8,FD,06,F9,005F,-1,6,-4,-5,-8,-3,6,-7,95,96,8,16,10,100
7487,F6,04,F8,FA,08,04,0A,FA,0064,-10,4,-8,-6,8,4,10,-6,100,-8,8,16,10,100
7488,FD,08,FC,02,06,F6,F6,04,003C,-3,8,-4,2,6,-10,-10,4,60,10,8,16,10,100
7489,03,02,FE,05,FE,FF,F9,07,FFEA,3,2,-2,5,-2,-1,-7,7,-22,19,8,16,10,100
7490,00,FB,09,07,00,09,F8,F9,0036,0,-5,9,7,0,9,-8,-7,54,-112,8,16,10,100
7491,07,00,06,F6,08,FC,FE,00,0063,7,0,6,-10,8,-4,-2,0,99,143,8,16,10,100
7492,FF,03,F6,F7,04,F7,0A,09,0061,-1,3,-10,-9,4,-9,10,9,97,-115,8,16,10,100
7493,F6,03,F7,FE,FD,FC,FF,07,FFFD,-10,3,-9,-2,-3,-4,-1,7,-3,10,8,16,10,100
7494,FB,05,FE,05,09,F9,FC,F7,0037,-5,5,-2,5,9,-7,-4,-9,55,-62,8,16,10,100
7495,09,09,05,FE,FE,FF,07,07,0045,9,9,5,-2,-2,-1,7,7,69,63,8,16,10,100
7496,01,05,FD,FE,0A,FE,F7,09,FFF5,1,5,-3,-2,10,-2,-9,9,-11,-2,8,16,10,100
7497,F9,01,FF,FE,06,09,08,00,FFA8,-7,1,-1,-2,6,9,8,0,-88,-129,8,16,10,100
7498,FF,00,F9,FF,01,FB,07,FB,0024,-1,0,-7,-1,1,-5,7,-5,36,-9,8,16,10,100
7499,FE,07,F8,FC,FE,01,F9,0A,FFD8,-2,7,-8,-4,-2,1,-7,10,-40,-13,8,16,10,100
7500,01,01,02,08,04,05,F9,09,000E,1,1,2,8,4,5,-7,9,14,81,8,16,10,100
7501,06,07,F8,FD,05,07,FA,01,0006,6,7,-8,-3,5,7,-6,1,6,130,8,16,10,100
7502,F7,0A,01,09,FA,F9,09,0A,0046,-9,10,1,9,-6,-7,9,10,70,153,8,16,10,100
7503,FD,09,00,0A,08,FD,FA,FC,FFA7,-3,9,0,10,8,-3,-6,-4,-89,-180,8,16,10,100
7504,00,07,08,02,06,FF,F9,00,FFCC,0,7,8,2,6,-1,-7,0,-52,-115,8,16,10,100
7505,00,FB,03,FC,FD,FD,F9,08,FFD7,0,-5,3,-4,-3,-3,-7,8,-41,-79,8,16,10,100
7506,06,F6,07,01,00,01,01,FD,0023,6,-10,7,1,0,1,1,-3,35,29,8,16,10,100
7507,09,F9,05,F8,05,FF,08,FF,000A,9,-7,5,-8,5,-1,8,-1,10,110,8,16,10,100
7508,FE,05,04,0A,01,06,08,FC,FFFE,-2,5,4,10,1,6,8,-4,-2,18,8,16,10,100
7509,01,F6,FD,07,F7,0A,06,03,003B,1,-10,-3,7,-9,10,6,3,59,-47,8,16,10,100
7510,09,04,F8,F6,F8,07,F8,09,0015,9,4,-8,-10,-8,7,-8,9,21,-49,8,16,10,100
7511,06,F6,F6,00,09,01,04,04,004B,6,-10,-10,0,9,1,4,4,75,79,8,16,10,100
7512,02,00,05,F9,01,04,06,09,FFDD,2,0,5,-7,1,4,6,9,-35,-66,8,16,10,100
7513,FC,F7,FA,02,07,FE,08,FA,FFDB,-4,-9,-6,2,7,-2,8,-6,-37,-107,8,16,10,100
7514,00,00,FF,FE,F9,01,04,02,FFDE,0,0,-1,-2,-7,1,4,2,-34,-42,8,16,10,100
7515,FC,04,FA,F7,F6,02,09,FE,FFCE,-4,4,-6,-9,-10,2,9,-2,-50,-38,8,16,10,100
7516,F8,04,06,05,04,FB,F9,00,FFB4,-8,4,6,5,4,-5,-7,0,-76,-170,8,16,10,100
7517,FF,02,05,FE,FC,03,FE,F8,0042,-1,2,5,-2,-4,3,-2,-8,66,82,8,16,10,100
7518,FF,01,02,04,08,05,07,01,002A,-1,1,2,4,8,5,7,1,42,57,8,16,10,100
7519,07,FB,F9,FB,06,02,04,F6,002D,7,-5,-7,-5,6,2,4,-10,45,99,8,16,10,100
7520,F6,00,04,FB,03,0A,08,F8,002C,-10,0,4,-5,3,10,8,-8,44,86,8,16,10,100
7521,01,FD,FE,02,F8,FC,02,FC,002F,1,-3,-2,2,-8,-4,2,-4,47,39,8,16,10,100
7522,F6,F9,05,F7,FF,0A,05,07,0038,-10,-7,5,-9,-1,10,5,7,56,-42,8,16,10,100
7523,08,F9,05,FF,F7,08,F8,08,FFBE,8,-7,5,-1,-9,8,-8,8,-66,-242,8,16,10,100
7524,FA,02,FD,09,F8,FF,FF,F6,0041,-6,2,-3,9,-8,-1,-1,-10,65,24,8,16,10,100
7525,F8,0A,FA,F7,07,03,00,03,FFAD,-8,10,-6,-9,7,3,0,3,-83,-136,8,16,10,100
7526,01,03,05,08,04,F8,F7,F9,FFFE,1,3,5,8,4,-8,-9,-7,-2,-123,8,16,10,100
7527,01,FE,FB,FD,0A,FB,03,04,FFD8,1,-2,-5,-3,10,-5,3,4,-40,-47,8,16,10,100
7528,03,00,F8,F8,F7,09,03,FD,001D,3,0,-8,-8,-9,9,3,-3,29,2,8,16,10,100
7529,F7,FC,FF,F6,FD,05,04,01,0062,-9,-4,-1,-10,-3,5,4,1,98,91,8,16,10,100
7530,00,FF,02,09,FF,F8,06,F7,FFF6,0,-1,2,9,-1,-8,6,-9,-10,-71,8,16,10,100
7531,FE,04,FD,03,01,FD,FD,00,FFDA,-2,4,-3,3,1,-3,-3,0,-38,-43,8,16,10,100
7532,06,06,03,02,05,F9,02,FE,FFD2,6,6,3,2,5,-7,2,-2,-46,-56,8,16,10,100
7533,05,02,F9,0A,FD,FF,FC,09,FFFC,5,2,-7,10,-3,-1,-4,9,-4,97,8,16,10,100
7534,FD,01,FD,FA,F9,FA,06,F9,0049,-3,1,-3,-6,-7,-6,6,-7,73,112,8,16,10,100
7535,F6,03,F9,FC,06,00,07,09,002A,-10,3,-7,-4,6,0,7,9,42,-103,8,16,10,100
7536,F9,08,FB,F8,FC,FE,05,FC,003F,-7,8,-5,-8,-4,-2,5,-4,63,82,8,16,10,100
7537,02,FD,FF,05,FE,05,09,FF,003C,2,-3,-1,5,-2,5,9,-1,60,27,8,16,10,100
7538,FA,F8,FB,09,06,02,04,09,FFB6,-6,-8,-5,9,6,2,4,9,-74,-65,8,16,10,100
7539,F9,FF,FE,F7,05,01,F6,FD,FFA5,-7,-1,-2,-9,5,1,-10,-3,-91,-80,8,16,10,100
7540,0A,FB,F9,09,04,F8,07,F8,FFE8,10,-5,-7,9,4,-8,7,-8,-24,-65,8,16,10,100
7541,F6,01,FE,F6,F8,06,03,05,000A,-10,1,-2,-10,-8,6,3,5,10,40,8,16,10,100
7542,F6,05,F7,03,F7,05,FC,FD,0016,-10,5,-9,3,-9,5,-4,-3,22,164,8,16,10,100
7543,FC,FD,F6,05,FB,F8,F9,F7,0020,-4,-3,-10,5,-5,-8,-7,-9,32,101,8,16,10,100
7544,F7,F8,07,FD,06,03,02,02,0026,-9,-8,7,-3,6,3,2,2,38,-32,8,16,10,100
7545,07,06,FC,FD,FB,02,09,00,0052,7,6,-4,-3,-5,2,9,0,82,23,8,16,10,100
7546,04,01,03,09,08,F6,F7,0A,003F,4,1,3,9,8,-10,-9,10,63,148,8,16,10,100
7547,01,FD,00,F8,FD,08,06,FC,0049,1,-3,0,-8,-3,8,6,-4,73,78,8,16,10,100
7548,00,09,FD,06,06,07,FC,FC,005F,0,9,-3,6,6,7,-4,-4,95,146,8,16,10,100
7549,FB,FF,F8,F9,08,F7,FF,FD,FFB8,-5,-1,-8,-7,8,-9,-1,-3,-72,-74,8,16,10,100
7550,06,06,04,F6,07,F6,03,09,FFF6,6,6,4,-10,7,-10,3,9,-10,-106,8,16,10,100
7551,F6,F7,09,FF,FD,F6,0A,0A,0008,-10,-9,9,-1,-3,-10,10,10,8,208,8,16,10,100
7552,05,FC,06,0A,06,04,F8,FE,FFAE,5,-4,6,10,6,4,-8,-2,-82,-136,8,16,10,100
7553,04,F6,F7,F8,FC,08,06,FC,004B,4,-10,-9,-8,-4,8,6,-4,75,-43,8,16,10,100
7554,04,05,08,FF,F6,FF,06,FC,003A,4,5,8,-1,-10,-1,6,-4,58,65,8,16,10,100
7555,01,FF,05,06,F6,FB,00,F6,0007,1,-1,5,6,-10,-5,0,-10,7,-58,8,16,10,100
7556,07,02,FC,04,FB,06,FF,FE,003D,7,2,-4,4,-5,6,-1,-2,61,34,8,16,10,100
7557,06,F9,01,08,FE,FB,04,F8,FFDF,6,-7,1,8,-2,-5,4,-8,-33,-70,8,16,10,100
7558,0A,04,F9,07,FD,F9,FF,08,FFF5,10,4,-7,7,-3,-7,-1,8,-11,-6,8,16,10,100
7559,F8,F7,00,04,04,F6,FF,07,003D,-8,-9,0,4,4,-10,-1,7,61,147,8,16,10,100
7560,09,FB,0A,03,FE,F8,03,00,001B,9,-5,10,3,-2,-8,3,0,27,79,8,16,10,100
7561,03,06,FB,F6,06,FA,FF,F9,0056,3,6,-5,-10,6,-6,-1,-7,86,143,8,16,10,100
7562,F9,09,FE,04,03,FF,F8,00,002C,-7,9,-2,4,3,-1,-8,0,44,30,8,16,10,100
7563,02,05,09,FF,F6,FA,FF,00,FFE4,2,5,9,-1,-10,-6,-1,0,-28,-87,8,16,10,100
7564,01,00,09,F9,02,05,06,02,0032,1,0,9,-7,2,5,6,2,50,92,8,16,10,100
7565,F6,06,F6,0A,FD,05,01,F6,0050,-10,6,-10,10,-3,5,1,-10,80,30,8,16,10,100
7566,05,F6,F9,0A,0A,FE,02,F9,FFDC,5,-10,-7,10,10,-2,2,-7,-36,-50,8,16,10,100
7567,09,00,FF,F9,08,FD,FF,FA,0043,9,0,-1,-7,8,-3,-1,-6,67,182,8,16,10,100
7568,04,FD,FD,00,FE,00,01,05,0052,4,-3,-3,0,-2,0,1,5,82,71,8,16,10,100
7569,01,06,04,06,FC,FE,02,03,FFE0,1,6,4,6,-4,-2,2,3,-32,-22,8,16,10,100
7570,00,F9,FD,01,FB,02,05,06,FFBA,0,-7,-3,1,-5,2,5,6,-70,-93,8,16,10,100
7571,FE,F8,F8,FD,FC,00,02,01,FF9D,-2,-8,-8,-3,-4,0,2,1,-99,-110,8,16,10,100
7572,F8,FA,06,F9,02,FF,FF,FC,003E,-8,-6,6,-7,2,-1,-1,-4,62,74,8,16,10,100
7573,02,FA,F9,FC,07,FE,02,FE,FFD7,2,-6,-7,-4,7,-2,2,-2,-41,-21,8,16,10,100
7574,05,08,F6,F9,06,FF,FD,09,0047,5,8,-10,-7,6,-1,-3,9,71,60,8,16,10,100
7575,F9,02,03,FE,FE,03,FA,08,FFB7,-7,2,3,-2,-2,3,-6,8,-73,-87,8,16,10,100
7576,F6,F9,09,01,F8,03,F7,F7,FFDC,-10,-7,9,1,-8,3,-9,-9,-36,-67,8,16,10,100
7577,05,00,01,05,FB,F9,01,0A,005C,5,0,1,5,-5,-7,1,10,92,118,8,16,10,100
7578,09,08,09,F7,0A,02,FC,06,004D,9,8,9,-9,10,2,-4,6,77,93,8,16,10,100
7579,08,FC,05,05,FC,01,0A,00,FFE1,8,-4,5,5,-4,1,10,0,-31,-17,8,16,10,100
7580,FE,06,00,F7,08,07,F8,00,FFF9,-2,6,0,-9,8,7,-8,0,-7,19,8,16,10,100
7581,01,08,09,F8,09,FA,F8,07,003C,1,8,9,-8,9,-6,-8,7,60,-107,8,16,10,100
7582,09,F9,FF,07,02,09,FD,09,0009,9,-7,-1,7,2,9,-3,9,9,30,8,16,10,100
7583,09,FE,08,F9,07,07,F7,FD,FFC8,9,-2,8,-7,7,7,-9,-3,-56,-58,8,16,10,100
7584,FC,F6,F6,06,F6,FD,05,0A,005F,-4,-10,-10,6,-10,-3,5,10,95,175,8,16,10,100
7585,F6,02,FC,03,F7,FD,F7,00,0046,-10,2,-4,3,-9,-3,-9,0,70,190,8,16,10,100
7586,F7,04,FF,F7,F8,F9,F8,04,002F,-9,4,-1,-9,-8,-7,-8,4,47,63,8,16,10,100
7587,FD,F6,07,0A,09,FB,FA,06,FFF9,-3,-10,7,10,9,-5,-6,6,-7,34,8,16,10,100
7588,FB,FF,FA,00,00,07,08,03,FFE0,-5,-1,-6,0,0,7,8,3,-32,-87,8,16,10,100
7589,05,07,06,03,F9,F9,F8,FA,FFC0,5,7,6,3,-7,-7,-8,-6,-64,-214,8,16,10,100
7590,0A,02,08,F7,FB,F6,06,F8,FFFE,10,2,8,-9,-5,-10,6,-8,-2,48,8,16,10,100
7591,00,FD,05,FC,01,06,FA,FA,002D,0,-3,5,-4,1,6,-6,-6,45,21,8,16,10,100
7592,FB,05,FE,05,F8,FF,FE,FC,FFE2,-5,5,-2,5,-8,-1,-2,-4,-30,-11,8,16,10,100
7593,09,FA,0A,01,F9,06,FC,04,0062,9,-6,10,1,-7,6,-4,4,98,-37,8,16,10,100
7594,FD,00,02,F9,03,08,01,00,0029,-3,0,2,-7,3,8,1,0,41,34,8,16,10,100
7595,FA,0A,F8,F8,03,FC,08,07,000A,-6,10,-8,-8,3,-4,8,7,10,-168,8,16,10,100
7596,01,F7,02,09,09,0A,07,FB,FFA8,1,-9,2,9,9,10,7,-5,-88,-200,8,16,10,100
7597,FE,02,01,00,07,FB,FA,02,0016,-2,2,1,0,7,-5,-6,2,22,-8,8,16,10,100
7598,FD,FA,F6,05,F7,F8,02,05,FFDB,-3,-6,-10,5,-9,-8,2,5,-37,43,8,16,10,100
7599,F6,F9,FC,07,05,F6,09,F6,0029,-10,-7,-4,7,5,-10,9,-10,41,-45,8,16,10,100
7600,02,F9,F7,FF,FD,06,F7,08,FFB4,2,-7,-9,-1,-3,6,-9,8,-76,-51,8,16,10,100
7601,01,FB,00,F8,F8,FD,FC,F9,FFB3,1,-5,0,-8,-8,-3,-4,-7,-77,-14,8,16,10,100
7602,07,03,03,05,FA,07,05,05,0001,7,3,3,5,-6,7,5,5,1,20,8,16,10,100
7603,0A,F9,06,FE,FE,00,FA,01,FFB7,10,-7,6,-2,-2,0,-6,1,-73,-131,8,16,10,100
7604,F8,01,05,04,09,05,F6,04,FFDC,-8,1,5,4,9,5,-10,4,-36,-137,8,16,10,100
7605,09,01,FF,07,05,09,09,F6,FFD4,9,1,-1,7,5,9,9,-10,-44,-69,8,16,10,100
7606,08,F8,03,0A,07,05,09,07,0019,8,-8,3,10,7,5,9,7,25,138,8,16,10,100
7607,03,08,FC,FF,08,FF,F9,FD,FFA7,3,8,-4,-1,8,-1,-7,-3,-89,-42,8,16,10,100
7608,FC,07,04,02,01,03,01,FF,FFD1,-4,7,4,2,1,3,1,-1,-47,-28,8,16,10,100
7609,00,09,01,F7,FB,05,07,07,003B,0,9,1,-9,-5,5,7,7,59,48,8,16,10,100
7610,03,FF,FF,04,FD,04,FC,05,FFB3,3,-1,-1,4,-3,4,-4,5,-77,-66,8,16,10,100
7611,F6,09,F9,FF,02,04,04,F7,0033,-10,9,-7,-1,2,4,4,-9,51,48,8,16,10,100
7612,FB,0A,06,F7,08,05,02,F7,FFCF,-5,10,6,-9,8,5,2,-9,-49,54,8,16,10,100
7613,05,03,0A,01,F8,FC,07,05,FFDE,5,3,10,1,-8,-4,7,5,-34,-11,8,16,10,100
7614,09,07,07,FA,FA,FD,07,04,0058,9,7,7,-6,-6,-3,7,4,88,38,8,16,10,100
7615,07,FF,FC,FF,F6,FE,08,FB,005B,7,-1,-4,-1,-10,-2,8,-5,91,-4,8,16,10,100
7616,FF,F7,02,06,00,FE,F8,F8,FFCA,-1,-9,2,6,0,-2,-8,-8,-54,-100,8,16,10,100
7617,FB,09,FD,00,0A,00,F6,08,FFA7,-5,9,-3,0,10,0,-10,8,-89,-109,8,16,10,100
7618,FC,FD,00,01,02,08,04,F6,FFBE,-4,-3,0,1,2,8,4,-10,-66,-108,8,16,10,100
7619,F9,F8,01,F9,F6,FE,F6,F8,0041,-7,-8,1,-7,-10,-2,-10,-8,65,197,8,16,10,100
7620,08,F9,F6,FE,07,0A,09,F8,0029,8,-7,-10,-2,7,10,9,-8,41,-47,8,16,10,100
7621,FD,04,0A,00,04,FD,FA,01,0055,-3,4,10,0,4,-3,-6,1,85,1,8,16,10,100
7622,F8,FD,FB,FC,FC,07,05,FC,FFEF,-8,-3,-5,-4,-4,7,5,-4,-17,-15,8,16,10,100
7623,03,04,F7,05,09,05,FB,08,FFCA,3,4,-9,5,9,5,-5,8,-54,78,8,16,10,100
7624,08,F9,04,0A,0A,FF,06,F7,0043,8,-7,4,10,10,-1,6,-9,67,88,8,16,10,100
7625,FC,F8,01,FE,F6,00,09,F7,FFF6,-4,-8,1,-2,-10,0,9,-9,-10,57,8,16,10,100
7626,07,0A,06,FB,FF,F7,FC,FA,0006,7,10,6,-5,-1,-9,-4,-6,6,-85,8,16,10,100
7627,03,FF,00,02,FE,FD,02,08,001E,3,-1,0,2,-2,-3,2,8,30,43,8,16,10,100
7628,04,F6,08,08,03,04,FE,01,FFCD,4,-10,8,8,3,4,-2,1,-51,-87,8,16,10,100
7629,F6,02,0A,04,04,08,09,08,0049,-10,2,10,4,4,8,9,8,73,171,8,16,10,100
7630,F7,F6,09,03,04,08,04,02,FFFB,-9,-10,9,3,4,8,4,2,-5,-79,8,16,10,100
7631,FF,FB,F6,08,F7,06,F7,0A,0007,-1,-5,-10,8,-9,6,-9,10,7,156,8,16,10,100
7632,FF,FE,01,03,FD,04,FA,FD,0024,-1,-2,1,3,-3,4,-6,-3,36,16,8,16,10,100
7633,F6,FC,05,00,05,0A,FF,0A,FFC9,-10,-4,5,0,5,10,-1,10,-55,-150,8,16,10,100
7634,F7,07,08,FC,FF,FA,04,00,003A,-9,7,8,-4,-1,-6,4,0,58,57,8,16,10,100
7635,06,06,FB,05,FB,01,F7,FE,FFB9,6,6,-5,5,-5,1,-9,-2,-71,-60,8,16,10,100
7636,F9,F6,04,09,FA,FD,F9,F6,001A,-7,-10,4,9,-6,-3,-7,-10,26,-20,8,16,10,100
7637,FF,03,09,08,02,01,F7,FE,003C,-1,3,9,8,2,1,-9,-2,60,-36,8,16,10,100
7638,F6,08,F7,F9,03,FB,FC,09,FFD5,-10,8,-9,-7,3,-5,-4,9,-43,-140,8,16,10,100
7639,F6,FA,FE,00,F6,F9,0A,F8,FFA9,-10,-6,-2,0,-10,-7,10,-8,-87,35,8,16,10,100
7640,03,FC,01,FF,00,F7,09,FA,FFAF,3,-4,1,-1,0,-9,9,-6,-81,-30,8,16,10,100
7641,FC,07,01,09,08,03,F7,09,FFC9,-4,7,1,9,8,3,-9,9,-55,6,8,16,10,100
7642,05,04,09,F8,FF,02,02,02,000F,5,4,9,-8,-1,2,2,2,15,20,8,16,10,100
7643,FB,FB,FE,FD,FE,02,03,FC,FFBF,-5,-5,-2,-3,-2,2,3,-4,-65,-59,8,16,10,100
7644,05,0A,09,05,F9,03,07,03,0034,5,10,9,5,-7,3,7,3,52,125,8,16,10,100
7645,00,F8,F7,08,FD,FC,FC,09,FFA5,0,-8,-9,8,-3,-4,-4,9,-91,49,8,16,10,100
7646,05,06,F9,00,03,F9,FB,08,FFAD,5,6,-7,0,3,-7,-5,8,-83,-75,8,16,10,100
7647,F8,0A,F9,F7,0A,0A,01,F6,FFD2,-8,10,-7,-9,10,10,1,-10,-46,57,8,16,10,100
7648,00,07,09,03,09,F8,F9,01,FFCB,0,7,9,3,9,-8,-7,1,-53,-169,8,16,10,100
7649,FE,04,09,09,FB,00,F9,00,005F,-2,4,9,9,-5,0,-7,0,95,42,8,16,10,100
7650,00,FD,06,05,08,FD,FD,01,0009,0,-3,6,5,8,-3,-3,1,9,5,8,16,10,100
7651,FC,08,F6,FD,02,0A,F6,FC,FFCE,-4,8,-10,-3,2,10,-10,-4,-50,134,8,16,10,100
7652,00,08,00,06,0A,01,FD,05,FFF8,0,8,0,6,10,1,-3,5,-8,30,8,16,10,100
7653,0A,0A,09,FD,F8,FB,F6,01,FFF8,10,10,9,-3,-8,-5,-10,1,-8,-231,8,16,10,100
7654,FD,FC,F9,06,FD,01,08,FC,FFFA,-3,-4,-7,6,-3,1,8,-4,-6,-81,8,16,10,100
7655,04,F9,09,06,F8,02,06,FA,0030,4,-7,9,6,-8,2,6,-6,48,20,8,16,10,100
7656,00,03,F8,F9,FC,F9,06,FF,0048,0,3,-8,-7,-4,-7,6,-1,72,10,8,16,10,100
7657,03,FF,05,06,09,FB,FD,0A,FFE6,3,-1,5,6,9,-5,-3,10,-26,51,8,16,10,100
7658,FE,F8,05,F8,FE,FC,05,00,FFAA,-2,-8,5,-8,-2,-4,5,0,-86,-25,8,16,10,100
7659,F9,FE,05,08,FE,FD,07,F8,000C,-7,-2,5,8,-2,-3,7,-8,12,3,8,16,10,100
7660,F8,06,F7,FE,04,FB,FD,FD,FF9C,-8,6,-9,-2,4,-5,-3,-3,-100,-129,8,16,10,100
7661,05,00,00,0A,F8,07,00,04,001E,5,0,0,10,-8,7,0,4,30,30,8,16,10,100
7662,FB,FB,FB,F6,03,FB,FE,FA,0020,-5,-5,-5,-10,3,-5,-2,-6,32,112,8,16,10,100
7663,0A,09,01,F6,F7,00,FE,05,FFE6,10,9,1,-10,-9,0,-2,5,-26,-168,8,16,10,100
7664,0A,FF,0A,03,06,02,FD,FC,0021,10,-1,10,3,6,2,-3,-4,33,49,8,16,10,100
7665,FD,06,F7,02,FC,04,05,02,FFC1,-3,6,-9,2,-4,4,5,2,-63,-68,8,16,10,100
7666,F8,05,F7,F9,02,FA,00,FD,0010,-8,5,-9,-7,2,-6,0,-3,16,-9,8,16,10,100
7667,F7,FB,FD,07,03,F8,02,F8,FFAA,-9,-5,-3,7,3,-8,2,-8,-86,-135,8,16,10,100
7668,05,05,00,FE,FF,F6,05,FE,FFB6,5,5,0,-2,-1,-10,5,-2,-74,-125,8,16,10,100
7669,04,F6,09,FE,FA,F7,F9,F7,005C,4,-10,9,-2,-6,-9,-7,-9,92,113,8,16,10,100
7670,FA,07,FC,F6,FA,FE,FD,FC,001A,-6,7,-4,-10,-6,-2,-3,-4,26,100,8,16,10,100
7671,05,FA,F8,F9,FF,FE,F7,02,005B,5,-6,-8,-7,-1,-2,-9,2,91,156,8,16,10,100
7672,FC,F7,03,03,03,F8,FE,02,0048,-4,-9,3,3,3,-8,-2,2,72,132,8,16,10,100
7673,02,07,F6,F8,F7,F7,FF,F9,FFE9,2,7,-10,-8,-9,-9,-1,-7,-23,-38,8,16,10,100
7674,FB,F8,04,F9,03,FB,F9,08,0048,-5,-8,4,-7,3,-5,-7,8,72,13,8,16,10,100
7675,F7,07,0A,05,09,F6,F9,00,001C,-9,7,10,5,9,-10,-7,0,28,-193,8,16,10,100
7676,FF,02,08,01,F7,F6,FD,F6,0034,-1,2,8,1,-9,-10,-3,-10,52,7,8,16,10,100
7677,02,07,00,F9,08,06,F6,F8,0007,2,7,0,-7,8,6,-10,-8,7,121,8,16,10,100
7678,08,00,0A,04,06,04,03,07,0006,8,0,10,4,6,4,3,7,6,112,8,16,10,100
7679,F9,FD,FD,01,FE,08,04,00,FFB5,-7,-3,-3,1,-2,8,4,0,-75,-97,8,16,10,100
7680,04,FA,FD,01,F7,06,FC,FB,FFAE,4,-6,-3,1,-9,6,-4,-5,-82,-147,8,16,10,100
7681,F9,05,FF,00,F6,03,07,05,FFE1,-7,5,-1,0,-10,3,7,5,-31,47,8,16,10,100
7682,FC,00,06,03,09,FF,FA,01,FFA8,-4,0,6,3,9,-1,-6,1,-88,-157,8,16,10,100
7683,05,05,01,00,F9,01,01,08,FFA3,5,5,1,0,-7,1,1,8,-93,-122,8,16,10,100
7684,02,FA,FC,FF,02,00,02,0A,FFE8,2,-6,-4,-1,2,0,2,10,-24,-38,8,16,10,100
7685,04,FB,FD,FB,08,F6,08,00,FFE4,4,-5,-3,-5,8,-10,8,0,-28,30,8,16,10,100
7686,FB,01,04,FF,08,02,F8,04,FFCD,-5,1,4,-1,8,2,-8,4,-51,-125,8,16,10,100
7687,FD,F8,09,F9,07,09,F6,FE,FFB1,-3,-8,9,-7,7,9,-10,-2,-79,-248,8,16,10,100
7688,F6,FD,FA,FC,09,FF,FB,07,FFE9,-10,-3,-6,-4,9,-1,-5,7,-23,-108,8,16,10,100
7689,01,04,F8,03,F7,00,FC,07,002E,1,4,-8,3,-9,0,-4,7,46,90,8,16,10,100
7690,0A,FC,F8,03,F7,F9,FA,00,FFD3,10,-4,-8,3,-9,-7,-6,0,-45,-59,8,16,10,100
7691,01,F7,00,FF,F9,05,F7,03,0064,1,-9,0,-1,-7,5,-9,3,100,45,8,16,10,100
7692,00,00,05,07,03,04,08,FF,FFC0,0,0,5,7,3,4,8,-1,-64,-31,8,16,10,100
7693,02,00,06,F7,00,F9,04,0A,FFA7,2,0,6,-9,0,-7,4,10,-89,-155,8,16,10,100
7694,FA,04,02,F8,08,FB,06,F8,FFB3,-6,4,2,-8,8,-5,6,-8,-77,-69,8,16,10,100
7695,02,04,FE,02,FB,04,03,01,FFCC,2,4,-2,2,-5,4,3,1,-52,-50,8,16,10,100
7696,06,FB,F9,F9,F9,FB,02,06,FFFA,6,-5,-7,-7,-7,-5,2,6,-6,-79,8,16,10,100
7697,0A,F8,FD,05,09,FE,0A,F9,FFEA,10,-8,-3,5,9,-2,10,-7,-22,19,8,16,10,100
7698,F8,0A,F7,FA,04,09,FA,02,FFC8,-8,10,-9,-6,4,9,-6,2,-56,44,8,16,10,100
7699,F9,FC,06,0A,01,08,FC,FE,FFC2,-7,-4,6,10,1,8,-4,-2,-62,-145,8,16,10,100
7700,08,0A,09,04,F7,05,F6,01,004A,8,10,9,4,-9,5,-10,1,74,-34,8,16,10,100
7701,08,03,FD,03,09,FD,02,04,FFD3,8,3,-3,3,9,-3,2,4,-45,24,8,16,10,100
7702,05,F8,F9,00,01,0A,07,05,FFED,5,-8,-7,0,1,10,7,5,-19,-143,8,16,10,100
7703,F6,01,09,FD,FB,08,FB,01,003C,-10,1,9,-3,-5,8,-5,1,60,70,8,16,10,100
7704,FE,08,09,FE,FE,08,00,F9,001E,-2,8,9,-2,-2,8,0,-7,30,112,8,16,10,100
7705,01,01,0A,FE,FD,01,F8,06,0020,1,1,10,-2,-3,1,-8,6,32,-62,8,16,10,100
7706,FE,FD,06,0A,08,F7,00,06,0015,-2,-3,6,10,8,-9,0,6,21,92,8,16,10,100
7707,04,09,00,0A,FA,01,F6,06,0045,4,9,0,10,-6,1,-10,6,69,114,8,16,10,100
7708,04,01,02,09,05,F9,FD,00,FFD2,4,1,2,9,5,-7,-3,0,-46,-39,8,16,10,100
7709,FE,FC,08,F9,04,F7,F7,FA,0049,-2,-4,8,-7,4,-9,-9,-6,73,71,8,16,10,100
7710,0A,06,F6,01,FB,FB,00,0A,FFD3,10,6,-10,1,-5,-5,0,10,-45,-115,8,16,10,100
7711,F6,05,02,FF,FD,08,06,F6,002A,-10,5,2,-1,-3,8,6,-10,42,134,8,16,10,100
7712,05,00,0A,00,00,06,FF,06,004A,5,0,10,0,0,6,-1,6,74,64,8,16,10,100
7713,03,FD,F6,09,08,07,F9,F9,FFD5,3,-3,-10,9,8,7,-7,-7,-43,-33,8,16,10,100
7714,06,FE,FB,08,05,0A,FB,F7,FFF8,6,-2,-5,8,5,10,-5,-9,-8,-45,8,16,10,100
7715,07,07,01,06,F6,F9,F8,FA,0059,7,7,1,6,-10,-7,-8,-6,89,-74,8,16,10,100
7716,FF,FA,F7,FE,FB,0A,07,FC,FFD5,-1,-6,-9,-2,-5,10,7,-4,-43,-153,8,16,10,100
7717,0A,00,08,00,05,06,F9,FB,FF9E,10,0,8,0,5,6,-7,-5,-98,-104,8,16,10,100
7718,02,FE,F9,F7,09,FD,04,FB,FFBF,2,-2,-7,-9,9,-3,4,-5,-65,-24,8,16,10,100
7719,F9,01,FC,08,FF,F9,FA,02,FFBF,-7,1,-4,8,-1,-7,-6,2,-65,-25,8,16,10,100
7720,FC,0A,08,F9,09,07,09,F6,0010,-4,10,8,-7,9,7,9,-10,16,192,8,16,10,100
7721,F9,09,03,04,F6,FF,F9,07,0051,-7,9,3,4,-10,-1,-7,7,81,149,8,16,10,100
7722,00,F7,F9,F8,FF,07,F9,F7,FFC3,0,-9,-7,-8,-1,7,-7,-9,-61,-3,8,16,10,100
7723,FC,FD,05,01,08,08,06,F9,003A,-4,-3,5,1,8,8,6,-7,58,25,8,16,10,100
7724,FE,FB,02,09,05,08,F9,02,FFD4,-2,-5,2,9,5,8,-7,2,-44,-90,8,16,10,100
7725,04,F7,F6,00,03,FC,04,FA,0009,4,-9,-10,0,3,-4,4,-6,9,17,8,16,10,100
7726,0A,05,05,FA,08,0A,FF,FF,FFA0,10,5,5,-6,8,10,-1,-1,-96,35,8,16,10,100
7727,FD,F9,03,06,FE,03,06,06,001E,-3,-7,3,6,-2,3,6,6,30,69,8,16,10,100
7728,01,F8,F7,FA,04,0A,09,03,0031,1,-8,-9,-6,4,10,9,3,49,-126,8,16,10,100
7729,07,0A,F6,FA,FF,FA,01,FA,0019,7,10,-10,-6,-1,-6,1,-6,25,-16,8,16,10,100
7730,08,00,F7,FE,FA,06,F9,01,FFB4,8,0,-9,-2,-6,6,-7,1,-76,-63,8,16,10,100
7731,F9,01,FE,06,FF,04,FC,FD,0008,-7,1,-2,6,-1,4,-4,-3,8,9,8,16,10,100
7732,F9,08,02,00,04,04,02,FF,0055,-7,8,2,0,4,4,2,-1,85,93,8,16,10,100
7733,0A,F6,08,FA,FC,FD,FD,FA,0032,10,-10,8,-6,-4,-3,-3,-6,50,52,8,16,10,100
7734,07,02,03,F8,0A,FF,05,01,FFAC,7,2,3,-8,10,-1,5,1,-84,-9,8,16,10,100
7735,03,FF,02,06,00,07,0A,0A,000D,3,-1,2,6,0,7,10,10,13,86,8,16,10,100
7736,09,FD,F7,FF,F9,08,04,05,0041,9,-3,-9,-1,-7,8,4,5,65,-63,8,16,10,100
7737,F6,02,09,0A,F7,05,09,FA,0045,-10,2,9,10,-9,5,9,-6,69,190,8,16,10,100
7738,F8,F7,FE,01,FF,FB,07,FC,FFA4,-8,-9,-2,1,-1,-5,7,-4,-92,-57,8,16,10,100
7739,F9,01,F7,08,F7,01,0A,02,FFFB,-7,1,-9,8,-9,1,10,2,-5,-15,8,16,10,100
7740,F9,FD,F9,F7,09,FE,FE,02,FFA5,-7,-3,-7,-9,9,-2,-2,2,-91,-152,8,16,10,100
7741,F9,03,06,03,0A,FD,05,F9,0009,-7,3,6,3,10,-3,5,-7,9,-61,8,16,10,100
7742,06,04,F6,01,F8,F8,0A,FC,0029,6,4,-10,1,-8,-8,10,-4,41,-143,8,16,10,100
7743,FD,02,05,08,01,07,FD,F9,FFC2,-3,2,5,8,1,7,-3,-7,-62,-122,8,16,10,100
7744,05,FA,07,0A,FF,F8,01,F7,FFD1,5,-6,7,10,-1,-8,1,-9,-47,-87,8,16,10,100
7745,FE,09,04,03,FD,09,FC,02,0002,-2,9,4,3,-3,9,-4,2,2,79,8,16,10,100
7746,00,02,FA,FF,FD,FF,07,0A,0054,0,2,-6,-1,-3,-1,7,10,84,30,8,16,10,100
7747,F8,01,F8,06,F6,09,0A,08,0048,-8,1,-8,6,-10,9,10,8,72,129,8,16,10,100
7748,FC,04,06,05,06,08,F8,06,FFA5,-4,4,6,5,6,8,-8,6,-91,-101,8,16,10,100
7749,04,05,F7,FF,FA,FD,F6,07,001F,4,5,-9,-1,-6,-3,-10,7,31,75,8,16,10,100
7750,09,09,07,03,08,FC,F8,09,FF9F,9,9,7,3,8,-4,-8,9,-97,-90,8,16,10,100
7751,03,FD,FA,08,06,08,FB,F8,0036,3,-3,-6,8,6,8,-5,-8,54,14,8,16,10,100
7752,F7,FC,00,01,04,FB,00,05,0008,-9,-4,0,1,4,-5,0,5,8,-3,8,16,10,100
7753,04,FE,FA,F7,0A,0A,01,FF,FFF5,4,-2,-6,-9,10,10,1,-1,-11,12,8,16,10,100
7754,07,07,FD,FE,03,FF,FC,FE,FFC6,7,7,-3,-2,3,-1,-4,-2,-58,-28,8,16,10,100
7755,08,03,FC,06,07,FB,04,04,FFAE,8,3,-4,6,7,-5,4,4,-82,-33,8,16,10,100
7756,F8,FE,0A,06,FC,FC,04,FC,FFA7,-8,-2,10,6,-4,-4,4,-4,-89,-33,8,16,10,100
7757,0A,F6,02,FD,08,F8,06,F8,FFFF,10,-10,2,-3,8,-8,6,-8,-1,195,8,16,10,100
7758,FC,FA,F6,FE,FB,05,FC,05,FFD5,-4,-6,-10,-2,-5,5,-4,5,-43,-23,8,16,10,100
7759,06,FD,F6,04,04,06,04,04,0033,6,-3,-10,4,4,6,4,4,51,33,8,16,10,100
7760,00,04,FF,01,FA,09,F6,F7,FFE7,0,4,-1,1,-6,9,-10,-9,-25,12,8,16,10,100
7761,F6,FE,FA,03,04,FD,06,00,000B,-10,-2,-6,3,4,-3,6,0,11,-59,8,16,10,100
7762,07,FC,FC,09,FA,F8,F9,08,0008,7,-4,-4,9,-6,-8,-7,8,8,98,8,16,10,100
7763,05,01,FC,00,03,FC,F8,01,003F,5,1,-4,0,3,-4,-8,1,63,106,8,16,10,100
7764,F9,FA,00,04,04,05,FC,07,FFCF,-7,-6,0,4,4,5,-4,7,-49,-79,8,16,10,100
7765,F6,FB,FE,FE,06,08,04,0A,0027,-10,-5,-2,-2,6,8,4,10,39,-89,8,16,10,100
7766,F7,09,03,FC,FC,FA,07,FF,0021,-9,9,3,-4,-4,-6,7,-1,33,40,8,16,10,100
7767,FC,FD,FC,F7,FA,05,FF,06,FFB3,-4,-3,-4,-9,-6,5,-1,6,-77,-118,8,16,10,100
7768,07,FC,F9,09,FD,FE,03,02,005B,7,-4,-7,9,-3,-2,3,2,91,75,8,16,10,100
7769,00,FA,05,0A,08,02,FE,0A,FFC8,0,-6,5,10,8,2,-2,10,-56,22,8,16,10,100
7770,07,F9,04,F6,02,F7,F6,FA,0032,7,-7,4,-10,2,-9,-10,-6,50,147,8,16,10,100
7771,04,07,FD,F7,FA,0A,F8,02,FFDC,4,7,-3,-9,-6,10,-8,2,-36,16,8,16,10,100
7772,FF,FD,FF,FF,06,F8,05,01,0049,-1,-3,-1,-1,6,-8,5,1,73,85,8,16,10,100
7773,F6,09,F9,FA,07,04,FD,08,0050,-10,9,-7,-6,7,4,-3,8,80,19,8,16,10,100
7774,FB,FD,01,F7,F9,FC,01,02,0012,-5,-3,1,-9,-7,-4,1,2,18,48,8,16,10,100
7775,06,06,FF,FE,FD,09,05,FB,005A,6,6,-1,-2,-3,9,5,-5,90,131,8,16,10,100
7776,09,03,FE,07,F9,02,06,07,002D,9,3,-2,7,-7,2,6,7,45,25,8,16,10,100
7777,F8,F6,01,07,07,02,0A,04,0064,-8,-10,1,7,7,2,10,4,100,62,8,16,10,100
7778,06,F7,00,06,01,04,FF,F8,0037,6,-9,0,6,1,4,-1,-8,55,-23,8,16,10,100
7779,FB,09,FE,08,F7,09,F6,FA,FFC1,-5,9,-2,8,-9,9,-10,-6,-63,35,8,16,10,100
7780,FA,FD,07,05,FE,08,02,06,001C,-6,-3,7,5,-2,8,2,6,28,60,8,16,10,100
7781,01,FE,FF,F6,07,F8,02,FA,0013,1,-2,-1,-10,7,-8,2,-6,19,100,8,16,10,100
7782,FC,01,02,F7,01,FE,F8,FF,001C,-4,1,2,-9,1,-2,-8,-1,28,15,8,16,10,100
7783,FE,09,0A,05,FE,F9,FF,FC,0057,-2,9,10,5,-2,-7,-1,-4,87,-2,8,16,10,100
7784,00,08,FD,06,F8,FE,F9,05,005F,0,8,-3,6,-8,-2,-7,5,95,130,8,16,10,100
7785,FD,FF,FD,06,0A,04,03,0A,FF9F,-3,-1,-3,6,10,4,3,10,-97,-80,8,16,10,100
7786,F7,FF,01,FA,F6,FD,FF,F6,FFC0,-9,-1,1,-6,-10,-3,-1,-10,-64,88,8,16,10,100
7787,09,FF,F9,FE,F8,FD,08,F7,0002,9,-1,-7,-2,-8,-3,8,-9,2,-105,8,16,10,100
7788,F9,00,01,FD,07,F9,FB,00,FFC5,-7,0,1,-3,7,-7,-5,0,-59,-113,8,16,10,100
7789,F9,02,FA,FD,0A,06,05,05,0019,-7,2,-6,-3,10,6,5,5,25,-78,8,16,10,100
7790,F9,00,F9,0A,FD,FF,01,F8,FFE0,-7,0,-7,10,-3,-1,1,-8,-32,-98,8,16,10,100
7791,07,F7,00,FD,FC,F6,FD,F9,0045,7,-9,0,-3,-4,-10,-3,-7,69,152,8,16,10,100
7792,07,04,F9,04,FC,04,04,FA,004F,7,4,-7,4,-4,4,4,-6,79,15,8,16,10,100
7793,FD,04,FF,09,FF,07,F7,0A,0021,-3,4,-1,9,-1,7,-9,10,33,163,8,16,10,100
7794,05,05,FE,FA,08,07,FF,00,0061,5,5,-2,-6,8,7,-1,0,97,174,8,16,10,100
7795,FB,03,0A,0A,06,08,02,00,0046,-5,3,10,10,6,8,2,0,70,84,8,16,10,100
7796,FC,F7,FA,06,FD,F9,F9,01,0017,-4,-9,-6,6,-3,-7,-7,1,23,146,8,16,10,100
7797,09,02,00,FF,FB,01,01,FB,0045,9,2,0,-1,-5,1,1,-5,69,31,8,16,10,100
7798,F7,FF,00,F7,09,01,06,02,FFAC,-9,-1,0,-9,9,1,6,2,-84,-184,8,16,10,100
7799,FB,F8,FA,05,FC,05,02,FB,000A,-5,-8,-6,5,-4,5,2,-5,10,-47,8,16,10,100
7800,FA,FF,01,FB,FD,FB,00,06,0062,-6,-1,1,-5,-3,-5,0,6,98,91,8,16,10,100
7801,F6,04,03,FD,FC,FD,0A,02,0043,-10,4,3,-3,-4,-3,10,2,67,119,8,16,10,100
7802,05,03,03,FD,04,FA,09,FF,FFD3,5,3,3,-3,4,-6,9,-1,-45,-13,8,16,10,100
7803,09,FF,FF,03,F7,06,03,07,002A,9,-1,-1,3,-9,6,3,7,42,-27,8,16,10,100
7804,06,FA,FC,FA,F8,01,08,F9,002C,6,-6,-4,-6,-8,1,8,-7,44,0,8,16,10,100
7805,F9,09,08,FD,02,03,FD,0A,FFA1,-7,9,8,-3,2,3,-3,10,-95,-136,8,16,10,100
7806,FD,02,05,0A,0A,00,FD,05,002E,-3,2,5,10,10,0,-3,5,46,51,8,16,10,100
7807,05,01,FA,02,FA,05,02,F6,000B,5,1,-6,2,-6,5,2,-10,11,-46,8,16,10,100
7808,FA,FE,F7,F7,06,07,0A,09,0006,-6,-2,-9,-9,6,7,10,9,6,-215,8,16,10,100
7809,FE,FB,F7,02,08,FA,02,FC,FF9F,-2,-5,-9,2,8,-6,2,-4,-97,-109,8,16,10,100
7810,FB,FE,07,F8,F8,04,00,01,FFA1,-5,-2,7,-8,-8,4,0,1,-95,-71,8,16,10,100
7811,01,FC,FF,04,01,0A,07,0A,FFE0,1,-4,-1,4,1,10,7,10,-32,-38,8,16,10,100
7812,08,F7,0A,F9,F7,01,0A,FE,FFF3,8,-9,10,-7,-9,1,10,-2,-13,20,8,16,10,100
7813,FD,FB,07,04,FA,F8,08,FE,FFBB,-3,-5,7,4,-6,-8,8,-2,-69,37,8,16,10,100
7814,08,F6,F8,0A,03,05,07,02,FFFE,8,-10,-8,10,3,5,7,2,-2,-64,8,16,10,100
7815,FD,FD,FF,F7,06,01,06,08,0059,-3,-3,-1,-9,6,1,6,8,89,-10,8,16,10,100
7816,00,F6,01,F8,FD,0A,07,FF,0028,0,-10,1,-8,-3,10,7,-1,40,-45,8,16,10,100
7817,08,01,06,02,06,09,FB,FC,FFAF,8,1,6,2,6,9,-5,-4,-81,-62,8,16,10,100
7818,FC,0A,07,04,FB,05,02,0A,0024,-4,10,7,4,-5,5,2,10,36,160,8,16,10,100
7819,07,FC,F6,04,0A,09,FA,01,0033,7,-4,-10,4,10,9,-6,1,51,149,8,16,10,100
7820,FD,04,0A,00,00,05,FF,F8,0017,-3,4,10,0,0,5,-1,-8,23,33,8,16,10,100
7821,FE,FA,FC,FD,F9,FE,F7,F9,0029,-2,-6,-4,-3,-7,-2,-9,-7,41,124,8,16,10,100
7822,FE,02,F6,05,07,05,05,F8,FFAD,-2,2,-10,5,7,5,5,-8,-83,-177,8,16,10,100
7823,00,08,FA,03,FF,01,05,FD,001E,0,8,-6,3,-1,1,5,-3,30,-1,8,16,10,100
7824,F7,01,08,01,F7,FC,FC,01,0052,-9,1,8,1,-9,-4,-4,1,82,128,8,16,10,100
7825,F6,FF,FD,08,FD,05,FE,03,0029,-10,-1,-3,8,-3,5,-2,3,41,96,8,16,10,100
7826,08,07,02,09,02,04,09,08,0004,8,7,2,9,2,4,9,8,4,138,8,16,10,100
7827,FF,F9,FC,02,01,08,06,05,0003,-1,-7,-4,2,1,8,6,5,3,-68,8,16,10,100
7828,01,03,FF,F8,F6,FA,FB,04,0016,1,3,-1,-8,-10,-6,-5,4,22,-33,8,16,10,100
7829,06,F6,09,02,F8,FD,01,F8,0059,6,-10,9,2,-8,-3,1,-8,89,64,8,16,10,100
7830,04,FB,03,FB,02,08,FE,FC,FFCB,4,-5,3,-5,2,8,-2,-4,-53,-71,8,16,10,100
7831,FF,FA,F7,FD,00,FE,01,FE,FFCA,-1,-6,-9,-3,0,-2,1,-2,-54,-45,8,16,10,100
7832,FC,01,0A,F8,01,F8,F9,0A,FFA9,-4,1,10,-8,1,-8,-7,10,-87,-249,8,16,10,100
7833,03,FD,03,F8,07,FD,F8,02,0014,3,-3,3,-8,7,-3,-8,2,20,10,8,16,10,100
7834,04,F8,FD,08,F9,05,F6,03,FFCB,4,-8,-3,8,-7,5,-10,3,-53,-67,8,16,10,100
7835,FF,01,F8,03,F7,09,F8,06,005B,-1,1,-8,3,-9,9,-8,6,91,191,8,16,10,100
7836,FE,08,0A,FF,08,FF,09,08,0029,-2,8,10,-1,8,-1,9,8,41,99,8,16,10,100
7837,FB,FD,F7,FB,06,F6,02,FA,004E,-5,-3,-9,-5,6,-10,2,-6,78,90,8,16,10,100
7838,F7,04,FC,0A,FE,07,FB,FD,FFF8,-9,4,-4,10,-2,7,-5,-3,-8,28,8,16,10,100
7839,FD,05,00,03,F6,09,00,08,004F,-3,5,0,3,-10,9,0,8,79,178,8,16,10,100
7840,FE,06,FA,FE,FE,00,FD,F7,FFBB,-2,6,-6,-2,-2,0,-3,-9,-69,-29,8,16,10,100
7841,FA,F8,02,06,07,F6,FB,FD,0036,-6,-8,2,6,7,-10,-5,-3,54,64,8,16,10,100
7842,FB,01,0A,F9,FA,FB,FD,F6,FFA8,-5,1,10,-7,-6,-5,-3,-10,-88,-23,8,16,10,100
7843,08,F9,08,05,FB,F9,F7,09,FFE7,8,-7,8,5,-5,-7,-9,9,-25,-43,8,16,10,100
7844,F7,05,FD,FB,F7,F6,02,01,FFD6,-9,5,-3,-5,-9,-10,2,1,-42,-22,8,16,10,100
7845,04,04,FC,07,04,FC,03,05,0004,4,4,-4,7,4,-4,3,5,4,27,8,16,10,100
7846,FB,FA,00,07,04,FE,04,00,0045,-5,-6,0,7,4,-2,4,0,69,61,8,16,10,100
7847,05,09,03,FA,06,FF,F8,F7,0031,5,9,3,-6,6,-1,-8,-9,49,100,8,16,10,100
7848,F8,04,07,05,FF,FA,FF,05,0017,-8,4,7,5,-1,-6,-1,5,23,25,8,16,10,100
7849,02,FF,FA,FD,FE,01,FE,08,0015,2,-1,-6,-3,-2,1,-2,8,21,4,8,16,10,100
7850,FA,FE,FC,0A,02,08,FA,08,FFAF,-6,-2,-4,10,2,8,-6,8,-81,-5,8,16,10,100
7851,07,01,FD,FF,00,04,FD,FB,FFC8,7,1,-3,-1,0,4,-3,-5,-56,-38,8,16,10,100
7852,02,FB,FB,FF,07,0A,03,07,003D,2,-5,-5,-1,7,10,3,7,61,3,8,16,10,100
7853,08,0A,FE,0A,F8,FF,05,02,FFF1,8,10,-2,10,-8,-1,5,2,-15,-79,8,16,10,100
7854,F9,FB,F7,0A,0A,F9,FF,F6,0008,-7,-5,-9,10,10,-7,-1,-10,8,-118,8,16,10,100
7855,F8,FE,07,F6,FF,FA,F6,04,FFDC,-8,-2,7,-10,-1,-6,-10,4,-36,-126,8,16,10,100
7856,07,F7,F7,F6,FF,F7,08,0A,003B,7,-9,-9,-10,-1,-9,8,10,59,-39,8,16,10,100
7857,FA,F9,05,FC,FD,08,02,0A,000A,-6,-7,5,-4,-3,8,2,10,10,-58,8,16,10,100
7858,FD,F9,06,05,07,08,09,FA,000D,-3,-7,6,5,7,8,9,-6,13,-40,8,16,10,100
7859,FE,03,F6,F9,08,FB,F7,08,FFE1,-2,3,-10,-7,8,-5,-9,8,-31,-28,8,16,10,100
7860,01,FC,09,F9,F8,06,FC,04,FFC7,1,-4,9,-7,-8,6,-4,4,-57,-153,8,16,10,100
7861,0A,F9,FC,0A,FB,07,FE,05,FFDE,10,-7,-4,10,-5,7,-2,5,-34,-75,8,16,10,100
7862,F8,FE,05,01,07,FE,05,F7,FFB5,-8,-2,5,1,7,-2,5,-9,-75,-111,8,16,10,100
7863,09,00,05,05,01,07,09,01,FFBD,9,0,5,5,1,7,9,1,-67,-8,8,16,10,100
7864,03,02,F7,00,03,07,FD,05,FFA1,3,2,-9,0,3,7,-3,5,-95,-45,8,16,10,100
7865,FF,06,00,04,FA,00,F6,06,FFB1,-1,6,0,4,-6,0,-10,6,-79,-49,8,16,10,100
7866,FD,F9,F7,09,00,F9,05,FF,0018,-3,-7,-9,9,0,-7,5,-1,24,19,8,16,10,100
7867,F7,06,FC,03,01,F8,FA,03,FFBB,-9,6,-4,3,1,-8,-6,3,-69,-93,8,16,10,100
7868,FB,F8,00,FB,00,FE,FD,04,0034,-5,-8,0,-5,0,-2,-3,4,52,48,8,16,10,100
7869,02,0A,07,01,FD,F9,F7,FD,002D,2,10,7,1,-3,-7,-9,-3,45,-97,8,16,10,100
7870,01,06,FC,02,07,F8,00,04,FFA3,1,6,-4,2,7,-8,0,4,-93,-126,8,16,10,100
7871,07,02,05,0A,FC,F9,03,02,0011,7,2,5,10,-4,-7,3,2,17,10,8,16,10,100
7872,08,FA,05,05,02,FE,03,F7,0018,8,-6,5,5,2,-2,3,-9,24,22,8,16,10,100
7873,02,09,05,F6,09,F8,07,05,FF9E,2,9,5,-10,9,-8,7,5,-98,-167,8,16,10,100
7874,FA,F7,08,FB,FA,F9,06,04,FFA6,-6,-9,8,-5,-6,-7,6,4,-90,37,8,16,10,100
7875,08,05,FA,FE,F8,FA,08,06,0046,8,5,-6,-2,-8,-6,8,6,70,-84,8,16,10,100
7876,04,03,00,FB,FC,01,FD,F9,FFF9,4,3,0,-5,-4,1,-3,-7,-7,15,8,16,10,100
7877,F8,FF,FE,FD,FB,FF,FF,08,FFDB,-8,-1,-2,-3,-5,-1,-1,8,-37,-18,8,16,10,100
7878,FA,F7,FF,F6,05,FA,F8,09,0049,-6,-9,-1,-10,5,-6,-8,9,73,15,8,16,10,100
7879,00,00,06,01,F6,F9,FE,FD,003B,0,0,6,1,-10,-7,-2,-3,59,44,8,16,10,100
7880,02,03,05,09,FF,06,FA,FF,FFD1,2,3,5,9,-1,6,-6,-1,-47,-70,8,16,10,100
7881,F6,08,FE,08,FB,0A,08,FF,0057,-10,8,-2,8,-5,10,8,-1,87,193,8,16,10,100
7882,06,03,F8,02,FD,02,FA,F7,002F,6,3,-8,2,-3,2,-6,-9,47,65,8,16,10,100
7883,03,FC,07,09,F7,03,0A,0A,FFF6,3,-4,7,9,-9,3,10,10,-10,111,8,16,10,100
7884,FD,01,06,02,08,09,02,F7,FFA5,-3,1,6,2,8,9,2,-9,-91,-112,8,16,10,100
7885,F9,04,00,06,01,FF,02,08,FFB8,-7,4,0,6,1,-1,2,8,-72,-35,8,16,10,100
7886,06,F6,FD,04,FC,04,07,FD,003B,6,-10,-3,4,-4,4,7,-3,59,-38,8,16,10,100
7887,F9,09,FB,07,03,F6,F9,00,FFC5,-7,9,-5,7,3,-10,-7,0,-59,-135,8,16,10,100
7888,03,FB,F9,0A,08,05,00,FA,FFE3,3,-5,-7,10,8,5,0,-6,-29,-90,8,16,10,100
7889,0A,01,01,0A,04,0A,01,07,FFB6,10,1,1,10,4,10,1,7,-74,47,8,16,10,100
7890,08,FE,0A,FA,04,FC,FB,01,0027,8,-2,10,-6,4,-4,-5,1,39,23,8,16,10,100
7891,03,04,F6,00,FB,FF,FB,FF,FFED,3,4,-10,0,-5,-1,-5,-1,-19,12,8,16,10,100
7892,FC,FC,F6,FB,00,F7,F6,08,004E,-4,-4,-10,-5,0,-9,-10,8,78,174,8,16,10,100
7893,03,FD,FE,F8,FF,FC,FA,F6,FFF9,3,-3,-2,-8,-1,-4,-6,-10,-7,94,8,16,10,100
7894,FC,FD,FA,09,07,F9,08,02,0011,-4,-3,-6,9,7,-7,8,2,17,-20,8,16,10,100
7895,05,0A,03,FC,FE,F6,FC,0A,0008,5,10,3,-4,-2,-10,-4,10,8,-154,8,16,10,100
7896,0A,08,FC,00,05,08,F8,F8,0023,10,8,-4,0,5,8,-8,-8,35,181,8,16,10,100
7897,01,09,FD,FB,05,03,08,F7,FFA2,1,9,-3,-5,5,3,8,-9,-94,-41,8,16,10,100
7898,04,FB,F8,FD,FB,FF,FF,FB,FFC2,4,-5,-8,-3,-5,-1,-1,-5,-62,-54,8,16,10,100
7899,F9,FA,F8,FF,09,04,F9,FC,FFDC,-7,-6,-8,-1,9,4,-7,-4,-36,-63,8,16,10,100
7900,FD,01,09,FB,05,F7,08,FF,FFC4,-3,1,9,-5,5,-9,8,-1,-60,-7,8,16,10,100
7901,FF,F9,09,FD,FA,FA,05,F6,FFEB,-1,-7,9,-3,-6,-6,5,-10,-21,102,8,16,10,100
7902,09,04,02,F8,0A,F9,07,09,0003,9,4,2,-8,10,-7,7,9,3,7,8,16,10,100
7903,04,09,FB,02,06,F8,02,F9,FFD0,4,9,-5,2,6,-8,2,-7,-48,-120,8,16,10,100
7904,00,08,08,06,FB,03,09,FE,0005,0,8,8,6,-5,3,9,-2,5,89,8,16,10,100
7905,FA,F9,06,FA,FA,FA,03,05,FFC1,-6,-7,6,-6,-6,-6,3,5,-63,3,8,16,10,100
7906,02,F7,03,08,01,07,0A,FE,FFD7,2,-9,3,8,1,7,10,-2,-41,-88,8,16,10,100
7907,03,01,FA,F6,07,02,00,0A,FFE4,3,1,-6,-10,7,2,0,10,-28,-105,8,16,10,100
7908,0A,F7,02,04,F9,02,05,07,0027,10,-9,2,4,-7,2,5,7,39,-11,8,16,10,100
7909,FE,03,01,F8,05,06,F9,F9,FFA7,-2,3,1,-8,5,6,-7,-7,-89,-32,8,16,10,100
7910,08,00,FF,F7,FE,05,F7,03,FFF5,8,0,-1,-9,-2,5,-9,3,-11,-45,8,16,10,100
7911,06,07,FF,FD,F6,08,FA,05,004C,6,7,-1,-3,-10,8,-6,5,76,63,8,16,10,100
7912,07,04,F6,07,02,07,07,09,005E,7,4,-10,7,2,7,7,9,94,129,8,16,10,100
7913,06,FB,F6,05,F9,F8,00,FC,0016,6,-5,-10,5,-7,-8,0,-4,22,0,8,16,10,100
7914,FF,FF,01,02,F8,06,00,06,0015,-1,-1,1,2,-8,6,0,6,21,35,8,16,10,100
7915,0A,FC,06,FE,09,FF,F9,08,FFB0,10,-4,6,-2,9,-1,-7,8,-80,-44,8,16,10,100
7916,FC,F9,05,08,FE,03,06,08,000F,-4,-7,5,8,-2,3,6,8,15,96,8,16,10,100
7917,09,00,07,FA,02,06,01,05,FFA0,9,0,7,-6,2,6,1,5,-96,-101,8,16,10,100
7918,FD,01,0A,F9,08,01,FF,FE,FFFD,-3,1,10,-7,8,1,-1,-2,-3,-22,8,16,10,100
7919,06,FF,FB,FC,FA,00,FE,FE,004F,6,-1,-5,-4,-6,0,-2,-2,79,61,8,16,10,100
7920,01,FC,05,FF,F6,07,F9,02,FFA0,1,-4,5,-1,-10,7,-7,2,-96,-171,8,16,10,100
7921,00,FE,03,F6,09,00,F8,F8,0056,0,-2,3,-10,9,0,-8,-8,86,142,8,16,10,100
7922,F9,F8,02,01,FD,02,01,F6,FFAB,-7,-8,2,1,-3,2,1,-10,-85,-88,8,16,10,100
7923,FE,F6,04,FB,F8,FD,FB,05,0036,-2,-10,4,-5,-8,-3,-5,5,54,55,8,16,10,100
7924,02,FB,F8,02,F8,07,02,00,FFA0,2,-5,-8,2,-8,7,2,0,-96,-163,8,16,10,100
7925,F8,03,F9,06,00,F6,08,FD,FFCA,-8,3,-7,6,0,-10,8,-3,-54,-158,8,16,10,100
7926,FF,00,03,00,FD,FD,01,04,FFF1,-1,0,3,0,-3,-3,1,4,-15,-9,8,16,10,100
7927,02,F8,F6,03,F9,0A,00,FD,0001,2,-8,-10,3,-7,10,0,-3,1,-102,8,16,10,100
7928,09,F8,0A,01,F8,FC,F6,08,003D,9,-8,10,1,-8,-4,-10,8,61,-71,8,16,10,100
7929,F6,FA,09,09,FA,05,07,07,FFAD,-10,-6,9,9,-6,5,7,7,-83,73,8,16,10,100
7930,F9,07,09,05,FA,04,02,07,FFC5,-7,7,9,5,-6,4,2,7,-59,64,8,16,10,100
7931,03,02,FA,04,FD,F8,05,FE,0000,3,2,-6,4,-3,-8,5,-2,0,-63,8,16,10,100
7932,F6,02,05,09,09,FA,01,FA,004A,-10,2,5,9,9,-6,1,-6,74,-77,8,16,10,100
7933,08,F7,00,FC,FB,07,00,05,FF9D,8,-9,0,-4,-5,7,0,5,-99,-222,8,16,10,100
7934,01,FB,01,02,03,03,00,F8,0032,1,-5,1,2,3,3,0,-8,50,22,8,16,10,100
7935,0A,FD,05,FA,04,01,FE,F8,FFDB,10,-3,5,-6,4,1,-2,-8,-37,38,8,16,10,100
7936,06,07,08,F9,05,F7,09,05,0020,6,7,8,-7,5,-9,9,5,32,36,8,16,10,100
7937,03,01,F8,F6,0A,F8,FC,FA,FFA1,3,1,-8,-10,10,-8,-4,-6,-95,19,8,16,10,100
7938,06,04,FA,00,06,01,F6,FF,FFB3,6,4,-6,0,6,1,-10,-1,-77,23,8,16,10,100
7939,01,F8,F9,F8,07,00,F6,FB,0009,1,-8,-7,-8,7,0,-10,-5,9,126,8,16,10,100
7940,02,F9,07,00,F6,FA,FD,FC,FFE6,2,-7,7,0,-10,-6,-3,-4,-26,-25,8,16,10,100
7941,00,FD,00,01,FC,F9,FD,F9,FFDB,0,-3,0,1,-4,-7,-3,-7,-37,-23,8,16,10,100
7942,09,03,05,F7,09,05,F8,F9,FFF1,9,3,5,-9,9,5,-8,-7,-15,104,8,16,10,100
7943,FD,F8,00,05,F8,00,F6,06,FFC1,-3,-8,0,5,-8,0,-10,6,-63,-9,8,16,10,100
7944,F6,04,FD,0A,F7,FC,05,0A,FFD5,-10,4,-3,10,-9,-4,5,10,-43,116,8,16,10,100
7945,FD,09,F8,FD,F7,00,FD,FC,FFF2,-3,9,-8,-3,-9,0,-3,-4,-14,49,8,16,10,100
7946,F9,07,FA,09,05,00,F9,F7,FFA0,-7,7,-6,9,5,0,-7,-9,-96,-170,8,16,10,100
7947,06,08,F6,F7,FD,06,FB,FF,0059,6,8,-10,-9,-3,6,-5,-1,89,178,8,16,10,100
7948,F8,F9,FF,FA,04,01,F8,FF,FFF8,-8,-7,-1,-6,4,1,-8,-1,-8,-33,8,16,10,100
7949,FD,09,05,05,03,08,09,00,FFFB,-3,9,5,5,3,8,9,0,-5,103,8,16,10,100
7950,FD,06,07,FA,03,02,03,07,FFB2,-3,6,7,-6,3,2,3,7,-78,-96,8,16,10,100
7951,07,F8,01,FD,FA,F9,FE,0A,FFAE,7,-8,1,-3,-6,-7,-2,10,-82,-100,8,16,10,100
7952,F6,0A,0A,FE,F9,F7,09,FB,0036,-10,10,10,-2,-7,-9,9,-5,54,134,8,16,10,100
7953,FF,03,05,00,00,04,F8,08,FFE7,-1,3,5,0,0,4,-8,8,-25,-53,8,16,10,100
7954,FF,FC,08,FF,02,FC,02,FB,FFCC,-1,-4,8,-1,2,-4,2,-5,-52,-17,8,16,10,100
7955,00,03,00,FE,03,07,02,00,FFAF,0,3,0,-2,3,7,2,0,-81,-60,8,16,10,100
7956,F9,F8,FC,F9,06,FD,FF,04,001A,-7,-8,-4,-7,6,-3,-1,4,26,-16,8,16,10,100
7957,04,F9,03,03,05,FF,09,0A,0053,4,-7,3,3,5,-1,9,10,83,167,8,16,10,100
7958,FC,FB,03,F9,07,01,09,00,004D,-4,-5,3,-7,7,1,9,0,77,71,8,16,10,100
7959,FD,FA,F8,F8,FD,FD,06,F8,FFC9,-3,-6,-8,-8,-3,-3,6,-8,-55,-12,8,16,10,100
7960,F7,F6,FB,FD,FC,FD,F8,00,003D,-9,-10,-5,-3,-4,-3,-8,0,61,167,8,16,10,100
7961,03,00,03,08,0A,01,04,FF,FFF6,3,0,3,8,10,1,4,-1,-10,24,8,16,10,100
7962,07,05,0A,FB,02,FF,07,FD,0059,7,5,10,-5,2,-1,7,-3,89,183,8,16,10,100
7963,04,F6,F8,07,F6,F8,0A,FD,0031,4,-10,-8,7,-10,-8,10,-3,49,-12,8,16,10,100
7964,F6,FF,06,FA,FF,04,FC,01,005F,-10,-1,6,-6,-1,4,-4,1,95,71,8,16,10,100
7965,FC,08,0A,0A,F6,04,07,01,0057,-4,8,10,10,-10,4,7,1,87,239,8,16,10,100
7966,FD,FD,0A,FD,FF,08,08,FB,0019,-3,-3,10,-3,-1,8,8,-5,25,99,8,16,10,100
7967,F6,FD,05,03,02,0A,0A,FA,0061,-10,-3,5,3,2,10,10,-6,97,79,8,16,10,100
7968,07,08,06,06,F8,F8,FA,FD,FFE5,7,8,6,6,-8,-8,-6,-3,-27,-201,8,16,10,100
7969,F6,FB,FB,06,F6,00,05,0A,0026,-10,-5,-5,6,-10,0,5,10,38,173,8,16,10,100
7970,FB,FD,05,06,FF,08,02,09,FFE8,-5,-3,5,6,-1,8,2,9,-24,21,8,16,10,100
7971,08,F7,02,02,FC,FA,06,FD,FFBE,8,-9,2,2,-4,-6,6,-3,-66,-38,8,16,10,100
7972,F7,F6,FF,04,F7,09,F6,07,FFC3,-9,-10,-1,4,-9,9,-10,7,-61,-32,8,16,10,100
7973,05,03,0A,04,FF,02,F9,0A,001D,5,3,10,4,-1,2,-7,10,29,0,8,16,10,100
7974,FC,FC,F7,09,03,F7,FD,00,005F,-4,-4,-9,9,3,-9,-3,0,95,146,8,16,10,100
7975,01,F8,05,03,02,0A,08,FF,FFD6,1,-8,5,3,2,10,8,-1,-42,-83,8,16,10,100
7976,05,F9,06,F9,08,08,FF,08,0006,5,-7,6,-7,8,8,-1,8,6,-72,8,16,10,100
7977,07,02,FB,01,05,F9,08,FB,0033,7,2,-5,1,5,-7,8,-5,51,27,8,16,10,100
7978,FA,FD,08,02,FA,08,FB,FF,FFE4,-6,-3,8,2,-6,8,-5,-1,-28,-58,8,16,10,100
7979,05,F7,F8,07,07,04,04,09,FFF5,5,-9,-8,7,7,4,4,9,-11,19,8,16,10,100
7980,F9,01,01,04,06,01,FF,F9,0005,-7,1,1,4,6,1,-1,-7,5,-65,8,16,10,100
7981,FC,02,F6,FD,00,03,0A,00,0060,-4,2,-10,-3,0,3,10,0,96,2,8,16,10,100
7982,FE,04,04,05,FE,07,04,F6,0034,-2,4,4,5,-2,7,4,-10,52,50,8,16,10,100
7983,FF,FC,01,F8,FD,00,0A,0A,002D,-1,-4,1,-8,-3,0,10,10,45,-22,8,16,10,100
7984,FB,07,F9,FD,F6,F6,FB,FD,0022,-5,7,-7,-3,-10,-10,-5,-3,34,58,8,16,10,100
7985,01,F7,F8,F6,09,05,08,08,005B,1,-9,-8,-10,9,5,8,8,91,-89,8,16,10,100
7986,0A,F8,F7,07,09,0A,FA,05,002B,10,-8,-9,7,9,10,-6,5,43,142,8,16,10,100
7987,F9,FF,06,0A,F6,06,FE,03,0006,-7,-1,6,10,-10,6,-2,3,6,88,8,16,10,100
7988,F8,FD,F6,0A,07,F9,FF,FC,0051,-8,-3,-10,10,7,-7,-1,-4,81,16,8,16,10,100
7989,01,FF,04,FD,F6,00,FF,08,001B,1,-1,4,-3,-10,0,-1,8,27,-11,8,16,10,100
7990,F7,F7,F6,02,06,FC,07,03,FFD2,-9,-9,-10,2,6,-4,7,3,-46,-128,8,16,10,100
7991,01,FC,F9,03,05,FA,FD,09,FFC6,1,-4,-7,3,5,-6,-3,9,-58,19,8,16,10,100
7992,03,00,FB,FB,05,03,0A,04,0032,3,0,-5,-5,5,3,10,4,50,-5,8,16,10,100
7993,FD,FE,04,09,F8,07,09,05,FFD4,-3,-2,4,9,-8,7,9,5,-44,47,8,16,10,100
7994,04,F6,03,FD,F9,04,06,F7,0019,4,-10,3,-3,-7,4,6,-9,25,2,8,16,10,100
7995,F6,07,00,01,FA,05,07,05,FFA2,-10,7,0,1,-6,5,7,5,-94,6,8,16,10,100
7996,05,00,01,04,01,F8,FC,06,0058,5,0,1,4,1,-8,-4,6,88,113,8,16,10,100
7997,02,09,FC,05,07,F8,FD,08,FFC0,2,9,-4,5,7,-8,-3,8,-64,-70,8,16,10,100
7998,FC,08,F8,F8,08,F6,0A,08,FFB4,-4,8,-8,-8,8,-10,10,8,-76,-332,8,16,10,100
7999,08,F6,FD,FA,07,01,00,F9,002C,8,-10,-3,-6,7,1,0,-7,44,132,8,16,10,100
8000,09,F8,01,08,FA,FC,FD,FF,FFFE,9,-8,1,8,-6,-4,-3,-1,-2,-35,8,16,10,100
8001,05,FC,FB,08,F6,01,09,02,000F,5,-4,-5,8,-10,1,9,2,15,-68,8,16,10,100
8002,09,FA,FC,03,08,06,FF,F7,FFFC,9,-6,-4,3,8,6,-1,-9,-4,9,8,16,10,100
8003,F8,FF,FC,01,F7,FB,01,FE,0052,-8,-1,-4,1,-9,-5,1,-2,82,153,8,16,10,100
8004,02,F8,0A,02,09,08,F7,FF,FFC3,2,-8,10,2,9,8,-9,-1,-61,-199,8,16,10,100
8005,03,06,01,0A,FE,F8,07,FF,FFC3,3,6,1,10,-2,-8,7,-1,-61,-118,8,16,10,100
8006,FF,FA,03,F6,09,F9,FA,07,003D,-1,-6,3,-10,9,-7,-6,7,61,6,8,16,10,100
8007,F9,FF,02,01,07,FF,FD,FD,FFB8,-7,-1,2,1,7,-1,-3,-3,-72,-129,8,16,10,100
8008,01,09,F8,01,F8,FD,FA,FE,FFD6,1,9,-8,1,-8,-3,-6,-2,-42,-31,8,16,10,100
8009,08,07,FE,09,08,00,F9,02,0033,8,7,-2,9,8,0,-7,2,51,147,8,16,10,100
8010,F9,FF,F9,07,0A,01,02,01,FFCA,-7,-1,-7,7,10,1,2,1,-54,-132,8,16,10,100
8011,09,FD,04,F6,03,FB,FA,FD,002E,9,-3,4,-10,3,-5,-6,-3,46,94,8,16,10,100
8012,FF,FF,03,FD,F7,FF,04,08,FFB3,-1,-1,3,-3,-9,-1,4,8,-77,-79,8,16,10,100
8013,FC,08,03,F8,09,03,08,0A,0027,-4,8,3,-8,9,3,8,10,39,-29,8,16,10,100
8014,00,06,FA,F9,06,FA,F9,09,0007,0,6,-6,-7,6,-6,-7,9,7,-50,8,16,10,100
8015,F7,FF,FD,FF,FF,05,F7,09,0042,-9,-1,-3,-1,-1,5,-9,9,66,88,8,16,10,100
8016,08,06,FD,01,01,03,FE,04,0037,8,6,-3,1,1,3,-2,4,55,91,8,16,10,100
8017,01,FB,FF,FD,05,03,F9,01,FFF3,1,-5,-1,-3,5,3,-7,1,-13,-19,8,16,10,100
8018,F8,FE,08,05,FB,FF,03,05,005D,-8,-2,8,5,-5,-1,3,5,93,184,8,16,10,100
8019,05,05,08,09,F8,04,04,FD,FFDD,5,5,8,9,-8,4,4,-3,-35,-50,8,16,10,100
8020,06,0A,06,06,F8,FF,09,06,FFC0,6,10,6,6,-8,-1,9,6,-64,-32,8,16,10,100
8021,F8,06,F9,F6,FD,02,05,FE,FFBE,-8,6,-7,-10,-3,2,5,-2,-66,-45,8,16,10,100
8022,FC,05,02,FC,FD,FC,FC,FB,FFEB,-4,5,2,-4,-3,-4,-4,-5,-21,-17,8,16,10,100
8023,FB,FE,F7,F9,F9,04,FB,FF,FF9D,-5,-2,-9,-7,-7,4,-5,-1,-99,-20,8,16,10,100
8024,07,0A,06,01,06,F7,F7,F8,0019,7,10,6,1,6,-9,-9,-8,25,-85,8,16,10,100
8025,08,FF,FC,FF,00,0A,FC,05,002D,8,-1,-4,-1,0,10,-4,5,45,46,8,16,10,100
8026,FB,FF,F8,07,F9,02,09,F9,FFAA,-5,-1,-8,7,-7,2,9,-7,-86,-174,8,16,10,100
8027,0A,02,07,00,08,05,F6,F7,0059,10,2,7,0,8,5,-10,-9,89,109,8,16,10,100
8028,F7,0A,08,02,06,FD,FC,00,0048,-9,10,8,2,6,-3,-4,0,72,-44,8,16,10,100
8029,07,FB,02,FB,F8,F9,02,09,0057,7,-5,2,-5,-8,-7,2,9,87,25,8,16,10,100
8030,08,00,F9,FC,01,06,0A,FA,FFD4,8,0,-7,-4,1,6,10,-6,-44,-82,8,16,10,100
8031,06,F8,03,FD,04,02,09,0A,0030,6,-8,3,-3,4,2,9,10,48,53,8,16,10,100
8032,01,04,F7,FD,FB,F7,FD,F7,005A,1,4,-9,-3,-5,-9,-3,-9,90,103,8,16,10,100
8033,F6,FF,07,FA,FA,06,05,07,003C,-10,-1,7,-6,-6,6,5,7,60,107,8,16,10,100
8034,08,03,FE,FB,02,F7,FA,01,FFAB,8,3,-2,-5,2,-9,-6,1,-85,-89,8,16,10,100
8035,03,07,FE,0A,FC,07,08,01,0014,3,7,-2,10,-4,7,8,1,20,51,8,16,10,100
8036,06,08,03,09,F6,06,02,0A,FFA0,6,8,3,9,-10,6,2,10,-96,-12,8,16,10,100
8037,FA,07,FE,F7,FA,FA,01,04,0032,-6,7,-2,-9,-6,-6,1,4,50,6,8,16,10,100
8038,04,F6,F6,01,09,01,05,FB,0063,4,-10,-10,1,9,1,5,-5,99,70,8,16,10,100
8039,07,FB,08,FC,F9,FD,05,05,0041,7,-5,8,-4,-7,-3,5,5,65,51,8,16,10,100
8040,09,03,F7,05,FC,01,00,FE,FFA0,9,3,-9,5,-4,1,0,-2,-96,-139,8,16,10,100
8041,FD,05,FB,02,FD,0A,FF,00,FFDB,-3,5,-5,2,-3,10,-1,0,-37,27,8,16,10,100
8042,05,00,02,FD,F7,F6,08,FE,0064,5,0,2,-3,-9,-10,8,-2,100,77,8,16,10,100
8043,01,08,07,03,FC,F9,F7,07,FFDD,1,8,7,3,-4,-7,-9,7,-35,-137,8,16,10,100
8044,00,FA,FF,04,00,04,03,FA,FFE2,0,-6,-1,4,0,4,3,-6,-30,-81,8,16,10,100
8045,09,06,FE,00,FA,05,F6,FD,FFD0,9,6,-2,0,-6,5,-10,-3,-48,-52,8,16,10,100
8046,01,04,F8,FA,F8,FE,FD,07,0009,1,4,-8,-6,-8,-2,-3,7,9,-25,8,16,10,100
8047,FA,09,02,F8,00,F6,09,FE,FFD2,-6,9,2,-8,0,-10,9,-2,-46,-102,8,16,10,100
8048,09,02,02,00,FC,FE,0A,07,001B,9,2,2,0,-4,-2,10,7,27,7,8,16,10,100
8049,F8,03,05,0A,08,FD,FA,09,FFCF,-8,3,5,10,8,-3,-6,9,-49,-62,8,16,10,100
8050,FD,06,08,FB,0A,07,06,06,FFBF,-3,6,8,-5,10,7,6,6,-65,-35,8,16,10,100
8051,05,0A,F7,09,05,FA,FF,01,0058,5,10,-9,9,5,-6,-1,1,88,71,8,16,10,100
8052,0A,02,04,02,06,00,05,FB,FFDE,10,2,4,2,6,0,5,-5,-34,36,8,16,10,100
8053,F9,FE,08,FA,06,FF,FA,FE,0048,-7,-2,8,-6,6,-1,-6,-2,72,-4,8,16,10,100
8054,0A,FA,FD,F6,FC,08,FA,05,FFE1,10,-6,-3,-10,-4,8,-6,5,-31,-151,8,16,10,100
8055,01,06,08,FE,F7,FB,F6,FC,0017,1,6,8,-2,-9,-5,-10,-4,23,-88,8,16,10,100
8056,08,FF,06,F7,05,F6,FE,00,FFDB,8,-1,6,-9,5,-10,-2,0,-37,1,8,16,10,100
8057,01,0A,01,09,0A,08,FD,05,0031,1,10,1,9,10,8,-3,5,49,181,8,16,10,100
8058,0A,F7,FD,F6,0A,08,F9,05,FFB1,10,-9,-3,-10,10,8,-7,5,-79,-80,8,16,10,100
8059,03,FB,FA,00,09,04,FA,FA,005E,3,-5,-6,0,9,4,-6,-6,94,137,8,16,10,100
8060,F7,03,09,09,FC,F9,FA,F8,0039,-9,3,9,9,-4,-7,-6,-8,57,-54,8,16,10,100
8061,00,F8,03,FA,03,F7,08,08,FFC2,0,-8,3,-6,3,-9,8,8,-62,-14,8,16,10,100
8062,F9,0A,F6,02,FE,F6,FF,F8,FFD6,-7,10,-10,2,-2,-10,-1,-8,-42,-134,8,16,10,100
8063,03,FB,0A,FD,08,F8,05,F8,0058,3,-5,10,-3,8,-8,5,-8,88,226,8,16,10,100
8064,04,07,FB,02,0A,FC,07,FB,0064,4,7,-5,2,10,-4,7,-5,100,67,8,16,10,100
8065,F8,FD,FB,06,03,02,F6,FB,FFE0,-8,-3,-5,6,3,2,-10,-5,-32,-42,8,16,10,100
8066,FC,F8,04,04,00,FD,05,06,FFEF,-4,-8,4,4,0,-3,5,6,-17,51,8,16,10,100
8067,00,04,09,FD,02,FA,09,F8,FFF9,0,4,9,-3,2,-6,9,-8,-7,74,8,16,10,100
8068,06,0A,01,FA,FE,0A,08,F9,FFF0,6,10,1,-6,-2,10,8,-7,-16,122,8,16,10,100
8069,F6,F7,09,04,04,FD,F9,08,0026,-10,-9,9,4,4,-3,-7,8,38,-6,8,16,10,100
8070,05,05,FF,0A,FD,02,FD,FA,003C,5,5,-1,10,-3,2,-3,-6,60,-2,8,16,10,100
8071,FA,F6,0A,F7,FD,F7,F7,01,0031,-6,-10,10,-9,-3,-9,-9,1,49,58,8,16,10,100
8072,F8,F7,FB,03,0A,09,FC,F6,002A,-8,-9,-5,3,10,9,-4,-10,42,-129,8,16,10,100
8073,F6,08,F8,FE,00,02,F9,F9,003A,-10,8,-8,-2,0,2,-7,-7,58,144,8,16,10,100
8074,08,FE,0A,00,F7,F8,04,07,004E,8,-2,10,0,-9,-8,4,7,78,62,8,16,10,100
8075,07,02,03,F8,F9,04,FF,05,0044,7,2,3,-8,-7,4,-1,5,68,-16,8,16,10,100
8076,FB,01,F7,F9,06,FC,FE,02,0044,-5,1,-9,-7,6,-4,-2,2,68,38,8,16,10,100
8077,08,F7,04,04,05,F6,F8,07,FFD3,8,-9,4,4,5,-10,-8,7,-45,81,8,16,10,100
8078,07,F7,F9,03,F6,F7,05,FF,FFD2,7,-9,-7,3,-10,-9,5,-1,-46,-73,8,16,10,100
8079,08,07,0A,05,F6,F8,FA,08,003F,8,7,10,5,-10,-8,-6,8,63,-93,8,16,10,100
8080,08,FB,F9,09,09,07,03,07,FFAC,8,-5,-7,9,9,7,3,7,-84,-5,8,16,10,100
8081,F7,05,07,06,04,08,01,FA,000B,-9,5,7,6,4,8,1,-6,11,-14,8,16,10,100
8082,FE,FD,FB,FC,F8,F7,FD,06,0007,-2,-3,-5,-4,-8,-9,-3,6,7,41,8,16,10,100
8083,FA,06,02,00,FA,FC,02,FD,005A,-6,6,2,0,-6,-4,2,-3,90,106,8,16,10,100
8084,F8,FD,FC,06,FF,01,FE,F7,0033,-8,-3,-4,6,-1,1,-2,-9,51,10,8,16,10,100
8085,FA,02,FE,03,04,0A,00,FA,0025,-6,2,-2,3,4,10,0,-6,37,15,8,16,10,100
8086,FC,FA,FC,F6,05,01,03,04,FFFA,-4,-6,-4,-10,5,1,3,4,-6,-84,8,16,10,100
8087,04,F7,FE,04,F9,09,F8,FA,FFD6,4,-9,-2,4,-7,9,-8,-6,-42,-159,8,16,10,100
8088,00,F9,08,05,00,F9,F9,05,FFD8,0,-7,8,5,0,-7,-7,5,-40,-22,8,16,10,100
8089,08,01,01,00,F9,FE,0A,FA,FFB3,8,1,1,0,-7,-2,10,-6,-77,-125,8,16,10,100
8090,FF,06,F6,FC,05,F9,F7,04,FFE3,-1,6,-10,-4,5,-7,-9,4,-29,-2,8,16,10,100
8091,09,0A,F9,FC,FF,FD,03,05,FFA2,9,10,-7,-4,-1,-3,3,5,-94,-174,8,16,10,100
8092,08,FD,09,F9,04,F9,06,00,FFAC,8,-3,9,-7,4,-7,6,0,-84,23,8,16,10,100
8093,FD,07,09,01,FD,05,F8,06,FFA6,-3,7,9,1,-3,5,-8,6,-90,-112,8,16,10,100
8094,FB,FC,FF,07,02,FB,F7,07,FFFB,-5,-4,-1,7,2,-5,-9,7,-5,63,8,16,10,100
8095,FA,05,02,F8,FA,FC,08,FD,FFC7,-6,5,2,-8,-6,-4,8,-3,-57,-1,8,16,10,100
8096,07,FB,FD,FD,0A,06,06,08,FFD3,7,-5,-3,-3,10,6,6,8,-45,-47,8,16,10,100
8097,03,04,05,02,0A,03,F7,05,0059,3,4,5,2,10,3,-9,5,89,96,8,16,10,100
8098,FF,01,07,0A,F6,04,08,F7,0010,-1,1,7,10,-10,4,8,-9,16,-4,8,16,10,100
8099,FD,09,02,F8,F6,FB,F7,01,005F,-3,9,2,-8,-10,-5,-9,1,95,54,8,16,10,100
8100,FE,05,08,F8,FE,FD,07,FB,FFF8,-2,5,8,-8,-2,-3,7,-5,-8,77,8,16,10,100
8101,F8,F6,F6,04,FA,FA,FF,FF,FFC2,-8,-10,-10,4,-6,-6,-1,-1,-62,52,8,16,10,100
8102,F7,0A,FA,F7,F7,F8,00,FC,002C,-9,10,-6,-9,-9,-8,0,-4,44,81,8,16,10,100
8103,FF,08,09,06,07,FD,06,F9,FFA1,-1,8,9,6,7,-3,6,-7,-95,-114,8,16,10,100
8104,06,03,FA,00,08,00,07,FB,FFE5,6,3,-6,0,8,0,7,-5,-27,-21,8,16,10,100
8105,01,04,08,FB,04,04,07,06,0036,1,4,8,-5,4,4,7,6,54,100,8,16,10,100
8106,F7,08,01,F9,02,0A,F7,0A,FFEE,-9,8,1,-7,2,10,-9,10,-18,-35,8,16,10,100
8107,06,FE,05,05,F9,FE,F6,FB,001D,6,-2,5,5,-7,-2,-10,-5,29,-84,8,16,10,100
8108,F9,00,02,08,F8,07,F7,F6,001A,-7,0,2,8,-8,7,-9,-10,26,-16,8,16,10,100
8109,06,0A,05,07,07,FD,06,02,0012,6,10,5,7,7,-3,6,2,18,74,8,16,10,100
8110,06,07,09,0A,08,F8,FE,F6,000F,6,7,9,10,8,-8,-2,-10,15,-111,8,16,10,100
8111,04,FE,01,FC,05,02,F8,02,FFEE,4,-2,1,-4,5,2,-8,2,-18,-18,8,16,10,100
8112,FF,FC,03,07,06,05,05,FD,FFA7,-1,-4,3,7,6,5,5,-3,-89,-121,8,16,10,100
8113,02,FD,FA,09,00,0A,09,FA,FFF8,2,-3,-6,9,0,10,9,-6,-8,-146,8,16,10,100
8114,00,08,01,F9,F6,FF,F9,FB,FF9C,0,8,1,-7,-10,-1,-7,-5,-100,-80,8,16,10,100
8115,FC,FD,03,04,FC,09,00,05,0057,-4,-3,3,4,-4,9,0,5,87,96,8,16,10,100
8116,F8,FB,F6,00,09,01,08,FF,FFD4,-8,-5,-10,0,9,1,8,-1,-44,-201,8,16,10,100
8117,06,01,06,01,FA,FF,FB,08,FFEB,6,1,6,1,-6,-1,-5,8,-21,-80,8,16,10,100
8118,04,F6,07,01,FD,F8,02,FE,FFA8,4,-10,7,1,-3,-8,2,-2,-88,-8,8,16,10,100
8119,F9,FE,FC,01,FA,FC,F8,FB,FFA8,-7,-2,-4,1,-6,-4,-8,-5,-88,-11,8,16,10,100
8120,FE,0A,08,03,05,00,02,F9,0060,-2,10,8,3,5,0,2,-7,96,81,8,16,10,100
8121,01,F6,02,06,09,FD,FE,05,0008,1,-10,2,6,9,-3,-2,5,8,73,8,16,10,100
8122,FD,08,04,00,08,09,F7,0A,0039,-3,8,4,0,8,9,-9,10,57,69,8,16,10,100
8123,05,01,08,F8,08,FB,0A,F9,0033,5,1,8,-8,8,-5,10,-7,51,222,8,16,10,100
8124,FE,FA,F6,FC,FE,FD,06,00,0014,-2,-6,-10,-4,-2,-3,6,0,20,-18,8,16,10,100
8125,01,FC,F9,03,FB,05,F7,FD,0040,1,-4,-7,3,-5,5,-9,-3,64,93,8,16,10,100
8126,FB,F9,02,FC,09,FF,FA,FB,0018,-5,-7,2,-4,9,-1,-6,-5,24,-6,8,16,10,100
8127,FD,00,F7,07,02,05,FC,F6,0034,-3,0,-9,7,2,5,-4,-10,52,12,8,16,10,100
8128,FC,FE,FD,F9,01,FC,02,05,0036,-4,-2,-3,-7,1,-4,2,5,54,17,8,16,10,100
8129,FC,FC,F6,05,08,08,09,08,FFC4,-4,-4,-10,5,8,8,9,8,-60,-174,8,16,10,100
8130,FD,F6,04,00,F9,05,05,01,FFFF,-3,-10,4,0,-7,5,5,1,-1,-10,8,16,10,100
8131,F6,08,0A,06,09,04,FD,FE,FFC2,-10,8,10,6,9,4,-3,-2,-62,-162,8,16,10,100
8132,04,08,FE,FB,02,FD,FA,07,FFCA,4,8,-2,-5,2,-3,-6,7,-54,-93,8,16,10,100
8133,FA,06,0A,FF,06,04,FD,06,FFE4,-6,6,10,-1,6,4,-3,6,-28,-76,8,16,10,100
8134,01,07,02,06,09,00,01,FF,FFB4,1,7,2,6,9,0,1,-1,-76,-71,8,16,10,100
8135,05,08,FE,09,F7,01,05,02,FFFF,5,8,-2,9,-9,1,5,2,-1,-30,8,16,10,100
8136,FC,07,FB,F7,05,08,05,F7,FFF7,-4,7,-5,-9,5,8,5,-9,-9,83,8,16,10,100
8137,03,F9,FD,09,F8,FF,FA,02,FFDE,3,-7,-3,9,-8,-1,-6,2,-34,-15,8,16,10,100
8138,FF,F9,06,FA,02,01,04,00,FFA2,-1,-7,6,-6,2,1,4,0,-94,-79,8,16,10,100
8139,F8,F7,F7,05,FF,03,08,00,FFA3,-8,-9,-9,5,-1,3,8,0,-93,-184,8,16,10,100
8140,F6,F7,09,02,02,FE,04,FA,FFC9,-10,-9,9,2,2,-2,4,-6,-55,-33,8,16,10,100
8141,09,F6,01,FB,F8,08,08,FD,0025,9,-10,1,-5,-8,8,8,-3,37,-92,8,16,10,100
8142,08,FD,FB,04,F7,02,FC,F8,005C,8,-3,-5,4,-9,2,-4,-8,92,2,8,16,10,100
8143,FA,07,07,04,02,0A,F7,06,0060,-6,7,7,4,2,10,-9,6,96,115,8,16,10,100
8144,07,FE,F8,F6,F9,FB,02,FF,FFD4,7,-2,-8,-10,-7,-5,2,-1,-44,-89,8,16,10,100
8145,01,F8,FE,F8,F9,0A,0A,00,0013,1,-8,-2,-8,-7,10,10,0,19,-88,8,16,10,100
8146,09,F7,03,FB,F7,F6,01,03,003F,9,-9,3,-5,-9,-10,1,3,63,60,8,16,10,100
8147,FE,02,F8,FA,FA,08,FD,FC,002D,-2,2,-8,-6,-6,8,-3,-4,45,121,8,16,10,100
8148,FD,0A,F8,09,F9,04,09,04,FFB7,-3,10,-8,9,-7,4,9,4,-73,-48,8,16,10,100
8149,01,06,F7,01,FD,0A,07,FC,FFBE,1,6,-9,1,-3,10,7,-4,-66,-76,8,16,10,100
8150,FC,01,FD,0A,00,07,FB,08,FFF6,-4,1,-3,10,0,7,-5,8,-10,92,8,16,10,100
8151,00,00,06,F6,F7,F8,F9,06,002C,0,0,6,-10,-9,-8,-7,6,44,-58,8,16,10,100
8152,03,08,F7,F6,0A,05,0A,FB,FF9D,3,8,-9,-10,10,5,10,-5,-99,-69,8,16,10,100
8153,09,F7,05,04,09,09,08,03,FFAC,9,-9,5,4,9,9,8,3,-84,-32,8,16,10,100
8154,F7,FC,04,08,05,09,08,05,FFDB,-9,-4,4,8,5,9,8,5,-37,-46,8,16,10,100
8155,F8,FE,FD,02,05,F7,00,F7,FFFF,-8,-2,-3,2,5,-9,0,-9,-1,-41,8,16,10,100
8156,F8,04,FA,03,FF,02,FC,FB,FFA1,-8,4,-6,3,-1,2,-4,-5,-95,-70,8,16,10,100
8157,09,FC,FB,05,06,FB,03,FB,0016,9,-4,-5,5,6,-5,3,-5,22,56,8,16,10,100
8158,FF,FE,01,0A,03,08,FD,00,FFB5,-1,-2,1,10,3,8,-3,0,-75,-97,8,16,10,100
8159,F9,05,FA,F9,FA,07,01,01,FFC8,-7,5,-6,-7,-6,7,1,1,-56,8,8,16,10,100
8160,FB,F7,FB,F6,FA,01,02,FF,0021,-5,-9,-5,-10,-6,1,2,-1,33,54,8,16,10,100
8161,F8,FE,03,00,F8,04,FA,00,FFDA,-8,-2,3,0,-8,4,-6,0,-38,0,8,16,10,100
8162,F9,09,FC,03,00,08,08,FB,FFD7,-7,9,-4,3,0,8,8,-5,-41,-16,8,16,10,100
8163,05,02,03,05,FD,FF,FB,FF,FFC5,5,2,3,5,-3,-1,-5,-1,-59,-96,8,16,10,100
8164,06,02,02,F6,F6,FA,FF,FD,FFB3,6,2,2,-10,-10,-6,-1,-3,-77,-121,8,16,10,100
8165,03,00,03,F6,F8,09,02,01,0064,3,0,3,-10,-8,9,2,1,100,72,8,16,10,100
8166,05,F9,09,08,FF,F7,FD,FF,0057,5,-7,9,8,-1,-9,-3,-1,87,110,8,16,10,100
8167,F6,05,04,05,02,F8,04,02,FFC2,-10,5,4,5,2,-8,4,2,-62,-96,8,16,10,100
8168,0A,F6,FA,FD,0A,F9,FA,FF,0059,10,-10,-6,-3,10,-7,-6,-1,89,298,8,16,10,100
8169,04,06,F8,FF,06,04,FD,FB,001E,4,6,-8,-1,6,4,-3,-5,30,107,8,16,10,100
8170,05,02,08,03,09,F6,FE,08,FFEB,5,2,8,3,9,-10,-2,8,-21,12,8,16,10,100
8171,05,01,06,FE,F7,07,06,F9,0003,5,1,6,-2,-9,7,6,-7,3,15,8,16,10,100
8172,FA,F6,FC,07,FD,04,FE,08,FFCA,-6,-10,-4,7,-3,4,-2,8,-54,-12,8,16,10,100
8173,07,08,FC,F7,03,0A,07,06,FFDC,7,8,-4,-9,3,10,7,6,-36,-17,8,16,10,100
8174,01,FF,02,09,F9,F9,08,08,FFA2,1,-1,2,9,-7,-7,8,8,-94,-6,8,16,10,100
8175,F6,FE,FA,FE,08,FD,F8,FC,FFA3,-10,-2,-6,-2,8,-3,-8,-4,-93,-111,8,16,10,100
8176,04,01,02,00,F6,F7,FB,07,0029,4,1,2,0,-10,-9,-5,7,41,-18,8,16,10,100
8177,FD,00,FD,04,02,FB,F6,FA,FFC2,-3,0,-3,4,2,-5,-10,-6,-62,-62,8,16,10,100
8178,F8,05,07,F8,04,F6,00,09,FFAA,-8,5,7,-8,4,-10,0,9,-86,-240,8,16,10,100
8179,03,01,07,09,0A,F9,F9,05,FFCE,3,1,7,9,10,-7,-7,5,-50,-31,8,16,10,100
8180,FC,02,0A,09,F7,F6,08,02,FFEB,-4,2,10,9,-9,-10,8,2,-21,93,8,16,10,100
8181,F6,00,0A,FC,03,0A,02,04,0049,-10,0,10,-4,3,10,2,4,73,47,8,16,10,100
8182,01,02,02,07,FD,F6,FF,01,FFEC,1,2,2,7,-3,-10,-1,1,-20,-38,8,16,10,100
8183,02,FC,FF,FD,04,01,F8,F8,FFB0,2,-4,-1,-3,4,1,-8,-8,-80,-44,8,16,10,100
8184,03,F8,00,FE,09,0A,08,04,FFFA,3,-8,0,-2,9,10,8,4,-6,-67,8,16,10,100
8185,FD,FA,00,F8,FF,F6,F7,F6,0014,-3,-6,0,-8,-1,-10,-9,-10,20,163,8,16,10,100
8186,FF,FE,02,FC,00,F9,03,05,FFA0,-1,-2,2,-4,0,-7,3,5,-96,-96,8,16,10,100
8187,04,01,0A,09,08,00,F8,FD,0037,4,1,10,9,8,0,-8,-3,55,-20,8,16,10,100
8188,FC,06,FB,08,02,FB,01,01,FFD9,-4,6,-5,8,2,-5,1,1,-39,-74,8,16,10,100
8189,05,FA,F7,F6,FD,F6,04,0A,0051,5,-6,-9,-10,-3,-10,4,10,81,-10,8,16,10,100
8190,F9,06,FF,08,FB,09,08,08,0052,-7,6,-1,8,-5,9,8,8,82,227,8,16,10,100
8191,F7,09,0A,05,02,FF,02,FA,FFF7,-9,9,10,5,2,-1,2,-6,-9,-46,8,16,10,100
8192,06,FF,06,03,03,00,07,05,000B,6,-1,6,3,3,0,7,5,11,86,8,16,10,100
8193,F6,04,03,F6,FD,08,FC,09,005B,-10,4,3,-10,-3,8,-4,9,91,51,8,16,10,100
8194,0A,01,F7,FE,04,FB,F6,08,0050,10,1,-9,-2,4,-5,-10,8,80,189,8,16,10,100
8195,00,00,08,03,01,01,00,02,0034,0,0,8,3,1,1,0,2,52,58,8,16,10,100
8196,F6,FE,05,07,0A,FC,FA,FB,FFAA,-10,-2,5,7,10,-4,-6,-5,-86,-243,8,16,10,100
8197,07,FC,F8,03,FF,09,FD,FD,001D,7,-4,-8,3,-1,9,-3,-3,29,1,8,16,10,100
8198,F7,FF,00,FC,FA,01,07,00,000B,-9,-1,0,-4,-6,1,7,0,11,64,8,16,10,100
8199,08,01,FD,FE,FF,FF,05,00,0002,8,1,-3,-2,-1,-1,5,0,2,-22,8,16,10,100
8200,07,FE,00,FD,03,F6,09,FC,FFDF,7,-2,0,-3,3,-10,9,-4,-33,20,8,16,10,100
8201,FD,08,FB,FA,06,0A,F9,00,005D,-3,8,-5,-6,6,10,-7,0,93,190,8,16,10,100
8202,08,09,08,02,00,06,03,02,0031,8,9,8,2,0,6,3,2,49,131,8,16,10,100
8203,01,05,00,0A,01,02,08,FA,001F,1,5,0,10,1,2,8,-6,31,-18,8,16,10,100
8204,01,FA,F8,F8,00,07,01,0A,002A,1,-6,-8,-8,0,7,1,10,42,-88,8,16,10,100
8205,FF,F9,00,04,FD,05,06,0A,004F,-1,-7,0,4,-3,5,6,10,79,87,8,16,10,100
8206,FB,F6,F7,FD,FD,03,FE,FA,FFB2,-5,-10,-9,-3,-3,3,-2,-6,-78,-57,8,16,10,100
8207,FC,FD,08,03,FD,FD,07,FD,0005,-4,-3,8,3,-3,-3,7,-3,5,73,8,16,10,100
8208,FD,0A,03,09,04,03,00,FE,0036,-3,10,3,9,4,3,0,-2,54,54,8,16,10,100
8209,0A,07,F7,06,F9,F6,FC,09,FF9C,10,7,-9,6,-7,-10,-4,9,-100,-150,8,16,10,100
8210,09,FC,F6,04,08,08,05,FC,0063,9,-4,-10,4,8,8,5,-4,99,73,8,16,10,100
8211,07,06,FA,02,0A,09,08,F9,FFA9,7,6,-6,2,10,9,8,-7,-87,-25,8,16,10,100
8212,FF,FD,00,FD,03,0A,F8,FA,0037,-1,-3,0,-3,3,10,-8,-6,55,40,8,16,10,100
8213,02,F9,08,F9,FF,0A,F6,F7,FFAA,2,-7,8,-7,-1,10,-10,-9,-86,-175,8,16,10,100
8214,06,06,FC,00,F9,0A,07,FC,FFB6,6,6,-4,0,-7,10,7,-4,-74,-84,8,16,10,100
8215,01,00,F6,FA,04,0A,03,FD,000E,1,0,-10,-6,4,10,3,-3,14,6,8,16,10,100
8216,FA,F7,01,06,F7,FA,0A,07,FFCE,-6,-9,1,6,-9,-6,10,7,-50,110,8,16,10,100
8217,08,06,0A,F6,07,F6,02,FC,0048,8,6,10,-10,7,-10,2,-4,72,128,8,16,10,100
8218,09,02,01,06,FB,FB,F6,F8,0021,9,2,1,6,-5,-5,-10,-8,33,-80,8,16,10,100
8219,0A,F6,00,09,08,0A,FE,04,0037,10,-10,0,9,8,10,-2,4,55,71,8,16,10,100
8220,02,07,07,07,FE,FD,01,09,0029,2,7,7,7,-2,-3,1,9,41,86,8,16,10,100
8221,09,04,01,0A,FC,01,FA,04,FFB1,9,4,1,10,-4,1,-6,4,-79,-77,8,16,10,100
8222,FB,F9,00,FF,05,F7,FF,07,FFD2,-5,-7,0,-1,5,-9,-1,7,-46,-15,8,16,10,100
8223,08,0A,05,03,04,FB,00,FF,FFF5,8,10,5,3,4,-5,0,-1,-11,-32,8,16,10,100
8224,F8,08,07,FF,FC,0A,09,09,0007,-8,8,7,-1,-4,10,9,9,7,173,8,16,10,100
8225,F8,06,02,F6,02,03,03,00,0038,-8,6,2,-10,2,3,3,0,56,64,8,16,10,100
8226,FA,09,F9,03,F7,F9,F8,01,005A,-6,9,-7,3,-9,-7,-8,1,90,140,8,16,10,100
8227,09,02,FD,F8,FA,05,01,05,FFFF,9,2,-3,-8,-6,5,1,5,-1,-88,8,16,10,100
8228,09,07,02,FE,07,06,05,F6,FFFA,9,7,2,-2,7,6,5,-10,-6,129,8,16,10,100
8229,F9,FD,09,FC,04,00,F7,FF,0058,-7,-3,9,-4,4,0,-9,-1,88,-17,8,16,10,100
8230,03,05,07,FE,FA,FB,F7,09,003F,3,5,7,-2,-6,-5,-9,9,63,-61,8,16,10,100
8231,F8,F9,F6,FA,FC,01,01,FC,FFBB,-8,-7,-10,-6,-4,1,1,-4,-69,-30,8,16,10,100
8232,07,06,05,FB,FE,FD,01,02,0052,7,6,5,-5,-2,-3,1,2,82,45,8,16,10,100
8233,FC,FD,F9,F8,01,09,0A,04,FFF7,-4,-3,-7,-8,1,9,10,4,-9,-142,8,16,10,100
8234,F9,09,FB,FE,F7,01,00,0A,FFDF,-7,9,-5,-2,-9,1,0,10,-33,19,8,16,10,100
8235,0A,04,04,FB,FB,F9,0A,FC,005E,10,4,4,-5,-5,-7,10,-4,94,76,8,16,10,100
8236,03,F9,07,F8,00,FD,F8,F6,0063,3,-7,7,-8,0,-3,-8,-10,99,144,8,16,10,100
8237,08,FE,01,04,06,08,03,03,0039,8,-2,1,4,6,8,3,3,57,104,8,16,10,100
8238,FE,FC,00,05,F8,F6,09,05,FFD9,-2,-4,0,5,-8,-10,9,5,-39,42,8,16,10,100
8239,FE,09,08,06,05,F9,FE,09,003A,-2,9,8,6,5,-7,-2,9,58,23,8,16,10,100
8240,F6,0A,FD,FD,00,F8,07,FE,FFE2,-10,10,-3,-3,0,-8,7,-2,-30,-125,8,16,10,100
8241,FB,09,09,F7,FD,F7,00,F9,000E,-5,9,9,-9,-3,-9,0,-7,14,11,8,16,10,100
8242,FF,03,FE,07,05,F6,F6,F7,002D,-1,3,-2,7,5,-10,-10,-9,45,-33,8,16,10,100
8243,0A,FB,FB,02,03,FD,01,FE,FFE3,10,-5,-5,2,3,-3,1,-2,-29,7,8,16,10,100
8244,FE,0A,04,04,05,04,00,07,0036,-2,10,4,4,5,4,0,7,54,112,8,16,10,100
8245,09,FF,FE,FB,01,0A,FB,F6,000D,9,-1,-2,-5,1,10,-5,-10,13,72,8,16,10,100
8246,F7,00,06,06,04,F7,04,00,0006,-9,0,6,6,4,-9,4,0,6,-6,8,16,10,100
8247,FA,08,02,FF,04,FE,FB,01,0014,-6,8,2,-1,4,-2,-5,1,20,-31,8,16,10,100
8248,04,02,F7,F6,03,F6,01,F7,0024,4,2,-9,-10,3,-10,1,-9,36,109,8,16,10,100
8249,FA,05,08,FA,06,08,F6,FA,FFD5,-6,5,8,-6,6,8,-10,-6,-43,-83,8,16,10,100
8250,00,04,00,FE,FE,FC,FA,05,FFC3,0,4,0,-2,-2,-4,-6,5,-61,-87,8,16,10,100
8251,F9,FA,0A,F8,FE,07,FD,01,FFC1,-7,-6,10,-8,-2,7,-3,1,-63,-129,8,16,10,100
8252,FD,01,F8,09,F6,03,02,FF,0002,-3,1,-8,9,-10,3,2,-1,2,10,8,16,10,100
8253,08,F8,07,F8,04,08,FC,F7,0010,8,-8,7,-8,4,8,-4,-9,16,28,8,16,10,100
8254,05,08,01,FD,0A,01,FC,FD,FFD5,5,8,1,-3,10,1,-4,-3,-43,20,8,16,10,100
8255,01,FD,FE,FF,01,FC,09,04,FFD0,1,-3,-2,-1,1,-4,9,4,-48,-57,8,16,10,100
8256,04,04,FF,0A,08,FF,F8,F9,FF9D,4,4,-1,10,8,-1,-8,-7,-99,-133,8,16,10,100
8257,FA,F6,08,05,FD,06,00,06,FFDB,-6,-10,8,5,-3,6,0,6,-37,-49,8,16,10,100
8258,0A,F7,FC,02,F6,01,09,F8,0018,10,-9,-4,2,-10,1,9,-8,24,-137,8,16,10,100
8259,FD,08,FE,F7,FD,F9,05,FC,FFDB,-3,8,-2,-9,-3,-7,5,-4,-37,-58,8,16,10,100
8260,F6,01,F7,08,FB,04,03,F8,002E,-10,1,-9,8,-5,4,3,-8,46,9,8,16,10,100
8261,06,05,03,0A,F6,FA,FD,09,005E,6,5,3,10,-10,-6,-3,9,94,85,8,16,10,100
8262,FE,FE,F6,0A,05,F9,05,03,FF9C,-2,-2,-10,10,5,-7,5,3,-100,-116,8,16,10,100
8263,F9,FE,FC,02,F8,08,FF,03,0025,-7,-2,-4,2,-8,8,-1,3,37,87,8,16,10,100
8264,06,04,FF,FC,04,FF,F9,01,000C,6,4,-1,-4,4,-1,-7,1,12,35,8,16,10,100
8265,08,FB,FB,00,F6,04,08,F6,0055,8,-5,-5,0,-10,4,8,-10,85,-55,8,16,10,100
8266,08,00,F7,F9,F6,05,FB,FD,FFCD,8,0,-9,-7,-10,5,-5,-3,-51,-65,8,16,10,100
8267,05,08,FF,FC,03,06,07,FA,002D,5,8,-1,-4,3,6,7,-6,45,125,8,16,10,100
8268,00,FC,FC,08,08,06,FC,02,004A,0,-4,-4,8,8,6,-4,2,74,82,8,16,10,100
8269,FC,04,F6,02,FE,FE,08,FD,FFEC,-4,4,-10,2,-2,-2,8,-3,-20,-106,8,16,10,100
8270,08,0A,06,FE,F8,07,F7,03,FFF1,8,10,6,-2,-8,7,-9,3,-15,-69,8,16,10,100
8271,08,F7,F9,00,FB,FD,08,02,FFF4,8,-9,-7,0,-5,-3,8,2,-12,-81,8,16,10,100
8272,F6,08,01,05,07,00,08,FE,0025,-10,8,1,5,7,0,8,-2,37,-35,8,16,10,100
8273,FE,02,03,05,04,FC,FB,FC,0000,-2,2,3,5,4,-4,-5,-4,0,-51,8,16,10,100
8274,F8,F7,0A,01,F9,08,02,FF,FFDA,-8,-9,10,1,-7,8,2,-1,-38,-35,8,16,10,100
8275,FA,00,FA,03,FD,00,F8,08,0051,-6,0,-6,3,-3,0,-8,8,81,171,8,16,10,100
8276,02,05,08,FE,0A,01,03,08,FFF2,2,5,8,-2,10,1,3,8,-14,19,8,16,10,100
8277,08,F7,02,01,04,08,01,09,FFA5,8,-9,2,1,4,8,1,9,-91,-120,8,16,10,100
8278,FB,F8,FA,FE,F6,FC,F6,00,001B,-5,-8,-6,-2,-10,-4,-10,0,27,169,8,16,10,100
8279,F9,F9,02,04,08,09,FF,FC,FFA5,-7,-7,2,4,8,9,-1,-4,-91,-228,8,16,10,100
8280,FF,0A,F8,06,F9,00,F8,01,FFD2,-1,10,-8,6,-7,0,-8,1,-46,31,8,16,10,100
8281,06,06,FB,05,00,FE,FF,FA,0029,6,6,-5,5,0,-2,-1,-6,41,4,8,16,10,100
8282,FF,03,F9,05,07,03,FC,F6,FFF3,-1,3,-7,5,7,3,-4,-10,-13,-33,8,16,10,100
8283,04,04,F8,06,07,FC,F6,03,FFD5,4,4,-8,6,7,-4,-10,3,-43,67,8,16,10,100
8284,FF,FE,08,00,FB,FC,05,F8,0024,-1,-2,8,0,-5,-4,5,-8,36,89,8,16,10,100
8285,F9,06,F6,FE,04,05,FD,0A,0005,-7,6,-10,-2,4,5,-3,10,5,17,8,16,10,100
8286,00,03,06,FA,FB,06,FC,05,FFF1,0,3,6,-6,-5,6,-4,5,-15,-51,8,16,10,100
8287,FD,09,0A,FA,05,06,FD,FF,FFDC,-3,9,10,-6,5,6,-3,-1,-36,-21,8,16,10,100
8288,06,01,FB,00,02,04,03,0A,004F,6,1,-5,0,2,4,3,10,79,80,8,16,10,100
8289,FF,F9,02,FA,FD,F8,06,FC,000B,-1,-7,2,-6,-3,-8,6,-4,11,106,8,16,10,100
8290,FC,FA,FE,06,FD,01,08,FD,004C,-4,-6,-2,6,-3,1,8,-3,76,48,8,16,10,100
8291,07,F7,FB,09,FE,02,FD,FA,005F,7,-9,-5,9,-2,2,-3,-6,95,24,8,16,10,100
8292,01,00,01,0A,F6,F8,02,F9,0034,1,0,1,10,-10,-8,2,-7,52,-26,8,16,10,100
8293,06,FD,FC,02,05,F8,F8,08,000A,6,-3,-4,2,5,-8,-8,8,10,112,8,16,10,100
8294,09,FE,FF,FB,05,07,05,00,FFCB,9,-2,-1,-5,5,7,5,0,-53,-27,8,16,10,100
8295,F6,FA,F9,02,F9,FB,FD,02,FFE1,-10,-6,-7,2,-7,-5,-3,2,-31,94,8,16,10,100
8296,01,01,07,F8,FE,06,08,09,0024,1,1,7,-8,-2,6,8,9,36,24,8,16,10,100
8297,08,06,06,05,03,0A,00,F9,0025,8,6,6,5,3,10,0,-7,37,86,8,16,10,100
8298,F8,02,00,F8,0A,00,F6,0A,0058,-8,2,0,-8,10,0,-10,10,88,-72,8,16,10,100
8299,0A,FF,00,FA,05,0A,0A,02,0042,10,-1,0,-6,5,10,10,2,66,94,8,16,10,100
8300,F7,08,FB,0A,FF,F6,0A,09,FFA9,-9,8,-5,10,-1,-10,10,9,-87,-118,8,16,10,100
8301,FA,04,F8,F9,03,0A,F8,F6,FFB0,-6,4,-8,-7,3,10,-8,-10,-80,76,8,16,10,100
8302,05,04,FB,00,02,F7,FF,08,0002,5,4,-5,0,2,-9,-1,8,2,-19,8,16,10,100
8303,FC,FF,01,F9,05,F6,F6,00,0049,-4,-1,1,-7,5,-10,-10,0,73,53,8,16,10,100
8304,09,FF,08,F6,04,05,F8,09,FFE1,9,-1,8,-10,4,5,-8,9,-31,-154,8,16,10,100
8305,05,F9,02,01,F7,FF,09,FB,FF9C,5,-7,2,1,-9,-1,9,-5,-100,-125,8,16,10,100
8306,F7,09,01,07,02,FA,FF,FC,0008,-9,9,1,7,2,-6,-1,-4,8,-93,8,16,10,100
8307,FF,FA,05,01,01,FB,03,02,FFF5,-1,-6,5,1,1,-5,3,2,-11,35,8,16,10,100
8308,03,06,06,F8,F7,01,02,03,0043,3,6,6,-8,-9,1,2,3,67,34,8,16,10,100
8309,02,F7,FB,08,F9,F9,08,04,0002,2,-9,-5,8,-7,-7,8,4,2,43,8,16,10,100
8310,06,FD,02,FA,FC,FC,07,0A,0046,6,-3,2,-6,-4,-4,7,10,70,12,8,16,10,100
8311,FC,F7,FB,04,05,FB,F7,00,0019,-4,-9,-5,4,5,-5,-9,0,25,95,8,16,10,100
8312,08,F8,0A,0A,09,F8,05,04,0007,8,-8,10,10,9,-8,5,4,7,233,8,16,10,100
8313,FD,FF,F6,FF,01,F7,FD,07,0017,-3,-1,-10,-1,1,-9,-3,7,23,52,8,16,10,100
8314,02,01,FC,05,08,FC,F8,06,FFFF,2,1,-4,5,8,-4,-8,6,-1,73,8,16,10,100
8315,04,00,03,02,04,02,FE,02,FFA8,4,0,3,2,4,2,-2,2,-88,-74,8,16,10,100
8316,03,00,F7,07,07,07,05,03,FFD6,3,0,-9,7,7,7,5,3,-42,-45,8,16,10,100
8317,06,FF,FF,02,FB,03,F6,FE,FFB7,6,-1,-1,2,-5,3,-10,-2,-73,-100,8,16,10,100
8318,01,F6,09,02,09,FB,09,05,FFDB,1,-10,9,2,9,-5,9,5,-37,113,8,16,10,100
8319,00,04,FA,F8,FA,F6,00,0A,FFB7,0,4,-6,-8,-6,-10,0,10,-73,-193,8,16,10,100
8320,05,04,09,FE,08,08,0A,0A,FFA2,5,4,9,-2,8,8,10,10,-94,48,8,16,10,100
8321,08,F8,FE,FF,00,F9,FB,07,0002,8,-8,-2,-1,0,-7,-5,7,2,61,8,16,10,100
8322,09,FD,09,03,F9,F8,FC,F9,FFFB,9,-3,9,3,-7,-8,-4,-7,-5,-101,8,16,10,100
8323,FB,FF,FC,FF,F7,F9,07,F6,FFEE,-5,-1,-4,-1,-9,-7,7,-10,-18,16,8,16,10,100
8324,FA,F7,00,F9,F9,08,00,06,0061,-6,-9,0,-7,-7,8,0,6,97,25,8,16,10,100
8325,08,04,F8,F6,F6,FA,01,F6,004A,8,4,-8,-10,-10,-6,1,-10,74,62,8,16,10,100
8326,01,03,FA,FE,00,F9,02,01,FFC3,1,3,-6,-2,0,-7,2,1,-61,-96,8,16,10,100
8327,F7,F6,FB,FF,F7,FF,08,02,002E,-9,-10,-5,-1,-9,-1,8,2,46,95,8,16,10,100
8328,02,06,FC,03,F8,03,06,03,FFDB,2,6,-4,3,-8,3,6,3,-37,-50,8,16,10,100
8329,FE,FF,FB,FF,07,F8,FB,FC,004F,-2,-1,-5,-1,7,-8,-5,-4,79,102,8,16,10,100
8330,FA,00,FB,F6,04,01,F8,05,FFA3,-6,0,-5,-10,4,1,-8,5,-93,-127,8,16,10,100
8331,F6,03,09,F8,FF,FD,01,01,FFFB,-10,3,9,-8,-1,-3,1,1,-5,-3,8,16,10,100
8332,07,01,F8,01,07,FC,04,FC,FFA8,7,1,-8,1,7,-4,4,-4,-88,-79,8,16,10,100
8333,08,08,FE,F9,09,0A,05,07,0043,8,8,-2,-7,9,10,5,7,67,160,8,16,10,100
8334,09,FF,00,03,00,FE,FF,FF,0060,9,-1,0,3,0,-2,-1,-1,96,95,8,16,10,100
8335,F8,08,FA,FA,0A,05,02,08,FFC6,-8,8,-6,-6,10,5,2,8,-58,-158,8,16,10,100
8336,FB,F7,00,01,08,09,01,08,000B,-5,-9,0,1,8,9,1,8,11,-102,8,16,10,100
8337,03,04,0A,FC,01,FA,07,0A,FFE5,3,4,10,-4,1,-6,7,10,-27,-18,8,16,10,100
8338,02,09,02,FE,FF,FE,FF,07,0039,2,9,2,-2,-1,-2,-1,7,57,21,8,16,10,100
8339,08,F9,09,04,F6,F6,02,F9,FFF8,8,-7,9,4,-10,-10,2,-7,-8,-28,8,16,10,100
8340,07,00,FF,03,F7,02,F7,09,FFD9,7,0,-1,3,-9,2,-9,9,-39,-66,8,16,10,100
8341,FE,03,FB,01,01,06,F7,06,FFFF,-2,3,-5,1,1,6,-9,6,-1,66,8,16,10,100
8342,FE,04,FB,FE,FE,02,02,08,005F,-2,4,-5,-2,-2,2,2,8,95,81,8,16,10,100
8343,09,09,00,F7,FE,F9,FA,04,0043,9,9,0,-9,-2,-7,-6,4,67,-50,8,16,10,100
8344,F8,02,02,FD,09,FA,F8,FD,FFB6,-8,2,2,-3,9,-6,-8,-3,-74,-165,8,16,10,100
8345,F7,00,F6,09,F7,FA,09,F8,FFC8,-9,0,-10,9,-9,-6,9,-8,-56,-137,8,16,10,100
8346,F7,FC,FF,00,FF,07,09,FA,001C,-9,-4,-1,0,-1,7,9,-6,28,0,8,16,10,100
8347,03,0A,F6,01,01,F8,FF,FF,FFA6,3,10,-10,1,1,-8,-1,-1,-90,-158,8,16,10,100
8348,FE,FE,00,08,09,F9,0A,0A,0048,-2,-2,0,8,9,-7,10,10,72,148,8,16,10,100
8349,04,02,01,04,FB,FB,03,F9,0062,4,2,1,4,-5,-5,3,-7,98,43,8,16,10,100
8350,F9,02,05,07,07,F7,FD,F6,0039,-7,2,5,7,7,-9,-3,-10,57,-95,8,16,10,100
8351,FB,06,FC,07,04,F7,FB,FD,0025,-5,6,-4,7,4,-9,-5,-3,37,-38,8,16,10,100
8352,05,01,FC,02,01,F9,05,FD,004A,5,1,-4,2,1,-7,5,-3,74,46,8,16,10,100
8353,F9,00,04,FE,FA,01,06,FE,FFC0,-7,0,4,-2,-6,1,6,-2,-64,6,8,16,10,100
8354,09,FF,FA,09,FD,F8,01,06,FF9F,9,-1,-6,9,-3,-8,1,6,-97,-68,8,16,10,100
8355,FD,FA,FB,F8,FF,05,F8,FF,005D,-3,-6,-5,-8,-1,5,-8,-1,93,114,8,16,10,100
8356,F6,08,FA,F7,FD,FF,FA,F8,FFDF,-10,8,-6,-9,-3,-1,-6,-8,-33,97,8,16,10,100
8357,07,03,00,08,FB,FA,07,FC,FFE9,7,3,0,8,-5,-6,7,-4,-23,-108,8,16,10,100
8358,F9,0A,F9,03,01,07,09,08,FFD8,-7,10,-7,3,1,7,9,8,-40,-16,8,16,10,100
8359,FD,F9,00,F9,FA,08,0A,07,FFB0,-3,-7,0,-7,-6,8,10,7,-80,-167,8,16,10,100
8360,06,F6,09,F6,09,05,02,05,FFF2,6,-10,9,-10,9,5,2,5,-14,-42,8,16,10,100
8361,08,04,03,FB,08,FF,FB,F8,000E,8,4,3,-5,8,-1,-5,-8,14,99,8,16,10,100
8362,02,03,FC,F7,04,FB,01,06,FFE2,2,3,-4,-9,4,-5,1,6,-30,-95,8,16,10,100
8363,07,05,01,F9,00,00,FC,FF,FFDF,7,5,1,-7,0,0,-4,-1,-33,-30,8,16,10,100
8364,FA,03,FA,F9,04,F8,02,FF,0020,-6,3,-6,-7,4,-8,2,-1,32,-21,8,16,10,100
8365,F6,0A,FC,FA,0A,00,F6,08,005E,-10,10,-4,-6,10,0,-10,8,94,-14,8,16,10,100
8366,02,03,FE,08,09,FC,FB,09,FF9D,2,3,-2,8,9,-4,-5,9,-99,-11,8,16,10,100
8367,FC,FC,F6,F6,F6,02,02,00,FFF0,-4,-4,-10,-10,-10,2,2,0,-16,-4,8,16,10,100
8368,09,06,FA,FA,FF,02,F8,06,0010,9,6,-6,-6,-1,2,-8,6,16,31,8,16,10,100
8369,0A,FD,F7,02,08,04,0A,FB,000E,10,-3,-9,2,8,4,10,-5,14,-18,8,16,10,100
8370,FE,FD,03,F7,FB,FD,FC,FA,FFB4,-2,-3,3,-9,-5,-3,-4,-6,-76,-15,8,16,10,100
8371,FF,FB,03,F7,FC,F9,0A,F6,FFEE,-1,-5,3,-9,-4,-7,10,-10,-18,141,8,16,10,100
8372,F6,FA,00,08,FF,09,F6,F9,FFDA,-10,-6,0,8,-1,9,-10,-7,-38,-138,8,16,10,100
8373,03,F9,F7,06,06,F6,00,04,004B,3,-7,-9,6,6,-10,0,4,75,187,8,16,10,100
8374,FB,F6,F7,FF,F9,FF,FF,00,FFCC,-5,-10,-9,-1,-7,-1,-1,0,-52,2,8,16,10,100
8375,01,09,09,FA,01,F7,05,F6,FF9D,1,9,9,-6,1,-9,5,-10,-99,-74,8,16,10,100
8376,F9,FB,07,FB,09,09,09,F7,FFAF,-7,-5,7,-5,9,9,9,-9,-81,-81,8,16,10,100
8377,F8,04,F8,01,FA,07,07,F8,FFD8,-8,4,-8,1,-6,7,7,-8,-40,-28,8,16,10,100
8378,00,09,FD,08,FC,F8,07,F9,FFF5,0,9,-3,8,-4,-8,7,-7,-11,-160,8,16,10,100
8379,F6,FE,F6,F9,05,F7,06,FD,FFFB,-10,-2,-10,-7,5,-9,6,-3,-5,-76,8,16,10,100
8380,02,05,01,01,F6,F7,07,05,FFDB,2,5,1,1,-10,-9,7,5,-37,-90,8,16,10,100
8381,06,FD,FB,0A,0A,FE,F7,08,005F,6,-3,-5,10,10,-2,-9,8,95,286,8,16,10,100
8382,FC,F6,FF,07,F9,02,FB,02,000F,-4,-10,-1,7,-7,2,-5,2,15,42,8,16,10,100
8383,FE,0A,06,06,09,FB,01,08,FFD1,-2,10,6,6,9,-5,1,8,-47,-61,8,16,10,100
8384,FA,04,FA,07,FD,07,0A,01,0016,-6,4,-6,7,-3,7,10,1,22,15,8,16,10,100
8385,06,00,02,04,09,08,F8,09,FFE8,6,0,2,4,9,8,-8,9,-24,50,8,16,10,100
8386,07,FE,FA,07,09,05,0A,FF,FFBB,7,-2,-6,7,9,5,10,-1,-69,-83,8,16,10,100
8387,FA,07,FB,02,FB,01,05,F7,FFE8,-6,7,-5,2,-5,1,5,-9,-24,-30,8,16,10,100
8388,03,FA,F8,05,08,09,04,F8,FF9D,3,-6,-8,5,8,9,4,-8,-99,-201,8,16,10,100
8389,F8,FF,07,FA,04,01,F9,00,FFC5,-8,-1,7,-6,4,1,-7,0,-59,-141,8,16,10,100
8390,F7,F7,FC,FD,F7,02,FD,06,FFAD,-9,-9,-4,-3,-9,2,-3,6,-83,-26,8,16,10,100
8391,FD,FF,04,07,01,F8,F7,00,FFD7,-3,-1,4,7,1,-8,-9,0,-41,-72,8,16,10,100
8392,F9,F9,FC,F9,08,05,F7,F7,005F,-7,-7,-4,-7,8,5,-9,-9,95,103,8,16,10,100
8393,F6,FD,06,04,FE,FA,05,08,FFC0,-10,-3,6,4,-2,-6,5,8,-64,36,8,16,10,100
8394,06,FB,01,FE,02,01,FE,F7,005D,6,-5,1,-2,2,1,-2,-9,93,116,8,16,10,100
8395,04,03,00,FB,F9,07,FD,08,0039,4,3,0,-5,-7,7,-3,8,57,10,8,16,10,100
8396,F8,F7,FE,00,09,01,01,F8,000C,-8,-9,-2,0,9,1,1,-8,12,-71,8,16,10,100
8397,02,FE,06,01,0A,00,FF,09,FFCB,2,-2,6,1,10,0,-1,9,-53,-30,8,16,10,100
8398,06,06,FD,F9,FB,F7,0A,0A,0014,6,6,-3,-7,-5,-9,10,10,20,-164,8,16,10,100
8399,03,FD,FD,FC,08,FA,FE,F6,0061,3,-3,-3,-4,8,-6,-2,-10,97,185,8,16,10,100
8400,F6,FC,08,07,F9,02,F9,FF,0026,-10,-4,8,7,-7,2,-7,-1,38,37,8,16,10,100
8401,05,01,06,F6,FF,0A,00,FB,FFC2,5,1,6,-10,-1,10,0,-5,-62,-7,8,16,10,100
8402,07,02,F8,FD,00,FF,08,07,0050,7,2,-8,-3,0,-1,8,7,80,-7,8,16,10,100
8403,01,05,0A,03,F7,F6,06,FC,0001,1,5,10,3,-9,-10,6,-4,1,-10,8,16,10,100
8404,FE,02,00,02,09,06,F8,03,000E,-2,2,0,2,9,6,-8,3,14,14,8,16,10,100
8405,03,F9,FA,F9,04,F9,04,FB,001E,3,-7,-6,-7,4,-7,4,-5,30,102,8,16,10,100
8406,F6,FC,FF,08,03,04,06,F8,FFD0,-10,-4,-1,8,3,4,6,-8,-48,-164,8,16,10,100
8407,05,00,FA,00,07,FB,06,FC,FFB7,5,0,-6,0,7,-5,6,-4,-73,-74,8,16,10,100
8408,F8,FC,04,01,0A,03,09,FB,FFF5,-8,-4,4,1,10,3,9,-5,-11,-72,8,16,10,100
8409,FE,09,F7,08,FB,FB,F8,03,FFA7,-2,9,-9,8,-5,-5,-8,3,-89,-28,8,16,10,100
8410,FE,FE,05,F7,0A,0A,FC,F6,0063,-2,-2,5,-9,10,10,-4,-10,99,129,8,16,10,100
8411,06,08,FA,02,01,FA,FF,FC,FFD3,6,8,-6,2,1,-6,-1,-4,-45,-89,8,16,10,100
8412,FD,FD,FE,05,08,F8,03,FF,FFCA,-3,-3,-2,5,8,-8,3,-1,-54,-65,8,16,10,100
8413,06,03,06,00,05,F9,08,FC,0042,6,3,6,0,5,-7,8,-4,66,123,8,16,10,100
8414,F7,08,F8,09,FB,FC,F6,FF,FFA9,-9,8,-8,9,-5,-4,-10,-1,-87,-3,8,16,10,100
8415,09,FE,F9,FF,FC,00,08,FF,FFD8,9,-2,-7,-1,-4,0,8,-1,-40,-131,8,16,10,100
8416,03,03,04,FF,00,00,F6,F8,FFD4,3,3,4,-1,0,0,-10,-8,-44,-76,8,16,10,100
8417,0A,09,02,09,02,FC,FC,02,FFBB,10,9,2,9,2,-4,-4,2,-69,-75,8,16,10,100
8418,F6,F9,03,FA,03,F6,FB,09,0003,-10,-7,3,-6,3,-10,-5,9,3,-26,8,16,10,100
8419,03,F6,09,0A,0A,02,FC,F7,001F,3,-10,9,10,10,2,-4,-9,31,-85,8,16,10,100
8420,FD,02,FA,08,05,00,FC,02,FFA7,-3,2,-6,8,5,0,-4,2,-89,-64,8,16,10,100
8421,FA,F7,08,FC,F6,FA,F6,F9,0015,-6,-9,8,-4,-10,-6,-10,-7,21,83,8,16,10,100
8422,FD,00,02,F8,FD,05,F6,FD,003E,-3,0,2,-8,-3,5,-10,-3,62,75,8,16,10,100
8423,01,FF,F6,05,03,06,00,00,0005,1,-1,-10,5,3,6,0,0,5,2,8,16,10,100
8424,03,03,07,FA,08,0A,F6,FA,FFB7,3,3,7,-6,8,10,-10,-6,-73,-53,8,16,10,100
8425,01,FC,F7,F6,F9,FB,09,00,000B,1,-4,-9,-10,-7,-5,9,0,11,-57,8,16,10,100
8426,05,01,07,FB,F6,F8,00,06,0013,5,1,7,-5,-10,-8,0,6,19,-69,8,16,10,100
8427,03,09,0A,00,FF,00,FE,FC,0007,3,9,10,0,-1,0,-2,-4,7,-16,8,16,10,100
8428,FA,05,04,FB,02,05,03,FA,0054,-6,5,4,-5,2,5,3,-6,84,139,8,16,10,100
8429,08,07,07,FB,F6,06,FA,05,FFC2,8,7,7,-5,-10,6,-6,5,-62,-167,8,16,10,100
8430,04,02,FF,01,08,01,0A,F6,FFEC,4,2,-1,1,8,1,10,-10,-20,-6,8,16,10,100
8431,FE,06,06,FF,0A,FA,08,FC,0034,-2,6,6,-1,10,-6,8,-4,52,48,8,16,10,100
8432,00,08,F7,F8,FC,09,FD,FE,FFAA,0,8,-9,-8,-4,9,-3,-2,-86,29,8,16,10,100
8433,FF,F8,F7,F9,FD,F8,04,09,FFFE,-1,-8,-9,-7,-3,-8,4,9,-2,-34,8,16,10,100
8434,01,06,FA,04,03,06,F6,08,004C,1,6,-6,4,3,6,-10,8,76,207,8,16,10,100
8435,0A,F6,06,FB,F9,F6,FB,F7,001C,10,-10,6,-5,-7,-10,-5,-9,28,73,8,16,10,100
8436,09,02,02,09,08,FA,00,FC,FFAE,9,2,2,9,8,-6,0,-4,-82,-58,8,16,10,100
8437,FB,F8,F7,00,06,F8,03,04,FFA6,-5,-8,-9,0,6,-8,3,4,-90,-83,8,16,10,100
8438,00,F8,05,F7,03,F7,07,F6,0059,0,-8,5,-9,3,-9,7,-10,89,286,8,16,10,100
8439,04,F7,FF,04,FB,FB,FD,03,FFF7,4,-9,-1,4,-5,-5,-3,3,-9,31,8,16,10,100
8440,F7,02,00,FE,F7,09,09,05,0047,-9,2,0,-2,-9,9,9,5,71,160,8,16,10,100
8441,02,01,FB,08,02,00,01,FD,FFB8,2,1,-5,8,2,0,1,-3,-72,-97,8,16,10,100
8442,05,FE,00,F6,06,00,F6,FE,0048,5,-2,0,-10,6,0,-10,-2,72,122,8,16,10,100
8443,FA,FD,09,FE,FE,02,02,01,FFAD,-6,-3,9,-2,-2,2,2,1,-83,-61,8,16,10,100
8444,00,01,07,04,F8,F9,FE,02,0011,0,1,7,4,-8,-7,-2,2,17,4,8,16,10,100
8445,05,F7,07,FB,09,F9,08,FA,FFCE,5,-9,7,-5,9,-7,8,-6,-50,144,8,16,10,100
8446,FE,FD,04,02,05,FE,02,FF,001D,-2,-3,4,2,5,-2,2,-1,29,31,8,16,10,100
8447,06,09,09,01,FA,F6,09,02,000B,6,9,9,1,-6,-10,9,2,11,-32,8,16,10,100
8448,01,FC,F9,08,F7,F9,FD,F6,FFD3,1,-4,-7,8,-9,-7,-3,-10,-45,-85,8,16,10,100
8449,FA,02,08,F7,FD,04,FD,F8,0016,-6,2,8,-9,-3,4,-3,-8,22,96,8,16,10,100
8450,06,08,FF,F7,F6,06,0A,FF,FFE5,6,8,-1,-9,-10,6,10,-1,-27,-40,8,16,10,100
8451,FA,01,FA,F6,07,09,04,01,FFDF,-6,1,-6,-10,7,9,4,1,-33,-100,8,16,10,100
8452,01,F9,FB,03,FC,07,05,09,FFA2,1,-7,-5,3,-4,7,5,9,-94,-145,8,16,10,100
8453,08,06,FE,FA,FC,02,FC,FC,0022,8,6,-2,-6,-4,2,-4,-4,34,46,8,16,10,100
8454,09,FD,06,07,FB,FF,01,01,FFD3,9,-3,6,7,-5,-1,1,1,-45,-74,8,16,10,100
8455,FE,01,FF,F7,FB,05,F8,FF,FFA0,-2,1,-1,-9,-5,5,-8,-1,-96,-64,8,16,10,100
8456,F6,07,F9,08,04,FD,03,F9,FFEE,-10,7,-7,8,4,-3,3,-7,-18,-156,8,16,10,100
8457,09,01,F7,02,FC,00,F6,F8,FFB6,9,1,-9,2,-4,0,-10,-8,-74,-36,8,16,10,100
8458,FF,F9,04,09,0A,F8,F9,FE,0035,-1,-7,4,9,10,-8,-7,-2,53,53,8,16,10,100
8459,00,FA,FD,02,09,06,F8,00,FFC2,0,-6,-3,2,9,6,-8,0,-62,-74,8,16,10,100
8460,00,09,00,05,FC,FE,0A,07,FFC7,0,9,0,5,-4,-2,10,7,-57,-40,8,16,10,100
8461,02,F7,F9,FE,05,00,08,FC,FFCD,2,-9,-7,-2,5,0,8,-4,-51,-89,8,16,10,100
8462,04,03,02,07,05,08,02,04,FFCF,4,3,2,7,5,8,2,4,-49,27,8,16,10,100
8463,00,F7,02,FA,FA,F9,09,F8,FFB1,0,-9,2,-6,-6,-7,9,-8,-79,50,8,16,10,100
8464,05,FF,01,09,F6,0A,07,06,FFA3,5,-1,1,9,-10,10,7,6,-93,-92,8,16,10,100
8465,04,F6,FC,03,09,F8,04,FB,0019,4,-10,-4,3,9,-8,4,-5,25,110,8,16,10,100
8466,FA,08,07,04,02,FC,02,FC,0061,-6,8,7,4,2,-4,2,-4,97,51,8,16,10,100
8467,FC,01,FD,F9,06,03,05,F6,004C,-4,1,-3,-7,6,3,5,-10,76,110,8,16,10,100
8468,FB,01,09,08,FC,F6,05,F8,0024,-5,1,9,8,-4,-10,5,-8,36,27,8,16,10,100
8469,09,08,08,FD,FE,0A,03,FC,005F,9,8,8,-3,-2,10,3,-4,95,193,8,16,10,100
8470,F6,05,05,04,F9,F7,FB,04,FFF5,-10,5,5,4,-7,-9,-5,4,-11,5,8,16,10,100
8471,FB,FC,08,FF,FE,03,06,FE,003F,-5,-4,8,-1,-2,3,6,-2,63,111,8,16,10,100
8472,06,FB,05,FA,F8,FB,04,05,0045,6,-5,5,-6,-8,-5,4,5,69,36,8,16,10,100
8473,04,FA,07,00,09,0A,0A,05,FF9E,4,-6,7,0,9,10,10,5,-98,-52,8,16,10,100
8474,00,FC,04,F6,FE,F7,F9,08,FFA4,0,-4,4,-10,-2,-9,-7,8,-92,-164,8,16,10,100
8475,04,09,F9,00,01,FB,0A,02,FFD9,4,9,-7,0,1,-5,10,2,-39,-150,8,16,10,100
8476,04,09,08,FC,F8,FE,08,07,0037,4,9,8,-4,-8,-2,8,7,55,41,8,16,10,100
8477,09,FE,FE,05,0A,09,0A,09,FFDF,9,-2,-2,5,10,9,10,9,-33,64,8,16,10,100
8478,06,FB,FB,03,00,FB,06,FA,0061,6,-5,-5,3,0,-5,6,-6,97,74,8,16,10,100
8479,00,FD,0A,00,F8,F9,06,0A,0031,0,-3,10,0,-8,-7,6,10,49,130,8,16,10,100
8480,F7,FB,0A,00,F7,F6,07,02,FFBB,-9,-5,10,0,-9,-10,7,2,-69,132,8,16,10,100
8481,FA,00,0A,F6,F8,04,00,FB,FFF2,-6,0,10,-10,-8,4,0,-5,-14,84,8,16,10,100
8482,FA,FC,FC,F7,05,FA,FA,02,FFF2,-6,-4,-4,-9,5,-6,-6,2,-14,-14,8,16,10,100
8483,04,07,FB,01,FF,06,08,FF,FFA9,4,7,-5,1,-1,6,8,-1,-87,-90,8,16,10,100
8484,FC,F6,00,F8,FD,06,00,FF,0049,-4,-10,0,-8,-3,6,0,-1,73,33,8,16,10,100
8485,FD,0A,FF,00,06,F6,00,08,FFBE,-3,10,-1,0,6,-10,0,8,-66,-184,8,16,10,100
8486,F8,07,0A,F7,F7,0A,08,FD,003B,-8,7,10,-9,-9,10,8,-3,59,308,8,16,10,100
8487,02,F9,01,F7,0A,01,F6,07,004A,2,-7,1,-9,10,1,-10,7,74,14,8,16,10,100
8488,0A,06,FC,09,07,FB,F8,05,004A,10,6,-4,9,7,-5,-8,5,74,191,8,16,10,100
8489,00,FB,F7,01,FB,06,FB,04,FFC1,0,-5,-9,1,-5,6,-5,4,-63,-44,8,16,10,100
8490,FB,F6,05,FB,03,0A,F7,00,FFB2,-5,-10,5,-5,3,10,-9,0,-78,-238,8,16,10,100
8491,FB,0A,F6,FE,FA,00,FE,F9,FFF0,-5,10,-10,-2,-6,0,-2,-7,-16,48,8,16,10,100
8492,03,F9,F9,04,06,09,00,FA,FFDF,3,-7,-7,4,6,9,0,-6,-33,-102,8,16,10,100
8493,FF,00,FA,09,07,02,F7,0A,FFAE,-1,0,-6,9,7,2,-9,10,-82,55,8,16,10,100
8494,F7,F6,F8,F8,03,FD,FC,F7,FFD1,-9,-10,-8,-8,3,-3,-4,-9,-47,60,8,16,10,100
8495,F9,FA,FA,FC,06,00,FE,07,FFE7,-7,-6,-6,-4,6,0,-2,7,-25,-83,8,16,10,100
8496,0A,01,F9,F8,FF,09,03,04,FFE3,10,1,-7,-8,-1,9,3,4,-29,-83,8,16,10,100
8497,F8,FD,07,0A,02,08,F7,F7,FFD4,-8,-3,7,10,2,8,-9,-9,-44,-237,8,16,10,100
8498,06,04,F7,08,00,F9,03,F9,FFE4,6,4,-9,8,0,-7,3,-7,-28,-139,8,16,10,100
8499,FE,00,FF,04,01,05,FC,FD,FFBD,-2,0,-1,4,1,5,-4,-3,-67,-77,8,16,10,100
8500,FE,FB,FB,00,01,FE,0A,FE,002E,-2,-5,-5,0,1,-2,10,-2,46,4,8,16,10,100
8501,FD,FD,02,FF,03,05,00,FF,FFF0,-3,-3,2,-1,3,5,0,-1,-16,-39,8,16,10,100
8502,03,04,F9,08,FD,0A,F8,F6,0012,3,4,-7,8,-3,10,-8,-10,18,25,8,16,10,100
8503,04,01,0A,0A,FD,05,08,07,0061,4,1,10,10,-3,5,8,7,97,240,8,16,10,100
8504,FB,06,04,00,00,01,00,F7,FFE4,-5,6,4,0,0,1,0,-9,-28,-22,8,16,10,100
8505,01,F8,00,F8,01,03,06,06,000F,1,-8,0,-8,1,3,6,6,15,-56,8,16,10,100
8506,07,01,F9,F8,01,FA,07,0A,0022,7,1,-7,-8,1,-6,7,10,34,-94,8,16,10,100
8507,F6,08,02,07,04,F7,FD,08,004C,-10,8,2,7,4,-9,-3,8,76,14,8,16,10,100
8508,FA,02,F6,F8,FF,06,FA,01,0020,-6,2,-10,-8,-1,6,-6,1,32,102,8,16,10,100
8509,F9,FF,00,FA,F9,06,FB,F6,004C,-7,-1,0,-6,-7,6,-5,-10,76,179,8,16,10,100
8510,FA,FE,07,F7,FB,08,F9,07,000B,-6,-2,7,-9,-5,8,-7,7,11,-87,8,16,10,100
8511,FA,F8,F7,FD,00,0A,02,F8,FFEF,-6,-8,-9,-3,0,10,2,-8,-17,-91,8,16,10,100
8512,F6,FF,01,F8,07,06,FD,F7,FFEC,-10,-1,1,-8,7,6,-3,-9,-20,-27,8,16,10,100
8513,04,F9,06,FE,FF,02,FE,0A,FFE6,4,-7,6,-2,-1,2,-2,10,-26,-76,8,16,10,100
8514,00,F7,F7,03,F9,FF,02,FE,FFF5,0,-9,-9,3,-7,-1,2,-2,-11,-26,8,16,10,100
8515,F8,09,05,06,08,08,00,07,0062,-8,9,5,6,8,8,0,7,98,148,8,16,10,100
8516,08,FE,01,07,FF,FF,FE,FE,FF9C,8,-2,1,7,-1,-1,-2,-2,-100,-122,8,16,10,100
8517,FE,01,F8,F7,F7,FF,00,F6,003E,-2,1,-8,-9,-9,-1,0,-10,62,169,8,16,10,100
8518,FF,FD,06,F8,F9,FE,FA,0A,001A,-1,-3,6,-8,-7,-2,-6,10,26,-77,8,16,10,100
8519,FA,06,FA,02,F7,03,0A,FC,0009,-6,6,-6,2,-9,3,10,-4,9,13,8,16,10,100
8520,FE,FF,07,04,F6,FC,FC,09,0055,-2,-1,7,4,-10,-4,-4,9,85,117,8,16,10,100
8521,08,07,0A,FC,07,FB,FB,F9,0054,8,7,10,-4,7,-5,-5,-7,84,83,8,16,10,100
8522,F7,02,FD,07,0A,FD,09,FC,0027,-9,2,-3,7,10,-3,9,-4,39,-112,8,16,10,100
8523,03,FE,03,FE,05,FF,09,FD,0035,3,-2,3,-2,5,-1,9,-3,53,103,8,16,10,100
8524,FA,FA,00,03,07,01,09,F7,000B,-6,-6,0,3,7,1,9,-9,11,-64,8,16,10,100
8525,00,FF,FA,FB,0A,FF,07,F6,FFEF,0,-1,-6,-5,10,-1,7,-10,-17,-8,8,16,10,100
8526,FD,00,0A,F8,08,01,0A,04,0037,-3,0,10,-8,8,1,10,4,55,99,8,16,10,100
8527,FF,05,06,06,FE,07,05,FD,0060,-1,5,6,6,-2,7,5,-3,96,145,8,16,10,100
8528,F7,07,03,FE,02,01,07,02,FFDE,-9,7,3,-2,2,1,7,2,-34,-28,8,16,10,100
8529,08,05,FF,F6,F7,FC,07,FB,003F,8,5,-1,-10,-9,-4,7,-5,63,14,8,16,10,100
8530,F9,07,F7,02,01,09,FA,05,0050,-7,7,-9,2,1,9,-6,5,80,200,8,16,10,100
8531,F9,FA,0A,F7,FC,04,F9,FA,0025,-7,-6,10,-9,-4,4,-7,-6,37,25,8,16,10,100
8532,01,01,F6,06,F7,09,05,FF,0007,1,1,-10,6,-9,9,5,-1,7,-49,8,16,10,100
8533,FC,03,FB,FA,F8,0A,02,09,0012,-4,3,-5,-6,-8,10,2,9,18,16,8,16,10,100
8534,04,F6,09,02,05,FA,0A,FA,004D,4,-10,9,2,5,-6,10,-6,77,235,8,16,10,100
8535,00,03,F8,09,F6,FF,F9,09,FFB2,0,3,-8,9,-10,-1,-7,9,-78,56,8,16,10,100
8536,07,FE,FB,F8,F7,06,0A,09,FFEB,7,-2,-5,-8,-9,6,10,9,-21,-218,8,16,10,100
8537,03,0A,02,05,02,06,FB,FA,FFFF,3,10,2,5,2,6,-5,-6,-1,25,8,16,10,100
8538,F8,08,FC,06,F9,01,FB,FD,0059,-8,8,-4,6,-7,1,-5,-3,89,155,8,16,10,100
8539,00,04,03,F8,09,FB,F6,0A,003F,0,4,3,-8,9,-5,-10,10,63,-67,8,16,10,100
8540,04,03,FA,00,01,FC,07,F8,0021,4,3,-6,0,1,-4,7,-8,33,-17,8,16,10,100
8541,08,09,02,F7,04,F6,F9,05,FFB5,8,9,2,-9,4,-10,-7,5,-75,-192,8,16,10,100
8542,01,05,08,F7,08,01,04,03,FFDF,1,5,8,-9,8,1,4,3,-33,-15,8,16,10,100
8543,FE,04,F8,08,06,00,08,FC,FFFF,-2,4,-8,8,6,0,8,-4,-1,-109,8,16,10,100
8544,FF,07,F9,FB,01,05,FB,00,FFA6,-1,7,-7,-5,1,5,-5,0,-90,-21,8,16,10,100
8545,02,F8,F6,0A,FD,05,FA,04,0044,2,-8,-10,10,-3,5,-6,4,68,122,8,16,10,100
8546,07,F9,F8,02,FF,03,06,FF,0024,7,-7,-8,2,-1,3,6,-1,36,-42,8,16,10,100
8547,08,09,FD,08,F7,FA,09,FF,0022,8,9,-3,8,-9,-6,9,-1,34,-127,8,16,10,100
8548,F9,F7,02,FD,04,F8,05,00,FFE1,-7,-9,2,-3,4,-8,5,0,-31,23,8,16,10,100
8549,0A,01,F9,F6,02,F8,FC,07,0027,10,1,-7,-10,2,-8,-4,7,39,9,8,16,10,100
8550,04,F9,FF,FE,FC,F6,FD,F9,0063,4,-7,-1,-2,-4,-10,-3,-7,99,170,8,16,10,100
8551,F9,06,09,FC,03,FF,08,06,FFB8,-7,6,9,-4,3,-1,8,6,-72,-51,8,16,10,100
8552,08,05,F7,FF,07,FE,09,F6,003E,8,5,-9,-1,7,-2,9,-10,62,37,8,16,10,100
8553,F9,08,05,FF,FB,04,04,FC,FF9D,-7,8,5,-1,-5,4,4,-4,-99,-8,8,16,10,100
8554,06,F6,F8,FC,07,05,FD,F7,0020,6,-10,-8,-4,7,5,-3,-9,32,84,8,16,10,100
8555,FF,07,09,05,F7,FC,FC,07,FFEE,-1,7,9,5,-9,-4,-4,7,-18,-38,8,16,10,100
8556,06,FA,FB,00,F8,F8,01,06,0010,6,-6,-5,0,-8,-8,1,6,16,11,8,16,10,100
8557,FF,FF,06,FB,01,F7,FF,FA,FFF4,-1,-1,6,-5,1,-9,-1,-6,-12,20,8,16,10,100
8558,FC,FD,FB,F6,FD,01,04,FE,0012,-4,-3,-5,-10,-3,1,4,-2,18,27,8,16,10,100
8559,02,FC,FE,FC,F7,FF,06,00,FFA1,2,-4,-2,-4,-9,-1,6,0,-95,-121,8,16,10,100
8560,07,F6,F7,05,F9,08,00,09,FFDD,7,-10,-9,5,-7,8,0,9,-35,-119,8,16,10,100
8561,FF,FA,FA,09,07,FE,05,03,FFE4,-1,-6,-6,9,7,-2,5,3,-28,-26,8,16,10,100
8562,FB,08,F8,F7,F7,FD,F7,F8,FFE0,-5,8,-8,-9,-9,-3,-9,-8,-32,133,8,16,10,100
8563,FC,FA,00,F9,02,03,FD,00,000E,-4,-6,0,-7,2,3,-3,0,14,-12,8,16,10,100
8564,00,08,FE,01,FB,06,08,0A,0061,0,8,-2,1,-5,6,8,10,97,139,8,16,10,100
8565,0A,09,F6,05,FE,09,07,08,004B,10,9,-10,5,-2,9,7,8,75,106,8,16,10,100
8566,0A,FE,F8,FD,05,F6,F8,09,FFF2,10,-2,-8,-3,5,-10,-8,9,-14,93,8,16,10,100
8567,F7,05,00,FE,02,02,06,05,004B,-9,5,0,-2,2,2,6,5,75,57,8,16,10,100
8568,FC,07,02,FA,F8,07,02,0A,002A,-4,7,2,-6,-8,7,2,10,42,67,8,16,10,100
8569,FE,07,03,07,04,00,F9,F8,0036,-2,7,3,7,4,0,-7,-8,54,-31,8,16,10,100
8570,FD,F7,F9,FA,F8,08,FE,03,0046,-3,-9,-7,-6,-8,8,-2,3,70,18,8,16,10,100
8571,FD,02,08,03,F9,0A,09,FD,FFB6,-3,2,8,3,-7,10,9,-3,-74,30,8,16,10,100
8572,01,07,01,FE,03,FD,F9,FA,FFA9,1,7,1,-2,3,-3,-7,-6,-87,-100,8,16,10,100
8573,09,00,F7,FA,0A,FB,FF,04,0019,9,0,-9,-6,10,-5,-1,4,25,100,8,16,10,100
8574,0A,0A,01,F9,03,05,08,08,003E,10,10,1,-7,3,5,8,8,62,94,8,16,10,100
8575,F6,F9,08,03,FD,01,FC,0A,0055,-10,-7,8,3,-3,1,-4,10,85,106,8,16,10,100
8576,06,F9,0A,FF,05,FB,00,F9,FFAE,6,-7,10,-1,5,-5,0,-7,-82,-10,8,16,10,100
8577,01,04,0A,FD,05,05,00,03,FFA8,1,4,10,-3,5,5,0,3,-88,-72,8,16,10,100
8578,06,03,04,F9,06,04,FD,00,0009,6,3,4,-7,6,4,-3,0,9,45,8,16,10,100
8579,FD,05,FD,FE,07,05,07,00,FFCC,-3,5,-3,-2,7,5,7,0,-52,-69,8,16,10,100
8580,05,00,06,FC,08,FB,09,09,FFBE,5,0,6,-4,8,-5,9,9,-66,-8,8,16,10,100
8581,F7,F6,F6,05,08,02,07,F6,005B,-9,-10,-10,5,8,2,7,-10,91,-121,8,16,10,100
8582,F6,02,05,09,0A,0A,F6,09,FFE8,-10,2,5,9,10,10,-10,9,-24,-73,8,16,10,100
8583,F6,06,07,F6,F7,07,0A,08,FFD3,-10,6,7,-10,-9,7,10,8,-45,77,8,16,10,100
8584,09,FD,F8,F7,F7,08,00,FD,0057,9,-3,-8,-9,-9,8,0,-3,87,9,8,16,10,100
8585,FD,01,FD,07,F9,07,FD,F9,FFC8,-3,1,-3,7,-7,7,-3,-7,-56,-68,8,16,10,100
8586,F7,0A,08,01,F7,FC,0A,FD,FFED,-9,10,8,1,-9,-4,10,-3,-19,99,8,16,10,100
8587,05,04,F8,09,F9,FF,FA,FB,FFE4,5,4,-8,9,-7,-1,-6,-5,-28,-64,8,16,10,100
8588,F9,08,FE,FD,06,03,F8,FC,0036,-7,8,-2,-3,6,3,-8,-4,54,64,8,16,10,100
8589,FC,09,F7,FB,FF,08,F7,FA,0002,-4,9,-9,-5,-1,8,-9,-6,2,189,8,16,10,100
8590,02,00,06,03,F6,F7,07,FA,FFAA,2,0,6,3,-10,-9,7,-6,-86,-82,8,16,10,100
8591,F7,FE,F8,03,02,03,FC,03,FFB8,-9,-2,-8,3,2,3,-4,3,-72,-55,8,16,10,100
8592,FF,07,02,06,FC,02,FC,02,0009,-1,7,2,6,-4,2,-4,2,9,31,8,16,10,100
8593,FD,FD,FA,05,06,08,F8,FB,0060,-3,-3,-6,5,6,8,-8,-5,96,77,8,16,10,100
8594,04,FA,FA,F8,03,F8,04,08,0054,4,-6,-6,-8,3,-8,4,8,84,56,8,16,10,100
8595,F8,07,FB,05,07,06,0A,03,0039,-8,7,-5,5,7,6,10,3,57,8,8,16,10,100
8596,FC,06,02,03,07,FE,F7,00,FFEB,-4,6,2,3,7,-2,-9,0,-21,-79,8,16,10,100
8597,09,FB,06,02,F6,07,09,FD,001A,9,-5,6,2,-10,7,9,-3,26,-51,8,16,10,100
8598,07,FC,F7,FD,05,02,F8,02,0042,7,-4,-9,-3,5,2,-8,2,66,159,8,16,10,100
8599,01,04,04,FA,08,00,F8,04,FFAF,1,4,4,-6,8,0,-8,4,-81,-129,8,16,10,100
8600,F7,01,02,06,FE,F8,08,0A,FFAA,-9,1,2,6,-2,-8,8,10,-86,0,8,16,10,100
8601,F7,F8,F6,04,FF,08,00,F6,FFA1,-9,-8,-10,4,-1,8,0,-10,-95,-190,8,16,10,100
8602,00,09,FD,06,07,00,FA,FA,FFB8,0,9,-3,6,7,0,-6,-6,-72,-90,8,16,10,100
8603,02,09,F7,07,07,FB,F9,FD,002D,2,9,-9,7,7,-5,-7,-3,45,56,8,16,10,100
8604,FE,00,FA,F8,08,F9,FD,FE,0040,-2,0,-6,-8,8,-7,-3,-2,64,82,8,16,10,100
8605,06,FC,F9,00,F8,03,FF,06,005C,6,-4,-7,0,-8,3,-1,6,92,39,8,16,10,100
8606,FF,06,07,FC,FF,FB,03,FB,FFCB,-1,6,7,-4,-1,-5,3,-5,-53,-41,8,16,10,100
8607,F7,F6,FA,03,08,00,01,09,0011,-9,-10,-6,3,8,0,1,9,17,-34,8,16,10,100
8608,02,05,FC,08,0A,07,03,F6,005D,2,5,-4,8,10,7,3,-10,93,56,8,16,10,100
8609,FE,07,03,F8,F7,F7,FB,05,FFC0,-2,7,3,-8,-9,-9,-5,5,-64,-164,8,16,10,100
8610,F9,FA,FE,FB,FE,FD,FA,F7,FFFA,-7,-6,-2,-5,-2,-3,-6,-9,-6,83,8,16,10,100
8611,F9,FC,03,06,FB,FF,05,00,005D,-7,-4,3,6,-5,-1,5,0,93,147,8,16,10,100
8612,04,FA,06,01,FE,FE,05,09,FFAE,4,-6,6,1,-2,-2,5,9,-82,-39,8,16,10,100
8613,FE,F6,01,03,F8,01,05,FF,FFB3,-2,-10,1,3,-8,1,5,-1,-77,-69,8,16,10,100
8614,08,FB,F8,F7,FD,03,06,07,001F,8,-5,-8,-9,-3,3,6,7,31,-119,8,16,10,100
8615,03,F7,0A,FB,05,FE,FD,F7,002F,3,-9,10,-5,5,-2,-3,-9,47,95,8,16,10,100
8616,06,FE,01,FE,F7,06,FA,F9,FFAF,6,-2,1,-2,-9,6,-6,-7,-81,-139,8,16,10,100
8617,05,FE,FC,02,01,FE,F7,02,0062,5,-2,-4,2,1,-2,-9,2,98,147,8,16,10,100
8618,F7,00,FA,08,F8,06,FF,04,FFE0,-9,0,-6,8,-8,6,-1,4,-32,78,8,16,10,100
8619,06,00,09,F9,02,03,FE,09,FFAB,6,0,9,-7,2,3,-2,9,-85,-154,8,16,10,100
8620,07,08,03,FE,FA,FE,09,FB,0055,7,8,3,-2,-6,-2,9,-5,85,64,8,16,10,100
8621,F6,0A,05,05,F8,FB,05,03,FF9E,-10,10,5,5,-8,-5,5,3,-98,-28,8,16,10,100
8622,06,FA,F9,09,01,08,06,F8,0031,6,-6,-7,9,1,8,6,-8,49,-107,8,16,10,100
8623,05,FB,06,F8,08,08,F7,0A,FFEA,5,-5,6,-8,8,8,-9,10,-22,-156,8,16,10,100
8624,04,00,09,F8,FF,FB,FF,FE,FFCA,4,0,9,-8,-1,-5,-1,-2,-54,-51,8,16,10,100
8625,04,08,FD,05,01,FF,05,FE,FFD0,4,8,-3,5,1,-1,5,-2,-48,-77,8,16,10,100
8626,09,FB,07,FB,F9,08,01,F6,FF9C,9,-5,7,-5,-7,8,1,-10,-100,-146,8,16,10,100
8627,09,F8,00,F8,09,03,00,F7,FFA3,9,-8,0,-8,9,3,0,-9,-93,36,8,16,10,100
8628,FD,01,00,01,07,FC,F6,FA,0036,-3,1,0,1,7,-4,-10,-6,54,23,8,16,10,100
8629,FB,F7,00,F8,F9,F6,07,FD,0052,-5,-9,0,-8,-7,-10,7,-3,82,231,8,16,10,100
8630,07,01,FF,06,FE,F8,00,FD,FFF1,7,1,-1,6,-2,-8,0,-3,-15,-55,8,16,10,100
8631,FF,F9,06,FA,FD,F9,01,06,FFA9,-1,-7,6,-6,-3,-7,1,6,-87,-65,8,16,10,100
8632,F7,06,05,06,FF,FE,F7,09,0043,-9,6,5,6,-1,-2,-9,9,67,73,8,16,10,100
8633,05,FB,03,F8,FB,07,FD,FD,FFF0,5,-5,3,-8,-5,7,-3,-3,-16,-61,8,16,10,100
8634,FF,FE,06,FD,FA,FC,06,03,004E,-1,-2,6,-3,-6,-4,6,3,78,119,8,16,10,100
8635,07,FA,02,FF,01,F8,FD,FF,FFAA,7,-6,2,-1,1,-8,-3,-1,-86,-36,8,16,10,100
8636,F8,05,FF,05,F6,04,02,FF,0015,-8,5,-1,5,-10,4,2,-1,21,114,8,16,10,100
8637,05,05,FC,06,09,F9,F6,01,0034,5,5,-4,6,9,-7,-10,1,52,108,8,16,10,100
8638,F6,04,08,08,FF,FF,FE,02,FFDE,-10,4,8,8,-1,-1,-2,2,-34,-28,8,16,10,100
8639,FA,04,FC,0A,09,03,FD,FA,FFBC,-6,4,-4,10,9,3,-3,-6,-68,-158,8,16,10,100
8640,FF,F6,FE,F7,09,02,F9,F6,FFC1,-1,-10,-2,-9,9,2,-7,-10,-63,12,8,16,10,100
8641,FA,F6,F8,05,06,FA,FA,F6,FFFA,-6,-10,-8,5,6,-6,-6,-10,-6,16,8,16,10,100
8642,0A,FC,F6,F8,FD,01,FB,FD,FF9F,10,-4,-10,-8,-3,1,-5,-3,-97,-57,8,16,10,100
8643,FA,F6,FE,FE,09,F9,F6,F6,FFA8,-6,-10,-2,-2,9,-7,-10,-10,-88,-32,8,16,10,100
8644,00,F7,01,FD,FA,02,F7,01,0037,0,-9,1,-3,-6,2,-9,1,55,25,8,16,10,100
8645,F8,F7,0A,06,FB,F8,FE,03,0058,-8,-9,10,6,-5,-8,-2,3,88,198,8,16,10,100
8646,FD,FC,FF,FF,09,02,F9,08,FFC6,-3,-4,-1,-1,9,2,-7,8,-58,-94,8,16,10,100
8647,FF,F7,03,04,FA,FD,04,F7,005F,-1,-9,3,4,-6,-3,4,-9,95,104,8,16,10,100
8648,01,FD,FC,FA,FD,00,F8,06,FFF0,1,-3,-4,-6,-3,0,-8,6,-16,-23,8,16,10,100
8649,05,03,FA,01,01,03,F6,FB,0024,5,3,-6,1,1,3,-10,-5,36,105,8,16,10,100
8650,FD,F6,00,05,06,03,08,00,FFE5,-3,-10,0,5,6,3,8,0,-27,-75,8,16,10,100
8651,05,FE,FC,FB,F8,05,08,FE,0023,5,-2,-4,-5,-8,5,8,-2,35,-37,8,16,10,100
8652,FD,FD,08,03,FD,F9,FD,FD,FFC3,-3,-3,8,3,-3,-7,-3,-3,-61,-64,8,16,10,100
8653,0A,06,FF,04,FD,02,F8,09,001C,10,6,-1,4,-3,2,-8,9,28,54,8,16,10,100
8654,FB,FC,FB,FC,00,F9,FA,06,000E,-5,-4,-5,-4,0,-7,-6,6,14,48,8,16,10,100
8655,08,01,00,F6,06,08,F9,08,0001,8,1,0,-10,6,8,-7,8,1,-23,8,16,10,100
8656,F8,FD,05,05,08,F7,F9,FA,005E,-8,-3,5,5,8,-9,-7,-6,94,-8,8,16,10,100
8657,00,01,00,FE,FD,08,00,F8,FFBB,0,1,0,-2,-3,8,0,-8,-69,-45,8,16,10,100
8658,FD,FD,F6,F9,07,FE,F9,05,0026,-3,-3,-10,-7,7,-2,-7,5,38,58,8,16,10,100
8659,05,0A,FA,F8,F7,FE,FE,F6,0005,5,10,-6,-8,-9,-2,-2,-10,5,32,8,16,10,100
8660,F6,04,09,09,FE,01,08,04,0018,-10,4,9,9,-2,1,8,4,24,156,8,16,10,100
8661,04,04,04,0A,FC,F7,FF,FE,0024,4,4,4,10,-4,-9,-1,-2,36,-40,8,16,10,100
8662,FB,06,FF,06,FE,FF,01,FC,005E,-5,6,-1,6,-2,-1,1,-4,94,73,8,16,10,100
8663,04,FC,FF,08,FB,04,04,FD,0054,4,-4,-1,8,-5,4,4,-3,84,20,8,16,10,100
8664,02,F8,F7,03,07,03,04,FC,FFFD,2,-8,-9,3,7,3,4,-4,-3,-61,8,16,10,100
8665,FC,0A,00,FD,F6,FC,03,F8,0049,-4,10,0,-3,-10,-4,3,-8,73,97,8,16,10,100
8666,06,03,FC,F7,05,03,F6,09,FFC4,6,3,-4,-9,5,3,-10,9,-60,-62,8,16,10,100
8667,F6,FA,01,07,FC,04,F8,00,0003,-10,-6,1,7,-4,4,-8,0,3,11,8,16,10,100
8668,02,FE,FB,08,FD,01,07,F6,001B,2,-2,-5,8,-3,1,7,-10,27,-96,8,16,10,100
8669,FA,FC,FA,00,02,FB,FD,F9,FFCB,-6,-4,-6,0,2,-5,-3,-7,-53,-27,8,16,10,100
8670,0A,04,07,0A,0A,F6,FF,F6,FFB4,10,4,7,10,10,-10,-1,-10,-76,-123,8,16,10,100
8671,06,07,02,02,02,FA,FC,FE,FFCF,6,7,2,2,2,-6,-4,-2,-49,-91,8,16,10,100
8672,06,F6,FF,01,00,05,00,F8,FFDE,6,-10,-1,1,0,5,0,-8,-34,-92,8,16,10,100
8673,FC,03,06,FD,03,0A,FD,04,FFAD,-4,3,6,-3,3,10,-3,4,-83,-95,8,16,10,100
8674,00,F8,FD,F7,00,02,06,01,002C,0,-8,-3,-9,0,2,6,1,44,1,8,16,10,100
8675,03,02,F8,FC,00,00,FB,F6,000A,3,2,-8,-4,0,0,-5,-10,10,90,8,16,10,100
8676,FB,07,FC,06,FF,04,FB,FE,0064,-5,7,-4,6,-1,4,-5,-2,100,141,8,16,10,100
8677,06,FA,F8,FB,07,F6,FF,04,FFCE,6,-6,-8,-5,7,-10,-1,4,-50,40,8,16,10,100
8678,02,FD,05,02,F6,09,FC,FD,FFE2,2,-3,5,2,-10,9,-4,-3,-30,-103,8,16,10,100
8679,F7,FE,07,01,02,FF,FC,08,0022,-9,-2,7,1,2,-1,-4,8,34,-2,8,16,10,100
8680,09,FF,F7,01,00,0A,06,09,FFCE,9,-1,-9,1,0,10,6,9,-50,-105,8,16,10,100
8681,FD,F6,FB,F6,F7,F6,FF,F6,FFDB,-3,-10,-5,-10,-9,-10,-1,-10,-37,195,8,16,10,100
8682,0A,05,F7,F8,FE,FC,06,F9,0017,10,5,-9,-8,-2,-4,6,-7,23,-15,8,16,10,100
8683,09,02,F9,F8,0A,09,01,03,004A,9,2,-7,-8,10,9,1,3,74,151,8,16,10,100
8684,03,07,F8,09,FF,0A,FA,F6,FFB9,3,7,-8,9,-1,10,-6,-10,-71,-46,8,16,10,100
8685,FB,F9,FB,FC,09,F6,FF,F9,FFF4,-5,-7,-5,-4,9,-10,-1,-7,-12,46,8,16,10,100
8686,07,02,F7,F7,F7,04,FA,08,FFF9,7,2,-9,-9,-9,4,-6,8,-7,-80,8,16,10,100
8687,FF,03,F7,07,F9,05,FB,01,0056,-1,3,-9,7,-7,5,-5,1,86,160,8,16,10,100
8688,04,04,05,02,F9,07,07,00,FFE5,4,4,5,2,-7,7,7,0,-27,8,8,16,10,100
8689,05,01,05,F8,05,FC,01,FA,0047,5,1,5,-8,5,-4,1,-6,71,145,8,16,10,100
8690,FD,04,FF,FB,F6,02,02,04,0038,-3,4,-1,-5,-10,2,2,4,56,72,8,16,10,100
8691,03,F8,02,F9,05,FA,FC,09,FFFA,3,-8,2,-7,5,-6,-4,9,-6,-14,8,16,10,100
8692,FF,01,00,0A,FC,F6,F7,0A,0011,-1,1,0,10,-4,-10,-9,10,17,111,8,16,10,100
8693,FB,FE,FB,F9,0A,0A,FD,07,FFE4,-5,-2,-5,-7,10,10,-3,7,-28,-132,8,16,10,100
8694,0A,08,08,03,08,08,FB,03,0008,10,8,8,3,8,8,-5,3,8,121,8,16,10,100
8695,FB,00,00,FF,07,05,00,02,FFCD,-5,0,0,-1,7,5,0,2,-51,-88,8,16,10,100
8696,00,06,07,FE,F8,09,F9,FA,004A,0,6,7,-2,-8,9,-7,-6,74,91,8,16,10,100
8697,F7,07,F9,0A,FC,FB,06,0A,FFE8,-9,7,-7,10,-4,-5,6,10,-24,35,8,16,10,100
8698,07,06,FE,04,FF,00,FC,F7,FFDE,7,6,-2,4,-1,0,-4,-9,-34,-69,8,16,10,100
8699,03,04,00,04,02,07,05,07,0020,3,4,0,4,2,7,5,7,32,94,8,16,10,100
8700,F8,F6,0A,00,00,F8,07,FA,FFC2,-8,-10,10,0,0,-8,7,-6,-62,88,8,16,10,100
8701,FB,FD,00,F8,01,03,08,00,0002,-5,-3,0,-8,1,3,8,0,2,-12,8,16,10,100
8702,F7,FE,FD,F9,09,02,05,00,0061,-9,-2,-3,-7,9,2,5,0,97,-3,8,16,10,100
8703,FF,02,F8,09,05,FC,F7,07,0025,-1,2,-8,9,5,-4,-9,7,37,159,8,16,10,100
8704,F7,00,FE,03,F9,FE,FD,05,FFF8,-9,0,-2,3,-7,-2,-3,5,-8,76,8,16,10,100
8705,03,FC,07,00,09,F7,05,06,FFD0,3,-4,7,0,9,-9,5,6,-48,50,8,16,10,100
8706,02,F6,F7,FD,06,04,FC,FF,0047,2,-10,-9,-3,6,4,-4,-1,71,82,8,16,10,100
8707,0A,02,04,04,00,FF,FD,F6,FFC6,10,2,4,4,0,-1,-3,-10,-58,-112,8,16,10,100
8708,01,08,02,FB,00,06,01,01,005D,1,8,2,-5,0,6,1,1,93,138,8,16,10,100
8709,08,FC,01,06,08,F8,F6,0A,FFD3,8,-4,1,6,8,-8,-10,10,-45,101,8,16,10,100
8710,0A,0A,F6,F8,04,06,05,06,FFAC,10,10,-10,-8,4,6,5,6,-84,-82,8,16,10,100
8711,FB,FD,08,F9,09,01,03,FA,FFF1,-5,-3,8,-7,9,1,3,-6,-15,3,8,16,10,100
8712,06,06,F7,FB,07,FF,01,FA,0033,6,6,-9,-5,7,-1,1,-6,51,108,8,16,10,100
8713,04,03,FE,FC,00,FD,07,F8,FFE2,4,3,-2,-4,0,-3,7,-8,-30,-21,8,16,10,100
8714,F6,FF,F7,02,0A,07,F6,02,0044,-10,-1,-9,2,10,7,-10,2,68,55,8,16,10,100
8715,F7,03,01,FA,FD,04,F7,02,FFC9,-9,3,1,-6,-3,4,-9,2,-55,-37,8,16,10,100
8716,F9,FB,FE,F7,0A,FF,04,F8,0044,-7,-5,-2,-9,10,-1,4,-8,68,67,8,16,10,100
8717,07,F9,F8,FB,08,00,07,F7,FFA5,7,-7,-8,-5,8,0,7,-9,-91,-46,8,16,10,100
8718,FD,05,0A,06,06,01,01,F8,0036,-3,5,10,6,6,1,1,-8,54,3,8,16,10,100
8719,F9,0A,06,F8,09,F6,F7,F6,001B,-7,10,6,-8,9,-10,-9,-10,27,-110,8,16,10,100
8720,FE,01,F7,FC,03,0A,07,F9,002A,-2,1,-9,-4,3,10,7,-7,42,11,8,16,10,100
8721,00,FE,FA,FF,05,FC,FF,04,FFC2,0,-2,-6,-1,5,-4,-1,4,-62,-52,8,16,10,100
8722,0A,FF,04,0A,FD,01,0A,07,FFBA,10,-1,4,10,-3,1,10,7,-70,9,8,16,10,100
8723,03,FA,03,FA,FB,01,FC,FA,FFCF,3,-6,3,-6,-5,1,-4,-6,-49,-46,8,16,10,100
8724,FC,FF,07,05,03,F8,FD,FE,FFEE,-4,-1,7,5,3,-8,-3,-2,-18,-53,8,16,10,100
8725,FD,04,0A,FF,FC,0A,F9,F7,0004,-3,4,10,-1,-4,10,-7,-9,4,-5,8,16,10,100
8726,FB,F6,FA,04,05,09,FE,F8,FFAB,-5,-10,-6,4,5,9,-2,-8,-85,-220,8,16,10,100
8727,09,FA,03,F7,F8,01,F8,FB,FFB0,9,-6,3,-9,-8,1,-8,-5,-80,-137,8,16,10,100
8728,0A,00,FA,FC,00,07,0A,01,0015,10,0,-6,-4,0,7,10,1,21,-43,8,16,10,100
8729,04,04,06,F8,07,06,06,00,FFBB,4,4,6,-8,7,6,6,0,-69,19,8,16,10,100
8730,FB,FF,FE,07,F9,F7,00,F9,0064,-5,-1,-2,7,-7,-9,0,-7,100,95,8,16,10,100
8731,06,00,FA,00,00,FF,07,04,0054,6,0,-6,0,0,-1,7,4,84,42,8,16,10,100
8732,FC,06,FD,00,09,08,F6,F6,0012,-4,6,-3,0,9,8,-10,-10,18,60,8,16,10,100
8733,02,F7,09,F7,04,03,F7,FF,003C,2,-9,9,-9,4,3,-9,-1,60,-31,8,16,10,100
8734,09,05,07,FE,FE,08,03,06,FFF4,9,5,7,-2,-2,8,3,6,-12,19,8,16,10,100
8735,0A,08,FB,04,FF,00,F9,00,FFFE,10,8,-5,4,-1,0,-7,0,-2,23,8,16,10,100
8736,FF,F9,02,04,04,FF,03,FD,FFF5,-1,-7,2,4,4,-1,3,-3,-11,-14,8,16,10,100
8737,05,00,06,FC,FA,08,08,08,FFCF,5,0,6,-4,-6,8,8,8,-49,-63,8,16,10,100
8738,FC,FE,03,01,08,F7,01,03,0048,-4,-2,3,1,8,-9,1,3,72,64,8,16,10,100
8739,05,06,01,02,04,06,01,00,FFDB,5,6,1,2,4,6,1,0,-37,20,8,16,10,100
8740,06,FF,F8,04,09,FD,08,FC,0029,6,-1,-8,4,9,-3,8,-4,41,18,8,16,10,100
8741,03,FC,09,FE,FA,07,07,05,0033,3,-4,9,-2,-6,7,7,5,51,58,8,16,10,100
8742,FD,FD,06,FE,09,04,06,07,FFD0,-3,-3,6,-2,9,4,6,7,-48,-65,8,16,10,100
8743,FC,09,01,03,FB,07,01,01,FFC8,-4,9,1,3,-5,7,1,1,-56,31,8,16,10,100
8744,FC,F9,05,FE,FC,FF,FC,09,FFCC,-4,-7,5,-2,-4,-1,-4,9,-52,-67,8,16,10,100
8745,05,01,F7,07,07,01,0A,FC,FFB8,5,1,-9,7,7,1,10,-4,-72,-154,8,16,10,100
8746,F9,FE,06,04,03,06,FD,08,FFD7,-7,-2,6,4,3,6,-3,8,-41,-60,8,16,10,100
8747,F9,09,F8,09,FB,F9,F7,FF,001C,-7,9,-8,9,-5,-7,-9,-1,28,63,8,16,10,100
8748,F9,F7,F9,FA,07,06,01,01,002D,-7,-9,-7,-6,7,6,1,1,45,-71,8,16,10,100
8749,00,FE,04,FB,04,06,05,F9,FFD8,0,-2,4,-5,4,6,5,-7,-40,3,8,16,10,100
8750,08,01,04,FB,FB,F6,08,08,FFF8,8,1,4,-5,-5,-10,8,8,-8,-66,8,16,10,100
8751,04,F8,07,F9,FB,00,00,FF,FFCB,4,-8,7,-7,-5,0,0,-1,-53,-66,8,16,10,100
8752,00,FE,04,00,FB,01,FA,FE,0011,0,-2,4,0,-5,1,-6,-2,17,-9,8,16,10,100
8753,F7,06,09,0A,04,FD,02,F6,FFF4,-9,6,9,10,4,-3,2,-10,-12,-148,8,16,10,100
8754,F9,FB,F8,FD,FF,07,00,0A,FFDA,-7,-5,-8,-3,-1,7,0,10,-38,-96,8,16,10,100
8755,03,F7,09,0A,04,09,05,07,0052,3,-9,9,10,4,9,5,7,82,128,8,16,10,100
8756,08,03,09,F6,0A,03,04,02,001C,8,3,9,-10,10,3,4,2,28,133,8,16,10,100
8757,FF,05,F6,FA,00,05,05,00,FF9E,-1,5,-10,-6,0,5,5,0,-98,-123,8,16,10,100
8758,F7,FF,04,00,FE,FB,04,06,004F,-9,-1,4,0,-2,-5,4,6,79,118,8,16,10,100
8759,05,04,0A,06,FA,04,0A,FD,FFB8,5,4,10,6,-6,4,10,-3,-72,-4,8,16,10,100
8760,08,F7,F8,F7,FE,02,01,FB,FF9E,8,-9,-8,-9,-2,2,1,-5,-98,-95,8,16,10,100
8761,05,FD,F6,02,FE,00,F7,FC,FFE5,5,-3,-10,2,-2,0,-9,-4,-27,45,8,16,10,100
8762,09,FF,FC,FE,04,F8,F6,F8,FFB1,9,-1,-4,-2,4,-8,-10,-8,-79,21,8,16,10,100
8763,FA,08,08,F6,00,03,F7,06,FFFB,-6,8,8,-10,0,3,-9,6,-5,-113,8,16,10,100
8764,FB,09,FE,FD,06,FE,FF,08,0054,-5,9,-2,-3,6,-2,-1,8,84,14,8,16,10,100
8765,00,FD,FB,09,0A,FC,08,FC,0002,0,-3,-5,9,10,-4,8,-4,2,-62,8,16,10,100
8766,07,FD,FF,F7,06,08,03,FD,002C,7,-3,-1,-9,6,8,3,-3,44,86,8,16,10,100
8767,F6,07,FE,FA,FF,FE,03,FB,002C,-10,7,-2,-6,-1,-2,3,-5,44,64,8,16,10,100
8768,FB,05,02,FD,07,FF,FE,FE,0031,-5,5,2,-3,7,-1,-2,-2,49,11,8,16,10,100
8769,FA,02,FF,06,F9,F8,FF,09,002C,-6,2,-1,6,-7,-8,-1,9,44,125,8,16,10,100
8770,F9,F6,04,00,FF,0A,01,08,FFEC,-7,-10,4,0,-1,10,1,8,-20,-109,8,16,10,100
8771,05,FB,06,FA,00,07,F7,FC,FFB0,5,-5,6,-6,0,7,-9,-4,-80,-145,8,16,10,100
8772,F7,FA,06,FE,01,F9,09,FE,FFBE,-9,-6,6,-2,1,-7,9,-2,-66,25,8,16,10,100
8773,04,00,F7,02,FE,02,F7,02,FFF0,4,0,-9,2,-2,2,-9,2,-16,61,8,16,10,100
8774,09,08,03,FF,FC,FF,FA,0A,FFE5,9,8,3,-1,-4,-1,-6,10,-27,-99,8,16,10,100
8775,FA,07,09,FA,03,08,08,08,FFA3,-6,7,9,-6,3,8,8,8,-93,-31,8,16,10,100
8776,01,04,04,08,0A,01,04,03,005A,1,4,4,8,10,1,4,3,90,144,8,16,10,100
8777,F9,FC,02,02,09,03,03,02,005A,-7,-4,2,2,9,3,3,2,90,25,8,16,10,100
8778,04,01,FB,FA,F8,FD,06,0A,FFD1,4,1,-5,-6,-8,-3,6,10,-47,-172,8,16,10,100
8779,FC,05,06,F7,0A,FE,FA,07,FFBE,-4,5,6,-9,10,-2,-6,7,-66,-215,8,16,10,100
8780,FE,00,F8,FE,FC,0A,FE,01,002A,-2,0,-8,-2,-4,10,-2,1,42,64,8,16,10,100
8781,0A,06,FB,05,F6,02,FA,0A,FFD2,10,6,-5,5,-10,2,-6,10,-46,-54,8,16,10,100
8782,FA,09,FE,FC,F7,06,FC,FE,0047,-6,9,-2,-4,-9,6,-4,-2,71,195,8,16,10,100
8783,07,09,FC,02,F8,FD,00,09,0002,7,9,-4,2,-8,-3,0,9,2,-63,8,16,10,100
8784,F8,09,FC,0A,04,FE,FB,0A,0012,-8,9,-4,10,4,-2,-5,10,18,88,8,16,10,100
8785,09,06,02,FC,04,09,F9,FE,002E,9,6,2,-4,4,9,-7,-2,46,130,8,16,10,100
8786,F9,F9,02,FE,04,0A,FA,04,FFE7,-7,-7,2,-2,4,10,-6,4,-25,-143,8,16,10,100
8787,F6,FB,F8,F7,F8,08,F8,04,FFE2,-10,-5,-8,-9,-8,8,-8,4,-30,38,8,16,10,100
8788,0A,07,FF,F7,FD,FA,F6,02,FFD6,10,7,-1,-9,-3,-6,-10,2,-42,-122,8,16,10,100
8789,FB,FD,00,FD,09,02,F9,FE,002F,-5,-3,0,-3,9,2,-7,-2,47,2,8,16,10,100
8790,FB,06,05,05,09,00,00,F6,0064,-5,6,5,5,9,0,0,-10,100,5,8,16,10,100
8791,F6,F9,F9,FF,02,F7,05,FD,004F,-10,-7,-7,-1,2,-9,5,-3,79,90,8,16,10,100
8792,03,FD,05,F6,08,08,00,06,FFAF,3,-3,5,-10,8,8,0,6,-81,-141,8,16,10,100
8793,05,02,FB,FC,03,03,00,06,0030,5,2,-5,-4,3,3,0,6,48,45,8,16,10,100
8794,FC,08,08,F7,FC,FC,0A,06,003C,-4,8,8,-9,-4,-4,10,6,60,70,8,16,10,100
8795,0A,F9,09,F6,02,03,07,FD,FFE1,10,-7,9,-10,2,3,7,-3,-31,61,8,16,10,100
8796,FA,F6,F6,FE,0A,09,04,F9,FFA3,-6,-10,-10,-2,10,9,4,-7,-93,-269,8,16,10,100
8797,01,07,F8,F6,03,02,07,FB,004A,1,7,-8,-10,3,2,7,-5,74,85,8,16,10,100
8798,FF,05,07,07,FC,03,FE,0A,FFDE,-1,5,7,7,-4,3,-2,10,-34,41,8,16,10,100
8799,FC,FD,F7,FC,FF,04,02,FE,FFF2,-4,-3,-9,-4,-1,4,2,-2,-14,-32,8,16,10,100
8800,FC,F8,F6,09,FD,04,FC,FA,0042,-4,-8,-10,9,-3,4,-4,-6,66,32,8,16,10,100
8801,F9,06,FD,F8,0A,FC,FE,08,FFBE,-7,6,-3,-8,10,-4,-2,8,-66,-218,8,16,10,100
8802,FD,09,FC,FB,F8,FA,04,F8,FF9F,-3,9,-4,-5,-8,-6,4,-8,-97,-103,8,16,10,100
8803,00,F9,07,F9,08,09,06,06,0032,0,-7,7,-7,8,9,6,6,50,-13,8,16,10,100
8804,FA,F6,04,FA,F8,FD,0A,FE,0059,-6,-10,4,-6,-8,-3,10,-2,89,219,8,16,10,100
8805,09,F7,FB,F9,0A,F8,07,FB,FFB4,9,-9,-5,-7,10,-8,7,-5,-76,86,8,16,10,100
8806,FC,F6,02,FD,09,02,FB,08,FFF4,-4,-10,2,-3,9,2,-5,8,-12,-102,8,16,10,100
8807,08,04,05,FB,0A,FA,00,F7,002C,8,4,5,-5,10,-6,0,-9,44,145,8,16,10,100
8808,08,05,09,02,F9,08,FF,04,0002,8,5,9,2,-7,8,-1,4,2,-15,8,16,10,100
8809,F9,05,07,05,FB,00,01,09,000E,-7,5,7,5,-5,0,1,9,14,101,8,16,10,100
8810,03,FF,FA,02,07,09,FE,FF,FFA1,3,-1,-6,2,7,9,-2,-1,-95,-73,8,16,10,100
8811,F6,0A,05,06,FB,05,FE,03,FFE0,-10,10,5,6,-5,5,-2,3,-32,76,8,16,10,100
8812,08,09,08,08,FF,F9,05,FC,FFEF,8,9,8,8,-1,-7,5,-4,-17,-80,8,16,10,100
8813,07,F8,09,F8,F7,0A,F7,F8,FFFC,7,-8,9,-8,-9,10,-9,-8,-4,-164,8,16,10,100
8814,01,FB,F9,FC,F9,F9,02,08,0027,1,-5,-7,-4,-7,-7,2,8,39,21,8,16,10,100
8815,F9,08,00,05,FF,02,01,FB,0041,-7,8,0,5,-1,2,1,-5,65,63,8,16,10,100
8816,00,F8,FF,09,FC,0A,FC,F6,000E,0,-8,-1,9,-4,10,-4,-10,14,-152,8,16,10,100
8817,FD,F7,F8,F8,FA,FF,08,FB,0013,-3,-9,-8,-8,-6,-1,8,-5,19,22,8,16,10,100
8818,FF,F9,08,FB,FD,03,06,FC,FFB9,-1,-7,8,-5,-3,3,6,-4,-71,-21,8,16,10,100
8819,FF,00,05,08,F7,00,08,08,0000,-1,0,5,8,-9,0,8,8,0,113,8,16,10,100
8820,07,0A,F7,04,F9,00,FC,02,FFA6,7,10,-9,4,-7,0,-4,2,-90,-95,8,16,10,100
8821,F7,01,F6,FF,F6,08,FA,FF,0011,-9,1,-10,-1,-10,8,-6,-1,17,176,8,16,10,100
8822,FC,05,F9,FF,01,FB,0A,09,0016,-4,5,-7,-1,1,-5,10,9,22,-86,8,16,10,100
8823,FA,04,09,FC,FA,F6,FF,08,FFC2,-6,4,9,-4,-6,-10,-1,8,-62,-107,8,16,10,100
8824,03,06,04,01,09,FC,F8,FB,FFD6,3,6,4,1,9,-4,-8,-5,-42,-76,8,16,10,100
8825,F9,04,06,06,FE,09,06,04,0042,-7,4,6,6,-2,9,6,4,66,176,8,16,10,100
8826,F8,01,00,09,05,FF,00,FF,FFBF,-8,1,0,9,5,-1,0,-1,-65,-115,8,16,10,100
8827,02,02,02,07,00,FC,05,F8,FFD1,2,2,2,7,0,-4,5,-8,-47,-101,8,16,10,100
8828,09,07,FA,02,01,FC,FF,FB,0032,9,7,-6,2,1,-4,-1,-5,50,27,8,16,10,100
8829,FD,0A,06,FD,08,F8,03,FC,000E,-3,10,6,-3,8,-8,3,-4,14,-60,8,16,10,100
8830,09,05,09,F6,06,08,07,0A,FFDC,9,5,9,-10,6,8,7,10,-36,21,8,16,10,100
8831,FA,FA,03,07,03,01,FF,03,0021,-6,-6,3,7,3,1,-1,3,33,27,8,16,10,100
8832,01,08,04,00,F7,03,03,04,0052,1,8,4,0,-9,3,3,4,82,109,8,16,10,100
8833,FE,0A,FC,F8,00,05,00,0A,0013,-2,10,-4,-8,0,5,0,10,19,-11,8,16,10,100
8834,FD,FF,06,FB,FE,FD,09,FB,FFC1,-3,-1,6,-5,-2,-3,9,-5,-63,25,8,16,10,100
8835,07,01,05,04,FC,00,00,F9,005F,7,1,5,4,-4,0,0,-7,95,39,8,16,10,100
8836,F9,F8,FE,05,01,02,00,F9,0024,-7,-8,-2,5,1,2,0,-7,36,-22,8,16,10,100
8837,FA,FA,FF,FB,FF,FA,05,FB,FFBB,-6,-6,-1,-5,-1,-6,5,-5,-69,-7,8,16,10,100
8838,FC,F6,04,FD,F6,FA,FB,F7,0034,-4,-10,4,-3,-10,-6,-5,-9,52,159,8,16,10,100
8839,FB,06,01,FD,FC,04,F8,FB,FFE0,-5,6,1,-3,-4,4,-8,-5,-32,19,8,16,10,100
8840,04,FE,F6,09,0A,F6,FB,03,0063,4,-2,-10,9,10,-10,-5,3,99,236,8,16,10,100
8841,09,05,03,FE,FA,FB,FE,0A,000F,9,5,3,-2,-6,-5,-2,10,15,-90,8,16,10,100
8842,01,05,FD,00,04,02,FC,FD,0028,1,5,-3,0,4,2,-4,-3,40,66,8,16,10,100
8843,F7,0A,07,06,F9,03,00,FE,0035,-9,10,7,6,-7,3,0,-2,53,134,8,16,10,100
8844,FC,FE,FB,FB,FB,04,FF,04,0037,-4,-2,-5,-5,-5,4,-1,4,55,52,8,16,10,100
8845,05,FD,06,00,F8,05,04,F6,0042,5,-3,6,0,-8,5,4,-10,66,35,8,16,10,100
8846,FE,FF,05,F9,FF,09,05,06,0019,-2,-1,5,-7,-1,9,5,6,25,1,8,16,10,100
8847,F8,01,08,FE,0A,04,F7,FB,0001,-8,1,8,-2,10,4,-9,-5,1,-137,8,16,10,100
8848,FD,F9,03,FF,05,04,FF,F6,0046,-3,-7,3,-1,5,4,-1,-10,70,34,8,16,10,100
8849,01,09,F7,04,00,FA,FF,FD,FFE1,1,9,-9,4,0,-6,-1,-3,-31,-88,8,16,10,100
8850,05,06,F8,F6,F9,F9,02,FA,0011,5,6,-8,-10,-7,-7,2,-6,17,-16,8,16,10,100
8851,01,F7,05,03,01,F8,F6,00,FFBF,1,-9,5,3,1,-8,-10,0,-65,-42,8,16,10,100
8852,FD,F7,F7,F9,FE,05,0A,01,005A,-3,-9,-9,-7,-2,5,10,1,90,-46,8,16,10,100
8853,08,08,FF,0A,00,03,04,04,001B,8,8,-1,10,0,3,4,4,27,87,8,16,10,100
8854,09,FF,08,07,08,08,06,FF,FFFA,9,-1,8,7,8,8,6,-1,-6,99,8,16,10,100
8855,F7,F6,0A,F7,0A,0A,FA,FE,0017,-9,-10,10,-9,10,10,-6,-2,23,-209,8,16,10,100
8856,01,FA,09,FE,02,05,FC,02,FFEE,1,-6,9,-2,2,5,-4,2,-18,-86,8,16,10,100
8857,07,FD,FE,00,F8,01,FD,F8,0038,7,-3,-2,0,-8,1,-3,-8,56,3,8,16,10,100
8858,07,F7,FF,07,F8,09,FC,03,FFD7,7,-9,-1,7,-8,9,-4,3,-41,-153,8,16,10,100
8859,07,06,01,FB,04,04,02,00,0059,7,6,1,-5,4,4,2,0,89,143,8,16,10,100
8860,02,03,FB,F9,0A,F7,F8,05,FFB1,2,3,-5,-7,10,-9,-8,5,-79,-81,8,16,10,100
8861,F6,F9,F9,03,09,06,FC,00,FFF3,-10,-7,-7,3,9,6,-4,0,-13,-117,8,16,10,100
8862,FC,04,03,FF,FF,FA,F7,03,002E,-4,4,3,-1,-1,-6,-9,3,46,-4,8,16,10,100
8863,00,06,02,FE,07,04,02,FF,FFD6,0,6,2,-2,7,4,2,-1,-42,-12,8,16,10,100
8864,08,01,05,01,09,06,08,0A,002C,8,1,5,1,9,6,8,10,44,172,8,16,10,100
8865,FE,08,0A,F9,04,FE,06,06,FFBD,-2,8,10,-7,4,-2,6,6,-67,-73,8,16,10,100
8866,F6,08,FD,F9,FC,07,FD,03,0026,-10,8,-3,-7,-4,7,-3,3,38,122,8,16,10,100
8867,FC,FC,F6,05,FE,FB,F9,F8,FFC8,-4,-4,-10,5,-2,-5,-7,-8,-56,2,8,16,10,100
8868,F7,F6,08,02,F9,FC,F6,07,0049,-9,-10,8,2,-7,-4,-10,7,73,110,8,16,10,100
8869,05,F9,03,F9,FD,F8,0A,F8,FFE3,5,-7,3,-7,-3,-8,10,-8,-29,98,8,16,10,100
8870,05,05,08,06,F9,FB,FF,07,FFA3,5,5,8,6,-7,-5,-1,7,-93,-119,8,16,10,100
8871,04,F7,05,03,04,00,02,F9,0043,4,-9,5,3,4,0,2,-7,67,72,8,16,10,100
8872,F8,FD,F9,FE,F6,FE,08,01,0054,-8,-3,-7,-2,-10,-2,8,1,84,112,8,16,10,100
8873,FB,FC,FD,FC,FF,FB,06,00,001F,-5,-4,-3,-4,-1,-5,6,0,31,38,8,16,10,100
8874,FF,06,0A,05,F8,FF,FA,00,0012,-1,6,10,5,-8,-1,-6,0,18,-40,8,16,10,100
8875,FD,00,08,06,FE,FB,00,01,FFF5,-3,0,8,6,-2,-5,0,1,-11,1,8,16,10,100
8876,FA,02,F6,06,00,FE,02,FC,0050,-6,2,-10,6,0,-2,2,-4,80,32,8,16,10,100
8877,03,07,FA,FE,03,00,08,02,FFD2,3,7,-6,-2,3,0,8,2,-46,-89,8,16,10,100
8878,F8,02,00,F8,FB,F8,0A,FC,000E,-8,2,0,-8,-5,-8,10,-4,14,70,8,16,10,100
8879,06,02,05,FE,05,F7,F7,FF,0046,6,2,5,-2,5,-9,-9,-1,70,39,8,16,10,100
8880,03,00,05,0A,F6,FA,FF,07,FFB3,3,0,5,10,-10,-6,-1,7,-77,-42,8,16,10,100
8881,03,09,06,FE,0A,FC,03,F8,000D,3,9,6,-2,10,-4,3,-8,13,41,8,16,10,100
8882,03,05,F9,05,FA,F9,05,FB,FFFA,3,5,-7,5,-6,-7,5,-5,-6,-119,8,16,10,100
8883,F6,09,08,FC,FE,0A,07,04,004E,-10,9,8,-4,-2,10,7,4,78,228,8,16,10,100
8884,08,05,F9,01,F8,04,06,03,0004,8,5,-7,1,-8,4,6,3,4,-79,8,16,10,100
8885,F9,04,FA,FD,08,03,FB,0A,FFAF,-7,4,-6,-3,8,3,-5,10,-81,-125,8,16,10,100
8886,FF,08,08,FA,05,FB,08,07,FFA9,-1,8,8,-6,5,-5,8,7,-87,-110,8,16,10,100
8887,08,FC,FA,00,0A,03,FA,FD,FF9E,8,-4,-6,0,10,3,-6,-3,-98,6,8,16,10,100
8888,03,FA,F8,02,04,0A,FD,08,0009,3,-6,-8,2,4,10,-3,8,9,1,8,16,10,100
8889,FF,04,FF,F8,00,F8,02,08,005A,-1,4,-1,-8,0,-8,2,8,90,-8,8,16,10,100
8890,FD,09,FD,FE,05,02,01,FE,0019,-3,9,-3,-2,5,2,1,-2,25,29,8,16,10,100
8891,FB,FA,06,09,FC,03,F8,06,FFF7,-5,-6,6,9,-4,3,-8,6,-9,-1,8,16,10,100
8892,03,FE,FC,05,FA,06,FE,05,FFA1,3,-2,-4,5,-6,6,-2,5,-95,-92,8,16,10,100
8893,FE,F9,07,03,02,03,FC,FC,FFF6,-2,-7,7,3,2,3,-4,-4,-10,-75,8,16,10,100
8894,FB,04,FF,FB,01,FE,01,04,0053,-5,4,-1,-5,1,-2,1,4,83,49,8,16,10,100
8895,0A,FD,09,F9,FF,FC,F6,00,005D,10,-3,9,-7,-1,-4,-10,0,93,5,8,16,10,100
8896,FA,FE,0A,FC,FA,07,00,04,002B,-6,-2,10,-4,-6,7,0,4,43,49,8,16,10,100
8897,00,FE,F8,F6,FC,F6,F7,08,0004,0,-2,-8,-10,-4,-10,-9,8,4,16,8,16,10,100
8898,0A,FB,08,03,FC,00,FE,09,0017,10,-5,8,3,-4,0,-2,9,23,-6,8,16,10,100
8899,07,01,0A,FC,FC,06,02,03,0034,7,1,10,-4,-4,6,2,3,52,38,8,16,10,100
8900,07,F6,FF,FB,FF,04,02,01,0000,7,-10,-1,-5,-1,4,2,1,0,-54,8,16,10,100
8901,05,07,FC,07,06,FB,F8,03,FFA6,5,7,-4,7,6,-5,-8,3,-90,-42,8,16,10,100
8902,FD,F8,03,08,02,FD,FF,06,FFB8,-3,-8,3,8,2,-3,-1,6,-72,-9,8,16,10,100
8903,F6,F6,FF,FB,F7,02,F8,00,0057,-10,-10,-1,-5,-9,2,-8,0,87,165,8,16,10,100
8904,F7,F6,F8,02,FF,04,F7,FC,003C,-9,-10,-8,2,-1,4,-9,-4,60,93,8,16,10,100
8905,0A,08,07,F7,FC,FB,09,00,0024,10,8,7,-9,-4,-5,9,0,36,19,8,16,10,100
8906,07,FC,09,F9,08,05,04,FE,FFF2,7,-4,9,-7,8,5,4,-2,-14,72,8,16,10,100
8907,FC,00,FA,FD,FE,F8,F9,FA,002D,-4,0,-6,-3,-2,-8,-7,-6,45,113,8,16,10,100
8908,FF,08,FC,FE,04,01,F6,07,FFC0,-1,8,-4,-2,4,1,-10,7,-64,-34,8,16,10,100
8909,F7,FF,F7,09,FE,08,01,05,FFB9,-9,-1,-9,9,-2,8,1,5,-71,-25,8,16,10,100
8910,F7,03,F9,F8,F9,F7,F6,00,0056,-9,3,-7,-8,-7,-9,-10,0,86,192,8,16,10,100
8911,00,04,F7,0A,F6,FC,FA,02,FFD6,0,4,-9,10,-10,-4,-6,2,-42,16,8,16,10,100
8912,F8,FD,FA,FA,F8,01,F7,FB,002A,-8,-3,-6,-6,-8,1,-9,-5,42,187,8,16,10,100
8913,00,F6,07,00,05,F7,0A,02,FFE9,0,-10,7,0,5,-9,10,2,-23,137,8,16,10,100
8914,F9,F6,FF,07,0A,FA,05,01,FFFD,-7,-10,-1,7,10,-6,5,1,-3,-11,8,16,10,100
8915,03,F7,07,07,0A,08,07,FD,0030,3,-9,7,7,10,8,7,-3,48,34,8,16,10,100
8916,FF,06,FA,FE,0A,03,00,F9,004E,-1,6,-6,-2,10,3,0,-7,78,100,8,16,10,100
8917,F8,0A,08,06,FE,F9,FE,00,0059,-8,10,8,6,-2,-7,-2,0,89,19,8,16,10,100
8918,0A,03,FD,FD,FB,06,FC,09,0025,10,3,-3,-3,-5,6,-4,9,37,-10,8,16,10,100
8919,01,04,08,07,08,FB,FA,FF,FFC8,1,4,8,7,8,-5,-6,-1,-56,-123,8,16,10,100
8920,F9,0A,04,04,07,F6,FA,01,002B,-7,10,4,4,7,-10,-6,1,43,-126,8,16,10,100
8921,08,09,FA,06,06,07,FD,FA,FFE6,8,9,-6,6,6,7,-3,-6,-26,67,8,16,10,100
8922,0A,09,F9,09,F7,00,F9,FE,0059,10,9,-7,9,-9,0,-7,-2,89,30,8,16,10,100
8923,09,03,05,05,08,FA,F8,FE,FFFE,9,3,5,5,8,-6,-8,-2,-2,2,8,16,10,100
8924,FD,08,05,FB,08,F8,FE,02,FFFF,-3,8,5,-5,8,-8,-2,2,-1,-109,8,16,10,100
8925,0A,06,F7,00,F8,F9,01,07,0048,10,6,-9,0,-8,-7,1,7,72,-59,8,16,10,100
8926,08,06,09,F8,04,07,09,F9,0025,8,6,9,-8,4,7,9,-7,37,248,8,16,10,100
8927,05,FE,00,05,FB,0A,F6,F8,001A,5,-2,0,5,-5,10,-10,-8,26,-59,8,16,10,100
8928,07,FE,FA,00,FF,06,01,FB,FFB1,7,-2,-6,0,-1,6,1,-5,-79,-104,8,16,10,100
8929,FF,FE,00,FD,FD,FC,F9,06,FFAB,-1,-2,0,-3,-3,-4,-7,6,-85,-92,8,16,10,100
8930,08,08,FC,FE,04,FF,07,FF,005B,8,8,-4,-2,4,-1,7,-1,91,89,8,16,10,100
8931,FB,05,08,06,F9,F9,FA,01,FFA4,-5,5,8,6,-7,-7,-6,1,-92,-134,8,16,10,100
8932,FF,03,03,F7,FB,F8,FE,05,FFEB,-1,3,3,-9,-5,-8,-2,5,-21,-91,8,16,10,100
8933,05,FF,08,02,04,01,01,F6,FFB9,5,-1,8,2,4,1,1,-10,-71,-64,8,16,10,100
8934,F7,05,02,FA,04,FE,FA,FB,0047,-9,5,2,-6,4,-2,-6,-5,71,43,8,16,10,100
8935,F8,03,FC,04,F8,FF,FC,08,003E,-8,3,-4,4,-8,-1,-4,8,62,171,8,16,10,100
8936,00,02,02,03,04,02,03,06,001B,0,2,2,3,4,2,3,6,27,55,8,16,10,100
8937,FF,FE,F8,05,01,08,0A,F7,FFEB,-1,-2,-8,5,1,8,10,-9,-21,-163,8,16,10,100
8938,05,FF,F6,01,07,FB,FB,06,FFA3,5,-1,-10,1,7,-5,-5,6,-93,3,8,16,10,100
8939,00,F7,00,05,F8,FA,0A,09,FFF5,0,-9,0,5,-8,-6,10,9,-11,88,8,16,10,100
8940,F9,09,04,0A,F6,FE,08,07,FFA1,-7,9,4,10,-10,-2,8,7,-95,59,8,16,10,100
8941,02,0A,07,F6,F7,FA,FA,05,FFBA,2,10,7,-10,-9,-6,-6,5,-70,-240,8,16,10,100
8942,FA,FC,08,FE,F8,FA,FF,FB,0007,-6,-4,8,-2,-8,-6,-1,-5,7,81,8,16,10,100
8943,00,02,08,FA,FD,00,F6,F6,FFEA,0,2,8,-6,-3,0,-10,-10,-22,-42,8,16,10,100
8944,05,00,F7,06,08,06,FA,F9,FFA8,5,0,-9,6,8,6,-6,-7,-88,-36,8,16,10,100
8945,00,F8,06,F7,FF,F7,02,FA,FFF5,0,-8,6,-9,-1,-9,2,-6,-11,127,8,16,10,100
8946,FA,02,02,07,02,02,09,0A,0053,-6,2,2,7,2,2,9,10,83,163,8,16,10,100
8947,04,F6,F8,09,F8,01,01,09,0037,4,-10,-8,9,-8,1,1,9,55,86,8,16,10,100
8948,07,FF,F7,05,09,03,08,FB,0037,7,-1,-9,5,9,3,8,-5,55,18,8,16,10,100
8949,06,06,0A,FD,FD,FA,02,F8,0053,6,6,10,-3,-3,-6,2,-8,83,73,8,16,10,100
8950,FA,F7,09,F8,FA,F8,04,FA,0007,-6,-9,9,-8,-6,-8,4,-6,7,199,8,16,10,100
8951,F9,F9,F7,07,FD,FA,02,FD,FFC2,-7,-7,-9,7,-3,-6,2,-3,-62,-38,8,16,10,100
8952,F6,00,F8,F8,0A,02,F7,02,FFCC,-10,0,-8,-8,10,2,-9,2,-52,-96,8,16,10,100
8953,F6,09,F8,03,FC,00,F7,FC,0051,-10,9,-8,3,-4,0,-9,-4,81,181,8,16,10,100
8954,07,FD,09,FB,F8,02,06,FB,FFB2,7,-3,9,-5,-8,2,6,-5,-78,-61,8,16,10,100
8955,FF,F8,FB,07,04,FA,08,09,004D,-1,-8,-5,7,4,-6,8,9,77,144,8,16,10,100
8956,09,06,07,03,04,F7,01,04,FF9D,9,6,7,3,4,-9,1,4,-99,-98,8,16,10,100
8957,0A,FB,FE,F9,F9,02,00,FB,0047,10,-5,-2,-7,-7,2,0,-5,71,26,8,16,10,100
8958,F7,02,F8,FB,04,00,FC,F6,001D,-9,2,-8,-5,4,0,-4,-10,29,75,8,16,10,100
8959,FE,F6,01,09,FB,03,F6,FF,0028,-2,-10,1,9,-5,3,-10,-1,40,1,8,16,10,100
8960,FF,06,01,00,02,08,FE,F6,FFD0,-1,6,1,0,2,8,-2,-10,-48,-4,8,16,10,100
8961,FD,03,F9,05,FB,F7,03,06,0048,-3,3,-7,5,-5,-9,3,6,72,69,8,16,10,100
8962,08,00,FF,00,FA,03,05,FE,FFE5,8,0,-1,0,-6,3,5,-2,-27,-80,8,16,10,100
8963,F9,09,03,03,FD,F6,0A,FA,0048,-7,9,3,3,-3,-10,10,-6,72,15,8,16,10,100
8964,00,07,F7,08,FC,FC,F6,07,FFB7,0,7,-9,8,-4,-4,-10,7,-73,45,8,16,10,100
8965,02,0A,FD,08,00,08,F6,FF,FFA6,2,10,-3,8,0,8,-10,-1,-90,12,8,16,10,100
8966,FB,FD,09,FE,07,03,F7,F6,FFA3,-5,-3,9,-2,7,3,-9,-10,-93,-198,8,16,10,100
8967,0A,F8,FC,F8,F9,FD,03,09,FFE7,10,-8,-4,-8,-7,-3,3,9,-25,-155,8,16,10,100
8968,09,F7,F6,02,07,FD,05,F9,000D,9,-9,-10,2,7,-3,5,-7,13,39,8,16,10,100
8969,FE,F8,F8,F6,06,02,F9,00,FFEB,-2,-8,-8,-10,6,2,-7,0,-21,7,8,16,10,100
8970,0A,0A,FA,07,09,FF,04,FE,FFC2,10,10,-6,7,9,-1,4,-2,-62,-20,8,16,10,100
8971,05,00,03,00,F9,07,F7,FC,004E,5,0,3,0,-7,7,-9,-4,78,16,8,16,10,100
8972,FE,03,06,F9,04,08,08,08,FFC2,-2,3,6,-7,4,8,8,8,-62,-54,8,16,10,100
8973,FE,F7,F6,F7,04,FB,06,F7,004B,-2,-9,-10,-9,4,-5,6,-9,75,133,8,16,10,100
8974,03,02,02,04,01,07,07,0A,002F,3,2,2,4,1,7,7,10,47,118,8,16,10,100
8975,06,FF,06,00,07,02,FC,FC,FFF1,6,-1,6,0,7,2,-4,-4,-15,1,8,16,10,100
8976,FD,FD,08,0A,09,FC,FE,06,0018,-3,-3,8,10,9,-4,-2,6,24,53,8,16,10,100
8977,04,F8,FA,02,FF,06,F6,00,FFD1,4,-8,-6,2,-1,6,-10,0,-47,-39,8,16,10,100
8978,F9,F6,06,01,F9,04,F6,0A,FFE7,-7,-10,6,1,-7,4,-10,10,-25,-66,8,16,10,100
8979,F6,FC,06,FE,05,FF,04,07,FFCC,-10,-4,6,-2,5,-1,4,7,-52,-88,8,16,10,100
8980,05,05,FD,F7,03,07,09,00,FFCB,5,5,-3,-9,3,7,9,0,-53,-30,8,16,10,100
8981,05,FF,02,FA,F9,06,04,FC,0057,5,-1,2,-6,-7,6,4,-4,87,78,8,16,10,100
8982,00,FE,07,F7,FE,07,00,05,FFBB,0,-2,7,-9,-2,7,0,5,-69,-128,8,16,10,100
8983,08,FC,F6,F6,05,FC,0A,FD,0009,8,-4,-10,-10,5,-4,10,-3,9,-5,8,16,10,100
8984,FD,F9,F8,00,09,FB,FD,0A,FFD6,-3,-7,-8,0,9,-5,-3,10,-42,-10,8,16,10,100
8985,FA,05,02,F7,FA,06,F7,05,FFD5,-6,5,2,-9,-6,6,-9,5,-43,-40,8,16,10,100
8986,FE,FD,06,06,06,FA,F7,FD,0060,-2,-3,6,6,6,-6,-9,-3,96,30,8,16,10,100
8987,05,02,F7,05,FA,FA,F6,FE,FFFE,5,2,-9,5,-6,-6,-10,-2,-2,36,8,16,10,100
8988,FC,02,FE,0A,F8,FB,F8,03,FFA0,-4,2,-2,10,-8,-5,-8,3,-96,-28,8,16,10,100
8989,06,FA,02,02,06,05,FD,FA,FFF6,6,-6,2,2,6,5,-3,-6,-10,-22,8,16,10,100
8990,09,F9,F7,02,03,06,07,08,FFE6,9,-7,-9,2,3,6,7,8,-26,-88,8,16,10,100
8991,F9,FC,03,FB,00,03,00,02,FFBB,-7,-4,3,-5,0,3,0,2,-69,-91,8,16,10,100
8992,00,FC,FF,08,00,09,07,0A,004D,0,-4,-1,8,0,9,7,10,77,114,8,16,10,100
8993,07,00,02,04,00,01,06,0A,FFDE,7,0,2,4,0,1,6,10,-34,18,8,16,10,100
8994,03,09,F8,02,04,08,06,F6,FFDF,3,9,-8,2,4,8,6,-10,-33,-17,8,16,10,100
8995,F7,FB,FB,FD,FB,FE,FA,02,FFBC,-9,-5,-5,-3,-5,-2,-6,2,-68,11,8,16,10,100
8996,F6,04,02,F6,06,02,FF,FB,003C,-10,4,2,-10,6,2,-1,-5,60,56,8,16,10,100
8997,FA,FE,07,F8,FD,F9,FF,FB,001C,-6,-2,7,-8,-3,-7,-1,-5,28,93,8,16,10,100
8998,02,FF,05,05,0A,06,FE,FB,0059,2,-1,5,5,10,6,-2,-5,89,68,8,16,10,100
8999,F8,FD,0A,F6,03,07,01,FA,0055,-8,-3,10,-10,3,7,1,-6,85,110,8,16,10,100
9000,08,03,07,02,08,F6,07,0A,FFA5,8,3,7,2,8,-10,7,10,-91,12,8,16,10,100
9001,05,06,FD,FD,04,0A,FD,08,0018,5,6,-3,-3,4,10,-3,8,24,89,8,16,10,100
9002,08,FC,FC,FE,05,FC,08,05,0061,8,-4,-4,-2,5,-4,8,5,97,111,8,16,10,100
9003,FE,04,07,F9,07,F8,08,FB,0003,-2,4,7,-7,7,-8,8,-5,3,48,8,16,10,100
9004,F8,F6,08,FF,06,F8,FB,FA,FFCF,-8,-10,8,-1,6,-8,-5,-6,-49,-51,8,16,10,100
9005,F7,FB,F8,00,07,06,FF,F9,0049,-9,-5,-8,0,7,6,-1,-7,73,-12,8,16,10,100
9006,0A,00,F7,FD,00,FB,08,FB,FFCD,10,0,-9,-3,0,-5,8,-5,-51,-108,8,16,10,100
9007,09,01,FD,05,00,F9,0A,F9,005F,9,1,-3,5,0,-7,10,-7,95,23,8,16,10,100
9008,F7,06,FC,00,05,FC,01,03,FFDC,-9,6,-4,0,5,-4,1,3,-36,-109,8,16,10,100
9009,06,05,01,FA,F9,0A,FC,02,0047,6,5,1,-6,-7,10,-4,2,71,63,8,16,10,100
9010,FE,F7,FE,04,07,F9,FD,07,FFDC,-2,-9,-2,4,7,-7,-3,7,-36,47,8,16,10,100
9011,FD,01,FD,FF,02,FB,FF,01,FFAB,-3,1,-3,-1,2,-5,-1,1,-85,-94,8,16,10,100
9012,07,FE,FD,08,03,03,05,FB,0059,7,-2,-3,8,3,3,5,-5,89,49,8,16,10,100
9013,FB,07,FD,07,FF,F6,FB,09,FFA4,-5,7,-3,7,-1,-10,-5,9,-92,-79,8,16,10,100
9014,F6,0A,07,06,02,08,FF,05,FFCA,-10,10,7,6,2,8,-1,5,-54,29,8,16,10,100
9015,FF,01,FF,F8,06,09,FE,F7,FFDE,-1,1,-1,-8,6,9,-2,-9,-34,43,8,16,10,100
9016,FA,F8,FA,FA,01,01,08,08,FFA9,-6,-8,-6,-6,1,1,8,8,-87,-197,8,16,10,100
9017,00,07,F9,F8,09,F9,F6,F8,FFAD,0,7,-7,-8,9,-7,-10,-8,-83,2,8,16,10,100
9018,FB,FC,0A,FB,08,05,07,02,0010,-5,-4,10,-5,8,5,7,2,16,16,8,16,10,100
9019,FA,FD,07,FC,06,F9,08,FC,0013,-6,-3,7,-4,6,-7,8,-4,19,76,8,16,10,100
9020,FA,FA,0A,07,F7,FD,02,02,FFF5,-6,-6,10,7,-9,-3,2,2,-11,95,8,16,10,100
9021,F6,FE,F7,FB,04,05,F6,F7,FFC5,-10,-2,-9,-5,4,5,-10,-9,-59,26,8,16,10,100
9022,05,09,07,06,03,07,F7,04,FFC0,5,9,7,6,3,7,-9,4,-64,-25,8,16,10,100
9023,FC,F7,F9,07,F7,F7,F6,02,FFC7,-4,-9,-7,7,-9,-9,-10,2,-57,144,8,16,10,100
9024,FB,01,F8,05,F7,02,FF,F8,0031,-5,1,-8,5,-9,2,-1,-8,49,64,8,16,10,100
9025,FC,04,F6,F9,F7,FE,0A,0A,FFB9,-4,4,-10,-7,-9,-2,10,10,-71,-213,8,16,10,100
9026,F8,04,05,01,07,01,06,07,FFFA,-8,4,5,1,7,1,6,7,-6,-21,8,16,10,100
9027,FE,FF,06,FE,0A,FB,FD,FA,FFED,-2,-1,6,-2,10,-5,-3,-6,-19,-40,8,16,10,100
9028,FB,01,0A,08,06,FE,FD,07,FFEF,-5,1,10,8,6,-2,-3,7,-17,-23,8,16,10,100
9029,02,FA,FC,F7,09,02,0A,FB,FFAD,2,-6,-4,-9,9,2,10,-5,-83,-72,8,16,10,100
9030,02,FF,04,06,FA,FC,F9,08,FFC6,2,-1,4,6,-6,-4,-7,8,-58,-46,8,16,10,100
9031,0A,06,F6,F9,FF,03,FB,F6,0053,10,6,-10,-7,-1,3,-5,-10,83,211,8,16,10,100
9032,FD,F8,F8,FF,01,02,0A,02,FFE4,-3,-8,-8,-1,1,2,10,2,-28,-129,8,16,10,100
9033,FF,03,07,FF,04,F6,01,FB,FFC7,-1,3,7,-1,4,-10,1,-5,-57,-79,8,16,10,100
9034,0A,03,06,F6,FB,06,08,FA,0005,10,3,6,-10,-5,6,8,-6,5,81,8,16,10,100
9035,FA,09,FE,FC,FB,05,03,08,002F,-6,9,-2,-4,-5,5,3,8,47,84,8,16,10,100
9036,05,FC,09,FB,06,0A,F9,03,000C,5,-4,9,-5,6,10,-7,3,12,-76,8,16,10,100
9037,0A,F8,05,FB,F9,FF,FE,04,000A,10,-8,5,-5,-7,-1,-2,4,10,-82,8,16,10,100
9038,02,F6,0A,FB,09,01,05,FB,003C,2,-10,10,-5,9,1,5,-5,60,143,8,16,10,100
9039,F6,F6,FF,F6,F9,06,FA,09,FFA0,-10,-10,-1,-10,-7,6,-6,9,-96,-170,8,16,10,100
9040,F8,FF,FC,F7,F7,F9,F8,09,FFBA,-8,-1,-4,-9,-9,-7,-8,9,-70,-40,8,16,10,100
9041,05,08,02,01,02,01,F6,FF,001D,5,8,2,1,2,1,-10,-1,29,26,8,16,10,100
9042,FD,FD,FA,07,04,FB,FA,03,FFA8,-3,-3,-6,7,4,-5,-6,3,-88,-28,8,16,10,100
9043,08,06,07,09,F8,09,FD,F9,001E,8,6,7,9,-8,9,-3,-7,30,-64,8,16,10,100
9044,F6,06,FA,F7,00,FA,FE,08,FFC7,-10,6,-6,-9,0,-6,-2,8,-57,-153,8,16,10,100
9045,FB,FF,08,FA,01,09,04,00,0023,-5,-1,8,-6,1,9,4,0,35,53,8,16,10,100
9046,03,FE,07,06,04,F6,FA,FF,FFC3,3,-2,7,6,4,-10,-6,-1,-61,-77,8,16,10,100
9047,0A,F6,F7,08,09,F9,F7,FD,0043,10,-10,-9,8,9,-7,-9,-3,67,284,8,16,10,100
9048,FE,FB,F7,FE,F7,09,01,04,0008,-2,-5,-9,-2,-9,9,1,4,8,-36,8,16,10,100
9049,02,09,FE,FF,02,FA,FD,F7,001A,2,9,-2,-1,2,-6,-3,-9,26,-9,8,16,10,100
9050,FD,F6,05,00,0A,02,F9,05,FFED,-3,-10,5,0,10,2,-7,5,-19,-104,8,16,10,100
9051,F6,08,00,01,FE,FD,FC,0A,004F,-10,8,0,1,-2,-3,-4,10,79,85,8,16,10,100
9052,FD,F9,FB,FE,F8,00,F7,08,003A,-3,-7,-5,-2,-8,0,-9,8,58,111,8,16,10,100
9053,FF,FB,FA,06,07,03,FD,01,002D,-1,-5,-6,6,7,3,-3,1,45,47,8,16,10,100
9054,FF,FF,FC,0A,05,02,F6,F9,FFA8,-1,-1,-4,10,5,2,-10,-7,-88,-125,8,16,10,100
9055,06,02,09,02,03,07,05,F6,FFF9,6,2,9,2,3,7,5,-10,-7,50,8,16,10,100
9056,FE,06,F8,02,03,F7,07,03,0033,-2,6,-8,2,3,-9,7,3,51,-59,8,16,10,100
9057,F8,FA,FD,FC,FE,00,F8,F6,0025,-8,-6,-3,-4,-2,0,-8,-10,37,117,8,16,10,100
9058,03,05,F7,02,00,FD,05,0A,FFC4,3,5,-9,2,0,-3,5,10,-60,-100,8,16,10,100
9059,07,FD,07,06,07,0A,FD,08,0054,7,-3,7,6,7,10,-3,8,84,130,8,16,10,100
9060,FA,06,01,07,F7,03,0A,01,FFF3,-6,6,1,7,-9,3,10,1,-13,76,8,16,10,100
9061,FE,FD,08,F7,FF,F6,F8,03,0054,-2,-3,8,-9,-1,-10,-8,3,84,25,8,16,10,100
9062,0A,00,0A,03,00,FD,FD,00,FFB7,10,0,10,3,0,-3,-3,0,-73,-103,8,16,10,100
9063,01,04,FB,F8,03,07,FD,03,FFC1,1,4,-5,-8,3,7,-3,3,-63,-41,8,16,10,100
9064,F9,FA,08,01,FA,05,04,FA,FFC7,-7,-6,8,1,-6,5,4,-6,-57,-19,8,16,10,100
9065,FF,FA,FE,F8,04,08,02,FE,FFB2,-1,-6,-2,-8,4,8,2,-2,-78,-118,8,16,10,100
9066,FC,FB,01,FF,FA,F7,03,04,FFBB,-4,-5,1,-1,-6,-9,3,4,-69,-1,8,16,10,100
9067,FE,07,FF,08,09,F9,01,06,FFE0,-2,7,-1,8,9,-7,1,6,-32,-52,8,16,10,100
9068,F8,FA,FA,04,09,FD,00,01,FFD7,-8,-6,-6,4,9,-3,0,1,-41,-91,8,16,10,100
9069,FA,FA,F6,0A,F6,07,05,F7,FFE3,-6,-6,-10,10,-10,7,5,-9,-29,-151,8,16,10,100
9070,06,04,05,FD,05,06,09,07,000F,6,4,5,-3,5,6,9,7,15,93,8,16,10,100
9071,F8,03,07,FD,FC,04,FD,08,0010,-8,3,7,-3,-4,4,-3,8,16,15,8,16,10,100
9072,F8,F7,FE,04,07,09,04,FA,FFC3,-8,-9,-2,4,7,9,4,-6,-61,-230,8,16,10,100
9073,F7,01,FE,00,08,FA,04,F8,0048,-9,1,-2,0,8,-6,4,-8,72,-14,8,16,10,100
9074,F7,FC,02,03,08,03,FC,FB,FFBB,-9,-4,2,3,8,3,-4,-5,-69,-176,8,16,10,100
9075,08,09,00,FF,09,0A,F7,F6,FFD3,8,9,0,-1,9,10,-9,-10,-45,127,8,16,10,100
9076,09,04,FD,05,06,F6,F7,FF,0018,9,4,-3,5,6,-10,-9,-1,24,60,8,16,10,100
9077,00,FF,FE,F6,F9,09,FB,FD,000F,0,-1,-2,-10,-7,9,-5,-3,15,46,8,16,10,100
9078,FE,FA,FF,F6,03,08,04,FD,0003,-2,-6,-1,-10,3,8,4,-3,3,-25,8,16,10,100
9079,FE,02,03,F9,F6,FE,FD,FD,FFC3,-2,2,3,-7,-10,-2,-3,-3,-61,-33,8,16,10,100
9080,F9,06,F6,04,FE,02,06,08,0062,-7,6,-10,4,-2,2,6,8,98,96,8,16,10,100
9081,FD,FA,FF,0A,01,FA,0A,05,0005,-3,-6,-1,10,1,-6,10,5,5,78,8,16,10,100
9082,F9,F7,FA,03,07,FC,06,FE,FF9F,-7,-9,-6,3,7,-4,6,-2,-97,-152,8,16,10,100
9083,05,F7,02,01,01,F9,FA,0A,FFFC,5,-9,2,1,1,-7,-6,10,-4,62,8,16,10,100
9084,09,07,03,09,01,FF,FA,07,0003,9,7,3,9,1,-1,-6,7,3,50,8,16,10,100
9085,04,F6,00,00,FD,07,FD,FF,FFE7,4,-10,0,0,-3,7,-3,-1,-25,-107,8,16,10,100
9086,FB,08,F8,FE,08,0A,F8,F8,004A,-5,8,-8,-2,8,10,-8,-8,74,194,8,16,10,100
9087,FC,03,0A,FF,00,09,05,F7,004E,-4,3,10,-1,0,9,5,-9,78,164,8,16,10,100
9088,0A,F9,0A,03,09,05,03,06,0000,10,-7,10,3,9,5,3,6,0,103,8,16,10,100
9089,02,FA,F7,F7,0A,F7,08,03,FFC6,2,-6,-9,-9,10,-9,8,3,-58,-83,8,16,10,100
9090,00,FD,07,0A,07,F9,0A,07,FFE3,0,-3,7,10,7,-7,10,7,-29,132,8,16,10,100
9091,F7,05,02,05,04,09,0A,F8,0040,-9,5,2,5,4,9,10,-8,64,53,8,16,10,100
9092,02,FB,FE,06,FE,0A,01,03,FFF3,2,-5,-2,6,-2,10,1,3,-13,-51,8,16,10,100
9093,0A,00,FB,FA,02,08,F6,FB,000A,10,0,-5,-6,2,8,-10,-5,10,110,8,16,10,100
9094,F8,F7,07,F7,F9,00,00,F8,FFE2,-8,-9,7,-9,-7,0,0,-8,-30,98,8,16,10,100
9095,F7,F6,06,FB,F7,FD,F6,02,FF9F,-9,-10,6,-5,-9,-3,-10,2,-97,-56,8,16,10,100
9096,0A,09,05,06,FB,FD,01,F8,0022,10,9,5,6,-5,-3,1,-8,34,-86,8,16,10,100
9097,F9,FE,FA,FC,F6,06,FC,FF,001F,-7,-2,-6,-4,-10,6,-4,-1,31,117,8,16,10,100
9098,FD,FD,05,04,F6,04,02,FF,005F,-3,-3,5,4,-10,4,2,-1,95,119,8,16,10,100
9099,FE,F6,09,03,FA,04,09,FF,FFAB,-2,-10,9,3,-6,4,9,-1,-85,-35,8,16,10,100
9100,F6,FB,00,FF,02,00,FE,07,0012,-10,-5,0,-1,2,0,-2,7,18,-9,8,16,10,100
9101,F6,09,02,03,05,FE,09,F9,005B,-10,9,2,3,5,-2,9,-7,91,20,8,16,10,100
9102,08,04,FD,FF,FA,FC,07,FF,FFC2,8,4,-3,-1,-6,-4,7,-1,-62,-146,8,16,10,100
9103,F6,F8,0A,FA,F9,FF,00,01,FFFD,-10,-8,10,-6,-7,-1,0,1,-3,69,8,16,10,100
9104,08,08,02,06,09,F7,09,FE,FFE8,8,8,2,6,9,-9,9,-2,-24,-18,8,16,10,100
9105,FB,FD,04,FF,F8,FD,FD,FA,0041,-5,-3,4,-1,-8,-3,-3,-6,65,108,8,16,10,100
9106,F9,FE,05,04,0A,03,F9,F8,003E,-7,-2,5,4,10,3,-7,-8,62,-81,8,16,10,100
9107,09,FE,09,FF,01,01,FF,FD,FFA1,9,-2,9,-1,1,1,-1,-3,-95,-94,8,16,10,100
9108,FB,09,FA,FB,06,07,09,00,FF9C,-5,9,-6,-5,6,7,9,0,-100,-121,8,16,10,100
9109,FB,FF,F9,FA,FF,09,FF,04,0006,-5,-1,-7,-6,-1,9,-1,4,6,-15,8,16,10,100
9110,F8,03,02,09,FC,FD,FE,01,FFAC,-8,3,2,9,-4,-3,-2,1,-84,-56,8,16,10,100
9111,FF,03,03,05,F7,FB,FC,FC,0031,-1,3,3,5,-9,-5,-4,-4,49,11,8,16,10,100
9112,FC,06,02,FF,FE,06,FB,01,0017,-4,6,2,-1,-2,6,-5,1,23,56,8,16,10,100
9113,09,05,05,FA,FD,00,FB,03,FFD5,9,5,5,-6,-3,0,-5,3,-43,-113,8,16,10,100
9114,03,F9,FA,F7,F7,FD,F8,04,0050,3,-7,-6,-9,-9,-3,-8,4,80,86,8,16,10,100
9115,F8,F9,FA,01,F9,0A,FE,FB,0047,-8,-7,-6,1,-7,10,-2,-5,71,64,8,16,10,100
9116,01,08,F8,04,F8,09,03,0A,003F,1,8,-8,4,-8,9,3,10,63,143,8,16,10,100
9117,0A,01,FA,F8,FE,FC,05,05,0035,10,1,-6,-8,-2,-4,5,5,53,-41,8,16,10,100
9118,0A,02,FD,FB,08,09,FD,FC,0059,10,2,-3,-5,8,9,-3,-4,89,216,8,16,10,100
9119,08,05,0A,08,01,F6,08,06,FFE4,8,5,10,8,1,-10,8,6,-28,58,8,16,10,100
9120,FF,FB,06,04,05,06,FA,FB,FFFC,-1,-5,6,4,5,6,-6,-5,-4,-95,8,16,10,100
9121,FD,FF,03,03,04,FD,F9,FA,FFF5,-3,-1,3,3,4,-3,-7,-6,-11,-59,8,16,10,100
9122,F9,09,0A,F6,04,FE,FC,FC,0004,-7,9,10,-10,4,-2,-4,-4,4,-42,8,16,10,100
9123,0A,02,FF,08,04,01,FC,06,FFFF,10,2,-1,8,4,1,-4,6,-1,93,8,16,10,100
9124,FC,0A,F9,FB,FC,0A,F7,02,FFA2,-4,10,-7,-5,-4,10,-9,2,-94,75,8,16,10,100
9125,05,0A,02,03,FD,F8,01,03,000C,5,10,2,3,-3,-8,1,3,12,-72,8,16,10,100
9126,09,07,FF,FB,05,04,03,F8,FFAD,9,7,-1,-5,5,4,3,-8,-83,27,8,16,10,100
9127,07,09,FA,01,FB,F8,07,F6,0033,7,9,-6,1,-5,-8,7,-10,51,-108,8,16,10,100
9128,FE,F6,F6,FF,04,07,F7,00,0045,-2,-10,-10,-1,4,7,-9,0,69,81,8,16,10,100
9129,07,02,05,F7,07,02,FD,F7,FFCE,7,2,5,-9,7,2,-3,-9,-50,69,8,16,10,100
9130,F8,FF,F8,F8,FC,04,F7,FB,0037,-8,-1,-8,-8,-4,4,-9,-5,55,195,8,16,10,100
9131,0A,05,F7,04,FB,F8,FC,FF,0015,10,5,-9,4,-5,-8,-4,-1,21,-37,8,16,10,100
9132,FE,F7,FC,04,09,05,F8,05,0003,-2,-9,-4,4,9,5,-8,5,3,-8,8,16,10,100
9133,FD,F6,F7,F6,FD,08,07,F7,FFD2,-3,-10,-9,-10,-3,8,7,-9,-46,-90,8,16,10,100
9134,F6,01,0A,FA,02,04,F7,F8,0054,-10,1,10,-6,2,4,-9,-8,84,26,8,16,10,100
9135,03,FB,FE,FE,F6,F6,03,09,0037,3,-5,-2,-2,-10,-10,3,9,55,51,8,16,10,100
9136,03,0A,04,F8,04,04,00,04,FFD3,3,10,4,-8,4,4,0,4,-45,-25,8,16,10,100
9137,FC,FD,03,01,04,05,F7,0A,0029,-4,-3,3,1,4,5,-9,10,41,-7,8,16,10,100
9138,FF,FD,07,F7,FE,05,04,F9,FF9F,-1,-3,7,-9,-2,5,4,-7,-97,-19,8,16,10,100
9139,0A,02,F9,FC,01,F8,FA,FD,FFC6,10,2,-7,-4,1,-8,-6,-3,-58,-10,8,16,10,100
9140,FB,01,FD,FD,09,03,00,04,0059,-5,1,-3,-3,9,3,0,4,89,35,8,16,10,100
9141,01,F7,00,F9,05,08,FB,06,0003,1,-9,0,-7,5,8,-5,6,3,-106,8,16,10,100
9142,FA,00,F7,F7,FA,03,09,03,FFA6,-6,0,-9,-9,-6,3,9,3,-90,-162,8,16,10,100
9143,F9,F8,F9,F7,F9,FE,03,F8,0040,-7,-8,-7,-9,-7,-2,3,-8,64,180,8,16,10,100
9144,04,F7,FA,F8,FA,F8,F7,09,0040,4,-9,-6,-8,-6,-8,-9,9,64,94,8,16,10,100
9145,03,FF,FE,FA,F6,FF,F7,F7,0021,3,-1,-2,-6,-10,-1,-9,-9,33,76,8,16,10,100
9146,02,FB,00,07,FD,F7,0A,04,FFA4,2,-5,0,7,-3,-9,10,4,-92,-25,8,16,10,100
9147,02,02,09,F7,FB,04,FA,F7,FFD2,2,2,9,-9,-5,4,-6,-9,-46,-21,8,16,10,100
9148,FF,08,FD,F6,F6,06,FF,F8,001C,-1,8,-3,-10,-10,6,-1,-8,28,169,8,16,10,100
9149,03,FE,01,02,FD,09,F7,FD,003D,3,-2,1,2,-3,9,-9,-3,61,19,8,16,10,100
9150,0A,0A,03,F9,08,0A,00,05,0053,10,10,3,-7,8,10,0,5,83,228,8,16,10,100
9151,F7,05,08,F6,FD,06,00,FD,0027,-9,5,8,-10,-3,6,0,-3,39,126,8,16,10,100
9152,FE,FF,FC,09,FD,04,FF,01,002D,-2,-1,-4,9,-3,4,-1,1,45,60,8,16,10,100
9153,FE,FF,F6,01,06,FB,FD,0A,0044,-2,-1,-10,1,6,-5,-3,10,68,101,8,16,10,100
9154,FD,0A,06,F6,07,F9,F8,F7,0059,-3,10,6,-10,7,-7,-8,-9,89,40,8,16,10,100
9155,FA,FF,04,07,F9,01,02,07,FFBA,-6,-1,4,7,-7,1,2,7,-70,28,8,16,10,100
9156,F9,05,08,07,02,F7,F8,06,FFBD,-7,5,8,7,2,-9,-8,6,-67,-148,8,16,10,100
9157,F6,02,FA,01,FA,FE,FB,09,FFAA,-10,2,-6,1,-6,-2,-5,9,-86,9,8,16,10,100
9158,02,FE,FC,FC,09,FD,06,FF,FFE6,2,-2,-4,-4,9,-3,6,-1,-26,-22,8,16,10,100
9159,09,FB,F9,0A,07,08,FB,FA,FFD4,9,-5,-7,10,7,8,-5,-6,-44,-46,8,16,10,100
9160,02,F6,FE,05,04,F6,FA,F8,0004,2,-10,-2,5,4,-10,-6,-8,4,84,8,16,10,100
9161,FF,00,FC,00,07,FC,07,02,001C,-1,0,-4,0,7,-4,7,2,28,-7,8,16,10,100
9162,FF,FA,F6,F9,01,FF,F9,FA,FFA7,-1,-6,-10,-7,1,-1,-7,-6,-89,28,8,16,10,100
9163,FD,FF,07,01,FE,03,F9,0A,FFCE,-3,-1,7,1,-2,3,-7,10,-50,-86,8,16,10,100
9164,F7,06,08,FA,06,07,09,FC,FFD5,-9,6,8,-6,6,7,9,-4,-43,41,8,16,10,100
9165,04,FB,FA,F6,08,06,08,06,000C,4,-5,-6,-10,8,6,8,6,12,-94,8,16,10,100
9166,FD,01,00,FA,FD,F7,FB,F8,FFD2,-3,1,0,-6,-3,-9,-5,-8,-46,2,8,16,10,100
9167,FC,F8,FF,03,FA,F6,07,FA,FFA1,-4,-8,-1,3,-6,-10,7,-6,-95,-16,8,16,10,100
9168,0A,04,F6,FA,FA,03,09,F7,001B,10,4,-10,-6,-6,3,9,-9,27,-57,8,16,10,100
9169,07,FA,F8,06,FC,08,F9,F9,FFEA,7,-6,-8,6,-4,8,-7,-7,-22,-84,8,16,10,100
9170,0A,F9,02,09,FF,FB,06,FD,0002,10,-7,2,9,-1,-5,6,-3,2,12,8,16,10,100
9171,06,01,FC,FF,09,F8,F7,00,000F,6,1,-4,-1,9,-8,-9,0,15,97,8,16,10,100
9172,01,F6,07,F8,FD,0A,00,FE,FFF3,1,-10,7,-8,-3,10,0,-2,-13,-100,8,16,10,100
9173,0A,F6,F6,05,03,05,03,F6,FFB2,10,-10,-10,5,3,5,3,-10,-78,-178,8,16,10,100
9174,F8,0A,FE,F8,FA,FF,08,04,0063,-8,10,-2,-8,-6,-1,8,4,99,89,8,16,10,100
9175,06,FE,FB,FD,F9,06,02,07,0048,6,-2,-5,-3,-7,6,2,7,72,-13,8,16,10,100
9176,FB,02,FD,08,FE,05,FE,07,0056,-5,2,-3,8,-2,5,-2,7,86,168,8,16,10,100
9177,FD,04,00,08,F7,00,F9,FE,FFC1,-3,4,0,8,-9,0,-7,-2,-63,-52,8,16,10,100
9178,FE,03,00,0A,08,05,F7,FE,FFC3,-2,3,0,10,8,5,-9,-2,-61,-82,8,16,10,100
9179,F7,FD,04,FD,F7,FA,00,07,0007,-9,-3,4,-3,-9,-6,0,7,7,85,8,16,10,100
9180,09,08,01,FF,0A,F9,FB,0A,FF9C,9,8,1,-1,10,-7,-5,10,-100,-81,8,16,10,100
9181,01,F9,04,05,02,01,05,FF,FFBC,1,-7,4,5,2,1,5,-1,-68,-58,8,16,10,100
9182,07,F6,06,F9,FB,01,FF,FA,FFAC,7,-10,6,-7,-5,1,-1,-6,-84,-93,8,16,10,100
9183,06,04,04,00,00,FF,04,05,FFBE,6,4,4,0,0,-1,4,5,-66,-54,8,16,10,100
9184,03,FF,01,04,01,09,08,04,0020,3,-1,1,4,1,9,8,4,32,50,8,16,10,100
9185,06,04,F9,02,06,FB,08,04,0020,6,4,-7,2,6,-5,8,4,32,0,8,16,10,100
9186,08,FD,FF,03,F8,03,07,09,FF9E,8,-3,-1,3,-8,3,7,9,-98,-151,8,16,10,100
9187,04,05,F7,FE,02,07,05,F7,FFF9,4,5,-9,-2,2,7,5,-9,-7,9,8,16,10,100
9188,FA,FA,F7,03,FF,06,05,04,0035,-6,-6,-9,3,-1,6,5,4,53,-10,8,16,10,100
9189,FB,02,F7,FC,05,00,08,F6,FFC2,-5,2,-9,-4,5,0,8,-10,-62,-119,8,16,10,100
9190,06,FC,07,F7,0A,03,02,FC,FFCA,6,-4,7,-9,10,3,2,-4,-54,44,8,16,10,100
9191,FA,02,FE,07,F9,06,FD,02,0063,-6,2,-2,7,-7,6,-3,2,99,173,8,16,10,100
9192,FA,FC,05,F6,FE,FC,07,05,FFF2,-6,-4,5,-10,-2,-4,7,5,-14,-1,8,16,10,100
9193,FA,04,03,FC,08,06,FC,F9,0025,-6,4,3,-4,8,6,-4,-7,37,29,8,16,10,100
9194,03,04,0A,FD,00,09,03,06,004B,3,4,10,-3,0,9,3,6,75,123,8,16,10,100
9195,FA,FA,05,F9,FA,FB,0A,FF,FFA4,-6,-6,5,-7,-6,-5,10,-1,-92,31,8,16,10,100
9196,FF,06,05,F7,FD,06,08,07,FFD1,-1,6,5,-9,-3,6,8,7,-47,-31,8,16,10,100
9197,FF,04,02,FF,FE,02,04,09,005D,-1,4,2,-1,-2,2,4,9,93,102,8,16,10,100
9198,05,08,FF,F6,06,08,FA,F8,004A,5,8,-1,-10,6,8,-6,-8,74,254,8,16,10,100
9199,06,09,FE,F8,02,01,FF,05,FFA4,6,9,-2,-8,2,1,-1,5,-92,-109,8,16,10,100
9200,FE,F6,FC,FD,07,FE,FF,FB,0007,-2,-10,-4,-3,7,-2,-1,-5,7,32,8,16,10,100
9201,F9,05,FF,FC,FB,08,01,08,FF9F,-7,5,-1,-4,-5,8,1,8,-97,-55,8,16,10,100
9202,FD,05,FF,F8,F7,FF,06,07,0013,-3,5,-1,-8,-9,-1,6,7,19,-21,8,16,10,100
9203,08,F9,F8,F8,07,F7,07,06,FFB4,8,-7,-8,-8,7,-9,7,6,-76,-61,8,16,10,100
9204,04,00,07,03,06,08,FA,08,FFD7,4,0,7,3,6,8,-6,8,-41,-35,8,16,10,100
9205,FD,03,F9,F7,08,FA,03,04,0042,-3,3,-7,-9,8,-6,3,4,66,-33,8,16,10,100
9206,FC,09,04,F9,04,03,F9,F6,0029,-4,9,4,-7,4,3,-7,-10,41,94,8,16,10,100
9207,FF,F8,05,04,05,01,02,0A,FFBA,-1,-8,5,4,5,1,2,10,-70,-33,8,16,10,100
9208,08,F7,F6,FA,01,0A,FB,F8,005D,8,-9,-10,-6,1,10,-5,-8,93,109,8,16,10,100
9209,F6,02,08,FF,F9,FE,FD,FC,FFF2,-10,2,8,-1,-7,-2,-3,-4,-14,32,8,16,10,100
9210,02,05,FE,FD,08,04,F6,03,0034,2,5,-2,-3,8,4,-10,3,52,99,8,16,10,100
9211,FC,03,FD,09,09,01,0A,FF,005D,-4,3,-3,9,9,1,10,-1,93,21,8,16,10,100
9212,01,FE,FE,FF,F6,FA,F7,09,0031,1,-2,-2,-1,-10,-6,-9,9,49,60,8,16,10,100
9213,02,06,FE,01,FB,0A,06,00,001C,2,6,-2,1,-5,10,6,0,28,66,8,16,10,100
9214,F8,FC,06,FD,FB,02,FB,09,003F,-8,-4,6,-3,-5,2,-5,9,63,38,8,16,10,100
9215,04,FF,00,09,07,FE,F7,07,FFF2,4,-1,0,9,7,-2,-9,7,-14,79,8,16,10,100
9216,00,F7,03,07,00,08,FA,04,FFC1,0,-9,3,7,0,8,-6,4,-63,-125,8,16,10,100
9217,00,FC,FF,FB,02,00,0A,04,003C,0,-4,-1,-5,2,0,10,4,60,30,8,16,10,100
9218,03,FB,FD,FF,F9,FF,03,FE,FFA9,3,-5,-3,-1,-7,-1,3,-2,-87,-110,8,16,10,100
9219,FA,06,FF,FF,FA,0A,01,FC,002A,-6,6,-1,-1,-6,10,1,-4,42,141,8,16,10,100
9220,01,07,FC,F6,F7,F6,01,FF,0017,1,7,-4,-10,-9,-10,1,-1,23,-50,8,16,10,100
9221,FB,01,FB,00,00,02,F7,FF,FFDB,-5,1,-5,0,0,2,-9,-1,-37,10,8,16,10,100
9222,02,F9,08,FA,FC,02,FD,FD,FFD6,2,-7,8,-6,-4,2,-3,-3,-42,-70,8,16,10,100
9223,03,FB,00,02,08,FA,FA,04,FFC9,3,-5,0,2,8,-6,-6,4,-55,7,8,16,10,100
9224,FA,01,06,02,F7,01,FC,06,0055,-6,1,6,2,-9,1,-4,6,85,128,8,16,10,100
9225,0A,01,FB,09,FA,F7,FE,F9,000B,10,1,-5,9,-6,-9,-2,-7,11,-111,8,16,10,100
9226,F6,02,FF,05,F6,FF,FF,F8,FFFB,-10,2,-1,5,-10,-1,-1,-8,-5,54,8,16,10,100
9227,FC,FD,FA,FB,F8,FE,F6,07,FFD8,-4,-3,-6,-5,-8,-2,-10,7,-40,23,8,16,10,100
9228,FF,FB,04,02,FA,F6,09,03,003E,-1,-5,4,2,-6,-10,9,3,62,160,8,16,10,100
9229,03,05,09,FE,07,01,FC,FE,FFA0,3,5,9,-2,7,1,-4,-2,-96,-102,8,16,10,100
9230,FD,0A,05,FE,F9,08,08,F9,0020,-3,10,5,-2,-7,8,8,-7,32,187,8,16,10,100
9231,F8,FC,06,04,01,05,FD,F6,FFD6,-8,-4,6,4,1,5,-3,-10,-42,-128,8,16,10,100
9232,0A,03,F6,09,F9,04,07,02,005E,10,3,-10,9,-7,4,7,2,94,-16,8,16,10,100
9233,F8,05,01,01,09,02,08,09,004D,-8,5,1,1,9,2,8,9,77,32,8,16,10,100
9234,F8,FA,FA,FE,F7,FC,01,01,FFD7,-8,-6,-6,-2,-9,-4,1,1,-41,47,8,16,10,100
9235,02,FB,03,09,01,FD,08,FF,0001,2,-5,3,9,1,-3,8,-1,1,33,8,16,10,100
9236,FF,03,F7,FB,01,04,F8,02,0010,-1,3,-9,-5,1,4,-8,2,16,89,8,16,10,100
9237,FF,00,02,F9,03,01,FF,03,FFB5,-1,0,2,-7,3,1,-1,3,-75,-101,8,16,10,100
9238,07,F9,FB,07,07,0A,F7,FC,FFE3,7,-7,-5,7,7,10,-9,-4,-29,-33,8,16,10,100
9239,07,F7,05,04,07,F8,FB,03,0008,7,-9,5,4,7,-8,-5,3,8,116,8,16,10,100
9240,06,F8,F9,FC,F8,07,FE,02,0026,6,-8,-7,-4,-8,7,-2,2,38,-60,8,16,10,100
9241,FC,FF,FC,06,07,04,FC,01,FFC0,-4,-1,-4,6,7,4,-4,1,-64,-74,8,16,10,100
9242,FF,F6,FB,07,FC,FF,07,04,002E,-1,-10,-5,7,-4,-1,7,4,46,53,8,16,10,100
9243,07,03,F6,0A,FD,F6,F9,F9,0021,7,3,-10,10,-3,-10,-7,-7,33,-18,8,16,10,100
9244,05,01,01,09,FE,01,07,F6,0052,5,1,1,9,-2,1,7,-10,82,-10,8,16,10,100
9245,F7,06,F9,FE,07,F6,0A,F9,001D,-9,6,-7,-2,7,-10,10,-7,29,-150,8,16,10,100
9246,00,02,05,02,F7,08,07,FB,FFBB,0,2,5,2,-9,8,7,-5,-69,-28,8,16,10,100
9247,05,FD,FF,00,07,01,07,FB,FFEB,5,-3,-1,0,7,1,7,-5,-21,4,8,16,10,100
9248,04,F8,04,00,02,01,FD,FA,004A,4,-8,4,0,2,1,-3,-6,74,62,8,16,10,100
9249,FB,F8,FF,0A,F8,06,05,03,002C,-5,-8,-1,10,-8,6,5,3,44,61,8,16,10,100
9250,03,06,01,FC,05,07,02,F6,FFF5,3,6,1,-4,5,7,2,-10,-11,88,8,16,10,100
9251,FE,06,0A,F8,F9,F6,01,F7,FFED,-2,6,10,-8,-7,-10,1,-9,-19,17,8,16,10,100
9252,05,FC,FF,FA,FC,F7,F9,03,0059,5,-4,-1,-6,-4,-9,-7,3,89,94,8,16,10,100
9253,FB,09,02,FD,01,FD,06,03,000C,-5,9,2,-3,1,-3,6,3,12,-17,8,16,10,100
9254,F8,F6,FD,02,FB,FB,FB,04,FFD4,-8,-10,-3,2,-5,-5,-5,4,-44,69,8,16,10,100
9255,FF,FB,FF,0A,01,FC,02,FA,FF9D,-1,-5,-1,10,1,-4,2,-6,-99,-142,8,16,10,100
9256,0A,05,04,F7,09,FA,FF,04,FFD2,10,5,4,-9,9,-6,-1,4,-46,-26,8,16,10,100
9257,08,0A,FE,F9,08,09,F6,06,FFA1,8,10,-2,-7,8,9,-10,6,-95,37,8,16,10,100
9258,FA,FC,F8,FF,FC,F9,03,F6,FFC5,-6,-4,-8,-1,-4,-7,3,-10,-59,-21,8,16,10,100
9259,F8,07,FF,06,FB,06,FD,F7,003B,-8,7,-1,6,-5,6,-3,-9,59,90,8,16,10,100
9260,04,F6,09,03,07,F7,0A,07,002B,4,-10,9,3,7,-9,10,7,43,272,8,16,10,100
9261,09,05,FB,0A,F8,04,08,0A,0044,9,5,-5,10,-8,4,8,10,68,76,8,16,10,100
9262,F7,01,08,00,F6,FF,FF,F6,FFF8,-9,1,8,0,-10,-1,-1,-10,-8,73,8,16,10,100
9263,0A,FC,03,09,05,F6,04,06,0034,10,-4,3,9,5,-10,4,6,52,208,8,16,10,100
9264,FE,FD,01,09,0A,04,0A,09,003A,-2,-3,1,9,10,4,10,9,58,117,8,16,10,100
9265,09,09,FE,07,04,FB,FE,02,000A,9,9,-2,7,4,-5,-2,2,10,19,8,16,10,100
9266,06,08,04,F7,FF,FD,FA,F7,0051,6,8,4,-9,-1,-3,-6,-9,81,108,8,16,10,100
9267,F9,0A,09,FA,04,F9,FD,F8,FFFB,-7,10,9,-6,4,-7,-3,-8,-5,-82,8,16,10,100
9268,07,F7,08,FC,FC,FB,F6,F8,FFE3,7,-9,8,-4,-4,-5,-10,-8,-29,-60,8,16,10,100
9269,03,F6,FA,FF,F9,FE,FA,09,0057,3,-10,-6,-1,-7,-2,-6,9,87,113,8,16,10,100
9270,F6,FA,06,F6,05,FC,00,04,FFF9,-10,-6,6,-10,5,-4,0,4,-7,-73,8,16,10,100
9271,0A,FA,05,F8,FD,FD,F7,F8,005E,10,-6,5,-8,-3,-3,-9,-8,94,101,8,16,10,100
9272,05,01,09,FF,F6,05,FF,08,FFBC,5,1,9,-1,-10,5,-1,8,-68,-130,8,16,10,100
9273,FC,01,04,FB,07,FC,01,06,0022,-4,1,4,-5,7,-4,1,6,34,-24,8,16,10,100
9274,09,F7,F9,F6,F6,FB,05,08,004C,9,-9,-7,-10,-10,-5,5,8,76,-84,8,16,10,100
9275,06,08,03,09,F6,02,FD,FD,FFC9,6,8,3,9,-10,2,-3,-3,-55,-135,8,16,10,100
9276,02,06,FB,F6,FC,0A,FE,FA,000B,2,6,-5,-10,-4,10,-2,-6,11,133,8,16,10,100
9277,FB,FC,01,F9,06,06,07,01,FFEF,-5,-4,1,-7,6,6,7,1,-17,-71,8,16,10,100
9278,07,FC,FA,05,FB,03,01,0A,FFCE,7,-4,-6,5,-5,3,1,10,-50,-53,8,16,10,100
9279,FD,F8,01,FF,07,F9,02,06,0052,-3,-8,1,-1,7,-7,2,6,82,113,8,16,10,100
9280,05,08,0A,01,F8,F6,00,07,0021,5,8,10,1,-8,-10,0,7,33,-80,8,16,10,100
9281,00,05,02,00,07,00,06,00,FFBE,0,5,2,0,7,0,6,0,-66,-54,8,16,10,100
9282,05,F9,FC,08,FD,F8,08,FD,FFE7,5,-7,-4,8,-3,-8,8,-3,-25,-40,8,16,10,100
9283,FB,0A,0A,F8,04,FD,F9,01,FFAA,-5,10,10,-8,4,-3,-7,1,-86,-214,8,16,10,100
9284,F6,02,02,04,F9,01,FF,05,003D,-10,2,2,4,-7,1,-1,5,61,151,8,16,10,100
9285,09,FB,05,09,FD,08,02,F7,0016,9,-5,5,9,-3,8,2,-9,22,-116,8,16,10,100
9286,0A,01,04,FE,F6,F6,06,00,FFD0,10,1,4,-2,-10,-10,6,0,-48,-134,8,16,10,100
9287,07,0A,07,01,09,FF,F8,07,FFA4,7,10,7,1,9,-1,-8,7,-92,-88,8,16,10,100
9288,06,09,01,0A,FF,F9,F7,FC,0010,6,9,1,10,-1,-7,-9,-4,16,-102,8,16,10,100
9289,03,F6,07,00,06,0A,00,F8,0025,3,-10,7,0,6,10,0,-8,37,-45,8,16,10,100
9290,00,FD,FE,05,03,FE,07,FD,FFC1,0,-3,-2,5,3,-2,7,-3,-63,-86,8,16,10,100
9291,00,09,F7,FD,F7,F9,F9,F7,0057,0,9,-9,-3,-9,-7,-7,-9,87,114,8,16,10,100
9292,F9,06,FE,01,06,07,01,F9,0051,-7,6,-2,1,6,7,1,-7,81,72,8,16,10,100
9293,F7,04,F6,05,08,F6,00,F7,0020,-9,4,-10,5,8,-10,0,-9,32,-125,8,16,10,100
9294,08,06,FA,05,F7,F7,FB,FB,FF9C,8,6,-6,5,-9,-9,-5,-5,-100,-221,8,16,10,100
9295,FE,07,FB,01,05,05,FB,FF,FFDF,-2,7,-5,1,5,5,-5,-1,-33,16,8,16,10,100
9296,FB,02,F8,F9,F6,F9,03,F8,FFBA,-5,2,-8,-7,-10,-7,3,-8,-70,-2,8,16,10,100
9297,03,07,FC,F8,0A,03,05,09,0047,3,7,-4,-8,10,3,5,9,71,30,8,16,10,100
9298,00,02,08,F7,FB,05,F7,09,0002,0,2,8,-9,-5,5,-9,9,2,-141,8,16,10,100
9299,02,FB,04,FB,FD,FC,FD,06,0005,2,-5,4,-5,-3,-4,-3,6,5,-23,8,16,10,100
9300,FB,01,FE,00,04,F6,04,F8,000F,-5,1,-2,0,4,-10,4,-8,15,-23,8,16,10,100
9301,08,F8,F7,FB,FB,0A,09,F6,FFA4,8,-8,-9,-5,-5,10,9,-10,-92,-243,8,16,10,100
9302,F8,09,0A,F8,04,FD,01,FE,FFCB,-8,9,10,-8,4,-3,1,-2,-53,-86,8,16,10,100
9303,FF,01,06,F6,02,08,08,00,FFCA,-1,1,6,-10,2,8,8,0,-54,0,8,16,10,100
9304,F8,FD,08,FC,07,FA,FC,FF,005E,-8,-3,8,-4,7,-6,-4,-1,94,28,8,16,10,100
9305,07,05,FF,FD,FF,0A,09,02,0026,7,5,-1,-3,-1,10,9,2,38,66,8,16,10,100
9306,01,09,02,08,09,07,05,05,0025,1,9,2,8,9,7,5,5,37,159,8,16,10,100
9307,01,FB,F9,08,09,F9,03,02,0020,1,-5,-7,8,9,-7,3,2,32,71,8,16,10,100
9308,FE,FD,FD,04,0A,F9,FD,F8,0000,-2,-3,-3,4,10,-7,-3,-8,0,-22,8,16,10,100
9309,02,06,01,04,F9,FA,01,01,0041,2,6,1,4,-7,-6,1,1,65,20,8,16,10,100
9310,08,02,06,F7,F6,07,FF,00,000D,8,2,6,-9,-10,7,-1,0,13,-59,8,16,10,100
9311,09,F7,00,FE,FF,08,FF,07,0001,9,-9,0,-2,-1,8,-1,7,1,-94,8,16,10,100
9312,FE,04,FC,FB,F9,07,00,FA,FFCD,-2,4,-4,-5,-7,7,0,-6,-51,21,8,16,10,100
9313,FE,FF,F6,0A,06,07,F6,FA,0037,-2,-1,-10,10,6,7,-10,-6,55,76,8,16,10,100
9314,01,FB,00,0A,FE,FF,FA,09,004C,1,-5,0,10,-2,-1,-6,9,76,169,8,16,10,100
9315,0A,FE,F9,F9,FA,FE,02,05,0054,10,-2,-7,-7,-6,-2,2,5,84,-21,8,16,10,100
9316,FB,00,07,04,04,0A,FE,0A,FFF7,-5,0,7,4,4,10,-2,10,-9,-3,8,16,10,100
9317,F8,FB,07,01,FD,03,F8,07,005E,-8,-5,7,1,-3,3,-8,7,94,54,8,16,10,100
9318,FB,01,F6,00,FF,01,08,09,FFFC,-5,1,-10,0,-1,1,8,9,-4,-78,8,16,10,100
9319,F7,F9,FC,00,06,09,F6,01,0030,-9,-7,-4,0,6,9,-10,1,48,-29,8,16,10,100
9320,FC,07,07,F8,FC,07,06,08,0023,-4,7,7,-8,-4,7,6,8,35,78,8,16,10,100
9321,04,00,07,F7,01,FB,FE,09,005D,4,0,7,-9,1,-5,-2,9,93,2,8,16,10,100
9322,F9,F9,F8,F8,FA,FD,F9,FB,FFEA,-7,-7,-8,-8,-6,-3,-7,-5,-22,137,8,16,10,100
9323,09,FC,06,00,09,FF,07,05,FFE2,9,-4,6,0,9,-1,7,5,-30,97,8,16,10,100
9324,09,04,02,FD,02,F7,06,08,FFAA,9,4,2,-3,2,-9,6,8,-86,-116,8,16,10,100
9325,0A,01,06,F6,F7,F7,F6,F9,FFDD,10,1,6,-10,-9,-9,-10,-7,-35,-124,8,16,10,100
9326,08,00,FB,04,F6,FA,FA,07,0043,8,0,-5,4,-10,-6,-6,7,67,45,8,16,10,100
9327,02,0A,F7,F9,04,F7,FA,FC,0015,2,10,-9,-7,4,-9,-6,-4,21,21,8,16,10,100
9328,F9,04,F6,FD,06,04,07,FF,0022,-7,4,-10,-3,6,4,7,-1,34,-59,8,16,10,100
9329,09,F6,F6,FB,FA,FB,F8,F7,FFB5,9,-10,-10,-5,-6,-5,-8,-9,-75,46,8,16,10,100
9330,08,F6,06,06,FF,FB,F8,04,005B,8,-10,6,6,-1,-5,-8,4,91,109,8,16,10,100
9331,FB,00,0A,07,FF,03,02,FF,FFF7,-5,0,10,7,-1,3,2,-1,-9,9,8,16,10,100
9332,07,09,F8,FD,09,F6,05,FB,0061,7,9,-8,-3,9,-10,5,-5,97,45,8,16,10,100
9333,FB,F8,09,FB,08,01,FF,FE,003B,-5,-8,9,-5,8,1,-1,-2,59,12,8,16,10,100
9334,04,F9,06,FB,04,FE,FB,0A,FFE9,4,-7,6,-5,4,-2,-5,10,-23,-73,8,16,10,100
9335,F9,06,04,FF,0A,FC,09,03,000B,-7,6,4,-1,10,-4,9,3,11,-50,8,16,10,100
9336,F7,FB,F6,03,09,08,02,02,0011,-9,-5,-10,3,9,8,2,2,17,-118,8,16,10,100
9337,02,01,FD,F7,02,0A,FA,01,FFA1,2,1,-3,-9,2,10,-6,1,-95,-72,8,16,10,100
9338,09,0A,FF,02,07,09,00,06,FFBC,9,10,-1,2,7,9,0,6,-68,97,8,16,10,100
9339,F7,03,F9,02,00,FC,02,F6,FFB9,-9,3,-7,2,0,-4,2,-10,-71,-117,8,16,10,100
9340,F9,07,08,03,07,05,07,08,003F,-7,7,8,3,7,5,7,8,63,129,8,16,10,100
9341,FB,09,00,F9,03,03,05,03,FFDE,-5,9,0,-7,3,3,5,3,-34,-43,8,16,10,100
9342,00,FE,0A,01,F9,FD,FC,08,0001,0,-2,10,1,-7,-3,-4,8,1,-25,8,16,10,100
9343,05,08,FE,02,FC,03,00,F6,0019,5,8,-2,2,-4,3,0,-10,25,9,8,16,10,100
9344,0A,FB,03,05,01,08,F6,FC,0003,10,-5,3,5,1,8,-10,-4,3,-77,8,16,10,100
9345,07,F6,08,FD,F6,FD,F7,00,FFD7,7,-10,8,-3,-10,-3,-9,0,-41,-153,8,16,10,100
9346,03,FB,F9,FE,F9,FF,07,00,FFA8,3,-5,-7,-2,-7,-1,7,0,-88,-153,8,16,10,100
9347,FA,FF,02,FB,06,FB,02,FC,FFE8,-6,-1,2,-5,6,-5,2,-4,-24,-31,8,16,10,100
9348,F6,05,FF,FB,00,F6,F9,03,0064,-10,5,-1,-5,0,-10,-7,3,100,42,8,16,10,100
9349,FF,F7,F7,F7,F8,09,FF,0A,0049,-1,-9,-9,-9,-8,9,-1,10,73,-81,8,16,10,100
9350,03,04,F9,FE,FC,01,F7,05,FFF6,3,4,-7,-2,-4,1,-9,5,-10,35,8,16,10,100
9351,05,0A,F7,09,F7,FB,FE,F7,0054,5,10,-9,9,-9,-5,-2,-9,84,-74,8,16,10,100
9352,FA,FF,FB,08,F6,F7,03,01,FFC7,-6,-1,-5,8,-10,-9,3,1,-57,5,8,16,10,100
9353,0A,FD,02,F9,08,F6,F9,FC,0024,10,-3,2,-7,8,-10,-7,-4,36,160,8,16,10,100
9354,F8,F7,02,08,07,08,FE,FD,001C,-8,-9,2,8,7,8,-2,-3,28,-128,8,16,10,100
9355,0A,FA,01,01,09,08,0A,06,0043,10,-6,1,1,9,8,10,6,67,125,8,16,10,100
9356,0A,04,00,04,05,08,F6,F7,0038,10,4,0,4,5,8,-10,-9,56,102,8,16,10,100
9357,03,06,F9,F9,08,04,09,F9,FFF6,3,6,-7,-7,8,4,9,-7,-10,24,8,16,10,100
9358,08,F8,FB,07,0A,FB,00,FD,FFAD,8,-8,-5,7,10,-5,0,-3,-83,16,8,16,10,100
9359,FC,05,07,06,F8,FD,0A,00,0026,-4,5,7,6,-8,-3,10,0,38,125,8,16,10,100
9360,07,05,FD,0A,FC,FF,08,01,FFE3,7,5,-3,10,-4,-1,8,1,-29,-76,8,16,10,100
9361,08,FE,04,F9,09,FD,07,09,0017,8,-2,4,-7,9,-3,7,9,23,66,8,16,10,100
9362,02,FB,F8,FF,FF,01,09,F8,FFB4,2,-5,-8,-1,-1,1,9,-8,-76,-147,8,16,10,100
9363,FB,00,08,06,FA,FB,01,06,FFF5,-5,0,8,6,-6,-5,1,6,-11,63,8,16,10,100
9364,06,06,F8,06,FC,06,F9,04,FFAA,6,6,-8,6,-4,6,-7,4,-86,6,8,16,10,100
9365,01,FB,09,05,FB,00,F9,FB,FFC4,1,-5,9,5,-5,0,-7,-5,-60,-153,8,16,10,100
9366,F9,09,FA,FD,FE,03,F7,06,0002,-7,9,-6,-3,-2,3,-9,6,2,79,8,16,10,100
9367,05,F8,FC,F8,FD,FF,04,F6,FFBE,5,-8,-4,-8,-3,-1,4,-10,-66,-9,8,16,10,100
9368,FB,F6,FB,07,F6,07,0A,FA,FFD0,-5,-10,-5,7,-10,7,10,-6,-48,-160,8,16,10,100
9369,F9,07,FE,F6,08,F9,FF,06,FFA0,-7,7,-2,-10,8,-7,-1,6,-96,-259,8,16,10,100
9370,08,00,F7,FB,F7,F9,09,09,FFF3,8,0,-9,-5,-9,-7,9,9,-13,-211,8,16,10,100
9371,02,04,FB,FB,F6,06,03,FC,FFDB,2,4,-5,-5,-10,6,3,-4,-37,-28,8,16,10,100
9372,F6,F9,0A,FE,02,08,FB,FA,0022,-10,-7,10,-2,2,8,-5,-6,34,-80,8,16,10,100
9373,06,FF,F7,00,F6,FE,02,07,0034,6,-1,-9,0,-10,-2,2,7,52,-24,8,16,10,100
9374,FB,02,09,F9,00,05,08,06,FFF6,-5,2,9,-7,0,5,8,6,-10,30,8,16,10,100
9375,FF,05,FD,02,05,0A,FB,F9,0007,-1,5,-3,2,5,10,-5,-7,7,53,8,16,10,100
9376,05,03,02,07,FE,0A,FA,09,FFD4,5,3,2,7,-2,10,-6,9,-44,27,8,16,10,100
9377,02,09,F7,F6,0A,FC,FC,01,0026,2,9,-9,-10,10,-4,-4,1,38,48,8,16,10,100
9378,05,07,F9,06,F8,FB,08,07,0015,5,7,-7,6,-8,-5,8,7,21,-68,8,16,10,100
9379,FF,FD,FF,06,F8,FF,00,F6,0044,-1,-3,-1,6,-8,-1,0,-10,68,19,8,16,10,100
9380,09,FE,FC,0A,0A,FC,FA,09,FFA2,9,-2,-4,10,10,-4,-6,9,-94,118,8,16,10,100
9381,08,01,FE,FC,08,FF,05,08,FFCB,8,1,-2,-4,8,-1,5,8,-53,-32,8,16,10,100
9382,09,09,04,F9,06,FC,07,F8,FFBB,9,9,4,-7,6,-4,7,-8,-69,33,8,16,10,100
9383,F8,05,00,FF,FD,05,FA,FA,FFD0,-8,5,0,-1,-3,5,-6,-6,-48,7,8,16,10,100
9384,FA,04,05,08,F7,03,F6,09,FFC8,-6,4,5,8,-9,3,-10,9,-56,32,8,16,10,100
9385,FA,07,F6,00,FE,FC,07,00,0062,-6,7,-10,0,-2,-4,7,0,98,12,8,16,10,100
9386,0A,03,05,F6,0A,FB,FA,06,003A,10,3,5,-10,10,-5,-6,6,58,53,8,16,10,100
9387,FA,03,05,FC,FE,0A,05,09,0039,-6,3,5,-4,-2,10,5,9,57,88,8,16,10,100
9388,FB,07,F6,F9,FE,FE,07,FC,FFED,-5,7,-10,-7,-2,-2,7,-4,-19,-65,8,16,10,100
9389,08,0A,F6,04,04,05,08,F6,FFF5,8,10,-10,4,4,5,8,-10,-11,-49,8,16,10,100
9390,F7,F9,F7,00,06,00,03,FC,0051,-9,-7,-9,0,6,0,3,-4,81,0,8,16,10,100
9391,09,06,FA,0A,00,02,F9,F7,000D,9,6,-6,10,0,2,-7,-9,13,-23,8,16,10,100
9392,F6,01,01,05,04,F7,09,0A,FFEE,-10,1,1,5,4,-9,9,10,-18,-8,8,16,10,100
9393,FF,01,FF,07,FB,FE,04,02,0020,-1,1,-1,7,-5,-2,4,2,32,45,8,16,10,100
9394,04,01,01,00,08,06,FD,03,0030,4,1,1,0,8,6,-3,3,48,83,8,16,10,100
9395,FE,08,FD,F6,08,F7,08,04,FFD4,-2,8,-3,-10,8,-9,8,4,-44,-196,8,16,10,100
9396,05,FA,07,0A,08,00,F8,02,FFE4,5,-6,7,10,8,0,-8,2,-28,-24,8,16,10,100
9397,F6,F7,05,07,01,02,07,00,0010,-10,-9,5,7,1,2,7,0,16,23,8,16,10,100
9398,03,02,02,08,04,FE,0A,06,FFB7,3,2,2,8,4,-2,10,6,-73,3,8,16,10,100
9399,F7,01,F8,09,FA,02,F6,05,0034,-9,1,-8,9,-6,2,-10,5,52,233,8,16,10,100
9400,00,F6,FB,F6,04,FC,FD,FE,FFAA,0,-10,-5,-10,4,-4,-3,-2,-86,-11,8,16,10,100
9401,04,02,FA,02,FC,FA,06,08,FFA5,4,2,-6,2,-4,-6,6,8,-91,-139,8,16,10,100
9402,08,02,FE,FF,0A,09,FF,07,FFB9,8,2,-2,-1,10,9,-1,7,-71,22,8,16,10,100
9403,FE,FC,FC,04,07,0A,07,FA,FFA9,-2,-4,-4,4,7,10,7,-6,-87,-193,8,16,10,100
9404,F8,FC,FA,01,FF,08,F6,F9,004E,-8,-4,-6,1,-1,8,-10,-7,78,107,8,16,10,100
9405,F6,06,F6,FC,FC,07,07,00,FFF5,-10,6,-10,-4,-4,7,7,0,-11,1,8,16,10,100
9406,07,05,FB,01,00,03,FD,F6,FFF2,7,5,-5,1,0,3,-3,-10,-14,6,8,16,10,100
9407,05,FF,09,F6,05,00,03,00,000F,5,-1,9,-10,5,0,3,0,15,67,8,16,10,100
9408,FA,02,08,F7,04,F8,FB,0A,003A,-6,2,8,-9,4,-8,-5,10,58,-112,8,16,10,100
9409,03,FB,FA,FE,F8,FE,09,F8,0018,3,-5,-6,-2,-8,-2,9,-8,24,-28,8,16,10,100
9410,FB,0A,FD,F9,FC,F9,09,03,FFFD,-5,10,-3,-7,-4,-7,9,3,-3,-101,8,16,10,100
9411,FE,08,01,08,09,09,F6,08,FFB4,-2,8,1,8,9,9,-10,8,-76,32,8,16,10,100
9412,FB,F9,04,08,01,FE,06,01,0022,-5,-7,4,8,1,-2,6,1,34,75,8,16,10,100
9413,08,09,01,FE,FA,01,FC,02,0034,8,9,1,-2,-6,1,-4,2,52,5,8,16,10,100
9414,06,02,F8,F8,06,09,FA,09,0054,6,2,-8,-8,6,9,-6,9,84,114,8,16,10,100
9415,FE,03,FD,F8,0A,F9,FA,F7,FFA1,-2,3,-3,-8,10,-7,-6,-9,-95,-46,8,16,10,100
9416,04,05,00,F7,F8,FF,FC,FB,0051,4,5,0,-9,-8,-1,-4,-5,81,89,8,16,10,100
9417,02,FA,FA,F8,FC,FA,F9,F9,000D,2,-6,-6,-8,-4,-6,-7,-7,13,139,8,16,10,100
9418,05,09,06,FF,02,F9,03,FD,FFE3,5,9,6,-1,2,-7,3,-3,-29,-61,8,16,10,100
9419,07,03,09,05,01,03,04,03,0015,7,3,9,5,1,3,4,3,21,88,8,16,10,100
9420,FC,08,FA,F9,F6,0A,00,05,FFE4,-4,8,-6,-7,-10,10,0,5,-28,57,8,16,10,100
9421,FA,FA,FA,FF,F7,FD,F7,04,FFE7,-6,-6,-6,-1,-9,-3,-9,4,-25,97,8,16,10,100
9422,FE,04,FD,F7,F6,F6,08,02,FFAF,-2,4,-3,-9,-10,-10,8,2,-81,-143,8,16,10,100
9423,08,05,0A,06,F6,01,FE,FA,FF9E,8,5,10,6,-10,1,-2,-6,-98,-229,8,16,10,100
9424,FB,00,05,F7,04,FC,FE,09,FFBD,-5,0,5,-9,4,-4,-2,9,-67,-178,8,16,10,100
9425,01,FF,FD,08,03,07,09,F6,FFE0,1,-1,-3,8,3,7,9,-10,-32,-143,8,16,10,100
9426,03,0A,FF,0A,06,FB,01,FF,FFB0,3,10,-1,10,6,-5,1,-1,-80,-123,8,16,10,100
9427,05,FE,FC,F7,08,01,F7,03,FFF5,5,-2,-4,-9,8,1,-9,3,-11,36,8,16,10,100
9428,00,FE,08,FD,FD,06,04,FB,FFA8,0,-2,8,-3,-3,6,4,-5,-88,-53,8,16,10,100
9429,01,FF,FF,FB,F8,01,02,FA,FFF9,1,-1,-1,-5,-8,1,2,-6,-7,12,8,16,10,100
9430,FF,FF,FE,09,FD,04,F8,00,FFBE,-1,-1,-2,9,-3,4,-8,0,-66,-51,8,16,10,100
9431,08,F8,FD,0A,02,08,F7,FD,FFFB,8,-8,-3,10,2,8,-9,-3,-5,-56,8,16,10,100
9432,FA,FE,04,00,04,06,FA,F7,FFA1,-6,-2,4,0,4,6,-6,-9,-95,-155,8,16,10,100
9433,FC,04,06,FF,F9,FF,08,0A,002C,-4,4,6,-1,-7,-1,8,10,44,106,8,16,10,100
9434,FB,F7,FE,FC,00,01,FF,FF,FFB0,-5,-9,-2,-4,0,1,-1,-1,-80,-83,8,16,10,100
9435,05,FC,FF,FF,FE,0A,FE,FC,FFC8,5,-4,-1,-1,-2,10,-2,-4,-56,-100,8,16,10,100
9436,05,08,01,F6,F7,FA,09,FA,FFAC,5,8,1,-10,-9,-6,9,-6,-84,-108,8,16,10,100
9437,FA,FD,FA,FC,FA,01,05,01,0002,-6,-3,-6,-4,-6,1,5,1,2,1,8,16,10,100
9438,FC,FB,01,FC,04,03,FB,00,0056,-4,-5,1,-4,4,3,-5,0,86,50,8,16,10,100
9439,FB,0A,00,09,F6,FA,08,01,FFB8,-5,10,0,9,-10,-6,8,1,-72,-73,8,16,10,100
9440,FA,FA,01,05,08,FD,FA,09,FFC8,-6,-6,1,5,8,-3,-6,9,-56,-47,8,16,10,100
9441,FF,0A,00,FB,0A,FB,F9,F8,FFC1,-1,10,0,-5,10,-5,-7,-8,-63,-83,8,16,10,100
9442,FB,03,F7,FE,08,F8,FD,09,FFAF,-5,3,-9,-2,8,-8,-3,9,-81,-136,8,16,10,100
9443,FC,01,F9,FA,01,F9,07,07,0012,-4,1,-7,-6,1,-7,7,7,18,-84,8,16,10,100
9444,02,0A,FB,F8,FE,04,F6,F8,FFB3,2,10,-5,-8,-2,4,-10,-8,-77,73,8,16,10,100
9445,07,01,F9,FD,FA,01,01,FE,FFF1,7,1,-7,-3,-6,1,1,-2,-15,-57,8,16,10,100
9446,05,04,F6,FD,FB,07,01,04,0063,5,4,-10,-3,-5,7,1,4,99,80,8,16,10,100
9447,08,F9,05,0A,F8,04,01,FA,0008,8,-7,5,10,-8,4,1,-6,8,-139,8,16,10,100
9448,00,F7,F8,06,F7,09,03,09,0048,0,-9,-8,6,-9,9,3,9,72,21,8,16,10,100
9449,09,01,F9,08,FB,0A,03,07,0006,9,1,-7,8,-5,10,3,7,6,6,8,16,10,100
9450,05,01,01,F9,02,FC,03,06,003A,5,1,1,-7,2,-4,3,6,58,25,8,16,10,100
9451,09,FA,08,F8,09,00,00,03,0044,9,-6,8,-8,9,0,0,3,68,125,8,16,10,100
9452,03,FA,F6,FA,00,07,00,02,001F,3,-6,-10,-6,0,7,0,2,31,-23,8,16,10,100
9453,09,08,04,FB,0A,FD,02,FC,000E,9,8,4,-5,10,-3,2,-4,14,108,8,16,10,100
9454,F6,03,FB,FD,09,FB,FC,FE,0006,-10,3,-5,-3,9,-5,-4,-2,6,-73,8,16,10,100
9455,FC,03,0A,0A,04,03,F6,09,FFCE,-4,3,10,10,4,3,-10,9,-50,-67,8,16,10,100
9456,03,F8,0A,FA,FA,F9,0A,F7,FFDC,3,-8,10,-6,-6,-7,10,-9,-36,156,8,16,10,100
9457,08,0A,09,FD,FB,FF,09,06,FFDD,8,10,9,-3,-5,-1,9,6,-35,-22,8,16,10,100
9458,03,F7,08,09,F9,09,03,F8,FFC4,3,-9,8,9,-7,9,3,-8,-60,-210,8,16,10,100
9459,02,FE,03,07,FC,FE,07,FF,0046,2,-2,3,7,-4,-2,7,-1,70,80,8,16,10,100
9460,0A,F8,FA,FD,07,09,F8,06,003B,10,-8,-6,-3,7,9,-8,6,59,87,8,16,10,100
9461,FE,F8,F7,F8,F6,02,FA,09,FFDC,-2,-8,-9,-8,-10,2,-6,9,-36,-50,8,16,10,100
9462,02,FB,07,F6,09,FD,FB,01,FFCE,2,-5,7,-10,9,-3,-5,1,-50,-62,8,16,10,100
9463,03,F8,03,09,FA,05,FA,0A,0024,3,-8,3,9,-6,5,-6,10,36,50,8,16,10,100
9464,00,05,02,08,06,F9,F7,0A,000C,0,5,2,8,6,-7,-9,10,12,39,8,16,10,100
9465,FD,FE,00,FF,05,FE,F6,03,0001,-3,-2,0,-1,5,-2,-10,3,1,-13,8,16,10,100
9466,06,00,F9,01,FA,03,09,FB,0006,6,0,-7,1,-6,3,9,-5,6,-98,8,16,10,100
9467,0A,01,FE,03,F8,02,F6,08,FFBE,10,1,-2,3,-8,2,-10,8,-66,-100,8,16,10,100
9468,06,00,09,04,0A,FD,00,09,0028,6,0,9,4,10,-3,0,9,40,136,8,16,10,100
9469,03,03,04,F9,00,0A,07,F9,0033,3,3,4,-7,0,10,7,-7,51,158,8,16,10,100
9470,F6,08,04,03,01,06,01,FC,FFAD,-10,8,4,3,1,6,1,-4,-83,-53,8,16,10,100
9471,FF,F6,01,00,FA,02,09,FF,FFFD,-1,-10,1,0,-6,2,9,-1,-3,-8,8,16,10,100
9472,07,0A,F8,F9,04,FF,00,FA,0058,7,10,-8,-7,4,-1,0,-6,88,148,8,16,10,100
9473,F7,0A,FC,03,08,FD,FB,F9,001F,-9,10,-4,3,8,-3,-5,-7,31,-72,8,16,10,100
9474,01,FB,FE,FF,FC,FC,08,09,000A,1,-5,-2,-1,-4,-4,8,9,10,1,8,16,10,100
9475,09,02,FC,FD,09,FB,00,00,FFAF,9,2,-4,-3,9,-5,0,0,-81,-10,8,16,10,100
9476,01,FD,08,04,03,FB,06,08,FFC7,1,-3,8,4,3,-5,6,8,-57,41,8,16,10,100
9477,FC,01,03,01,02,F8,FF,01,FFA7,-4,1,3,1,2,-8,-1,1,-89,-107,8,16,10,100
9478,07,FD,05,0A,FE,09,03,06,0056,7,-3,5,10,-2,9,3,6,86,120,8,16,10,100
9479,00,FD,F7,00,08,FC,F6,08,FFF3,0,-3,-9,0,8,-4,-10,8,-13,89,8,16,10,100
9480,FF,00,00,F6,FD,01,F9,FF,FFE8,-1,0,0,-10,-3,1,-7,-1,-24,-11,8,16,10,100
9481,07,04,F6,00,F7,02,00,F9,FFA3,7,4,-10,0,-9,2,0,-7,-93,-148,8,16,10,100
9482,F6,FF,FA,FE,05,00,FF,05,0042,-10,-1,-6,-2,5,0,-1,5,66,12,8,16,10,100
9483,F8,0A,F7,FF,F7,00,FB,0A,005B,-8,10,-9,-1,-9,0,-5,10,91,198,8,16,10,100
9484,FE,FA,FD,05,05,F6,F8,FE,FFC2,-2,-6,-3,5,5,-10,-8,-2,-62,2,8,16,10,100
9485,FD,03,FF,04,FE,01,04,FD,FFDD,-3,3,-1,4,-2,1,4,-3,-35,-42,8,16,10,100
9486,04,F7,F7,FA,01,FB,FF,01,0056,4,-9,-9,-6,1,-5,-1,1,86,138,8,16,10,100
9487,02,F8,07,F6,01,0A,07,FB,000E,2,-8,7,-10,1,10,7,-5,14,35,8,16,10,100
9488,F8,FC,FE,F7,FC,09,08,FB,001F,-8,-4,-2,-9,-4,9,8,-5,31,56,8,16,10,100
9489,08,01,08,04,02,06,0A,01,FFAB,8,1,8,4,2,6,10,1,-85,21,8,16,10,100
9490,FD,09,03,F8,FA,03,01,02,FFD5,-3,9,3,-8,-6,3,1,2,-43,-11,8,16,10,100
9491,F7,FF,01,03,FF,F6,04,08,FFB3,-9,-1,1,3,-1,-10,4,8,-77,-30,8,16,10,100
9492,F9,04,03,00,08,00,FF,F9,FFE6,-7,4,3,0,8,0,-1,-7,-26,-85,8,16,10,100
9493,FA,FC,F8,01,02,F7,FB,F9,0028,-6,-4,-8,1,2,-9,-5,-7,40,97,8,16,10,100
9494,F7,FE,02,01,0A,07,03,07,0053,-9,-2,2,1,10,7,3,7,83,-8,8,16,10,100
9495,FE,08,F8,0A,09,02,06,00,002A,-2,8,-8,10,9,2,6,0,42,-8,8,16,10,100
9496,07,08,01,00,0A,F7,08,07,FFE3,7,8,1,0,10,-9,8,7,-29,-23,8,16,10,100
9497,FD,FE,F8,0A,F6,09,07,FC,0041,-3,-2,-8,10,-10,9,7,-4,65,-19,8,16,10,100
9498,02,FA,01,F9,F9,00,04,F6,001C,2,-6,1,-7,-7,0,4,-10,28,88,8,16,10,100
9499,07,05,0A,09,FB,FB,FE,FF,005E,7,5,10,9,-5,-5,-2,-1,94,5,8,16,10,100
9500,00,F9,03,08,02,04,0A,FB,FFB5,0,-7,3,8,2,4,10,-5,-75,-113,8,16,10,100
9501,F9,08,03,08,FF,F7,04,08,001B,-7,8,3,8,-1,-9,4,8,27,38,8,16,10,100
9502,02,03,F8,FC,07,03,FA,FF,0004,2,3,-8,-4,7,3,-6,-1,4,79,8,16,10,100
9503,09,F8,FD,07,04,FF,F8,07,FFF5,9,-8,-3,7,4,-1,-8,7,-11,106,8,16,10,100
9504,FE,FD,FC,F6,02,08,F8,01,0033,-2,-3,-4,-10,2,8,-8,1,51,45,8,16,10,100
9505,01,F7,F6,FA,02,FC,02,00,002F,1,-9,-10,-6,2,-4,2,0,47,65,8,16,10,100
9506,02,02,FF,04,FD,FF,07,FC,0037,2,2,-1,4,-3,-1,7,-4,55,24,8,16,10,100
9507,00,06,F9,FB,FF,FE,F7,01,0031,0,6,-7,-5,-1,-2,-9,1,49,95,8,16,10,100
9508,FB,FE,09,0A,03,08,0A,FF,FFD9,-5,-2,9,10,3,8,10,-1,-39,10,8,16,10,100
9509,FA,F9,FD,0A,01,04,F6,01,FFFC,-6,-7,-3,10,1,4,-10,1,-4,2,8,16,10,100
9510,FB,09,09,08,FD,08,F7,F8,FFCE,-5,9,9,8,-3,8,-9,-8,-50,-108,8,16,10,100
9511,08,F6,FB,09,04,07,FD,FE,FFE6,8,-10,-5,9,4,7,-3,-2,-26,-67,8,16,10,100
9512,02,07,0A,01,FE,07,FF,F7,0059,2,7,10,1,-2,7,-1,-9,89,115,8,16,10,100
9513,05,FF,04,0A,FD,05,FD,01,FFAA,5,-1,4,10,-3,5,-3,1,-86,-108,8,16,10,100
9514,09,FC,05,F9,09,FB,FE,03,0035,9,-4,5,-7,9,-5,-2,3,53,123,8,16,10,100
9515,FD,08,F6,03,06,08,FB,06,0032,-3,8,-10,3,6,8,-5,6,50,164,8,16,10,100
9516,05,09,FA,03,03,08,FC,FD,FFC9,5,9,-6,3,3,8,-4,-3,-55,47,8,16,10,100
9517,06,08,FE,07,02,F8,05,F9,0056,6,8,-2,7,2,-8,5,-7,86,-25,8,16,10,100
9518,07,F7,08,FB,07,05,01,01,FFE2,7,-9,8,-5,7,5,1,1,-30,-23,8,16,10,100
9519,FD,F8,FC,FD,F9,07,05,09,FFFB,-3,-8,-4,-3,-7,7,5,9,-5,-87,8,16,10,100
9520,02,FD,01,FB,F7,09,FB,02,FFCA,2,-3,1,-5,-9,9,-5,2,-54,-114,8,16,10,100
9521,FE,04,F7,F8,08,06,06,00,FFC9,-2,4,-9,-8,8,6,6,0,-55,-101,8,16,10,100
9522,03,08,05,07,08,FE,08,FD,0028,3,8,5,7,8,-2,8,-3,40,67,8,16,10,100
9523,05,07,FD,01,06,08,02,06,0000,5,7,-3,1,6,8,2,6,0,86,8,16,10,100
9524,F7,00,FB,F6,FB,06,05,FB,0046,-9,0,-5,-10,-5,6,5,-5,70,140,8,16,10,100
9525,F8,01,F6,06,04,F9,00,FE,FFC1,-8,1,-10,6,4,-7,0,-2,-63,-114,8,16,10,100
9526,09,06,FE,08,FE,02,01,08,FFD0,9,6,-2,8,-2,2,1,8,-48,8,8,16,10,100
9527,FC,F6,02,FB,FF,06,F6,F6,FFE7,-4,-10,2,-5,-1,6,-10,-10,-25,-51,8,16,10,100
9528,FD,FD,FE,FF,0A,00,02,FF,004D,-3,-3,-2,-1,10,0,2,-1,77,44,8,16,10,100
9529,FE,FA,F8,FE,FC,03,05,FC,0031,-2,-6,-8,-2,-4,3,5,-4,49,7,8,16,10,100
9530,00,04,FF,FE,FC,FC,06,F9,0051,0,4,-1,-2,-4,-4,6,-7,81,73,8,16,10,100
9531,07,F8,FA,F6,03,08,06,F9,FFDA,7,-8,-6,-10,3,8,6,-7,-38,-47,8,16,10,100
9532,FD,F9,09,05,FE,FC,09,FE,003C,-3,-7,9,5,-2,-4,9,-2,60,165,8,16,10,100
9533,06,FC,01,08,F7,FE,01,09,FFA6,6,-4,1,8,-9,-2,1,9,-90,-63,8,16,10,100
9534,FF,06,F7,01,F6,F6,06,07,FFAD,-1,6,-9,1,-10,-10,6,7,-83,-180,8,16,10,100
9535,FC,0A,0A,02,F9,03,FF,FE,FFD3,-4,10,10,2,-7,3,-1,-2,-45,-1,8,16,10,100
9536,FE,FA,05,FC,F8,FF,08,FE,FFB2,-2,-6,5,-4,-8,-1,8,-2,-78,-8,8,16,10,100
9537,01,FF,F6,08,FA,06,F9,F7,FFE9,1,-1,-10,8,-6,6,-7,-9,-23,-37,8,16,10,100
9538,FE,FD,02,04,05,FB,05,FC,FFA2,-2,-3,2,4,5,-5,5,-4,-94,-95,8,16,10,100
9539,02,F7,08,08,F8,04,05,FF,FFD3,2,-9,8,8,-8,4,5,-1,-45,-65,8,16,10,100
9540,05,00,FA,FF,09,F8,06,04,0046,5,0,-6,-1,9,-8,6,4,70,75,8,16,10,100
9541,F7,FC,0A,FE,04,08,0A,09,0000,-9,-4,10,-2,4,8,10,9,0,14,8,16,10,100
9542,F9,FF,F8,FD,F9,05,FB,FF,FFDA,-7,-1,-8,-3,-7,5,-5,-1,-38,49,8,16,10,100
9543,05,05,F9,FE,04,05,F6,FC,FFD9,5,5,-7,-2,4,5,-10,-4,-39,84,8,16,10,100
9544,FF,05,FE,F7,F8,FF,FB,F7,0026,-1,5,-2,-9,-8,-1,-5,-9,38,132,8,16,10,100
9545,02,FE,FE,01,00,0A,FA,04,FFC2,2,-2,-2,1,0,10,-6,4,-62,-66,8,16,10,100
9546,09,FB,F8,FE,09,00,FE,F6,FFCD,9,-5,-8,-2,9,0,-2,-10,-51,66,8,16,10,100
9547,08,03,08,0A,07,0A,FA,F8,0001,8,3,8,10,7,10,-6,-8,1,-41,8,16,10,100
9548,FF,FA,F9,FC,F7,FB,FA,F7,001D,-1,-6,-7,-4,-9,-5,-6,-9,29,146,8,16,10,100
9549,02,FA,07,05,00,08,09,F7,FFA4,2,-6,7,5,0,8,9,-9,-92,-122,8,16,10,100
9550,07,FB,FE,FE,00,05,00,02,FFDE,7,-5,-2,-2,0,5,0,2,-34,-63,8,16,10,100
9551,F7,FE,F6,01,01,F9,04,0A,FFF4,-9,-2,-10,1,1,-7,4,10,-12,-37,8,16,10,100
9552,FB,F7,FD,F7,04,F9,03,FA,0021,-5,-9,-3,-9,4,-7,3,-6,33,121,8,16,10,100
9553,FC,FB,FF,FA,FA,06,07,FF,0033,-4,-5,-1,-6,-6,6,7,-1,51,44,8,16,10,100
9554,F9,FC,06,00,FA,0A,F7,FC,0044,-7,-4,6,0,-6,10,-9,-4,68,16,8,16,10,100
9555,01,FB,FB,FD,FC,F9,03,F7,FFD4,1,-5,-5,-3,-4,-7,3,-9,-44,-1,8,16,10,100
9556,FA,08,F6,03,0A,F9,01,09,0052,-6,8,-10,3,10,-7,1,9,82,-17,8,16,10,100
9557,01,02,F8,08,04,09,F6,00,0060,1,2,-8,8,4,9,-10,0,96,198,8,16,10,100
9558,02,F8,00,06,06,06,09,FF,FF9D,2,-8,0,6,6,6,9,-1,-99,-141,8,16,10,100
9559,03,FB,FC,FA,FA,0A,FF,0A,0026,3,-5,-4,-6,-6,10,-1,10,38,-86,8,16,10,100
9560,0A,FB,00,F9,F8,F6,02,07,FFBD,10,-5,0,-7,-8,-10,2,7,-67,-146,8,16,10,100
9561,00,04,F8,00,0A,FF,FE,F8,0031,0,4,-8,0,10,-1,-2,-8,49,61,8,16,10,100
9562,02,FC,07,FF,08,F8,01,00,FF9E,2,-4,7,-1,8,-8,1,0,-98,-43,8,16,10,100
9563,03,F8,06,07,03,F6,F9,07,FF9E,3,-8,6,7,3,-10,-7,7,-98,-2,8,16,10,100
9564,F7,05,F8,F8,09,02,FD,F7,002F,-9,5,-8,-8,9,2,-3,-9,47,72,8,16,10,100
9565,08,06,F9,F6,FB,FA,0A,04,FFAF,8,6,-7,-10,-5,-6,10,4,-81,-267,8,16,10,100
9566,FF,F6,05,04,08,FE,F9,FC,FFEB,-1,-10,5,4,8,-2,-7,-4,-21,-60,8,16,10,100
9567,FE,FA,02,06,FA,F8,F8,FD,FFEF,-2,-6,2,6,-6,-8,-8,-3,-17,9,8,16,10,100
9568,05,FF,FD,09,F9,F8,02,F6,004B,5,-1,-3,9,-7,-8,2,-10,75,-48,8,16,10,100
9569,06,FD,F6,09,05,08,F7,00,0003,6,-3,-10,9,5,8,-9,0,3,99,8,16,10,100
9570,FE,09,FC,FF,04,04,09,03,FFC8,-2,9,-4,-1,4,4,9,3,-56,-67,8,16,10,100
9571,07,F7,09,FA,06,07,06,FC,0041,7,-9,9,-6,6,7,6,-4,65,122,8,16,10,100
9572,02,09,08,FC,05,FE,09,07,0026,2,9,8,-4,5,-2,9,7,38,74,8,16,10,100
9573,0A,FD,F8,FD,FA,02,0A,0A,005B,10,-3,-8,-3,-6,2,10,10,91,-85,8,16,10,100
9574,06,FE,FA,FA,F6,02,F9,07,0025,6,-2,-6,-6,-10,2,-7,7,37,-27,8,16,10,100
9575,FF,FA,07,08,05,FA,04,FE,FFD5,-1,-6,7,8,5,-6,4,-2,-43,0,8,16,10,100
9576,0A,01,09,07,02,06,F9,00,0027,10,1,9,7,2,6,-7,0,39,2,8,16,10,100
9577,FC,FA,09,F8,04,FA,08,06,FFE1,-4,-6,9,-8,4,-6,8,6,-31,13,8,16,10,100
9578,F9,09,07,F8,FC,F8,05,01,FFBE,-7,9,7,-8,-4,-8,5,1,-66,-83,8,16,10,100
9579,04,06,06,03,F6,F6,06,FC,0015,4,6,6,3,-10,-10,6,-4,21,-55,8,16,10,100
9580,FD,03,05,07,04,04,FA,08,FFE1,-3,3,5,7,4,4,-6,8,-31,-5,8,16,10,100
9581,07,FA,FC,0A,03,09,FD,08,0041,7,-6,-4,10,3,9,-3,8,65,124,8,16,10,100
9582,F9,FC,FC,FF,F9,F8,FF,03,FFFC,-7,-4,-4,-1,-7,-8,-1,3,-4,78,8,16,10,100
9583,08,FA,0A,09,0A,FA,FC,03,FFAB,8,-6,10,9,10,-6,-4,3,-85,18,8,16,10,100
9584,06,05,02,05,FD,0A,07,05,0055,6,5,2,5,-3,10,7,5,85,156,8,16,10,100
9585,F6,F8,07,F6,F9,F8,FC,FE,000F,-10,-8,7,-10,-7,-8,-4,-2,15,141,8,16,10,100
9586,FA,FF,F6,0A,02,FC,08,06,FFBA,-6,-1,-10,10,2,-4,8,6,-70,-98,8,16,10,100
9587,FC,0A,08,05,FD,FC,02,01,FFA2,-4,10,8,5,-3,-4,2,1,-94,-101,8,16,10,100
9588,F6,05,FA,0A,FF,FD,F7,FC,002B,-10,5,-6,10,-1,-3,-9,-4,43,52,8,16,10,100
9589,FC,FE,F7,00,07,08,F6,FA,0051,-4,-2,-9,0,7,8,-10,-6,81,127,8,16,10,100
9590,F9,09,01,FB,F9,FD,09,F9,0031,-7,9,1,-5,-7,-3,9,-7,49,115,8,16,10,100
9591,0A,FE,00,FD,0A,F7,FE,F8,0064,10,-2,0,-3,10,-9,-2,-8,100,242,8,16,10,100
9592,F8,FC,F8,0A,F9,02,FA,F9,FF9F,-8,-4,-8,10,-7,2,-6,-7,-97,-71,8,16,10,100
9593,F7,FF,FC,F9,08,06,00,F8,FFA7,-9,-1,-4,-7,8,6,0,-8,-89,-111,8,16,10,100
9594,FE,05,F9,08,04,08,06,FA,001E,-2,5,-7,8,4,8,6,-6,30,-28,8,16,10,100
9595,03,FD,03,03,FB,F7,07,FB,005F,3,-3,3,3,-5,-9,7,-5,95,113,8,16,10,100
9596,F7,FD,F7,08,0A,FE,01,05,0030,-9,-3,-9,8,10,-2,1,5,48,-5,8,16,10,100
9597,FD,F9,FC,FB,F8,FF,F9,09,0058,-3,-7,-4,-5,-8,-1,-7,9,88,102,8,16,10,100
9598,03,FA,FA,F7,05,FE,F6,01,FFB0,3,-6,-6,-9,5,-2,-10,1,-80,-2,8,16,10,100
9599,FB,08,04,04,FA,FF,F8,FB,0018,-5,8,4,4,-6,-1,-8,-5,24,-6,8,16,10,100
9600,F6,FD,FE,06,F7,FB,FA,02,FFA1,-10,-3,-2,6,-9,-5,-6,2,-95,34,8,16,10,100
9601,00,FB,FF,FB,09,F7,F9,09,0003,0,-5,-1,-5,9,-9,-7,9,3,10,8,16,10,100
9602,FE,01,F7,0A,FA,03,02,08,000A,-2,1,-9,10,-6,3,2,8,10,87,8,16,10,100
9603,05,05,0A,FA,09,F6,FA,08,FFFE,5,5,10,-6,9,-10,-6,8,-2,-115,8,16,10,100
9604,03,01,FB,04,FB,0A,FD,06,FFB9,3,1,-5,4,-5,10,-3,6,-71,-37,8,16,10,100
9605,FC,04,FE,FF,00,F7,09,FD,0028,-4,4,-2,-1,0,-9,9,-3,40,-11,8,16,10,100
9606,F8,F7,05,05,F9,F6,F6,FA,001B,-8,-9,5,5,-7,-10,-10,-6,27,93,8,16,10,100
9607,0A,02,FC,08,FA,F8,F8,FC,0037,10,2,-4,8,-6,-8,-8,-4,55,-21,8,16,10,100
9608,FE,02,07,01,07,0A,05,0A,FFEF,-2,2,7,1,7,10,5,10,-17,34,8,16,10,100
9609,FB,FA,04,FB,F6,F6,FE,FF,FFAC,-5,-6,4,-5,-10,-10,-2,-1,-84,23,8,16,10,100
9610,04,F8,03,02,03,FF,F7,F6,FFAA,4,-8,3,2,3,-1,-9,-10,-86,-113,8,16,10,100
9611,FE,07,FF,01,F7,07,08,06,003B,-2,7,-1,1,-9,7,8,6,59,124,8,16,10,100
9612,07,F6,FB,FB,05,03,05,F8,0023,7,-10,-5,-5,5,3,5,-8,35,55,8,16,10,100
9613,FF,FC,F9,F7,FC,01,FC,FE,FFA1,-1,-4,-7,-9,-4,1,-4,-2,-95,-49,8,16,10,100
9614,00,09,04,FE,FF,F7,FC,FB,0022,0,9,4,-2,-1,-9,-4,-5,34,-53,8,16,10,100
9615,0A,FA,FC,F8,09,07,07,03,FFB1,10,-6,-4,-8,9,7,7,3,-79,-83,8,16,10,100
9616,F6,F6,FF,FF,F7,FE,00,FC,FFC7,-10,-10,-1,-1,-9,-2,0,-4,-57,57,8,16,10,100
9617,FF,00,01,FC,04,03,F9,00,0063,-1,0,1,-4,4,3,-7,0,99,88,8,16,10,100
9618,03,F7,F8,00,05,02,02,03,004B,3,-9,-8,0,5,2,2,3,75,56,8,16,10,100
9619,F7,07,00,FE,07,04,01,04,FFB7,-9,7,0,-2,7,4,1,4,-73,-116,8,16,10,100
9620,00,07,F7,06,FD,05,06,FC,FFEC,0,7,-9,6,-3,5,6,-4,-20,-63,8,16,10,100
9621,F9,0A,FC,05,05,FD,05,02,003D,-7,10,-4,5,5,-3,5,2,61,-14,8,16,10,100
9622,F6,0A,FB,01,04,FB,09,FF,0016,-10,10,-5,1,4,-5,9,-1,22,-114,8,16,10,100
9623,FB,05,02,09,F9,F8,F8,08,003F,-5,5,2,9,-7,-8,-8,8,63,114,8,16,10,100
9624,03,FA,FB,09,FD,FE,02,F6,0035,3,-6,-5,9,-3,-2,2,-10,53,-44,8,16,10,100
9625,09,F9,03,07,FC,F6,02,09,FFAA,9,-7,3,7,-4,-10,2,9,-86,17,8,16,10,100
9626,F7,FE,06,FF,01,07,03,FC,FFCE,-9,-2,6,-1,1,7,3,-4,-50,-51,8,16,10,100
9627,03,FD,F7,FD,09,03,FA,01,FFAA,3,-3,-9,-3,9,3,-6,1,-86,-17,8,16,10,100
9628,0A,FE,09,FE,F6,F9,FD,FA,0021,10,-2,9,-2,-10,-7,-3,-6,33,-68,8,16,10,100
9629,F9,03,06,09,FC,F7,02,FC,FFE8,-7,3,6,9,-4,-9,2,-4,-24,-47,8,16,10,100
9630,FA,FF,F9,F6,07,05,02,01,FFA2,-6,-1,-7,-10,7,5,2,1,-94,-165,8,16,10,100
9631,FC,F7,08,F9,FD,04,FB,FA,001F,-4,-9,8,-7,-3,4,-5,-6,31,9,8,16,10,100
9632,FB,01,F9,F7,FF,0A,09,04,FFD2,-5,1,-7,-9,-1,10,9,4,-46,-130,8,16,10,100
9633,F9,08,0A,01,F8,FD,08,FF,FFA1,-7,8,10,1,-8,-3,8,-1,-95,16,8,16,10,100
9634,08,F8,0A,F9,07,FC,F8,F6,0015,8,-8,10,-7,7,-4,-8,-10,21,99,8,16,10,100
9635,07,F6,05,F6,07,03,FA,FA,FFCC,7,-10,5,-10,7,3,-6,-6,-52,-3,8,16,10,100
9636,F8,F7,FD,05,04,04,01,FB,000A,-8,-9,-3,5,4,4,1,-5,10,-86,8,16,10,100
9637,F6,FE,04,FB,06,FD,FE,FB,FFAA,-10,-2,4,-5,6,-3,-2,-5,-86,-123,8,16,10,100
9638,08,FA,00,FE,02,09,02,04,0010,8,-6,0,-2,2,9,2,4,16,-30,8,16,10,100
9639,07,FA,0A,FA,FC,F8,F8,01,0027,7,-6,10,-6,-4,-8,-8,1,39,-27,8,16,10,100
9640,F7,04,FF,02,07,F8,FE,FA,FFF3,-9,4,-1,2,7,-8,-2,-6,-13,-118,8,16,10,100
9641,F8,01,F6,07,03,FC,F7,03,FF9E,-8,1,-10,7,3,-4,-9,3,-98,-15,8,16,10,100
9642,03,0A,0A,06,05,09,09,06,000E,3,10,10,6,5,9,9,6,14,245,8,16,10,100
9643,FF,0A,FC,F6,04,FE,02,00,000D,-1,10,-4,-10,4,-2,2,0,13,-19,8,16,10,100
9644,07,0A,09,FB,FB,FA,05,FD,0064,7,10,9,-5,-5,-6,5,-3,100,65,8,16,10,100
9645,F9,05,F9,00,07,07,02,06,000B,-7,5,-7,0,7,7,2,6,11,-17,8,16,10,100
9646,F6,05,FB,01,F7,F8,F7,FF,FFEC,-10,5,-5,1,-9,-8,-9,-1,-20,74,8,16,10,100
9647,06,FD,FB,00,07,FD,FA,FB,0060,6,-3,-5,0,7,-3,-6,-5,96,177,8,16,10,100
9648,F7,F9,02,06,02,07,03,02,FF9C,-9,-7,2,6,2,7,3,2,-100,-149,8,16,10,100
9649,01,00,FB,06,04,FF,F9,01,005D,1,0,-5,6,4,-1,-7,1,93,138,8,16,10,100
9650,04,F6,FE,0A,06,FB,FE,FE,FFA2,4,-10,-2,10,6,-5,-2,-2,-94,-36,8,16,10,100
9651,FB,FA,01,03,02,FB,05,08,001A,-5,-6,1,3,2,-5,5,8,26,75,8,16,10,100
9652,04,09,FE,06,FC,F7,08,00,FFB4,4,9,-2,6,-4,-9,8,0,-76,-189,8,16,10,100
9653,03,F6,07,FF,FB,07,FA,F9,FFD7,3,-10,7,-1,-5,7,-6,-7,-41,-161,8,16,10,100
9654,05,F8,06,02,0A,08,F7,FB,0033,5,-8,6,2,10,8,-9,-5,51,-27,8,16,10,100
9655,04,FF,FF,09,0A,FB,FB,08,FFA4,4,-1,-1,9,10,-5,-5,8,-92,30,8,16,10,100
9656,01,FD,05,FF,01,FC,F9,FB,0009,1,-3,5,-1,1,-4,-7,-5,9,-8,8,16,10,100
9657,05,08,06,04,FF,F9,FF,F6,FFE4,5,8,6,4,-1,-7,-1,-10,-28,-135,8,16,10,100
9658,FE,FC,05,F9,07,05,09,05,FF9E,-2,-4,5,-7,7,5,9,5,-98,-122,8,16,10,100
9659,FA,F6,05,04,FC,FD,07,04,0033,-6,-10,5,4,-4,-3,7,4,51,156,8,16,10,100
9660,00,01,FC,01,04,08,00,09,005C,0,1,-4,1,4,8,0,9,92,109,8,16,10,100
9661,02,04,09,FA,06,09,F8,05,FFDC,2,4,9,-6,6,9,-8,5,-36,-90,8,16,10,100
9662,F8,FE,F8,03,04,0A,FD,01,FFE6,-8,-2,-8,3,4,10,-3,1,-26,-51,8,16,10,100
9663,00,05,F6,F7,FD,F9,F9,07,0025,0,5,-10,-9,-3,-7,-7,7,37,9,8,16,10,100
9664,F6,FE,FE,FD,FC,F7,F9,FA,0055,-10,-2,-2,-3,-4,-9,-7,-6,85,175,8,16,10,100
9665,03,FD,FB,0A,FC,FD,06,F6,FFED,3,-3,-5,10,-4,-3,6,-10,-19,-152,8,16,10,100
9666,08,F7,0A,05,F6,F7,03,00,FF9C,8,-9,10,5,-10,-9,3,0,-100,-69,8,16,10,100
9667,FF,0A,08,04,FA,FA,00,FC,0021,-1,10,8,4,-6,-6,0,-4,33,-37,8,16,10,100
9668,FE,05,0A,03,08,02,F6,FD,FFCA,-2,5,10,3,8,2,-10,-3,-54,-169,8,16,10,100
9669,F9,F9,00,FC,FF,06,FB,08,FFA7,-7,-7,0,-4,-1,6,-5,8,-89,-156,8,16,10,100
9670,05,07,F7,FD,F8,05,01,FA,0050,5,7,-9,-3,-8,5,1,-6,80,84,8,16,10,100
9671,01,04,FC,02,07,04,01,FE,FFEB,1,4,-4,2,7,4,1,-2,-21,-6,8,16,10,100
9672,00,F6,09,FE,FC,FF,08,0A,FFD8,0,-10,9,-2,-4,-1,8,10,-40,22,8,16,10,100
9673,FE,F7,F8,09,01,00,F6,03,0043,-2,-9,-8,9,1,0,-10,3,67,172,8,16,10,100
9674,08,07,08,FC,FB,F9,F6,09,FFC5,8,7,8,-4,-5,-7,-10,9,-59,-264,8,16,10,100
9675,03,F9,02,FF,07,FF,FA,F9,0050,3,-7,2,-1,7,-1,-6,-7,80,103,8,16,10,100
9676,00,FA,F6,01,0A,F9,FA,08,FFD3,0,-6,-10,1,10,-7,-6,8,-45,65,8,16,10,100
9677,06,F8,0A,01,FF,FB,FB,F9,002A,6,-8,10,1,-1,-5,-5,-7,42,19,8,16,10,100
9678,FB,06,F7,08,06,FF,03,FA,0026,-5,6,-9,8,6,-1,3,-6,38,-73,8,16,10,100
9679,F7,04,00,03,FD,09,08,F7,0010,-9,4,0,3,-3,9,8,-9,16,52,8,16,10,100
9680,FC,F6,09,00,01,04,FA,F6,FFEE,-4,-10,9,0,1,4,-6,-10,-18,-116,8,16,10,100
9681,06,08,F9,FB,FE,FE,07,FE,FFA4,6,8,-7,-5,-2,-2,7,-2,-92,-159,8,16,10,100
9682,00,08,F9,05,05,F7,09,F6,0052,0,8,-7,5,5,-9,9,-10,82,-103,8,16,10,100
9683,FF,F6,F9,0A,00,F7,F7,FA,FFBA,-1,-10,-7,10,0,-9,-9,-6,-70,23,8,16,10,100
9684,F8,FD,FB,09,08,08,FE,FD,0000,-8,-3,-5,9,8,8,-2,-3,0,-105,8,16,10,100
9685,07,05,05,FD,FB,05,FE,FF,FFEB,7,5,5,-3,-5,5,-2,-1,-21,-38,8,16,10,100
9686,0A,03,FF,FD,FB,0A,05,00,0057,10,3,-1,-3,-5,10,5,0,87,62,8,16,10,100
9687,FA,FA,07,0A,FA,0A,01,03,FFF8,-6,-6,7,10,-6,10,1,3,-8,5,8,16,10,100
9688,F7,01,04,02,FF,08,06,FB,0060,-9,1,4,2,-1,8,6,-5,96,127,8,16,10,100
9689,F7,FB,01,04,09,FA,00,FE,FFA9,-9,-5,1,4,9,-6,0,-2,-87,-146,8,16,10,100
9690,F9,FB,F9,FE,04,0A,02,FA,0007,-7,-5,-7,-2,4,10,2,-6,7,-73,8,16,10,100
9691,02,FC,06,00,07,00,FE,07,FFA3,2,-4,6,0,7,0,-2,7,-93,-91,8,16,10,100
9692,F7,F9,FF,FB,03,F8,FD,05,0007,-9,-7,-1,-5,3,-8,-3,5,7,14,8,16,10,100
9693,FF,04,FD,F8,08,04,06,04,0015,-1,4,-3,-8,8,4,6,4,21,-21,8,16,10,100
9694,F8,00,F6,07,FE,07,05,04,0046,-8,0,-10,7,-2,7,5,4,70,64,8,16,10,100
9695,FB,FD,F6,F9,FF,FF,FD,FE,FFF5,-5,-3,-10,-7,-1,-1,-3,-2,-11,41,8,16,10,100
9696,05,05,F7,00,06,F7,01,00,FFDF,5,5,-9,0,6,-9,1,0,-33,-57,8,16,10,100
9697,01,FF,07,06,F8,FA,F9,0A,0003,1,-1,7,6,-8,-6,-7,10,3,12,8,16,10,100
9698,07,09,04,FE,07,06,00,F7,FFFA,7,9,4,-2,7,6,0,-9,-6,115,8,16,10,100
9699,02,F8,FB,06,02,FB,FD,FA,0038,2,-8,-5,6,2,-5,-3,-6,56,79,8,16,10,100
9700,0A,06,FB,F6,F7,00,F7,06,002C,10,6,-5,-10,-9,0,-9,6,44,-61,8,16,10,100
9701,F9,F6,05,F7,F7,07,FB,08,0011,-7,-10,5,-9,-9,7,-5,8,17,-87,8,16,10,100
9702,F6,07,04,00,07,F9,FA,F7,001D,-10,7,4,0,7,-7,-6,-9,29,-114,8,16,10,100
9703,0A,02,02,FD,06,02,02,FB,FF9D,10,2,2,-3,6,2,2,-5,-99,-16,8,16,10,100
9704,04,01,F9,F7,06,F8,01,09,FFC0,4,1,-7,-9,6,-8,1,9,-64,-136,8,16,10,100
9705,06,09,F7,FC,04,01,07,F6,FFE5,6,9,-9,-4,4,1,7,-10,-27,-17,8,16,10,100
9706,03,0A,FE,04,F6,07,FA,F9,0035,3,10,-2,4,-10,7,-6,-7,53,77,8,16,10,100
9707,FD,F6,F9,04,F9,00,01,F6,004C,-3,-10,-7,4,-7,0,1,-10,76,50,8,16,10,100
9708,FA,FD,0A,FC,05,03,FD,06,FFF0,-6,-3,10,-4,5,3,-3,6,-16,-109,8,16,10,100
9709,08,F6,00,FE,07,01,FE,04,FFF9,8,-10,0,-2,7,1,-2,4,-7,31,8,16,10,100
9710,FC,00,09,FE,FC,01,08,FD,FFF5,-4,0,9,-2,-4,1,8,-3,-11,83,8,16,10,100
9711,02,03,04,03,04,08,06,00,FFF1,2,3,4,3,4,8,6,0,-15,41,8,16,10,100
9712,FA,F6,09,07,F6,08,F9,F9,FFAE,-6,-10,9,7,-10,8,-7,-7,-82,-214,8,16,10,100
9713,F6,00,02,F8,07,0A,FC,03,0024,-10,0,2,-8,7,10,-4,3,36,-66,8,16,10,100
9714,07,04,00,07,06,06,04,F9,FFE0,7,4,0,7,6,6,4,-7,-32,-15,8,16,10,100
9715,09,01,02,06,09,FF,F7,F6,FFE7,9,1,2,6,9,-1,-9,-10,-25,-23,8,16,10,100
9716,F8,05,03,F6,07,F7,F8,F7,0060,-8,5,3,-10,7,-9,-8,-9,96,61,8,16,10,100
9717,FB,00,05,F7,F6,04,F8,F8,FFA6,-5,0,5,-9,-10,4,-8,-8,-90,-8,8,16,10,100
9718,07,09,FB,F9,F6,F6,FE,FF,FF9F,7,9,-5,-7,-10,-10,-2,-1,-97,-240,8,16,10,100
9719,08,FC,FC,06,F8,00,FE,06,FFD5,8,-4,-4,6,-8,0,-2,6,-43,-63,8,16,10,100
9720,04,05,FB,F7,02,FB,02,FF,FFCA,4,5,-5,-9,2,-5,2,-1,-54,-72,8,16,10,100
9721,FE,F9,05,04,02,F7,FD,06,FFF4,-2,-7,5,4,2,-9,-3,6,-12,56,8,16,10,100
9722,04,09,F7,07,0A,08,F7,01,0049,4,9,-9,7,10,8,-9,1,73,273,8,16,10,100
9723,01,FB,04,FE,00,02,01,0A,FFE6,1,-5,4,-2,0,2,1,10,-26,-52,8,16,10,100
9724,FE,FB,00,09,06,FF,09,08,FFC4,-2,-5,0,9,6,-1,9,8,-60,5,8,16,10,100
9725,01,0A,F7,09,FE,F9,FE,08,000B,1,10,-9,9,-2,-7,-2,8,11,29,8,16,10,100
9726,09,00,F6,06,05,0A,09,FE,FFC3,9,0,-10,6,5,10,9,-2,-61,-118,8,16,10,100
9727,F7,FC,02,FB,09,08,09,0A,FFD2,-9,-4,2,-5,9,8,9,10,-46,-191,8,16,10,100
9728,FC,0A,00,F8,01,FC,F9,FA,0033,-4,10,0,-8,1,-4,-7,-6,51,55,8,16,10,100
9729,F8,F9,02,FA,09,FE,F9,06,0045,-8,-7,2,-6,9,-2,-7,6,69,-39,8,16,10,100
9730,FD,FB,F8,01,F8,08,00,09,0013,-3,-5,-8,1,-8,8,0,9,19,12,8,16,10,100
9731,08,FE,04,00,FC,04,02,02,FFF1,8,-2,4,0,-4,4,2,2,-15,-47,8,16,10,100
9732,F8,04,02,F8,FB,02,02,FF,FF9D,-8,4,2,-8,-5,2,2,-1,-99,-39,8,16,10,100
9733,09,05,08,03,FE,FA,02,08,FFD9,9,5,8,3,-2,-6,2,8,-39,-47,8,16,10,100
9734,01,00,07,F8,F9,07,00,01,FFCD,1,0,7,-8,-7,7,0,1,-51,-66,8,16,10,100
9735,FC,0A,F8,FA,F6,FE,F8,FA,0029,-4,10,-8,-6,-10,-2,-8,-6,41,161,8,16,10,100
9736,FF,F8,04,04,07,FF,F7,08,001D,-1,-8,4,4,7,-1,-9,8,29,26,8,16,10,100
9737,FC,03,08,08,FE,FC,01,06,FFF8,-4,3,8,8,-2,-4,1,6,-8,44,8,16,10,100
9738,FC,0A,FA,FD,05,07,09,01,0027,-4,10,-6,-3,5,7,9,1,39,32,8,16,10,100
9739,F6,F8,FB,FA,01,07,02,F7,FFD0,-10,-8,-5,-6,1,7,2,-9,-48,-70,8,16,10,100
9740,FC,FA,FD,FF,F9,FE,07,01,000A,-4,-6,-3,-1,-7,-2,7,1,10,28,8,16,10,100
9741,03,08,FF,06,F6,FF,07,FD,FFEA,3,8,-1,6,-10,-1,7,-3,-22,-85,8,16,10,100
9742,FB,F9,0A,FC,06,F9,04,06,FFB2,-5,-7,10,-4,6,-7,4,6,-78,-43,8,16,10,100
9743,00,FE,FD,04,09,FF,FB,04,FFF3,0,-2,-3,4,9,-1,-5,4,-13,20,8,16,10,100
9744,F7,FE,07,01,FC,02,01,F9,FF9C,-9,-2,7,1,-4,2,1,-7,-100,-68,8,16,10,100
9745,FA,F8,03,09,01,F8,F8,04,0021,-6,-8,3,9,1,-8,-8,4,33,103,8,16,10,100
9746,FF,04,06,0A,FF,09,05,FB,0063,-1,4,6,10,-1,9,5,-5,99,116,8,16,10,100
9747,08,05,F8,F6,08,FE,09,02,FFF7,8,5,-8,-10,8,-2,9,2,-9,-47,8,16,10,100
9748,03,FF,03,03,F9,06,FA,F6,004A,3,-1,3,3,-7,6,-6,-10,74,-1,8,16,10,100
9749,F9,08,FF,03,FD,03,06,06,FFF8,-7,8,-1,3,-3,3,6,6,-8,49,8,16,10,100
9750,0A,05,09,00,FE,02,0A,FA,0043,10,5,9,0,-2,2,10,-6,67,147,8,16,10,100
9751,07,FF,00,F9,0A,05,FC,F8,FFF4,7,-1,0,-7,10,5,-4,-8,-12,109,8,16,10,100
9752,F8,F8,F6,00,FA,08,05,07,0052,-8,-8,-10,0,-6,8,5,7,82,16,8,16,10,100
9753,03,03,07,01,F8,F9,07,02,003D,3,3,7,1,-8,-7,7,2,61,67,8,16,10,100
9754,05,09,F6,02,08,03,F9,FF,0052,5,9,-10,2,8,3,-7,-1,82,217,8,16,10,100
9755,07,0A,00,01,07,04,08,FC,FFB9,7,10,0,1,7,4,8,-4,-71,14,8,16,10,100
9756,09,FB,08,02,02,04,FB,FD,0060,9,-5,8,2,2,4,-5,-3,96,48,8,16,10,100
9757,08,04,FE,F9,03,04,07,09,0058,8,4,-2,-7,3,4,7,9,88,51,8,16,10,100
9758,F7,09,FD,F6,FA,FA,FC,FE,FFEF,-9,9,-3,-10,-6,-6,-4,-2,-17,15,8,16,10,100
9759,FD,08,FE,0A,FB,0A,07,F6,FFF2,-3,8,-2,10,-5,10,7,-10,-14,-33,8,16,10,100
9760,F8,FC,0A,F6,FB,FE,F7,04,0062,-8,-4,10,-10,-5,-2,-9,4,98,16,8,16,10,100
9761,FA,09,02,F6,FF,06,FE,05,FFE5,-6,9,2,-10,-1,6,-2,5,-27,-21,8,16,10,100
9762,F8,F6,0A,FF,03,F8,0A,FE,0020,-8,-10,10,-1,3,-8,10,-2,32,190,8,16,10,100
9763,01,FD,08,0A,FC,00,03,06,004E,1,-3,8,10,-4,0,3,6,78,158,8,16,10,100
9764,07,07,04,FE,05,FA,09,FC,FFA9,7,7,4,-2,5,-6,9,-4,-87,-50,8,16,10,100
9765,09,FE,F7,01,06,FA,FC,F6,FFE7,9,-2,-9,1,6,-6,-4,-10,-25,67,8,16,10,100
9766,01,09,FF,F9,02,03,FA,07,0031,1,9,-1,-7,2,3,-6,7,49,35,8,16,10,100
9767,00,FE,06,04,02,07,0A,00,0063,0,-2,6,4,2,7,10,0,99,145,8,16,10,100
9768,FA,FC,01,05,FF,05,F6,FB,FFF3,-6,-4,1,5,-1,5,-10,-5,-13,-62,8,16,10,100
9769,08,07,F9,01,07,FF,0A,06,0028,8,7,-7,1,7,-1,10,6,40,25,8,16,10,100
9770,07,02,FB,05,FC,09,06,F9,004E,7,2,-5,5,-4,9,6,-7,78,3,8,16,10,100
9771,00,09,FD,F9,FE,F6,05,0A,FFA0,0,9,-3,-7,-2,-10,5,10,-96,-271,8,16,10,100
9772,F6,FC,06,F9,04,07,0A,07,FFA3,-10,-4,6,-7,4,7,10,7,-93,-150,8,16,10,100
9773,FF,04,00,02,FE,03,08,08,FFCF,-1,4,0,2,-2,3,8,8,-49,-19,8,16,10,100
9774,09,FC,02,FB,F8,FB,08,03,0031,9,-4,2,-5,-8,-5,8,3,49,-2,8,16,10,100
9775,FE,04,FB,02,F8,00,05,03,FFE8,-2,4,-5,2,-8,0,5,3,-24,-27,8,16,10,100
9776,07,F7,F9,01,05,FF,F6,04,000A,7,-9,-7,1,5,-1,-10,4,10,128,8,16,10,100
9777,F7,06,09,09,00,09,09,06,001E,-9,6,9,9,0,9,9,6,30,219,8,16,10,100
9778,08,05,FF,F6,07,FD,05,00,FFBA,8,5,-1,-10,7,-3,5,0,-70,-34,8,16,10,100
9779,00,FD,FA,06,F9,08,F7,FE,0037,0,-3,-6,6,-7,8,-9,-2,55,73,8,16,10,100
9780,F9,FD,F6,02,03,01,05,05,FFE9,-7,-3,-10,2,3,1,5,5,-23,-87,8,16,10,100
9781,05,02,FC,FB,F8,F9,F9,0A,0041,5,2,-4,-5,-8,-7,-7,10,65,-11,8,16,10,100
9782,F7,FF,F7,04,FE,04,0A,F8,FFDD,-9,-1,-9,4,-2,4,10,-8,-35,-143,8,16,10,100
9783,FE,05,02,09,08,FB,FA,04,FFED,-2,5,2,9,8,-5,-6,4,-19,-36,8,16,10,100
9784,00,08,07,04,FA,FA,07,FF,FFD7,0,8,7,4,-6,-6,7,-1,-41,-44,8,16,10,100
9785,01,07,04,09,FC,06,FB,0A,0002,1,7,4,9,-4,6,-5,10,2,110,8,16,10,100
9786,03,05,03,01,07,09,03,FE,0011,3,5,3,1,7,9,3,-2,17,90,8,16,10,100
9787,05,03,04,FE,05,02,04,FD,FFB6,5,3,4,-2,5,2,4,-3,-74,-21,8,16,10,100
9788,FD,09,03,08,F8,F8,F6,FA,FFF1,-3,9,3,8,-8,-8,-10,-6,-15,-141,8,16,10,100
9789,FF,F9,07,06,FC,00,02,08,0056,-1,-7,7,6,-4,0,2,8,86,152,8,16,10,100
9790,01,00,F8,04,F8,F7,02,F8,0041,1,0,-8,4,-8,-9,2,-8,65,9,8,16,10,100
9791,F7,F9,FE,FD,F9,F7,01,01,FFFF,-9,-7,-2,-3,-7,-9,1,1,-1,120,8,16,10,100
9792,FE,F9,09,F6,FB,0A,02,FB,FF9C,-2,-7,9,-10,-5,10,2,-5,-100,-92,8,16,10,100
9793,FA,F8,01,08,02,FC,FC,FC,FFD7,-6,-8,1,8,2,-4,-4,-4,-41,-57,8,16,10,100
9794,08,0A,F7,FB,0A,09,FB,09,FF9C,8,10,-9,-5,10,9,-5,9,-100,70,8,16,10,100
9795,05,F7,00,01,F8,F7,09,01,0056,5,-9,0,1,-8,-9,9,1,86,128,8,16,10,100
9796,08,FD,06,04,01,FF,04,F9,0030,8,-3,6,4,1,-1,4,-7,48,55,8,16,10,100
9797,FD,F7,FD,08,FA,FF,FB,FD,FFAA,-3,-9,-3,8,-6,-1,-5,-3,-86,-68,8,16,10,100
9798,07,F6,08,03,03,F8,FF,FF,FFEE,7,-10,8,3,3,-8,-1,-1,-18,72,8,16,10,100
9799,FA,F6,FC,FE,0A,FE,F6,01,FFA3,-6,-10,-4,-2,10,-2,-10,1,-93,-95,8,16,10,100
9800,07,FB,FE,09,FE,06,FC,0A,FFDF,7,-5,-2,9,-2,6,-4,10,-33,21,8,16,10,100
9801,02,F9,02,01,02,07,F8,FA,FFE2,2,-7,2,1,2,7,-8,-6,-30,-97,8,16,10,100
9802,F7,FA,07,03,FB,06,FF,F6,FFD0,-9,-6,7,3,-5,6,-1,-10,-48,-76,8,16,10,100
9803,F6,FD,01,07,00,F6,00,02,0049,-10,-3,1,7,0,-10,0,2,73,117,8,16,10,100
9804,01,FE,FE,FE,FA,05,08,01,002B,1,-2,-2,-2,-6,5,8,1,43,9,8,16,10,100
9805,FA,F8,F8,FD,06,06,FD,F7,FFFF,-6,-8,-8,-3,6,6,-3,-9,-1,-34,8,16,10,100
9806,FB,03,08,F8,09,FD,FF,03,FFE7,-5,3,8,-8,9,-3,-1,3,-25,-111,8,16,10,100
9807,0A,07,0A,F7,02,FD,04,00,FFFF,10,7,10,-9,2,-3,4,0,-1,38,8,16,10,100
9808,04,09,FE,0A,FA,F7,09,F9,FFEC,4,9,-2,10,-6,-9,9,-7,-20,-213,8,16,10,100
9809,F7,F8,08,03,FE,FD,F9,FC,FFE1,-9,-8,8,3,-2,-3,-7,-4,-31,-57,8,16,10,100
9810,09,07,00,FC,0A,FC,08,0A,FFF0,9,7,0,-4,10,-4,8,10,-16,6,8,16,10,100
9811,08,01,09,F7,08,06,F6,02,0026,8,1,9,-9,8,6,-10,2,38,0,8,16,10,100
9812,FB,00,06,02,08,FF,FF,07,0011,-5,0,6,2,8,-1,-1,7,17,-15,8,16,10,100
9813,00,04,04,FB,09,03,09,FE,002D,0,4,4,-5,9,3,9,-2,45,103,8,16,10,100
9814,04,02,F6,09,07,FE,F7,01,FFA1,4,2,-10,9,7,-2,-9,1,-95,28,8,16,10,100
9815,FA,07,09,02,02,07,FF,0A,0040,-6,7,9,2,2,7,-1,10,64,112,8,16,10,100
9816,03,02,07,FE,03,FB,07,F7,FFBD,3,2,7,-2,3,-5,7,-9,-67,-1,8,16,10,100
9817,FD,F8,09,09,FD,FC,01,09,FFC1,-3,-8,9,9,-3,-4,1,9,-63,68,8,16,10,100
9818,02,FD,04,0A,FA,F6,03,05,0029,2,-3,4,10,-6,-10,3,5,41,121,8,16,10,100
9819,02,08,F7,0A,00,F7,06,FE,0036,2,8,-9,10,0,-9,6,-2,54,-92,8,16,10,100
9820,04,00,F7,09,03,00,F8,F9,FFD8,4,0,-9,9,3,0,-8,-7,-40,-19,8,16,10,100
9821,05,FB,FA,06,0A,FB,07,06,FFE9,5,-5,-6,6,10,-5,7,6,-23,46,8,16,10,100
9822,04,06,F8,06,FE,04,04,0A,000A,4,6,-8,6,-2,4,4,10,10,54,8,16,10,100
9823,06,01,FF,FA,FA,07,F7,F8,FFE4,6,1,-1,-6,-6,7,-9,-8,-28,0,8,16,10,100
9824,09,07,FB,05,02,06,F7,07,0009,9,7,-5,5,2,6,-9,7,9,149,8,16,10,100
9825,01,09,08,F7,FC,06,09,01,FFB8,1,9,8,-9,-4,6,9,1,-72,41,8,16,10,100
9826,FC,FD,05,09,09,09,08,08,FFE3,-4,-3,5,9,9,9,8,8,-29,20,8,16,10,100
9827,04,F8,01,FB,F8,01,FD,FA,0010,4,-8,1,-5,-8,1,-3,-6,16,3,8,16,10,100
9828,F7,05,FD,FC,05,02,00,09,FFA6,-9,5,-3,-4,5,2,0,9,-90,-161,8,16,10,100
9829,01,03,04,FE,01,FC,F9,FF,FFF6,1,3,4,-2,1,-4,-7,-1,-10,-47,8,16,10,100
9830,FA,09,09,F6,FB,02,FF,06,0040,-6,9,9,-10,-5,2,-1,6,64,43,8,16,10,100
9831,06,00,05,FC,FE,0A,06,FA,0049,6,0,5,-4,-2,10,6,-6,73,115,8,16,10,100
9832,01,07,FB,09,F6,FC,FB,01,FF9C,1,7,-5,9,-10,-4,-5,1,-100,-104,8,16,10,100
9833,FB,FB,07,FF,FB,FD,06,FE,0007,-5,-5,7,-1,-5,-3,6,-2,7,91,8,16,10,100
9834,F8,F6,0A,FE,FA,07,04,F9,FFEE,-8,-10,10,-2,-6,7,4,-7,-18,14,8,16,10,100
9835,06,03,F9,07,09,06,F6,FD,0000,6,3,-7,7,9,6,-10,-3,0,121,8,16,10,100
9836,FD,F9,06,FF,F9,FD,01,FC,FFE1,-3,-7,6,-1,-7,-3,1,-4,-31,21,8,16,10,100
9837,FC,FF,03,F7,07,03,01,FB,001C,-4,-1,3,-9,7,3,1,-5,28,45,8,16,10,100
9838,07,04,FA,05,FF,06,FA,F9,0008,7,4,-6,5,-1,6,-6,-7,8,26,8,16,10,100
9839,09,09,FB,09,FD,01,06,F9,0059,9,9,-5,9,-3,1,6,-7,89,-22,8,16,10,100
9840,08,FB,FB,07,F6,FF,F9,FA,FFAA,8,-5,-5,7,-10,-1,-7,-6,-86,-168,8,16,10,100
9841,06,F8,09,01,FD,FB,F8,03,FFEA,6,-8,9,1,-3,-5,-8,3,-22,-69,8,16,10,100
9842,03,05,FB,07,FC,04,0A,FF,0044,3,5,-5,7,-4,4,10,-1,68,19,8,16,10,100
9843,05,07,FE,06,06,FF,FA,F7,0029,5,7,-2,6,6,-1,-6,-9,41,22,8,16,10,100
9844,06,05,05,F9,00,06,07,09,FFFC,6,5,5,-7,0,6,7,9,-4,-2,8,16,10,100
9845,FA,FB,FF,FC,04,F8,04,FF,0041,-6,-5,-1,-4,4,-8,4,-1,65,81,8,16,10,100
9846,04,00,03,03,05,FB,01,08,FFAA,4,0,3,3,5,-5,1,8,-86,-39,8,16,10,100
9847,08,01,03,FD,06,FD,09,F6,0045,8,1,3,-3,6,-3,9,-10,69,171,8,16,10,100
9848,05,07,F6,08,F9,03,FB,0A,003A,5,7,-10,8,-7,3,-5,10,58,174,8,16,10,100
9849,FC,04,F8,FC,07,08,07,F9,FFF8,-4,4,-8,-4,7,8,7,-7,-8,-32,8,16,10,100
9850,08,F8,FF,08,01,F6,FB,F7,FFC3,8,-8,-1,8,1,-10,-5,-9,-61,-40,8,16,10,100
9851,FB,F8,01,07,FB,FD,06,0A,FFEA,-5,-8,1,7,-5,-3,6,10,-22,103,8,16,10,100
9852,FD,FE,FC,FB,05,F8,FF,09,FFE0,-3,-2,-4,-5,5,-8,-1,9,-32,-72,8,16,10,100
9853,01,FE,F9,00,FE,07,FB,FC,FFDB,1,-2,-7,0,-2,7,-5,-4,-37,-18,8,16,10,100
9854,FD,03,FA,03,F7,F6,05,F9,004C,-3,3,-6,3,-9,-10,5,-7,76,22,8,16,10,100
9855,03,09,04,09,06,0A,F7,FD,FFBE,3,9,4,9,6,10,-9,-3,-66,-21,8,16,10,100
9856,F8,FD,06,04,03,0A,F8,00,0011,-8,-3,6,4,3,10,-8,0,17,-85,8,16,10,100
9857,02,07,FB,09,03,FA,02,FE,FFF4,2,7,-5,9,3,-6,2,-2,-12,-76,8,16,10,100
9858,FA,FF,FE,F9,F8,03,FB,F9,0034,-6,-1,-2,-7,-8,3,-5,-7,52,156,8,16,10,100
9859,01,03,F8,01,F6,01,01,FD,FFFB,1,3,-8,1,-10,1,1,-3,-5,-23,8,16,10,100
9860,06,FD,0A,FF,02,F9,FA,03,0057,6,-3,10,-1,2,-7,-6,3,87,57,8,16,10,100
9861,F9,09,07,03,00,03,FF,02,FFEE,-7,9,7,3,0,3,-1,2,-18,8,8,16,10,100
9862,00,07,03,FF,04,FC,04,FC,FFE3,0,7,3,-1,4,-4,4,-4,-29,-41,8,16,10,100
9863,04,08,08,F7,F9,F7,09,03,FFBB,4,8,8,-9,-7,-9,9,3,-69,-124,8,16,10,100
9864,0A,04,F6,FA,FC,F8,FA,FF,0021,10,4,-10,-6,-4,-8,-6,-1,33,27,8,16,10,100
9865,FE,FD,FD,F7,08,04,09,FD,0039,-2,-3,-3,-9,8,4,9,-3,57,29,8,16,10,100
9866,0A,FE,02,FA,FD,03,FB,01,FFA2,10,-2,2,-6,-3,3,-5,1,-94,-146,8,16,10,100
9867,05,FD,08,FE,FB,FE,FE,FB,005E,5,-3,8,-2,-5,-2,-2,-5,94,69,8,16,10,100
9868,02,08,04,F6,FE,07,06,03,003B,2,8,4,-10,-2,7,6,3,59,105,8,16,10,100
9869,09,F8,09,FD,07,F7,08,04,FFDA,9,-8,9,-3,7,-9,8,4,-38,157,8,16,10,100
9870,05,09,FE,FE,06,F7,08,FB,FFE0,5,9,-2,-2,6,-9,8,-5,-32,-89,8,16,10,100
9871,FC,05,F7,07,0A,08,0A,F8,FFC6,-4,5,-9,7,10,8,10,-8,-58,-204,8,16,10,100
9872,FE,09,03,07,F6,03,00,F6,FFA0,-2,9,3,7,-10,3,0,-10,-96,-119,8,16,10,100
9873,00,00,09,00,FE,0A,F7,02,0019,0,0,9,0,-2,10,-9,2,25,-56,8,16,10,100
9874,FA,0A,03,09,F9,FA,F8,00,0053,-6,10,3,9,-7,-6,-8,0,83,41,8,16,10,100
9875,03,02,01,08,03,F9,08,F6,FFBA,3,2,1,8,3,-7,8,-10,-70,-147,8,16,10,100
9876,FC,FC,FD,04,08,01,07,03,FFA6,-4,-4,-3,4,8,1,7,3,-90,-135,8,16,10,100
9877,04,08,06,08,0A,FB,04,02,FF9C,4,8,6,8,10,-5,4,2,-100,-60,8,16,10,100
9878,07,07,FE,08,06,01,FE,FF,FFAE,7,7,-2,8,6,1,-2,-1,-82,-37,8,16,10,100
9879,FC,F6,04,08,00,02,02,09,FFD4,-4,-10,4,8,0,2,2,9,-44,16,8,16,10,100
9880,FB,01,01,FF,FA,01,06,FD,FFE7,-5,1,1,-1,-6,1,6,-3,-25,15,8,16,10,100
9881,FE,F6,FB,F7,01,FD,04,FE,FF9E,-2,-10,-5,-9,1,-3,4,-2,-98,-72,8,16,10,100
9882,00,05,F7,09,F6,00,08,FC,000D,0,5,-9,9,-10,0,8,-4,13,-95,8,16,10,100
9883,FD,04,00,0A,02,09,01,FB,FFD0,-3,4,0,10,2,9,1,-5,-48,-68,8,16,10,100
9884,FD,FF,FD,FB,03,00,01,08,0061,-3,-1,-3,-5,3,0,1,8,97,45,8,16,10,100
9885,02,F6,06,05,05,08,FA,FD,001C,2,-10,6,5,5,8,-6,-3,28,-93,8,16,10,100
9886,08,FE,09,06,01,04,09,FB,0036,8,-2,9,6,1,4,9,-5,54,105,8,16,10,100
9887,FE,F6,07,06,09,FF,01,08,0064,-2,-10,7,6,9,-1,1,8,100,147,8,16,10,100
9888,02,0A,02,00,01,03,FC,F9,FFF2,2,10,2,0,1,3,-4,-7,-14,10,8,16,10,100
9889,04,05,FA,FE,04,FC,F8,09,0021,4,5,-6,-2,4,-4,-8,9,33,59,8,16,10,100
9890,04,04,F8,FA,01,FC,FF,F7,FFE1,4,4,-8,-6,1,-4,-1,-9,-31,19,8,16,10,100
9891,07,F6,FA,09,03,03,04,08,0006,7,-10,-6,9,3,3,4,8,6,45,8,16,10,100
9892,F6,03,0A,00,FE,06,F8,FD,0046,-10,3,10,0,-2,6,-8,-3,70,28,8,16,10,100
9893,FA,05,06,FF,07,F8,FC,01,FFD0,-6,5,6,-1,7,-8,-4,1,-48,-155,8,16,10,100
9894,FE,FC,05,F7,0A,0A,00,F6,FFD3,-2,-4,5,-9,10,10,0,-10,-45,-15,8,16,10,100
9895,00,03,FC,05,09,FB,02,06,0058,0,3,-4,5,9,-5,2,6,88,95,8,16,10,100
9896,05,08,F7,FE,0A,FC,FD,F8,FFE9,5,8,-9,-2,10,-4,-3,-8,-23,38,8,16,10,100
9897,08,F7,07,FA,FC,04,F7,02,FFD3,8,-9,7,-6,-4,4,-9,2,-45,-188,8,16,10,100
9898,F6,FC,06,FB,F7,03,FA,F7,FFF6,-10,-4,6,-5,-9,3,-6,-9,-10,77,8,16,10,100
9899,08,F8,09,08,00,FD,07,F8,0014,8,-8,9,8,0,-3,7,-8,20,43,8,16,10,100
9900,F7,02,08,00,01,06,04,05,FFC9,-9,2,8,0,1,6,4,5,-55,-20,8,16,10,100
9901,F6,02,06,05,FB,05,F9,FF,FFDB,-10,2,6,5,-5,5,-7,-1,-37,-24,8,16,10,100
9902,09,01,09,FD,FE,05,01,02,FFB6,9,1,9,-3,-2,5,1,2,-74,-84,8,16,10,100
9903,01,0A,FB,FD,FF,FB,F8,FA,FFD3,1,10,-5,-3,-1,-5,-8,-6,-45,-38,8,16,10,100
9904,F9,00,FA,F7,F8,F9,FA,00,0047,-7,0,-6,-9,-8,-7,-6,0,71,163,8,16,10,100
9905,06,00,FC,FC,FB,03,FE,01,0005,6,0,-4,-4,-5,3,-2,1,5,-21,8,16,10,100
9906,05,F8,02,FE,06,FC,09,03,FFAD,5,-8,2,-2,6,-4,9,3,-83,-9,8,16,10,100
9907,09,08,06,06,F9,FA,01,F6,0059,9,8,6,6,-7,-6,1,-10,89,-76,8,16,10,100
9908,FD,FC,F6,01,00,04,FB,00,0033,-3,-4,-10,1,0,4,-5,0,51,85,8,16,10,100
9909,04,04,0A,01,04,FD,00,03,FFE8,4,4,10,1,4,-3,0,3,-24,-17,8,16,10,100
9910,08,02,F7,05,F9,09,F7,0A,0041,8,2,-9,5,-7,9,-9,10,65,158,8,16,10,100
9911,FA,00,F6,09,00,FA,F8,04,0044,-6,0,-10,9,0,-6,-8,4,68,184,8,16,10,100
9912,02,06,02,00,00,FB,F7,FC,0009,2,6,2,0,0,-5,-9,-4,9,-39,8,16,10,100
9913,F8,FA,06,06,03,00,F9,F7,FFB5,-8,-6,6,6,3,0,-7,-9,-75,-195,8,16,10,100
9914,06,F7,FD,FE,07,FA,F9,03,FFA7,6,-9,-3,-2,7,-6,-7,3,-89,22,8,16,10,100
9915,06,FA,FF,08,FF,FA,0A,F9,000C,6,-6,-1,8,-1,-6,10,-7,12,-24,8,16,10,100
9916,09,F8,F6,F9,F8,F8,02,FF,FFFF,9,-8,-10,-7,-8,-8,2,-1,-1,-22,8,16,10,100
9917,FE,F8,FB,FA,0A,F6,02,08,0003,-2,-8,-5,-6,10,-10,2,8,3,5,8,16,10,100
9918,03,FE,FD,F6,FE,FC,08,FA,FFC8,3,-2,-3,-10,-2,-4,8,-6,-56,-18,8,16,10,100
9919,F9,FC,FF,08,F7,FC,00,07,FFDC,-7,-4,-1,8,-9,-4,0,7,-36,99,8,16,10,100
9920,FB,05,07,FC,FA,FF,FD,FC,0042,-5,5,7,-4,-6,-1,-3,-4,66,86,8,16,10,100
9921,F7,FA,FE,00,01,FE,FD,05,004C,-9,-6,-2,0,1,-2,-3,5,76,85,8,16,10,100
9922,01,F9,0A,FE,FA,FD,01,07,0028,1,-7,10,-2,-6,-3,1,7,40,51,8,16,10,100
9923,FD,F6,FA,01,00,FF,F6,08,0026,-3,-10,-6,1,0,-1,-10,8,38,116,8,16,10,100
9924,F9,09,FE,F7,F7,01,06,F8,FFEE,-7,9,-2,-9,-9,1,6,-8,-18,114,8,16,10,100
9925,0A,FD,03,06,FA,09,FD,F6,FFE6,10,-3,3,6,-6,9,-3,-10,-26,-182,8,16,10,100
9926,06,08,FD,F6,F9,0A,06,FB,FFC3,6,8,-3,-10,-7,10,6,-5,-61,9,8,16,10,100
9927,08,FC,0A,F8,FE,04,05,F9,FFDE,8,-4,10,-8,-2,4,5,-7,-34,40,8,16,10,100
9928,FE,FE,05,00,F8,F8,FB,FA,0029,-2,-2,5,0,-8,-8,-5,-6,41,48,8,16,10,100
9929,FF,F8,04,02,FF,FA,FA,FB,0000,-1,-8,4,2,-1,-6,-6,-5,0,15,8,16,10,100
9930,07,F8,05,02,05,08,F8,FB,002C,7,-8,5,2,5,8,-8,-5,44,-35,8,16,10,100
9931,FD,F7,F8,FF,0A,FC,04,09,FFDA,-3,-9,-8,-1,10,-4,4,9,-38,-73,8,16,10,100
9932,FC,0A,04,00,F7,0A,05,FD,FF9F,-4,10,4,0,-9,10,5,-3,-97,59,8,16,10,100
9933,04,F9,F9,FB,08,FD,FA,06,FFA6,4,-7,-7,-5,8,-3,-6,6,-90,-25,8,16,10,100
9934,0A,05,FE,FD,07,FC,0A,04,FFFE,10,5,-2,-3,7,-4,10,4,-2,16,8,16,10,100
9935,F7,00,0A,FB,00,06,07,05,0016,-9,0,10,-5,0,6,7,5,22,67,8,16,10,100
9936,09,F7,03,02,05,F9,FE,F7,FFB3,9,-9,3,2,5,-7,-2,-9,-77,7,8,16,10,100
9937,F7,FF,F6,FB,FF,05,02,F7,0006,-9,-1,-10,-5,-1,5,2,-9,6,35,8,16,10,100
9938,FB,03,04,01,FD,04,08,FD,FFF4,-5,3,4,1,-3,4,8,-3,-12,44,8,16,10,100
9939,04,07,07,09,F8,03,09,FF,FFEF,4,7,7,9,-8,3,9,-1,-17,26,8,16,10,100
9940,FE,00,0A,F8,FC,01,FB,FD,005D,-2,0,10,-8,-4,1,-5,-3,93,75,8,16,10,100
9941,07,F7,F9,FD,09,0A,08,FB,0008,7,-9,-7,-3,9,10,8,-5,8,-60,8,16,10,100
9942,08,06,F8,03,FC,01,05,00,0059,8,6,-8,3,-4,1,5,0,89,23,8,16,10,100
9943,F9,F7,05,03,FB,F7,02,F8,FFBB,-7,-9,5,3,-5,-9,2,-8,-69,33,8,16,10,100
9944,08,0A,F7,FE,F6,F8,0A,FA,0048,8,10,-9,-2,-10,-8,10,-6,72,-166,8,16,10,100
9945,F6,05,07,F9,02,09,F8,00,0054,-10,5,7,-7,2,9,-8,0,84,53,8,16,10,100
9946,04,FD,F6,05,01,FC,03,08,0027,4,-3,-10,5,1,-4,3,8,39,65,8,16,10,100
9947,F6,FC,FD,02,F7,0A,0A,03,FFAB,-10,-4,-3,2,-9,10,10,3,-85,-59,8,16,10,100
9948,FB,06,F7,04,FF,FD,02,F6,FFF4,-5,6,-9,4,-1,-3,2,-10,-12,-83,8,16,10,100
9949,FB,00,F6,F9,FA,FA,02,F9,0043,-5,0,-10,-7,-6,-6,2,-7,67,126,8,16,10,100
9950,FC,08,F6,09,FF,06,F8,FD,FFF3,-4,8,-10,9,-1,6,-8,-3,-13,92,8,16,10,100
9951,F6,FC,00,08,02,04,03,04,FFA8,-10,-4,0,8,2,4,3,4,-88,-92,8,16,10,100
9952,F8,06,FE,F6,F9,F6,FA,F7,0063,-8,6,-2,-10,-7,-10,-6,-9,99,197,8,16,10,100
9953,05,F9,0A,00,09,08,F8,F9,0013,5,-7,10,0,9,8,-8,-7,19,-72,8,16,10,100
9954,09,0A,F8,F7,00,F8,0A,FE,FFB9,9,10,-8,-9,0,-8,10,-2,-71,-213,8,16,10,100
9955,09,01,09,06,F9,03,F7,FB,0045,9,1,9,6,-7,3,-9,-5,69,-102,8,16,10,100
9956,06,FE,FB,05,06,04,F8,06,FFB6,6,-2,-5,5,6,4,-8,6,-74,24,8,16,10,100
9957,08,F9,02,FE,07,03,FC,06,FFCA,8,-7,2,-2,7,3,-4,6,-54,-39,8,16,10,100
9958,F6,02,0A,04,0A,FF,F7,FA,0062,-10,2,10,4,10,-1,-9,-6,98,-118,8,16,10,100
9959,08,F6,09,04,F9,FC,03,FA,FF9E,8,-10,9,4,-7,-4,3,-6,-98,-111,8,16,10,100
9960,FA,F6,F8,FF,FC,F9,07,01,FFF3,-6,-10,-8,-1,-4,-7,7,1,-13,24,8,16,10,100
9961,08,F9,F7,FF,01,F6,01,FF,FFD7,8,-7,-9,-1,1,-10,1,-1,-41,29,8,16,10,100
9962,01,07,F7,FB,F9,FE,00,FB,0022,1,7,-9,-5,-7,-2,0,-5,34,38,8,16,10,100
9963,F8,FF,F8,02,05,00,FD,FF,0012,-8,-1,-8,2,5,0,-3,-1,18,0,8,16,10,100
9964,01,08,07,F6,FD,07,09,08,0006,1,8,7,-10,-3,7,9,8,6,42,8,16,10,100
9965,F7,01,FA,02,FE,05,05,F7,0042,-9,1,-6,2,-2,5,5,-9,66,41,8,16,10,100
9966,01,09,F6,FB,FD,06,FA,01,0016,1,9,-10,-5,-3,6,-6,1,22,128,8,16,10,100
9967,01,06,04,0A,09,F8,05,FE,FFB8,1,6,4,10,9,-8,5,-2,-72,-111,8,16,10,100
9968,FC,F6,0A,FA,00,08,00,FB,0011,-4,-10,10,-6,0,8,0,-5,17,-33,8,16,10,100
9969,FE,F9,F7,02,FA,F6,F6,FE,0052,-2,-7,-9,2,-6,-10,-10,-2,82,250,8,16,10,100
9970,04,05,F7,F8,01,08,FF,0A,FFC6,4,5,-9,-8,1,8,-1,10,-58,-85,8,16,10,100
9971,F7,08,08,03,03,02,FE,08,005F,-9,8,8,3,3,2,-2,8,95,92,8,16,10,100
9972,09,F6,F6,FE,F7,07,F8,FF,004B,9,-10,-10,-2,-9,7,-8,-1,75,6,8,16,10,100
9973,FE,05,08,06,0A,F8,07,FF,FFB1,-2,5,8,6,10,-8,7,-1,-79,-89,8,16,10,100
9974,03,FE,02,F7,0A,FC,FC,F6,FFFC,3,-2,2,-9,10,-4,-4,-10,-4,116,8,16,10,100
9975,07,FF,08,FD,FD,00,F9,FA,0046,7,-1,8,-3,-3,0,-7,-6,70,11,8,16,10,100
9976,05,FC,04,FB,F7,FB,F9,05,0022,5,-4,4,-5,-9,-5,-7,5,34,-44,8,16,10,100
9977,00,07,04,FD,01,03,FD,F9,FFC8,0,7,4,-3,1,3,-3,-7,-56,-26,8,16,10,100
9978,F7,F7,02,06,FA,FA,00,07,004C,-9,-9,2,6,-6,-6,0,7,76,226,8,16,10,100
9979,FA,07,FA,FC,0A,F8,02,0A,0046,-6,7,-6,-4,10,-8,2,10,70,-98,8,16,10,100
9980,FB,04,FD,F6,FA,F6,FB,F9,0000,-5,4,-3,-10,-6,-10,-5,-7,0,75,8,16,10,100
9981,0A,F8,03,FD,FB,01,FF,03,FFC3,10,-8,3,-3,-5,1,-1,3,-61,-131,8,16,10,100
9982,F8,09,FB,F6,FB,FB,04,FD,FFEE,-8,9,-5,-10,-5,-5,4,-3,-18,-13,8,16,10,100
9983,04,FE,F9,0A,0A,06,01,FF,FFAD,4,-2,-7,10,10,6,1,-1,-83,-72,8,16,10,100
9984,02,F9,F7,FC,0A,01,06,F8,0056,2,-7,-9,-4,10,1,6,-8,86,77,8,16,10,100
9985,FA,07,07,01,09,01,02,FB,0057,-6,7,7,1,9,1,2,-5,87,49,8,16,10,100
9986,FC,05,F8,FE,02,F8,02,0A,0018,-4,5,-8,-2,2,-8,2,10,24,-60,8,16,10,100
9987,09,FE,04,05,FC,F8,02,07,FFF4,9,-2,4,5,-4,-8,2,7,-12,11,8,16,10,100
9988,F9,FD,04,01,00,06,FC,00,000B,-7,-3,4,1,0,6,-4,0,11,-23,8,16,10,100
9989,F9,03,02,08,FC,04,01,00,FFEF,-7,3,2,8,-4,4,1,0,-17,25,8,16,10,100
9990,F8,FE,07,07,07,05,F8,FF,FFBD,-8,-2,7,7,7,5,-8,-1,-67,-196,8,16,10,100
9991,F9,03,04,F7,03,02,FB,F6,FFB0,-7,3,4,-9,3,2,-5,-10,-80,-25,8,16,10,100
9992,F6,05,01,00,02,FE,F6,FD,FFC8,-10,5,1,0,2,-2,-10,-3,-56,-96,8,16,10,100
9993,00,00,09,03,04,03,07,01,FFCD,0,0,9,3,4,3,7,1,-51,15,8,16,10,100
9994,00,05,08,00,F6,F7,FE,F9,FFC4,0,5,8,0,-10,-9,-2,-7,-60,-121,8,16,10,100
9995,05,0A,FA,09,F7,01,FD,FE,FFF1,5,10,-6,9,-9,1,-3,-2,-15,-50,8,16,10,100
9996,F6,F6,04,FD,08,01,FB,FC,0016,-10,-10,4,-3,8,1,-5,-4,22,-76,8,16,10,100
9997,08,FB,F9,0A,05,03,FA,08,0020,8,-5,-7,10,5,3,-6,8,32,179,8,16,10,100
9998,F7,00,FB,FD,02,FF,FC,F6,0025,-9,0,-5,-3,2,-1,-4,-10,37,69,8,16,10,100
9999,FB,07,FE,F9,FD,FE,06,06,0008,-5,7,-2,-7,-3,-2,6,6,8,-45,8,16,10,100
