row,vector_id,target,operand_index,bit,stuck_at,original,faulty,activated,golden,faulty_result,faulty_is_nar,class
0,0,A0,0,0,0,12,12,False,EE,EE,False,Not activated
1,0,A0,0,0,1,12,13,True,EE,EF,False,SDC
2,0,A0,0,1,0,12,10,True,EE,EE,False,Masked
3,0,A0,0,1,1,12,12,False,EE,EE,False,Not activated
4,0,A0,0,2,0,12,12,False,EE,EE,False,Not activated
5,0,A0,0,2,1,12,16,True,EE,F0,False,SDC
6,0,A0,0,3,0,12,12,False,EE,EE,False,Not activated
7,0,A0,0,3,1,12,1A,True,EE,F2,False,SDC
8,0,A0,0,4,0,12,02,True,EE,E7,False,SDC
9,0,A0,0,4,1,12,12,False,EE,EE,False,Not activated
10,0,A0,0,5,0,12,12,False,EE,EE,False,Not activated
11,0,A0,0,5,1,12,32,True,EE,FD,False,SDC
12,0,A0,0,6,0,12,12,False,EE,EE,False,Not activated
13,0,A0,0,6,1,12,52,True,EE,15,False,SDC
14,0,A0,0,7,0,12,12,False,EE,EE,False,Not activated
15,0,A0,0,7,1,12,92,True,EE,9F,False,SDC
16,0,A1,1,0,0,C3,C2,True,EE,EE,False,Masked
17,0,A1,1,0,1,C3,C3,False,EE,EE,False,Not activated
18,0,A1,1,1,0,C3,C1,True,EE,ED,False,SDC
19,0,A1,1,1,1,C3,C3,False,EE,EE,False,Not activated
20,0,A1,1,2,0,C3,C3,False,EE,EE,False,Not activated
21,0,A1,1,2,1,C3,C7,True,EE,F0,False,SDC
22,0,A1,1,3,0,C3,C3,False,EE,EE,False,Not activated
23,0,A1,1,3,1,C3,CB,True,EE,F1,False,SDC
24,0,A1,1,4,0,C3,C3,False,EE,EE,False,Not activated
25,0,A1,1,4,1,C3,D3,True,EE,F4,False,SDC
26,0,A1,1,5,0,C3,C3,False,EE,EE,False,Not activated
27,0,A1,1,5,1,C3,E3,True,EE,FA,False,SDC
28,0,A1,1,6,0,C3,83,True,EE,88,False,SDC
29,0,A1,1,6,1,C3,C3,False,EE,EE,False,Not activated
30,0,A1,1,7,0,C3,43,True,EE,1D,False,SDC
31,0,A1,1,7,1,C3,C3,False,EE,EE,False,Not activated
32,0,A2,2,0,0,E3,E2,True,EE,EE,False,Masked
33,0,A2,2,0,1,E3,E3,False,EE,EE,False,Not activated
34,0,A2,2,1,0,E3,E1,True,EE,ED,False,SDC
35,0,A2,2,1,1,E3,E3,False,EE,EE,False,Not activated
36,0,A2,2,2,0,E3,E3,False,EE,EE,False,Not activated
37,0,A2,2,2,1,E3,E7,True,EE,F1,False,SDC
38,0,A2,2,3,0,E3,E3,False,EE,EE,False,Not activated
39,0,A2,2,3,1,E3,EB,True,EE,F5,False,SDC
40,0,A2,2,4,0,E3,E3,False,EE,EE,False,Not activated
41,0,A2,2,4,1,E3,F3,True,EE,FB,False,SDC
42,0,A2,2,5,0,E3,C3,True,EE,D5,False,SDC
43,0,A2,2,5,1,E3,E3,False,EE,EE,False,Not activated
44,0,A2,2,6,0,E3,A3,True,EE,B2,False,SDC
45,0,A2,2,6,1,E3,E3,False,EE,EE,False,Not activated
46,0,A2,2,7,0,E3,63,True,EE,5B,False,SDC
47,0,A2,2,7,1,E3,E3,False,EE,EE,False,Not activated
48,0,A3,3,0,0,DD,DC,True,EE,EF,False,SDC
49,0,A3,3,0,1,DD,DD,False,EE,EE,False,Not activated
50,0,A3,3,1,0,DD,DD,False,EE,EE,False,Not activated
51,0,A3,3,1,1,DD,DF,True,EE,EC,False,SDC
52,0,A3,3,2,0,DD,D9,True,EE,F1,False,SDC
53,0,A3,3,2,1,DD,DD,False,EE,EE,False,Not activated
54,0,A3,3,3,0,DD,D5,True,EE,F5,False,SDC
55,0,A3,3,3,1,DD,DD,False,EE,EE,False,Not activated
56,0,A3,3,4,0,DD,CD,True,EE,FB,False,SDC
57,0,A3,3,4,1,DD,DD,False,EE,EE,False,Not activated
58,0,A3,3,5,0,DD,DD,False,EE,EE,False,Not activated
59,0,A3,3,5,1,DD,FD,True,EE,D3,False,SDC
60,0,A3,3,6,0,DD,9D,True,EE,48,False,SDC
61,0,A3,3,6,1,DD,DD,False,EE,EE,False,Not activated
62,0,A3,3,7,0,DD,5D,True,EE,9E,False,SDC
63,0,A3,3,7,1,DD,DD,False,EE,EE,False,Not activated
64,0,B0,4,0,0,1E,1E,False,EE,EE,False,Not activated
65,0,B0,4,0,1,1E,1F,True,EE,EF,False,SDC
66,0,B0,4,1,0,1E,1C,True,EE,EE,False,Masked
67,0,B0,4,1,1,1E,1E,False,EE,EE,False,Not activated
68,0,B0,4,2,0,1E,1A,True,EE,ED,False,SDC
69,0,B0,4,2,1,1E,1E,False,EE,EE,False,Not activated
70,0,B0,4,3,0,1E,16,True,EE,EC,False,SDC
71,0,B0,4,3,1,1E,1E,False,EE,EE,False,Not activated
72,0,B0,4,4,0,1E,0E,True,EE,EA,False,SDC
73,0,B0,4,4,1,1E,1E,False,EE,EE,False,Not activated
74,0,B0,4,5,0,1E,1E,False,EE,EE,False,Not activated
75,0,B0,4,5,1,1E,3E,True,EE,F7,False,SDC
76,0,B0,4,6,0,1E,1E,False,EE,EE,False,Not activated
77,0,B0,4,6,1,1E,5E,True,EE,09,False,SDC
78,0,B0,4,7,0,1E,1E,False,EE,EE,False,Not activated
79,0,B0,4,7,1,1E,9E,True,EE,BF,False,SDC
80,0,B1,5,0,0,17,16,True,EE,EF,False,SDC
81,0,B1,5,0,1,17,17,False,EE,EE,False,Not activated
82,0,B1,5,1,0,17,15,True,EE,F0,False,SDC
83,0,B1,5,1,1,17,17,False,EE,EE,False,Not activated
84,0,B1,5,2,0,17,13,True,EE,F2,False,SDC
85,0,B1,5,2,1,17,17,False,EE,EE,False,Not activated
86,0,B1,5,3,0,17,17,False,EE,EE,False,Not activated
87,0,B1,5,3,1,17,1F,True,EE,E6,False,SDC
88,0,B1,5,4,0,17,07,True,EE,FD,False,SDC
89,0,B1,5,4,1,17,17,False,EE,EE,False,Not activated
90,0,B1,5,5,0,17,17,False,EE,EE,False,Not activated
91,0,B1,5,5,1,17,37,True,EE,D0,False,SDC
92,0,B1,5,6,0,17,17,False,EE,EE,False,Not activated
93,0,B1,5,6,1,17,57,True,EE,AE,False,SDC
94,0,B1,5,7,0,17,17,False,EE,EE,False,Not activated
95,0,B1,5,7,1,17,97,True,EE,69,False,SDC
96,0,B2,6,0,0,32,32,False,EE,EE,False,Not activated
97,0,B2,6,0,1,32,33,True,EE,EE,False,Masked
98,0,B2,6,1,0,32,30,True,EE,EF,False,SDC
99,0,B2,6,1,1,32,32,False,EE,EE,False,Not activated
100,0,B2,6,2,0,32,32,False,EE,EE,False,Not activated
101,0,B2,6,2,1,32,36,True,EE,ED,False,SDC
102,0,B2,6,3,0,32,32,False,EE,EE,False,Not activated
103,0,B2,6,3,1,32,3A,True,EE,EB,False,SDC
104,0,B2,6,4,0,32,22,True,EE,F6,False,SDC
105,0,B2,6,4,1,32,32,False,EE,EE,False,Not activated
106,0,B2,6,5,0,32,12,True,EE,FD,False,SDC
107,0,B2,6,5,1,32,32,False,EE,EE,False,Not activated
108,0,B2,6,6,0,32,32,False,EE,EE,False,Not activated
109,0,B2,6,6,1,32,72,True,EE,9F,False,SDC
110,0,B2,6,7,0,32,32,False,EE,EE,False,Not activated
111,0,B2,6,7,1,32,B2,True,EE,30,False,SDC
112,0,B3,7,0,0,CB,CA,True,EE,EF,False,SDC
113,0,B3,7,0,1,CB,CB,False,EE,EE,False,Not activated
114,0,B3,7,1,0,CB,C9,True,EE,EF,False,SDC
115,0,B3,7,1,1,CB,CB,False,EE,EE,False,Not activated
116,0,B3,7,2,0,CB,CB,False,EE,EE,False,Not activated
117,0,B3,7,2,1,CB,CF,True,EE,EC,False,SDC
118,0,B3,7,3,0,CB,C3,True,EE,F2,False,SDC
119,0,B3,7,3,1,CB,CB,False,EE,EE,False,Not activated
120,0,B3,7,4,0,CB,CB,False,EE,EE,False,Not activated
121,0,B3,7,4,1,CB,DB,True,EE,E5,False,SDC
122,0,B3,7,5,0,CB,CB,False,EE,EE,False,Not activated
123,0,B3,7,5,1,CB,EB,True,EE,DC,False,SDC
124,0,B3,7,6,0,CB,8B,True,EE,66,False,SDC
125,0,B3,7,6,1,CB,CB,False,EE,EE,False,Not activated
126,0,B3,7,7,0,CB,4B,True,EE,B1,False,SDC
127,0,B3,7,7,1,CB,CB,False,EE,EE,False,Not activated
128,0,C0,8,0,0,F6,F6,False,EE,EE,False,Not activated
129,0,C0,8,0,1,F6,F7,True,EE,EF,False,SDC
130,0,C0,8,1,0,F6,F4,True,EE,EC,False,SDC
131,0,C0,8,1,1,F6,F6,False,EE,EE,False,Not activated
132,0,C0,8,2,0,F6,F2,True,EE,EA,False,SDC
133,0,C0,8,2,1,F6,F6,False,EE,EE,False,Not activated
134,0,C0,8,3,0,F6,F6,False,EE,EE,False,Not activated
135,0,C0,8,3,1,F6,FE,True,EE,F6,False,SDC
136,0,C0,8,4,0,F6,E6,True,EE,DE,False,SDC
137,0,C0,8,4,1,F6,F6,False,EE,EE,False,Not activated
138,0,C0,8,5,0,F6,D6,True,EE,CE,False,SDC
139,0,C0,8,5,1,F6,F6,False,EE,EE,False,Not activated
140,0,C0,8,6,0,F6,B6,True,EE,B2,False,SDC
141,0,C0,8,6,1,F6,F6,False,EE,EE,False,Not activated
142,0,C0,8,7,0,F6,76,True,EE,76,False,SDC
143,0,C0,8,7,1,F6,F6,False,EE,EE,False,Not activated
144,1,A0,0,0,0,C4,C4,False,44,44,False,Not activated
145,1,A0,0,0,1,C4,C5,True,44,44,False,Masked
146,1,A0,0,1,0,C4,C4,False,44,44,False,Not activated
147,1,A0,0,1,1,C4,C6,True,44,43,False,SDC
148,1,A0,0,2,0,C4,C0,True,44,45,False,SDC
149,1,A0,0,2,1,C4,C4,False,44,44,False,Not activated
150,1,A0,0,3,0,C4,C4,False,44,44,False,Not activated
151,1,A0,0,3,1,C4,CC,True,44,42,False,SDC
152,1,A0,0,4,0,C4,C4,False,44,44,False,Not activated
153,1,A0,0,4,1,C4,D4,True,44,3E,False,SDC
154,1,A0,0,5,0,C4,C4,False,44,44,False,Not activated
155,1,A0,0,5,1,C4,E4,True,44,34,False,SDC
156,1,A0,0,6,0,C4,84,True,44,79,False,SDC
157,1,A0,0,6,1,C4,C4,False,44,44,False,Not activated
158,1,A0,0,7,0,C4,44,True,44,F7,False,SDC
159,1,A0,0,7,1,C4,C4,False,44,44,False,Not activated
160,1,A1,1,0,0,DC,DC,False,44,44,False,Not activated
161,1,A1,1,0,1,DC,DD,True,44,44,False,Masked
162,1,A1,1,1,0,DC,DC,False,44,44,False,Not activated
163,1,A1,1,1,1,DC,DE,True,44,44,False,Masked
164,1,A1,1,2,0,DC,D8,True,44,44,False,Masked
165,1,A1,1,2,1,DC,DC,False,44,44,False,Not activated
166,1,A1,1,3,0,DC,D4,True,44,43,False,SDC
167,1,A1,1,3,1,DC,DC,False,44,44,False,Not activated
168,1,A1,1,4,0,DC,CC,True,44,42,False,SDC
169,1,A1,1,4,1,DC,DC,False,44,44,False,Not activated
170,1,A1,1,5,0,DC,DC,False,44,44,False,Not activated
171,1,A1,1,5,1,DC,FC,True,44,4A,False,SDC
172,1,A1,1,6,0,DC,9C,True,44,23,False,SDC
173,1,A1,1,6,1,DC,DC,False,44,44,False,Not activated
174,1,A1,1,7,0,DC,5C,True,44,5C,False,SDC
175,1,A1,1,7,1,DC,DC,False,44,44,False,Not activated
176,1,A2,2,0,0,01,00,True,44,44,False,Masked
177,1,A2,2,0,1,01,01,False,44,44,False,Not activated
178,1,A2,2,1,0,01,01,False,44,44,False,Not activated
179,1,A2,2,1,1,01,03,True,44,44,False,Masked
180,1,A2,2,2,0,01,01,False,44,44,False,Not activated
181,1,A2,2,2,1,01,05,True,44,44,False,Masked
182,1,A2,2,3,0,01,01,False,44,44,False,Not activated
183,1,A2,2,3,1,01,09,True,44,44,False,Masked
184,1,A2,2,4,0,01,01,False,44,44,False,Not activated
185,1,A2,2,4,1,01,11,True,44,44,False,Masked
186,1,A2,2,5,0,01,01,False,44,44,False,Not activated
187,1,A2,2,5,1,01,21,True,44,45,False,SDC
188,1,A2,2,6,0,01,01,False,44,44,False,Not activated
189,1,A2,2,6,1,01,41,True,44,46,False,SDC
190,1,A2,2,7,0,01,01,False,44,44,False,Not activated
191,1,A2,2,7,1,01,81,True,44,8E,False,SDC
192,1,A3,3,0,0,C3,C2,True,44,44,False,Masked
193,1,A3,3,0,1,C3,C3,False,44,44,False,Not activated
194,1,A3,3,1,0,C3,C1,True,44,44,False,Masked
195,1,A3,3,1,1,C3,C3,False,44,44,False,Not activated
196,1,A3,3,2,0,C3,C3,False,44,44,False,Not activated
197,1,A3,3,2,1,C3,C7,True,44,43,False,SDC
198,1,A3,3,3,0,C3,C3,False,44,44,False,Not activated
199,1,A3,3,3,1,C3,CB,True,44,42,False,SDC
200,1,A3,3,4,0,C3,C3,False,44,44,False,Not activated
201,1,A3,3,4,1,C3,D3,True,44,3F,False,SDC
202,1,A3,3,5,0,C3,C3,False,44,44,False,Not activated
203,1,A3,3,5,1,C3,E3,True,44,36,False,SDC
204,1,A3,3,6,0,C3,83,True,44,7B,False,SDC
205,1,A3,3,6,1,C3,C3,False,44,44,False,Not activated
206,1,A3,3,7,0,C3,43,True,44,FF,False,SDC
207,1,A3,3,7,1,C3,C3,False,44,44,False,Not activated
208,1,B0,4,0,0,D9,D8,True,44,44,False,Masked
209,1,B0,4,0,1,D9,D9,False,44,44,False,Not activated
210,1,B0,4,1,0,D9,D9,False,44,44,False,Not activated
211,1,B0,4,1,1,D9,DB,True,44,43,False,SDC
212,1,B0,4,2,0,D9,D9,False,44,44,False,Not activated
213,1,B0,4,2,1,D9,DD,True,44,42,False,SDC
214,1,B0,4,3,0,D9,D1,True,44,48,False,SDC
215,1,B0,4,3,1,D9,D9,False,44,44,False,Not activated
216,1,B0,4,4,0,D9,C9,True,44,4C,False,SDC
217,1,B0,4,4,1,D9,D9,False,44,44,False,Not activated
218,1,B0,4,5,0,D9,D9,False,44,44,False,Not activated
219,1,B0,4,5,1,D9,F9,True,44,2A,False,SDC
220,1,B0,4,6,0,D9,99,True,44,6A,False,SDC
221,1,B0,4,6,1,D9,D9,False,44,44,False,Not activated
222,1,B0,4,7,0,D9,59,True,44,BE,False,SDC
223,1,B0,4,7,1,D9,D9,False,44,44,False,Not activated
224,1,B1,5,0,0,13,12,True,44,44,False,Masked
225,1,B1,5,0,1,13,13,False,44,44,False,Not activated
226,1,B1,5,1,0,13,11,True,44,44,False,Masked
227,1,B1,5,1,1,13,13,False,44,44,False,Not activated
228,1,B1,5,2,0,13,13,False,44,44,False,Not activated
229,1,B1,5,2,1,13,17,True,44,43,False,SDC
230,1,B1,5,3,0,13,13,False,44,44,False,Not activated
231,1,B1,5,3,1,13,1B,True,44,42,False,SDC
232,1,B1,5,4,0,13,03,True,44,48,False,SDC
233,1,B1,5,4,1,13,13,False,44,44,False,Not activated
234,1,B1,5,5,0,13,13,False,44,44,False,Not activated
235,1,B1,5,5,1,13,33,True,44,36,False,SDC
236,1,B1,5,6,0,13,13,False,44,44,False,Not activated
237,1,B1,5,6,1,13,53,True,44,1A,False,SDC
238,1,B1,5,7,0,13,13,False,44,44,False,Not activated
239,1,B1,5,7,1,13,93,True,44,6A,False,SDC
240,1,B2,6,0,0,06,06,False,44,44,False,Not activated
241,1,B2,6,0,1,06,07,True,44,44,False,Masked
242,1,B2,6,1,0,06,04,True,44,44,False,Masked
243,1,B2,6,1,1,06,06,False,44,44,False,Not activated
244,1,B2,6,2,0,06,02,True,44,44,False,Masked
245,1,B2,6,2,1,06,06,False,44,44,False,Not activated
246,1,B2,6,3,0,06,06,False,44,44,False,Not activated
247,1,B2,6,3,1,06,0E,True,44,44,False,Masked
248,1,B2,6,4,0,06,06,False,44,44,False,Not activated
249,1,B2,6,4,1,06,16,True,44,44,False,Masked
250,1,B2,6,5,0,06,06,False,44,44,False,Not activated
251,1,B2,6,5,1,06,26,True,44,44,False,Masked
252,1,B2,6,6,0,06,06,False,44,44,False,Not activated
253,1,B2,6,6,1,06,46,True,44,44,False,Masked
254,1,B2,6,7,0,06,06,False,44,44,False,Not activated
255,1,B2,6,7,1,06,86,True,44,3B,False,SDC
256,1,B3,7,0,0,DC,DC,False,44,44,False,Not activated
257,1,B3,7,0,1,DC,DD,True,44,44,False,Masked
258,1,B3,7,1,0,DC,DC,False,44,44,False,Not activated
259,1,B3,7,1,1,DC,DE,True,44,43,False,SDC
260,1,B3,7,2,0,DC,D8,True,44,46,False,SDC
261,1,B3,7,2,1,DC,DC,False,44,44,False,Not activated
262,1,B3,7,3,0,DC,D4,True,44,48,False,SDC
263,1,B3,7,3,1,DC,DC,False,44,44,False,Not activated
264,1,B3,7,4,0,DC,CC,True,44,4C,False,SDC
265,1,B3,7,4,1,DC,DC,False,44,44,False,Not activated
266,1,B3,7,5,0,DC,DC,False,44,44,False,Not activated
267,1,B3,7,5,1,DC,FC,True,44,2A,False,SDC
268,1,B3,7,6,0,DC,9C,True,44,67,False,SDC
269,1,B3,7,6,1,DC,DC,False,44,44,False,Not activated
270,1,B3,7,7,0,DC,5C,True,44,BA,False,SDC
271,1,B3,7,7,1,DC,DC,False,44,44,False,Not activated
272,1,C0,8,0,0,0B,0A,True,44,44,False,Masked
273,1,C0,8,0,1,0B,0B,False,44,44,False,Not activated
274,1,C0,8,1,0,0B,09,True,44,43,False,SDC
275,1,C0,8,1,1,0B,0B,False,44,44,False,Not activated
276,1,C0,8,2,0,0B,0B,False,44,44,False,Not activated
277,1,C0,8,2,1,0B,0F,True,44,46,False,SDC
278,1,C0,8,3,0,0B,03,True,44,40,False,SDC
279,1,C0,8,3,1,0B,0B,False,44,44,False,Not activated
280,1,C0,8,4,0,0B,0B,False,44,44,False,Not activated
281,1,C0,8,4,1,0B,1B,True,44,4C,False,SDC
282,1,C0,8,5,0,0B,0B,False,44,44,False,Not activated
283,1,C0,8,5,1,0B,2B,True,44,54,False,SDC
284,1,C0,8,6,0,0B,0B,False,44,44,False,Not activated
285,1,C0,8,6,1,0B,4B,True,44,62,False,SDC
286,1,C0,8,7,0,0B,0B,False,44,44,False,Not activated
287,1,C0,8,7,1,0B,8B,True,44,8D,False,SDC
288,2,A0,0,0,0,28,28,False,07,07,False,Not activated
289,2,A0,0,0,1,28,29,True,07,06,False,SDC
290,2,A0,0,1,0,28,28,False,07,07,False,Not activated
291,2,A0,0,1,1,28,2A,True,07,06,False,SDC
292,2,A0,0,2,0,28,28,False,07,07,False,Not activated
293,2,A0,0,2,1,28,2C,True,07,05,False,SDC
294,2,A0,0,3,0,28,20,True,07,09,False,SDC
295,2,A0,0,3,1,28,28,False,07,07,False,Not activated
296,2,A0,0,4,0,28,28,False,07,07,False,Not activated
297,2,A0,0,4,1,28,38,True,07,01,False,SDC
298,2,A0,0,5,0,28,08,True,07,10,False,SDC
299,2,A0,0,5,1,28,28,False,07,07,False,Not activated
300,2,A0,0,6,0,28,28,False,07,07,False,Not activated
301,2,A0,0,6,1,28,68,True,07,D7,False,SDC
302,2,A0,0,7,0,28,28,False,07,07,False,Not activated
303,2,A0,0,7,1,28,A8,True,07,36,False,SDC
304,2,A1,1,0,0,C1,C0,True,07,08,False,SDC
305,2,A1,1,0,1,C1,C1,False,07,07,False,Not activated
306,2,A1,1,1,0,C1,C1,False,07,07,False,Not activated
307,2,A1,1,1,1,C1,C3,True,07,06,False,SDC
308,2,A1,1,2,0,C1,C1,False,07,07,False,Not activated
309,2,A1,1,2,1,C1,C5,True,07,05,False,SDC
310,2,A1,1,3,0,C1,C1,False,07,07,False,Not activated
311,2,A1,1,3,1,C1,C9,True,07,02,False,SDC
312,2,A1,1,4,0,C1,C1,False,07,07,False,Not activated
313,2,A1,1,4,1,C1,D1,True,07,FC,False,SDC
314,2,A1,1,5,0,C1,C1,False,07,07,False,Not activated
315,2,A1,1,5,1,C1,E1,True,07,F1,False,SDC
316,2,A1,1,6,0,C1,81,True,07,7E,False,SDC
317,2,A1,1,6,1,C1,C1,False,07,07,False,Not activated
318,2,A1,1,7,0,C1,41,True,07,B8,False,SDC
319,2,A1,1,7,1,C1,C1,False,07,07,False,Not activated
320,2,A2,2,0,0,27,26,True,07,06,False,SDC
321,2,A2,2,0,1,27,27,False,07,07,False,Not activated
322,2,A2,2,1,0,27,25,True,07,05,False,SDC
323,2,A2,2,1,1,27,27,False,07,07,False,Not activated
324,2,A2,2,2,0,27,23,True,07,03,False,SDC
325,2,A2,2,2,1,27,27,False,07,07,False,Not activated
326,2,A2,2,3,0,27,27,False,07,07,False,Not activated
327,2,A2,2,3,1,27,2F,True,07,0E,False,SDC
328,2,A2,2,4,0,27,27,False,07,07,False,Not activated
329,2,A2,2,4,1,27,37,True,07,16,False,SDC
330,2,A2,2,5,0,27,07,True,07,E9,False,SDC
331,2,A2,2,5,1,27,27,False,07,07,False,Not activated
332,2,A2,2,6,0,27,27,False,07,07,False,Not activated
333,2,A2,2,6,1,27,67,True,07,62,False,SDC
334,2,A2,2,7,0,27,27,False,07,07,False,Not activated
335,2,A2,2,7,1,27,A7,True,07,9F,False,SDC
336,2,A3,3,0,0,19,18,True,07,07,False,Masked
337,2,A3,3,0,1,19,19,False,07,07,False,Not activated
338,2,A3,3,1,0,19,19,False,07,07,False,Not activated
339,2,A3,3,1,1,19,1B,True,07,06,False,SDC
340,2,A3,3,2,0,19,19,False,07,07,False,Not activated
341,2,A3,3,2,1,19,1D,True,07,05,False,SDC
342,2,A3,3,3,0,19,11,True,07,09,False,SDC
343,2,A3,3,3,1,19,19,False,07,07,False,Not activated
344,2,A3,3,4,0,19,09,True,07,0C,False,SDC
345,2,A3,3,4,1,19,19,False,07,07,False,Not activated
346,2,A3,3,5,0,19,19,False,07,07,False,Not activated
347,2,A3,3,5,1,19,39,True,07,FC,False,SDC
348,2,A3,3,6,0,19,19,False,07,07,False,Not activated
349,2,A3,3,6,1,19,59,True,07,EA,False,SDC
350,2,A3,3,7,0,19,19,False,07,07,False,Not activated
351,2,A3,3,7,1,19,99,True,07,46,False,SDC
352,2,B0,4,0,0,EC,EC,False,07,07,False,Not activated
353,2,B0,4,0,1,EC,ED,True,07,07,False,Masked
354,2,B0,4,1,0,EC,EC,False,07,07,False,Not activated
355,2,B0,4,1,1,EC,EE,True,07,08,False,SDC
356,2,B0,4,2,0,EC,E8,True,07,04,False,SDC
357,2,B0,4,2,1,EC,EC,False,07,07,False,Not activated
358,2,B0,4,3,0,EC,E4,True,07,01,False,SDC
359,2,B0,4,3,1,EC,EC,False,07,07,False,Not activated
360,2,B0,4,4,0,EC,EC,False,07,07,False,Not activated
361,2,B0,4,4,1,EC,FC,True,07,10,False,SDC
362,2,B0,4,5,0,EC,CC,True,07,F3,False,SDC
363,2,B0,4,5,1,EC,EC,False,07,07,False,Not activated
364,2,B0,4,6,0,EC,AC,True,07,D3,False,SDC
365,2,B0,4,6,1,EC,EC,False,07,07,False,Not activated
366,2,B0,4,7,0,EC,6C,True,07,64,False,SDC
367,2,B0,4,7,1,EC,EC,False,07,07,False,Not activated
368,2,B1,5,0,0,D4,D4,False,07,07,False,Not activated
369,2,B1,5,0,1,D4,D5,True,07,06,False,SDC
370,2,B1,5,1,0,D4,D4,False,07,07,False,Not activated
371,2,B1,5,1,1,D4,D6,True,07,05,False,SDC
372,2,B1,5,2,0,D4,D0,True,07,0B,False,SDC
373,2,B1,5,2,1,D4,D4,False,07,07,False,Not activated
374,2,B1,5,3,0,D4,D4,False,07,07,False,Not activated
375,2,B1,5,3,1,D4,DC,True,07,FF,False,SDC
376,2,B1,5,4,0,D4,C4,True,07,18,False,SDC
377,2,B1,5,4,1,D4,D4,False,07,07,False,Not activated
378,2,B1,5,5,0,D4,D4,False,07,07,False,Not activated
379,2,B1,5,5,1,D4,F4,True,07,E8,False,SDC
380,2,B1,5,6,0,D4,94,True,07,68,False,SDC
381,2,B1,5,6,1,D4,D4,False,07,07,False,Not activated
382,2,B1,5,7,0,D4,54,True,07,9F,False,SDC
383,2,B1,5,7,1,D4,D4,False,07,07,False,Not activated
384,2,B2,6,0,0,3B,3A,True,07,06,False,SDC
385,2,B2,6,0,1,3B,3B,False,07,07,False,Not activated
386,2,B2,6,1,0,3B,39,True,07,06,False,SDC
387,2,B2,6,1,1,3B,3B,False,07,07,False,Not activated
388,2,B2,6,2,0,3B,3B,False,07,07,False,Not activated
389,2,B2,6,2,1,3B,3F,True,07,09,False,SDC
390,2,B2,6,3,0,3B,33,True,07,02,False,SDC
391,2,B2,6,3,1,3B,3B,False,07,07,False,Not activated
392,2,B2,6,4,0,3B,2B,True,07,FD,False,SDC
393,2,B2,6,4,1,3B,3B,False,07,07,False,Not activated
394,2,B2,6,5,0,3B,1B,True,07,F3,False,SDC
395,2,B2,6,5,1,3B,3B,False,07,07,False,Not activated
396,2,B2,6,6,0,3B,3B,False,07,07,False,Not activated
397,2,B2,6,6,1,3B,7B,True,07,76,False,SDC
398,2,B2,6,7,0,3B,3B,False,07,07,False,Not activated
399,2,B2,6,7,1,3B,BB,True,07,BB,False,SDC
400,2,B3,7,0,0,EB,EA,True,07,06,False,SDC
401,2,B3,7,0,1,EB,EB,False,07,07,False,Not activated
402,2,B3,7,1,0,EB,E9,True,07,06,False,SDC
403,2,B3,7,1,1,EB,EB,False,07,07,False,Not activated
404,2,B3,7,2,0,EB,EB,False,07,07,False,Not activated
405,2,B3,7,2,1,EB,EF,True,07,08,False,SDC
406,2,B3,7,3,0,EB,E3,True,07,04,False,SDC
407,2,B3,7,3,1,EB,EB,False,07,07,False,Not activated
408,2,B3,7,4,0,EB,EB,False,07,07,False,Not activated
409,2,B3,7,4,1,EB,FB,True,07,0C,False,SDC
410,2,B3,7,5,0,EB,CB,True,07,FA,False,SDC
411,2,B3,7,5,1,EB,EB,False,07,07,False,Not activated
412,2,B3,7,6,0,EB,AB,True,07,E6,False,SDC
413,2,B3,7,6,1,EB,EB,False,07,07,False,Not activated
414,2,B3,7,7,0,EB,6B,True,07,52,False,SDC
415,2,B3,7,7,1,EB,EB,False,07,07,False,Not activated
416,2,C0,8,0,0,CC,CC,False,07,07,False,Not activated
417,2,C0,8,0,1,CC,CD,True,07,08,False,SDC
418,2,C0,8,1,0,CC,CC,False,07,07,False,Not activated
419,2,C0,8,1,1,CC,CE,True,07,09,False,SDC
420,2,C0,8,2,0,CC,C8,True,07,03,False,SDC
421,2,C0,8,2,1,CC,CC,False,07,07,False,Not activated
422,2,C0,8,3,0,CC,C4,True,07,FF,False,SDC
423,2,C0,8,3,1,CC,CC,False,07,07,False,Not activated
424,2,C0,8,4,0,CC,CC,False,07,07,False,Not activated
425,2,C0,8,4,1,CC,DC,True,07,17,False,SDC
426,2,C0,8,5,0,CC,CC,False,07,07,False,Not activated
427,2,C0,8,5,1,CC,EC,True,07,27,False,SDC
428,2,C0,8,6,0,CC,8C,True,07,8E,False,SDC
429,2,C0,8,6,1,CC,CC,False,07,07,False,Not activated
430,2,C0,8,7,0,CC,4C,True,07,62,False,SDC
431,2,C0,8,7,1,CC,CC,False,07,07,False,Not activated
432,3,A0,0,0,0,CC,CC,False,F4,F4,False,Not activated
433,3,A0,0,0,1,CC,CD,True,F4,F5,False,SDC
434,3,A0,0,1,0,CC,CC,False,F4,F4,False,Not activated
435,3,A0,0,1,1,CC,CE,True,F4,F5,False,SDC
436,3,A0,0,2,0,CC,C8,True,F4,F3,False,SDC
437,3,A0,0,2,1,CC,CC,False,F4,F4,False,Not activated
438,3,A0,0,3,0,CC,C4,True,F4,F1,False,SDC
439,3,A0,0,3,1,CC,CC,False,F4,F4,False,Not activated
440,3,A0,0,4,0,CC,CC,False,F4,F4,False,Not activated
441,3,A0,0,4,1,CC,DC,True,F4,FC,False,SDC
442,3,A0,0,5,0,CC,CC,False,F4,F4,False,Not activated
443,3,A0,0,5,1,CC,EC,True,F4,03,False,SDC
444,3,A0,0,6,0,CC,8C,True,F4,9B,False,SDC
445,3,A0,0,6,1,CC,CC,False,F4,F4,False,Not activated
446,3,A0,0,7,0,CC,4C,True,F4,34,False,SDC
447,3,A0,0,7,1,CC,CC,False,F4,F4,False,Not activated
448,3,A1,1,0,0,2C,2C,False,F4,F4,False,Not activated
449,3,A1,1,0,1,2C,2D,True,F4,F5,False,SDC
450,3,A1,1,1,0,2C,2C,False,F4,F4,False,Not activated
451,3,A1,1,1,1,2C,2E,True,F4,F5,False,SDC
452,3,A1,1,2,0,2C,28,True,F4,F4,False,Masked
453,3,A1,1,2,1,2C,2C,False,F4,F4,False,Not activated
454,3,A1,1,3,0,2C,24,True,F4,F4,False,Masked
455,3,A1,1,3,1,2C,2C,False,F4,F4,False,Not activated
456,3,A1,1,4,0,2C,2C,False,F4,F4,False,Not activated
457,3,A1,1,4,1,2C,3C,True,F4,F6,False,SDC
458,3,A1,1,5,0,2C,0C,True,F4,F2,False,SDC
459,3,A1,1,5,1,2C,2C,False,F4,F4,False,Not activated
460,3,A1,1,6,0,2C,2C,False,F4,F4,False,Not activated
461,3,A1,1,6,1,2C,6C,True,F4,03,False,SDC
462,3,A1,1,7,0,2C,2C,False,F4,F4,False,Not activated
463,3,A1,1,7,1,2C,AC,True,F4,E9,False,SDC
464,3,A2,2,0,0,0D,0C,True,F4,F3,False,SDC
465,3,A2,2,0,1,0D,0D,False,F4,F4,False,Not activated
466,3,A2,2,1,0,0D,0D,False,F4,F4,False,Not activated
467,3,A2,2,1,1,0D,0F,True,F4,F6,False,SDC
468,3,A2,2,2,0,0D,09,True,F4,F1,False,SDC
469,3,A2,2,2,1,0D,0D,False,F4,F4,False,Not activated
470,3,A2,2,3,0,0D,05,True,F4,ED,False,SDC
471,3,A2,2,3,1,0D,0D,False,F4,F4,False,Not activated
472,3,A2,2,4,0,0D,0D,False,F4,F4,False,Not activated
473,3,A2,2,4,1,0D,1D,True,F4,04,False,SDC
474,3,A2,2,5,0,0D,0D,False,F4,F4,False,Not activated
475,3,A2,2,5,1,0D,2D,True,F4,13,False,SDC
476,3,A2,2,6,0,0D,0D,False,F4,F4,False,Not activated
477,3,A2,2,6,1,0D,4D,True,F4,3E,False,SDC
478,3,A2,2,7,0,0D,0D,False,F4,F4,False,Not activated
479,3,A2,2,7,1,0D,8D,True,F4,8D,False,SDC
480,3,A3,3,0,0,27,26,True,F4,F4,False,Masked
481,3,A3,3,0,1,27,27,False,F4,F4,False,Not activated
482,3,A3,3,1,0,27,25,True,F4,F5,False,SDC
483,3,A3,3,1,1,27,27,False,F4,F4,False,Not activated
484,3,A3,3,2,0,27,23,True,F4,F5,False,SDC
485,3,A3,3,2,1,27,27,False,F4,F4,False,Not activated
486,3,A3,3,3,0,27,27,False,F4,F4,False,Not activated
487,3,A3,3,3,1,27,2F,True,F4,F2,False,SDC
488,3,A3,3,4,0,27,27,False,F4,F4,False,Not activated
489,3,A3,3,4,1,27,37,True,F4,F0,False,SDC
490,3,A3,3,5,0,27,07,True,F4,FC,False,SDC
491,3,A3,3,5,1,27,27,False,F4,F4,False,Not activated
492,3,A3,3,6,0,27,27,False,F4,F4,False,Not activated
493,3,A3,3,6,1,27,67,True,F4,D0,False,SDC
494,3,A3,3,7,0,27,27,False,F4,F4,False,Not activated
495,3,A3,3,7,1,27,A7,True,F4,1A,False,SDC
496,3,B0,4,0,0,1D,1C,True,F4,F5,False,SDC
497,3,B0,4,0,1,1D,1D,False,F4,F4,False,Not activated
498,3,B0,4,1,0,1D,1D,False,F4,F4,False,Not activated
499,3,B0,4,1,1,1D,1F,True,F4,F3,False,SDC
500,3,B0,4,2,0,1D,19,True,F4,F8,False,SDC
501,3,B0,4,2,1,1D,1D,False,F4,F4,False,Not activated
502,3,B0,4,3,0,1D,15,True,F4,FB,False,SDC
503,3,B0,4,3,1,1D,1D,False,F4,F4,False,Not activated
504,3,B0,4,4,0,1D,0D,True,F4,01,False,SDC
505,3,B0,4,4,1,1D,1D,False,F4,F4,False,Not activated
506,3,B0,4,5,0,1D,1D,False,F4,F4,False,Not activated
507,3,B0,4,5,1,1D,3D,True,F4,DA,False,SDC
508,3,B0,4,6,0,1D,1D,False,F4,F4,False,Not activated
509,3,B0,4,6,1,1D,5D,True,F4,B4,False,SDC
510,3,B0,4,7,0,1D,1D,False,F4,F4,False,Not activated
511,3,B0,4,7,1,1D,9D,True,F4,61,False,SDC
512,3,B1,5,0,0,05,04,True,F4,F4,False,Masked
513,3,B1,5,0,1,05,05,False,F4,F4,False,Not activated
514,3,B1,5,1,0,05,05,False,F4,F4,False,Not activated
515,3,B1,5,1,1,05,07,True,F4,F6,False,SDC
516,3,B1,5,2,0,05,01,True,F4,F2,False,SDC
517,3,B1,5,2,1,05,05,False,F4,F4,False,Not activated
518,3,B1,5,3,0,05,05,False,F4,F4,False,Not activated
519,3,B1,5,3,1,05,0D,True,F4,FA,False,SDC
520,3,B1,5,4,0,05,05,False,F4,F4,False,Not activated
521,3,B1,5,4,1,05,15,True,F4,FF,False,SDC
522,3,B1,5,5,0,05,05,False,F4,F4,False,Not activated
523,3,B1,5,5,1,05,25,True,F4,0A,False,SDC
524,3,B1,5,6,0,05,05,False,F4,F4,False,Not activated
525,3,B1,5,6,1,05,45,True,F4,24,False,SDC
526,3,B1,5,7,0,05,05,False,F4,F4,False,Not activated
527,3,B1,5,7,1,05,85,True,F4,87,False,SDC
528,3,B2,6,0,0,3D,3C,True,F4,F4,False,Masked
529,3,B2,6,0,1,3D,3D,False,F4,F4,False,Not activated
530,3,B2,6,1,0,3D,3D,False,F4,F4,False,Not activated
531,3,B2,6,1,1,3D,3F,True,F4,F5,False,SDC
532,3,B2,6,2,0,3D,39,True,F4,F4,False,Masked
533,3,B2,6,2,1,3D,3D,False,F4,F4,False,Not activated
534,3,B2,6,3,0,3D,35,True,F4,F3,False,SDC
535,3,B2,6,3,1,3D,3D,False,F4,F4,False,Not activated
536,3,B2,6,4,0,3D,2D,True,F4,F1,False,SDC
537,3,B2,6,4,1,3D,3D,False,F4,F4,False,Not activated
538,3,B2,6,5,0,3D,1D,True,F4,EE,False,SDC
539,3,B2,6,5,1,3D,3D,False,F4,F4,False,Not activated
540,3,B2,6,6,0,3D,3D,False,F4,F4,False,Not activated
541,3,B2,6,6,1,3D,7D,True,F4,71,False,SDC
542,3,B2,6,7,0,3D,3D,False,F4,F4,False,Not activated
543,3,B2,6,7,1,3D,BD,True,F4,DA,False,SDC
544,3,B3,7,0,0,F0,F0,False,F4,F4,False,Not activated
545,3,B3,7,0,1,F0,F1,True,F4,F5,False,SDC
546,3,B3,7,1,0,F0,F0,False,F4,F4,False,Not activated
547,3,B3,7,1,1,F0,F2,True,F4,F5,False,SDC
548,3,B3,7,2,0,F0,F0,False,F4,F4,False,Not activated
549,3,B3,7,2,1,F0,F4,True,F4,F7,False,SDC
550,3,B3,7,3,0,F0,F0,False,F4,F4,False,Not activated
551,3,B3,7,3,1,F0,F8,True,F4,F9,False,SDC
552,3,B3,7,4,0,F0,E0,True,F4,EA,False,SDC
553,3,B3,7,4,1,F0,F0,False,F4,F4,False,Not activated
554,3,B3,7,5,0,F0,D0,True,F4,E1,False,SDC
555,3,B3,7,5,1,F0,F0,False,F4,F4,False,Not activated
556,3,B3,7,6,0,F0,B0,True,F4,C3,False,SDC
557,3,B3,7,6,1,F0,F0,False,F4,F4,False,Not activated
558,3,B3,7,7,0,F0,70,True,F4,64,False,SDC
559,3,B3,7,7,1,F0,F0,False,F4,F4,False,Not activated
560,3,C0,8,0,0,07,06,True,F4,F3,False,SDC
561,3,C0,8,0,1,07,07,False,F4,F4,False,Not activated
562,3,C0,8,1,0,07,05,True,F4,F2,False,SDC
563,3,C0,8,1,1,07,07,False,F4,F4,False,Not activated
564,3,C0,8,2,0,07,03,True,F4,F0,False,SDC
565,3,C0,8,2,1,07,07,False,F4,F4,False,Not activated
566,3,C0,8,3,0,07,07,False,F4,F4,False,Not activated
567,3,C0,8,3,1,07,0F,True,F4,FC,False,SDC
568,3,C0,8,4,0,07,07,False,F4,F4,False,Not activated
569,3,C0,8,4,1,07,17,True,F4,04,False,SDC
570,3,C0,8,5,0,07,07,False,F4,F4,False,Not activated
571,3,C0,8,5,1,07,27,True,F4,14,False,SDC
572,3,C0,8,6,0,07,07,False,F4,F4,False,Not activated
573,3,C0,8,6,1,07,47,True,F4,3B,False,SDC
574,3,C0,8,7,0,07,07,False,F4,F4,False,Not activated
575,3,C0,8,7,1,07,87,True,F4,87,False,SDC
576,4,A0,0,0,0,2A,2A,False,B8,B8,False,Not activated
577,4,A0,0,0,1,2A,2B,True,B8,B8,False,Masked
578,4,A0,0,1,0,2A,28,True,B8,B8,False,Masked
579,4,A0,0,1,1,2A,2A,False,B8,B8,False,Not activated
580,4,A0,0,2,0,2A,2A,False,B8,B8,False,Not activated
581,4,A0,0,2,1,2A,2E,True,B8,B9,False,SDC
582,4,A0,0,3,0,2A,22,True,B8,B6,False,SDC
583,4,A0,0,3,1,2A,2A,False,B8,B8,False,Not activated
584,4,A0,0,4,0,2A,2A,False,B8,B8,False,Not activated
585,4,A0,0,4,1,2A,3A,True,B8,BC,False,SDC
586,4,A0,0,5,0,2A,0A,True,B8,B2,False,SDC
587,4,A0,0,5,1,2A,2A,False,B8,B8,False,Not activated
588,4,A0,0,6,0,2A,2A,False,B8,B8,False,Not activated
589,4,A0,0,6,1,2A,6A,True,B8,F3,False,SDC
590,4,A0,0,7,0,2A,2A,False,B8,B8,False,Not activated
591,4,A0,0,7,1,2A,AA,True,B8,9E,False,SDC
592,4,A1,1,0,0,0F,0E,True,B8,B8,False,Masked
593,4,A1,1,0,1,0F,0F,False,B8,B8,False,Not activated
594,4,A1,1,1,0,0F,0D,True,B8,B9,False,SDC
595,4,A1,1,1,1,0F,0F,False,B8,B8,False,Not activated
596,4,A1,1,2,0,0F,0B,True,B8,BA,False,SDC
597,4,A1,1,2,1,0F,0F,False,B8,B8,False,Not activated
598,4,A1,1,3,0,0F,07,True,B8,BC,False,SDC
599,4,A1,1,3,1,0F,0F,False,B8,B8,False,Not activated
600,4,A1,1,4,0,0F,0F,False,B8,B8,False,Not activated
601,4,A1,1,4,1,0F,1F,True,B8,B1,False,SDC
602,4,A1,1,5,0,0F,0F,False,B8,B8,False,Not activated
603,4,A1,1,5,1,0F,2F,True,B8,AA,False,SDC
604,4,A1,1,6,0,0F,0F,False,B8,B8,False,Not activated
605,4,A1,1,6,1,0F,4F,True,B8,9D,False,SDC
606,4,A1,1,7,0,0F,0F,False,B8,B8,False,Not activated
607,4,A1,1,7,1,0F,8F,True,B8,69,False,SDC
608,4,A2,2,0,0,2E,2E,False,B8,B8,False,Not activated
609,4,A2,2,0,1,2E,2F,True,B8,B8,False,Masked
610,4,A2,2,1,0,2E,2C,True,B8,B8,False,Masked
611,4,A2,2,1,1,2E,2E,False,B8,B8,False,Not activated
612,4,A2,2,2,0,2E,2A,True,B8,B9,False,SDC
613,4,A2,2,2,1,2E,2E,False,B8,B8,False,Not activated
614,4,A2,2,3,0,2E,26,True,B8,BA,False,SDC
615,4,A2,2,3,1,2E,2E,False,B8,B8,False,Not activated
616,4,A2,2,4,0,2E,2E,False,B8,B8,False,Not activated
617,4,A2,2,4,1,2E,3E,True,B8,B4,False,SDC
618,4,A2,2,5,0,2E,0E,True,B8,C1,False,SDC
619,4,A2,2,5,1,2E,2E,False,B8,B8,False,Not activated
620,4,A2,2,6,0,2E,2E,False,B8,B8,False,Not activated
621,4,A2,2,6,1,2E,6E,True,B8,9A,False,SDC
622,4,A2,2,7,0,2E,2E,False,B8,B8,False,Not activated
623,4,A2,2,7,1,2E,AE,True,B8,00,False,SDC
624,4,A3,3,0,0,0A,0A,False,B8,B8,False,Not activated
625,4,A3,3,0,1,0A,0B,True,B8,B8,False,Masked
626,4,A3,3,1,0,0A,08,True,B8,B8,False,Masked
627,4,A3,3,1,1,0A,0A,False,B8,B8,False,Not activated
628,4,A3,3,2,0,0A,0A,False,B8,B8,False,Not activated
629,4,A3,3,2,1,0A,0E,True,B8,B7,False,SDC
630,4,A3,3,3,0,0A,02,True,B8,BA,False,SDC
631,4,A3,3,3,1,0A,0A,False,B8,B8,False,Not activated
632,4,A3,3,4,0,0A,0A,False,B8,B8,False,Not activated
633,4,A3,3,4,1,0A,1A,True,B8,B4,False,SDC
634,4,A3,3,5,0,0A,0A,False,B8,B8,False,Not activated
635,4,A3,3,5,1,0A,2A,True,B8,B1,False,SDC
636,4,A3,3,6,0,0A,0A,False,B8,B8,False,Not activated
637,4,A3,3,6,1,0A,4A,True,B8,A8,False,SDC
638,4,A3,3,7,0,0A,0A,False,B8,B8,False,Not activated
639,4,A3,3,7,1,0A,8A,True,B8,59,False,SDC
640,4,B0,4,0,0,1A,1A,False,B8,B8,False,Not activated
641,4,B0,4,0,1,1A,1B,True,B8,B8,False,Masked
642,4,B0,4,1,0,1A,18,True,B8,B8,False,Masked
643,4,B0,4,1,1,1A,1A,False,B8,B8,False,Not activated
644,4,B0,4,2,0,1A,1A,False,B8,B8,False,Not activated
645,4,B0,4,2,1,1A,1E,True,B8,BA,False,SDC
646,4,B0,4,3,0,1A,12,True,B8,B6,False,SDC
647,4,B0,4,3,1,1A,1A,False,B8,B8,False,Not activated
648,4,B0,4,4,0,1A,0A,True,B8,B3,False,SDC
649,4,B0,4,4,1,1A,1A,False,B8,B8,False,Not activated
650,4,B0,4,5,0,1A,1A,False,B8,B8,False,Not activated
651,4,B0,4,5,1,1A,3A,True,B8,C5,False,SDC
652,4,B0,4,6,0,1A,1A,False,B8,B8,False,Not activated
653,4,B0,4,6,1,1A,5A,True,B8,EB,False,SDC
654,4,B0,4,7,0,1A,1A,False,B8,B8,False,Not activated
655,4,B0,4,7,1,1A,9A,True,B8,95,False,SDC
656,4,B1,5,0,0,C6,C6,False,B8,B8,False,Not activated
657,4,B1,5,0,1,C6,C7,True,B8,B8,False,Masked
658,4,B1,5,1,0,C6,C4,True,B8,B8,False,Masked
659,4,B1,5,1,1,C6,C6,False,B8,B8,False,Not activated
660,4,B1,5,2,0,C6,C2,True,B8,B8,False,Masked
661,4,B1,5,2,1,C6,C6,False,B8,B8,False,Not activated
662,4,B1,5,3,0,C6,C6,False,B8,B8,False,Not activated
663,4,B1,5,3,1,C6,CE,True,B8,B9,False,SDC
664,4,B1,5,4,0,C6,C6,False,B8,B8,False,Not activated
665,4,B1,5,4,1,C6,D6,True,B8,BA,False,SDC
666,4,B1,5,5,0,C6,C6,False,B8,B8,False,Not activated
667,4,B1,5,5,1,C6,E6,True,B8,BC,False,SDC
668,4,B1,5,6,0,C6,86,True,B8,91,False,SDC
669,4,B1,5,6,1,C6,C6,False,B8,B8,False,Not activated
670,4,B1,5,7,0,C6,46,True,B8,D0,False,SDC
671,4,B1,5,7,1,C6,C6,False,B8,B8,False,Not activated
672,4,B2,6,0,0,DD,DC,True,B8,B8,False,Masked
673,4,B2,6,0,1,DD,DD,False,B8,B8,False,Not activated
674,4,B2,6,1,0,DD,DD,False,B8,B8,False,Not activated
675,4,B2,6,1,1,DD,DF,True,B8,B8,False,Masked
676,4,B2,6,2,0,DD,D9,True,B8,B6,False,SDC
677,4,B2,6,2,1,DD,DD,False,B8,B8,False,Not activated
678,4,B2,6,3,0,DD,D5,True,B8,B5,False,SDC
679,4,B2,6,3,1,DD,DD,False,B8,B8,False,Not activated
680,4,B2,6,4,0,DD,CD,True,B8,B2,False,SDC
681,4,B2,6,4,1,DD,DD,False,B8,B8,False,Not activated
682,4,B2,6,5,0,DD,DD,False,B8,B8,False,Not activated
683,4,B2,6,5,1,DD,FD,True,B8,C7,False,SDC
684,4,B2,6,6,0,DD,9D,True,B8,9B,False,SDC
685,4,B2,6,6,1,DD,DD,False,B8,B8,False,Not activated
686,4,B2,6,7,0,DD,5D,True,B8,22,False,SDC
687,4,B2,6,7,1,DD,DD,False,B8,B8,False,Not activated
688,4,B3,7,0,0,E5,E4,True,B8,B8,False,Masked
689,4,B3,7,0,1,E5,E5,False,B8,B8,False,Not activated
690,4,B3,7,1,0,E5,E5,False,B8,B8,False,Not activated
691,4,B3,7,1,1,E5,E7,True,B8,B8,False,Masked
692,4,B3,7,2,0,E5,E1,True,B8,B8,False,Masked
693,4,B3,7,2,1,E5,E5,False,B8,B8,False,Not activated
694,4,B3,7,3,0,E5,E5,False,B8,B8,False,Not activated
695,4,B3,7,3,1,E5,ED,True,B8,B8,False,Masked
696,4,B3,7,4,0,E5,E5,False,B8,B8,False,Not activated
697,4,B3,7,4,1,E5,F5,True,B8,B9,False,SDC
698,4,B3,7,5,0,E5,C5,True,B8,B6,False,SDC
699,4,B3,7,5,1,E5,E5,False,B8,B8,False,Not activated
700,4,B3,7,6,0,E5,A5,True,B8,B1,False,SDC
701,4,B3,7,6,1,E5,E5,False,B8,B8,False,Not activated
702,4,B3,7,7,0,E5,65,True,B8,CE,False,SDC
703,4,B3,7,7,1,E5,E5,False,B8,B8,False,Not activated
704,4,C0,8,0,0,CA,CA,False,B8,B8,False,Not activated
705,4,C0,8,0,1,CA,CB,True,B8,B8,False,Masked
706,4,C0,8,1,0,CA,C8,True,B8,B7,False,SDC
707,4,C0,8,1,1,CA,CA,False,B8,B8,False,Not activated
708,4,C0,8,2,0,CA,CA,False,B8,B8,False,Not activated
709,4,C0,8,2,1,CA,CE,True,B8,BA,False,SDC
710,4,C0,8,3,0,CA,C2,True,B8,B4,False,SDC
711,4,C0,8,3,1,CA,CA,False,B8,B8,False,Not activated
712,4,C0,8,4,0,CA,CA,False,B8,B8,False,Not activated
713,4,C0,8,4,1,CA,DA,True,B8,C0,False,SDC
714,4,C0,8,5,0,CA,CA,False,B8,B8,False,Not activated
715,4,C0,8,5,1,CA,EA,True,B8,D0,False,SDC
716,4,C0,8,6,0,CA,8A,True,B8,89,False,SDC
717,4,C0,8,6,1,CA,CA,False,B8,B8,False,Not activated
718,4,C0,8,7,0,CA,4A,True,B8,3A,False,SDC
719,4,C0,8,7,1,CA,CA,False,B8,B8,False,Not activated
720,5,A0,0,0,0,DE,DE,False,4C,4C,False,Not activated
721,5,A0,0,0,1,DE,DF,True,4C,4C,False,Masked
722,5,A0,0,1,0,DE,DC,True,4C,4C,False,Masked
723,5,A0,0,1,1,DE,DE,False,4C,4C,False,Not activated
724,5,A0,0,2,0,DE,DA,True,4C,4C,False,Masked
725,5,A0,0,2,1,DE,DE,False,4C,4C,False,Not activated
726,5,A0,0,3,0,DE,D6,True,4C,4C,False,Masked
727,5,A0,0,3,1,DE,DE,False,4C,4C,False,Not activated
728,5,A0,0,4,0,DE,CE,True,4C,4E,False,SDC
729,5,A0,0,4,1,DE,DE,False,4C,4C,False,Not activated
730,5,A0,0,5,0,DE,DE,False,4C,4C,False,Not activated
731,5,A0,0,5,1,DE,FE,True,4C,48,False,SDC
732,5,A0,0,6,0,DE,9E,True,4C,5A,False,SDC
733,5,A0,0,6,1,DE,DE,False,4C,4C,False,Not activated
734,5,A0,0,7,0,DE,5E,True,4C,2D,False,SDC
735,5,A0,0,7,1,DE,DE,False,4C,4C,False,Not activated
736,5,A1,1,0,0,CD,CC,True,4C,4C,False,Masked
737,5,A1,1,0,1,CD,CD,False,4C,4C,False,Not activated
738,5,A1,1,1,0,CD,CD,False,4C,4C,False,Not activated
739,5,A1,1,1,1,CD,CF,True,4C,4B,False,SDC
740,5,A1,1,2,0,CD,C9,True,4C,4C,False,Masked
741,5,A1,1,2,1,CD,CD,False,4C,4C,False,Not activated
742,5,A1,1,3,0,CD,C5,True,4C,4C,False,Masked
743,5,A1,1,3,1,CD,CD,False,4C,4C,False,Not activated
744,5,A1,1,4,0,CD,CD,False,4C,4C,False,Not activated
745,5,A1,1,4,1,CD,DD,True,4C,49,False,SDC
746,5,A1,1,5,0,CD,CD,False,4C,4C,False,Not activated
747,5,A1,1,5,1,CD,ED,True,4C,47,False,SDC
748,5,A1,1,6,0,CD,8D,True,4C,65,False,SDC
749,5,A1,1,6,1,CD,CD,False,4C,4C,False,Not activated
750,5,A1,1,7,0,CD,4D,True,4C,31,False,SDC
751,5,A1,1,7,1,CD,CD,False,4C,4C,False,Not activated
752,5,A2,2,0,0,E4,E4,False,4C,4C,False,Not activated
753,5,A2,2,0,1,E4,E5,True,4C,4C,False,Masked
754,5,A2,2,1,0,E4,E4,False,4C,4C,False,Not activated
755,5,A2,2,1,1,E4,E6,True,4C,4B,False,SDC
756,5,A2,2,2,0,E4,E0,True,4C,4C,False,Masked
757,5,A2,2,2,1,E4,E4,False,4C,4C,False,Not activated
758,5,A2,2,3,0,E4,E4,False,4C,4C,False,Not activated
759,5,A2,2,3,1,E4,EC,True,4C,4A,False,SDC
760,5,A2,2,4,0,E4,E4,False,4C,4C,False,Not activated
761,5,A2,2,4,1,E4,F4,True,4C,47,False,SDC
762,5,A2,2,5,0,E4,C4,True,4C,55,False,SDC
763,5,A2,2,5,1,E4,E4,False,4C,4C,False,Not activated
764,5,A2,2,6,0,E4,A4,True,4C,62,False,SDC
765,5,A2,2,6,1,E4,E4,False,4C,4C,False,Not activated
766,5,A2,2,7,0,E4,64,True,4C,EC,False,SDC
767,5,A2,2,7,1,E4,E4,False,4C,4C,False,Not activated
768,5,A3,3,0,0,11,10,True,4C,4C,False,Masked
769,5,A3,3,0,1,11,11,False,4C,4C,False,Not activated
770,5,A3,3,1,0,11,11,False,4C,4C,False,Not activated
771,5,A3,3,1,1,11,13,True,4C,4B,False,SDC
772,5,A3,3,2,0,11,11,False,4C,4C,False,Not activated
773,5,A3,3,2,1,11,15,True,4C,4A,False,SDC
774,5,A3,3,3,0,11,11,False,4C,4C,False,Not activated
775,5,A3,3,3,1,11,19,True,4C,4A,False,SDC
776,5,A3,3,4,0,11,01,True,4C,4F,False,SDC
777,5,A3,3,4,1,11,11,False,4C,4C,False,Not activated
778,5,A3,3,5,0,11,11,False,4C,4C,False,Not activated
779,5,A3,3,5,1,11,31,True,4C,44,False,SDC
780,5,A3,3,6,0,11,11,False,4C,4C,False,Not activated
781,5,A3,3,6,1,11,51,True,4C,31,False,SDC
782,5,A3,3,7,0,11,11,False,4C,4C,False,Not activated
783,5,A3,3,7,1,11,91,True,4C,6A,False,SDC
784,5,B0,4,0,0,EF,EE,True,4C,4C,False,Masked
785,5,B0,4,0,1,EF,EF,False,4C,4C,False,Not activated
786,5,B0,4,1,0,EF,ED,True,4C,4C,False,Masked
787,5,B0,4,1,1,EF,EF,False,4C,4C,False,Not activated
788,5,B0,4,2,0,EF,EB,True,4C,4C,False,Masked
789,5,B0,4,2,1,EF,EF,False,4C,4C,False,Not activated
790,5,B0,4,3,0,EF,E7,True,4C,4E,False,SDC
791,5,B0,4,3,1,EF,EF,False,4C,4C,False,Not activated
792,5,B0,4,4,0,EF,EF,False,4C,4C,False,Not activated
793,5,B0,4,4,1,EF,FF,True,4C,48,False,SDC
794,5,B0,4,5,0,EF,CF,True,4C,54,False,SDC
795,5,B0,4,5,1,EF,EF,False,4C,4C,False,Not activated
796,5,B0,4,6,0,EF,AF,True,4C,60,False,SDC
797,5,B0,4,6,1,EF,EF,False,4C,4C,False,Not activated
798,5,B0,4,7,0,EF,6F,True,4C,CE,False,SDC
799,5,B0,4,7,1,EF,EF,False,4C,4C,False,Not activated
800,5,B1,5,0,0,EF,EE,True,4C,4C,False,Masked
801,5,B1,5,0,1,EF,EF,False,4C,4C,False,Not activated
802,5,B1,5,1,0,EF,ED,True,4C,4C,False,Masked
803,5,B1,5,1,1,EF,EF,False,4C,4C,False,Not activated
804,5,B1,5,2,0,EF,EB,True,4C,4D,False,SDC
805,5,B1,5,2,1,EF,EF,False,4C,4C,False,Not activated
806,5,B1,5,3,0,EF,E7,True,4C,4E,False,SDC
807,5,B1,5,3,1,EF,EF,False,4C,4C,False,Not activated
808,5,B1,5,4,0,EF,EF,False,4C,4C,False,Not activated
809,5,B1,5,4,1,EF,FF,True,4C,45,False,SDC
810,5,B1,5,5,0,EF,CF,True,4C,58,False,SDC
811,5,B1,5,5,1,EF,EF,False,4C,4C,False,Not activated
812,5,B1,5,6,0,EF,AF,True,4C,63,False,SDC
813,5,B1,5,6,1,EF,EF,False,4C,4C,False,Not activated
814,5,B1,5,7,0,EF,6F,True,4C,A0,False,SDC
815,5,B1,5,7,1,EF,EF,False,4C,4C,False,Not activated
816,5,B2,6,0,0,DB,DA,True,4C,4C,False,Masked
817,5,B2,6,0,1,DB,DB,False,4C,4C,False,Not activated
818,5,B2,6,1,0,DB,D9,True,4C,4C,False,Masked
819,5,B2,6,1,1,DB,DB,False,4C,4C,False,Not activated
820,5,B2,6,2,0,DB,DB,False,4C,4C,False,Not activated
821,5,B2,6,2,1,DB,DF,True,4C,4A,False,SDC
822,5,B2,6,3,0,DB,D3,True,4C,4E,False,SDC
823,5,B2,6,3,1,DB,DB,False,4C,4C,False,Not activated
824,5,B2,6,4,0,DB,CB,True,4C,4F,False,SDC
825,5,B2,6,4,1,DB,DB,False,4C,4C,False,Not activated
826,5,B2,6,5,0,DB,DB,False,4C,4C,False,Not activated
827,5,B2,6,5,1,DB,FB,True,4C,44,False,SDC
828,5,B2,6,6,0,DB,9B,True,4C,62,False,SDC
829,5,B2,6,6,1,DB,DB,False,4C,4C,False,Not activated
830,5,B2,6,7,0,DB,5B,True,4C,13,False,SDC
831,5,B2,6,7,1,DB,DB,False,4C,4C,False,Not activated
832,5,B3,7,0,0,E2,E2,False,4C,4C,False,Not activated
833,5,B3,7,0,1,E2,E3,True,4C,4C,False,Masked
834,5,B3,7,1,0,E2,E0,True,4C,4C,False,Masked
835,5,B3,7,1,1,E2,E2,False,4C,4C,False,Not activated
836,5,B3,7,2,0,E2,E2,False,4C,4C,False,Not activated
837,5,B3,7,2,1,E2,E6,True,4C,4C,False,Masked
838,5,B3,7,3,0,E2,E2,False,4C,4C,False,Not activated
839,5,B3,7,3,1,E2,EA,True,4C,4C,False,Masked
840,5,B3,7,4,0,E2,E2,False,4C,4C,False,Not activated
841,5,B3,7,4,1,E2,F2,True,4C,4E,False,SDC
842,5,B3,7,5,0,E2,C2,True,4C,48,False,SDC
843,5,B3,7,5,1,E2,E2,False,4C,4C,False,Not activated
844,5,B3,7,6,0,E2,A2,True,4C,3E,False,SDC
845,5,B3,7,6,1,E2,E2,False,4C,4C,False,Not activated
846,5,B3,7,7,0,E2,62,True,4C,60,False,SDC
847,5,B3,7,7,1,E2,E2,False,4C,4C,False,Not activated
848,5,C0,8,0,0,38,38,False,4C,4C,False,Not activated
849,5,C0,8,0,1,38,39,True,4C,4C,False,Masked
850,5,C0,8,1,0,38,38,False,4C,4C,False,Not activated
851,5,C0,8,1,1,38,3A,True,4C,4C,False,Masked
852,5,C0,8,2,0,38,38,False,4C,4C,False,Not activated
853,5,C0,8,2,1,38,3C,True,4C,4E,False,SDC
854,5,C0,8,3,0,38,30,True,4C,48,False,SDC
855,5,C0,8,3,1,38,38,False,4C,4C,False,Not activated
856,5,C0,8,4,0,38,28,True,4C,44,False,SDC
857,5,C0,8,4,1,38,38,False,4C,4C,False,Not activated
858,5,C0,8,5,0,38,18,True,4C,37,False,SDC
859,5,C0,8,5,1,38,38,False,4C,4C,False,Not activated
860,5,C0,8,6,0,38,38,False,4C,4C,False,Not activated
861,5,C0,8,6,1,38,78,True,4C,78,False,SDC
862,5,C0,8,7,0,38,38,False,4C,4C,False,Not activated
863,5,C0,8,7,1,38,B8,True,4C,CF,False,SDC
864,6,A0,0,0,0,13,12,True,D6,D7,False,SDC
865,6,A0,0,0,1,13,13,False,D6,D6,False,Not activated
866,6,A0,0,1,0,13,11,True,D6,D8,False,SDC
867,6,A0,0,1,1,13,13,False,D6,D6,False,Not activated
868,6,A0,0,2,0,13,13,False,D6,D6,False,Not activated
869,6,A0,0,2,1,13,17,True,D6,D4,False,SDC
870,6,A0,0,3,0,13,13,False,D6,D6,False,Not activated
871,6,A0,0,3,1,13,1B,True,D6,D1,False,SDC
872,6,A0,0,4,0,13,03,True,D6,E1,False,SDC
873,6,A0,0,4,1,13,13,False,D6,D6,False,Not activated
874,6,A0,0,5,0,13,13,False,D6,D6,False,Not activated
875,6,A0,0,5,1,13,33,True,D6,C1,False,SDC
876,6,A0,0,6,0,13,13,False,D6,D6,False,Not activated
877,6,A0,0,6,1,13,53,True,D6,B0,False,SDC
878,6,A0,0,7,0,13,13,False,D6,D6,False,Not activated
879,6,A0,0,7,1,13,93,True,D6,60,False,SDC
880,6,A1,1,0,0,0E,0E,False,D6,D6,False,Not activated
881,6,A1,1,0,1,0E,0F,True,D6,D5,False,SDC
882,6,A1,1,1,0,0E,0C,True,D6,D6,False,Masked
883,6,A1,1,1,1,0E,0E,False,D6,D6,False,Not activated
884,6,A1,1,2,0,0E,0A,True,D6,D7,False,SDC
885,6,A1,1,2,1,0E,0E,False,D6,D6,False,Not activated
886,6,A1,1,3,0,0E,06,True,D6,D8,False,SDC
887,6,A1,1,3,1,0E,0E,False,D6,D6,False,Not activated
888,6,A1,1,4,0,0E,0E,False,D6,D6,False,Not activated
889,6,A1,1,4,1,0E,1E,True,D6,D2,False,SDC
890,6,A1,1,5,0,0E,0E,False,D6,D6,False,Not activated
891,6,A1,1,5,1,0E,2E,True,D6,CE,False,SDC
892,6,A1,1,6,0,0E,0E,False,D6,D6,False,Not activated
893,6,A1,1,6,1,0E,4E,True,D6,C3,False,SDC
894,6,A1,1,7,0,0E,0E,False,D6,D6,False,Not activated
895,6,A1,1,7,1,0E,8E,True,D6,25,False,SDC
896,6,A2,2,0,0,D6,D6,False,D6,D6,False,Not activated
897,6,A2,2,0,1,D6,D7,True,D6,D7,False,SDC
898,6,A2,2,1,0,D6,D4,True,D6,D4,False,SDC
899,6,A2,2,1,1,D6,D6,False,D6,D6,False,Not activated
900,6,A2,2,2,0,D6,D2,True,D6,D2,False,SDC
901,6,A2,2,2,1,D6,D6,False,D6,D6,False,Not activated
902,6,A2,2,3,0,D6,D6,False,D6,D6,False,Not activated
903,6,A2,2,3,1,D6,DE,True,D6,DE,False,SDC
904,6,A2,2,4,0,D6,C6,True,D6,C7,False,SDC
905,6,A2,2,4,1,D6,D6,False,D6,D6,False,Not activated
906,6,A2,2,5,0,D6,D6,False,D6,D6,False,Not activated
907,6,A2,2,5,1,D6,F6,True,D6,F5,False,SDC
908,6,A2,2,6,0,D6,96,True,D6,96,False,SDC
909,6,A2,2,6,1,D6,D6,False,D6,D6,False,Not activated
910,6,A2,2,7,0,D6,56,True,D6,54,False,SDC
911,6,A2,2,7,1,D6,D6,False,D6,D6,False,Not activated
912,6,A3,3,0,0,1D,1C,True,D6,D6,False,Masked
913,6,A3,3,0,1,1D,1D,False,D6,D6,False,Not activated
914,6,A3,3,1,0,1D,1D,False,D6,D6,False,Not activated
915,6,A3,3,1,1,1D,1F,True,D6,D7,False,SDC
916,6,A3,3,2,0,1D,19,True,D6,D5,False,SDC
917,6,A3,3,2,1,1D,1D,False,D6,D6,False,Not activated
918,6,A3,3,3,0,1D,15,True,D6,D4,False,SDC
919,6,A3,3,3,1,1D,1D,False,D6,D6,False,Not activated
920,6,A3,3,4,0,1D,0D,True,D6,D2,False,SDC
921,6,A3,3,4,1,1D,1D,False,D6,D6,False,Not activated
922,6,A3,3,5,0,1D,1D,False,D6,D6,False,Not activated
923,6,A3,3,5,1,1D,3D,True,D6,DF,False,SDC
924,6,A3,3,6,0,1D,1D,False,D6,D6,False,Not activated
925,6,A3,3,6,1,1D,5D,True,D6,F0,False,SDC
926,6,A3,3,7,0,1D,1D,False,D6,D6,False,Not activated
927,6,A3,3,7,1,1D,9D,True,D6,B2,False,SDC
928,6,B0,4,0,0,D5,D4,True,D6,D6,False,Masked
929,6,B0,4,0,1,D5,D5,False,D6,D6,False,Not activated
930,6,B0,4,1,0,D5,D5,False,D6,D6,False,Not activated
931,6,B0,4,1,1,D5,D7,True,D6,D7,False,SDC
932,6,B0,4,2,0,D5,D1,True,D6,D5,False,SDC
933,6,B0,4,2,1,D5,D5,False,D6,D6,False,Not activated
934,6,B0,4,3,0,D5,D5,False,D6,D6,False,Not activated
935,6,B0,4,3,1,D5,DD,True,D6,D9,False,SDC
936,6,B0,4,4,0,D5,C5,True,D6,D1,False,SDC
937,6,B0,4,4,1,D5,D5,False,D6,D6,False,Not activated
938,6,B0,4,5,0,D5,D5,False,D6,D6,False,Not activated
939,6,B0,4,5,1,D5,F5,True,D6,E0,False,SDC
940,6,B0,4,6,0,D5,95,True,D6,B2,False,SDC
941,6,B0,4,6,1,D5,D5,False,D6,D6,False,Not activated
942,6,B0,4,7,0,D5,55,True,D6,02,False,SDC
943,6,B0,4,7,1,D5,D5,False,D6,D6,False,Not activated
944,6,B1,5,0,0,F1,F0,True,D6,D5,False,SDC
945,6,B1,5,0,1,F1,F1,False,D6,D6,False,Not activated
946,6,B1,5,1,0,F1,F1,False,D6,D6,False,Not activated
947,6,B1,5,1,1,F1,F3,True,D6,D6,False,Masked
948,6,B1,5,2,0,F1,F1,False,D6,D6,False,Not activated
949,6,B1,5,2,1,F1,F5,True,D6,D7,False,SDC
950,6,B1,5,3,0,F1,F1,False,D6,D6,False,Not activated
951,6,B1,5,3,1,F1,F9,True,D6,D7,False,SDC
952,6,B1,5,4,0,F1,E1,True,D6,D2,False,SDC
953,6,B1,5,4,1,F1,F1,False,D6,D6,False,Not activated
954,6,B1,5,5,0,F1,D1,True,D6,CF,False,SDC
955,6,B1,5,5,1,F1,F1,False,D6,D6,False,Not activated
956,6,B1,5,6,0,F1,B1,True,D6,C3,False,SDC
957,6,B1,5,6,1,F1,F1,False,D6,D6,False,Not activated
958,6,B1,5,7,0,F1,71,True,D6,18,False,SDC
959,6,B1,5,7,1,F1,F1,False,D6,D6,False,Not activated
960,6,B2,6,0,0,3F,3E,True,D6,D6,False,Masked
961,6,B2,6,0,1,3F,3F,False,D6,D6,False,Not activated
962,6,B2,6,1,0,3F,3D,True,D6,D7,False,SDC
963,6,B2,6,1,1,3F,3F,False,D6,D6,False,Not activated
964,6,B2,6,2,0,3F,3B,True,D6,D8,False,SDC
965,6,B2,6,2,1,3F,3F,False,D6,D6,False,Not activated
966,6,B2,6,3,0,3F,37,True,D6,DB,False,SDC
967,6,B2,6,3,1,3F,3F,False,D6,D6,False,Not activated
968,6,B2,6,4,0,3F,2F,True,D6,E0,False,SDC
969,6,B2,6,4,1,3F,3F,False,D6,D6,False,Not activated
970,6,B2,6,5,0,3F,1F,True,D6,EB,False,SDC
971,6,B2,6,5,1,3F,3F,False,D6,D6,False,Not activated
972,6,B2,6,6,0,3F,3F,False,D6,D6,False,Not activated
973,6,B2,6,6,1,3F,7F,True,D6,82,False,SDC
974,6,B2,6,7,0,3F,3F,False,D6,D6,False,Not activated
975,6,B2,6,7,1,3F,BF,True,D6,2A,False,SDC
976,6,B3,7,0,0,12,12,False,D6,D6,False,Not activated
977,6,B3,7,0,1,12,13,True,D6,D7,False,SDC
978,6,B3,7,1,0,12,10,True,D6,D5,False,SDC
979,6,B3,7,1,1,12,12,False,D6,D6,False,Not activated
980,6,B3,7,2,0,12,12,False,D6,D6,False,Not activated
981,6,B3,7,2,1,12,16,True,D6,D8,False,SDC
982,6,B3,7,3,0,12,12,False,D6,D6,False,Not activated
983,6,B3,7,3,1,12,1A,True,D6,DA,False,SDC
984,6,B3,7,4,0,12,02,True,D6,CF,False,SDC
985,6,B3,7,4,1,12,12,False,D6,D6,False,Not activated
986,6,B3,7,5,0,12,12,False,D6,D6,False,Not activated
987,6,B3,7,5,1,12,32,True,D6,E5,False,SDC
988,6,B3,7,6,0,12,12,False,D6,D6,False,Not activated
989,6,B3,7,6,1,12,52,True,D6,FB,False,SDC
990,6,B3,7,7,0,12,12,False,D6,D6,False,Not activated
991,6,B3,7,7,1,12,92,True,D6,9C,False,SDC
992,6,C0,8,0,0,07,06,True,D6,D5,False,SDC
993,6,C0,8,0,1,07,07,False,D6,D6,False,Not activated
994,6,C0,8,1,0,07,05,True,D6,D4,False,SDC
995,6,C0,8,1,1,07,07,False,D6,D6,False,Not activated
996,6,C0,8,2,0,07,03,True,D6,D2,False,SDC
997,6,C0,8,2,1,07,07,False,D6,D6,False,Not activated
998,6,C0,8,3,0,07,07,False,D6,D6,False,Not activated
999,6,C0,8,3,1,07,0F,True,D6,DE,False,SDC
1000,6,C0,8,4,0,07,07,False,D6,D6,False,Not activated
1001,6,C0,8,4,1,07,17,True,D6,E6,False,SDC
1002,6,C0,8,5,0,07,07,False,D6,D6,False,Not activated
1003,6,C0,8,5,1,07,27,True,D6,F6,False,SDC
1004,6,C0,8,6,0,07,07,False,D6,D6,False,Not activated
1005,6,C0,8,6,1,07,47,True,D6,1D,False,SDC
1006,6,C0,8,7,0,07,07,False,D6,D6,False,Not activated
1007,6,C0,8,7,1,07,87,True,D6,87,False,SDC
1008,7,A0,0,0,0,18,18,False,17,17,False,Not activated
1009,7,A0,0,0,1,18,19,True,17,16,False,SDC
1010,7,A0,0,1,0,18,18,False,17,17,False,Not activated
1011,7,A0,0,1,1,18,1A,True,17,15,False,SDC
1012,7,A0,0,2,0,18,18,False,17,17,False,Not activated
1013,7,A0,0,2,1,18,1C,True,17,13,False,SDC
1014,7,A0,0,3,0,18,10,True,17,1E,False,SDC
1015,7,A0,0,3,1,18,18,False,17,17,False,Not activated
1016,7,A0,0,4,0,18,08,True,17,25,False,SDC
1017,7,A0,0,4,1,18,18,False,17,17,False,Not activated
1018,7,A0,0,5,0,18,18,False,17,17,False,Not activated
1019,7,A0,0,5,1,18,38,True,17,F9,False,SDC
1020,7,A0,0,6,0,18,18,False,17,17,False,Not activated
1021,7,A0,0,6,1,18,58,True,17,C5,False,SDC
1022,7,A0,0,7,0,18,18,False,17,17,False,Not activated
1023,7,A0,0,7,1,18,98,True,17,6B,False,SDC
1024,7,A1,1,0,0,2C,2C,False,17,17,False,Not activated
1025,7,A1,1,0,1,2C,2D,True,17,16,False,SDC
1026,7,A1,1,1,0,2C,2C,False,17,17,False,Not activated
1027,7,A1,1,1,1,2C,2E,True,17,16,False,SDC
1028,7,A1,1,2,0,2C,28,True,17,18,False,SDC
1029,7,A1,1,2,1,2C,2C,False,17,17,False,Not activated
1030,7,A1,1,3,0,2C,24,True,17,19,False,SDC
1031,7,A1,1,3,1,2C,2C,False,17,17,False,Not activated
1032,7,A1,1,4,0,2C,2C,False,17,17,False,Not activated
1033,7,A1,1,4,1,2C,3C,True,17,11,False,SDC
1034,7,A1,1,5,0,2C,0C,True,17,23,False,SDC
1035,7,A1,1,5,1,2C,2C,False,17,17,False,Not activated
1036,7,A1,1,6,0,2C,2C,False,17,17,False,Not activated
1037,7,A1,1,6,1,2C,6C,True,17,D3,False,SDC
1038,7,A1,1,7,0,2C,2C,False,17,17,False,Not activated
1039,7,A1,1,7,1,2C,AC,True,17,47,False,SDC
1040,7,A2,2,0,0,23,22,True,17,17,False,Masked
1041,7,A2,2,0,1,23,23,False,17,17,False,Not activated
1042,7,A2,2,1,0,23,21,True,17,18,False,SDC
1043,7,A2,2,1,1,23,23,False,17,17,False,Not activated
1044,7,A2,2,2,0,23,23,False,17,17,False,Not activated
1045,7,A2,2,2,1,23,27,True,17,15,False,SDC
1046,7,A2,2,3,0,23,23,False,17,17,False,Not activated
1047,7,A2,2,3,1,23,2B,True,17,13,False,SDC
1048,7,A2,2,4,0,23,23,False,17,17,False,Not activated
1049,7,A2,2,4,1,23,33,True,17,0F,False,SDC
1050,7,A2,2,5,0,23,03,True,17,26,False,SDC
1051,7,A2,2,5,1,23,23,False,17,17,False,Not activated
1052,7,A2,2,6,0,23,23,False,17,17,False,Not activated
1053,7,A2,2,6,1,23,63,True,17,DF,False,SDC
1054,7,A2,2,7,0,23,23,False,17,17,False,Not activated
1055,7,A2,2,7,1,23,A3,True,17,50,False,SDC
1056,7,A3,3,0,0,DD,DC,True,17,18,False,SDC
1057,7,A3,3,0,1,DD,DD,False,17,17,False,Not activated
1058,7,A3,3,1,0,DD,DD,False,17,17,False,Not activated
1059,7,A3,3,1,1,DD,DF,True,17,16,False,SDC
1060,7,A3,3,2,0,DD,D9,True,17,1A,False,SDC
1061,7,A3,3,2,1,DD,DD,False,17,17,False,Not activated
1062,7,A3,3,3,0,DD,D5,True,17,1C,False,SDC
1063,7,A3,3,3,1,DD,DD,False,17,17,False,Not activated
1064,7,A3,3,4,0,DD,CD,True,17,20,False,SDC
1065,7,A3,3,4,1,DD,DD,False,17,17,False,Not activated
1066,7,A3,3,5,0,DD,DD,False,17,17,False,Not activated
1067,7,A3,3,5,1,DD,FD,True,17,05,False,SDC
1068,7,A3,3,6,0,DD,9D,True,17,4E,False,SDC
1069,7,A3,3,6,1,DD,DD,False,17,17,False,Not activated
1070,7,A3,3,7,0,DD,5D,True,17,BE,False,SDC
1071,7,A3,3,7,1,DD,DD,False,17,17,False,Not activated
1072,7,B0,4,0,0,C4,C4,False,17,17,False,Not activated
1073,7,B0,4,0,1,C4,C5,True,17,17,False,Masked
1074,7,B0,4,1,0,C4,C4,False,17,17,False,Not activated
1075,7,B0,4,1,1,C4,C6,True,17,17,False,Masked
1076,7,B0,4,2,0,C4,C0,True,17,15,False,SDC
1077,7,B0,4,2,1,C4,C4,False,17,17,False,Not activated
1078,7,B0,4,3,0,C4,C4,False,17,17,False,Not activated
1079,7,B0,4,3,1,C4,CC,True,17,19,False,SDC
1080,7,B0,4,4,0,C4,C4,False,17,17,False,Not activated
1081,7,B0,4,4,1,C4,D4,True,17,1D,False,SDC
1082,7,B0,4,5,0,C4,C4,False,17,17,False,Not activated
1083,7,B0,4,5,1,C4,E4,True,17,23,False,SDC
1084,7,B0,4,6,0,C4,84,True,17,8E,False,SDC
1085,7,B0,4,6,1,C4,C4,False,17,17,False,Not activated
1086,7,B0,4,7,0,C4,44,True,17,44,False,SDC
1087,7,B0,4,7,1,C4,C4,False,17,17,False,Not activated
1088,7,B1,5,0,0,E8,E8,False,17,17,False,Not activated
1089,7,B1,5,0,1,E8,E9,True,17,17,False,Masked
1090,7,B1,5,1,0,E8,E8,False,17,17,False,Not activated
1091,7,B1,5,1,1,E8,EA,True,17,18,False,SDC
1092,7,B1,5,2,0,E8,E8,False,17,17,False,Not activated
1093,7,B1,5,2,1,E8,EC,True,17,19,False,SDC
1094,7,B1,5,3,0,E8,E0,True,17,11,False,SDC
1095,7,B1,5,3,1,E8,E8,False,17,17,False,Not activated
1096,7,B1,5,4,0,E8,E8,False,17,17,False,Not activated
1097,7,B1,5,4,1,E8,F8,True,17,21,False,SDC
1098,7,B1,5,5,0,E8,C8,True,17,01,False,SDC
1099,7,B1,5,5,1,E8,E8,False,17,17,False,Not activated
1100,7,B1,5,6,0,E8,A8,True,17,DB,False,SDC
1101,7,B1,5,6,1,E8,E8,False,17,17,False,Not activated
1102,7,B1,5,7,0,E8,68,True,17,65,False,SDC
1103,7,B1,5,7,1,E8,E8,False,17,17,False,Not activated
1104,7,B2,6,0,0,E2,E2,False,17,17,False,Not activated
1105,7,B2,6,0,1,E2,E3,True,17,17,False,Masked
1106,7,B2,6,1,0,E2,E0,True,17,15,False,SDC
1107,7,B2,6,1,1,E2,E2,False,17,17,False,Not activated
1108,7,B2,6,2,0,E2,E2,False,17,17,False,Not activated
1109,7,B2,6,2,1,E2,E6,True,17,19,False,SDC
1110,7,B2,6,3,0,E2,E2,False,17,17,False,Not activated
1111,7,B2,6,3,1,E2,EA,True,17,1B,False,SDC
1112,7,B2,6,4,0,E2,E2,False,17,17,False,Not activated
1113,7,B2,6,4,1,E2,F2,True,17,1F,False,SDC
1114,7,B2,6,5,0,E2,C2,True,17,05,False,SDC
1115,7,B2,6,5,1,E2,E2,False,17,17,False,Not activated
1116,7,B2,6,6,0,E2,A2,True,17,E3,False,SDC
1117,7,B2,6,6,1,E2,E2,False,17,17,False,Not activated
1118,7,B2,6,7,0,E2,62,True,17,5A,False,SDC
1119,7,B2,6,7,1,E2,E2,False,17,17,False,Not activated
1120,7,B3,7,0,0,DB,DA,True,17,18,False,SDC
1121,7,B3,7,0,1,DB,DB,False,17,17,False,Not activated
1122,7,B3,7,1,0,DB,D9,True,17,18,False,SDC
1123,7,B3,7,1,1,DB,DB,False,17,17,False,Not activated
1124,7,B3,7,2,0,DB,DB,False,17,17,False,Not activated
1125,7,B3,7,2,1,DB,DF,True,17,15,False,SDC
1126,7,B3,7,3,0,DB,D3,True,17,1C,False,SDC
1127,7,B3,7,3,1,DB,DB,False,17,17,False,Not activated
1128,7,B3,7,4,0,DB,CB,True,17,20,False,SDC
1129,7,B3,7,4,1,DB,DB,False,17,17,False,Not activated
1130,7,B3,7,5,0,DB,DB,False,17,17,False,Not activated
1131,7,B3,7,5,1,DB,FB,True,17,06,False,SDC
1132,7,B3,7,6,0,DB,9B,True,17,50,False,SDC
1133,7,B3,7,6,1,DB,DB,False,17,17,False,Not activated
1134,7,B3,7,7,0,DB,5B,True,17,C3,False,SDC
1135,7,B3,7,7,1,DB,DB,False,17,17,False,Not activated
1136,7,C0,8,0,0,39,38,True,17,16,False,SDC
1137,7,C0,8,0,1,39,39,False,17,17,False,Not activated
1138,7,C0,8,1,0,39,39,False,17,17,False,Not activated
1139,7,C0,8,1,1,39,3B,True,17,19,False,SDC
1140,7,C0,8,2,0,39,39,False,17,17,False,Not activated
1141,7,C0,8,2,1,39,3D,True,17,1B,False,SDC
1142,7,C0,8,3,0,39,31,True,17,0F,False,SDC
1143,7,C0,8,3,1,39,39,False,17,17,False,Not activated
1144,7,C0,8,4,0,39,29,True,17,07,False,SDC
1145,7,C0,8,4,1,39,39,False,17,17,False,Not activated
1146,7,C0,8,5,0,39,19,True,17,F7,False,SDC
1147,7,C0,8,5,1,39,39,False,17,17,False,Not activated
1148,7,C0,8,6,0,39,39,False,17,17,False,Not activated
1149,7,C0,8,6,1,39,79,True,17,79,False,SDC
1150,7,C0,8,7,0,39,39,False,17,17,False,Not activated
1151,7,C0,8,7,1,39,B9,True,17,A8,False,SDC
1152,8,A0,0,0,0,30,30,False,2F,2F,False,Not activated
1153,8,A0,0,0,1,30,31,True,2F,30,False,SDC
1154,8,A0,0,1,0,30,30,False,2F,2F,False,Not activated
1155,8,A0,0,1,1,30,32,True,2F,30,False,SDC
1156,8,A0,0,2,0,30,30,False,2F,2F,False,Not activated
1157,8,A0,0,2,1,30,34,True,2F,32,False,SDC
1158,8,A0,0,3,0,30,30,False,2F,2F,False,Not activated
1159,8,A0,0,3,1,30,38,True,2F,35,False,SDC
1160,8,A0,0,4,0,30,20,True,2F,21,False,SDC
1161,8,A0,0,4,1,30,30,False,2F,2F,False,Not activated
1162,8,A0,0,5,0,30,10,True,2F,14,False,SDC
1163,8,A0,0,5,1,30,30,False,2F,2F,False,Not activated
1164,8,A0,0,6,0,30,30,False,2F,2F,False,Not activated
1165,8,A0,0,6,1,30,70,True,2F,6B,False,SDC
1166,8,A0,0,7,0,30,30,False,2F,2F,False,Not activated
1167,8,A0,0,7,1,30,B0,True,2F,BC,False,SDC
1168,8,A1,1,0,0,E8,E8,False,2F,2F,False,Not activated
1169,8,A1,1,0,1,E8,E9,True,2F,2F,False,Masked
1170,8,A1,1,1,0,E8,E8,False,2F,2F,False,Not activated
1171,8,A1,1,1,1,E8,EA,True,2F,2F,False,Masked
1172,8,A1,1,2,0,E8,E8,False,2F,2F,False,Not activated
1173,8,A1,1,2,1,E8,EC,True,2F,2F,False,Masked
1174,8,A1,1,3,0,E8,E0,True,2F,2F,False,Masked
1175,8,A1,1,3,1,E8,E8,False,2F,2F,False,Not activated
1176,8,A1,1,4,0,E8,E8,False,2F,2F,False,Not activated
1177,8,A1,1,4,1,E8,F8,True,2F,2E,False,SDC
1178,8,A1,1,5,0,E8,C8,True,2F,31,False,SDC
1179,8,A1,1,5,1,E8,E8,False,2F,2F,False,Not activated
1180,8,A1,1,6,0,E8,A8,True,2F,36,False,SDC
1181,8,A1,1,6,1,E8,E8,False,2F,2F,False,Not activated
1182,8,A1,1,7,0,E8,68,True,2F,1E,False,SDC
1183,8,A1,1,7,1,E8,E8,False,2F,2F,False,Not activated
1184,8,A2,2,0,0,14,14,False,2F,2F,False,Not activated
1185,8,A2,2,0,1,14,15,True,2F,2E,False,SDC
1186,8,A2,2,1,0,14,14,False,2F,2F,False,Not activated
1187,8,A2,2,1,1,14,16,True,2F,2E,False,SDC
1188,8,A2,2,2,0,14,10,True,2F,30,False,SDC
1189,8,A2,2,2,1,14,14,False,2F,2F,False,Not activated
1190,8,A2,2,3,0,14,14,False,2F,2F,False,Not activated
1191,8,A2,2,3,1,14,1C,True,2F,2B,False,SDC
1192,8,A2,2,4,0,14,04,True,2F,36,False,SDC
1193,8,A2,2,4,1,14,14,False,2F,2F,False,Not activated
1194,8,A2,2,5,0,14,14,False,2F,2F,False,Not activated
1195,8,A2,2,5,1,14,34,True,2F,20,False,SDC
1196,8,A2,2,6,0,14,14,False,2F,2F,False,Not activated
1197,8,A2,2,6,1,14,54,True,2F,07,False,SDC
1198,8,A2,2,7,0,14,14,False,2F,2F,False,Not activated
1199,8,A2,2,7,1,14,94,True,2F,64,False,SDC
1200,8,A3,3,0,0,F3,F2,True,2F,30,False,SDC
1201,8,A3,3,0,1,F3,F3,False,2F,2F,False,Not activated
1202,8,A3,3,1,0,F3,F1,True,2F,31,False,SDC
1203,8,A3,3,1,1,F3,F3,False,2F,2F,False,Not activated
1204,8,A3,3,2,0,F3,F3,False,2F,2F,False,Not activated
1205,8,A3,3,2,1,F3,F7,True,2F,2D,False,SDC
1206,8,A3,3,3,0,F3,F3,False,2F,2F,False,Not activated
1207,8,A3,3,3,1,F3,FB,True,2F,2B,False,SDC
1208,8,A3,3,4,0,F3,E3,True,2F,37,False,SDC
1209,8,A3,3,4,1,F3,F3,False,2F,2F,False,Not activated
1210,8,A3,3,5,0,F3,D3,True,2F,3F,False,SDC
1211,8,A3,3,5,1,F3,F3,False,2F,2F,False,Not activated
1212,8,A3,3,6,0,F3,B3,True,2F,4B,False,SDC
1213,8,A3,3,6,1,F3,F3,False,2F,2F,False,Not activated
1214,8,A3,3,7,0,F3,73,True,2F,9F,False,SDC
1215,8,A3,3,7,1,F3,F3,False,2F,2F,False,Not activated
1216,8,B0,4,0,0,35,34,True,2F,2E,False,SDC
1217,8,B0,4,0,1,35,35,False,2F,2F,False,Not activated
1218,8,B0,4,1,0,35,35,False,2F,2F,False,Not activated
1219,8,B0,4,1,1,35,37,True,2F,30,False,SDC
1220,8,B0,4,2,0,35,31,True,2F,2C,False,SDC
1221,8,B0,4,2,1,35,35,False,2F,2F,False,Not activated
1222,8,B0,4,3,0,35,35,False,2F,2F,False,Not activated
1223,8,B0,4,3,1,35,3D,True,2F,35,False,SDC
1224,8,B0,4,4,0,35,25,True,2F,23,False,SDC
1225,8,B0,4,4,1,35,35,False,2F,2F,False,Not activated
1226,8,B0,4,5,0,35,15,True,2F,17,False,SDC
1227,8,B0,4,5,1,35,35,False,2F,2F,False,Not activated
1228,8,B0,4,6,0,35,35,False,2F,2F,False,Not activated
1229,8,B0,4,6,1,35,75,True,2F,72,False,SDC
1230,8,B0,4,7,0,35,35,False,2F,2F,False,Not activated
1231,8,B0,4,7,1,35,B5,True,2F,C8,False,SDC
1232,8,B1,5,0,0,FB,FA,True,2F,2F,False,Masked
1233,8,B1,5,0,1,FB,FB,False,2F,2F,False,Not activated
1234,8,B1,5,1,0,FB,F9,True,2F,30,False,SDC
1235,8,B1,5,1,1,FB,FB,False,2F,2F,False,Not activated
1236,8,B1,5,2,0,FB,FB,False,2F,2F,False,Not activated
1237,8,B1,5,2,1,FB,FF,True,2F,2E,False,SDC
1238,8,B1,5,3,0,FB,F3,True,2F,32,False,SDC
1239,8,B1,5,3,1,FB,FB,False,2F,2F,False,Not activated
1240,8,B1,5,4,0,FB,EB,True,2F,35,False,SDC
1241,8,B1,5,4,1,FB,FB,False,2F,2F,False,Not activated
1242,8,B1,5,5,0,FB,DB,True,2F,3B,False,SDC
1243,8,B1,5,5,1,FB,FB,False,2F,2F,False,Not activated
1244,8,B1,5,6,0,FB,BB,True,2F,44,False,SDC
1245,8,B1,5,6,1,FB,FB,False,2F,2F,False,Not activated
1246,8,B1,5,7,0,FB,7B,True,2F,8F,False,SDC
1247,8,B1,5,7,1,FB,FB,False,2F,2F,False,Not activated
1248,8,B2,6,0,0,E2,E2,False,2F,2F,False,Not activated
1249,8,B2,6,0,1,E2,E3,True,2F,2F,False,Masked
1250,8,B2,6,1,0,E2,E0,True,2F,2E,False,SDC
1251,8,B2,6,1,1,E2,E2,False,2F,2F,False,Not activated
1252,8,B2,6,2,0,E2,E2,False,2F,2F,False,Not activated
1253,8,B2,6,2,1,E2,E6,True,2F,30,False,SDC
1254,8,B2,6,3,0,E2,E2,False,2F,2F,False,Not activated
1255,8,B2,6,3,1,E2,EA,True,2F,31,False,SDC
1256,8,B2,6,4,0,E2,E2,False,2F,2F,False,Not activated
1257,8,B2,6,4,1,E2,F2,True,2F,34,False,SDC
1258,8,B2,6,5,0,E2,C2,True,2F,25,False,SDC
1259,8,B2,6,5,1,E2,E2,False,2F,2F,False,Not activated
1260,8,B2,6,6,0,E2,A2,True,2F,11,False,SDC
1261,8,B2,6,6,1,E2,E2,False,2F,2F,False,Not activated
1262,8,B2,6,7,0,E2,62,True,2F,52,False,SDC
1263,8,B2,6,7,1,E2,E2,False,2F,2F,False,Not activated
1264,8,B3,7,0,0,E0,E0,False,2F,2F,False,Not activated
1265,8,B3,7,0,1,E0,E1,True,2F,2F,False,Masked
1266,8,B3,7,1,0,E0,E0,False,2F,2F,False,Not activated
1267,8,B3,7,1,1,E0,E2,True,2F,2F,False,Masked
1268,8,B3,7,2,0,E0,E0,False,2F,2F,False,Not activated
1269,8,B3,7,2,1,E0,E4,True,2F,2F,False,Masked
1270,8,B3,7,3,0,E0,E0,False,2F,2F,False,Not activated
1271,8,B3,7,3,1,E0,E8,True,2F,2E,False,SDC
1272,8,B3,7,4,0,E0,E0,False,2F,2F,False,Not activated
1273,8,B3,7,4,1,E0,F0,True,2F,2C,False,SDC
1274,8,B3,7,5,0,E0,C0,True,2F,36,False,SDC
1275,8,B3,7,5,1,E0,E0,False,2F,2F,False,Not activated
1276,8,B3,7,6,0,E0,A0,True,2F,42,False,SDC
1277,8,B3,7,6,1,E0,E0,False,2F,2F,False,Not activated
1278,8,B3,7,7,0,E0,60,True,2F,0F,False,SDC
1279,8,B3,7,7,1,E0,E0,False,2F,2F,False,Not activated
1280,8,C0,8,0,0,08,08,False,2F,2F,False,Not activated
1281,8,C0,8,0,1,08,09,True,2F,30,False,SDC
1282,8,C0,8,1,0,08,08,False,2F,2F,False,Not activated
1283,8,C0,8,1,1,08,0A,True,2F,31,False,SDC
1284,8,C0,8,2,0,08,08,False,2F,2F,False,Not activated
1285,8,C0,8,2,1,08,0C,True,2F,33,False,SDC
1286,8,C0,8,3,0,08,00,True,2F,27,False,SDC
1287,8,C0,8,3,1,08,08,False,2F,2F,False,Not activated
1288,8,C0,8,4,0,08,08,False,2F,2F,False,Not activated
1289,8,C0,8,4,1,08,18,True,2F,3F,False,SDC
1290,8,C0,8,5,0,08,08,False,2F,2F,False,Not activated
1291,8,C0,8,5,1,08,28,True,2F,48,False,SDC
1292,8,C0,8,6,0,08,08,False,2F,2F,False,Not activated
1293,8,C0,8,6,1,08,48,True,2F,5C,False,SDC
1294,8,C0,8,7,0,08,08,False,2F,2F,False,Not activated
1295,8,C0,8,7,1,08,88,True,2F,89,False,SDC
1296,9,A0,0,0,0,E2,E2,False,EE,EE,False,Not activated
1297,9,A0,0,0,1,E2,E3,True,EE,ED,False,SDC
1298,9,A0,0,1,0,E2,E0,True,EE,EF,False,SDC
1299,9,A0,0,1,1,E2,E2,False,EE,EE,False,Not activated
1300,9,A0,0,2,0,E2,E2,False,EE,EE,False,Not activated
1301,9,A0,0,2,1,E2,E6,True,EE,EC,False,SDC
1302,9,A0,0,3,0,E2,E2,False,EE,EE,False,Not activated
1303,9,A0,0,3,1,E2,EA,True,EE,E9,False,SDC
1304,9,A0,0,4,0,E2,E2,False,EE,EE,False,Not activated
1305,9,A0,0,4,1,E2,F2,True,EE,E5,False,SDC
1306,9,A0,0,5,0,E2,C2,True,EE,00,False,SDC
1307,9,A0,0,5,1,E2,E2,False,EE,EE,False,Not activated
1308,9,A0,0,6,0,E2,A2,True,EE,22,False,SDC
1309,9,A0,0,6,1,E2,E2,False,EE,EE,False,Not activated
1310,9,A0,0,7,0,E2,62,True,EE,A7,False,SDC
1311,9,A0,0,7,1,E2,E2,False,EE,EE,False,Not activated
1312,9,A1,1,0,0,0B,0A,True,EE,ED,False,SDC
1313,9,A1,1,0,1,0B,0B,False,EE,EE,False,Not activated
1314,9,A1,1,1,0,0B,09,True,EE,EC,False,SDC
1315,9,A1,1,1,1,0B,0B,False,EE,EE,False,Not activated
1316,9,A1,1,2,0,0B,0B,False,EE,EE,False,Not activated
1317,9,A1,1,2,1,0B,0F,True,EE,F2,False,SDC
1318,9,A1,1,3,0,0B,03,True,EE,E6,False,SDC
1319,9,A1,1,3,1,0B,0B,False,EE,EE,False,Not activated
1320,9,A1,1,4,0,0B,0B,False,EE,EE,False,Not activated
1321,9,A1,1,4,1,0B,1B,True,EE,FE,False,SDC
1322,9,A1,1,5,0,0B,0B,False,EE,EE,False,Not activated
1323,9,A1,1,5,1,0B,2B,True,EE,0E,False,SDC
1324,9,A1,1,6,0,0B,0B,False,EE,EE,False,Not activated
1325,9,A1,1,6,1,0B,4B,True,EE,3A,False,SDC
1326,9,A1,1,7,0,0B,0B,False,EE,EE,False,Not activated
1327,9,A1,1,7,1,0B,8B,True,EE,8A,False,SDC
1328,9,A2,2,0,0,33,32,True,EE,EE,False,Masked
1329,9,A2,2,0,1,33,33,False,EE,EE,False,Not activated
1330,9,A2,2,1,0,33,31,True,EE,EE,False,Masked
1331,9,A2,2,1,1,33,33,False,EE,EE,False,Not activated
1332,9,A2,2,2,0,33,33,False,EE,EE,False,Not activated
1333,9,A2,2,2,1,33,37,True,EE,EE,False,Masked
1334,9,A2,2,3,0,33,33,False,EE,EE,False,Not activated
1335,9,A2,2,3,1,33,3B,True,EE,EE,False,Masked
1336,9,A2,2,4,0,33,23,True,EE,EE,False,Masked
1337,9,A2,2,4,1,33,33,False,EE,EE,False,Not activated
1338,9,A2,2,5,0,33,13,True,EE,EE,False,Masked
1339,9,A2,2,5,1,33,33,False,EE,EE,False,Not activated
1340,9,A2,2,6,0,33,33,False,EE,EE,False,Not activated
1341,9,A2,2,6,1,33,73,True,EE,F3,False,SDC
1342,9,A2,2,7,0,33,33,False,EE,EE,False,Not activated
1343,9,A2,2,7,1,33,B3,True,EE,EC,False,SDC
1344,9,A3,3,0,0,F3,F2,True,EE,EE,False,Masked
1345,9,A3,3,0,1,F3,F3,False,EE,EE,False,Not activated
1346,9,A3,3,1,0,F3,F1,True,EE,EF,False,SDC
1347,9,A3,3,1,1,F3,F3,False,EE,EE,False,Not activated
1348,9,A3,3,2,0,F3,F3,False,EE,EE,False,Not activated
1349,9,A3,3,2,1,F3,F7,True,EE,EA,False,SDC
1350,9,A3,3,3,0,F3,F3,False,EE,EE,False,Not activated
1351,9,A3,3,3,1,F3,FB,True,EE,E7,False,SDC
1352,9,A3,3,4,0,F3,E3,True,EE,FB,False,SDC
1353,9,A3,3,4,1,F3,F3,False,EE,EE,False,Not activated
1354,9,A3,3,5,0,F3,D3,True,EE,08,False,SDC
1355,9,A3,3,5,1,F3,F3,False,EE,EE,False,Not activated
1356,9,A3,3,6,0,F3,B3,True,EE,2E,False,SDC
1357,9,A3,3,6,1,F3,F3,False,EE,EE,False,Not activated
1358,9,A3,3,7,0,F3,73,True,EE,8E,False,SDC
1359,9,A3,3,7,1,F3,F3,False,EE,EE,False,Not activated
1360,9,B0,4,0,0,DC,DC,False,EE,EE,False,Not activated
1361,9,B0,4,0,1,DC,DD,True,EE,ED,False,SDC
1362,9,B0,4,1,0,DC,DC,False,EE,EE,False,Not activated
1363,9,B0,4,1,1,DC,DE,True,EE,ED,False,SDC
1364,9,B0,4,2,0,DC,D8,True,EE,F0,False,SDC
1365,9,B0,4,2,1,DC,DC,False,EE,EE,False,Not activated
1366,9,B0,4,3,0,DC,D4,True,EE,F2,False,SDC
1367,9,B0,4,3,1,DC,DC,False,EE,EE,False,Not activated
1368,9,B0,4,4,0,DC,CC,True,EE,F5,False,SDC
1369,9,B0,4,4,1,DC,DC,False,EE,EE,False,Not activated
1370,9,B0,4,5,0,DC,DC,False,EE,EE,False,Not activated
1371,9,B0,4,5,1,DC,FC,True,EE,DF,False,SDC
1372,9,B0,4,6,0,DC,9C,True,EE,2A,False,SDC
1373,9,B0,4,6,1,DC,DC,False,EE,EE,False,Not activated
1374,9,B0,4,7,0,DC,5C,True,EE,B2,False,SDC
1375,9,B0,4,7,1,DC,DC,False,EE,EE,False,Not activated
1376,9,B1,5,0,0,40,40,False,EE,EE,False,Not activated
1377,9,B1,5,0,1,40,41,True,EE,EE,False,Masked
1378,9,B1,5,1,0,40,40,False,EE,EE,False,Not activated
1379,9,B1,5,1,1,40,42,True,EE,EF,False,SDC
1380,9,B1,5,2,0,40,40,False,EE,EE,False,Not activated
1381,9,B1,5,2,1,40,44,True,EE,EF,False,SDC
1382,9,B1,5,3,0,40,40,False,EE,EE,False,Not activated
1383,9,B1,5,3,1,40,48,True,EE,F1,False,SDC
1384,9,B1,5,4,0,40,40,False,EE,EE,False,Not activated
1385,9,B1,5,4,1,40,50,True,EE,F3,False,SDC
1386,9,B1,5,5,0,40,40,False,EE,EE,False,Not activated
1387,9,B1,5,5,1,40,60,True,EE,F9,False,SDC
1388,9,B1,5,6,0,40,00,True,EE,E3,False,SDC
1389,9,B1,5,6,1,40,40,False,EE,EE,False,Not activated
1390,9,B1,5,7,0,40,40,False,EE,EE,False,Not activated
1391,9,B1,5,7,1,40,C0,True,EE,D8,False,SDC
1392,9,B2,6,0,0,01,00,True,EE,ED,False,SDC
1393,9,B2,6,0,1,01,01,False,EE,EE,False,Not activated
1394,9,B2,6,1,0,01,01,False,EE,EE,False,Not activated
1395,9,B2,6,1,1,01,03,True,EE,EF,False,SDC
1396,9,B2,6,2,0,01,01,False,EE,EE,False,Not activated
1397,9,B2,6,2,1,01,05,True,EE,F1,False,SDC
1398,9,B2,6,3,0,01,01,False,EE,EE,False,Not activated
1399,9,B2,6,3,1,01,09,True,EE,F4,False,SDC
1400,9,B2,6,4,0,01,01,False,EE,EE,False,Not activated
1401,9,B2,6,4,1,01,11,True,EE,FB,False,SDC
1402,9,B2,6,5,0,01,01,False,EE,EE,False,Not activated
1403,9,B2,6,5,1,01,21,True,EE,06,False,SDC
1404,9,B2,6,6,0,01,01,False,EE,EE,False,Not activated
1405,9,B2,6,6,1,01,41,True,EE,22,False,SDC
1406,9,B2,6,7,0,01,01,False,EE,EE,False,Not activated
1407,9,B2,6,7,1,01,81,True,EE,81,False,SDC
1408,9,B3,7,0,0,CC,CC,False,EE,EE,False,Not activated
1409,9,B3,7,0,1,CC,CD,True,EE,ED,False,SDC
1410,9,B3,7,1,0,CC,CC,False,EE,EE,False,Not activated
1411,9,B3,7,1,1,CC,CE,True,EE,ED,False,SDC
1412,9,B3,7,2,0,CC,C8,True,EE,EE,False,Masked
1413,9,B3,7,2,1,CC,CC,False,EE,EE,False,Not activated
1414,9,B3,7,3,0,CC,C4,True,EE,EF,False,SDC
1415,9,B3,7,3,1,CC,CC,False,EE,EE,False,Not activated
1416,9,B3,7,4,0,CC,CC,False,EE,EE,False,Not activated
1417,9,B3,7,4,1,CC,DC,True,EE,EA,False,SDC
1418,9,B3,7,5,0,CC,CC,False,EE,EE,False,Not activated
1419,9,B3,7,5,1,CC,EC,True,EE,E7,False,SDC
1420,9,B3,7,6,0,CC,8C,True,EE,32,False,SDC
1421,9,B3,7,6,1,CC,CC,False,EE,EE,False,Not activated
1422,9,B3,7,7,0,CC,4C,True,EE,D1,False,SDC
1423,9,B3,7,7,1,CC,CC,False,EE,EE,False,Not activated
1424,9,C0,8,0,0,C6,C6,False,EE,EE,False,Not activated
1425,9,C0,8,0,1,C6,C7,True,EE,EF,False,SDC
1426,9,C0,8,1,0,C6,C4,True,EE,EC,False,SDC
1427,9,C0,8,1,1,C6,C6,False,EE,EE,False,Not activated
1428,9,C0,8,2,0,C6,C2,True,EE,EA,False,SDC
1429,9,C0,8,2,1,C6,C6,False,EE,EE,False,Not activated
1430,9,C0,8,3,0,C6,C6,False,EE,EE,False,Not activated
1431,9,C0,8,3,1,C6,CE,True,EE,F6,False,SDC
1432,9,C0,8,4,0,C6,C6,False,EE,EE,False,Not activated
1433,9,C0,8,4,1,C6,D6,True,EE,FE,False,SDC
1434,9,C0,8,5,0,C6,C6,False,EE,EE,False,Not activated
1435,9,C0,8,5,1,C6,E6,True,EE,0E,False,SDC
1436,9,C0,8,6,0,C6,86,True,EE,86,False,SDC
1437,9,C0,8,6,1,C6,C6,False,EE,EE,False,Not activated
1438,9,C0,8,7,0,C6,46,True,EE,5A,False,SDC
1439,9,C0,8,7,1,C6,C6,False,EE,EE,False,Not activated
1440,10,A0,0,0,0,CE,CE,False,61,61,False,Not activated
1441,10,A0,0,0,1,CE,CF,True,61,61,False,Masked
1442,10,A0,0,1,0,CE,CC,True,61,61,False,Masked
1443,10,A0,0,1,1,CE,CE,False,61,61,False,Not activated
1444,10,A0,0,2,0,CE,CA,True,61,62,False,SDC
1445,10,A0,0,2,1,CE,CE,False,61,61,False,Not activated
1446,10,A0,0,3,0,CE,C6,True,61,62,False,SDC
1447,10,A0,0,3,1,CE,CE,False,61,61,False,Not activated
1448,10,A0,0,4,0,CE,CE,False,61,61,False,Not activated
1449,10,A0,0,4,1,CE,DE,True,61,5D,False,SDC
1450,10,A0,0,5,0,CE,CE,False,61,61,False,Not activated
1451,10,A0,0,5,1,CE,EE,True,61,56,False,SDC
1452,10,A0,0,6,0,CE,8E,True,61,74,False,SDC
1453,10,A0,0,6,1,CE,CE,False,61,61,False,Not activated
1454,10,A0,0,7,0,CE,4E,True,61,0C,False,SDC
1455,10,A0,0,7,1,CE,CE,False,61,61,False,Not activated
1456,10,A1,1,0,0,10,10,False,61,61,False,Not activated
1457,10,A1,1,0,1,10,11,True,61,61,False,Masked
1458,10,A1,1,1,0,10,10,False,61,61,False,Not activated
1459,10,A1,1,1,1,10,12,True,61,61,False,Masked
1460,10,A1,1,2,0,10,10,False,61,61,False,Not activated
1461,10,A1,1,2,1,10,14,True,61,61,False,Masked
1462,10,A1,1,3,0,10,10,False,61,61,False,Not activated
1463,10,A1,1,3,1,10,18,True,61,61,False,Masked
1464,10,A1,1,4,0,10,00,True,61,62,False,SDC
1465,10,A1,1,4,1,10,10,False,61,61,False,Not activated
1466,10,A1,1,5,0,10,10,False,61,61,False,Not activated
1467,10,A1,1,5,1,10,30,True,61,60,False,SDC
1468,10,A1,1,6,0,10,10,False,61,61,False,Not activated
1469,10,A1,1,6,1,10,50,True,61,5B,False,SDC
1470,10,A1,1,7,0,10,10,False,61,61,False,Not activated
1471,10,A1,1,7,1,10,90,True,61,6A,False,SDC
1472,10,A2,2,0,0,25,24,True,61,61,False,Masked
1473,10,A2,2,0,1,25,25,False,61,61,False,Not activated
1474,10,A2,2,1,0,25,25,False,61,61,False,Not activated
1475,10,A2,2,1,1,25,27,True,61,61,False,Masked
1476,10,A2,2,2,0,25,21,True,61,60,False,SDC
1477,10,A2,2,2,1,25,25,False,61,61,False,Not activated
1478,10,A2,2,3,0,25,25,False,61,61,False,Not activated
1479,10,A2,2,3,1,25,2D,True,61,62,False,SDC
1480,10,A2,2,4,0,25,25,False,61,61,False,Not activated
1481,10,A2,2,4,1,25,35,True,61,63,False,SDC
1482,10,A2,2,5,0,25,05,True,61,54,False,SDC
1483,10,A2,2,5,1,25,25,False,61,61,False,Not activated
1484,10,A2,2,6,0,25,25,False,61,61,False,Not activated
1485,10,A2,2,6,1,25,65,True,61,70,False,SDC
1486,10,A2,2,7,0,25,25,False,61,61,False,Not activated
1487,10,A2,2,7,1,25,A5,True,61,EC,False,SDC
1488,10,A3,3,0,0,F6,F6,False,61,61,False,Not activated
1489,10,A3,3,0,1,F6,F7,True,61,61,False,Masked
1490,10,A3,3,1,0,F6,F4,True,61,61,False,Masked
1491,10,A3,3,1,1,F6,F6,False,61,61,False,Not activated
1492,10,A3,3,2,0,F6,F2,True,61,61,False,Masked
1493,10,A3,3,2,1,F6,F6,False,61,61,False,Not activated
1494,10,A3,3,3,0,F6,F6,False,61,61,False,Not activated
1495,10,A3,3,3,1,F6,FE,True,61,61,False,Masked
1496,10,A3,3,4,0,F6,E6,True,61,61,False,Masked
1497,10,A3,3,4,1,F6,F6,False,61,61,False,Not activated
1498,10,A3,3,5,0,F6,D6,True,61,61,False,Masked
1499,10,A3,3,5,1,F6,F6,False,61,61,False,Not activated
1500,10,A3,3,6,0,F6,B6,True,61,60,False,SDC
1501,10,A3,3,6,1,F6,F6,False,61,61,False,Not activated
1502,10,A3,3,7,0,F6,76,True,61,64,False,SDC
1503,10,A3,3,7,1,F6,F6,False,61,61,False,Not activated
1504,10,B0,4,0,0,C8,C8,False,61,61,False,Not activated
1505,10,B0,4,0,1,C8,C9,True,61,61,False,Masked
1506,10,B0,4,1,0,C8,C8,False,61,61,False,Not activated
1507,10,B0,4,1,1,C8,CA,True,61,61,False,Masked
1508,10,B0,4,2,0,C8,C8,False,61,61,False,Not activated
1509,10,B0,4,2,1,C8,CC,True,61,60,False,SDC
1510,10,B0,4,3,0,C8,C0,True,61,62,False,SDC
1511,10,B0,4,3,1,C8,C8,False,61,61,False,Not activated
1512,10,B0,4,4,0,C8,C8,False,61,61,False,Not activated
1513,10,B0,4,4,1,C8,D8,True,61,5E,False,SDC
1514,10,B0,4,5,0,C8,C8,False,61,61,False,Not activated
1515,10,B0,4,5,1,C8,E8,True,61,58,False,SDC
1516,10,B0,4,6,0,C8,88,True,61,77,False,SDC
1517,10,B0,4,6,1,C8,C8,False,61,61,False,Not activated
1518,10,B0,4,7,0,C8,48,True,61,1E,False,SDC
1519,10,B0,4,7,1,C8,C8,False,61,61,False,Not activated
1520,10,B1,5,0,0,F1,F0,True,61,61,False,Masked
1521,10,B1,5,0,1,F1,F1,False,61,61,False,Not activated
1522,10,B1,5,1,0,F1,F1,False,61,61,False,Not activated
1523,10,B1,5,1,1,F1,F3,True,61,61,False,Masked
1524,10,B1,5,2,0,F1,F1,False,61,61,False,Not activated
1525,10,B1,5,2,1,F1,F5,True,61,61,False,Masked
1526,10,B1,5,3,0,F1,F1,False,61,61,False,Not activated
1527,10,B1,5,3,1,F1,F9,True,61,61,False,Masked
1528,10,B1,5,4,0,F1,E1,True,61,60,False,SDC
1529,10,B1,5,4,1,F1,F1,False,61,61,False,Not activated
1530,10,B1,5,5,0,F1,D1,True,61,60,False,SDC
1531,10,B1,5,5,1,F1,F1,False,61,61,False,Not activated
1532,10,B1,5,6,0,F1,B1,True,61,5A,False,SDC
1533,10,B1,5,6,1,F1,F1,False,61,61,False,Not activated
1534,10,B1,5,7,0,F1,71,True,61,6A,False,SDC
1535,10,B1,5,7,1,F1,F1,False,61,61,False,Not activated
1536,10,B2,6,0,0,40,40,False,61,61,False,Not activated
1537,10,B2,6,0,1,40,41,True,61,61,False,Masked
1538,10,B2,6,1,0,40,40,False,61,61,False,Not activated
1539,10,B2,6,1,1,40,42,True,61,61,False,Masked
1540,10,B2,6,2,0,40,40,False,61,61,False,Not activated
1541,10,B2,6,2,1,40,44,True,61,62,False,SDC
1542,10,B2,6,3,0,40,40,False,61,61,False,Not activated
1543,10,B2,6,3,1,40,48,True,61,62,False,SDC
1544,10,B2,6,4,0,40,40,False,61,61,False,Not activated
1545,10,B2,6,4,1,40,50,True,61,64,False,SDC
1546,10,B2,6,5,0,40,40,False,61,61,False,Not activated
1547,10,B2,6,5,1,40,60,True,61,66,False,SDC
1548,10,B2,6,6,0,40,00,True,61,52,False,SDC
1549,10,B2,6,6,1,40,40,False,61,61,False,Not activated
1550,10,B2,6,7,0,40,40,False,61,61,False,Not activated
1551,10,B2,6,7,1,40,C0,True,61,3E,False,SDC
1552,10,B3,7,0,0,04,04,False,61,61,False,Not activated
1553,10,B3,7,0,1,04,05,True,61,61,False,Masked
1554,10,B3,7,1,0,04,04,False,61,61,False,Not activated
1555,10,B3,7,1,1,04,06,True,61,61,False,Masked
1556,10,B3,7,2,0,04,00,True,61,61,False,Masked
1557,10,B3,7,2,1,04,04,False,61,61,False,Not activated
1558,10,B3,7,3,0,04,04,False,61,61,False,Not activated
1559,10,B3,7,3,1,04,0C,True,61,61,False,Masked
1560,10,B3,7,4,0,04,04,False,61,61,False,Not activated
1561,10,B3,7,4,1,04,14,True,61,61,False,Masked
1562,10,B3,7,5,0,04,04,False,61,61,False,Not activated
1563,10,B3,7,5,1,04,24,True,61,60,False,SDC
1564,10,B3,7,6,0,04,04,False,61,61,False,Not activated
1565,10,B3,7,6,1,04,44,True,61,5F,False,SDC
1566,10,B3,7,7,0,04,04,False,61,61,False,Not activated
1567,10,B3,7,7,1,04,84,True,61,71,False,SDC
1568,10,C0,8,0,0,3C,3C,False,61,61,False,Not activated
1569,10,C0,8,0,1,3C,3D,True,61,61,False,Masked
1570,10,C0,8,1,0,3C,3C,False,61,61,False,Not activated
1571,10,C0,8,1,1,3C,3E,True,61,61,False,Masked
1572,10,C0,8,2,0,3C,38,True,61,60,False,SDC
1573,10,C0,8,2,1,3C,3C,False,61,61,False,Not activated
1574,10,C0,8,3,0,3C,34,True,61,60,False,SDC
1575,10,C0,8,3,1,3C,3C,False,61,61,False,Not activated
1576,10,C0,8,4,0,3C,2C,True,61,5C,False,SDC
1577,10,C0,8,4,1,3C,3C,False,61,61,False,Not activated
1578,10,C0,8,5,0,3C,1C,True,61,54,False,SDC
1579,10,C0,8,5,1,3C,3C,False,61,61,False,Not activated
1580,10,C0,8,6,0,3C,3C,False,61,61,False,Not activated
1581,10,C0,8,6,1,3C,7C,True,61,7C,False,SDC
1582,10,C0,8,7,0,3C,3C,False,61,61,False,Not activated
1583,10,C0,8,7,1,3C,BC,True,61,04,False,SDC
1584,11,A0,0,0,0,2E,2E,False,10,10,False,Not activated
1585,11,A0,0,0,1,2E,2F,True,10,10,False,Masked
1586,11,A0,0,1,0,2E,2C,True,10,0F,False,SDC
1587,11,A0,0,1,1,2E,2E,False,10,10,False,Not activated
1588,11,A0,0,2,0,2E,2A,True,10,0F,False,SDC
1589,11,A0,0,2,1,2E,2E,False,10,10,False,Not activated
1590,11,A0,0,3,0,2E,26,True,10,0F,False,SDC
1591,11,A0,0,3,1,2E,2E,False,10,10,False,Not activated
1592,11,A0,0,4,0,2E,2E,False,10,10,False,Not activated
1593,11,A0,0,4,1,2E,3E,True,10,11,False,SDC
1594,11,A0,0,5,0,2E,0E,True,10,0D,False,SDC
1595,11,A0,0,5,1,2E,2E,False,10,10,False,Not activated
1596,11,A0,0,6,0,2E,2E,False,10,10,False,Not activated
1597,11,A0,0,6,1,2E,6E,True,10,1F,False,SDC
1598,11,A0,0,7,0,2E,2E,False,10,10,False,Not activated
1599,11,A0,0,7,1,2E,AE,True,10,04,False,SDC
1600,11,A1,1,0,0,C1,C0,True,10,10,False,Masked
1601,11,A1,1,0,1,C1,C1,False,10,10,False,Not activated
1602,11,A1,1,1,0,C1,C1,False,10,10,False,Not activated
1603,11,A1,1,1,1,C1,C3,True,10,0F,False,SDC
1604,11,A1,1,2,0,C1,C1,False,10,10,False,Not activated
1605,11,A1,1,2,1,C1,C5,True,10,0E,False,SDC
1606,11,A1,1,3,0,C1,C1,False,10,10,False,Not activated
1607,11,A1,1,3,1,C1,C9,True,10,0C,False,SDC
1608,11,A1,1,4,0,C1,C1,False,10,10,False,Not activated
1609,11,A1,1,4,1,C1,D1,True,10,08,False,SDC
1610,11,A1,1,5,0,C1,C1,False,10,10,False,Not activated
1611,11,A1,1,5,1,C1,E1,True,10,01,False,SDC
1612,11,A1,1,6,0,C1,81,True,10,7E,False,SDC
1613,11,A1,1,6,1,C1,C1,False,10,10,False,Not activated
1614,11,A1,1,7,0,C1,41,True,10,D3,False,SDC
1615,11,A1,1,7,1,C1,C1,False,10,10,False,Not activated
1616,11,A2,2,0,0,1C,1C,False,10,10,False,Not activated
1617,11,A2,2,0,1,1C,1D,True,10,10,False,Masked
1618,11,A2,2,1,0,1C,1C,False,10,10,False,Not activated
1619,11,A2,2,1,1,1C,1E,True,10,10,False,Masked
1620,11,A2,2,2,0,1C,18,True,10,0F,False,SDC
1621,11,A2,2,2,1,1C,1C,False,10,10,False,Not activated
1622,11,A2,2,3,0,1C,14,True,10,0E,False,SDC
1623,11,A2,2,3,1,1C,1C,False,10,10,False,Not activated
1624,11,A2,2,4,0,1C,0C,True,10,0B,False,SDC
1625,11,A2,2,4,1,1C,1C,False,10,10,False,Not activated
1626,11,A2,2,5,0,1C,1C,False,10,10,False,Not activated
1627,11,A2,2,5,1,1C,3C,True,10,19,False,SDC
1628,11,A2,2,6,0,1C,1C,False,10,10,False,Not activated
1629,11,A2,2,6,1,1C,5C,True,10,2A,False,SDC
1630,11,A2,2,7,0,1C,1C,False,10,10,False,Not activated
1631,11,A2,2,7,1,1C,9C,True,10,DB,False,SDC
1632,11,A3,3,0,0,17,16,True,10,11,False,SDC
1633,11,A3,3,0,1,17,17,False,10,10,False,Not activated
1634,11,A3,3,1,0,17,15,True,10,12,False,SDC
1635,11,A3,3,1,1,17,17,False,10,10,False,Not activated
1636,11,A3,3,2,0,17,13,True,10,13,False,SDC
1637,11,A3,3,2,1,17,17,False,10,10,False,Not activated
1638,11,A3,3,3,0,17,17,False,10,10,False,Not activated
1639,11,A3,3,3,1,17,1F,True,10,0A,False,SDC
1640,11,A3,3,4,0,17,07,True,10,1D,False,SDC
1641,11,A3,3,4,1,17,17,False,10,10,False,Not activated
1642,11,A3,3,5,0,17,17,False,10,10,False,Not activated
1643,11,A3,3,5,1,17,37,True,10,F7,False,SDC
1644,11,A3,3,6,0,17,17,False,10,10,False,Not activated
1645,11,A3,3,6,1,17,57,True,10,CC,False,SDC
1646,11,A3,3,7,0,17,17,False,10,10,False,Not activated
1647,11,A3,3,7,1,17,97,True,10,68,False,SDC
1648,11,B0,4,0,0,05,04,True,10,0F,False,SDC
1649,11,B0,4,0,1,05,05,False,10,10,False,Not activated
1650,11,B0,4,1,0,05,05,False,10,10,False,Not activated
1651,11,B0,4,1,1,05,07,True,10,11,False,SDC
1652,11,B0,4,2,0,05,01,True,10,0D,False,SDC
1653,11,B0,4,2,1,05,05,False,10,10,False,Not activated
1654,11,B0,4,3,0,05,05,False,10,10,False,Not activated
1655,11,B0,4,3,1,05,0D,True,10,15,False,SDC
1656,11,B0,4,4,0,05,05,False,10,10,False,Not activated
1657,11,B0,4,4,1,05,15,True,10,1B,False,SDC
1658,11,B0,4,5,0,05,05,False,10,10,False,Not activated
1659,11,B0,4,5,1,05,25,True,10,27,False,SDC
1660,11,B0,4,6,0,05,05,False,10,10,False,Not activated
1661,11,B0,4,6,1,05,45,True,10,41,False,SDC
1662,11,B0,4,7,0,05,05,False,10,10,False,Not activated
1663,11,B0,4,7,1,05,85,True,10,87,False,SDC
1664,11,B1,5,0,0,E2,E2,False,10,10,False,Not activated
1665,11,B1,5,0,1,E2,E3,True,10,0F,False,SDC
1666,11,B1,5,1,0,E2,E0,True,10,12,False,SDC
1667,11,B1,5,1,1,E2,E2,False,10,10,False,Not activated
1668,11,B1,5,2,0,E2,E2,False,10,10,False,Not activated
1669,11,B1,5,2,1,E2,E6,True,10,0C,False,SDC
1670,11,B1,5,3,0,E2,E2,False,10,10,False,Not activated
1671,11,B1,5,3,1,E2,EA,True,10,08,False,SDC
1672,11,B1,5,4,0,E2,E2,False,10,10,False,Not activated
1673,11,B1,5,4,1,E2,F2,True,10,00,False,SDC
1674,11,B1,5,5,0,E2,C2,True,10,2E,False,SDC
1675,11,B1,5,5,1,E2,E2,False,10,10,False,Not activated
1676,11,B1,5,6,0,E2,A2,True,10,56,False,SDC
1677,11,B1,5,6,1,E2,E2,False,10,10,False,Not activated
1678,11,B1,5,7,0,E2,62,True,10,9C,False,SDC
1679,11,B1,5,7,1,E2,E2,False,10,10,False,Not activated
1680,11,B2,6,0,0,12,12,False,10,10,False,Not activated
1681,11,B2,6,0,1,12,13,True,10,10,False,Masked
1682,11,B2,6,1,0,12,10,True,10,0F,False,SDC
1683,11,B2,6,1,1,12,12,False,10,10,False,Not activated
1684,11,B2,6,2,0,12,12,False,10,10,False,Not activated
1685,11,B2,6,2,1,12,16,True,10,12,False,SDC
1686,11,B2,6,3,0,12,12,False,10,10,False,Not activated
1687,11,B2,6,3,1,12,1A,True,10,13,False,SDC
1688,11,B2,6,4,0,12,02,True,10,09,False,SDC
1689,11,B2,6,4,1,12,12,False,10,10,False,Not activated
1690,11,B2,6,5,0,12,12,False,10,10,False,Not activated
1691,11,B2,6,5,1,12,32,True,10,1E,False,SDC
1692,11,B2,6,6,0,12,12,False,10,10,False,Not activated
1693,11,B2,6,6,1,12,52,True,10,34,False,SDC
1694,11,B2,6,7,0,12,12,False,10,10,False,Not activated
1695,11,B2,6,7,1,12,92,True,10,B0,False,SDC
1696,11,B3,7,0,0,CE,CE,False,10,10,False,Not activated
1697,11,B3,7,0,1,CE,CF,True,10,10,False,Masked
1698,11,B3,7,1,0,CE,CC,True,10,0F,False,SDC
1699,11,B3,7,1,1,CE,CE,False,10,10,False,Not activated
1700,11,B3,7,2,0,CE,CA,True,10,0F,False,SDC
1701,11,B3,7,2,1,CE,CE,False,10,10,False,Not activated
1702,11,B3,7,3,0,CE,C6,True,10,0D,False,SDC
1703,11,B3,7,3,1,CE,CE,False,10,10,False,Not activated
1704,11,B3,7,4,0,CE,CE,False,10,10,False,Not activated
1705,11,B3,7,4,1,CE,DE,True,10,16,False,SDC
1706,11,B3,7,5,0,CE,CE,False,10,10,False,Not activated
1707,11,B3,7,5,1,CE,EE,True,10,1C,False,SDC
1708,11,B3,7,6,0,CE,8E,True,10,B7,False,SDC
1709,11,B3,7,6,1,CE,CE,False,10,10,False,Not activated
1710,11,B3,7,7,0,CE,4E,True,10,42,False,SDC
1711,11,B3,7,7,1,CE,CE,False,10,10,False,Not activated
1712,11,C0,8,0,0,F8,F8,False,10,10,False,Not activated
1713,11,C0,8,0,1,F8,F9,True,10,11,False,SDC
1714,11,C0,8,1,0,F8,F8,False,10,10,False,Not activated
1715,11,C0,8,1,1,F8,FA,True,10,12,False,SDC
1716,11,C0,8,2,0,F8,F8,False,10,10,False,Not activated
1717,11,C0,8,2,1,F8,FC,True,10,14,False,SDC
1718,11,C0,8,3,0,F8,F0,True,10,08,False,SDC
1719,11,C0,8,3,1,F8,F8,False,10,10,False,Not activated
1720,11,C0,8,4,0,F8,E8,True,10,00,False,SDC
1721,11,C0,8,4,1,F8,F8,False,10,10,False,Not activated
1722,11,C0,8,5,0,F8,D8,True,10,F0,False,SDC
1723,11,C0,8,5,1,F8,F8,False,10,10,False,Not activated
1724,11,C0,8,6,0,F8,B8,True,10,C8,False,SDC
1725,11,C0,8,6,1,F8,F8,False,10,10,False,Not activated
1726,11,C0,8,7,0,F8,78,True,10,78,False,SDC
1727,11,C0,8,7,1,F8,F8,False,10,10,False,Not activated
1728,12,A0,0,0,0,FA,FA,False,D3,D3,False,Not activated
1729,12,A0,0,0,1,FA,FB,True,D3,D3,False,Masked
1730,12,A0,0,1,0,FA,F8,True,D3,D3,False,Masked
1731,12,A0,0,1,1,FA,FA,False,D3,D3,False,Not activated
1732,12,A0,0,2,0,FA,FA,False,D3,D3,False,Not activated
1733,12,A0,0,2,1,FA,FE,True,D3,D3,False,Masked
1734,12,A0,0,3,0,FA,F2,True,D3,D3,False,Masked
1735,12,A0,0,3,1,FA,FA,False,D3,D3,False,Not activated
1736,12,A0,0,4,0,FA,EA,True,D3,D3,False,Masked
1737,12,A0,0,4,1,FA,FA,False,D3,D3,False,Not activated
1738,12,A0,0,5,0,FA,DA,True,D3,D3,False,Masked
1739,12,A0,0,5,1,FA,FA,False,D3,D3,False,Not activated
1740,12,A0,0,6,0,FA,BA,True,D3,D3,False,Masked
1741,12,A0,0,6,1,FA,FA,False,D3,D3,False,Not activated
1742,12,A0,0,7,0,FA,7A,True,D3,D3,False,Masked
1743,12,A0,0,7,1,FA,FA,False,D3,D3,False,Not activated
1744,12,A1,1,0,0,3A,3A,False,D3,D3,False,Not activated
1745,12,A1,1,0,1,3A,3B,True,D3,D2,False,SDC
1746,12,A1,1,1,0,3A,38,True,D3,D4,False,SDC
1747,12,A1,1,1,1,3A,3A,False,D3,D3,False,Not activated
1748,12,A1,1,2,0,3A,3A,False,D3,D3,False,Not activated
1749,12,A1,1,2,1,3A,3E,True,D3,D0,False,SDC
1750,12,A1,1,3,0,3A,32,True,D3,D8,False,SDC
1751,12,A1,1,3,1,3A,3A,False,D3,D3,False,Not activated
1752,12,A1,1,4,0,3A,2A,True,D3,DD,False,SDC
1753,12,A1,1,4,1,3A,3A,False,D3,D3,False,Not activated
1754,12,A1,1,5,0,3A,1A,True,D3,E7,False,SDC
1755,12,A1,1,5,1,3A,3A,False,D3,D3,False,Not activated
1756,12,A1,1,6,0,3A,3A,False,D3,D3,False,Not activated
1757,12,A1,1,6,1,3A,7A,True,D3,89,False,SDC
1758,12,A1,1,7,0,3A,3A,False,D3,D3,False,Not activated
1759,12,A1,1,7,1,3A,BA,True,D3,2A,False,SDC
1760,12,A2,2,0,0,30,30,False,D3,D3,False,Not activated
1761,12,A2,2,0,1,30,31,True,D3,D4,False,SDC
1762,12,A2,2,1,0,30,30,False,D3,D3,False,Not activated
1763,12,A2,2,1,1,30,32,True,D3,D4,False,SDC
1764,12,A2,2,2,0,30,30,False,D3,D3,False,Not activated
1765,12,A2,2,2,1,30,34,True,D3,D6,False,SDC
1766,12,A2,2,3,0,30,30,False,D3,D3,False,Not activated
1767,12,A2,2,3,1,30,38,True,D3,D9,False,SDC
1768,12,A2,2,4,0,30,20,True,D3,C5,False,SDC
1769,12,A2,2,4,1,30,30,False,D3,D3,False,Not activated
1770,12,A2,2,5,0,30,10,True,D3,BC,False,SDC
1771,12,A2,2,5,1,30,30,False,D3,D3,False,Not activated
1772,12,A2,2,6,0,30,30,False,D3,D3,False,Not activated
1773,12,A2,2,6,1,30,70,True,D3,5B,False,SDC
1774,12,A2,2,7,0,30,30,False,D3,D3,False,Not activated
1775,12,A2,2,7,1,30,B0,True,D3,9C,False,SDC
1776,12,A3,3,0,0,E2,E2,False,D3,D3,False,Not activated
1777,12,A3,3,0,1,E2,E3,True,D3,D4,False,SDC
1778,12,A3,3,1,0,E2,E0,True,D3,D1,False,SDC
1779,12,A3,3,1,1,E2,E2,False,D3,D3,False,Not activated
1780,12,A3,3,2,0,E2,E2,False,D3,D3,False,Not activated
1781,12,A3,3,2,1,E2,E6,True,D3,D6,False,SDC
1782,12,A3,3,3,0,E2,E2,False,D3,D3,False,Not activated
1783,12,A3,3,3,1,E2,EA,True,D3,D9,False,SDC
1784,12,A3,3,4,0,E2,E2,False,D3,D3,False,Not activated
1785,12,A3,3,4,1,E2,F2,True,D3,DF,False,SDC
1786,12,A3,3,5,0,E2,C2,True,D3,BE,False,SDC
1787,12,A3,3,5,1,E2,E2,False,D3,D3,False,Not activated
1788,12,A3,3,6,0,E2,A2,True,D3,A7,False,SDC
1789,12,A3,3,6,1,E2,E2,False,D3,D3,False,Not activated
1790,12,A3,3,7,0,E2,62,True,D3,49,False,SDC
1791,12,A3,3,7,1,E2,E2,False,D3,D3,False,Not activated
1792,12,B0,4,0,0,00,00,False,D3,D3,False,Not activated
1793,12,B0,4,0,1,00,01,True,D3,D2,False,SDC
1794,12,B0,4,1,0,00,00,False,D3,D3,False,Not activated
1795,12,B0,4,1,1,00,02,True,D3,D2,False,SDC
1796,12,B0,4,2,0,00,00,False,D3,D3,False,Not activated
1797,12,B0,4,2,1,00,04,True,D3,D2,False,SDC
1798,12,B0,4,3,0,00,00,False,D3,D3,False,Not activated
1799,12,B0,4,3,1,00,08,True,D3,D2,False,SDC
1800,12,B0,4,4,0,00,00,False,D3,D3,False,Not activated
1801,12,B0,4,4,1,00,10,True,D3,D1,False,SDC
1802,12,B0,4,5,0,00,00,False,D3,D3,False,Not activated
1803,12,B0,4,5,1,00,20,True,D3,D0,False,SDC
1804,12,B0,4,6,0,00,00,False,D3,D3,False,Not activated
1805,12,B0,4,6,1,00,40,True,D3,CD,False,SDC
1806,12,B0,4,7,0,00,00,False,D3,D3,False,Not activated
1807,12,B0,4,7,1,00,80,True,D3,80,True,SDC
1808,12,B1,5,0,0,D7,D6,True,D3,D2,False,SDC
1809,12,B1,5,0,1,D7,D7,False,D3,D3,False,Not activated
1810,12,B1,5,1,0,D7,D5,True,D3,D1,False,SDC
1811,12,B1,5,1,1,D7,D7,False,D3,D3,False,Not activated
1812,12,B1,5,2,0,D7,D3,True,D3,CF,False,SDC
1813,12,B1,5,2,1,D7,D7,False,D3,D3,False,Not activated
1814,12,B1,5,3,0,D7,D7,False,D3,D3,False,Not activated
1815,12,B1,5,3,1,D7,DF,True,D3,DA,False,SDC
1816,12,B1,5,4,0,D7,C7,True,D3,C4,False,SDC
1817,12,B1,5,4,1,D7,D7,False,D3,D3,False,Not activated
1818,12,B1,5,5,0,D7,D7,False,D3,D3,False,Not activated
1819,12,B1,5,5,1,D7,F7,True,D3,F0,False,SDC
1820,12,B1,5,6,0,D7,97,True,D3,98,False,SDC
1821,12,B1,5,6,1,D7,D7,False,D3,D3,False,Not activated
1822,12,B1,5,7,0,D7,57,True,D3,4E,False,SDC
1823,12,B1,5,7,1,D7,D7,False,D3,D3,False,Not activated
1824,12,B2,6,0,0,35,34,True,D3,D2,False,SDC
1825,12,B2,6,0,1,35,35,False,D3,D3,False,Not activated
1826,12,B2,6,1,0,35,35,False,D3,D3,False,Not activated
1827,12,B2,6,1,1,35,37,True,D3,D4,False,SDC
1828,12,B2,6,2,0,35,31,True,D3,D0,False,SDC
1829,12,B2,6,2,1,35,35,False,D3,D3,False,Not activated
1830,12,B2,6,3,0,35,35,False,D3,D3,False,Not activated
1831,12,B2,6,3,1,35,3D,True,D3,D9,False,SDC
1832,12,B2,6,4,0,35,25,True,D3,C7,False,SDC
1833,12,B2,6,4,1,35,35,False,D3,D3,False,Not activated
1834,12,B2,6,5,0,35,15,True,D3,BE,False,SDC
1835,12,B2,6,5,1,35,35,False,D3,D3,False,Not activated
1836,12,B2,6,6,0,35,35,False,D3,D3,False,Not activated
1837,12,B2,6,6,1,35,75,True,D3,6C,False,SDC
1838,12,B2,6,7,0,35,35,False,D3,D3,False,Not activated
1839,12,B2,6,7,1,35,B5,True,D3,9D,False,SDC
1840,12,B3,7,0,0,2F,2E,True,D3,D3,False,Masked
1841,12,B3,7,0,1,2F,2F,False,D3,D3,False,Not activated
1842,12,B3,7,1,0,2F,2D,True,D3,D4,False,SDC
1843,12,B3,7,1,1,2F,2F,False,D3,D3,False,Not activated
1844,12,B3,7,2,0,2F,2B,True,D3,D5,False,SDC
1845,12,B3,7,2,1,2F,2F,False,D3,D3,False,Not activated
1846,12,B3,7,3,0,2F,27,True,D3,D7,False,SDC
1847,12,B3,7,3,1,2F,2F,False,D3,D3,False,Not activated
1848,12,B3,7,4,0,2F,2F,False,D3,D3,False,Not activated
1849,12,B3,7,4,1,2F,3F,True,D3,CB,False,SDC
1850,12,B3,7,5,0,2F,0F,True,D3,E2,False,SDC
1851,12,B3,7,5,1,2F,2F,False,D3,D3,False,Not activated
1852,12,B3,7,6,0,2F,2F,False,D3,D3,False,Not activated
1853,12,B3,7,6,1,2F,6F,True,D3,9F,False,SDC
1854,12,B3,7,7,0,2F,2F,False,D3,D3,False,Not activated
1855,12,B3,7,7,1,2F,AF,True,D3,17,False,SDC
1856,12,C0,8,0,0,E6,E6,False,D3,D3,False,Not activated
1857,12,C0,8,0,1,E6,E7,True,D3,D4,False,SDC
1858,12,C0,8,1,0,E6,E4,True,D3,D1,False,SDC
1859,12,C0,8,1,1,E6,E6,False,D3,D3,False,Not activated
1860,12,C0,8,2,0,E6,E2,True,D3,CF,False,SDC
1861,12,C0,8,2,1,E6,E6,False,D3,D3,False,Not activated
1862,12,C0,8,3,0,E6,E6,False,D3,D3,False,Not activated
1863,12,C0,8,3,1,E6,EE,True,D3,DB,False,SDC
1864,12,C0,8,4,0,E6,E6,False,D3,D3,False,Not activated
1865,12,C0,8,4,1,E6,F6,True,D3,E3,False,SDC
1866,12,C0,8,5,0,E6,C6,True,D3,BA,False,SDC
1867,12,C0,8,5,1,E6,E6,False,D3,D3,False,Not activated
1868,12,C0,8,6,0,E6,A6,True,D3,9F,False,SDC
1869,12,C0,8,6,1,E6,E6,False,D3,D3,False,Not activated
1870,12,C0,8,7,0,E6,66,True,D3,64,False,SDC
1871,12,C0,8,7,1,E6,E6,False,D3,D3,False,Not activated
1872,13,A0,0,0,0,12,12,False,CD,CD,False,Not activated
1873,13,A0,0,0,1,12,13,True,CD,CD,False,Masked
1874,13,A0,0,1,0,12,10,True,CD,CD,False,Masked
1875,13,A0,0,1,1,12,12,False,CD,CD,False,Not activated
1876,13,A0,0,2,0,12,12,False,CD,CD,False,Not activated
1877,13,A0,0,2,1,12,16,True,CD,CE,False,SDC
1878,13,A0,0,3,0,12,12,False,CD,CD,False,Not activated
1879,13,A0,0,3,1,12,1A,True,CD,CE,False,SDC
1880,13,A0,0,4,0,12,02,True,CD,CD,False,Masked
1881,13,A0,0,4,1,12,12,False,CD,CD,False,Not activated
1882,13,A0,0,5,0,12,12,False,CD,CD,False,Not activated
1883,13,A0,0,5,1,12,32,True,CD,D0,False,SDC
1884,13,A0,0,6,0,12,12,False,CD,CD,False,Not activated
1885,13,A0,0,6,1,12,52,True,CD,D4,False,SDC
1886,13,A0,0,7,0,12,12,False,CD,CD,False,Not activated
1887,13,A0,0,7,1,12,92,True,CD,BC,False,SDC
1888,13,A1,1,0,0,0E,0E,False,CD,CD,False,Not activated
1889,13,A1,1,0,1,0E,0F,True,CD,CD,False,Masked
1890,13,A1,1,1,0,0E,0C,True,CD,CC,False,SDC
1891,13,A1,1,1,1,0E,0E,False,CD,CD,False,Not activated
1892,13,A1,1,2,0,0E,0A,True,CD,CB,False,SDC
1893,13,A1,1,2,1,0E,0E,False,CD,CD,False,Not activated
1894,13,A1,1,3,0,0E,06,True,CD,C8,False,SDC
1895,13,A1,1,3,1,0E,0E,False,CD,CD,False,Not activated
1896,13,A1,1,4,0,0E,0E,False,CD,CD,False,Not activated
1897,13,A1,1,4,1,0E,1E,True,CD,D6,False,SDC
1898,13,A1,1,5,0,0E,0E,False,CD,CD,False,Not activated
1899,13,A1,1,5,1,0E,2E,True,CD,DF,False,SDC
1900,13,A1,1,6,0,0E,0E,False,CD,CD,False,Not activated
1901,13,A1,1,6,1,0E,4E,True,CD,F9,False,SDC
1902,13,A1,1,7,0,0E,0E,False,CD,CD,False,Not activated
1903,13,A1,1,7,1,0E,8E,True,CD,92,False,SDC
1904,13,A2,2,0,0,D4,D4,False,CD,CD,False,Not activated
1905,13,A2,2,0,1,D4,D5,True,CD,CD,False,Masked
1906,13,A2,2,1,0,D4,D4,False,CD,CD,False,Not activated
1907,13,A2,2,1,1,D4,D6,True,CD,CD,False,Masked
1908,13,A2,2,2,0,D4,D0,True,CD,CD,False,Masked
1909,13,A2,2,2,1,D4,D4,False,CD,CD,False,Not activated
1910,13,A2,2,3,0,D4,D4,False,CD,CD,False,Not activated
1911,13,A2,2,3,1,D4,DC,True,CD,CE,False,SDC
1912,13,A2,2,4,0,D4,C4,True,CD,CC,False,SDC
1913,13,A2,2,4,1,D4,D4,False,CD,CD,False,Not activated
1914,13,A2,2,5,0,D4,D4,False,CD,CD,False,Not activated
1915,13,A2,2,5,1,D4,F4,True,CD,CF,False,SDC
1916,13,A2,2,6,0,D4,94,True,CD,C2,False,SDC
1917,13,A2,2,6,1,D4,D4,False,CD,CD,False,Not activated
1918,13,A2,2,7,0,D4,54,True,CD,D6,False,SDC
1919,13,A2,2,7,1,D4,D4,False,CD,CD,False,Not activated
1920,13,A3,3,0,0,22,22,False,CD,CD,False,Not activated
1921,13,A3,3,0,1,22,23,True,CD,CC,False,SDC
1922,13,A3,3,1,0,22,20,True,CD,CF,False,SDC
1923,13,A3,3,1,1,22,22,False,CD,CD,False,Not activated
1924,13,A3,3,2,0,22,22,False,CD,CD,False,Not activated
1925,13,A3,3,2,1,22,26,True,CD,C9,False,SDC
1926,13,A3,3,3,0,22,22,False,CD,CD,False,Not activated
1927,13,A3,3,3,1,22,2A,True,CD,C5,False,SDC
1928,13,A3,3,4,0,22,22,False,CD,CD,False,Not activated
1929,13,A3,3,4,1,22,32,True,CD,BE,False,SDC
1930,13,A3,3,5,0,22,02,True,CD,ED,False,SDC
1931,13,A3,3,5,1,22,22,False,CD,CD,False,Not activated
1932,13,A3,3,6,0,22,22,False,CD,CD,False,Not activated
1933,13,A3,3,6,1,22,62,True,CD,9C,False,SDC
1934,13,A3,3,7,0,22,22,False,CD,CD,False,Not activated
1935,13,A3,3,7,1,22,A2,True,CD,54,False,SDC
1936,13,B0,4,0,0,05,04,True,CD,CD,False,Masked
1937,13,B0,4,0,1,05,05,False,CD,CD,False,Not activated
1938,13,B0,4,1,0,05,05,False,CD,CD,False,Not activated
1939,13,B0,4,1,1,05,07,True,CD,CE,False,SDC
1940,13,B0,4,2,0,05,01,True,CD,CD,False,Masked
1941,13,B0,4,2,1,05,05,False,CD,CD,False,Not activated
1942,13,B0,4,3,0,05,05,False,CD,CD,False,Not activated
1943,13,B0,4,3,1,05,0D,True,CD,D0,False,SDC
1944,13,B0,4,4,0,05,05,False,CD,CD,False,Not activated
1945,13,B0,4,4,1,05,15,True,CD,D2,False,SDC
1946,13,B0,4,5,0,05,05,False,CD,CD,False,Not activated
1947,13,B0,4,5,1,05,25,True,CD,D6,False,SDC
1948,13,B0,4,6,0,05,05,False,CD,CD,False,Not activated
1949,13,B0,4,6,1,05,45,True,CD,E1,False,SDC
1950,13,B0,4,7,0,05,05,False,CD,CD,False,Not activated
1951,13,B0,4,7,1,05,85,True,CD,8E,False,SDC
1952,13,B1,5,0,0,24,24,False,CD,CD,False,Not activated
1953,13,B1,5,0,1,24,25,True,CD,CD,False,Masked
1954,13,B1,5,1,0,24,24,False,CD,CD,False,Not activated
1955,13,B1,5,1,1,24,26,True,CD,CD,False,Masked
1956,13,B1,5,2,0,24,20,True,CD,CC,False,SDC
1957,13,B1,5,2,1,24,24,False,CD,CD,False,Not activated
1958,13,B1,5,3,0,24,24,False,CD,CD,False,Not activated
1959,13,B1,5,3,1,24,2C,True,CD,CF,False,SDC
1960,13,B1,5,4,0,24,24,False,CD,CD,False,Not activated
1961,13,B1,5,4,1,24,34,True,CD,D0,False,SDC
1962,13,B1,5,5,0,24,04,True,CD,C6,False,SDC
1963,13,B1,5,5,1,24,24,False,CD,CD,False,Not activated
1964,13,B1,5,6,0,24,24,False,CD,CD,False,Not activated
1965,13,B1,5,6,1,24,64,True,CD,E8,False,SDC
1966,13,B1,5,7,0,24,24,False,CD,CD,False,Not activated
1967,13,B1,5,7,1,24,A4,True,CD,B6,False,SDC
1968,13,B2,6,0,0,04,04,False,CD,CD,False,Not activated
1969,13,B2,6,0,1,04,05,True,CD,CD,False,Masked
1970,13,B2,6,1,0,04,04,False,CD,CD,False,Not activated
1971,13,B2,6,1,1,04,06,True,CD,CC,False,SDC
1972,13,B2,6,2,0,04,00,True,CD,D0,False,SDC
1973,13,B2,6,2,1,04,04,False,CD,CD,False,Not activated
1974,13,B2,6,3,0,04,04,False,CD,CD,False,Not activated
1975,13,B2,6,3,1,04,0C,True,CD,C8,False,SDC
1976,13,B2,6,4,0,04,04,False,CD,CD,False,Not activated
1977,13,B2,6,4,1,04,14,True,CD,C2,False,SDC
1978,13,B2,6,5,0,04,04,False,CD,CD,False,Not activated
1979,13,B2,6,5,1,04,24,True,CD,BC,False,SDC
1980,13,B2,6,6,0,04,04,False,CD,CD,False,Not activated
1981,13,B2,6,6,1,04,44,True,CD,AE,False,SDC
1982,13,B2,6,7,0,04,04,False,CD,CD,False,Not activated
1983,13,B2,6,7,1,04,84,True,CD,7A,False,SDC
1984,13,B3,7,0,0,C0,C0,False,CD,CD,False,Not activated
1985,13,B3,7,0,1,C0,C1,True,CD,CE,False,SDC
1986,13,B3,7,1,0,C0,C0,False,CD,CD,False,Not activated
1987,13,B3,7,1,1,C0,C2,True,CD,CE,False,SDC
1988,13,B3,7,2,0,C0,C0,False,CD,CD,False,Not activated
1989,13,B3,7,2,1,C0,C4,True,CD,CF,False,SDC
1990,13,B3,7,3,0,C0,C0,False,CD,CD,False,Not activated
1991,13,B3,7,3,1,C0,C8,True,CD,D1,False,SDC
1992,13,B3,7,4,0,C0,C0,False,CD,CD,False,Not activated
1993,13,B3,7,4,1,C0,D0,True,CD,D5,False,SDC
1994,13,B3,7,5,0,C0,C0,False,CD,CD,False,Not activated
1995,13,B3,7,5,1,C0,E0,True,CD,DE,False,SDC
1996,13,B3,7,6,0,C0,80,True,CD,80,True,SDC
1997,13,B3,7,6,1,C0,C0,False,CD,CD,False,Not activated
1998,13,B3,7,7,0,C0,40,True,CD,11,False,SDC
1999,13,B3,7,7,1,C0,C0,False,CD,CD,False,Not activated
2000,13,C0,8,0,0,E9,E8,True,CD,CC,False,SDC
2001,13,C0,8,0,1,E9,E9,False,CD,CD,False,Not activated
2002,13,C0,8,1,0,E9,E9,False,CD,CD,False,Not activated
2003,13,C0,8,1,1,E9,EB,True,CD,CF,False,SDC
2004,13,C0,8,2,0,E9,E9,False,CD,CD,False,Not activated
2005,13,C0,8,2,1,E9,ED,True,CD,D1,False,SDC
2006,13,C0,8,3,0,E9,E1,True,CD,C5,False,SDC
2007,13,C0,8,3,1,E9,E9,False,CD,CD,False,Not activated
2008,13,C0,8,4,0,E9,E9,False,CD,CD,False,Not activated
2009,13,C0,8,4,1,E9,F9,True,CD,DD,False,SDC
2010,13,C0,8,5,0,E9,C9,True,CD,B6,False,SDC
2011,13,C0,8,5,1,E9,E9,False,CD,CD,False,Not activated
2012,13,C0,8,6,0,E9,A9,True,CD,9F,False,SDC
2013,13,C0,8,6,1,E9,E9,False,CD,CD,False,Not activated
2014,13,C0,8,7,0,E9,69,True,CD,66,False,SDC
2015,13,C0,8,7,1,E9,E9,False,CD,CD,False,Not activated
2016,14,A0,0,0,0,C2,C2,False,FA,FA,False,Not activated
2017,14,A0,0,0,1,C2,C3,True,FA,FA,False,Masked
2018,14,A0,0,1,0,C2,C0,True,FA,FB,False,SDC
2019,14,A0,0,1,1,C2,C2,False,FA,FA,False,Not activated
2020,14,A0,0,2,0,C2,C2,False,FA,FA,False,Not activated
2021,14,A0,0,2,1,C2,C6,True,FA,F9,False,SDC
2022,14,A0,0,3,0,C2,C2,False,FA,FA,False,Not activated
2023,14,A0,0,3,1,C2,CA,True,FA,F7,False,SDC
2024,14,A0,0,4,0,C2,C2,False,FA,FA,False,Not activated
2025,14,A0,0,4,1,C2,D2,True,FA,F4,False,SDC
2026,14,A0,0,5,0,C2,C2,False,FA,FA,False,Not activated
2027,14,A0,0,5,1,C2,E2,True,FA,EE,False,SDC
2028,14,A0,0,6,0,C2,82,True,FA,7B,False,SDC
2029,14,A0,0,6,1,C2,C2,False,FA,FA,False,Not activated
2030,14,A0,0,7,0,C2,42,True,FA,C7,False,SDC
2031,14,A0,0,7,1,C2,C2,False,FA,FA,False,Not activated
2032,14,A1,1,0,0,37,36,True,FA,FB,False,SDC
2033,14,A1,1,0,1,37,37,False,FA,FA,False,Not activated
2034,14,A1,1,1,0,37,35,True,FA,FC,False,SDC
2035,14,A1,1,1,1,37,37,False,FA,FA,False,Not activated
2036,14,A1,1,2,0,37,33,True,FA,FE,False,SDC
2037,14,A1,1,2,1,37,37,False,FA,FA,False,Not activated
2038,14,A1,1,3,0,37,37,False,FA,FA,False,Not activated
2039,14,A1,1,3,1,37,3F,True,FA,F3,False,SDC
2040,14,A1,1,4,0,37,27,True,FA,08,False,SDC
2041,14,A1,1,4,1,37,37,False,FA,FA,False,Not activated
2042,14,A1,1,5,0,37,17,True,FA,17,False,SDC
2043,14,A1,1,5,1,37,37,False,FA,FA,False,Not activated
2044,14,A1,1,6,0,37,37,False,FA,FA,False,Not activated
2045,14,A1,1,6,1,37,77,True,FA,8C,False,SDC
2046,14,A1,1,7,0,37,37,False,FA,FA,False,Not activated
2047,14,A1,1,7,1,37,B7,True,FA,5A,False,SDC
2048,14,A2,2,0,0,30,30,False,FA,FA,False,Not activated
2049,14,A2,2,0,1,30,31,True,FA,FC,False,SDC
2050,14,A2,2,1,0,30,30,False,FA,FA,False,Not activated
2051,14,A2,2,1,1,30,32,True,FA,FE,False,SDC
2052,14,A2,2,2,0,30,30,False,FA,FA,False,Not activated
2053,14,A2,2,2,1,30,34,True,FA,FE,False,SDC
2054,14,A2,2,3,0,30,30,False,FA,FA,False,Not activated
2055,14,A2,2,3,1,30,38,True,FA,02,False,SDC
2056,14,A2,2,4,0,30,20,True,FA,EF,False,SDC
2057,14,A2,2,4,1,30,30,False,FA,FA,False,Not activated
2058,14,A2,2,5,0,30,10,True,FA,E3,False,SDC
2059,14,A2,2,5,1,30,30,False,FA,FA,False,Not activated
2060,14,A2,2,6,0,30,30,False,FA,FA,False,Not activated
2061,14,A2,2,6,1,30,70,True,FA,63,False,SDC
2062,14,A2,2,7,0,30,30,False,FA,FA,False,Not activated
2063,14,A2,2,7,1,30,B0,True,FA,A8,False,SDC
2064,14,A3,3,0,0,2A,2A,False,FA,FA,False,Not activated
2065,14,A3,3,0,1,2A,2B,True,FA,FC,False,SDC
2066,14,A3,3,1,0,2A,28,True,FA,FA,False,Masked
2067,14,A3,3,1,1,2A,2A,False,FA,FA,False,Not activated
2068,14,A3,3,2,0,2A,2A,False,FA,FA,False,Not activated
2069,14,A3,3,2,1,2A,2E,True,FA,FE,False,SDC
2070,14,A3,3,3,0,2A,22,True,FA,F4,False,SDC
2071,14,A3,3,3,1,2A,2A,False,FA,FA,False,Not activated
2072,14,A3,3,4,0,2A,2A,False,FA,FA,False,Not activated
2073,14,A3,3,4,1,2A,3A,True,FA,0A,False,SDC
2074,14,A3,3,5,0,2A,0A,True,FA,DF,False,SDC
2075,14,A3,3,5,1,2A,2A,False,FA,FA,False,Not activated
2076,14,A3,3,6,0,2A,2A,False,FA,FA,False,Not activated
2077,14,A3,3,6,1,2A,6A,True,FA,62,False,SDC
2078,14,A3,3,7,0,2A,2A,False,FA,FA,False,Not activated
2079,14,A3,3,7,1,2A,AA,True,FA,9F,False,SDC
2080,14,B0,4,0,0,E7,E6,True,FA,FB,False,SDC
2081,14,B0,4,0,1,E7,E7,False,FA,FA,False,Not activated
2082,14,B0,4,1,0,E7,E5,True,FA,FC,False,SDC
2083,14,B0,4,1,1,E7,E7,False,FA,FA,False,Not activated
2084,14,B0,4,2,0,E7,E3,True,FA,FE,False,SDC
2085,14,B0,4,2,1,E7,E7,False,FA,FA,False,Not activated
2086,14,B0,4,3,0,E7,E7,False,FA,FA,False,Not activated
2087,14,B0,4,3,1,E7,EF,True,FA,F2,False,SDC
2088,14,B0,4,4,0,E7,E7,False,FA,FA,False,Not activated
2089,14,B0,4,4,1,E7,F7,True,FA,EB,False,SDC
2090,14,B0,4,5,0,E7,C7,True,FA,19,False,SDC
2091,14,B0,4,5,1,E7,E7,False,FA,FA,False,Not activated
2092,14,B0,4,6,0,E7,A7,True,FA,4A,False,SDC
2093,14,B0,4,6,1,E7,E7,False,FA,FA,False,Not activated
2094,14,B0,4,7,0,E7,67,True,FA,96,False,SDC
2095,14,B0,4,7,1,E7,E7,False,FA,FA,False,Not activated
2096,14,B1,5,0,0,C7,C6,True,FA,F9,False,SDC
2097,14,B1,5,0,1,C7,C7,False,FA,FA,False,Not activated
2098,14,B1,5,1,0,C7,C5,True,FA,F8,False,SDC
2099,14,B1,5,1,1,C7,C7,False,FA,FA,False,Not activated
2100,14,B1,5,2,0,C7,C3,True,FA,F7,False,SDC
2101,14,B1,5,2,1,C7,C7,False,FA,FA,False,Not activated
2102,14,B1,5,3,0,C7,C7,False,FA,FA,False,Not activated
2103,14,B1,5,3,1,C7,CF,True,FA,01,False,SDC
2104,14,B1,5,4,0,C7,C7,False,FA,FA,False,Not activated
2105,14,B1,5,4,1,C7,D7,True,FA,08,False,SDC
2106,14,B1,5,5,0,C7,C7,False,FA,FA,False,Not activated
2107,14,B1,5,5,1,C7,E7,True,FA,17,False,SDC
2108,14,B1,5,6,0,C7,87,True,FA,89,False,SDC
2109,14,B1,5,6,1,C7,C7,False,FA,FA,False,Not activated
2110,14,B1,5,7,0,C7,47,True,FA,56,False,SDC
2111,14,B1,5,7,1,C7,C7,False,FA,FA,False,Not activated
2112,14,B2,6,0,0,30,30,False,FA,FA,False,Not activated
2113,14,B2,6,0,1,30,31,True,FA,FC,False,SDC
2114,14,B2,6,1,0,30,30,False,FA,FA,False,Not activated
2115,14,B2,6,1,1,30,32,True,FA,FE,False,SDC
2116,14,B2,6,2,0,30,30,False,FA,FA,False,Not activated
2117,14,B2,6,2,1,30,34,True,FA,FE,False,SDC
2118,14,B2,6,3,0,30,30,False,FA,FA,False,Not activated
2119,14,B2,6,3,1,30,38,True,FA,02,False,SDC
2120,14,B2,6,4,0,30,20,True,FA,EF,False,SDC
2121,14,B2,6,4,1,30,30,False,FA,FA,False,Not activated
2122,14,B2,6,5,0,30,10,True,FA,E3,False,SDC
2123,14,B2,6,5,1,30,30,False,FA,FA,False,Not activated
2124,14,B2,6,6,0,30,30,False,FA,FA,False,Not activated
2125,14,B2,6,6,1,30,70,True,FA,63,False,SDC
2126,14,B2,6,7,0,30,30,False,FA,FA,False,Not activated
2127,14,B2,6,7,1,30,B0,True,FA,A8,False,SDC
2128,14,B3,7,0,0,39,38,True,FA,FA,False,Masked
2129,14,B3,7,0,1,39,39,False,FA,FA,False,Not activated
2130,14,B3,7,1,0,39,39,False,FA,FA,False,Not activated
2131,14,B3,7,1,1,39,3B,True,FA,FE,False,SDC
2132,14,B3,7,2,0,39,39,False,FA,FA,False,Not activated
2133,14,B3,7,2,1,39,3D,True,FA,FE,False,SDC
2134,14,B3,7,3,0,39,31,True,FA,F6,False,SDC
2135,14,B3,7,3,1,39,39,False,FA,FA,False,Not activated
2136,14,B3,7,4,0,39,29,True,FA,F1,False,SDC
2137,14,B3,7,4,1,39,39,False,FA,FA,False,Not activated
2138,14,B3,7,5,0,39,19,True,FA,E6,False,SDC
2139,14,B3,7,5,1,39,39,False,FA,FA,False,Not activated
2140,14,B3,7,6,0,39,39,False,FA,FA,False,Not activated
2141,14,B3,7,6,1,39,79,True,FA,73,False,SDC
2142,14,B3,7,7,0,39,39,False,FA,FA,False,Not activated
2143,14,B3,7,7,1,39,B9,True,FA,B2,False,SDC
2144,14,C0,8,0,0,CB,CA,True,FA,F9,False,SDC
2145,14,C0,8,0,1,CB,CB,False,FA,FA,False,Not activated
2146,14,C0,8,1,0,CB,C9,True,FA,F8,False,SDC
2147,14,C0,8,1,1,CB,CB,False,FA,FA,False,Not activated
2148,14,C0,8,2,0,CB,CB,False,FA,FA,False,Not activated
2149,14,C0,8,2,1,CB,CF,True,FA,FE,False,SDC
2150,14,C0,8,3,0,CB,C3,True,FA,F2,False,SDC
2151,14,C0,8,3,1,CB,CB,False,FA,FA,False,Not activated
2152,14,C0,8,4,0,CB,CB,False,FA,FA,False,Not activated
2153,14,C0,8,4,1,CB,DB,True,FA,0A,False,SDC
2154,14,C0,8,5,0,CB,CB,False,FA,FA,False,Not activated
2155,14,C0,8,5,1,CB,EB,True,FA,1A,False,SDC
2156,14,C0,8,6,0,CB,8B,True,FA,8C,False,SDC
2157,14,C0,8,6,1,CB,CB,False,FA,FA,False,Not activated
2158,14,C0,8,7,0,CB,4B,True,FA,61,False,SDC
2159,14,C0,8,7,1,CB,CB,False,FA,FA,False,Not activated
2160,15,A0,0,0,0,FE,FE,False,28,28,False,Not activated
2161,15,A0,0,0,1,FE,FF,True,28,27,False,SDC
2162,15,A0,0,1,0,FE,FC,True,28,29,False,SDC
2163,15,A0,0,1,1,FE,FE,False,28,28,False,Not activated
2164,15,A0,0,2,0,FE,FA,True,28,2A,False,SDC
2165,15,A0,0,2,1,FE,FE,False,28,28,False,Not activated
2166,15,A0,0,3,0,FE,F6,True,28,2E,False,SDC
2167,15,A0,0,3,1,FE,FE,False,28,28,False,Not activated
2168,15,A0,0,4,0,FE,EE,True,28,34,False,SDC
2169,15,A0,0,4,1,FE,FE,False,28,28,False,Not activated
2170,15,A0,0,5,0,FE,DE,True,28,40,False,SDC
2171,15,A0,0,5,1,FE,FE,False,28,28,False,Not activated
2172,15,A0,0,6,0,FE,BE,True,28,4C,False,SDC
2173,15,A0,0,6,1,FE,FE,False,28,28,False,Not activated
2174,15,A0,0,7,0,FE,7E,True,28,83,False,SDC
2175,15,A0,0,7,1,FE,FE,False,28,28,False,Not activated
2176,15,A1,1,0,0,C9,C8,True,28,28,False,Masked
2177,15,A1,1,0,1,C9,C9,False,28,28,False,Not activated
2178,15,A1,1,1,0,C9,C9,False,28,28,False,Not activated
2179,15,A1,1,1,1,C9,CB,True,28,27,False,SDC
2180,15,A1,1,2,0,C9,C9,False,28,28,False,Not activated
2181,15,A1,1,2,1,C9,CD,True,28,27,False,SDC
2182,15,A1,1,3,0,C9,C1,True,28,28,False,Masked
2183,15,A1,1,3,1,C9,C9,False,28,28,False,Not activated
2184,15,A1,1,4,0,C9,C9,False,28,28,False,Not activated
2185,15,A1,1,4,1,C9,D9,True,28,27,False,SDC
2186,15,A1,1,5,0,C9,C9,False,28,28,False,Not activated
2187,15,A1,1,5,1,C9,E9,True,28,26,False,SDC
2188,15,A1,1,6,0,C9,89,True,28,3B,False,SDC
2189,15,A1,1,6,1,C9,C9,False,28,28,False,Not activated
2190,15,A1,1,7,0,C9,49,True,28,21,False,SDC
2191,15,A1,1,7,1,C9,C9,False,28,28,False,Not activated
2192,15,A2,2,0,0,21,20,True,28,28,False,Masked
2193,15,A2,2,0,1,21,21,False,28,28,False,Not activated
2194,15,A2,2,1,0,21,21,False,28,28,False,Not activated
2195,15,A2,2,1,1,21,23,True,28,28,False,Masked
2196,15,A2,2,2,0,21,21,False,28,28,False,Not activated
2197,15,A2,2,2,1,21,25,True,28,28,False,Masked
2198,15,A2,2,3,0,21,21,False,28,28,False,Not activated
2199,15,A2,2,3,1,21,29,True,28,29,False,SDC
2200,15,A2,2,4,0,21,21,False,28,28,False,Not activated
2201,15,A2,2,4,1,21,31,True,28,2A,False,SDC
2202,15,A2,2,5,0,21,01,True,28,26,False,SDC
2203,15,A2,2,5,1,21,21,False,28,28,False,Not activated
2204,15,A2,2,6,0,21,21,False,28,28,False,Not activated
2205,15,A2,2,6,1,21,61,True,28,32,False,SDC
2206,15,A2,2,7,0,21,21,False,28,28,False,Not activated
2207,15,A2,2,7,1,21,A1,True,28,19,False,SDC
2208,15,A3,3,0,0,22,22,False,28,28,False,Not activated
2209,15,A3,3,0,1,22,23,True,28,28,False,Masked
2210,15,A3,3,1,0,22,20,True,28,29,False,SDC
2211,15,A3,3,1,1,22,22,False,28,28,False,Not activated
2212,15,A3,3,2,0,22,22,False,28,28,False,Not activated
2213,15,A3,3,2,1,22,26,True,28,26,False,SDC
2214,15,A3,3,3,0,22,22,False,28,28,False,Not activated
2215,15,A3,3,3,1,22,2A,True,28,24,False,SDC
2216,15,A3,3,4,0,22,22,False,28,28,False,Not activated
2217,15,A3,3,4,1,22,32,True,28,21,False,SDC
2218,15,A3,3,5,0,22,02,True,28,37,False,SDC
2219,15,A3,3,5,1,22,22,False,28,28,False,Not activated
2220,15,A3,3,6,0,22,22,False,28,28,False,Not activated
2221,15,A3,3,6,1,22,62,True,28,F5,False,SDC
2222,15,A3,3,7,0,22,22,False,28,28,False,Not activated
2223,15,A3,3,7,1,22,A2,True,28,59,False,SDC
2224,15,B0,4,0,0,D0,D0,False,28,28,False,Not activated
2225,15,B0,4,0,1,D0,D1,True,28,27,False,SDC
2226,15,B0,4,1,0,D0,D0,False,28,28,False,Not activated
2227,15,B0,4,1,1,D0,D2,True,28,27,False,SDC
2228,15,B0,4,2,0,D0,D0,False,28,28,False,Not activated
2229,15,B0,4,2,1,D0,D4,True,28,27,False,SDC
2230,15,B0,4,3,0,D0,D0,False,28,28,False,Not activated
2231,15,B0,4,3,1,D0,D8,True,28,27,False,SDC
2232,15,B0,4,4,0,D0,C0,True,28,28,False,Masked
2233,15,B0,4,4,1,D0,D0,False,28,28,False,Not activated
2234,15,B0,4,5,0,D0,D0,False,28,28,False,Not activated
2235,15,B0,4,5,1,D0,F0,True,28,27,False,SDC
2236,15,B0,4,6,0,D0,90,True,28,2E,False,SDC
2237,15,B0,4,6,1,D0,D0,False,28,28,False,Not activated
2238,15,B0,4,7,0,D0,50,True,28,23,False,SDC
2239,15,B0,4,7,1,D0,D0,False,28,28,False,Not activated
2240,15,B1,5,0,0,FD,FC,True,28,28,False,Masked
2241,15,B1,5,0,1,FD,FD,False,28,28,False,Not activated
2242,15,B1,5,1,0,FD,FD,False,28,28,False,Not activated
2243,15,B1,5,1,1,FD,FF,True,28,26,False,SDC
2244,15,B1,5,2,0,FD,F9,True,28,2B,False,SDC
2245,15,B1,5,2,1,FD,FD,False,28,28,False,Not activated
2246,15,B1,5,3,0,FD,F5,True,28,2E,False,SDC
2247,15,B1,5,3,1,FD,FD,False,28,28,False,Not activated
2248,15,B1,5,4,0,FD,ED,True,28,35,False,SDC
2249,15,B1,5,4,1,FD,FD,False,28,28,False,Not activated
2250,15,B1,5,5,0,FD,DD,True,28,42,False,SDC
2251,15,B1,5,5,1,FD,FD,False,28,28,False,Not activated
2252,15,B1,5,6,0,FD,BD,True,28,50,False,SDC
2253,15,B1,5,6,1,FD,FD,False,28,28,False,Not activated
2254,15,B1,5,7,0,FD,7D,True,28,83,False,SDC
2255,15,B1,5,7,1,FD,FD,False,28,28,False,Not activated
2256,15,B2,6,0,0,06,06,False,28,28,False,Not activated
2257,15,B2,6,0,1,06,07,True,28,29,False,SDC
2258,15,B2,6,1,0,06,04,True,28,27,False,SDC
2259,15,B2,6,1,1,06,06,False,28,28,False,Not activated
2260,15,B2,6,2,0,06,02,True,28,26,False,SDC
2261,15,B2,6,2,1,06,06,False,28,28,False,Not activated
2262,15,B2,6,3,0,06,06,False,28,28,False,Not activated
2263,15,B2,6,3,1,06,0E,True,28,2C,False,SDC
2264,15,B2,6,4,0,06,06,False,28,28,False,Not activated
2265,15,B2,6,4,1,06,16,True,28,30,False,SDC
2266,15,B2,6,5,0,06,06,False,28,28,False,Not activated
2267,15,B2,6,5,1,06,26,True,28,39,False,SDC
2268,15,B2,6,6,0,06,06,False,28,28,False,Not activated
2269,15,B2,6,6,1,06,46,True,28,46,False,SDC
2270,15,B2,6,7,0,06,06,False,28,28,False,Not activated
2271,15,B2,6,7,1,06,86,True,28,8E,False,SDC
2272,15,B3,7,0,0,E2,E2,False,28,28,False,Not activated
2273,15,B3,7,0,1,E2,E3,True,28,29,False,SDC
2274,15,B3,7,1,0,E2,E0,True,28,27,False,SDC
2275,15,B3,7,1,1,E2,E2,False,28,28,False,Not activated
2276,15,B3,7,2,0,E2,E2,False,28,28,False,Not activated
2277,15,B3,7,2,1,E2,E6,True,28,2A,False,SDC
2278,15,B3,7,3,0,E2,E2,False,28,28,False,Not activated
2279,15,B3,7,3,1,E2,EA,True,28,2C,False,SDC
2280,15,B3,7,4,0,E2,E2,False,28,28,False,Not activated
2281,15,B3,7,4,1,E2,F2,True,28,31,False,SDC
2282,15,B3,7,5,0,E2,C2,True,28,17,False,SDC
2283,15,B3,7,5,1,E2,E2,False,28,28,False,Not activated
2284,15,B3,7,6,0,E2,A2,True,28,F6,False,SDC
2285,15,B3,7,6,1,E2,E2,False,28,28,False,Not activated
2286,15,B3,7,7,0,E2,62,True,28,60,False,SDC
2287,15,B3,7,7,1,E2,E2,False,28,28,False,Not activated
2288,15,C0,8,0,0,30,30,False,28,28,False,Not activated
2289,15,C0,8,0,1,30,31,True,28,29,False,SDC
2290,15,C0,8,1,0,30,30,False,28,28,False,Not activated
2291,15,C0,8,1,1,30,32,True,28,2A,False,SDC
2292,15,C0,8,2,0,30,30,False,28,28,False,Not activated
2293,15,C0,8,2,1,30,34,True,28,2C,False,SDC
2294,15,C0,8,3,0,30,30,False,28,28,False,Not activated
2295,15,C0,8,3,1,30,38,True,28,30,False,SDC
2296,15,C0,8,4,0,30,20,True,28,18,False,SDC
2297,15,C0,8,4,1,30,30,False,28,28,False,Not activated
2298,15,C0,8,5,0,30,10,True,28,08,False,SDC
2299,15,C0,8,5,1,30,30,False,28,28,False,Not activated
2300,15,C0,8,6,0,30,30,False,28,28,False,Not activated
2301,15,C0,8,6,1,30,70,True,28,6F,False,SDC
2302,15,C0,8,7,0,30,30,False,28,28,False,Not activated
2303,15,C0,8,7,1,30,B0,True,28,AC,False,SDC
2304,16,A0,0,0,0,F6,F6,False,1A,1A,False,Not activated
2305,16,A0,0,0,1,F6,F7,True,1A,19,False,SDC
2306,16,A0,0,1,0,F6,F4,True,1A,1B,False,SDC
2307,16,A0,0,1,1,F6,F6,False,1A,1A,False,Not activated
2308,16,A0,0,2,0,F6,F2,True,1A,1C,False,SDC
2309,16,A0,0,2,1,F6,F6,False,1A,1A,False,Not activated
2310,16,A0,0,3,0,F6,F6,False,1A,1A,False,Not activated
2311,16,A0,0,3,1,F6,FE,True,1A,15,False,SDC
2312,16,A0,0,4,0,F6,E6,True,1A,23,False,SDC
2313,16,A0,0,4,1,F6,F6,False,1A,1A,False,Not activated
2314,16,A0,0,5,0,F6,D6,True,1A,2D,False,SDC
2315,16,A0,0,5,1,F6,F6,False,1A,1A,False,Not activated
2316,16,A0,0,6,0,F6,B6,True,1A,43,False,SDC
2317,16,A0,0,6,1,F6,F6,False,1A,1A,False,Not activated
2318,16,A0,0,7,0,F6,76,True,1A,93,False,SDC
2319,16,A0,0,7,1,F6,F6,False,1A,1A,False,Not activated
2320,16,A1,1,0,0,DB,DA,True,1A,1A,False,Masked
2321,16,A1,1,0,1,DB,DB,False,1A,1A,False,Not activated
2322,16,A1,1,1,0,DB,D9,True,1A,1B,False,SDC
2323,16,A1,1,1,1,DB,DB,False,1A,1A,False,Not activated
2324,16,A1,1,2,0,DB,DB,False,1A,1A,False,Not activated
2325,16,A1,1,2,1,DB,DF,True,1A,18,False,SDC
2326,16,A1,1,3,0,DB,D3,True,1A,1D,False,SDC
2327,16,A1,1,3,1,DB,DB,False,1A,1A,False,Not activated
2328,16,A1,1,4,0,DB,CB,True,1A,20,False,SDC
2329,16,A1,1,4,1,DB,DB,False,1A,1A,False,Not activated
2330,16,A1,1,5,0,DB,DB,False,1A,1A,False,Not activated
2331,16,A1,1,5,1,DB,FB,True,1A,0E,False,SDC
2332,16,A1,1,6,0,DB,9B,True,1A,45,False,SDC
2333,16,A1,1,6,1,DB,DB,False,1A,1A,False,Not activated
2334,16,A1,1,7,0,DB,5B,True,1A,E0,False,SDC
2335,16,A1,1,7,1,DB,DB,False,1A,1A,False,Not activated
2336,16,A2,2,0,0,05,04,True,1A,19,False,SDC
2337,16,A2,2,0,1,05,05,False,1A,1A,False,Not activated
2338,16,A2,2,1,0,05,05,False,1A,1A,False,Not activated
2339,16,A2,2,1,1,05,07,True,1A,1C,False,SDC
2340,16,A2,2,2,0,05,01,True,1A,16,False,SDC
2341,16,A2,2,2,1,05,05,False,1A,1A,False,Not activated
2342,16,A2,2,3,0,05,05,False,1A,1A,False,Not activated
2343,16,A2,2,3,1,05,0D,True,1A,22,False,SDC
2344,16,A2,2,4,0,05,05,False,1A,1A,False,Not activated
2345,16,A2,2,4,1,05,15,True,1A,2A,False,SDC
2346,16,A2,2,5,0,05,05,False,1A,1A,False,Not activated
2347,16,A2,2,5,1,05,25,True,1A,38,False,SDC
2348,16,A2,2,6,0,05,05,False,1A,1A,False,Not activated
2349,16,A2,2,6,1,05,45,True,1A,4E,False,SDC
2350,16,A2,2,7,0,05,05,False,1A,1A,False,Not activated
2351,16,A2,2,7,1,05,85,True,1A,85,False,SDC
2352,16,A3,3,0,0,1D,1C,True,1A,19,False,SDC
2353,16,A3,3,0,1,1D,1D,False,1A,1A,False,Not activated
2354,16,A3,3,1,0,1D,1D,False,1A,1A,False,Not activated
2355,16,A3,3,1,1,1D,1F,True,1A,1A,False,Masked
2356,16,A3,3,2,0,1D,19,True,1A,18,False,SDC
2357,16,A3,3,2,1,1D,1D,False,1A,1A,False,Not activated
2358,16,A3,3,3,0,1D,15,True,1A,17,False,SDC
2359,16,A3,3,3,1,1D,1D,False,1A,1A,False,Not activated
2360,16,A3,3,4,0,1D,0D,True,1A,15,False,SDC
2361,16,A3,3,4,1,1D,1D,False,1A,1A,False,Not activated
2362,16,A3,3,5,0,1D,1D,False,1A,1A,False,Not activated
2363,16,A3,3,5,1,1D,3D,True,1A,23,False,SDC
2364,16,A3,3,6,0,1D,1D,False,1A,1A,False,Not activated
2365,16,A3,3,6,1,1D,5D,True,1A,35,False,SDC
2366,16,A3,3,7,0,1D,1D,False,1A,1A,False,Not activated
2367,16,A3,3,7,1,1D,9D,True,1A,E4,False,SDC
2368,16,B0,4,0,0,DA,DA,False,1A,1A,False,Not activated
2369,16,B0,4,0,1,DA,DB,True,1A,1A,False,Masked
2370,16,B0,4,1,0,DA,D8,True,1A,1A,False,Masked
2371,16,B0,4,1,1,DA,DA,False,1A,1A,False,Not activated
2372,16,B0,4,2,0,DA,DA,False,1A,1A,False,Not activated
2373,16,B0,4,2,1,DA,DE,True,1A,19,False,SDC
2374,16,B0,4,3,0,DA,D2,True,1A,1B,False,SDC
2375,16,B0,4,3,1,DA,DA,False,1A,1A,False,Not activated
2376,16,B0,4,4,0,DA,CA,True,1A,1C,False,SDC
2377,16,B0,4,4,1,DA,DA,False,1A,1A,False,Not activated
2378,16,B0,4,5,0,DA,DA,False,1A,1A,False,Not activated
2379,16,B0,4,5,1,DA,FA,True,1A,15,False,SDC
2380,16,B0,4,6,0,DA,9A,True,1A,30,False,SDC
2381,16,B0,4,6,1,DA,DA,False,1A,1A,False,Not activated
2382,16,B0,4,7,0,DA,5A,True,1A,02,False,SDC
2383,16,B0,4,7,1,DA,DA,False,1A,1A,False,Not activated
2384,16,B1,5,0,0,E8,E8,False,1A,1A,False,Not activated
2385,16,B1,5,0,1,E8,E9,True,1A,19,False,SDC
2386,16,B1,5,1,0,E8,E8,False,1A,1A,False,Not activated
2387,16,B1,5,1,1,E8,EA,True,1A,19,False,SDC
2388,16,B1,5,2,0,E8,E8,False,1A,1A,False,Not activated
2389,16,B1,5,2,1,E8,EC,True,1A,18,False,SDC
2390,16,B1,5,3,0,E8,E0,True,1A,1E,False,SDC
2391,16,B1,5,3,1,E8,E8,False,1A,1A,False,Not activated
2392,16,B1,5,4,0,E8,E8,False,1A,1A,False,Not activated
2393,16,B1,5,4,1,E8,F8,True,1A,11,False,SDC
2394,16,B1,5,5,0,E8,C8,True,1A,2C,False,SDC
2395,16,B1,5,5,1,E8,E8,False,1A,1A,False,Not activated
2396,16,B1,5,6,0,E8,A8,True,1A,46,False,SDC
2397,16,B1,5,6,1,E8,E8,False,1A,1A,False,Not activated
2398,16,B1,5,7,0,E8,68,True,1A,AE,False,SDC
2399,16,B1,5,7,1,E8,E8,False,1A,1A,False,Not activated
2400,16,B2,6,0,0,3F,3E,True,1A,1A,False,Masked
2401,16,B2,6,0,1,3F,3F,False,1A,1A,False,Not activated
2402,16,B2,6,1,0,3F,3D,True,1A,1A,False,Masked
2403,16,B2,6,1,1,3F,3F,False,1A,1A,False,Not activated
2404,16,B2,6,2,0,3F,3B,True,1A,1A,False,Masked
2405,16,B2,6,2,1,3F,3F,False,1A,1A,False,Not activated
2406,16,B2,6,3,0,3F,37,True,1A,19,False,SDC
2407,16,B2,6,3,1,3F,3F,False,1A,1A,False,Not activated
2408,16,B2,6,4,0,3F,2F,True,1A,19,False,SDC
2409,16,B2,6,4,1,3F,3F,False,1A,1A,False,Not activated
2410,16,B2,6,5,0,3F,1F,True,1A,17,False,SDC
2411,16,B2,6,5,1,3F,3F,False,1A,1A,False,Not activated
2412,16,B2,6,6,0,3F,3F,False,1A,1A,False,Not activated
2413,16,B2,6,6,1,3F,7F,True,1A,73,False,SDC
2414,16,B2,6,7,0,3F,3F,False,1A,1A,False,Not activated
2415,16,B2,6,7,1,3F,BF,True,1A,10,False,SDC
2416,16,B3,7,0,0,13,12,True,1A,19,False,SDC
2417,16,B3,7,0,1,13,13,False,1A,1A,False,Not activated
2418,16,B3,7,1,0,13,11,True,1A,19,False,SDC
2419,16,B3,7,1,1,13,13,False,1A,1A,False,Not activated
2420,16,B3,7,2,0,13,13,False,1A,1A,False,Not activated
2421,16,B3,7,2,1,13,17,True,1A,1B,False,SDC
2422,16,B3,7,3,0,13,13,False,1A,1A,False,Not activated
2423,16,B3,7,3,1,13,1B,True,1A,1D,False,SDC
2424,16,B3,7,4,0,13,03,True,1A,12,False,SDC
2425,16,B3,7,4,1,13,13,False,1A,1A,False,Not activated
2426,16,B3,7,5,0,13,13,False,1A,1A,False,Not activated
2427,16,B3,7,5,1,13,33,True,1A,28,False,SDC
2428,16,B3,7,6,0,13,13,False,1A,1A,False,Not activated
2429,16,B3,7,6,1,13,53,True,1A,40,False,SDC
2430,16,B3,7,7,0,13,13,False,1A,1A,False,Not activated
2431,16,B3,7,7,1,13,93,True,1A,B4,False,SDC
2432,16,C0,8,0,0,F8,F8,False,1A,1A,False,Not activated
2433,16,C0,8,0,1,F8,F9,True,1A,1B,False,SDC
2434,16,C0,8,1,0,F8,F8,False,1A,1A,False,Not activated
2435,16,C0,8,1,1,F8,FA,True,1A,1C,False,SDC
2436,16,C0,8,2,0,F8,F8,False,1A,1A,False,Not activated
2437,16,C0,8,2,1,F8,FC,True,1A,1E,False,SDC
2438,16,C0,8,3,0,F8,F0,True,1A,12,False,SDC
2439,16,C0,8,3,1,F8,F8,False,1A,1A,False,Not activated
2440,16,C0,8,4,0,F8,E8,True,1A,0A,False,SDC
2441,16,C0,8,4,1,F8,F8,False,1A,1A,False,Not activated
2442,16,C0,8,5,0,F8,D8,True,1A,FA,False,SDC
2443,16,C0,8,5,1,F8,F8,False,1A,1A,False,Not activated
2444,16,C0,8,6,0,F8,B8,True,1A,D2,False,SDC
2445,16,C0,8,6,1,F8,F8,False,1A,1A,False,Not activated
2446,16,C0,8,7,0,F8,78,True,1A,78,False,SDC
2447,16,C0,8,7,1,F8,F8,False,1A,1A,False,Not activated
2448,17,A0,0,0,0,02,02,False,4A,4A,False,Not activated
2449,17,A0,0,0,1,02,03,True,4A,4A,False,Masked
2450,17,A0,0,1,0,02,00,True,4A,48,False,SDC
2451,17,A0,0,1,1,02,02,False,4A,4A,False,Not activated
2452,17,A0,0,2,0,02,02,False,4A,4A,False,Not activated
2453,17,A0,0,2,1,02,06,True,4A,4A,False,Masked
2454,17,A0,0,3,0,02,02,False,4A,4A,False,Not activated
2455,17,A0,0,3,1,02,0A,True,4A,4A,False,Masked
2456,17,A0,0,4,0,02,02,False,4A,4A,False,Not activated
2457,17,A0,0,4,1,02,12,True,4A,4A,False,Masked
2458,17,A0,0,5,0,02,02,False,4A,4A,False,Not activated
2459,17,A0,0,5,1,02,22,True,4A,4C,False,SDC
2460,17,A0,0,6,0,02,02,False,4A,4A,False,Not activated
2461,17,A0,0,6,1,02,42,True,4A,4E,False,SDC
2462,17,A0,0,7,0,02,02,False,4A,4A,False,Not activated
2463,17,A0,0,7,1,02,82,True,4A,90,False,SDC
2464,17,A1,1,0,0,CF,CE,True,4A,4A,False,Masked
2465,17,A1,1,0,1,CF,CF,False,4A,4A,False,Not activated
2466,17,A1,1,1,0,CF,CD,True,4A,4A,False,Masked
2467,17,A1,1,1,1,CF,CF,False,4A,4A,False,Not activated
2468,17,A1,1,2,0,CF,CB,True,4A,4A,False,Masked
2469,17,A1,1,2,1,CF,CF,False,4A,4A,False,Not activated
2470,17,A1,1,3,0,CF,C7,True,4A,4C,False,SDC
2471,17,A1,1,3,1,CF,CF,False,4A,4A,False,Not activated
2472,17,A1,1,4,0,CF,CF,False,4A,4A,False,Not activated
2473,17,A1,1,4,1,CF,DF,True,4A,45,False,SDC
2474,17,A1,1,5,0,CF,CF,False,4A,4A,False,Not activated
2475,17,A1,1,5,1,CF,EF,True,4A,40,False,SDC
2476,17,A1,1,6,0,CF,8F,True,4A,6B,False,SDC
2477,17,A1,1,6,1,CF,CF,False,4A,4A,False,Not activated
2478,17,A1,1,7,0,CF,4F,True,4A,05,False,SDC
2479,17,A1,1,7,1,CF,CF,False,4A,4A,False,Not activated
2480,17,A2,2,0,0,DD,DC,True,4A,4A,False,Masked
2481,17,A2,2,0,1,DD,DD,False,4A,4A,False,Not activated
2482,17,A2,2,1,0,DD,DD,False,4A,4A,False,Not activated
2483,17,A2,2,1,1,DD,DF,True,4A,48,False,SDC
2484,17,A2,2,2,0,DD,D9,True,4A,4A,False,Masked
2485,17,A2,2,2,1,DD,DD,False,4A,4A,False,Not activated
2486,17,A2,2,3,0,DD,D5,True,4A,4C,False,SDC
2487,17,A2,2,3,1,DD,DD,False,4A,4A,False,Not activated
2488,17,A2,2,4,0,DD,CD,True,4A,4E,False,SDC
2489,17,A2,2,4,1,DD,DD,False,4A,4A,False,Not activated
2490,17,A2,2,5,0,DD,DD,False,4A,4A,False,Not activated
2491,17,A2,2,5,1,DD,FD,True,4A,40,False,SDC
2492,17,A2,2,6,0,DD,9D,True,4A,62,False,SDC
2493,17,A2,2,6,1,DD,DD,False,4A,4A,False,Not activated
2494,17,A2,2,7,0,DD,5D,True,4A,FB,False,SDC
2495,17,A2,2,7,1,DD,DD,False,4A,4A,False,Not activated
2496,17,A3,3,0,0,EB,EA,True,4A,4A,False,Masked
2497,17,A3,3,0,1,EB,EB,False,4A,4A,False,Not activated
2498,17,A3,3,1,0,EB,E9,True,4A,4A,False,Masked
2499,17,A3,3,1,1,EB,EB,False,4A,4A,False,Not activated
2500,17,A3,3,2,0,EB,EB,False,4A,4A,False,Not activated
2501,17,A3,3,2,1,EB,EF,True,4A,48,False,SDC
2502,17,A3,3,3,0,EB,E3,True,4A,4C,False,SDC
2503,17,A3,3,3,1,EB,EB,False,4A,4A,False,Not activated
2504,17,A3,3,4,0,EB,EB,False,4A,4A,False,Not activated
2505,17,A3,3,4,1,EB,FB,True,4A,42,False,SDC
2506,17,A3,3,5,0,EB,CB,True,4A,58,False,SDC
2507,17,A3,3,5,1,EB,EB,False,4A,4A,False,Not activated
2508,17,A3,3,6,0,EB,AB,True,4A,64,False,SDC
2509,17,A3,3,6,1,EB,EB,False,4A,4A,False,Not activated
2510,17,A3,3,7,0,EB,6B,True,4A,A8,False,SDC
2511,17,A3,3,7,1,EB,EB,False,4A,4A,False,Not activated
2512,17,B0,4,0,0,0B,0A,True,4A,4A,False,Masked
2513,17,B0,4,0,1,0B,0B,False,4A,4A,False,Not activated
2514,17,B0,4,1,0,0B,09,True,4A,4A,False,Masked
2515,17,B0,4,1,1,0B,0B,False,4A,4A,False,Not activated
2516,17,B0,4,2,0,0B,0B,False,4A,4A,False,Not activated
2517,17,B0,4,2,1,0B,0F,True,4A,4A,False,Masked
2518,17,B0,4,3,0,0B,03,True,4A,4A,False,Masked
2519,17,B0,4,3,1,0B,0B,False,4A,4A,False,Not activated
2520,17,B0,4,4,0,0B,0B,False,4A,4A,False,Not activated
2521,17,B0,4,4,1,0B,1B,True,4A,4A,False,Masked
2522,17,B0,4,5,0,0B,0B,False,4A,4A,False,Not activated
2523,17,B0,4,5,1,0B,2B,True,4A,4A,False,Masked
2524,17,B0,4,6,0,0B,0B,False,4A,4A,False,Not activated
2525,17,B0,4,6,1,0B,4B,True,4A,4A,False,Masked
2526,17,B0,4,7,0,0B,0B,False,4A,4A,False,Not activated
2527,17,B0,4,7,1,0B,8B,True,4A,42,False,SDC
2528,17,B1,5,0,0,DD,DC,True,4A,4A,False,Masked
2529,17,B1,5,0,1,DD,DD,False,4A,4A,False,Not activated
2530,17,B1,5,1,0,DD,DD,False,4A,4A,False,Not activated
2531,17,B1,5,1,1,DD,DF,True,4A,48,False,SDC
2532,17,B1,5,2,0,DD,D9,True,4A,4A,False,Masked
2533,17,B1,5,2,1,DD,DD,False,4A,4A,False,Not activated
2534,17,B1,5,3,0,DD,D5,True,4A,4C,False,SDC
2535,17,B1,5,3,1,DD,DD,False,4A,4A,False,Not activated
2536,17,B1,5,4,0,DD,CD,True,4A,50,False,SDC
2537,17,B1,5,4,1,DD,DD,False,4A,4A,False,Not activated
2538,17,B1,5,5,0,DD,DD,False,4A,4A,False,Not activated
2539,17,B1,5,5,1,DD,FD,True,4A,3A,False,SDC
2540,17,B1,5,6,0,DD,9D,True,4A,65,False,SDC
2541,17,B1,5,6,1,DD,DD,False,4A,4A,False,Not activated
2542,17,B1,5,7,0,DD,5D,True,4A,DB,False,SDC
2543,17,B1,5,7,1,DD,DD,False,4A,4A,False,Not activated
2544,17,B2,6,0,0,DC,DC,False,4A,4A,False,Not activated
2545,17,B2,6,0,1,DC,DD,True,4A,48,False,SDC
2546,17,B2,6,1,0,DC,DC,False,4A,4A,False,Not activated
2547,17,B2,6,1,1,DC,DE,True,4A,48,False,SDC
2548,17,B2,6,2,0,DC,D8,True,4A,4A,False,Masked
2549,17,B2,6,2,1,DC,DC,False,4A,4A,False,Not activated
2550,17,B2,6,3,0,DC,D4,True,4A,4C,False,SDC
2551,17,B2,6,3,1,DC,DC,False,4A,4A,False,Not activated
2552,17,B2,6,4,0,DC,CC,True,4A,4E,False,SDC
2553,17,B2,6,4,1,DC,DC,False,4A,4A,False,Not activated
2554,17,B2,6,5,0,DC,DC,False,4A,4A,False,Not activated
2555,17,B2,6,5,1,DC,FC,True,4A,40,False,SDC
2556,17,B2,6,6,0,DC,9C,True,4A,63,False,SDC
2557,17,B2,6,6,1,DC,DC,False,4A,4A,False,Not activated
2558,17,B2,6,7,0,DC,5C,True,4A,FD,False,SDC
2559,17,B2,6,7,1,DC,DC,False,4A,4A,False,Not activated
2560,17,B3,7,0,0,C9,C8,True,4A,4A,False,Masked
2561,17,B3,7,0,1,C9,C9,False,4A,4A,False,Not activated
2562,17,B3,7,1,0,C9,C9,False,4A,4A,False,Not activated
2563,17,B3,7,1,1,C9,CB,True,4A,48,False,SDC
2564,17,B3,7,2,0,C9,C9,False,4A,4A,False,Not activated
2565,17,B3,7,2,1,C9,CD,True,4A,48,False,SDC
2566,17,B3,7,3,0,C9,C1,True,4A,4A,False,Masked
2567,17,B3,7,3,1,C9,C9,False,4A,4A,False,Not activated
2568,17,B3,7,4,0,C9,C9,False,4A,4A,False,Not activated
2569,17,B3,7,4,1,C9,D9,True,4A,47,False,SDC
2570,17,B3,7,5,0,C9,C9,False,4A,4A,False,Not activated
2571,17,B3,7,5,1,C9,E9,True,4A,44,False,SDC
2572,17,B3,7,6,0,C9,89,True,4A,6C,False,SDC
2573,17,B3,7,6,1,C9,C9,False,4A,4A,False,Not activated
2574,17,B3,7,7,0,C9,49,True,4A,26,False,SDC
2575,17,B3,7,7,1,C9,C9,False,4A,4A,False,Not activated
2576,17,C0,8,0,0,11,10,True,4A,49,False,SDC
2577,17,C0,8,0,1,11,11,False,4A,4A,False,Not activated
2578,17,C0,8,1,0,11,11,False,4A,4A,False,Not activated
2579,17,C0,8,1,1,11,13,True,4A,4A,False,Masked
2580,17,C0,8,2,0,11,11,False,4A,4A,False,Not activated
2581,17,C0,8,2,1,11,15,True,4A,4C,False,SDC
2582,17,C0,8,3,0,11,11,False,4A,4A,False,Not activated
2583,17,C0,8,3,1,11,19,True,4A,4E,False,SDC
2584,17,C0,8,4,0,11,01,True,4A,42,False,SDC
2585,17,C0,8,4,1,11,11,False,4A,4A,False,Not activated
2586,17,C0,8,5,0,11,11,False,4A,4A,False,Not activated
2587,17,C0,8,5,1,11,31,True,4A,5A,False,SDC
2588,17,C0,8,6,0,11,11,False,4A,4A,False,Not activated
2589,17,C0,8,6,1,11,51,True,4A,64,False,SDC
2590,17,C0,8,7,0,11,11,False,4A,4A,False,Not activated
2591,17,C0,8,7,1,11,91,True,4A,99,False,SDC
2592,18,A0,0,0,0,DD,DC,True,55,55,False,Masked
2593,18,A0,0,0,1,DD,DD,False,55,55,False,Not activated
2594,18,A0,0,1,0,DD,DD,False,55,55,False,Not activated
2595,18,A0,0,1,1,DD,DF,True,55,54,False,SDC
2596,18,A0,0,2,0,DD,D9,True,55,56,False,SDC
2597,18,A0,0,2,1,DD,DD,False,55,55,False,Not activated
2598,18,A0,0,3,0,DD,D5,True,55,57,False,SDC
2599,18,A0,0,3,1,DD,DD,False,55,55,False,Not activated
2600,18,A0,0,4,0,DD,CD,True,55,59,False,SDC
2601,18,A0,0,4,1,DD,DD,False,55,55,False,Not activated
2602,18,A0,0,5,0,DD,DD,False,55,55,False,Not activated
2603,18,A0,0,5,1,DD,FD,True,55,4C,False,SDC
2604,18,A0,0,6,0,DD,9D,True,55,65,False,SDC
2605,18,A0,0,6,1,DD,DD,False,55,55,False,Not activated
2606,18,A0,0,7,0,DD,5D,True,55,17,False,SDC
2607,18,A0,0,7,1,DD,DD,False,55,55,False,Not activated
2608,18,A1,1,0,0,34,34,False,55,55,False,Not activated
2609,18,A1,1,0,1,34,35,True,55,55,False,Masked
2610,18,A1,1,1,0,34,34,False,55,55,False,Not activated
2611,18,A1,1,1,1,34,36,True,55,56,False,SDC
2612,18,A1,1,2,0,34,30,True,55,54,False,SDC
2613,18,A1,1,2,1,34,34,False,55,55,False,Not activated
2614,18,A1,1,3,0,34,34,False,55,55,False,Not activated
2615,18,A1,1,3,1,34,3C,True,55,56,False,SDC
2616,18,A1,1,4,0,34,24,True,55,52,False,SDC
2617,18,A1,1,4,1,34,34,False,55,55,False,Not activated
2618,18,A1,1,5,0,34,14,True,55,50,False,SDC
2619,18,A1,1,5,1,34,34,False,55,55,False,Not activated
2620,18,A1,1,6,0,34,34,False,55,55,False,Not activated
2621,18,A1,1,6,1,34,74,True,55,6B,False,SDC
2622,18,A1,1,7,0,34,34,False,55,55,False,Not activated
2623,18,A1,1,7,1,34,B4,True,55,3A,False,SDC
2624,18,A2,2,0,0,2E,2E,False,55,55,False,Not activated
2625,18,A2,2,0,1,2E,2F,True,55,55,False,Masked
2626,18,A2,2,1,0,2E,2C,True,55,56,False,SDC
2627,18,A2,2,1,1,2E,2E,False,55,55,False,Not activated
2628,18,A2,2,2,0,2E,2A,True,55,56,False,SDC
2629,18,A2,2,2,1,2E,2E,False,55,55,False,Not activated
2630,18,A2,2,3,0,2E,26,True,55,58,False,SDC
2631,18,A2,2,3,1,2E,2E,False,55,55,False,Not activated
2632,18,A2,2,4,0,2E,2E,False,55,55,False,Not activated
2633,18,A2,2,4,1,2E,3E,True,55,50,False,SDC
2634,18,A2,2,5,0,2E,0E,True,55,5E,False,SDC
2635,18,A2,2,5,1,2E,2E,False,55,55,False,Not activated
2636,18,A2,2,6,0,2E,2E,False,55,55,False,Not activated
2637,18,A2,2,6,1,2E,6E,True,55,FD,False,SDC
2638,18,A2,2,7,0,2E,2E,False,55,55,False,Not activated
2639,18,A2,2,7,1,2E,AE,True,55,68,False,SDC
2640,18,A3,3,0,0,C9,C8,True,55,56,False,SDC
2641,18,A3,3,0,1,C9,C9,False,55,55,False,Not activated
2642,18,A3,3,1,0,C9,C9,False,55,55,False,Not activated
2643,18,A3,3,1,1,C9,CB,True,55,54,False,SDC
2644,18,A3,3,2,0,C9,C9,False,55,55,False,Not activated
2645,18,A3,3,2,1,C9,CD,True,55,54,False,SDC
2646,18,A3,3,3,0,C9,C1,True,55,58,False,SDC
2647,18,A3,3,3,1,C9,C9,False,55,55,False,Not activated
2648,18,A3,3,4,0,C9,C9,False,55,55,False,Not activated
2649,18,A3,3,4,1,C9,D9,True,55,50,False,SDC
2650,18,A3,3,5,0,C9,C9,False,55,55,False,Not activated
2651,18,A3,3,5,1,C9,E9,True,55,4A,False,SDC
2652,18,A3,3,6,0,C9,89,True,55,75,False,SDC
2653,18,A3,3,6,1,C9,C9,False,55,55,False,Not activated
2654,18,A3,3,7,0,C9,49,True,55,05,False,SDC
2655,18,A3,3,7,1,C9,C9,False,55,55,False,Not activated
2656,18,B0,4,0,0,DE,DE,False,55,55,False,Not activated
2657,18,B0,4,0,1,DE,DF,True,55,54,False,SDC
2658,18,B0,4,1,0,DE,DC,True,55,56,False,SDC
2659,18,B0,4,1,1,DE,DE,False,55,55,False,Not activated
2660,18,B0,4,2,0,DE,DA,True,55,56,False,SDC
2661,18,B0,4,2,1,DE,DE,False,55,55,False,Not activated
2662,18,B0,4,3,0,DE,D6,True,55,57,False,SDC
2663,18,B0,4,3,1,DE,DE,False,55,55,False,Not activated
2664,18,B0,4,4,0,DE,CE,True,55,59,False,SDC
2665,18,B0,4,4,1,DE,DE,False,55,55,False,Not activated
2666,18,B0,4,5,0,DE,DE,False,55,55,False,Not activated
2667,18,B0,4,5,1,DE,FE,True,55,4C,False,SDC
2668,18,B0,4,6,0,DE,9E,True,55,64,False,SDC
2669,18,B0,4,6,1,DE,DE,False,55,55,False,Not activated
2670,18,B0,4,7,0,DE,5E,True,55,13,False,SDC
2671,18,B0,4,7,1,DE,DE,False,55,55,False,Not activated
2672,18,B1,5,0,0,16,16,False,55,55,False,Not activated
2673,18,B1,5,0,1,16,17,True,55,56,False,SDC
2674,18,B1,5,1,0,16,14,True,55,54,False,SDC
2675,18,B1,5,1,1,16,16,False,55,55,False,Not activated
2676,18,B1,5,2,0,16,12,True,55,54,False,SDC
2677,18,B1,5,2,1,16,16,False,55,55,False,Not activated
2678,18,B1,5,3,0,16,16,False,55,55,False,Not activated
2679,18,B1,5,3,1,16,1E,True,55,58,False,SDC
2680,18,B1,5,4,0,16,06,True,55,4E,False,SDC
2681,18,B1,5,4,1,16,16,False,55,55,False,Not activated
2682,18,B1,5,5,0,16,16,False,55,55,False,Not activated
2683,18,B1,5,5,1,16,36,True,55,60,False,SDC
2684,18,B1,5,6,0,16,16,False,55,55,False,Not activated
2685,18,B1,5,6,1,16,56,True,55,66,False,SDC
2686,18,B1,5,7,0,16,16,False,55,55,False,Not activated
2687,18,B1,5,7,1,16,96,True,55,B8,False,SDC
2688,18,B2,6,0,0,DB,DA,True,55,55,False,Masked
2689,18,B2,6,0,1,DB,DB,False,55,55,False,Not activated
2690,18,B2,6,1,0,DB,D9,True,55,54,False,SDC
2691,18,B2,6,1,1,DB,DB,False,55,55,False,Not activated
2692,18,B2,6,2,0,DB,DB,False,55,55,False,Not activated
2693,18,B2,6,2,1,DB,DF,True,55,56,False,SDC
2694,18,B2,6,3,0,DB,D3,True,55,52,False,SDC
2695,18,B2,6,3,1,DB,DB,False,55,55,False,Not activated
2696,18,B2,6,4,0,DB,CB,True,55,50,False,SDC
2697,18,B2,6,4,1,DB,DB,False,55,55,False,Not activated
2698,18,B2,6,5,0,DB,DB,False,55,55,False,Not activated
2699,18,B2,6,5,1,DB,FB,True,55,60,False,SDC
2700,18,B2,6,6,0,DB,9B,True,55,0D,False,SDC
2701,18,B2,6,6,1,DB,DB,False,55,55,False,Not activated
2702,18,B2,6,7,0,DB,5B,True,55,6B,False,SDC
2703,18,B2,6,7,1,DB,DB,False,55,55,False,Not activated
2704,18,B3,7,0,0,D1,D0,True,55,56,False,SDC
2705,18,B3,7,0,1,D1,D1,False,55,55,False,Not activated
2706,18,B3,7,1,0,D1,D1,False,55,55,False,Not activated
2707,18,B3,7,1,1,D1,D3,True,55,54,False,SDC
2708,18,B3,7,2,0,D1,D1,False,55,55,False,Not activated
2709,18,B3,7,2,1,D1,D5,True,55,54,False,SDC
2710,18,B3,7,3,0,D1,D1,False,55,55,False,Not activated
2711,18,B3,7,3,1,D1,D9,True,55,52,False,SDC
2712,18,B3,7,4,0,D1,C1,True,55,5C,False,SDC
2713,18,B3,7,4,1,D1,D1,False,55,55,False,Not activated
2714,18,B3,7,5,0,D1,D1,False,55,55,False,Not activated
2715,18,B3,7,5,1,D1,F1,True,55,48,False,SDC
2716,18,B3,7,6,0,D1,91,True,55,71,False,SDC
2717,18,B3,7,6,1,D1,D1,False,55,55,False,Not activated
2718,18,B3,7,7,0,D1,51,True,55,EC,False,SDC
2719,18,B3,7,7,1,D1,D1,False,55,55,False,Not activated
2720,18,C0,8,0,0,38,38,False,55,55,False,Not activated
2721,18,C0,8,0,1,38,39,True,55,56,False,SDC
2722,18,C0,8,1,0,38,38,False,55,55,False,Not activated
2723,18,C0,8,1,1,38,3A,True,55,56,False,SDC
2724,18,C0,8,2,0,38,38,False,55,55,False,Not activated
2725,18,C0,8,2,1,38,3C,True,55,57,False,SDC
2726,18,C0,8,3,0,38,30,True,55,51,False,SDC
2727,18,C0,8,3,1,38,38,False,55,55,False,Not activated
2728,18,C0,8,4,0,38,28,True,55,4D,False,SDC
2729,18,C0,8,4,1,38,38,False,55,55,False,Not activated
2730,18,C0,8,5,0,38,18,True,55,45,False,SDC
2731,18,C0,8,5,1,38,38,False,55,55,False,Not activated
2732,18,C0,8,6,0,38,38,False,55,55,False,Not activated
2733,18,C0,8,6,1,38,78,True,55,78,False,SDC
2734,18,C0,8,7,0,38,38,False,55,55,False,Not activated
2735,18,C0,8,7,1,38,B8,True,55,E2,False,SDC
2736,19,A0,0,0,0,09,08,True,ED,EE,False,SDC
2737,19,A0,0,0,1,09,09,False,ED,ED,False,Not activated
2738,19,A0,0,1,0,09,09,False,ED,ED,False,Not activated
2739,19,A0,0,1,1,09,0B,True,ED,EC,False,SDC
2740,19,A0,0,2,0,09,09,False,ED,ED,False,Not activated
2741,19,A0,0,2,1,09,0D,True,ED,EB,False,SDC
2742,19,A0,0,3,0,09,01,True,ED,F2,False,SDC
2743,19,A0,0,3,1,09,09,False,ED,ED,False,Not activated
2744,19,A0,0,4,0,09,09,False,ED,ED,False,Not activated
2745,19,A0,0,4,1,09,19,True,ED,E3,False,SDC
2746,19,A0,0,5,0,09,09,False,ED,ED,False,Not activated
2747,19,A0,0,5,1,09,29,True,ED,D9,False,SDC
2748,19,A0,0,6,0,09,09,False,ED,ED,False,Not activated
2749,19,A0,0,6,1,09,49,True,ED,C0,False,SDC
2750,19,A0,0,7,0,09,09,False,ED,ED,False,Not activated
2751,19,A0,0,7,1,09,89,True,ED,71,False,SDC
2752,19,A1,1,0,0,FD,FC,True,ED,EE,False,SDC
2753,19,A1,1,0,1,FD,FD,False,ED,ED,False,Not activated
2754,19,A1,1,1,0,FD,FD,False,ED,ED,False,Not activated
2755,19,A1,1,1,1,FD,FF,True,ED,EC,False,SDC
2756,19,A1,1,2,0,FD,F9,True,ED,F1,False,SDC
2757,19,A1,1,2,1,FD,FD,False,ED,ED,False,Not activated
2758,19,A1,1,3,0,FD,F5,True,ED,F4,False,SDC
2759,19,A1,1,3,1,FD,FD,False,ED,ED,False,Not activated
2760,19,A1,1,4,0,FD,ED,True,ED,FA,False,SDC
2761,19,A1,1,4,1,FD,FD,False,ED,ED,False,Not activated
2762,19,A1,1,5,0,FD,DD,True,ED,07,False,SDC
2763,19,A1,1,5,1,FD,FD,False,ED,ED,False,Not activated
2764,19,A1,1,6,0,FD,BD,True,ED,24,False,SDC
2765,19,A1,1,6,1,FD,FD,False,ED,ED,False,Not activated
2766,19,A1,1,7,0,FD,7D,True,ED,84,False,SDC
2767,19,A1,1,7,1,FD,FD,False,ED,ED,False,Not activated
2768,19,A2,2,0,0,24,24,False,ED,ED,False,Not activated
2769,19,A2,2,0,1,24,25,True,ED,ED,False,Masked
2770,19,A2,2,1,0,24,24,False,ED,ED,False,Not activated
2771,19,A2,2,1,1,24,26,True,ED,ED,False,Masked
2772,19,A2,2,2,0,24,20,True,ED,EE,False,SDC
2773,19,A2,2,2,1,24,24,False,ED,ED,False,Not activated
2774,19,A2,2,3,0,24,24,False,ED,ED,False,Not activated
2775,19,A2,2,3,1,24,2C,True,ED,EC,False,SDC
2776,19,A2,2,4,0,24,24,False,ED,ED,False,Not activated
2777,19,A2,2,4,1,24,34,True,ED,EB,False,SDC
2778,19,A2,2,5,0,24,04,True,ED,F1,False,SDC
2779,19,A2,2,5,1,24,24,False,ED,ED,False,Not activated
2780,19,A2,2,6,0,24,24,False,ED,ED,False,Not activated
2781,19,A2,2,6,1,24,64,True,ED,DC,False,SDC
2782,19,A2,2,7,0,24,24,False,ED,ED,False,Not activated
2783,19,A2,2,7,1,24,A4,True,ED,03,False,SDC
2784,19,A3,3,0,0,27,26,True,ED,ED,False,Masked
2785,19,A3,3,0,1,27,27,False,ED,ED,False,Not activated
2786,19,A3,3,1,0,27,25,True,ED,ED,False,Masked
2787,19,A3,3,1,1,27,27,False,ED,ED,False,Not activated
2788,19,A3,3,2,0,27,23,True,ED,EE,False,SDC
2789,19,A3,3,2,1,27,27,False,ED,ED,False,Not activated
2790,19,A3,3,3,0,27,27,False,ED,ED,False,Not activated
2791,19,A3,3,3,1,27,2F,True,ED,EC,False,SDC
2792,19,A3,3,4,0,27,27,False,ED,ED,False,Not activated
2793,19,A3,3,4,1,27,37,True,ED,EA,False,SDC
2794,19,A3,3,5,0,27,07,True,ED,F2,False,SDC
2795,19,A3,3,5,1,27,27,False,ED,ED,False,Not activated
2796,19,A3,3,6,0,27,27,False,ED,ED,False,Not activated
2797,19,A3,3,6,1,27,67,True,ED,D6,False,SDC
2798,19,A3,3,7,0,27,27,False,ED,ED,False,Not activated
2799,19,A3,3,7,1,27,A7,True,ED,05,False,SDC
2800,19,B0,4,0,0,D8,D8,False,ED,ED,False,Not activated
2801,19,B0,4,0,1,D8,D9,True,ED,EE,False,SDC
2802,19,B0,4,1,0,D8,D8,False,ED,ED,False,Not activated
2803,19,B0,4,1,1,D8,DA,True,ED,EE,False,SDC
2804,19,B0,4,2,0,D8,D8,False,ED,ED,False,Not activated
2805,19,B0,4,2,1,D8,DC,True,ED,EE,False,SDC
2806,19,B0,4,3,0,D8,D0,True,ED,EC,False,SDC
2807,19,B0,4,3,1,D8,D8,False,ED,ED,False,Not activated
2808,19,B0,4,4,0,D8,C8,True,ED,EB,False,SDC
2809,19,B0,4,4,1,D8,D8,False,ED,ED,False,Not activated
2810,19,B0,4,5,0,D8,D8,False,ED,ED,False,Not activated
2811,19,B0,4,5,1,D8,F8,True,ED,F2,False,SDC
2812,19,B0,4,6,0,D8,98,True,ED,D8,False,SDC
2813,19,B0,4,6,1,D8,D8,False,ED,ED,False,Not activated
2814,19,B0,4,7,0,D8,58,True,ED,03,False,SDC
2815,19,B0,4,7,1,D8,D8,False,ED,ED,False,Not activated
2816,19,B1,5,0,0,CC,CC,False,ED,ED,False,Not activated
2817,19,B1,5,0,1,CC,CD,True,ED,ED,False,Masked
2818,19,B1,5,1,0,CC,CC,False,ED,ED,False,Not activated
2819,19,B1,5,1,1,CC,CE,True,ED,ED,False,Masked
2820,19,B1,5,2,0,CC,C8,True,ED,EE,False,SDC
2821,19,B1,5,2,1,CC,CC,False,ED,ED,False,Not activated
2822,19,B1,5,3,0,CC,C4,True,ED,EE,False,SDC
2823,19,B1,5,3,1,CC,CC,False,ED,ED,False,Not activated
2824,19,B1,5,4,0,CC,CC,False,ED,ED,False,Not activated
2825,19,B1,5,4,1,CC,DC,True,ED,ED,False,Masked
2826,19,B1,5,5,0,CC,CC,False,ED,ED,False,Not activated
2827,19,B1,5,5,1,CC,EC,True,ED,EC,False,SDC
2828,19,B1,5,6,0,CC,8C,True,ED,FD,False,SDC
2829,19,B1,5,6,1,CC,CC,False,ED,ED,False,Not activated
2830,19,B1,5,7,0,CC,4C,True,ED,E7,False,SDC
2831,19,B1,5,7,1,CC,CC,False,ED,ED,False,Not activated
2832,19,B2,6,0,0,F7,F6,True,ED,EC,False,SDC
2833,19,B2,6,0,1,F7,F7,False,ED,ED,False,Not activated
2834,19,B2,6,1,0,F7,F5,True,ED,EC,False,SDC
2835,19,B2,6,1,1,F7,F7,False,ED,ED,False,Not activated
2836,19,B2,6,2,0,F7,F3,True,ED,EB,False,SDC
2837,19,B2,6,2,1,F7,F7,False,ED,ED,False,Not activated
2838,19,B2,6,3,0,F7,F7,False,ED,ED,False,Not activated
2839,19,B2,6,3,1,F7,FF,True,ED,F1,False,SDC
2840,19,B2,6,4,0,F7,E7,True,ED,E4,False,SDC
2841,19,B2,6,4,1,F7,F7,False,ED,ED,False,Not activated
2842,19,B2,6,5,0,F7,D7,True,ED,DB,False,SDC
2843,19,B2,6,5,1,F7,F7,False,ED,ED,False,Not activated
2844,19,B2,6,6,0,F7,B7,True,ED,C4,False,SDC
2845,19,B2,6,6,1,F7,F7,False,ED,ED,False,Not activated
2846,19,B2,6,7,0,F7,77,True,ED,6E,False,SDC
2847,19,B2,6,7,1,F7,F7,False,ED,ED,False,Not activated
2848,19,B3,7,0,0,F6,F6,False,ED,ED,False,Not activated
2849,19,B3,7,0,1,F6,F7,True,ED,EE,False,SDC
2850,19,B3,7,1,0,F6,F4,True,ED,EC,False,SDC
2851,19,B3,7,1,1,F6,F6,False,ED,ED,False,Not activated
2852,19,B3,7,2,0,F6,F2,True,ED,EA,False,SDC
2853,19,B3,7,2,1,F6,F6,False,ED,ED,False,Not activated
2854,19,B3,7,3,0,F6,F6,False,ED,ED,False,Not activated
2855,19,B3,7,3,1,F6,FE,True,ED,F2,False,SDC
2856,19,B3,7,4,0,F6,E6,True,ED,E3,False,SDC
2857,19,B3,7,4,1,F6,F6,False,ED,ED,False,Not activated
2858,19,B3,7,5,0,F6,D6,True,ED,D9,False,SDC
2859,19,B3,7,5,1,F6,F6,False,ED,ED,False,Not activated
2860,19,B3,7,6,0,F6,B6,True,ED,C0,False,SDC
2861,19,B3,7,6,1,F6,F6,False,ED,ED,False,Not activated
2862,19,B3,7,7,0,F6,76,True,ED,71,False,SDC
2863,19,B3,7,7,1,F6,F6,False,ED,ED,False,Not activated
2864,19,C0,8,0,0,FC,FC,False,ED,ED,False,Not activated
2865,19,C0,8,0,1,FC,FD,True,ED,EE,False,SDC
2866,19,C0,8,1,0,FC,FC,False,ED,ED,False,Not activated
2867,19,C0,8,1,1,FC,FE,True,ED,EF,False,SDC
2868,19,C0,8,2,0,FC,F8,True,ED,E9,False,SDC
2869,19,C0,8,2,1,FC,FC,False,ED,ED,False,Not activated
2870,19,C0,8,3,0,FC,F4,True,ED,E5,False,SDC
2871,19,C0,8,3,1,FC,FC,False,ED,ED,False,Not activated
2872,19,C0,8,4,0,FC,EC,True,ED,DD,False,SDC
2873,19,C0,8,4,1,FC,FC,False,ED,ED,False,Not activated
2874,19,C0,8,5,0,FC,DC,True,ED,CD,False,SDC
2875,19,C0,8,5,1,FC,FC,False,ED,ED,False,Not activated
2876,19,C0,8,6,0,FC,BC,True,ED,B4,False,SDC
2877,19,C0,8,6,1,FC,FC,False,ED,ED,False,Not activated
2878,19,C0,8,7,0,FC,7C,True,ED,7C,False,SDC
2879,19,C0,8,7,1,FC,FC,False,ED,ED,False,Not activated
2880,20,A0,0,0,0,1D,1C,True,14,14,False,Masked
2881,20,A0,0,0,1,1D,1D,False,14,14,False,Not activated
2882,20,A0,0,1,0,1D,1D,False,14,14,False,Not activated
2883,20,A0,0,1,1,1D,1F,True,14,13,False,SDC
2884,20,A0,0,2,0,1D,19,True,14,14,False,Masked
2885,20,A0,0,2,1,1D,1D,False,14,14,False,Not activated
2886,20,A0,0,3,0,1D,15,True,14,15,False,SDC
2887,20,A0,0,3,1,1D,1D,False,14,14,False,Not activated
2888,20,A0,0,4,0,1D,0D,True,14,17,False,SDC
2889,20,A0,0,4,1,1D,1D,False,14,14,False,Not activated
2890,20,A0,0,5,0,1D,1D,False,14,14,False,Not activated
2891,20,A0,0,5,1,1D,3D,True,14,0E,False,SDC
2892,20,A0,0,6,0,1D,1D,False,14,14,False,Not activated
2893,20,A0,0,6,1,1D,5D,True,14,02,False,SDC
2894,20,A0,0,7,0,1D,1D,False,14,14,False,Not activated
2895,20,A0,0,7,1,1D,9D,True,14,34,False,SDC
2896,20,A1,1,0,0,16,16,False,14,14,False,Not activated
2897,20,A1,1,0,1,16,17,True,14,13,False,SDC
2898,20,A1,1,1,0,16,14,True,14,14,False,Masked
2899,20,A1,1,1,1,16,16,False,14,14,False,Not activated
2900,20,A1,1,2,0,16,12,True,14,15,False,SDC
2901,20,A1,1,2,1,16,16,False,14,14,False,Not activated
2902,20,A1,1,3,0,16,16,False,14,14,False,Not activated
2903,20,A1,1,3,1,16,1E,True,14,11,False,SDC
2904,20,A1,1,4,0,16,06,True,14,18,False,SDC
2905,20,A1,1,4,1,16,16,False,14,14,False,Not activated
2906,20,A1,1,5,0,16,16,False,14,14,False,Not activated
2907,20,A1,1,5,1,16,36,True,14,09,False,SDC
2908,20,A1,1,6,0,16,16,False,14,14,False,Not activated
2909,20,A1,1,6,1,16,56,True,14,F8,False,SDC
2910,20,A1,1,7,0,16,16,False,14,14,False,Not activated
2911,20,A1,1,7,1,16,96,True,14,50,False,SDC
2912,20,A2,2,0,0,3E,3E,False,14,14,False,Not activated
2913,20,A2,2,0,1,3E,3F,True,14,14,False,Masked
2914,20,A2,2,1,0,3E,3C,True,14,10,False,SDC
2915,20,A2,2,1,1,3E,3E,False,14,14,False,Not activated
2916,20,A2,2,2,0,3E,3A,True,14,10,False,SDC
2917,20,A2,2,2,1,3E,3E,False,14,14,False,Not activated
2918,20,A2,2,3,0,3E,36,True,14,0C,False,SDC
2919,20,A2,2,3,1,3E,3E,False,14,14,False,Not activated
2920,20,A2,2,4,0,3E,2E,True,14,07,False,SDC
2921,20,A2,2,4,1,3E,3E,False,14,14,False,Not activated
2922,20,A2,2,5,0,3E,1E,True,14,FC,False,SDC
2923,20,A2,2,5,1,3E,3E,False,14,14,False,Not activated
2924,20,A2,2,6,0,3E,3E,False,14,14,False,Not activated
2925,20,A2,2,6,1,3E,7E,True,14,7D,False,SDC
2926,20,A2,2,7,0,3E,3E,False,14,14,False,Not activated
2927,20,A2,2,7,1,3E,BE,True,14,BA,False,SDC
2928,20,A3,3,0,0,CD,CC,True,14,14,False,Masked
2929,20,A3,3,0,1,CD,CD,False,14,14,False,Not activated
2930,20,A3,3,1,0,CD,CD,False,14,14,False,Not activated
2931,20,A3,3,1,1,CD,CF,True,14,10,False,SDC
2932,20,A3,3,2,0,CD,C9,True,14,14,False,Masked
2933,20,A3,3,2,1,CD,CD,False,14,14,False,Not activated
2934,20,A3,3,3,0,CD,C5,True,14,18,False,SDC
2935,20,A3,3,3,1,CD,CD,False,14,14,False,Not activated
2936,20,A3,3,4,0,CD,CD,False,14,14,False,Not activated
2937,20,A3,3,4,1,CD,DD,True,14,0B,False,SDC
2938,20,A3,3,5,0,CD,CD,False,14,14,False,Not activated
2939,20,A3,3,5,1,CD,ED,True,14,03,False,SDC
2940,20,A3,3,6,0,CD,8D,True,14,65,False,SDC
2941,20,A3,3,6,1,CD,CD,False,14,14,False,Not activated
2942,20,A3,3,7,0,CD,4D,True,14,CC,False,SDC
2943,20,A3,3,7,1,CD,CD,False,14,14,False,Not activated
2944,20,B0,4,0,0,F4,F4,False,14,14,False,Not activated
2945,20,B0,4,0,1,F4,F5,True,14,14,False,Masked
2946,20,B0,4,1,0,F4,F4,False,14,14,False,Not activated
2947,20,B0,4,1,1,F4,F6,True,14,14,False,Masked
2948,20,B0,4,2,0,F4,F0,True,14,12,False,SDC
2949,20,B0,4,2,1,F4,F4,False,14,14,False,Not activated
2950,20,B0,4,3,0,F4,F4,False,14,14,False,Not activated
2951,20,B0,4,3,1,F4,FC,True,14,17,False,SDC
2952,20,B0,4,4,0,F4,E4,True,14,0C,False,SDC
2953,20,B0,4,4,1,F4,F4,False,14,14,False,Not activated
2954,20,B0,4,5,0,F4,D4,True,14,05,False,SDC
2955,20,B0,4,5,1,F4,F4,False,14,14,False,Not activated
2956,20,B0,4,6,0,F4,B4,True,14,F1,False,SDC
2957,20,B0,4,6,1,F4,F4,False,14,14,False,Not activated
2958,20,B0,4,7,0,F4,74,True,14,69,False,SDC
2959,20,B0,4,7,1,F4,F4,False,14,14,False,Not activated
2960,20,B1,5,0,0,EB,EA,True,14,13,False,SDC
2961,20,B1,5,0,1,EB,EB,False,14,14,False,Not activated
2962,20,B1,5,1,0,EB,E9,True,14,13,False,SDC
2963,20,B1,5,1,1,EB,EB,False,14,14,False,Not activated
2964,20,B1,5,2,0,EB,EB,False,14,14,False,Not activated
2965,20,B1,5,2,1,EB,EF,True,14,15,False,SDC
2966,20,B1,5,3,0,EB,E3,True,14,11,False,SDC
2967,20,B1,5,3,1,EB,EB,False,14,14,False,Not activated
2968,20,B1,5,4,0,EB,EB,False,14,14,False,Not activated
2969,20,B1,5,4,1,EB,FB,True,14,18,False,SDC
2970,20,B1,5,5,0,EB,CB,True,14,09,False,SDC
2971,20,B1,5,5,1,EB,EB,False,14,14,False,Not activated
2972,20,B1,5,6,0,EB,AB,True,14,F7,False,SDC
2973,20,B1,5,6,1,EB,EB,False,14,14,False,Not activated
2974,20,B1,5,7,0,EB,6B,True,14,54,False,SDC
2975,20,B1,5,7,1,EB,EB,False,14,14,False,Not activated
2976,20,B2,6,0,0,2E,2E,False,14,14,False,Not activated
2977,20,B2,6,0,1,2E,2F,True,14,14,False,Masked
2978,20,B2,6,1,0,2E,2C,True,14,10,False,SDC
2979,20,B2,6,1,1,2E,2E,False,14,14,False,Not activated
2980,20,B2,6,2,0,2E,2A,True,14,10,False,SDC
2981,20,B2,6,2,1,2E,2E,False,14,14,False,Not activated
2982,20,B2,6,3,0,2E,26,True,14,0B,False,SDC
2983,20,B2,6,3,1,2E,2E,False,14,14,False,Not activated
2984,20,B2,6,4,0,2E,2E,False,14,14,False,Not activated
2985,20,B2,6,4,1,2E,3E,True,14,22,False,SDC
2986,20,B2,6,5,0,2E,0E,True,14,F4,False,SDC
2987,20,B2,6,5,1,2E,2E,False,14,14,False,Not activated
2988,20,B2,6,6,0,2E,2E,False,14,14,False,Not activated
2989,20,B2,6,6,1,2E,6E,True,14,69,False,SDC
2990,20,B2,6,7,0,2E,2E,False,14,14,False,Not activated
2991,20,B2,6,7,1,2E,AE,True,14,A3,False,SDC
2992,20,B3,7,0,0,E0,E0,False,14,14,False,Not activated
2993,20,B3,7,0,1,E0,E1,True,14,12,False,SDC
2994,20,B3,7,1,0,E0,E0,False,14,14,False,Not activated
2995,20,B3,7,1,1,E0,E2,True,14,10,False,SDC
2996,20,B3,7,2,0,E0,E0,False,14,14,False,Not activated
2997,20,B3,7,2,1,E0,E4,True,14,10,False,SDC
2998,20,B3,7,3,0,E0,E0,False,14,14,False,Not activated
2999,20,B3,7,3,1,E0,E8,True,14,0C,False,SDC
3000,20,B3,7,4,0,E0,E0,False,14,14,False,Not activated
3001,20,B3,7,4,1,E0,F0,True,14,06,False,SDC
3002,20,B3,7,5,0,E0,C0,True,14,2C,False,SDC
3003,20,B3,7,5,1,E0,E0,False,14,14,False,Not activated
3004,20,B3,7,6,0,E0,A0,True,14,4C,False,SDC
3005,20,B3,7,6,1,E0,E0,False,14,14,False,Not activated
3006,20,B3,7,7,0,E0,60,True,14,AA,False,SDC
3007,20,B3,7,7,1,E0,E0,False,14,14,False,Not activated
3008,20,C0,8,0,0,D8,D8,False,14,14,False,Not activated
3009,20,C0,8,0,1,D8,D9,True,14,15,False,SDC
3010,20,C0,8,1,0,D8,D8,False,14,14,False,Not activated
3011,20,C0,8,1,1,D8,DA,True,14,16,False,SDC
3012,20,C0,8,2,0,D8,D8,False,14,14,False,Not activated
3013,20,C0,8,2,1,D8,DC,True,14,18,False,SDC
3014,20,C0,8,3,0,D8,D0,True,14,0C,False,SDC
3015,20,C0,8,3,1,D8,D8,False,14,14,False,Not activated
3016,20,C0,8,4,0,D8,C8,True,14,04,False,SDC
3017,20,C0,8,4,1,D8,D8,False,14,14,False,Not activated
3018,20,C0,8,5,0,D8,D8,False,14,14,False,Not activated
3019,20,C0,8,5,1,D8,F8,True,14,34,False,SDC
3020,20,C0,8,6,0,D8,98,True,14,A0,False,SDC
3021,20,C0,8,6,1,D8,D8,False,14,14,False,Not activated
3022,20,C0,8,7,0,D8,58,True,14,66,False,SDC
3023,20,C0,8,7,1,D8,D8,False,14,14,False,Not activated
3024,21,A0,0,0,0,F9,F8,True,B5,B4,False,SDC
3025,21,A0,0,0,1,F9,F9,False,B5,B5,False,Not activated
3026,21,A0,0,1,0,F9,F9,False,B5,B5,False,Not activated
3027,21,A0,0,1,1,F9,FB,True,B5,B6,False,SDC
3028,21,A0,0,2,0,F9,F9,False,B5,B5,False,Not activated
3029,21,A0,0,2,1,F9,FD,True,B5,B6,False,SDC
3030,21,A0,0,3,0,F9,F1,True,B5,B2,False,SDC
3031,21,A0,0,3,1,F9,F9,False,B5,B5,False,Not activated
3032,21,A0,0,4,0,F9,E9,True,B5,AE,False,SDC
3033,21,A0,0,4,1,F9,F9,False,B5,B5,False,Not activated
3034,21,A0,0,5,0,F9,D9,True,B5,A8,False,SDC
3035,21,A0,0,5,1,F9,F9,False,B5,B5,False,Not activated
3036,21,A0,0,6,0,F9,B9,True,B5,9E,False,SDC
3037,21,A0,0,6,1,F9,F9,False,B5,B5,False,Not activated
3038,21,A0,0,7,0,F9,79,True,B5,75,False,SDC
3039,21,A0,0,7,1,F9,F9,False,B5,B5,False,Not activated
3040,21,A1,1,0,0,F6,F6,False,B5,B5,False,Not activated
3041,21,A1,1,0,1,F6,F7,True,B5,B5,False,Masked
3042,21,A1,1,1,0,F6,F4,True,B5,B5,False,Masked
3043,21,A1,1,1,1,F6,F6,False,B5,B5,False,Not activated
3044,21,A1,1,2,0,F6,F2,True,B5,B6,False,SDC
3045,21,A1,1,2,1,F6,F6,False,B5,B5,False,Not activated
3046,21,A1,1,3,0,F6,F6,False,B5,B5,False,Not activated
3047,21,A1,1,3,1,F6,FE,True,B5,B5,False,Masked
3048,21,A1,1,4,0,F6,E6,True,B5,B6,False,SDC
3049,21,A1,1,4,1,F6,F6,False,B5,B5,False,Not activated
3050,21,A1,1,5,0,F6,D6,True,B5,B7,False,SDC
3051,21,A1,1,5,1,F6,F6,False,B5,B5,False,Not activated
3052,21,A1,1,6,0,F6,B6,True,B5,B9,False,SDC
3053,21,A1,1,6,1,F6,F6,False,B5,B5,False,Not activated
3054,21,A1,1,7,0,F6,76,True,B5,9F,False,SDC
3055,21,A1,1,7,1,F6,F6,False,B5,B5,False,Not activated
3056,21,A2,2,0,0,E4,E4,False,B5,B5,False,Not activated
3057,21,A2,2,0,1,E4,E5,True,B5,B6,False,SDC
3058,21,A2,2,1,0,E4,E4,False,B5,B5,False,Not activated
3059,21,A2,2,1,1,E4,E6,True,B5,B6,False,SDC
3060,21,A2,2,2,0,E4,E0,True,B5,B4,False,SDC
3061,21,A2,2,2,1,E4,E4,False,B5,B5,False,Not activated
3062,21,A2,2,3,0,E4,E4,False,B5,B5,False,Not activated
3063,21,A2,2,3,1,E4,EC,True,B5,B8,False,SDC
3064,21,A2,2,4,0,E4,E4,False,B5,B5,False,Not activated
3065,21,A2,2,4,1,E4,F4,True,B5,BA,False,SDC
3066,21,A2,2,5,0,E4,C4,True,B5,AA,False,SDC
3067,21,A2,2,5,1,E4,E4,False,B5,B5,False,Not activated
3068,21,A2,2,6,0,E4,A4,True,B5,9D,False,SDC
3069,21,A2,2,6,1,E4,E4,False,B5,B5,False,Not activated
3070,21,A2,2,7,0,E4,64,True,B5,32,False,SDC
3071,21,A2,2,7,1,E4,E4,False,B5,B5,False,Not activated
3072,21,A3,3,0,0,E0,E0,False,B5,B5,False,Not activated
3073,21,A3,3,0,1,E0,E1,True,B5,B5,False,Masked
3074,21,A3,3,1,0,E0,E0,False,B5,B5,False,Not activated
3075,21,A3,3,1,1,E0,E2,True,B5,B5,False,Masked
3076,21,A3,3,2,0,E0,E0,False,B5,B5,False,Not activated
3077,21,A3,3,2,1,E0,E4,True,B5,B5,False,Masked
3078,21,A3,3,3,0,E0,E0,False,B5,B5,False,Not activated
3079,21,A3,3,3,1,E0,E8,True,B5,B6,False,SDC
3080,21,A3,3,4,0,E0,E0,False,B5,B5,False,Not activated
3081,21,A3,3,4,1,E0,F0,True,B5,B6,False,SDC
3082,21,A3,3,5,0,E0,C0,True,B5,B4,False,SDC
3083,21,A3,3,5,1,E0,E0,False,B5,B5,False,Not activated
3084,21,A3,3,6,0,E0,A0,True,B5,B0,False,SDC
3085,21,A3,3,6,1,E0,E0,False,B5,B5,False,Not activated
3086,21,A3,3,7,0,E0,60,True,B5,BC,False,SDC
3087,21,A3,3,7,1,E0,E0,False,B5,B5,False,Not activated
3088,21,B0,4,0,0,36,36,False,B5,B5,False,Not activated
3089,21,B0,4,0,1,36,37,True,B5,B5,False,Masked
3090,21,B0,4,1,0,36,34,True,B5,B5,False,Masked
3091,21,B0,4,1,1,36,36,False,B5,B5,False,Not activated
3092,21,B0,4,2,0,36,32,True,B5,B6,False,SDC
3093,21,B0,4,2,1,36,36,False,B5,B5,False,Not activated
3094,21,B0,4,3,0,36,36,False,B5,B5,False,Not activated
3095,21,B0,4,3,1,36,3E,True,B5,B4,False,SDC
3096,21,B0,4,4,0,36,26,True,B5,B6,False,SDC
3097,21,B0,4,4,1,36,36,False,B5,B5,False,Not activated
3098,21,B0,4,5,0,36,16,True,B5,B7,False,SDC
3099,21,B0,4,5,1,36,36,False,B5,B5,False,Not activated
3100,21,B0,4,6,0,36,36,False,B5,B5,False,Not activated
3101,21,B0,4,6,1,36,76,True,B5,A0,False,SDC
3102,21,B0,4,7,0,36,36,False,B5,B5,False,Not activated
3103,21,B0,4,7,1,36,B6,True,B5,BC,False,SDC
3104,21,B1,5,0,0,F9,F8,True,B5,B5,False,Masked
3105,21,B1,5,0,1,F9,F9,False,B5,B5,False,Not activated
3106,21,B1,5,1,0,F9,F9,False,B5,B5,False,Not activated
3107,21,B1,5,1,1,F9,FB,True,B5,B5,False,Masked
3108,21,B1,5,2,0,F9,F9,False,B5,B5,False,Not activated
3109,21,B1,5,2,1,F9,FD,True,B5,B5,False,Masked
3110,21,B1,5,3,0,F9,F1,True,B5,B6,False,SDC
3111,21,B1,5,3,1,F9,F9,False,B5,B5,False,Not activated
3112,21,B1,5,4,0,F9,E9,True,B5,B6,False,SDC
3113,21,B1,5,4,1,F9,F9,False,B5,B5,False,Not activated
3114,21,B1,5,5,0,F9,D9,True,B5,B8,False,SDC
3115,21,B1,5,5,1,F9,F9,False,B5,B5,False,Not activated
3116,21,B1,5,6,0,F9,B9,True,B5,BA,False,SDC
3117,21,B1,5,6,1,F9,F9,False,B5,B5,False,Not activated
3118,21,B1,5,7,0,F9,79,True,B5,99,False,SDC
3119,21,B1,5,7,1,F9,F9,False,B5,B5,False,Not activated
3120,21,B2,6,0,0,2E,2E,False,B5,B5,False,Not activated
3121,21,B2,6,0,1,2E,2F,True,B5,B4,False,SDC
3122,21,B2,6,1,0,2E,2C,True,B5,B6,False,SDC
3123,21,B2,6,1,1,2E,2E,False,B5,B5,False,Not activated
3124,21,B2,6,2,0,2E,2A,True,B5,B6,False,SDC
3125,21,B2,6,2,1,2E,2E,False,B5,B5,False,Not activated
3126,21,B2,6,3,0,2E,26,True,B5,B6,False,SDC
3127,21,B2,6,3,1,2E,2E,False,B5,B5,False,Not activated
3128,21,B2,6,4,0,2E,2E,False,B5,B5,False,Not activated
3129,21,B2,6,4,1,2E,3E,True,B5,B2,False,SDC
3130,21,B2,6,5,0,2E,0E,True,B5,BC,False,SDC
3131,21,B2,6,5,1,2E,2E,False,B5,B5,False,Not activated
3132,21,B2,6,6,0,2E,2E,False,B5,B5,False,Not activated
3133,21,B2,6,6,1,2E,6E,True,B5,9B,False,SDC
3134,21,B2,6,7,0,2E,2E,False,B5,B5,False,Not activated
3135,21,B2,6,7,1,2E,AE,True,B5,EA,False,SDC
3136,21,B3,7,0,0,06,06,False,B5,B5,False,Not activated
3137,21,B3,7,0,1,06,07,True,B5,B4,False,SDC
3138,21,B3,7,1,0,06,04,True,B5,B6,False,SDC
3139,21,B3,7,1,1,06,06,False,B5,B5,False,Not activated
3140,21,B3,7,2,0,06,02,True,B5,B6,False,SDC
3141,21,B3,7,2,1,06,06,False,B5,B5,False,Not activated
3142,21,B3,7,3,0,06,06,False,B5,B5,False,Not activated
3143,21,B3,7,3,1,06,0E,True,B5,B3,False,SDC
3144,21,B3,7,4,0,06,06,False,B5,B5,False,Not activated
3145,21,B3,7,4,1,06,16,True,B5,B1,False,SDC
3146,21,B3,7,5,0,06,06,False,B5,B5,False,Not activated
3147,21,B3,7,5,1,06,26,True,B5,AD,False,SDC
3148,21,B3,7,6,0,06,06,False,B5,B5,False,Not activated
3149,21,B3,7,6,1,06,46,True,B5,A4,False,SDC
3150,21,B3,7,7,0,06,06,False,B5,B5,False,Not activated
3151,21,B3,7,7,1,06,86,True,B5,71,False,SDC
3152,21,C0,8,0,0,C6,C6,False,B5,B5,False,Not activated
3153,21,C0,8,0,1,C6,C7,True,B5,B6,False,SDC
3154,21,C0,8,1,0,C6,C4,True,B5,B4,False,SDC
3155,21,C0,8,1,1,C6,C6,False,B5,B5,False,Not activated
3156,21,C0,8,2,0,C6,C2,True,B5,B3,False,SDC
3157,21,C0,8,2,1,C6,C6,False,B5,B5,False,Not activated
3158,21,C0,8,3,0,C6,C6,False,B5,B5,False,Not activated
3159,21,C0,8,3,1,C6,CE,True,B5,B9,False,SDC
3160,21,C0,8,4,0,C6,C6,False,B5,B5,False,Not activated
3161,21,C0,8,4,1,C6,D6,True,B5,BD,False,SDC
3162,21,C0,8,5,0,C6,C6,False,B5,B5,False,Not activated
3163,21,C0,8,5,1,C6,E6,True,B5,CA,False,SDC
3164,21,C0,8,6,0,C6,86,True,B5,86,False,SDC
3165,21,C0,8,6,1,C6,C6,False,B5,B5,False,Not activated
3166,21,C0,8,7,0,C6,46,True,B5,30,False,SDC
3167,21,C0,8,7,1,C6,C6,False,B5,B5,False,Not activated
3168,22,A0,0,0,0,40,40,False,E1,E1,False,Not activated
3169,22,A0,0,0,1,40,41,True,E1,E2,False,SDC
3170,22,A0,0,1,0,40,40,False,E1,E1,False,Not activated
3171,22,A0,0,1,1,40,42,True,E1,E4,False,SDC
3172,22,A0,0,2,0,40,40,False,E1,E1,False,Not activated
3173,22,A0,0,2,1,40,44,True,E1,E7,False,SDC
3174,22,A0,0,3,0,40,40,False,E1,E1,False,Not activated
3175,22,A0,0,3,1,40,48,True,E1,EC,False,SDC
3176,22,A0,0,4,0,40,40,False,E1,E1,False,Not activated
3177,22,A0,0,4,1,40,50,True,E1,F8,False,SDC
3178,22,A0,0,5,0,40,40,False,E1,E1,False,Not activated
3179,22,A0,0,5,1,40,60,True,E1,0E,False,SDC
3180,22,A0,0,6,0,40,00,True,E1,BA,False,SDC
3181,22,A0,0,6,1,40,40,False,E1,E1,False,Not activated
3182,22,A0,0,7,0,40,40,False,E1,E1,False,Not activated
3183,22,A0,0,7,1,40,C0,True,E1,A4,False,SDC
3184,22,A1,1,0,0,2B,2A,True,E1,E2,False,SDC
3185,22,A1,1,0,1,2B,2B,False,E1,E1,False,Not activated
3186,22,A1,1,1,0,2B,29,True,E1,E2,False,SDC
3187,22,A1,1,1,1,2B,2B,False,E1,E1,False,Not activated
3188,22,A1,1,2,0,2B,2B,False,E1,E1,False,Not activated
3189,22,A1,1,2,1,2B,2F,True,E1,DE,False,SDC
3190,22,A1,1,3,0,2B,23,True,E1,E6,False,SDC
3191,22,A1,1,3,1,2B,2B,False,E1,E1,False,Not activated
3192,22,A1,1,4,0,2B,2B,False,E1,E1,False,Not activated
3193,22,A1,1,4,1,2B,3B,True,E1,D6,False,SDC
3194,22,A1,1,5,0,2B,0B,True,E1,F7,False,SDC
3195,22,A1,1,5,1,2B,2B,False,E1,E1,False,Not activated
3196,22,A1,1,6,0,2B,2B,False,E1,E1,False,Not activated
3197,22,A1,1,6,1,2B,6B,True,E1,9D,False,SDC
3198,22,A1,1,7,0,2B,2B,False,E1,E1,False,Not activated
3199,22,A1,1,7,1,2B,AB,True,E1,42,False,SDC
3200,22,A2,2,0,0,3C,3C,False,E1,E1,False,Not activated
3201,22,A2,2,0,1,3C,3D,True,E1,E1,False,Masked
3202,22,A2,2,1,0,3C,3C,False,E1,E1,False,Not activated
3203,22,A2,2,1,1,3C,3E,True,E1,E1,False,Masked
3204,22,A2,2,2,0,3C,38,True,E1,E1,False,Masked
3205,22,A2,2,2,1,3C,3C,False,E1,E1,False,Not activated
3206,22,A2,2,3,0,3C,34,True,E1,E1,False,Masked
3207,22,A2,2,3,1,3C,3C,False,E1,E1,False,Not activated
3208,22,A2,2,4,0,3C,2C,True,E1,E2,False,SDC
3209,22,A2,2,4,1,3C,3C,False,E1,E1,False,Not activated
3210,22,A2,2,5,0,3C,1C,True,E1,E2,False,SDC
3211,22,A2,2,5,1,3C,3C,False,E1,E1,False,Not activated
3212,22,A2,2,6,0,3C,3C,False,E1,E1,False,Not activated
3213,22,A2,2,6,1,3C,7C,True,E1,C3,False,SDC
3214,22,A2,2,7,0,3C,3C,False,E1,E1,False,Not activated
3215,22,A2,2,7,1,3C,BC,True,E1,E5,False,SDC
3216,22,A3,3,0,0,37,36,True,E1,E2,False,SDC
3217,22,A3,3,0,1,37,37,False,E1,E1,False,Not activated
3218,22,A3,3,1,0,37,35,True,E1,E2,False,SDC
3219,22,A3,3,1,1,37,37,False,E1,E1,False,Not activated
3220,22,A3,3,2,0,37,33,True,E1,E4,False,SDC
3221,22,A3,3,2,1,37,37,False,E1,E1,False,Not activated
3222,22,A3,3,3,0,37,37,False,E1,E1,False,Not activated
3223,22,A3,3,3,1,37,3F,True,E1,DD,False,SDC
3224,22,A3,3,4,0,37,27,True,E1,EA,False,SDC
3225,22,A3,3,4,1,37,37,False,E1,E1,False,Not activated
3226,22,A3,3,5,0,37,17,True,E1,F4,False,SDC
3227,22,A3,3,5,1,37,37,False,E1,E1,False,Not activated
3228,22,A3,3,6,0,37,37,False,E1,E1,False,Not activated
3229,22,A3,3,6,1,37,77,True,E1,90,False,SDC
3230,22,A3,3,7,0,37,37,False,E1,E1,False,Not activated
3231,22,A3,3,7,1,37,B7,True,E1,30,False,SDC
3232,22,B0,4,0,0,2D,2C,True,E1,E0,False,SDC
3233,22,B0,4,0,1,2D,2D,False,E1,E1,False,Not activated
3234,22,B0,4,1,0,2D,2D,False,E1,E1,False,Not activated
3235,22,B0,4,1,1,2D,2F,True,E1,E3,False,SDC
3236,22,B0,4,2,0,2D,29,True,E1,DD,False,SDC
3237,22,B0,4,2,1,2D,2D,False,E1,E1,False,Not activated
3238,22,B0,4,3,0,2D,25,True,E1,D9,False,SDC
3239,22,B0,4,3,1,2D,2D,False,E1,E1,False,Not activated
3240,22,B0,4,4,0,2D,2D,False,E1,E1,False,Not activated
3241,22,B0,4,4,1,2D,3D,True,E1,F1,False,SDC
3242,22,B0,4,5,0,2D,0D,True,E1,C1,False,SDC
3243,22,B0,4,5,1,2D,2D,False,E1,E1,False,Not activated
3244,22,B0,4,6,0,2D,2D,False,E1,E1,False,Not activated
3245,22,B0,4,6,1,2D,6D,True,E1,63,False,SDC
3246,22,B0,4,7,0,2D,2D,False,E1,E1,False,Not activated
3247,22,B0,4,7,1,2D,AD,True,E1,9A,False,SDC
3248,22,B1,5,0,0,D5,D4,True,E1,E0,False,SDC
3249,22,B1,5,0,1,D5,D5,False,E1,E1,False,Not activated
3250,22,B1,5,1,0,D5,D5,False,E1,E1,False,Not activated
3251,22,B1,5,1,1,D5,D7,True,E1,E2,False,SDC
3252,22,B1,5,2,0,D5,D1,True,E1,DE,False,SDC
3253,22,B1,5,2,1,D5,D5,False,E1,E1,False,Not activated
3254,22,B1,5,3,0,D5,D5,False,E1,E1,False,Not activated
3255,22,B1,5,3,1,D5,DD,True,E1,E6,False,SDC
3256,22,B1,5,4,0,D5,C5,True,E1,D6,False,SDC
3257,22,B1,5,4,1,D5,D5,False,E1,E1,False,Not activated
3258,22,B1,5,5,0,D5,D5,False,E1,E1,False,Not activated
3259,22,B1,5,5,1,D5,F5,True,E1,F7,False,SDC
3260,22,B1,5,6,0,D5,95,True,E1,9D,False,SDC
3261,22,B1,5,6,1,D5,D5,False,E1,E1,False,Not activated
3262,22,B1,5,7,0,D5,55,True,E1,42,False,SDC
3263,22,B1,5,7,1,D5,D5,False,E1,E1,False,Not activated
3264,22,B2,6,0,0,FE,FE,False,E1,E1,False,Not activated
3265,22,B2,6,0,1,FE,FF,True,E1,E2,False,SDC
3266,22,B2,6,1,0,FE,FC,True,E1,DF,False,SDC
3267,22,B2,6,1,1,FE,FE,False,E1,E1,False,Not activated
3268,22,B2,6,2,0,FE,FA,True,E1,DD,False,SDC
3269,22,B2,6,2,1,FE,FE,False,E1,E1,False,Not activated
3270,22,B2,6,3,0,FE,F6,True,E1,DA,False,SDC
3271,22,B2,6,3,1,FE,FE,False,E1,E1,False,Not activated
3272,22,B2,6,4,0,FE,EE,True,E1,D2,False,SDC
3273,22,B2,6,4,1,FE,FE,False,E1,E1,False,Not activated
3274,22,B2,6,5,0,FE,DE,True,E1,C3,False,SDC
3275,22,B2,6,5,1,FE,FE,False,E1,E1,False,Not activated
3276,22,B2,6,6,0,FE,BE,True,E1,B2,False,SDC
3277,22,B2,6,6,1,FE,FE,False,E1,E1,False,Not activated
3278,22,B2,6,7,0,FE,7E,True,E1,7E,False,SDC
3279,22,B2,6,7,1,FE,FE,False,E1,E1,False,Not activated
3280,22,B3,7,0,0,DB,DA,True,E1,E0,False,SDC
3281,22,B3,7,0,1,DB,DB,False,E1,E1,False,Not activated
3282,22,B3,7,1,0,DB,D9,True,E1,DF,False,SDC
3283,22,B3,7,1,1,DB,DB,False,E1,E1,False,Not activated
3284,22,B3,7,2,0,DB,DB,False,E1,E1,False,Not activated
3285,22,B3,7,2,1,DB,DF,True,E1,E5,False,SDC
3286,22,B3,7,3,0,DB,D3,True,E1,DA,False,SDC
3287,22,B3,7,3,1,DB,DB,False,E1,E1,False,Not activated
3288,22,B3,7,4,0,DB,CB,True,E1,D3,False,SDC
3289,22,B3,7,4,1,DB,DB,False,E1,E1,False,Not activated
3290,22,B3,7,5,0,DB,DB,False,E1,E1,False,Not activated
3291,22,B3,7,5,1,DB,FB,True,E1,FD,False,SDC
3292,22,B3,7,6,0,DB,9B,True,E1,9E,False,SDC
3293,22,B3,7,6,1,DB,DB,False,E1,E1,False,Not activated
3294,22,B3,7,7,0,DB,5B,True,E1,54,False,SDC
3295,22,B3,7,7,1,DB,DB,False,E1,E1,False,Not activated
3296,22,C0,8,0,0,F3,F2,True,E1,E0,False,SDC
3297,22,C0,8,0,1,F3,F3,False,E1,E1,False,Not activated
3298,22,C0,8,1,0,F3,F1,True,E1,DF,False,SDC
3299,22,C0,8,1,1,F3,F3,False,E1,E1,False,Not activated
3300,22,C0,8,2,0,F3,F3,False,E1,E1,False,Not activated
3301,22,C0,8,2,1,F3,F7,True,E1,E5,False,SDC
3302,22,C0,8,3,0,F3,F3,False,E1,E1,False,Not activated
3303,22,C0,8,3,1,F3,FB,True,E1,E9,False,SDC
3304,22,C0,8,4,0,F3,E3,True,E1,D1,False,SDC
3305,22,C0,8,4,1,F3,F3,False,E1,E1,False,Not activated
3306,22,C0,8,5,0,F3,D3,True,E1,C1,False,SDC
3307,22,C0,8,5,1,F3,F3,False,E1,E1,False,Not activated
3308,22,C0,8,6,0,F3,B3,True,E1,AA,False,SDC
3309,22,C0,8,6,1,F3,F3,False,E1,E1,False,Not activated
3310,22,C0,8,7,0,F3,73,True,E1,72,False,SDC
3311,22,C0,8,7,1,F3,F3,False,E1,E1,False,Not activated
3312,23,A0,0,0,0,C8,C8,False,FB,FB,False,Not activated
3313,23,A0,0,0,1,C8,C9,True,FB,FB,False,Masked
3314,23,A0,0,1,0,C8,C8,False,FB,FB,False,Not activated
3315,23,A0,0,1,1,C8,CA,True,FB,FB,False,Masked
3316,23,A0,0,2,0,C8,C8,False,FB,FB,False,Not activated
3317,23,A0,0,2,1,C8,CC,True,FB,FD,False,SDC
3318,23,A0,0,3,0,C8,C0,True,FB,F7,False,SDC
3319,23,A0,0,3,1,C8,C8,False,FB,FB,False,Not activated
3320,23,A0,0,4,0,C8,C8,False,FB,FB,False,Not activated
3321,23,A0,0,4,1,C8,D8,True,FB,04,False,SDC
3322,23,A0,0,5,0,C8,C8,False,FB,FB,False,Not activated
3323,23,A0,0,5,1,C8,E8,True,FB,0C,False,SDC
3324,23,A0,0,6,0,C8,88,True,FB,90,False,SDC
3325,23,A0,0,6,1,C8,C8,False,FB,FB,False,Not activated
3326,23,A0,0,7,0,C8,48,True,FB,44,False,SDC
3327,23,A0,0,7,1,C8,C8,False,FB,FB,False,Not activated
3328,23,A1,1,0,0,F1,F0,True,FB,FB,False,Masked
3329,23,A1,1,0,1,F1,F1,False,FB,FB,False,Not activated
3330,23,A1,1,1,0,F1,F1,False,FB,FB,False,Not activated
3331,23,A1,1,1,1,F1,F3,True,FB,FB,False,Masked
3332,23,A1,1,2,0,F1,F1,False,FB,FB,False,Not activated
3333,23,A1,1,2,1,F1,F5,True,FB,FB,False,Masked
3334,23,A1,1,3,0,F1,F1,False,FB,FB,False,Not activated
3335,23,A1,1,3,1,F1,F9,True,FB,FB,False,Masked
3336,23,A1,1,4,0,F1,E1,True,FB,FB,False,Masked
3337,23,A1,1,4,1,F1,F1,False,FB,FB,False,Not activated
3338,23,A1,1,5,0,F1,D1,True,FB,FD,False,SDC
3339,23,A1,1,5,1,F1,F1,False,FB,FB,False,Not activated
3340,23,A1,1,6,0,F1,B1,True,FB,02,False,SDC
3341,23,A1,1,6,1,F1,F1,False,FB,FB,False,Not activated
3342,23,A1,1,7,0,F1,71,True,FB,DF,False,SDC
3343,23,A1,1,7,1,F1,F1,False,FB,FB,False,Not activated
3344,23,A2,2,0,0,3E,3E,False,FB,FB,False,Not activated
3345,23,A2,2,0,1,3E,3F,True,FB,FB,False,Masked
3346,23,A2,2,1,0,3E,3C,True,FB,FB,False,Masked
3347,23,A2,2,1,1,3E,3E,False,FB,FB,False,Not activated
3348,23,A2,2,2,0,3E,3A,True,FB,FB,False,Masked
3349,23,A2,2,2,1,3E,3E,False,FB,FB,False,Not activated
3350,23,A2,2,3,0,3E,36,True,FB,FB,False,Masked
3351,23,A2,2,3,1,3E,3E,False,FB,FB,False,Not activated
3352,23,A2,2,4,0,3E,2E,True,FB,FD,False,SDC
3353,23,A2,2,4,1,3E,3E,False,FB,FB,False,Not activated
3354,23,A2,2,5,0,3E,1E,True,FB,FF,False,SDC
3355,23,A2,2,5,1,3E,3E,False,FB,FB,False,Not activated
3356,23,A2,2,6,0,3E,3E,False,FB,FB,False,Not activated
3357,23,A2,2,6,1,3E,7E,True,FB,8E,False,SDC
3358,23,A2,2,7,0,3E,3E,False,FB,FB,False,Not activated
3359,23,A2,2,7,1,3E,BE,True,FB,0F,False,SDC
3360,23,A3,3,0,0,E2,E2,False,FB,FB,False,Not activated
3361,23,A3,3,0,1,E2,E3,True,FB,FB,False,Masked
3362,23,A3,3,1,0,E2,E0,True,FB,F7,False,SDC
3363,23,A3,3,1,1,E2,E2,False,FB,FB,False,Not activated
3364,23,A3,3,2,0,E2,E2,False,FB,FB,False,Not activated
3365,23,A3,3,2,1,E2,E6,True,FB,FF,False,SDC
3366,23,A3,3,3,0,E2,E2,False,FB,FB,False,Not activated
3367,23,A3,3,3,1,E2,EA,True,FB,02,False,SDC
3368,23,A3,3,4,0,E2,E2,False,FB,FB,False,Not activated
3369,23,A3,3,4,1,E2,F2,True,FB,09,False,SDC
3370,23,A3,3,5,0,E2,C2,True,FB,DB,False,SDC
3371,23,A3,3,5,1,E2,E2,False,FB,FB,False,Not activated
3372,23,A3,3,6,0,E2,A2,True,FB,B4,False,SDC
3373,23,A3,3,6,1,E2,E2,False,FB,FB,False,Not activated
3374,23,A3,3,7,0,E2,62,True,FB,64,False,SDC
3375,23,A3,3,7,1,E2,E2,False,FB,FB,False,Not activated
3376,23,B0,4,0,0,24,24,False,FB,FB,False,Not activated
3377,23,B0,4,0,1,24,25,True,FB,FB,False,Masked
3378,23,B0,4,1,0,24,24,False,FB,FB,False,Not activated
3379,23,B0,4,1,1,24,26,True,FB,F9,False,SDC
3380,23,B0,4,2,0,24,20,True,FB,FF,False,SDC
3381,23,B0,4,2,1,24,24,False,FB,FB,False,Not activated
3382,23,B0,4,3,0,24,24,False,FB,FB,False,Not activated
3383,23,B0,4,3,1,24,2C,True,FB,F3,False,SDC
3384,23,B0,4,4,0,24,24,False,FB,FB,False,Not activated
3385,23,B0,4,4,1,24,34,True,FB,EB,False,SDC
3386,23,B0,4,5,0,24,04,True,FB,16,False,SDC
3387,23,B0,4,5,1,24,24,False,FB,FB,False,Not activated
3388,23,B0,4,6,0,24,24,False,FB,FB,False,Not activated
3389,23,B0,4,6,1,24,64,True,FB,A4,False,SDC
3390,23,B0,4,7,0,24,24,False,FB,FB,False,Not activated
3391,23,B0,4,7,1,24,A4,True,FB,60,False,SDC
3392,23,B1,5,0,0,FA,FA,False,FB,FB,False,Not activated
3393,23,B1,5,0,1,FA,FB,True,FB,FB,False,Masked
3394,23,B1,5,1,0,FA,F8,True,FB,FB,False,Masked
3395,23,B1,5,1,1,FA,FA,False,FB,FB,False,Not activated
3396,23,B1,5,2,0,FA,FA,False,FB,FB,False,Not activated
3397,23,B1,5,2,1,FA,FE,True,FB,FB,False,Masked
3398,23,B1,5,3,0,FA,F2,True,FB,FB,False,Masked
3399,23,B1,5,3,1,FA,FA,False,FB,FB,False,Not activated
3400,23,B1,5,4,0,FA,EA,True,FB,FF,False,SDC
3401,23,B1,5,4,1,FA,FA,False,FB,FB,False,Not activated
3402,23,B1,5,5,0,FA,DA,True,FB,02,False,SDC
3403,23,B1,5,5,1,FA,FA,False,FB,FB,False,Not activated
3404,23,B1,5,6,0,FA,BA,True,FB,0B,False,SDC
3405,23,B1,5,6,1,FA,FA,False,FB,FB,False,Not activated
3406,23,B1,5,7,0,FA,7A,True,FB,99,False,SDC
3407,23,B1,5,7,1,FA,FA,False,FB,FB,False,Not activated
3408,23,B2,6,0,0,F6,F6,False,FB,FB,False,Not activated
3409,23,B2,6,0,1,F6,F7,True,FB,FB,False,Masked
3410,23,B2,6,1,0,F6,F4,True,FB,F7,False,SDC
3411,23,B2,6,1,1,F6,F6,False,FB,FB,False,Not activated
3412,23,B2,6,2,0,F6,F2,True,FB,F7,False,SDC
3413,23,B2,6,2,1,F6,F6,False,FB,FB,False,Not activated
3414,23,B2,6,3,0,F6,F6,False,FB,FB,False,Not activated
3415,23,B2,6,3,1,F6,FE,True,FB,02,False,SDC
3416,23,B2,6,4,0,F6,E6,True,FB,EB,False,SDC
3417,23,B2,6,4,1,F6,F6,False,FB,FB,False,Not activated
3418,23,B2,6,5,0,F6,D6,True,FB,DB,False,SDC
3419,23,B2,6,5,1,F6,F6,False,FB,FB,False,Not activated
3420,23,B2,6,6,0,F6,B6,True,FB,B8,False,SDC
3421,23,B2,6,6,1,F6,F6,False,FB,FB,False,Not activated
3422,23,B2,6,7,0,F6,76,True,FB,76,False,SDC
3423,23,B2,6,7,1,F6,F6,False,FB,FB,False,Not activated
3424,23,B3,7,0,0,3B,3A,True,FB,FB,False,Masked
3425,23,B3,7,0,1,3B,3B,False,FB,FB,False,Not activated
3426,23,B3,7,1,0,3B,39,True,FB,FB,False,Masked
3427,23,B3,7,1,1,3B,3B,False,FB,FB,False,Not activated
3428,23,B3,7,2,0,3B,3B,False,FB,FB,False,Not activated
3429,23,B3,7,2,1,3B,3F,True,FB,F7,False,SDC
3430,23,B3,7,3,0,3B,33,True,FB,FF,False,SDC
3431,23,B3,7,3,1,3B,3B,False,FB,FB,False,Not activated
3432,23,B3,7,4,0,3B,2B,True,FB,02,False,SDC
3433,23,B3,7,4,1,3B,3B,False,FB,FB,False,Not activated
3434,23,B3,7,5,0,3B,1B,True,FB,09,False,SDC
3435,23,B3,7,5,1,3B,3B,False,FB,FB,False,Not activated
3436,23,B3,7,6,0,3B,3B,False,FB,FB,False,Not activated
3437,23,B3,7,6,1,3B,7B,True,FB,8C,False,SDC
3438,23,B3,7,7,0,3B,3B,False,FB,FB,False,Not activated
3439,23,B3,7,7,1,3B,BB,True,FB,39,False,SDC
3440,23,C0,8,0,0,3F,3E,True,FB,FA,False,SDC
3441,23,C0,8,0,1,3F,3F,False,FB,FB,False,Not activated
3442,23,C0,8,1,0,3F,3D,True,FB,F9,False,SDC
3443,23,C0,8,1,1,3F,3F,False,FB,FB,False,Not activated
3444,23,C0,8,2,0,3F,3B,True,FB,F7,False,SDC
3445,23,C0,8,2,1,3F,3F,False,FB,FB,False,Not activated
3446,23,C0,8,3,0,3F,37,True,FB,F3,False,SDC
3447,23,C0,8,3,1,3F,3F,False,FB,FB,False,Not activated
3448,23,C0,8,4,0,3F,2F,True,FB,EB,False,SDC
3449,23,C0,8,4,1,3F,3F,False,FB,FB,False,Not activated
3450,23,C0,8,5,0,3F,1F,True,FB,DB,False,SDC
3451,23,C0,8,5,1,3F,3F,False,FB,FB,False,Not activated
3452,23,C0,8,6,0,3F,3F,False,FB,FB,False,Not activated
3453,23,C0,8,6,1,3F,7F,True,FB,7F,False,SDC
3454,23,C0,8,7,0,3F,3F,False,FB,FB,False,Not activated
3455,23,C0,8,7,1,3F,BF,True,FB,9F,False,SDC
3456,24,A0,0,0,0,07,06,True,C2,C1,False,SDC
3457,24,A0,0,0,1,07,07,False,C2,C2,False,Not activated
3458,24,A0,0,1,0,07,05,True,C2,C0,False,SDC
3459,24,A0,0,1,1,07,07,False,C2,C2,False,Not activated
3460,24,A0,0,2,0,07,03,True,C2,BF,False,SDC
3461,24,A0,0,2,1,07,07,False,C2,C2,False,Not activated
3462,24,A0,0,3,0,07,07,False,C2,C2,False,Not activated
3463,24,A0,0,3,1,07,0F,True,C2,C9,False,SDC
3464,24,A0,0,4,0,07,07,False,C2,C2,False,Not activated
3465,24,A0,0,4,1,07,17,True,C2,D1,False,SDC
3466,24,A0,0,5,0,07,07,False,C2,C2,False,Not activated
3467,24,A0,0,5,1,07,27,True,C2,E0,False,SDC
3468,24,A0,0,6,0,07,07,False,C2,C2,False,Not activated
3469,24,A0,0,6,1,07,47,True,C2,05,False,SDC
3470,24,A0,0,7,0,07,07,False,C2,C2,False,Not activated
3471,24,A0,0,7,1,07,87,True,C2,87,False,SDC
3472,24,A1,1,0,0,1C,1C,False,C2,C2,False,Not activated
3473,24,A1,1,0,1,1C,1D,True,C2,C3,False,SDC
3474,24,A1,1,1,0,1C,1C,False,C2,C2,False,Not activated
3475,24,A1,1,1,1,1C,1E,True,C2,C3,False,SDC
3476,24,A1,1,2,0,1C,18,True,C2,C2,False,Masked
3477,24,A1,1,2,1,1C,1C,False,C2,C2,False,Not activated
3478,24,A1,1,3,0,1C,14,True,C2,C1,False,SDC
3479,24,A1,1,3,1,1C,1C,False,C2,C2,False,Not activated
3480,24,A1,1,4,0,1C,0C,True,C2,C0,False,SDC
3481,24,A1,1,4,1,1C,1C,False,C2,C2,False,Not activated
3482,24,A1,1,5,0,1C,1C,False,C2,C2,False,Not activated
3483,24,A1,1,5,1,1C,3C,True,C2,C7,False,SDC
3484,24,A1,1,6,0,1C,1C,False,C2,C2,False,Not activated
3485,24,A1,1,6,1,1C,5C,True,C2,D1,False,SDC
3486,24,A1,1,7,0,1C,1C,False,C2,C2,False,Not activated
3487,24,A1,1,7,1,1C,9C,True,C2,B2,False,SDC
3488,24,A2,2,0,0,D4,D4,False,C2,C2,False,Not activated
3489,24,A2,2,0,1,D4,D5,True,C2,C2,False,Masked
3490,24,A2,2,1,0,D4,D4,False,C2,C2,False,Not activated
3491,24,A2,2,1,1,D4,D6,True,C2,C2,False,Masked
3492,24,A2,2,2,0,D4,D0,True,C2,C1,False,SDC
3493,24,A2,2,2,1,D4,D4,False,C2,C2,False,Not activated
3494,24,A2,2,3,0,D4,D4,False,C2,C2,False,Not activated
3495,24,A2,2,3,1,D4,DC,True,C2,C2,False,Masked
3496,24,A2,2,4,0,D4,C4,True,C2,C0,False,SDC
3497,24,A2,2,4,1,D4,D4,False,C2,C2,False,Not activated
3498,24,A2,2,5,0,D4,D4,False,C2,C2,False,Not activated
3499,24,A2,2,5,1,D4,F4,True,C2,C4,False,SDC
3500,24,A2,2,6,0,D4,94,True,C2,BA,False,SDC
3501,24,A2,2,6,1,D4,D4,False,C2,C2,False,Not activated
3502,24,A2,2,7,0,D4,54,True,C2,CD,False,SDC
3503,24,A2,2,7,1,D4,D4,False,C2,C2,False,Not activated
3504,24,A3,3,0,0,E6,E6,False,C2,C2,False,Not activated
3505,24,A3,3,0,1,E6,E7,True,C2,C3,False,SDC
3506,24,A3,3,1,0,E6,E4,True,C2,C1,False,SDC
3507,24,A3,3,1,1,E6,E6,False,C2,C2,False,Not activated
3508,24,A3,3,2,0,E6,E2,True,C2,C0,False,SDC
3509,24,A3,3,2,1,E6,E6,False,C2,C2,False,Not activated
3510,24,A3,3,3,0,E6,E6,False,C2,C2,False,Not activated
3511,24,A3,3,3,1,E6,EE,True,C2,C6,False,SDC
3512,24,A3,3,4,0,E6,E6,False,C2,C2,False,Not activated
3513,24,A3,3,4,1,E6,F6,True,C2,CA,False,SDC
3514,24,A3,3,5,0,E6,C6,True,C2,B9,False,SDC
3515,24,A3,3,5,1,E6,E6,False,C2,C2,False,Not activated
3516,24,A3,3,6,0,E6,A6,True,C2,AA,False,SDC
3517,24,A3,3,6,1,E6,E6,False,C2,C2,False,Not activated
3518,24,A3,3,7,0,E6,66,True,C2,27,False,SDC
3519,24,A3,3,7,1,E6,E6,False,C2,C2,False,Not activated
3520,24,B0,4,0,0,3C,3C,False,C2,C2,False,Not activated
3521,24,B0,4,0,1,3C,3D,True,C2,C2,False,Masked
3522,24,B0,4,1,0,3C,3C,False,C2,C2,False,Not activated
3523,24,B0,4,1,1,3C,3E,True,C2,C2,False,Masked
3524,24,B0,4,2,0,3C,38,True,C2,C1,False,SDC
3525,24,B0,4,2,1,3C,3C,False,C2,C2,False,Not activated
3526,24,B0,4,3,0,3C,34,True,C2,C1,False,SDC
3527,24,B0,4,3,1,3C,3C,False,C2,C2,False,Not activated
3528,24,B0,4,4,0,3C,2C,True,C2,C0,False,SDC
3529,24,B0,4,4,1,3C,3C,False,C2,C2,False,Not activated
3530,24,B0,4,5,0,3C,1C,True,C2,BF,False,SDC
3531,24,B0,4,5,1,3C,3C,False,C2,C2,False,Not activated
3532,24,B0,4,6,0,3C,3C,False,C2,C2,False,Not activated
3533,24,B0,4,6,1,3C,7C,True,C2,2B,False,SDC
3534,24,B0,4,7,0,3C,3C,False,C2,C2,False,Not activated
3535,24,B0,4,7,1,3C,BC,True,C2,BA,False,SDC
3536,24,B1,5,0,0,0A,0A,False,C2,C2,False,Not activated
3537,24,B1,5,0,1,0A,0B,True,C2,C3,False,SDC
3538,24,B1,5,1,0,0A,08,True,C2,C2,False,Masked
3539,24,B1,5,1,1,0A,0A,False,C2,C2,False,Not activated
3540,24,B1,5,2,0,0A,0A,False,C2,C2,False,Not activated
3541,24,B1,5,2,1,0A,0E,True,C2,C4,False,SDC
3542,24,B1,5,3,0,0A,02,True,C2,C0,False,SDC
3543,24,B1,5,3,1,0A,0A,False,C2,C2,False,Not activated
3544,24,B1,5,4,0,0A,0A,False,C2,C2,False,Not activated
3545,24,B1,5,4,1,0A,1A,True,C2,C9,False,SDC
3546,24,B1,5,5,0,0A,0A,False,C2,C2,False,Not activated
3547,24,B1,5,5,1,0A,2A,True,C2,D0,False,SDC
3548,24,B1,5,6,0,0A,0A,False,C2,C2,False,Not activated
3549,24,B1,5,6,1,0A,4A,True,C2,E3,False,SDC
3550,24,B1,5,7,0,0A,0A,False,C2,C2,False,Not activated
3551,24,B1,5,7,1,0A,8A,True,C2,90,False,SDC
3552,24,B2,6,0,0,05,04,True,C2,C2,False,Masked
3553,24,B2,6,0,1,05,05,False,C2,C2,False,Not activated
3554,24,B2,6,1,0,05,05,False,C2,C2,False,Not activated
3555,24,B2,6,1,1,05,07,True,C2,C0,False,SDC
3556,24,B2,6,2,0,05,01,True,C2,C4,False,SDC
3557,24,B2,6,2,1,05,05,False,C2,C2,False,Not activated
3558,24,B2,6,3,0,05,05,False,C2,C2,False,Not activated
3559,24,B2,6,3,1,05,0D,True,C2,BE,False,SDC
3560,24,B2,6,4,0,05,05,False,C2,C2,False,Not activated
3561,24,B2,6,4,1,05,15,True,C2,BC,False,SDC
3562,24,B2,6,5,0,05,05,False,C2,C2,False,Not activated
3563,24,B2,6,5,1,05,25,True,C2,B6,False,SDC
3564,24,B2,6,6,0,05,05,False,C2,C2,False,Not activated
3565,24,B2,6,6,1,05,45,True,C2,A9,False,SDC
3566,24,B2,6,7,0,05,05,False,C2,C2,False,Not activated
3567,24,B2,6,7,1,05,85,True,C2,79,False,SDC
3568,24,B3,7,0,0,20,20,False,C2,C2,False,Not activated
3569,24,B3,7,0,1,20,21,True,C2,C2,False,Masked
3570,24,B3,7,1,0,20,20,False,C2,C2,False,Not activated
3571,24,B3,7,1,1,20,22,True,C2,C1,False,SDC
3572,24,B3,7,2,0,20,20,False,C2,C2,False,Not activated
3573,24,B3,7,2,1,20,24,True,C2,C0,False,SDC
3574,24,B3,7,3,0,20,20,False,C2,C2,False,Not activated
3575,24,B3,7,3,1,20,28,True,C2,C0,False,SDC
3576,24,B3,7,4,0,20,20,False,C2,C2,False,Not activated
3577,24,B3,7,4,1,20,30,True,C2,BE,False,SDC
3578,24,B3,7,5,0,20,00,True,C2,CF,False,SDC
3579,24,B3,7,5,1,20,20,False,C2,C2,False,Not activated
3580,24,B3,7,6,0,20,20,False,C2,C2,False,Not activated
3581,24,B3,7,6,1,20,60,True,C2,AE,False,SDC
3582,24,B3,7,7,0,20,20,False,C2,C2,False,Not activated
3583,24,B3,7,7,1,20,A0,True,C2,03,False,SDC
3584,24,C0,8,0,0,C7,C6,True,C2,C1,False,SDC
3585,24,C0,8,0,1,C7,C7,False,C2,C2,False,Not activated
3586,24,C0,8,1,0,C7,C5,True,C2,C0,False,SDC
3587,24,C0,8,1,1,C7,C7,False,C2,C2,False,Not activated
3588,24,C0,8,2,0,C7,C3,True,C2,BF,False,SDC
3589,24,C0,8,2,1,C7,C7,False,C2,C2,False,Not activated
3590,24,C0,8,3,0,C7,C7,False,C2,C2,False,Not activated
3591,24,C0,8,3,1,C7,CF,True,C2,CA,False,SDC
3592,24,C0,8,4,0,C7,C7,False,C2,C2,False,Not activated
3593,24,C0,8,4,1,C7,D7,True,C2,D2,False,SDC
3594,24,C0,8,5,0,C7,C7,False,C2,C2,False,Not activated
3595,24,C0,8,5,1,C7,E7,True,C2,E2,False,SDC
3596,24,C0,8,6,0,C7,87,True,C2,87,False,SDC
3597,24,C0,8,6,1,C7,C7,False,C2,C2,False,Not activated
3598,24,C0,8,7,0,C7,47,True,C2,44,False,SDC
3599,24,C0,8,7,1,C7,C7,False,C2,C2,False,Not activated
3600,25,A0,0,0,0,0B,0A,True,FC,FB,False,SDC
3601,25,A0,0,0,1,0B,0B,False,FC,FC,False,Not activated
3602,25,A0,0,1,0,0B,09,True,FC,FA,False,SDC
3603,25,A0,0,1,1,0B,0B,False,FC,FC,False,Not activated
3604,25,A0,0,2,0,0B,0B,False,FC,FC,False,Not activated
3605,25,A0,0,2,1,0B,0F,True,FC,00,False,SDC
3606,25,A0,0,3,0,0B,03,True,FC,F5,False,SDC
3607,25,A0,0,3,1,0B,0B,False,FC,FC,False,Not activated
3608,25,A0,0,4,0,0B,0B,False,FC,FC,False,Not activated
3609,25,A0,0,4,1,0B,1B,True,FC,0B,False,SDC
3610,25,A0,0,5,0,0B,0B,False,FC,FC,False,Not activated
3611,25,A0,0,5,1,0B,2B,True,FC,1A,False,SDC
3612,25,A0,0,6,0,0B,0B,False,FC,FC,False,Not activated
3613,25,A0,0,6,1,0B,4B,True,FC,41,False,SDC
3614,25,A0,0,7,0,0B,0B,False,FC,FC,False,Not activated
3615,25,A0,0,7,1,0B,8B,True,FC,8C,False,SDC
3616,25,A1,1,0,0,00,00,False,FC,FC,False,Not activated
3617,25,A1,1,0,1,00,01,True,FC,FB,False,SDC
3618,25,A1,1,1,0,00,00,False,FC,FC,False,Not activated
3619,25,A1,1,1,1,00,02,True,FC,FA,False,SDC
3620,25,A1,1,2,0,00,00,False,FC,FC,False,Not activated
3621,25,A1,1,2,1,00,04,True,FC,F9,False,SDC
3622,25,A1,1,3,0,00,00,False,FC,FC,False,Not activated
3623,25,A1,1,3,1,00,08,True,FC,F5,False,SDC
3624,25,A1,1,4,0,00,00,False,FC,FC,False,Not activated
3625,25,A1,1,4,1,00,10,True,FC,EE,False,SDC
3626,25,A1,1,5,0,00,00,False,FC,FC,False,Not activated
3627,25,A1,1,5,1,00,20,True,FC,E1,False,SDC
3628,25,A1,1,6,0,00,00,False,FC,FC,False,Not activated
3629,25,A1,1,6,1,00,40,True,FC,C6,False,SDC
3630,25,A1,1,7,0,00,00,False,FC,FC,False,Not activated
3631,25,A1,1,7,1,00,80,True,FC,80,True,SDC
3632,25,A2,2,0,0,2D,2C,True,FC,FC,False,Masked
3633,25,A2,2,0,1,2D,2D,False,FC,FC,False,Not activated
3634,25,A2,2,1,0,2D,2D,False,FC,FC,False,Not activated
3635,25,A2,2,1,1,2D,2F,True,FC,FB,False,SDC
3636,25,A2,2,2,0,2D,29,True,FC,FE,False,SDC
3637,25,A2,2,2,1,2D,2D,False,FC,FC,False,Not activated
3638,25,A2,2,3,0,2D,25,True,FC,01,False,SDC
3639,25,A2,2,3,1,2D,2D,False,FC,FC,False,Not activated
3640,25,A2,2,4,0,2D,2D,False,FC,FC,False,Not activated
3641,25,A2,2,4,1,2D,3D,True,FC,F2,False,SDC
3642,25,A2,2,5,0,2D,0D,True,FC,10,False,SDC
3643,25,A2,2,5,1,2D,2D,False,FC,FC,False,Not activated
3644,25,A2,2,6,0,2D,2D,False,FC,FC,False,Not activated
3645,25,A2,2,6,1,2D,6D,True,FC,A3,False,SDC
3646,25,A2,2,7,0,2D,2D,False,FC,FC,False,Not activated
3647,25,A2,2,7,1,2D,AD,True,FC,4C,False,SDC
3648,25,A3,3,0,0,D4,D4,False,FC,FC,False,Not activated
3649,25,A3,3,0,1,D4,D5,True,FC,FC,False,Masked
3650,25,A3,3,1,0,D4,D4,False,FC,FC,False,Not activated
3651,25,A3,3,1,1,D4,D6,True,FC,FC,False,Masked
3652,25,A3,3,2,0,D4,D0,True,FC,FB,False,SDC
3653,25,A3,3,2,1,D4,D4,False,FC,FC,False,Not activated
3654,25,A3,3,3,0,D4,D4,False,FC,FC,False,Not activated
3655,25,A3,3,3,1,D4,DC,True,FC,FD,False,SDC
3656,25,A3,3,4,0,D4,C4,True,FC,F9,False,SDC
3657,25,A3,3,4,1,D4,D4,False,FC,FC,False,Not activated
3658,25,A3,3,5,0,D4,D4,False,FC,FC,False,Not activated
3659,25,A3,3,5,1,D4,F4,True,FC,02,False,SDC
3660,25,A3,3,6,0,D4,94,True,FC,DA,False,SDC
3661,25,A3,3,6,1,D4,D4,False,FC,FC,False,Not activated
3662,25,A3,3,7,0,D4,54,True,FC,18,False,SDC
3663,25,A3,3,7,1,D4,D4,False,FC,FC,False,Not activated
3664,25,B0,4,0,0,3B,3A,True,FC,FC,False,Masked
3665,25,B0,4,0,1,3B,3B,False,FC,FC,False,Not activated
3666,25,B0,4,1,0,3B,39,True,FC,FC,False,Masked
3667,25,B0,4,1,1,3B,3B,False,FC,FC,False,Not activated
3668,25,B0,4,2,0,3B,3B,False,FC,FC,False,Not activated
3669,25,B0,4,2,1,3B,3F,True,FC,FD,False,SDC
3670,25,B0,4,3,0,3B,33,True,FC,FB,False,SDC
3671,25,B0,4,3,1,3B,3B,False,FC,FC,False,Not activated
3672,25,B0,4,4,0,3B,2B,True,FC,F9,False,SDC
3673,25,B0,4,4,1,3B,3B,False,FC,FC,False,Not activated
3674,25,B0,4,5,0,3B,1B,True,FC,F7,False,SDC
3675,25,B0,4,5,1,3B,3B,False,FC,FC,False,Not activated
3676,25,B0,4,6,0,3B,3B,False,FC,FC,False,Not activated
3677,25,B0,4,6,1,3B,7B,True,FC,61,False,SDC
3678,25,B0,4,7,0,3B,3B,False,FC,FC,False,Not activated
3679,25,B0,4,7,1,3B,BB,True,FC,E5,False,SDC
3680,25,B1,5,0,0,CA,CA,False,FC,FC,False,Not activated
3681,25,B1,5,0,1,CA,CB,True,FC,FC,False,Masked
3682,25,B1,5,1,0,CA,C8,True,FC,FC,False,Masked
3683,25,B1,5,1,1,CA,CA,False,FC,FC,False,Not activated
3684,25,B1,5,2,0,CA,CA,False,FC,FC,False,Not activated
3685,25,B1,5,2,1,CA,CE,True,FC,FC,False,Masked
3686,25,B1,5,3,0,CA,C2,True,FC,FC,False,Masked
3687,25,B1,5,3,1,CA,CA,False,FC,FC,False,Not activated
3688,25,B1,5,4,0,CA,CA,False,FC,FC,False,Not activated
3689,25,B1,5,4,1,CA,DA,True,FC,FC,False,Masked
3690,25,B1,5,5,0,CA,CA,False,FC,FC,False,Not activated
3691,25,B1,5,5,1,CA,EA,True,FC,FC,False,Masked
3692,25,B1,5,6,0,CA,8A,True,FC,FC,False,Masked
3693,25,B1,5,6,1,CA,CA,False,FC,FC,False,Not activated
3694,25,B1,5,7,0,CA,4A,True,FC,FC,False,Masked
3695,25,B1,5,7,1,CA,CA,False,FC,FC,False,Not activated
3696,25,B2,6,0,0,D8,D8,False,FC,FC,False,Not activated
3697,25,B2,6,0,1,D8,D9,True,FC,FD,False,SDC
3698,25,B2,6,1,0,D8,D8,False,FC,FC,False,Not activated
3699,25,B2,6,1,1,D8,DA,True,FC,FD,False,SDC
3700,25,B2,6,2,0,D8,D8,False,FC,FC,False,Not activated
3701,25,B2,6,2,1,D8,DC,True,FC,FF,False,SDC
3702,25,B2,6,3,0,D8,D0,True,FC,F6,False,SDC
3703,25,B2,6,3,1,D8,D8,False,FC,FC,False,Not activated
3704,25,B2,6,4,0,D8,C8,True,FC,F1,False,SDC
3705,25,B2,6,4,1,D8,D8,False,FC,FC,False,Not activated
3706,25,B2,6,5,0,D8,D8,False,FC,FC,False,Not activated
3707,25,B2,6,5,1,D8,F8,True,FC,12,False,SDC
3708,25,B2,6,6,0,D8,98,True,FC,A7,False,SDC
3709,25,B2,6,6,1,D8,D8,False,FC,FC,False,Not activated
3710,25,B2,6,7,0,D8,58,True,FC,53,False,SDC
3711,25,B2,6,7,1,D8,D8,False,FC,FC,False,Not activated
3712,25,B3,7,0,0,0C,0C,False,FC,FC,False,Not activated
3713,25,B3,7,0,1,0C,0D,True,FC,FB,False,SDC
3714,25,B3,7,1,0,0C,0C,False,FC,FC,False,Not activated
3715,25,B3,7,1,1,0C,0E,True,FC,FA,False,SDC
3716,25,B3,7,2,0,0C,08,True,FC,FE,False,SDC
3717,25,B3,7,2,1,0C,0C,False,FC,FC,False,Not activated
3718,25,B3,7,3,0,0C,04,True,FC,01,False,SDC
3719,25,B3,7,3,1,0C,0C,False,FC,FC,False,Not activated
3720,25,B3,7,4,0,0C,0C,False,FC,FC,False,Not activated
3721,25,B3,7,4,1,0C,1C,True,FC,F1,False,SDC
3722,25,B3,7,5,0,0C,0C,False,FC,FC,False,Not activated
3723,25,B3,7,5,1,0C,2C,True,FC,E6,False,SDC
3724,25,B3,7,6,0,0C,0C,False,FC,FC,False,Not activated
3725,25,B3,7,6,1,0C,4C,True,FC,C8,False,SDC
3726,25,B3,7,7,0,0C,0C,False,FC,FC,False,Not activated
3727,25,B3,7,7,1,0C,8C,True,FC,70,False,SDC
3728,25,C0,8,0,0,16,16,False,FC,FC,False,Not activated
3729,25,C0,8,0,1,16,17,True,FC,FD,False,SDC
3730,25,C0,8,1,0,16,14,True,FC,FA,False,SDC
3731,25,C0,8,1,1,16,16,False,FC,FC,False,Not activated
3732,25,C0,8,2,0,16,12,True,FC,F8,False,SDC
3733,25,C0,8,2,1,16,16,False,FC,FC,False,Not activated
3734,25,C0,8,3,0,16,16,False,FC,FC,False,Not activated
3735,25,C0,8,3,1,16,1E,True,FC,04,False,SDC
3736,25,C0,8,4,0,16,06,True,FC,EC,False,SDC
3737,25,C0,8,4,1,16,16,False,FC,FC,False,Not activated
3738,25,C0,8,5,0,16,16,False,FC,FC,False,Not activated
3739,25,C0,8,5,1,16,36,True,FC,1C,False,SDC
3740,25,C0,8,6,0,16,16,False,FC,FC,False,Not activated
3741,25,C0,8,6,1,16,56,True,FC,49,False,SDC
3742,25,C0,8,7,0,16,16,False,FC,FC,False,Not activated
3743,25,C0,8,7,1,16,96,True,FC,93,False,SDC
3744,26,A0,0,0,0,DE,DE,False,E4,E4,False,Not activated
3745,26,A0,0,0,1,DE,DF,True,E4,E4,False,Masked
3746,26,A0,0,1,0,DE,DC,True,E4,E3,False,SDC
3747,26,A0,0,1,1,DE,DE,False,E4,E4,False,Not activated
3748,26,A0,0,2,0,DE,DA,True,E4,E3,False,SDC
3749,26,A0,0,2,1,DE,DE,False,E4,E4,False,Not activated
3750,26,A0,0,3,0,DE,D6,True,E4,E2,False,SDC
3751,26,A0,0,3,1,DE,DE,False,E4,E4,False,Not activated
3752,26,A0,0,4,0,DE,CE,True,E4,E1,False,SDC
3753,26,A0,0,4,1,DE,DE,False,E4,E4,False,Not activated
3754,26,A0,0,5,0,DE,DE,False,E4,E4,False,Not activated
3755,26,A0,0,5,1,DE,FE,True,E4,E9,False,SDC
3756,26,A0,0,6,0,DE,9E,True,E4,CF,False,SDC
3757,26,A0,0,6,1,DE,DE,False,E4,E4,False,Not activated
3758,26,A0,0,7,0,DE,5E,True,E4,01,False,SDC
3759,26,A0,0,7,1,DE,DE,False,E4,E4,False,Not activated
3760,26,A1,1,0,0,CF,CE,True,E4,E3,False,SDC
3761,26,A1,1,0,1,CF,CF,False,E4,E4,False,Not activated
3762,26,A1,1,1,0,CF,CD,True,E4,E3,False,SDC
3763,26,A1,1,1,1,CF,CF,False,E4,E4,False,Not activated
3764,26,A1,1,2,0,CF,CB,True,E4,E3,False,SDC
3765,26,A1,1,2,1,CF,CF,False,E4,E4,False,Not activated
3766,26,A1,1,3,0,CF,C7,True,E4,E2,False,SDC
3767,26,A1,1,3,1,CF,CF,False,E4,E4,False,Not activated
3768,26,A1,1,4,0,CF,CF,False,E4,E4,False,Not activated
3769,26,A1,1,4,1,CF,DF,True,E4,E7,False,SDC
3770,26,A1,1,5,0,CF,CF,False,E4,E4,False,Not activated
3771,26,A1,1,5,1,CF,EF,True,E4,EB,False,SDC
3772,26,A1,1,6,0,CF,8F,True,E4,B6,False,SDC
3773,26,A1,1,6,1,CF,CF,False,E4,E4,False,Not activated
3774,26,A1,1,7,0,CF,4F,True,E4,05,False,SDC
3775,26,A1,1,7,1,CF,CF,False,E4,E4,False,Not activated
3776,26,A2,2,0,0,32,32,False,E4,E4,False,Not activated
3777,26,A2,2,0,1,32,33,True,E4,E4,False,Masked
3778,26,A2,2,1,0,32,30,True,E4,E4,False,Masked
3779,26,A2,2,1,1,32,32,False,E4,E4,False,Not activated
3780,26,A2,2,2,0,32,32,False,E4,E4,False,Not activated
3781,26,A2,2,2,1,32,36,True,E4,E4,False,Masked
3782,26,A2,2,3,0,32,32,False,E4,E4,False,Not activated
3783,26,A2,2,3,1,32,3A,True,E4,E3,False,SDC
3784,26,A2,2,4,0,32,22,True,E4,E7,False,SDC
3785,26,A2,2,4,1,32,32,False,E4,E4,False,Not activated
3786,26,A2,2,5,0,32,12,True,E4,E9,False,SDC
3787,26,A2,2,5,1,32,32,False,E4,E4,False,Not activated
3788,26,A2,2,6,0,32,32,False,E4,E4,False,Not activated
3789,26,A2,2,6,1,32,72,True,E4,BE,False,SDC
3790,26,A2,2,7,0,32,32,False,E4,E4,False,Not activated
3791,26,A2,2,7,1,32,B2,True,E4,FA,False,SDC
3792,26,A3,3,0,0,E0,E0,False,E4,E4,False,Not activated
3793,26,A3,3,0,1,E0,E1,True,E4,E5,False,SDC
3794,26,A3,3,1,0,E0,E0,False,E4,E4,False,Not activated
3795,26,A3,3,1,1,E0,E2,True,E4,E5,False,SDC
3796,26,A3,3,2,0,E0,E0,False,E4,E4,False,Not activated
3797,26,A3,3,2,1,E0,E4,True,E4,E5,False,SDC
3798,26,A3,3,3,0,E0,E0,False,E4,E4,False,Not activated
3799,26,A3,3,3,1,E0,E8,True,E4,E6,False,SDC
3800,26,A3,3,4,0,E0,E0,False,E4,E4,False,Not activated
3801,26,A3,3,4,1,E0,F0,True,E4,E7,False,SDC
3802,26,A3,3,5,0,E0,C0,True,E4,DF,False,SDC
3803,26,A3,3,5,1,E0,E0,False,E4,E4,False,Not activated
3804,26,A3,3,6,0,E0,A0,True,E4,D4,False,SDC
3805,26,A3,3,6,1,E0,E0,False,E4,E4,False,Not activated
3806,26,A3,3,7,0,E0,60,True,E4,00,False,SDC
3807,26,A3,3,7,1,E0,E0,False,E4,E4,False,Not activated
3808,26,B0,4,0,0,0C,0C,False,E4,E4,False,Not activated
3809,26,B0,4,0,1,0C,0D,True,E4,E3,False,SDC
3810,26,B0,4,1,0,0C,0C,False,E4,E4,False,Not activated
3811,26,B0,4,1,1,0C,0E,True,E4,E3,False,SDC
3812,26,B0,4,2,0,0C,08,True,E4,E6,False,SDC
3813,26,B0,4,2,1,0C,0C,False,E4,E4,False,Not activated
3814,26,B0,4,3,0,0C,04,True,E4,E8,False,SDC
3815,26,B0,4,3,1,0C,0C,False,E4,E4,False,Not activated
3816,26,B0,4,4,0,0C,0C,False,E4,E4,False,Not activated
3817,26,B0,4,4,1,0C,1C,True,E4,DB,False,SDC
3818,26,B0,4,5,0,0C,0C,False,E4,E4,False,Not activated
3819,26,B0,4,5,1,0C,2C,True,E4,D3,False,SDC
3820,26,B0,4,6,0,0C,0C,False,E4,E4,False,Not activated
3821,26,B0,4,6,1,0C,4C,True,E4,BE,False,SDC
3822,26,B0,4,7,0,0C,0C,False,E4,E4,False,Not activated
3823,26,B0,4,7,1,0C,8C,True,E4,67,False,SDC
3824,26,B1,5,0,0,0F,0E,True,E4,E4,False,Masked
3825,26,B1,5,0,1,0F,0F,False,E4,E4,False,Not activated
3826,26,B1,5,1,0,0F,0D,True,E4,E5,False,SDC
3827,26,B1,5,1,1,0F,0F,False,E4,E4,False,Not activated
3828,26,B1,5,2,0,0F,0B,True,E4,E7,False,SDC
3829,26,B1,5,2,1,0F,0F,False,E4,E4,False,Not activated
3830,26,B1,5,3,0,0F,07,True,E4,EA,False,SDC
3831,26,B1,5,3,1,0F,0F,False,E4,E4,False,Not activated
3832,26,B1,5,4,0,0F,0F,False,E4,E4,False,Not activated
3833,26,B1,5,4,1,0F,1F,True,E4,D7,False,SDC
3834,26,B1,5,5,0,0F,0F,False,E4,E4,False,Not activated
3835,26,B1,5,5,1,0F,2F,True,E4,CB,False,SDC
3836,26,B1,5,6,0,0F,0F,False,E4,E4,False,Not activated
3837,26,B1,5,6,1,0F,4F,True,E4,B4,False,SDC
3838,26,B1,5,7,0,0F,0F,False,E4,E4,False,Not activated
3839,26,B1,5,7,1,0F,8F,True,E4,69,False,SDC
3840,26,B2,6,0,0,F6,F6,False,E4,E4,False,Not activated
3841,26,B2,6,0,1,F6,F7,True,E4,E5,False,SDC
3842,26,B2,6,1,0,F6,F4,True,E4,E3,False,SDC
3843,26,B2,6,1,1,F6,F6,False,E4,E4,False,Not activated
3844,26,B2,6,2,0,F6,F2,True,E4,E1,False,SDC
3845,26,B2,6,2,1,F6,F6,False,E4,E4,False,Not activated
3846,26,B2,6,3,0,F6,F6,False,E4,E4,False,Not activated
3847,26,B2,6,3,1,F6,FE,True,E4,EA,False,SDC
3848,26,B2,6,4,0,F6,E6,True,E4,D8,False,SDC
3849,26,B2,6,4,1,F6,F6,False,E4,E4,False,Not activated
3850,26,B2,6,5,0,F6,D6,True,E4,CB,False,SDC
3851,26,B2,6,5,1,F6,F6,False,E4,E4,False,Not activated
3852,26,B2,6,6,0,F6,B6,True,E4,B6,False,SDC
3853,26,B2,6,6,1,F6,F6,False,E4,E4,False,Not activated
3854,26,B2,6,7,0,F6,76,True,E4,72,False,SDC
3855,26,B2,6,7,1,F6,F6,False,E4,E4,False,Not activated
3856,26,B3,7,0,0,0B,0A,True,E4,E5,False,SDC
3857,26,B3,7,0,1,0B,0B,False,E4,E4,False,Not activated
3858,26,B3,7,1,0,0B,09,True,E4,E6,False,SDC
3859,26,B3,7,1,1,0B,0B,False,E4,E4,False,Not activated
3860,26,B3,7,2,0,0B,0B,False,E4,E4,False,Not activated
3861,26,B3,7,2,1,0B,0F,True,E4,E2,False,SDC
3862,26,B3,7,3,0,0B,03,True,E4,E8,False,SDC
3863,26,B3,7,3,1,0B,0B,False,E4,E4,False,Not activated
3864,26,B3,7,4,0,0B,0B,False,E4,E4,False,Not activated
3865,26,B3,7,4,1,0B,1B,True,E4,DC,False,SDC
3866,26,B3,7,5,0,0B,0B,False,E4,E4,False,Not activated
3867,26,B3,7,5,1,0B,2B,True,E4,D4,False,SDC
3868,26,B3,7,6,0,0B,0B,False,E4,E4,False,Not activated
3869,26,B3,7,6,1,0B,4B,True,E4,C0,False,SDC
3870,26,B3,7,7,0,0B,0B,False,E4,E4,False,Not activated
3871,26,B3,7,7,1,0B,8B,True,E4,67,False,SDC
3872,26,C0,8,0,0,03,02,True,E4,E3,False,SDC
3873,26,C0,8,0,1,03,03,False,E4,E4,False,Not activated
3874,26,C0,8,1,0,03,01,True,E4,E2,False,SDC
3875,26,C0,8,1,1,03,03,False,E4,E4,False,Not activated
3876,26,C0,8,2,0,03,03,False,E4,E4,False,Not activated
3877,26,C0,8,2,1,03,07,True,E4,E8,False,SDC
3878,26,C0,8,3,0,03,03,False,E4,E4,False,Not activated
3879,26,C0,8,3,1,03,0B,True,E4,EC,False,SDC
3880,26,C0,8,4,0,03,03,False,E4,E4,False,Not activated
3881,26,C0,8,4,1,03,13,True,E4,F4,False,SDC
3882,26,C0,8,5,0,03,03,False,E4,E4,False,Not activated
3883,26,C0,8,5,1,03,23,True,E4,04,False,SDC
3884,26,C0,8,6,0,03,03,False,E4,E4,False,Not activated
3885,26,C0,8,6,1,03,43,True,E4,27,False,SDC
3886,26,C0,8,7,0,03,03,False,E4,E4,False,Not activated
3887,26,C0,8,7,1,03,83,True,E4,83,False,SDC
3888,27,A0,0,0,0,38,38,False,09,09,False,Not activated
3889,27,A0,0,0,1,38,39,True,09,08,False,SDC
3890,27,A0,0,1,0,38,38,False,09,09,False,Not activated
3891,27,A0,0,1,1,38,3A,True,09,08,False,SDC
3892,27,A0,0,2,0,38,38,False,09,09,False,Not activated
3893,27,A0,0,2,1,38,3C,True,09,08,False,SDC
3894,27,A0,0,3,0,38,30,True,09,0A,False,SDC
3895,27,A0,0,3,1,38,38,False,09,09,False,Not activated
3896,27,A0,0,4,0,38,28,True,09,0C,False,SDC
3897,27,A0,0,4,1,38,38,False,09,09,False,Not activated
3898,27,A0,0,5,0,38,18,True,09,0F,False,SDC
3899,27,A0,0,5,1,38,38,False,09,09,False,Not activated
3900,27,A0,0,6,0,38,38,False,09,09,False,Not activated
3901,27,A0,0,6,1,38,78,True,09,B6,False,SDC
3902,27,A0,0,7,0,38,38,False,09,09,False,Not activated
3903,27,A0,0,7,1,38,B8,True,09,24,False,SDC
3904,27,A1,1,0,0,DA,DA,False,09,09,False,Not activated
3905,27,A1,1,0,1,DA,DB,True,09,09,False,Masked
3906,27,A1,1,1,0,DA,D8,True,09,08,False,SDC
3907,27,A1,1,1,1,DA,DA,False,09,09,False,Not activated
3908,27,A1,1,2,0,DA,DA,False,09,09,False,Not activated
3909,27,A1,1,2,1,DA,DE,True,09,0A,False,SDC
3910,27,A1,1,3,0,DA,D2,True,09,06,False,SDC
3911,27,A1,1,3,1,DA,DA,False,09,09,False,Not activated
3912,27,A1,1,4,0,DA,CA,True,09,03,False,SDC
3913,27,A1,1,4,1,DA,DA,False,09,09,False,Not activated
3914,27,A1,1,5,0,DA,DA,False,09,09,False,Not activated
3915,27,A1,1,5,1,DA,FA,True,09,14,False,SDC
3916,27,A1,1,6,0,DA,9A,True,09,D8,False,SDC
3917,27,A1,1,6,1,DA,DA,False,09,09,False,Not activated
3918,27,A1,1,7,0,DA,5A,True,09,3E,False,SDC
3919,27,A1,1,7,1,DA,DA,False,09,09,False,Not activated
3920,27,A2,2,0,0,1C,1C,False,09,09,False,Not activated
3921,27,A2,2,0,1,1C,1D,True,09,08,False,SDC
3922,27,A2,2,1,0,1C,1C,False,09,09,False,Not activated
3923,27,A2,2,1,1,1C,1E,True,09,08,False,SDC
3924,27,A2,2,2,0,1C,18,True,09,0A,False,SDC
3925,27,A2,2,2,1,1C,1C,False,09,09,False,Not activated
3926,27,A2,2,3,0,1C,14,True,09,0C,False,SDC
3927,27,A2,2,3,1,1C,1C,False,09,09,False,Not activated
3928,27,A2,2,4,0,1C,0C,True,09,0F,False,SDC
3929,27,A2,2,4,1,1C,1C,False,09,09,False,Not activated
3930,27,A2,2,5,0,1C,1C,False,09,09,False,Not activated
3931,27,A2,2,5,1,1C,3C,True,09,FC,False,SDC
3932,27,A2,2,6,0,1C,1C,False,09,09,False,Not activated
3933,27,A2,2,6,1,1C,5C,True,09,E3,False,SDC
3934,27,A2,2,7,0,1C,1C,False,09,09,False,Not activated
3935,27,A2,2,7,1,1C,9C,True,09,4A,False,SDC
3936,27,A3,3,0,0,DF,DE,True,09,0A,False,SDC
3937,27,A3,3,0,1,DF,DF,False,09,09,False,Not activated
3938,27,A3,3,1,0,DF,DD,True,09,0A,False,SDC
3939,27,A3,3,1,1,DF,DF,False,09,09,False,Not activated
3940,27,A3,3,2,0,DF,DB,True,09,0B,False,SDC
3941,27,A3,3,2,1,DF,DF,False,09,09,False,Not activated
3942,27,A3,3,3,0,DF,D7,True,09,0C,False,SDC
3943,27,A3,3,3,1,DF,DF,False,09,09,False,Not activated
3944,27,A3,3,4,0,DF,CF,True,09,0F,False,SDC
3945,27,A3,3,4,1,DF,DF,False,09,09,False,Not activated
3946,27,A3,3,5,0,DF,DF,False,09,09,False,Not activated
3947,27,A3,3,5,1,DF,FF,True,09,FE,False,SDC
3948,27,A3,3,6,0,DF,9F,True,09,30,False,SDC
3949,27,A3,3,6,1,DF,DF,False,09,09,False,Not activated
3950,27,A3,3,7,0,DF,5F,True,09,CE,False,SDC
3951,27,A3,3,7,1,DF,DF,False,09,09,False,Not activated
3952,27,B0,4,0,0,F3,F2,True,09,08,False,SDC
3953,27,B0,4,0,1,F3,F3,False,09,09,False,Not activated
3954,27,B0,4,1,0,F3,F1,True,09,07,False,SDC
3955,27,B0,4,1,1,F3,F3,False,09,09,False,Not activated
3956,27,B0,4,2,0,F3,F3,False,09,09,False,Not activated
3957,27,B0,4,2,1,F3,F7,True,09,0C,False,SDC
3958,27,B0,4,3,0,F3,F3,False,09,09,False,Not activated
3959,27,B0,4,3,1,F3,FB,True,09,10,False,SDC
3960,27,B0,4,4,0,F3,E3,True,09,FB,False,SDC
3961,27,B0,4,4,1,F3,F3,False,09,09,False,Not activated
3962,27,B0,4,5,0,F3,D3,True,09,ED,False,SDC
3963,27,B0,4,5,1,F3,F3,False,09,09,False,Not activated
3964,27,B0,4,6,0,F3,B3,True,09,C4,False,SDC
3965,27,B0,4,6,1,F3,F3,False,09,09,False,Not activated
3966,27,B0,4,7,0,F3,73,True,09,73,False,SDC
3967,27,B0,4,7,1,F3,F3,False,09,09,False,Not activated
3968,27,B1,5,0,0,16,16,False,09,09,False,Not activated
3969,27,B1,5,0,1,16,17,True,09,08,False,SDC
3970,27,B1,5,1,0,16,14,True,09,0A,False,SDC
3971,27,B1,5,1,1,16,16,False,09,09,False,Not activated
3972,27,B1,5,2,0,16,12,True,09,0B,False,SDC
3973,27,B1,5,2,1,16,16,False,09,09,False,Not activated
3974,27,B1,5,3,0,16,16,False,09,09,False,Not activated
3975,27,B1,5,3,1,16,1E,True,09,04,False,SDC
3976,27,B1,5,4,0,16,06,True,09,12,False,SDC
3977,27,B1,5,4,1,16,16,False,09,09,False,Not activated
3978,27,B1,5,5,0,16,16,False,09,09,False,Not activated
3979,27,B1,5,5,1,16,36,True,09,F6,False,SDC
3980,27,B1,5,6,0,16,16,False,09,09,False,Not activated
3981,27,B1,5,6,1,16,56,True,09,D4,False,SDC
3982,27,B1,5,7,0,16,16,False,09,09,False,Not activated
3983,27,B1,5,7,1,16,96,True,09,62,False,SDC
3984,27,B2,6,0,0,E6,E6,False,09,09,False,Not activated
3985,27,B2,6,0,1,E6,E7,True,09,09,False,Masked
3986,27,B2,6,1,0,E6,E4,True,09,08,False,SDC
3987,27,B2,6,1,1,E6,E6,False,09,09,False,Not activated
3988,27,B2,6,2,0,E6,E2,True,09,07,False,SDC
3989,27,B2,6,2,1,E6,E6,False,09,09,False,Not activated
3990,27,B2,6,3,0,E6,E6,False,09,09,False,Not activated
3991,27,B2,6,3,1,E6,EE,True,09,0C,False,SDC
3992,27,B2,6,4,0,E6,E6,False,09,09,False,Not activated
3993,27,B2,6,4,1,E6,F6,True,09,10,False,SDC
3994,27,B2,6,5,0,E6,C6,True,09,FB,False,SDC
3995,27,B2,6,5,1,E6,E6,False,09,09,False,Not activated
3996,27,B2,6,6,0,E6,A6,True,09,E1,False,SDC
3997,27,B2,6,6,1,E6,E6,False,09,09,False,Not activated
3998,27,B2,6,7,0,E6,66,True,09,50,False,SDC
3999,27,B2,6,7,1,E6,E6,False,09,09,False,Not activated
4000,27,B3,7,0,0,E8,E8,False,09,09,False,Not activated
4001,27,B3,7,0,1,E8,E9,True,09,09,False,Masked
4002,27,B3,7,1,0,E8,E8,False,09,09,False,Not activated
4003,27,B3,7,1,1,E8,EA,True,09,08,False,SDC
4004,27,B3,7,2,0,E8,E8,False,09,09,False,Not activated
4005,27,B3,7,2,1,E8,EC,True,09,07,False,SDC
4006,27,B3,7,3,0,E8,E0,True,09,0D,False,SDC
4007,27,B3,7,3,1,E8,E8,False,09,09,False,Not activated
4008,27,B3,7,4,0,E8,E8,False,09,09,False,Not activated
4009,27,B3,7,4,1,E8,F8,True,09,01,False,SDC
4010,27,B3,7,5,0,E8,C8,True,09,1A,False,SDC
4011,27,B3,7,5,1,E8,E8,False,09,09,False,Not activated
4012,27,B3,7,6,0,E8,A8,True,09,37,False,SDC
4013,27,B3,7,6,1,E8,E8,False,09,09,False,Not activated
4014,27,B3,7,7,0,E8,68,True,09,AC,False,SDC
4015,27,B3,7,7,1,E8,E8,False,09,09,False,Not activated
4016,27,C0,8,0,0,20,20,False,09,09,False,Not activated
4017,27,C0,8,0,1,20,21,True,09,0A,False,SDC
4018,27,C0,8,1,0,20,20,False,09,09,False,Not activated
4019,27,C0,8,1,1,20,22,True,09,0B,False,SDC
4020,27,C0,8,2,0,20,20,False,09,09,False,Not activated
4021,27,C0,8,2,1,20,24,True,09,0D,False,SDC
4022,27,C0,8,3,0,20,20,False,09,09,False,Not activated
4023,27,C0,8,3,1,20,28,True,09,11,False,SDC
4024,27,C0,8,4,0,20,20,False,09,09,False,Not activated
4025,27,C0,8,4,1,20,30,True,09,19,False,SDC
4026,27,C0,8,5,0,20,00,True,09,E9,False,SDC
4027,27,C0,8,5,1,20,20,False,09,09,False,Not activated
4028,27,C0,8,6,0,20,20,False,09,09,False,Not activated
4029,27,C0,8,6,1,20,60,True,09,54,False,SDC
4030,27,C0,8,7,0,20,20,False,09,09,False,Not activated
4031,27,C0,8,7,1,20,A0,True,09,9D,False,SDC
4032,28,A0,0,0,0,C9,C8,True,5E,5E,False,Masked
4033,28,A0,0,0,1,C9,C9,False,5E,5E,False,Not activated
4034,28,A0,0,1,0,C9,C9,False,5E,5E,False,Not activated
4035,28,A0,0,1,1,C9,CB,True,5E,5E,False,Masked
4036,28,A0,0,2,0,C9,C9,False,5E,5E,False,Not activated
4037,28,A0,0,2,1,C9,CD,True,5E,5C,False,SDC
4038,28,A0,0,3,0,C9,C1,True,5E,60,False,SDC
4039,28,A0,0,3,1,C9,C9,False,5E,5E,False,Not activated
4040,28,A0,0,4,0,C9,C9,False,5E,5E,False,Not activated
4041,28,A0,0,4,1,C9,D9,True,5E,58,False,SDC
4042,28,A0,0,5,0,C9,C9,False,5E,5E,False,Not activated
4043,28,A0,0,5,1,C9,E9,True,5E,50,False,SDC
4044,28,A0,0,6,0,C9,89,True,5E,78,False,SDC
4045,28,A0,0,6,1,C9,C9,False,5E,5E,False,Not activated
4046,28,A0,0,7,0,C9,49,True,5E,06,False,SDC
4047,28,A0,0,7,1,C9,C9,False,5E,5E,False,Not activated
4048,28,A1,1,0,0,FB,FA,True,5E,5E,False,Masked
4049,28,A1,1,0,1,FB,FB,False,5E,5E,False,Not activated
4050,28,A1,1,1,0,FB,F9,True,5E,5E,False,Masked
4051,28,A1,1,1,1,FB,FB,False,5E,5E,False,Not activated
4052,28,A1,1,2,0,FB,FB,False,5E,5E,False,Not activated
4053,28,A1,1,2,1,FB,FF,True,5E,5C,False,SDC
4054,28,A1,1,3,0,FB,F3,True,5E,60,False,SDC
4055,28,A1,1,3,1,FB,FB,False,5E,5E,False,Not activated
4056,28,A1,1,4,0,FB,EB,True,5E,61,False,SDC
4057,28,A1,1,4,1,FB,FB,False,5E,5E,False,Not activated
4058,28,A1,1,5,0,FB,DB,True,5E,62,False,SDC
4059,28,A1,1,5,1,FB,FB,False,5E,5E,False,Not activated
4060,28,A1,1,6,0,FB,BB,True,5E,65,False,SDC
4061,28,A1,1,6,1,FB,FB,False,5E,5E,False,Not activated
4062,28,A1,1,7,0,FB,7B,True,5E,8C,False,SDC
4063,28,A1,1,7,1,FB,FB,False,5E,5E,False,Not activated
4064,28,A2,2,0,0,40,40,False,5E,5E,False,Not activated
4065,28,A2,2,0,1,40,41,True,5E,5E,False,Masked
4066,28,A2,2,1,0,40,40,False,5E,5E,False,Not activated
4067,28,A2,2,1,1,40,42,True,5E,5C,False,SDC
4068,28,A2,2,2,0,40,40,False,5E,5E,False,Not activated
4069,28,A2,2,2,1,40,44,True,5E,5C,False,SDC
4070,28,A2,2,3,0,40,40,False,5E,5E,False,Not activated
4071,28,A2,2,3,1,40,48,True,5E,5A,False,SDC
4072,28,A2,2,4,0,40,40,False,5E,5E,False,Not activated
4073,28,A2,2,4,1,40,50,True,5E,56,False,SDC
4074,28,A2,2,5,0,40,40,False,5E,5E,False,Not activated
4075,28,A2,2,5,1,40,60,True,5E,4F,False,SDC
4076,28,A2,2,6,0,40,00,True,5E,63,False,SDC
4077,28,A2,2,6,1,40,40,False,5E,5E,False,Not activated
4078,28,A2,2,7,0,40,40,False,5E,5E,False,Not activated
4079,28,A2,2,7,1,40,C0,True,5E,67,False,SDC
4080,28,A3,3,0,0,40,40,False,5E,5E,False,Not activated
4081,28,A3,3,0,1,40,41,True,5E,5E,False,Masked
4082,28,A3,3,1,0,40,40,False,5E,5E,False,Not activated
4083,28,A3,3,1,1,40,42,True,5E,60,False,SDC
4084,28,A3,3,2,0,40,40,False,5E,5E,False,Not activated
4085,28,A3,3,2,1,40,44,True,5E,60,False,SDC
4086,28,A3,3,3,0,40,40,False,5E,5E,False,Not activated
4087,28,A3,3,3,1,40,48,True,5E,61,False,SDC
4088,28,A3,3,4,0,40,40,False,5E,5E,False,Not activated
4089,28,A3,3,4,1,40,50,True,5E,63,False,SDC
4090,28,A3,3,5,0,40,40,False,5E,5E,False,Not activated
4091,28,A3,3,5,1,40,60,True,5E,66,False,SDC
4092,28,A3,3,6,0,40,00,True,5E,42,False,SDC
4093,28,A3,3,6,1,40,40,False,5E,5E,False,Not activated
4094,28,A3,3,7,0,40,40,False,5E,5E,False,Not activated
4095,28,A3,3,7,1,40,C0,True,5E,0F,False,SDC
4096,28,B0,4,0,0,C9,C8,True,5E,5E,False,Masked
4097,28,B0,4,0,1,C9,C9,False,5E,5E,False,Not activated
4098,28,B0,4,1,0,C9,C9,False,5E,5E,False,Not activated
4099,28,B0,4,1,1,C9,CB,True,5E,5E,False,Masked
4100,28,B0,4,2,0,C9,C9,False,5E,5E,False,Not activated
4101,28,B0,4,2,1,C9,CD,True,5E,5C,False,SDC
4102,28,B0,4,3,0,C9,C1,True,5E,60,False,SDC
4103,28,B0,4,3,1,C9,C9,False,5E,5E,False,Not activated
4104,28,B0,4,4,0,C9,C9,False,5E,5E,False,Not activated
4105,28,B0,4,4,1,C9,D9,True,5E,58,False,SDC
4106,28,B0,4,5,0,C9,C9,False,5E,5E,False,Not activated
4107,28,B0,4,5,1,C9,E9,True,5E,50,False,SDC
4108,28,B0,4,6,0,C9,89,True,5E,78,False,SDC
4109,28,B0,4,6,1,C9,C9,False,5E,5E,False,Not activated
4110,28,B0,4,7,0,C9,49,True,5E,06,False,SDC
4111,28,B0,4,7,1,C9,C9,False,5E,5E,False,Not activated
4112,28,B1,5,0,0,DB,DA,True,5E,5E,False,Masked
4113,28,B1,5,0,1,DB,DB,False,5E,5E,False,Not activated
4114,28,B1,5,1,0,DB,D9,True,5E,5E,False,Masked
4115,28,B1,5,1,1,DB,DB,False,5E,5E,False,Not activated
4116,28,B1,5,2,0,DB,DB,False,5E,5E,False,Not activated
4117,28,B1,5,2,1,DB,DF,True,5E,5E,False,Masked
4118,28,B1,5,3,0,DB,D3,True,5E,5E,False,Masked
4119,28,B1,5,3,1,DB,DB,False,5E,5E,False,Not activated
4120,28,B1,5,4,0,DB,CB,True,5E,5E,False,Masked
4121,28,B1,5,4,1,DB,DB,False,5E,5E,False,Not activated
4122,28,B1,5,5,0,DB,DB,False,5E,5E,False,Not activated
4123,28,B1,5,5,1,DB,FB,True,5E,5C,False,SDC
4124,28,B1,5,6,0,DB,9B,True,5E,61,False,SDC
4125,28,B1,5,6,1,DB,DB,False,5E,5E,False,Not activated
4126,28,B1,5,7,0,DB,5B,True,5E,58,False,SDC
4127,28,B1,5,7,1,DB,DB,False,5E,5E,False,Not activated
4128,28,B2,6,0,0,E2,E2,False,5E,5E,False,Not activated
4129,28,B2,6,0,1,E2,E3,True,5E,5E,False,Masked
4130,28,B2,6,1,0,E2,E0,True,5E,5C,False,SDC
4131,28,B2,6,1,1,E2,E2,False,5E,5E,False,Not activated
4132,28,B2,6,2,0,E2,E2,False,5E,5E,False,Not activated
4133,28,B2,6,2,1,E2,E6,True,5E,60,False,SDC
4134,28,B2,6,3,0,E2,E2,False,5E,5E,False,Not activated
4135,28,B2,6,3,1,E2,EA,True,5E,61,False,SDC
4136,28,B2,6,4,0,E2,E2,False,5E,5E,False,Not activated
4137,28,B2,6,4,1,E2,F2,True,5E,62,False,SDC
4138,28,B2,6,5,0,E2,C2,True,5E,4E,False,SDC
4139,28,B2,6,5,1,E2,E2,False,5E,5E,False,Not activated
4140,28,B2,6,6,0,E2,A2,True,5E,1F,False,SDC
4141,28,B2,6,6,1,E2,E2,False,5E,5E,False,Not activated
4142,28,B2,6,7,0,E2,62,True,5E,71,False,SDC
4143,28,B2,6,7,1,E2,E2,False,5E,5E,False,Not activated
4144,28,B3,7,0,0,37,36,True,5E,5E,False,Masked
4145,28,B3,7,0,1,37,37,False,5E,5E,False,Not activated
4146,28,B3,7,1,0,37,35,True,5E,5C,False,SDC
4147,28,B3,7,1,1,37,37,False,5E,5E,False,Not activated
4148,28,B3,7,2,0,37,33,True,5E,5C,False,SDC
4149,28,B3,7,2,1,37,37,False,5E,5E,False,Not activated
4150,28,B3,7,3,0,37,37,False,5E,5E,False,Not activated
4151,28,B3,7,3,1,37,3F,True,5E,61,False,SDC
4152,28,B3,7,4,0,37,27,True,5E,56,False,SDC
4153,28,B3,7,4,1,37,37,False,5E,5E,False,Not activated
4154,28,B3,7,5,0,37,17,True,5E,4E,False,SDC
4155,28,B3,7,5,1,37,37,False,5E,5E,False,Not activated
4156,28,B3,7,6,0,37,37,False,5E,5E,False,Not activated
4157,28,B3,7,6,1,37,77,True,5E,78,False,SDC
4158,28,B3,7,7,0,37,37,False,5E,5E,False,Not activated
4159,28,B3,7,7,1,37,B7,True,5E,F3,False,SDC
4160,28,C0,8,0,0,31,30,True,5E,5E,False,Masked
4161,28,C0,8,0,1,31,31,False,5E,5E,False,Not activated
4162,28,C0,8,1,0,31,31,False,5E,5E,False,Not activated
4163,28,C0,8,1,1,31,33,True,5E,60,False,SDC
4164,28,C0,8,2,0,31,31,False,5E,5E,False,Not activated
4165,28,C0,8,2,1,31,35,True,5E,60,False,SDC
4166,28,C0,8,3,0,31,31,False,5E,5E,False,Not activated
4167,28,C0,8,3,1,31,39,True,5E,61,False,SDC
4168,28,C0,8,4,0,31,21,True,5E,56,False,SDC
4169,28,C0,8,4,1,31,31,False,5E,5E,False,Not activated
4170,28,C0,8,5,0,31,11,True,5E,4E,False,SDC
4171,28,C0,8,5,1,31,31,False,5E,5E,False,Not activated
4172,28,C0,8,6,0,31,31,False,5E,5E,False,Not activated
4173,28,C0,8,6,1,31,71,True,5E,73,False,SDC
4174,28,C0,8,7,0,31,31,False,5E,5E,False,Not activated
4175,28,C0,8,7,1,31,B1,True,5E,EE,False,SDC
4176,29,A0,0,0,0,31,30,True,BA,BA,False,Masked
4177,29,A0,0,0,1,31,31,False,BA,BA,False,Not activated
4178,29,A0,0,1,0,31,31,False,BA,BA,False,Not activated
4179,29,A0,0,1,1,31,33,True,BA,BA,False,Masked
4180,29,A0,0,2,0,31,31,False,BA,BA,False,Not activated
4181,29,A0,0,2,1,31,35,True,BA,BA,False,Masked
4182,29,A0,0,3,0,31,31,False,BA,BA,False,Not activated
4183,29,A0,0,3,1,31,39,True,BA,BB,False,SDC
4184,29,A0,0,4,0,31,21,True,BA,B6,False,SDC
4185,29,A0,0,4,1,31,31,False,BA,BA,False,Not activated
4186,29,A0,0,5,0,31,11,True,BA,B3,False,SDC
4187,29,A0,0,5,1,31,31,False,BA,BA,False,Not activated
4188,29,A0,0,6,0,31,31,False,BA,BA,False,Not activated
4189,29,A0,0,6,1,31,71,True,BA,13,False,SDC
4190,29,A0,0,7,0,31,31,False,BA,BA,False,Not activated
4191,29,A0,0,7,1,31,B1,True,BA,9F,False,SDC
4192,29,A1,1,0,0,EF,EE,True,BA,BA,False,Masked
4193,29,A1,1,0,1,EF,EF,False,BA,BA,False,Not activated
4194,29,A1,1,1,0,EF,ED,True,BA,BA,False,Masked
4195,29,A1,1,1,1,EF,EF,False,BA,BA,False,Not activated
4196,29,A1,1,2,0,EF,EB,True,BA,B9,False,SDC
4197,29,A1,1,2,1,EF,EF,False,BA,BA,False,Not activated
4198,29,A1,1,3,0,EF,E7,True,BA,B9,False,SDC
4199,29,A1,1,3,1,EF,EF,False,BA,BA,False,Not activated
4200,29,A1,1,4,0,EF,EF,False,BA,BA,False,Not activated
4201,29,A1,1,4,1,EF,FF,True,BA,BB,False,SDC
4202,29,A1,1,5,0,EF,CF,True,BA,B6,False,SDC
4203,29,A1,1,5,1,EF,EF,False,BA,BA,False,Not activated
4204,29,A1,1,6,0,EF,AF,True,BA,B1,False,SDC
4205,29,A1,1,6,1,EF,EF,False,BA,BA,False,Not activated
4206,29,A1,1,7,0,EF,6F,True,BA,ED,False,SDC
4207,29,A1,1,7,1,EF,EF,False,BA,BA,False,Not activated
4208,29,A2,2,0,0,D4,D4,False,BA,BA,False,Not activated
4209,29,A2,2,0,1,D4,D5,True,BA,BA,False,Masked
4210,29,A2,2,1,0,D4,D4,False,BA,BA,False,Not activated
4211,29,A2,2,1,1,D4,D6,True,BA,BA,False,Masked
4212,29,A2,2,2,0,D4,D0,True,BA,B8,False,SDC
4213,29,A2,2,2,1,D4,D4,False,BA,BA,False,Not activated
4214,29,A2,2,3,0,D4,D4,False,BA,BA,False,Not activated
4215,29,A2,2,3,1,D4,DC,True,BA,BE,False,SDC
4216,29,A2,2,4,0,D4,C4,True,BA,B2,False,SDC
4217,29,A2,2,4,1,D4,D4,False,BA,BA,False,Not activated
4218,29,A2,2,5,0,D4,D4,False,BA,BA,False,Not activated
4219,29,A2,2,5,1,D4,F4,True,BA,D2,False,SDC
4220,29,A2,2,6,0,D4,94,True,BA,91,False,SDC
4221,29,A2,2,6,1,D4,D4,False,BA,BA,False,Not activated
4222,29,A2,2,7,0,D4,54,True,BA,40,False,SDC
4223,29,A2,2,7,1,D4,D4,False,BA,BA,False,Not activated
4224,29,A3,3,0,0,2B,2A,True,BA,BA,False,Masked
4225,29,A3,3,0,1,2B,2B,False,BA,BA,False,Not activated
4226,29,A3,3,1,0,2B,29,True,BA,BA,False,Masked
4227,29,A3,3,1,1,2B,2B,False,BA,BA,False,Not activated
4228,29,A3,3,2,0,2B,2B,False,BA,BA,False,Not activated
4229,29,A3,3,2,1,2B,2F,True,BA,BA,False,Masked
4230,29,A3,3,3,0,2B,23,True,BA,B8,False,SDC
4231,29,A3,3,3,1,2B,2B,False,BA,BA,False,Not activated
4232,29,A3,3,4,0,2B,2B,False,BA,BA,False,Not activated
4233,29,A3,3,4,1,2B,3B,True,BA,BC,False,SDC
4234,29,A3,3,5,0,2B,0B,True,BA,B4,False,SDC
4235,29,A3,3,5,1,2B,2B,False,BA,BA,False,Not activated
4236,29,A3,3,6,0,2B,2B,False,BA,BA,False,Not activated
4237,29,A3,3,6,1,2B,6B,True,BA,EA,False,SDC
4238,29,A3,3,7,0,2B,2B,False,BA,BA,False,Not activated
4239,29,A3,3,7,1,2B,AB,True,BA,A2,False,SDC
4240,29,B0,4,0,0,1A,1A,False,BA,BA,False,Not activated
4241,29,B0,4,0,1,1A,1B,True,BA,BA,False,Masked
4242,29,B0,4,1,0,1A,18,True,BA,B8,False,SDC
4243,29,B0,4,1,1,1A,1A,False,BA,BA,False,Not activated
4244,29,B0,4,2,0,1A,1A,False,BA,BA,False,Not activated
4245,29,B0,4,2,1,1A,1E,True,BA,BB,False,SDC
4246,29,B0,4,3,0,1A,12,True,BA,B6,False,SDC
4247,29,B0,4,3,1,1A,1A,False,BA,BA,False,Not activated
4248,29,B0,4,4,0,1A,0A,True,BA,B4,False,SDC
4249,29,B0,4,4,1,1A,1A,False,BA,BA,False,Not activated
4250,29,B0,4,5,0,1A,1A,False,BA,BA,False,Not activated
4251,29,B0,4,5,1,1A,3A,True,BA,CB,False,SDC
4252,29,B0,4,6,0,1A,1A,False,BA,BA,False,Not activated
4253,29,B0,4,6,1,1A,5A,True,BA,F7,False,SDC
4254,29,B0,4,7,0,1A,1A,False,BA,BA,False,Not activated
4255,29,B0,4,7,1,1A,9A,True,BA,92,False,SDC
4256,29,B1,5,0,0,0E,0E,False,BA,BA,False,Not activated
4257,29,B1,5,0,1,0E,0F,True,BA,BA,False,Masked
4258,29,B1,5,1,0,0E,0C,True,BA,BA,False,Masked
4259,29,B1,5,1,1,0E,0E,False,BA,BA,False,Not activated
4260,29,B1,5,2,0,0E,0A,True,BA,BA,False,Masked
4261,29,B1,5,2,1,0E,0E,False,BA,BA,False,Not activated
4262,29,B1,5,3,0,0E,06,True,BA,BA,False,Masked
4263,29,B1,5,3,1,0E,0E,False,BA,BA,False,Not activated
4264,29,B1,5,4,0,0E,0E,False,BA,BA,False,Not activated
4265,29,B1,5,4,1,0E,1E,True,BA,B8,False,SDC
4266,29,B1,5,5,0,0E,0E,False,BA,BA,False,Not activated
4267,29,B1,5,5,1,0E,2E,True,BA,B6,False,SDC
4268,29,B1,5,6,0,0E,0E,False,BA,BA,False,Not activated
4269,29,B1,5,6,1,0E,4E,True,BA,B0,False,SDC
4270,29,B1,5,7,0,0E,0E,False,BA,BA,False,Not activated
4271,29,B1,5,7,1,0E,8E,True,BA,0B,False,SDC
4272,29,B2,6,0,0,3E,3E,False,BA,BA,False,Not activated
4273,29,B2,6,0,1,3E,3F,True,BA,BA,False,Masked
4274,29,B2,6,1,0,3E,3C,True,BA,BA,False,Masked
4275,29,B2,6,1,1,3E,3E,False,BA,BA,False,Not activated
4276,29,B2,6,2,0,3E,3A,True,BA,BB,False,SDC
4277,29,B2,6,2,1,3E,3E,False,BA,BA,False,Not activated
4278,29,B2,6,3,0,3E,36,True,BA,BC,False,SDC
4279,29,B2,6,3,1,3E,3E,False,BA,BA,False,Not activated
4280,29,B2,6,4,0,3E,2E,True,BA,BF,False,SDC
4281,29,B2,6,4,1,3E,3E,False,BA,BA,False,Not activated
4282,29,B2,6,5,0,3E,1E,True,BA,C9,False,SDC
4283,29,B2,6,5,1,3E,3E,False,BA,BA,False,Not activated
4284,29,B2,6,6,0,3E,3E,False,BA,BA,False,Not activated
4285,29,B2,6,6,1,3E,7E,True,BA,83,False,SDC
4286,29,B2,6,7,0,3E,3E,False,BA,BA,False,Not activated
4287,29,B2,6,7,1,3E,BE,True,BA,0D,False,SDC
4288,29,B3,7,0,0,14,14,False,BA,BA,False,Not activated
4289,29,B3,7,0,1,14,15,True,BA,BA,False,Masked
4290,29,B3,7,1,0,14,14,False,BA,BA,False,Not activated
4291,29,B3,7,1,1,14,16,True,BA,BA,False,Masked
4292,29,B3,7,2,0,14,10,True,BA,B8,False,SDC
4293,29,B3,7,2,1,14,14,False,BA,BA,False,Not activated
4294,29,B3,7,3,0,14,14,False,BA,BA,False,Not activated
4295,29,B3,7,3,1,14,1C,True,BA,BC,False,SDC
4296,29,B3,7,4,0,14,04,True,BA,B4,False,SDC
4297,29,B3,7,4,1,14,14,False,BA,BA,False,Not activated
4298,29,B3,7,5,0,14,14,False,BA,BA,False,Not activated
4299,29,B3,7,5,1,14,34,True,BA,C9,False,SDC
4300,29,B3,7,6,0,14,14,False,BA,BA,False,Not activated
4301,29,B3,7,6,1,14,54,True,BA,EC,False,SDC
4302,29,B3,7,7,0,14,14,False,BA,BA,False,Not activated
4303,29,B3,7,7,1,14,94,True,BA,92,False,SDC
4304,29,C0,8,0,0,C1,C0,True,BA,B9,False,SDC
4305,29,C0,8,0,1,C1,C1,False,BA,BA,False,Not activated
4306,29,C0,8,1,0,C1,C1,False,BA,BA,False,Not activated
4307,29,C0,8,1,1,C1,C3,True,BA,BA,False,Masked
4308,29,C0,8,2,0,C1,C1,False,BA,BA,False,Not activated
4309,29,C0,8,2,1,C1,C5,True,BA,BC,False,SDC
4310,29,C0,8,3,0,C1,C1,False,BA,BA,False,Not activated
4311,29,C0,8,3,1,C1,C9,True,BA,BE,False,SDC
4312,29,C0,8,4,0,C1,C1,False,BA,BA,False,Not activated
4313,29,C0,8,4,1,C1,D1,True,BA,C3,False,SDC
4314,29,C0,8,5,0,C1,C1,False,BA,BA,False,Not activated
4315,29,C0,8,5,1,C1,E1,True,BA,D3,False,SDC
4316,29,C0,8,6,0,C1,81,True,BA,81,False,SDC
4317,29,C0,8,6,1,C1,C1,False,BA,BA,False,Not activated
4318,29,C0,8,7,0,C1,41,True,BA,34,False,SDC
4319,29,C0,8,7,1,C1,C1,False,BA,BA,False,Not activated
4320,30,A0,0,0,0,29,28,True,CF,D0,False,SDC
4321,30,A0,0,0,1,29,29,False,CF,CF,False,Not activated
4322,30,A0,0,1,0,29,29,False,CF,CF,False,Not activated
4323,30,A0,0,1,1,29,2B,True,CF,CD,False,SDC
4324,30,A0,0,2,0,29,29,False,CF,CF,False,Not activated
4325,30,A0,0,2,1,29,2D,True,CF,CC,False,SDC
4326,30,A0,0,3,0,29,21,True,CF,D5,False,SDC
4327,30,A0,0,3,1,29,29,False,CF,CF,False,Not activated
4328,30,A0,0,4,0,29,29,False,CF,CF,False,Not activated
4329,30,A0,0,4,1,29,39,True,CF,C3,False,SDC
4330,30,A0,0,5,0,29,09,True,CF,E6,False,SDC
4331,30,A0,0,5,1,29,29,False,CF,CF,False,Not activated
4332,30,A0,0,6,0,29,29,False,CF,CF,False,Not activated
4333,30,A0,0,6,1,29,69,True,CF,9B,False,SDC
4334,30,A0,0,7,0,29,29,False,CF,CF,False,Not activated
4335,30,A0,0,7,1,29,A9,True,CF,3D,False,SDC
4336,30,A1,1,0,0,E6,E6,False,CF,CF,False,Not activated
4337,30,A1,1,0,1,E6,E7,True,CF,CE,False,SDC
4338,30,A1,1,1,0,E6,E4,True,CF,D0,False,SDC
4339,30,A1,1,1,1,E6,E6,False,CF,CF,False,Not activated
4340,30,A1,1,2,0,E6,E2,True,CF,D2,False,SDC
4341,30,A1,1,2,1,E6,E6,False,CF,CF,False,Not activated
4342,30,A1,1,3,0,E6,E6,False,CF,CF,False,Not activated
4343,30,A1,1,3,1,E6,EE,True,CF,C9,False,SDC
4344,30,A1,1,4,0,E6,E6,False,CF,CF,False,Not activated
4345,30,A1,1,4,1,E6,F6,True,CF,C3,False,SDC
4346,30,A1,1,5,0,E6,C6,True,CF,E7,False,SDC
4347,30,A1,1,5,1,E6,E6,False,CF,CF,False,Not activated
4348,30,A1,1,6,0,E6,A6,True,CF,13,False,SDC
4349,30,A1,1,6,1,E6,E6,False,CF,CF,False,Not activated
4350,30,A1,1,7,0,E6,66,True,CF,96,False,SDC
4351,30,A1,1,7,1,E6,E6,False,CF,CF,False,Not activated
4352,30,A2,2,0,0,15,14,True,CF,CF,False,Masked
4353,30,A2,2,0,1,15,15,False,CF,CF,False,Not activated
4354,30,A2,2,1,0,15,15,False,CF,CF,False,Not activated
4355,30,A2,2,1,1,15,17,True,CF,CD,False,SDC
4356,30,A2,2,2,0,15,11,True,CF,D2,False,SDC
4357,30,A2,2,2,1,15,15,False,CF,CF,False,Not activated
4358,30,A2,2,3,0,15,15,False,CF,CF,False,Not activated
4359,30,A2,2,3,1,15,1D,True,CF,C8,False,SDC
4360,30,A2,2,4,0,15,05,True,CF,DB,False,SDC
4361,30,A2,2,4,1,15,15,False,CF,CF,False,Not activated
4362,30,A2,2,5,0,15,15,False,CF,CF,False,Not activated
4363,30,A2,2,5,1,15,35,True,CF,BB,False,SDC
4364,30,A2,2,6,0,15,15,False,CF,CF,False,Not activated
4365,30,A2,2,6,1,15,55,True,CF,A6,False,SDC
4366,30,A2,2,7,0,15,15,False,CF,CF,False,Not activated
4367,30,A2,2,7,1,15,95,True,CF,61,False,SDC
4368,30,A3,3,0,0,38,38,False,CF,CF,False,Not activated
4369,30,A3,3,0,1,38,39,True,CF,CF,False,Masked
4370,30,A3,3,1,0,38,38,False,CF,CF,False,Not activated
4371,30,A3,3,1,1,38,3A,True,CF,CF,False,Masked
4372,30,A3,3,2,0,38,38,False,CF,CF,False,Not activated
4373,30,A3,3,2,1,38,3C,True,CF,D0,False,SDC
4374,30,A3,3,3,0,38,30,True,CF,CE,False,SDC
4375,30,A3,3,3,1,38,38,False,CF,CF,False,Not activated
4376,30,A3,3,4,0,38,28,True,CF,CD,False,SDC
4377,30,A3,3,4,1,38,38,False,CF,CF,False,Not activated
4378,30,A3,3,5,0,38,18,True,CF,CC,False,SDC
4379,30,A3,3,5,1,38,38,False,CF,CF,False,Not activated
4380,30,A3,3,6,0,38,38,False,CF,CF,False,Not activated
4381,30,A3,3,6,1,38,78,True,CF,01,False,SDC
4382,30,A3,3,7,0,38,38,False,CF,CF,False,Not activated
4383,30,A3,3,7,1,38,B8,True,CF,C0,False,SDC
4384,30,B0,4,0,0,D1,D0,True,CF,CE,False,SDC
4385,30,B0,4,0,1,D1,D1,False,CF,CF,False,Not activated
4386,30,B0,4,1,0,D1,D1,False,CF,CF,False,Not activated
4387,30,B0,4,1,1,D1,D3,True,CF,D0,False,SDC
4388,30,B0,4,2,0,D1,D1,False,CF,CF,False,Not activated
4389,30,B0,4,2,1,D1,D5,True,CF,D1,False,SDC
4390,30,B0,4,3,0,D1,D1,False,CF,CF,False,Not activated
4391,30,B0,4,3,1,D1,D9,True,CF,D4,False,SDC
4392,30,B0,4,4,0,D1,C1,True,CF,C5,False,SDC
4393,30,B0,4,4,1,D1,D1,False,CF,CF,False,Not activated
4394,30,B0,4,5,0,D1,D1,False,CF,CF,False,Not activated
4395,30,B0,4,5,1,D1,F1,True,CF,E3,False,SDC
4396,30,B0,4,6,0,D1,91,True,CF,99,False,SDC
4397,30,B0,4,6,1,D1,D1,False,CF,CF,False,Not activated
4398,30,B0,4,7,0,D1,51,True,CF,2D,False,SDC
4399,30,B0,4,7,1,D1,D1,False,CF,CF,False,Not activated
4400,30,B1,5,0,0,CF,CE,True,CF,CF,False,Masked
4401,30,B1,5,0,1,CF,CF,False,CF,CF,False,Not activated
4402,30,B1,5,1,0,CF,CD,True,CF,D0,False,SDC
4403,30,B1,5,1,1,CF,CF,False,CF,CF,False,Not activated
4404,30,B1,5,2,0,CF,CB,True,CF,D1,False,SDC
4405,30,B1,5,2,1,CF,CF,False,CF,CF,False,Not activated
4406,30,B1,5,3,0,CF,C7,True,CF,D2,False,SDC
4407,30,B1,5,3,1,CF,CF,False,CF,CF,False,Not activated
4408,30,B1,5,4,0,CF,CF,False,CF,CF,False,Not activated
4409,30,B1,5,4,1,CF,DF,True,CF,C8,False,SDC
4410,30,B1,5,5,0,CF,CF,False,CF,CF,False,Not activated
4411,30,B1,5,5,1,CF,EF,True,CF,C2,False,SDC
4412,30,B1,5,6,0,CF,8F,True,CF,2F,False,SDC
4413,30,B1,5,6,1,CF,CF,False,CF,CF,False,Not activated
4414,30,B1,5,7,0,CF,4F,True,CF,AA,False,SDC
4415,30,B1,5,7,1,CF,CF,False,CF,CF,False,Not activated
4416,30,B2,6,0,0,CE,CE,False,CF,CF,False,Not activated
4417,30,B2,6,0,1,CE,CF,True,CF,CF,False,Masked
4418,30,B2,6,1,0,CE,CC,True,CF,CE,False,SDC
4419,30,B2,6,1,1,CE,CE,False,CF,CF,False,Not activated
4420,30,B2,6,2,0,CE,CA,True,CF,CD,False,SDC
4421,30,B2,6,2,1,CE,CE,False,CF,CF,False,Not activated
4422,30,B2,6,3,0,CE,C6,True,CF,CC,False,SDC
4423,30,B2,6,3,1,CE,CE,False,CF,CF,False,Not activated
4424,30,B2,6,4,0,CE,CE,False,CF,CF,False,Not activated
4425,30,B2,6,4,1,CE,DE,True,CF,D4,False,SDC
4426,30,B2,6,5,0,CE,CE,False,CF,CF,False,Not activated
4427,30,B2,6,5,1,CE,EE,True,CF,D9,False,SDC
4428,30,B2,6,6,0,CE,8E,True,CF,9F,False,SDC
4429,30,B2,6,6,1,CE,CE,False,CF,CF,False,Not activated
4430,30,B2,6,7,0,CE,4E,True,CF,FD,False,SDC
4431,30,B2,6,7,1,CE,CE,False,CF,CF,False,Not activated
4432,30,B3,7,0,0,07,06,True,CF,CE,False,SDC
4433,30,B3,7,0,1,07,07,False,CF,CF,False,Not activated
4434,30,B3,7,1,0,07,05,True,CF,CD,False,SDC
4435,30,B3,7,1,1,07,07,False,CF,CF,False,Not activated
4436,30,B3,7,2,0,07,03,True,CF,CC,False,SDC
4437,30,B3,7,2,1,07,07,False,CF,CF,False,Not activated
4438,30,B3,7,3,0,07,07,False,CF,CF,False,Not activated
4439,30,B3,7,3,1,07,0F,True,CF,D6,False,SDC
4440,30,B3,7,4,0,07,07,False,CF,CF,False,Not activated
4441,30,B3,7,4,1,07,17,True,CF,DD,False,SDC
4442,30,B3,7,5,0,07,07,False,CF,CF,False,Not activated
4443,30,B3,7,5,1,07,27,True,CF,EB,False,SDC
4444,30,B3,7,6,0,07,07,False,CF,CF,False,Not activated
4445,30,B3,7,6,1,07,47,True,CF,0D,False,SDC
4446,30,B3,7,7,0,07,07,False,CF,CF,False,Not activated
4447,30,B3,7,7,1,07,87,True,CF,88,False,SDC
4448,30,C0,8,0,0,E3,E2,True,CF,CE,False,SDC
4449,30,C0,8,0,1,E3,E3,False,CF,CF,False,Not activated
4450,30,C0,8,1,0,E3,E1,True,CF,CD,False,SDC
4451,30,C0,8,1,1,E3,E3,False,CF,CF,False,Not activated
4452,30,C0,8,2,0,E3,E3,False,CF,CF,False,Not activated
4453,30,C0,8,2,1,E3,E7,True,CF,D3,False,SDC
4454,30,C0,8,3,0,E3,E3,False,CF,CF,False,Not activated
4455,30,C0,8,3,1,E3,EB,True,CF,D7,False,SDC
4456,30,C0,8,4,0,E3,E3,False,CF,CF,False,Not activated
4457,30,C0,8,4,1,E3,F3,True,CF,DF,False,SDC
4458,30,C0,8,5,0,E3,C3,True,CF,B8,False,SDC
4459,30,C0,8,5,1,E3,E3,False,CF,CF,False,Not activated
4460,30,C0,8,6,0,E3,A3,True,CF,9E,False,SDC
4461,30,C0,8,6,1,E3,E3,False,CF,CF,False,Not activated
4462,30,C0,8,7,0,E3,63,True,CF,60,False,SDC
4463,30,C0,8,7,1,E3,E3,False,CF,CF,False,Not activated
4464,31,A0,0,0,0,0D,0C,True,B9,B9,False,Masked
4465,31,A0,0,0,1,0D,0D,False,B9,B9,False,Not activated
4466,31,A0,0,1,0,0D,0D,False,B9,B9,False,Not activated
4467,31,A0,0,1,1,0D,0F,True,B9,B8,False,SDC
4468,31,A0,0,2,0,0D,09,True,B9,BA,False,SDC
4469,31,A0,0,2,1,0D,0D,False,B9,B9,False,Not activated
4470,31,A0,0,3,0,0D,05,True,B9,BB,False,SDC
4471,31,A0,0,3,1,0D,0D,False,B9,B9,False,Not activated
4472,31,A0,0,4,0,0D,0D,False,B9,B9,False,Not activated
4473,31,A0,0,4,1,0D,1D,True,B9,B5,False,SDC
4474,31,A0,0,5,0,0D,0D,False,B9,B9,False,Not activated
4475,31,A0,0,5,1,0D,2D,True,B9,B2,False,SDC
4476,31,A0,0,6,0,0D,0D,False,B9,B9,False,Not activated
4477,31,A0,0,6,1,0D,4D,True,B9,A7,False,SDC
4478,31,A0,0,7,0,0D,0D,False,B9,B9,False,Not activated
4479,31,A0,0,7,1,0D,8D,True,B9,52,False,SDC
4480,31,A1,1,0,0,1C,1C,False,B9,B9,False,Not activated
4481,31,A1,1,0,1,1C,1D,True,B9,B9,False,Masked
4482,31,A1,1,1,0,1C,1C,False,B9,B9,False,Not activated
4483,31,A1,1,1,1,1C,1E,True,B9,B9,False,Masked
4484,31,A1,1,2,0,1C,18,True,B9,B9,False,Masked
4485,31,A1,1,2,1,1C,1C,False,B9,B9,False,Not activated
4486,31,A1,1,3,0,1C,14,True,B9,B9,False,Masked
4487,31,A1,1,3,1,1C,1C,False,B9,B9,False,Not activated
4488,31,A1,1,4,0,1C,0C,True,B9,B9,False,Masked
4489,31,A1,1,4,1,1C,1C,False,B9,B9,False,Not activated
4490,31,A1,1,5,0,1C,1C,False,B9,B9,False,Not activated
4491,31,A1,1,5,1,1C,3C,True,B9,B9,False,Masked
4492,31,A1,1,6,0,1C,1C,False,B9,B9,False,Not activated
4493,31,A1,1,6,1,1C,5C,True,B9,B8,False,SDC
4494,31,A1,1,7,0,1C,1C,False,B9,B9,False,Not activated
4495,31,A1,1,7,1,1C,9C,True,B9,BA,False,SDC
4496,31,A2,2,0,0,DA,DA,False,B9,B9,False,Not activated
4497,31,A2,2,0,1,DA,DB,True,B9,BA,False,SDC
4498,31,A2,2,1,0,DA,D8,True,B9,B8,False,SDC
4499,31,A2,2,1,1,DA,DA,False,B9,B9,False,Not activated
4500,31,A2,2,2,0,DA,DA,False,B9,B9,False,Not activated
4501,31,A2,2,2,1,DA,DE,True,B9,BA,False,SDC
4502,31,A2,2,3,0,DA,D2,True,B9,B6,False,SDC
4503,31,A2,2,3,1,DA,DA,False,B9,B9,False,Not activated
4504,31,A2,2,4,0,DA,CA,True,B9,B2,False,SDC
4505,31,A2,2,4,1,DA,DA,False,B9,B9,False,Not activated
4506,31,A2,2,5,0,DA,DA,False,B9,B9,False,Not activated
4507,31,A2,2,5,1,DA,FA,True,B9,CC,False,SDC
4508,31,A2,2,6,0,DA,9A,True,B9,98,False,SDC
4509,31,A2,2,6,1,DA,DA,False,B9,B9,False,Not activated
4510,31,A2,2,7,0,DA,5A,True,B9,30,False,SDC
4511,31,A2,2,7,1,DA,DA,False,B9,B9,False,Not activated
4512,31,A3,3,0,0,11,10,True,B9,B8,False,SDC
4513,31,A3,3,0,1,11,11,False,B9,B9,False,Not activated
4514,31,A3,3,1,0,11,11,False,B9,B9,False,Not activated
4515,31,A3,3,1,1,11,13,True,B9,BA,False,SDC
4516,31,A3,3,2,0,11,11,False,B9,B9,False,Not activated
4517,31,A3,3,2,1,11,15,True,B9,BA,False,SDC
4518,31,A3,3,3,0,11,11,False,B9,B9,False,Not activated
4519,31,A3,3,3,1,11,19,True,B9,BC,False,SDC
4520,31,A3,3,4,0,11,01,True,B9,B4,False,SDC
4521,31,A3,3,4,1,11,11,False,B9,B9,False,Not activated
4522,31,A3,3,5,0,11,11,False,B9,B9,False,Not activated
4523,31,A3,3,5,1,11,31,True,B9,C8,False,SDC
4524,31,A3,3,6,0,11,11,False,B9,B9,False,Not activated
4525,31,A3,3,6,1,11,51,True,B9,EA,False,SDC
4526,31,A3,3,7,0,11,11,False,B9,B9,False,Not activated
4527,31,A3,3,7,1,11,91,True,B9,90,False,SDC
4528,31,B0,4,0,0,E2,E2,False,B9,B9,False,Not activated
4529,31,B0,4,0,1,E2,E3,True,B9,B9,False,Masked
4530,31,B0,4,1,0,E2,E0,True,B9,B9,False,Masked
4531,31,B0,4,1,1,E2,E2,False,B9,B9,False,Not activated
4532,31,B0,4,2,0,E2,E2,False,B9,B9,False,Not activated
4533,31,B0,4,2,1,E2,E6,True,B9,BA,False,SDC
4534,31,B0,4,3,0,E2,E2,False,B9,B9,False,Not activated
4535,31,B0,4,3,1,E2,EA,True,B9,BA,False,SDC
4536,31,B0,4,4,0,E2,E2,False,B9,B9,False,Not activated
4537,31,B0,4,4,1,E2,F2,True,B9,BA,False,SDC
4538,31,B0,4,5,0,E2,C2,True,B9,B6,False,SDC
4539,31,B0,4,5,1,E2,E2,False,B9,B9,False,Not activated
4540,31,B0,4,6,0,E2,A2,True,B9,B0,False,SDC
4541,31,B0,4,6,1,E2,E2,False,B9,B9,False,Not activated
4542,31,B0,4,7,0,E2,62,True,B9,D5,False,SDC
4543,31,B0,4,7,1,E2,E2,False,B9,B9,False,Not activated
4544,31,B1,5,0,0,FF,FE,True,B9,B9,False,Masked
4545,31,B1,5,0,1,FF,FF,False,B9,B9,False,Not activated
4546,31,B1,5,1,0,FF,FD,True,B9,B9,False,Masked
4547,31,B1,5,1,1,FF,FF,False,B9,B9,False,Not activated
4548,31,B1,5,2,0,FF,FB,True,B9,B8,False,SDC
4549,31,B1,5,2,1,FF,FF,False,B9,B9,False,Not activated
4550,31,B1,5,3,0,FF,F7,True,B9,B8,False,SDC
4551,31,B1,5,3,1,FF,FF,False,B9,B9,False,Not activated
4552,31,B1,5,4,0,FF,EF,True,B9,B6,False,SDC
4553,31,B1,5,4,1,FF,FF,False,B9,B9,False,Not activated
4554,31,B1,5,5,0,FF,DF,True,B9,B2,False,SDC
4555,31,B1,5,5,1,FF,FF,False,B9,B9,False,Not activated
4556,31,B1,5,6,0,FF,BF,True,B9,AB,False,SDC
4557,31,B1,5,6,1,FF,FF,False,B9,B9,False,Not activated
4558,31,B1,5,7,0,FF,7F,True,B9,7E,False,SDC
4559,31,B1,5,7,1,FF,FF,False,B9,B9,False,Not activated
4560,31,B2,6,0,0,34,34,False,B9,B9,False,Not activated
4561,31,B2,6,0,1,34,35,True,B9,B9,False,Masked
4562,31,B2,6,1,0,34,34,False,B9,B9,False,Not activated
4563,31,B2,6,1,1,34,36,True,B9,B8,False,SDC
4564,31,B2,6,2,0,34,30,True,B9,BA,False,SDC
4565,31,B2,6,2,1,34,34,False,B9,B9,False,Not activated
4566,31,B2,6,3,0,34,34,False,B9,B9,False,Not activated
4567,31,B2,6,3,1,34,3C,True,B9,B6,False,SDC
4568,31,B2,6,4,0,34,24,True,B9,BE,False,SDC
4569,31,B2,6,4,1,34,34,False,B9,B9,False,Not activated
4570,31,B2,6,5,0,34,14,True,B9,C5,False,SDC
4571,31,B2,6,5,1,34,34,False,B9,B9,False,Not activated
4572,31,B2,6,6,0,34,34,False,B9,B9,False,Not activated
4573,31,B2,6,6,1,34,74,True,B9,90,False,SDC
4574,31,B2,6,7,0,34,34,False,B9,B9,False,Not activated
4575,31,B2,6,7,1,34,B4,True,B9,05,False,SDC
4576,31,B3,7,0,0,2C,2C,False,B9,B9,False,Not activated
4577,31,B3,7,0,1,2C,2D,True,B9,B9,False,Masked
4578,31,B3,7,1,0,2C,2C,False,B9,B9,False,Not activated
4579,31,B3,7,1,1,2C,2E,True,B9,B9,False,Masked
4580,31,B3,7,2,0,2C,28,True,B9,B8,False,SDC
4581,31,B3,7,2,1,2C,2C,False,B9,B9,False,Not activated
4582,31,B3,7,3,0,2C,24,True,B9,B8,False,SDC
4583,31,B3,7,3,1,2C,2C,False,B9,B9,False,Not activated
4584,31,B3,7,4,0,2C,2C,False,B9,B9,False,Not activated
4585,31,B3,7,4,1,2C,3C,True,B9,BB,False,SDC
4586,31,B3,7,5,0,2C,0C,True,B9,B4,False,SDC
4587,31,B3,7,5,1,2C,2C,False,B9,B9,False,Not activated
4588,31,B3,7,6,0,2C,2C,False,B9,B9,False,Not activated
4589,31,B3,7,6,1,2C,6C,True,B9,E2,False,SDC
4590,31,B3,7,7,0,2C,2C,False,B9,B9,False,Not activated
4591,31,B3,7,7,1,2C,AC,True,B9,A5,False,SDC
4592,31,C0,8,0,0,CC,CC,False,B9,B9,False,Not activated
4593,31,C0,8,0,1,CC,CD,True,B9,BA,False,SDC
4594,31,C0,8,1,0,CC,CC,False,B9,B9,False,Not activated
4595,31,C0,8,1,1,CC,CE,True,B9,BA,False,SDC
4596,31,C0,8,2,0,CC,C8,True,B9,B7,False,SDC
4597,31,C0,8,2,1,CC,CC,False,B9,B9,False,Not activated
4598,31,C0,8,3,0,CC,C4,True,B9,B5,False,SDC
4599,31,C0,8,3,1,CC,CC,False,B9,B9,False,Not activated
4600,31,C0,8,4,0,CC,CC,False,B9,B9,False,Not activated
4601,31,C0,8,4,1,CC,DC,True,B9,C2,False,SDC
4602,31,C0,8,5,0,CC,CC,False,B9,B9,False,Not activated
4603,31,C0,8,5,1,CC,EC,True,B9,D2,False,SDC
4604,31,C0,8,6,0,CC,8C,True,B9,8B,False,SDC
4605,31,C0,8,6,1,CC,CC,False,B9,B9,False,Not activated
4606,31,C0,8,7,0,CC,4C,True,B9,3E,False,SDC
4607,31,C0,8,7,1,CC,CC,False,B9,B9,False,Not activated
4608,32,A0,0,0,0,F6,F6,False,E7,E7,False,Not activated
4609,32,A0,0,0,1,F6,F7,True,E7,E7,False,Masked
4610,32,A0,0,1,0,F6,F4,True,E7,E7,False,Masked
4611,32,A0,0,1,1,F6,F6,False,E7,E7,False,Not activated
4612,32,A0,0,2,0,F6,F2,True,E7,E6,False,SDC
4613,32,A0,0,2,1,F6,F6,False,E7,E7,False,Not activated
4614,32,A0,0,3,0,F6,F6,False,E7,E7,False,Not activated
4615,32,A0,0,3,1,F6,FE,True,E7,E9,False,SDC
4616,32,A0,0,4,0,F6,E6,True,E7,E3,False,SDC
4617,32,A0,0,4,1,F6,F6,False,E7,E7,False,Not activated
4618,32,A0,0,5,0,F6,D6,True,E7,DE,False,SDC
4619,32,A0,0,5,1,F6,F6,False,E7,E7,False,Not activated
4620,32,A0,0,6,0,F6,B6,True,E7,D2,False,SDC
4621,32,A0,0,6,1,F6,F6,False,E7,E7,False,Not activated
4622,32,A0,0,7,0,F6,76,True,E7,56,False,SDC
4623,32,A0,0,7,1,F6,F6,False,E7,E7,False,Not activated
4624,32,A1,1,0,0,E3,E2,True,E7,E7,False,Masked
4625,32,A1,1,0,1,E3,E3,False,E7,E7,False,Not activated
4626,32,A1,1,1,0,E3,E1,True,E7,E8,False,SDC
4627,32,A1,1,1,1,E3,E3,False,E7,E7,False,Not activated
4628,32,A1,1,2,0,E3,E3,False,E7,E7,False,Not activated
4629,32,A1,1,2,1,E3,E7,True,E7,E5,False,SDC
4630,32,A1,1,3,0,E3,E3,False,E7,E7,False,Not activated
4631,32,A1,1,3,1,E3,EB,True,E7,E3,False,SDC
4632,32,A1,1,4,0,E3,E3,False,E7,E7,False,Not activated
4633,32,A1,1,4,1,E3,F3,True,E7,DF,False,SDC
4634,32,A1,1,5,0,E3,C3,True,E7,F6,False,SDC
4635,32,A1,1,5,1,E3,E3,False,E7,E7,False,Not activated
4636,32,A1,1,6,0,E3,A3,True,E7,12,False,SDC
4637,32,A1,1,6,1,E3,E3,False,E7,E7,False,Not activated
4638,32,A1,1,7,0,E3,63,True,E7,A8,False,SDC
4639,32,A1,1,7,1,E3,E3,False,E7,E7,False,Not activated
4640,32,A2,2,0,0,C0,C0,False,E7,E7,False,Not activated
4641,32,A2,2,0,1,C0,C1,True,E7,E7,False,Masked
4642,32,A2,2,1,0,C0,C0,False,E7,E7,False,Not activated
4643,32,A2,2,1,1,C0,C2,True,E7,E8,False,SDC
4644,32,A2,2,2,0,C0,C0,False,E7,E7,False,Not activated
4645,32,A2,2,2,1,C0,C4,True,E7,E9,False,SDC
4646,32,A2,2,3,0,C0,C0,False,E7,E7,False,Not activated
4647,32,A2,2,3,1,C0,C8,True,E7,EB,False,SDC
4648,32,A2,2,4,0,C0,C0,False,E7,E7,False,Not activated
4649,32,A2,2,4,1,C0,D0,True,E7,EF,False,SDC
4650,32,A2,2,5,0,C0,C0,False,E7,E7,False,Not activated
4651,32,A2,2,5,1,C0,E0,True,E7,F6,False,SDC
4652,32,A2,2,6,0,C0,80,True,E7,80,True,SDC
4653,32,A2,2,6,1,C0,C0,False,E7,E7,False,Not activated
4654,32,A2,2,7,0,C0,40,True,E7,25,False,SDC
4655,32,A2,2,7,1,C0,C0,False,E7,E7,False,Not activated
4656,32,A3,3,0,0,23,22,True,E7,E7,False,Masked
4657,32,A3,3,0,1,23,23,False,E7,E7,False,Not activated
4658,32,A3,3,1,0,23,21,True,E7,E7,False,Masked
4659,32,A3,3,1,1,23,23,False,E7,E7,False,Not activated
4660,32,A3,3,2,0,23,23,False,E7,E7,False,Not activated
4661,32,A3,3,2,1,23,27,True,E7,E7,False,Masked
4662,32,A3,3,3,0,23,23,False,E7,E7,False,Not activated
4663,32,A3,3,3,1,23,2B,True,E7,E8,False,SDC
4664,32,A3,3,4,0,23,23,False,E7,E7,False,Not activated
4665,32,A3,3,4,1,23,33,True,E7,E9,False,SDC
4666,32,A3,3,5,0,23,03,True,E7,E4,False,SDC
4667,32,A3,3,5,1,23,23,False,E7,E7,False,Not activated
4668,32,A3,3,6,0,23,23,False,E7,E7,False,Not activated
4669,32,A3,3,6,1,23,63,True,E7,F4,False,SDC
4670,32,A3,3,7,0,23,23,False,E7,E7,False,Not activated
4671,32,A3,3,7,1,23,A3,True,E7,D6,False,SDC
4672,32,B0,4,0,0,12,12,False,E7,E7,False,Not activated
4673,32,B0,4,0,1,12,13,True,E7,E7,False,Masked
4674,32,B0,4,1,0,12,10,True,E7,E8,False,SDC
4675,32,B0,4,1,1,12,12,False,E7,E7,False,Not activated
4676,32,B0,4,2,0,12,12,False,E7,E7,False,Not activated
4677,32,B0,4,2,1,12,16,True,E7,E7,False,Masked
4678,32,B0,4,3,0,12,12,False,E7,E7,False,Not activated
4679,32,B0,4,3,1,12,1A,True,E7,E6,False,SDC
4680,32,B0,4,4,0,12,02,True,E7,E9,False,SDC
4681,32,B0,4,4,1,12,12,False,E7,E7,False,Not activated
4682,32,B0,4,5,0,12,12,False,E7,E7,False,Not activated
4683,32,B0,4,5,1,12,32,True,E7,E2,False,SDC
4684,32,B0,4,6,0,12,12,False,E7,E7,False,Not activated
4685,32,B0,4,6,1,12,52,True,E7,DA,False,SDC
4686,32,B0,4,7,0,12,12,False,E7,E7,False,Not activated
4687,32,B0,4,7,1,12,92,True,E7,10,False,SDC
4688,32,B1,5,0,0,E2,E2,False,E7,E7,False,Not activated
4689,32,B1,5,0,1,E2,E3,True,E7,E6,False,SDC
4690,32,B1,5,1,0,E2,E0,True,E7,E7,False,Masked
4691,32,B1,5,1,1,E2,E2,False,E7,E7,False,Not activated
4692,32,B1,5,2,0,E2,E2,False,E7,E7,False,Not activated
4693,32,B1,5,2,1,E2,E6,True,E7,E5,False,SDC
4694,32,B1,5,3,0,E2,E2,False,E7,E7,False,Not activated
4695,32,B1,5,3,1,E2,EA,True,E7,E3,False,SDC
4696,32,B1,5,4,0,E2,E2,False,E7,E7,False,Not activated
4697,32,B1,5,4,1,E2,F2,True,E7,DF,False,SDC
4698,32,B1,5,5,0,E2,C2,True,E7,F5,False,SDC
4699,32,B1,5,5,1,E2,E2,False,E7,E7,False,Not activated
4700,32,B1,5,6,0,E2,A2,True,E7,11,False,SDC
4701,32,B1,5,6,1,E2,E2,False,E7,E7,False,Not activated
4702,32,B1,5,7,0,E2,62,True,E7,AC,False,SDC
4703,32,B1,5,7,1,E2,E2,False,E7,E7,False,Not activated
4704,32,B2,6,0,0,1F,1E,True,E7,E8,False,SDC
4705,32,B2,6,0,1,1F,1F,False,E7,E7,False,Not activated
4706,32,B2,6,1,0,1F,1D,True,E7,E9,False,SDC
4707,32,B2,6,1,1,1F,1F,False,E7,E7,False,Not activated
4708,32,B2,6,2,0,1F,1B,True,E7,EB,False,SDC
4709,32,B2,6,2,1,1F,1F,False,E7,E7,False,Not activated
4710,32,B2,6,3,0,1F,17,True,E7,EF,False,SDC
4711,32,B2,6,3,1,1F,1F,False,E7,E7,False,Not activated
4712,32,B2,6,4,0,1F,0F,True,E7,F7,False,SDC
4713,32,B2,6,4,1,1F,1F,False,E7,E7,False,Not activated
4714,32,B2,6,5,0,1F,1F,False,E7,E7,False,Not activated
4715,32,B2,6,5,1,1F,3F,True,E7,C7,False,SDC
4716,32,B2,6,6,0,1F,1F,False,E7,E7,False,Not activated
4717,32,B2,6,6,1,1F,5F,True,E7,A4,False,SDC
4718,32,B2,6,7,0,1F,1F,False,E7,E7,False,Not activated
4719,32,B2,6,7,1,1F,9F,True,E7,62,False,SDC
4720,32,B3,7,0,0,07,06,True,E7,E6,False,SDC
4721,32,B3,7,0,1,07,07,False,E7,E7,False,Not activated
4722,32,B3,7,1,0,07,05,True,E7,E6,False,SDC
4723,32,B3,7,1,1,07,07,False,E7,E7,False,Not activated
4724,32,B3,7,2,0,07,03,True,E7,E5,False,SDC
4725,32,B3,7,2,1,07,07,False,E7,E7,False,Not activated
4726,32,B3,7,3,0,07,07,False,E7,E7,False,Not activated
4727,32,B3,7,3,1,07,0F,True,E7,EB,False,SDC
4728,32,B3,7,4,0,07,07,False,E7,E7,False,Not activated
4729,32,B3,7,4,1,07,17,True,E7,F0,False,SDC
4730,32,B3,7,5,0,07,07,False,E7,E7,False,Not activated
4731,32,B3,7,5,1,07,27,True,E7,F8,False,SDC
4732,32,B3,7,6,0,07,07,False,E7,E7,False,Not activated
4733,32,B3,7,6,1,07,47,True,E7,0E,False,SDC
4734,32,B3,7,7,0,07,07,False,E7,E7,False,Not activated
4735,32,B3,7,7,1,07,87,True,E7,8C,False,SDC
4736,32,C0,8,0,0,F7,F6,True,E7,E6,False,SDC
4737,32,C0,8,0,1,F7,F7,False,E7,E7,False,Not activated
4738,32,C0,8,1,0,F7,F5,True,E7,E5,False,SDC
4739,32,C0,8,1,1,F7,F7,False,E7,E7,False,Not activated
4740,32,C0,8,2,0,F7,F3,True,E7,E3,False,SDC
4741,32,C0,8,2,1,F7,F7,False,E7,E7,False,Not activated
4742,32,C0,8,3,0,F7,F7,False,E7,E7,False,Not activated
4743,32,C0,8,3,1,F7,FF,True,E7,EF,False,SDC
4744,32,C0,8,4,0,F7,E7,True,E7,D7,False,SDC
4745,32,C0,8,4,1,F7,F7,False,E7,E7,False,Not activated
4746,32,C0,8,5,0,F7,D7,True,E7,C7,False,SDC
4747,32,C0,8,5,1,F7,F7,False,E7,E7,False,Not activated
4748,32,C0,8,6,0,F7,B7,True,E7,AF,False,SDC
4749,32,C0,8,6,1,F7,F7,False,E7,E7,False,Not activated
4750,32,C0,8,7,0,F7,77,True,E7,76,False,SDC
4751,32,C0,8,7,1,F7,F7,False,E7,E7,False,Not activated
4752,33,A0,0,0,0,C1,C0,True,A4,A4,False,Masked
4753,33,A0,0,0,1,C1,C1,False,A4,A4,False,Not activated
4754,33,A0,0,1,0,C1,C1,False,A4,A4,False,Not activated
4755,33,A0,0,1,1,C1,C3,True,A4,A4,False,Masked
4756,33,A0,0,2,0,C1,C1,False,A4,A4,False,Not activated
4757,33,A0,0,2,1,C1,C5,True,A4,A4,False,Masked
4758,33,A0,0,3,0,C1,C1,False,A4,A4,False,Not activated
4759,33,A0,0,3,1,C1,C9,True,A4,A5,False,SDC
4760,33,A0,0,4,0,C1,C1,False,A4,A4,False,Not activated
4761,33,A0,0,4,1,C1,D1,True,A4,A6,False,SDC
4762,33,A0,0,5,0,C1,C1,False,A4,A4,False,Not activated
4763,33,A0,0,5,1,C1,E1,True,A4,A6,False,SDC
4764,33,A0,0,6,0,C1,81,True,A4,88,False,SDC
4765,33,A0,0,6,1,C1,C1,False,A4,A4,False,Not activated
4766,33,A0,0,7,0,C1,41,True,A4,AA,False,SDC
4767,33,A0,0,7,1,C1,C1,False,A4,A4,False,Not activated
4768,33,A1,1,0,0,CA,CA,False,A4,A4,False,Not activated
4769,33,A1,1,0,1,CA,CB,True,A4,A4,False,Masked
4770,33,A1,1,1,0,CA,C8,True,A4,A4,False,Masked
4771,33,A1,1,1,1,CA,CA,False,A4,A4,False,Not activated
4772,33,A1,1,2,0,CA,CA,False,A4,A4,False,Not activated
4773,33,A1,1,2,1,CA,CE,True,A4,A6,False,SDC
4774,33,A1,1,3,0,CA,C2,True,A4,A2,False,SDC
4775,33,A1,1,3,1,CA,CA,False,A4,A4,False,Not activated
4776,33,A1,1,4,0,CA,CA,False,A4,A4,False,Not activated
4777,33,A1,1,4,1,CA,DA,True,A4,AA,False,SDC
4778,33,A1,1,5,0,CA,CA,False,A4,A4,False,Not activated
4779,33,A1,1,5,1,CA,EA,True,A4,AF,False,SDC
4780,33,A1,1,6,0,CA,8A,True,A4,8C,False,SDC
4781,33,A1,1,6,1,CA,CA,False,A4,A4,False,Not activated
4782,33,A1,1,7,0,CA,4A,True,A4,E5,False,SDC
4783,33,A1,1,7,1,CA,CA,False,A4,A4,False,Not activated
4784,33,A2,2,0,0,31,30,True,A4,A4,False,Masked
4785,33,A2,2,0,1,31,31,False,A4,A4,False,Not activated
4786,33,A2,2,1,0,31,31,False,A4,A4,False,Not activated
4787,33,A2,2,1,1,31,33,True,A4,A5,False,SDC
4788,33,A2,2,2,0,31,31,False,A4,A4,False,Not activated
4789,33,A2,2,2,1,31,35,True,A4,A5,False,SDC
4790,33,A2,2,3,0,31,31,False,A4,A4,False,Not activated
4791,33,A2,2,3,1,31,39,True,A4,A6,False,SDC
4792,33,A2,2,4,0,31,21,True,A4,A4,False,Masked
4793,33,A2,2,4,1,31,31,False,A4,A4,False,Not activated
4794,33,A2,2,5,0,31,11,True,A4,A2,False,SDC
4795,33,A2,2,5,1,31,31,False,A4,A4,False,Not activated
4796,33,A2,2,6,0,31,31,False,A4,A4,False,Not activated
4797,33,A2,2,6,1,31,71,True,A4,BA,False,SDC
4798,33,A2,2,7,0,31,31,False,A4,A4,False,Not activated
4799,33,A2,2,7,1,31,B1,True,A4,9E,False,SDC
4800,33,A3,3,0,0,34,34,False,A4,A4,False,Not activated
4801,33,A3,3,0,1,34,35,True,A4,A4,False,Masked
4802,33,A3,3,1,0,34,34,False,A4,A4,False,Not activated
4803,33,A3,3,1,1,34,36,True,A4,A4,False,Masked
4804,33,A3,3,2,0,34,30,True,A4,A6,False,SDC
4805,33,A3,3,2,1,34,34,False,A4,A4,False,Not activated
4806,33,A3,3,3,0,34,34,False,A4,A4,False,Not activated
4807,33,A3,3,3,1,34,3C,True,A4,A2,False,SDC
4808,33,A3,3,4,0,34,24,True,A4,AA,False,SDC
4809,33,A3,3,4,1,34,34,False,A4,A4,False,Not activated
4810,33,A3,3,5,0,34,14,True,A4,B0,False,SDC
4811,33,A3,3,5,1,34,34,False,A4,A4,False,Not activated
4812,33,A3,3,6,0,34,34,False,A4,A4,False,Not activated
4813,33,A3,3,6,1,34,74,True,A4,8E,False,SDC
4814,33,A3,3,7,0,34,34,False,A4,A4,False,Not activated
4815,33,A3,3,7,1,34,B4,True,A4,EC,False,SDC
4816,33,B0,4,0,0,06,06,False,A4,A4,False,Not activated
4817,33,B0,4,0,1,06,07,True,A4,A4,False,Masked
4818,33,B0,4,1,0,06,04,True,A4,A6,False,SDC
4819,33,B0,4,1,1,06,06,False,A4,A4,False,Not activated
4820,33,B0,4,2,0,06,02,True,A4,A6,False,SDC
4821,33,B0,4,2,1,06,06,False,A4,A4,False,Not activated
4822,33,B0,4,3,0,06,06,False,A4,A4,False,Not activated
4823,33,B0,4,3,1,06,0E,True,A4,A0,False,SDC
4824,33,B0,4,4,0,06,06,False,A4,A4,False,Not activated
4825,33,B0,4,4,1,06,16,True,A4,9F,False,SDC
4826,33,B0,4,5,0,06,06,False,A4,A4,False,Not activated
4827,33,B0,4,5,1,06,26,True,A4,9E,False,SDC
4828,33,B0,4,6,0,06,06,False,A4,A4,False,Not activated
4829,33,B0,4,6,1,06,46,True,A4,99,False,SDC
4830,33,B0,4,7,0,06,06,False,A4,A4,False,Not activated
4831,33,B0,4,7,1,06,86,True,A4,7A,False,SDC
4832,33,B1,5,0,0,2B,2A,True,A4,A5,False,SDC
4833,33,B1,5,0,1,2B,2B,False,A4,A4,False,Not activated
4834,33,B1,5,1,0,2B,29,True,A4,A5,False,SDC
4835,33,B1,5,1,1,2B,2B,False,A4,A4,False,Not activated
4836,33,B1,5,2,0,2B,2B,False,A4,A4,False,Not activated
4837,33,B1,5,2,1,2B,2F,True,A4,A2,False,SDC
4838,33,B1,5,3,0,2B,23,True,A4,A8,False,SDC
4839,33,B1,5,3,1,2B,2B,False,A4,A4,False,Not activated
4840,33,B1,5,4,0,2B,2B,False,A4,A4,False,Not activated
4841,33,B1,5,4,1,2B,3B,True,A4,A0,False,SDC
4842,33,B1,5,5,0,2B,0B,True,A4,B2,False,SDC
4843,33,B1,5,5,1,2B,2B,False,A4,A4,False,Not activated
4844,33,B1,5,6,0,2B,2B,False,A4,A4,False,Not activated
4845,33,B1,5,6,1,2B,6B,True,A4,90,False,SDC
4846,33,B1,5,7,0,2B,2B,False,A4,A4,False,Not activated
4847,33,B1,5,7,1,2B,AB,True,A4,07,False,SDC
4848,33,B2,6,0,0,0B,0A,True,A4,A4,False,Masked
4849,33,B2,6,0,1,0B,0B,False,A4,A4,False,Not activated
4850,33,B2,6,1,0,0B,09,True,A4,A4,False,Masked
4851,33,B2,6,1,1,0B,0B,False,A4,A4,False,Not activated
4852,33,B2,6,2,0,0B,0B,False,A4,A4,False,Not activated
4853,33,B2,6,2,1,0B,0F,True,A4,A6,False,SDC
4854,33,B2,6,3,0,0B,03,True,A4,A2,False,SDC
4855,33,B2,6,3,1,0B,0B,False,A4,A4,False,Not activated
4856,33,B2,6,4,0,0B,0B,False,A4,A4,False,Not activated
4857,33,B2,6,4,1,0B,1B,True,A4,AB,False,SDC
4858,33,B2,6,5,0,0B,0B,False,A4,A4,False,Not activated
4859,33,B2,6,5,1,0B,2B,True,A4,B1,False,SDC
4860,33,B2,6,6,0,0B,0B,False,A4,A4,False,Not activated
4861,33,B2,6,6,1,0B,4B,True,A4,C3,False,SDC
4862,33,B2,6,7,0,0B,0B,False,A4,A4,False,Not activated
4863,33,B2,6,7,1,0B,8B,True,A4,8A,False,SDC
4864,33,B3,7,0,0,D3,D2,True,A4,A4,False,Masked
4865,33,B3,7,0,1,D3,D3,False,A4,A4,False,Not activated
4866,33,B3,7,1,0,D3,D1,True,A4,A4,False,Masked
4867,33,B3,7,1,1,D3,D3,False,A4,A4,False,Not activated
4868,33,B3,7,2,0,D3,D3,False,A4,A4,False,Not activated
4869,33,B3,7,2,1,D3,D7,True,A4,A6,False,SDC
4870,33,B3,7,3,0,D3,D3,False,A4,A4,False,Not activated
4871,33,B3,7,3,1,D3,DB,True,A4,A8,False,SDC
4872,33,B3,7,4,0,D3,C3,True,A4,A0,False,SDC
4873,33,B3,7,4,1,D3,D3,False,A4,A4,False,Not activated
4874,33,B3,7,5,0,D3,D3,False,A4,A4,False,Not activated
4875,33,B3,7,5,1,D3,F3,True,A4,B2,False,SDC
4876,33,B3,7,6,0,D3,93,True,A4,90,False,SDC
4877,33,B3,7,6,1,D3,D3,False,A4,A4,False,Not activated
4878,33,B3,7,7,0,D3,53,True,A4,00,False,SDC
4879,33,B3,7,7,1,D3,D3,False,A4,A4,False,Not activated
4880,33,C0,8,0,0,D0,D0,False,A4,A4,False,Not activated
4881,33,C0,8,0,1,D0,D1,True,A4,A4,False,Masked
4882,33,C0,8,1,0,D0,D0,False,A4,A4,False,Not activated
4883,33,C0,8,1,1,D0,D2,True,A4,A5,False,SDC
4884,33,C0,8,2,0,D0,D0,False,A4,A4,False,Not activated
4885,33,C0,8,2,1,D0,D4,True,A4,A6,False,SDC
4886,33,C0,8,3,0,D0,D0,False,A4,A4,False,Not activated
4887,33,C0,8,3,1,D0,D8,True,A4,A8,False,SDC
4888,33,C0,8,4,0,D0,C0,True,A4,9F,False,SDC
4889,33,C0,8,4,1,D0,D0,False,A4,A4,False,Not activated
4890,33,C0,8,5,0,D0,D0,False,A4,A4,False,Not activated
4891,33,C0,8,5,1,D0,F0,True,A4,B4,False,SDC
4892,33,C0,8,6,0,D0,90,True,A4,8E,False,SDC
4893,33,C0,8,6,1,D0,D0,False,A4,A4,False,Not activated
4894,33,C0,8,7,0,D0,50,True,A4,18,False,SDC
4895,33,C0,8,7,1,D0,D0,False,A4,A4,False,Not activated
4896,34,A0,0,0,0,E7,E6,True,BE,BD,False,SDC
4897,34,A0,0,0,1,E7,E7,False,BE,BE,False,Not activated
4898,34,A0,0,1,0,E7,E5,True,BE,BC,False,SDC
4899,34,A0,0,1,1,E7,E7,False,BE,BE,False,Not activated
4900,34,A0,0,2,0,E7,E3,True,BE,BC,False,SDC
4901,34,A0,0,2,1,E7,E7,False,BE,BE,False,Not activated
4902,34,A0,0,3,0,E7,E7,False,BE,BE,False,Not activated
4903,34,A0,0,3,1,E7,EF,True,BE,C0,False,SDC
4904,34,A0,0,4,0,E7,E7,False,BE,BE,False,Not activated
4905,34,A0,0,4,1,E7,F7,True,BE,C8,False,SDC
4906,34,A0,0,5,0,E7,C7,True,BE,B2,False,SDC
4907,34,A0,0,5,1,E7,E7,False,BE,BE,False,Not activated
4908,34,A0,0,6,0,E7,A7,True,BE,9E,False,SDC
4909,34,A0,0,6,1,E7,E7,False,BE,BE,False,Not activated
4910,34,A0,0,7,0,E7,67,True,BE,50,False,SDC
4911,34,A0,0,7,1,E7,E7,False,BE,BE,False,Not activated
4912,34,A1,1,0,0,33,32,True,BE,BE,False,Masked
4913,34,A1,1,0,1,33,33,False,BE,BE,False,Not activated
4914,34,A1,1,1,0,33,31,True,BE,BE,False,Masked
4915,34,A1,1,1,1,33,33,False,BE,BE,False,Not activated
4916,34,A1,1,2,0,33,33,False,BE,BE,False,Not activated
4917,34,A1,1,2,1,33,37,True,BE,BC,False,SDC
4918,34,A1,1,3,0,33,33,False,BE,BE,False,Not activated
4919,34,A1,1,3,1,33,3B,True,BE,BB,False,SDC
4920,34,A1,1,4,0,33,23,True,BE,C4,False,SDC
4921,34,A1,1,4,1,33,33,False,BE,BE,False,Not activated
4922,34,A1,1,5,0,33,13,True,BE,CC,False,SDC
4923,34,A1,1,5,1,33,33,False,BE,BE,False,Not activated
4924,34,A1,1,6,0,33,33,False,BE,BE,False,Not activated
4925,34,A1,1,6,1,33,73,True,BE,90,False,SDC
4926,34,A1,1,7,0,33,33,False,BE,BE,False,Not activated
4927,34,A1,1,7,1,33,B3,True,BE,0C,False,SDC
4928,34,A2,2,0,0,26,26,False,BE,BE,False,Not activated
4929,34,A2,2,0,1,26,27,True,BE,BD,False,SDC
4930,34,A2,2,1,0,26,24,True,BE,BE,False,Masked
4931,34,A2,2,1,1,26,26,False,BE,BE,False,Not activated
4932,34,A2,2,2,0,26,22,True,BE,BE,False,Masked
4933,34,A2,2,2,1,26,26,False,BE,BE,False,Not activated
4934,34,A2,2,3,0,26,26,False,BE,BE,False,Not activated
4935,34,A2,2,3,1,26,2E,True,BE,BC,False,SDC
4936,34,A2,2,4,0,26,26,False,BE,BE,False,Not activated
4937,34,A2,2,4,1,26,36,True,BE,BA,False,SDC
4938,34,A2,2,5,0,26,06,True,BE,CC,False,SDC
4939,34,A2,2,5,1,26,26,False,BE,BE,False,Not activated
4940,34,A2,2,6,0,26,26,False,BE,BE,False,Not activated
4941,34,A2,2,6,1,26,66,True,BE,9E,False,SDC
4942,34,A2,2,7,0,26,26,False,BE,BE,False,Not activated
4943,34,A2,2,7,1,26,A6,True,BE,08,False,SDC
4944,34,A3,3,0,0,2E,2E,False,BE,BE,False,Not activated
4945,34,A3,3,0,1,2E,2F,True,BE,BE,False,Masked
4946,34,A3,3,1,0,2E,2C,True,BE,BE,False,Masked
4947,34,A3,3,1,1,2E,2E,False,BE,BE,False,Not activated
4948,34,A3,3,2,0,2E,2A,True,BE,C0,False,SDC
4949,34,A3,3,2,1,2E,2E,False,BE,BE,False,Not activated
4950,34,A3,3,3,0,2E,26,True,BE,C2,False,SDC
4951,34,A3,3,3,1,2E,2E,False,BE,BE,False,Not activated
4952,34,A3,3,4,0,2E,2E,False,BE,BE,False,Not activated
4953,34,A3,3,4,1,2E,3E,True,BE,B8,False,SDC
4954,34,A3,3,5,0,2E,0E,True,BE,D4,False,SDC
4955,34,A3,3,5,1,2E,2E,False,BE,BE,False,Not activated
4956,34,A3,3,6,0,2E,2E,False,BE,BE,False,Not activated
4957,34,A3,3,6,1,2E,6E,True,BE,94,False,SDC
4958,34,A3,3,7,0,2E,2E,False,BE,BE,False,Not activated
4959,34,A3,3,7,1,2E,AE,True,BE,30,False,SDC
4960,34,B0,4,0,0,33,32,True,BE,BE,False,Masked
4961,34,B0,4,0,1,33,33,False,BE,BE,False,Not activated
4962,34,B0,4,1,0,33,31,True,BE,BE,False,Masked
4963,34,B0,4,1,1,33,33,False,BE,BE,False,Not activated
4964,34,B0,4,2,0,33,33,False,BE,BE,False,Not activated
4965,34,B0,4,2,1,33,37,True,BE,BD,False,SDC
4966,34,B0,4,3,0,33,33,False,BE,BE,False,Not activated
4967,34,B0,4,3,1,33,3B,True,BE,BC,False,SDC
4968,34,B0,4,4,0,33,23,True,BE,C0,False,SDC
4969,34,B0,4,4,1,33,33,False,BE,BE,False,Not activated
4970,34,B0,4,5,0,33,13,True,BE,C8,False,SDC
4971,34,B0,4,5,1,33,33,False,BE,BE,False,Not activated
4972,34,B0,4,6,0,33,33,False,BE,BE,False,Not activated
4973,34,B0,4,6,1,33,73,True,BE,98,False,SDC
4974,34,B0,4,7,0,33,33,False,BE,BE,False,Not activated
4975,34,B0,4,7,1,33,B3,True,BE,F2,False,SDC
4976,34,B1,5,0,0,DB,DA,True,BE,BD,False,SDC
4977,34,B1,5,0,1,DB,DB,False,BE,BE,False,Not activated
4978,34,B1,5,1,0,DB,D9,True,BE,BC,False,SDC
4979,34,B1,5,1,1,DB,DB,False,BE,BE,False,Not activated
4980,34,B1,5,2,0,DB,DB,False,BE,BE,False,Not activated
4981,34,B1,5,2,1,DB,DF,True,BE,BF,False,SDC
4982,34,B1,5,3,0,DB,D3,True,BE,BA,False,SDC
4983,34,B1,5,3,1,DB,DB,False,BE,BE,False,Not activated
4984,34,B1,5,4,0,DB,CB,True,BE,B7,False,SDC
4985,34,B1,5,4,1,DB,DB,False,BE,BE,False,Not activated
4986,34,B1,5,5,0,DB,DB,False,BE,BE,False,Not activated
4987,34,B1,5,5,1,DB,FB,True,BE,D4,False,SDC
4988,34,B1,5,6,0,DB,9B,True,BE,9A,False,SDC
4989,34,B1,5,6,1,DB,DB,False,BE,BE,False,Not activated
4990,34,B1,5,7,0,DB,5B,True,BE,36,False,SDC
4991,34,B1,5,7,1,DB,DB,False,BE,BE,False,Not activated
4992,34,B2,6,0,0,E0,E0,False,BE,BE,False,Not activated
4993,34,B2,6,0,1,E0,E1,True,BE,BE,False,Masked
4994,34,B2,6,1,0,E0,E0,False,BE,BE,False,Not activated
4995,34,B2,6,1,1,E0,E2,True,BE,BE,False,Masked
4996,34,B2,6,2,0,E0,E0,False,BE,BE,False,Not activated
4997,34,B2,6,2,1,E0,E4,True,BE,BE,False,Masked
4998,34,B2,6,3,0,E0,E0,False,BE,BE,False,Not activated
4999,34,B2,6,3,1,E0,E8,True,BE,C0,False,SDC
5000,34,B2,6,4,0,E0,E0,False,BE,BE,False,Not activated
5001,34,B2,6,4,1,E0,F0,True,BE,C4,False,SDC
5002,34,B2,6,5,0,E0,C0,True,BE,B4,False,SDC
5003,34,B2,6,5,1,E0,E0,False,BE,BE,False,Not activated
5004,34,B2,6,6,0,E0,A0,True,BE,A2,False,SDC
5005,34,B2,6,6,1,E0,E0,False,BE,BE,False,Not activated
5006,34,B2,6,7,0,E0,60,True,BE,1A,False,SDC
5007,34,B2,6,7,1,E0,E0,False,BE,BE,False,Not activated
5008,34,B3,7,0,0,CD,CC,True,BE,BE,False,Masked
5009,34,B3,7,0,1,CD,CD,False,BE,BE,False,Not activated
5010,34,B3,7,1,0,CD,CD,False,BE,BE,False,Not activated
5011,34,B3,7,1,1,CD,CF,True,BE,BE,False,Masked
5012,34,B3,7,2,0,CD,C9,True,BE,BC,False,SDC
5013,34,B3,7,2,1,CD,CD,False,BE,BE,False,Not activated
5014,34,B3,7,3,0,CD,C5,True,BE,BB,False,SDC
5015,34,B3,7,3,1,CD,CD,False,BE,BE,False,Not activated
5016,34,B3,7,4,0,CD,CD,False,BE,BE,False,Not activated
5017,34,B3,7,4,1,CD,DD,True,BE,C8,False,SDC
5018,34,B3,7,5,0,CD,CD,False,BE,BE,False,Not activated
5019,34,B3,7,5,1,CD,ED,True,BE,D2,False,SDC
5020,34,B3,7,6,0,CD,8D,True,BE,8E,False,SDC
5021,34,B3,7,6,1,CD,CD,False,BE,BE,False,Not activated
5022,34,B3,7,7,0,CD,4D,True,BE,20,False,SDC
5023,34,B3,7,7,1,CD,CD,False,BE,BE,False,Not activated
5024,34,C0,8,0,0,24,24,False,BE,BE,False,Not activated
5025,34,C0,8,0,1,24,25,True,BE,BE,False,Masked
5026,34,C0,8,1,0,24,24,False,BE,BE,False,Not activated
5027,34,C0,8,1,1,24,26,True,BE,BF,False,SDC
5028,34,C0,8,2,0,24,20,True,BE,BC,False,SDC
5029,34,C0,8,2,1,24,24,False,BE,BE,False,Not activated
5030,34,C0,8,3,0,24,24,False,BE,BE,False,Not activated
5031,34,C0,8,3,1,24,2C,True,BE,C4,False,SDC
5032,34,C0,8,4,0,24,24,False,BE,BE,False,Not activated
5033,34,C0,8,4,1,24,34,True,BE,CC,False,SDC
5034,34,C0,8,5,0,24,04,True,BE,AE,False,SDC
5035,34,C0,8,5,1,24,24,False,BE,BE,False,Not activated
5036,34,C0,8,6,0,24,24,False,BE,BE,False,Not activated
5037,34,C0,8,6,1,24,64,True,BE,38,False,SDC
5038,34,C0,8,7,0,24,24,False,BE,BE,False,Not activated
5039,34,C0,8,7,1,24,A4,True,BE,94,False,SDC
5040,35,A0,0,0,0,31,30,True,42,42,False,Masked
5041,35,A0,0,0,1,31,31,False,42,42,False,Not activated
5042,35,A0,0,1,0,31,31,False,42,42,False,Not activated
5043,35,A0,0,1,1,31,33,True,42,43,False,SDC
5044,35,A0,0,2,0,31,31,False,42,42,False,Not activated
5045,35,A0,0,2,1,31,35,True,42,44,False,SDC
5046,35,A0,0,3,0,31,31,False,42,42,False,Not activated
5047,35,A0,0,3,1,31,39,True,42,46,False,SDC
5048,35,A0,0,4,0,31,21,True,42,36,False,SDC
5049,35,A0,0,4,1,31,31,False,42,42,False,Not activated
5050,35,A0,0,5,0,31,11,True,42,29,False,SDC
5051,35,A0,0,5,1,31,31,False,42,42,False,Not activated
5052,35,A0,0,6,0,31,31,False,42,42,False,Not activated
5053,35,A0,0,6,1,31,71,True,42,71,False,SDC
5054,35,A0,0,7,0,31,31,False,42,42,False,Not activated
5055,35,A0,0,7,1,31,B1,True,42,CB,False,SDC
5056,35,A1,1,0,0,F4,F4,False,42,42,False,Not activated
5057,35,A1,1,0,1,F4,F5,True,42,42,False,Masked
5058,35,A1,1,1,0,F4,F4,False,42,42,False,Not activated
5059,35,A1,1,1,1,F4,F6,True,42,43,False,SDC
5060,35,A1,1,2,0,F4,F0,True,42,40,False,SDC
5061,35,A1,1,2,1,F4,F4,False,42,42,False,Not activated
5062,35,A1,1,3,0,F4,F4,False,42,42,False,Not activated
5063,35,A1,1,3,1,F4,FC,True,42,45,False,SDC
5064,35,A1,1,4,0,F4,E4,True,42,38,False,SDC
5065,35,A1,1,4,1,F4,F4,False,42,42,False,Not activated
5066,35,A1,1,5,0,F4,D4,True,42,2D,False,SDC
5067,35,A1,1,5,1,F4,F4,False,42,42,False,Not activated
5068,35,A1,1,6,0,F4,B4,True,42,0D,False,SDC
5069,35,A1,1,6,1,F4,F4,False,42,42,False,Not activated
5070,35,A1,1,7,0,F4,74,True,42,74,False,SDC
5071,35,A1,1,7,1,F4,F4,False,42,42,False,Not activated
5072,35,A2,2,0,0,0F,0E,True,42,42,False,Masked
5073,35,A2,2,0,1,0F,0F,False,42,42,False,Not activated
5074,35,A2,2,1,0,0F,0D,True,42,41,False,SDC
5075,35,A2,2,1,1,0F,0F,False,42,42,False,Not activated
5076,35,A2,2,2,0,0F,0B,True,42,40,False,SDC
5077,35,A2,2,2,1,0F,0F,False,42,42,False,Not activated
5078,35,A2,2,3,0,0F,07,True,42,3D,False,SDC
5079,35,A2,2,3,1,0F,0F,False,42,42,False,Not activated
5080,35,A2,2,4,0,0F,0F,False,42,42,False,Not activated
5081,35,A2,2,4,1,0F,1F,True,42,4A,False,SDC
5082,35,A2,2,5,0,0F,0F,False,42,42,False,Not activated
5083,35,A2,2,5,1,0F,2F,True,42,52,False,SDC
5084,35,A2,2,6,0,0F,0F,False,42,42,False,Not activated
5085,35,A2,2,6,1,0F,4F,True,42,62,False,SDC
5086,35,A2,2,7,0,0F,0F,False,42,42,False,Not activated
5087,35,A2,2,7,1,0F,8F,True,42,92,False,SDC
5088,35,A3,3,0,0,D4,D4,False,42,42,False,Not activated
5089,35,A3,3,0,1,D4,D5,True,42,42,False,Masked
5090,35,A3,3,1,0,D4,D4,False,42,42,False,Not activated
5091,35,A3,3,1,1,D4,D6,True,42,43,False,SDC
5092,35,A3,3,2,0,D4,D0,True,42,41,False,SDC
5093,35,A3,3,2,1,D4,D4,False,42,42,False,Not activated
5094,35,A3,3,3,0,D4,D4,False,42,42,False,Not activated
5095,35,A3,3,3,1,D4,DC,True,42,45,False,SDC
5096,35,A3,3,4,0,D4,C4,True,42,3A,False,SDC
5097,35,A3,3,4,1,D4,D4,False,42,42,False,Not activated
5098,35,A3,3,5,0,D4,D4,False,42,42,False,Not activated
5099,35,A3,3,5,1,D4,F4,True,42,4C,False,SDC
5100,35,A3,3,6,0,D4,94,True,42,D1,False,SDC
5101,35,A3,3,6,1,D4,D4,False,42,42,False,Not activated
5102,35,A3,3,7,0,D4,54,True,42,64,False,SDC
5103,35,A3,3,7,1,D4,D4,False,42,42,False,Not activated
5104,35,B0,4,0,0,37,36,True,42,42,False,Masked
5105,35,B0,4,0,1,37,37,False,42,42,False,Not activated
5106,35,B0,4,1,0,37,35,True,42,42,False,Masked
5107,35,B0,4,1,1,37,37,False,42,42,False,Not activated
5108,35,B0,4,2,0,37,33,True,42,40,False,SDC
5109,35,B0,4,2,1,37,37,False,42,42,False,Not activated
5110,35,B0,4,3,0,37,37,False,42,42,False,Not activated
5111,35,B0,4,3,1,37,3F,True,42,45,False,SDC
5112,35,B0,4,4,0,37,27,True,42,38,False,SDC
5113,35,B0,4,4,1,37,37,False,42,42,False,Not activated
5114,35,B0,4,5,0,37,17,True,42,2C,False,SDC
5115,35,B0,4,5,1,37,37,False,42,42,False,Not activated
5116,35,B0,4,6,0,37,37,False,42,42,False,Not activated
5117,35,B0,4,6,1,37,77,True,42,75,False,SDC
5118,35,B0,4,7,0,37,37,False,42,42,False,Not activated
5119,35,B0,4,7,1,37,B7,True,42,DB,False,SDC
5120,35,B1,5,0,0,2F,2E,True,42,42,False,Masked
5121,35,B1,5,0,1,2F,2F,False,42,42,False,Not activated
5122,35,B1,5,1,0,2F,2D,True,42,42,False,Masked
5123,35,B1,5,1,1,2F,2F,False,42,42,False,Not activated
5124,35,B1,5,2,0,2F,2B,True,42,42,False,Masked
5125,35,B1,5,2,1,2F,2F,False,42,42,False,Not activated
5126,35,B1,5,3,0,2F,27,True,42,43,False,SDC
5127,35,B1,5,3,1,2F,2F,False,42,42,False,Not activated
5128,35,B1,5,4,0,2F,2F,False,42,42,False,Not activated
5129,35,B1,5,4,1,2F,3F,True,42,40,False,SDC
5130,35,B1,5,5,0,2F,0F,True,42,45,False,SDC
5131,35,B1,5,5,1,2F,2F,False,42,42,False,Not activated
5132,35,B1,5,6,0,2F,2F,False,42,42,False,Not activated
5133,35,B1,5,6,1,2F,6F,True,42,1F,False,SDC
5134,35,B1,5,7,0,2F,2F,False,42,42,False,Not activated
5135,35,B1,5,7,1,2F,AF,True,42,50,False,SDC
5136,35,B2,6,0,0,3D,3C,True,42,42,False,Masked
5137,35,B2,6,0,1,3D,3D,False,42,42,False,Not activated
5138,35,B2,6,1,0,3D,3D,False,42,42,False,Not activated
5139,35,B2,6,1,1,3D,3F,True,42,42,False,Masked
5140,35,B2,6,2,0,3D,39,True,42,42,False,Masked
5141,35,B2,6,2,1,3D,3D,False,42,42,False,Not activated
5142,35,B2,6,3,0,3D,35,True,42,41,False,SDC
5143,35,B2,6,3,1,3D,3D,False,42,42,False,Not activated
5144,35,B2,6,4,0,3D,2D,True,42,40,False,SDC
5145,35,B2,6,4,1,3D,3D,False,42,42,False,Not activated
5146,35,B2,6,5,0,3D,1D,True,42,3D,False,SDC
5147,35,B2,6,5,1,3D,3D,False,42,42,False,Not activated
5148,35,B2,6,6,0,3D,3D,False,42,42,False,Not activated
5149,35,B2,6,6,1,3D,7D,True,42,75,False,SDC
5150,35,B2,6,7,0,3D,3D,False,42,42,False,Not activated
5151,35,B2,6,7,1,3D,BD,True,42,26,False,SDC
5152,35,B3,7,0,0,28,28,False,42,42,False,Not activated
5153,35,B3,7,0,1,28,29,True,42,42,False,Masked
5154,35,B3,7,1,0,28,28,False,42,42,False,Not activated
5155,35,B3,7,1,1,28,2A,True,42,42,False,Masked
5156,35,B3,7,2,0,28,28,False,42,42,False,Not activated
5157,35,B3,7,2,1,28,2C,True,42,41,False,SDC
5158,35,B3,7,3,0,28,20,True,42,45,False,SDC
5159,35,B3,7,3,1,28,28,False,42,42,False,Not activated
5160,35,B3,7,4,0,28,28,False,42,42,False,Not activated
5161,35,B3,7,4,1,28,38,True,42,3A,False,SDC
5162,35,B3,7,5,0,28,08,True,42,4D,False,SDC
5163,35,B3,7,5,1,28,28,False,42,42,False,Not activated
5164,35,B3,7,6,0,28,28,False,42,42,False,Not activated
5165,35,B3,7,6,1,28,68,True,42,E1,False,SDC
5166,35,B3,7,7,0,28,28,False,42,42,False,Not activated
5167,35,B3,7,7,1,28,A8,True,42,66,False,SDC
5168,35,C0,8,0,0,31,30,True,42,42,False,Masked
5169,35,C0,8,0,1,31,31,False,42,42,False,Not activated
5170,35,C0,8,1,0,31,31,False,42,42,False,Not activated
5171,35,C0,8,1,1,31,33,True,42,43,False,SDC
5172,35,C0,8,2,0,31,31,False,42,42,False,Not activated
5173,35,C0,8,2,1,31,35,True,42,44,False,SDC
5174,35,C0,8,3,0,31,31,False,42,42,False,Not activated
5175,35,C0,8,3,1,31,39,True,42,46,False,SDC
5176,35,C0,8,4,0,31,21,True,42,34,False,SDC
5177,35,C0,8,4,1,31,31,False,42,42,False,Not activated
5178,35,C0,8,5,0,31,11,True,42,24,False,SDC
5179,35,C0,8,5,1,31,31,False,42,42,False,Not activated
5180,35,C0,8,6,0,31,31,False,42,42,False,Not activated
5181,35,C0,8,6,1,31,71,True,42,72,False,SDC
5182,35,C0,8,7,0,31,31,False,42,42,False,Not activated
5183,35,C0,8,7,1,31,B1,True,42,BA,False,SDC
5184,36,A0,0,0,0,C3,C2,True,EF,EE,False,SDC
5185,36,A0,0,0,1,C3,C3,False,EF,EF,False,Not activated
5186,36,A0,0,1,0,C3,C1,True,EF,EE,False,SDC
5187,36,A0,0,1,1,C3,C3,False,EF,EF,False,Not activated
5188,36,A0,0,2,0,C3,C3,False,EF,EF,False,Not activated
5189,36,A0,0,2,1,C3,C7,True,EF,F1,False,SDC
5190,36,A0,0,3,0,C3,C3,False,EF,EF,False,Not activated
5191,36,A0,0,3,1,C3,CB,True,EF,F4,False,SDC
5192,36,A0,0,4,0,C3,C3,False,EF,EF,False,Not activated
5193,36,A0,0,4,1,C3,D3,True,EF,F9,False,SDC
5194,36,A0,0,5,0,C3,C3,False,EF,EF,False,Not activated
5195,36,A0,0,5,1,C3,E3,True,EF,02,False,SDC
5196,36,A0,0,6,0,C3,83,True,EF,85,False,SDC
5197,36,A0,0,6,1,C3,C3,False,EF,EF,False,Not activated
5198,36,A0,0,7,0,C3,43,True,EF,3E,False,SDC
5199,36,A0,0,7,1,C3,C3,False,EF,EF,False,Not activated
5200,36,A1,1,0,0,1E,1E,False,EF,EF,False,Not activated
5201,36,A1,1,0,1,1E,1F,True,EF,F0,False,SDC
5202,36,A1,1,1,0,1E,1C,True,EF,EE,False,SDC
5203,36,A1,1,1,1,1E,1E,False,EF,EF,False,Not activated
5204,36,A1,1,2,0,1E,1A,True,EF,EC,False,SDC
5205,36,A1,1,2,1,1E,1E,False,EF,EF,False,Not activated
5206,36,A1,1,3,0,1E,16,True,EF,E9,False,SDC
5207,36,A1,1,3,1,1E,1E,False,EF,EF,False,Not activated
5208,36,A1,1,4,0,1E,0E,True,EF,E3,False,SDC
5209,36,A1,1,4,1,1E,1E,False,EF,EF,False,Not activated
5210,36,A1,1,5,0,1E,1E,False,EF,EF,False,Not activated
5211,36,A1,1,5,1,1E,3E,True,EF,07,False,SDC
5212,36,A1,1,6,0,1E,1E,False,EF,EF,False,Not activated
5213,36,A1,1,6,1,1E,5E,True,EF,35,False,SDC
5214,36,A1,1,7,0,1E,1E,False,EF,EF,False,Not activated
5215,36,A1,1,7,1,1E,9E,True,EF,9E,False,SDC
5216,36,A2,2,0,0,EB,EA,True,EF,EE,False,SDC
5217,36,A2,2,0,1,EB,EB,False,EF,EF,False,Not activated
5218,36,A2,2,1,0,EB,E9,True,EF,EE,False,SDC
5219,36,A2,2,1,1,EB,EB,False,EF,EF,False,Not activated
5220,36,A2,2,2,0,EB,EB,False,EF,EF,False,Not activated
5221,36,A2,2,2,1,EB,EF,True,EF,F1,False,SDC
5222,36,A2,2,3,0,EB,E3,True,EF,EA,False,SDC
5223,36,A2,2,3,1,EB,EB,False,EF,EF,False,Not activated
5224,36,A2,2,4,0,EB,EB,False,EF,EF,False,Not activated
5225,36,A2,2,4,1,EB,FB,True,EF,F9,False,SDC
5226,36,A2,2,5,0,EB,CB,True,EF,DB,False,SDC
5227,36,A2,2,5,1,EB,EB,False,EF,EF,False,Not activated
5228,36,A2,2,6,0,EB,AB,True,EF,BC,False,SDC
5229,36,A2,2,6,1,EB,EB,False,EF,EF,False,Not activated
5230,36,A2,2,7,0,EB,6B,True,EF,61,False,SDC
5231,36,A2,2,7,1,EB,EB,False,EF,EF,False,Not activated
5232,36,A3,3,0,0,37,36,True,EF,F0,False,SDC
5233,36,A3,3,0,1,37,37,False,EF,EF,False,Not activated
5234,36,A3,3,1,0,37,35,True,EF,F0,False,SDC
5235,36,A3,3,1,1,37,37,False,EF,EF,False,Not activated
5236,36,A3,3,2,0,37,33,True,EF,F1,False,SDC
5237,36,A3,3,2,1,37,37,False,EF,EF,False,Not activated
5238,36,A3,3,3,0,37,37,False,EF,EF,False,Not activated
5239,36,A3,3,3,1,37,3F,True,EF,EB,False,SDC
5240,36,A3,3,4,0,37,27,True,EF,F7,False,SDC
5241,36,A3,3,4,1,37,37,False,EF,EF,False,Not activated
5242,36,A3,3,5,0,37,17,True,EF,FE,False,SDC
5243,36,A3,3,5,1,37,37,False,EF,EF,False,Not activated
5244,36,A3,3,6,0,37,37,False,EF,EF,False,Not activated
5245,36,A3,3,6,1,37,77,True,EF,95,False,SDC
5246,36,A3,3,7,0,37,37,False,EF,EF,False,Not activated
5247,36,A3,3,7,1,37,B7,True,EF,2F,False,SDC
5248,36,B0,4,0,0,27,26,True,EF,F0,False,SDC
5249,36,B0,4,0,1,27,27,False,EF,EF,False,Not activated
5250,36,B0,4,1,0,27,25,True,EF,F1,False,SDC
5251,36,B0,4,1,1,27,27,False,EF,EF,False,Not activated
5252,36,B0,4,2,0,27,23,True,EF,F3,False,SDC
5253,36,B0,4,2,1,27,27,False,EF,EF,False,Not activated
5254,36,B0,4,3,0,27,27,False,EF,EF,False,Not activated
5255,36,B0,4,3,1,27,2F,True,EF,E7,False,SDC
5256,36,B0,4,4,0,27,27,False,EF,EF,False,Not activated
5257,36,B0,4,4,1,27,37,True,EF,E1,False,SDC
5258,36,B0,4,5,0,27,07,True,EF,0D,False,SDC
5259,36,B0,4,5,1,27,27,False,EF,EF,False,Not activated
5260,36,B0,4,6,0,27,27,False,EF,EF,False,Not activated
5261,36,B0,4,6,1,27,67,True,EF,9D,False,SDC
5262,36,B0,4,7,0,27,27,False,EF,EF,False,Not activated
5263,36,B0,4,7,1,27,A7,True,EF,5E,False,SDC
5264,36,B1,5,0,0,2F,2E,True,EF,EF,False,Masked
5265,36,B1,5,0,1,2F,2F,False,EF,EF,False,Not activated
5266,36,B1,5,1,0,2F,2D,True,EF,EE,False,SDC
5267,36,B1,5,1,1,2F,2F,False,EF,EF,False,Not activated
5268,36,B1,5,2,0,2F,2B,True,EF,ED,False,SDC
5269,36,B1,5,2,1,2F,2F,False,EF,EF,False,Not activated
5270,36,B1,5,3,0,2F,27,True,EF,EB,False,SDC
5271,36,B1,5,3,1,2F,2F,False,EF,EF,False,Not activated
5272,36,B1,5,4,0,2F,2F,False,EF,EF,False,Not activated
5273,36,B1,5,4,1,2F,3F,True,EF,F7,False,SDC
5274,36,B1,5,5,0,2F,0F,True,EF,E1,False,SDC
5275,36,B1,5,5,1,2F,2F,False,EF,EF,False,Not activated
5276,36,B1,5,6,0,2F,2F,False,EF,EF,False,Not activated
5277,36,B1,5,6,1,2F,6F,True,EF,47,False,SDC
5278,36,B1,5,7,0,2F,2F,False,EF,EF,False,Not activated
5279,36,B1,5,7,1,2F,AF,True,EF,B4,False,SDC
5280,36,B2,6,0,0,28,28,False,EF,EF,False,Not activated
5281,36,B2,6,0,1,28,29,True,EF,EF,False,Masked
5282,36,B2,6,1,0,28,28,False,EF,EF,False,Not activated
5283,36,B2,6,1,1,28,2A,True,EF,EE,False,SDC
5284,36,B2,6,2,0,28,28,False,EF,EF,False,Not activated
5285,36,B2,6,2,1,28,2C,True,EF,EE,False,SDC
5286,36,B2,6,3,0,28,20,True,EF,F2,False,SDC
5287,36,B2,6,3,1,28,28,False,EF,EF,False,Not activated
5288,36,B2,6,4,0,28,28,False,EF,EF,False,Not activated
5289,36,B2,6,4,1,28,38,True,EF,EA,False,SDC
5290,36,B2,6,5,0,28,08,True,EF,F9,False,SDC
5291,36,B2,6,5,1,28,28,False,EF,EF,False,Not activated
5292,36,B2,6,6,0,28,28,False,EF,EF,False,Not activated
5293,36,B2,6,6,1,28,68,True,EF,BE,False,SDC
5294,36,B2,6,7,0,28,28,False,EF,EF,False,Not activated
5295,36,B2,6,7,1,28,A8,True,EF,21,False,SDC
5296,36,B3,7,0,0,E2,E2,False,EF,EF,False,Not activated
5297,36,B3,7,0,1,E2,E3,True,EF,F0,False,SDC
5298,36,B3,7,1,0,E2,E0,True,EF,ED,False,SDC
5299,36,B3,7,1,1,E2,E2,False,EF,EF,False,Not activated
5300,36,B3,7,2,0,E2,E2,False,EF,EF,False,Not activated
5301,36,B3,7,2,1,E2,E6,True,EF,F3,False,SDC
5302,36,B3,7,3,0,E2,E2,False,EF,EF,False,Not activated
5303,36,B3,7,3,1,E2,EA,True,EF,F6,False,SDC
5304,36,B3,7,4,0,E2,E2,False,EF,EF,False,Not activated
5305,36,B3,7,4,1,E2,F2,True,EF,FD,False,SDC
5306,36,B3,7,5,0,E2,C2,True,EF,D5,False,SDC
5307,36,B3,7,5,1,E2,E2,False,EF,EF,False,Not activated
5308,36,B3,7,6,0,E2,A2,True,EF,AE,False,SDC
5309,36,B3,7,6,1,E2,E2,False,EF,EF,False,Not activated
5310,36,B3,7,7,0,E2,62,True,EF,61,False,SDC
5311,36,B3,7,7,1,E2,E2,False,EF,EF,False,Not activated
5312,36,C0,8,0,0,25,24,True,EF,EE,False,SDC
5313,36,C0,8,0,1,25,25,False,EF,EF,False,Not activated
5314,36,C0,8,1,0,25,25,False,EF,EF,False,Not activated
5315,36,C0,8,1,1,25,27,True,EF,F1,False,SDC
5316,36,C0,8,2,0,25,21,True,EF,EB,False,SDC
5317,36,C0,8,2,1,25,25,False,EF,EF,False,Not activated
5318,36,C0,8,3,0,25,25,False,EF,EF,False,Not activated
5319,36,C0,8,3,1,25,2D,True,EF,F7,False,SDC
5320,36,C0,8,4,0,25,25,False,EF,EF,False,Not activated
5321,36,C0,8,4,1,25,35,True,EF,FF,False,SDC
5322,36,C0,8,5,0,25,05,True,EF,CF,False,SDC
5323,36,C0,8,5,1,25,25,False,EF,EF,False,Not activated
5324,36,C0,8,6,0,25,25,False,EF,EF,False,Not activated
5325,36,C0,8,6,1,25,65,True,EF,59,False,SDC
5326,36,C0,8,7,0,25,25,False,EF,EF,False,Not activated
5327,36,C0,8,7,1,25,A5,True,EF,9A,False,SDC
5328,37,A0,0,0,0,CE,CE,False,A8,A8,False,Not activated
5329,37,A0,0,0,1,CE,CF,True,A8,AA,False,SDC
5330,37,A0,0,1,0,CE,CC,True,A8,A8,False,Masked
5331,37,A0,0,1,1,CE,CE,False,A8,A8,False,Not activated
5332,37,A0,0,2,0,CE,CA,True,A8,A8,False,Masked
5333,37,A0,0,2,1,CE,CE,False,A8,A8,False,Not activated
5334,37,A0,0,3,0,CE,C6,True,A8,A6,False,SDC
5335,37,A0,0,3,1,CE,CE,False,A8,A8,False,Not activated
5336,37,A0,0,4,0,CE,CE,False,A8,A8,False,Not activated
5337,37,A0,0,4,1,CE,DE,True,A8,AE,False,SDC
5338,37,A0,0,5,0,CE,CE,False,A8,A8,False,Not activated
5339,37,A0,0,5,1,CE,EE,True,A8,B3,False,SDC
5340,37,A0,0,6,0,CE,8E,True,A8,8F,False,SDC
5341,37,A0,0,6,1,CE,CE,False,A8,A8,False,Not activated
5342,37,A0,0,7,0,CE,4E,True,A8,ED,False,SDC
5343,37,A0,0,7,1,CE,CE,False,A8,A8,False,Not activated
5344,37,A1,1,0,0,30,30,False,A8,A8,False,Not activated
5345,37,A1,1,0,1,30,31,True,A8,A8,False,Masked
5346,37,A1,1,1,0,30,30,False,A8,A8,False,Not activated
5347,37,A1,1,1,1,30,32,True,A8,A8,False,Masked
5348,37,A1,1,2,0,30,30,False,A8,A8,False,Not activated
5349,37,A1,1,2,1,30,34,True,A8,A8,False,Masked
5350,37,A1,1,3,0,30,30,False,A8,A8,False,Not activated
5351,37,A1,1,3,1,30,38,True,A8,A8,False,Masked
5352,37,A1,1,4,0,30,20,True,A8,AA,False,SDC
5353,37,A1,1,4,1,30,30,False,A8,A8,False,Not activated
5354,37,A1,1,5,0,30,10,True,A8,AA,False,SDC
5355,37,A1,1,5,1,30,30,False,A8,A8,False,Not activated
5356,37,A1,1,6,0,30,30,False,A8,A8,False,Not activated
5357,37,A1,1,6,1,30,70,True,A8,A0,False,SDC
5358,37,A1,1,7,0,30,30,False,A8,A8,False,Not activated
5359,37,A1,1,7,1,30,B0,True,A8,AF,False,SDC
5360,37,A2,2,0,0,2E,2E,False,A8,A8,False,Not activated
5361,37,A2,2,0,1,2E,2F,True,A8,A8,False,Masked
5362,37,A2,2,1,0,2E,2C,True,A8,AA,False,SDC
5363,37,A2,2,1,1,2E,2E,False,A8,A8,False,Not activated
5364,37,A2,2,2,0,2E,2A,True,A8,AA,False,SDC
5365,37,A2,2,2,1,2E,2E,False,A8,A8,False,Not activated
5366,37,A2,2,3,0,2E,26,True,A8,AA,False,SDC
5367,37,A2,2,3,1,2E,2E,False,A8,A8,False,Not activated
5368,37,A2,2,4,0,2E,2E,False,A8,A8,False,Not activated
5369,37,A2,2,4,1,2E,3E,True,A8,A6,False,SDC
5370,37,A2,2,5,0,2E,0E,True,A8,B0,False,SDC
5371,37,A2,2,5,1,2E,2E,False,A8,A8,False,Not activated
5372,37,A2,2,6,0,2E,2E,False,A8,A8,False,Not activated
5373,37,A2,2,6,1,2E,6E,True,A8,99,False,SDC
5374,37,A2,2,7,0,2E,2E,False,A8,A8,False,Not activated
5375,37,A2,2,7,1,2E,AE,True,A8,CB,False,SDC
5376,37,A3,3,0,0,DC,DC,False,A8,A8,False,Not activated
5377,37,A3,3,0,1,DC,DD,True,A8,A8,False,Masked
5378,37,A3,3,1,0,DC,DC,False,A8,A8,False,Not activated
5379,37,A3,3,1,1,DC,DE,True,A8,AA,False,SDC
5380,37,A3,3,2,0,DC,D8,True,A8,A8,False,Masked
5381,37,A3,3,2,1,DC,DC,False,A8,A8,False,Not activated
5382,37,A3,3,3,0,DC,D4,True,A8,A6,False,SDC
5383,37,A3,3,3,1,DC,DC,False,A8,A8,False,Not activated
5384,37,A3,3,4,0,DC,CC,True,A8,A4,False,SDC
5385,37,A3,3,4,1,DC,DC,False,A8,A8,False,Not activated
5386,37,A3,3,5,0,DC,DC,False,A8,A8,False,Not activated
5387,37,A3,3,5,1,DC,FC,True,A8,B2,False,SDC
5388,37,A3,3,6,0,DC,9C,True,A8,99,False,SDC
5389,37,A3,3,6,1,DC,DC,False,A8,A8,False,Not activated
5390,37,A3,3,7,0,DC,5C,True,A8,EF,False,SDC
5391,37,A3,3,7,1,DC,DC,False,A8,A8,False,Not activated
5392,37,B0,4,0,0,29,28,True,A8,AA,False,SDC
5393,37,B0,4,0,1,29,29,False,A8,A8,False,Not activated
5394,37,B0,4,1,0,29,29,False,A8,A8,False,Not activated
5395,37,B0,4,1,1,29,2B,True,A8,A8,False,Masked
5396,37,B0,4,2,0,29,29,False,A8,A8,False,Not activated
5397,37,B0,4,2,1,29,2D,True,A8,A8,False,Masked
5398,37,B0,4,3,0,29,21,True,A8,AC,False,SDC
5399,37,B0,4,3,1,29,29,False,A8,A8,False,Not activated
5400,37,B0,4,4,0,29,29,False,A8,A8,False,Not activated
5401,37,B0,4,4,1,29,39,True,A8,A2,False,SDC
5402,37,B0,4,5,0,29,09,True,A8,B6,False,SDC
5403,37,B0,4,5,1,29,29,False,A8,A8,False,Not activated
5404,37,B0,4,6,0,29,29,False,A8,A8,False,Not activated
5405,37,B0,4,6,1,29,69,True,A8,93,False,SDC
5406,37,B0,4,7,0,29,29,False,A8,A8,False,Not activated
5407,37,B0,4,7,1,29,A9,True,A8,08,False,SDC
5408,37,B1,5,0,0,FB,FA,True,A8,A8,False,Masked
5409,37,B1,5,0,1,FB,FB,False,A8,A8,False,Not activated
5410,37,B1,5,1,0,FB,F9,True,A8,A8,False,Masked
5411,37,B1,5,1,1,FB,FB,False,A8,A8,False,Not activated
5412,37,B1,5,2,0,FB,FB,False,A8,A8,False,Not activated
5413,37,B1,5,2,1,FB,FF,True,A8,AA,False,SDC
5414,37,B1,5,3,0,FB,F3,True,A8,A6,False,SDC
5415,37,B1,5,3,1,FB,FB,False,A8,A8,False,Not activated
5416,37,B1,5,4,0,FB,EB,True,A8,A2,False,SDC
5417,37,B1,5,4,1,FB,FB,False,A8,A8,False,Not activated
5418,37,B1,5,5,0,FB,DB,True,A8,9F,False,SDC
5419,37,B1,5,5,1,FB,FB,False,A8,A8,False,Not activated
5420,37,B1,5,6,0,FB,BB,True,A8,9C,False,SDC
5421,37,B1,5,6,1,FB,FB,False,A8,A8,False,Not activated
5422,37,B1,5,7,0,FB,7B,True,A8,79,False,SDC
5423,37,B1,5,7,1,FB,FB,False,A8,A8,False,Not activated
5424,37,B2,6,0,0,E7,E6,True,A8,A8,False,Masked
5425,37,B2,6,0,1,E7,E7,False,A8,A8,False,Not activated
5426,37,B2,6,1,0,E7,E5,True,A8,A8,False,Masked
5427,37,B2,6,1,1,E7,E7,False,A8,A8,False,Not activated
5428,37,B2,6,2,0,E7,E3,True,A8,A8,False,Masked
5429,37,B2,6,2,1,E7,E7,False,A8,A8,False,Not activated
5430,37,B2,6,3,0,E7,E7,False,A8,A8,False,Not activated
5431,37,B2,6,3,1,E7,EF,True,A8,AC,False,SDC
5432,37,B2,6,4,0,E7,E7,False,A8,A8,False,Not activated
5433,37,B2,6,4,1,E7,F7,True,A8,AF,False,SDC
5434,37,B2,6,5,0,E7,C7,True,A8,9F,False,SDC
5435,37,B2,6,5,1,E7,E7,False,A8,A8,False,Not activated
5436,37,B2,6,6,0,E7,A7,True,A8,9A,False,SDC
5437,37,B2,6,6,1,E7,E7,False,A8,A8,False,Not activated
5438,37,B2,6,7,0,E7,67,True,A8,2D,False,SDC
5439,37,B2,6,7,1,E7,E7,False,A8,A8,False,Not activated
5440,37,B3,7,0,0,26,26,False,A8,A8,False,Not activated
5441,37,B3,7,0,1,26,27,True,A8,A8,False,Masked
5442,37,B3,7,1,0,26,24,True,A8,AA,False,SDC
5443,37,B3,7,1,1,26,26,False,A8,A8,False,Not activated
5444,37,B3,7,2,0,26,22,True,A8,AA,False,SDC
5445,37,B3,7,2,1,26,26,False,A8,A8,False,Not activated
5446,37,B3,7,3,0,26,26,False,A8,A8,False,Not activated
5447,37,B3,7,3,1,26,2E,True,A8,A6,False,SDC
5448,37,B3,7,4,0,26,26,False,A8,A8,False,Not activated
5449,37,B3,7,4,1,26,36,True,A8,A4,False,SDC
5450,37,B3,7,5,0,26,06,True,A8,B2,False,SDC
5451,37,B3,7,5,1,26,26,False,A8,A8,False,Not activated
5452,37,B3,7,6,0,26,26,False,A8,A8,False,Not activated
5453,37,B3,7,6,1,26,66,True,A8,99,False,SDC
5454,37,B3,7,7,0,26,26,False,A8,A8,False,Not activated
5455,37,B3,7,7,1,26,A6,True,A8,E9,False,SDC
5456,37,C0,8,0,0,DD,DC,True,A8,A8,False,Masked
5457,37,C0,8,0,1,DD,DD,False,A8,A8,False,Not activated
5458,37,C0,8,1,0,DD,DD,False,A8,A8,False,Not activated
5459,37,C0,8,1,1,DD,DF,True,A8,AA,False,SDC
5460,37,C0,8,2,0,DD,D9,True,A8,A6,False,SDC
5461,37,C0,8,2,1,DD,DD,False,A8,A8,False,Not activated
5462,37,C0,8,3,0,DD,D5,True,A8,A4,False,SDC
5463,37,C0,8,3,1,DD,DD,False,A8,A8,False,Not activated
5464,37,C0,8,4,0,DD,CD,True,A8,A0,False,SDC
5465,37,C0,8,4,1,DD,DD,False,A8,A8,False,Not activated
5466,37,C0,8,5,0,DD,DD,False,A8,A8,False,Not activated
5467,37,C0,8,5,1,DD,FD,True,A8,B8,False,SDC
5468,37,C0,8,6,0,DD,9D,True,A8,94,False,SDC
5469,37,C0,8,6,1,DD,DD,False,A8,A8,False,Not activated
5470,37,C0,8,7,0,DD,5D,True,A8,2E,False,SDC
5471,37,C0,8,7,1,DD,DD,False,A8,A8,False,Not activated
5472,38,A0,0,0,0,C3,C2,True,06,05,False,SDC
5473,38,A0,0,0,1,C3,C3,False,06,06,False,Not activated
5474,38,A0,0,1,0,C3,C1,True,06,04,False,SDC
5475,38,A0,0,1,1,C3,C3,False,06,06,False,Not activated
5476,38,A0,0,2,0,C3,C3,False,06,06,False,Not activated
5477,38,A0,0,2,1,C3,C7,True,06,0A,False,SDC
5478,38,A0,0,3,0,C3,C3,False,06,06,False,Not activated
5479,38,A0,0,3,1,C3,CB,True,06,0D,False,SDC
5480,38,A0,0,4,0,C3,C3,False,06,06,False,Not activated
5481,38,A0,0,4,1,C3,D3,True,06,15,False,SDC
5482,38,A0,0,5,0,C3,C3,False,06,06,False,Not activated
5483,38,A0,0,5,1,C3,E3,True,06,24,False,SDC
5484,38,A0,0,6,0,C3,83,True,06,83,False,SDC
5485,38,A0,0,6,1,C3,C3,False,06,06,False,Not activated
5486,38,A0,0,7,0,C3,43,True,06,60,False,SDC
5487,38,A0,0,7,1,C3,C3,False,06,06,False,Not activated
5488,38,A1,1,0,0,D9,D8,True,06,07,False,SDC
5489,38,A1,1,0,1,D9,D9,False,06,06,False,Not activated
5490,38,A1,1,1,0,D9,D9,False,06,06,False,Not activated
5491,38,A1,1,1,1,D9,DB,True,06,05,False,SDC
5492,38,A1,1,2,0,D9,D9,False,06,06,False,Not activated
5493,38,A1,1,2,1,D9,DD,True,06,04,False,SDC
5494,38,A1,1,3,0,D9,D1,True,06,0A,False,SDC
5495,38,A1,1,3,1,D9,D9,False,06,06,False,Not activated
5496,38,A1,1,4,0,D9,C9,True,06,0D,False,SDC
5497,38,A1,1,4,1,D9,D9,False,06,06,False,Not activated
5498,38,A1,1,5,0,D9,D9,False,06,06,False,Not activated
5499,38,A1,1,5,1,D9,F9,True,06,F8,False,SDC
5500,38,A1,1,6,0,D9,99,True,06,42,False,SDC
5501,38,A1,1,6,1,D9,D9,False,06,06,False,Not activated
5502,38,A1,1,7,0,D9,59,True,06,C2,False,SDC
5503,38,A1,1,7,1,D9,D9,False,06,06,False,Not activated
5504,38,A2,2,0,0,EA,EA,False,06,06,False,Not activated
5505,38,A2,2,0,1,EA,EB,True,06,06,False,Masked
5506,38,A2,2,1,0,EA,E8,True,06,05,False,SDC
5507,38,A2,2,1,1,EA,EA,False,06,06,False,Not activated
5508,38,A2,2,2,0,EA,EA,False,06,06,False,Not activated
5509,38,A2,2,2,1,EA,EE,True,06,07,False,SDC
5510,38,A2,2,3,0,EA,E2,True,06,04,False,SDC
5511,38,A2,2,3,1,EA,EA,False,06,06,False,Not activated
5512,38,A2,2,4,0,EA,EA,False,06,06,False,Not activated
5513,38,A2,2,4,1,EA,FA,True,06,0A,False,SDC
5514,38,A2,2,5,0,EA,CA,True,06,FE,False,SDC
5515,38,A2,2,5,1,EA,EA,False,06,06,False,Not activated
5516,38,A2,2,6,0,EA,AA,True,06,EE,False,SDC
5517,38,A2,2,6,1,EA,EA,False,06,06,False,Not activated
5518,38,A2,2,7,0,EA,6A,True,06,43,False,SDC
5519,38,A2,2,7,1,EA,EA,False,06,06,False,Not activated
5520,38,A3,3,0,0,2F,2E,True,06,07,False,SDC
5521,38,A3,3,0,1,2F,2F,False,06,06,False,Not activated
5522,38,A3,3,1,0,2F,2D,True,06,07,False,SDC
5523,38,A3,3,1,1,2F,2F,False,06,06,False,Not activated
5524,38,A3,3,2,0,2F,2B,True,06,07,False,SDC
5525,38,A3,3,2,1,2F,2F,False,06,06,False,Not activated
5526,38,A3,3,3,0,2F,27,True,06,08,False,SDC
5527,38,A3,3,3,1,2F,2F,False,06,06,False,Not activated
5528,38,A3,3,4,0,2F,2F,False,06,06,False,Not activated
5529,38,A3,3,4,1,2F,3F,True,06,03,False,SDC
5530,38,A3,3,5,0,2F,0F,True,06,0D,False,SDC
5531,38,A3,3,5,1,2F,2F,False,06,06,False,Not activated
5532,38,A3,3,6,0,2F,2F,False,06,06,False,Not activated
5533,38,A3,3,6,1,2F,6F,True,06,DE,False,SDC
5534,38,A3,3,7,0,2F,2F,False,06,06,False,Not activated
5535,38,A3,3,7,1,2F,AF,True,06,24,False,SDC
5536,38,B0,4,0,0,3C,3C,False,06,06,False,Not activated
5537,38,B0,4,0,1,3C,3D,True,06,05,False,SDC
5538,38,B0,4,1,0,3C,3C,False,06,06,False,Not activated
5539,38,B0,4,1,1,3C,3E,True,06,04,False,SDC
5540,38,B0,4,2,0,3C,38,True,06,0A,False,SDC
5541,38,B0,4,2,1,3C,3C,False,06,06,False,Not activated
5542,38,B0,4,3,0,3C,34,True,06,0D,False,SDC
5543,38,B0,4,3,1,3C,3C,False,06,06,False,Not activated
5544,38,B0,4,4,0,3C,2C,True,06,15,False,SDC
5545,38,B0,4,4,1,3C,3C,False,06,06,False,Not activated
5546,38,B0,4,5,0,3C,1C,True,06,24,False,SDC
5547,38,B0,4,5,1,3C,3C,False,06,06,False,Not activated
5548,38,B0,4,6,0,3C,3C,False,06,06,False,Not activated
5549,38,B0,4,6,1,3C,7C,True,06,84,False,SDC
5550,38,B0,4,7,0,3C,3C,False,06,06,False,Not activated
5551,38,B0,4,7,1,3C,BC,True,06,60,False,SDC
5552,38,B1,5,0,0,E4,E4,False,06,06,False,Not activated
5553,38,B1,5,0,1,E4,E5,True,06,05,False,SDC
5554,38,B1,5,1,0,E4,E4,False,06,06,False,Not activated
5555,38,B1,5,1,1,E4,E6,True,06,05,False,SDC
5556,38,B1,5,2,0,E4,E0,True,06,09,False,SDC
5557,38,B1,5,2,1,E4,E4,False,06,06,False,Not activated
5558,38,B1,5,3,0,E4,E4,False,06,06,False,Not activated
5559,38,B1,5,3,1,E4,EC,True,06,01,False,SDC
5560,38,B1,5,4,0,E4,E4,False,06,06,False,Not activated
5561,38,B1,5,4,1,E4,F4,True,06,FC,False,SDC
5562,38,B1,5,5,0,E4,C4,True,06,1A,False,SDC
5563,38,B1,5,5,1,E4,E4,False,06,06,False,Not activated
5564,38,B1,5,6,0,E4,A4,True,06,3F,False,SDC
5565,38,B1,5,6,1,E4,E4,False,06,06,False,Not activated
5566,38,B1,5,7,0,E4,64,True,06,AB,False,SDC
5567,38,B1,5,7,1,E4,E4,False,06,06,False,Not activated
5568,38,B2,6,0,0,12,12,False,06,06,False,Not activated
5569,38,B2,6,0,1,12,13,True,06,05,False,SDC
5570,38,B2,6,1,0,12,10,True,06,06,False,Masked
5571,38,B2,6,1,1,12,12,False,06,06,False,Not activated
5572,38,B2,6,2,0,12,12,False,06,06,False,Not activated
5573,38,B2,6,2,1,12,16,True,06,04,False,SDC
5574,38,B2,6,3,0,12,12,False,06,06,False,Not activated
5575,38,B2,6,3,1,12,1A,True,06,03,False,SDC
5576,38,B2,6,4,0,12,02,True,06,0B,False,SDC
5577,38,B2,6,4,1,12,12,False,06,06,False,Not activated
5578,38,B2,6,5,0,12,12,False,06,06,False,Not activated
5579,38,B2,6,5,1,12,32,True,06,FA,False,SDC
5580,38,B2,6,6,0,12,12,False,06,06,False,Not activated
5581,38,B2,6,6,1,12,52,True,06,EA,False,SDC
5582,38,B2,6,7,0,12,12,False,06,06,False,Not activated
5583,38,B2,6,7,1,12,92,True,06,4F,False,SDC
5584,38,B3,7,0,0,F3,F2,True,06,06,False,Masked
5585,38,B3,7,0,1,F3,F3,False,06,06,False,Not activated
5586,38,B3,7,1,0,F3,F1,True,06,05,False,SDC
5587,38,B3,7,1,1,F3,F3,False,06,06,False,Not activated
5588,38,B3,7,2,0,F3,F3,False,06,06,False,Not activated
5589,38,B3,7,2,1,F3,F7,True,06,09,False,SDC
5590,38,B3,7,3,0,F3,F3,False,06,06,False,Not activated
5591,38,B3,7,3,1,F3,FB,True,06,0C,False,SDC
5592,38,B3,7,4,0,F3,E3,True,06,FA,False,SDC
5593,38,B3,7,4,1,F3,F3,False,06,06,False,Not activated
5594,38,B3,7,5,0,F3,D3,True,06,EE,False,SDC
5595,38,B3,7,5,1,F3,F3,False,06,06,False,Not activated
5596,38,B3,7,6,0,F3,B3,True,06,CE,False,SDC
5597,38,B3,7,6,1,F3,F3,False,06,06,False,Not activated
5598,38,B3,7,7,0,F3,73,True,06,70,False,SDC
5599,38,B3,7,7,1,F3,F3,False,06,06,False,Not activated
5600,38,C0,8,0,0,3E,3E,False,06,06,False,Not activated
5601,38,C0,8,0,1,3E,3F,True,06,07,False,SDC
5602,38,C0,8,1,0,3E,3C,True,06,04,False,SDC
5603,38,C0,8,1,1,3E,3E,False,06,06,False,Not activated
5604,38,C0,8,2,0,3E,3A,True,06,02,False,SDC
5605,38,C0,8,2,1,3E,3E,False,06,06,False,Not activated
5606,38,C0,8,3,0,3E,36,True,06,FE,False,SDC
5607,38,C0,8,3,1,3E,3E,False,06,06,False,Not activated
5608,38,C0,8,4,0,3E,2E,True,06,F6,False,SDC
5609,38,C0,8,4,1,3E,3E,False,06,06,False,Not activated
5610,38,C0,8,5,0,3E,1E,True,06,E6,False,SDC
5611,38,C0,8,5,1,3E,3E,False,06,06,False,Not activated
5612,38,C0,8,6,0,3E,3E,False,06,06,False,Not activated
5613,38,C0,8,6,1,3E,7E,True,06,7E,False,SDC
5614,38,C0,8,7,0,3E,3E,False,06,06,False,Not activated
5615,38,C0,8,7,1,3E,BE,True,06,A2,False,SDC
5616,39,A0,0,0,0,05,04,True,11,11,False,Masked
5617,39,A0,0,0,1,05,05,False,11,11,False,Not activated
5618,39,A0,0,1,0,05,05,False,11,11,False,Not activated
5619,39,A0,0,1,1,05,07,True,11,10,False,SDC
5620,39,A0,0,2,0,05,01,True,11,13,False,SDC
5621,39,A0,0,2,1,05,05,False,11,11,False,Not activated
5622,39,A0,0,3,0,05,05,False,11,11,False,Not activated
5623,39,A0,0,3,1,05,0D,True,11,0C,False,SDC
5624,39,A0,0,4,0,05,05,False,11,11,False,Not activated
5625,39,A0,0,4,1,05,15,True,11,07,False,SDC
5626,39,A0,0,5,0,05,05,False,11,11,False,Not activated
5627,39,A0,0,5,1,05,25,True,11,FC,False,SDC
5628,39,A0,0,6,0,05,05,False,11,11,False,Not activated
5629,39,A0,0,6,1,05,45,True,11,E5,False,SDC
5630,39,A0,0,7,0,05,05,False,11,11,False,Not activated
5631,39,A0,0,7,1,05,85,True,11,77,False,SDC
5632,39,A1,1,0,0,38,38,False,11,11,False,Not activated
5633,39,A1,1,0,1,38,39,True,11,12,False,SDC
5634,39,A1,1,1,0,38,38,False,11,11,False,Not activated
5635,39,A1,1,1,1,38,3A,True,11,12,False,SDC
5636,39,A1,1,2,0,38,38,False,11,11,False,Not activated
5637,39,A1,1,2,1,38,3C,True,11,14,False,SDC
5638,39,A1,1,3,0,38,30,True,11,09,False,SDC
5639,39,A1,1,3,1,38,38,False,11,11,False,Not activated
5640,39,A1,1,4,0,38,28,True,11,02,False,SDC
5641,39,A1,1,4,1,38,38,False,11,11,False,Not activated
5642,39,A1,1,5,0,38,18,True,11,F3,False,SDC
5643,39,A1,1,5,1,38,38,False,11,11,False,Not activated
5644,39,A1,1,6,0,38,38,False,11,11,False,Not activated
5645,39,A1,1,6,1,38,78,True,11,76,False,SDC
5646,39,A1,1,7,0,38,38,False,11,11,False,Not activated
5647,39,A1,1,7,1,38,B8,True,11,AA,False,SDC
5648,39,A2,2,0,0,CF,CE,True,11,11,False,Masked
5649,39,A2,2,0,1,CF,CF,False,11,11,False,Not activated
5650,39,A2,2,1,0,CF,CD,True,11,12,False,SDC
5651,39,A2,2,1,1,CF,CF,False,11,11,False,Not activated
5652,39,A2,2,2,0,CF,CB,True,11,13,False,SDC
5653,39,A2,2,2,1,CF,CF,False,11,11,False,Not activated
5654,39,A2,2,3,0,CF,C7,True,11,15,False,SDC
5655,39,A2,2,3,1,CF,CF,False,11,11,False,Not activated
5656,39,A2,2,4,0,CF,CF,False,11,11,False,Not activated
5657,39,A2,2,4,1,CF,DF,True,11,09,False,SDC
5658,39,A2,2,5,0,CF,CF,False,11,11,False,Not activated
5659,39,A2,2,5,1,CF,EF,True,11,02,False,SDC
5660,39,A2,2,6,0,CF,8F,True,11,60,False,SDC
5661,39,A2,2,6,1,CF,CF,False,11,11,False,Not activated
5662,39,A2,2,7,0,CF,4F,True,11,CD,False,SDC
5663,39,A2,2,7,1,CF,CF,False,11,11,False,Not activated
5664,39,A3,3,0,0,3C,3C,False,11,11,False,Not activated
5665,39,A3,3,0,1,3C,3D,True,11,10,False,SDC
5666,39,A3,3,1,0,3C,3C,False,11,11,False,Not activated
5667,39,A3,3,1,1,3C,3E,True,11,10,False,SDC
5668,39,A3,3,2,0,3C,38,True,11,14,False,SDC
5669,39,A3,3,2,1,3C,3C,False,11,11,False,Not activated
5670,39,A3,3,3,0,3C,34,True,11,17,False,SDC
5671,39,A3,3,3,1,3C,3C,False,11,11,False,Not activated
5672,39,A3,3,4,0,3C,2C,True,11,1E,False,SDC
5673,39,A3,3,4,1,3C,3C,False,11,11,False,Not activated
5674,39,A3,3,5,0,3C,1C,True,11,2A,False,SDC
5675,39,A3,3,5,1,3C,3C,False,11,11,False,Not activated
5676,39,A3,3,6,0,3C,3C,False,11,11,False,Not activated
5677,39,A3,3,6,1,3C,7C,True,11,86,False,SDC
5678,39,A3,3,7,0,3C,3C,False,11,11,False,Not activated
5679,39,A3,3,7,1,3C,BC,True,11,5C,False,SDC
5680,39,B0,4,0,0,D7,D6,True,11,11,False,Masked
5681,39,B0,4,0,1,D7,D7,False,11,11,False,Not activated
5682,39,B0,4,1,0,D7,D5,True,11,11,False,Masked
5683,39,B0,4,1,1,D7,D7,False,11,11,False,Not activated
5684,39,B0,4,2,0,D7,D3,True,11,10,False,SDC
5685,39,B0,4,2,1,D7,D7,False,11,11,False,Not activated
5686,39,B0,4,3,0,D7,D7,False,11,11,False,Not activated
5687,39,B0,4,3,1,D7,DF,True,11,11,False,Masked
5688,39,B0,4,4,0,D7,C7,True,11,10,False,SDC
5689,39,B0,4,4,1,D7,D7,False,11,11,False,Not activated
5690,39,B0,4,5,0,D7,D7,False,11,11,False,Not activated
5691,39,B0,4,5,1,D7,F7,True,11,13,False,SDC
5692,39,B0,4,6,0,D7,97,True,11,04,False,SDC
5693,39,B0,4,6,1,D7,D7,False,11,11,False,Not activated
5694,39,B0,4,7,0,D7,57,True,11,1D,False,SDC
5695,39,B0,4,7,1,D7,D7,False,11,11,False,Not activated
5696,39,B1,5,0,0,3B,3A,True,11,10,False,SDC
5697,39,B1,5,0,1,3B,3B,False,11,11,False,Not activated
5698,39,B1,5,1,0,3B,39,True,11,0F,False,SDC
5699,39,B1,5,1,1,3B,3B,False,11,11,False,Not activated
5700,39,B1,5,2,0,3B,3B,False,11,11,False,Not activated
5701,39,B1,5,2,1,3B,3F,True,11,14,False,SDC
5702,39,B1,5,3,0,3B,33,True,11,0A,False,SDC
5703,39,B1,5,3,1,3B,3B,False,11,11,False,Not activated
5704,39,B1,5,4,0,3B,2B,True,11,03,False,SDC
5705,39,B1,5,4,1,3B,3B,False,11,11,False,Not activated
5706,39,B1,5,5,0,3B,1B,True,11,F5,False,SDC
5707,39,B1,5,5,1,3B,3B,False,11,11,False,Not activated
5708,39,B1,5,6,0,3B,3B,False,11,11,False,Not activated
5709,39,B1,5,6,1,3B,7B,True,11,7A,False,SDC
5710,39,B1,5,7,0,3B,3B,False,11,11,False,Not activated
5711,39,B1,5,7,1,3B,BB,True,11,AE,False,SDC
5712,39,B2,6,0,0,E2,E2,False,11,11,False,Not activated
5713,39,B2,6,0,1,E2,E3,True,11,10,False,SDC
5714,39,B2,6,1,0,E2,E0,True,11,12,False,SDC
5715,39,B2,6,1,1,E2,E2,False,11,11,False,Not activated
5716,39,B2,6,2,0,E2,E2,False,11,11,False,Not activated
5717,39,B2,6,2,1,E2,E6,True,11,0E,False,SDC
5718,39,B2,6,3,0,E2,E2,False,11,11,False,Not activated
5719,39,B2,6,3,1,E2,EA,True,11,0B,False,SDC
5720,39,B2,6,4,0,E2,E2,False,11,11,False,Not activated
5721,39,B2,6,4,1,E2,F2,True,11,05,False,SDC
5722,39,B2,6,5,0,E2,C2,True,11,29,False,SDC
5723,39,B2,6,5,1,E2,E2,False,11,11,False,Not activated
5724,39,B2,6,6,0,E2,A2,True,11,4C,False,SDC
5725,39,B2,6,6,1,E2,E2,False,11,11,False,Not activated
5726,39,B2,6,7,0,E2,62,True,11,A4,False,SDC
5727,39,B2,6,7,1,E2,E2,False,11,11,False,Not activated
5728,39,B3,7,0,0,CE,CE,False,11,11,False,Not activated
5729,39,B3,7,0,1,CE,CF,True,11,12,False,SDC
5730,39,B3,7,1,0,CE,CC,True,11,0F,False,SDC
5731,39,B3,7,1,1,CE,CE,False,11,11,False,Not activated
5732,39,B3,7,2,0,CE,CA,True,11,0D,False,SDC
5733,39,B3,7,2,1,CE,CE,False,11,11,False,Not activated
5734,39,B3,7,3,0,CE,C6,True,11,0A,False,SDC
5735,39,B3,7,3,1,CE,CE,False,11,11,False,Not activated
5736,39,B3,7,4,0,CE,CE,False,11,11,False,Not activated
5737,39,B3,7,4,1,CE,DE,True,11,20,False,SDC
5738,39,B3,7,5,0,CE,CE,False,11,11,False,Not activated
5739,39,B3,7,5,1,CE,EE,True,11,2F,False,SDC
5740,39,B3,7,6,0,CE,8E,True,11,95,False,SDC
5741,39,B3,7,6,1,CE,CE,False,11,11,False,Not activated
5742,39,B3,7,7,0,CE,4E,True,11,63,False,SDC
5743,39,B3,7,7,1,CE,CE,False,11,11,False,Not activated
5744,39,C0,8,0,0,F8,F8,False,11,11,False,Not activated
5745,39,C0,8,0,1,F8,F9,True,11,12,False,SDC
5746,39,C0,8,1,0,F8,F8,False,11,11,False,Not activated
5747,39,C0,8,1,1,F8,FA,True,11,13,False,SDC
5748,39,C0,8,2,0,F8,F8,False,11,11,False,Not activated
5749,39,C0,8,2,1,F8,FC,True,11,15,False,SDC
5750,39,C0,8,3,0,F8,F0,True,11,09,False,SDC
5751,39,C0,8,3,1,F8,F8,False,11,11,False,Not activated
5752,39,C0,8,4,0,F8,E8,True,11,01,False,SDC
5753,39,C0,8,4,1,F8,F8,False,11,11,False,Not activated
5754,39,C0,8,5,0,F8,D8,True,11,F1,False,SDC
5755,39,C0,8,5,1,F8,F8,False,11,11,False,Not activated
5756,39,C0,8,6,0,F8,B8,True,11,C9,False,SDC
5757,39,C0,8,6,1,F8,F8,False,11,11,False,Not activated
5758,39,C0,8,7,0,F8,78,True,11,78,False,SDC
5759,39,C0,8,7,1,F8,F8,False,11,11,False,Not activated
5760,40,A0,0,0,0,1D,1C,True,B8,B8,False,Masked
5761,40,A0,0,0,1,1D,1D,False,B8,B8,False,Not activated
5762,40,A0,0,1,0,1D,1D,False,B8,B8,False,Not activated
5763,40,A0,0,1,1,1D,1F,True,B8,B8,False,Masked
5764,40,A0,0,2,0,1D,19,True,B8,B8,False,Masked
5765,40,A0,0,2,1,1D,1D,False,B8,B8,False,Not activated
5766,40,A0,0,3,0,1D,15,True,B8,B8,False,Masked
5767,40,A0,0,3,1,1D,1D,False,B8,B8,False,Not activated
5768,40,A0,0,4,0,1D,0D,True,B8,BA,False,SDC
5769,40,A0,0,4,1,1D,1D,False,B8,B8,False,Not activated
5770,40,A0,0,5,0,1D,1D,False,B8,B8,False,Not activated
5771,40,A0,0,5,1,1D,3D,True,B8,B4,False,SDC
5772,40,A0,0,6,0,1D,1D,False,B8,B8,False,Not activated
5773,40,A0,0,6,1,1D,5D,True,B8,AC,False,SDC
5774,40,A0,0,7,0,1D,1D,False,B8,B8,False,Not activated
5775,40,A0,0,7,1,1D,9D,True,B8,DA,False,SDC
5776,40,A1,1,0,0,E8,E8,False,B8,B8,False,Not activated
5777,40,A1,1,0,1,E8,E9,True,B8,B8,False,Masked
5778,40,A1,1,1,0,E8,E8,False,B8,B8,False,Not activated
5779,40,A1,1,1,1,E8,EA,True,B8,B8,False,Masked
5780,40,A1,1,2,0,E8,E8,False,B8,B8,False,Not activated
5781,40,A1,1,2,1,E8,EC,True,B8,B8,False,Masked
5782,40,A1,1,3,0,E8,E0,True,B8,B7,False,SDC
5783,40,A1,1,3,1,E8,E8,False,B8,B8,False,Not activated
5784,40,A1,1,4,0,E8,E8,False,B8,B8,False,Not activated
5785,40,A1,1,4,1,E8,F8,True,B8,B9,False,SDC
5786,40,A1,1,5,0,E8,C8,True,B8,B5,False,SDC
5787,40,A1,1,5,1,E8,E8,False,B8,B8,False,Not activated
5788,40,A1,1,6,0,E8,A8,True,B8,B0,False,SDC
5789,40,A1,1,6,1,E8,E8,False,B8,B8,False,Not activated
5790,40,A1,1,7,0,E8,68,True,B8,D1,False,SDC
5791,40,A1,1,7,1,E8,E8,False,B8,B8,False,Not activated
5792,40,A2,2,0,0,0E,0E,False,B8,B8,False,Not activated
5793,40,A2,2,0,1,0E,0F,True,B8,B8,False,Masked
5794,40,A2,2,1,0,0E,0C,True,B8,B8,False,Masked
5795,40,A2,2,1,1,0E,0E,False,B8,B8,False,Not activated
5796,40,A2,2,2,0,0E,0A,True,B8,B8,False,Masked
5797,40,A2,2,2,1,0E,0E,False,B8,B8,False,Not activated
5798,40,A2,2,3,0,0E,06,True,B8,BA,False,SDC
5799,40,A2,2,3,1,0E,0E,False,B8,B8,False,Not activated
5800,40,A2,2,4,0,0E,0E,False,B8,B8,False,Not activated
5801,40,A2,2,4,1,0E,1E,True,B8,B4,False,SDC
5802,40,A2,2,5,0,0E,0E,False,B8,B8,False,Not activated
5803,40,A2,2,5,1,0E,2E,True,B8,B0,False,SDC
5804,40,A2,2,6,0,0E,0E,False,B8,B8,False,Not activated
5805,40,A2,2,6,1,0E,4E,True,B8,A4,False,SDC
5806,40,A2,2,7,0,0E,0E,False,B8,B8,False,Not activated
5807,40,A2,2,7,1,0E,8E,True,B8,48,False,SDC
5808,40,A3,3,0,0,01,00,True,B8,B7,False,SDC
5809,40,A3,3,0,1,01,01,False,B8,B8,False,Not activated
5810,40,A3,3,1,0,01,01,False,B8,B8,False,Not activated
5811,40,A3,3,1,1,01,03,True,B8,B8,False,Masked
5812,40,A3,3,2,0,01,01,False,B8,B8,False,Not activated
5813,40,A3,3,2,1,01,05,True,B8,B8,False,Masked
5814,40,A3,3,3,0,01,01,False,B8,B8,False,Not activated
5815,40,A3,3,3,1,01,09,True,B8,B9,False,SDC
5816,40,A3,3,4,0,01,01,False,B8,B8,False,Not activated
5817,40,A3,3,4,1,01,11,True,B8,BA,False,SDC
5818,40,A3,3,5,0,01,01,False,B8,B8,False,Not activated
5819,40,A3,3,5,1,01,21,True,B8,BE,False,SDC
5820,40,A3,3,6,0,01,01,False,B8,B8,False,Not activated
5821,40,A3,3,6,1,01,41,True,B8,CA,False,SDC
5822,40,A3,3,7,0,01,01,False,B8,B8,False,Not activated
5823,40,A3,3,7,1,01,81,True,B8,83,False,SDC
5824,40,B0,4,0,0,F1,F0,True,B8,B8,False,Masked
5825,40,B0,4,0,1,F1,F1,False,B8,B8,False,Not activated
5826,40,B0,4,1,0,F1,F1,False,B8,B8,False,Not activated
5827,40,B0,4,1,1,F1,F3,True,B8,B8,False,Masked
5828,40,B0,4,2,0,F1,F1,False,B8,B8,False,Not activated
5829,40,B0,4,2,1,F1,F5,True,B8,B8,False,Masked
5830,40,B0,4,3,0,F1,F1,False,B8,B8,False,Not activated
5831,40,B0,4,3,1,F1,F9,True,B8,BA,False,SDC
5832,40,B0,4,4,0,F1,E1,True,B8,B4,False,SDC
5833,40,B0,4,4,1,F1,F1,False,B8,B8,False,Not activated
5834,40,B0,4,5,0,F1,D1,True,B8,B0,False,SDC
5835,40,B0,4,5,1,F1,F1,False,B8,B8,False,Not activated
5836,40,B0,4,6,0,F1,B1,True,B8,A6,False,SDC
5837,40,B0,4,6,1,F1,F1,False,B8,B8,False,Not activated
5838,40,B0,4,7,0,F1,71,True,B8,36,False,SDC
5839,40,B0,4,7,1,F1,F1,False,B8,B8,False,Not activated
5840,40,B1,5,0,0,0A,0A,False,B8,B8,False,Not activated
5841,40,B1,5,0,1,0A,0B,True,B8,B8,False,Masked
5842,40,B1,5,1,0,0A,08,True,B8,B8,False,Masked
5843,40,B1,5,1,1,0A,0A,False,B8,B8,False,Not activated
5844,40,B1,5,2,0,0A,0A,False,B8,B8,False,Not activated
5845,40,B1,5,2,1,0A,0E,True,B8,B7,False,SDC
5846,40,B1,5,3,0,0A,02,True,B8,B9,False,SDC
5847,40,B1,5,3,1,0A,0A,False,B8,B8,False,Not activated
5848,40,B1,5,4,0,0A,0A,False,B8,B8,False,Not activated
5849,40,B1,5,4,1,0A,1A,True,B8,B4,False,SDC
5850,40,B1,5,5,0,0A,0A,False,B8,B8,False,Not activated
5851,40,B1,5,5,1,0A,2A,True,B8,B2,False,SDC
5852,40,B1,5,6,0,0A,0A,False,B8,B8,False,Not activated
5853,40,B1,5,6,1,0A,4A,True,B8,AA,False,SDC
5854,40,B1,5,7,0,0A,0A,False,B8,B8,False,Not activated
5855,40,B1,5,7,1,0A,8A,True,B8,4C,False,SDC
5856,40,B2,6,0,0,E1,E0,True,B8,B8,False,Masked
5857,40,B2,6,0,1,E1,E1,False,B8,B8,False,Not activated
5858,40,B2,6,1,0,E1,E1,False,B8,B8,False,Not activated
5859,40,B2,6,1,1,E1,E3,True,B8,B8,False,Masked
5860,40,B2,6,2,0,E1,E1,False,B8,B8,False,Not activated
5861,40,B2,6,2,1,E1,E5,True,B8,B8,False,Masked
5862,40,B2,6,3,0,E1,E1,False,B8,B8,False,Not activated
5863,40,B2,6,3,1,E1,E9,True,B8,B8,False,Masked
5864,40,B2,6,4,0,E1,E1,False,B8,B8,False,Not activated
5865,40,B2,6,4,1,E1,F1,True,B8,BA,False,SDC
5866,40,B2,6,5,0,E1,C1,True,B8,B4,False,SDC
5867,40,B2,6,5,1,E1,E1,False,B8,B8,False,Not activated
5868,40,B2,6,6,0,E1,A1,True,B8,AD,False,SDC
5869,40,B2,6,6,1,E1,E1,False,B8,B8,False,Not activated
5870,40,B2,6,7,0,E1,61,True,B8,D4,False,SDC
5871,40,B2,6,7,1,E1,E1,False,B8,B8,False,Not activated
5872,40,B3,7,0,0,1B,1A,True,B8,B8,False,Masked
5873,40,B3,7,0,1,1B,1B,False,B8,B8,False,Not activated
5874,40,B3,7,1,0,1B,19,True,B8,B8,False,Masked
5875,40,B3,7,1,1,1B,1B,False,B8,B8,False,Not activated
5876,40,B3,7,2,0,1B,1B,False,B8,B8,False,Not activated
5877,40,B3,7,2,1,1B,1F,True,B8,B8,False,Masked
5878,40,B3,7,3,0,1B,13,True,B8,B8,False,Masked
5879,40,B3,7,3,1,1B,1B,False,B8,B8,False,Not activated
5880,40,B3,7,4,0,1B,0B,True,B8,B8,False,Masked
5881,40,B3,7,4,1,1B,1B,False,B8,B8,False,Not activated
5882,40,B3,7,5,0,1B,1B,False,B8,B8,False,Not activated
5883,40,B3,7,5,1,1B,3B,True,B8,B8,False,Masked
5884,40,B3,7,6,0,1B,1B,False,B8,B8,False,Not activated
5885,40,B3,7,6,1,1B,5B,True,B8,B8,False,Masked
5886,40,B3,7,7,0,1B,1B,False,B8,B8,False,Not activated
5887,40,B3,7,7,1,1B,9B,True,B8,B6,False,SDC
5888,40,C0,8,0,0,C0,C0,False,B8,B8,False,Not activated
5889,40,C0,8,0,1,C0,C1,True,B8,B8,False,Masked
5890,40,C0,8,1,0,C0,C0,False,B8,B8,False,Not activated
5891,40,C0,8,1,1,C0,C2,True,B8,B8,False,Masked
5892,40,C0,8,2,0,C0,C0,False,B8,B8,False,Not activated
5893,40,C0,8,2,1,C0,C4,True,B8,BA,False,SDC
5894,40,C0,8,3,0,C0,C0,False,B8,B8,False,Not activated
5895,40,C0,8,3,1,C0,C8,True,B8,BC,False,SDC
5896,40,C0,8,4,0,C0,C0,False,B8,B8,False,Not activated
5897,40,C0,8,4,1,C0,D0,True,B8,C0,False,SDC
5898,40,C0,8,5,0,C0,C0,False,B8,B8,False,Not activated
5899,40,C0,8,5,1,C0,E0,True,B8,CF,False,SDC
5900,40,C0,8,6,0,C0,80,True,B8,80,True,SDC
5901,40,C0,8,6,1,C0,C0,False,B8,B8,False,Not activated
5902,40,C0,8,7,0,C0,40,True,B8,2F,False,SDC
5903,40,C0,8,7,1,C0,C0,False,B8,B8,False,Not activated
5904,41,A0,0,0,0,36,36,False,EE,EE,False,Not activated
5905,41,A0,0,0,1,36,37,True,EE,EE,False,Masked
5906,41,A0,0,1,0,36,34,True,EE,ED,False,SDC
5907,41,A0,0,1,1,36,36,False,EE,EE,False,Not activated
5908,41,A0,0,2,0,36,32,True,EE,EC,False,SDC
5909,41,A0,0,2,1,36,36,False,EE,EE,False,Not activated
5910,41,A0,0,3,0,36,36,False,EE,EE,False,Not activated
5911,41,A0,0,3,1,36,3E,True,EE,F0,False,SDC
5912,41,A0,0,4,0,36,26,True,EE,E8,False,SDC
5913,41,A0,0,4,1,36,36,False,EE,EE,False,Not activated
5914,41,A0,0,5,0,36,16,True,EE,E3,False,SDC
5915,41,A0,0,5,1,36,36,False,EE,EE,False,Not activated
5916,41,A0,0,6,0,36,36,False,EE,EE,False,Not activated
5917,41,A0,0,6,1,36,76,True,EE,59,False,SDC
5918,41,A0,0,7,0,36,36,False,EE,EE,False,Not activated
5919,41,A0,0,7,1,36,B6,True,EE,BF,False,SDC
5920,41,A1,1,0,0,05,04,True,EE,EE,False,Masked
5921,41,A1,1,0,1,05,05,False,EE,EE,False,Not activated
5922,41,A1,1,1,0,05,05,False,EE,EE,False,Not activated
5923,41,A1,1,1,1,05,07,True,EE,ED,False,SDC
5924,41,A1,1,2,0,05,01,True,EE,EE,False,Masked
5925,41,A1,1,2,1,05,05,False,EE,EE,False,Not activated
5926,41,A1,1,3,0,05,05,False,EE,EE,False,Not activated
5927,41,A1,1,3,1,05,0D,True,EE,EC,False,SDC
5928,41,A1,1,4,0,05,05,False,EE,EE,False,Not activated
5929,41,A1,1,4,1,05,15,True,EE,E9,False,SDC
5930,41,A1,1,5,0,05,05,False,EE,EE,False,Not activated
5931,41,A1,1,5,1,05,25,True,EE,E5,False,SDC
5932,41,A1,1,6,0,05,05,False,EE,EE,False,Not activated
5933,41,A1,1,6,1,05,45,True,EE,DB,False,SDC
5934,41,A1,1,7,0,05,05,False,EE,EE,False,Not activated
5935,41,A1,1,7,1,05,85,True,EE,6B,False,SDC
5936,41,A2,2,0,0,1C,1C,False,EE,EE,False,Not activated
5937,41,A2,2,0,1,1C,1D,True,EE,ED,False,SDC
5938,41,A2,2,1,0,1C,1C,False,EE,EE,False,Not activated
5939,41,A2,2,1,1,1C,1E,True,EE,EC,False,SDC
5940,41,A2,2,2,0,1C,18,True,EE,F1,False,SDC
5941,41,A2,2,2,1,1C,1C,False,EE,EE,False,Not activated
5942,41,A2,2,3,0,1C,14,True,EE,F5,False,SDC
5943,41,A2,2,3,1,1C,1C,False,EE,EE,False,Not activated
5944,41,A2,2,4,0,1C,0C,True,EE,FC,False,SDC
5945,41,A2,2,4,1,1C,1C,False,EE,EE,False,Not activated
5946,41,A2,2,5,0,1C,1C,False,EE,EE,False,Not activated
5947,41,A2,2,5,1,1C,3C,True,EE,D2,False,SDC
5948,41,A2,2,6,0,1C,1C,False,EE,EE,False,Not activated
5949,41,A2,2,6,1,1C,5C,True,EE,AF,False,SDC
5950,41,A2,2,7,0,1C,1C,False,EE,EE,False,Not activated
5951,41,A2,2,7,1,1C,9C,True,EE,61,False,SDC
5952,41,A3,3,0,0,1F,1E,True,EE,EE,False,Masked
5953,41,A3,3,0,1,1F,1F,False,EE,EE,False,Not activated
5954,41,A3,3,1,0,1F,1D,True,EE,EE,False,Masked
5955,41,A3,3,1,1,1F,1F,False,EE,EE,False,Not activated
5956,41,A3,3,2,0,1F,1B,True,EE,ED,False,SDC
5957,41,A3,3,2,1,1F,1F,False,EE,EE,False,Not activated
5958,41,A3,3,3,0,1F,17,True,EE,EC,False,SDC
5959,41,A3,3,3,1,1F,1F,False,EE,EE,False,Not activated
5960,41,A3,3,4,0,1F,0F,True,EE,E9,False,SDC
5961,41,A3,3,4,1,1F,1F,False,EE,EE,False,Not activated
5962,41,A3,3,5,0,1F,1F,False,EE,EE,False,Not activated
5963,41,A3,3,5,1,1F,3F,True,EE,F9,False,SDC
5964,41,A3,3,6,0,1F,1F,False,EE,EE,False,Not activated
5965,41,A3,3,6,1,1F,5F,True,EE,0D,False,SDC
5966,41,A3,3,7,0,1F,1F,False,EE,EE,False,Not activated
5967,41,A3,3,7,1,1F,9F,True,EE,BC,False,SDC
5968,41,B0,4,0,0,16,16,False,EE,EE,False,Not activated
5969,41,B0,4,0,1,16,17,True,EE,EE,False,Masked
5970,41,B0,4,1,0,16,14,True,EE,EC,False,SDC
5971,41,B0,4,1,1,16,16,False,EE,EE,False,Not activated
5972,41,B0,4,2,0,16,12,True,EE,EA,False,SDC
5973,41,B0,4,2,1,16,16,False,EE,EE,False,Not activated
5974,41,B0,4,3,0,16,16,False,EE,EE,False,Not activated
5975,41,B0,4,3,1,16,1E,True,EE,F4,False,SDC
5976,41,B0,4,4,0,16,06,True,EE,E0,False,SDC
5977,41,B0,4,4,1,16,16,False,EE,EE,False,Not activated
5978,41,B0,4,5,0,16,16,False,EE,EE,False,Not activated
5979,41,B0,4,5,1,16,36,True,EE,09,False,SDC
5980,41,B0,4,6,0,16,16,False,EE,EE,False,Not activated
5981,41,B0,4,6,1,16,56,True,EE,38,False,SDC
5982,41,B0,4,7,0,16,16,False,EE,EE,False,Not activated
5983,41,B0,4,7,1,16,96,True,EE,95,False,SDC
5984,41,B1,5,0,0,EF,EE,True,EE,EE,False,Masked
5985,41,B1,5,0,1,EF,EF,False,EE,EE,False,Not activated
5986,41,B1,5,1,0,EF,ED,True,EE,EE,False,Masked
5987,41,B1,5,1,1,EF,EF,False,EE,EE,False,Not activated
5988,41,B1,5,2,0,EF,EB,True,EE,ED,False,SDC
5989,41,B1,5,2,1,EF,EF,False,EE,EE,False,Not activated
5990,41,B1,5,3,0,EF,E7,True,EE,ED,False,SDC
5991,41,B1,5,3,1,EF,EF,False,EE,EE,False,Not activated
5992,41,B1,5,4,0,EF,EF,False,EE,EE,False,Not activated
5993,41,B1,5,4,1,EF,FF,True,EE,EE,False,Masked
5994,41,B1,5,5,0,EF,CF,True,EE,EB,False,SDC
5995,41,B1,5,5,1,EF,EF,False,EE,EE,False,Not activated
5996,41,B1,5,6,0,EF,AF,True,EE,E7,False,SDC
5997,41,B1,5,6,1,EF,EF,False,EE,EE,False,Not activated
5998,41,B1,5,7,0,EF,6F,True,EE,02,False,SDC
5999,41,B1,5,7,1,EF,EF,False,EE,EE,False,Not activated
6000,41,B2,6,0,0,C9,C8,True,EE,EE,False,Masked
6001,41,B2,6,0,1,C9,C9,False,EE,EE,False,Not activated
6002,41,B2,6,1,0,C9,C9,False,EE,EE,False,Not activated
6003,41,B2,6,1,1,C9,CB,True,EE,EF,False,SDC
6004,41,B2,6,2,0,C9,C9,False,EE,EE,False,Not activated
6005,41,B2,6,2,1,C9,CD,True,EE,F0,False,SDC
6006,41,B2,6,3,0,C9,C1,True,EE,EA,False,SDC
6007,41,B2,6,3,1,C9,C9,False,EE,EE,False,Not activated
6008,41,B2,6,4,0,C9,C9,False,EE,EE,False,Not activated
6009,41,B2,6,4,1,C9,D9,True,EE,F5,False,SDC
6010,41,B2,6,5,0,C9,C9,False,EE,EE,False,Not activated
6011,41,B2,6,5,1,C9,E9,True,EE,FC,False,SDC
6012,41,B2,6,6,0,C9,89,True,EE,96,False,SDC
6013,41,B2,6,6,1,C9,C9,False,EE,EE,False,Not activated
6014,41,B2,6,7,0,C9,49,True,EE,2A,False,SDC
6015,41,B2,6,7,1,C9,C9,False,EE,EE,False,Not activated
6016,41,B3,7,0,0,15,14,True,EE,EE,False,Masked
6017,41,B3,7,0,1,15,15,False,EE,EE,False,Not activated
6018,41,B3,7,1,0,15,15,False,EE,EE,False,Not activated
6019,41,B3,7,1,1,15,17,True,EE,EF,False,SDC
6020,41,B3,7,2,0,15,11,True,EE,EC,False,SDC
6021,41,B3,7,2,1,15,15,False,EE,EE,False,Not activated
6022,41,B3,7,3,0,15,15,False,EE,EE,False,Not activated
6023,41,B3,7,3,1,15,1D,True,EE,F2,False,SDC
6024,41,B3,7,4,0,15,05,True,EE,E6,False,SDC
6025,41,B3,7,4,1,15,15,False,EE,EE,False,Not activated
6026,41,B3,7,5,0,15,15,False,EE,EE,False,Not activated
6027,41,B3,7,5,1,15,35,True,EE,FE,False,SDC
6028,41,B3,7,6,0,15,15,False,EE,EE,False,Not activated
6029,41,B3,7,6,1,15,55,True,EE,17,False,SDC
6030,41,B3,7,7,0,15,15,False,EE,EE,False,Not activated
6031,41,B3,7,7,1,15,95,True,EE,A0,False,SDC
6032,41,C0,8,0,0,EA,EA,False,EE,EE,False,Not activated
6033,41,C0,8,0,1,EA,EB,True,EE,EF,False,SDC
6034,41,C0,8,1,0,EA,E8,True,EE,EC,False,SDC
6035,41,C0,8,1,1,EA,EA,False,EE,EE,False,Not activated
6036,41,C0,8,2,0,EA,EA,False,EE,EE,False,Not activated
6037,41,C0,8,2,1,EA,EE,True,EE,F2,False,SDC
6038,41,C0,8,3,0,EA,E2,True,EE,E6,False,SDC
6039,41,C0,8,3,1,EA,EA,False,EE,EE,False,Not activated
6040,41,C0,8,4,0,EA,EA,False,EE,EE,False,Not activated
6041,41,C0,8,4,1,EA,FA,True,EE,FE,False,SDC
6042,41,C0,8,5,0,EA,CA,True,EE,CE,False,SDC
6043,41,C0,8,5,1,EA,EA,False,EE,EE,False,Not activated
6044,41,C0,8,6,0,EA,AA,True,EE,AC,False,SDC
6045,41,C0,8,6,1,EA,EA,False,EE,EE,False,Not activated
6046,41,C0,8,7,0,EA,6A,True,EE,6A,False,SDC
6047,41,C0,8,7,1,EA,EA,False,EE,EE,False,Not activated
6048,42,A0,0,0,0,E8,E8,False,D7,D7,False,Not activated
6049,42,A0,0,0,1,E8,E9,True,D7,D7,False,Masked
6050,42,A0,0,1,0,E8,E8,False,D7,D7,False,Not activated
6051,42,A0,0,1,1,E8,EA,True,D7,D6,False,SDC
6052,42,A0,0,2,0,E8,E8,False,D7,D7,False,Not activated
6053,42,A0,0,2,1,E8,EC,True,D7,D6,False,SDC
6054,42,A0,0,3,0,E8,E0,True,D7,DA,False,SDC
6055,42,A0,0,3,1,E8,E8,False,D7,D7,False,Not activated
6056,42,A0,0,4,0,E8,E8,False,D7,D7,False,Not activated
6057,42,A0,0,4,1,E8,F8,True,D7,D1,False,SDC
6058,42,A0,0,5,0,E8,C8,True,D7,E3,False,SDC
6059,42,A0,0,5,1,E8,E8,False,D7,D7,False,Not activated
6060,42,A0,0,6,0,E8,A8,True,D7,F8,False,SDC
6061,42,A0,0,6,1,E8,E8,False,D7,D7,False,Not activated
6062,42,A0,0,7,0,E8,68,True,D7,A3,False,SDC
6063,42,A0,0,7,1,E8,E8,False,D7,D7,False,Not activated
6064,42,A1,1,0,0,2D,2C,True,D7,D7,False,Masked
6065,42,A1,1,0,1,2D,2D,False,D7,D7,False,Not activated
6066,42,A1,1,1,0,2D,2D,False,D7,D7,False,Not activated
6067,42,A1,1,1,1,2D,2F,True,D7,D6,False,SDC
6068,42,A1,1,2,0,2D,29,True,D7,D7,False,Masked
6069,42,A1,1,2,1,2D,2D,False,D7,D7,False,Not activated
6070,42,A1,1,3,0,2D,25,True,D7,D8,False,SDC
6071,42,A1,1,3,1,2D,2D,False,D7,D7,False,Not activated
6072,42,A1,1,4,0,2D,2D,False,D7,D7,False,Not activated
6073,42,A1,1,4,1,2D,3D,True,D7,D4,False,SDC
6074,42,A1,1,5,0,2D,0D,True,D7,DD,False,SDC
6075,42,A1,1,5,1,2D,2D,False,D7,D7,False,Not activated
6076,42,A1,1,6,0,2D,2D,False,D7,D7,False,Not activated
6077,42,A1,1,6,1,2D,6D,True,D7,BA,False,SDC
6078,42,A1,1,7,0,2D,2D,False,D7,D7,False,Not activated
6079,42,A1,1,7,1,2D,AD,True,D7,F2,False,SDC
6080,42,A2,2,0,0,1C,1C,False,D7,D7,False,Not activated
6081,42,A2,2,0,1,1C,1D,True,D7,D7,False,Masked
6082,42,A2,2,1,0,1C,1C,False,D7,D7,False,Not activated
6083,42,A2,2,1,1,1C,1E,True,D7,D6,False,SDC
6084,42,A2,2,2,0,1C,18,True,D7,D8,False,SDC
6085,42,A2,2,2,1,1C,1C,False,D7,D7,False,Not activated
6086,42,A2,2,3,0,1C,14,True,D7,D8,False,SDC
6087,42,A2,2,3,1,1C,1C,False,D7,D7,False,Not activated
6088,42,A2,2,4,0,1C,0C,True,D7,DA,False,SDC
6089,42,A2,2,4,1,1C,1C,False,D7,D7,False,Not activated
6090,42,A2,2,5,0,1C,1C,False,D7,D7,False,Not activated
6091,42,A2,2,5,1,1C,3C,True,D7,D1,False,SDC
6092,42,A2,2,6,0,1C,1C,False,D7,D7,False,Not activated
6093,42,A2,2,6,1,1C,5C,True,D7,C6,False,SDC
6094,42,A2,2,7,0,1C,1C,False,D7,D7,False,Not activated
6095,42,A2,2,7,1,1C,9C,True,D7,FA,False,SDC
6096,42,A3,3,0,0,E6,E6,False,D7,D7,False,Not activated
6097,42,A3,3,0,1,E6,E7,True,D7,D6,False,SDC
6098,42,A3,3,1,0,E6,E4,True,D7,D7,False,Masked
6099,42,A3,3,1,1,E6,E6,False,D7,D7,False,Not activated
6100,42,A3,3,2,0,E6,E2,True,D7,D8,False,SDC
6101,42,A3,3,2,1,E6,E6,False,D7,D7,False,Not activated
6102,42,A3,3,3,0,E6,E6,False,D7,D7,False,Not activated
6103,42,A3,3,3,1,E6,EE,True,D7,D3,False,SDC
6104,42,A3,3,4,0,E6,E6,False,D7,D7,False,Not activated
6105,42,A3,3,4,1,E6,F6,True,D7,D0,False,SDC
6106,42,A3,3,5,0,E6,C6,True,D7,E4,False,SDC
6107,42,A3,3,5,1,E6,E6,False,D7,D7,False,Not activated
6108,42,A3,3,6,0,E6,A6,True,D7,FB,False,SDC
6109,42,A3,3,6,1,E6,E6,False,D7,D7,False,Not activated
6110,42,A3,3,7,0,E6,66,True,D7,A2,False,SDC
6111,42,A3,3,7,1,E6,E6,False,D7,D7,False,Not activated
6112,42,B0,4,0,0,E8,E8,False,D7,D7,False,Not activated
6113,42,B0,4,0,1,E8,E9,True,D7,D7,False,Masked
6114,42,B0,4,1,0,E8,E8,False,D7,D7,False,Not activated
6115,42,B0,4,1,1,E8,EA,True,D7,D6,False,SDC
6116,42,B0,4,2,0,E8,E8,False,D7,D7,False,Not activated
6117,42,B0,4,2,1,E8,EC,True,D7,D6,False,SDC
6118,42,B0,4,3,0,E8,E0,True,D7,DA,False,SDC
6119,42,B0,4,3,1,E8,E8,False,D7,D7,False,Not activated
6120,42,B0,4,4,0,E8,E8,False,D7,D7,False,Not activated
6121,42,B0,4,4,1,E8,F8,True,D7,D1,False,SDC
6122,42,B0,4,5,0,E8,C8,True,D7,E3,False,SDC
6123,42,B0,4,5,1,E8,E8,False,D7,D7,False,Not activated
6124,42,B0,4,6,0,E8,A8,True,D7,F8,False,SDC
6125,42,B0,4,6,1,E8,E8,False,D7,D7,False,Not activated
6126,42,B0,4,7,0,E8,68,True,D7,A3,False,SDC
6127,42,B0,4,7,1,E8,E8,False,D7,D7,False,Not activated
6128,42,B1,5,0,0,F4,F4,False,D7,D7,False,Not activated
6129,42,B1,5,0,1,F4,F5,True,D7,D7,False,Masked
6130,42,B1,5,1,0,F4,F4,False,D7,D7,False,Not activated
6131,42,B1,5,1,1,F4,F6,True,D7,D8,False,SDC
6132,42,B1,5,2,0,F4,F0,True,D7,D4,False,SDC
6133,42,B1,5,2,1,F4,F4,False,D7,D7,False,Not activated
6134,42,B1,5,3,0,F4,F4,False,D7,D7,False,Not activated
6135,42,B1,5,3,1,F4,FC,True,D7,DC,False,SDC
6136,42,B1,5,4,0,F4,E4,True,D7,CB,False,SDC
6137,42,B1,5,4,1,F4,F4,False,D7,D7,False,Not activated
6138,42,B1,5,5,0,F4,D4,True,D7,C0,False,SDC
6139,42,B1,5,5,1,F4,F4,False,D7,D7,False,Not activated
6140,42,B1,5,6,0,F4,B4,True,D7,B0,False,SDC
6141,42,B1,5,6,1,F4,F4,False,D7,D7,False,Not activated
6142,42,B1,5,7,0,F4,74,True,D7,6A,False,SDC
6143,42,B1,5,7,1,F4,F4,False,D7,D7,False,Not activated
6144,42,B2,6,0,0,F4,F4,False,D7,D7,False,Not activated
6145,42,B2,6,0,1,F4,F5,True,D7,D7,False,Masked
6146,42,B2,6,1,0,F4,F4,False,D7,D7,False,Not activated
6147,42,B2,6,1,1,F4,F6,True,D7,D8,False,SDC
6148,42,B2,6,2,0,F4,F0,True,D7,D5,False,SDC
6149,42,B2,6,2,1,F4,F4,False,D7,D7,False,Not activated
6150,42,B2,6,3,0,F4,F4,False,D7,D7,False,Not activated
6151,42,B2,6,3,1,F4,FC,True,D7,DA,False,SDC
6152,42,B2,6,4,0,F4,E4,True,D7,D0,False,SDC
6153,42,B2,6,4,1,F4,F4,False,D7,D7,False,Not activated
6154,42,B2,6,5,0,F4,D4,True,D7,C9,False,SDC
6155,42,B2,6,5,1,F4,F4,False,D7,D7,False,Not activated
6156,42,B2,6,6,0,F4,B4,True,D7,BB,False,SDC
6157,42,B2,6,6,1,F4,F4,False,D7,D7,False,Not activated
6158,42,B2,6,7,0,F4,74,True,D7,60,False,SDC
6159,42,B2,6,7,1,F4,F4,False,D7,D7,False,Not activated
6160,42,B3,7,0,0,E6,E6,False,D7,D7,False,Not activated
6161,42,B3,7,0,1,E6,E7,True,D7,D6,False,SDC
6162,42,B3,7,1,0,E6,E4,True,D7,D7,False,Masked
6163,42,B3,7,1,1,E6,E6,False,D7,D7,False,Not activated
6164,42,B3,7,2,0,E6,E2,True,D7,D8,False,SDC
6165,42,B3,7,2,1,E6,E6,False,D7,D7,False,Not activated
6166,42,B3,7,3,0,E6,E6,False,D7,D7,False,Not activated
6167,42,B3,7,3,1,E6,EE,True,D7,D3,False,SDC
6168,42,B3,7,4,0,E6,E6,False,D7,D7,False,Not activated
6169,42,B3,7,4,1,E6,F6,True,D7,D0,False,SDC
6170,42,B3,7,5,0,E6,C6,True,D7,E4,False,SDC
6171,42,B3,7,5,1,E6,E6,False,D7,D7,False,Not activated
6172,42,B3,7,6,0,E6,A6,True,D7,FB,False,SDC
6173,42,B3,7,6,1,E6,E6,False,D7,D7,False,Not activated
6174,42,B3,7,7,0,E6,66,True,D7,A2,False,SDC
6175,42,B3,7,7,1,E6,E6,False,D7,D7,False,Not activated
6176,42,C0,8,0,0,D0,D0,False,D7,D7,False,Not activated
6177,42,C0,8,0,1,D0,D1,True,D7,D8,False,SDC
6178,42,C0,8,1,0,D0,D0,False,D7,D7,False,Not activated
6179,42,C0,8,1,1,D0,D2,True,D7,D9,False,SDC
6180,42,C0,8,2,0,D0,D0,False,D7,D7,False,Not activated
6181,42,C0,8,2,1,D0,D4,True,D7,DB,False,SDC
6182,42,C0,8,3,0,D0,D0,False,D7,D7,False,Not activated
6183,42,C0,8,3,1,D0,D8,True,D7,DF,False,SDC
6184,42,C0,8,4,0,D0,C0,True,D7,C7,False,SDC
6185,42,C0,8,4,1,D0,D0,False,D7,D7,False,Not activated
6186,42,C0,8,5,0,D0,D0,False,D7,D7,False,Not activated
6187,42,C0,8,5,1,D0,F0,True,D7,F7,False,SDC
6188,42,C0,8,6,0,D0,90,True,D7,91,False,SDC
6189,42,C0,8,6,1,D0,D0,False,D7,D7,False,Not activated
6190,42,C0,8,7,0,D0,50,True,D7,54,False,SDC
6191,42,C0,8,7,1,D0,D0,False,D7,D7,False,Not activated
6192,43,A0,0,0,0,F6,F6,False,AE,AE,False,Not activated
6193,43,A0,0,0,1,F6,F7,True,AE,AE,False,Masked
6194,43,A0,0,1,0,F6,F4,True,AE,AC,False,SDC
6195,43,A0,0,1,1,F6,F6,False,AE,AE,False,Not activated
6196,43,A0,0,2,0,F6,F2,True,AE,AC,False,SDC
6197,43,A0,0,2,1,F6,F6,False,AE,AE,False,Not activated
6198,43,A0,0,3,0,F6,F6,False,AE,AE,False,Not activated
6199,43,A0,0,3,1,F6,FE,True,AE,AE,False,Masked
6200,43,A0,0,4,0,F6,E6,True,AE,AC,False,SDC
6201,43,A0,0,4,1,F6,F6,False,AE,AE,False,Not activated
6202,43,A0,0,5,0,F6,D6,True,AE,AA,False,SDC
6203,43,A0,0,5,1,F6,F6,False,AE,AE,False,Not activated
6204,43,A0,0,6,0,F6,B6,True,AE,A4,False,SDC
6205,43,A0,0,6,1,F6,F6,False,AE,AE,False,Not activated
6206,43,A0,0,7,0,F6,76,True,AE,05,False,SDC
6207,43,A0,0,7,1,F6,F6,False,AE,AE,False,Not activated
6208,43,A1,1,0,0,38,38,False,AE,AE,False,Not activated
6209,43,A1,1,0,1,38,39,True,AE,AE,False,Masked
6210,43,A1,1,1,0,38,38,False,AE,AE,False,Not activated
6211,43,A1,1,1,1,38,3A,True,AE,AC,False,SDC
6212,43,A1,1,2,0,38,38,False,AE,AE,False,Not activated
6213,43,A1,1,2,1,38,3C,True,AE,AC,False,SDC
6214,43,A1,1,3,0,38,30,True,AE,AE,False,Masked
6215,43,A1,1,3,1,38,38,False,AE,AE,False,Not activated
6216,43,A1,1,4,0,38,28,True,AE,B0,False,SDC
6217,43,A1,1,4,1,38,38,False,AE,AE,False,Not activated
6218,43,A1,1,5,0,38,18,True,AE,B4,False,SDC
6219,43,A1,1,5,1,38,38,False,AE,AE,False,Not activated
6220,43,A1,1,6,0,38,38,False,AE,AE,False,Not activated
6221,43,A1,1,6,1,38,78,True,AE,8F,False,SDC
6222,43,A1,1,7,0,38,38,False,AE,AE,False,Not activated
6223,43,A1,1,7,1,38,B8,True,AE,D0,False,SDC
6224,43,A2,2,0,0,17,16,True,AE,AE,False,Masked
6225,43,A2,2,0,1,17,17,False,AE,AE,False,Not activated
6226,43,A2,2,1,0,17,15,True,AE,AE,False,Masked
6227,43,A2,2,1,1,17,17,False,AE,AE,False,Not activated
6228,43,A2,2,2,0,17,13,True,AE,AE,False,Masked
6229,43,A2,2,2,1,17,17,False,AE,AE,False,Not activated
6230,43,A2,2,3,0,17,17,False,AE,AE,False,Not activated
6231,43,A2,2,3,1,17,1F,True,AE,AE,False,Masked
6232,43,A2,2,4,0,17,07,True,AE,AC,False,SDC
6233,43,A2,2,4,1,17,17,False,AE,AE,False,Not activated
6234,43,A2,2,5,0,17,17,False,AE,AE,False,Not activated
6235,43,A2,2,5,1,17,37,True,AE,AE,False,Masked
6236,43,A2,2,6,0,17,17,False,AE,AE,False,Not activated
6237,43,A2,2,6,1,17,57,True,AE,B2,False,SDC
6238,43,A2,2,7,0,17,17,False,AE,AE,False,Not activated
6239,43,A2,2,7,1,17,97,True,AE,A2,False,SDC
6240,43,A3,3,0,0,34,34,False,AE,AE,False,Not activated
6241,43,A3,3,0,1,34,35,True,AE,AC,False,SDC
6242,43,A3,3,1,0,34,34,False,AE,AE,False,Not activated
6243,43,A3,3,1,1,34,36,True,AE,AC,False,SDC
6244,43,A3,3,2,0,34,30,True,AE,B0,False,SDC
6245,43,A3,3,2,1,34,34,False,AE,AE,False,Not activated
6246,43,A3,3,3,0,34,34,False,AE,AE,False,Not activated
6247,43,A3,3,3,1,34,3C,True,AE,AA,False,SDC
6248,43,A3,3,4,0,34,24,True,AE,B6,False,SDC
6249,43,A3,3,4,1,34,34,False,AE,AE,False,Not activated
6250,43,A3,3,5,0,34,14,True,AE,BE,False,SDC
6251,43,A3,3,5,1,34,34,False,AE,AE,False,Not activated
6252,43,A3,3,6,0,34,34,False,AE,AE,False,Not activated
6253,43,A3,3,6,1,34,74,True,AE,8A,False,SDC
6254,43,A3,3,7,0,34,34,False,AE,AE,False,Not activated
6255,43,A3,3,7,1,34,B4,True,AE,27,False,SDC
6256,43,B0,4,0,0,0F,0E,True,AE,AE,False,Masked
6257,43,B0,4,0,1,0F,0F,False,AE,AE,False,Not activated
6258,43,B0,4,1,0,0F,0D,True,AE,AE,False,Masked
6259,43,B0,4,1,1,0F,0F,False,AE,AE,False,Not activated
6260,43,B0,4,2,0,0F,0B,True,AE,AE,False,Masked
6261,43,B0,4,2,1,0F,0F,False,AE,AE,False,Not activated
6262,43,B0,4,3,0,0F,07,True,AE,AE,False,Masked
6263,43,B0,4,3,1,0F,0F,False,AE,AE,False,Not activated
6264,43,B0,4,4,0,0F,0F,False,AE,AE,False,Not activated
6265,43,B0,4,4,1,0F,1F,True,AE,AC,False,SDC
6266,43,B0,4,5,0,0F,0F,False,AE,AE,False,Not activated
6267,43,B0,4,5,1,0F,2F,True,AE,AA,False,SDC
6268,43,B0,4,6,0,0F,0F,False,AE,AE,False,Not activated
6269,43,B0,4,6,1,0F,4F,True,AE,A6,False,SDC
6270,43,B0,4,7,0,0F,0F,False,AE,AE,False,Not activated
6271,43,B0,4,7,1,0F,8F,True,AE,CA,False,SDC
6272,43,B1,5,0,0,E7,E6,True,AE,AC,False,SDC
6273,43,B1,5,0,1,E7,E7,False,AE,AE,False,Not activated
6274,43,B1,5,1,0,E7,E5,True,AE,AC,False,SDC
6275,43,B1,5,1,1,E7,E7,False,AE,AE,False,Not activated
6276,43,B1,5,2,0,E7,E3,True,AE,AC,False,SDC
6277,43,B1,5,2,1,E7,E7,False,AE,AE,False,Not activated
6278,43,B1,5,3,0,E7,E7,False,AE,AE,False,Not activated
6279,43,B1,5,3,1,E7,EF,True,AE,B0,False,SDC
6280,43,B1,5,4,0,E7,E7,False,AE,AE,False,Not activated
6281,43,B1,5,4,1,E7,F7,True,AE,B4,False,SDC
6282,43,B1,5,5,0,E7,C7,True,AE,A0,False,SDC
6283,43,B1,5,5,1,E7,E7,False,AE,AE,False,Not activated
6284,43,B1,5,6,0,E7,A7,True,AE,9A,False,SDC
6285,43,B1,5,6,1,E7,E7,False,AE,AE,False,Not activated
6286,43,B1,5,7,0,E7,67,True,AE,4A,False,SDC
6287,43,B1,5,7,1,E7,E7,False,AE,AE,False,Not activated
6288,43,B2,6,0,0,06,06,False,AE,AE,False,Not activated
6289,43,B2,6,0,1,06,07,True,AE,AE,False,Masked
6290,43,B2,6,1,0,06,04,True,AE,AC,False,SDC
6291,43,B2,6,1,1,06,06,False,AE,AE,False,Not activated
6292,43,B2,6,2,0,06,02,True,AE,AC,False,SDC
6293,43,B2,6,2,1,06,06,False,AE,AE,False,Not activated
6294,43,B2,6,3,0,06,06,False,AE,AE,False,Not activated
6295,43,B2,6,3,1,06,0E,True,AE,AE,False,Masked
6296,43,B2,6,4,0,06,06,False,AE,AE,False,Not activated
6297,43,B2,6,4,1,06,16,True,AE,B0,False,SDC
6298,43,B2,6,5,0,06,06,False,AE,AE,False,Not activated
6299,43,B2,6,5,1,06,26,True,AE,B4,False,SDC
6300,43,B2,6,6,0,06,06,False,AE,AE,False,Not activated
6301,43,B2,6,6,1,06,46,True,AE,BA,False,SDC
6302,43,B2,6,7,0,06,06,False,AE,AE,False,Not activated
6303,43,B2,6,7,1,06,86,True,AE,8B,False,SDC
6304,43,B3,7,0,0,C0,C0,False,AE,AE,False,Not activated
6305,43,B3,7,0,1,C0,C1,True,AE,AE,False,Masked
6306,43,B3,7,1,0,C0,C0,False,AE,AE,False,Not activated
6307,43,B3,7,1,1,C0,C2,True,AE,AE,False,Masked
6308,43,B3,7,2,0,C0,C0,False,AE,AE,False,Not activated
6309,43,B3,7,2,1,C0,C4,True,AE,AE,False,Masked
6310,43,B3,7,3,0,C0,C0,False,AE,AE,False,Not activated
6311,43,B3,7,3,1,C0,C8,True,AE,B0,False,SDC
6312,43,B3,7,4,0,C0,C0,False,AE,AE,False,Not activated
6313,43,B3,7,4,1,C0,D0,True,AE,B4,False,SDC
6314,43,B3,7,5,0,C0,C0,False,AE,AE,False,Not activated
6315,43,B3,7,5,1,C0,E0,True,AE,BA,False,SDC
6316,43,B3,7,6,0,C0,80,True,AE,80,True,SDC
6317,43,B3,7,6,1,C0,C0,False,AE,AE,False,Not activated
6318,43,B3,7,7,0,C0,40,True,AE,03,False,SDC
6319,43,B3,7,7,1,C0,C0,False,AE,AE,False,Not activated
6320,43,C0,8,0,0,E5,E4,True,AE,AD,False,SDC
6321,43,C0,8,0,1,E5,E5,False,AE,AE,False,Not activated
6322,43,C0,8,1,0,E5,E5,False,AE,AE,False,Not activated
6323,43,C0,8,1,1,E5,E7,True,AE,AE,False,Masked
6324,43,C0,8,2,0,E5,E1,True,AE,AC,False,SDC
6325,43,C0,8,2,1,E5,E5,False,AE,AE,False,Not activated
6326,43,C0,8,3,0,E5,E5,False,AE,AE,False,Not activated
6327,43,C0,8,3,1,E5,ED,True,AE,B2,False,SDC
6328,43,C0,8,4,0,E5,E5,False,AE,AE,False,Not activated
6329,43,C0,8,4,1,E5,F5,True,AE,B6,False,SDC
6330,43,C0,8,5,0,E5,C5,True,AE,9F,False,SDC
6331,43,C0,8,5,1,E5,E5,False,AE,AE,False,Not activated
6332,43,C0,8,6,0,E5,A5,True,AE,98,False,SDC
6333,43,C0,8,6,1,E5,E5,False,AE,AE,False,Not activated
6334,43,C0,8,7,0,E5,65,True,AE,4F,False,SDC
6335,43,C0,8,7,1,E5,E5,False,AE,AE,False,Not activated
6336,44,A0,0,0,0,F7,F6,True,1D,1D,False,Masked
6337,44,A0,0,0,1,F7,F7,False,1D,1D,False,Not activated
6338,44,A0,0,1,0,F7,F5,True,1D,1D,False,Masked
6339,44,A0,0,1,1,F7,F7,False,1D,1D,False,Not activated
6340,44,A0,0,2,0,F7,F3,True,1D,1D,False,Masked
6341,44,A0,0,2,1,F7,F7,False,1D,1D,False,Not activated
6342,44,A0,0,3,0,F7,F7,False,1D,1D,False,Not activated
6343,44,A0,0,3,1,F7,FF,True,1D,1D,False,Masked
6344,44,A0,0,4,0,F7,E7,True,1D,1F,False,SDC
6345,44,A0,0,4,1,F7,F7,False,1D,1D,False,Not activated
6346,44,A0,0,5,0,F7,D7,True,1D,20,False,SDC
6347,44,A0,0,5,1,F7,F7,False,1D,1D,False,Not activated
6348,44,A0,0,6,0,F7,B7,True,1D,25,False,SDC
6349,44,A0,0,6,1,F7,F7,False,1D,1D,False,Not activated
6350,44,A0,0,7,0,F7,77,True,1D,E8,False,SDC
6351,44,A0,0,7,1,F7,F7,False,1D,1D,False,Not activated
6352,44,A1,1,0,0,0A,0A,False,1D,1D,False,Not activated
6353,44,A1,1,0,1,0A,0B,True,1D,1D,False,Masked
6354,44,A1,1,1,0,0A,08,True,1D,1E,False,SDC
6355,44,A1,1,1,1,0A,0A,False,1D,1D,False,Not activated
6356,44,A1,1,2,0,0A,0A,False,1D,1D,False,Not activated
6357,44,A1,1,2,1,0A,0E,True,1D,1B,False,SDC
6358,44,A1,1,3,0,0A,02,True,1D,22,False,SDC
6359,44,A1,1,3,1,0A,0A,False,1D,1D,False,Not activated
6360,44,A1,1,4,0,0A,0A,False,1D,1D,False,Not activated
6361,44,A1,1,4,1,0A,1A,True,1D,14,False,SDC
6362,44,A1,1,5,0,0A,0A,False,1D,1D,False,Not activated
6363,44,A1,1,5,1,0A,2A,True,1D,0B,False,SDC
6364,44,A1,1,6,0,0A,0A,False,1D,1D,False,Not activated
6365,44,A1,1,6,1,0A,4A,True,1D,F2,False,SDC
6366,44,A1,1,7,0,0A,0A,False,1D,1D,False,Not activated
6367,44,A1,1,7,1,0A,8A,True,1D,71,False,SDC
6368,44,A2,2,0,0,14,14,False,1D,1D,False,Not activated
6369,44,A2,2,0,1,14,15,True,1D,1D,False,Masked
6370,44,A2,2,1,0,14,14,False,1D,1D,False,Not activated
6371,44,A2,2,1,1,14,16,True,1D,1D,False,Masked
6372,44,A2,2,2,0,14,10,True,1D,1D,False,Masked
6373,44,A2,2,2,1,14,14,False,1D,1D,False,Not activated
6374,44,A2,2,3,0,14,14,False,1D,1D,False,Not activated
6375,44,A2,2,3,1,14,1C,True,1D,1D,False,Masked
6376,44,A2,2,4,0,14,04,True,1D,1D,False,Masked
6377,44,A2,2,4,1,14,14,False,1D,1D,False,Not activated
6378,44,A2,2,5,0,14,14,False,1D,1D,False,Not activated
6379,44,A2,2,5,1,14,34,True,1D,1C,False,SDC
6380,44,A2,2,6,0,14,14,False,1D,1D,False,Not activated
6381,44,A2,2,6,1,14,54,True,1D,19,False,SDC
6382,44,A2,2,7,0,14,14,False,1D,1D,False,Not activated
6383,44,A2,2,7,1,14,94,True,1D,28,False,SDC
6384,44,A3,3,0,0,FC,FC,False,1D,1D,False,Not activated
6385,44,A3,3,0,1,FC,FD,True,1D,1E,False,SDC
6386,44,A3,3,1,0,FC,FC,False,1D,1D,False,Not activated
6387,44,A3,3,1,1,FC,FE,True,1D,1E,False,SDC
6388,44,A3,3,2,0,FC,F8,True,1D,1A,False,SDC
6389,44,A3,3,2,1,FC,FC,False,1D,1D,False,Not activated
6390,44,A3,3,3,0,FC,F4,True,1D,16,False,SDC
6391,44,A3,3,3,1,FC,FC,False,1D,1D,False,Not activated
6392,44,A3,3,4,0,FC,EC,True,1D,10,False,SDC
6393,44,A3,3,4,1,FC,FC,False,1D,1D,False,Not activated
6394,44,A3,3,5,0,FC,DC,True,1D,03,False,SDC
6395,44,A3,3,5,1,FC,FC,False,1D,1D,False,Not activated
6396,44,A3,3,6,0,FC,BC,True,1D,E7,False,SDC
6397,44,A3,3,6,1,FC,FC,False,1D,1D,False,Not activated
6398,44,A3,3,7,0,FC,7C,True,1D,7A,False,SDC
6399,44,A3,3,7,1,FC,FC,False,1D,1D,False,Not activated
6400,44,B0,4,0,0,F9,F8,True,1D,1D,False,Masked
6401,44,B0,4,0,1,F9,F9,False,1D,1D,False,Not activated
6402,44,B0,4,1,0,F9,F9,False,1D,1D,False,Not activated
6403,44,B0,4,1,1,F9,FB,True,1D,1D,False,Masked
6404,44,B0,4,2,0,F9,F9,False,1D,1D,False,Not activated
6405,44,B0,4,2,1,F9,FD,True,1D,1D,False,Masked
6406,44,B0,4,3,0,F9,F1,True,1D,1E,False,SDC
6407,44,B0,4,3,1,F9,F9,False,1D,1D,False,Not activated
6408,44,B0,4,4,0,F9,E9,True,1D,1F,False,SDC
6409,44,B0,4,4,1,F9,F9,False,1D,1D,False,Not activated
6410,44,B0,4,5,0,F9,D9,True,1D,21,False,SDC
6411,44,B0,4,5,1,F9,F9,False,1D,1D,False,Not activated
6412,44,B0,4,6,0,F9,B9,True,1D,27,False,SDC
6413,44,B0,4,6,1,F9,F9,False,1D,1D,False,Not activated
6414,44,B0,4,7,0,F9,79,True,1D,C2,False,SDC
6415,44,B0,4,7,1,F9,F9,False,1D,1D,False,Not activated
6416,44,B1,5,0,0,DB,DA,True,1D,1D,False,Masked
6417,44,B1,5,0,1,DB,DB,False,1D,1D,False,Not activated
6418,44,B1,5,1,0,DB,D9,True,1D,1D,False,Masked
6419,44,B1,5,1,1,DB,DB,False,1D,1D,False,Not activated
6420,44,B1,5,2,0,DB,DB,False,1D,1D,False,Not activated
6421,44,B1,5,2,1,DB,DF,True,1D,1E,False,SDC
6422,44,B1,5,3,0,DB,D3,True,1D,1C,False,SDC
6423,44,B1,5,3,1,DB,DB,False,1D,1D,False,Not activated
6424,44,B1,5,4,0,DB,CB,True,1D,1B,False,SDC
6425,44,B1,5,4,1,DB,DB,False,1D,1D,False,Not activated
6426,44,B1,5,5,0,DB,DB,False,1D,1D,False,Not activated
6427,44,B1,5,5,1,DB,FB,True,1D,22,False,SDC
6428,44,B1,5,6,0,DB,9B,True,1D,09,False,SDC
6429,44,B1,5,6,1,DB,DB,False,1D,1D,False,Not activated
6430,44,B1,5,7,0,DB,5B,True,1D,35,False,SDC
6431,44,B1,5,7,1,DB,DB,False,1D,1D,False,Not activated
6432,44,B2,6,0,0,FD,FC,True,1D,1D,False,Masked
6433,44,B2,6,0,1,FD,FD,False,1D,1D,False,Not activated
6434,44,B2,6,1,0,FD,FD,False,1D,1D,False,Not activated
6435,44,B2,6,1,1,FD,FF,True,1D,1D,False,Masked
6436,44,B2,6,2,0,FD,F9,True,1D,1C,False,SDC
6437,44,B2,6,2,1,FD,FD,False,1D,1D,False,Not activated
6438,44,B2,6,3,0,FD,F5,True,1D,1B,False,SDC
6439,44,B2,6,3,1,FD,FD,False,1D,1D,False,Not activated
6440,44,B2,6,4,0,FD,ED,True,1D,18,False,SDC
6441,44,B2,6,4,1,FD,FD,False,1D,1D,False,Not activated
6442,44,B2,6,5,0,FD,DD,True,1D,13,False,SDC
6443,44,B2,6,5,1,FD,FD,False,1D,1D,False,Not activated
6444,44,B2,6,6,0,FD,BD,True,1D,08,False,SDC
6445,44,B2,6,6,1,FD,FD,False,1D,1D,False,Not activated
6446,44,B2,6,7,0,FD,7D,True,1D,78,False,SDC
6447,44,B2,6,7,1,FD,FD,False,1D,1D,False,Not activated
6448,44,B3,7,0,0,33,32,True,1D,1D,False,Masked
6449,44,B3,7,0,1,33,33,False,1D,1D,False,Not activated
6450,44,B3,7,1,0,33,31,True,1D,1D,False,Masked
6451,44,B3,7,1,1,33,33,False,1D,1D,False,Not activated
6452,44,B3,7,2,0,33,33,False,1D,1D,False,Not activated
6453,44,B3,7,2,1,33,37,True,1D,1D,False,Masked
6454,44,B3,7,3,0,33,33,False,1D,1D,False,Not activated
6455,44,B3,7,3,1,33,3B,True,1D,1C,False,SDC
6456,44,B3,7,4,0,33,23,True,1D,1E,False,SDC
6457,44,B3,7,4,1,33,33,False,1D,1D,False,Not activated
6458,44,B3,7,5,0,33,13,True,1D,1F,False,SDC
6459,44,B3,7,5,1,33,33,False,1D,1D,False,Not activated
6460,44,B3,7,6,0,33,33,False,1D,1D,False,Not activated
6461,44,B3,7,6,1,33,73,True,1D,0A,False,SDC
6462,44,B3,7,7,0,33,33,False,1D,1D,False,Not activated
6463,44,B3,7,7,1,33,B3,True,1D,26,False,SDC
6464,44,C0,8,0,0,26,26,False,1D,1D,False,Not activated
6465,44,C0,8,0,1,26,27,True,1D,1E,False,SDC
6466,44,C0,8,1,0,26,24,True,1D,1B,False,SDC
6467,44,C0,8,1,1,26,26,False,1D,1D,False,Not activated
6468,44,C0,8,2,0,26,22,True,1D,19,False,SDC
6469,44,C0,8,2,1,26,26,False,1D,1D,False,Not activated
6470,44,C0,8,3,0,26,26,False,1D,1D,False,Not activated
6471,44,C0,8,3,1,26,2E,True,1D,25,False,SDC
6472,44,C0,8,4,0,26,26,False,1D,1D,False,Not activated
6473,44,C0,8,4,1,26,36,True,1D,2D,False,SDC
6474,44,C0,8,5,0,26,06,True,1D,FD,False,SDC
6475,44,C0,8,5,1,26,26,False,1D,1D,False,Not activated
6476,44,C0,8,6,0,26,26,False,1D,1D,False,Not activated
6477,44,C0,8,6,1,26,66,True,1D,65,False,SDC
6478,44,C0,8,7,0,26,26,False,1D,1D,False,Not activated
6479,44,C0,8,7,1,26,A6,True,1D,A2,False,SDC
6480,45,A0,0,0,0,D6,D6,False,D0,D0,False,Not activated
6481,45,A0,0,0,1,D6,D7,True,D0,CF,False,SDC
6482,45,A0,0,1,0,D6,D4,True,D0,D0,False,Masked
6483,45,A0,0,1,1,D6,D6,False,D0,D0,False,Not activated
6484,45,A0,0,2,0,D6,D2,True,D0,D1,False,SDC
6485,45,A0,0,2,1,D6,D6,False,D0,D0,False,Not activated
6486,45,A0,0,3,0,D6,D6,False,D0,D0,False,Not activated
6487,45,A0,0,3,1,D6,DE,True,D0,CD,False,SDC
6488,45,A0,0,4,0,D6,C6,True,D0,D5,False,SDC
6489,45,A0,0,4,1,D6,D6,False,D0,D0,False,Not activated
6490,45,A0,0,5,0,D6,D6,False,D0,D0,False,Not activated
6491,45,A0,0,5,1,D6,F6,True,D0,C5,False,SDC
6492,45,A0,0,6,0,D6,96,True,D0,06,False,SDC
6493,45,A0,0,6,1,D6,D6,False,D0,D0,False,Not activated
6494,45,A0,0,7,0,D6,56,True,D0,B0,False,SDC
6495,45,A0,0,7,1,D6,D6,False,D0,D0,False,Not activated
6496,45,A1,1,0,0,CB,CA,True,D0,CF,False,SDC
6497,45,A1,1,0,1,CB,CB,False,D0,D0,False,Not activated
6498,45,A1,1,1,0,CB,C9,True,D0,CF,False,SDC
6499,45,A1,1,1,1,CB,CB,False,D0,D0,False,Not activated
6500,45,A1,1,2,0,CB,CB,False,D0,D0,False,Not activated
6501,45,A1,1,2,1,CB,CF,True,D0,D3,False,SDC
6502,45,A1,1,3,0,CB,C3,True,D0,CB,False,SDC
6503,45,A1,1,3,1,CB,CB,False,D0,D0,False,Not activated
6504,45,A1,1,4,0,CB,CB,False,D0,D0,False,Not activated
6505,45,A1,1,4,1,CB,DB,True,D0,DA,False,SDC
6506,45,A1,1,5,0,CB,CB,False,D0,D0,False,Not activated
6507,45,A1,1,5,1,CB,EB,True,D0,E5,False,SDC
6508,45,A1,1,6,0,CB,8B,True,D0,90,False,SDC
6509,45,A1,1,6,1,CB,CB,False,D0,D0,False,Not activated
6510,45,A1,1,7,0,CB,4B,True,D0,29,False,SDC
6511,45,A1,1,7,1,CB,CB,False,D0,D0,False,Not activated
6512,45,A2,2,0,0,02,02,False,D0,D0,False,Not activated
6513,45,A2,2,0,1,02,03,True,D0,D1,False,SDC
6514,45,A2,2,1,0,02,00,True,D0,CF,False,SDC
6515,45,A2,2,1,1,02,02,False,D0,D0,False,Not activated
6516,45,A2,2,2,0,02,02,False,D0,D0,False,Not activated
6517,45,A2,2,2,1,02,06,True,D0,D2,False,SDC
6518,45,A2,2,3,0,02,02,False,D0,D0,False,Not activated
6519,45,A2,2,3,1,02,0A,True,D0,D4,False,SDC
6520,45,A2,2,4,0,02,02,False,D0,D0,False,Not activated
6521,45,A2,2,4,1,02,12,True,D0,D8,False,SDC
6522,45,A2,2,5,0,02,02,False,D0,D0,False,Not activated
6523,45,A2,2,5,1,02,22,True,D0,E0,False,SDC
6524,45,A2,2,6,0,02,02,False,D0,D0,False,Not activated
6525,45,A2,2,6,1,02,42,True,D0,F1,False,SDC
6526,45,A2,2,7,0,02,02,False,D0,D0,False,Not activated
6527,45,A2,2,7,1,02,82,True,D0,84,False,SDC
6528,45,A3,3,0,0,11,10,True,D0,D0,False,Masked
6529,45,A3,3,0,1,11,11,False,D0,D0,False,Not activated
6530,45,A3,3,1,0,11,11,False,D0,D0,False,Not activated
6531,45,A3,3,1,1,11,13,True,D0,D1,False,SDC
6532,45,A3,3,2,0,11,11,False,D0,D0,False,Not activated
6533,45,A3,3,2,1,11,15,True,D0,D1,False,SDC
6534,45,A3,3,3,0,11,11,False,D0,D0,False,Not activated
6535,45,A3,3,3,1,11,19,True,D0,D3,False,SDC
6536,45,A3,3,4,0,11,01,True,D0,CB,False,SDC
6537,45,A3,3,4,1,11,11,False,D0,D0,False,Not activated
6538,45,A3,3,5,0,11,11,False,D0,D0,False,Not activated
6539,45,A3,3,5,1,11,31,True,D0,DB,False,SDC
6540,45,A3,3,6,0,11,11,False,D0,D0,False,Not activated
6541,45,A3,3,6,1,11,51,True,D0,EC,False,SDC
6542,45,A3,3,7,0,11,11,False,D0,D0,False,Not activated
6543,45,A3,3,7,1,11,91,True,D0,9F,False,SDC
6544,45,B0,4,0,0,EB,EA,True,D0,D0,False,Masked
6545,45,B0,4,0,1,EB,EB,False,D0,D0,False,Not activated
6546,45,B0,4,1,0,EB,E9,True,D0,D1,False,SDC
6547,45,B0,4,1,1,EB,EB,False,D0,D0,False,Not activated
6548,45,B0,4,2,0,EB,EB,False,D0,D0,False,Not activated
6549,45,B0,4,2,1,EB,EF,True,D0,CD,False,SDC
6550,45,B0,4,3,0,EB,E3,True,D0,D5,False,SDC
6551,45,B0,4,3,1,EB,EB,False,D0,D0,False,Not activated
6552,45,B0,4,4,0,EB,EB,False,D0,D0,False,Not activated
6553,45,B0,4,4,1,EB,FB,True,D0,C5,False,SDC
6554,45,B0,4,5,0,EB,CB,True,D0,E5,False,SDC
6555,45,B0,4,5,1,EB,EB,False,D0,D0,False,Not activated
6556,45,B0,4,6,0,EB,AB,True,D0,08,False,SDC
6557,45,B0,4,6,1,EB,EB,False,D0,D0,False,Not activated
6558,45,B0,4,7,0,EB,6B,True,D0,97,False,SDC
6559,45,B0,4,7,1,EB,EB,False,D0,D0,False,Not activated
6560,45,B1,5,0,0,29,28,True,D0,D1,False,SDC
6561,45,B1,5,0,1,29,29,False,D0,D0,False,Not activated
6562,45,B1,5,1,0,29,29,False,D0,D0,False,Not activated
6563,45,B1,5,1,1,29,2B,True,D0,CE,False,SDC
6564,45,B1,5,2,0,29,29,False,D0,D0,False,Not activated
6565,45,B1,5,2,1,29,2D,True,D0,CD,False,SDC
6566,45,B1,5,3,0,29,21,True,D0,D7,False,SDC
6567,45,B1,5,3,1,29,29,False,D0,D0,False,Not activated
6568,45,B1,5,4,0,29,29,False,D0,D0,False,Not activated
6569,45,B1,5,4,1,29,39,True,D0,C3,False,SDC
6570,45,B1,5,5,0,29,09,True,D0,EB,False,SDC
6571,45,B1,5,5,1,29,29,False,D0,D0,False,Not activated
6572,45,B1,5,6,0,29,29,False,D0,D0,False,Not activated
6573,45,B1,5,6,1,29,69,True,D0,9A,False,SDC
6574,45,B1,5,7,0,29,29,False,D0,D0,False,Not activated
6575,45,B1,5,7,1,29,A9,True,D0,46,False,SDC
6576,45,B2,6,0,0,20,20,False,D0,D0,False,Not activated
6577,45,B2,6,0,1,20,21,True,D0,D0,False,Masked
6578,45,B2,6,1,0,20,20,False,D0,D0,False,Not activated
6579,45,B2,6,1,1,20,22,True,D0,D0,False,Masked
6580,45,B2,6,2,0,20,20,False,D0,D0,False,Not activated
6581,45,B2,6,2,1,20,24,True,D0,D0,False,Masked
6582,45,B2,6,3,0,20,20,False,D0,D0,False,Not activated
6583,45,B2,6,3,1,20,28,True,D0,D0,False,Masked
6584,45,B2,6,4,0,20,20,False,D0,D0,False,Not activated
6585,45,B2,6,4,1,20,30,True,D0,D1,False,SDC
6586,45,B2,6,5,0,20,00,True,D0,CF,False,SDC
6587,45,B2,6,5,1,20,20,False,D0,D0,False,Not activated
6588,45,B2,6,6,0,20,20,False,D0,D0,False,Not activated
6589,45,B2,6,6,1,20,60,True,D0,D3,False,SDC
6590,45,B2,6,7,0,20,20,False,D0,D0,False,Not activated
6591,45,B2,6,7,1,20,A0,True,D0,CB,False,SDC
6592,45,B3,7,0,0,16,16,False,D0,D0,False,Not activated
6593,45,B3,7,0,1,16,17,True,D0,D0,False,Masked
6594,45,B3,7,1,0,16,14,True,D0,CF,False,SDC
6595,45,B3,7,1,1,16,16,False,D0,D0,False,Not activated
6596,45,B3,7,2,0,16,12,True,D0,CF,False,SDC
6597,45,B3,7,2,1,16,16,False,D0,D0,False,Not activated
6598,45,B3,7,3,0,16,16,False,D0,D0,False,Not activated
6599,45,B3,7,3,1,16,1E,True,D0,D2,False,SDC
6600,45,B3,7,4,0,16,06,True,D0,CC,False,SDC
6601,45,B3,7,4,1,16,16,False,D0,D0,False,Not activated
6602,45,B3,7,5,0,16,16,False,D0,D0,False,Not activated
6603,45,B3,7,5,1,16,36,True,D0,D8,False,SDC
6604,45,B3,7,6,0,16,16,False,D0,D0,False,Not activated
6605,45,B3,7,6,1,16,56,True,D0,E7,False,SDC
6606,45,B3,7,7,0,16,16,False,D0,D0,False,Not activated
6607,45,B3,7,7,1,16,96,True,D0,AA,False,SDC
6608,45,C0,8,0,0,DD,DC,True,D0,CF,False,SDC
6609,45,C0,8,0,1,DD,DD,False,D0,D0,False,Not activated
6610,45,C0,8,1,0,DD,DD,False,D0,D0,False,Not activated
6611,45,C0,8,1,1,DD,DF,True,D0,D2,False,SDC
6612,45,C0,8,2,0,DD,D9,True,D0,CC,False,SDC
6613,45,C0,8,2,1,DD,DD,False,D0,D0,False,Not activated
6614,45,C0,8,3,0,DD,D5,True,D0,C8,False,SDC
6615,45,C0,8,3,1,DD,DD,False,D0,D0,False,Not activated
6616,45,C0,8,4,0,DD,CD,True,D0,C0,False,SDC
6617,45,C0,8,4,1,DD,DD,False,D0,D0,False,Not activated
6618,45,C0,8,5,0,DD,DD,False,D0,D0,False,Not activated
6619,45,C0,8,5,1,DD,FD,True,D0,F0,False,SDC
6620,45,C0,8,6,0,DD,9D,True,D0,9B,False,SDC
6621,45,C0,8,6,1,DD,DD,False,D0,D0,False,Not activated
6622,45,C0,8,7,0,DD,5D,True,D0,56,False,SDC
6623,45,C0,8,7,1,DD,DD,False,D0,D0,False,Not activated
6624,46,A0,0,0,0,D9,D8,True,F7,F6,False,SDC
6625,46,A0,0,0,1,D9,D9,False,F7,F7,False,Not activated
6626,46,A0,0,1,0,D9,D9,False,F7,F7,False,Not activated
6627,46,A0,0,1,1,D9,DB,True,F7,F8,False,SDC
6628,46,A0,0,2,0,D9,D9,False,F7,F7,False,Not activated
6629,46,A0,0,2,1,D9,DD,True,F7,F9,False,SDC
6630,46,A0,0,3,0,D9,D1,True,F7,F1,False,SDC
6631,46,A0,0,3,1,D9,D9,False,F7,F7,False,Not activated
6632,46,A0,0,4,0,D9,C9,True,F7,EB,False,SDC
6633,46,A0,0,4,1,D9,D9,False,F7,F7,False,Not activated
6634,46,A0,0,5,0,D9,D9,False,F7,F7,False,Not activated
6635,46,A0,0,5,1,D9,F9,True,F7,0D,False,SDC
6636,46,A0,0,6,0,D9,99,True,F7,A8,False,SDC
6637,46,A0,0,6,1,D9,D9,False,F7,F7,False,Not activated
6638,46,A0,0,7,0,D9,59,True,F7,50,False,SDC
6639,46,A0,0,7,1,D9,D9,False,F7,F7,False,Not activated
6640,46,A1,1,0,0,C3,C2,True,F7,F8,False,SDC
6641,46,A1,1,0,1,C3,C3,False,F7,F7,False,Not activated
6642,46,A1,1,1,0,C3,C1,True,F7,F9,False,SDC
6643,46,A1,1,1,1,C3,C3,False,F7,F7,False,Not activated
6644,46,A1,1,2,0,C3,C3,False,F7,F7,False,Not activated
6645,46,A1,1,2,1,C3,C7,True,F7,F4,False,SDC
6646,46,A1,1,3,0,C3,C3,False,F7,F7,False,Not activated
6647,46,A1,1,3,1,C3,CB,True,F7,F1,False,SDC
6648,46,A1,1,4,0,C3,C3,False,F7,F7,False,Not activated
6649,46,A1,1,4,1,C3,D3,True,F7,EA,False,SDC
6650,46,A1,1,5,0,C3,C3,False,F7,F7,False,Not activated
6651,46,A1,1,5,1,C3,E3,True,F7,DC,False,SDC
6652,46,A1,1,6,0,C3,83,True,F7,7D,False,SDC
6653,46,A1,1,6,1,C3,C3,False,F7,F7,False,Not activated
6654,46,A1,1,7,0,C3,43,True,F7,A2,False,SDC
6655,46,A1,1,7,1,C3,C3,False,F7,F7,False,Not activated
6656,46,A2,2,0,0,DF,DE,True,F7,F7,False,Masked
6657,46,A2,2,0,1,DF,DF,False,F7,F7,False,Not activated
6658,46,A2,2,1,0,DF,DD,True,F7,F7,False,Masked
6659,46,A2,2,1,1,DF,DF,False,F7,F7,False,Not activated
6660,46,A2,2,2,0,DF,DB,True,F7,F7,False,Masked
6661,46,A2,2,2,1,DF,DF,False,F7,F7,False,Not activated
6662,46,A2,2,3,0,DF,D7,True,F7,F8,False,SDC
6663,46,A2,2,3,1,DF,DF,False,F7,F7,False,Not activated
6664,46,A2,2,4,0,DF,CF,True,F7,F9,False,SDC
6665,46,A2,2,4,1,DF,DF,False,F7,F7,False,Not activated
6666,46,A2,2,5,0,DF,DF,False,F7,F7,False,Not activated
6667,46,A2,2,5,1,DF,FF,True,F7,F2,False,SDC
6668,46,A2,2,6,0,DF,9F,True,F7,08,False,SDC
6669,46,A2,2,6,1,DF,DF,False,F7,F7,False,Not activated
6670,46,A2,2,7,0,DF,5F,True,F7,DB,False,SDC
6671,46,A2,2,7,1,DF,DF,False,F7,F7,False,Not activated
6672,46,A3,3,0,0,FD,FC,True,F7,F7,False,Masked
6673,46,A3,3,0,1,FD,FD,False,F7,F7,False,Not activated
6674,46,A3,3,1,0,FD,FD,False,F7,F7,False,Not activated
6675,46,A3,3,1,1,FD,FF,True,F7,F7,False,Masked
6676,46,A3,3,2,0,FD,F9,True,F7,F6,False,SDC
6677,46,A3,3,2,1,FD,FD,False,F7,F7,False,Not activated
6678,46,A3,3,3,0,FD,F5,True,F7,F5,False,SDC
6679,46,A3,3,3,1,FD,FD,False,F7,F7,False,Not activated
6680,46,A3,3,4,0,FD,ED,True,F7,F3,False,SDC
6681,46,A3,3,4,1,FD,FD,False,F7,F7,False,Not activated
6682,46,A3,3,5,0,FD,DD,True,F7,EF,False,SDC
6683,46,A3,3,5,1,FD,FD,False,F7,F7,False,Not activated
6684,46,A3,3,6,0,FD,BD,True,F7,E5,False,SDC
6685,46,A3,3,6,1,FD,FD,False,F7,F7,False,Not activated
6686,46,A3,3,7,0,FD,7D,True,F7,75,False,SDC
6687,46,A3,3,7,1,FD,FD,False,F7,F7,False,Not activated
6688,46,B0,4,0,0,2D,2C,True,F7,F7,False,Masked
6689,46,B0,4,0,1,2D,2D,False,F7,F7,False,Not activated
6690,46,B0,4,1,0,2D,2D,False,F7,F7,False,Not activated
6691,46,B0,4,1,1,2D,2F,True,F7,F5,False,SDC
6692,46,B0,4,2,0,2D,29,True,F7,F9,False,SDC
6693,46,B0,4,2,1,2D,2D,False,F7,F7,False,Not activated
6694,46,B0,4,3,0,2D,25,True,F7,FB,False,SDC
6695,46,B0,4,3,1,2D,2D,False,F7,F7,False,Not activated
6696,46,B0,4,4,0,2D,2D,False,F7,F7,False,Not activated
6697,46,B0,4,4,1,2D,3D,True,F7,ED,False,SDC
6698,46,B0,4,5,0,2D,0D,True,F7,0A,False,SDC
6699,46,B0,4,5,1,2D,2D,False,F7,F7,False,Not activated
6700,46,B0,4,6,0,2D,2D,False,F7,F7,False,Not activated
6701,46,B0,4,6,1,2D,6D,True,F7,A0,False,SDC
6702,46,B0,4,7,0,2D,2D,False,F7,F7,False,Not activated
6703,46,B0,4,7,1,2D,AD,True,F7,48,False,SDC
6704,46,B1,5,0,0,C9,C8,True,F7,F8,False,SDC
6705,46,B1,5,0,1,C9,C9,False,F7,F7,False,Not activated
6706,46,B1,5,1,0,C9,C9,False,F7,F7,False,Not activated
6707,46,B1,5,1,1,C9,CB,True,F7,F6,False,SDC
6708,46,B1,5,2,0,C9,C9,False,F7,F7,False,Not activated
6709,46,B1,5,2,1,C9,CD,True,F7,F4,False,SDC
6710,46,B1,5,3,0,C9,C1,True,F7,FF,False,SDC
6711,46,B1,5,3,1,C9,C9,False,F7,F7,False,Not activated
6712,46,B1,5,4,0,C9,C9,False,F7,F7,False,Not activated
6713,46,B1,5,4,1,C9,D9,True,F7,E8,False,SDC
6714,46,B1,5,5,0,C9,C9,False,F7,F7,False,Not activated
6715,46,B1,5,5,1,C9,E9,True,F7,D9,False,SDC
6716,46,B1,5,6,0,C9,89,True,F7,74,False,SDC
6717,46,B1,5,6,1,C9,C9,False,F7,F7,False,Not activated
6718,46,B1,5,7,0,C9,49,True,F7,9F,False,SDC
6719,46,B1,5,7,1,C9,C9,False,F7,F7,False,Not activated
6720,46,B2,6,0,0,F5,F4,True,F7,F7,False,Masked
6721,46,B2,6,0,1,F5,F5,False,F7,F7,False,Not activated
6722,46,B2,6,1,0,F5,F5,False,F7,F7,False,Not activated
6723,46,B2,6,1,1,F5,F7,True,F7,F6,False,SDC
6724,46,B2,6,2,0,F5,F1,True,F7,F9,False,SDC
6725,46,B2,6,2,1,F5,F5,False,F7,F7,False,Not activated
6726,46,B2,6,3,0,F5,F5,False,F7,F7,False,Not activated
6727,46,B2,6,3,1,F5,FD,True,F7,F3,False,SDC
6728,46,B2,6,4,0,F5,E5,True,F7,FF,False,SDC
6729,46,B2,6,4,1,F5,F5,False,F7,F7,False,Not activated
6730,46,B2,6,5,0,F5,D5,True,F7,07,False,SDC
6731,46,B2,6,5,1,F5,F5,False,F7,F7,False,Not activated
6732,46,B2,6,6,0,F5,B5,True,F7,1D,False,SDC
6733,46,B2,6,6,1,F5,F5,False,F7,F7,False,Not activated
6734,46,B2,6,7,0,F5,75,True,F7,93,False,SDC
6735,46,B2,6,7,1,F5,F5,False,F7,F7,False,Not activated
6736,46,B3,7,0,0,11,10,True,F7,F7,False,Masked
6737,46,B3,7,0,1,11,11,False,F7,F7,False,Not activated
6738,46,B3,7,1,0,11,11,False,F7,F7,False,Not activated
6739,46,B3,7,1,1,11,13,True,F7,F7,False,Masked
6740,46,B3,7,2,0,11,11,False,F7,F7,False,Not activated
6741,46,B3,7,2,1,11,15,True,F7,F7,False,Masked
6742,46,B3,7,3,0,11,11,False,F7,F7,False,Not activated
6743,46,B3,7,3,1,11,19,True,F7,F7,False,Masked
6744,46,B3,7,4,0,11,01,True,F7,F7,False,Masked
6745,46,B3,7,4,1,11,11,False,F7,F7,False,Not activated
6746,46,B3,7,5,0,11,11,False,F7,F7,False,Not activated
6747,46,B3,7,5,1,11,31,True,F7,F6,False,SDC
6748,46,B3,7,6,0,11,11,False,F7,F7,False,Not activated
6749,46,B3,7,6,1,11,51,True,F7,F3,False,SDC
6750,46,B3,7,7,0,11,11,False,F7,F7,False,Not activated
6751,46,B3,7,7,1,11,91,True,F7,04,False,SDC
6752,46,C0,8,0,0,D9,D8,True,F7,F6,False,SDC
6753,46,C0,8,0,1,D9,D9,False,F7,F7,False,Not activated
6754,46,C0,8,1,0,D9,D9,False,F7,F7,False,Not activated
6755,46,C0,8,1,1,D9,DB,True,F7,F9,False,SDC
6756,46,C0,8,2,0,D9,D9,False,F7,F7,False,Not activated
6757,46,C0,8,2,1,D9,DD,True,F7,FB,False,SDC
6758,46,C0,8,3,0,D9,D1,True,F7,EF,False,SDC
6759,46,C0,8,3,1,D9,D9,False,F7,F7,False,Not activated
6760,46,C0,8,4,0,D9,C9,True,F7,E7,False,SDC
6761,46,C0,8,4,1,D9,D9,False,F7,F7,False,Not activated
6762,46,C0,8,5,0,D9,D9,False,F7,F7,False,Not activated
6763,46,C0,8,5,1,D9,F9,True,F7,17,False,SDC
6764,46,C0,8,6,0,D9,99,True,F7,9D,False,SDC
6765,46,C0,8,6,1,D9,D9,False,F7,F7,False,Not activated
6766,46,C0,8,7,0,D9,59,True,F7,62,False,SDC
6767,46,C0,8,7,1,D9,D9,False,F7,F7,False,Not activated
6768,47,A0,0,0,0,19,18,True,BD,BE,False,SDC
6769,47,A0,0,0,1,19,19,False,BD,BD,False,Not activated
6770,47,A0,0,1,0,19,19,False,BD,BD,False,Not activated
6771,47,A0,0,1,1,19,1B,True,BD,BC,False,SDC
6772,47,A0,0,2,0,19,19,False,BD,BD,False,Not activated
6773,47,A0,0,2,1,19,1D,True,BD,BB,False,SDC
6774,47,A0,0,3,0,19,11,True,BD,C2,False,SDC
6775,47,A0,0,3,1,19,19,False,BD,BD,False,Not activated
6776,47,A0,0,4,0,19,09,True,BD,CA,False,SDC
6777,47,A0,0,4,1,19,19,False,BD,BD,False,Not activated
6778,47,A0,0,5,0,19,19,False,BD,BD,False,Not activated
6779,47,A0,0,5,1,19,39,True,BD,AD,False,SDC
6780,47,A0,0,6,0,19,19,False,BD,BD,False,Not activated
6781,47,A0,0,6,1,19,59,True,BD,9D,False,SDC
6782,47,A0,0,7,0,19,19,False,BD,BD,False,Not activated
6783,47,A0,0,7,1,19,99,True,BD,62,False,SDC
6784,47,A1,1,0,0,FF,FE,True,BD,BD,False,Masked
6785,47,A1,1,0,1,FF,FF,False,BD,BD,False,Not activated
6786,47,A1,1,1,0,FF,FD,True,BD,BC,False,SDC
6787,47,A1,1,1,1,FF,FF,False,BD,BD,False,Not activated
6788,47,A1,1,2,0,FF,FB,True,BD,BC,False,SDC
6789,47,A1,1,2,1,FF,FF,False,BD,BD,False,Not activated
6790,47,A1,1,3,0,FF,F7,True,BD,BC,False,SDC
6791,47,A1,1,3,1,FF,FF,False,BD,BD,False,Not activated
6792,47,A1,1,4,0,FF,EF,True,BD,B9,False,SDC
6793,47,A1,1,4,1,FF,FF,False,BD,BD,False,Not activated
6794,47,A1,1,5,0,FF,DF,True,BD,B5,False,SDC
6795,47,A1,1,5,1,FF,FF,False,BD,BD,False,Not activated
6796,47,A1,1,6,0,FF,BF,True,BD,AD,False,SDC
6797,47,A1,1,6,1,FF,FF,False,BD,BD,False,Not activated
6798,47,A1,1,7,0,FF,7F,True,BD,7E,False,SDC
6799,47,A1,1,7,1,FF,FF,False,BD,BD,False,Not activated
6800,47,A2,2,0,0,DF,DE,True,BD,BC,False,SDC
6801,47,A2,2,0,1,DF,DF,False,BD,BD,False,Not activated
6802,47,A2,2,1,0,DF,DD,True,BD,BC,False,SDC
6803,47,A2,2,1,1,DF,DF,False,BD,BD,False,Not activated
6804,47,A2,2,2,0,DF,DB,True,BD,BC,False,SDC
6805,47,A2,2,2,1,DF,DF,False,BD,BD,False,Not activated
6806,47,A2,2,3,0,DF,D7,True,BD,BB,False,SDC
6807,47,A2,2,3,1,DF,DF,False,BD,BD,False,Not activated
6808,47,A2,2,4,0,DF,CF,True,BD,B9,False,SDC
6809,47,A2,2,4,1,DF,DF,False,BD,BD,False,Not activated
6810,47,A2,2,5,0,DF,DF,False,BD,BD,False,Not activated
6811,47,A2,2,5,1,DF,FF,True,BD,CB,False,SDC
6812,47,A2,2,6,0,DF,9F,True,BD,A1,False,SDC
6813,47,A2,2,6,1,DF,DF,False,BD,BD,False,Not activated
6814,47,A2,2,7,0,DF,5F,True,BD,10,False,SDC
6815,47,A2,2,7,1,DF,DF,False,BD,BD,False,Not activated
6816,47,A3,3,0,0,14,14,False,BD,BD,False,Not activated
6817,47,A3,3,0,1,14,15,True,BD,BD,False,Masked
6818,47,A3,3,1,0,14,14,False,BD,BD,False,Not activated
6819,47,A3,3,1,1,14,16,True,BD,BC,False,SDC
6820,47,A3,3,2,0,14,10,True,BD,BF,False,SDC
6821,47,A3,3,2,1,14,14,False,BD,BD,False,Not activated
6822,47,A3,3,3,0,14,14,False,BD,BD,False,Not activated
6823,47,A3,3,3,1,14,1C,True,BD,BA,False,SDC
6824,47,A3,3,4,0,14,04,True,BD,C7,False,SDC
6825,47,A3,3,4,1,14,14,False,BD,BD,False,Not activated
6826,47,A3,3,5,0,14,14,False,BD,BD,False,Not activated
6827,47,A3,3,5,1,14,34,True,BD,B1,False,SDC
6828,47,A3,3,6,0,14,14,False,BD,BD,False,Not activated
6829,47,A3,3,6,1,14,54,True,BD,9F,False,SDC
6830,47,A3,3,7,0,14,14,False,BD,BD,False,Not activated
6831,47,A3,3,7,1,14,94,True,BD,5F,False,SDC
6832,47,B0,4,0,0,C1,C0,True,BD,BD,False,Masked
6833,47,B0,4,0,1,C1,C1,False,BD,BD,False,Not activated
6834,47,B0,4,1,0,C1,C1,False,BD,BD,False,Not activated
6835,47,B0,4,1,1,C1,C3,True,BD,BE,False,SDC
6836,47,B0,4,2,0,C1,C1,False,BD,BD,False,Not activated
6837,47,B0,4,2,1,C1,C5,True,BD,BE,False,SDC
6838,47,B0,4,3,0,C1,C1,False,BD,BD,False,Not activated
6839,47,B0,4,3,1,C1,C9,True,BD,BF,False,SDC
6840,47,B0,4,4,0,C1,C1,False,BD,BD,False,Not activated
6841,47,B0,4,4,1,C1,D1,True,BD,C1,False,SDC
6842,47,B0,4,5,0,C1,C1,False,BD,BD,False,Not activated
6843,47,B0,4,5,1,C1,E1,True,BD,C7,False,SDC
6844,47,B0,4,6,0,C1,81,True,BD,83,False,SDC
6845,47,B0,4,6,1,C1,C1,False,BD,BD,False,Not activated
6846,47,B0,4,7,0,C1,41,True,BD,ED,False,SDC
6847,47,B0,4,7,1,C1,C1,False,BD,BD,False,Not activated
6848,47,B1,5,0,0,20,20,False,BD,BD,False,Not activated
6849,47,B1,5,0,1,20,21,True,BD,BD,False,Masked
6850,47,B1,5,1,0,20,20,False,BD,BD,False,Not activated
6851,47,B1,5,1,1,20,22,True,BD,BD,False,Masked
6852,47,B1,5,2,0,20,20,False,BD,BD,False,Not activated
6853,47,B1,5,2,1,20,24,True,BD,BD,False,Masked
6854,47,B1,5,3,0,20,20,False,BD,BD,False,Not activated
6855,47,B1,5,3,1,20,28,True,BD,BD,False,Masked
6856,47,B1,5,4,0,20,20,False,BD,BD,False,Not activated
6857,47,B1,5,4,1,20,30,True,BD,BD,False,Masked
6858,47,B1,5,5,0,20,00,True,BD,BE,False,SDC
6859,47,B1,5,5,1,20,20,False,BD,BD,False,Not activated
6860,47,B1,5,6,0,20,20,False,BD,BD,False,Not activated
6861,47,B1,5,6,1,20,60,True,BD,BC,False,SDC
6862,47,B1,5,7,0,20,20,False,BD,BD,False,Not activated
6863,47,B1,5,7,1,20,A0,True,BD,BE,False,SDC
6864,47,B2,6,0,0,23,22,True,BD,BD,False,Masked
6865,47,B2,6,0,1,23,23,False,BD,BD,False,Not activated
6866,47,B2,6,1,0,23,21,True,BD,BE,False,SDC
6867,47,B2,6,1,1,23,23,False,BD,BD,False,Not activated
6868,47,B2,6,2,0,23,23,False,BD,BD,False,Not activated
6869,47,B2,6,2,1,23,27,True,BD,BC,False,SDC
6870,47,B2,6,3,0,23,23,False,BD,BD,False,Not activated
6871,47,B2,6,3,1,23,2B,True,BD,BB,False,SDC
6872,47,B2,6,4,0,23,23,False,BD,BD,False,Not activated
6873,47,B2,6,4,1,23,33,True,BD,B9,False,SDC
6874,47,B2,6,5,0,23,03,True,BD,CA,False,SDC
6875,47,B2,6,5,1,23,23,False,BD,BD,False,Not activated
6876,47,B2,6,6,0,23,23,False,BD,BD,False,Not activated
6877,47,B2,6,6,1,23,63,True,BD,A0,False,SDC
6878,47,B2,6,7,0,23,23,False,BD,BD,False,Not activated
6879,47,B2,6,7,1,23,A3,True,BD,0B,False,SDC
6880,47,B3,7,0,0,CE,CE,False,BD,BD,False,Not activated
6881,47,B3,7,0,1,CE,CF,True,BD,BE,False,SDC
6882,47,B3,7,1,0,CE,CC,True,BD,BD,False,Masked
6883,47,B3,7,1,1,CE,CE,False,BD,BD,False,Not activated
6884,47,B3,7,2,0,CE,CA,True,BD,BC,False,SDC
6885,47,B3,7,2,1,CE,CE,False,BD,BD,False,Not activated
6886,47,B3,7,3,0,CE,C6,True,BD,BC,False,SDC
6887,47,B3,7,3,1,CE,CE,False,BD,BD,False,Not activated
6888,47,B3,7,4,0,CE,CE,False,BD,BD,False,Not activated
6889,47,B3,7,4,1,CE,DE,True,BD,C0,False,SDC
6890,47,B3,7,5,0,CE,CE,False,BD,BD,False,Not activated
6891,47,B3,7,5,1,CE,EE,True,BD,C4,False,SDC
6892,47,B3,7,6,0,CE,8E,True,BD,9D,False,SDC
6893,47,B3,7,6,1,CE,CE,False,BD,BD,False,Not activated
6894,47,B3,7,7,0,CE,4E,True,BD,E7,False,SDC
6895,47,B3,7,7,1,CE,CE,False,BD,BD,False,Not activated
6896,47,C0,8,0,0,F6,F6,False,BD,BD,False,Not activated
6897,47,C0,8,0,1,F6,F7,True,BD,BE,False,SDC
6898,47,C0,8,1,0,F6,F4,True,BD,BC,False,SDC
6899,47,C0,8,1,1,F6,F6,False,BD,BD,False,Not activated
6900,47,C0,8,2,0,F6,F2,True,BD,BB,False,SDC
6901,47,C0,8,2,1,F6,F6,False,BD,BD,False,Not activated
6902,47,C0,8,3,0,F6,F6,False,BD,BD,False,Not activated
6903,47,C0,8,3,1,F6,FE,True,BD,C2,False,SDC
6904,47,C0,8,4,0,F6,E6,True,BD,B5,False,SDC
6905,47,C0,8,4,1,F6,F6,False,BD,BD,False,Not activated
6906,47,C0,8,5,0,F6,D6,True,BD,AD,False,SDC
6907,47,C0,8,5,1,F6,F6,False,BD,BD,False,Not activated
6908,47,C0,8,6,0,F6,B6,True,BD,9E,False,SDC
6909,47,C0,8,6,1,F6,F6,False,BD,BD,False,Not activated
6910,47,C0,8,7,0,F6,76,True,BD,74,False,SDC
6911,47,C0,8,7,1,F6,F6,False,BD,BD,False,Not activated
6912,48,A0,0,0,0,D7,D6,True,2E,2F,False,SDC
6913,48,A0,0,0,1,D7,D7,False,2E,2E,False,Not activated
6914,48,A0,0,1,0,D7,D5,True,2E,30,False,SDC
6915,48,A0,0,1,1,D7,D7,False,2E,2E,False,Not activated
6916,48,A0,0,2,0,D7,D3,True,2E,30,False,SDC
6917,48,A0,0,2,1,D7,D7,False,2E,2E,False,Not activated
6918,48,A0,0,3,0,D7,D7,False,2E,2E,False,Not activated
6919,48,A0,0,3,1,D7,DF,True,2E,2A,False,SDC
6920,48,A0,0,4,0,D7,C7,True,2E,35,False,SDC
6921,48,A0,0,4,1,D7,D7,False,2E,2E,False,Not activated
6922,48,A0,0,5,0,D7,D7,False,2E,2E,False,Not activated
6923,48,A0,0,5,1,D7,F7,True,2E,1E,False,SDC
6924,48,A0,0,6,0,D7,97,True,2E,60,False,SDC
6925,48,A0,0,6,1,D7,D7,False,2E,2E,False,Not activated
6926,48,A0,0,7,0,D7,57,True,2E,E3,False,SDC
6927,48,A0,0,7,1,D7,D7,False,2E,2E,False,Not activated
6928,48,A1,1,0,0,3B,3A,True,2E,2E,False,Masked
6929,48,A1,1,0,1,3B,3B,False,2E,2E,False,Not activated
6930,48,A1,1,1,0,3B,39,True,2E,2D,False,SDC
6931,48,A1,1,1,1,3B,3B,False,2E,2E,False,Not activated
6932,48,A1,1,2,0,3B,3B,False,2E,2E,False,Not activated
6933,48,A1,1,2,1,3B,3F,True,2E,31,False,SDC
6934,48,A1,1,3,0,3B,33,True,2E,29,False,SDC
6935,48,A1,1,3,1,3B,3B,False,2E,2E,False,Not activated
6936,48,A1,1,4,0,3B,2B,True,2E,23,False,SDC
6937,48,A1,1,4,1,3B,3B,False,2E,2E,False,Not activated
6938,48,A1,1,5,0,3B,1B,True,2E,18,False,SDC
6939,48,A1,1,5,1,3B,3B,False,2E,2E,False,Not activated
6940,48,A1,1,6,0,3B,3B,False,2E,2E,False,Not activated
6941,48,A1,1,6,1,3B,7B,True,2E,79,False,SDC
6942,48,A1,1,7,0,3B,3B,False,2E,2E,False,Not activated
6943,48,A1,1,7,1,3B,BB,True,2E,D1,False,SDC
6944,48,A2,2,0,0,02,02,False,2E,2E,False,Not activated
6945,48,A2,2,0,1,02,03,True,2E,2E,False,Masked
6946,48,A2,2,1,0,02,00,True,2E,2F,False,SDC
6947,48,A2,2,1,1,02,02,False,2E,2E,False,Not activated
6948,48,A2,2,2,0,02,02,False,2E,2E,False,Not activated
6949,48,A2,2,2,1,02,06,True,2E,2E,False,Masked
6950,48,A2,2,3,0,02,02,False,2E,2E,False,Not activated
6951,48,A2,2,3,1,02,0A,True,2E,2E,False,Masked
6952,48,A2,2,4,0,02,02,False,2E,2E,False,Not activated
6953,48,A2,2,4,1,02,12,True,2E,2D,False,SDC
6954,48,A2,2,5,0,02,02,False,2E,2E,False,Not activated
6955,48,A2,2,5,1,02,22,True,2E,2C,False,SDC
6956,48,A2,2,6,0,02,02,False,2E,2E,False,Not activated
6957,48,A2,2,6,1,02,42,True,2E,29,False,SDC
6958,48,A2,2,7,0,02,02,False,2E,2E,False,Not activated
6959,48,A2,2,7,1,02,82,True,2E,6F,False,SDC
6960,48,A3,3,0,0,C6,C6,False,2E,2E,False,Not activated
6961,48,A3,3,0,1,C6,C7,True,2E,2E,False,Masked
6962,48,A3,3,1,0,C6,C4,True,2E,2C,False,SDC
6963,48,A3,3,1,1,C6,C6,False,2E,2E,False,Not activated
6964,48,A3,3,2,0,C6,C2,True,2E,2B,False,SDC
6965,48,A3,3,2,1,C6,C6,False,2E,2E,False,Not activated
6966,48,A3,3,3,0,C6,C6,False,2E,2E,False,Not activated
6967,48,A3,3,3,1,C6,CE,True,2E,33,False,SDC
6968,48,A3,3,4,0,C6,C6,False,2E,2E,False,Not activated
6969,48,A3,3,4,1,C6,D6,True,2E,37,False,SDC
6970,48,A3,3,5,0,C6,C6,False,2E,2E,False,Not activated
6971,48,A3,3,5,1,C6,E6,True,2E,40,False,SDC
6972,48,A3,3,6,0,C6,86,True,2E,8C,False,SDC
6973,48,A3,3,6,1,C6,C6,False,2E,2E,False,Not activated
6974,48,A3,3,7,0,C6,46,True,2E,60,False,SDC
6975,48,A3,3,7,1,C6,C6,False,2E,2E,False,Not activated
6976,48,B0,4,0,0,E0,E0,False,2E,2E,False,Not activated
6977,48,B0,4,0,1,E0,E1,True,2E,2E,False,Masked
6978,48,B0,4,1,0,E0,E0,False,2E,2E,False,Not activated
6979,48,B0,4,1,1,E0,E2,True,2E,2D,False,SDC
6980,48,B0,4,2,0,E0,E0,False,2E,2E,False,Not activated
6981,48,B0,4,2,1,E0,E4,True,2E,2C,False,SDC
6982,48,B0,4,3,0,E0,E0,False,2E,2E,False,Not activated
6983,48,B0,4,3,1,E0,E8,True,2E,29,False,SDC
6984,48,B0,4,4,0,E0,E0,False,2E,2E,False,Not activated
6985,48,B0,4,4,1,E0,F0,True,2E,24,False,SDC
6986,48,B0,4,5,0,E0,C0,True,2E,42,False,SDC
6987,48,B0,4,5,1,E0,E0,False,2E,2E,False,Not activated
6988,48,B0,4,6,0,E0,A0,True,2E,56,False,SDC
6989,48,B0,4,6,1,E0,E0,False,2E,2E,False,Not activated
6990,48,B0,4,7,0,E0,60,True,2E,C9,False,SDC
6991,48,B0,4,7,1,E0,E0,False,2E,2E,False,Not activated
6992,48,B1,5,0,0,2D,2C,True,2E,2E,False,Masked
6993,48,B1,5,0,1,2D,2D,False,2E,2E,False,Not activated
6994,48,B1,5,1,0,2D,2D,False,2E,2E,False,Not activated
6995,48,B1,5,1,1,2D,2F,True,2E,30,False,SDC
6996,48,B1,5,2,0,2D,29,True,2E,2B,False,SDC
6997,48,B1,5,2,1,2D,2D,False,2E,2E,False,Not activated
6998,48,B1,5,3,0,2D,25,True,2E,27,False,SDC
6999,48,B1,5,3,1,2D,2D,False,2E,2E,False,Not activated
7000,48,B1,5,4,0,2D,2D,False,2E,2E,False,Not activated
7001,48,B1,5,4,1,2D,3D,True,2E,3D,False,SDC
7002,48,B1,5,5,0,2D,0D,True,2E,11,False,SDC
7003,48,B1,5,5,1,2D,2D,False,2E,2E,False,Not activated
7004,48,B1,5,6,0,2D,2D,False,2E,2E,False,Not activated
7005,48,B1,5,6,1,2D,6D,True,2E,6D,False,SDC
7006,48,B1,5,7,0,2D,2D,False,2E,2E,False,Not activated
7007,48,B1,5,7,1,2D,AD,True,2E,B4,False,SDC
7008,48,B2,6,0,0,FA,FA,False,2E,2E,False,Not activated
7009,48,B2,6,0,1,FA,FB,True,2E,2E,False,Masked
7010,48,B2,6,1,0,FA,F8,True,2E,2E,False,Masked
7011,48,B2,6,1,1,FA,FA,False,2E,2E,False,Not activated
7012,48,B2,6,2,0,FA,FA,False,2E,2E,False,Not activated
7013,48,B2,6,2,1,FA,FE,True,2E,2E,False,Masked
7014,48,B2,6,3,0,FA,F2,True,2E,2E,False,Masked
7015,48,B2,6,3,1,FA,FA,False,2E,2E,False,Not activated
7016,48,B2,6,4,0,FA,EA,True,2E,2E,False,Masked
7017,48,B2,6,4,1,FA,FA,False,2E,2E,False,Not activated
7018,48,B2,6,5,0,FA,DA,True,2E,2E,False,Masked
7019,48,B2,6,5,1,FA,FA,False,2E,2E,False,Not activated
7020,48,B2,6,6,0,FA,BA,True,2E,2D,False,SDC
7021,48,B2,6,6,1,FA,FA,False,2E,2E,False,Not activated
7022,48,B2,6,7,0,FA,7A,True,2E,44,False,SDC
7023,48,B2,6,7,1,FA,FA,False,2E,2E,False,Not activated
7024,48,B3,7,0,0,27,26,True,2E,2F,False,SDC
7025,48,B3,7,0,1,27,27,False,2E,2E,False,Not activated
7026,48,B3,7,1,0,27,25,True,2E,2F,False,SDC
7027,48,B3,7,1,1,27,27,False,2E,2E,False,Not activated
7028,48,B3,7,2,0,27,23,True,2E,31,False,SDC
7029,48,B3,7,2,1,27,27,False,2E,2E,False,Not activated
7030,48,B3,7,3,0,27,27,False,2E,2E,False,Not activated
7031,48,B3,7,3,1,27,2F,True,2E,26,False,SDC
7032,48,B3,7,4,0,27,27,False,2E,2E,False,Not activated
7033,48,B3,7,4,1,27,37,True,2E,1F,False,SDC
7034,48,B3,7,5,0,27,07,True,2E,46,False,SDC
7035,48,B3,7,5,1,27,27,False,2E,2E,False,Not activated
7036,48,B3,7,6,0,27,27,False,2E,2E,False,Not activated
7037,48,B3,7,6,1,27,67,True,2E,B4,False,SDC
7038,48,B3,7,7,0,27,27,False,2E,2E,False,Not activated
7039,48,B3,7,7,1,27,A7,True,2E,68,False,SDC
7040,48,C0,8,0,0,15,14,True,2E,2D,False,SDC
7041,48,C0,8,0,1,15,15,False,2E,2E,False,Not activated
7042,48,C0,8,1,0,15,15,False,2E,2E,False,Not activated
7043,48,C0,8,1,1,15,17,True,2E,30,False,SDC
7044,48,C0,8,2,0,15,11,True,2E,2A,False,SDC
7045,48,C0,8,2,1,15,15,False,2E,2E,False,Not activated
7046,48,C0,8,3,0,15,15,False,2E,2E,False,Not activated
7047,48,C0,8,3,1,15,1D,True,2E,36,False,SDC
7048,48,C0,8,4,0,15,05,True,2E,1E,False,SDC
7049,48,C0,8,4,1,15,15,False,2E,2E,False,Not activated
7050,48,C0,8,5,0,15,15,False,2E,2E,False,Not activated
7051,48,C0,8,5,1,15,35,True,2E,47,False,SDC
7052,48,C0,8,6,0,15,15,False,2E,2E,False,Not activated
7053,48,C0,8,6,1,15,55,True,2E,60,False,SDC
7054,48,C0,8,7,0,15,15,False,2E,2E,False,Not activated
7055,48,C0,8,7,1,15,95,True,2E,98,False,SDC
7056,49,A0,0,0,0,3E,3E,False,3B,3B,False,Not activated
7057,49,A0,0,0,1,3E,3F,True,3B,3B,False,Masked
7058,49,A0,0,1,0,3E,3C,True,3B,3A,False,SDC
7059,49,A0,0,1,1,3E,3E,False,3B,3B,False,Not activated
7060,49,A0,0,2,0,3E,3A,True,3B,3A,False,SDC
7061,49,A0,0,2,1,3E,3E,False,3B,3B,False,Not activated
7062,49,A0,0,3,0,3E,36,True,3B,39,False,SDC
7063,49,A0,0,3,1,3E,3E,False,3B,3B,False,Not activated
7064,49,A0,0,4,0,3E,2E,True,3B,37,False,SDC
7065,49,A0,0,4,1,3E,3E,False,3B,3B,False,Not activated
7066,49,A0,0,5,0,3E,1E,True,3B,34,False,SDC
7067,49,A0,0,5,1,3E,3E,False,3B,3B,False,Not activated
7068,49,A0,0,6,0,3E,3E,False,3B,3B,False,Not activated
7069,49,A0,0,6,1,3E,7E,True,3B,77,False,SDC
7070,49,A0,0,7,0,3E,3E,False,3B,3B,False,Not activated
7071,49,A0,0,7,1,3E,BE,True,3B,1E,False,SDC
7072,49,A1,1,0,0,0C,0C,False,3B,3B,False,Not activated
7073,49,A1,1,0,1,0C,0D,True,3B,3C,False,SDC
7074,49,A1,1,1,0,0C,0C,False,3B,3B,False,Not activated
7075,49,A1,1,1,1,0C,0E,True,3B,3C,False,SDC
7076,49,A1,1,2,0,0C,08,True,3B,3A,False,SDC
7077,49,A1,1,2,1,0C,0C,False,3B,3B,False,Not activated
7078,49,A1,1,3,0,0C,04,True,3B,38,False,SDC
7079,49,A1,1,3,1,0C,0C,False,3B,3B,False,Not activated
7080,49,A1,1,4,0,0C,0C,False,3B,3B,False,Not activated
7081,49,A1,1,4,1,0C,1C,True,3B,41,False,SDC
7082,49,A1,1,5,0,0C,0C,False,3B,3B,False,Not activated
7083,49,A1,1,5,1,0C,2C,True,3B,45,False,SDC
7084,49,A1,1,6,0,0C,0C,False,3B,3B,False,Not activated
7085,49,A1,1,6,1,0C,4C,True,3B,4E,False,SDC
7086,49,A1,1,7,0,0C,0C,False,3B,3B,False,Not activated
7087,49,A1,1,7,1,0C,8C,True,3B,A8,False,SDC
7088,49,A2,2,0,0,3A,3A,False,3B,3B,False,Not activated
7089,49,A2,2,0,1,3A,3B,True,3B,3B,False,Masked
7090,49,A2,2,1,0,3A,38,True,3B,3B,False,Masked
7091,49,A2,2,1,1,3A,3A,False,3B,3B,False,Not activated
7092,49,A2,2,2,0,3A,3A,False,3B,3B,False,Not activated
7093,49,A2,2,2,1,3A,3E,True,3B,3B,False,Masked
7094,49,A2,2,3,0,3A,32,True,3B,3B,False,Masked
7095,49,A2,2,3,1,3A,3A,False,3B,3B,False,Not activated
7096,49,A2,2,4,0,3A,2A,True,3B,3B,False,Masked
7097,49,A2,2,4,1,3A,3A,False,3B,3B,False,Not activated
7098,49,A2,2,5,0,3A,1A,True,3B,3B,False,Masked
7099,49,A2,2,5,1,3A,3A,False,3B,3B,False,Not activated
7100,49,A2,2,6,0,3A,3A,False,3B,3B,False,Not activated
7101,49,A2,2,6,1,3A,7A,True,3B,43,False,SDC
7102,49,A2,2,7,0,3A,3A,False,3B,3B,False,Not activated
7103,49,A2,2,7,1,3A,BA,True,3B,39,False,SDC
7104,49,A3,3,0,0,32,32,False,3B,3B,False,Not activated
7105,49,A3,3,0,1,32,33,True,3B,3B,False,Masked
7106,49,A3,3,1,0,32,30,True,3B,3A,False,SDC
7107,49,A3,3,1,1,32,32,False,3B,3B,False,Not activated
7108,49,A3,3,2,0,32,32,False,3B,3B,False,Not activated
7109,49,A3,3,2,1,32,36,True,3B,3D,False,SDC
7110,49,A3,3,3,0,32,32,False,3B,3B,False,Not activated
7111,49,A3,3,3,1,32,3A,True,3B,40,False,SDC
7112,49,A3,3,4,0,32,22,True,3B,30,False,SDC
7113,49,A3,3,4,1,32,32,False,3B,3B,False,Not activated
7114,49,A3,3,5,0,32,12,True,3B,26,False,SDC
7115,49,A3,3,5,1,32,32,False,3B,3B,False,Not activated
7116,49,A3,3,6,0,32,32,False,3B,3B,False,Not activated
7117,49,A3,3,6,1,32,72,True,3B,6D,False,SDC
7118,49,A3,3,7,0,32,32,False,3B,3B,False,Not activated
7119,49,A3,3,7,1,32,B2,True,3B,DE,False,SDC
7120,49,B0,4,0,0,0E,0E,False,3B,3B,False,Not activated
7121,49,B0,4,0,1,0E,0F,True,3B,3C,False,SDC
7122,49,B0,4,1,0,0E,0C,True,3B,39,False,SDC
7123,49,B0,4,1,1,0E,0E,False,3B,3B,False,Not activated
7124,49,B0,4,2,0,0E,0A,True,3B,37,False,SDC
7125,49,B0,4,2,1,0E,0E,False,3B,3B,False,Not activated
7126,49,B0,4,3,0,0E,06,True,3B,33,False,SDC
7127,49,B0,4,3,1,0E,0E,False,3B,3B,False,Not activated
7128,49,B0,4,4,0,0E,0E,False,3B,3B,False,Not activated
7129,49,B0,4,4,1,0E,1E,True,3B,45,False,SDC
7130,49,B0,4,5,0,0E,0E,False,3B,3B,False,Not activated
7131,49,B0,4,5,1,0E,2E,True,3B,4D,False,SDC
7132,49,B0,4,6,0,0E,0E,False,3B,3B,False,Not activated
7133,49,B0,4,6,1,0E,4E,True,3B,61,False,SDC
7134,49,B0,4,7,0,0E,0E,False,3B,3B,False,Not activated
7135,49,B0,4,7,1,0E,8E,True,3B,8F,False,SDC
7136,49,B1,5,0,0,1C,1C,False,3B,3B,False,Not activated
7137,49,B1,5,0,1,1C,1D,True,3B,3B,False,Masked
7138,49,B1,5,1,0,1C,1C,False,3B,3B,False,Not activated
7139,49,B1,5,1,1,1C,1E,True,3B,3C,False,SDC
7140,49,B1,5,2,0,1C,18,True,3B,3A,False,SDC
7141,49,B1,5,2,1,1C,1C,False,3B,3B,False,Not activated
7142,49,B1,5,3,0,1C,14,True,3B,3A,False,SDC
7143,49,B1,5,3,1,1C,1C,False,3B,3B,False,Not activated
7144,49,B1,5,4,0,1C,0C,True,3B,38,False,SDC
7145,49,B1,5,4,1,1C,1C,False,3B,3B,False,Not activated
7146,49,B1,5,5,0,1C,1C,False,3B,3B,False,Not activated
7147,49,B1,5,5,1,1C,3C,True,3B,40,False,SDC
7148,49,B1,5,6,0,1C,1C,False,3B,3B,False,Not activated
7149,49,B1,5,6,1,1C,5C,True,3B,46,False,SDC
7150,49,B1,5,7,0,1C,1C,False,3B,3B,False,Not activated
7151,49,B1,5,7,1,1C,9C,True,3B,18,False,SDC
7152,49,B2,6,0,0,01,00,True,3B,3A,False,SDC
7153,49,B2,6,0,1,01,01,False,3B,3B,False,Not activated
7154,49,B2,6,1,0,01,01,False,3B,3B,False,Not activated
7155,49,B2,6,1,1,01,03,True,3B,3D,False,SDC
7156,49,B2,6,2,0,01,01,False,3B,3B,False,Not activated
7157,49,B2,6,2,1,01,05,True,3B,3F,False,SDC
7158,49,B2,6,3,0,01,01,False,3B,3B,False,Not activated
7159,49,B2,6,3,1,01,09,True,3B,41,False,SDC
7160,49,B2,6,4,0,01,01,False,3B,3B,False,Not activated
7161,49,B2,6,4,1,01,11,True,3B,45,False,SDC
7162,49,B2,6,5,0,01,01,False,3B,3B,False,Not activated
7163,49,B2,6,5,1,01,21,True,3B,4C,False,SDC
7164,49,B2,6,6,0,01,01,False,3B,3B,False,Not activated
7165,49,B2,6,6,1,01,41,True,3B,5B,False,SDC
7166,49,B2,6,7,0,01,01,False,3B,3B,False,Not activated
7167,49,B2,6,7,1,01,81,True,3B,81,False,SDC
7168,49,B3,7,0,0,2A,2A,False,3B,3B,False,Not activated
7169,49,B3,7,0,1,2A,2B,True,3B,3C,False,SDC
7170,49,B3,7,1,0,2A,28,True,3B,39,False,SDC
7171,49,B3,7,1,1,2A,2A,False,3B,3B,False,Not activated
7172,49,B3,7,2,0,2A,2A,False,3B,3B,False,Not activated
7173,49,B3,7,2,1,2A,2E,True,3B,3E,False,SDC
7174,49,B3,7,3,0,2A,22,True,3B,35,False,SDC
7175,49,B3,7,3,1,2A,2A,False,3B,3B,False,Not activated
7176,49,B3,7,4,0,2A,2A,False,3B,3B,False,Not activated
7177,49,B3,7,4,1,2A,3A,True,3B,43,False,SDC
7178,49,B3,7,5,0,2A,0A,True,3B,22,False,SDC
7179,49,B3,7,5,1,2A,2A,False,3B,3B,False,Not activated
7180,49,B3,7,6,0,2A,2A,False,3B,3B,False,Not activated
7181,49,B3,7,6,1,2A,6A,True,3B,67,False,SDC
7182,49,B3,7,7,0,2A,2A,False,3B,3B,False,Not activated
7183,49,B3,7,7,1,2A,AA,True,3B,C6,False,SDC
7184,49,C0,8,0,0,06,06,False,3B,3B,False,Not activated
7185,49,C0,8,0,1,06,07,True,3B,3C,False,SDC
7186,49,C0,8,1,0,06,04,True,3B,39,False,SDC
7187,49,C0,8,1,1,06,06,False,3B,3B,False,Not activated
7188,49,C0,8,2,0,06,02,True,3B,37,False,SDC
7189,49,C0,8,2,1,06,06,False,3B,3B,False,Not activated
7190,49,C0,8,3,0,06,06,False,3B,3B,False,Not activated
7191,49,C0,8,3,1,06,0E,True,3B,42,False,SDC
7192,49,C0,8,4,0,06,06,False,3B,3B,False,Not activated
7193,49,C0,8,4,1,06,16,True,3B,46,False,SDC
7194,49,C0,8,5,0,06,06,False,3B,3B,False,Not activated
7195,49,C0,8,5,1,06,26,True,3B,4E,False,SDC
7196,49,C0,8,6,0,06,06,False,3B,3B,False,Not activated
7197,49,C0,8,6,1,06,46,True,3B,60,False,SDC
7198,49,C0,8,7,0,06,06,False,3B,3B,False,Not activated
7199,49,C0,8,7,1,06,86,True,3B,86,False,SDC
7200,50,A0,0,0,0,33,32,True,FC,FD,False,SDC
7201,50,A0,0,0,1,33,33,False,FC,FC,False,Not activated
7202,50,A0,0,1,0,33,31,True,FC,FE,False,SDC
7203,50,A0,0,1,1,33,33,False,FC,FC,False,Not activated
7204,50,A0,0,2,0,33,33,False,FC,FC,False,Not activated
7205,50,A0,0,2,1,33,37,True,FC,FA,False,SDC
7206,50,A0,0,3,0,33,33,False,FC,FC,False,Not activated
7207,50,A0,0,3,1,33,3B,True,FC,F8,False,SDC
7208,50,A0,0,4,0,33,23,True,FC,04,False,SDC
7209,50,A0,0,4,1,33,33,False,FC,FC,False,Not activated
7210,50,A0,0,5,0,33,13,True,FC,0C,False,SDC
7211,50,A0,0,5,1,33,33,False,FC,FC,False,Not activated
7212,50,A0,0,6,0,33,33,False,FC,FC,False,Not activated
7213,50,A0,0,6,1,33,73,True,FC,9D,False,SDC
7214,50,A0,0,7,0,33,33,False,FC,FC,False,Not activated
7215,50,A0,0,7,1,33,B3,True,FC,42,False,SDC
7216,50,A1,1,0,0,1F,1E,True,FC,FB,False,SDC
7217,50,A1,1,0,1,1F,1F,False,FC,FC,False,Not activated
7218,50,A1,1,1,0,1F,1D,True,FC,FB,False,SDC
7219,50,A1,1,1,1,1F,1F,False,FC,FC,False,Not activated
7220,50,A1,1,2,0,1F,1B,True,FC,FB,False,SDC
7221,50,A1,1,2,1,1F,1F,False,FC,FC,False,Not activated
7222,50,A1,1,3,0,1F,17,True,FC,F9,False,SDC
7223,50,A1,1,3,1,1F,1F,False,FC,FC,False,Not activated
7224,50,A1,1,4,0,1F,0F,True,FC,F7,False,SDC
7225,50,A1,1,4,1,1F,1F,False,FC,FC,False,Not activated
7226,50,A1,1,5,0,1F,1F,False,FC,FC,False,Not activated
7227,50,A1,1,5,1,1F,3F,True,FC,05,False,SDC
7228,50,A1,1,6,0,1F,1F,False,FC,FC,False,Not activated
7229,50,A1,1,6,1,1F,5F,True,FC,16,False,SDC
7230,50,A1,1,7,0,1F,1F,False,FC,FC,False,Not activated
7231,50,A1,1,7,1,1F,9F,True,FC,CC,False,SDC
7232,50,A2,2,0,0,FD,FC,True,FC,FC,False,Masked
7233,50,A2,2,0,1,FD,FD,False,FC,FC,False,Not activated
7234,50,A2,2,1,0,FD,FD,False,FC,FC,False,Not activated
7235,50,A2,2,1,1,FD,FF,True,FC,FD,False,SDC
7236,50,A2,2,2,0,FD,F9,True,FC,FA,False,SDC
7237,50,A2,2,2,1,FD,FD,False,FC,FC,False,Not activated
7238,50,A2,2,3,0,FD,F5,True,FC,F8,False,SDC
7239,50,A2,2,3,1,FD,FD,False,FC,FC,False,Not activated
7240,50,A2,2,4,0,FD,ED,True,FC,F4,False,SDC
7241,50,A2,2,4,1,FD,FD,False,FC,FC,False,Not activated
7242,50,A2,2,5,0,FD,DD,True,FC,EB,False,SDC
7243,50,A2,2,5,1,FD,FD,False,FC,FC,False,Not activated
7244,50,A2,2,6,0,FD,BD,True,FC,D9,False,SDC
7245,50,A2,2,6,1,FD,FD,False,FC,FC,False,Not activated
7246,50,A2,2,7,0,FD,7D,True,FC,7A,False,SDC
7247,50,A2,2,7,1,FD,FD,False,FC,FC,False,Not activated
7248,50,A3,3,0,0,E1,E0,True,FC,FB,False,SDC
7249,50,A3,3,0,1,E1,E1,False,FC,FC,False,Not activated
7250,50,A3,3,1,0,E1,E1,False,FC,FC,False,Not activated
7251,50,A3,3,1,1,E1,E3,True,FC,FC,False,Masked
7252,50,A3,3,2,0,E1,E1,False,FC,FC,False,Not activated
7253,50,A3,3,2,1,E1,E5,True,FC,FC,False,Masked
7254,50,A3,3,3,0,E1,E1,False,FC,FC,False,Not activated
7255,50,A3,3,3,1,E1,E9,True,FC,FC,False,Masked
7256,50,A3,3,4,0,E1,E1,False,FC,FC,False,Not activated
7257,50,A3,3,4,1,E1,F1,True,FC,FC,False,Masked
7258,50,A3,3,5,0,E1,C1,True,FC,FA,False,SDC
7259,50,A3,3,5,1,E1,E1,False,FC,FC,False,Not activated
7260,50,A3,3,6,0,E1,A1,True,FC,F7,False,SDC
7261,50,A3,3,6,1,E1,E1,False,FC,FC,False,Not activated
7262,50,A3,3,7,0,E1,61,True,FC,03,False,SDC
7263,50,A3,3,7,1,E1,E1,False,FC,FC,False,Not activated
7264,50,B0,4,0,0,E0,E0,False,FC,FC,False,Not activated
7265,50,B0,4,0,1,E0,E1,True,FC,FD,False,SDC
7266,50,B0,4,1,0,E0,E0,False,FC,FC,False,Not activated
7267,50,B0,4,1,1,E0,E2,True,FC,FE,False,SDC
7268,50,B0,4,2,0,E0,E0,False,FC,FC,False,Not activated
7269,50,B0,4,2,1,E0,E4,True,FC,00,False,SDC
7270,50,B0,4,3,0,E0,E0,False,FC,FC,False,Not activated
7271,50,B0,4,3,1,E0,E8,True,FC,03,False,SDC
7272,50,B0,4,4,0,E0,E0,False,FC,FC,False,Not activated
7273,50,B0,4,4,1,E0,F0,True,FC,09,False,SDC
7274,50,B0,4,5,0,E0,C0,True,FC,E3,False,SDC
7275,50,B0,4,5,1,E0,E0,False,FC,FC,False,Not activated
7276,50,B0,4,6,0,E0,A0,True,FC,B8,False,SDC
7277,50,B0,4,6,1,E0,E0,False,FC,FC,False,Not activated
7278,50,B0,4,7,0,E0,60,True,FC,5E,False,SDC
7279,50,B0,4,7,1,E0,E0,False,FC,FC,False,Not activated
7280,50,B1,5,0,0,12,12,False,FC,FC,False,Not activated
7281,50,B1,5,0,1,12,13,True,FC,FC,False,Masked
7282,50,B1,5,1,0,12,10,True,FC,FB,False,SDC
7283,50,B1,5,1,1,12,12,False,FC,FC,False,Not activated
7284,50,B1,5,2,0,12,12,False,FC,FC,False,Not activated
7285,50,B1,5,2,1,12,16,True,FC,FE,False,SDC
7286,50,B1,5,3,0,12,12,False,FC,FC,False,Not activated
7287,50,B1,5,3,1,12,1A,True,FC,00,False,SDC
7288,50,B1,5,4,0,12,02,True,FC,F4,False,SDC
7289,50,B1,5,4,1,12,12,False,FC,FC,False,Not activated
7290,50,B1,5,5,0,12,12,False,FC,FC,False,Not activated
7291,50,B1,5,5,1,12,32,True,FC,0B,False,SDC
7292,50,B1,5,6,0,12,12,False,FC,FC,False,Not activated
7293,50,B1,5,6,1,12,52,True,FC,23,False,SDC
7294,50,B1,5,7,0,12,12,False,FC,FC,False,Not activated
7295,50,B1,5,7,1,12,92,True,FC,A0,False,SDC
7296,50,B2,6,0,0,22,22,False,FC,FC,False,Not activated
7297,50,B2,6,0,1,22,23,True,FC,FC,False,Masked
7298,50,B2,6,1,0,22,20,True,FC,FC,False,Masked
7299,50,B2,6,1,1,22,22,False,FC,FC,False,Not activated
7300,50,B2,6,2,0,22,22,False,FC,FC,False,Not activated
7301,50,B2,6,2,1,22,26,True,FC,FC,False,Masked
7302,50,B2,6,3,0,22,22,False,FC,FC,False,Not activated
7303,50,B2,6,3,1,22,2A,True,FC,FC,False,Masked
7304,50,B2,6,4,0,22,22,False,FC,FC,False,Not activated
7305,50,B2,6,4,1,22,32,True,FC,FC,False,Masked
7306,50,B2,6,5,0,22,02,True,FC,FD,False,SDC
7307,50,B2,6,5,1,22,22,False,FC,FC,False,Not activated
7308,50,B2,6,6,0,22,22,False,FC,FC,False,Not activated
7309,50,B2,6,6,1,22,62,True,FC,F7,False,SDC
7310,50,B2,6,7,0,22,22,False,FC,FC,False,Not activated
7311,50,B2,6,7,1,22,A2,True,FC,04,False,SDC
7312,50,B3,7,0,0,03,02,True,FC,FC,False,Masked
7313,50,B3,7,0,1,03,03,False,FC,FC,False,Not activated
7314,50,B3,7,1,0,03,01,True,FC,FC,False,Masked
7315,50,B3,7,1,1,03,03,False,FC,FC,False,Not activated
7316,50,B3,7,2,0,03,03,False,FC,FC,False,Not activated
7317,50,B3,7,2,1,03,07,True,FC,FA,False,SDC
7318,50,B3,7,3,0,03,03,False,FC,FC,False,Not activated
7319,50,B3,7,3,1,03,0B,True,FC,F8,False,SDC
7320,50,B3,7,4,0,03,03,False,FC,FC,False,Not activated
7321,50,B3,7,4,1,03,13,True,FC,F4,False,SDC
7322,50,B3,7,5,0,03,03,False,FC,FC,False,Not activated
7323,50,B3,7,5,1,03,23,True,FC,EC,False,SDC
7324,50,B3,7,6,0,03,03,False,FC,FC,False,Not activated
7325,50,B3,7,6,1,03,43,True,FC,DB,False,SDC
7326,50,B3,7,7,0,03,03,False,FC,FC,False,Not activated
7327,50,B3,7,7,1,03,83,True,FC,7A,False,SDC
7328,50,C0,8,0,0,10,10,False,FC,FC,False,Not activated
7329,50,C0,8,0,1,10,11,True,FC,FD,False,SDC
7330,50,C0,8,1,0,10,10,False,FC,FC,False,Not activated
7331,50,C0,8,1,1,10,12,True,FC,FE,False,SDC
7332,50,C0,8,2,0,10,10,False,FC,FC,False,Not activated
7333,50,C0,8,2,1,10,14,True,FC,00,False,SDC
7334,50,C0,8,3,0,10,10,False,FC,FC,False,Not activated
7335,50,C0,8,3,1,10,18,True,FC,04,False,SDC
7336,50,C0,8,4,0,10,00,True,FC,EC,False,SDC
7337,50,C0,8,4,1,10,10,False,FC,FC,False,Not activated
7338,50,C0,8,5,0,10,10,False,FC,FC,False,Not activated
7339,50,C0,8,5,1,10,30,True,FC,1C,False,SDC
7340,50,C0,8,6,0,10,10,False,FC,FC,False,Not activated
7341,50,C0,8,6,1,10,50,True,FC,46,False,SDC
7342,50,C0,8,7,0,10,10,False,FC,FC,False,Not activated
7343,50,C0,8,7,1,10,90,True,FC,8F,False,SDC
7344,51,A0,0,0,0,E3,E2,True,40,41,False,SDC
7345,51,A0,0,0,1,E3,E3,False,40,40,False,Not activated
7346,51,A0,0,1,0,E3,E1,True,40,41,False,SDC
7347,51,A0,0,1,1,E3,E3,False,40,40,False,Not activated
7348,51,A0,0,2,0,E3,E3,False,40,40,False,Not activated
7349,51,A0,0,2,1,E3,E7,True,40,40,False,Masked
7350,51,A0,0,3,0,E3,E3,False,40,40,False,Not activated
7351,51,A0,0,3,1,E3,EB,True,40,3F,False,SDC
7352,51,A0,0,4,0,E3,E3,False,40,40,False,Not activated
7353,51,A0,0,4,1,E3,F3,True,40,3C,False,SDC
7354,51,A0,0,5,0,E3,C3,True,40,46,False,SDC
7355,51,A0,0,5,1,E3,E3,False,40,40,False,Not activated
7356,51,A0,0,6,0,E3,A3,True,40,52,False,SDC
7357,51,A0,0,6,1,E3,E3,False,40,40,False,Not activated
7358,51,A0,0,7,0,E3,63,True,40,00,False,SDC
7359,51,A0,0,7,1,E3,E3,False,40,40,False,Not activated
7360,51,A1,1,0,0,CA,CA,False,40,40,False,Not activated
7361,51,A1,1,0,1,CA,CB,True,40,40,False,Masked
7362,51,A1,1,1,0,CA,C8,True,40,40,False,Masked
7363,51,A1,1,1,1,CA,CA,False,40,40,False,Not activated
7364,51,A1,1,2,0,CA,CA,False,40,40,False,Not activated
7365,51,A1,1,2,1,CA,CE,True,40,40,False,Masked
7366,51,A1,1,3,0,CA,C2,True,40,40,False,Masked
7367,51,A1,1,3,1,CA,CA,False,40,40,False,Not activated
7368,51,A1,1,4,0,CA,CA,False,40,40,False,Not activated
7369,51,A1,1,4,1,CA,DA,True,40,41,False,SDC
7370,51,A1,1,5,0,CA,CA,False,40,40,False,Not activated
7371,51,A1,1,5,1,CA,EA,True,40,42,False,SDC
7372,51,A1,1,6,0,CA,8A,True,40,22,False,SDC
7373,51,A1,1,6,1,CA,CA,False,40,40,False,Not activated
7374,51,A1,1,7,0,CA,4A,True,40,46,False,SDC
7375,51,A1,1,7,1,CA,CA,False,40,40,False,Not activated
7376,51,A2,2,0,0,E5,E4,True,40,41,False,SDC
7377,51,A2,2,0,1,E5,E5,False,40,40,False,Not activated
7378,51,A2,2,1,0,E5,E5,False,40,40,False,Not activated
7379,51,A2,2,1,1,E5,E7,True,40,40,False,Masked
7380,51,A2,2,2,0,E5,E1,True,40,42,False,SDC
7381,51,A2,2,2,1,E5,E5,False,40,40,False,Not activated
7382,51,A2,2,3,0,E5,E5,False,40,40,False,Not activated
7383,51,A2,2,3,1,E5,ED,True,40,3C,False,SDC
7384,51,A2,2,4,0,E5,E5,False,40,40,False,Not activated
7385,51,A2,2,4,1,E5,F5,True,40,36,False,SDC
7386,51,A2,2,5,0,E5,C5,True,40,4C,False,SDC
7387,51,A2,2,5,1,E5,E5,False,40,40,False,Not activated
7388,51,A2,2,6,0,E5,A5,True,40,60,False,SDC
7389,51,A2,2,6,1,E5,E5,False,40,40,False,Not activated
7390,51,A2,2,7,0,E5,65,True,40,BC,False,SDC
7391,51,A2,2,7,1,E5,E5,False,40,40,False,Not activated
7392,51,A3,3,0,0,E3,E2,True,40,41,False,SDC
7393,51,A3,3,0,1,E3,E3,False,40,40,False,Not activated
7394,51,A3,3,1,0,E3,E1,True,40,41,False,SDC
7395,51,A3,3,1,1,E3,E3,False,40,40,False,Not activated
7396,51,A3,3,2,0,E3,E3,False,40,40,False,Not activated
7397,51,A3,3,2,1,E3,E7,True,40,3F,False,SDC
7398,51,A3,3,3,0,E3,E3,False,40,40,False,Not activated
7399,51,A3,3,3,1,E3,EB,True,40,3D,False,SDC
7400,51,A3,3,4,0,E3,E3,False,40,40,False,Not activated
7401,51,A3,3,4,1,E3,F3,True,40,39,False,SDC
7402,51,A3,3,5,0,E3,C3,True,40,49,False,SDC
7403,51,A3,3,5,1,E3,E3,False,40,40,False,Not activated
7404,51,A3,3,6,0,E3,A3,True,40,5A,False,SDC
7405,51,A3,3,6,1,E3,E3,False,40,40,False,Not activated
7406,51,A3,3,7,0,E3,63,True,40,E2,False,SDC
7407,51,A3,3,7,1,E3,E3,False,40,40,False,Not activated
7408,51,B0,4,0,0,E9,E8,True,40,41,False,SDC
7409,51,B0,4,0,1,E9,E9,False,40,40,False,Not activated
7410,51,B0,4,1,0,E9,E9,False,40,40,False,Not activated
7411,51,B0,4,1,1,E9,EB,True,40,40,False,Masked
7412,51,B0,4,2,0,E9,E9,False,40,40,False,Not activated
7413,51,B0,4,2,1,E9,ED,True,40,40,False,Masked
7414,51,B0,4,3,0,E9,E1,True,40,42,False,SDC
7415,51,B0,4,3,1,E9,E9,False,40,40,False,Not activated
7416,51,B0,4,4,0,E9,E9,False,40,40,False,Not activated
7417,51,B0,4,4,1,E9,F9,True,40,3A,False,SDC
7418,51,B0,4,5,0,E9,C9,True,40,48,False,SDC
7419,51,B0,4,5,1,E9,E9,False,40,40,False,Not activated
7420,51,B0,4,6,0,E9,A9,True,40,54,False,SDC
7421,51,B0,4,6,1,E9,E9,False,40,40,False,Not activated
7422,51,B0,4,7,0,E9,69,True,40,DD,False,SDC
7423,51,B0,4,7,1,E9,E9,False,40,40,False,Not activated
7424,51,B1,5,0,0,05,04,True,40,41,False,SDC
7425,51,B1,5,0,1,05,05,False,40,40,False,Not activated
7426,51,B1,5,1,0,05,05,False,40,40,False,Not activated
7427,51,B1,5,1,1,05,07,True,40,3F,False,SDC
7428,51,B1,5,2,0,05,01,True,40,42,False,SDC
7429,51,B1,5,2,1,05,05,False,40,40,False,Not activated
7430,51,B1,5,3,0,05,05,False,40,40,False,Not activated
7431,51,B1,5,3,1,05,0D,True,40,3A,False,SDC
7432,51,B1,5,4,0,05,05,False,40,40,False,Not activated
7433,51,B1,5,4,1,05,15,True,40,33,False,SDC
7434,51,B1,5,5,0,05,05,False,40,40,False,Not activated
7435,51,B1,5,5,1,05,25,True,40,26,False,SDC
7436,51,B1,5,6,0,05,05,False,40,40,False,Not activated
7437,51,B1,5,6,1,05,45,True,40,07,False,SDC
7438,51,B1,5,7,0,05,05,False,40,40,False,Not activated
7439,51,B1,5,7,1,05,85,True,40,7A,False,SDC
7440,51,B2,6,0,0,D2,D2,False,40,40,False,Not activated
7441,51,B2,6,0,1,D2,D3,True,40,40,False,Masked
7442,51,B2,6,1,0,D2,D0,True,40,41,False,SDC
7443,51,B2,6,1,1,D2,D2,False,40,40,False,Not activated
7444,51,B2,6,2,0,D2,D2,False,40,40,False,Not activated
7445,51,B2,6,2,1,D2,D6,True,40,40,False,Masked
7446,51,B2,6,3,0,D2,D2,False,40,40,False,Not activated
7447,51,B2,6,3,1,D2,DA,True,40,3E,False,SDC
7448,51,B2,6,4,0,D2,C2,True,40,44,False,SDC
7449,51,B2,6,4,1,D2,D2,False,40,40,False,Not activated
7450,51,B2,6,5,0,D2,D2,False,40,40,False,Not activated
7451,51,B2,6,5,1,D2,F2,True,40,34,False,SDC
7452,51,B2,6,6,0,D2,92,True,40,62,False,SDC
7453,51,B2,6,6,1,D2,D2,False,40,40,False,Not activated
7454,51,B2,6,7,0,D2,52,True,40,04,False,SDC
7455,51,B2,6,7,1,D2,D2,False,40,40,False,Not activated
7456,51,B3,7,0,0,DE,DE,False,40,40,False,Not activated
7457,51,B3,7,0,1,DE,DF,True,40,40,False,Masked
7458,51,B3,7,1,0,DE,DC,True,40,41,False,SDC
7459,51,B3,7,1,1,DE,DE,False,40,40,False,Not activated
7460,51,B3,7,2,0,DE,DA,True,40,42,False,SDC
7461,51,B3,7,2,1,DE,DE,False,40,40,False,Not activated
7462,51,B3,7,3,0,DE,D6,True,40,42,False,SDC
7463,51,B3,7,3,1,DE,DE,False,40,40,False,Not activated
7464,51,B3,7,4,0,DE,CE,True,40,44,False,SDC
7465,51,B3,7,4,1,DE,DE,False,40,40,False,Not activated
7466,51,B3,7,5,0,DE,DE,False,40,40,False,Not activated
7467,51,B3,7,5,1,DE,FE,True,40,33,False,SDC
7468,51,B3,7,6,0,DE,9E,True,40,5A,False,SDC
7469,51,B3,7,6,1,DE,DE,False,40,40,False,Not activated
7470,51,B3,7,7,0,DE,5E,True,40,FA,False,SDC
7471,51,B3,7,7,1,DE,DE,False,40,40,False,Not activated
7472,51,C0,8,0,0,19,18,True,40,40,False,Masked
7473,51,C0,8,0,1,19,19,False,40,40,False,Not activated
7474,51,C0,8,1,0,19,19,False,40,40,False,Not activated
7475,51,C0,8,1,1,19,1B,True,40,42,False,SDC
7476,51,C0,8,2,0,19,19,False,40,40,False,Not activated
7477,51,C0,8,2,1,19,1D,True,40,42,False,SDC
7478,51,C0,8,3,0,19,11,True,40,39,False,SDC
7479,51,C0,8,3,1,19,19,False,40,40,False,Not activated
7480,51,C0,8,4,0,19,09,True,40,31,False,SDC
7481,51,C0,8,4,1,19,19,False,40,40,False,Not activated
7482,51,C0,8,5,0,19,19,False,40,40,False,Not activated
7483,51,C0,8,5,1,19,39,True,40,50,False,SDC
7484,51,C0,8,6,0,19,19,False,40,40,False,Not activated
7485,51,C0,8,6,1,19,59,True,40,63,False,SDC
7486,51,C0,8,7,0,19,19,False,40,40,False,Not activated
7487,51,C0,8,7,1,19,99,True,40,9E,False,SDC
7488,52,A0,0,0,0,1A,1A,False,2E,2E,False,Not activated
7489,52,A0,0,0,1,1A,1B,True,2E,2D,False,SDC
7490,52,A0,0,1,0,1A,18,True,2E,2E,False,Masked
7491,52,A0,0,1,1,1A,1A,False,2E,2E,False,Not activated
7492,52,A0,0,2,0,1A,1A,False,2E,2E,False,Not activated
7493,52,A0,0,2,1,1A,1E,True,2E,2D,False,SDC
7494,52,A0,0,3,0,1A,12,True,2E,2F,False,SDC
7495,52,A0,0,3,1,1A,1A,False,2E,2E,False,Not activated
7496,52,A0,0,4,0,1A,0A,True,2E,30,False,SDC
7497,52,A0,0,4,1,1A,1A,False,2E,2E,False,Not activated
7498,52,A0,0,5,0,1A,1A,False,2E,2E,False,Not activated
7499,52,A0,0,5,1,1A,3A,True,2E,28,False,SDC
7500,52,A0,0,6,0,1A,1A,False,2E,2E,False,Not activated
7501,52,A0,0,6,1,1A,5A,True,2E,1E,False,SDC
7502,52,A0,0,7,0,1A,1A,False,2E,2E,False,Not activated
7503,52,A0,0,7,1,1A,9A,True,2E,48,False,SDC
7504,52,A1,1,0,0,C8,C8,False,2E,2E,False,Not activated
7505,52,A1,1,0,1,C8,C9,True,2E,2E,False,Masked
7506,52,A1,1,1,0,C8,C8,False,2E,2E,False,Not activated
7507,52,A1,1,1,1,C8,CA,True,2E,2D,False,SDC
7508,52,A1,1,2,0,C8,C8,False,2E,2E,False,Not activated
7509,52,A1,1,2,1,C8,CC,True,2E,2C,False,SDC
7510,52,A1,1,3,0,C8,C0,True,2E,33,False,SDC
7511,52,A1,1,3,1,C8,C8,False,2E,2E,False,Not activated
7512,52,A1,1,4,0,C8,C8,False,2E,2E,False,Not activated
7513,52,A1,1,4,1,C8,D8,True,2E,25,False,SDC
7514,52,A1,1,5,0,C8,C8,False,2E,2E,False,Not activated
7515,52,A1,1,5,1,C8,E8,True,2E,1B,False,SDC
7516,52,A1,1,6,0,C8,88,True,2E,72,False,SDC
7517,52,A1,1,6,1,C8,C8,False,2E,2E,False,Not activated
7518,52,A1,1,7,0,C8,48,True,2E,DD,False,SDC
7519,52,A1,1,7,1,C8,C8,False,2E,2E,False,Not activated
7520,52,A2,2,0,0,F4,F4,False,2E,2E,False,Not activated
7521,52,A2,2,0,1,F4,F5,True,2E,2E,False,Masked
7522,52,A2,2,1,0,F4,F4,False,2E,2E,False,Not activated
7523,52,A2,2,1,1,F4,F6,True,2E,2E,False,Masked
7524,52,A2,2,2,0,F4,F0,True,2E,2E,False,Masked
7525,52,A2,2,2,1,F4,F4,False,2E,2E,False,Not activated
7526,52,A2,2,3,0,F4,F4,False,2E,2E,False,Not activated
7527,52,A2,2,3,1,F4,FC,True,2E,2D,False,SDC
7528,52,A2,2,4,0,F4,E4,True,2E,30,False,SDC
7529,52,A2,2,4,1,F4,F4,False,2E,2E,False,Not activated
7530,52,A2,2,5,0,F4,D4,True,2E,33,False,SDC
7531,52,A2,2,5,1,F4,F4,False,2E,2E,False,Not activated
7532,52,A2,2,6,0,F4,B4,True,2E,3A,False,SDC
7533,52,A2,2,6,1,F4,F4,False,2E,2E,False,Not activated
7534,52,A2,2,7,0,F4,74,True,2E,F0,False,SDC
7535,52,A2,2,7,1,F4,F4,False,2E,2E,False,Not activated
7536,52,A3,3,0,0,05,04,True,2E,2D,False,SDC
7537,52,A3,3,0,1,05,05,False,2E,2E,False,Not activated
7538,52,A3,3,1,0,05,05,False,2E,2E,False,Not activated
7539,52,A3,3,1,1,05,07,True,2E,30,False,SDC
7540,52,A3,3,2,0,05,01,True,2E,2B,False,SDC
7541,52,A3,3,2,1,05,05,False,2E,2E,False,Not activated
7542,52,A3,3,3,0,05,05,False,2E,2E,False,Not activated
7543,52,A3,3,3,1,05,0D,True,2E,35,False,SDC
7544,52,A3,3,4,0,05,05,False,2E,2E,False,Not activated
7545,52,A3,3,4,1,05,15,True,2E,3B,False,SDC
7546,52,A3,3,5,0,05,05,False,2E,2E,False,Not activated
7547,52,A3,3,5,1,05,25,True,2E,44,False,SDC
7548,52,A3,3,6,0,05,05,False,2E,2E,False,Not activated
7549,52,A3,3,6,1,05,45,True,2E,54,False,SDC
7550,52,A3,3,7,0,05,05,False,2E,2E,False,Not activated
7551,52,A3,3,7,1,05,85,True,2E,86,False,SDC
7552,52,B0,4,0,0,F5,F4,True,2E,2D,False,SDC
7553,52,B0,4,0,1,F5,F5,False,2E,2E,False,Not activated
7554,52,B0,4,1,0,F5,F5,False,2E,2E,False,Not activated
7555,52,B0,4,1,1,F5,F7,True,2E,2E,False,Masked
7556,52,B0,4,2,0,F5,F1,True,2E,2C,False,SDC
7557,52,B0,4,2,1,F5,F5,False,2E,2E,False,Not activated
7558,52,B0,4,3,0,F5,F5,False,2E,2E,False,Not activated
7559,52,B0,4,3,1,F5,FD,True,2E,31,False,SDC
7560,52,B0,4,4,0,F5,E5,True,2E,27,False,SDC
7561,52,B0,4,4,1,F5,F5,False,2E,2E,False,Not activated
7562,52,B0,4,5,0,F5,D5,True,2E,21,False,SDC
7563,52,B0,4,5,1,F5,F5,False,2E,2E,False,Not activated
7564,52,B0,4,6,0,F5,B5,True,2E,0F,False,SDC
7565,52,B0,4,6,1,F5,F5,False,2E,2E,False,Not activated
7566,52,B0,4,7,0,F5,75,True,2E,6B,False,SDC
7567,52,B0,4,7,1,F5,F5,False,2E,2E,False,Not activated
7568,52,B1,5,0,0,DA,DA,False,2E,2E,False,Not activated
7569,52,B1,5,0,1,DA,DB,True,2E,2D,False,SDC
7570,52,B1,5,1,0,DA,D8,True,2E,30,False,SDC
7571,52,B1,5,1,1,DA,DA,False,2E,2E,False,Not activated
7572,52,B1,5,2,0,DA,DA,False,2E,2E,False,Not activated
7573,52,B1,5,2,1,DA,DE,True,2E,2B,False,SDC
7574,52,B1,5,3,0,DA,D2,True,2E,35,False,SDC
7575,52,B1,5,3,1,DA,DA,False,2E,2E,False,Not activated
7576,52,B1,5,4,0,DA,CA,True,2E,3C,False,SDC
7577,52,B1,5,4,1,DA,DA,False,2E,2E,False,Not activated
7578,52,B1,5,5,0,DA,DA,False,2E,2E,False,Not activated
7579,52,B1,5,5,1,DA,FA,True,2E,12,False,SDC
7580,52,B1,5,6,0,DA,9A,True,2E,64,False,SDC
7581,52,B1,5,6,1,DA,DA,False,2E,2E,False,Not activated
7582,52,B1,5,7,0,DA,5A,True,2E,B4,False,SDC
7583,52,B1,5,7,1,DA,DA,False,2E,2E,False,Not activated
7584,52,B2,6,0,0,F6,F6,False,2E,2E,False,Not activated
7585,52,B2,6,0,1,F6,F7,True,2E,2E,False,Masked
7586,52,B2,6,1,0,F6,F4,True,2E,2E,False,Masked
7587,52,B2,6,1,1,F6,F6,False,2E,2E,False,Not activated
7588,52,B2,6,2,0,F6,F2,True,2E,2F,False,SDC
7589,52,B2,6,2,1,F6,F6,False,2E,2E,False,Not activated
7590,52,B2,6,3,0,F6,F6,False,2E,2E,False,Not activated
7591,52,B2,6,3,1,F6,FE,True,2E,2D,False,SDC
7592,52,B2,6,4,0,F6,E6,True,2E,31,False,SDC
7593,52,B2,6,4,1,F6,F6,False,2E,2E,False,Not activated
7594,52,B2,6,5,0,F6,D6,True,2E,34,False,SDC
7595,52,B2,6,5,1,F6,F6,False,2E,2E,False,Not activated
7596,52,B2,6,6,0,F6,B6,True,2E,3C,False,SDC
7597,52,B2,6,6,1,F6,F6,False,2E,2E,False,Not activated
7598,52,B2,6,7,0,F6,76,True,2E,D8,False,SDC
7599,52,B2,6,7,1,F6,F6,False,2E,2E,False,Not activated
7600,52,B3,7,0,0,34,34,False,2E,2E,False,Not activated
7601,52,B3,7,0,1,34,35,True,2E,2E,False,Masked
7602,52,B3,7,1,0,34,34,False,2E,2E,False,Not activated
7603,52,B3,7,1,1,34,36,True,2E,2E,False,Masked
7604,52,B3,7,2,0,34,30,True,2E,2E,False,Masked
7605,52,B3,7,2,1,34,34,False,2E,2E,False,Not activated
7606,52,B3,7,3,0,34,34,False,2E,2E,False,Not activated
7607,52,B3,7,3,1,34,3C,True,2E,2F,False,SDC
7608,52,B3,7,4,0,34,24,True,2E,2D,False,SDC
7609,52,B3,7,4,1,34,34,False,2E,2E,False,Not activated
7610,52,B3,7,5,0,34,14,True,2E,2C,False,SDC
7611,52,B3,7,5,1,34,34,False,2E,2E,False,Not activated
7612,52,B3,7,6,0,34,34,False,2E,2E,False,Not activated
7613,52,B3,7,6,1,34,74,True,2E,44,False,SDC
7614,52,B3,7,7,0,34,34,False,2E,2E,False,Not activated
7615,52,B3,7,7,1,34,B4,True,2E,23,False,SDC
7616,52,C0,8,0,0,0B,0A,True,2E,2D,False,SDC
7617,52,C0,8,0,1,0B,0B,False,2E,2E,False,Not activated
7618,52,C0,8,1,0,0B,09,True,2E,2C,False,SDC
7619,52,C0,8,1,1,0B,0B,False,2E,2E,False,Not activated
7620,52,C0,8,2,0,0B,0B,False,2E,2E,False,Not activated
7621,52,C0,8,2,1,0B,0F,True,2E,32,False,SDC
7622,52,C0,8,3,0,0B,03,True,2E,26,False,SDC
7623,52,C0,8,3,1,0B,0B,False,2E,2E,False,Not activated
7624,52,C0,8,4,0,0B,0B,False,2E,2E,False,Not activated
7625,52,C0,8,4,1,0B,1B,True,2E,3E,False,SDC
7626,52,C0,8,5,0,0B,0B,False,2E,2E,False,Not activated
7627,52,C0,8,5,1,0B,2B,True,2E,47,False,SDC
7628,52,C0,8,6,0,0B,0B,False,2E,2E,False,Not activated
7629,52,C0,8,6,1,0B,4B,True,2E,5C,False,SDC
7630,52,C0,8,7,0,0B,0B,False,2E,2E,False,Not activated
7631,52,C0,8,7,1,0B,8B,True,2E,8C,False,SDC
7632,53,A0,0,0,0,19,18,True,19,1A,False,SDC
7633,53,A0,0,0,1,19,19,False,19,19,False,Not activated
7634,53,A0,0,1,0,19,19,False,19,19,False,Not activated
7635,53,A0,0,1,1,19,1B,True,19,17,False,SDC
7636,53,A0,0,2,0,19,19,False,19,19,False,Not activated
7637,53,A0,0,2,1,19,1D,True,19,15,False,SDC
7638,53,A0,0,3,0,19,11,True,19,21,False,SDC
7639,53,A0,0,3,1,19,19,False,19,19,False,Not activated
7640,53,A0,0,4,0,19,09,True,19,29,False,SDC
7641,53,A0,0,4,1,19,19,False,19,19,False,Not activated
7642,53,A0,0,5,0,19,19,False,19,19,False,Not activated
7643,53,A0,0,5,1,19,39,True,19,FA,False,SDC
7644,53,A0,0,6,0,19,19,False,19,19,False,Not activated
7645,53,A0,0,6,1,19,59,True,19,C2,False,SDC
7646,53,A0,0,7,0,19,19,False,19,19,False,Not activated
7647,53,A0,0,7,1,19,99,True,19,6D,False,SDC
7648,53,A1,1,0,0,2E,2E,False,19,19,False,Not activated
7649,53,A1,1,0,1,2E,2F,True,19,19,False,Masked
7650,53,A1,1,1,0,2E,2C,True,19,1A,False,SDC
7651,53,A1,1,1,1,2E,2E,False,19,19,False,Not activated
7652,53,A1,1,2,0,2E,2A,True,19,1B,False,SDC
7653,53,A1,1,2,1,2E,2E,False,19,19,False,Not activated
7654,53,A1,1,3,0,2E,26,True,19,1C,False,SDC
7655,53,A1,1,3,1,2E,2E,False,19,19,False,Not activated
7656,53,A1,1,4,0,2E,2E,False,19,19,False,Not activated
7657,53,A1,1,4,1,2E,3E,True,19,15,False,SDC
7658,53,A1,1,5,0,2E,0E,True,19,23,False,SDC
7659,53,A1,1,5,1,2E,2E,False,19,19,False,Not activated
7660,53,A1,1,6,0,2E,2E,False,19,19,False,Not activated
7661,53,A1,1,6,1,2E,6E,True,19,E0,False,SDC
7662,53,A1,1,7,0,2E,2E,False,19,19,False,Not activated
7663,53,A1,1,7,1,2E,AE,True,19,42,False,SDC
7664,53,A2,2,0,0,22,22,False,19,19,False,Not activated
7665,53,A2,2,0,1,22,23,True,19,1A,False,SDC
7666,53,A2,2,1,0,22,20,True,19,18,False,SDC
7667,53,A2,2,1,1,22,22,False,19,19,False,Not activated
7668,53,A2,2,2,0,22,22,False,19,19,False,Not activated
7669,53,A2,2,2,1,22,26,True,19,1B,False,SDC
7670,53,A2,2,3,0,22,22,False,19,19,False,Not activated
7671,53,A2,2,3,1,22,2A,True,19,1D,False,SDC
7672,53,A2,2,4,0,22,22,False,19,19,False,Not activated
7673,53,A2,2,4,1,22,32,True,19,21,False,SDC
7674,53,A2,2,5,0,22,02,True,19,09,False,SDC
7675,53,A2,2,5,1,22,22,False,19,19,False,Not activated
7676,53,A2,2,6,0,22,22,False,19,19,False,Not activated
7677,53,A2,2,6,1,22,62,True,19,48,False,SDC
7678,53,A2,2,7,0,22,22,False,19,19,False,Not activated
7679,53,A2,2,7,1,22,A2,True,19,CA,False,SDC
7680,53,A3,3,0,0,F1,F0,True,19,19,False,Masked
7681,53,A3,3,0,1,F1,F1,False,19,19,False,Not activated
7682,53,A3,3,1,0,F1,F1,False,19,19,False,Not activated
7683,53,A3,3,1,1,F1,F3,True,19,1B,False,SDC
7684,53,A3,3,2,0,F1,F1,False,19,19,False,Not activated
7685,53,A3,3,2,1,F1,F5,True,19,1C,False,SDC
7686,53,A3,3,3,0,F1,F1,False,19,19,False,Not activated
7687,53,A3,3,3,1,F1,F9,True,19,1F,False,SDC
7688,53,A3,3,4,0,F1,E1,True,19,0E,False,SDC
7689,53,A3,3,4,1,F1,F1,False,19,19,False,Not activated
7690,53,A3,3,5,0,F1,D1,True,19,03,False,SDC
7691,53,A3,3,5,1,F1,F1,False,19,19,False,Not activated
7692,53,A3,3,6,0,F1,B1,True,19,E2,False,SDC
7693,53,A3,3,6,1,F1,F1,False,19,19,False,Not activated
7694,53,A3,3,7,0,F1,71,True,19,6D,False,SDC
7695,53,A3,3,7,1,F1,F1,False,19,19,False,Not activated
7696,53,B0,4,0,0,C1,C0,True,19,19,False,Masked
7697,53,B0,4,0,1,C1,C1,False,19,19,False,Not activated
7698,53,B0,4,1,0,C1,C1,False,19,19,False,Not activated
7699,53,B0,4,1,1,C1,C3,True,19,1A,False,SDC
7700,53,B0,4,2,0,C1,C1,False,19,19,False,Not activated
7701,53,B0,4,2,1,C1,C5,True,19,1B,False,SDC
7702,53,B0,4,3,0,C1,C1,False,19,19,False,Not activated
7703,53,B0,4,3,1,C1,C9,True,19,1D,False,SDC
7704,53,B0,4,4,0,C1,C1,False,19,19,False,Not activated
7705,53,B0,4,4,1,C1,D1,True,19,20,False,SDC
7706,53,B0,4,5,0,C1,C1,False,19,19,False,Not activated
7707,53,B0,4,5,1,C1,E1,True,19,26,False,SDC
7708,53,B0,4,6,0,C1,81,True,19,83,False,SDC
7709,53,B0,4,6,1,C1,C1,False,19,19,False,Not activated
7710,53,B0,4,7,0,C1,41,True,19,46,False,SDC
7711,53,B0,4,7,1,C1,C1,False,19,19,False,Not activated
7712,53,B1,5,0,0,ED,EC,True,19,19,False,Masked
7713,53,B1,5,0,1,ED,ED,False,19,19,False,Not activated
7714,53,B1,5,1,0,ED,ED,False,19,19,False,Not activated
7715,53,B1,5,1,1,ED,EF,True,19,1B,False,SDC
7716,53,B1,5,2,0,ED,E9,True,19,16,False,SDC
7717,53,B1,5,2,1,ED,ED,False,19,19,False,Not activated
7718,53,B1,5,3,0,ED,E5,True,19,14,False,SDC
7719,53,B1,5,3,1,ED,ED,False,19,19,False,Not activated
7720,53,B1,5,4,0,ED,ED,False,19,19,False,Not activated
7721,53,B1,5,4,1,ED,FD,True,19,25,False,SDC
7722,53,B1,5,5,0,ED,CD,True,19,02,False,SDC
7723,53,B1,5,5,1,ED,ED,False,19,19,False,Not activated
7724,53,B1,5,6,0,ED,AD,True,19,DC,False,SDC
7725,53,B1,5,6,1,ED,ED,False,19,19,False,Not activated
7726,53,B1,5,7,0,ED,6D,True,19,6A,False,SDC
7727,53,B1,5,7,1,ED,ED,False,19,19,False,Not activated
7728,53,B2,6,0,0,20,20,False,19,19,False,Not activated
7729,53,B2,6,0,1,20,21,True,19,1A,False,SDC
7730,53,B2,6,1,0,20,20,False,19,19,False,Not activated
7731,53,B2,6,1,1,20,22,True,19,1A,False,SDC
7732,53,B2,6,2,0,20,20,False,19,19,False,Not activated
7733,53,B2,6,2,1,20,24,True,19,1B,False,SDC
7734,53,B2,6,3,0,20,20,False,19,19,False,Not activated
7735,53,B2,6,3,1,20,28,True,19,1D,False,SDC
7736,53,B2,6,4,0,20,20,False,19,19,False,Not activated
7737,53,B2,6,4,1,20,30,True,19,22,False,SDC
7738,53,B2,6,5,0,20,00,True,19,08,False,SDC
7739,53,B2,6,5,1,20,20,False,19,19,False,Not activated
7740,53,B2,6,6,0,20,20,False,19,19,False,Not activated
7741,53,B2,6,6,1,20,60,True,19,46,False,SDC
7742,53,B2,6,7,0,20,20,False,19,19,False,Not activated
7743,53,B2,6,7,1,20,A0,True,19,C2,False,SDC
7744,53,B3,7,0,0,2D,2C,True,19,1A,False,SDC
7745,53,B3,7,0,1,2D,2D,False,19,19,False,Not activated
7746,53,B3,7,1,0,2D,2D,False,19,19,False,Not activated
7747,53,B3,7,1,1,2D,2F,True,19,19,False,Masked
7748,53,B3,7,2,0,2D,29,True,19,1A,False,SDC
7749,53,B3,7,2,1,2D,2D,False,19,19,False,Not activated
7750,53,B3,7,3,0,2D,25,True,19,1B,False,SDC
7751,53,B3,7,3,1,2D,2D,False,19,19,False,Not activated
7752,53,B3,7,4,0,2D,2D,False,19,19,False,Not activated
7753,53,B3,7,4,1,2D,3D,True,19,16,False,SDC
7754,53,B3,7,5,0,2D,0D,True,19,21,False,SDC
7755,53,B3,7,5,1,2D,2D,False,19,19,False,Not activated
7756,53,B3,7,6,0,2D,2D,False,19,19,False,Not activated
7757,53,B3,7,6,1,2D,6D,True,19,EE,False,SDC
7758,53,B3,7,7,0,2D,2D,False,19,19,False,Not activated
7759,53,B3,7,7,1,2D,AD,True,19,3C,False,SDC
7760,53,C0,8,0,0,3A,3A,False,19,19,False,Not activated
7761,53,C0,8,0,1,3A,3B,True,19,1A,False,SDC
7762,53,C0,8,1,0,3A,38,True,19,17,False,SDC
7763,53,C0,8,1,1,3A,3A,False,19,19,False,Not activated
7764,53,C0,8,2,0,3A,3A,False,19,19,False,Not activated
7765,53,C0,8,2,1,3A,3E,True,19,1D,False,SDC
7766,53,C0,8,3,0,3A,32,True,19,11,False,SDC
7767,53,C0,8,3,1,3A,3A,False,19,19,False,Not activated
7768,53,C0,8,4,0,3A,2A,True,19,09,False,SDC
7769,53,C0,8,4,1,3A,3A,False,19,19,False,Not activated
7770,53,C0,8,5,0,3A,1A,True,19,F9,False,SDC
7771,53,C0,8,5,1,3A,3A,False,19,19,False,Not activated
7772,53,C0,8,6,0,3A,3A,False,19,19,False,Not activated
7773,53,C0,8,6,1,3A,7A,True,19,7A,False,SDC
7774,53,C0,8,7,0,3A,3A,False,19,19,False,Not activated
7775,53,C0,8,7,1,3A,BA,True,19,AA,False,SDC
7776,54,A0,0,0,0,F6,F6,False,D2,D2,False,Not activated
7777,54,A0,0,0,1,F6,F7,True,D2,D1,False,SDC
7778,54,A0,0,1,0,F6,F4,True,D2,D3,False,SDC
7779,54,A0,0,1,1,F6,F6,False,D2,D2,False,Not activated
7780,54,A0,0,2,0,F6,F2,True,D2,D4,False,SDC
7781,54,A0,0,2,1,F6,F6,False,D2,D2,False,Not activated
7782,54,A0,0,3,0,F6,F6,False,D2,D2,False,Not activated
7783,54,A0,0,3,1,F6,FE,True,D2,CD,False,SDC
7784,54,A0,0,4,0,F6,E6,True,D2,DB,False,SDC
7785,54,A0,0,4,1,F6,F6,False,D2,D2,False,Not activated
7786,54,A0,0,5,0,F6,D6,True,D2,E4,False,SDC
7787,54,A0,0,5,1,F6,F6,False,D2,D2,False,Not activated
7788,54,A0,0,6,0,F6,B6,True,D2,FB,False,SDC
7789,54,A0,0,6,1,F6,F6,False,D2,D2,False,Not activated
7790,54,A0,0,7,0,F6,76,True,D2,8E,False,SDC
7791,54,A0,0,7,1,F6,F6,False,D2,D2,False,Not activated
7792,54,A1,1,0,0,20,20,False,D2,D2,False,Not activated
7793,54,A1,1,0,1,20,21,True,D2,D1,False,SDC
7794,54,A1,1,1,0,20,20,False,D2,D2,False,Not activated
7795,54,A1,1,1,1,20,22,True,D2,D1,False,SDC
7796,54,A1,1,2,0,20,20,False,D2,D2,False,Not activated
7797,54,A1,1,2,1,20,24,True,D2,D0,False,SDC
7798,54,A1,1,3,0,20,20,False,D2,D2,False,Not activated
7799,54,A1,1,3,1,20,28,True,D2,CE,False,SDC
7800,54,A1,1,4,0,20,20,False,D2,D2,False,Not activated
7801,54,A1,1,4,1,20,30,True,D2,C9,False,SDC
7802,54,A1,1,5,0,20,00,True,D2,E4,False,SDC
7803,54,A1,1,5,1,20,20,False,D2,D2,False,Not activated
7804,54,A1,1,6,0,20,20,False,D2,D2,False,Not activated
7805,54,A1,1,6,1,20,60,True,D2,AE,False,SDC
7806,54,A1,1,7,0,20,20,False,D2,D2,False,Not activated
7807,54,A1,1,7,1,20,A0,True,D2,2B,False,SDC
7808,54,A2,2,0,0,06,06,False,D2,D2,False,Not activated
7809,54,A2,2,0,1,06,07,True,D2,D2,False,Masked
7810,54,A2,2,1,0,06,04,True,D2,D2,False,Masked
7811,54,A2,2,1,1,06,06,False,D2,D2,False,Not activated
7812,54,A2,2,2,0,06,02,True,D2,D2,False,Masked
7813,54,A2,2,2,1,06,06,False,D2,D2,False,Not activated
7814,54,A2,2,3,0,06,06,False,D2,D2,False,Not activated
7815,54,A2,2,3,1,06,0E,True,D2,D1,False,SDC
7816,54,A2,2,4,0,06,06,False,D2,D2,False,Not activated
7817,54,A2,2,4,1,06,16,True,D2,D0,False,SDC
7818,54,A2,2,5,0,06,06,False,D2,D2,False,Not activated
7819,54,A2,2,5,1,06,26,True,D2,CE,False,SDC
7820,54,A2,2,6,0,06,06,False,D2,D2,False,Not activated
7821,54,A2,2,6,1,06,46,True,D2,C9,False,SDC
7822,54,A2,2,7,0,06,06,False,D2,D2,False,Not activated
7823,54,A2,2,7,1,06,86,True,D2,33,False,SDC
7824,54,A3,3,0,0,0D,0C,True,D2,D3,False,SDC
7825,54,A3,3,0,1,0D,0D,False,D2,D2,False,Not activated
7826,54,A3,3,1,0,0D,0D,False,D2,D2,False,Not activated
7827,54,A3,3,1,1,0D,0F,True,D2,D0,False,SDC
7828,54,A3,3,2,0,0D,09,True,D2,D6,False,SDC
7829,54,A3,3,2,1,0D,0D,False,D2,D2,False,Not activated
7830,54,A3,3,3,0,0D,05,True,D2,D9,False,SDC
7831,54,A3,3,3,1,0D,0D,False,D2,D2,False,Not activated
7832,54,A3,3,4,0,0D,0D,False,D2,D2,False,Not activated
7833,54,A3,3,4,1,0D,1D,True,D2,C3,False,SDC
7834,54,A3,3,5,0,0D,0D,False,D2,D2,False,Not activated
7835,54,A3,3,5,1,0D,2D,True,D2,BA,False,SDC
7836,54,A3,3,6,0,0D,0D,False,D2,D2,False,Not activated
7837,54,A3,3,6,1,0D,4D,True,D2,A6,False,SDC
7838,54,A3,3,7,0,0D,0D,False,D2,D2,False,Not activated
7839,54,A3,3,7,1,0D,8D,True,D2,71,False,SDC
7840,54,B0,4,0,0,DC,DC,False,D2,D2,False,Not activated
7841,54,B0,4,0,1,DC,DD,True,D2,D1,False,SDC
7842,54,B0,4,1,0,DC,DC,False,D2,D2,False,Not activated
7843,54,B0,4,1,1,DC,DE,True,D2,D1,False,SDC
7844,54,B0,4,2,0,DC,D8,True,D2,D2,False,Masked
7845,54,B0,4,2,1,DC,DC,False,D2,D2,False,Not activated
7846,54,B0,4,3,0,DC,D4,True,D2,D3,False,SDC
7847,54,B0,4,3,1,DC,DC,False,D2,D2,False,Not activated
7848,54,B0,4,4,0,DC,CC,True,D2,D4,False,SDC
7849,54,B0,4,4,1,DC,DC,False,D2,D2,False,Not activated
7850,54,B0,4,5,0,DC,DC,False,D2,D2,False,Not activated
7851,54,B0,4,5,1,DC,FC,True,D2,CD,False,SDC
7852,54,B0,4,6,0,DC,9C,True,D2,E5,False,SDC
7853,54,B0,4,6,1,DC,DC,False,D2,D2,False,Not activated
7854,54,B0,4,7,0,DC,5C,True,D2,BC,False,SDC
7855,54,B0,4,7,1,DC,DC,False,D2,D2,False,Not activated
7856,54,B1,5,0,0,DC,DC,False,D2,D2,False,Not activated
7857,54,B1,5,0,1,DC,DD,True,D2,D2,False,Masked
7858,54,B1,5,1,0,DC,DC,False,D2,D2,False,Not activated
7859,54,B1,5,1,1,DC,DE,True,D2,D3,False,SDC
7860,54,B1,5,2,0,DC,D8,True,D2,D0,False,SDC
7861,54,B1,5,2,1,DC,DC,False,D2,D2,False,Not activated
7862,54,B1,5,3,0,DC,D4,True,D2,CE,False,SDC
7863,54,B1,5,3,1,DC,DC,False,D2,D2,False,Not activated
7864,54,B1,5,4,0,DC,CC,True,D2,CA,False,SDC
7865,54,B1,5,4,1,DC,DC,False,D2,D2,False,Not activated
7866,54,B1,5,5,0,DC,DC,False,D2,D2,False,Not activated
7867,54,B1,5,5,1,DC,FC,True,D2,E2,False,SDC
7868,54,B1,5,6,0,DC,9C,True,D2,AA,False,SDC
7869,54,B1,5,6,1,DC,DC,False,D2,D2,False,Not activated
7870,54,B1,5,7,0,DC,5C,True,D2,20,False,SDC
7871,54,B1,5,7,1,DC,DC,False,D2,D2,False,Not activated
7872,54,B2,6,0,0,F8,F8,False,D2,D2,False,Not activated
7873,54,B2,6,0,1,F8,F9,True,D2,D2,False,Masked
7874,54,B2,6,1,0,F8,F8,False,D2,D2,False,Not activated
7875,54,B2,6,1,1,F8,FA,True,D2,D2,False,Masked
7876,54,B2,6,2,0,F8,F8,False,D2,D2,False,Not activated
7877,54,B2,6,2,1,F8,FC,True,D2,D2,False,Masked
7878,54,B2,6,3,0,F8,F0,True,D2,D1,False,SDC
7879,54,B2,6,3,1,F8,F8,False,D2,D2,False,Not activated
7880,54,B2,6,4,0,F8,E8,True,D2,D1,False,SDC
7881,54,B2,6,4,1,F8,F8,False,D2,D2,False,Not activated
7882,54,B2,6,5,0,F8,D8,True,D2,CF,False,SDC
7883,54,B2,6,5,1,F8,F8,False,D2,D2,False,Not activated
7884,54,B2,6,6,0,F8,B8,True,D2,CB,False,SDC
7885,54,B2,6,6,1,F8,F8,False,D2,D2,False,Not activated
7886,54,B2,6,7,0,F8,78,True,D2,03,False,SDC
7887,54,B2,6,7,1,F8,F8,False,D2,D2,False,Not activated
7888,54,B3,7,0,0,C4,C4,False,D2,D2,False,Not activated
7889,54,B3,7,0,1,C4,C5,True,D2,D2,False,Masked
7890,54,B3,7,1,0,C4,C4,False,D2,D2,False,Not activated
7891,54,B3,7,1,1,C4,C6,True,D2,D2,False,Masked
7892,54,B3,7,2,0,C4,C0,True,D2,D1,False,SDC
7893,54,B3,7,2,1,C4,C4,False,D2,D2,False,Not activated
7894,54,B3,7,3,0,C4,C4,False,D2,D2,False,Not activated
7895,54,B3,7,3,1,C4,CC,True,D2,D3,False,SDC
7896,54,B3,7,4,0,C4,C4,False,D2,D2,False,Not activated
7897,54,B3,7,4,1,C4,D4,True,D2,D5,False,SDC
7898,54,B3,7,5,0,C4,C4,False,D2,D2,False,Not activated
7899,54,B3,7,5,1,C4,E4,True,D2,D8,False,SDC
7900,54,B3,7,6,0,C4,84,True,D2,91,False,SDC
7901,54,B3,7,6,1,C4,C4,False,D2,D2,False,Not activated
7902,54,B3,7,7,0,C4,44,True,D2,ED,False,SDC
7903,54,B3,7,7,1,C4,C4,False,D2,D2,False,Not activated
7904,54,C0,8,0,0,EB,EA,True,D2,D1,False,SDC
7905,54,C0,8,0,1,EB,EB,False,D2,D2,False,Not activated
7906,54,C0,8,1,0,EB,E9,True,D2,D0,False,SDC
7907,54,C0,8,1,1,EB,EB,False,D2,D2,False,Not activated
7908,54,C0,8,2,0,EB,EB,False,D2,D2,False,Not activated
7909,54,C0,8,2,1,EB,EF,True,D2,D6,False,SDC
7910,54,C0,8,3,0,EB,E3,True,D2,CA,False,SDC
7911,54,C0,8,3,1,EB,EB,False,D2,D2,False,Not activated
7912,54,C0,8,4,0,EB,EB,False,D2,D2,False,Not activated
7913,54,C0,8,4,1,EB,FB,True,D2,E2,False,SDC
7914,54,C0,8,5,0,EB,CB,True,D2,B9,False,SDC
7915,54,C0,8,5,1,EB,EB,False,D2,D2,False,Not activated
7916,54,C0,8,6,0,EB,AB,True,D2,A0,False,SDC
7917,54,C0,8,6,1,EB,EB,False,D2,D2,False,Not activated
7918,54,C0,8,7,0,EB,6B,True,D2,68,False,SDC
7919,54,C0,8,7,1,EB,EB,False,D2,D2,False,Not activated
7920,55,A0,0,0,0,17,16,True,1E,1F,False,SDC
7921,55,A0,0,0,1,17,17,False,1E,1E,False,Not activated
7922,55,A0,0,1,0,17,15,True,1E,1F,False,SDC
7923,55,A0,0,1,1,17,17,False,1E,1E,False,Not activated
7924,55,A0,0,2,0,17,13,True,1E,21,False,SDC
7925,55,A0,0,2,1,17,17,False,1E,1E,False,Not activated
7926,55,A0,0,3,0,17,17,False,1E,1E,False,Not activated
7927,55,A0,0,3,1,17,1F,True,1E,18,False,SDC
7928,55,A0,0,4,0,17,07,True,1E,2A,False,SDC
7929,55,A0,0,4,1,17,17,False,1E,1E,False,Not activated
7930,55,A0,0,5,0,17,17,False,1E,1E,False,Not activated
7931,55,A0,0,5,1,17,37,True,1E,06,False,SDC
7932,55,A0,0,6,0,17,17,False,1E,1E,False,Not activated
7933,55,A0,0,6,1,17,57,True,1E,DE,False,SDC
7934,55,A0,0,7,0,17,17,False,1E,1E,False,Not activated
7935,55,A0,0,7,1,17,97,True,1E,69,False,SDC
7936,55,A1,1,0,0,F4,F4,False,1E,1E,False,Not activated
7937,55,A1,1,0,1,F4,F5,True,1E,1E,False,Masked
7938,55,A1,1,1,0,F4,F4,False,1E,1E,False,Not activated
7939,55,A1,1,1,1,F4,F6,True,1E,1F,False,SDC
7940,55,A1,1,2,0,F4,F0,True,1E,1D,False,SDC
7941,55,A1,1,2,1,F4,F4,False,1E,1E,False,Not activated
7942,55,A1,1,3,0,F4,F4,False,1E,1E,False,Not activated
7943,55,A1,1,3,1,F4,FC,True,1E,20,False,SDC
7944,55,A1,1,4,0,F4,E4,True,1E,1A,False,SDC
7945,55,A1,1,4,1,F4,F4,False,1E,1E,False,Not activated
7946,55,A1,1,5,0,F4,D4,True,1E,16,False,SDC
7947,55,A1,1,5,1,F4,F4,False,1E,1E,False,Not activated
7948,55,A1,1,6,0,F4,B4,True,1E,0B,False,SDC
7949,55,A1,1,6,1,F4,F4,False,1E,1E,False,Not activated
7950,55,A1,1,7,0,F4,74,True,1E,60,False,SDC
7951,55,A1,1,7,1,F4,F4,False,1E,1E,False,Not activated
7952,55,A2,2,0,0,D5,D4,True,1E,1F,False,SDC
7953,55,A2,2,0,1,D5,D5,False,1E,1E,False,Not activated
7954,55,A2,2,1,0,D5,D5,False,1E,1E,False,Not activated
7955,55,A2,2,1,1,D5,D7,True,1E,1C,False,SDC
7956,55,A2,2,2,0,D5,D1,True,1E,22,False,SDC
7957,55,A2,2,2,1,D5,D5,False,1E,1E,False,Not activated
7958,55,A2,2,3,0,D5,D5,False,1E,1E,False,Not activated
7959,55,A2,2,3,1,D5,DD,True,1E,16,False,SDC
7960,55,A2,2,4,0,D5,C5,True,1E,2D,False,SDC
7961,55,A2,2,4,1,D5,D5,False,1E,1E,False,Not activated
7962,55,A2,2,5,0,D5,D5,False,1E,1E,False,Not activated
7963,55,A2,2,5,1,D5,F5,True,1E,FF,False,SDC
7964,55,A2,2,6,0,D5,95,True,1E,69,False,SDC
7965,55,A2,2,6,1,D5,D5,False,1E,1E,False,Not activated
7966,55,A2,2,7,0,D5,55,True,1E,A8,False,SDC
7967,55,A2,2,7,1,D5,D5,False,1E,1E,False,Not activated
7968,55,A3,3,0,0,FC,FC,False,1E,1E,False,Not activated
7969,55,A3,3,0,1,FC,FD,True,1E,1E,False,Masked
7970,55,A3,3,1,0,FC,FC,False,1E,1E,False,Not activated
7971,55,A3,3,1,1,FC,FE,True,1E,1E,False,Masked
7972,55,A3,3,2,0,FC,F8,True,1E,1F,False,SDC
7973,55,A3,3,2,1,FC,FC,False,1E,1E,False,Not activated
7974,55,A3,3,3,0,FC,F4,True,1E,20,False,SDC
7975,55,A3,3,3,1,FC,FC,False,1E,1E,False,Not activated
7976,55,A3,3,4,0,FC,EC,True,1E,21,False,SDC
7977,55,A3,3,4,1,FC,FC,False,1E,1E,False,Not activated
7978,55,A3,3,5,0,FC,DC,True,1E,25,False,SDC
7979,55,A3,3,5,1,FC,FC,False,1E,1E,False,Not activated
7980,55,A3,3,6,0,FC,BC,True,1E,2D,False,SDC
7981,55,A3,3,6,1,FC,FC,False,1E,1E,False,Not activated
7982,55,A3,3,7,0,FC,7C,True,1E,97,False,SDC
7983,55,A3,3,7,1,FC,FC,False,1E,1E,False,Not activated
7984,55,B0,4,0,0,D0,D0,False,1E,1E,False,Not activated
7985,55,B0,4,0,1,D0,D1,True,1E,1E,False,Masked
7986,55,B0,4,1,0,D0,D0,False,1E,1E,False,Not activated
7987,55,B0,4,1,1,D0,D2,True,1E,1E,False,Masked
7988,55,B0,4,2,0,D0,D0,False,1E,1E,False,Not activated
7989,55,B0,4,2,1,D0,D4,True,1E,1F,False,SDC
7990,55,B0,4,3,0,D0,D0,False,1E,1E,False,Not activated
7991,55,B0,4,3,1,D0,D8,True,1E,21,False,SDC
7992,55,B0,4,4,0,D0,C0,True,1E,18,False,SDC
7993,55,B0,4,4,1,D0,D0,False,1E,1E,False,Not activated
7994,55,B0,4,5,0,D0,D0,False,1E,1E,False,Not activated
7995,55,B0,4,5,1,D0,F0,True,1E,29,False,SDC
7996,55,B0,4,6,0,D0,90,True,1E,D2,False,SDC
7997,55,B0,4,6,1,D0,D0,False,1E,1E,False,Not activated
7998,55,B0,4,7,0,D0,50,True,1E,48,False,SDC
7999,55,B0,4,7,1,D0,D0,False,1E,1E,False,Not activated
8000,55,B1,5,0,0,10,10,False,1E,1E,False,Not activated
8001,55,B1,5,0,1,10,11,True,1E,1E,False,Masked
8002,55,B1,5,1,0,10,10,False,1E,1E,False,Not activated
8003,55,B1,5,1,1,10,12,True,1E,1E,False,Masked
8004,55,B1,5,2,0,10,10,False,1E,1E,False,Not activated
8005,55,B1,5,2,1,10,14,True,1E,1D,False,SDC
8006,55,B1,5,3,0,10,10,False,1E,1E,False,Not activated
8007,55,B1,5,3,1,10,18,True,1E,1D,False,SDC
8008,55,B1,5,4,0,10,00,True,1E,21,False,SDC
8009,55,B1,5,4,1,10,10,False,1E,1E,False,Not activated
8010,55,B1,5,5,0,10,10,False,1E,1E,False,Not activated
8011,55,B1,5,5,1,10,30,True,1E,18,False,SDC
8012,55,B1,5,6,0,10,10,False,1E,1E,False,Not activated
8013,55,B1,5,6,1,10,50,True,1E,0F,False,SDC
8014,55,B1,5,7,0,10,10,False,1E,1E,False,Not activated
8015,55,B1,5,7,1,10,90,True,1E,48,False,SDC
8016,55,B2,6,0,0,C3,C2,True,1E,1F,False,SDC
8017,55,B2,6,0,1,C3,C3,False,1E,1E,False,Not activated
8018,55,B2,6,1,0,C3,C1,True,1E,1F,False,SDC
8019,55,B2,6,1,1,C3,C3,False,1E,1E,False,Not activated
8020,55,B2,6,2,0,C3,C3,False,1E,1E,False,Not activated
8021,55,B2,6,2,1,C3,C7,True,1E,1B,False,SDC
8022,55,B2,6,3,0,C3,C3,False,1E,1E,False,Not activated
8023,55,B2,6,3,1,C3,CB,True,1E,19,False,SDC
8024,55,B2,6,4,0,C3,C3,False,1E,1E,False,Not activated
8025,55,B2,6,4,1,C3,D3,True,1E,13,False,SDC
8026,55,B2,6,5,0,C3,C3,False,1E,1E,False,Not activated
8027,55,B2,6,5,1,C3,E3,True,1E,08,False,SDC
8028,55,B2,6,6,0,C3,83,True,1E,7C,False,SDC
8029,55,B2,6,6,1,C3,C3,False,1E,1E,False,Not activated
8030,55,B2,6,7,0,C3,43,True,1E,C6,False,SDC
8031,55,B2,6,7,1,C3,C3,False,1E,1E,False,Not activated
8032,55,B3,7,0,0,F2,F2,False,1E,1E,False,Not activated
8033,55,B3,7,0,1,F2,F3,True,1E,1E,False,Masked
8034,55,B3,7,1,0,F2,F0,True,1E,1E,False,Masked
8035,55,B3,7,1,1,F2,F2,False,1E,1E,False,Not activated
8036,55,B3,7,2,0,F2,F2,False,1E,1E,False,Not activated
8037,55,B3,7,2,1,F2,F6,True,1E,1E,False,Masked
8038,55,B3,7,3,0,F2,F2,False,1E,1E,False,Not activated
8039,55,B3,7,3,1,F2,FA,True,1E,1E,False,Masked
8040,55,B3,7,4,0,F2,E2,True,1E,1F,False,SDC
8041,55,B3,7,4,1,F2,F2,False,1E,1E,False,Not activated
8042,55,B3,7,5,0,F2,D2,True,1E,20,False,SDC
8043,55,B3,7,5,1,F2,F2,False,1E,1E,False,Not activated
8044,55,B3,7,6,0,F2,B2,True,1E,23,False,SDC
8045,55,B3,7,6,1,F2,F2,False,1E,1E,False,Not activated
8046,55,B3,7,7,0,F2,72,True,1E,09,False,SDC
8047,55,B3,7,7,1,F2,F2,False,1E,1E,False,Not activated
8048,55,C0,8,0,0,08,08,False,1E,1E,False,Not activated
8049,55,C0,8,0,1,08,09,True,1E,1F,False,SDC
8050,55,C0,8,1,0,08,08,False,1E,1E,False,Not activated
8051,55,C0,8,1,1,08,0A,True,1E,20,False,SDC
8052,55,C0,8,2,0,08,08,False,1E,1E,False,Not activated
8053,55,C0,8,2,1,08,0C,True,1E,22,False,SDC
8054,55,C0,8,3,0,08,00,True,1E,16,False,SDC
8055,55,C0,8,3,1,08,08,False,1E,1E,False,Not activated
8056,55,C0,8,4,0,08,08,False,1E,1E,False,Not activated
8057,55,C0,8,4,1,08,18,True,1E,2E,False,SDC
8058,55,C0,8,5,0,08,08,False,1E,1E,False,Not activated
8059,55,C0,8,5,1,08,28,True,1E,3E,False,SDC
8060,55,C0,8,6,0,08,08,False,1E,1E,False,Not activated
8061,55,C0,8,6,1,08,48,True,1E,53,False,SDC
8062,55,C0,8,7,0,08,08,False,1E,1E,False,Not activated
8063,55,C0,8,7,1,08,88,True,1E,89,False,SDC
8064,56,A0,0,0,0,C3,C2,True,58,58,False,Masked
8065,56,A0,0,0,1,C3,C3,False,58,58,False,Not activated
8066,56,A0,0,1,0,C3,C1,True,58,5A,False,SDC
8067,56,A0,0,1,1,C3,C3,False,58,58,False,Not activated
8068,56,A0,0,2,0,C3,C3,False,58,58,False,Not activated
8069,56,A0,0,2,1,C3,C7,True,58,56,False,SDC
8070,56,A0,0,3,0,C3,C3,False,58,58,False,Not activated
8071,56,A0,0,3,1,C3,CB,True,58,54,False,SDC
8072,56,A0,0,4,0,C3,C3,False,58,58,False,Not activated
8073,56,A0,0,4,1,C3,D3,True,58,52,False,SDC
8074,56,A0,0,5,0,C3,C3,False,58,58,False,Not activated
8075,56,A0,0,5,1,C3,E3,True,58,4A,False,SDC
8076,56,A0,0,6,0,C3,83,True,58,7D,False,SDC
8077,56,A0,0,6,1,C3,C3,False,58,58,False,Not activated
8078,56,A0,0,7,0,C3,43,True,58,FA,False,SDC
8079,56,A0,0,7,1,C3,C3,False,58,58,False,Not activated
8080,56,A1,1,0,0,12,12,False,58,58,False,Not activated
8081,56,A1,1,0,1,12,13,True,58,58,False,Masked
8082,56,A1,1,1,0,12,10,True,58,58,False,Masked
8083,56,A1,1,1,1,12,12,False,58,58,False,Not activated
8084,56,A1,1,2,0,12,12,False,58,58,False,Not activated
8085,56,A1,1,2,1,12,16,True,58,58,False,Masked
8086,56,A1,1,3,0,12,12,False,58,58,False,Not activated
8087,56,A1,1,3,1,12,1A,True,58,58,False,Masked
8088,56,A1,1,4,0,12,02,True,58,5A,False,SDC
8089,56,A1,1,4,1,12,12,False,58,58,False,Not activated
8090,56,A1,1,5,0,12,12,False,58,58,False,Not activated
8091,56,A1,1,5,1,12,32,True,58,54,False,SDC
8092,56,A1,1,6,0,12,12,False,58,58,False,Not activated
8093,56,A1,1,6,1,12,52,True,58,4F,False,SDC
8094,56,A1,1,7,0,12,12,False,58,58,False,Not activated
8095,56,A1,1,7,1,12,92,True,58,66,False,SDC
8096,56,A2,2,0,0,D1,D0,True,58,58,False,Masked
8097,56,A2,2,0,1,D1,D1,False,58,58,False,Not activated
8098,56,A2,2,1,0,D1,D1,False,58,58,False,Not activated
8099,56,A2,2,1,1,D1,D3,True,58,58,False,Masked
8100,56,A2,2,2,0,D1,D1,False,58,58,False,Not activated
8101,56,A2,2,2,1,D1,D5,True,58,58,False,Masked
8102,56,A2,2,3,0,D1,D1,False,58,58,False,Not activated
8103,56,A2,2,3,1,D1,D9,True,58,56,False,SDC
8104,56,A2,2,4,0,D1,C1,True,58,5C,False,SDC
8105,56,A2,2,4,1,D1,D1,False,58,58,False,Not activated
8106,56,A2,2,5,0,D1,D1,False,58,58,False,Not activated
8107,56,A2,2,5,1,D1,F1,True,58,50,False,SDC
8108,56,A2,2,6,0,D1,91,True,58,6C,False,SDC
8109,56,A2,2,6,1,D1,D1,False,58,58,False,Not activated
8110,56,A2,2,7,0,D1,51,True,58,1D,False,SDC
8111,56,A2,2,7,1,D1,D1,False,58,58,False,Not activated
8112,56,A3,3,0,0,FB,FA,True,58,58,False,Masked
8113,56,A3,3,0,1,FB,FB,False,58,58,False,Not activated
8114,56,A3,3,1,0,FB,F9,True,58,58,False,Masked
8115,56,A3,3,1,1,FB,FB,False,58,58,False,Not activated
8116,56,A3,3,2,0,FB,FB,False,58,58,False,Not activated
8117,56,A3,3,2,1,FB,FF,True,58,58,False,Masked
8118,56,A3,3,3,0,FB,F3,True,58,5A,False,SDC
8119,56,A3,3,3,1,FB,FB,False,58,58,False,Not activated
8120,56,A3,3,4,0,FB,EB,True,58,5A,False,SDC
8121,56,A3,3,4,1,FB,FB,False,58,58,False,Not activated
8122,56,A3,3,5,0,FB,DB,True,58,5E,False,SDC
8123,56,A3,3,5,1,FB,FB,False,58,58,False,Not activated
8124,56,A3,3,6,0,FB,BB,True,58,61,False,SDC
8125,56,A3,3,6,1,FB,FB,False,58,58,False,Not activated
8126,56,A3,3,7,0,FB,7B,True,58,96,False,SDC
8127,56,A3,3,7,1,FB,FB,False,58,58,False,Not activated
8128,56,B0,4,0,0,C6,C6,False,58,58,False,Not activated
8129,56,B0,4,0,1,C6,C7,True,58,58,False,Masked
8130,56,B0,4,1,0,C6,C4,True,58,5A,False,SDC
8131,56,B0,4,1,1,C6,C6,False,58,58,False,Not activated
8132,56,B0,4,2,0,C6,C2,True,58,5A,False,SDC
8133,56,B0,4,2,1,C6,C6,False,58,58,False,Not activated
8134,56,B0,4,3,0,C6,C6,False,58,58,False,Not activated
8135,56,B0,4,3,1,C6,CE,True,58,54,False,SDC
8136,56,B0,4,4,0,C6,C6,False,58,58,False,Not activated
8137,56,B0,4,4,1,C6,D6,True,58,50,False,SDC
8138,56,B0,4,5,0,C6,C6,False,58,58,False,Not activated
8139,56,B0,4,5,1,C6,E6,True,58,4A,False,SDC
8140,56,B0,4,6,0,C6,86,True,58,7A,False,SDC
8141,56,B0,4,6,1,C6,C6,False,58,58,False,Not activated
8142,56,B0,4,7,0,C6,46,True,58,F2,False,SDC
8143,56,B0,4,7,1,C6,C6,False,58,58,False,Not activated
8144,56,B1,5,0,0,F1,F0,True,58,58,False,Masked
8145,56,B1,5,0,1,F1,F1,False,58,58,False,Not activated
8146,56,B1,5,1,0,F1,F1,False,58,58,False,Not activated
8147,56,B1,5,1,1,F1,F3,True,58,58,False,Masked
8148,56,B1,5,2,0,F1,F1,False,58,58,False,Not activated
8149,56,B1,5,2,1,F1,F5,True,58,58,False,Masked
8150,56,B1,5,3,0,F1,F1,False,58,58,False,Not activated
8151,56,B1,5,3,1,F1,F9,True,58,5A,False,SDC
8152,56,B1,5,4,0,F1,E1,True,58,56,False,SDC
8153,56,B1,5,4,1,F1,F1,False,58,58,False,Not activated
8154,56,B1,5,5,0,F1,D1,True,58,54,False,SDC
8155,56,B1,5,5,1,F1,F1,False,58,58,False,Not activated
8156,56,B1,5,6,0,F1,B1,True,58,4E,False,SDC
8157,56,B1,5,6,1,F1,F1,False,58,58,False,Not activated
8158,56,B1,5,7,0,F1,71,True,58,69,False,SDC
8159,56,B1,5,7,1,F1,F1,False,58,58,False,Not activated
8160,56,B2,6,0,0,DB,DA,True,58,58,False,Masked
8161,56,B2,6,0,1,DB,DB,False,58,58,False,Not activated
8162,56,B2,6,1,0,DB,D9,True,58,5A,False,SDC
8163,56,B2,6,1,1,DB,DB,False,58,58,False,Not activated
8164,56,B2,6,2,0,DB,DB,False,58,58,False,Not activated
8165,56,B2,6,2,1,DB,DF,True,58,56,False,SDC
8166,56,B2,6,3,0,DB,D3,True,58,5C,False,SDC
8167,56,B2,6,3,1,DB,DB,False,58,58,False,Not activated
8168,56,B2,6,4,0,DB,CB,True,58,5E,False,SDC
8169,56,B2,6,4,1,DB,DB,False,58,58,False,Not activated
8170,56,B2,6,5,0,DB,DB,False,58,58,False,Not activated
8171,56,B2,6,5,1,DB,FB,True,58,4D,False,SDC
8172,56,B2,6,6,0,DB,9B,True,58,6A,False,SDC
8173,56,B2,6,6,1,DB,DB,False,58,58,False,Not activated
8174,56,B2,6,7,0,DB,5B,True,58,00,False,SDC
8175,56,B2,6,7,1,DB,DB,False,58,58,False,Not activated
8176,56,B3,7,0,0,EA,EA,False,58,58,False,Not activated
8177,56,B3,7,0,1,EA,EB,True,58,58,False,Masked
8178,56,B3,7,1,0,EA,E8,True,58,58,False,Masked
8179,56,B3,7,1,1,EA,EA,False,58,58,False,Not activated
8180,56,B3,7,2,0,EA,EA,False,58,58,False,Not activated
8181,56,B3,7,2,1,EA,EE,True,58,58,False,Masked
8182,56,B3,7,3,0,EA,E2,True,58,58,False,Masked
8183,56,B3,7,3,1,EA,EA,False,58,58,False,Not activated
8184,56,B3,7,4,0,EA,EA,False,58,58,False,Not activated
8185,56,B3,7,4,1,EA,FA,True,58,58,False,Masked
8186,56,B3,7,5,0,EA,CA,True,58,5A,False,SDC
8187,56,B3,7,5,1,EA,EA,False,58,58,False,Not activated
8188,56,B3,7,6,0,EA,AA,True,58,5C,False,SDC
8189,56,B3,7,6,1,EA,EA,False,58,58,False,Not activated
8190,56,B3,7,7,0,EA,6A,True,58,50,False,SDC
8191,56,B3,7,7,1,EA,EA,False,58,58,False,Not activated
8192,56,C0,8,0,0,21,20,True,58,58,False,Masked
8193,56,C0,8,0,1,21,21,False,58,58,False,Not activated
8194,56,C0,8,1,0,21,21,False,58,58,False,Not activated
8195,56,C0,8,1,1,21,23,True,58,5A,False,SDC
8196,56,C0,8,2,0,21,21,False,58,58,False,Not activated
8197,56,C0,8,2,1,21,25,True,58,5A,False,SDC
8198,56,C0,8,3,0,21,21,False,58,58,False,Not activated
8199,56,C0,8,3,1,21,29,True,58,5C,False,SDC
8200,56,C0,8,4,0,21,21,False,58,58,False,Not activated
8201,56,C0,8,4,1,21,31,True,58,60,False,SDC
8202,56,C0,8,5,0,21,01,True,58,48,False,SDC
8203,56,C0,8,5,1,21,21,False,58,58,False,Not activated
8204,56,C0,8,6,0,21,21,False,58,58,False,Not activated
8205,56,C0,8,6,1,21,61,True,58,6B,False,SDC
8206,56,C0,8,7,0,21,21,False,58,58,False,Not activated
8207,56,C0,8,7,1,21,A1,True,58,D2,False,SDC
8208,57,A0,0,0,0,F1,F0,True,BF,C0,False,SDC
8209,57,A0,0,0,1,F1,F1,False,BF,BF,False,Not activated
8210,57,A0,0,1,0,F1,F1,False,BF,BF,False,Not activated
8211,57,A0,0,1,1,F1,F3,True,BF,BE,False,SDC
8212,57,A0,0,2,0,F1,F1,False,BF,BF,False,Not activated
8213,57,A0,0,2,1,F1,F5,True,BF,BD,False,SDC
8214,57,A0,0,3,0,F1,F1,False,BF,BF,False,Not activated
8215,57,A0,0,3,1,F1,F9,True,BF,BC,False,SDC
8216,57,A0,0,4,0,F1,E1,True,BF,CB,False,SDC
8217,57,A0,0,4,1,F1,F1,False,BF,BF,False,Not activated
8218,57,A0,0,5,0,F1,D1,True,BF,D9,False,SDC
8219,57,A0,0,5,1,F1,F1,False,BF,BF,False,Not activated
8220,57,A0,0,6,0,F1,B1,True,BF,01,False,SDC
8221,57,A0,0,6,1,F1,F1,False,BF,BF,False,Not activated
8222,57,A0,0,7,0,F1,71,True,BF,8E,False,SDC
8223,57,A0,0,7,1,F1,F1,False,BF,BF,False,Not activated
8224,57,A1,1,0,0,20,20,False,BF,BF,False,Not activated
8225,57,A1,1,0,1,20,21,True,BF,BE,False,SDC
8226,57,A1,1,1,0,20,20,False,BF,BF,False,Not activated
8227,57,A1,1,1,1,20,22,True,BF,BE,False,SDC
8228,57,A1,1,2,0,20,20,False,BF,BF,False,Not activated
8229,57,A1,1,2,1,20,24,True,BF,BD,False,SDC
8230,57,A1,1,3,0,20,20,False,BF,BF,False,Not activated
8231,57,A1,1,3,1,20,28,True,BF,BB,False,SDC
8232,57,A1,1,4,0,20,20,False,BF,BF,False,Not activated
8233,57,A1,1,4,1,20,30,True,BF,B8,False,SDC
8234,57,A1,1,5,0,20,00,True,BF,DD,False,SDC
8235,57,A1,1,5,1,20,20,False,BF,BF,False,Not activated
8236,57,A1,1,6,0,20,20,False,BF,BF,False,Not activated
8237,57,A1,1,6,1,20,60,True,BF,9C,False,SDC
8238,57,A1,1,7,0,20,20,False,BF,BF,False,Not activated
8239,57,A1,1,7,1,20,A0,True,BF,4C,False,SDC
8240,57,A2,2,0,0,2A,2A,False,BF,BF,False,Not activated
8241,57,A2,2,0,1,2A,2B,True,BF,BF,False,Masked
8242,57,A2,2,1,0,2A,28,True,BF,BF,False,Masked
8243,57,A2,2,1,1,2A,2A,False,BF,BF,False,Not activated
8244,57,A2,2,2,0,2A,2A,False,BF,BF,False,Not activated
8245,57,A2,2,2,1,2A,2E,True,BF,C0,False,SDC
8246,57,A2,2,3,0,2A,22,True,BF,BF,False,Masked
8247,57,A2,2,3,1,2A,2A,False,BF,BF,False,Not activated
8248,57,A2,2,4,0,2A,2A,False,BF,BF,False,Not activated
8249,57,A2,2,4,1,2A,3A,True,BF,C0,False,SDC
8250,57,A2,2,5,0,2A,0A,True,BF,BE,False,SDC
8251,57,A2,2,5,1,2A,2A,False,BF,BF,False,Not activated
8252,57,A2,2,6,0,2A,2A,False,BF,BF,False,Not activated
8253,57,A2,2,6,1,2A,6A,True,BF,CB,False,SDC
8254,57,A2,2,7,0,2A,2A,False,BF,BF,False,Not activated
8255,57,A2,2,7,1,2A,AA,True,BF,BA,False,SDC
8256,57,A3,3,0,0,E0,E0,False,BF,BF,False,Not activated
8257,57,A3,3,0,1,E0,E1,True,BF,C0,False,SDC
8258,57,A3,3,1,0,E0,E0,False,BF,BF,False,Not activated
8259,57,A3,3,1,1,E0,E2,True,BF,C0,False,SDC
8260,57,A3,3,2,0,E0,E0,False,BF,BF,False,Not activated
8261,57,A3,3,2,1,E0,E4,True,BF,C2,False,SDC
8262,57,A3,3,3,0,E0,E0,False,BF,BF,False,Not activated
8263,57,A3,3,3,1,E0,E8,True,BF,C6,False,SDC
8264,57,A3,3,4,0,E0,E0,False,BF,BF,False,Not activated
8265,57,A3,3,4,1,E0,F0,True,BF,CE,False,SDC
8266,57,A3,3,5,0,E0,C0,True,BF,AE,False,SDC
8267,57,A3,3,5,1,E0,E0,False,BF,BF,False,Not activated
8268,57,A3,3,6,0,E0,A0,True,BF,9C,False,SDC
8269,57,A3,3,6,1,E0,E0,False,BF,BF,False,Not activated
8270,57,A3,3,7,0,E0,60,True,BF,4E,False,SDC
8271,57,A3,3,7,1,E0,E0,False,BF,BF,False,Not activated
8272,57,B0,4,0,0,CA,CA,False,BF,BF,False,Not activated
8273,57,B0,4,0,1,CA,CB,True,BF,BE,False,SDC
8274,57,B0,4,1,0,CA,C8,True,BF,BF,False,Masked
8275,57,B0,4,1,1,CA,CA,False,BF,BF,False,Not activated
8276,57,B0,4,2,0,CA,CA,False,BF,BF,False,Not activated
8277,57,B0,4,2,1,CA,CE,True,BF,BE,False,SDC
8278,57,B0,4,3,0,CA,C2,True,BF,C0,False,SDC
8279,57,B0,4,3,1,CA,CA,False,BF,BF,False,Not activated
8280,57,B0,4,4,0,CA,CA,False,BF,BF,False,Not activated
8281,57,B0,4,4,1,CA,DA,True,BF,BD,False,SDC
8282,57,B0,4,5,0,CA,CA,False,BF,BF,False,Not activated
8283,57,B0,4,5,1,CA,EA,True,BF,BB,False,SDC
8284,57,B0,4,6,0,CA,8A,True,BF,18,False,SDC
8285,57,B0,4,6,1,CA,CA,False,BF,BF,False,Not activated
8286,57,B0,4,7,0,CA,4A,True,BF,AE,False,SDC
8287,57,B0,4,7,1,CA,CA,False,BF,BF,False,Not activated
8288,57,B1,5,0,0,C2,C2,False,BF,BF,False,Not activated
8289,57,B1,5,0,1,C2,C3,True,BF,C0,False,SDC
8290,57,B1,5,1,0,C2,C0,True,BF,BE,False,SDC
8291,57,B1,5,1,1,C2,C2,False,BF,BF,False,Not activated
8292,57,B1,5,2,0,C2,C2,False,BF,BF,False,Not activated
8293,57,B1,5,2,1,C2,C6,True,BF,C0,False,SDC
8294,57,B1,5,3,0,C2,C2,False,BF,BF,False,Not activated
8295,57,B1,5,3,1,C2,CA,True,BF,C2,False,SDC
8296,57,B1,5,4,0,C2,C2,False,BF,BF,False,Not activated
8297,57,B1,5,4,1,C2,D2,True,BF,C6,False,SDC
8298,57,B1,5,5,0,C2,C2,False,BF,BF,False,Not activated
8299,57,B1,5,5,1,C2,E2,True,BF,CE,False,SDC
8300,57,B1,5,6,0,C2,82,True,BF,84,False,SDC
8301,57,B1,5,6,1,C2,C2,False,BF,BF,False,Not activated
8302,57,B1,5,7,0,C2,42,True,BF,FF,False,SDC
8303,57,B1,5,7,1,C2,C2,False,BF,BF,False,Not activated
8304,57,B2,6,0,0,05,04,True,BF,BF,False,Masked
8305,57,B2,6,0,1,05,05,False,BF,BF,False,Not activated
8306,57,B2,6,1,0,05,05,False,BF,BF,False,Not activated
8307,57,B2,6,1,1,05,07,True,BF,C0,False,SDC
8308,57,B2,6,2,0,05,01,True,BF,BE,False,SDC
8309,57,B2,6,2,1,05,05,False,BF,BF,False,Not activated
8310,57,B2,6,3,0,05,05,False,BF,BF,False,Not activated
8311,57,B2,6,3,1,05,0D,True,BF,C4,False,SDC
8312,57,B2,6,4,0,05,05,False,BF,BF,False,Not activated
8313,57,B2,6,4,1,05,15,True,BF,C9,False,SDC
8314,57,B2,6,5,0,05,05,False,BF,BF,False,Not activated
8315,57,B2,6,5,1,05,25,True,BF,D3,False,SDC
8316,57,B2,6,6,0,05,05,False,BF,BF,False,Not activated
8317,57,B2,6,6,1,05,45,True,BF,EC,False,SDC
8318,57,B2,6,7,0,05,05,False,BF,BF,False,Not activated
8319,57,B2,6,7,1,05,85,True,BF,87,False,SDC
8320,57,B3,7,0,0,40,40,False,BF,BF,False,Not activated
8321,57,B3,7,0,1,40,41,True,BF,BE,False,SDC
8322,57,B3,7,1,0,40,40,False,BF,BF,False,Not activated
8323,57,B3,7,1,1,40,42,True,BF,BE,False,SDC
8324,57,B3,7,2,0,40,40,False,BF,BF,False,Not activated
8325,57,B3,7,2,1,40,44,True,BF,BD,False,SDC
8326,57,B3,7,3,0,40,40,False,BF,BF,False,Not activated
8327,57,B3,7,3,1,40,48,True,BF,BB,False,SDC
8328,57,B3,7,4,0,40,40,False,BF,BF,False,Not activated
8329,57,B3,7,4,1,40,50,True,BF,B7,False,SDC
8330,57,B3,7,5,0,40,40,False,BF,BF,False,Not activated
8331,57,B3,7,5,1,40,60,True,BF,AE,False,SDC
8332,57,B3,7,6,0,40,00,True,BF,DE,False,SDC
8333,57,B3,7,6,1,40,40,False,BF,BF,False,Not activated
8334,57,B3,7,7,0,40,40,False,BF,BF,False,Not activated
8335,57,B3,7,7,1,40,C0,True,BF,FE,False,SDC
8336,57,C0,8,0,0,ED,EC,True,BF,BE,False,SDC
8337,57,C0,8,0,1,ED,ED,False,BF,BF,False,Not activated
8338,57,C0,8,1,0,ED,ED,False,BF,BF,False,Not activated
8339,57,C0,8,1,1,ED,EF,True,BF,C0,False,SDC
8340,57,C0,8,2,0,ED,E9,True,BF,BD,False,SDC
8341,57,C0,8,2,1,ED,ED,False,BF,BF,False,Not activated
8342,57,C0,8,3,0,ED,E5,True,BF,BB,False,SDC
8343,57,C0,8,3,1,ED,ED,False,BF,BF,False,Not activated
8344,57,C0,8,4,0,ED,ED,False,BF,BF,False,Not activated
8345,57,C0,8,4,1,ED,FD,True,BF,CE,False,SDC
8346,57,C0,8,5,0,ED,CD,True,BF,AF,False,SDC
8347,57,C0,8,5,1,ED,ED,False,BF,BF,False,Not activated
8348,57,C0,8,6,0,ED,AD,True,BF,9D,False,SDC
8349,57,C0,8,6,1,ED,ED,False,BF,BF,False,Not activated
8350,57,C0,8,7,0,ED,6D,True,BF,67,False,SDC
8351,57,C0,8,7,1,ED,ED,False,BF,BF,False,Not activated
8352,58,A0,0,0,0,13,12,True,B2,B1,False,SDC
8353,58,A0,0,0,1,13,13,False,B2,B2,False,Not activated
8354,58,A0,0,1,0,13,11,True,B2,B0,False,SDC
8355,58,A0,0,1,1,13,13,False,B2,B2,False,Not activated
8356,58,A0,0,2,0,13,13,False,B2,B2,False,Not activated
8357,58,A0,0,2,1,13,17,True,B2,B4,False,SDC
8358,58,A0,0,3,0,13,13,False,B2,B2,False,Not activated
8359,58,A0,0,3,1,13,1B,True,B2,B5,False,SDC
8360,58,A0,0,4,0,13,03,True,B2,AA,False,SDC
8361,58,A0,0,4,1,13,13,False,B2,B2,False,Not activated
8362,58,A0,0,5,0,13,13,False,B2,B2,False,Not activated
8363,58,A0,0,5,1,13,33,True,B2,C0,False,SDC
8364,58,A0,0,6,0,13,13,False,B2,B2,False,Not activated
8365,58,A0,0,6,1,13,53,True,B2,EF,False,SDC
8366,58,A0,0,7,0,13,13,False,B2,B2,False,Not activated
8367,58,A0,0,7,1,13,93,True,B2,8E,False,SDC
8368,58,A1,1,0,0,24,24,False,B2,B2,False,Not activated
8369,58,A1,1,0,1,24,25,True,B2,B1,False,SDC
8370,58,A1,1,1,0,24,24,False,B2,B2,False,Not activated
8371,58,A1,1,1,1,24,26,True,B2,B0,False,SDC
8372,58,A1,1,2,0,24,20,True,B2,B2,False,Masked
8373,58,A1,1,2,1,24,24,False,B2,B2,False,Not activated
8374,58,A1,1,3,0,24,24,False,B2,B2,False,Not activated
8375,58,A1,1,3,1,24,2C,True,B2,AF,False,SDC
8376,58,A1,1,4,0,24,24,False,B2,B2,False,Not activated
8377,58,A1,1,4,1,24,34,True,B2,AC,False,SDC
8378,58,A1,1,5,0,24,04,True,B2,BB,False,SDC
8379,58,A1,1,5,1,24,24,False,B2,B2,False,Not activated
8380,58,A1,1,6,0,24,24,False,B2,B2,False,Not activated
8381,58,A1,1,6,1,24,64,True,B2,9B,False,SDC
8382,58,A1,1,7,0,24,24,False,B2,B2,False,Not activated
8383,58,A1,1,7,1,24,A4,True,B2,FF,False,SDC
8384,58,A2,2,0,0,13,12,True,B2,B2,False,Masked
8385,58,A2,2,0,1,13,13,False,B2,B2,False,Not activated
8386,58,A2,2,1,0,13,11,True,B2,B2,False,Masked
8387,58,A2,2,1,1,13,13,False,B2,B2,False,Not activated
8388,58,A2,2,2,0,13,13,False,B2,B2,False,Not activated
8389,58,A2,2,2,1,13,17,True,B2,B0,False,SDC
8390,58,A2,2,3,0,13,13,False,B2,B2,False,Not activated
8391,58,A2,2,3,1,13,1B,True,B2,AE,False,SDC
8392,58,A2,2,4,0,13,03,True,B2,B9,False,SDC
8393,58,A2,2,4,1,13,13,False,B2,B2,False,Not activated
8394,58,A2,2,5,0,13,13,False,B2,B2,False,Not activated
8395,58,A2,2,5,1,13,33,True,B2,A2,False,SDC
8396,58,A2,2,6,0,13,13,False,B2,B2,False,Not activated
8397,58,A2,2,6,1,13,53,True,B2,9A,False,SDC
8398,58,A2,2,7,0,13,13,False,B2,B2,False,Not activated
8399,58,A2,2,7,1,13,93,True,B2,62,False,SDC
8400,58,A3,3,0,0,21,20,True,B2,B2,False,Masked
8401,58,A3,3,0,1,21,21,False,B2,B2,False,Not activated
8402,58,A3,3,1,0,21,21,False,B2,B2,False,Not activated
8403,58,A3,3,1,1,21,23,True,B2,B1,False,SDC
8404,58,A3,3,2,0,21,21,False,B2,B2,False,Not activated
8405,58,A3,3,2,1,21,25,True,B2,B0,False,SDC
8406,58,A3,3,3,0,21,21,False,B2,B2,False,Not activated
8407,58,A3,3,3,1,21,29,True,B2,AF,False,SDC
8408,58,A3,3,4,0,21,21,False,B2,B2,False,Not activated
8409,58,A3,3,4,1,21,31,True,B2,AC,False,SDC
8410,58,A3,3,5,0,21,01,True,B2,BC,False,SDC
8411,58,A3,3,5,1,21,21,False,B2,B2,False,Not activated
8412,58,A3,3,6,0,21,21,False,B2,B2,False,Not activated
8413,58,A3,3,6,1,21,61,True,B2,9C,False,SDC
8414,58,A3,3,7,0,21,21,False,B2,B2,False,Not activated
8415,58,A3,3,7,1,21,A1,True,B2,10,False,SDC
8416,58,B0,4,0,0,3A,3A,False,B2,B2,False,Not activated
8417,58,B0,4,0,1,3A,3B,True,B2,B2,False,Masked
8418,58,B0,4,1,0,3A,38,True,B2,B2,False,Masked
8419,58,B0,4,1,1,3A,3A,False,B2,B2,False,Not activated
8420,58,B0,4,2,0,3A,3A,False,B2,B2,False,Not activated
8421,58,B0,4,2,1,3A,3E,True,B2,B2,False,Masked
8422,58,B0,4,3,0,3A,32,True,B2,B0,False,SDC
8423,58,B0,4,3,1,3A,3A,False,B2,B2,False,Not activated
8424,58,B0,4,4,0,3A,2A,True,B2,AF,False,SDC
8425,58,B0,4,4,1,3A,3A,False,B2,B2,False,Not activated
8426,58,B0,4,5,0,3A,1A,True,B2,AD,False,SDC
8427,58,B0,4,5,1,3A,3A,False,B2,B2,False,Not activated
8428,58,B0,4,6,0,3A,3A,False,B2,B2,False,Not activated
8429,58,B0,4,6,1,3A,7A,True,B2,58,False,SDC
8430,58,B0,4,7,0,3A,3A,False,B2,B2,False,Not activated
8431,58,B0,4,7,1,3A,BA,True,B2,A0,False,SDC
8432,58,B1,5,0,0,DA,DA,False,B2,B2,False,Not activated
8433,58,B1,5,0,1,DA,DB,True,B2,B2,False,Masked
8434,58,B1,5,1,0,DA,D8,True,B2,B1,False,SDC
8435,58,B1,5,1,1,DA,DA,False,B2,B2,False,Not activated
8436,58,B1,5,2,0,DA,DA,False,B2,B2,False,Not activated
8437,58,B1,5,2,1,DA,DE,True,B2,B2,False,Masked
8438,58,B1,5,3,0,DA,D2,True,B2,AF,False,SDC
8439,58,B1,5,3,1,DA,DA,False,B2,B2,False,Not activated
8440,58,B1,5,4,0,DA,CA,True,B2,AD,False,SDC
8441,58,B1,5,4,1,DA,DA,False,B2,B2,False,Not activated
8442,58,B1,5,5,0,DA,DA,False,B2,B2,False,Not activated
8443,58,B1,5,5,1,DA,FA,True,B2,BA,False,SDC
8444,58,B1,5,6,0,DA,9A,True,B2,9A,False,SDC
8445,58,B1,5,6,1,DA,DA,False,B2,B2,False,Not activated
8446,58,B1,5,7,0,DA,5A,True,B2,FB,False,SDC
8447,58,B1,5,7,1,DA,DA,False,B2,B2,False,Not activated
8448,58,B2,6,0,0,C3,C2,True,B2,B2,False,Masked
8449,58,B2,6,0,1,C3,C3,False,B2,B2,False,Not activated
8450,58,B2,6,1,0,C3,C1,True,B2,B1,False,SDC
8451,58,B2,6,1,1,C3,C3,False,B2,B2,False,Not activated
8452,58,B2,6,2,0,C3,C3,False,B2,B2,False,Not activated
8453,58,B2,6,2,1,C3,C7,True,B2,B2,False,Masked
8454,58,B2,6,3,0,C3,C3,False,B2,B2,False,Not activated
8455,58,B2,6,3,1,C3,CB,True,B2,B2,False,Masked
8456,58,B2,6,4,0,C3,C3,False,B2,B2,False,Not activated
8457,58,B2,6,4,1,C3,D3,True,B2,B4,False,SDC
8458,58,B2,6,5,0,C3,C3,False,B2,B2,False,Not activated
8459,58,B2,6,5,1,C3,E3,True,B2,B6,False,SDC
8460,58,B2,6,6,0,C3,83,True,B2,88,False,SDC
8461,58,B2,6,6,1,C3,C3,False,B2,B2,False,Not activated
8462,58,B2,6,7,0,C3,43,True,B2,CA,False,SDC
8463,58,B2,6,7,1,C3,C3,False,B2,B2,False,Not activated
8464,58,B3,7,0,0,D4,D4,False,B2,B2,False,Not activated
8465,58,B3,7,0,1,D4,D5,True,B2,B2,False,Masked
8466,58,B3,7,1,0,D4,D4,False,B2,B2,False,Not activated
8467,58,B3,7,1,1,D4,D6,True,B2,B2,False,Masked
8468,58,B3,7,2,0,D4,D0,True,B2,B0,False,SDC
8469,58,B3,7,2,1,D4,D4,False,B2,B2,False,Not activated
8470,58,B3,7,3,0,D4,D4,False,B2,B2,False,Not activated
8471,58,B3,7,3,1,D4,DC,True,B2,B4,False,SDC
8472,58,B3,7,4,0,D4,C4,True,B2,AE,False,SDC
8473,58,B3,7,4,1,D4,D4,False,B2,B2,False,Not activated
8474,58,B3,7,5,0,D4,D4,False,B2,B2,False,Not activated
8475,58,B3,7,5,1,D4,F4,True,B2,BA,False,SDC
8476,58,B3,7,6,0,D4,94,True,B2,98,False,SDC
8477,58,B3,7,6,1,D4,D4,False,B2,B2,False,Not activated
8478,58,B3,7,7,0,D4,54,True,B2,F0,False,SDC
8479,58,B3,7,7,1,D4,D4,False,B2,B2,False,Not activated
8480,58,C0,8,0,0,D0,D0,False,B2,B2,False,Not activated
8481,58,C0,8,0,1,D0,D1,True,B2,B2,False,Masked
8482,58,C0,8,1,0,D0,D0,False,B2,B2,False,Not activated
8483,58,C0,8,1,1,D0,D2,True,B2,B2,False,Masked
8484,58,C0,8,2,0,D0,D0,False,B2,B2,False,Not activated
8485,58,C0,8,2,1,D0,D4,True,B2,B4,False,SDC
8486,58,C0,8,3,0,D0,D0,False,B2,B2,False,Not activated
8487,58,C0,8,3,1,D0,D8,True,B2,B6,False,SDC
8488,58,C0,8,4,0,D0,C0,True,B2,AA,False,SDC
8489,58,C0,8,4,1,D0,D0,False,B2,B2,False,Not activated
8490,58,C0,8,5,0,D0,D0,False,B2,B2,False,Not activated
8491,58,C0,8,5,1,D0,F0,True,B2,C3,False,SDC
8492,58,C0,8,6,0,D0,90,True,B2,8F,False,SDC
8493,58,C0,8,6,1,D0,D0,False,B2,B2,False,Not activated
8494,58,C0,8,7,0,D0,50,True,B2,33,False,SDC
8495,58,C0,8,7,1,D0,D0,False,B2,B2,False,Not activated
8496,59,A0,0,0,0,16,16,False,DB,DB,False,Not activated
8497,59,A0,0,0,1,16,17,True,DB,DB,False,Masked
8498,59,A0,0,1,0,16,14,True,DB,DA,False,SDC
8499,59,A0,0,1,1,16,16,False,DB,DB,False,Not activated
8500,59,A0,0,2,0,16,12,True,DB,D9,False,SDC
8501,59,A0,0,2,1,16,16,False,DB,DB,False,Not activated
8502,59,A0,0,3,0,16,16,False,DB,DB,False,Not activated
8503,59,A0,0,3,1,16,1E,True,DB,DF,False,SDC
8504,59,A0,0,4,0,16,06,True,DB,D2,False,SDC
8505,59,A0,0,4,1,16,16,False,DB,DB,False,Not activated
8506,59,A0,0,5,0,16,16,False,DB,DB,False,Not activated
8507,59,A0,0,5,1,16,36,True,DB,EC,False,SDC
8508,59,A0,0,6,0,16,16,False,DB,DB,False,Not activated
8509,59,A0,0,6,1,16,56,True,DB,08,False,SDC
8510,59,A0,0,7,0,16,16,False,DB,DB,False,Not activated
8511,59,A0,0,7,1,16,96,True,DB,9C,False,SDC
8512,59,A1,1,0,0,08,08,False,DB,DB,False,Not activated
8513,59,A1,1,0,1,08,09,True,DB,DA,False,SDC
8514,59,A1,1,1,0,08,08,False,DB,DB,False,Not activated
8515,59,A1,1,1,1,08,0A,True,DB,D9,False,SDC
8516,59,A1,1,2,0,08,08,False,DB,DB,False,Not activated
8517,59,A1,1,2,1,08,0C,True,DB,D8,False,SDC
8518,59,A1,1,3,0,08,00,True,DB,E0,False,SDC
8519,59,A1,1,3,1,08,08,False,DB,DB,False,Not activated
8520,59,A1,1,4,0,08,08,False,DB,DB,False,Not activated
8521,59,A1,1,4,1,08,18,True,DB,D0,False,SDC
8522,59,A1,1,5,0,08,08,False,DB,DB,False,Not activated
8523,59,A1,1,5,1,08,28,True,DB,C5,False,SDC
8524,59,A1,1,6,0,08,08,False,DB,DB,False,Not activated
8525,59,A1,1,6,1,08,48,True,DB,B5,False,SDC
8526,59,A1,1,7,0,08,08,False,DB,DB,False,Not activated
8527,59,A1,1,7,1,08,88,True,DB,71,False,SDC
8528,59,A2,2,0,0,DC,DC,False,DB,DB,False,Not activated
8529,59,A2,2,0,1,DC,DD,True,DB,DB,False,Masked
8530,59,A2,2,1,0,DC,DC,False,DB,DB,False,Not activated
8531,59,A2,2,1,1,DC,DE,True,DB,DC,False,SDC
8532,59,A2,2,2,0,DC,D8,True,DB,DA,False,SDC
8533,59,A2,2,2,1,DC,DC,False,DB,DB,False,Not activated
8534,59,A2,2,3,0,DC,D4,True,DB,D9,False,SDC
8535,59,A2,2,3,1,DC,DC,False,DB,DB,False,Not activated
8536,59,A2,2,4,0,DC,CC,True,DB,D8,False,SDC
8537,59,A2,2,4,1,DC,DC,False,DB,DB,False,Not activated
8538,59,A2,2,5,0,DC,DC,False,DB,DB,False,Not activated
8539,59,A2,2,5,1,DC,FC,True,DB,E2,False,SDC
8540,59,A2,2,6,0,DC,9C,True,DB,C0,False,SDC
8541,59,A2,2,6,1,DC,DC,False,DB,DB,False,Not activated
8542,59,A2,2,7,0,DC,5C,True,DB,FD,False,SDC
8543,59,A2,2,7,1,DC,DC,False,DB,DB,False,Not activated
8544,59,A3,3,0,0,1A,1A,False,DB,DB,False,Not activated
8545,59,A3,3,0,1,1A,1B,True,DB,DC,False,SDC
8546,59,A3,3,1,0,1A,18,True,DB,DA,False,SDC
8547,59,A3,3,1,1,1A,1A,False,DB,DB,False,Not activated
8548,59,A3,3,2,0,1A,1A,False,DB,DB,False,Not activated
8549,59,A3,3,2,1,1A,1E,True,DB,DD,False,SDC
8550,59,A3,3,3,0,1A,12,True,DB,D7,False,SDC
8551,59,A3,3,3,1,1A,1A,False,DB,DB,False,Not activated
8552,59,A3,3,4,0,1A,0A,True,DB,D3,False,SDC
8553,59,A3,3,4,1,1A,1A,False,DB,DB,False,Not activated
8554,59,A3,3,5,0,1A,1A,False,DB,DB,False,Not activated
8555,59,A3,3,5,1,1A,3A,True,DB,EB,False,SDC
8556,59,A3,3,6,0,1A,1A,False,DB,DB,False,Not activated
8557,59,A3,3,6,1,1A,5A,True,DB,08,False,SDC
8558,59,A3,3,7,0,1A,1A,False,DB,DB,False,Not activated
8559,59,A3,3,7,1,1A,9A,True,DB,9F,False,SDC
8560,59,B0,4,0,0,22,22,False,DB,DB,False,Not activated
8561,59,B0,4,0,1,22,23,True,DB,DB,False,Masked
8562,59,B0,4,1,0,22,20,True,DB,DA,False,SDC
8563,59,B0,4,1,1,22,22,False,DB,DB,False,Not activated
8564,59,B0,4,2,0,22,22,False,DB,DB,False,Not activated
8565,59,B0,4,2,1,22,26,True,DB,DC,False,SDC
8566,59,B0,4,3,0,22,22,False,DB,DB,False,Not activated
8567,59,B0,4,3,1,22,2A,True,DB,DD,False,SDC
8568,59,B0,4,4,0,22,22,False,DB,DB,False,Not activated
8569,59,B0,4,4,1,22,32,True,DB,E0,False,SDC
8570,59,B0,4,5,0,22,02,True,DB,D0,False,SDC
8571,59,B0,4,5,1,22,22,False,DB,DB,False,Not activated
8572,59,B0,4,6,0,22,22,False,DB,DB,False,Not activated
8573,59,B0,4,6,1,22,62,True,DB,01,False,SDC
8574,59,B0,4,7,0,22,22,False,DB,DB,False,Not activated
8575,59,B0,4,7,1,22,A2,True,DB,B2,False,SDC
8576,59,B1,5,0,0,D5,D4,True,DB,DA,False,SDC
8577,59,B1,5,0,1,D5,D5,False,DB,DB,False,Not activated
8578,59,B1,5,1,0,D5,D5,False,DB,DB,False,Not activated
8579,59,B1,5,1,1,D5,D7,True,DB,DB,False,Masked
8580,59,B1,5,2,0,D5,D1,True,DB,DA,False,SDC
8581,59,B1,5,2,1,D5,D5,False,DB,DB,False,Not activated
8582,59,B1,5,3,0,D5,D5,False,DB,DB,False,Not activated
8583,59,B1,5,3,1,D5,DD,True,DB,DC,False,SDC
8584,59,B1,5,4,0,D5,C5,True,DB,D9,False,SDC
8585,59,B1,5,4,1,D5,D5,False,DB,DB,False,Not activated
8586,59,B1,5,5,0,D5,D5,False,DB,DB,False,Not activated
8587,59,B1,5,5,1,D5,F5,True,DB,DF,False,SDC
8588,59,B1,5,6,0,D5,95,True,DB,C5,False,SDC
8589,59,B1,5,6,1,D5,D5,False,DB,DB,False,Not activated
8590,59,B1,5,7,0,D5,55,True,DB,ED,False,SDC
8591,59,B1,5,7,1,D5,D5,False,DB,DB,False,Not activated
8592,59,B2,6,0,0,0E,0E,False,DB,DB,False,Not activated
8593,59,B2,6,0,1,0E,0F,True,DB,DB,False,Masked
8594,59,B2,6,1,0,0E,0C,True,DB,DC,False,SDC
8595,59,B2,6,1,1,0E,0E,False,DB,DB,False,Not activated
8596,59,B2,6,2,0,0E,0A,True,DB,DD,False,SDC
8597,59,B2,6,2,1,0E,0E,False,DB,DB,False,Not activated
8598,59,B2,6,3,0,0E,06,True,DB,E0,False,SDC
8599,59,B2,6,3,1,0E,0E,False,DB,DB,False,Not activated
8600,59,B2,6,4,0,0E,0E,False,DB,DB,False,Not activated
8601,59,B2,6,4,1,0E,1E,True,DB,D2,False,SDC
8602,59,B2,6,5,0,0E,0E,False,DB,DB,False,Not activated
8603,59,B2,6,5,1,0E,2E,True,DB,C9,False,SDC
8604,59,B2,6,6,0,0E,0E,False,DB,DB,False,Not activated
8605,59,B2,6,6,1,0E,4E,True,DB,B8,False,SDC
8606,59,B2,6,7,0,0E,0E,False,DB,DB,False,Not activated
8607,59,B2,6,7,1,0E,8E,True,DB,63,False,SDC
8608,59,B3,7,0,0,20,20,False,DB,DB,False,Not activated
8609,59,B3,7,0,1,20,21,True,DB,DB,False,Masked
8610,59,B3,7,1,0,20,20,False,DB,DB,False,Not activated
8611,59,B3,7,1,1,20,22,True,DB,DC,False,SDC
8612,59,B3,7,2,0,20,20,False,DB,DB,False,Not activated
8613,59,B3,7,2,1,20,24,True,DB,DD,False,SDC
8614,59,B3,7,3,0,20,20,False,DB,DB,False,Not activated
8615,59,B3,7,3,1,20,28,True,DB,DE,False,SDC
8616,59,B3,7,4,0,20,20,False,DB,DB,False,Not activated
8617,59,B3,7,4,1,20,30,True,DB,E2,False,SDC
8618,59,B3,7,5,0,20,00,True,DB,CE,False,SDC
8619,59,B3,7,5,1,20,20,False,DB,DB,False,Not activated
8620,59,B3,7,6,0,20,20,False,DB,DB,False,Not activated
8621,59,B3,7,6,1,20,60,True,DB,02,False,SDC
8622,59,B3,7,7,0,20,20,False,DB,DB,False,Not activated
8623,59,B3,7,7,1,20,A0,True,DB,AD,False,SDC
8624,59,C0,8,0,0,CF,CE,True,DB,DA,False,SDC
8625,59,C0,8,0,1,CF,CF,False,DB,DB,False,Not activated
8626,59,C0,8,1,0,CF,CD,True,DB,D9,False,SDC
8627,59,C0,8,1,1,CF,CF,False,DB,DB,False,Not activated
8628,59,C0,8,2,0,CF,CB,True,DB,D7,False,SDC
8629,59,C0,8,2,1,CF,CF,False,DB,DB,False,Not activated
8630,59,C0,8,3,0,CF,C7,True,DB,D3,False,SDC
8631,59,C0,8,3,1,CF,CF,False,DB,DB,False,Not activated
8632,59,C0,8,4,0,CF,CF,False,DB,DB,False,Not activated
8633,59,C0,8,4,1,CF,DF,True,DB,EB,False,SDC
8634,59,C0,8,5,0,CF,CF,False,DB,DB,False,Not activated
8635,59,C0,8,5,1,CF,EF,True,DB,FB,False,SDC
8636,59,C0,8,6,0,CF,8F,True,DB,8F,False,SDC
8637,59,C0,8,6,1,CF,CF,False,DB,DB,False,Not activated
8638,59,C0,8,7,0,CF,4F,True,DB,55,False,SDC
8639,59,C0,8,7,1,CF,CF,False,DB,DB,False,Not activated
8640,60,A0,0,0,0,29,28,True,00,00,False,Masked
8641,60,A0,0,0,1,29,29,False,00,00,False,Not activated
8642,60,A0,0,1,0,29,29,False,00,00,False,Not activated
8643,60,A0,0,1,1,29,2B,True,00,FF,False,SDC
8644,60,A0,0,2,0,29,29,False,00,00,False,Not activated
8645,60,A0,0,2,1,29,2D,True,00,FE,False,SDC
8646,60,A0,0,3,0,29,21,True,00,03,False,SDC
8647,60,A0,0,3,1,29,29,False,00,00,False,Not activated
8648,60,A0,0,4,0,29,29,False,00,00,False,Not activated
8649,60,A0,0,4,1,29,39,True,00,FA,False,SDC
8650,60,A0,0,5,0,29,09,True,00,0C,False,SDC
8651,60,A0,0,5,1,29,29,False,00,00,False,Not activated
8652,60,A0,0,6,0,29,29,False,00,00,False,Not activated
8653,60,A0,0,6,1,29,69,True,00,C4,False,SDC
8654,60,A0,0,7,0,29,29,False,00,00,False,Not activated
8655,60,A0,0,7,1,29,A9,True,00,38,False,SDC
8656,60,A1,1,0,0,3B,3A,True,00,00,False,Masked
8657,60,A1,1,0,1,3B,3B,False,00,00,False,Not activated
8658,60,A1,1,1,0,3B,39,True,00,FF,False,SDC
8659,60,A1,1,1,1,3B,3B,False,00,00,False,Not activated
8660,60,A1,1,2,0,3B,3B,False,00,00,False,Not activated
8661,60,A1,1,2,1,3B,3F,True,00,02,False,SDC
8662,60,A1,1,3,0,3B,33,True,00,FD,False,SDC
8663,60,A1,1,3,1,3B,3B,False,00,00,False,Not activated
8664,60,A1,1,4,0,3B,2B,True,00,FA,False,SDC
8665,60,A1,1,4,1,3B,3B,False,00,00,False,Not activated
8666,60,A1,1,5,0,3B,1B,True,00,F5,False,SDC
8667,60,A1,1,5,1,3B,3B,False,00,00,False,Not activated
8668,60,A1,1,6,0,3B,3B,False,00,00,False,Not activated
8669,60,A1,1,6,1,3B,7B,True,00,72,False,SDC
8670,60,A1,1,7,0,3B,3B,False,00,00,False,Not activated
8671,60,A1,1,7,1,3B,BB,True,00,D0,False,SDC
8672,60,A2,2,0,0,CE,CE,False,00,00,False,Not activated
8673,60,A2,2,0,1,CE,CF,True,00,01,False,SDC
8674,60,A2,2,1,0,CE,CC,True,00,FE,False,SDC
8675,60,A2,2,1,1,CE,CE,False,00,00,False,Not activated
8676,60,A2,2,2,0,CE,CA,True,00,FC,False,SDC
8677,60,A2,2,2,1,CE,CE,False,00,00,False,Not activated
8678,60,A2,2,3,0,CE,C6,True,00,F9,False,SDC
8679,60,A2,2,3,1,CE,CE,False,00,00,False,Not activated
8680,60,A2,2,4,0,CE,CE,False,00,00,False,Not activated
8681,60,A2,2,4,1,CE,DE,True,00,0F,False,SDC
8682,60,A2,2,5,0,CE,CE,False,00,00,False,Not activated
8683,60,A2,2,5,1,CE,EE,True,00,1D,False,SDC
8684,60,A2,2,6,0,CE,8E,True,00,90,False,SDC
8685,60,A2,2,6,1,CE,CE,False,00,00,False,Not activated
8686,60,A2,2,7,0,CE,4E,True,00,60,False,SDC
8687,60,A2,2,7,1,CE,CE,False,00,00,False,Not activated
8688,60,A3,3,0,0,C3,C2,True,00,01,False,SDC
8689,60,A3,3,0,1,C3,C3,False,00,00,False,Not activated
8690,60,A3,3,1,0,C3,C1,True,00,01,False,SDC
8691,60,A3,3,1,1,C3,C3,False,00,00,False,Not activated
8692,60,A3,3,2,0,C3,C3,False,00,00,False,Not activated
8693,60,A3,3,2,1,C3,C7,True,00,00,False,Masked
8694,60,A3,3,3,0,C3,C3,False,00,00,False,Not activated
8695,60,A3,3,3,1,C3,CB,True,00,FF,False,SDC
8696,60,A3,3,4,0,C3,C3,False,00,00,False,Not activated
8697,60,A3,3,4,1,C3,D3,True,00,FD,False,SDC
8698,60,A3,3,5,0,C3,C3,False,00,00,False,Not activated
8699,60,A3,3,5,1,C3,E3,True,00,FA,False,SDC
8700,60,A3,3,6,0,C3,83,True,00,72,False,SDC
8701,60,A3,3,6,1,C3,C3,False,00,00,False,Not activated
8702,60,A3,3,7,0,C3,43,True,00,E6,False,SDC
8703,60,A3,3,7,1,C3,C3,False,00,00,False,Not activated
8704,60,B0,4,0,0,E8,E8,False,00,00,False,Not activated
8705,60,B0,4,0,1,E8,E9,True,00,00,False,Masked
8706,60,B0,4,1,0,E8,E8,False,00,00,False,Not activated
8707,60,B0,4,1,1,E8,EA,True,00,01,False,SDC
8708,60,B0,4,2,0,E8,E8,False,00,00,False,Not activated
8709,60,B0,4,2,1,E8,EC,True,00,02,False,SDC
8710,60,B0,4,3,0,E8,E0,True,00,FB,False,SDC
8711,60,B0,4,3,1,E8,E8,False,00,00,False,Not activated
8712,60,B0,4,4,0,E8,E8,False,00,00,False,Not activated
8713,60,B0,4,4,1,E8,F8,True,00,0A,False,SDC
8714,60,B0,4,5,0,E8,C8,True,00,EB,False,SDC
8715,60,B0,4,5,1,E8,E8,False,00,00,False,Not activated
8716,60,B0,4,6,0,E8,A8,True,00,C8,False,SDC
8717,60,B0,4,6,1,E8,E8,False,00,00,False,Not activated
8718,60,B0,4,7,0,E8,68,True,00,61,False,SDC
8719,60,B0,4,7,1,E8,E8,False,00,00,False,Not activated
8720,60,B1,5,0,0,17,16,True,00,FF,False,SDC
8721,60,B1,5,0,1,17,17,False,00,00,False,Not activated
8722,60,B1,5,1,0,17,15,True,00,FE,False,SDC
8723,60,B1,5,1,1,17,17,False,00,00,False,Not activated
8724,60,B1,5,2,0,17,13,True,00,FD,False,SDC
8725,60,B1,5,2,1,17,17,False,00,00,False,Not activated
8726,60,B1,5,3,0,17,17,False,00,00,False,Not activated
8727,60,B1,5,3,1,17,1F,True,00,08,False,SDC
8728,60,B1,5,4,0,17,07,True,00,F1,False,SDC
8729,60,B1,5,4,1,17,17,False,00,00,False,Not activated
8730,60,B1,5,5,0,17,17,False,00,00,False,Not activated
8731,60,B1,5,5,1,17,37,True,00,1E,False,SDC
8732,60,B1,5,6,0,17,17,False,00,00,False,Not activated
8733,60,B1,5,6,1,17,57,True,00,49,False,SDC
8734,60,B1,5,7,0,17,17,False,00,00,False,Not activated
8735,60,B1,5,7,1,17,97,True,00,96,False,SDC
8736,60,B2,6,0,0,3B,3A,True,00,01,False,SDC
8737,60,B2,6,0,1,3B,3B,False,00,00,False,Not activated
8738,60,B2,6,1,0,3B,39,True,00,01,False,SDC
8739,60,B2,6,1,1,3B,3B,False,00,00,False,Not activated
8740,60,B2,6,2,0,3B,3B,False,00,00,False,Not activated
8741,60,B2,6,2,1,3B,3F,True,00,FD,False,SDC
8742,60,B2,6,3,0,3B,33,True,00,06,False,SDC
8743,60,B2,6,3,1,3B,3B,False,00,00,False,Not activated
8744,60,B2,6,4,0,3B,2B,True,00,0C,False,SDC
8745,60,B2,6,4,1,3B,3B,False,00,00,False,Not activated
8746,60,B2,6,5,0,3B,1B,True,00,19,False,SDC
8747,60,B2,6,5,1,3B,3B,False,00,00,False,Not activated
8748,60,B2,6,6,0,3B,3B,False,00,00,False,Not activated
8749,60,B2,6,6,1,3B,7B,True,00,87,False,SDC
8750,60,B2,6,7,0,3B,3B,False,00,00,False,Not activated
8751,60,B2,6,7,1,3B,BB,True,00,54,False,SDC
8752,60,B3,7,0,0,F3,F2,True,00,01,False,SDC
8753,60,B3,7,0,1,F3,F3,False,00,00,False,Not activated
8754,60,B3,7,1,0,F3,F1,True,00,02,False,SDC
8755,60,B3,7,1,1,F3,F3,False,00,00,False,Not activated
8756,60,B3,7,2,0,F3,F3,False,00,00,False,Not activated
8757,60,B3,7,2,1,F3,F7,True,00,FD,False,SDC
8758,60,B3,7,3,0,F3,F3,False,00,00,False,Not activated
8759,60,B3,7,3,1,F3,FB,True,00,F9,False,SDC
8760,60,B3,7,4,0,F3,E3,True,00,10,False,SDC
8761,60,B3,7,4,1,F3,F3,False,00,00,False,Not activated
8762,60,B3,7,5,0,F3,D3,True,00,1F,False,SDC
8763,60,B3,7,5,1,F3,F3,False,00,00,False,Not activated
8764,60,B3,7,6,0,F3,B3,True,00,45,False,SDC
8765,60,B3,7,6,1,F3,F3,False,00,00,False,Not activated
8766,60,B3,7,7,0,F3,73,True,00,8E,False,SDC
8767,60,B3,7,7,1,F3,F3,False,00,00,False,Not activated
8768,60,C0,8,0,0,1C,1C,False,00,00,False,Not activated
8769,60,C0,8,0,1,1C,1D,True,00,01,False,SDC
8770,60,C0,8,1,0,1C,1C,False,00,00,False,Not activated
8771,60,C0,8,1,1,1C,1E,True,00,02,False,SDC
8772,60,C0,8,2,0,1C,18,True,00,FC,False,SDC
8773,60,C0,8,2,1,1C,1C,False,00,00,False,Not activated
8774,60,C0,8,3,0,1C,14,True,00,F8,False,SDC
8775,60,C0,8,3,1,1C,1C,False,00,00,False,Not activated
8776,60,C0,8,4,0,1C,0C,True,00,F0,False,SDC
8777,60,C0,8,4,1,1C,1C,False,00,00,False,Not activated
8778,60,C0,8,5,0,1C,1C,False,00,00,False,Not activated
8779,60,C0,8,5,1,1C,3C,True,00,20,False,SDC
8780,60,C0,8,6,0,1C,1C,False,00,00,False,Not activated
8781,60,C0,8,6,1,1C,5C,True,00,4E,False,SDC
8782,60,C0,8,7,0,1C,1C,False,00,00,False,Not activated
8783,60,C0,8,7,1,1C,9C,True,00,98,False,SDC
8784,61,A0,0,0,0,CA,CA,False,4E,4E,False,Not activated
8785,61,A0,0,0,1,CA,CB,True,4E,4E,False,Masked
8786,61,A0,0,1,0,CA,C8,True,4E,4D,False,SDC
8787,61,A0,0,1,1,CA,CA,False,4E,4E,False,Not activated
8788,61,A0,0,2,0,CA,CA,False,4E,4E,False,Not activated
8789,61,A0,0,2,1,CA,CE,True,4E,4F,False,SDC
8790,61,A0,0,3,0,CA,C2,True,4E,4C,False,SDC
8791,61,A0,0,3,1,CA,CA,False,4E,4E,False,Not activated
8792,61,A0,0,4,0,CA,CA,False,4E,4E,False,Not activated
8793,61,A0,0,4,1,CA,DA,True,4E,52,False,SDC
8794,61,A0,0,5,0,CA,CA,False,4E,4E,False,Not activated
8795,61,A0,0,5,1,CA,EA,True,4E,56,False,SDC
8796,61,A0,0,6,0,CA,8A,True,4E,A0,False,SDC
8797,61,A0,0,6,1,CA,CA,False,4E,4E,False,Not activated
8798,61,A0,0,7,0,CA,4A,True,4E,65,False,SDC
8799,61,A0,0,7,1,CA,CA,False,4E,4E,False,Not activated
8800,61,A1,1,0,0,18,18,False,4E,4E,False,Not activated
8801,61,A1,1,0,1,18,19,True,4E,4E,False,Masked
8802,61,A1,1,1,0,18,18,False,4E,4E,False,Not activated
8803,61,A1,1,1,1,18,1A,True,4E,4E,False,Masked
8804,61,A1,1,2,0,18,18,False,4E,4E,False,Not activated
8805,61,A1,1,2,1,18,1C,True,4E,4F,False,SDC
8806,61,A1,1,3,0,18,10,True,4E,4A,False,SDC
8807,61,A1,1,3,1,18,18,False,4E,4E,False,Not activated
8808,61,A1,1,4,0,18,08,True,4E,48,False,SDC
8809,61,A1,1,4,1,18,18,False,4E,4E,False,Not activated
8810,61,A1,1,5,0,18,18,False,4E,4E,False,Not activated
8811,61,A1,1,5,1,18,38,True,4E,58,False,SDC
8812,61,A1,1,6,0,18,18,False,4E,4E,False,Not activated
8813,61,A1,1,6,1,18,58,True,4E,63,False,SDC
8814,61,A1,1,7,0,18,18,False,4E,4E,False,Not activated
8815,61,A1,1,7,1,18,98,True,4E,C0,False,SDC
8816,61,A2,2,0,0,10,10,False,4E,4E,False,Not activated
8817,61,A2,2,0,1,10,11,True,4E,4E,False,Masked
8818,61,A2,2,1,0,10,10,False,4E,4E,False,Not activated
8819,61,A2,2,1,1,10,12,True,4E,4E,False,Masked
8820,61,A2,2,2,0,10,10,False,4E,4E,False,Not activated
8821,61,A2,2,2,1,10,14,True,4E,4E,False,Masked
8822,61,A2,2,3,0,10,10,False,4E,4E,False,Not activated
8823,61,A2,2,3,1,10,18,True,4E,4E,False,Masked
8824,61,A2,2,4,0,10,00,True,4E,4C,False,SDC
8825,61,A2,2,4,1,10,10,False,4E,4E,False,Not activated
8826,61,A2,2,5,0,10,10,False,4E,4E,False,Not activated
8827,61,A2,2,5,1,10,30,True,4E,51,False,SDC
8828,61,A2,2,6,0,10,10,False,4E,4E,False,Not activated
8829,61,A2,2,6,1,10,50,True,4E,56,False,SDC
8830,61,A2,2,7,0,10,10,False,4E,4E,False,Not activated
8831,61,A2,2,7,1,10,90,True,4E,24,False,SDC
8832,61,A3,3,0,0,CD,CC,True,4E,4E,False,Masked
8833,61,A3,3,0,1,CD,CD,False,4E,4E,False,Not activated
8834,61,A3,3,1,0,CD,CD,False,4E,4E,False,Not activated
8835,61,A3,3,1,1,CD,CF,True,4E,4D,False,SDC
8836,61,A3,3,2,0,CD,C9,True,4E,4F,False,SDC
8837,61,A3,3,2,1,CD,CD,False,4E,4E,False,Not activated
8838,61,A3,3,3,0,CD,C5,True,4E,50,False,SDC
8839,61,A3,3,3,1,CD,CD,False,4E,4E,False,Not activated
8840,61,A3,3,4,0,CD,CD,False,4E,4E,False,Not activated
8841,61,A3,3,4,1,CD,DD,True,4E,48,False,SDC
8842,61,A3,3,5,0,CD,CD,False,4E,4E,False,Not activated
8843,61,A3,3,5,1,CD,ED,True,4E,42,False,SDC
8844,61,A3,3,6,0,CD,8D,True,4E,71,False,SDC
8845,61,A3,3,6,1,CD,CD,False,4E,4E,False,Not activated
8846,61,A3,3,7,0,CD,4D,True,4E,F2,False,SDC
8847,61,A3,3,7,1,CD,CD,False,4E,4E,False,Not activated
8848,61,B0,4,0,0,23,22,True,4E,4E,False,Masked
8849,61,B0,4,0,1,23,23,False,4E,4E,False,Not activated
8850,61,B0,4,1,0,23,21,True,4E,4E,False,Masked
8851,61,B0,4,1,1,23,23,False,4E,4E,False,Not activated
8852,61,B0,4,2,0,23,23,False,4E,4E,False,Not activated
8853,61,B0,4,2,1,23,27,True,4E,4C,False,SDC
8854,61,B0,4,3,0,23,23,False,4E,4E,False,Not activated
8855,61,B0,4,3,1,23,2B,True,4E,4A,False,SDC
8856,61,B0,4,4,0,23,23,False,4E,4E,False,Not activated
8857,61,B0,4,4,1,23,33,True,4E,47,False,SDC
8858,61,B0,4,5,0,23,03,True,4E,5B,False,SDC
8859,61,B0,4,5,1,23,23,False,4E,4E,False,Not activated
8860,61,B0,4,6,0,23,23,False,4E,4E,False,Not activated
8861,61,B0,4,6,1,23,63,True,4E,F8,False,SDC
8862,61,B0,4,7,0,23,23,False,4E,4E,False,Not activated
8863,61,B0,4,7,1,23,A3,True,4E,6C,False,SDC
8864,61,B1,5,0,0,2D,2C,True,4E,4D,False,SDC
8865,61,B1,5,0,1,2D,2D,False,4E,4E,False,Not activated
8866,61,B1,5,1,0,2D,2D,False,4E,4E,False,Not activated
8867,61,B1,5,1,1,2D,2F,True,4E,4E,False,Masked
8868,61,B1,5,2,0,2D,29,True,4E,4C,False,SDC
8869,61,B1,5,2,1,2D,2D,False,4E,4E,False,Not activated
8870,61,B1,5,3,0,2D,25,True,4E,4C,False,SDC
8871,61,B1,5,3,1,2D,2D,False,4E,4E,False,Not activated
8872,61,B1,5,4,0,2D,2D,False,4E,4E,False,Not activated
8873,61,B1,5,4,1,2D,3D,True,4E,50,False,SDC
8874,61,B1,5,5,0,2D,0D,True,4E,48,False,SDC
8875,61,B1,5,5,1,2D,2D,False,4E,4E,False,Not activated
8876,61,B1,5,6,0,2D,2D,False,4E,4E,False,Not activated
8877,61,B1,5,6,1,2D,6D,True,4E,64,False,SDC
8878,61,B1,5,7,0,2D,2D,False,4E,4E,False,Not activated
8879,61,B1,5,7,1,2D,AD,True,4E,24,False,SDC
8880,61,B2,6,0,0,0D,0C,True,4E,4E,False,Masked
8881,61,B2,6,0,1,0D,0D,False,4E,4E,False,Not activated
8882,61,B2,6,1,0,0D,0D,False,4E,4E,False,Not activated
8883,61,B2,6,1,1,0D,0F,True,4E,4E,False,Masked
8884,61,B2,6,2,0,0D,09,True,4E,4D,False,SDC
8885,61,B2,6,2,1,0D,0D,False,4E,4E,False,Not activated
8886,61,B2,6,3,0,0D,05,True,4E,4C,False,SDC
8887,61,B2,6,3,1,0D,0D,False,4E,4E,False,Not activated
8888,61,B2,6,4,0,0D,0D,False,4E,4E,False,Not activated
8889,61,B2,6,4,1,0D,1D,True,4E,50,False,SDC
8890,61,B2,6,5,0,0D,0D,False,4E,4E,False,Not activated
8891,61,B2,6,5,1,0D,2D,True,4E,52,False,SDC
8892,61,B2,6,6,0,0D,0D,False,4E,4E,False,Not activated
8893,61,B2,6,6,1,0D,4D,True,4E,57,False,SDC
8894,61,B2,6,7,0,0D,0D,False,4E,4E,False,Not activated
8895,61,B2,6,7,1,0D,8D,True,4E,00,False,SDC
8896,61,B3,7,0,0,CF,CE,True,4E,4E,False,Masked
8897,61,B3,7,0,1,CF,CF,False,4E,4E,False,Not activated
8898,61,B3,7,1,0,CF,CD,True,4E,4E,False,Masked
8899,61,B3,7,1,1,CF,CF,False,4E,4E,False,Not activated
8900,61,B3,7,2,0,CF,CB,True,4E,4F,False,SDC
8901,61,B3,7,2,1,CF,CF,False,4E,4E,False,Not activated
8902,61,B3,7,3,0,CF,C7,True,4E,50,False,SDC
8903,61,B3,7,3,1,CF,CF,False,4E,4E,False,Not activated
8904,61,B3,7,4,0,CF,CF,False,4E,4E,False,Not activated
8905,61,B3,7,4,1,CF,DF,True,4E,47,False,SDC
8906,61,B3,7,5,0,CF,CF,False,4E,4E,False,Not activated
8907,61,B3,7,5,1,CF,EF,True,4E,41,False,SDC
8908,61,B3,7,6,0,CF,8F,True,4E,71,False,SDC
8909,61,B3,7,6,1,CF,CF,False,4E,4E,False,Not activated
8910,61,B3,7,7,0,CF,4F,True,4E,EA,False,SDC
8911,61,B3,7,7,1,CF,CF,False,4E,4E,False,Not activated
8912,61,C0,8,0,0,3E,3E,False,4E,4E,False,Not activated
8913,61,C0,8,0,1,3E,3F,True,4E,4E,False,Masked
8914,61,C0,8,1,0,3E,3C,True,4E,4C,False,SDC
8915,61,C0,8,1,1,3E,3E,False,4E,4E,False,Not activated
8916,61,C0,8,2,0,3E,3A,True,4E,4C,False,SDC
8917,61,C0,8,2,1,3E,3E,False,4E,4E,False,Not activated
8918,61,C0,8,3,0,3E,36,True,4E,4A,False,SDC
8919,61,C0,8,3,1,3E,3E,False,4E,4E,False,Not activated
8920,61,C0,8,4,0,3E,2E,True,4E,46,False,SDC
8921,61,C0,8,4,1,3E,3E,False,4E,4E,False,Not activated
8922,61,C0,8,5,0,3E,1E,True,4E,3B,False,SDC
8923,61,C0,8,5,1,3E,3E,False,4E,4E,False,Not activated
8924,61,C0,8,6,0,3E,3E,False,4E,4E,False,Not activated
8925,61,C0,8,6,1,3E,7E,True,4E,7E,False,SDC
8926,61,C0,8,7,0,3E,3E,False,4E,4E,False,Not activated
8927,61,C0,8,7,1,3E,BE,True,4E,D9,False,SDC
8928,62,A0,0,0,0,24,24,False,C4,C4,False,Not activated
8929,62,A0,0,0,1,24,25,True,C4,C4,False,Masked
8930,62,A0,0,1,0,24,24,False,C4,C4,False,Not activated
8931,62,A0,0,1,1,24,26,True,C4,C4,False,Masked
8932,62,A0,0,2,0,24,20,True,C4,C4,False,Masked
8933,62,A0,0,2,1,24,24,False,C4,C4,False,Not activated
8934,62,A0,0,3,0,24,24,False,C4,C4,False,Not activated
8935,62,A0,0,3,1,24,2C,True,C4,C4,False,Masked
8936,62,A0,0,4,0,24,24,False,C4,C4,False,Not activated
8937,62,A0,0,4,1,24,34,True,C4,C4,False,Masked
8938,62,A0,0,5,0,24,04,True,C4,C4,False,Masked
8939,62,A0,0,5,1,24,24,False,C4,C4,False,Not activated
8940,62,A0,0,6,0,24,24,False,C4,C4,False,Not activated
8941,62,A0,0,6,1,24,64,True,C4,C5,False,SDC
8942,62,A0,0,7,0,24,24,False,C4,C4,False,Not activated
8943,62,A0,0,7,1,24,A4,True,C4,C1,False,SDC
8944,62,A1,1,0,0,EC,EC,False,C4,C4,False,Not activated
8945,62,A1,1,0,1,EC,ED,True,C4,C4,False,Masked
8946,62,A1,1,1,0,EC,EC,False,C4,C4,False,Not activated
8947,62,A1,1,1,1,EC,EE,True,C4,C4,False,Masked
8948,62,A1,1,2,0,EC,E8,True,C4,C6,False,SDC
8949,62,A1,1,2,1,EC,EC,False,C4,C4,False,Not activated
8950,62,A1,1,3,0,EC,E4,True,C4,C7,False,SDC
8951,62,A1,1,3,1,EC,EC,False,C4,C4,False,Not activated
8952,62,A1,1,4,0,EC,EC,False,C4,C4,False,Not activated
8953,62,A1,1,4,1,EC,FC,True,C4,C0,False,SDC
8954,62,A1,1,5,0,EC,CC,True,C4,CE,False,SDC
8955,62,A1,1,5,1,EC,EC,False,C4,C4,False,Not activated
8956,62,A1,1,6,0,EC,AC,True,C4,DE,False,SDC
8957,62,A1,1,6,1,EC,EC,False,C4,C4,False,Not activated
8958,62,A1,1,7,0,EC,6C,True,C4,9F,False,SDC
8959,62,A1,1,7,1,EC,EC,False,C4,C4,False,Not activated
8960,62,A2,2,0,0,F7,F6,True,C4,C3,False,SDC
8961,62,A2,2,0,1,F7,F7,False,C4,C4,False,Not activated
8962,62,A2,2,1,0,F7,F5,True,C4,C2,False,SDC
8963,62,A2,2,1,1,F7,F7,False,C4,C4,False,Not activated
8964,62,A2,2,2,0,F7,F3,True,C4,C1,False,SDC
8965,62,A2,2,2,1,F7,F7,False,C4,C4,False,Not activated
8966,62,A2,2,3,0,F7,F7,False,C4,C4,False,Not activated
8967,62,A2,2,3,1,F7,FF,True,C4,C9,False,SDC
8968,62,A2,2,4,0,F7,E7,True,C4,BC,False,SDC
8969,62,A2,2,4,1,F7,F7,False,C4,C4,False,Not activated
8970,62,A2,2,5,0,F7,D7,True,C4,B6,False,SDC
8971,62,A2,2,5,1,F7,F7,False,C4,C4,False,Not activated
8972,62,A2,2,6,0,F7,B7,True,C4,A8,False,SDC
8973,62,A2,2,6,1,F7,F7,False,C4,C4,False,Not activated
8974,62,A2,2,7,0,F7,77,True,C4,71,False,SDC
8975,62,A2,2,7,1,F7,F7,False,C4,C4,False,Not activated
8976,62,A3,3,0,0,EF,EE,True,C4,C3,False,SDC
8977,62,A3,3,0,1,EF,EF,False,C4,C4,False,Not activated
8978,62,A3,3,1,0,EF,ED,True,C4,C3,False,SDC
8979,62,A3,3,1,1,EF,EF,False,C4,C4,False,Not activated
8980,62,A3,3,2,0,EF,EB,True,C4,C2,False,SDC
8981,62,A3,3,2,1,EF,EF,False,C4,C4,False,Not activated
8982,62,A3,3,3,0,EF,E7,True,C4,C0,False,SDC
8983,62,A3,3,3,1,EF,EF,False,C4,C4,False,Not activated
8984,62,A3,3,4,0,EF,EF,False,C4,C4,False,Not activated
8985,62,A3,3,4,1,EF,FF,True,C4,CE,False,SDC
8986,62,A3,3,5,0,EF,CF,True,C4,B8,False,SDC
8987,62,A3,3,5,1,EF,EF,False,C4,C4,False,Not activated
8988,62,A3,3,6,0,EF,AF,True,C4,A8,False,SDC
8989,62,A3,3,6,1,EF,EF,False,C4,C4,False,Not activated
8990,62,A3,3,7,0,EF,6F,True,C4,57,False,SDC
8991,62,A3,3,7,1,EF,EF,False,C4,C4,False,Not activated
8992,62,B0,4,0,0,01,00,True,C4,C3,False,SDC
8993,62,B0,4,0,1,01,01,False,C4,C4,False,Not activated
8994,62,B0,4,1,0,01,01,False,C4,C4,False,Not activated
8995,62,B0,4,1,1,01,03,True,C4,C5,False,SDC
8996,62,B0,4,2,0,01,01,False,C4,C4,False,Not activated
8997,62,B0,4,2,1,01,05,True,C4,C6,False,SDC
8998,62,B0,4,3,0,01,01,False,C4,C4,False,Not activated
8999,62,B0,4,3,1,01,09,True,C4,C8,False,SDC
9000,62,B0,4,4,0,01,01,False,C4,C4,False,Not activated
9001,62,B0,4,4,1,01,11,True,C4,CD,False,SDC
9002,62,B0,4,5,0,01,01,False,C4,C4,False,Not activated
9003,62,B0,4,5,1,01,21,True,C4,D6,False,SDC
9004,62,B0,4,6,0,01,01,False,C4,C4,False,Not activated
9005,62,B0,4,6,1,01,41,True,C4,E8,False,SDC
9006,62,B0,4,7,0,01,01,False,C4,C4,False,Not activated
9007,62,B0,4,7,1,01,81,True,C4,82,False,SDC
9008,62,B1,5,0,0,EC,EC,False,C4,C4,False,Not activated
9009,62,B1,5,0,1,EC,ED,True,C4,C4,False,Masked
9010,62,B1,5,1,0,EC,EC,False,C4,C4,False,Not activated
9011,62,B1,5,1,1,EC,EE,True,C4,C4,False,Masked
9012,62,B1,5,2,0,EC,E8,True,C4,C6,False,SDC
9013,62,B1,5,2,1,EC,EC,False,C4,C4,False,Not activated
9014,62,B1,5,3,0,EC,E4,True,C4,C7,False,SDC
9015,62,B1,5,3,1,EC,EC,False,C4,C4,False,Not activated
9016,62,B1,5,4,0,EC,EC,False,C4,C4,False,Not activated
9017,62,B1,5,4,1,EC,FC,True,C4,C0,False,SDC
9018,62,B1,5,5,0,EC,CC,True,C4,CE,False,SDC
9019,62,B1,5,5,1,EC,EC,False,C4,C4,False,Not activated
9020,62,B1,5,6,0,EC,AC,True,C4,DE,False,SDC
9021,62,B1,5,6,1,EC,EC,False,C4,C4,False,Not activated
9022,62,B1,5,7,0,EC,6C,True,C4,9F,False,SDC
9023,62,B1,5,7,1,EC,EC,False,C4,C4,False,Not activated
9024,62,B2,6,0,0,2D,2C,True,C4,C4,False,Masked
9025,62,B2,6,0,1,2D,2D,False,C4,C4,False,Not activated
9026,62,B2,6,1,0,2D,2D,False,C4,C4,False,Not activated
9027,62,B2,6,1,1,2D,2F,True,C4,C3,False,SDC
9028,62,B2,6,2,0,2D,29,True,C4,C4,False,Masked
9029,62,B2,6,2,1,2D,2D,False,C4,C4,False,Not activated
9030,62,B2,6,3,0,2D,25,True,C4,C5,False,SDC
9031,62,B2,6,3,1,2D,2D,False,C4,C4,False,Not activated
9032,62,B2,6,4,0,2D,2D,False,C4,C4,False,Not activated
9033,62,B2,6,4,1,2D,3D,True,C4,C1,False,SDC
9034,62,B2,6,5,0,2D,0D,True,C4,C8,False,SDC
9035,62,B2,6,5,1,2D,2D,False,C4,C4,False,Not activated
9036,62,B2,6,6,0,2D,2D,False,C4,C4,False,Not activated
9037,62,B2,6,6,1,2D,6D,True,C4,B4,False,SDC
9038,62,B2,6,7,0,2D,2D,False,C4,C4,False,Not activated
9039,62,B2,6,7,1,2D,AD,True,C4,D8,False,SDC
9040,62,B3,7,0,0,29,28,True,C4,C4,False,Masked
9041,62,B3,7,0,1,29,29,False,C4,C4,False,Not activated
9042,62,B3,7,1,0,29,29,False,C4,C4,False,Not activated
9043,62,B3,7,1,1,29,2B,True,C4,C4,False,Masked
9044,62,B3,7,2,0,29,29,False,C4,C4,False,Not activated
9045,62,B3,7,2,1,29,2D,True,C4,C3,False,SDC
9046,62,B3,7,3,0,29,21,True,C4,C6,False,SDC
9047,62,B3,7,3,1,29,29,False,C4,C4,False,Not activated
9048,62,B3,7,4,0,29,29,False,C4,C4,False,Not activated
9049,62,B3,7,4,1,29,39,True,C4,C0,False,SDC
9050,62,B3,7,5,0,29,09,True,C4,CD,False,SDC
9051,62,B3,7,5,1,29,29,False,C4,C4,False,Not activated
9052,62,B3,7,6,0,29,29,False,C4,C4,False,Not activated
9053,62,B3,7,6,1,29,69,True,C4,AD,False,SDC
9054,62,B3,7,7,0,29,29,False,C4,C4,False,Not activated
9055,62,B3,7,7,1,29,A9,True,C4,EC,False,SDC
9056,62,C0,8,0,0,CE,CE,False,C4,C4,False,Not activated
9057,62,C0,8,0,1,CE,CF,True,C4,C5,False,SDC
9058,62,C0,8,1,0,CE,CC,True,C4,C2,False,SDC
9059,62,C0,8,1,1,CE,CE,False,C4,C4,False,Not activated
9060,62,C0,8,2,0,CE,CA,True,C4,C0,False,SDC
9061,62,C0,8,2,1,CE,CE,False,C4,C4,False,Not activated
9062,62,C0,8,3,0,CE,C6,True,C4,BE,False,SDC
9063,62,C0,8,3,1,CE,CE,False,C4,C4,False,Not activated
9064,62,C0,8,4,0,CE,CE,False,C4,C4,False,Not activated
9065,62,C0,8,4,1,CE,DE,True,C4,D4,False,SDC
9066,62,C0,8,5,0,CE,CE,False,C4,C4,False,Not activated
9067,62,C0,8,5,1,CE,EE,True,C4,E4,False,SDC
9068,62,C0,8,6,0,CE,8E,True,C4,8E,False,SDC
9069,62,C0,8,6,1,CE,CE,False,C4,C4,False,Not activated
9070,62,C0,8,7,0,CE,4E,True,C4,49,False,SDC
9071,62,C0,8,7,1,CE,CE,False,C4,C4,False,Not activated
9072,63,A0,0,0,0,3B,3A,True,42,42,False,Masked
9073,63,A0,0,0,1,3B,3B,False,42,42,False,Not activated
9074,63,A0,0,1,0,3B,39,True,42,42,False,Masked
9075,63,A0,0,1,1,3B,3B,False,42,42,False,Not activated
9076,63,A0,0,2,0,3B,3B,False,42,42,False,Not activated
9077,63,A0,0,2,1,3B,3F,True,42,41,False,SDC
9078,63,A0,0,3,0,3B,33,True,42,42,False,Masked
9079,63,A0,0,3,1,3B,3B,False,42,42,False,Not activated
9080,63,A0,0,4,0,3B,2B,True,42,42,False,Masked
9081,63,A0,0,4,1,3B,3B,False,42,42,False,Not activated
9082,63,A0,0,5,0,3B,1B,True,42,44,False,SDC
9083,63,A0,0,5,1,3B,3B,False,42,42,False,Not activated
9084,63,A0,0,6,0,3B,3B,False,42,42,False,Not activated
9085,63,A0,0,6,1,3B,7B,True,42,DB,False,SDC
9086,63,A0,0,7,0,3B,3B,False,42,42,False,Not activated
9087,63,A0,0,7,1,3B,BB,True,42,4A,False,SDC
9088,63,A1,1,0,0,11,10,True,42,42,False,Masked
9089,63,A1,1,0,1,11,11,False,42,42,False,Not activated
9090,63,A1,1,1,0,11,11,False,42,42,False,Not activated
9091,63,A1,1,1,1,11,13,True,42,42,False,Masked
9092,63,A1,1,2,0,11,11,False,42,42,False,Not activated
9093,63,A1,1,2,1,11,15,True,42,42,False,Masked
9094,63,A1,1,3,0,11,11,False,42,42,False,Not activated
9095,63,A1,1,3,1,11,19,True,42,44,False,SDC
9096,63,A1,1,4,0,11,01,True,42,3C,False,SDC
9097,63,A1,1,4,1,11,11,False,42,42,False,Not activated
9098,63,A1,1,5,0,11,11,False,42,42,False,Not activated
9099,63,A1,1,5,1,11,31,True,42,49,False,SDC
9100,63,A1,1,6,0,11,11,False,42,42,False,Not activated
9101,63,A1,1,6,1,11,51,True,42,54,False,SDC
9102,63,A1,1,7,0,11,11,False,42,42,False,Not activated
9103,63,A1,1,7,1,11,91,True,42,C7,False,SDC
9104,63,A2,2,0,0,2A,2A,False,42,42,False,Not activated
9105,63,A2,2,0,1,2A,2B,True,42,42,False,Masked
9106,63,A2,2,1,0,2A,28,True,42,41,False,SDC
9107,63,A2,2,1,1,2A,2A,False,42,42,False,Not activated
9108,63,A2,2,2,0,2A,2A,False,42,42,False,Not activated
9109,63,A2,2,2,1,2A,2E,True,42,44,False,SDC
9110,63,A2,2,3,0,2A,22,True,42,3C,False,SDC
9111,63,A2,2,3,1,2A,2A,False,42,42,False,Not activated
9112,63,A2,2,4,0,2A,2A,False,42,42,False,Not activated
9113,63,A2,2,4,1,2A,3A,True,42,49,False,SDC
9114,63,A2,2,5,0,2A,0A,True,42,25,False,SDC
9115,63,A2,2,5,1,2A,2A,False,42,42,False,Not activated
9116,63,A2,2,6,0,2A,2A,False,42,42,False,Not activated
9117,63,A2,2,6,1,2A,6A,True,42,6B,False,SDC
9118,63,A2,2,7,0,2A,2A,False,42,42,False,Not activated
9119,63,A2,2,7,1,2A,AA,True,42,BC,False,SDC
9120,63,A3,3,0,0,1B,1A,True,42,42,False,Masked
9121,63,A3,3,0,1,1B,1B,False,42,42,False,Not activated
9122,63,A3,3,1,0,1B,19,True,42,42,False,Masked
9123,63,A3,3,1,1,1B,1B,False,42,42,False,Not activated
9124,63,A3,3,2,0,1B,1B,False,42,42,False,Not activated
9125,63,A3,3,2,1,1B,1F,True,42,40,False,SDC
9126,63,A3,3,3,0,1B,13,True,42,43,False,SDC
9127,63,A3,3,3,1,1B,1B,False,42,42,False,Not activated
9128,63,A3,3,4,0,1B,0B,True,42,45,False,SDC
9129,63,A3,3,4,1,1B,1B,False,42,42,False,Not activated
9130,63,A3,3,5,0,1B,1B,False,42,42,False,Not activated
9131,63,A3,3,5,1,1B,3B,True,42,34,False,SDC
9132,63,A3,3,6,0,1B,1B,False,42,42,False,Not activated
9133,63,A3,3,6,1,1B,5B,True,42,1A,False,SDC
9134,63,A3,3,7,0,1B,1B,False,42,42,False,Not activated
9135,63,A3,3,7,1,1B,9B,True,42,63,False,SDC
9136,63,B0,4,0,0,F8,F8,False,42,42,False,Not activated
9137,63,B0,4,0,1,F8,F9,True,42,42,False,Masked
9138,63,B0,4,1,0,F8,F8,False,42,42,False,Not activated
9139,63,B0,4,1,1,F8,FA,True,42,42,False,Masked
9140,63,B0,4,2,0,F8,F8,False,42,42,False,Not activated
9141,63,B0,4,2,1,F8,FC,True,42,43,False,SDC
9142,63,B0,4,3,0,F8,F0,True,42,3B,False,SDC
9143,63,B0,4,3,1,F8,F8,False,42,42,False,Not activated
9144,63,B0,4,4,0,F8,E8,True,42,34,False,SDC
9145,63,B0,4,4,1,F8,F8,False,42,42,False,Not activated
9146,63,B0,4,5,0,F8,D8,True,42,25,False,SDC
9147,63,B0,4,5,1,F8,F8,False,42,42,False,Not activated
9148,63,B0,4,6,0,F8,B8,True,42,00,False,SDC
9149,63,B0,4,6,1,F8,F8,False,42,42,False,Not activated
9150,63,B0,4,7,0,F8,78,True,42,78,False,SDC
9151,63,B0,4,7,1,F8,F8,False,42,42,False,Not activated
9152,63,B1,5,0,0,1E,1E,False,42,42,False,Not activated
9153,63,B1,5,0,1,1E,1F,True,42,42,False,Masked
9154,63,B1,5,1,0,1E,1C,True,42,41,False,SDC
9155,63,B1,5,1,1,1E,1E,False,42,42,False,Not activated
9156,63,B1,5,2,0,1E,1A,True,42,41,False,SDC
9157,63,B1,5,2,1,1E,1E,False,42,42,False,Not activated
9158,63,B1,5,3,0,1E,16,True,42,40,False,SDC
9159,63,B1,5,3,1,1E,1E,False,42,42,False,Not activated
9160,63,B1,5,4,0,1E,0E,True,42,3F,False,SDC
9161,63,B1,5,4,1,1E,1E,False,42,42,False,Not activated
9162,63,B1,5,5,0,1E,1E,False,42,42,False,Not activated
9163,63,B1,5,5,1,1E,3E,True,42,46,False,SDC
9164,63,B1,5,6,0,1E,1E,False,42,42,False,Not activated
9165,63,B1,5,6,1,1E,5E,True,42,4E,False,SDC
9166,63,B1,5,7,0,1E,1E,False,42,42,False,Not activated
9167,63,B1,5,7,1,1E,9E,True,42,15,False,SDC
9168,63,B2,6,0,0,3C,3C,False,42,42,False,Not activated
9169,63,B2,6,0,1,3C,3D,True,42,42,False,Masked
9170,63,B2,6,1,0,3C,3C,False,42,42,False,Not activated
9171,63,B2,6,1,1,3C,3E,True,42,42,False,Masked
9172,63,B2,6,2,0,3C,38,True,42,40,False,SDC
9173,63,B2,6,2,1,3C,3C,False,42,42,False,Not activated
9174,63,B2,6,3,0,3C,34,True,42,3E,False,SDC
9175,63,B2,6,3,1,3C,3C,False,42,42,False,Not activated
9176,63,B2,6,4,0,3C,2C,True,42,39,False,SDC
9177,63,B2,6,4,1,3C,3C,False,42,42,False,Not activated
9178,63,B2,6,5,0,3C,1C,True,42,2E,False,SDC
9179,63,B2,6,5,1,3C,3C,False,42,42,False,Not activated
9180,63,B2,6,6,0,3C,3C,False,42,42,False,Not activated
9181,63,B2,6,6,1,3C,7C,True,42,79,False,SDC
9182,63,B2,6,7,0,3C,3C,False,42,42,False,Not activated
9183,63,B2,6,7,1,3C,BC,True,42,ED,False,SDC
9184,63,B3,7,0,0,E3,E2,True,42,41,False,SDC
9185,63,B3,7,0,1,E3,E3,False,42,42,False,Not activated
9186,63,B3,7,1,0,E3,E1,True,42,41,False,SDC
9187,63,B3,7,1,1,E3,E3,False,42,42,False,Not activated
9188,63,B3,7,2,0,E3,E3,False,42,42,False,Not activated
9189,63,B3,7,2,1,E3,E7,True,42,42,False,Masked
9190,63,B3,7,3,0,E3,E3,False,42,42,False,Not activated
9191,63,B3,7,3,1,E3,EB,True,42,43,False,SDC
9192,63,B3,7,4,0,E3,E3,False,42,42,False,Not activated
9193,63,B3,7,4,1,E3,F3,True,42,45,False,SDC
9194,63,B3,7,5,0,E3,C3,True,42,35,False,SDC
9195,63,B3,7,5,1,E3,E3,False,42,42,False,Not activated
9196,63,B3,7,6,0,E3,A3,True,42,1C,False,SDC
9197,63,B3,7,6,1,E3,E3,False,42,42,False,Not activated
9198,63,B3,7,7,0,E3,63,True,42,62,False,SDC
9199,63,B3,7,7,1,E3,E3,False,42,42,False,Not activated
9200,63,C0,8,0,0,27,26,True,42,41,False,SDC
9201,63,C0,8,0,1,27,27,False,42,42,False,Not activated
9202,63,C0,8,1,0,27,25,True,42,40,False,SDC
9203,63,C0,8,1,1,27,27,False,42,42,False,Not activated
9204,63,C0,8,2,0,27,23,True,42,3F,False,SDC
9205,63,C0,8,2,1,27,27,False,42,42,False,Not activated
9206,63,C0,8,3,0,27,27,False,42,42,False,Not activated
9207,63,C0,8,3,1,27,2F,True,42,46,False,SDC
9208,63,C0,8,4,0,27,27,False,42,42,False,Not activated
9209,63,C0,8,4,1,27,37,True,42,4A,False,SDC
9210,63,C0,8,5,0,27,07,True,42,23,False,SDC
9211,63,C0,8,5,1,27,27,False,42,42,False,Not activated
9212,63,C0,8,6,0,27,27,False,42,42,False,Not activated
9213,63,C0,8,6,1,27,67,True,42,6A,False,SDC
9214,63,C0,8,7,0,27,27,False,42,42,False,Not activated
9215,63,C0,8,7,1,27,A7,True,42,B5,False,SDC
9216,64,A0,0,0,0,05,04,True,10,10,False,Masked
9217,64,A0,0,0,1,05,05,False,10,10,False,Not activated
9218,64,A0,0,1,0,05,05,False,10,10,False,Not activated
9219,64,A0,0,1,1,05,07,True,10,0F,False,SDC
9220,64,A0,0,2,0,05,01,True,10,11,False,SDC
9221,64,A0,0,2,1,05,05,False,10,10,False,Not activated
9222,64,A0,0,3,0,05,05,False,10,10,False,Not activated
9223,64,A0,0,3,1,05,0D,True,10,0C,False,SDC
9224,64,A0,0,4,0,05,05,False,10,10,False,Not activated
9225,64,A0,0,4,1,05,15,True,10,08,False,SDC
9226,64,A0,0,5,0,05,05,False,10,10,False,Not activated
9227,64,A0,0,5,1,05,25,True,10,01,False,SDC
9228,64,A0,0,6,0,05,05,False,10,10,False,Not activated
9229,64,A0,0,6,1,05,45,True,10,EF,False,SDC
9230,64,A0,0,7,0,05,05,False,10,10,False,Not activated
9231,64,A0,0,7,1,05,85,True,10,76,False,SDC
9232,64,A1,1,0,0,FE,FE,False,10,10,False,Not activated
9233,64,A1,1,0,1,FE,FF,True,10,10,False,Masked
9234,64,A1,1,1,0,FE,FC,True,10,0E,False,SDC
9235,64,A1,1,1,1,FE,FE,False,10,10,False,Not activated
9236,64,A1,1,2,0,FE,FA,True,10,0D,False,SDC
9237,64,A1,1,2,1,FE,FE,False,10,10,False,Not activated
9238,64,A1,1,3,0,FE,F6,True,10,0A,False,SDC
9239,64,A1,1,3,1,FE,FE,False,10,10,False,Not activated
9240,64,A1,1,4,0,FE,EE,True,10,04,False,SDC
9241,64,A1,1,4,1,FE,FE,False,10,10,False,Not activated
9242,64,A1,1,5,0,FE,DE,True,10,F9,False,SDC
9243,64,A1,1,5,1,FE,FE,False,10,10,False,Not activated
9244,64,A1,1,6,0,FE,BE,True,10,E1,False,SDC
9245,64,A1,1,6,1,FE,FE,False,10,10,False,Not activated
9246,64,A1,1,7,0,FE,7E,True,10,7D,False,SDC
9247,64,A1,1,7,1,FE,FE,False,10,10,False,Not activated
9248,64,A2,2,0,0,F8,F8,False,10,10,False,Not activated
9249,64,A2,2,0,1,F8,F9,True,10,10,False,Masked
9250,64,A2,2,1,0,F8,F8,False,10,10,False,Not activated
9251,64,A2,2,1,1,F8,FA,True,10,11,False,SDC
9252,64,A2,2,2,0,F8,F8,False,10,10,False,Not activated
9253,64,A2,2,2,1,F8,FC,True,10,12,False,SDC
9254,64,A2,2,3,0,F8,F0,True,10,0B,False,SDC
9255,64,A2,2,3,1,F8,F8,False,10,10,False,Not activated
9256,64,A2,2,4,0,F8,E8,True,10,05,False,SDC
9257,64,A2,2,4,1,F8,F8,False,10,10,False,Not activated
9258,64,A2,2,5,0,F8,D8,True,10,FB,False,SDC
9259,64,A2,2,5,1,F8,F8,False,10,10,False,Not activated
9260,64,A2,2,6,0,F8,B8,True,10,E1,False,SDC
9261,64,A2,2,6,1,F8,F8,False,10,10,False,Not activated
9262,64,A2,2,7,0,F8,78,True,10,73,False,SDC
9263,64,A2,2,7,1,F8,F8,False,10,10,False,Not activated
9264,64,A3,3,0,0,1E,1E,False,10,10,False,Not activated
9265,64,A3,3,0,1,1E,1F,True,10,0F,False,SDC
9266,64,A3,3,1,0,1E,1C,True,10,12,False,SDC
9267,64,A3,3,1,1,1E,1E,False,10,10,False,Not activated
9268,64,A3,3,2,0,1E,1A,True,10,13,False,SDC
9269,64,A3,3,2,1,1E,1E,False,10,10,False,Not activated
9270,64,A3,3,3,0,1E,16,True,10,17,False,SDC
9271,64,A3,3,3,1,1E,1E,False,10,10,False,Not activated
9272,64,A3,3,4,0,1E,0E,True,10,1D,False,SDC
9273,64,A3,3,4,1,1E,1E,False,10,10,False,Not activated
9274,64,A3,3,5,0,1E,1E,False,10,10,False,Not activated
9275,64,A3,3,5,1,1E,3E,True,10,F6,False,SDC
9276,64,A3,3,6,0,1E,1E,False,10,10,False,Not activated
9277,64,A3,3,6,1,1E,5E,True,10,C1,False,SDC
9278,64,A3,3,7,0,1E,1E,False,10,10,False,Not activated
9279,64,A3,3,7,1,1E,9E,True,10,64,False,SDC
9280,64,B0,4,0,0,E2,E2,False,10,10,False,Not activated
9281,64,B0,4,0,1,E2,E3,True,10,10,False,Masked
9282,64,B0,4,1,0,E2,E0,True,10,10,False,Masked
9283,64,B0,4,1,1,E2,E2,False,10,10,False,Not activated
9284,64,B0,4,2,0,E2,E2,False,10,10,False,Not activated
9285,64,B0,4,2,1,E2,E6,True,10,10,False,Masked
9286,64,B0,4,3,0,E2,E2,False,10,10,False,Not activated
9287,64,B0,4,3,1,E2,EA,True,10,10,False,Masked
9288,64,B0,4,4,0,E2,E2,False,10,10,False,Not activated
9289,64,B0,4,4,1,E2,F2,True,10,11,False,SDC
9290,64,B0,4,5,0,E2,C2,True,10,0D,False,SDC
9291,64,B0,4,5,1,E2,E2,False,10,10,False,Not activated
9292,64,B0,4,6,0,E2,A2,True,10,08,False,SDC
9293,64,B0,4,6,1,E2,E2,False,10,10,False,Not activated
9294,64,B0,4,7,0,E2,62,True,10,1D,False,SDC
9295,64,B0,4,7,1,E2,E2,False,10,10,False,Not activated
9296,64,B1,5,0,0,2D,2C,True,10,10,False,Masked
9297,64,B1,5,0,1,2D,2D,False,10,10,False,Not activated
9298,64,B1,5,1,0,2D,2D,False,10,10,False,Not activated
9299,64,B1,5,1,1,2D,2F,True,10,10,False,Masked
9300,64,B1,5,2,0,2D,29,True,10,10,False,Masked
9301,64,B1,5,2,1,2D,2D,False,10,10,False,Not activated
9302,64,B1,5,3,0,2D,25,True,10,10,False,Masked
9303,64,B1,5,3,1,2D,2D,False,10,10,False,Not activated
9304,64,B1,5,4,0,2D,2D,False,10,10,False,Not activated
9305,64,B1,5,4,1,2D,3D,True,10,0F,False,SDC
9306,64,B1,5,5,0,2D,0D,True,10,10,False,Masked
9307,64,B1,5,5,1,2D,2D,False,10,10,False,Not activated
9308,64,B1,5,6,0,2D,2D,False,10,10,False,Not activated
9309,64,B1,5,6,1,2D,6D,True,10,0A,False,SDC
9310,64,B1,5,7,0,2D,2D,False,10,10,False,Not activated
9311,64,B1,5,7,1,2D,AD,True,10,14,False,SDC
9312,64,B2,6,0,0,2A,2A,False,10,10,False,Not activated
9313,64,B2,6,0,1,2A,2B,True,10,10,False,Masked
9314,64,B2,6,1,0,2A,28,True,10,10,False,Masked
9315,64,B2,6,1,1,2A,2A,False,10,10,False,Not activated
9316,64,B2,6,2,0,2A,2A,False,10,10,False,Not activated
9317,64,B2,6,2,1,2A,2E,True,10,0F,False,SDC
9318,64,B2,6,3,0,2A,22,True,10,11,False,SDC
9319,64,B2,6,3,1,2A,2A,False,10,10,False,Not activated
9320,64,B2,6,4,0,2A,2A,False,10,10,False,Not activated
9321,64,B2,6,4,1,2A,3A,True,10,0E,False,SDC
9322,64,B2,6,5,0,2A,0A,True,10,14,False,SDC
9323,64,B2,6,5,1,2A,2A,False,10,10,False,Not activated
9324,64,B2,6,6,0,2A,2A,False,10,10,False,Not activated
9325,64,B2,6,6,1,2A,6A,True,10,FB,False,SDC
9326,64,B2,6,7,0,2A,2A,False,10,10,False,Not activated
9327,64,B2,6,7,1,2A,AA,True,10,23,False,SDC
9328,64,B3,7,0,0,CB,CA,True,10,10,False,Masked
9329,64,B3,7,0,1,CB,CB,False,10,10,False,Not activated
9330,64,B3,7,1,0,CB,C9,True,10,0F,False,SDC
9331,64,B3,7,1,1,CB,CB,False,10,10,False,Not activated
9332,64,B3,7,2,0,CB,CB,False,10,10,False,Not activated
9333,64,B3,7,2,1,CB,CF,True,10,12,False,SDC
9334,64,B3,7,3,0,CB,C3,True,10,0C,False,SDC
9335,64,B3,7,3,1,CB,CB,False,10,10,False,Not activated
9336,64,B3,7,4,0,CB,CB,False,10,10,False,Not activated
9337,64,B3,7,4,1,CB,DB,True,10,18,False,SDC
9338,64,B3,7,5,0,CB,CB,False,10,10,False,Not activated
9339,64,B3,7,5,1,CB,EB,True,10,1F,False,SDC
9340,64,B3,7,6,0,CB,8B,True,10,9D,False,SDC
9341,64,B3,7,6,1,CB,CB,False,10,10,False,Not activated
9342,64,B3,7,7,0,CB,4B,True,10,48,False,SDC
9343,64,B3,7,7,1,CB,CB,False,10,10,False,Not activated
9344,64,C0,8,0,0,31,30,True,10,0F,False,SDC
9345,64,C0,8,0,1,31,31,False,10,10,False,Not activated
9346,64,C0,8,1,0,31,31,False,10,10,False,Not activated
9347,64,C0,8,1,1,31,33,True,10,12,False,SDC
9348,64,C0,8,2,0,31,31,False,10,10,False,Not activated
9349,64,C0,8,2,1,31,35,True,10,14,False,SDC
9350,64,C0,8,3,0,31,31,False,10,10,False,Not activated
9351,64,C0,8,3,1,31,39,True,10,18,False,SDC
9352,64,C0,8,4,0,31,21,True,10,00,False,SDC
9353,64,C0,8,4,1,31,31,False,10,10,False,Not activated
9354,64,C0,8,5,0,31,11,True,10,F0,False,SDC
9355,64,C0,8,5,1,31,31,False,10,10,False,Not activated
9356,64,C0,8,6,0,31,31,False,10,10,False,Not activated
9357,64,C0,8,6,1,31,71,True,10,70,False,SDC
9358,64,C0,8,7,0,31,31,False,10,10,False,Not activated
9359,64,C0,8,7,1,31,B1,True,10,A0,False,SDC
9360,65,A0,0,0,0,DF,DE,True,40,41,False,SDC
9361,65,A0,0,0,1,DF,DF,False,40,40,False,Not activated
9362,65,A0,0,1,0,DF,DD,True,40,42,False,SDC
9363,65,A0,0,1,1,DF,DF,False,40,40,False,Not activated
9364,65,A0,0,2,0,DF,DB,True,40,42,False,SDC
9365,65,A0,0,2,1,DF,DF,False,40,40,False,Not activated
9366,65,A0,0,3,0,DF,D7,True,40,44,False,SDC
9367,65,A0,0,3,1,DF,DF,False,40,40,False,Not activated
9368,65,A0,0,4,0,DF,CF,True,40,48,False,SDC
9369,65,A0,0,4,1,DF,DF,False,40,40,False,Not activated
9370,65,A0,0,5,0,DF,DF,False,40,40,False,Not activated
9371,65,A0,0,5,1,DF,FF,True,40,23,False,SDC
9372,65,A0,0,6,0,DF,9F,True,40,64,False,SDC
9373,65,A0,0,6,1,DF,DF,False,40,40,False,Not activated
9374,65,A0,0,7,0,DF,5F,True,40,B6,False,SDC
9375,65,A0,0,7,1,DF,DF,False,40,40,False,Not activated
9376,65,A1,1,0,0,FB,FA,True,40,40,False,Masked
9377,65,A1,1,0,1,FB,FB,False,40,40,False,Not activated
9378,65,A1,1,1,0,FB,F9,True,40,40,False,Masked
9379,65,A1,1,1,1,FB,FB,False,40,40,False,Not activated
9380,65,A1,1,2,0,FB,FB,False,40,40,False,Not activated
9381,65,A1,1,2,1,FB,FF,True,40,42,False,SDC
9382,65,A1,1,3,0,FB,F3,True,40,3C,False,SDC
9383,65,A1,1,3,1,FB,FB,False,40,40,False,Not activated
9384,65,A1,1,4,0,FB,EB,True,40,36,False,SDC
9385,65,A1,1,4,1,FB,FB,False,40,40,False,Not activated
9386,65,A1,1,5,0,FB,DB,True,40,2B,False,SDC
9387,65,A1,1,5,1,FB,FB,False,40,40,False,Not activated
9388,65,A1,1,6,0,FB,BB,True,40,11,False,SDC
9389,65,A1,1,6,1,FB,FB,False,40,40,False,Not activated
9390,65,A1,1,7,0,FB,7B,True,40,79,False,SDC
9391,65,A1,1,7,1,FB,FB,False,40,40,False,Not activated
9392,65,A2,2,0,0,0E,0E,False,40,40,False,Not activated
9393,65,A2,2,0,1,0E,0F,True,40,40,False,Masked
9394,65,A2,2,1,0,0E,0C,True,40,41,False,SDC
9395,65,A2,2,1,1,0E,0E,False,40,40,False,Not activated
9396,65,A2,2,2,0,0E,0A,True,40,42,False,SDC
9397,65,A2,2,2,1,0E,0E,False,40,40,False,Not activated
9398,65,A2,2,3,0,0E,06,True,40,43,False,SDC
9399,65,A2,2,3,1,0E,0E,False,40,40,False,Not activated
9400,65,A2,2,4,0,0E,0E,False,40,40,False,Not activated
9401,65,A2,2,4,1,0E,1E,True,40,37,False,SDC
9402,65,A2,2,5,0,0E,0E,False,40,40,False,Not activated
9403,65,A2,2,5,1,0E,2E,True,40,2D,False,SDC
9404,65,A2,2,6,0,0E,0E,False,40,40,False,Not activated
9405,65,A2,2,6,1,0E,4E,True,40,0F,False,SDC
9406,65,A2,2,7,0,0E,0E,False,40,40,False,Not activated
9407,65,A2,2,7,1,0E,8E,True,40,71,False,SDC
9408,65,A3,3,0,0,F1,F0,True,40,40,False,Masked
9409,65,A3,3,0,1,F1,F1,False,40,40,False,Not activated
9410,65,A3,3,1,0,F1,F1,False,40,40,False,Not activated
9411,65,A3,3,1,1,F1,F3,True,40,40,False,Masked
9412,65,A3,3,2,0,F1,F1,False,40,40,False,Not activated
9413,65,A3,3,2,1,F1,F5,True,40,3E,False,SDC
9414,65,A3,3,3,0,F1,F1,False,40,40,False,Not activated
9415,65,A3,3,3,1,F1,F9,True,40,3C,False,SDC
9416,65,A3,3,4,0,F1,E1,True,40,45,False,SDC
9417,65,A3,3,4,1,F1,F1,False,40,40,False,Not activated
9418,65,A3,3,5,0,F1,D1,True,40,4A,False,SDC
9419,65,A3,3,5,1,F1,F1,False,40,40,False,Not activated
9420,65,A3,3,6,0,F1,B1,True,40,57,False,SDC
9421,65,A3,3,6,1,F1,F1,False,40,40,False,Not activated
9422,65,A3,3,7,0,F1,71,True,40,A7,False,SDC
9423,65,A3,3,7,1,F1,F1,False,40,40,False,Not activated
9424,65,B0,4,0,0,C4,C4,False,40,40,False,Not activated
9425,65,B0,4,0,1,C4,C5,True,40,40,False,Masked
9426,65,B0,4,1,0,C4,C4,False,40,40,False,Not activated
9427,65,B0,4,1,1,C4,C6,True,40,40,False,Masked
9428,65,B0,4,2,0,C4,C0,True,40,42,False,SDC
9429,65,B0,4,2,1,C4,C4,False,40,40,False,Not activated
9430,65,B0,4,3,0,C4,C4,False,40,40,False,Not activated
9431,65,B0,4,3,1,C4,CC,True,40,3D,False,SDC
9432,65,B0,4,4,0,C4,C4,False,40,40,False,Not activated
9433,65,B0,4,4,1,C4,D4,True,40,39,False,SDC
9434,65,B0,4,5,0,C4,C4,False,40,40,False,Not activated
9435,65,B0,4,5,1,C4,E4,True,40,30,False,SDC
9436,65,B0,4,6,0,C4,84,True,40,78,False,SDC
9437,65,B0,4,6,1,C4,C4,False,40,40,False,Not activated
9438,65,B0,4,7,0,C4,44,True,40,FD,False,SDC
9439,65,B0,4,7,1,C4,C4,False,40,40,False,Not activated
9440,65,B1,5,0,0,2D,2C,True,40,41,False,SDC
9441,65,B1,5,0,1,2D,2D,False,40,40,False,Not activated
9442,65,B1,5,1,0,2D,2D,False,40,40,False,Not activated
9443,65,B1,5,1,1,2D,2F,True,40,40,False,Masked
9444,65,B1,5,2,0,2D,29,True,40,41,False,SDC
9445,65,B1,5,2,1,2D,2D,False,40,40,False,Not activated
9446,65,B1,5,3,0,2D,25,True,40,41,False,SDC
9447,65,B1,5,3,1,2D,2D,False,40,40,False,Not activated
9448,65,B1,5,4,0,2D,2D,False,40,40,False,Not activated
9449,65,B1,5,4,1,2D,3D,True,40,40,False,Masked
9450,65,B1,5,5,0,2D,0D,True,40,42,False,SDC
9451,65,B1,5,5,1,2D,2D,False,40,40,False,Not activated
9452,65,B1,5,6,0,2D,2D,False,40,40,False,Not activated
9453,65,B1,5,6,1,2D,6D,True,40,33,False,SDC
9454,65,B1,5,7,0,2D,2D,False,40,40,False,Not activated
9455,65,B1,5,7,1,2D,AD,True,40,46,False,SDC
9456,65,B2,6,0,0,D7,D6,True,40,40,False,Masked
9457,65,B2,6,0,1,D7,D7,False,40,40,False,Not activated
9458,65,B2,6,1,0,D7,D5,True,40,40,False,Masked
9459,65,B2,6,1,1,D7,D7,False,40,40,False,Not activated
9460,65,B2,6,2,0,D7,D3,True,40,40,False,Masked
9461,65,B2,6,2,1,D7,D7,False,40,40,False,Not activated
9462,65,B2,6,3,0,D7,D7,False,40,40,False,Not activated
9463,65,B2,6,3,1,D7,DF,True,40,42,False,SDC
9464,65,B2,6,4,0,D7,C7,True,40,3E,False,SDC
9465,65,B2,6,4,1,D7,D7,False,40,40,False,Not activated
9466,65,B2,6,5,0,D7,D7,False,40,40,False,Not activated
9467,65,B2,6,5,1,D7,F7,True,40,44,False,SDC
9468,65,B2,6,6,0,D7,97,True,40,1E,False,SDC
9469,65,B2,6,6,1,D7,D7,False,40,40,False,Not activated
9470,65,B2,6,7,0,D7,57,True,40,51,False,SDC
9471,65,B2,6,7,1,D7,D7,False,40,40,False,Not activated
9472,65,B3,7,0,0,DB,DA,True,40,40,False,Masked
9473,65,B3,7,0,1,DB,DB,False,40,40,False,Not activated
9474,65,B3,7,1,0,DB,D9,True,40,40,False,Masked
9475,65,B3,7,1,1,DB,DB,False,40,40,False,Not activated
9476,65,B3,7,2,0,DB,DB,False,40,40,False,Not activated
9477,65,B3,7,2,1,DB,DF,True,40,40,False,Masked
9478,65,B3,7,3,0,DB,D3,True,40,42,False,SDC
9479,65,B3,7,3,1,DB,DB,False,40,40,False,Not activated
9480,65,B3,7,4,0,DB,CB,True,40,42,False,SDC
9481,65,B3,7,4,1,DB,DB,False,40,40,False,Not activated
9482,65,B3,7,5,0,DB,DB,False,40,40,False,Not activated
9483,65,B3,7,5,1,DB,FB,True,40,39,False,SDC
9484,65,B3,7,6,0,DB,9B,True,40,50,False,SDC
9485,65,B3,7,6,1,DB,DB,False,40,40,False,Not activated
9486,65,B3,7,7,0,DB,5B,True,40,1C,False,SDC
9487,65,B3,7,7,1,DB,DB,False,40,40,False,Not activated
9488,65,C0,8,0,0,26,26,False,40,40,False,Not activated
9489,65,C0,8,0,1,26,27,True,40,41,False,SDC
9490,65,C0,8,1,0,26,24,True,40,3F,False,SDC
9491,65,C0,8,1,1,26,26,False,40,40,False,Not activated
9492,65,C0,8,2,0,26,22,True,40,3D,False,SDC
9493,65,C0,8,2,1,26,26,False,40,40,False,Not activated
9494,65,C0,8,3,0,26,26,False,40,40,False,Not activated
9495,65,C0,8,3,1,26,2E,True,40,44,False,SDC
9496,65,C0,8,4,0,26,26,False,40,40,False,Not activated
9497,65,C0,8,4,1,26,36,True,40,48,False,SDC
9498,65,C0,8,5,0,26,06,True,40,21,False,SDC
9499,65,C0,8,5,1,26,26,False,40,40,False,Not activated
9500,65,C0,8,6,0,26,26,False,40,40,False,Not activated
9501,65,C0,8,6,1,26,66,True,40,69,False,SDC
9502,65,C0,8,7,0,26,26,False,40,40,False,Not activated
9503,65,C0,8,7,1,26,A6,True,40,B4,False,SDC
9504,66,A0,0,0,0,EC,EC,False,1C,1C,False,Not activated
9505,66,A0,0,0,1,EC,ED,True,1C,1B,False,SDC
9506,66,A0,0,1,0,EC,EC,False,1C,1C,False,Not activated
9507,66,A0,0,1,1,EC,EE,True,1C,1A,False,SDC
9508,66,A0,0,2,0,EC,E8,True,1C,20,False,SDC
9509,66,A0,0,2,1,EC,EC,False,1C,1C,False,Not activated
9510,66,A0,0,3,0,EC,E4,True,1C,24,False,SDC
9511,66,A0,0,3,1,EC,EC,False,1C,1C,False,Not activated
9512,66,A0,0,4,0,EC,EC,False,1C,1C,False,Not activated
9513,66,A0,0,4,1,EC,FC,True,1C,0C,False,SDC
9514,66,A0,0,5,0,EC,CC,True,1C,3C,False,SDC
9515,66,A0,0,5,1,EC,EC,False,1C,1C,False,Not activated
9516,66,A0,0,6,0,EC,AC,True,1C,56,False,SDC
9517,66,A0,0,6,1,EC,EC,False,1C,1C,False,Not activated
9518,66,A0,0,7,0,EC,6C,True,1C,96,False,SDC
9519,66,A0,0,7,1,EC,EC,False,1C,1C,False,Not activated
9520,66,A1,1,0,0,31,30,True,1C,1B,False,SDC
9521,66,A1,1,0,1,31,31,False,1C,1C,False,Not activated
9522,66,A1,1,1,0,31,31,False,1C,1C,False,Not activated
9523,66,A1,1,1,1,31,33,True,1C,1C,False,Masked
9524,66,A1,1,2,0,31,31,False,1C,1C,False,Not activated
9525,66,A1,1,2,1,31,35,True,1C,20,False,SDC
9526,66,A1,1,3,0,31,31,False,1C,1C,False,Not activated
9527,66,A1,1,3,1,31,39,True,1C,24,False,SDC
9528,66,A1,1,4,0,31,21,True,1C,0D,False,SDC
9529,66,A1,1,4,1,31,31,False,1C,1C,False,Not activated
9530,66,A1,1,5,0,31,11,True,1C,FF,False,SDC
9531,66,A1,1,5,1,31,31,False,1C,1C,False,Not activated
9532,66,A1,1,6,0,31,31,False,1C,1C,False,Not activated
9533,66,A1,1,6,1,31,71,True,1C,70,False,SDC
9534,66,A1,1,7,0,31,31,False,1C,1C,False,Not activated
9535,66,A1,1,7,1,31,B1,True,1C,AE,False,SDC
9536,66,A2,2,0,0,1A,1A,False,1C,1C,False,Not activated
9537,66,A2,2,0,1,1A,1B,True,1C,1C,False,Masked
9538,66,A2,2,1,0,1A,18,True,1C,1E,False,SDC
9539,66,A2,2,1,1,1A,1A,False,1C,1C,False,Not activated
9540,66,A2,2,2,0,1A,1A,False,1C,1C,False,Not activated
9541,66,A2,2,2,1,1A,1E,True,1C,19,False,SDC
9542,66,A2,2,3,0,1A,12,True,1C,23,False,SDC
9543,66,A2,2,3,1,1A,1A,False,1C,1C,False,Not activated
9544,66,A2,2,4,0,1A,0A,True,1C,2A,False,SDC
9545,66,A2,2,4,1,1A,1A,False,1C,1C,False,Not activated
9546,66,A2,2,5,0,1A,1A,False,1C,1C,False,Not activated
9547,66,A2,2,5,1,1A,3A,True,1C,02,False,SDC
9548,66,A2,2,6,0,1A,1A,False,1C,1C,False,Not activated
9549,66,A2,2,6,1,1A,5A,True,1C,D3,False,SDC
9550,66,A2,2,7,0,1A,1A,False,1C,1C,False,Not activated
9551,66,A2,2,7,1,1A,9A,True,1C,68,False,SDC
9552,66,A3,3,0,0,E3,E2,True,1C,1C,False,Masked
9553,66,A3,3,0,1,E3,E3,False,1C,1C,False,Not activated
9554,66,A3,3,1,0,E3,E1,True,1C,1B,False,SDC
9555,66,A3,3,1,1,E3,E3,False,1C,1C,False,Not activated
9556,66,A3,3,2,0,E3,E3,False,1C,1C,False,Not activated
9557,66,A3,3,2,1,E3,E7,True,1C,1E,False,SDC
9558,66,A3,3,3,0,E3,E3,False,1C,1C,False,Not activated
9559,66,A3,3,3,1,E3,EB,True,1C,20,False,SDC
9560,66,A3,3,4,0,E3,E3,False,1C,1C,False,Not activated
9561,66,A3,3,4,1,E3,F3,True,1C,23,False,SDC
9562,66,A3,3,5,0,E3,C3,True,1C,0E,False,SDC
9563,66,A3,3,5,1,E3,E3,False,1C,1C,False,Not activated
9564,66,A3,3,6,0,E3,A3,True,1C,F3,False,SDC
9565,66,A3,3,6,1,E3,E3,False,1C,1C,False,Not activated
9566,66,A3,3,7,0,E3,63,True,1C,56,False,SDC
9567,66,A3,3,7,1,E3,E3,False,1C,1C,False,Not activated
9568,66,B0,4,0,0,C1,C0,True,1C,1C,False,Masked
9569,66,B0,4,0,1,C1,C1,False,1C,1C,False,Not activated
9570,66,B0,4,1,0,C1,C1,False,1C,1C,False,Not activated
9571,66,B0,4,1,1,C1,C3,True,1C,1B,False,SDC
9572,66,B0,4,2,0,C1,C1,False,1C,1C,False,Not activated
9573,66,B0,4,2,1,C1,C5,True,1C,1A,False,SDC
9574,66,B0,4,3,0,C1,C1,False,1C,1C,False,Not activated
9575,66,B0,4,3,1,C1,C9,True,1C,19,False,SDC
9576,66,B0,4,4,0,C1,C1,False,1C,1C,False,Not activated
9577,66,B0,4,4,1,C1,D1,True,1C,17,False,SDC
9578,66,B0,4,5,0,C1,C1,False,1C,1C,False,Not activated
9579,66,B0,4,5,1,C1,E1,True,1C,12,False,SDC
9580,66,B0,4,6,0,C1,81,True,1C,7C,False,SDC
9581,66,B0,4,6,1,C1,C1,False,1C,1C,False,Not activated
9582,66,B0,4,7,0,C1,41,True,1C,F3,False,SDC
9583,66,B0,4,7,1,C1,C1,False,1C,1C,False,Not activated
9584,66,B1,5,0,0,39,38,True,1C,1B,False,SDC
9585,66,B1,5,0,1,39,39,False,1C,1C,False,Not activated
9586,66,B1,5,1,0,39,39,False,1C,1C,False,Not activated
9587,66,B1,5,1,1,39,3B,True,1C,1C,False,Masked
9588,66,B1,5,2,0,39,39,False,1C,1C,False,Not activated
9589,66,B1,5,2,1,39,3D,True,1C,20,False,SDC
9590,66,B1,5,3,0,39,31,True,1C,16,False,SDC
9591,66,B1,5,3,1,39,39,False,1C,1C,False,Not activated
9592,66,B1,5,4,0,39,29,True,1C,0F,False,SDC
9593,66,B1,5,4,1,39,39,False,1C,1C,False,Not activated
9594,66,B1,5,5,0,39,19,True,1C,03,False,SDC
9595,66,B1,5,5,1,39,39,False,1C,1C,False,Not activated
9596,66,B1,5,6,0,39,39,False,1C,1C,False,Not activated
9597,66,B1,5,6,1,39,79,True,1C,77,False,SDC
9598,66,B1,5,7,0,39,39,False,1C,1C,False,Not activated
9599,66,B1,5,7,1,39,B9,True,1C,BA,False,SDC
9600,66,B2,6,0,0,CB,CA,True,1C,1C,False,Masked
9601,66,B2,6,0,1,CB,CB,False,1C,1C,False,Not activated
9602,66,B2,6,1,0,CB,C9,True,1C,1C,False,Masked
9603,66,B2,6,1,1,CB,CB,False,1C,1C,False,Not activated
9604,66,B2,6,2,0,CB,CB,False,1C,1C,False,Not activated
9605,66,B2,6,2,1,CB,CF,True,1C,1E,False,SDC
9606,66,B2,6,3,0,CB,C3,True,1C,19,False,SDC
9607,66,B2,6,3,1,CB,CB,False,1C,1C,False,Not activated
9608,66,B2,6,4,0,CB,CB,False,1C,1C,False,Not activated
9609,66,B2,6,4,1,CB,DB,True,1C,23,False,SDC
9610,66,B2,6,5,0,CB,CB,False,1C,1C,False,Not activated
9611,66,B2,6,5,1,CB,EB,True,1C,29,False,SDC
9612,66,B2,6,6,0,CB,8B,True,1C,A4,False,SDC
9613,66,B2,6,6,1,CB,CB,False,1C,1C,False,Not activated
9614,66,B2,6,7,0,CB,4B,True,1C,4A,False,SDC
9615,66,B2,6,7,1,CB,CB,False,1C,1C,False,Not activated
9616,66,B3,7,0,0,1C,1C,False,1C,1C,False,Not activated
9617,66,B3,7,0,1,1C,1D,True,1C,1C,False,Masked
9618,66,B3,7,1,0,1C,1C,False,1C,1C,False,Not activated
9619,66,B3,7,1,1,1C,1E,True,1C,1B,False,SDC
9620,66,B3,7,2,0,1C,18,True,1C,1E,False,SDC
9621,66,B3,7,2,1,1C,1C,False,1C,1C,False,Not activated
9622,66,B3,7,3,0,1C,14,True,1C,20,False,SDC
9623,66,B3,7,3,1,1C,1C,False,1C,1C,False,Not activated
9624,66,B3,7,4,0,1C,0C,True,1C,24,False,SDC
9625,66,B3,7,4,1,1C,1C,False,1C,1C,False,Not activated
9626,66,B3,7,5,0,1C,1C,False,1C,1C,False,Not activated
9627,66,B3,7,5,1,1C,3C,True,1C,0E,False,SDC
9628,66,B3,7,6,0,1C,1C,False,1C,1C,False,Not activated
9629,66,B3,7,6,1,1C,5C,True,1C,F3,False,SDC
9630,66,B3,7,7,0,1C,1C,False,1C,1C,False,Not activated
9631,66,B3,7,7,1,1C,9C,True,1C,58,False,SDC
9632,66,C0,8,0,0,FF,FE,True,1C,1B,False,SDC
9633,66,C0,8,0,1,FF,FF,False,1C,1C,False,Not activated
9634,66,C0,8,1,0,FF,FD,True,1C,1A,False,SDC
9635,66,C0,8,1,1,FF,FF,False,1C,1C,False,Not activated
9636,66,C0,8,2,0,FF,FB,True,1C,18,False,SDC
9637,66,C0,8,2,1,FF,FF,False,1C,1C,False,Not activated
9638,66,C0,8,3,0,FF,F7,True,1C,14,False,SDC
9639,66,C0,8,3,1,FF,FF,False,1C,1C,False,Not activated
9640,66,C0,8,4,0,FF,EF,True,1C,0C,False,SDC
9641,66,C0,8,4,1,FF,FF,False,1C,1C,False,Not activated
9642,66,C0,8,5,0,FF,DF,True,1C,FC,False,SDC
9643,66,C0,8,5,1,FF,FF,False,1C,1C,False,Not activated
9644,66,C0,8,6,0,FF,BF,True,1C,DB,False,SDC
9645,66,C0,8,6,1,FF,FF,False,1C,1C,False,Not activated
9646,66,C0,8,7,0,FF,7F,True,1C,7F,False,SDC
9647,66,C0,8,7,1,FF,FF,False,1C,1C,False,Not activated
9648,67,A0,0,0,0,21,20,True,DA,D9,False,SDC
9649,67,A0,0,0,1,21,21,False,DA,DA,False,Not activated
9650,67,A0,0,1,0,21,21,False,DA,DA,False,Not activated
9651,67,A0,0,1,1,21,23,True,DA,DB,False,SDC
9652,67,A0,0,2,0,21,21,False,DA,DA,False,Not activated
9653,67,A0,0,2,1,21,25,True,DA,DC,False,SDC
9654,67,A0,0,3,0,21,21,False,DA,DA,False,Not activated
9655,67,A0,0,3,1,21,29,True,DA,DF,False,SDC
9656,67,A0,0,4,0,21,21,False,DA,DA,False,Not activated
9657,67,A0,0,4,1,21,31,True,DA,E3,False,SDC
9658,67,A0,0,5,0,21,01,True,DA,C8,False,SDC
9659,67,A0,0,5,1,21,21,False,DA,DA,False,Not activated
9660,67,A0,0,6,0,21,21,False,DA,DA,False,Not activated
9661,67,A0,0,6,1,21,61,True,DA,15,False,SDC
9662,67,A0,0,7,0,21,21,False,DA,DA,False,Not activated
9663,67,A0,0,7,1,21,A1,True,DA,A0,False,SDC
9664,67,A1,1,0,0,18,18,False,DA,DA,False,Not activated
9665,67,A1,1,0,1,18,19,True,DA,DA,False,Masked
9666,67,A1,1,1,0,18,18,False,DA,DA,False,Not activated
9667,67,A1,1,1,1,18,1A,True,DA,D9,False,SDC
9668,67,A1,1,2,0,18,18,False,DA,DA,False,Not activated
9669,67,A1,1,2,1,18,1C,True,DA,D7,False,SDC
9670,67,A1,1,3,0,18,10,True,DA,E1,False,SDC
9671,67,A1,1,3,1,18,18,False,DA,DA,False,Not activated
9672,67,A1,1,4,0,18,08,True,DA,E8,False,SDC
9673,67,A1,1,4,1,18,18,False,DA,DA,False,Not activated
9674,67,A1,1,5,0,18,18,False,DA,DA,False,Not activated
9675,67,A1,1,5,1,18,38,True,DA,C0,False,SDC
9676,67,A1,1,6,0,18,18,False,DA,DA,False,Not activated
9677,67,A1,1,6,1,18,58,True,DA,AA,False,SDC
9678,67,A1,1,7,0,18,18,False,DA,DA,False,Not activated
9679,67,A1,1,7,1,18,98,True,DA,61,False,SDC
9680,67,A2,2,0,0,13,12,True,DA,DB,False,SDC
9681,67,A2,2,0,1,13,13,False,DA,DA,False,Not activated
9682,67,A2,2,1,0,13,11,True,DA,DB,False,SDC
9683,67,A2,2,1,1,13,13,False,DA,DA,False,Not activated
9684,67,A2,2,2,0,13,13,False,DA,DA,False,Not activated
9685,67,A2,2,2,1,13,17,True,DA,D8,False,SDC
9686,67,A2,2,3,0,13,13,False,DA,DA,False,Not activated
9687,67,A2,2,3,1,13,1B,True,DA,D6,False,SDC
9688,67,A2,2,4,0,13,03,True,DA,E3,False,SDC
9689,67,A2,2,4,1,13,13,False,DA,DA,False,Not activated
9690,67,A2,2,5,0,13,13,False,DA,DA,False,Not activated
9691,67,A2,2,5,1,13,33,True,DA,C8,False,SDC
9692,67,A2,2,6,0,13,13,False,DA,DA,False,Not activated
9693,67,A2,2,6,1,13,53,True,DA,B6,False,SDC
9694,67,A2,2,7,0,13,13,False,DA,DA,False,Not activated
9695,67,A2,2,7,1,13,93,True,DA,54,False,SDC
9696,67,A3,3,0,0,FF,FE,True,DA,DA,False,Masked
9697,67,A3,3,0,1,FF,FF,False,DA,DA,False,Not activated
9698,67,A3,3,1,0,FF,FD,True,DA,DA,False,Masked
9699,67,A3,3,1,1,FF,FF,False,DA,DA,False,Not activated
9700,67,A3,3,2,0,FF,FB,True,DA,D9,False,SDC
9701,67,A3,3,2,1,FF,FF,False,DA,DA,False,Not activated
9702,67,A3,3,3,0,FF,F7,True,DA,D7,False,SDC
9703,67,A3,3,3,1,FF,FF,False,DA,DA,False,Not activated
9704,67,A3,3,4,0,FF,EF,True,DA,D4,False,SDC
9705,67,A3,3,4,1,FF,FF,False,DA,DA,False,Not activated
9706,67,A3,3,5,0,FF,DF,True,DA,CE,False,SDC
9707,67,A3,3,5,1,FF,FF,False,DA,DA,False,Not activated
9708,67,A3,3,6,0,FF,BF,True,DA,C1,False,SDC
9709,67,A3,3,6,1,FF,FF,False,DA,DA,False,Not activated
9710,67,A3,3,7,0,FF,7F,True,DA,7D,False,SDC
9711,67,A3,3,7,1,FF,FF,False,DA,DA,False,Not activated
9712,67,B0,4,0,0,25,24,True,DA,DA,False,Masked
9713,67,B0,4,0,1,25,25,False,DA,DA,False,Not activated
9714,67,B0,4,1,0,25,25,False,DA,DA,False,Not activated
9715,67,B0,4,1,1,25,27,True,DA,DB,False,SDC
9716,67,B0,4,2,0,25,21,True,DA,D8,False,SDC
9717,67,B0,4,2,1,25,25,False,DA,DA,False,Not activated
9718,67,B0,4,3,0,25,25,False,DA,DA,False,Not activated
9719,67,B0,4,3,1,25,2D,True,DA,DE,False,SDC
9720,67,B0,4,4,0,25,25,False,DA,DA,False,Not activated
9721,67,B0,4,4,1,25,35,True,DA,E2,False,SDC
9722,67,B0,4,5,0,25,05,True,DA,CA,False,SDC
9723,67,B0,4,5,1,25,25,False,DA,DA,False,Not activated
9724,67,B0,4,6,0,25,25,False,DA,DA,False,Not activated
9725,67,B0,4,6,1,25,65,True,DA,1D,False,SDC
9726,67,B0,4,7,0,25,25,False,DA,DA,False,Not activated
9727,67,B0,4,7,1,25,A5,True,DA,A6,False,SDC
9728,67,B1,5,0,0,CC,CC,False,DA,DA,False,Not activated
9729,67,B1,5,0,1,CC,CD,True,DA,DB,False,SDC
9730,67,B1,5,1,0,CC,CC,False,DA,DA,False,Not activated
9731,67,B1,5,1,1,CC,CE,True,DA,DB,False,SDC
9732,67,B1,5,2,0,CC,C8,True,DA,D9,False,SDC
9733,67,B1,5,2,1,CC,CC,False,DA,DA,False,Not activated
9734,67,B1,5,3,0,CC,C4,True,DA,D8,False,SDC
9735,67,B1,5,3,1,CC,CC,False,DA,DA,False,Not activated
9736,67,B1,5,4,0,CC,CC,False,DA,DA,False,Not activated
9737,67,B1,5,4,1,CC,DC,True,DA,E0,False,SDC
9738,67,B1,5,5,0,CC,CC,False,DA,DA,False,Not activated
9739,67,B1,5,5,1,CC,EC,True,DA,E6,False,SDC
9740,67,B1,5,6,0,CC,8C,True,DA,9C,False,SDC
9741,67,B1,5,6,1,CC,CC,False,DA,DA,False,Not activated
9742,67,B1,5,7,0,CC,4C,True,DA,0F,False,SDC
9743,67,B1,5,7,1,CC,CC,False,DA,DA,False,Not activated
9744,67,B2,6,0,0,DC,DC,False,DA,DA,False,Not activated
9745,67,B2,6,0,1,DC,DD,True,DA,DB,False,SDC
9746,67,B2,6,1,0,DC,DC,False,DA,DA,False,Not activated
9747,67,B2,6,1,1,DC,DE,True,DA,DB,False,SDC
9748,67,B2,6,2,0,DC,D8,True,DA,D9,False,SDC
9749,67,B2,6,2,1,DC,DC,False,DA,DA,False,Not activated
9750,67,B2,6,3,0,DC,D4,True,DA,D8,False,SDC
9751,67,B2,6,3,1,DC,DC,False,DA,DA,False,Not activated
9752,67,B2,6,4,0,DC,CC,True,DA,D6,False,SDC
9753,67,B2,6,4,1,DC,DC,False,DA,DA,False,Not activated
9754,67,B2,6,5,0,DC,DC,False,DA,DA,False,Not activated
9755,67,B2,6,5,1,DC,FC,True,DA,E4,False,SDC
9756,67,B2,6,6,0,DC,9C,True,DA,BA,False,SDC
9757,67,B2,6,6,1,DC,DC,False,DA,DA,False,Not activated
9758,67,B2,6,7,0,DC,5C,True,DA,09,False,SDC
9759,67,B2,6,7,1,DC,DC,False,DA,DA,False,Not activated
9760,67,B3,7,0,0,19,18,True,DA,DA,False,Masked
9761,67,B3,7,0,1,19,19,False,DA,DA,False,Not activated
9762,67,B3,7,1,0,19,19,False,DA,DA,False,Not activated
9763,67,B3,7,1,1,19,1B,True,DA,DA,False,Masked
9764,67,B3,7,2,0,19,19,False,DA,DA,False,Not activated
9765,67,B3,7,2,1,19,1D,True,DA,DA,False,Masked
9766,67,B3,7,3,0,19,11,True,DA,DA,False,Masked
9767,67,B3,7,3,1,19,19,False,DA,DA,False,Not activated
9768,67,B3,7,4,0,19,09,True,DA,DA,False,Masked
9769,67,B3,7,4,1,19,19,False,DA,DA,False,Not activated
9770,67,B3,7,5,0,19,19,False,DA,DA,False,Not activated
9771,67,B3,7,5,1,19,39,True,DA,DA,False,Masked
9772,67,B3,7,6,0,19,19,False,DA,DA,False,Not activated
9773,67,B3,7,6,1,19,59,True,DA,D9,False,SDC
9774,67,B3,7,7,0,19,19,False,DA,DA,False,Not activated
9775,67,B3,7,7,1,19,99,True,DA,DE,False,SDC
9776,67,C0,8,0,0,E7,E6,True,DA,D9,False,SDC
9777,67,C0,8,0,1,E7,E7,False,DA,DA,False,Not activated
9778,67,C0,8,1,0,E7,E5,True,DA,D8,False,SDC
9779,67,C0,8,1,1,E7,E7,False,DA,DA,False,Not activated
9780,67,C0,8,2,0,E7,E3,True,DA,D6,False,SDC
9781,67,C0,8,2,1,E7,E7,False,DA,DA,False,Not activated
9782,67,C0,8,3,0,E7,E7,False,DA,DA,False,Not activated
9783,67,C0,8,3,1,E7,EF,True,DA,E2,False,SDC
9784,67,C0,8,4,0,E7,E7,False,DA,DA,False,Not activated
9785,67,C0,8,4,1,E7,F7,True,DA,EA,False,SDC
9786,67,C0,8,5,0,E7,C7,True,DA,BD,False,SDC
9787,67,C0,8,5,1,E7,E7,False,DA,DA,False,Not activated
9788,67,C0,8,6,0,E7,A7,True,DA,A0,False,SDC
9789,67,C0,8,6,1,E7,E7,False,DA,DA,False,Not activated
9790,67,C0,8,7,0,E7,67,True,DA,65,False,SDC
9791,67,C0,8,7,1,E7,E7,False,DA,DA,False,Not activated
9792,68,A0,0,0,0,0A,0A,False,ED,ED,False,Not activated
9793,68,A0,0,0,1,0A,0B,True,ED,ED,False,Masked
9794,68,A0,0,1,0,0A,08,True,ED,EC,False,SDC
9795,68,A0,0,1,1,0A,0A,False,ED,ED,False,Not activated
9796,68,A0,0,2,0,0A,0A,False,ED,ED,False,Not activated
9797,68,A0,0,2,1,0A,0E,True,ED,EF,False,SDC
9798,68,A0,0,3,0,0A,02,True,ED,E9,False,SDC
9799,68,A0,0,3,1,0A,0A,False,ED,ED,False,Not activated
9800,68,A0,0,4,0,0A,0A,False,ED,ED,False,Not activated
9801,68,A0,0,4,1,0A,1A,True,ED,F5,False,SDC
9802,68,A0,0,5,0,0A,0A,False,ED,ED,False,Not activated
9803,68,A0,0,5,1,0A,2A,True,ED,FC,False,SDC
9804,68,A0,0,6,0,0A,0A,False,ED,ED,False,Not activated
9805,68,A0,0,6,1,0A,4A,True,ED,11,False,SDC
9806,68,A0,0,7,0,0A,0A,False,ED,ED,False,Not activated
9807,68,A0,0,7,1,0A,8A,True,ED,92,False,SDC
9808,68,A1,1,0,0,FD,FC,True,ED,ED,False,Masked
9809,68,A1,1,0,1,FD,FD,False,ED,ED,False,Not activated
9810,68,A1,1,1,0,FD,FD,False,ED,ED,False,Not activated
9811,68,A1,1,1,1,FD,FF,True,ED,ED,False,Masked
9812,68,A1,1,2,0,FD,F9,True,ED,EE,False,SDC
9813,68,A1,1,2,1,FD,FD,False,ED,ED,False,Not activated
9814,68,A1,1,3,0,FD,F5,True,ED,F0,False,SDC
9815,68,A1,1,3,1,FD,FD,False,ED,ED,False,Not activated
9816,68,A1,1,4,0,FD,ED,True,ED,F3,False,SDC
9817,68,A1,1,4,1,FD,FD,False,ED,ED,False,Not activated
9818,68,A1,1,5,0,FD,DD,True,ED,F8,False,SDC
9819,68,A1,1,5,1,FD,FD,False,ED,ED,False,Not activated
9820,68,A1,1,6,0,FD,BD,True,ED,04,False,SDC
9821,68,A1,1,6,1,FD,FD,False,ED,ED,False,Not activated
9822,68,A1,1,7,0,FD,7D,True,ED,88,False,SDC
9823,68,A1,1,7,1,FD,FD,False,ED,ED,False,Not activated
9824,68,A2,2,0,0,04,04,False,ED,ED,False,Not activated
9825,68,A2,2,0,1,04,05,True,ED,ED,False,Masked
9826,68,A2,2,1,0,04,04,False,ED,ED,False,Not activated
9827,68,A2,2,1,1,04,06,True,ED,ED,False,Masked
9828,68,A2,2,2,0,04,00,True,ED,EB,False,SDC
9829,68,A2,2,2,1,04,04,False,ED,ED,False,Not activated
9830,68,A2,2,3,0,04,04,False,ED,ED,False,Not activated
9831,68,A2,2,3,1,04,0C,True,ED,F0,False,SDC
9832,68,A2,2,4,0,04,04,False,ED,ED,False,Not activated
9833,68,A2,2,4,1,04,14,True,ED,F3,False,SDC
9834,68,A2,2,5,0,04,04,False,ED,ED,False,Not activated
9835,68,A2,2,5,1,04,24,True,ED,FA,False,SDC
9836,68,A2,2,6,0,04,04,False,ED,ED,False,Not activated
9837,68,A2,2,6,1,04,44,True,ED,08,False,SDC
9838,68,A2,2,7,0,04,04,False,ED,ED,False,Not activated
9839,68,A2,2,7,1,04,84,True,ED,8A,False,SDC
9840,68,A3,3,0,0,F6,F6,False,ED,ED,False,Not activated
9841,68,A3,3,0,1,F6,F7,True,ED,EC,False,SDC
9842,68,A3,3,1,0,F6,F4,True,ED,ED,False,Masked
9843,68,A3,3,1,1,F6,F6,False,ED,ED,False,Not activated
9844,68,A3,3,2,0,F6,F2,True,ED,EE,False,SDC
9845,68,A3,3,2,1,F6,F6,False,ED,ED,False,Not activated
9846,68,A3,3,3,0,F6,F6,False,ED,ED,False,Not activated
9847,68,A3,3,3,1,F6,FE,True,ED,E9,False,SDC
9848,68,A3,3,4,0,F6,E6,True,ED,F4,False,SDC
9849,68,A3,3,4,1,F6,F6,False,ED,ED,False,Not activated
9850,68,A3,3,5,0,F6,D6,True,ED,FB,False,SDC
9851,68,A3,3,5,1,F6,F6,False,ED,ED,False,Not activated
9852,68,A3,3,6,0,F6,B6,True,ED,0E,False,SDC
9853,68,A3,3,6,1,F6,F6,False,ED,ED,False,Not activated
9854,68,A3,3,7,0,F6,76,True,ED,94,False,SDC
9855,68,A3,3,7,1,F6,F6,False,ED,ED,False,Not activated
9856,68,B0,4,0,0,1F,1E,True,ED,ED,False,Masked
9857,68,B0,4,0,1,1F,1F,False,ED,ED,False,Not activated
9858,68,B0,4,1,0,1F,1D,True,ED,ED,False,Masked
9859,68,B0,4,1,1,1F,1F,False,ED,ED,False,Not activated
9860,68,B0,4,2,0,1F,1B,True,ED,EC,False,SDC
9861,68,B0,4,2,1,1F,1F,False,ED,ED,False,Not activated
9862,68,B0,4,3,0,1F,17,True,ED,EC,False,SDC
9863,68,B0,4,3,1,1F,1F,False,ED,ED,False,Not activated
9864,68,B0,4,4,0,1F,0F,True,ED,EA,False,SDC
9865,68,B0,4,4,1,1F,1F,False,ED,ED,False,Not activated
9866,68,B0,4,5,0,1F,1F,False,ED,ED,False,Not activated
9867,68,B0,4,5,1,1F,3F,True,ED,F2,False,SDC
9868,68,B0,4,6,0,1F,1F,False,ED,ED,False,Not activated
9869,68,B0,4,6,1,1F,5F,True,ED,FC,False,SDC
9870,68,B0,4,7,0,1F,1F,False,ED,ED,False,Not activated
9871,68,B0,4,7,1,1F,9F,True,ED,D3,False,SDC
9872,68,B1,5,0,0,EA,EA,False,ED,ED,False,Not activated
9873,68,B1,5,0,1,EA,EB,True,ED,ED,False,Masked
9874,68,B1,5,1,0,EA,E8,True,ED,ED,False,Masked
9875,68,B1,5,1,1,EA,EA,False,ED,ED,False,Not activated
9876,68,B1,5,2,0,EA,EA,False,ED,ED,False,Not activated
9877,68,B1,5,2,1,EA,EE,True,ED,ED,False,Masked
9878,68,B1,5,3,0,EA,E2,True,ED,ED,False,Masked
9879,68,B1,5,3,1,EA,EA,False,ED,ED,False,Not activated
9880,68,B1,5,4,0,EA,EA,False,ED,ED,False,Not activated
9881,68,B1,5,4,1,EA,FA,True,ED,ED,False,Masked
9882,68,B1,5,5,0,EA,CA,True,ED,EF,False,SDC
9883,68,B1,5,5,1,EA,EA,False,ED,ED,False,Not activated
9884,68,B1,5,6,0,EA,AA,True,ED,F1,False,SDC
9885,68,B1,5,6,1,EA,EA,False,ED,ED,False,Not activated
9886,68,B1,5,7,0,EA,6A,True,ED,E2,False,SDC
9887,68,B1,5,7,1,EA,EA,False,ED,ED,False,Not activated
9888,68,B2,6,0,0,1A,1A,False,ED,ED,False,Not activated
9889,68,B2,6,0,1,1A,1B,True,ED,ED,False,Masked
9890,68,B2,6,1,0,1A,18,True,ED,ED,False,Masked
9891,68,B2,6,1,1,1A,1A,False,ED,ED,False,Not activated
9892,68,B2,6,2,0,1A,1A,False,ED,ED,False,Not activated
9893,68,B2,6,2,1,1A,1E,True,ED,ED,False,Masked
9894,68,B2,6,3,0,1A,12,True,ED,EC,False,SDC
9895,68,B2,6,3,1,1A,1A,False,ED,ED,False,Not activated
9896,68,B2,6,4,0,1A,0A,True,ED,EC,False,SDC
9897,68,B2,6,4,1,1A,1A,False,ED,ED,False,Not activated
9898,68,B2,6,5,0,1A,1A,False,ED,ED,False,Not activated
9899,68,B2,6,5,1,1A,3A,True,ED,EF,False,SDC
9900,68,B2,6,6,0,1A,1A,False,ED,ED,False,Not activated
9901,68,B2,6,6,1,1A,5A,True,ED,F2,False,SDC
9902,68,B2,6,7,0,1A,1A,False,ED,ED,False,Not activated
9903,68,B2,6,7,1,1A,9A,True,ED,E0,False,SDC
9904,68,B3,7,0,0,E3,E2,True,ED,ED,False,Masked
9905,68,B3,7,0,1,E3,E3,False,ED,ED,False,Not activated
9906,68,B3,7,1,0,E3,E1,True,ED,ED,False,Masked
9907,68,B3,7,1,1,E3,E3,False,ED,ED,False,Not activated
9908,68,B3,7,2,0,E3,E3,False,ED,ED,False,Not activated
9909,68,B3,7,2,1,E3,E7,True,ED,EC,False,SDC
9910,68,B3,7,3,0,E3,E3,False,ED,ED,False,Not activated
9911,68,B3,7,3,1,E3,EB,True,ED,EB,False,SDC
9912,68,B3,7,4,0,E3,E3,False,ED,ED,False,Not activated
9913,68,B3,7,4,1,E3,F3,True,ED,EA,False,SDC
9914,68,B3,7,5,0,E3,C3,True,ED,F2,False,SDC
9915,68,B3,7,5,1,E3,E3,False,ED,ED,False,Not activated
9916,68,B3,7,6,0,E3,A3,True,ED,FB,False,SDC
9917,68,B3,7,6,1,E3,E3,False,ED,ED,False,Not activated
9918,68,B3,7,7,0,E3,63,True,ED,D0,False,SDC
9919,68,B3,7,7,1,E3,E3,False,ED,ED,False,Not activated
9920,68,C0,8,0,0,E0,E0,False,ED,ED,False,Not activated
9921,68,C0,8,0,1,E0,E1,True,ED,EE,False,SDC
9922,68,C0,8,1,0,E0,E0,False,ED,ED,False,Not activated
9923,68,C0,8,1,1,E0,E2,True,ED,EF,False,SDC
9924,68,C0,8,2,0,E0,E0,False,ED,ED,False,Not activated
9925,68,C0,8,2,1,E0,E4,True,ED,F1,False,SDC
9926,68,C0,8,3,0,E0,E0,False,ED,ED,False,Not activated
9927,68,C0,8,3,1,E0,E8,True,ED,F5,False,SDC
9928,68,C0,8,4,0,E0,E0,False,ED,ED,False,Not activated
9929,68,C0,8,4,1,E0,F0,True,ED,FD,False,SDC
9930,68,C0,8,5,0,E0,C0,True,ED,CD,False,SDC
9931,68,C0,8,5,1,E0,E0,False,ED,ED,False,Not activated
9932,68,C0,8,6,0,E0,A0,True,ED,A6,False,SDC
9933,68,C0,8,6,1,E0,E0,False,ED,ED,False,Not activated
9934,68,C0,8,7,0,E0,60,True,ED,62,False,SDC
9935,68,C0,8,7,1,E0,E0,False,ED,ED,False,Not activated
9936,69,A0,0,0,0,CF,CE,True,36,35,False,SDC
9937,69,A0,0,0,1,CF,CF,False,36,36,False,Not activated
9938,69,A0,0,1,0,CF,CD,True,36,35,False,SDC
9939,69,A0,0,1,1,CF,CF,False,36,36,False,Not activated
9940,69,A0,0,2,0,CF,CB,True,36,34,False,SDC
9941,69,A0,0,2,1,CF,CF,False,36,36,False,Not activated
9942,69,A0,0,3,0,CF,C7,True,36,32,False,SDC
9943,69,A0,0,3,1,CF,CF,False,36,36,False,Not activated
9944,69,A0,0,4,0,CF,CF,False,36,36,False,Not activated
9945,69,A0,0,4,1,CF,DF,True,36,3E,False,SDC
9946,69,A0,0,5,0,CF,CF,False,36,36,False,Not activated
9947,69,A0,0,5,1,CF,EF,True,36,44,False,SDC
9948,69,A0,0,6,0,CF,8F,True,36,BC,False,SDC
9949,69,A0,0,6,1,CF,CF,False,36,36,False,Not activated
9950,69,A0,0,7,0,CF,4F,True,36,60,False,SDC
9951,69,A0,0,7,1,CF,CF,False,36,36,False,Not activated
9952,69,A1,1,0,0,D9,D8,True,36,37,False,SDC
9953,69,A1,1,0,1,D9,D9,False,36,36,False,Not activated
9954,69,A1,1,1,0,D9,D9,False,36,36,False,Not activated
9955,69,A1,1,1,1,D9,DB,True,36,35,False,SDC
9956,69,A1,1,2,0,D9,D9,False,36,36,False,Not activated
9957,69,A1,1,2,1,D9,DD,True,36,34,False,SDC
9958,69,A1,1,3,0,D9,D1,True,36,3B,False,SDC
9959,69,A1,1,3,1,D9,D9,False,36,36,False,Not activated
9960,69,A1,1,4,0,D9,C9,True,36,40,False,SDC
9961,69,A1,1,4,1,D9,D9,False,36,36,False,Not activated
9962,69,A1,1,5,0,D9,D9,False,36,36,False,Not activated
9963,69,A1,1,5,1,D9,F9,True,36,22,False,SDC
9964,69,A1,1,6,0,D9,99,True,36,62,False,SDC
9965,69,A1,1,6,1,D9,D9,False,36,36,False,Not activated
9966,69,A1,1,7,0,D9,59,True,36,D5,False,SDC
9967,69,A1,1,7,1,D9,D9,False,36,36,False,Not activated
9968,69,A2,2,0,0,CF,CE,True,36,36,False,Masked
9969,69,A2,2,0,1,CF,CF,False,36,36,False,Not activated
9970,69,A2,2,1,0,CF,CD,True,36,37,False,SDC
9971,69,A2,2,1,1,CF,CF,False,36,36,False,Not activated
9972,69,A2,2,2,0,CF,CB,True,36,38,False,SDC
9973,69,A2,2,2,1,CF,CF,False,36,36,False,Not activated
9974,69,A2,2,3,0,CF,C7,True,36,3A,False,SDC
9975,69,A2,2,3,1,CF,CF,False,36,36,False,Not activated
9976,69,A2,2,4,0,CF,CF,False,36,36,False,Not activated
9977,69,A2,2,4,1,CF,DF,True,36,2D,False,SDC
9978,69,A2,2,5,0,CF,CF,False,36,36,False,Not activated
9979,69,A2,2,5,1,CF,EF,True,36,24,False,SDC
9980,69,A2,2,6,0,CF,8F,True,36,68,False,SDC
9981,69,A2,2,6,1,CF,CF,False,36,36,False,Not activated
9982,69,A2,2,7,0,CF,4F,True,36,E5,False,SDC
9983,69,A2,2,7,1,CF,CF,False,36,36,False,Not activated
9984,69,A3,3,0,0,05,04,True,36,36,False,Masked
9985,69,A3,3,0,1,05,05,False,36,36,False,Not activated
9986,69,A3,3,1,0,05,05,False,36,36,False,Not activated
9987,69,A3,3,1,1,05,07,True,36,36,False,Masked
9988,69,A3,3,2,0,05,01,True,36,36,False,Masked
9989,69,A3,3,2,1,05,05,False,36,36,False,Not activated
9990,69,A3,3,3,0,05,05,False,36,36,False,Not activated
9991,69,A3,3,3,1,05,0D,True,36,36,False,Masked
9992,69,A3,3,4,0,05,05,False,36,36,False,Not activated
9993,69,A3,3,4,1,05,15,True,36,36,False,Masked
9994,69,A3,3,5,0,05,05,False,36,36,False,Not activated
9995,69,A3,3,5,1,05,25,True,36,36,False,Masked
9996,69,A3,3,6,0,05,05,False,36,36,False,Not activated
9997,69,A3,3,6,1,05,45,True,36,35,False,SDC
9998,69,A3,3,7,0,05,05,False,36,36,False,Not activated
9999,69,A3,3,7,1,05,85,True,36,4A,False,SDC
10000,69,B0,4,0,0,22,22,False,36,36,False,Not activated
10001,69,B0,4,0,1,22,23,True,36,35,False,SDC
10002,69,B0,4,1,0,22,20,True,36,38,False,SDC
10003,69,B0,4,1,1,22,22,False,36,36,False,Not activated
10004,69,B0,4,2,0,22,22,False,36,36,False,Not activated
10005,69,B0,4,2,1,22,26,True,36,33,False,SDC
10006,69,B0,4,3,0,22,22,False,36,36,False,Not activated
10007,69,B0,4,3,1,22,2A,True,36,30,False,SDC
10008,69,B0,4,4,0,22,22,False,36,36,False,Not activated
10009,69,B0,4,4,1,22,32,True,36,2A,False,SDC
10010,69,B0,4,5,0,22,02,True,36,47,False,SDC
10011,69,B0,4,5,1,22,22,False,36,36,False,Not activated
10012,69,B0,4,6,0,22,22,False,36,36,False,Not activated
10013,69,B0,4,6,1,22,62,True,36,E2,False,SDC
10014,69,B0,4,7,0,22,22,False,36,36,False,Not activated
10015,69,B0,4,7,1,22,A2,True,36,66,False,SDC
10016,69,B1,5,0,0,D8,D8,False,36,36,False,Not activated
10017,69,B1,5,0,1,D8,D9,True,36,36,False,Masked
10018,69,B1,5,1,0,D8,D8,False,36,36,False,Not activated
10019,69,B1,5,1,1,D8,DA,True,36,35,False,SDC
10020,69,B1,5,2,0,D8,D8,False,36,36,False,Not activated
10021,69,B1,5,2,1,D8,DC,True,36,34,False,SDC
10022,69,B1,5,3,0,D8,D0,True,36,3B,False,SDC
10023,69,B1,5,3,1,D8,D8,False,36,36,False,Not activated
10024,69,B1,5,4,0,D8,C8,True,36,40,False,SDC
10025,69,B1,5,4,1,D8,D8,False,36,36,False,Not activated
10026,69,B1,5,5,0,D8,D8,False,36,36,False,Not activated
10027,69,B1,5,5,1,D8,F8,True,36,23,False,SDC
10028,69,B1,5,6,0,D8,98,True,36,62,False,SDC
10029,69,B1,5,6,1,D8,D8,False,36,36,False,Not activated
10030,69,B1,5,7,0,D8,58,True,36,D9,False,SDC
10031,69,B1,5,7,1,D8,D8,False,36,36,False,Not activated
10032,69,B2,6,0,0,DC,DC,False,36,36,False,Not activated
10033,69,B2,6,0,1,DC,DD,True,36,35,False,SDC
10034,69,B2,6,1,0,DC,DC,False,36,36,False,Not activated
10035,69,B2,6,1,1,DC,DE,True,36,34,False,SDC
10036,69,B2,6,2,0,DC,D8,True,36,39,False,SDC
10037,69,B2,6,2,1,DC,DC,False,36,36,False,Not activated
10038,69,B2,6,3,0,DC,D4,True,36,3C,False,SDC
10039,69,B2,6,3,1,DC,DC,False,36,36,False,Not activated
10040,69,B2,6,4,0,DC,CC,True,36,41,False,SDC
10041,69,B2,6,4,1,DC,DC,False,36,36,False,Not activated
10042,69,B2,6,5,0,DC,DC,False,36,36,False,Not activated
10043,69,B2,6,5,1,DC,FC,True,36,1D,False,SDC
10044,69,B2,6,6,0,DC,9C,True,36,62,False,SDC
10045,69,B2,6,6,1,DC,DC,False,36,36,False,Not activated
10046,69,B2,6,7,0,DC,5C,True,36,C0,False,SDC
10047,69,B2,6,7,1,DC,DC,False,36,36,False,Not activated
10048,69,B3,7,0,0,FE,FE,False,36,36,False,Not activated
10049,69,B3,7,0,1,FE,FF,True,36,36,False,Masked
10050,69,B3,7,1,0,FE,FC,True,36,36,False,Masked
10051,69,B3,7,1,1,FE,FE,False,36,36,False,Not activated
10052,69,B3,7,2,0,FE,FA,True,36,36,False,Masked
10053,69,B3,7,2,1,FE,FE,False,36,36,False,Not activated
10054,69,B3,7,3,0,FE,F6,True,36,36,False,Masked
10055,69,B3,7,3,1,FE,FE,False,36,36,False,Not activated
10056,69,B3,7,4,0,FE,EE,True,36,36,False,Masked
10057,69,B3,7,4,1,FE,FE,False,36,36,False,Not activated
10058,69,B3,7,5,0,FE,DE,True,36,34,False,SDC
10059,69,B3,7,5,1,FE,FE,False,36,36,False,Not activated
10060,69,B3,7,6,0,FE,BE,True,36,32,False,SDC
10061,69,B3,7,6,1,FE,FE,False,36,36,False,Not activated
10062,69,B3,7,7,0,FE,7E,True,36,6C,False,SDC
10063,69,B3,7,7,1,FE,FE,False,36,36,False,Not activated
10064,69,C0,8,0,0,1D,1C,True,36,35,False,SDC
10065,69,C0,8,0,1,1D,1D,False,36,36,False,Not activated
10066,69,C0,8,1,0,1D,1D,False,36,36,False,Not activated
10067,69,C0,8,1,1,1D,1F,True,36,38,False,SDC
10068,69,C0,8,2,0,1D,19,True,36,32,False,SDC
10069,69,C0,8,2,1,1D,1D,False,36,36,False,Not activated
10070,69,C0,8,3,0,1D,15,True,36,2E,False,SDC
10071,69,C0,8,3,1,1D,1D,False,36,36,False,Not activated
10072,69,C0,8,4,0,1D,0D,True,36,26,False,SDC
10073,69,C0,8,4,1,1D,1D,False,36,36,False,Not activated
10074,69,C0,8,5,0,1D,1D,False,36,36,False,Not activated
10075,69,C0,8,5,1,1D,3D,True,36,4B,False,SDC
10076,69,C0,8,6,0,1D,1D,False,36,36,False,Not activated
10077,69,C0,8,6,1,1D,5D,True,36,62,False,SDC
10078,69,C0,8,7,0,1D,1D,False,36,36,False,Not activated
10079,69,C0,8,7,1,1D,9D,True,36,A0,False,SDC
10080,70,A0,0,0,0,3D,3C,True,21,21,False,Masked
10081,70,A0,0,0,1,3D,3D,False,21,21,False,Not activated
10082,70,A0,0,1,0,3D,3D,False,21,21,False,Not activated
10083,70,A0,0,1,1,3D,3F,True,21,20,False,SDC
10084,70,A0,0,2,0,3D,39,True,21,23,False,SDC
10085,70,A0,0,2,1,3D,3D,False,21,21,False,Not activated
10086,70,A0,0,3,0,3D,35,True,21,26,False,SDC
10087,70,A0,0,3,1,3D,3D,False,21,21,False,Not activated
10088,70,A0,0,4,0,3D,2D,True,21,2B,False,SDC
10089,70,A0,0,4,1,3D,3D,False,21,21,False,Not activated
10090,70,A0,0,5,0,3D,1D,True,21,34,False,SDC
10091,70,A0,0,5,1,3D,3D,False,21,21,False,Not activated
10092,70,A0,0,6,0,3D,3D,False,21,21,False,Not activated
10093,70,A0,0,6,1,3D,7D,True,21,86,False,SDC
10094,70,A0,0,7,0,3D,3D,False,21,21,False,Not activated
10095,70,A0,0,7,1,3D,BD,True,21,58,False,SDC
10096,70,A1,1,0,0,03,02,True,21,22,False,SDC
10097,70,A1,1,0,1,03,03,False,21,21,False,Not activated
10098,70,A1,1,1,0,03,01,True,21,22,False,SDC
10099,70,A1,1,1,1,03,03,False,21,21,False,Not activated
10100,70,A1,1,2,0,03,03,False,21,21,False,Not activated
10101,70,A1,1,2,1,03,07,True,21,1F,False,SDC
10102,70,A1,1,3,0,03,03,False,21,21,False,Not activated
10103,70,A1,1,3,1,03,0B,True,21,1D,False,SDC
10104,70,A1,1,4,0,03,03,False,21,21,False,Not activated
10105,70,A1,1,4,1,03,13,True,21,19,False,SDC
10106,70,A1,1,5,0,03,03,False,21,21,False,Not activated
10107,70,A1,1,5,1,03,23,True,21,10,False,SDC
10108,70,A1,1,6,0,03,03,False,21,21,False,Not activated
10109,70,A1,1,6,1,03,43,True,21,FC,False,SDC
10110,70,A1,1,7,0,03,03,False,21,21,False,Not activated
10111,70,A1,1,7,1,03,83,True,21,7C,False,SDC
10112,70,A2,2,0,0,E4,E4,False,21,21,False,Not activated
10113,70,A2,2,0,1,E4,E5,True,21,1F,False,SDC
10114,70,A2,2,1,0,E4,E4,False,21,21,False,Not activated
10115,70,A2,2,1,1,E4,E6,True,21,1F,False,SDC
10116,70,A2,2,2,0,E4,E0,True,21,21,False,Masked
10117,70,A2,2,2,1,E4,E4,False,21,21,False,Not activated
10118,70,A2,2,3,0,E4,E4,False,21,21,False,Not activated
10119,70,A2,2,3,1,E4,EC,True,21,1B,False,SDC
10120,70,A2,2,4,0,E4,E4,False,21,21,False,Not activated
10121,70,A2,2,4,1,E4,F4,True,21,16,False,SDC
10122,70,A2,2,5,0,E4,C4,True,21,35,False,SDC
10123,70,A2,2,5,1,E4,E4,False,21,21,False,Not activated
10124,70,A2,2,6,0,E4,A4,True,21,4C,False,SDC
10125,70,A2,2,6,1,E4,E4,False,21,21,False,Not activated
10126,70,A2,2,7,0,E4,64,True,21,B4,False,SDC
10127,70,A2,2,7,1,E4,E4,False,21,21,False,Not activated
10128,70,A3,3,0,0,CD,CC,True,21,21,False,Masked
10129,70,A3,3,0,1,CD,CD,False,21,21,False,Not activated
10130,70,A3,3,1,0,CD,CD,False,21,21,False,Not activated
10131,70,A3,3,1,1,CD,CF,True,21,1D,False,SDC
10132,70,A3,3,2,0,CD,C9,True,21,25,False,SDC
10133,70,A3,3,2,1,CD,CD,False,21,21,False,Not activated
10134,70,A3,3,3,0,CD,C5,True,21,29,False,SDC
10135,70,A3,3,3,1,CD,CD,False,21,21,False,Not activated
10136,70,A3,3,4,0,CD,CD,False,21,21,False,Not activated
10137,70,A3,3,4,1,CD,DD,True,21,11,False,SDC
10138,70,A3,3,5,0,CD,CD,False,21,21,False,Not activated
10139,70,A3,3,5,1,CD,ED,True,21,01,False,SDC
10140,70,A3,3,6,0,CD,8D,True,21,73,False,SDC
10141,70,A3,3,6,1,CD,CD,False,21,21,False,Not activated
10142,70,A3,3,7,0,CD,4D,True,21,AC,False,SDC
10143,70,A3,3,7,1,CD,CD,False,21,21,False,Not activated
10144,70,B0,4,0,0,D9,D8,True,21,20,False,SDC
10145,70,B0,4,0,1,D9,D9,False,21,21,False,Not activated
10146,70,B0,4,1,0,D9,D9,False,21,21,False,Not activated
10147,70,B0,4,1,1,D9,DB,True,21,23,False,SDC
10148,70,B0,4,2,0,D9,D9,False,21,21,False,Not activated
10149,70,B0,4,2,1,D9,DD,True,21,25,False,SDC
10150,70,B0,4,3,0,D9,D1,True,21,19,False,SDC
10151,70,B0,4,3,1,D9,D9,False,21,21,False,Not activated
10152,70,B0,4,4,0,D9,C9,True,21,12,False,SDC
10153,70,B0,4,4,1,D9,D9,False,21,21,False,Not activated
10154,70,B0,4,5,0,D9,D9,False,21,21,False,Not activated
10155,70,B0,4,5,1,D9,F9,True,21,3F,False,SDC
10156,70,B0,4,6,0,D9,99,True,21,AC,False,SDC
10157,70,B0,4,6,1,D9,D9,False,21,21,False,Not activated
10158,70,B0,4,7,0,D9,59,True,21,66,False,SDC
10159,70,B0,4,7,1,D9,D9,False,21,21,False,Not activated
10160,70,B1,5,0,0,DD,DC,True,21,21,False,Masked
10161,70,B1,5,0,1,DD,DD,False,21,21,False,Not activated
10162,70,B1,5,1,0,DD,DD,False,21,21,False,Not activated
10163,70,B1,5,1,1,DD,DF,True,21,21,False,Masked
10164,70,B1,5,2,0,DD,D9,True,21,21,False,Masked
10165,70,B1,5,2,1,DD,DD,False,21,21,False,Not activated
10166,70,B1,5,3,0,DD,D5,True,21,21,False,Masked
10167,70,B1,5,3,1,DD,DD,False,21,21,False,Not activated
10168,70,B1,5,4,0,DD,CD,True,21,21,False,Masked
10169,70,B1,5,4,1,DD,DD,False,21,21,False,Not activated
10170,70,B1,5,5,0,DD,DD,False,21,21,False,Not activated
10171,70,B1,5,5,1,DD,FD,True,21,22,False,SDC
10172,70,B1,5,6,0,DD,9D,True,21,1C,False,SDC
10173,70,B1,5,6,1,DD,DD,False,21,21,False,Not activated
10174,70,B1,5,7,0,DD,5D,True,21,29,False,SDC
10175,70,B1,5,7,1,DD,DD,False,21,21,False,Not activated
10176,70,B2,6,0,0,D7,D6,True,21,21,False,Masked
10177,70,B2,6,0,1,D7,D7,False,21,21,False,Not activated
10178,70,B2,6,1,0,D7,D5,True,21,21,False,Masked
10179,70,B2,6,1,1,D7,D7,False,21,21,False,Not activated
10180,70,B2,6,2,0,D7,D3,True,21,21,False,Masked
10181,70,B2,6,2,1,D7,D7,False,21,21,False,Not activated
10182,70,B2,6,3,0,D7,D7,False,21,21,False,Not activated
10183,70,B2,6,3,1,D7,DF,True,21,1C,False,SDC
10184,70,B2,6,4,0,D7,C7,True,21,27,False,SDC
10185,70,B2,6,4,1,D7,D7,False,21,21,False,Not activated
10186,70,B2,6,5,0,D7,D7,False,21,21,False,Not activated
10187,70,B2,6,5,1,D7,F7,True,21,12,False,SDC
10188,70,B2,6,6,0,D7,97,True,21,52,False,SDC
10189,70,B2,6,6,1,D7,D7,False,21,21,False,Not activated
10190,70,B2,6,7,0,D7,57,True,21,DE,False,SDC
10191,70,B2,6,7,1,D7,D7,False,21,21,False,Not activated
10192,70,B3,7,0,0,C2,C2,False,21,21,False,Not activated
10193,70,B3,7,0,1,C2,C3,True,21,21,False,Masked
10194,70,B3,7,1,0,C2,C0,True,21,21,False,Masked
10195,70,B3,7,1,1,C2,C2,False,21,21,False,Not activated
10196,70,B3,7,2,0,C2,C2,False,21,21,False,Not activated
10197,70,B3,7,2,1,C2,C6,True,21,1D,False,SDC
10198,70,B3,7,3,0,C2,C2,False,21,21,False,Not activated
10199,70,B3,7,3,1,C2,CA,True,21,1A,False,SDC
10200,70,B3,7,4,0,C2,C2,False,21,21,False,Not activated
10201,70,B3,7,4,1,C2,D2,True,21,14,False,SDC
10202,70,B3,7,5,0,C2,C2,False,21,21,False,Not activated
10203,70,B3,7,5,1,C2,E2,True,21,07,False,SDC
10204,70,B3,7,6,0,C2,82,True,21,7D,False,SDC
10205,70,B3,7,6,1,C2,C2,False,21,21,False,Not activated
10206,70,B3,7,7,0,C2,42,True,21,BC,False,SDC
10207,70,B3,7,7,1,C2,C2,False,21,21,False,Not activated
10208,70,C0,8,0,0,04,04,False,21,21,False,Not activated
10209,70,C0,8,0,1,04,05,True,21,22,False,SDC
10210,70,C0,8,1,0,04,04,False,21,21,False,Not activated
10211,70,C0,8,1,1,04,06,True,21,23,False,SDC
10212,70,C0,8,2,0,04,00,True,21,1D,False,SDC
10213,70,C0,8,2,1,04,04,False,21,21,False,Not activated
10214,70,C0,8,3,0,04,04,False,21,21,False,Not activated
10215,70,C0,8,3,1,04,0C,True,21,29,False,SDC
10216,70,C0,8,4,0,04,04,False,21,21,False,Not activated
10217,70,C0,8,4,1,04,14,True,21,31,False,SDC
10218,70,C0,8,5,0,04,04,False,21,21,False,Not activated
10219,70,C0,8,5,1,04,24,True,21,40,False,SDC
10220,70,C0,8,6,0,04,04,False,21,21,False,Not activated
10221,70,C0,8,6,1,04,44,True,21,52,False,SDC
10222,70,C0,8,7,0,04,04,False,21,21,False,Not activated
10223,70,C0,8,7,1,04,84,True,21,84,False,SDC
10224,71,A0,0,0,0,E3,E2,True,50,50,False,Masked
10225,71,A0,0,0,1,E3,E3,False,50,50,False,Not activated
10226,71,A0,0,1,0,E3,E1,True,50,50,False,Masked
10227,71,A0,0,1,1,E3,E3,False,50,50,False,Not activated
10228,71,A0,0,2,0,E3,E3,False,50,50,False,Not activated
10229,71,A0,0,2,1,E3,E7,True,50,4E,False,SDC
10230,71,A0,0,3,0,E3,E3,False,50,50,False,Not activated
10231,71,A0,0,3,1,E3,EB,True,50,4C,False,SDC
10232,71,A0,0,4,0,E3,E3,False,50,50,False,Not activated
10233,71,A0,0,4,1,E3,F3,True,50,48,False,SDC
10234,71,A0,0,5,0,E3,C3,True,50,5C,False,SDC
10235,71,A0,0,5,1,E3,E3,False,50,50,False,Not activated
10236,71,A0,0,6,0,E3,A3,True,50,64,False,SDC
10237,71,A0,0,6,1,E3,E3,False,50,50,False,Not activated
10238,71,A0,0,7,0,E3,63,True,50,D7,False,SDC
10239,71,A0,0,7,1,E3,E3,False,50,50,False,Not activated
10240,71,A1,1,0,0,3D,3C,True,50,4E,False,SDC
10241,71,A1,1,0,1,3D,3D,False,50,50,False,Not activated
10242,71,A1,1,1,0,3D,3D,False,50,50,False,Not activated
10243,71,A1,1,1,1,3D,3F,True,50,50,False,Masked
10244,71,A1,1,2,0,3D,39,True,50,4E,False,SDC
10245,71,A1,1,2,1,3D,3D,False,50,50,False,Not activated
10246,71,A1,1,3,0,3D,35,True,50,4C,False,SDC
10247,71,A1,1,3,1,3D,3D,False,50,50,False,Not activated
10248,71,A1,1,4,0,3D,2D,True,50,48,False,SDC
10249,71,A1,1,4,1,3D,3D,False,50,50,False,Not activated
10250,71,A1,1,5,0,3D,1D,True,50,43,False,SDC
10251,71,A1,1,5,1,3D,3D,False,50,50,False,Not activated
10252,71,A1,1,6,0,3D,3D,False,50,50,False,Not activated
10253,71,A1,1,6,1,3D,7D,True,50,7C,False,SDC
10254,71,A1,1,7,0,3D,3D,False,50,50,False,Not activated
10255,71,A1,1,7,1,3D,BD,True,50,FE,False,SDC
10256,71,A2,2,0,0,07,06,True,50,50,False,Masked
10257,71,A2,2,0,1,07,07,False,50,50,False,Not activated
10258,71,A2,2,1,0,07,05,True,50,50,False,Masked
10259,71,A2,2,1,1,07,07,False,50,50,False,Not activated
10260,71,A2,2,2,0,07,03,True,50,50,False,Masked
10261,71,A2,2,2,1,07,07,False,50,50,False,Not activated
10262,71,A2,2,3,0,07,07,False,50,50,False,Not activated
10263,71,A2,2,3,1,07,0F,True,50,50,False,Masked
10264,71,A2,2,4,0,07,07,False,50,50,False,Not activated
10265,71,A2,2,4,1,07,17,True,50,50,False,Masked
10266,71,A2,2,5,0,07,07,False,50,50,False,Not activated
10267,71,A2,2,5,1,07,27,True,50,50,False,Masked
10268,71,A2,2,6,0,07,07,False,50,50,False,Not activated
10269,71,A2,2,6,1,07,47,True,50,50,False,Masked
10270,71,A2,2,7,0,07,07,False,50,50,False,Not activated
10271,71,A2,2,7,1,07,87,True,50,54,False,SDC
10272,71,A3,3,0,0,19,18,True,50,4E,False,SDC
10273,71,A3,3,0,1,19,19,False,50,50,False,Not activated
10274,71,A3,3,1,0,19,19,False,50,50,False,Not activated
10275,71,A3,3,1,1,19,1B,True,50,50,False,Masked
10276,71,A3,3,2,0,19,19,False,50,50,False,Not activated
10277,71,A3,3,2,1,19,1D,True,50,50,False,Masked
10278,71,A3,3,3,0,19,11,True,50,4C,False,SDC
10279,71,A3,3,3,1,19,19,False,50,50,False,Not activated
10280,71,A3,3,4,0,19,09,True,50,4A,False,SDC
10281,71,A3,3,4,1,19,19,False,50,50,False,Not activated
10282,71,A3,3,5,0,19,19,False,50,50,False,Not activated
10283,71,A3,3,5,1,19,39,True,50,5C,False,SDC
10284,71,A3,3,6,0,19,19,False,50,50,False,Not activated
10285,71,A3,3,6,1,19,59,True,50,64,False,SDC
10286,71,A3,3,7,0,19,19,False,50,50,False,Not activated
10287,71,A3,3,7,1,19,99,True,50,C5,False,SDC
10288,71,B0,4,0,0,D0,D0,False,50,50,False,Not activated
10289,71,B0,4,0,1,D0,D1,True,50,4E,False,SDC
10290,71,B0,4,1,0,D0,D0,False,50,50,False,Not activated
10291,71,B0,4,1,1,D0,D2,True,50,4E,False,SDC
10292,71,B0,4,2,0,D0,D0,False,50,50,False,Not activated
10293,71,B0,4,2,1,D0,D4,True,50,4E,False,SDC
10294,71,B0,4,3,0,D0,D0,False,50,50,False,Not activated
10295,71,B0,4,3,1,D0,D8,True,50,4C,False,SDC
10296,71,B0,4,4,0,D0,C0,True,50,52,False,SDC
10297,71,B0,4,4,1,D0,D0,False,50,50,False,Not activated
10298,71,B0,4,5,0,D0,D0,False,50,50,False,Not activated
10299,71,B0,4,5,1,D0,F0,True,50,48,False,SDC
10300,71,B0,4,6,0,D0,90,True,50,67,False,SDC
10301,71,B0,4,6,1,D0,D0,False,50,50,False,Not activated
10302,71,B0,4,7,0,D0,50,True,50,1C,False,SDC
10303,71,B0,4,7,1,D0,D0,False,50,50,False,Not activated
10304,71,B1,5,0,0,2F,2E,True,50,4E,False,SDC
10305,71,B1,5,0,1,2F,2F,False,50,50,False,Not activated
10306,71,B1,5,1,0,2F,2D,True,50,4E,False,SDC
10307,71,B1,5,1,1,2F,2F,False,50,50,False,Not activated
10308,71,B1,5,2,0,2F,2B,True,50,4C,False,SDC
10309,71,B1,5,2,1,2F,2F,False,50,50,False,Not activated
10310,71,B1,5,3,0,2F,27,True,50,4A,False,SDC
10311,71,B1,5,3,1,2F,2F,False,50,50,False,Not activated
10312,71,B1,5,4,0,2F,2F,False,50,50,False,Not activated
10313,71,B1,5,4,1,2F,3F,True,50,56,False,SDC
10314,71,B1,5,5,0,2F,0F,True,50,3F,False,SDC
10315,71,B1,5,5,1,2F,2F,False,50,50,False,Not activated
10316,71,B1,5,6,0,2F,2F,False,50,50,False,Not activated
10317,71,B1,5,6,1,2F,6F,True,50,71,False,SDC
10318,71,B1,5,7,0,2F,2F,False,50,50,False,Not activated
10319,71,B1,5,7,1,2F,AF,True,50,D3,False,SDC
10320,71,B2,6,0,0,FF,FE,True,50,50,False,Masked
10321,71,B2,6,0,1,FF,FF,False,50,50,False,Not activated
10322,71,B2,6,1,0,FF,FD,True,50,50,False,Masked
10323,71,B2,6,1,1,FF,FF,False,50,50,False,Not activated
10324,71,B2,6,2,0,FF,FB,True,50,50,False,Masked
10325,71,B2,6,2,1,FF,FF,False,50,50,False,Not activated
10326,71,B2,6,3,0,FF,F7,True,50,50,False,Masked
10327,71,B2,6,3,1,FF,FF,False,50,50,False,Not activated
10328,71,B2,6,4,0,FF,EF,True,50,4E,False,SDC
10329,71,B2,6,4,1,FF,FF,False,50,50,False,Not activated
10330,71,B2,6,5,0,FF,DF,True,50,4E,False,SDC
10331,71,B2,6,5,1,FF,FF,False,50,50,False,Not activated
10332,71,B2,6,6,0,FF,BF,True,50,4C,False,SDC
10333,71,B2,6,6,1,FF,FF,False,50,50,False,Not activated
10334,71,B2,6,7,0,FF,7F,True,50,78,False,SDC
10335,71,B2,6,7,1,FF,FF,False,50,50,False,Not activated
10336,71,B3,7,0,0,30,30,False,50,50,False,Not activated
10337,71,B3,7,0,1,30,31,True,50,50,False,Masked
10338,71,B3,7,1,0,30,30,False,50,50,False,Not activated
10339,71,B3,7,1,1,30,32,True,50,50,False,Masked
10340,71,B3,7,2,0,30,30,False,50,50,False,Not activated
10341,71,B3,7,2,1,30,34,True,50,50,False,Masked
10342,71,B3,7,3,0,30,30,False,50,50,False,Not activated
10343,71,B3,7,3,1,30,38,True,50,50,False,Masked
10344,71,B3,7,4,0,30,20,True,50,4C,False,SDC
10345,71,B3,7,4,1,30,30,False,50,50,False,Not activated
10346,71,B3,7,5,0,30,10,True,50,48,False,SDC
10347,71,B3,7,5,1,30,30,False,50,50,False,Not activated
10348,71,B3,7,6,0,30,30,False,50,50,False,Not activated
10349,71,B3,7,6,1,30,70,True,50,66,False,SDC
10350,71,B3,7,7,0,30,30,False,50,50,False,Not activated
10351,71,B3,7,7,1,30,B0,True,50,26,False,SDC
10352,71,C0,8,0,0,09,08,True,50,4F,False,SDC
10353,71,C0,8,0,1,09,09,False,50,50,False,Not activated
10354,71,C0,8,1,0,09,09,False,50,50,False,Not activated
10355,71,C0,8,1,1,09,0B,True,50,50,False,Masked
10356,71,C0,8,2,0,09,09,False,50,50,False,Not activated
10357,71,C0,8,2,1,09,0D,True,50,52,False,SDC
10358,71,C0,8,3,0,09,01,True,50,4C,False,SDC
10359,71,C0,8,3,1,09,09,False,50,50,False,Not activated
10360,71,C0,8,4,0,09,09,False,50,50,False,Not activated
10361,71,C0,8,4,1,09,19,True,50,58,False,SDC
10362,71,C0,8,5,0,09,09,False,50,50,False,Not activated
10363,71,C0,8,5,1,09,29,True,50,60,False,SDC
10364,71,C0,8,6,0,09,09,False,50,50,False,Not activated
10365,71,C0,8,6,1,09,49,True,50,65,False,SDC
10366,71,C0,8,7,0,09,09,False,50,50,False,Not activated
10367,71,C0,8,7,1,09,89,True,50,8C,False,SDC
10368,72,A0,0,0,0,FC,FC,False,BC,BC,False,Not activated
10369,72,A0,0,0,1,FC,FD,True,BC,BC,False,Masked
10370,72,A0,0,1,0,FC,FC,False,BC,BC,False,Not activated
10371,72,A0,0,1,1,FC,FE,True,BC,BD,False,SDC
10372,72,A0,0,2,0,FC,F8,True,BC,BA,False,SDC
10373,72,A0,0,2,1,FC,FC,False,BC,BC,False,Not activated
10374,72,A0,0,3,0,FC,F4,True,BC,B9,False,SDC
10375,72,A0,0,3,1,FC,FC,False,BC,BC,False,Not activated
10376,72,A0,0,4,0,FC,EC,True,BC,B5,False,SDC
10377,72,A0,0,4,1,FC,FC,False,BC,BC,False,Not activated
10378,72,A0,0,5,0,FC,DC,True,BC,AE,False,SDC
10379,72,A0,0,5,1,FC,FC,False,BC,BC,False,Not activated
10380,72,A0,0,6,0,FC,BC,True,BC,A0,False,SDC
10381,72,A0,0,6,1,FC,FC,False,BC,BC,False,Not activated
10382,72,A0,0,7,0,FC,7C,True,BC,7B,False,SDC
10383,72,A0,0,7,1,FC,FC,False,BC,BC,False,Not activated
10384,72,A1,1,0,0,F8,F8,False,BC,BC,False,Not activated
10385,72,A1,1,0,1,F8,F9,True,BC,BC,False,Masked
10386,72,A1,1,1,0,F8,F8,False,BC,BC,False,Not activated
10387,72,A1,1,1,1,F8,FA,True,BC,BC,False,Masked
10388,72,A1,1,2,0,F8,F8,False,BC,BC,False,Not activated
10389,72,A1,1,2,1,F8,FC,True,BC,BC,False,Masked
10390,72,A1,1,3,0,F8,F0,True,BC,BC,False,Masked
10391,72,A1,1,3,1,F8,F8,False,BC,BC,False,Not activated
10392,72,A1,1,4,0,F8,E8,True,BC,BC,False,Masked
10393,72,A1,1,4,1,F8,F8,False,BC,BC,False,Not activated
10394,72,A1,1,5,0,F8,D8,True,BC,BC,False,Masked
10395,72,A1,1,5,1,F8,F8,False,BC,BC,False,Not activated
10396,72,A1,1,6,0,F8,B8,True,BC,BE,False,SDC
10397,72,A1,1,6,1,F8,F8,False,BC,BC,False,Not activated
10398,72,A1,1,7,0,F8,78,True,BC,B0,False,SDC
10399,72,A1,1,7,1,F8,F8,False,BC,BC,False,Not activated
10400,72,A2,2,0,0,D8,D8,False,BC,BC,False,Not activated
10401,72,A2,2,0,1,D8,D9,True,BC,BC,False,Masked
10402,72,A2,2,1,0,D8,D8,False,BC,BC,False,Not activated
10403,72,A2,2,1,1,D8,DA,True,BC,BD,False,SDC
10404,72,A2,2,2,0,D8,D8,False,BC,BC,False,Not activated
10405,72,A2,2,2,1,D8,DC,True,BC,BE,False,SDC
10406,72,A2,2,3,0,D8,D0,True,BC,BA,False,SDC
10407,72,A2,2,3,1,D8,D8,False,BC,BC,False,Not activated
10408,72,A2,2,4,0,D8,C8,True,BC,B7,False,SDC
10409,72,A2,2,4,1,D8,D8,False,BC,BC,False,Not activated
10410,72,A2,2,5,0,D8,D8,False,BC,BC,False,Not activated
10411,72,A2,2,5,1,D8,F8,True,BC,CD,False,SDC
10412,72,A2,2,6,0,D8,98,True,BC,9B,False,SDC
10413,72,A2,2,6,1,D8,D8,False,BC,BC,False,Not activated
10414,72,A2,2,7,0,D8,58,True,BC,19,False,SDC
10415,72,A2,2,7,1,D8,D8,False,BC,BC,False,Not activated
10416,72,A3,3,0,0,C7,C6,True,BC,BC,False,Masked
10417,72,A3,3,0,1,C7,C7,False,BC,BC,False,Not activated
10418,72,A3,3,1,0,C7,C5,True,BC,BC,False,Masked
10419,72,A3,3,1,1,C7,C7,False,BC,BC,False,Not activated
10420,72,A3,3,2,0,C7,C3,True,BC,BC,False,Masked
10421,72,A3,3,2,1,C7,C7,False,BC,BC,False,Not activated
10422,72,A3,3,3,0,C7,C7,False,BC,BC,False,Not activated
10423,72,A3,3,3,1,C7,CF,True,BC,BB,False,SDC
10424,72,A3,3,4,0,C7,C7,False,BC,BC,False,Not activated
10425,72,A3,3,4,1,C7,D7,True,BC,BA,False,SDC
10426,72,A3,3,5,0,C7,C7,False,BC,BC,False,Not activated
10427,72,A3,3,5,1,C7,E7,True,BC,B8,False,SDC
10428,72,A3,3,6,0,C7,87,True,BC,2D,False,SDC
10429,72,A3,3,6,1,C7,C7,False,BC,BC,False,Not activated
10430,72,A3,3,7,0,C7,47,True,BC,AE,False,SDC
10431,72,A3,3,7,1,C7,C7,False,BC,BC,False,Not activated
10432,72,B0,4,0,0,38,38,False,BC,BC,False,Not activated
10433,72,B0,4,0,1,38,39,True,BC,BC,False,Masked
10434,72,B0,4,1,0,38,38,False,BC,BC,False,Not activated
10435,72,B0,4,1,1,38,3A,True,BC,BC,False,Masked
10436,72,B0,4,2,0,38,38,False,BC,BC,False,Not activated
10437,72,B0,4,2,1,38,3C,True,BC,BC,False,Masked
10438,72,B0,4,3,0,38,30,True,BC,BC,False,Masked
10439,72,B0,4,3,1,38,38,False,BC,BC,False,Not activated
10440,72,B0,4,4,0,38,28,True,BC,BD,False,SDC
10441,72,B0,4,4,1,38,38,False,BC,BC,False,Not activated
10442,72,B0,4,5,0,38,18,True,BC,BD,False,SDC
10443,72,B0,4,5,1,38,38,False,BC,BC,False,Not activated
10444,72,B0,4,6,0,38,38,False,BC,BC,False,Not activated
10445,72,B0,4,6,1,38,78,True,BC,AE,False,SDC
10446,72,B0,4,7,0,38,38,False,BC,BC,False,Not activated
10447,72,B0,4,7,1,38,B8,True,BC,C1,False,SDC
10448,72,B1,5,0,0,FD,FC,True,BC,BC,False,Masked
10449,72,B1,5,0,1,FD,FD,False,BC,BC,False,Not activated
10450,72,B1,5,1,0,FD,FD,False,BC,BC,False,Not activated
10451,72,B1,5,1,1,FD,FF,True,BC,BC,False,Masked
10452,72,B1,5,2,0,FD,F9,True,BC,BC,False,Masked
10453,72,B1,5,2,1,FD,FD,False,BC,BC,False,Not activated
10454,72,B1,5,3,0,FD,F5,True,BC,BC,False,Masked
10455,72,B1,5,3,1,FD,FD,False,BC,BC,False,Not activated
10456,72,B1,5,4,0,FD,ED,True,BC,BC,False,Masked
10457,72,B1,5,4,1,FD,FD,False,BC,BC,False,Not activated
10458,72,B1,5,5,0,FD,DD,True,BC,BE,False,SDC
10459,72,B1,5,5,1,FD,FD,False,BC,BC,False,Not activated
10460,72,B1,5,6,0,FD,BD,True,BC,C0,False,SDC
10461,72,B1,5,6,1,FD,FD,False,BC,BC,False,Not activated
10462,72,B1,5,7,0,FD,7D,True,BC,90,False,SDC
10463,72,B1,5,7,1,FD,FD,False,BC,BC,False,Not activated
10464,72,B2,6,0,0,29,28,True,BC,BC,False,Masked
10465,72,B2,6,0,1,29,29,False,BC,BC,False,Not activated
10466,72,B2,6,1,0,29,29,False,BC,BC,False,Not activated
10467,72,B2,6,1,1,29,2B,True,BC,BC,False,Masked
10468,72,B2,6,2,0,29,29,False,BC,BC,False,Not activated
10469,72,B2,6,2,1,29,2D,True,BC,BB,False,SDC
10470,72,B2,6,3,0,29,21,True,BC,BE,False,SDC
10471,72,B2,6,3,1,29,29,False,BC,BC,False,Not activated
10472,72,B2,6,4,0,29,29,False,BC,BC,False,Not activated
10473,72,B2,6,4,1,29,39,True,BC,B7,False,SDC
10474,72,B2,6,5,0,29,09,True,BC,CC,False,SDC
10475,72,B2,6,5,1,29,29,False,BC,BC,False,Not activated
10476,72,B2,6,6,0,29,29,False,BC,BC,False,Not activated
10477,72,B2,6,6,1,29,69,True,BC,9B,False,SDC
10478,72,B2,6,7,0,29,29,False,BC,BC,False,Not activated
10479,72,B2,6,7,1,29,A9,True,BC,15,False,SDC
10480,72,B3,7,0,0,F3,F2,True,BC,BC,False,Masked
10481,72,B3,7,0,1,F3,F3,False,BC,BC,False,Not activated
10482,72,B3,7,1,0,F3,F1,True,BC,BC,False,Masked
10483,72,B3,7,1,1,F3,F3,False,BC,BC,False,Not activated
10484,72,B3,7,2,0,F3,F3,False,BC,BC,False,Not activated
10485,72,B3,7,2,1,F3,F7,True,BC,BA,False,SDC
10486,72,B3,7,3,0,F3,F3,False,BC,BC,False,Not activated
10487,72,B3,7,3,1,F3,FB,True,BC,B8,False,SDC
10488,72,B3,7,4,0,F3,E3,True,BC,C6,False,SDC
10489,72,B3,7,4,1,F3,F3,False,BC,BC,False,Not activated
10490,72,B3,7,5,0,F3,D3,True,BC,D4,False,SDC
10491,72,B3,7,5,1,F3,F3,False,BC,BC,False,Not activated
10492,72,B3,7,6,0,F3,B3,True,BC,FC,False,SDC
10493,72,B3,7,6,1,F3,F3,False,BC,BC,False,Not activated
10494,72,B3,7,7,0,F3,73,True,BC,8B,False,SDC
10495,72,B3,7,7,1,F3,F3,False,BC,BC,False,Not activated
10496,72,C0,8,0,0,C9,C8,True,BC,BC,False,Masked
10497,72,C0,8,0,1,C9,C9,False,BC,BC,False,Not activated
10498,72,C0,8,1,0,C9,C9,False,BC,BC,False,Not activated
10499,72,C0,8,1,1,C9,CB,True,BC,BD,False,SDC
10500,72,C0,8,2,0,C9,C9,False,BC,BC,False,Not activated
10501,72,C0,8,2,1,C9,CD,True,BC,BE,False,SDC
10502,72,C0,8,3,0,C9,C1,True,BC,B8,False,SDC
10503,72,C0,8,3,1,C9,C9,False,BC,BC,False,Not activated
10504,72,C0,8,4,0,C9,C9,False,BC,BC,False,Not activated
10505,72,C0,8,4,1,C9,D9,True,BC,C8,False,SDC
10506,72,C0,8,5,0,C9,C9,False,BC,BC,False,Not activated
10507,72,C0,8,5,1,C9,E9,True,BC,D8,False,SDC
10508,72,C0,8,6,0,C9,89,True,BC,88,False,SDC
10509,72,C0,8,6,1,C9,C9,False,BC,BC,False,Not activated
10510,72,C0,8,7,0,C9,49,True,BC,40,False,SDC
10511,72,C0,8,7,1,C9,C9,False,BC,BC,False,Not activated
10512,73,A0,0,0,0,11,10,True,F5,F6,False,SDC
10513,73,A0,0,0,1,11,11,False,F5,F5,False,Not activated
10514,73,A0,0,1,0,11,11,False,F5,F5,False,Not activated
10515,73,A0,0,1,1,11,13,True,F5,F5,False,Masked
10516,73,A0,0,2,0,11,11,False,F5,F5,False,Not activated
10517,73,A0,0,2,1,11,15,True,F5,F4,False,SDC
10518,73,A0,0,3,0,11,11,False,F5,F5,False,Not activated
10519,73,A0,0,3,1,11,19,True,F5,F2,False,SDC
10520,73,A0,0,4,0,11,01,True,F5,FB,False,SDC
10521,73,A0,0,4,1,11,11,False,F5,F5,False,Not activated
10522,73,A0,0,5,0,11,11,False,F5,F5,False,Not activated
10523,73,A0,0,5,1,11,31,True,F5,E8,False,SDC
10524,73,A0,0,6,0,11,11,False,F5,F5,False,Not activated
10525,73,A0,0,6,1,11,51,True,F5,D6,False,SDC
10526,73,A0,0,7,0,11,11,False,F5,F5,False,Not activated
10527,73,A0,0,7,1,11,91,True,F5,4E,False,SDC
10528,73,A1,1,0,0,C7,C6,True,F5,F4,False,SDC
10529,73,A1,1,0,1,C7,C7,False,F5,F5,False,Not activated
10530,73,A1,1,1,0,C7,C5,True,F5,F4,False,SDC
10531,73,A1,1,1,1,C7,C7,False,F5,F5,False,Not activated
10532,73,A1,1,2,0,C7,C3,True,F5,F0,False,SDC
10533,73,A1,1,2,1,C7,C7,False,F5,F5,False,Not activated
10534,73,A1,1,3,0,C7,C7,False,F5,F5,False,Not activated
10535,73,A1,1,3,1,C7,CF,True,F5,FD,False,SDC
10536,73,A1,1,4,0,C7,C7,False,F5,F5,False,Not activated
10537,73,A1,1,4,1,C7,D7,True,F5,05,False,SDC
10538,73,A1,1,5,0,C7,C7,False,F5,F5,False,Not activated
10539,73,A1,1,5,1,C7,E7,True,F5,14,False,SDC
10540,73,A1,1,6,0,C7,87,True,F5,87,False,SDC
10541,73,A1,1,6,1,C7,C7,False,F5,F5,False,Not activated
10542,73,A1,1,7,0,C7,47,True,F5,5C,False,SDC
10543,73,A1,1,7,1,C7,C7,False,F5,F5,False,Not activated
10544,73,A2,2,0,0,D3,D2,True,F5,F6,False,SDC
10545,73,A2,2,0,1,D3,D3,False,F5,F5,False,Not activated
10546,73,A2,2,1,0,D3,D1,True,F5,F7,False,SDC
10547,73,A2,2,1,1,D3,D3,False,F5,F5,False,Not activated
10548,73,A2,2,2,0,D3,D3,False,F5,F5,False,Not activated
10549,73,A2,2,2,1,D3,D7,True,F5,F2,False,SDC
10550,73,A2,2,3,0,D3,D3,False,F5,F5,False,Not activated
10551,73,A2,2,3,1,D3,DB,True,F5,EF,False,SDC
10552,73,A2,2,4,0,D3,C3,True,F5,02,False,SDC
10553,73,A2,2,4,1,D3,D3,False,F5,F5,False,Not activated
10554,73,A2,2,5,0,D3,D3,False,F5,F5,False,Not activated
10555,73,A2,2,5,1,D3,F3,True,F5,DD,False,SDC
10556,73,A2,2,6,0,D3,93,True,F5,5F,False,SDC
10557,73,A2,2,6,1,D3,D3,False,F5,F5,False,Not activated
10558,73,A2,2,7,0,D3,53,True,F5,A3,False,SDC
10559,73,A2,2,7,1,D3,D3,False,F5,F5,False,Not activated
10560,73,A3,3,0,0,08,08,False,F5,F5,False,Not activated
10561,73,A3,3,0,1,08,09,True,F5,F6,False,SDC
10562,73,A3,3,1,0,08,08,False,F5,F5,False,Not activated
10563,73,A3,3,1,1,08,0A,True,F5,F6,False,SDC
10564,73,A3,3,2,0,08,08,False,F5,F5,False,Not activated
10565,73,A3,3,2,1,08,0C,True,F5,F7,False,SDC
10566,73,A3,3,3,0,08,00,True,F5,F1,False,SDC
10567,73,A3,3,3,1,08,08,False,F5,F5,False,Not activated
10568,73,A3,3,4,0,08,08,False,F5,F5,False,Not activated
10569,73,A3,3,4,1,08,18,True,F5,FE,False,SDC
10570,73,A3,3,5,0,08,08,False,F5,F5,False,Not activated
10571,73,A3,3,5,1,08,28,True,F5,06,False,SDC
10572,73,A3,3,6,0,08,08,False,F5,F5,False,Not activated
10573,73,A3,3,6,1,08,48,True,F5,1B,False,SDC
10574,73,A3,3,7,0,08,08,False,F5,F5,False,Not activated
10575,73,A3,3,7,1,08,88,True,F5,8F,False,SDC
10576,73,B0,4,0,0,E7,E6,True,F5,F5,False,Masked
10577,73,B0,4,0,1,E7,E7,False,F5,F5,False,Not activated
10578,73,B0,4,1,0,E7,E5,True,F5,F5,False,Masked
10579,73,B0,4,1,1,E7,E7,False,F5,F5,False,Not activated
10580,73,B0,4,2,0,E7,E3,True,F5,F4,False,SDC
10581,73,B0,4,2,1,E7,E7,False,F5,F5,False,Not activated
10582,73,B0,4,3,0,E7,E7,False,F5,F5,False,Not activated
10583,73,B0,4,3,1,E7,EF,True,F5,F7,False,SDC
10584,73,B0,4,4,0,E7,E7,False,F5,F5,False,Not activated
10585,73,B0,4,4,1,E7,F7,True,F5,FA,False,SDC
10586,73,B0,4,5,0,E7,C7,True,F5,EC,False,SDC
10587,73,B0,4,5,1,E7,E7,False,F5,F5,False,Not activated
10588,73,B0,4,6,0,E7,A7,True,F5,DE,False,SDC
10589,73,B0,4,6,1,E7,E7,False,F5,F5,False,Not activated
10590,73,B0,4,7,0,E7,67,True,F5,2D,False,SDC
10591,73,B0,4,7,1,E7,E7,False,F5,F5,False,Not activated
10592,73,B1,5,0,0,3F,3E,True,F5,F6,False,SDC
10593,73,B1,5,0,1,3F,3F,False,F5,F5,False,Not activated
10594,73,B1,5,1,0,3F,3D,True,F5,F7,False,SDC
10595,73,B1,5,1,1,3F,3F,False,F5,F5,False,Not activated
10596,73,B1,5,2,0,3F,3B,True,F5,F8,False,SDC
10597,73,B1,5,2,1,3F,3F,False,F5,F5,False,Not activated
10598,73,B1,5,3,0,3F,37,True,F5,FC,False,SDC
10599,73,B1,5,3,1,3F,3F,False,F5,F5,False,Not activated
10600,73,B1,5,4,0,3F,2F,True,F5,03,False,SDC
10601,73,B1,5,4,1,3F,3F,False,F5,F5,False,Not activated
10602,73,B1,5,5,0,3F,1F,True,F5,11,False,SDC
10603,73,B1,5,5,1,3F,3F,False,F5,F5,False,Not activated
10604,73,B1,5,6,0,3F,3F,False,F5,F5,False,Not activated
10605,73,B1,5,6,1,3F,7F,True,F5,81,False,SDC
10606,73,B1,5,7,0,3F,3F,False,F5,F5,False,Not activated
10607,73,B1,5,7,1,3F,BF,True,F5,54,False,SDC
10608,73,B2,6,0,0,CF,CE,True,F5,F6,False,SDC
10609,73,B2,6,0,1,CF,CF,False,F5,F5,False,Not activated
10610,73,B2,6,1,0,CF,CD,True,F5,F7,False,SDC
10611,73,B2,6,1,1,CF,CF,False,F5,F5,False,Not activated
10612,73,B2,6,2,0,CF,CB,True,F5,F8,False,SDC
10613,73,B2,6,2,1,CF,CF,False,F5,F5,False,Not activated
10614,73,B2,6,3,0,CF,C7,True,F5,FB,False,SDC
10615,73,B2,6,3,1,CF,CF,False,F5,F5,False,Not activated
10616,73,B2,6,4,0,CF,CF,False,F5,F5,False,Not activated
10617,73,B2,6,4,1,CF,DF,True,F5,EA,False,SDC
10618,73,B2,6,5,0,CF,CF,False,F5,F5,False,Not activated
10619,73,B2,6,5,1,CF,EF,True,F5,DF,False,SDC
10620,73,B2,6,6,0,CF,8F,True,F5,64,False,SDC
10621,73,B2,6,6,1,CF,CF,False,F5,F5,False,Not activated
10622,73,B2,6,7,0,CF,4F,True,F5,A9,False,SDC
10623,73,B2,6,7,1,CF,CF,False,F5,F5,False,Not activated
10624,73,B3,7,0,0,22,22,False,F5,F5,False,Not activated
10625,73,B3,7,0,1,22,23,True,F5,F5,False,Masked
10626,73,B3,7,1,0,22,20,True,F5,F5,False,Masked
10627,73,B3,7,1,1,22,22,False,F5,F5,False,Not activated
10628,73,B3,7,2,0,22,22,False,F5,F5,False,Not activated
10629,73,B3,7,2,1,22,26,True,F5,F6,False,SDC
10630,73,B3,7,3,0,22,22,False,F5,F5,False,Not activated
10631,73,B3,7,3,1,22,2A,True,F5,F6,False,SDC
10632,73,B3,7,4,0,22,22,False,F5,F5,False,Not activated
10633,73,B3,7,4,1,22,32,True,F5,F7,False,SDC
10634,73,B3,7,5,0,22,02,True,F5,F2,False,SDC
10635,73,B3,7,5,1,22,22,False,F5,F5,False,Not activated
10636,73,B3,7,6,0,22,22,False,F5,F5,False,Not activated
10637,73,B3,7,6,1,22,62,True,F5,03,False,SDC
10638,73,B3,7,7,0,22,22,False,F5,F5,False,Not activated
10639,73,B3,7,7,1,22,A2,True,F5,E1,False,SDC
10640,73,C0,8,0,0,0E,0E,False,F5,F5,False,Not activated
10641,73,C0,8,0,1,0E,0F,True,F5,F6,False,SDC
10642,73,C0,8,1,0,0E,0C,True,F5,F3,False,SDC
10643,73,C0,8,1,1,0E,0E,False,F5,F5,False,Not activated
10644,73,C0,8,2,0,0E,0A,True,F5,F1,False,SDC
10645,73,C0,8,2,1,0E,0E,False,F5,F5,False,Not activated
10646,73,C0,8,3,0,0E,06,True,F5,ED,False,SDC
10647,73,C0,8,3,1,0E,0E,False,F5,F5,False,Not activated
10648,73,C0,8,4,0,0E,0E,False,F5,F5,False,Not activated
10649,73,C0,8,4,1,0E,1E,True,F5,05,False,SDC
10650,73,C0,8,5,0,0E,0E,False,F5,F5,False,Not activated
10651,73,C0,8,5,1,0E,2E,True,F5,15,False,SDC
10652,73,C0,8,6,0,0E,0E,False,F5,F5,False,Not activated
10653,73,C0,8,6,1,0E,4E,True,F5,42,False,SDC
10654,73,C0,8,7,0,0E,0E,False,F5,F5,False,Not activated
10655,73,C0,8,7,1,0E,8E,True,F5,8D,False,SDC
10656,74,A0,0,0,0,25,24,True,F7,F7,False,Masked
10657,74,A0,0,0,1,25,25,False,F7,F7,False,Not activated
10658,74,A0,0,1,0,25,25,False,F7,F7,False,Not activated
10659,74,A0,0,1,1,25,27,True,F7,F7,False,Masked
10660,74,A0,0,2,0,25,21,True,F7,F7,False,Masked
10661,74,A0,0,2,1,25,25,False,F7,F7,False,Not activated
10662,74,A0,0,3,0,25,25,False,F7,F7,False,Not activated
10663,74,A0,0,3,1,25,2D,True,F7,F6,False,SDC
10664,74,A0,0,4,0,25,25,False,F7,F7,False,Not activated
10665,74,A0,0,4,1,25,35,True,F7,F5,False,SDC
10666,74,A0,0,5,0,25,05,True,F7,FA,False,SDC
10667,74,A0,0,5,1,25,25,False,F7,F7,False,Not activated
10668,74,A0,0,6,0,25,25,False,F7,F7,False,Not activated
10669,74,A0,0,6,1,25,65,True,F7,E9,False,SDC
10670,74,A0,0,7,0,25,25,False,F7,F7,False,Not activated
10671,74,A0,0,7,1,25,A5,True,F7,08,False,SDC
10672,74,A1,1,0,0,DD,DC,True,F7,F6,False,SDC
10673,74,A1,1,0,1,DD,DD,False,F7,F7,False,Not activated
10674,74,A1,1,1,0,DD,DD,False,F7,F7,False,Not activated
10675,74,A1,1,1,1,DD,DF,True,F7,F8,False,SDC
10676,74,A1,1,2,0,DD,D9,True,F7,F4,False,SDC
10677,74,A1,1,2,1,DD,DD,False,F7,F7,False,Not activated
10678,74,A1,1,3,0,DD,D5,True,F7,F1,False,SDC
10679,74,A1,1,3,1,DD,DD,False,F7,F7,False,Not activated
10680,74,A1,1,4,0,DD,CD,True,F7,EB,False,SDC
10681,74,A1,1,4,1,DD,DD,False,F7,F7,False,Not activated
10682,74,A1,1,5,0,DD,DD,False,F7,F7,False,Not activated
10683,74,A1,1,5,1,DD,FD,True,F7,0E,False,SDC
10684,74,A1,1,6,0,DD,9D,True,F7,B2,False,SDC
10685,74,A1,1,6,1,DD,DD,False,F7,F7,False,Not activated
10686,74,A1,1,7,0,DD,5D,True,F7,54,False,SDC
10687,74,A1,1,7,1,DD,DD,False,F7,F7,False,Not activated
10688,74,A2,2,0,0,03,02,True,F7,F6,False,SDC
10689,74,A2,2,0,1,03,03,False,F7,F7,False,Not activated
10690,74,A2,2,1,0,03,01,True,F7,F5,False,SDC
10691,74,A2,2,1,1,03,03,False,F7,F7,False,Not activated
10692,74,A2,2,2,0,03,03,False,F7,F7,False,Not activated
10693,74,A2,2,2,1,03,07,True,F7,FB,False,SDC
10694,74,A2,2,3,0,03,03,False,F7,F7,False,Not activated
10695,74,A2,2,3,1,03,0B,True,F7,FF,False,SDC
10696,74,A2,2,4,0,03,03,False,F7,F7,False,Not activated
10697,74,A2,2,4,1,03,13,True,F7,07,False,SDC
10698,74,A2,2,5,0,03,03,False,F7,F7,False,Not activated
10699,74,A2,2,5,1,03,23,True,F7,16,False,SDC
10700,74,A2,2,6,0,03,03,False,F7,F7,False,Not activated
10701,74,A2,2,6,1,03,43,True,F7,38,False,SDC
10702,74,A2,2,7,0,03,03,False,F7,F7,False,Not activated
10703,74,A2,2,7,1,03,83,True,F7,83,False,SDC
10704,74,A3,3,0,0,FA,FA,False,F7,F7,False,Not activated
10705,74,A3,3,0,1,FA,FB,True,F7,F7,False,Masked
10706,74,A3,3,1,0,FA,F8,True,F7,F8,False,SDC
10707,74,A3,3,1,1,FA,FA,False,F7,F7,False,Not activated
10708,74,A3,3,2,0,FA,FA,False,F7,F7,False,Not activated
10709,74,A3,3,2,1,FA,FE,True,F7,F6,False,SDC
10710,74,A3,3,3,0,FA,F2,True,F7,FA,False,SDC
10711,74,A3,3,3,1,FA,FA,False,F7,F7,False,Not activated
10712,74,A3,3,4,0,FA,EA,True,F7,FE,False,SDC
10713,74,A3,3,4,1,FA,FA,False,F7,F7,False,Not activated
10714,74,A3,3,5,0,FA,DA,True,F7,04,False,SDC
10715,74,A3,3,5,1,FA,FA,False,F7,F7,False,Not activated
10716,74,A3,3,6,0,FA,BA,True,F7,13,False,SDC
10717,74,A3,3,6,1,FA,FA,False,F7,F7,False,Not activated
10718,74,A3,3,7,0,FA,7A,True,F7,8E,False,SDC
10719,74,A3,3,7,1,FA,FA,False,F7,F7,False,Not activated
10720,74,B0,4,0,0,F9,F8,True,F7,F6,False,SDC
10721,74,B0,4,0,1,F9,F9,False,F7,F7,False,Not activated
10722,74,B0,4,1,0,F9,F9,False,F7,F7,False,Not activated
10723,74,B0,4,1,1,F9,FB,True,F7,F8,False,SDC
10724,74,B0,4,2,0,F9,F9,False,F7,F7,False,Not activated
10725,74,B0,4,2,1,F9,FD,True,F7,F9,False,SDC
10726,74,B0,4,3,0,F9,F1,True,F7,F2,False,SDC
10727,74,B0,4,3,1,F9,F9,False,F7,F7,False,Not activated
10728,74,B0,4,4,0,F9,E9,True,F7,EE,False,SDC
10729,74,B0,4,4,1,F9,F9,False,F7,F7,False,Not activated
10730,74,B0,4,5,0,F9,D9,True,F7,E4,False,SDC
10731,74,B0,4,5,1,F9,F9,False,F7,F7,False,Not activated
10732,74,B0,4,6,0,F9,B9,True,F7,CF,False,SDC
10733,74,B0,4,6,1,F9,F9,False,F7,F7,False,Not activated
10734,74,B0,4,7,0,F9,79,True,F7,73,False,SDC
10735,74,B0,4,7,1,F9,F9,False,F7,F7,False,Not activated
10736,74,B1,5,0,0,2E,2E,False,F7,F7,False,Not activated
10737,74,B1,5,0,1,2E,2F,True,F7,F6,False,SDC
10738,74,B1,5,1,0,2E,2C,True,F7,F8,False,SDC
10739,74,B1,5,1,1,2E,2E,False,F7,F7,False,Not activated
10740,74,B1,5,2,0,2E,2A,True,F7,F9,False,SDC
10741,74,B1,5,2,1,2E,2E,False,F7,F7,False,Not activated
10742,74,B1,5,3,0,2E,26,True,F7,FB,False,SDC
10743,74,B1,5,3,1,2E,2E,False,F7,F7,False,Not activated
10744,74,B1,5,4,0,2E,2E,False,F7,F7,False,Not activated
10745,74,B1,5,4,1,2E,3E,True,F7,EE,False,SDC
10746,74,B1,5,5,0,2E,0E,True,F7,08,False,SDC
10747,74,B1,5,5,1,2E,2E,False,F7,F7,False,Not activated
10748,74,B1,5,6,0,2E,2E,False,F7,F7,False,Not activated
10749,74,B1,5,6,1,2E,6E,True,F7,AA,False,SDC
10750,74,B1,5,7,0,2E,2E,False,F7,F7,False,Not activated
10751,74,B1,5,7,1,2E,AE,True,F7,44,False,SDC
10752,74,B2,6,0,0,3F,3E,True,F7,F7,False,Masked
10753,74,B2,6,0,1,3F,3F,False,F7,F7,False,Not activated
10754,74,B2,6,1,0,3F,3D,True,F7,F7,False,Masked
10755,74,B2,6,1,1,3F,3F,False,F7,F7,False,Not activated
10756,74,B2,6,2,0,3F,3B,True,F7,F7,False,Masked
10757,74,B2,6,2,1,3F,3F,False,F7,F7,False,Not activated
10758,74,B2,6,3,0,3F,37,True,F7,F7,False,Masked
10759,74,B2,6,3,1,3F,3F,False,F7,F7,False,Not activated
10760,74,B2,6,4,0,3F,2F,True,F7,F6,False,SDC
10761,74,B2,6,4,1,3F,3F,False,F7,F7,False,Not activated
10762,74,B2,6,5,0,3F,1F,True,F7,F5,False,SDC
10763,74,B2,6,5,1,3F,3F,False,F7,F7,False,Not activated
10764,74,B2,6,6,0,3F,3F,False,F7,F7,False,Not activated
10765,74,B2,6,6,1,3F,7F,True,F7,66,False,SDC
10766,74,B2,6,7,0,3F,3F,False,F7,F7,False,Not activated
10767,74,B2,6,7,1,3F,BF,True,F7,F1,False,SDC
10768,74,B3,7,0,0,E7,E6,True,F7,F7,False,Masked
10769,74,B3,7,0,1,E7,E7,False,F7,F7,False,Not activated
10770,74,B3,7,1,0,E7,E5,True,F7,F8,False,SDC
10771,74,B3,7,1,1,E7,E7,False,F7,F7,False,Not activated
10772,74,B3,7,2,0,E7,E3,True,F7,F8,False,SDC
10773,74,B3,7,2,1,E7,E7,False,F7,F7,False,Not activated
10774,74,B3,7,3,0,E7,E7,False,F7,F7,False,Not activated
10775,74,B3,7,3,1,E7,EF,True,F7,F7,False,Masked
10776,74,B3,7,4,0,E7,E7,False,F7,F7,False,Not activated
10777,74,B3,7,4,1,E7,F7,True,F7,F6,False,SDC
10778,74,B3,7,5,0,E7,C7,True,F7,FA,False,SDC
10779,74,B3,7,5,1,E7,E7,False,F7,F7,False,Not activated
10780,74,B3,7,6,0,E7,A7,True,F7,00,False,SDC
10781,74,B3,7,6,1,E7,E7,False,F7,F7,False,Not activated
10782,74,B3,7,7,0,E7,67,True,F7,E4,False,SDC
10783,74,B3,7,7,1,E7,E7,False,F7,F7,False,Not activated
10784,74,C0,8,0,0,0F,0E,True,F7,F6,False,SDC
10785,74,C0,8,0,1,0F,0F,False,F7,F7,False,Not activated
10786,74,C0,8,1,0,0F,0D,True,F7,F5,False,SDC
10787,74,C0,8,1,1,0F,0F,False,F7,F7,False,Not activated
10788,74,C0,8,2,0,0F,0B,True,F7,F3,False,SDC
10789,74,C0,8,2,1,0F,0F,False,F7,F7,False,Not activated
10790,74,C0,8,3,0,0F,07,True,F7,EF,False,SDC
10791,74,C0,8,3,1,0F,0F,False,F7,F7,False,Not activated
10792,74,C0,8,4,0,0F,0F,False,F7,F7,False,Not activated
10793,74,C0,8,4,1,0F,1F,True,F7,07,False,SDC
10794,74,C0,8,5,0,0F,0F,False,F7,F7,False,Not activated
10795,74,C0,8,5,1,0F,2F,True,F7,17,False,SDC
10796,74,C0,8,6,0,0F,0F,False,F7,F7,False,Not activated
10797,74,C0,8,6,1,0F,4F,True,F7,43,False,SDC
10798,74,C0,8,7,0,0F,0F,False,F7,F7,False,Not activated
10799,74,C0,8,7,1,0F,8F,True,F7,8E,False,SDC
10800,75,A0,0,0,0,0E,0E,False,BE,BE,False,Not activated
10801,75,A0,0,0,1,0E,0F,True,BE,BE,False,Masked
10802,75,A0,0,1,0,0E,0C,True,BE,BF,False,SDC
10803,75,A0,0,1,1,0E,0E,False,BE,BE,False,Not activated
10804,75,A0,0,2,0,0E,0A,True,BE,C0,False,SDC
10805,75,A0,0,2,1,0E,0E,False,BE,BE,False,Not activated
10806,75,A0,0,3,0,0E,06,True,BE,C2,False,SDC
10807,75,A0,0,3,1,0E,0E,False,BE,BE,False,Not activated
10808,75,A0,0,4,0,0E,0E,False,BE,BE,False,Not activated
10809,75,A0,0,4,1,0E,1E,True,BE,BA,False,SDC
10810,75,A0,0,5,0,0E,0E,False,BE,BE,False,Not activated
10811,75,A0,0,5,1,0E,2E,True,BE,B5,False,SDC
10812,75,A0,0,6,0,0E,0E,False,BE,BE,False,Not activated
10813,75,A0,0,6,1,0E,4E,True,BE,A8,False,SDC
10814,75,A0,0,7,0,0E,0E,False,BE,BE,False,Not activated
10815,75,A0,0,7,1,0E,8E,True,BE,5D,False,SDC
10816,75,A1,1,0,0,1F,1E,True,BE,BE,False,Masked
10817,75,A1,1,0,1,1F,1F,False,BE,BE,False,Not activated
10818,75,A1,1,1,0,1F,1D,True,BE,BE,False,Masked
10819,75,A1,1,1,1,1F,1F,False,BE,BE,False,Not activated
10820,75,A1,1,2,0,1F,1B,True,BE,BE,False,Masked
10821,75,A1,1,2,1,1F,1F,False,BE,BE,False,Not activated
10822,75,A1,1,3,0,1F,17,True,BE,BE,False,Masked
10823,75,A1,1,3,1,1F,1F,False,BE,BE,False,Not activated
10824,75,A1,1,4,0,1F,0F,True,BE,BC,False,SDC
10825,75,A1,1,4,1,1F,1F,False,BE,BE,False,Not activated
10826,75,A1,1,5,0,1F,1F,False,BE,BE,False,Not activated
10827,75,A1,1,5,1,1F,3F,True,BE,C8,False,SDC
10828,75,A1,1,6,0,1F,1F,False,BE,BE,False,Not activated
10829,75,A1,1,6,1,1F,5F,True,BE,DC,False,SDC
10830,75,A1,1,7,0,1F,1F,False,BE,BE,False,Not activated
10831,75,A1,1,7,1,1F,9F,True,BE,A3,False,SDC
10832,75,A2,2,0,0,39,38,True,BE,BF,False,SDC
10833,75,A2,2,0,1,39,39,False,BE,BE,False,Not activated
10834,75,A2,2,1,0,39,39,False,BE,BE,False,Not activated
10835,75,A2,2,1,1,39,3B,True,BE,BE,False,Masked
10836,75,A2,2,2,0,39,39,False,BE,BE,False,Not activated
10837,75,A2,2,2,1,39,3D,True,BE,BD,False,SDC
10838,75,A2,2,3,0,39,31,True,BE,C2,False,SDC
10839,75,A2,2,3,1,39,39,False,BE,BE,False,Not activated
10840,75,A2,2,4,0,39,29,True,BE,C8,False,SDC
10841,75,A2,2,4,1,39,39,False,BE,BE,False,Not activated
10842,75,A2,2,5,0,39,19,True,BE,D3,False,SDC
10843,75,A2,2,5,1,39,39,False,BE,BE,False,Not activated
10844,75,A2,2,6,0,39,39,False,BE,BE,False,Not activated
10845,75,A2,2,6,1,39,79,True,BE,89,False,SDC
10846,75,A2,2,7,0,39,39,False,BE,BE,False,Not activated
10847,75,A2,2,7,1,39,B9,True,BE,1A,False,SDC
10848,75,A3,3,0,0,DB,DA,True,BE,BF,False,SDC
10849,75,A3,3,0,1,DB,DB,False,BE,BE,False,Not activated
10850,75,A3,3,1,0,DB,D9,True,BE,C0,False,SDC
10851,75,A3,3,1,1,DB,DB,False,BE,BE,False,Not activated
10852,75,A3,3,2,0,DB,DB,False,BE,BE,False,Not activated
10853,75,A3,3,2,1,DB,DF,True,BE,BE,False,Masked
10854,75,A3,3,3,0,DB,D3,True,BE,C3,False,SDC
10855,75,A3,3,3,1,DB,DB,False,BE,BE,False,Not activated
10856,75,A3,3,4,0,DB,CB,True,BE,C8,False,SDC
10857,75,A3,3,4,1,DB,DB,False,BE,BE,False,Not activated
10858,75,A3,3,5,0,DB,DB,False,BE,BE,False,Not activated
10859,75,A3,3,5,1,DB,FB,True,BE,B4,False,SDC
10860,75,A3,3,6,0,DB,9B,True,BE,14,False,SDC
10861,75,A3,3,6,1,DB,DB,False,BE,BE,False,Not activated
10862,75,A3,3,7,0,DB,5B,True,BE,9B,False,SDC
10863,75,A3,3,7,1,DB,DB,False,BE,BE,False,Not activated
10864,75,B0,4,0,0,DB,DA,True,BE,BE,False,Masked
10865,75,B0,4,0,1,DB,DB,False,BE,BE,False,Not activated
10866,75,B0,4,1,0,DB,D9,True,BE,BE,False,Masked
10867,75,B0,4,1,1,DB,DB,False,BE,BE,False,Not activated
10868,75,B0,4,2,0,DB,DB,False,BE,BE,False,Not activated
10869,75,B0,4,2,1,DB,DF,True,BE,BF,False,SDC
10870,75,B0,4,3,0,DB,D3,True,BE,BE,False,Masked
10871,75,B0,4,3,1,DB,DB,False,BE,BE,False,Not activated
10872,75,B0,4,4,0,DB,CB,True,BE,BC,False,SDC
10873,75,B0,4,4,1,DB,DB,False,BE,BE,False,Not activated
10874,75,B0,4,5,0,DB,DB,False,BE,BE,False,Not activated
10875,75,B0,4,5,1,DB,FB,True,BE,C4,False,SDC
10876,75,B0,4,6,0,DB,9B,True,BE,B0,False,SDC
10877,75,B0,4,6,1,DB,DB,False,BE,BE,False,Not activated
10878,75,B0,4,7,0,DB,5B,True,BE,DF,False,SDC
10879,75,B0,4,7,1,DB,DB,False,BE,BE,False,Not activated
10880,75,B1,5,0,0,15,14,True,BE,BE,False,Masked
10881,75,B1,5,0,1,15,15,False,BE,BE,False,Not activated
10882,75,B1,5,1,0,15,15,False,BE,BE,False,Not activated
10883,75,B1,5,1,1,15,17,True,BE,BF,False,SDC
10884,75,B1,5,2,0,15,11,True,BE,BE,False,Masked
10885,75,B1,5,2,1,15,15,False,BE,BE,False,Not activated
10886,75,B1,5,3,0,15,15,False,BE,BE,False,Not activated
10887,75,B1,5,3,1,15,1D,True,BE,C1,False,SDC
10888,75,B1,5,4,0,15,05,True,BE,BA,False,SDC
10889,75,B1,5,4,1,15,15,False,BE,BE,False,Not activated
10890,75,B1,5,5,0,15,15,False,BE,BE,False,Not activated
10891,75,B1,5,5,1,15,35,True,BE,CD,False,SDC
10892,75,B1,5,6,0,15,15,False,BE,BE,False,Not activated
10893,75,B1,5,6,1,15,55,True,BE,E6,False,SDC
10894,75,B1,5,7,0,15,15,False,BE,BE,False,Not activated
10895,75,B1,5,7,1,15,95,True,BE,99,False,SDC
10896,75,B2,6,0,0,D4,D4,False,BE,BE,False,Not activated
10897,75,B2,6,0,1,D4,D5,True,BE,BF,False,SDC
10898,75,B2,6,1,0,D4,D4,False,BE,BE,False,Not activated
10899,75,B2,6,1,1,D4,D6,True,BE,C0,False,SDC
10900,75,B2,6,2,0,D4,D0,True,BE,BC,False,SDC
10901,75,B2,6,2,1,D4,D4,False,BE,BE,False,Not activated
10902,75,B2,6,3,0,D4,D4,False,BE,BE,False,Not activated
10903,75,B2,6,3,1,D4,DC,True,BE,C4,False,SDC
10904,75,B2,6,4,0,D4,C4,True,BE,B8,False,SDC
10905,75,B2,6,4,1,D4,D4,False,BE,BE,False,Not activated
10906,75,B2,6,5,0,D4,D4,False,BE,BE,False,Not activated
10907,75,B2,6,5,1,D4,F4,True,BE,D9,False,SDC
10908,75,B2,6,6,0,D4,94,True,BE,93,False,SDC
10909,75,B2,6,6,1,D4,D4,False,BE,BE,False,Not activated
10910,75,B2,6,7,0,D4,54,True,BE,40,False,SDC
10911,75,B2,6,7,1,D4,D4,False,BE,BE,False,Not activated
10912,75,B3,7,0,0,D6,D6,False,BE,BE,False,Not activated
10913,75,B3,7,0,1,D6,D7,True,BE,BE,False,Masked
10914,75,B3,7,1,0,D6,D4,True,BE,BF,False,SDC
10915,75,B3,7,1,1,D6,D6,False,BE,BE,False,Not activated
10916,75,B3,7,2,0,D6,D2,True,BE,C0,False,SDC
10917,75,B3,7,2,1,D6,D6,False,BE,BE,False,Not activated
10918,75,B3,7,3,0,D6,D6,False,BE,BE,False,Not activated
10919,75,B3,7,3,1,D6,DE,True,BE,BC,False,SDC
10920,75,B3,7,4,0,D6,C6,True,BE,C7,False,SDC
10921,75,B3,7,4,1,D6,D6,False,BE,BE,False,Not activated
10922,75,B3,7,5,0,D6,D6,False,BE,BE,False,Not activated
10923,75,B3,7,5,1,D6,F6,True,BE,B6,False,SDC
10924,75,B3,7,6,0,D6,96,True,BE,1C,False,SDC
10925,75,B3,7,6,1,D6,D6,False,BE,BE,False,Not activated
10926,75,B3,7,7,0,D6,56,True,BE,9D,False,SDC
10927,75,B3,7,7,1,D6,D6,False,BE,BE,False,Not activated
10928,75,C0,8,0,0,CA,CA,False,BE,BE,False,Not activated
10929,75,C0,8,0,1,CA,CB,True,BE,BF,False,SDC
10930,75,C0,8,1,0,CA,C8,True,BE,BE,False,Masked
10931,75,C0,8,1,1,CA,CA,False,BE,BE,False,Not activated
10932,75,C0,8,2,0,CA,CA,False,BE,BE,False,Not activated
10933,75,C0,8,2,1,CA,CE,True,BE,C1,False,SDC
10934,75,C0,8,3,0,CA,C2,True,BE,BA,False,SDC
10935,75,C0,8,3,1,CA,CA,False,BE,BE,False,Not activated
10936,75,C0,8,4,0,CA,CA,False,BE,BE,False,Not activated
10937,75,C0,8,4,1,CA,DA,True,BE,CD,False,SDC
10938,75,C0,8,5,0,CA,CA,False,BE,BE,False,Not activated
10939,75,C0,8,5,1,CA,EA,True,BE,DD,False,SDC
10940,75,C0,8,6,0,CA,8A,True,BE,8A,False,SDC
10941,75,C0,8,6,1,CA,CA,False,BE,BE,False,Not activated
10942,75,C0,8,7,0,CA,4A,True,BE,44,False,SDC
10943,75,C0,8,7,1,CA,CA,False,BE,BE,False,Not activated
10944,76,A0,0,0,0,C0,C0,False,40,40,False,Not activated
10945,76,A0,0,0,1,C0,C1,True,40,3F,False,SDC
10946,76,A0,0,1,0,C0,C0,False,40,40,False,Not activated
10947,76,A0,0,1,1,C0,C2,True,40,3F,False,SDC
10948,76,A0,0,2,0,C0,C0,False,40,40,False,Not activated
10949,76,A0,0,2,1,C0,C4,True,40,3E,False,SDC
10950,76,A0,0,3,0,C0,C0,False,40,40,False,Not activated
10951,76,A0,0,3,1,C0,C8,True,40,3C,False,SDC
10952,76,A0,0,4,0,C0,C0,False,40,40,False,Not activated
10953,76,A0,0,4,1,C0,D0,True,40,38,False,SDC
10954,76,A0,0,5,0,C0,C0,False,40,40,False,Not activated
10955,76,A0,0,5,1,C0,E0,True,40,2F,False,SDC
10956,76,A0,0,6,0,C0,80,True,40,80,True,SDC
10957,76,A0,0,6,1,C0,C0,False,40,40,False,Not activated
10958,76,A0,0,7,0,C0,40,True,40,FC,False,SDC
10959,76,A0,0,7,1,C0,C0,False,40,40,False,Not activated
10960,76,A1,1,0,0,FA,FA,False,40,40,False,Not activated
10961,76,A1,1,0,1,FA,FB,True,40,40,False,Masked
10962,76,A1,1,1,0,FA,F8,True,40,3F,False,SDC
10963,76,A1,1,1,1,FA,FA,False,40,40,False,Not activated
10964,76,A1,1,2,0,FA,FA,False,40,40,False,Not activated
10965,76,A1,1,2,1,FA,FE,True,40,40,False,Masked
10966,76,A1,1,3,0,FA,F2,True,40,3C,False,SDC
10967,76,A1,1,3,1,FA,FA,False,40,40,False,Not activated
10968,76,A1,1,4,0,FA,EA,True,40,39,False,SDC
10969,76,A1,1,4,1,FA,FA,False,40,40,False,Not activated
10970,76,A1,1,5,0,FA,DA,True,40,33,False,SDC
10971,76,A1,1,5,1,FA,FA,False,40,40,False,Not activated
10972,76,A1,1,6,0,FA,BA,True,40,23,False,SDC
10973,76,A1,1,6,1,FA,FA,False,40,40,False,Not activated
10974,76,A1,1,7,0,FA,7A,True,40,74,False,SDC
10975,76,A1,1,7,1,FA,FA,False,40,40,False,Not activated
10976,76,A2,2,0,0,0C,0C,False,40,40,False,Not activated
10977,76,A2,2,0,1,0C,0D,True,40,40,False,Masked
10978,76,A2,2,1,0,0C,0C,False,40,40,False,Not activated
10979,76,A2,2,1,1,0C,0E,True,40,40,False,Masked
10980,76,A2,2,2,0,0C,08,True,40,3E,False,SDC
10981,76,A2,2,2,1,0C,0C,False,40,40,False,Not activated
10982,76,A2,2,3,0,0C,04,True,40,3D,False,SDC
10983,76,A2,2,3,1,0C,0C,False,40,40,False,Not activated
10984,76,A2,2,4,0,0C,0C,False,40,40,False,Not activated
10985,76,A2,2,4,1,0C,1C,True,40,43,False,SDC
10986,76,A2,2,5,0,0C,0C,False,40,40,False,Not activated
10987,76,A2,2,5,1,0C,2C,True,40,46,False,SDC
10988,76,A2,2,6,0,0C,0C,False,40,40,False,Not activated
10989,76,A2,2,6,1,0C,4C,True,40,50,False,SDC
10990,76,A2,2,7,0,0C,0C,False,40,40,False,Not activated
10991,76,A2,2,7,1,0C,8C,True,40,AC,False,SDC
10992,76,A3,3,0,0,E5,E4,True,40,40,False,Masked
10993,76,A3,3,0,1,E5,E5,False,40,40,False,Not activated
10994,76,A3,3,1,0,E5,E5,False,40,40,False,Not activated
10995,76,A3,3,1,1,E5,E7,True,40,3F,False,SDC
10996,76,A3,3,2,0,E5,E1,True,40,40,False,Masked
10997,76,A3,3,2,1,E5,E5,False,40,40,False,Not activated
10998,76,A3,3,3,0,E5,E5,False,40,40,False,Not activated
10999,76,A3,3,3,1,E5,ED,True,40,3F,False,SDC
11000,76,A3,3,4,0,E5,E5,False,40,40,False,Not activated
11001,76,A3,3,4,1,E5,F5,True,40,3E,False,SDC
11002,76,A3,3,5,0,E5,C5,True,40,42,False,SDC
11003,76,A3,3,5,1,E5,E5,False,40,40,False,Not activated
11004,76,A3,3,6,0,E5,A5,True,40,44,False,SDC
11005,76,A3,3,6,1,E5,E5,False,40,40,False,Not activated
11006,76,A3,3,7,0,E5,65,True,40,2D,False,SDC
11007,76,A3,3,7,1,E5,E5,False,40,40,False,Not activated
11008,76,B0,4,0,0,DE,DE,False,40,40,False,Not activated
11009,76,B0,4,0,1,DE,DF,True,40,3F,False,SDC
11010,76,B0,4,1,0,DE,DC,True,40,41,False,SDC
11011,76,B0,4,1,1,DE,DE,False,40,40,False,Not activated
11012,76,B0,4,2,0,DE,DA,True,40,42,False,SDC
11013,76,B0,4,2,1,DE,DE,False,40,40,False,Not activated
11014,76,B0,4,3,0,DE,D6,True,40,44,False,SDC
11015,76,B0,4,3,1,DE,DE,False,40,40,False,Not activated
11016,76,B0,4,4,0,DE,CE,True,40,48,False,SDC
11017,76,B0,4,4,1,DE,DE,False,40,40,False,Not activated
11018,76,B0,4,5,0,DE,DE,False,40,40,False,Not activated
11019,76,B0,4,5,1,DE,FE,True,40,20,False,SDC
11020,76,B0,4,6,0,DE,9E,True,40,66,False,SDC
11021,76,B0,4,6,1,DE,DE,False,40,40,False,Not activated
11022,76,B0,4,7,0,DE,5E,True,40,B1,False,SDC
11023,76,B0,4,7,1,DE,DE,False,40,40,False,Not activated
11024,76,B1,5,0,0,1A,1A,False,40,40,False,Not activated
11025,76,B1,5,0,1,1A,1B,True,40,3F,False,SDC
11026,76,B1,5,1,0,1A,18,True,40,40,False,Masked
11027,76,B1,5,1,1,1A,1A,False,40,40,False,Not activated
11028,76,B1,5,2,0,1A,1A,False,40,40,False,Not activated
11029,76,B1,5,2,1,1A,1E,True,40,3F,False,SDC
11030,76,B1,5,3,0,1A,12,True,40,40,False,Masked
11031,76,B1,5,3,1,1A,1A,False,40,40,False,Not activated
11032,76,B1,5,4,0,1A,0A,True,40,40,False,Masked
11033,76,B1,5,4,1,1A,1A,False,40,40,False,Not activated
11034,76,B1,5,5,0,1A,1A,False,40,40,False,Not activated
11035,76,B1,5,5,1,1A,3A,True,40,3D,False,SDC
11036,76,B1,5,6,0,1A,1A,False,40,40,False,Not activated
11037,76,B1,5,6,1,1A,5A,True,40,37,False,SDC
11038,76,B1,5,7,0,1A,1A,False,40,40,False,Not activated
11039,76,B1,5,7,1,1A,9A,True,40,49,False,SDC
11040,76,B2,6,0,0,1A,1A,False,40,40,False,Not activated
11041,76,B2,6,0,1,1A,1B,True,40,40,False,Masked
11042,76,B2,6,1,0,1A,18,True,40,3F,False,SDC
11043,76,B2,6,1,1,1A,1A,False,40,40,False,Not activated
11044,76,B2,6,2,0,1A,1A,False,40,40,False,Not activated
11045,76,B2,6,2,1,1A,1E,True,40,40,False,Masked
11046,76,B2,6,3,0,1A,12,True,40,3E,False,SDC
11047,76,B2,6,3,1,1A,1A,False,40,40,False,Not activated
11048,76,B2,6,4,0,1A,0A,True,40,3D,False,SDC
11049,76,B2,6,4,1,1A,1A,False,40,40,False,Not activated
11050,76,B2,6,5,0,1A,1A,False,40,40,False,Not activated
11051,76,B2,6,5,1,1A,3A,True,40,43,False,SDC
11052,76,B2,6,6,0,1A,1A,False,40,40,False,Not activated
11053,76,B2,6,6,1,1A,5A,True,40,48,False,SDC
11054,76,B2,6,7,0,1A,1A,False,40,40,False,Not activated
11055,76,B2,6,7,1,1A,9A,True,40,1A,False,SDC
11056,76,B3,7,0,0,FA,FA,False,40,40,False,Not activated
11057,76,B3,7,0,1,FA,FB,True,40,3F,False,SDC
11058,76,B3,7,1,0,FA,F8,True,40,40,False,Masked
11059,76,B3,7,1,1,FA,FA,False,40,40,False,Not activated
11060,76,B3,7,2,0,FA,FA,False,40,40,False,Not activated
11061,76,B3,7,2,1,FA,FE,True,40,3E,False,SDC
11062,76,B3,7,3,0,FA,F2,True,40,42,False,SDC
11063,76,B3,7,3,1,FA,FA,False,40,40,False,Not activated
11064,76,B3,7,4,0,FA,EA,True,40,43,False,SDC
11065,76,B3,7,4,1,FA,FA,False,40,40,False,Not activated
11066,76,B3,7,5,0,FA,DA,True,40,46,False,SDC
11067,76,B3,7,5,1,FA,FA,False,40,40,False,Not activated
11068,76,B3,7,6,0,FA,BA,True,40,4E,False,SDC
11069,76,B3,7,6,1,FA,FA,False,40,40,False,Not activated
11070,76,B3,7,7,0,FA,7A,True,40,90,False,SDC
11071,76,B3,7,7,1,FA,FA,False,40,40,False,Not activated
11072,76,C0,8,0,0,18,18,False,40,40,False,Not activated
11073,76,C0,8,0,1,18,19,True,40,40,False,Masked
11074,76,C0,8,1,0,18,18,False,40,40,False,Not activated
11075,76,C0,8,1,1,18,1A,True,40,41,False,SDC
11076,76,C0,8,2,0,18,18,False,40,40,False,Not activated
11077,76,C0,8,2,1,18,1C,True,40,42,False,SDC
11078,76,C0,8,3,0,18,10,True,40,38,False,SDC
11079,76,C0,8,3,1,18,18,False,40,40,False,Not activated
11080,76,C0,8,4,0,18,08,True,40,30,False,SDC
11081,76,C0,8,4,1,18,18,False,40,40,False,Not activated
11082,76,C0,8,5,0,18,18,False,40,40,False,Not activated
11083,76,C0,8,5,1,18,38,True,40,50,False,SDC
11084,76,C0,8,6,0,18,18,False,40,40,False,Not activated
11085,76,C0,8,6,1,18,58,True,40,63,False,SDC
11086,76,C0,8,7,0,18,18,False,40,40,False,Not activated
11087,76,C0,8,7,1,18,98,True,40,9D,False,SDC
11088,77,A0,0,0,0,36,36,False,52,52,False,Not activated
11089,77,A0,0,0,1,36,37,True,52,53,False,SDC
11090,77,A0,0,1,0,36,34,True,52,52,False,Masked
11091,77,A0,0,1,1,36,36,False,52,52,False,Not activated
11092,77,A0,0,2,0,36,32,True,52,51,False,SDC
11093,77,A0,0,2,1,36,36,False,52,52,False,Not activated
11094,77,A0,0,3,0,36,36,False,52,52,False,Not activated
11095,77,A0,0,3,1,36,3E,True,52,56,False,SDC
11096,77,A0,0,4,0,36,26,True,52,4C,False,SDC
11097,77,A0,0,4,1,36,36,False,52,52,False,Not activated
11098,77,A0,0,5,0,36,16,True,52,44,False,SDC
11099,77,A0,0,5,1,36,36,False,52,52,False,Not activated
11100,77,A0,0,6,0,36,36,False,52,52,False,Not activated
11101,77,A0,0,6,1,36,76,True,52,76,False,SDC
11102,77,A0,0,7,0,36,36,False,52,52,False,Not activated
11103,77,A0,0,7,1,36,B6,True,52,EC,False,SDC
11104,77,A1,1,0,0,25,24,True,52,52,False,Masked
11105,77,A1,1,0,1,25,25,False,52,52,False,Not activated
11106,77,A1,1,1,0,25,25,False,52,52,False,Not activated
11107,77,A1,1,1,1,25,27,True,52,52,False,Masked
11108,77,A1,1,2,0,25,21,True,52,53,False,SDC
11109,77,A1,1,2,1,25,25,False,52,52,False,Not activated
11110,77,A1,1,3,0,25,25,False,52,52,False,Not activated
11111,77,A1,1,3,1,25,2D,True,52,52,False,Masked
11112,77,A1,1,4,0,25,25,False,52,52,False,Not activated
11113,77,A1,1,4,1,25,35,True,52,52,False,Masked
11114,77,A1,1,5,0,25,05,True,52,55,False,SDC
11115,77,A1,1,5,1,25,25,False,52,52,False,Not activated
11116,77,A1,1,6,0,25,25,False,52,52,False,Not activated
11117,77,A1,1,6,1,25,65,True,52,48,False,SDC
11118,77,A1,1,7,0,25,25,False,52,52,False,Not activated
11119,77,A1,1,7,1,25,A5,True,52,5E,False,SDC
11120,77,A2,2,0,0,10,10,False,52,52,False,Not activated
11121,77,A2,2,0,1,10,11,True,52,52,False,Masked
11122,77,A2,2,1,0,10,10,False,52,52,False,Not activated
11123,77,A2,2,1,1,10,12,True,52,52,False,Masked
11124,77,A2,2,2,0,10,10,False,52,52,False,Not activated
11125,77,A2,2,2,1,10,14,True,52,52,False,Masked
11126,77,A2,2,3,0,10,10,False,52,52,False,Not activated
11127,77,A2,2,3,1,10,18,True,52,52,False,Masked
11128,77,A2,2,4,0,10,00,True,52,52,False,Masked
11129,77,A2,2,4,1,10,10,False,52,52,False,Not activated
11130,77,A2,2,5,0,10,10,False,52,52,False,Not activated
11131,77,A2,2,5,1,10,30,True,52,54,False,SDC
11132,77,A2,2,6,0,10,10,False,52,52,False,Not activated
11133,77,A2,2,6,1,10,50,True,52,56,False,SDC
11134,77,A2,2,7,0,10,10,False,52,52,False,Not activated
11135,77,A2,2,7,1,10,90,True,52,46,False,SDC
11136,77,A3,3,0,0,15,14,True,52,52,False,Masked
11137,77,A3,3,0,1,15,15,False,52,52,False,Not activated
11138,77,A3,3,1,0,15,15,False,52,52,False,Not activated
11139,77,A3,3,1,1,15,17,True,52,53,False,SDC
11140,77,A3,3,2,0,15,11,True,52,52,False,Masked
11141,77,A3,3,2,1,15,15,False,52,52,False,Not activated
11142,77,A3,3,3,0,15,15,False,52,52,False,Not activated
11143,77,A3,3,3,1,15,1D,True,52,54,False,SDC
11144,77,A3,3,4,0,15,05,True,52,50,False,SDC
11145,77,A3,3,4,1,15,15,False,52,52,False,Not activated
11146,77,A3,3,5,0,15,15,False,52,52,False,Not activated
11147,77,A3,3,5,1,15,35,True,52,58,False,SDC
11148,77,A3,3,6,0,15,15,False,52,52,False,Not activated
11149,77,A3,3,6,1,15,55,True,52,5F,False,SDC
11150,77,A3,3,7,0,15,15,False,52,52,False,Not activated
11151,77,A3,3,7,1,15,95,True,52,1F,False,SDC
11152,77,B0,4,0,0,38,38,False,52,52,False,Not activated
11153,77,B0,4,0,1,38,39,True,52,53,False,SDC
11154,77,B0,4,1,0,38,38,False,52,52,False,Not activated
11155,77,B0,4,1,1,38,3A,True,52,54,False,SDC
11156,77,B0,4,2,0,38,38,False,52,52,False,Not activated
11157,77,B0,4,2,1,38,3C,True,52,54,False,SDC
11158,77,B0,4,3,0,38,30,True,52,4F,False,SDC
11159,77,B0,4,3,1,38,38,False,52,52,False,Not activated
11160,77,B0,4,4,0,38,28,True,52,4C,False,SDC
11161,77,B0,4,4,1,38,38,False,52,52,False,Not activated
11162,77,B0,4,5,0,38,18,True,52,45,False,SDC
11163,77,B0,4,5,1,38,38,False,52,52,False,Not activated
11164,77,B0,4,6,0,38,38,False,52,52,False,Not activated
11165,77,B0,4,6,1,38,78,True,52,78,False,SDC
11166,77,B0,4,7,0,38,38,False,52,52,False,Not activated
11167,77,B0,4,7,1,38,B8,True,52,F2,False,SDC
11168,77,B1,5,0,0,F6,F6,False,52,52,False,Not activated
11169,77,B1,5,0,1,F6,F7,True,52,53,False,SDC
11170,77,B1,5,1,0,F6,F4,True,52,52,False,Masked
11171,77,B1,5,1,1,F6,F6,False,52,52,False,Not activated
11172,77,B1,5,2,0,F6,F2,True,52,52,False,Masked
11173,77,B1,5,2,1,F6,F6,False,52,52,False,Not activated
11174,77,B1,5,3,0,F6,F6,False,52,52,False,Not activated
11175,77,B1,5,3,1,F6,FE,True,52,55,False,SDC
11176,77,B1,5,4,0,F6,E6,True,52,4E,False,SDC
11177,77,B1,5,4,1,F6,F6,False,52,52,False,Not activated
11178,77,B1,5,5,0,F6,D6,True,52,4A,False,SDC
11179,77,B1,5,5,1,F6,F6,False,52,52,False,Not activated
11180,77,B1,5,6,0,F6,B6,True,52,3A,False,SDC
11181,77,B1,5,6,1,F6,F6,False,52,52,False,Not activated
11182,77,B1,5,7,0,F6,76,True,52,73,False,SDC
11183,77,B1,5,7,1,F6,F6,False,52,52,False,Not activated
11184,77,B2,6,0,0,06,06,False,52,52,False,Not activated
11185,77,B2,6,0,1,06,07,True,52,52,False,Masked
11186,77,B2,6,1,0,06,04,True,52,52,False,Masked
11187,77,B2,6,1,1,06,06,False,52,52,False,Not activated
11188,77,B2,6,2,0,06,02,True,52,52,False,Masked
11189,77,B2,6,2,1,06,06,False,52,52,False,Not activated
11190,77,B2,6,3,0,06,06,False,52,52,False,Not activated
11191,77,B2,6,3,1,06,0E,True,52,54,False,SDC
11192,77,B2,6,4,0,06,06,False,52,52,False,Not activated
11193,77,B2,6,4,1,06,16,True,52,54,False,SDC
11194,77,B2,6,5,0,06,06,False,52,52,False,Not activated
11195,77,B2,6,5,1,06,26,True,52,56,False,SDC
11196,77,B2,6,6,0,06,06,False,52,52,False,Not activated
11197,77,B2,6,6,1,06,46,True,52,5B,False,SDC
11198,77,B2,6,7,0,06,06,False,52,52,False,Not activated
11199,77,B2,6,7,1,06,86,True,52,B2,False,SDC
11200,77,B3,7,0,0,13,12,True,52,52,False,Masked
11201,77,B3,7,0,1,13,13,False,52,52,False,Not activated
11202,77,B3,7,1,0,13,11,True,52,52,False,Masked
11203,77,B3,7,1,1,13,13,False,52,52,False,Not activated
11204,77,B3,7,2,0,13,13,False,52,52,False,Not activated
11205,77,B3,7,2,1,13,17,True,52,54,False,SDC
11206,77,B3,7,3,0,13,13,False,52,52,False,Not activated
11207,77,B3,7,3,1,13,1B,True,52,54,False,SDC
11208,77,B3,7,4,0,13,03,True,52,50,False,SDC
11209,77,B3,7,4,1,13,13,False,52,52,False,Not activated
11210,77,B3,7,5,0,13,13,False,52,52,False,Not activated
11211,77,B3,7,5,1,13,33,True,52,58,False,SDC
11212,77,B3,7,6,0,13,13,False,52,52,False,Not activated
11213,77,B3,7,6,1,13,53,True,52,60,False,SDC
11214,77,B3,7,7,0,13,13,False,52,52,False,Not activated
11215,77,B3,7,7,1,13,93,True,52,13,False,SDC
11216,77,C0,8,0,0,34,34,False,52,52,False,Not activated
11217,77,C0,8,0,1,34,35,True,52,53,False,SDC
11218,77,C0,8,1,0,34,34,False,52,52,False,Not activated
11219,77,C0,8,1,1,34,36,True,52,54,False,SDC
11220,77,C0,8,2,0,34,30,True,52,50,False,SDC
11221,77,C0,8,2,1,34,34,False,52,52,False,Not activated
11222,77,C0,8,3,0,34,34,False,52,52,False,Not activated
11223,77,C0,8,3,1,34,3C,True,52,56,False,SDC
11224,77,C0,8,4,0,34,24,True,52,4A,False,SDC
11225,77,C0,8,4,1,34,34,False,52,52,False,Not activated
11226,77,C0,8,5,0,34,14,True,52,42,False,SDC
11227,77,C0,8,5,1,34,34,False,52,52,False,Not activated
11228,77,C0,8,6,0,34,34,False,52,52,False,Not activated
11229,77,C0,8,6,1,34,74,True,52,76,False,SDC
11230,77,C0,8,7,0,34,34,False,52,52,False,Not activated
11231,77,C0,8,7,1,34,B4,True,52,D9,False,SDC
11232,78,A0,0,0,0,2A,2A,False,45,45,False,Not activated
11233,78,A0,0,0,1,2A,2B,True,45,46,False,SDC
11234,78,A0,0,1,0,2A,28,True,45,44,False,SDC
11235,78,A0,0,1,1,2A,2A,False,45,45,False,Not activated
11236,78,A0,0,2,0,2A,2A,False,45,45,False,Not activated
11237,78,A0,0,2,1,2A,2E,True,45,46,False,SDC
11238,78,A0,0,3,0,2A,22,True,45,43,False,SDC
11239,78,A0,0,3,1,2A,2A,False,45,45,False,Not activated
11240,78,A0,0,4,0,2A,2A,False,45,45,False,Not activated
11241,78,A0,0,4,1,2A,3A,True,45,49,False,SDC
11242,78,A0,0,5,0,2A,0A,True,45,3A,False,SDC
11243,78,A0,0,5,1,2A,2A,False,45,45,False,Not activated
11244,78,A0,0,6,0,2A,2A,False,45,45,False,Not activated
11245,78,A0,0,6,1,2A,6A,True,45,64,False,SDC
11246,78,A0,0,7,0,2A,2A,False,45,45,False,Not activated
11247,78,A0,0,7,1,2A,AA,True,45,FF,False,SDC
11248,78,A1,1,0,0,C9,C8,True,45,45,False,Masked
11249,78,A1,1,0,1,C9,C9,False,45,45,False,Not activated
11250,78,A1,1,1,0,C9,C9,False,45,45,False,Not activated
11251,78,A1,1,1,1,C9,CB,True,45,46,False,SDC
11252,78,A1,1,2,0,C9,C9,False,45,45,False,Not activated
11253,78,A1,1,2,1,C9,CD,True,45,46,False,SDC
11254,78,A1,1,3,0,C9,C1,True,45,44,False,SDC
11255,78,A1,1,3,1,C9,C9,False,45,45,False,Not activated
11256,78,A1,1,4,0,C9,C9,False,45,45,False,Not activated
11257,78,A1,1,4,1,C9,D9,True,45,46,False,SDC
11258,78,A1,1,5,0,C9,C9,False,45,45,False,Not activated
11259,78,A1,1,5,1,C9,E9,True,45,48,False,SDC
11260,78,A1,1,6,0,C9,89,True,45,0E,False,SDC
11261,78,A1,1,6,1,C9,C9,False,45,45,False,Not activated
11262,78,A1,1,7,0,C9,49,True,45,4F,False,SDC
11263,78,A1,1,7,1,C9,C9,False,45,45,False,Not activated
11264,78,A2,2,0,0,D5,D4,True,45,46,False,SDC
11265,78,A2,2,0,1,D5,D5,False,45,45,False,Not activated
11266,78,A2,2,1,0,D5,D5,False,45,45,False,Not activated
11267,78,A2,2,1,1,D5,D7,True,45,44,False,SDC
11268,78,A2,2,2,0,D5,D1,True,45,46,False,SDC
11269,78,A2,2,2,1,D5,D5,False,45,45,False,Not activated
11270,78,A2,2,3,0,D5,D5,False,45,45,False,Not activated
11271,78,A2,2,3,1,D5,DD,True,45,44,False,SDC
11272,78,A2,2,4,0,D5,C5,True,45,48,False,SDC
11273,78,A2,2,4,1,D5,D5,False,45,45,False,Not activated
11274,78,A2,2,5,0,D5,D5,False,45,45,False,Not activated
11275,78,A2,2,5,1,D5,F5,True,45,3D,False,SDC
11276,78,A2,2,6,0,D5,95,True,45,62,False,SDC
11277,78,A2,2,6,1,D5,D5,False,45,45,False,Not activated
11278,78,A2,2,7,0,D5,55,True,45,0B,False,SDC
11279,78,A2,2,7,1,D5,D5,False,45,45,False,Not activated
11280,78,A3,3,0,0,E7,E6,True,45,46,False,SDC
11281,78,A3,3,0,1,E7,E7,False,45,45,False,Not activated
11282,78,A3,3,1,0,E7,E5,True,45,46,False,SDC
11283,78,A3,3,1,1,E7,E7,False,45,45,False,Not activated
11284,78,A3,3,2,0,E7,E3,True,45,46,False,SDC
11285,78,A3,3,2,1,E7,E7,False,45,45,False,Not activated
11286,78,A3,3,3,0,E7,E7,False,45,45,False,Not activated
11287,78,A3,3,3,1,E7,EF,True,45,42,False,SDC
11288,78,A3,3,4,0,E7,E7,False,45,45,False,Not activated
11289,78,A3,3,4,1,E7,F7,True,45,3E,False,SDC
11290,78,A3,3,5,0,E7,C7,True,45,51,False,SDC
11291,78,A3,3,5,1,E7,E7,False,45,45,False,Not activated
11292,78,A3,3,6,0,E7,A7,True,45,62,False,SDC
11293,78,A3,3,6,1,E7,E7,False,45,45,False,Not activated
11294,78,A3,3,7,0,E7,67,True,45,B8,False,SDC
11295,78,A3,3,7,1,E7,E7,False,45,45,False,Not activated
11296,78,B0,4,0,0,20,20,False,45,45,False,Not activated
11297,78,B0,4,0,1,20,21,True,45,46,False,SDC
11298,78,B0,4,1,0,20,20,False,45,45,False,Not activated
11299,78,B0,4,1,1,20,22,True,45,46,False,SDC
11300,78,B0,4,2,0,20,20,False,45,45,False,Not activated
11301,78,B0,4,2,1,20,24,True,45,46,False,SDC
11302,78,B0,4,3,0,20,20,False,45,45,False,Not activated
11303,78,B0,4,3,1,20,28,True,45,48,False,SDC
11304,78,B0,4,4,0,20,20,False,45,45,False,Not activated
11305,78,B0,4,4,1,20,30,True,45,4A,False,SDC
11306,78,B0,4,5,0,20,00,True,45,35,False,SDC
11307,78,B0,4,5,1,20,20,False,45,45,False,Not activated
11308,78,B0,4,6,0,20,20,False,45,45,False,Not activated
11309,78,B0,4,6,1,20,60,True,45,61,False,SDC
11310,78,B0,4,7,0,20,20,False,45,45,False,Not activated
11311,78,B0,4,7,1,20,A0,True,45,E1,False,SDC
11312,78,B1,5,0,0,09,08,True,45,46,False,SDC
11313,78,B1,5,0,1,09,09,False,45,45,False,Not activated
11314,78,B1,5,1,0,09,09,False,45,45,False,Not activated
11315,78,B1,5,1,1,09,0B,True,45,44,False,SDC
11316,78,B1,5,2,0,09,09,False,45,45,False,Not activated
11317,78,B1,5,2,1,09,0D,True,45,44,False,SDC
11318,78,B1,5,3,0,09,01,True,45,48,False,SDC
11319,78,B1,5,3,1,09,09,False,45,45,False,Not activated
11320,78,B1,5,4,0,09,09,False,45,45,False,Not activated
11321,78,B1,5,4,1,09,19,True,45,3D,False,SDC
11322,78,B1,5,5,0,09,09,False,45,45,False,Not activated
11323,78,B1,5,5,1,09,29,True,45,2F,False,SDC
11324,78,B1,5,6,0,09,09,False,45,45,False,Not activated
11325,78,B1,5,6,1,09,49,True,45,0C,False,SDC
11326,78,B1,5,7,0,09,09,False,45,45,False,Not activated
11327,78,B1,5,7,1,09,89,True,45,78,False,SDC
11328,78,B2,6,0,0,E5,E4,True,45,46,False,SDC
11329,78,B2,6,0,1,E5,E5,False,45,45,False,Not activated
11330,78,B2,6,1,0,E5,E5,False,45,45,False,Not activated
11331,78,B2,6,1,1,E5,E7,True,45,44,False,SDC
11332,78,B2,6,2,0,E5,E1,True,45,46,False,SDC
11333,78,B2,6,2,1,E5,E5,False,45,45,False,Not activated
11334,78,B2,6,3,0,E5,E5,False,45,45,False,Not activated
11335,78,B2,6,3,1,E5,ED,True,45,42,False,SDC
11336,78,B2,6,4,0,E5,E5,False,45,45,False,Not activated
11337,78,B2,6,4,1,E5,F5,True,45,3F,False,SDC
11338,78,B2,6,5,0,E5,C5,True,45,50,False,SDC
11339,78,B2,6,5,1,E5,E5,False,45,45,False,Not activated
11340,78,B2,6,6,0,E5,A5,True,45,61,False,SDC
11341,78,B2,6,6,1,E5,E5,False,45,45,False,Not activated
11342,78,B2,6,7,0,E5,65,True,45,C8,False,SDC
11343,78,B2,6,7,1,E5,E5,False,45,45,False,Not activated
11344,78,B3,7,0,0,D0,D0,False,45,45,False,Not activated
11345,78,B3,7,0,1,D0,D1,True,45,44,False,SDC
11346,78,B3,7,1,0,D0,D0,False,45,45,False,Not activated
11347,78,B3,7,1,1,D0,D2,True,45,44,False,SDC
11348,78,B3,7,2,0,D0,D0,False,45,45,False,Not activated
11349,78,B3,7,2,1,D0,D4,True,45,44,False,SDC
11350,78,B3,7,3,0,D0,D0,False,45,45,False,Not activated
11351,78,B3,7,3,1,D0,D8,True,45,44,False,SDC
11352,78,B3,7,4,0,D0,C0,True,45,48,False,SDC
11353,78,B3,7,4,1,D0,D0,False,45,45,False,Not activated
11354,78,B3,7,5,0,D0,D0,False,45,45,False,Not activated
11355,78,B3,7,5,1,D0,F0,True,45,3D,False,SDC
11356,78,B3,7,6,0,D0,90,True,45,63,False,SDC
11357,78,B3,7,6,1,D0,D0,False,45,45,False,Not activated
11358,78,B3,7,7,0,D0,50,True,45,11,False,SDC
11359,78,B3,7,7,1,D0,D0,False,45,45,False,Not activated
11360,78,C0,8,0,0,18,18,False,45,45,False,Not activated
11361,78,C0,8,0,1,18,19,True,45,46,False,SDC
11362,78,C0,8,1,0,18,18,False,45,45,False,Not activated
11363,78,C0,8,1,1,18,1A,True,45,46,False,SDC
11364,78,C0,8,2,0,18,18,False,45,45,False,Not activated
11365,78,C0,8,2,1,18,1C,True,45,47,False,SDC
11366,78,C0,8,3,0,18,10,True,45,41,False,SDC
11367,78,C0,8,3,1,18,18,False,45,45,False,Not activated
11368,78,C0,8,4,0,18,08,True,45,3A,False,SDC
11369,78,C0,8,4,1,18,18,False,45,45,False,Not activated
11370,78,C0,8,5,0,18,18,False,45,45,False,Not activated
11371,78,C0,8,5,1,18,38,True,45,55,False,SDC
11372,78,C0,8,6,0,18,18,False,45,45,False,Not activated
11373,78,C0,8,6,1,18,58,True,45,64,False,SDC
11374,78,C0,8,7,0,18,18,False,45,45,False,Not activated
11375,78,C0,8,7,1,18,98,True,45,9E,False,SDC
11376,79,A0,0,0,0,1A,1A,False,AA,AA,False,Not activated
11377,79,A0,0,0,1,1A,1B,True,AA,AA,False,Masked
11378,79,A0,0,1,0,1A,18,True,AA,AC,False,SDC
11379,79,A0,0,1,1,1A,1A,False,AA,AA,False,Not activated
11380,79,A0,0,2,0,1A,1A,False,AA,AA,False,Not activated
11381,79,A0,0,2,1,1A,1E,True,AA,AA,False,Masked
11382,79,A0,0,3,0,1A,12,True,AA,AE,False,SDC
11383,79,A0,0,3,1,1A,1A,False,AA,AA,False,Not activated
11384,79,A0,0,4,0,1A,0A,True,AA,B2,False,SDC
11385,79,A0,0,4,1,1A,1A,False,AA,AA,False,Not activated
11386,79,A0,0,5,0,1A,1A,False,AA,AA,False,Not activated
11387,79,A0,0,5,1,1A,3A,True,AA,A0,False,SDC
11388,79,A0,0,6,0,1A,1A,False,AA,AA,False,Not activated
11389,79,A0,0,6,1,1A,5A,True,AA,99,False,SDC
11390,79,A0,0,7,0,1A,1A,False,AA,AA,False,Not activated
11391,79,A0,0,7,1,1A,9A,True,AA,42,False,SDC
11392,79,A1,1,0,0,39,38,True,AA,AC,False,SDC
11393,79,A1,1,0,1,39,39,False,AA,AA,False,Not activated
11394,79,A1,1,1,0,39,39,False,AA,AA,False,Not activated
11395,79,A1,1,1,1,39,3B,True,AA,AA,False,Masked
11396,79,A1,1,2,0,39,39,False,AA,AA,False,Not activated
11397,79,A1,1,2,1,39,3D,True,AA,AA,False,Masked
11398,79,A1,1,3,0,39,31,True,AA,AE,False,SDC
11399,79,A1,1,3,1,39,39,False,AA,AA,False,Not activated
11400,79,A1,1,4,0,39,29,True,AA,B2,False,SDC
11401,79,A1,1,4,1,39,39,False,AA,AA,False,Not activated
11402,79,A1,1,5,0,39,19,True,AA,BA,False,SDC
11403,79,A1,1,5,1,39,39,False,AA,AA,False,Not activated
11404,79,A1,1,6,0,39,39,False,AA,AA,False,Not activated
11405,79,A1,1,6,1,39,79,True,AA,87,False,SDC
11406,79,A1,1,7,0,39,39,False,AA,AA,False,Not activated
11407,79,A1,1,7,1,39,B9,True,AA,13,False,SDC
11408,79,A2,2,0,0,00,00,False,AA,AA,False,Not activated
11409,79,A2,2,0,1,00,01,True,AA,AA,False,Masked
11410,79,A2,2,1,0,00,00,False,AA,AA,False,Not activated
11411,79,A2,2,1,1,00,02,True,AA,AA,False,Masked
11412,79,A2,2,2,0,00,00,False,AA,AA,False,Not activated
11413,79,A2,2,2,1,00,04,True,AA,AA,False,Masked
11414,79,A2,2,3,0,00,00,False,AA,AA,False,Not activated
11415,79,A2,2,3,1,00,08,True,AA,AA,False,Masked
11416,79,A2,2,4,0,00,00,False,AA,AA,False,Not activated
11417,79,A2,2,4,1,00,10,True,AA,AA,False,Masked
11418,79,A2,2,5,0,00,00,False,AA,AA,False,Not activated
11419,79,A2,2,5,1,00,20,True,AA,A8,False,SDC
11420,79,A2,2,6,0,00,00,False,AA,AA,False,Not activated
11421,79,A2,2,6,1,00,40,True,AA,A6,False,SDC
11422,79,A2,2,7,0,00,00,False,AA,AA,False,Not activated
11423,79,A2,2,7,1,00,80,True,AA,80,True,SDC
11424,79,A3,3,0,0,FF,FE,True,AA,AA,False,Masked
11425,79,A3,3,0,1,FF,FF,False,AA,AA,False,Not activated
11426,79,A3,3,1,0,FF,FD,True,AA,AA,False,Masked
11427,79,A3,3,1,1,FF,FF,False,AA,AA,False,Not activated
11428,79,A3,3,2,0,FF,FB,True,AA,AB,False,SDC
11429,79,A3,3,2,1,FF,FF,False,AA,AA,False,Not activated
11430,79,A3,3,3,0,FF,F7,True,AA,AC,False,SDC
11431,79,A3,3,3,1,FF,FF,False,AA,AA,False,Not activated
11432,79,A3,3,4,0,FF,EF,True,AA,AD,False,SDC
11433,79,A3,3,4,1,FF,FF,False,AA,AA,False,Not activated
11434,79,A3,3,5,0,FF,DF,True,AA,B0,False,SDC
11435,79,A3,3,5,1,FF,FF,False,AA,AA,False,Not activated
11436,79,A3,3,6,0,FF,BF,True,AA,B6,False,SDC
11437,79,A3,3,6,1,FF,FF,False,AA,AA,False,Not activated
11438,79,A3,3,7,0,FF,7F,True,AA,83,False,SDC
11439,79,A3,3,7,1,FF,FF,False,AA,AA,False,Not activated
11440,79,B0,4,0,0,CA,CA,False,AA,AA,False,Not activated
11441,79,B0,4,0,1,CA,CB,True,AA,AA,False,Masked
11442,79,B0,4,1,0,CA,C8,True,AA,AA,False,Masked
11443,79,B0,4,1,1,CA,CA,False,AA,AA,False,Not activated
11444,79,B0,4,2,0,CA,CA,False,AA,AA,False,Not activated
11445,79,B0,4,2,1,CA,CE,True,AA,AC,False,SDC
11446,79,B0,4,3,0,CA,C2,True,AA,AA,False,Masked
11447,79,B0,4,3,1,CA,CA,False,AA,AA,False,Not activated
11448,79,B0,4,4,0,CA,CA,False,AA,AA,False,Not activated
11449,79,B0,4,4,1,CA,DA,True,AA,AE,False,SDC
11450,79,B0,4,5,0,CA,CA,False,AA,AA,False,Not activated
11451,79,B0,4,5,1,CA,EA,True,AA,B2,False,SDC
11452,79,B0,4,6,0,CA,8A,True,AA,90,False,SDC
11453,79,B0,4,6,1,CA,CA,False,AA,AA,False,Not activated
11454,79,B0,4,7,0,CA,4A,True,AA,CE,False,SDC
11455,79,B0,4,7,1,CA,CA,False,AA,AA,False,Not activated
11456,79,B1,5,0,0,C5,C4,True,AA,AA,False,Masked
11457,79,B1,5,0,1,C5,C5,False,AA,AA,False,Not activated
11458,79,B1,5,1,0,C5,C5,False,AA,AA,False,Not activated
11459,79,B1,5,1,1,C5,C7,True,AA,AC,False,SDC
11460,79,B1,5,2,0,C5,C1,True,AA,AA,False,Masked
11461,79,B1,5,2,1,C5,C5,False,AA,AA,False,Not activated
11462,79,B1,5,3,0,C5,C5,False,AA,AA,False,Not activated
11463,79,B1,5,3,1,C5,CD,True,AA,AE,False,SDC
11464,79,B1,5,4,0,C5,C5,False,AA,AA,False,Not activated
11465,79,B1,5,4,1,C5,D5,True,AA,B2,False,SDC
11466,79,B1,5,5,0,C5,C5,False,AA,AA,False,Not activated
11467,79,B1,5,5,1,C5,E5,True,AA,BA,False,SDC
11468,79,B1,5,6,0,C5,85,True,AA,86,False,SDC
11469,79,B1,5,6,1,C5,C5,False,AA,AA,False,Not activated
11470,79,B1,5,7,0,C5,45,True,AA,0D,False,SDC
11471,79,B1,5,7,1,C5,C5,False,AA,AA,False,Not activated
11472,79,B2,6,0,0,F7,F6,True,AA,AA,False,Masked
11473,79,B2,6,0,1,F7,F7,False,AA,AA,False,Not activated
11474,79,B2,6,1,0,F7,F5,True,AA,AA,False,Masked
11475,79,B2,6,1,1,F7,F7,False,AA,AA,False,Not activated
11476,79,B2,6,2,0,F7,F3,True,AA,AA,False,Masked
11477,79,B2,6,2,1,F7,F7,False,AA,AA,False,Not activated
11478,79,B2,6,3,0,F7,F7,False,AA,AA,False,Not activated
11479,79,B2,6,3,1,F7,FF,True,AA,AA,False,Masked
11480,79,B2,6,4,0,F7,E7,True,AA,AA,False,Masked
11481,79,B2,6,4,1,F7,F7,False,AA,AA,False,Not activated
11482,79,B2,6,5,0,F7,D7,True,AA,AA,False,Masked
11483,79,B2,6,5,1,F7,F7,False,AA,AA,False,Not activated
11484,79,B2,6,6,0,F7,B7,True,AA,AA,False,Masked
11485,79,B2,6,6,1,F7,F7,False,AA,AA,False,Not activated
11486,79,B2,6,7,0,F7,77,True,AA,AA,False,Masked
11487,79,B2,6,7,1,F7,F7,False,AA,AA,False,Not activated
11488,79,B3,7,0,0,E9,E8,True,AA,AA,False,Masked
11489,79,B3,7,0,1,E9,E9,False,AA,AA,False,Not activated
11490,79,B3,7,1,0,E9,E9,False,AA,AA,False,Not activated
11491,79,B3,7,1,1,E9,EB,True,AA,AA,False,Masked
11492,79,B3,7,2,0,E9,E9,False,AA,AA,False,Not activated
11493,79,B3,7,2,1,E9,ED,True,AA,AA,False,Masked
11494,79,B3,7,3,0,E9,E1,True,AA,AA,False,Masked
11495,79,B3,7,3,1,E9,E9,False,AA,AA,False,Not activated
11496,79,B3,7,4,0,E9,E9,False,AA,AA,False,Not activated
11497,79,B3,7,4,1,E9,F9,True,AA,AA,False,Masked
11498,79,B3,7,5,0,E9,C9,True,AA,AA,False,Masked
11499,79,B3,7,5,1,E9,E9,False,AA,AA,False,Not activated
11500,79,B3,7,6,0,E9,A9,True,AA,AB,False,SDC
11501,79,B3,7,6,1,E9,E9,False,AA,AA,False,Not activated
11502,79,B3,7,7,0,E9,69,True,AA,A8,False,SDC
11503,79,B3,7,7,1,E9,E9,False,AA,AA,False,Not activated
11504,79,C0,8,0,0,E0,E0,False,AA,AA,False,Not activated
11505,79,C0,8,0,1,E0,E1,True,AA,AA,False,Masked
11506,79,C0,8,1,0,E0,E0,False,AA,AA,False,Not activated
11507,79,C0,8,1,1,E0,E2,True,AA,AB,False,SDC
11508,79,C0,8,2,0,E0,E0,False,AA,AA,False,Not activated
11509,79,C0,8,2,1,E0,E4,True,AA,AC,False,SDC
11510,79,C0,8,3,0,E0,E0,False,AA,AA,False,Not activated
11511,79,C0,8,3,1,E0,E8,True,AA,AE,False,SDC
11512,79,C0,8,4,0,E0,E0,False,AA,AA,False,Not activated
11513,79,C0,8,4,1,E0,F0,True,AA,B2,False,SDC
11514,79,C0,8,5,0,E0,C0,True,AA,9E,False,SDC
11515,79,C0,8,5,1,E0,E0,False,AA,AA,False,Not activated
11516,79,C0,8,6,0,E0,A0,True,AA,96,False,SDC
11517,79,C0,8,6,1,E0,E0,False,AA,AA,False,Not activated
11518,79,C0,8,7,0,E0,60,True,AA,34,False,SDC
11519,79,C0,8,7,1,E0,E0,False,AA,AA,False,Not activated
11520,80,A0,0,0,0,CC,CC,False,DB,DB,False,Not activated
11521,80,A0,0,0,1,CC,CD,True,DB,DC,False,SDC
11522,80,A0,0,1,0,CC,CC,False,DB,DB,False,Not activated
11523,80,A0,0,1,1,CC,CE,True,DB,DD,False,SDC
11524,80,A0,0,2,0,CC,C8,True,DB,D7,False,SDC
11525,80,A0,0,2,1,CC,CC,False,DB,DB,False,Not activated
11526,80,A0,0,3,0,CC,C4,True,DB,D4,False,SDC
11527,80,A0,0,3,1,CC,CC,False,DB,DB,False,Not activated
11528,80,A0,0,4,0,CC,CC,False,DB,DB,False,Not activated
11529,80,A0,0,4,1,CC,DC,True,DB,E9,False,SDC
11530,80,A0,0,5,0,CC,CC,False,DB,DB,False,Not activated
11531,80,A0,0,5,1,CC,EC,True,DB,F8,False,SDC
11532,80,A0,0,6,0,CC,8C,True,DB,8D,False,SDC
11533,80,A0,0,6,1,CC,CC,False,DB,DB,False,Not activated
11534,80,A0,0,7,0,CC,4C,True,DB,4A,False,SDC
11535,80,A0,0,7,1,CC,CC,False,DB,DB,False,Not activated
11536,80,A1,1,0,0,3B,3A,True,DB,DA,False,SDC
11537,80,A1,1,0,1,3B,3B,False,DB,DB,False,Not activated
11538,80,A1,1,1,0,3B,39,True,DB,D9,False,SDC
11539,80,A1,1,1,1,3B,3B,False,DB,DB,False,Not activated
11540,80,A1,1,2,0,3B,3B,False,DB,DB,False,Not activated
11541,80,A1,1,2,1,3B,3F,True,DB,DF,False,SDC
11542,80,A1,1,3,0,3B,33,True,DB,D3,False,SDC
11543,80,A1,1,3,1,3B,3B,False,DB,DB,False,Not activated
11544,80,A1,1,4,0,3B,2B,True,DB,CB,False,SDC
11545,80,A1,1,4,1,3B,3B,False,DB,DB,False,Not activated
11546,80,A1,1,5,0,3B,1B,True,DB,BE,False,SDC
11547,80,A1,1,5,1,3B,3B,False,DB,DB,False,Not activated
11548,80,A1,1,6,0,3B,3B,False,DB,DB,False,Not activated
11549,80,A1,1,6,1,3B,7B,True,DB,7B,False,SDC
11550,80,A1,1,7,0,3B,3B,False,DB,DB,False,Not activated
11551,80,A1,1,7,1,3B,BB,True,DB,9B,False,SDC
11552,80,A2,2,0,0,2B,2A,True,DB,DA,False,SDC
11553,80,A2,2,0,1,2B,2B,False,DB,DB,False,Not activated
11554,80,A2,2,1,0,2B,29,True,DB,DA,False,SDC
11555,80,A2,2,1,1,2B,2B,False,DB,DB,False,Not activated
11556,80,A2,2,2,0,2B,2B,False,DB,DB,False,Not activated
11557,80,A2,2,2,1,2B,2F,True,DB,DC,False,SDC
11558,80,A2,2,3,0,2B,23,True,DB,D8,False,SDC
11559,80,A2,2,3,1,2B,2B,False,DB,DB,False,Not activated
11560,80,A2,2,4,0,2B,2B,False,DB,DB,False,Not activated
11561,80,A2,2,4,1,2B,3B,True,DB,E0,False,SDC
11562,80,A2,2,5,0,2B,0B,True,DB,D0,False,SDC
11563,80,A2,2,5,1,2B,2B,False,DB,DB,False,Not activated
11564,80,A2,2,6,0,2B,2B,False,DB,DB,False,Not activated
11565,80,A2,2,6,1,2B,6B,True,DB,15,False,SDC
11566,80,A2,2,7,0,2B,2B,False,DB,DB,False,Not activated
11567,80,A2,2,7,1,2B,AB,True,DB,B4,False,SDC
11568,80,A3,3,0,0,0A,0A,False,DB,DB,False,Not activated
11569,80,A3,3,0,1,0A,0B,True,DB,DB,False,Masked
11570,80,A3,3,1,0,0A,08,True,DB,DC,False,SDC
11571,80,A3,3,1,1,0A,0A,False,DB,DB,False,Not activated
11572,80,A3,3,2,0,0A,0A,False,DB,DB,False,Not activated
11573,80,A3,3,2,1,0A,0E,True,DB,D9,False,SDC
11574,80,A3,3,3,0,0A,02,True,DB,DF,False,SDC
11575,80,A3,3,3,1,0A,0A,False,DB,DB,False,Not activated
11576,80,A3,3,4,0,0A,0A,False,DB,DB,False,Not activated
11577,80,A3,3,4,1,0A,1A,True,DB,D4,False,SDC
11578,80,A3,3,5,0,0A,0A,False,DB,DB,False,Not activated
11579,80,A3,3,5,1,0A,2A,True,DB,CC,False,SDC
11580,80,A3,3,6,0,0A,0A,False,DB,DB,False,Not activated
11581,80,A3,3,6,1,0A,4A,True,DB,BC,False,SDC
11582,80,A3,3,7,0,0A,0A,False,DB,DB,False,Not activated
11583,80,A3,3,7,1,0A,8A,True,DB,67,False,SDC
11584,80,B0,4,0,0,3A,3A,False,DB,DB,False,Not activated
11585,80,B0,4,0,1,3A,3B,True,DB,DA,False,SDC
11586,80,B0,4,1,0,3A,38,True,DB,DC,False,SDC
11587,80,B0,4,1,1,3A,3A,False,DB,DB,False,Not activated
11588,80,B0,4,2,0,3A,3A,False,DB,DB,False,Not activated
11589,80,B0,4,2,1,3A,3E,True,DB,D8,False,SDC
11590,80,B0,4,3,0,3A,32,True,DB,E1,False,SDC
11591,80,B0,4,3,1,3A,3A,False,DB,DB,False,Not activated
11592,80,B0,4,4,0,3A,2A,True,DB,E8,False,SDC
11593,80,B0,4,4,1,3A,3A,False,DB,DB,False,Not activated
11594,80,B0,4,5,0,3A,1A,True,DB,F5,False,SDC
11595,80,B0,4,5,1,3A,3A,False,DB,DB,False,Not activated
11596,80,B0,4,6,0,3A,3A,False,DB,DB,False,Not activated
11597,80,B0,4,6,1,3A,7A,True,DB,87,False,SDC
11598,80,B0,4,7,0,3A,3A,False,DB,DB,False,Not activated
11599,80,B0,4,7,1,3A,BA,True,DB,42,False,SDC
11600,80,B1,5,0,0,40,40,False,DB,DB,False,Not activated
11601,80,B1,5,0,1,40,41,True,DB,DD,False,SDC
11602,80,B1,5,1,0,40,40,False,DB,DB,False,Not activated
11603,80,B1,5,1,1,40,42,True,DB,DF,False,SDC
11604,80,B1,5,2,0,40,40,False,DB,DB,False,Not activated
11605,80,B1,5,2,1,40,44,True,DB,E2,False,SDC
11606,80,B1,5,3,0,40,40,False,DB,DB,False,Not activated
11607,80,B1,5,3,1,40,48,True,DB,EA,False,SDC
11608,80,B1,5,4,0,40,40,False,DB,DB,False,Not activated
11609,80,B1,5,4,1,40,50,True,DB,F8,False,SDC
11610,80,B1,5,5,0,40,40,False,DB,DB,False,Not activated
11611,80,B1,5,5,1,40,60,True,DB,17,False,SDC
11612,80,B1,5,6,0,40,00,True,DB,B0,False,SDC
11613,80,B1,5,6,1,40,40,False,DB,DB,False,Not activated
11614,80,B1,5,7,0,40,40,False,DB,DB,False,Not activated
11615,80,B1,5,7,1,40,C0,True,DB,9D,False,SDC
11616,80,B2,6,0,0,16,16,False,DB,DB,False,Not activated
11617,80,B2,6,0,1,16,17,True,DB,DB,False,Masked
11618,80,B2,6,1,0,16,14,True,DB,D9,False,SDC
11619,80,B2,6,1,1,16,16,False,DB,DB,False,Not activated
11620,80,B2,6,2,0,16,12,True,DB,D8,False,SDC
11621,80,B2,6,2,1,16,16,False,DB,DB,False,Not activated
11622,80,B2,6,3,0,16,16,False,DB,DB,False,Not activated
11623,80,B2,6,3,1,16,1E,True,DB,E0,False,SDC
11624,80,B2,6,4,0,16,06,True,DB,D0,False,SDC
11625,80,B2,6,4,1,16,16,False,DB,DB,False,Not activated
11626,80,B2,6,5,0,16,16,False,DB,DB,False,Not activated
11627,80,B2,6,5,1,16,36,True,DB,F0,False,SDC
11628,80,B2,6,6,0,16,16,False,DB,DB,False,Not activated
11629,80,B2,6,6,1,16,56,True,DB,15,False,SDC
11630,80,B2,6,7,0,16,16,False,DB,DB,False,Not activated
11631,80,B2,6,7,1,16,96,True,DB,99,False,SDC
11632,80,B3,7,0,0,E2,E2,False,DB,DB,False,Not activated
11633,80,B3,7,0,1,E2,E3,True,DB,DB,False,Masked
11634,80,B3,7,1,0,E2,E0,True,DB,DB,False,Masked
11635,80,B3,7,1,1,E2,E2,False,DB,DB,False,Not activated
11636,80,B3,7,2,0,E2,E2,False,DB,DB,False,Not activated
11637,80,B3,7,2,1,E2,E6,True,DB,DC,False,SDC
11638,80,B3,7,3,0,E2,E2,False,DB,DB,False,Not activated
11639,80,B3,7,3,1,E2,EA,True,DB,DD,False,SDC
11640,80,B3,7,4,0,E2,E2,False,DB,DB,False,Not activated
11641,80,B3,7,4,1,E2,F2,True,DB,DE,False,SDC
11642,80,B3,7,5,0,E2,C2,True,DB,D6,False,SDC
11643,80,B3,7,5,1,E2,E2,False,DB,DB,False,Not activated
11644,80,B3,7,6,0,E2,A2,True,DB,CD,False,SDC
11645,80,B3,7,6,1,E2,E2,False,DB,DB,False,Not activated
11646,80,B3,7,7,0,E2,62,True,DB,F6,False,SDC
11647,80,B3,7,7,1,E2,E2,False,DB,DB,False,Not activated
11648,80,C0,8,0,0,C5,C4,True,DB,DA,False,SDC
11649,80,C0,8,0,1,C5,C5,False,DB,DB,False,Not activated
11650,80,C0,8,1,0,C5,C5,False,DB,DB,False,Not activated
11651,80,C0,8,1,1,C5,C7,True,DB,DD,False,SDC
11652,80,C0,8,2,0,C5,C1,True,DB,D7,False,SDC
11653,80,C0,8,2,1,C5,C5,False,DB,DB,False,Not activated
11654,80,C0,8,3,0,C5,C5,False,DB,DB,False,Not activated
11655,80,C0,8,3,1,C5,CD,True,DB,E3,False,SDC
11656,80,C0,8,4,0,C5,C5,False,DB,DB,False,Not activated
11657,80,C0,8,4,1,C5,D5,True,DB,EB,False,SDC
11658,80,C0,8,5,0,C5,C5,False,DB,DB,False,Not activated
11659,80,C0,8,5,1,C5,E5,True,DB,FB,False,SDC
11660,80,C0,8,6,0,C5,85,True,DB,85,False,SDC
11661,80,C0,8,6,1,C5,C5,False,DB,DB,False,Not activated
11662,80,C0,8,7,0,C5,45,True,DB,50,False,SDC
11663,80,C0,8,7,1,C5,C5,False,DB,DB,False,Not activated
11664,81,A0,0,0,0,21,20,True,BD,BE,False,SDC
11665,81,A0,0,0,1,21,21,False,BD,BD,False,Not activated
11666,81,A0,0,1,0,21,21,False,BD,BD,False,Not activated
11667,81,A0,0,1,1,21,23,True,BD,BC,False,SDC
11668,81,A0,0,2,0,21,21,False,BD,BD,False,Not activated
11669,81,A0,0,2,1,21,25,True,BD,BC,False,SDC
11670,81,A0,0,3,0,21,21,False,BD,BD,False,Not activated
11671,81,A0,0,3,1,21,29,True,BD,BA,False,SDC
11672,81,A0,0,4,0,21,21,False,BD,BD,False,Not activated
11673,81,A0,0,4,1,21,31,True,BD,B8,False,SDC
11674,81,A0,0,5,0,21,01,True,BD,CE,False,SDC
11675,81,A0,0,5,1,21,21,False,BD,BD,False,Not activated
11676,81,A0,0,6,0,21,21,False,BD,BD,False,Not activated
11677,81,A0,0,6,1,21,61,True,BD,9F,False,SDC
11678,81,A0,0,7,0,21,21,False,BD,BD,False,Not activated
11679,81,A0,0,7,1,21,A1,True,BD,20,False,SDC
11680,81,A1,1,0,0,FC,FC,False,BD,BD,False,Not activated
11681,81,A1,1,0,1,FC,FD,True,BD,BD,False,Masked
11682,81,A1,1,1,0,FC,FC,False,BD,BD,False,Not activated
11683,81,A1,1,1,1,FC,FE,True,BD,BD,False,Masked
11684,81,A1,1,2,0,FC,F8,True,BD,BD,False,Masked
11685,81,A1,1,2,1,FC,FC,False,BD,BD,False,Not activated
11686,81,A1,1,3,0,FC,F4,True,BD,BC,False,SDC
11687,81,A1,1,3,1,FC,FC,False,BD,BD,False,Not activated
11688,81,A1,1,4,0,FC,EC,True,BD,BC,False,SDC
11689,81,A1,1,4,1,FC,FC,False,BD,BD,False,Not activated
11690,81,A1,1,5,0,FC,DC,True,BD,BA,False,SDC
11691,81,A1,1,5,1,FC,FC,False,BD,BD,False,Not activated
11692,81,A1,1,6,0,FC,BC,True,BD,B8,False,SDC
11693,81,A1,1,6,1,FC,FC,False,BD,BD,False,Not activated
11694,81,A1,1,7,0,FC,7C,True,BD,56,False,SDC
11695,81,A1,1,7,1,FC,FC,False,BD,BD,False,Not activated
11696,81,A2,2,0,0,13,12,True,BD,BD,False,Masked
11697,81,A2,2,0,1,13,13,False,BD,BD,False,Not activated
11698,81,A2,2,1,0,13,11,True,BD,BD,False,Masked
11699,81,A2,2,1,1,13,13,False,BD,BD,False,Not activated
11700,81,A2,2,2,0,13,13,False,BD,BD,False,Not activated
11701,81,A2,2,2,1,13,17,True,BD,BE,False,SDC
11702,81,A2,2,3,0,13,13,False,BD,BD,False,Not activated
11703,81,A2,2,3,1,13,1B,True,BD,BE,False,SDC
11704,81,A2,2,4,0,13,03,True,BD,BB,False,SDC
11705,81,A2,2,4,1,13,13,False,BD,BD,False,Not activated
11706,81,A2,2,5,0,13,13,False,BD,BD,False,Not activated
11707,81,A2,2,5,1,13,33,True,BD,C3,False,SDC
11708,81,A2,2,6,0,13,13,False,BD,BD,False,Not activated
11709,81,A2,2,6,1,13,53,True,BD,D0,False,SDC
11710,81,A2,2,7,0,13,13,False,BD,BD,False,Not activated
11711,81,A2,2,7,1,13,93,True,BD,9F,False,SDC
11712,81,A3,3,0,0,35,34,True,BD,BD,False,Masked
11713,81,A3,3,0,1,35,35,False,BD,BD,False,Not activated
11714,81,A3,3,1,0,35,35,False,BD,BD,False,Not activated
11715,81,A3,3,1,1,35,37,True,BD,BD,False,Masked
11716,81,A3,3,2,0,35,31,True,BD,BD,False,Masked
11717,81,A3,3,2,1,35,35,False,BD,BD,False,Not activated
11718,81,A3,3,3,0,35,35,False,BD,BD,False,Not activated
11719,81,A3,3,3,1,35,3D,True,BD,BD,False,Masked
11720,81,A3,3,4,0,35,25,True,BD,BD,False,Masked
11721,81,A3,3,4,1,35,35,False,BD,BD,False,Not activated
11722,81,A3,3,5,0,35,15,True,BD,BD,False,Masked
11723,81,A3,3,5,1,35,35,False,BD,BD,False,Not activated
11724,81,A3,3,6,0,35,35,False,BD,BD,False,Not activated
11725,81,A3,3,6,1,35,75,True,BD,BA,False,SDC
11726,81,A3,3,7,0,35,35,False,BD,BD,False,Not activated
11727,81,A3,3,7,1,35,B5,True,BD,BE,False,SDC
11728,81,B0,4,0,0,D7,D6,True,BD,BC,False,SDC
11729,81,B0,4,0,1,D7,D7,False,BD,BD,False,Not activated
11730,81,B0,4,1,0,D7,D5,True,BD,BC,False,SDC
11731,81,B0,4,1,1,D7,D7,False,BD,BD,False,Not activated
11732,81,B0,4,2,0,D7,D3,True,BD,BC,False,SDC
11733,81,B0,4,2,1,D7,D7,False,BD,BD,False,Not activated
11734,81,B0,4,3,0,D7,D7,False,BD,BD,False,Not activated
11735,81,B0,4,3,1,D7,DF,True,BD,BF,False,SDC
11736,81,B0,4,4,0,D7,C7,True,BD,B9,False,SDC
11737,81,B0,4,4,1,D7,D7,False,BD,BD,False,Not activated
11738,81,B0,4,5,0,D7,D7,False,BD,BD,False,Not activated
11739,81,B0,4,5,1,D7,F7,True,BD,CA,False,SDC
11740,81,B0,4,6,0,D7,97,True,BD,9D,False,SDC
11741,81,B0,4,6,1,D7,D7,False,BD,BD,False,Not activated
11742,81,B0,4,7,0,D7,57,True,BD,08,False,SDC
11743,81,B0,4,7,1,D7,D7,False,BD,BD,False,Not activated
11744,81,B1,5,0,0,0B,0A,True,BD,BD,False,Masked
11745,81,B1,5,0,1,0B,0B,False,BD,BD,False,Not activated
11746,81,B1,5,1,0,0B,09,True,BD,BD,False,Masked
11747,81,B1,5,1,1,0B,0B,False,BD,BD,False,Not activated
11748,81,B1,5,2,0,0B,0B,False,BD,BD,False,Not activated
11749,81,B1,5,2,1,0B,0F,True,BD,BD,False,Masked
11750,81,B1,5,3,0,0B,03,True,BD,BD,False,Masked
11751,81,B1,5,3,1,0B,0B,False,BD,BD,False,Not activated
11752,81,B1,5,4,0,0B,0B,False,BD,BD,False,Not activated
11753,81,B1,5,4,1,0B,1B,True,BD,BC,False,SDC
11754,81,B1,5,5,0,0B,0B,False,BD,BD,False,Not activated
11755,81,B1,5,5,1,0B,2B,True,BD,BC,False,SDC
11756,81,B1,5,6,0,0B,0B,False,BD,BD,False,Not activated
11757,81,B1,5,6,1,0B,4B,True,BD,BB,False,SDC
11758,81,B1,5,7,0,0B,0B,False,BD,BD,False,Not activated
11759,81,B1,5,7,1,0B,8B,True,BD,D5,False,SDC
11760,81,B2,6,0,0,11,10,True,BD,BD,False,Masked
11761,81,B2,6,0,1,11,11,False,BD,BD,False,Not activated
11762,81,B2,6,1,0,11,11,False,BD,BD,False,Not activated
11763,81,B2,6,1,1,11,13,True,BD,BE,False,SDC
11764,81,B2,6,2,0,11,11,False,BD,BD,False,Not activated
11765,81,B2,6,2,1,11,15,True,BD,BE,False,SDC
11766,81,B2,6,3,0,11,11,False,BD,BD,False,Not activated
11767,81,B2,6,3,1,11,19,True,BD,BE,False,SDC
11768,81,B2,6,4,0,11,01,True,BD,BB,False,SDC
11769,81,B2,6,4,1,11,11,False,BD,BD,False,Not activated
11770,81,B2,6,5,0,11,11,False,BD,BD,False,Not activated
11771,81,B2,6,5,1,11,31,True,BD,C4,False,SDC
11772,81,B2,6,6,0,11,11,False,BD,BD,False,Not activated
11773,81,B2,6,6,1,11,51,True,BD,D2,False,SDC
11774,81,B2,6,7,0,11,11,False,BD,BD,False,Not activated
11775,81,B2,6,7,1,11,91,True,BD,9D,False,SDC
11776,81,B3,7,0,0,FF,FE,True,BD,BC,False,SDC
11777,81,B3,7,0,1,FF,FF,False,BD,BD,False,Not activated
11778,81,B3,7,1,0,FF,FD,True,BD,BC,False,SDC
11779,81,B3,7,1,1,FF,FF,False,BD,BD,False,Not activated
11780,81,B3,7,2,0,FF,FB,True,BD,BC,False,SDC
11781,81,B3,7,2,1,FF,FF,False,BD,BD,False,Not activated
11782,81,B3,7,3,0,FF,F7,True,BD,BA,False,SDC
11783,81,B3,7,3,1,FF,FF,False,BD,BD,False,Not activated
11784,81,B3,7,4,0,FF,EF,True,BD,B6,False,SDC
11785,81,B3,7,4,1,FF,FF,False,BD,BD,False,Not activated
11786,81,B3,7,5,0,FF,DF,True,BD,B0,False,SDC
11787,81,B3,7,5,1,FF,FF,False,BD,BD,False,Not activated
11788,81,B3,7,6,0,FF,BF,True,BD,A2,False,SDC
11789,81,B3,7,6,1,FF,FF,False,BD,BD,False,Not activated
11790,81,B3,7,7,0,FF,7F,True,BD,7F,False,SDC
11791,81,B3,7,7,1,FF,FF,False,BD,BD,False,Not activated
11792,81,C0,8,0,0,CC,CC,False,BD,BD,False,Not activated
11793,81,C0,8,0,1,CC,CD,True,BD,BE,False,SDC
11794,81,C0,8,1,0,CC,CC,False,BD,BD,False,Not activated
11795,81,C0,8,1,1,CC,CE,True,BD,BE,False,SDC
11796,81,C0,8,2,0,CC,C8,True,BD,BB,False,SDC
11797,81,C0,8,2,1,CC,CC,False,BD,BD,False,Not activated
11798,81,C0,8,3,0,CC,C4,True,BD,B9,False,SDC
11799,81,C0,8,3,1,CC,CC,False,BD,BD,False,Not activated
11800,81,C0,8,4,0,CC,CC,False,BD,BD,False,Not activated
11801,81,C0,8,4,1,CC,DC,True,BD,CA,False,SDC
11802,81,C0,8,5,0,CC,CC,False,BD,BD,False,Not activated
11803,81,C0,8,5,1,CC,EC,True,BD,DA,False,SDC
11804,81,C0,8,6,0,CC,8C,True,BD,8B,False,SDC
11805,81,C0,8,6,1,CC,CC,False,BD,BD,False,Not activated
11806,81,C0,8,7,0,CC,4C,True,BD,43,False,SDC
11807,81,C0,8,7,1,CC,CC,False,BD,BD,False,Not activated
11808,82,A0,0,0,0,ED,EC,True,44,44,False,Masked
11809,82,A0,0,0,1,ED,ED,False,44,44,False,Not activated
11810,82,A0,0,1,0,ED,ED,False,44,44,False,Not activated
11811,82,A0,0,1,1,ED,EF,True,44,43,False,SDC
11812,82,A0,0,2,0,ED,E9,True,44,44,False,Masked
11813,82,A0,0,2,1,ED,ED,False,44,44,False,Not activated
11814,82,A0,0,3,0,ED,E5,True,44,44,False,Masked
11815,82,A0,0,3,1,ED,ED,False,44,44,False,Not activated
11816,82,A0,0,4,0,ED,ED,False,44,44,False,Not activated
11817,82,A0,0,4,1,ED,FD,True,44,40,False,SDC
11818,82,A0,0,5,0,ED,CD,True,44,49,False,SDC
11819,82,A0,0,5,1,ED,ED,False,44,44,False,Not activated
11820,82,A0,0,6,0,ED,AD,True,44,52,False,SDC
11821,82,A0,0,6,1,ED,ED,False,44,44,False,Not activated
11822,82,A0,0,7,0,ED,6D,True,44,F0,False,SDC
11823,82,A0,0,7,1,ED,ED,False,44,44,False,Not activated
11824,82,A1,1,0,0,EB,EA,True,44,43,False,SDC
11825,82,A1,1,0,1,EB,EB,False,44,44,False,Not activated
11826,82,A1,1,1,0,EB,E9,True,44,43,False,SDC
11827,82,A1,1,1,1,EB,EB,False,44,44,False,Not activated
11828,82,A1,1,2,0,EB,EB,False,44,44,False,Not activated
11829,82,A1,1,2,1,EB,EF,True,44,44,False,Masked
11830,82,A1,1,3,0,EB,E3,True,44,42,False,SDC
11831,82,A1,1,3,1,EB,EB,False,44,44,False,Not activated
11832,82,A1,1,4,0,EB,EB,False,44,44,False,Not activated
11833,82,A1,1,4,1,EB,FB,True,44,46,False,SDC
11834,82,A1,1,5,0,EB,CB,True,44,3A,False,SDC
11835,82,A1,1,5,1,EB,EB,False,44,44,False,Not activated
11836,82,A1,1,6,0,EB,AB,True,44,26,False,SDC
11837,82,A1,1,6,1,EB,EB,False,44,44,False,Not activated
11838,82,A1,1,7,0,EB,6B,True,44,64,False,SDC
11839,82,A1,1,7,1,EB,EB,False,44,44,False,Not activated
11840,82,A2,2,0,0,16,16,False,44,44,False,Not activated
11841,82,A2,2,0,1,16,17,True,44,43,False,SDC
11842,82,A2,2,1,0,16,14,True,44,44,False,Masked
11843,82,A2,2,1,1,16,16,False,44,44,False,Not activated
11844,82,A2,2,2,0,16,12,True,44,44,False,Masked
11845,82,A2,2,2,1,16,16,False,44,44,False,Not activated
11846,82,A2,2,3,0,16,16,False,44,44,False,Not activated
11847,82,A2,2,3,1,16,1E,True,44,42,False,SDC
11848,82,A2,2,4,0,16,06,True,44,46,False,SDC
11849,82,A2,2,4,1,16,16,False,44,44,False,Not activated
11850,82,A2,2,5,0,16,16,False,44,44,False,Not activated
11851,82,A2,2,5,1,16,36,True,44,39,False,SDC
11852,82,A2,2,6,0,16,16,False,44,44,False,Not activated
11853,82,A2,2,6,1,16,56,True,44,22,False,SDC
11854,82,A2,2,7,0,16,16,False,44,44,False,Not activated
11855,82,A2,2,7,1,16,96,True,44,65,False,SDC
11856,82,A3,3,0,0,2E,2E,False,44,44,False,Not activated
11857,82,A3,3,0,1,2E,2F,True,44,44,False,Masked
11858,82,A3,3,1,0,2E,2C,True,44,42,False,SDC
11859,82,A3,3,1,1,2E,2E,False,44,44,False,Not activated
11860,82,A3,3,2,0,2E,2A,True,44,42,False,SDC
11861,82,A3,3,2,1,2E,2E,False,44,44,False,Not activated
11862,82,A3,3,3,0,2E,26,True,44,40,False,SDC
11863,82,A3,3,3,1,2E,2E,False,44,44,False,Not activated
11864,82,A3,3,4,0,2E,2E,False,44,44,False,Not activated
11865,82,A3,3,4,1,2E,3E,True,44,4A,False,SDC
11866,82,A3,3,5,0,2E,0E,True,44,2A,False,SDC
11867,82,A3,3,5,1,2E,2E,False,44,44,False,Not activated
11868,82,A3,3,6,0,2E,2E,False,44,44,False,Not activated
11869,82,A3,3,6,1,2E,6E,True,44,6F,False,SDC
11870,82,A3,3,7,0,2E,2E,False,44,44,False,Not activated
11871,82,A3,3,7,1,2E,AE,True,44,C4,False,SDC
11872,82,B0,4,0,0,EA,EA,False,44,44,False,Not activated
11873,82,B0,4,0,1,EA,EB,True,44,43,False,SDC
11874,82,B0,4,1,0,EA,E8,True,44,44,False,Masked
11875,82,B0,4,1,1,EA,EA,False,44,44,False,Not activated
11876,82,B0,4,2,0,EA,EA,False,44,44,False,Not activated
11877,82,B0,4,2,1,EA,EE,True,44,42,False,SDC
11878,82,B0,4,3,0,EA,E2,True,44,44,False,Masked
11879,82,B0,4,3,1,EA,EA,False,44,44,False,Not activated
11880,82,B0,4,4,0,EA,EA,False,44,44,False,Not activated
11881,82,B0,4,4,1,EA,FA,True,44,41,False,SDC
11882,82,B0,4,5,0,EA,CA,True,44,48,False,SDC
11883,82,B0,4,5,1,EA,EA,False,44,44,False,Not activated
11884,82,B0,4,6,0,EA,AA,True,44,50,False,SDC
11885,82,B0,4,6,1,EA,EA,False,44,44,False,Not activated
11886,82,B0,4,7,0,EA,6A,True,44,02,False,SDC
11887,82,B0,4,7,1,EA,EA,False,44,44,False,Not activated
11888,82,B1,5,0,0,19,18,True,44,44,False,Masked
11889,82,B1,5,0,1,19,19,False,44,44,False,Not activated
11890,82,B1,5,1,0,19,19,False,44,44,False,Not activated
11891,82,B1,5,1,1,19,1B,True,44,43,False,SDC
11892,82,B1,5,2,0,19,19,False,44,44,False,Not activated
11893,82,B1,5,2,1,19,1D,True,44,42,False,SDC
11894,82,B1,5,3,0,19,11,True,44,44,False,Masked
11895,82,B1,5,3,1,19,19,False,44,44,False,Not activated
11896,82,B1,5,4,0,19,09,True,44,46,False,SDC
11897,82,B1,5,4,1,19,19,False,44,44,False,Not activated
11898,82,B1,5,5,0,19,19,False,44,44,False,Not activated
11899,82,B1,5,5,1,19,39,True,44,3C,False,SDC
11900,82,B1,5,6,0,19,19,False,44,44,False,Not activated
11901,82,B1,5,6,1,19,59,True,44,2A,False,SDC
11902,82,B1,5,7,0,19,19,False,44,44,False,Not activated
11903,82,B1,5,7,1,19,99,True,44,62,False,SDC
11904,82,B2,6,0,0,E5,E4,True,44,43,False,SDC
11905,82,B2,6,0,1,E5,E5,False,44,44,False,Not activated
11906,82,B2,6,1,0,E5,E5,False,44,44,False,Not activated
11907,82,B2,6,1,1,E5,E7,True,44,44,False,Masked
11908,82,B2,6,2,0,E5,E1,True,44,42,False,SDC
11909,82,B2,6,2,1,E5,E5,False,44,44,False,Not activated
11910,82,B2,6,3,0,E5,E5,False,44,44,False,Not activated
11911,82,B2,6,3,1,E5,ED,True,44,44,False,Masked
11912,82,B2,6,4,0,E5,E5,False,44,44,False,Not activated
11913,82,B2,6,4,1,E5,F5,True,44,46,False,SDC
11914,82,B2,6,5,0,E5,C5,True,44,3C,False,SDC
11915,82,B2,6,5,1,E5,E5,False,44,44,False,Not activated
11916,82,B2,6,6,0,E5,A5,True,44,27,False,SDC
11917,82,B2,6,6,1,E5,E5,False,44,44,False,Not activated
11918,82,B2,6,7,0,E5,65,True,44,62,False,SDC
11919,82,B2,6,7,1,E5,E5,False,44,44,False,Not activated
11920,82,B3,7,0,0,39,38,True,44,43,False,SDC
11921,82,B3,7,0,1,39,39,False,44,44,False,Not activated
11922,82,B3,7,1,0,39,39,False,44,44,False,Not activated
11923,82,B3,7,1,1,39,3B,True,44,44,False,Masked
11924,82,B3,7,2,0,39,39,False,44,44,False,Not activated
11925,82,B3,7,2,1,39,3D,True,44,45,False,SDC
11926,82,B3,7,3,0,39,31,True,44,40,False,SDC
11927,82,B3,7,3,1,39,39,False,44,44,False,Not activated
11928,82,B3,7,4,0,39,29,True,44,3B,False,SDC
11929,82,B3,7,4,1,39,39,False,44,44,False,Not activated
11930,82,B3,7,5,0,39,19,True,44,30,False,SDC
11931,82,B3,7,5,1,39,39,False,44,44,False,Not activated
11932,82,B3,7,6,0,39,39,False,44,44,False,Not activated
11933,82,B3,7,6,1,39,79,True,44,77,False,SDC
11934,82,B3,7,7,0,39,39,False,44,44,False,Not activated
11935,82,B3,7,7,1,39,B9,True,44,E8,False,SDC
11936,82,C0,8,0,0,28,28,False,44,44,False,Not activated
11937,82,C0,8,0,1,28,29,True,44,44,False,Masked
11938,82,C0,8,1,0,28,28,False,44,44,False,Not activated
11939,82,C0,8,1,1,28,2A,True,44,44,False,Masked
11940,82,C0,8,2,0,28,28,False,44,44,False,Not activated
11941,82,C0,8,2,1,28,2C,True,44,46,False,SDC
11942,82,C0,8,3,0,28,20,True,44,3F,False,SDC
11943,82,C0,8,3,1,28,28,False,44,44,False,Not activated
11944,82,C0,8,4,0,28,28,False,44,44,False,Not activated
11945,82,C0,8,4,1,28,38,True,44,4C,False,SDC
11946,82,C0,8,5,0,28,08,True,44,27,False,SDC
11947,82,C0,8,5,1,28,28,False,44,44,False,Not activated
11948,82,C0,8,6,0,28,28,False,44,44,False,Not activated
11949,82,C0,8,6,1,28,68,True,44,6C,False,SDC
11950,82,C0,8,7,0,28,28,False,44,44,False,Not activated
11951,82,C0,8,7,1,28,A8,True,44,B8,False,SDC
11952,83,A0,0,0,0,06,06,False,04,04,False,Not activated
11953,83,A0,0,0,1,06,07,True,04,05,False,SDC
11954,83,A0,0,1,0,06,04,True,04,02,False,SDC
11955,83,A0,0,1,1,06,06,False,04,04,False,Not activated
11956,83,A0,0,2,0,06,02,True,04,00,False,SDC
11957,83,A0,0,2,1,06,06,False,04,04,False,Not activated
11958,83,A0,0,3,0,06,06,False,04,04,False,Not activated
11959,83,A0,0,3,1,06,0E,True,04,0B,False,SDC
11960,83,A0,0,4,0,06,06,False,04,04,False,Not activated
11961,83,A0,0,4,1,06,16,True,04,13,False,SDC
11962,83,A0,0,5,0,06,06,False,04,04,False,Not activated
11963,83,A0,0,5,1,06,26,True,04,22,False,SDC
11964,83,A0,0,6,0,06,06,False,04,04,False,Not activated
11965,83,A0,0,6,1,06,46,True,04,42,False,SDC
11966,83,A0,0,7,0,06,06,False,04,04,False,Not activated
11967,83,A0,0,7,1,06,86,True,04,86,False,SDC
11968,83,A1,1,0,0,FA,FA,False,04,04,False,Not activated
11969,83,A1,1,0,1,FA,FB,True,04,04,False,Masked
11970,83,A1,1,1,0,FA,F8,True,04,05,False,SDC
11971,83,A1,1,1,1,FA,FA,False,04,04,False,Not activated
11972,83,A1,1,2,0,FA,FA,False,04,04,False,Not activated
11973,83,A1,1,2,1,FA,FE,True,04,04,False,Masked
11974,83,A1,1,3,0,FA,F2,True,04,06,False,SDC
11975,83,A1,1,3,1,FA,FA,False,04,04,False,Not activated
11976,83,A1,1,4,0,FA,EA,True,04,07,False,SDC
11977,83,A1,1,4,1,FA,FA,False,04,04,False,Not activated
11978,83,A1,1,5,0,FA,DA,True,04,0A,False,SDC
11979,83,A1,1,5,1,FA,FA,False,04,04,False,Not activated
11980,83,A1,1,6,0,FA,BA,True,04,11,False,SDC
11981,83,A1,1,6,1,FA,FA,False,04,04,False,Not activated
11982,83,A1,1,7,0,FA,7A,True,04,9E,False,SDC
11983,83,A1,1,7,1,FA,FA,False,04,04,False,Not activated
11984,83,A2,2,0,0,E8,E8,False,04,04,False,Not activated
11985,83,A2,2,0,1,E8,E9,True,04,04,False,Masked
11986,83,A2,2,1,0,E8,E8,False,04,04,False,Not activated
11987,83,A2,2,1,1,E8,EA,True,04,04,False,Masked
11988,83,A2,2,2,0,E8,E8,False,04,04,False,Not activated
11989,83,A2,2,2,1,E8,EC,True,04,04,False,Masked
11990,83,A2,2,3,0,E8,E0,True,04,04,False,Masked
11991,83,A2,2,3,1,E8,E8,False,04,04,False,Not activated
11992,83,A2,2,4,0,E8,E8,False,04,04,False,Not activated
11993,83,A2,2,4,1,E8,F8,True,04,04,False,Masked
11994,83,A2,2,5,0,E8,C8,True,04,03,False,SDC
11995,83,A2,2,5,1,E8,E8,False,04,04,False,Not activated
11996,83,A2,2,6,0,E8,A8,True,04,01,False,SDC
11997,83,A2,2,6,1,E8,E8,False,04,04,False,Not activated
11998,83,A2,2,7,0,E8,68,True,04,0B,False,SDC
11999,83,A2,2,7,1,E8,E8,False,04,04,False,Not activated
12000,83,A3,3,0,0,E9,E8,True,04,03,False,SDC
12001,83,A3,3,0,1,E9,E9,False,04,04,False,Not activated
12002,83,A3,3,1,0,E9,E9,False,04,04,False,Not activated
12003,83,A3,3,1,1,E9,EB,True,04,06,False,SDC
12004,83,A3,3,2,0,E9,E9,False,04,04,False,Not activated
12005,83,A3,3,2,1,E9,ED,True,04,08,False,SDC
12006,83,A3,3,3,0,E9,E1,True,04,FC,False,SDC
12007,83,A3,3,3,1,E9,E9,False,04,04,False,Not activated
12008,83,A3,3,4,0,E9,E9,False,04,04,False,Not activated
12009,83,A3,3,4,1,E9,F9,True,04,13,False,SDC
12010,83,A3,3,5,0,E9,C9,True,04,E5,False,SDC
12011,83,A3,3,5,1,E9,E9,False,04,04,False,Not activated
12012,83,A3,3,6,0,E9,A9,True,04,B8,False,SDC
12013,83,A3,3,6,1,E9,E9,False,04,04,False,Not activated
12014,83,A3,3,7,0,E9,69,True,04,6C,False,SDC
12015,83,A3,3,7,1,E9,E9,False,04,04,False,Not activated
12016,83,B0,4,0,0,3C,3C,False,04,04,False,Not activated
12017,83,B0,4,0,1,3C,3D,True,04,04,False,Masked
12018,83,B0,4,1,0,3C,3C,False,04,04,False,Not activated
12019,83,B0,4,1,1,3C,3E,True,04,04,False,Masked
12020,83,B0,4,2,0,3C,38,True,04,03,False,SDC
12021,83,B0,4,2,1,3C,3C,False,04,04,False,Not activated
12022,83,B0,4,3,0,3C,34,True,04,03,False,SDC
12023,83,B0,4,3,1,3C,3C,False,04,04,False,Not activated
12024,83,B0,4,4,0,3C,2C,True,04,02,False,SDC
12025,83,B0,4,4,1,3C,3C,False,04,04,False,Not activated
12026,83,B0,4,5,0,3C,1C,True,04,01,False,SDC
12027,83,B0,4,5,1,3C,3C,False,04,04,False,Not activated
12028,83,B0,4,6,0,3C,3C,False,04,04,False,Not activated
12029,83,B0,4,6,1,3C,7C,True,04,4E,False,SDC
12030,83,B0,4,7,0,3C,3C,False,04,04,False,Not activated
12031,83,B0,4,7,1,3C,BC,True,04,F7,False,SDC
12032,83,B1,5,0,0,F4,F4,False,04,04,False,Not activated
12033,83,B1,5,0,1,F4,F5,True,04,04,False,Masked
12034,83,B1,5,1,0,F4,F4,False,04,04,False,Not activated
12035,83,B1,5,1,1,F4,F6,True,04,04,False,Masked
12036,83,B1,5,2,0,F4,F0,True,04,05,False,SDC
12037,83,B1,5,2,1,F4,F4,False,04,04,False,Not activated
12038,83,B1,5,3,0,F4,F4,False,04,04,False,Not activated
12039,83,B1,5,3,1,F4,FC,True,04,04,False,Masked
12040,83,B1,5,4,0,F4,E4,True,04,06,False,SDC
12041,83,B1,5,4,1,F4,F4,False,04,04,False,Not activated
12042,83,B1,5,5,0,F4,D4,True,04,07,False,SDC
12043,83,B1,5,5,1,F4,F4,False,04,04,False,Not activated
12044,83,B1,5,6,0,F4,B4,True,04,0B,False,SDC
12045,83,B1,5,6,1,F4,F4,False,04,04,False,Not activated
12046,83,B1,5,7,0,F4,74,True,04,DF,False,SDC
12047,83,B1,5,7,1,F4,F4,False,04,04,False,Not activated
12048,83,B2,6,0,0,02,02,False,04,04,False,Not activated
12049,83,B2,6,0,1,02,03,True,04,04,False,Masked
12050,83,B2,6,1,0,02,00,True,04,05,False,SDC
12051,83,B2,6,1,1,02,02,False,04,04,False,Not activated
12052,83,B2,6,2,0,02,02,False,04,04,False,Not activated
12053,83,B2,6,2,1,02,06,True,04,03,False,SDC
12054,83,B2,6,3,0,02,02,False,04,04,False,Not activated
12055,83,B2,6,3,1,02,0A,True,04,01,False,SDC
12056,83,B2,6,4,0,02,02,False,04,04,False,Not activated
12057,83,B2,6,4,1,02,12,True,04,FE,False,SDC
12058,83,B2,6,5,0,02,02,False,04,04,False,Not activated
12059,83,B2,6,5,1,02,22,True,04,F8,False,SDC
12060,83,B2,6,6,0,02,02,False,04,04,False,Not activated
12061,83,B2,6,6,1,02,42,True,04,EB,False,SDC
12062,83,B2,6,7,0,02,02,False,04,04,False,Not activated
12063,83,B2,6,7,1,02,82,True,04,7A,False,SDC
12064,83,B3,7,0,0,3E,3E,False,04,04,False,Not activated
12065,83,B3,7,0,1,3E,3F,True,04,03,False,SDC
12066,83,B3,7,1,0,3E,3C,True,04,04,False,Masked
12067,83,B3,7,1,1,3E,3E,False,04,04,False,Not activated
12068,83,B3,7,2,0,3E,3A,True,04,05,False,SDC
12069,83,B3,7,2,1,3E,3E,False,04,04,False,Not activated
12070,83,B3,7,3,0,3E,36,True,04,07,False,SDC
12071,83,B3,7,3,1,3E,3E,False,04,04,False,Not activated
12072,83,B3,7,4,0,3E,2E,True,04,09,False,SDC
12073,83,B3,7,4,1,3E,3E,False,04,04,False,Not activated
12074,83,B3,7,5,0,3E,1E,True,04,0F,False,SDC
12075,83,B3,7,5,1,3E,3E,False,04,04,False,Not activated
12076,83,B3,7,6,0,3E,3E,False,04,04,False,Not activated
12077,83,B3,7,6,1,3E,7E,True,04,86,False,SDC
12078,83,B3,7,7,0,3E,3E,False,04,04,False,Not activated
12079,83,B3,7,7,1,3E,BE,True,04,32,False,SDC
12080,83,C0,8,0,0,14,14,False,04,04,False,Not activated
12081,83,C0,8,0,1,14,15,True,04,05,False,SDC
12082,83,C0,8,1,0,14,14,False,04,04,False,Not activated
12083,83,C0,8,1,1,14,16,True,04,06,False,SDC
12084,83,C0,8,2,0,14,10,True,04,00,False,SDC
12085,83,C0,8,2,1,14,14,False,04,04,False,Not activated
12086,83,C0,8,3,0,14,14,False,04,04,False,Not activated
12087,83,C0,8,3,1,14,1C,True,04,0C,False,SDC
12088,83,C0,8,4,0,14,04,True,04,F4,False,SDC
12089,83,C0,8,4,1,14,14,False,04,04,False,Not activated
12090,83,C0,8,5,0,14,14,False,04,04,False,Not activated
12091,83,C0,8,5,1,14,34,True,04,24,False,SDC
12092,83,C0,8,6,0,14,14,False,04,04,False,Not activated
12093,83,C0,8,6,1,14,54,True,04,4C,False,SDC
12094,83,C0,8,7,0,14,14,False,04,04,False,Not activated
12095,83,C0,8,7,1,14,94,True,04,92,False,SDC
12096,84,A0,0,0,0,05,04,True,FC,FB,False,SDC
12097,84,A0,0,0,1,05,05,False,FC,FC,False,Not activated
12098,84,A0,0,1,0,05,05,False,FC,FC,False,Not activated
12099,84,A0,0,1,1,05,07,True,FC,FD,False,SDC
12100,84,A0,0,2,0,05,01,True,FC,FA,False,SDC
12101,84,A0,0,2,1,05,05,False,FC,FC,False,Not activated
12102,84,A0,0,3,0,05,05,False,FC,FC,False,Not activated
12103,84,A0,0,3,1,05,0D,True,FC,00,False,SDC
12104,84,A0,0,4,0,05,05,False,FC,FC,False,Not activated
12105,84,A0,0,4,1,05,15,True,FC,04,False,SDC
12106,84,A0,0,5,0,05,05,False,FC,FC,False,Not activated
12107,84,A0,0,5,1,05,25,True,FC,0C,False,SDC
12108,84,A0,0,6,0,05,05,False,FC,FC,False,Not activated
12109,84,A0,0,6,1,05,45,True,FC,1F,False,SDC
12110,84,A0,0,7,0,05,05,False,FC,FC,False,Not activated
12111,84,A0,0,7,1,05,85,True,FC,8A,False,SDC
12112,84,A1,1,0,0,F5,F4,True,FC,FC,False,Masked
12113,84,A1,1,0,1,F5,F5,False,FC,FC,False,Not activated
12114,84,A1,1,1,0,F5,F5,False,FC,FC,False,Not activated
12115,84,A1,1,1,1,F5,F7,True,FC,FD,False,SDC
12116,84,A1,1,2,0,F5,F1,True,FC,FB,False,SDC
12117,84,A1,1,2,1,F5,F5,False,FC,FC,False,Not activated
12118,84,A1,1,3,0,F5,F5,False,FC,FC,False,Not activated
12119,84,A1,1,3,1,F5,FD,True,FC,FE,False,SDC
12120,84,A1,1,4,0,F5,E5,True,FC,F8,False,SDC
12121,84,A1,1,4,1,F5,F5,False,FC,FC,False,Not activated
12122,84,A1,1,5,0,F5,D5,True,FC,F4,False,SDC
12123,84,A1,1,5,1,F5,F5,False,FC,FC,False,Not activated
12124,84,A1,1,6,0,F5,B5,True,FC,E9,False,SDC
12125,84,A1,1,6,1,F5,F5,False,FC,FC,False,Not activated
12126,84,A1,1,7,0,F5,75,True,FC,54,False,SDC
12127,84,A1,1,7,1,F5,F5,False,FC,FC,False,Not activated
12128,84,A2,2,0,0,D8,D8,False,FC,FC,False,Not activated
12129,84,A2,2,0,1,D8,D9,True,FC,FD,False,SDC
12130,84,A2,2,1,0,D8,D8,False,FC,FC,False,Not activated
12131,84,A2,2,1,1,D8,DA,True,FC,FD,False,SDC
12132,84,A2,2,2,0,D8,D8,False,FC,FC,False,Not activated
12133,84,A2,2,2,1,D8,DC,True,FC,FE,False,SDC
12134,84,A2,2,3,0,D8,D0,True,FC,F8,False,SDC
12135,84,A2,2,3,1,D8,D8,False,FC,FC,False,Not activated
12136,84,A2,2,4,0,D8,C8,True,FC,F4,False,SDC
12137,84,A2,2,4,1,D8,D8,False,FC,FC,False,Not activated
12138,84,A2,2,5,0,D8,D8,False,FC,FC,False,Not activated
12139,84,A2,2,5,1,D8,F8,True,FC,0D,False,SDC
12140,84,A2,2,6,0,D8,98,True,FC,B7,False,SDC
12141,84,A2,2,6,1,D8,D8,False,FC,FC,False,Not activated
12142,84,A2,2,7,0,D8,58,True,FC,45,False,SDC
12143,84,A2,2,7,1,D8,D8,False,FC,FC,False,Not activated
12144,84,A3,3,0,0,EE,EE,False,FC,FC,False,Not activated
12145,84,A3,3,0,1,EE,EF,True,FC,FB,False,SDC
12146,84,A3,3,1,0,EE,EC,True,FC,FD,False,SDC
12147,84,A3,3,1,1,EE,EE,False,FC,FC,False,Not activated
12148,84,A3,3,2,0,EE,EA,True,FC,FE,False,SDC
12149,84,A3,3,2,1,EE,EE,False,FC,FC,False,Not activated
12150,84,A3,3,3,0,EE,E6,True,FC,00,False,SDC
12151,84,A3,3,3,1,EE,EE,False,FC,FC,False,Not activated
12152,84,A3,3,4,0,EE,EE,False,FC,FC,False,Not activated
12153,84,A3,3,4,1,EE,FE,True,FC,F2,False,SDC
12154,84,A3,3,5,0,EE,CE,True,FC,0F,False,SDC
12155,84,A3,3,5,1,EE,EE,False,FC,FC,False,Not activated
12156,84,A3,3,6,0,EE,AE,True,FC,2C,False,SDC
12157,84,A3,3,6,1,EE,EE,False,FC,FC,False,Not activated
12158,84,A3,3,7,0,EE,6E,True,FC,9C,False,SDC
12159,84,A3,3,7,1,EE,EE,False,FC,FC,False,Not activated
12160,84,B0,4,0,0,21,20,True,FC,FB,False,SDC
12161,84,B0,4,0,1,21,21,False,FC,FC,False,Not activated
12162,84,B0,4,1,0,21,21,False,FC,FC,False,Not activated
12163,84,B0,4,1,1,21,23,True,FC,FC,False,Masked
12164,84,B0,4,2,0,21,21,False,FC,FC,False,Not activated
12165,84,B0,4,2,1,21,25,True,FC,FC,False,Masked
12166,84,B0,4,3,0,21,21,False,FC,FC,False,Not activated
12167,84,B0,4,3,1,21,29,True,FC,FC,False,Masked
12168,84,B0,4,4,0,21,21,False,FC,FC,False,Not activated
12169,84,B0,4,4,1,21,31,True,FC,FD,False,SDC
12170,84,B0,4,5,0,21,01,True,FC,FA,False,SDC
12171,84,B0,4,5,1,21,21,False,FC,FC,False,Not activated
12172,84,B0,4,6,0,21,21,False,FC,FC,False,Not activated
12173,84,B0,4,6,1,21,61,True,FC,04,False,SDC
12174,84,B0,4,7,0,21,21,False,FC,FC,False,Not activated
12175,84,B0,4,7,1,21,A1,True,FC,EF,False,SDC
12176,84,B1,5,0,0,10,10,False,FC,FC,False,Not activated
12177,84,B1,5,0,1,10,11,True,FC,FC,False,Masked
12178,84,B1,5,1,0,10,10,False,FC,FC,False,Not activated
12179,84,B1,5,1,1,10,12,True,FC,FC,False,Masked
12180,84,B1,5,2,0,10,10,False,FC,FC,False,Not activated
12181,84,B1,5,2,1,10,14,True,FC,FC,False,Masked
12182,84,B1,5,3,0,10,10,False,FC,FC,False,Not activated
12183,84,B1,5,3,1,10,18,True,FC,FB,False,SDC
12184,84,B1,5,4,0,10,00,True,FC,FF,False,SDC
12185,84,B1,5,4,1,10,10,False,FC,FC,False,Not activated
12186,84,B1,5,5,0,10,10,False,FC,FC,False,Not activated
12187,84,B1,5,5,1,10,30,True,FC,F7,False,SDC
12188,84,B1,5,6,0,10,10,False,FC,FC,False,Not activated
12189,84,B1,5,6,1,10,50,True,FC,EF,False,SDC
12190,84,B1,5,7,0,10,10,False,FC,FC,False,Not activated
12191,84,B1,5,7,1,10,90,True,FC,2B,False,SDC
12192,84,B2,6,0,0,21,20,True,FC,FD,False,SDC
12193,84,B2,6,0,1,21,21,False,FC,FC,False,Not activated
12194,84,B2,6,1,0,21,21,False,FC,FC,False,Not activated
12195,84,B2,6,1,1,21,23,True,FC,FB,False,SDC
12196,84,B2,6,2,0,21,21,False,FC,FC,False,Not activated
12197,84,B2,6,2,1,21,25,True,FC,FA,False,SDC
12198,84,B2,6,3,0,21,21,False,FC,FC,False,Not activated
12199,84,B2,6,3,1,21,29,True,FC,F7,False,SDC
12200,84,B2,6,4,0,21,21,False,FC,FC,False,Not activated
12201,84,B2,6,4,1,21,31,True,FC,F2,False,SDC
12202,84,B2,6,5,0,21,01,True,FC,10,False,SDC
12203,84,B2,6,5,1,21,21,False,FC,FC,False,Not activated
12204,84,B2,6,6,0,21,21,False,FC,FC,False,Not activated
12205,84,B2,6,6,1,21,61,True,FC,BF,False,SDC
12206,84,B2,6,7,0,21,21,False,FC,FC,False,Not activated
12207,84,B2,6,7,1,21,A1,True,FC,4F,False,SDC
12208,84,B3,7,0,0,DA,DA,False,FC,FC,False,Not activated
12209,84,B3,7,0,1,DA,DB,True,FC,FB,False,SDC
12210,84,B3,7,1,0,DA,D8,True,FC,FC,False,Masked
12211,84,B3,7,1,1,DA,DA,False,FC,FC,False,Not activated
12212,84,B3,7,2,0,DA,DA,False,FC,FC,False,Not activated
12213,84,B3,7,2,1,DA,DE,True,FC,FB,False,SDC
12214,84,B3,7,3,0,DA,D2,True,FC,FE,False,SDC
12215,84,B3,7,3,1,DA,DA,False,FC,FC,False,Not activated
12216,84,B3,7,4,0,DA,CA,True,FC,00,False,SDC
12217,84,B3,7,4,1,DA,DA,False,FC,FC,False,Not activated
12218,84,B3,7,5,0,DA,DA,False,FC,FC,False,Not activated
12219,84,B3,7,5,1,DA,FA,True,FC,F3,False,SDC
12220,84,B3,7,6,0,DA,9A,True,FC,23,False,SDC
12221,84,B3,7,6,1,DA,DA,False,FC,FC,False,Not activated
12222,84,B3,7,7,0,DA,5A,True,FC,D0,False,SDC
12223,84,B3,7,7,1,DA,DA,False,FC,FC,False,Not activated
12224,84,C0,8,0,0,06,06,False,FC,FC,False,Not activated
12225,84,C0,8,0,1,06,07,True,FC,FD,False,SDC
12226,84,C0,8,1,0,06,04,True,FC,FA,False,SDC
12227,84,C0,8,1,1,06,06,False,FC,FC,False,Not activated
12228,84,C0,8,2,0,06,02,True,FC,F8,False,SDC
12229,84,C0,8,2,1,06,06,False,FC,FC,False,Not activated
12230,84,C0,8,3,0,06,06,False,FC,FC,False,Not activated
12231,84,C0,8,3,1,06,0E,True,FC,04,False,SDC
12232,84,C0,8,4,0,06,06,False,FC,FC,False,Not activated
12233,84,C0,8,4,1,06,16,True,FC,0C,False,SDC
12234,84,C0,8,5,0,06,06,False,FC,FC,False,Not activated
12235,84,C0,8,5,1,06,26,True,FC,1C,False,SDC
12236,84,C0,8,6,0,06,06,False,FC,FC,False,Not activated
12237,84,C0,8,6,1,06,46,True,FC,41,False,SDC
12238,84,C0,8,7,0,06,06,False,FC,FC,False,Not activated
12239,84,C0,8,7,1,06,86,True,FC,86,False,SDC
12240,85,A0,0,0,0,37,36,True,46,46,False,Masked
12241,85,A0,0,0,1,37,37,False,46,46,False,Not activated
12242,85,A0,0,1,0,37,35,True,46,46,False,Masked
12243,85,A0,0,1,1,37,37,False,46,46,False,Not activated
12244,85,A0,0,2,0,37,33,True,46,46,False,Masked
12245,85,A0,0,2,1,37,37,False,46,46,False,Not activated
12246,85,A0,0,3,0,37,37,False,46,46,False,Not activated
12247,85,A0,0,3,1,37,3F,True,46,4A,False,SDC
12248,85,A0,0,4,0,37,27,True,46,3E,False,SDC
12249,85,A0,0,4,1,37,37,False,46,46,False,Not activated
12250,85,A0,0,5,0,37,17,True,46,2F,False,SDC
12251,85,A0,0,5,1,37,37,False,46,46,False,Not activated
12252,85,A0,0,6,0,37,37,False,46,46,False,Not activated
12253,85,A0,0,6,1,37,77,True,46,77,False,SDC
12254,85,A0,0,7,0,37,37,False,46,46,False,Not activated
12255,85,A0,0,7,1,37,B7,True,46,CB,False,SDC
12256,85,A1,1,0,0,F8,F8,False,46,46,False,Not activated
12257,85,A1,1,0,1,F8,F9,True,46,46,False,Masked
12258,85,A1,1,1,0,F8,F8,False,46,46,False,Not activated
12259,85,A1,1,1,1,F8,FA,True,46,48,False,SDC
12260,85,A1,1,2,0,F8,F8,False,46,46,False,Not activated
12261,85,A1,1,2,1,F8,FC,True,46,48,False,SDC
12262,85,A1,1,3,0,F8,F0,True,46,46,False,Masked
12263,85,A1,1,3,1,F8,F8,False,46,46,False,Not activated
12264,85,A1,1,4,0,F8,E8,True,46,46,False,Masked
12265,85,A1,1,4,1,F8,F8,False,46,46,False,Not activated
12266,85,A1,1,5,0,F8,D8,True,46,43,False,SDC
12267,85,A1,1,5,1,F8,F8,False,46,46,False,Not activated
12268,85,A1,1,6,0,F8,B8,True,46,3D,False,SDC
12269,85,A1,1,6,1,F8,F8,False,46,46,False,Not activated
12270,85,A1,1,7,0,F8,78,True,46,67,False,SDC
12271,85,A1,1,7,1,F8,F8,False,46,46,False,Not activated
12272,85,A2,2,0,0,19,18,True,46,48,False,SDC
12273,85,A2,2,0,1,19,19,False,46,46,False,Not activated
12274,85,A2,2,1,0,19,19,False,46,46,False,Not activated
12275,85,A2,2,1,1,19,1B,True,46,46,False,Masked
12276,85,A2,2,2,0,19,19,False,46,46,False,Not activated
12277,85,A2,2,2,1,19,1D,True,46,46,False,Masked
12278,85,A2,2,3,0,19,11,True,46,48,False,SDC
12279,85,A2,2,3,1,19,19,False,46,46,False,Not activated
12280,85,A2,2,4,0,19,09,True,46,4A,False,SDC
12281,85,A2,2,4,1,19,19,False,46,46,False,Not activated
12282,85,A2,2,5,0,19,19,False,46,46,False,Not activated
12283,85,A2,2,5,1,19,39,True,46,3D,False,SDC
12284,85,A2,2,6,0,19,19,False,46,46,False,Not activated
12285,85,A2,2,6,1,19,59,True,46,1F,False,SDC
12286,85,A2,2,7,0,19,19,False,46,46,False,Not activated
12287,85,A2,2,7,1,19,99,True,46,67,False,SDC
12288,85,A3,3,0,0,D0,D0,False,46,46,False,Not activated
12289,85,A3,3,0,1,D0,D1,True,46,46,False,Masked
12290,85,A3,3,1,0,D0,D0,False,46,46,False,Not activated
12291,85,A3,3,1,1,D0,D2,True,46,46,False,Masked
12292,85,A3,3,2,0,D0,D0,False,46,46,False,Not activated
12293,85,A3,3,2,1,D0,D4,True,46,46,False,Masked
12294,85,A3,3,3,0,D0,D0,False,46,46,False,Not activated
12295,85,A3,3,3,1,D0,D8,True,46,44,False,SDC
12296,85,A3,3,4,0,D0,C0,True,46,4C,False,SDC
12297,85,A3,3,4,1,D0,D0,False,46,46,False,Not activated
12298,85,A3,3,5,0,D0,D0,False,46,46,False,Not activated
12299,85,A3,3,5,1,D0,F0,True,46,37,False,SDC
12300,85,A3,3,6,0,D0,90,True,46,6B,False,SDC
12301,85,A3,3,6,1,D0,D0,False,46,46,False,Not activated
12302,85,A3,3,7,0,D0,50,True,46,E9,False,SDC
12303,85,A3,3,7,1,D0,D0,False,46,46,False,Not activated
12304,85,B0,4,0,0,3D,3C,True,46,46,False,Masked
12305,85,B0,4,0,1,3D,3D,False,46,46,False,Not activated
12306,85,B0,4,1,0,3D,3D,False,46,46,False,Not activated
12307,85,B0,4,1,1,3D,3F,True,46,48,False,SDC
12308,85,B0,4,2,0,3D,39,True,46,46,False,Masked
12309,85,B0,4,2,1,3D,3D,False,46,46,False,Not activated
12310,85,B0,4,3,0,3D,35,True,46,44,False,SDC
12311,85,B0,4,3,1,3D,3D,False,46,46,False,Not activated
12312,85,B0,4,4,0,3D,2D,True,46,40,False,SDC
12313,85,B0,4,4,1,3D,3D,False,46,46,False,Not activated
12314,85,B0,4,5,0,3D,1D,True,46,32,False,SDC
12315,85,B0,4,5,1,3D,3D,False,46,46,False,Not activated
12316,85,B0,4,6,0,3D,3D,False,46,46,False,Not activated
12317,85,B0,4,6,1,3D,7D,True,46,7D,False,SDC
12318,85,B0,4,7,0,3D,3D,False,46,46,False,Not activated
12319,85,B0,4,7,1,3D,BD,True,46,DD,False,SDC
12320,85,B1,5,0,0,0E,0E,False,46,46,False,Not activated
12321,85,B1,5,0,1,0E,0F,True,46,46,False,Masked
12322,85,B1,5,1,0,0E,0C,True,46,46,False,Masked
12323,85,B1,5,1,1,0E,0E,False,46,46,False,Not activated
12324,85,B1,5,2,0,0E,0A,True,46,48,False,SDC
12325,85,B1,5,2,1,0E,0E,False,46,46,False,Not activated
12326,85,B1,5,3,0,0E,06,True,46,48,False,SDC
12327,85,B1,5,3,1,0E,0E,False,46,46,False,Not activated
12328,85,B1,5,4,0,0E,0E,False,46,46,False,Not activated
12329,85,B1,5,4,1,0E,1E,True,46,46,False,Masked
12330,85,B1,5,5,0,0E,0E,False,46,46,False,Not activated
12331,85,B1,5,5,1,0E,2E,True,46,44,False,SDC
12332,85,B1,5,6,0,0E,0E,False,46,46,False,Not activated
12333,85,B1,5,6,1,0E,4E,True,46,42,False,SDC
12334,85,B1,5,7,0,0E,0E,False,46,46,False,Not activated
12335,85,B1,5,7,1,0E,8E,True,46,5C,False,SDC
12336,85,B2,6,0,0,DF,DE,True,46,46,False,Masked
12337,85,B2,6,0,1,DF,DF,False,46,46,False,Not activated
12338,85,B2,6,1,0,DF,DD,True,46,46,False,Masked
12339,85,B2,6,1,1,DF,DF,False,46,46,False,Not activated
12340,85,B2,6,2,0,DF,DB,True,46,46,False,Masked
12341,85,B2,6,2,1,DF,DF,False,46,46,False,Not activated
12342,85,B2,6,3,0,DF,D7,True,46,46,False,Masked
12343,85,B2,6,3,1,DF,DF,False,46,46,False,Not activated
12344,85,B2,6,4,0,DF,CF,True,46,44,False,SDC
12345,85,B2,6,4,1,DF,DF,False,46,46,False,Not activated
12346,85,B2,6,5,0,DF,DF,False,46,46,False,Not activated
12347,85,B2,6,5,1,DF,FF,True,46,4C,False,SDC
12348,85,B2,6,6,0,DF,9F,True,46,25,False,SDC
12349,85,B2,6,6,1,DF,DF,False,46,46,False,Not activated
12350,85,B2,6,7,0,DF,5F,True,46,61,False,SDC
12351,85,B2,6,7,1,DF,DF,False,46,46,False,Not activated
12352,85,B3,7,0,0,D4,D4,False,46,46,False,Not activated
12353,85,B3,7,0,1,D4,D5,True,46,46,False,Masked
12354,85,B3,7,1,0,D4,D4,False,46,46,False,Not activated
12355,85,B3,7,1,1,D4,D6,True,46,46,False,Masked
12356,85,B3,7,2,0,D4,D0,True,46,48,False,SDC
12357,85,B3,7,2,1,D4,D4,False,46,46,False,Not activated
12358,85,B3,7,3,0,D4,D4,False,46,46,False,Not activated
12359,85,B3,7,3,1,D4,DC,True,46,44,False,SDC
12360,85,B3,7,4,0,D4,C4,True,46,4C,False,SDC
12361,85,B3,7,4,1,D4,D4,False,46,46,False,Not activated
12362,85,B3,7,5,0,D4,D4,False,46,46,False,Not activated
12363,85,B3,7,5,1,D4,F4,True,46,35,False,SDC
12364,85,B3,7,6,0,D4,94,True,46,6A,False,SDC
12365,85,B3,7,6,1,D4,D4,False,46,46,False,Not activated
12366,85,B3,7,7,0,D4,54,True,46,DD,False,SDC
12367,85,B3,7,7,1,D4,D4,False,46,46,False,Not activated
12368,85,C0,8,0,0,07,06,True,46,46,False,Masked
12369,85,C0,8,0,1,07,07,False,46,46,False,Not activated
12370,85,C0,8,1,0,07,05,True,46,46,False,Masked
12371,85,C0,8,1,1,07,07,False,46,46,False,Not activated
12372,85,C0,8,2,0,07,03,True,46,44,False,SDC
12373,85,C0,8,2,1,07,07,False,46,46,False,Not activated
12374,85,C0,8,3,0,07,07,False,46,46,False,Not activated
12375,85,C0,8,3,1,07,0F,True,46,4A,False,SDC
12376,85,C0,8,4,0,07,07,False,46,46,False,Not activated
12377,85,C0,8,4,1,07,17,True,46,4E,False,SDC
12378,85,C0,8,5,0,07,07,False,46,46,False,Not activated
12379,85,C0,8,5,1,07,27,True,46,56,False,SDC
12380,85,C0,8,6,0,07,07,False,46,46,False,Not activated
12381,85,C0,8,6,1,07,47,True,46,62,False,SDC
12382,85,C0,8,7,0,07,07,False,46,46,False,Not activated
12383,85,C0,8,7,1,07,87,True,46,88,False,SDC
12384,86,A0,0,0,0,07,06,True,56,56,False,Masked
12385,86,A0,0,0,1,07,07,False,56,56,False,Not activated
12386,86,A0,0,1,0,07,05,True,56,56,False,Masked
12387,86,A0,0,1,1,07,07,False,56,56,False,Not activated
12388,86,A0,0,2,0,07,03,True,56,56,False,Masked
12389,86,A0,0,2,1,07,07,False,56,56,False,Not activated
12390,86,A0,0,3,0,07,07,False,56,56,False,Not activated
12391,86,A0,0,3,1,07,0F,True,56,56,False,Masked
12392,86,A0,0,4,0,07,07,False,56,56,False,Not activated
12393,86,A0,0,4,1,07,17,True,56,56,False,Masked
12394,86,A0,0,5,0,07,07,False,56,56,False,Not activated
12395,86,A0,0,5,1,07,27,True,56,56,False,Masked
12396,86,A0,0,6,0,07,07,False,56,56,False,Not activated
12397,86,A0,0,6,1,07,47,True,56,54,False,SDC
12398,86,A0,0,7,0,07,07,False,56,56,False,Not activated
12399,86,A0,0,7,1,07,87,True,56,64,False,SDC
12400,86,A1,1,0,0,CC,CC,False,56,56,False,Not activated
12401,86,A1,1,0,1,CC,CD,True,56,56,False,Masked
12402,86,A1,1,1,0,CC,CC,False,56,56,False,Not activated
12403,86,A1,1,1,1,CC,CE,True,56,56,False,Masked
12404,86,A1,1,2,0,CC,C8,True,56,58,False,SDC
12405,86,A1,1,2,1,CC,CC,False,56,56,False,Not activated
12406,86,A1,1,3,0,CC,C4,True,56,5A,False,SDC
12407,86,A1,1,3,1,CC,CC,False,56,56,False,Not activated
12408,86,A1,1,4,0,CC,CC,False,56,56,False,Not activated
12409,86,A1,1,4,1,CC,DC,True,56,50,False,SDC
12410,86,A1,1,5,0,CC,CC,False,56,56,False,Not activated
12411,86,A1,1,5,1,CC,EC,True,56,4A,False,SDC
12412,86,A1,1,6,0,CC,8C,True,56,73,False,SDC
12413,86,A1,1,6,1,CC,CC,False,56,56,False,Not activated
12414,86,A1,1,7,0,CC,4C,True,56,02,False,SDC
12415,86,A1,1,7,1,CC,CC,False,56,56,False,Not activated
12416,86,A2,2,0,0,3F,3E,True,56,56,False,Masked
12417,86,A2,2,0,1,3F,3F,False,56,56,False,Not activated
12418,86,A2,2,1,0,3F,3D,True,56,56,False,Masked
12419,86,A2,2,1,1,3F,3F,False,56,56,False,Not activated
12420,86,A2,2,2,0,3F,3B,True,56,56,False,Masked
12421,86,A2,2,2,1,3F,3F,False,56,56,False,Not activated
12422,86,A2,2,3,0,3F,37,True,56,54,False,SDC
12423,86,A2,2,3,1,3F,3F,False,56,56,False,Not activated
12424,86,A2,2,4,0,3F,2F,True,56,52,False,SDC
12425,86,A2,2,4,1,3F,3F,False,56,56,False,Not activated
12426,86,A2,2,5,0,3F,1F,True,56,4C,False,SDC
12427,86,A2,2,5,1,3F,3F,False,56,56,False,Not activated
12428,86,A2,2,6,0,3F,3F,False,56,56,False,Not activated
12429,86,A2,2,6,1,3F,7F,True,56,7E,False,SDC
12430,86,A2,2,7,0,3F,3F,False,56,56,False,Not activated
12431,86,A2,2,7,1,3F,BF,True,56,17,False,SDC
12432,86,A3,3,0,0,35,34,True,56,56,False,Masked
12433,86,A3,3,0,1,35,35,False,56,56,False,Not activated
12434,86,A3,3,1,0,35,35,False,56,56,False,Not activated
12435,86,A3,3,1,1,35,37,True,56,56,False,Masked
12436,86,A3,3,2,0,35,31,True,56,56,False,Masked
12437,86,A3,3,2,1,35,35,False,56,56,False,Not activated
12438,86,A3,3,3,0,35,35,False,56,56,False,Not activated
12439,86,A3,3,3,1,35,3D,True,56,56,False,Masked
12440,86,A3,3,4,0,35,25,True,56,56,False,Masked
12441,86,A3,3,4,1,35,35,False,56,56,False,Not activated
12442,86,A3,3,5,0,35,15,True,56,56,False,Masked
12443,86,A3,3,5,1,35,35,False,56,56,False,Not activated
12444,86,A3,3,6,0,35,35,False,56,56,False,Not activated
12445,86,A3,3,6,1,35,75,True,56,56,False,Masked
12446,86,A3,3,7,0,35,35,False,56,56,False,Not activated
12447,86,A3,3,7,1,35,B5,True,56,56,False,Masked
12448,86,B0,4,0,0,FB,FA,True,56,56,False,Masked
12449,86,B0,4,0,1,FB,FB,False,56,56,False,Not activated
12450,86,B0,4,1,0,FB,F9,True,56,56,False,Masked
12451,86,B0,4,1,1,FB,FB,False,56,56,False,Not activated
12452,86,B0,4,2,0,FB,FB,False,56,56,False,Not activated
12453,86,B0,4,2,1,FB,FF,True,56,56,False,Masked
12454,86,B0,4,3,0,FB,F3,True,56,56,False,Masked
12455,86,B0,4,3,1,FB,FB,False,56,56,False,Not activated
12456,86,B0,4,4,0,FB,EB,True,56,56,False,Masked
12457,86,B0,4,4,1,FB,FB,False,56,56,False,Not activated
12458,86,B0,4,5,0,FB,DB,True,56,55,False,SDC
12459,86,B0,4,5,1,FB,FB,False,56,56,False,Not activated
12460,86,B0,4,6,0,FB,BB,True,56,53,False,SDC
12461,86,B0,4,6,1,FB,FB,False,56,56,False,Not activated
12462,86,B0,4,7,0,FB,7B,True,56,6A,False,SDC
12463,86,B0,4,7,1,FB,FB,False,56,56,False,Not activated
12464,86,B1,5,0,0,CF,CE,True,56,57,False,SDC
12465,86,B1,5,0,1,CF,CF,False,56,56,False,Not activated
12466,86,B1,5,1,0,CF,CD,True,56,57,False,SDC
12467,86,B1,5,1,1,CF,CF,False,56,56,False,Not activated
12468,86,B1,5,2,0,CF,CB,True,56,58,False,SDC
12469,86,B1,5,2,1,CF,CF,False,56,56,False,Not activated
12470,86,B1,5,3,0,CF,C7,True,56,5A,False,SDC
12471,86,B1,5,3,1,CF,CF,False,56,56,False,Not activated
12472,86,B1,5,4,0,CF,CF,False,56,56,False,Not activated
12473,86,B1,5,4,1,CF,DF,True,56,50,False,SDC
12474,86,B1,5,5,0,CF,CF,False,56,56,False,Not activated
12475,86,B1,5,5,1,CF,EF,True,56,4A,False,SDC
12476,86,B1,5,6,0,CF,8F,True,56,72,False,SDC
12477,86,B1,5,6,1,CF,CF,False,56,56,False,Not activated
12478,86,B1,5,7,0,CF,4F,True,56,FA,False,SDC
12479,86,B1,5,7,1,CF,CF,False,56,56,False,Not activated
12480,86,B2,6,0,0,2B,2A,True,56,56,False,Masked
12481,86,B2,6,0,1,2B,2B,False,56,56,False,Not activated
12482,86,B2,6,1,0,2B,29,True,56,56,False,Masked
12483,86,B2,6,1,1,2B,2B,False,56,56,False,Not activated
12484,86,B2,6,2,0,2B,2B,False,56,56,False,Not activated
12485,86,B2,6,2,1,2B,2F,True,56,58,False,SDC
12486,86,B2,6,3,0,2B,23,True,56,52,False,SDC
12487,86,B2,6,3,1,2B,2B,False,56,56,False,Not activated
12488,86,B2,6,4,0,2B,2B,False,56,56,False,Not activated
12489,86,B2,6,4,1,2B,3B,True,56,5E,False,SDC
12490,86,B2,6,5,0,2B,0B,True,56,47,False,SDC
12491,86,B2,6,5,1,2B,2B,False,56,56,False,Not activated
12492,86,B2,6,6,0,2B,2B,False,56,56,False,Not activated
12493,86,B2,6,6,1,2B,6B,True,56,71,False,SDC
12494,86,B2,6,7,0,2B,2B,False,56,56,False,Not activated
12495,86,B2,6,7,1,2B,AB,True,56,DC,False,SDC
12496,86,B3,7,0,0,00,00,False,56,56,False,Not activated
12497,86,B3,7,0,1,00,01,True,56,57,False,SDC
12498,86,B3,7,1,0,00,00,False,56,56,False,Not activated
12499,86,B3,7,1,1,00,02,True,56,58,False,SDC
12500,86,B3,7,2,0,00,00,False,56,56,False,Not activated
12501,86,B3,7,2,1,00,04,True,56,58,False,SDC
12502,86,B3,7,3,0,00,00,False,56,56,False,Not activated
12503,86,B3,7,3,1,00,08,True,56,5A,False,SDC
12504,86,B3,7,4,0,00,00,False,56,56,False,Not activated
12505,86,B3,7,4,1,00,10,True,56,5D,False,SDC
12506,86,B3,7,5,0,00,00,False,56,56,False,Not activated
12507,86,B3,7,5,1,00,20,True,56,61,False,SDC
12508,86,B3,7,6,0,00,00,False,56,56,False,Not activated
12509,86,B3,7,6,1,00,40,True,56,64,False,SDC
12510,86,B3,7,7,0,00,00,False,56,56,False,Not activated
12511,86,B3,7,7,1,00,80,True,56,80,True,SDC
12512,86,C0,8,0,0,1C,1C,False,56,56,False,Not activated
12513,86,C0,8,0,1,1C,1D,True,56,56,False,Masked
12514,86,C0,8,1,0,1C,1C,False,56,56,False,Not activated
12515,86,C0,8,1,1,1C,1E,True,56,57,False,SDC
12516,86,C0,8,2,0,1C,18,True,56,54,False,SDC
12517,86,C0,8,2,1,1C,1C,False,56,56,False,Not activated
12518,86,C0,8,3,0,1C,14,True,56,52,False,SDC
12519,86,C0,8,3,1,1C,1C,False,56,56,False,Not activated
12520,86,C0,8,4,0,1C,0C,True,56,4E,False,SDC
12521,86,C0,8,4,1,1C,1C,False,56,56,False,Not activated
12522,86,C0,8,5,0,1C,1C,False,56,56,False,Not activated
12523,86,C0,8,5,1,1C,3C,True,56,62,False,SDC
12524,86,C0,8,6,0,1C,1C,False,56,56,False,Not activated
12525,86,C0,8,6,1,1C,5C,True,56,69,False,SDC
12526,86,C0,8,7,0,1C,1C,False,56,56,False,Not activated
12527,86,C0,8,7,1,1C,9C,True,56,B8,False,SDC
12528,87,A0,0,0,0,01,00,True,26,27,False,SDC
12529,87,A0,0,0,1,01,01,False,26,26,False,Not activated
12530,87,A0,0,1,0,01,01,False,26,26,False,Not activated
12531,87,A0,0,1,1,01,03,True,26,25,False,SDC
12532,87,A0,0,2,0,01,01,False,26,26,False,Not activated
12533,87,A0,0,2,1,01,05,True,26,24,False,SDC
12534,87,A0,0,3,0,01,01,False,26,26,False,Not activated
12535,87,A0,0,3,1,01,09,True,26,22,False,SDC
12536,87,A0,0,4,0,01,01,False,26,26,False,Not activated
12537,87,A0,0,4,1,01,11,True,26,1E,False,SDC
12538,87,A0,0,5,0,01,01,False,26,26,False,Not activated
12539,87,A0,0,5,1,01,21,True,26,16,False,SDC
12540,87,A0,0,6,0,01,01,False,26,26,False,Not activated
12541,87,A0,0,6,1,01,41,True,26,05,False,SDC
12542,87,A0,0,7,0,01,01,False,26,26,False,Not activated
12543,87,A0,0,7,1,01,81,True,26,7E,False,SDC
12544,87,A1,1,0,0,E3,E2,True,26,26,False,Masked
12545,87,A1,1,0,1,E3,E3,False,26,26,False,Not activated
12546,87,A1,1,1,0,E3,E1,True,26,26,False,Masked
12547,87,A1,1,1,1,E3,E3,False,26,26,False,Not activated
12548,87,A1,1,2,0,E3,E3,False,26,26,False,Not activated
12549,87,A1,1,2,1,E3,E7,True,26,26,False,Masked
12550,87,A1,1,3,0,E3,E3,False,26,26,False,Not activated
12551,87,A1,1,3,1,E3,EB,True,26,27,False,SDC
12552,87,A1,1,4,0,E3,E3,False,26,26,False,Not activated
12553,87,A1,1,4,1,E3,F3,True,26,28,False,SDC
12554,87,A1,1,5,0,E3,C3,True,26,22,False,SDC
12555,87,A1,1,5,1,E3,E3,False,26,26,False,Not activated
12556,87,A1,1,6,0,E3,A3,True,26,1C,False,SDC
12557,87,A1,1,6,1,E3,E3,False,26,26,False,Not activated
12558,87,A1,1,7,0,E3,63,True,26,3A,False,SDC
12559,87,A1,1,7,1,E3,E3,False,26,26,False,Not activated
12560,87,A2,2,0,0,2B,2A,True,26,26,False,Masked
12561,87,A2,2,0,1,2B,2B,False,26,26,False,Not activated
12562,87,A2,2,1,0,2B,29,True,26,26,False,Masked
12563,87,A2,2,1,1,2B,2B,False,26,26,False,Not activated
12564,87,A2,2,2,0,2B,2B,False,26,26,False,Not activated
12565,87,A2,2,2,1,2B,2F,True,26,25,False,SDC
12566,87,A2,2,3,0,2B,23,True,26,28,False,SDC
12567,87,A2,2,3,1,2B,2B,False,26,26,False,Not activated
12568,87,A2,2,4,0,2B,2B,False,26,26,False,Not activated
12569,87,A2,2,4,1,2B,3B,True,26,22,False,SDC
12570,87,A2,2,5,0,2B,0B,True,26,2D,False,SDC
12571,87,A2,2,5,1,2B,2B,False,26,26,False,Not activated
12572,87,A2,2,6,0,2B,2B,False,26,26,False,Not activated
12573,87,A2,2,6,1,2B,6B,True,26,FD,False,SDC
12574,87,A2,2,7,0,2B,2B,False,26,26,False,Not activated
12575,87,A2,2,7,1,2B,AB,True,26,44,False,SDC
12576,87,A3,3,0,0,3D,3C,True,26,26,False,Masked
12577,87,A3,3,0,1,3D,3D,False,26,26,False,Not activated
12578,87,A3,3,1,0,3D,3D,False,26,26,False,Not activated
12579,87,A3,3,1,1,3D,3F,True,26,28,False,SDC
12580,87,A3,3,2,0,3D,39,True,26,23,False,SDC
12581,87,A3,3,2,1,3D,3D,False,26,26,False,Not activated
12582,87,A3,3,3,0,3D,35,True,26,20,False,SDC
12583,87,A3,3,3,1,3D,3D,False,26,26,False,Not activated
12584,87,A3,3,4,0,3D,2D,True,26,19,False,SDC
12585,87,A3,3,4,1,3D,3D,False,26,26,False,Not activated
12586,87,A3,3,5,0,3D,1D,True,26,0B,False,SDC
12587,87,A3,3,5,1,3D,3D,False,26,26,False,Not activated
12588,87,A3,3,6,0,3D,3D,False,26,26,False,Not activated
12589,87,A3,3,6,1,3D,7D,True,26,7D,False,SDC
12590,87,A3,3,7,0,3D,3D,False,26,26,False,Not activated
12591,87,A3,3,7,1,3D,BD,True,26,BC,False,SDC
12592,87,B0,4,0,0,DF,DE,True,26,26,False,Masked
12593,87,B0,4,0,1,DF,DF,False,26,26,False,Not activated
12594,87,B0,4,1,0,DF,DD,True,26,26,False,Masked
12595,87,B0,4,1,1,DF,DF,False,26,26,False,Not activated
12596,87,B0,4,2,0,DF,DB,True,26,26,False,Masked
12597,87,B0,4,2,1,DF,DF,False,26,26,False,Not activated
12598,87,B0,4,3,0,DF,D7,True,26,26,False,Masked
12599,87,B0,4,3,1,DF,DF,False,26,26,False,Not activated
12600,87,B0,4,4,0,DF,CF,True,26,26,False,Masked
12601,87,B0,4,4,1,DF,DF,False,26,26,False,Not activated
12602,87,B0,4,5,0,DF,DF,False,26,26,False,Not activated
12603,87,B0,4,5,1,DF,FF,True,26,26,False,Masked
12604,87,B0,4,6,0,DF,9F,True,26,25,False,SDC
12605,87,B0,4,6,1,DF,DF,False,26,26,False,Not activated
12606,87,B0,4,7,0,DF,5F,True,26,29,False,SDC
12607,87,B0,4,7,1,DF,DF,False,26,26,False,Not activated
12608,87,B1,5,0,0,07,06,True,26,26,False,Masked
12609,87,B1,5,0,1,07,07,False,26,26,False,Not activated
12610,87,B1,5,1,0,07,05,True,26,27,False,SDC
12611,87,B1,5,1,1,07,07,False,26,26,False,Not activated
12612,87,B1,5,2,0,07,03,True,26,28,False,SDC
12613,87,B1,5,2,1,07,07,False,26,26,False,Not activated
12614,87,B1,5,3,0,07,07,False,26,26,False,Not activated
12615,87,B1,5,3,1,07,0F,True,26,22,False,SDC
12616,87,B1,5,4,0,07,07,False,26,26,False,Not activated
12617,87,B1,5,4,1,07,17,True,26,1F,False,SDC
12618,87,B1,5,5,0,07,07,False,26,26,False,Not activated
12619,87,B1,5,5,1,07,27,True,26,17,False,SDC
12620,87,B1,5,6,0,07,07,False,26,26,False,Not activated
12621,87,B1,5,6,1,07,47,True,26,06,False,SDC
12622,87,B1,5,7,0,07,07,False,26,26,False,Not activated
12623,87,B1,5,7,1,07,87,True,26,72,False,SDC
12624,87,B2,6,0,0,F1,F0,True,26,25,False,SDC
12625,87,B2,6,0,1,F1,F1,False,26,26,False,Not activated
12626,87,B2,6,1,0,F1,F1,False,26,26,False,Not activated
12627,87,B2,6,1,1,F1,F3,True,26,27,False,SDC
12628,87,B2,6,2,0,F1,F1,False,26,26,False,Not activated
12629,87,B2,6,2,1,F1,F5,True,26,29,False,SDC
12630,87,B2,6,3,0,F1,F1,False,26,26,False,Not activated
12631,87,B2,6,3,1,F1,F9,True,26,2B,False,SDC
12632,87,B2,6,4,0,F1,E1,True,26,1B,False,SDC
12633,87,B2,6,4,1,F1,F1,False,26,26,False,Not activated
12634,87,B2,6,5,0,F1,D1,True,26,10,False,SDC
12635,87,B2,6,5,1,F1,F1,False,26,26,False,Not activated
12636,87,B2,6,6,0,F1,B1,True,26,F1,False,SDC
12637,87,B2,6,6,1,F1,F1,False,26,26,False,Not activated
12638,87,B2,6,7,0,F1,71,True,26,6E,False,SDC
12639,87,B2,6,7,1,F1,F1,False,26,26,False,Not activated
12640,87,B3,7,0,0,36,36,False,26,26,False,Not activated
12641,87,B3,7,0,1,36,37,True,26,27,False,SDC
12642,87,B3,7,1,0,36,34,True,26,25,False,SDC
12643,87,B3,7,1,1,36,36,False,26,26,False,Not activated
12644,87,B3,7,2,0,36,32,True,26,23,False,SDC
12645,87,B3,7,2,1,36,36,False,26,26,False,Not activated
12646,87,B3,7,3,0,36,36,False,26,26,False,Not activated
12647,87,B3,7,3,1,36,3E,True,26,2E,False,SDC
12648,87,B3,7,4,0,36,26,True,26,17,False,SDC
12649,87,B3,7,4,1,36,36,False,26,26,False,Not activated
12650,87,B3,7,5,0,36,16,True,26,08,False,SDC
12651,87,B3,7,5,1,36,36,False,26,26,False,Not activated
12652,87,B3,7,6,0,36,36,False,26,26,False,Not activated
12653,87,B3,7,6,1,36,76,True,26,75,False,SDC
12654,87,B3,7,7,0,36,36,False,26,26,False,Not activated
12655,87,B3,7,7,1,36,B6,True,26,B2,False,SDC
12656,87,C0,8,0,0,01,00,True,26,25,False,SDC
12657,87,C0,8,0,1,01,01,False,26,26,False,Not activated
12658,87,C0,8,1,0,01,01,False,26,26,False,Not activated
12659,87,C0,8,1,1,01,03,True,26,28,False,SDC
12660,87,C0,8,2,0,01,01,False,26,26,False,Not activated
12661,87,C0,8,2,1,01,05,True,26,2A,False,SDC
12662,87,C0,8,3,0,01,01,False,26,26,False,Not activated
12663,87,C0,8,3,1,01,09,True,26,2E,False,SDC
12664,87,C0,8,4,0,01,01,False,26,26,False,Not activated
12665,87,C0,8,4,1,01,11,True,26,36,False,SDC
12666,87,C0,8,5,0,01,01,False,26,26,False,Not activated
12667,87,C0,8,5,1,01,21,True,26,43,False,SDC
12668,87,C0,8,6,0,01,01,False,26,26,False,Not activated
12669,87,C0,8,6,1,01,41,True,26,54,False,SDC
12670,87,C0,8,7,0,01,01,False,26,26,False,Not activated
12671,87,C0,8,7,1,01,81,True,26,81,False,SDC
12672,88,A0,0,0,0,31,30,True,1C,1C,False,Masked
12673,88,A0,0,0,1,31,31,False,1C,1C,False,Not activated
12674,88,A0,0,1,0,31,31,False,1C,1C,False,Not activated
12675,88,A0,0,1,1,31,33,True,1C,1B,False,SDC
12676,88,A0,0,2,0,31,31,False,1C,1C,False,Not activated
12677,88,A0,0,2,1,31,35,True,1C,1B,False,SDC
12678,88,A0,0,3,0,31,31,False,1C,1C,False,Not activated
12679,88,A0,0,3,1,31,39,True,1C,1A,False,SDC
12680,88,A0,0,4,0,31,21,True,1C,1E,False,SDC
12681,88,A0,0,4,1,31,31,False,1C,1C,False,Not activated
12682,88,A0,0,5,0,31,11,True,1C,21,False,SDC
12683,88,A0,0,5,1,31,31,False,1C,1C,False,Not activated
12684,88,A0,0,6,0,31,31,False,1C,1C,False,Not activated
12685,88,A0,0,6,1,31,71,True,1C,F2,False,SDC
12686,88,A0,0,7,0,31,31,False,1C,1C,False,Not activated
12687,88,A0,0,7,1,31,B1,True,1C,34,False,SDC
12688,88,A1,1,0,0,2F,2E,True,1C,1B,False,SDC
12689,88,A1,1,0,1,2F,2F,False,1C,1C,False,Not activated
12690,88,A1,1,1,0,2F,2D,True,1C,1A,False,SDC
12691,88,A1,1,1,1,2F,2F,False,1C,1C,False,Not activated
12692,88,A1,1,2,0,2F,2B,True,1C,19,False,SDC
12693,88,A1,1,2,1,2F,2F,False,1C,1C,False,Not activated
12694,88,A1,1,3,0,2F,27,True,1C,15,False,SDC
12695,88,A1,1,3,1,2F,2F,False,1C,1C,False,Not activated
12696,88,A1,1,4,0,2F,2F,False,1C,1C,False,Not activated
12697,88,A1,1,4,1,2F,3F,True,1C,2A,False,SDC
12698,88,A1,1,5,0,2F,0F,True,1C,00,False,SDC
12699,88,A1,1,5,1,2F,2F,False,1C,1C,False,Not activated
12700,88,A1,1,6,0,2F,2F,False,1C,1C,False,Not activated
12701,88,A1,1,6,1,2F,6F,True,1C,6A,False,SDC
12702,88,A1,1,7,0,2F,2F,False,1C,1C,False,Not activated
12703,88,A1,1,7,1,2F,AF,True,1C,AE,False,SDC
12704,88,A2,2,0,0,E3,E2,True,1C,1C,False,Masked
12705,88,A2,2,0,1,E3,E3,False,1C,1C,False,Not activated
12706,88,A2,2,1,0,E3,E1,True,1C,1C,False,Masked
12707,88,A2,2,1,1,E3,E3,False,1C,1C,False,Not activated
12708,88,A2,2,2,0,E3,E3,False,1C,1C,False,Not activated
12709,88,A2,2,2,1,E3,E7,True,1C,1C,False,Masked
12710,88,A2,2,3,0,E3,E3,False,1C,1C,False,Not activated
12711,88,A2,2,3,1,E3,EB,True,1C,1C,False,Masked
12712,88,A2,2,4,0,E3,E3,False,1C,1C,False,Not activated
12713,88,A2,2,4,1,E3,F3,True,1C,1C,False,Masked
12714,88,A2,2,5,0,E3,C3,True,1C,1C,False,Masked
12715,88,A2,2,5,1,E3,E3,False,1C,1C,False,Not activated
12716,88,A2,2,6,0,E3,A3,True,1C,1B,False,SDC
12717,88,A2,2,6,1,E3,E3,False,1C,1C,False,Not activated
12718,88,A2,2,7,0,E3,63,True,1C,1F,False,SDC
12719,88,A2,2,7,1,E3,E3,False,1C,1C,False,Not activated
12720,88,A3,3,0,0,25,24,True,1C,1B,False,SDC
12721,88,A3,3,0,1,25,25,False,1C,1C,False,Not activated
12722,88,A3,3,1,0,25,25,False,1C,1C,False,Not activated
12723,88,A3,3,1,1,25,27,True,1C,1D,False,SDC
12724,88,A3,3,2,0,25,21,True,1C,19,False,SDC
12725,88,A3,3,2,1,25,25,False,1C,1C,False,Not activated
12726,88,A3,3,3,0,25,25,False,1C,1C,False,Not activated
12727,88,A3,3,3,1,25,2D,True,1C,21,False,SDC
12728,88,A3,3,4,0,25,25,False,1C,1C,False,Not activated
12729,88,A3,3,4,1,25,35,True,1C,26,False,SDC
12730,88,A3,3,5,0,25,05,True,1C,07,False,SDC
12731,88,A3,3,5,1,25,25,False,1C,1C,False,Not activated
12732,88,A3,3,6,0,25,25,False,1C,1C,False,Not activated
12733,88,A3,3,6,1,25,65,True,1C,5A,False,SDC
12734,88,A3,3,7,0,25,25,False,1C,1C,False,Not activated
12735,88,A3,3,7,1,25,A5,True,1C,BC,False,SDC
12736,88,B0,4,0,0,F5,F4,True,1C,1B,False,SDC
12737,88,B0,4,0,1,F5,F5,False,1C,1C,False,Not activated
12738,88,B0,4,1,0,F5,F5,False,1C,1C,False,Not activated
12739,88,B0,4,1,1,F5,F7,True,1C,1D,False,SDC
12740,88,B0,4,2,0,F5,F1,True,1C,19,False,SDC
12741,88,B0,4,2,1,F5,F5,False,1C,1C,False,Not activated
12742,88,B0,4,3,0,F5,F5,False,1C,1C,False,Not activated
12743,88,B0,4,3,1,F5,FD,True,1C,22,False,SDC
12744,88,B0,4,4,0,F5,E5,True,1C,0F,False,SDC
12745,88,B0,4,4,1,F5,F5,False,1C,1C,False,Not activated
12746,88,B0,4,5,0,F5,D5,True,1C,03,False,SDC
12747,88,B0,4,5,1,F5,F5,False,1C,1C,False,Not activated
12748,88,B0,4,6,0,F5,B5,True,1C,E2,False,SDC
12749,88,B0,4,6,1,F5,F5,False,1C,1C,False,Not activated
12750,88,B0,4,7,0,F5,75,True,1C,73,False,SDC
12751,88,B0,4,7,1,F5,F5,False,1C,1C,False,Not activated
12752,88,B1,5,0,0,38,38,False,1C,1C,False,Not activated
12753,88,B1,5,0,1,38,39,True,1C,1D,False,SDC
12754,88,B1,5,1,0,38,38,False,1C,1C,False,Not activated
12755,88,B1,5,1,1,38,3A,True,1C,1E,False,SDC
12756,88,B1,5,2,0,38,38,False,1C,1C,False,Not activated
12757,88,B1,5,2,1,38,3C,True,1C,1F,False,SDC
12758,88,B1,5,3,0,38,30,True,1C,16,False,SDC
12759,88,B1,5,3,1,38,38,False,1C,1C,False,Not activated
12760,88,B1,5,4,0,38,28,True,1C,10,False,SDC
12761,88,B1,5,4,1,38,38,False,1C,1C,False,Not activated
12762,88,B1,5,5,0,38,18,True,1C,05,False,SDC
12763,88,B1,5,5,1,38,38,False,1C,1C,False,Not activated
12764,88,B1,5,6,0,38,38,False,1C,1C,False,Not activated
12765,88,B1,5,6,1,38,78,True,1C,74,False,SDC
12766,88,B1,5,7,0,38,38,False,1C,1C,False,Not activated
12767,88,B1,5,7,1,38,B8,True,1C,BC,False,SDC
12768,88,B2,6,0,0,01,00,True,1C,1D,False,SDC
12769,88,B2,6,0,1,01,01,False,1C,1C,False,Not activated
12770,88,B2,6,1,0,01,01,False,1C,1C,False,Not activated
12771,88,B2,6,1,1,01,03,True,1C,1C,False,Masked
12772,88,B2,6,2,0,01,01,False,1C,1C,False,Not activated
12773,88,B2,6,2,1,01,05,True,1C,1B,False,SDC
12774,88,B2,6,3,0,01,01,False,1C,1C,False,Not activated
12775,88,B2,6,3,1,01,09,True,1C,19,False,SDC
12776,88,B2,6,4,0,01,01,False,1C,1C,False,Not activated
12777,88,B2,6,4,1,01,11,True,1C,15,False,SDC
12778,88,B2,6,5,0,01,01,False,1C,1C,False,Not activated
12779,88,B2,6,5,1,01,21,True,1C,0E,False,SDC
12780,88,B2,6,6,0,01,01,False,1C,1C,False,Not activated
12781,88,B2,6,6,1,01,41,True,1C,FF,False,SDC
12782,88,B2,6,7,0,01,01,False,1C,1C,False,Not activated
12783,88,B2,6,7,1,01,81,True,1C,7E,False,SDC
12784,88,B3,7,0,0,29,28,True,1C,1B,False,SDC
12785,88,B3,7,0,1,29,29,False,1C,1C,False,Not activated
12786,88,B3,7,1,0,29,29,False,1C,1C,False,Not activated
12787,88,B3,7,1,1,29,2B,True,1C,1D,False,SDC
12788,88,B3,7,2,0,29,29,False,1C,1C,False,Not activated
12789,88,B3,7,2,1,29,2D,True,1C,1E,False,SDC
12790,88,B3,7,3,0,29,21,True,1C,17,False,SDC
12791,88,B3,7,3,1,29,29,False,1C,1C,False,Not activated
12792,88,B3,7,4,0,29,29,False,1C,1C,False,Not activated
12793,88,B3,7,4,1,29,39,True,1C,24,False,SDC
12794,88,B3,7,5,0,29,09,True,1C,09,False,SDC
12795,88,B3,7,5,1,29,29,False,1C,1C,False,Not activated
12796,88,B3,7,6,0,29,29,False,1C,1C,False,Not activated
12797,88,B3,7,6,1,29,69,True,1C,5E,False,SDC
12798,88,B3,7,7,0,29,29,False,1C,1C,False,Not activated
12799,88,B3,7,7,1,29,A9,True,1C,C5,False,SDC
12800,88,C0,8,0,0,E4,E4,False,1C,1C,False,Not activated
12801,88,C0,8,0,1,E4,E5,True,1C,1D,False,SDC
12802,88,C0,8,1,0,E4,E4,False,1C,1C,False,Not activated
12803,88,C0,8,1,1,E4,E6,True,1C,1E,False,SDC
12804,88,C0,8,2,0,E4,E0,True,1C,18,False,SDC
12805,88,C0,8,2,1,E4,E4,False,1C,1C,False,Not activated
12806,88,C0,8,3,0,E4,E4,False,1C,1C,False,Not activated
12807,88,C0,8,3,1,E4,EC,True,1C,24,False,SDC
12808,88,C0,8,4,0,E4,E4,False,1C,1C,False,Not activated
12809,88,C0,8,4,1,E4,F4,True,1C,2C,False,SDC
12810,88,C0,8,5,0,E4,C4,True,1C,FC,False,SDC
12811,88,C0,8,5,1,E4,E4,False,1C,1C,False,Not activated
12812,88,C0,8,6,0,E4,A4,True,1C,C0,False,SDC
12813,88,C0,8,6,1,E4,E4,False,1C,1C,False,Not activated
12814,88,C0,8,7,0,E4,64,True,1C,6B,False,SDC
12815,88,C0,8,7,1,E4,E4,False,1C,1C,False,Not activated
12816,89,A0,0,0,0,E6,E6,False,04,04,False,Not activated
12817,89,A0,0,0,1,E6,E7,True,04,04,False,Masked
12818,89,A0,0,1,0,E6,E4,True,04,06,False,SDC
12819,89,A0,0,1,1,E6,E6,False,04,04,False,Not activated
12820,89,A0,0,2,0,E6,E2,True,04,07,False,SDC
12821,89,A0,0,2,1,E6,E6,False,04,04,False,Not activated
12822,89,A0,0,3,0,E6,E6,False,04,04,False,Not activated
12823,89,A0,0,3,1,E6,EE,True,04,FF,False,SDC
12824,89,A0,0,4,0,E6,E6,False,04,04,False,Not activated
12825,89,A0,0,4,1,E6,F6,True,04,F9,False,SDC
12826,89,A0,0,5,0,E6,C6,True,04,1B,False,SDC
12827,89,A0,0,5,1,E6,E6,False,04,04,False,Not activated
12828,89,A0,0,6,0,E6,A6,True,04,42,False,SDC
12829,89,A0,0,6,1,E6,E6,False,04,04,False,Not activated
12830,89,A0,0,7,0,E6,66,True,04,9F,False,SDC
12831,89,A0,0,7,1,E6,E6,False,04,04,False,Not activated
12832,89,A1,1,0,0,0B,0A,True,04,04,False,Masked
12833,89,A1,1,0,1,0B,0B,False,04,04,False,Not activated
12834,89,A1,1,1,0,0B,09,True,04,04,False,Masked
12835,89,A1,1,1,1,0B,0B,False,04,04,False,Not activated
12836,89,A1,1,2,0,0B,0B,False,04,04,False,Not activated
12837,89,A1,1,2,1,0B,0F,True,04,04,False,Masked
12838,89,A1,1,3,0,0B,03,True,04,04,False,Masked
12839,89,A1,1,3,1,0B,0B,False,04,04,False,Not activated
12840,89,A1,1,4,0,0B,0B,False,04,04,False,Not activated
12841,89,A1,1,4,1,0B,1B,True,04,05,False,SDC
12842,89,A1,1,5,0,0B,0B,False,04,04,False,Not activated
12843,89,A1,1,5,1,0B,2B,True,04,06,False,SDC
12844,89,A1,1,6,0,0B,0B,False,04,04,False,Not activated
12845,89,A1,1,6,1,0B,4B,True,04,0A,False,SDC
12846,89,A1,1,7,0,0B,0B,False,04,04,False,Not activated
12847,89,A1,1,7,1,0B,8B,True,04,E3,False,SDC
12848,89,A2,2,0,0,40,40,False,04,04,False,Not activated
12849,89,A2,2,0,1,40,41,True,04,03,False,SDC
12850,89,A2,2,1,0,40,40,False,04,04,False,Not activated
12851,89,A2,2,1,1,40,42,True,04,03,False,SDC
12852,89,A2,2,2,0,40,40,False,04,04,False,Not activated
12853,89,A2,2,2,1,40,44,True,04,02,False,SDC
12854,89,A2,2,3,0,40,40,False,04,04,False,Not activated
12855,89,A2,2,3,1,40,48,True,04,FF,False,SDC
12856,89,A2,2,4,0,40,40,False,04,04,False,Not activated
12857,89,A2,2,4,1,40,50,True,04,FA,False,SDC
12858,89,A2,2,5,0,40,40,False,04,04,False,Not activated
12859,89,A2,2,5,1,40,60,True,04,F0,False,SDC
12860,89,A2,2,6,0,40,00,True,04,18,False,SDC
12861,89,A2,2,6,1,40,40,False,04,04,False,Not activated
12862,89,A2,2,7,0,40,40,False,04,04,False,Not activated
12863,89,A2,2,7,1,40,C0,True,04,2C,False,SDC
12864,89,A3,3,0,0,FF,FE,True,04,04,False,Masked
12865,89,A3,3,0,1,FF,FF,False,04,04,False,Not activated
12866,89,A3,3,1,0,FF,FD,True,04,04,False,Masked
12867,89,A3,3,1,1,FF,FF,False,04,04,False,Not activated
12868,89,A3,3,2,0,FF,FB,True,04,04,False,Masked
12869,89,A3,3,2,1,FF,FF,False,04,04,False,Not activated
12870,89,A3,3,3,0,FF,F7,True,04,04,False,Masked
12871,89,A3,3,3,1,FF,FF,False,04,04,False,Not activated
12872,89,A3,3,4,0,FF,EF,True,04,03,False,SDC
12873,89,A3,3,4,1,FF,FF,False,04,04,False,Not activated
12874,89,A3,3,5,0,FF,DF,True,04,01,False,SDC
12875,89,A3,3,5,1,FF,FF,False,04,04,False,Not activated
12876,89,A3,3,6,0,FF,BF,True,04,FE,False,SDC
12877,89,A3,3,6,1,FF,FF,False,04,04,False,Not activated
12878,89,A3,3,7,0,FF,7F,True,04,76,False,SDC
12879,89,A3,3,7,1,FF,FF,False,04,04,False,Not activated
12880,89,B0,4,0,0,D3,D2,True,04,05,False,SDC
12881,89,B0,4,0,1,D3,D3,False,04,04,False,Not activated
12882,89,B0,4,1,0,D3,D1,True,04,05,False,SDC
12883,89,B0,4,1,1,D3,D3,False,04,04,False,Not activated
12884,89,B0,4,2,0,D3,D3,False,04,04,False,Not activated
12885,89,B0,4,2,1,D3,D7,True,04,03,False,SDC
12886,89,B0,4,3,0,D3,D3,False,04,04,False,Not activated
12887,89,B0,4,3,1,D3,DB,True,04,01,False,SDC
12888,89,B0,4,4,0,D3,C3,True,04,0B,False,SDC
12889,89,B0,4,4,1,D3,D3,False,04,04,False,Not activated
12890,89,B0,4,5,0,D3,D3,False,04,04,False,Not activated
12891,89,B0,4,5,1,D3,F3,True,04,F7,False,SDC
12892,89,B0,4,6,0,D3,93,True,04,49,False,SDC
12893,89,B0,4,6,1,D3,D3,False,04,04,False,Not activated
12894,89,B0,4,7,0,D3,53,True,04,C9,False,SDC
12895,89,B0,4,7,1,D3,D3,False,04,04,False,Not activated
12896,89,B1,5,0,0,05,04,True,04,04,False,Masked
12897,89,B1,5,0,1,05,05,False,04,04,False,Not activated
12898,89,B1,5,1,0,05,05,False,04,04,False,Not activated
12899,89,B1,5,1,1,05,07,True,04,04,False,Masked
12900,89,B1,5,2,0,05,01,True,04,04,False,Masked
12901,89,B1,5,2,1,05,05,False,04,04,False,Not activated
12902,89,B1,5,3,0,05,05,False,04,04,False,Not activated
12903,89,B1,5,3,1,05,0D,True,04,05,False,SDC
12904,89,B1,5,4,0,05,05,False,04,04,False,Not activated
12905,89,B1,5,4,1,05,15,True,04,07,False,SDC
12906,89,B1,5,5,0,05,05,False,04,04,False,Not activated
12907,89,B1,5,5,1,05,25,True,04,09,False,SDC
12908,89,B1,5,6,0,05,05,False,04,04,False,Not activated
12909,89,B1,5,6,1,05,45,True,04,10,False,SDC
12910,89,B1,5,7,0,05,05,False,04,04,False,Not activated
12911,89,B1,5,7,1,05,85,True,04,9D,False,SDC
12912,89,B2,6,0,0,EC,EC,False,04,04,False,Not activated
12913,89,B2,6,0,1,EC,ED,True,04,05,False,SDC
12914,89,B2,6,1,0,EC,EC,False,04,04,False,Not activated
12915,89,B2,6,1,1,EC,EE,True,04,06,False,SDC
12916,89,B2,6,2,0,EC,E8,True,04,00,False,SDC
12917,89,B2,6,2,1,EC,EC,False,04,04,False,Not activated
12918,89,B2,6,3,0,EC,E4,True,04,FC,False,SDC
12919,89,B2,6,3,1,EC,EC,False,04,04,False,Not activated
12920,89,B2,6,4,0,EC,EC,False,04,04,False,Not activated
12921,89,B2,6,4,1,EC,FC,True,04,14,False,SDC
12922,89,B2,6,5,0,EC,CC,True,04,E4,False,SDC
12923,89,B2,6,5,1,EC,EC,False,04,04,False,Not activated
12924,89,B2,6,6,0,EC,AC,True,04,B9,False,SDC
12925,89,B2,6,6,1,EC,EC,False,04,04,False,Not activated
12926,89,B2,6,7,0,EC,6C,True,04,6F,False,SDC
12927,89,B2,6,7,1,EC,EC,False,04,04,False,Not activated
12928,89,B3,7,0,0,07,06,True,04,04,False,Masked
12929,89,B3,7,0,1,07,07,False,04,04,False,Not activated
12930,89,B3,7,1,0,07,05,True,04,04,False,Masked
12931,89,B3,7,1,1,07,07,False,04,04,False,Not activated
12932,89,B3,7,2,0,07,03,True,04,04,False,Masked
12933,89,B3,7,2,1,07,07,False,04,04,False,Not activated
12934,89,B3,7,3,0,07,07,False,04,04,False,Not activated
12935,89,B3,7,3,1,07,0F,True,04,04,False,Masked
12936,89,B3,7,4,0,07,07,False,04,04,False,Not activated
12937,89,B3,7,4,1,07,17,True,04,04,False,Masked
12938,89,B3,7,5,0,07,07,False,04,04,False,Not activated
12939,89,B3,7,5,1,07,27,True,04,04,False,Masked
12940,89,B3,7,6,0,07,07,False,04,04,False,Not activated
12941,89,B3,7,6,1,07,47,True,04,04,False,Masked
12942,89,B3,7,7,0,07,07,False,04,04,False,Not activated
12943,89,B3,7,7,1,07,87,True,04,0F,False,SDC
12944,89,C0,8,0,0,06,06,False,04,04,False,Not activated
12945,89,C0,8,0,1,06,07,True,04,05,False,SDC
12946,89,C0,8,1,0,06,04,True,04,02,False,SDC
12947,89,C0,8,1,1,06,06,False,04,04,False,Not activated
12948,89,C0,8,2,0,06,02,True,04,00,False,SDC
12949,89,C0,8,2,1,06,06,False,04,04,False,Not activated
12950,89,C0,8,3,0,06,06,False,04,04,False,Not activated
12951,89,C0,8,3,1,06,0E,True,04,0C,False,SDC
12952,89,C0,8,4,0,06,06,False,04,04,False,Not activated
12953,89,C0,8,4,1,06,16,True,04,14,False,SDC
12954,89,C0,8,5,0,06,06,False,04,04,False,Not activated
12955,89,C0,8,5,1,06,26,True,04,24,False,SDC
12956,89,C0,8,6,0,06,06,False,04,04,False,Not activated
12957,89,C0,8,6,1,06,46,True,04,45,False,SDC
12958,89,C0,8,7,0,06,06,False,04,04,False,Not activated
12959,89,C0,8,7,1,06,86,True,04,86,False,SDC
12960,90,A0,0,0,0,FA,FA,False,FD,FD,False,Not activated
12961,90,A0,0,0,1,FA,FB,True,FD,FD,False,Masked
12962,90,A0,0,1,0,FA,F8,True,FD,FD,False,Masked
12963,90,A0,0,1,1,FA,FA,False,FD,FD,False,Not activated
12964,90,A0,0,2,0,FA,FA,False,FD,FD,False,Not activated
12965,90,A0,0,2,1,FA,FE,True,FD,FD,False,Masked
12966,90,A0,0,3,0,FA,F2,True,FD,FC,False,SDC
12967,90,A0,0,3,1,FA,FA,False,FD,FD,False,Not activated
12968,90,A0,0,4,0,FA,EA,True,FD,FB,False,SDC
12969,90,A0,0,4,1,FA,FA,False,FD,FD,False,Not activated
12970,90,A0,0,5,0,FA,DA,True,FD,F9,False,SDC
12971,90,A0,0,5,1,FA,FA,False,FD,FD,False,Not activated
12972,90,A0,0,6,0,FA,BA,True,FD,F3,False,SDC
12973,90,A0,0,6,1,FA,FA,False,FD,FD,False,Not activated
12974,90,A0,0,7,0,FA,7A,True,FD,56,False,SDC
12975,90,A0,0,7,1,FA,FA,False,FD,FD,False,Not activated
12976,90,A1,1,0,0,E9,E8,True,FD,FE,False,SDC
12977,90,A1,1,0,1,E9,E9,False,FD,FD,False,Not activated
12978,90,A1,1,1,0,E9,E9,False,FD,FD,False,Not activated
12979,90,A1,1,1,1,E9,EB,True,FD,FC,False,SDC
12980,90,A1,1,2,0,E9,E9,False,FD,FD,False,Not activated
12981,90,A1,1,2,1,E9,ED,True,FD,FB,False,SDC
12982,90,A1,1,3,0,E9,E1,True,FD,01,False,SDC
12983,90,A1,1,3,1,E9,E9,False,FD,FD,False,Not activated
12984,90,A1,1,4,0,E9,E9,False,FD,FD,False,Not activated
12985,90,A1,1,4,1,E9,F9,True,FD,F5,False,SDC
12986,90,A1,1,5,0,E9,C9,True,FD,0E,False,SDC
12987,90,A1,1,5,1,E9,E9,False,FD,FD,False,Not activated
12988,90,A1,1,6,0,E9,A9,True,FD,2B,False,SDC
12989,90,A1,1,6,1,E9,E9,False,FD,FD,False,Not activated
12990,90,A1,1,7,0,E9,69,True,FD,A4,False,SDC
12991,90,A1,1,7,1,E9,E9,False,FD,FD,False,Not activated
12992,90,A2,2,0,0,D8,D8,False,FD,FD,False,Not activated
12993,90,A2,2,0,1,D8,D9,True,FD,FE,False,SDC
12994,90,A2,2,1,0,D8,D8,False,FD,FD,False,Not activated
12995,90,A2,2,1,1,D8,DA,True,FD,FE,False,SDC
12996,90,A2,2,2,0,D8,D8,False,FD,FD,False,Not activated
12997,90,A2,2,2,1,D8,DC,True,FD,FF,False,SDC
12998,90,A2,2,3,0,D8,D0,True,FD,F9,False,SDC
12999,90,A2,2,3,1,D8,D8,False,FD,FD,False,Not activated
13000,90,A2,2,4,0,D8,C8,True,FD,F4,False,SDC
13001,90,A2,2,4,1,D8,D8,False,FD,FD,False,Not activated
13002,90,A2,2,5,0,D8,D8,False,FD,FD,False,Not activated
13003,90,A2,2,5,1,D8,F8,True,FD,0F,False,SDC
13004,90,A2,2,6,0,D8,98,True,FD,B6,False,SDC
13005,90,A2,2,6,1,D8,D8,False,FD,FD,False,Not activated
13006,90,A2,2,7,0,D8,58,True,FD,48,False,SDC
13007,90,A2,2,7,1,D8,D8,False,FD,FD,False,Not activated
13008,90,A3,3,0,0,19,18,True,FD,FE,False,SDC
13009,90,A3,3,0,1,19,19,False,FD,FD,False,Not activated
13010,90,A3,3,1,0,19,19,False,FD,FD,False,Not activated
13011,90,A3,3,1,1,19,1B,True,FD,FC,False,SDC
13012,90,A3,3,2,0,19,19,False,FD,FD,False,Not activated
13013,90,A3,3,2,1,19,1D,True,FD,FA,False,SDC
13014,90,A3,3,3,0,19,11,True,FD,05,False,SDC
13015,90,A3,3,3,1,19,19,False,FD,FD,False,Not activated
13016,90,A3,3,4,0,19,09,True,FD,0C,False,SDC
13017,90,A3,3,4,1,19,19,False,FD,FD,False,Not activated
13018,90,A3,3,5,0,19,19,False,FD,FD,False,Not activated
13019,90,A3,3,5,1,19,39,True,FD,E0,False,SDC
13020,90,A3,3,6,0,19,19,False,FD,FD,False,Not activated
13021,90,A3,3,6,1,19,59,True,FD,B6,False,SDC
13022,90,A3,3,7,0,19,19,False,FD,FD,False,Not activated
13023,90,A3,3,7,1,19,99,True,FD,67,False,SDC
13024,90,B0,4,0,0,09,08,True,FD,FD,False,Masked
13025,90,B0,4,0,1,09,09,False,FD,FD,False,Not activated
13026,90,B0,4,1,0,09,09,False,FD,FD,False,Not activated
13027,90,B0,4,1,1,09,0B,True,FD,FD,False,Masked
13028,90,B0,4,2,0,09,09,False,FD,FD,False,Not activated
13029,90,B0,4,2,1,09,0D,True,FD,FD,False,Masked
13030,90,B0,4,3,0,09,01,True,FD,FD,False,Masked
13031,90,B0,4,3,1,09,09,False,FD,FD,False,Not activated
13032,90,B0,4,4,0,09,09,False,FD,FD,False,Not activated
13033,90,B0,4,4,1,09,19,True,FD,FC,False,SDC
13034,90,B0,4,5,0,09,09,False,FD,FD,False,Not activated
13035,90,B0,4,5,1,09,29,True,FD,FA,False,SDC
13036,90,B0,4,6,0,09,09,False,FD,FD,False,Not activated
13037,90,B0,4,6,1,09,49,True,FD,F6,False,SDC
13038,90,B0,4,7,0,09,09,False,FD,FD,False,Not activated
13039,90,B0,4,7,1,09,89,True,FD,2B,False,SDC
13040,90,B1,5,0,0,DE,DE,False,FD,FD,False,Not activated
13041,90,B1,5,0,1,DE,DF,True,FD,FD,False,Masked
13042,90,B1,5,1,0,DE,DC,True,FD,FE,False,SDC
13043,90,B1,5,1,1,DE,DE,False,FD,FD,False,Not activated
13044,90,B1,5,2,0,DE,DA,True,FD,FF,False,SDC
13045,90,B1,5,2,1,DE,DE,False,FD,FD,False,Not activated
13046,90,B1,5,3,0,DE,D6,True,FD,00,False,SDC
13047,90,B1,5,3,1,DE,DE,False,FD,FD,False,Not activated
13048,90,B1,5,4,0,DE,CE,True,FD,03,False,SDC
13049,90,B1,5,4,1,DE,DE,False,FD,FD,False,Not activated
13050,90,B1,5,5,0,DE,DE,False,FD,FD,False,Not activated
13051,90,B1,5,5,1,DE,FE,True,FD,F2,False,SDC
13052,90,B1,5,6,0,DE,9E,True,FD,25,False,SDC
13053,90,B1,5,6,1,DE,DE,False,FD,FD,False,Not activated
13054,90,B1,5,7,0,DE,5E,True,FD,C3,False,SDC
13055,90,B1,5,7,1,DE,DE,False,FD,FD,False,Not activated
13056,90,B2,6,0,0,23,22,True,FD,FE,False,SDC
13057,90,B2,6,0,1,23,23,False,FD,FD,False,Not activated
13058,90,B2,6,1,0,23,21,True,FD,FE,False,SDC
13059,90,B2,6,1,1,23,23,False,FD,FD,False,Not activated
13060,90,B2,6,2,0,23,23,False,FD,FD,False,Not activated
13061,90,B2,6,2,1,23,27,True,FD,FB,False,SDC
13062,90,B2,6,3,0,23,23,False,FD,FD,False,Not activated
13063,90,B2,6,3,1,23,2B,True,FD,F8,False,SDC
13064,90,B2,6,4,0,23,23,False,FD,FD,False,Not activated
13065,90,B2,6,4,1,23,33,True,FD,F3,False,SDC
13066,90,B2,6,5,0,23,03,True,FD,11,False,SDC
13067,90,B2,6,5,1,23,23,False,FD,FD,False,Not activated
13068,90,B2,6,6,0,23,23,False,FD,FD,False,Not activated
13069,90,B2,6,6,1,23,63,True,FD,BA,False,SDC
13070,90,B2,6,7,0,23,23,False,FD,FD,False,Not activated
13071,90,B2,6,7,1,23,A3,True,FD,50,False,SDC
13072,90,B3,7,0,0,C6,C6,False,FD,FD,False,Not activated
13073,90,B3,7,0,1,C6,C7,True,FD,FE,False,SDC
13074,90,B3,7,1,0,C6,C4,True,FD,FD,False,Masked
13075,90,B3,7,1,1,C6,C6,False,FD,FD,False,Not activated
13076,90,B3,7,2,0,C6,C2,True,FD,FC,False,SDC
13077,90,B3,7,2,1,C6,C6,False,FD,FD,False,Not activated
13078,90,B3,7,3,0,C6,C6,False,FD,FD,False,Not activated
13079,90,B3,7,3,1,C6,CE,True,FD,00,False,SDC
13080,90,B3,7,4,0,C6,C6,False,FD,FD,False,Not activated
13081,90,B3,7,4,1,C6,D6,True,FD,04,False,SDC
13082,90,B3,7,5,0,C6,C6,False,FD,FD,False,Not activated
13083,90,B3,7,5,1,C6,E6,True,FD,0A,False,SDC
13084,90,B3,7,6,0,C6,86,True,FD,8F,False,SDC
13085,90,B3,7,6,1,C6,C6,False,FD,FD,False,Not activated
13086,90,B3,7,7,0,C6,46,True,FD,32,False,SDC
13087,90,B3,7,7,1,C6,C6,False,FD,FD,False,Not activated
13088,90,C0,8,0,0,1F,1E,True,FD,FC,False,SDC
13089,90,C0,8,0,1,1F,1F,False,FD,FD,False,Not activated
13090,90,C0,8,1,0,1F,1D,True,FD,FB,False,SDC
13091,90,C0,8,1,1,1F,1F,False,FD,FD,False,Not activated
13092,90,C0,8,2,0,1F,1B,True,FD,F9,False,SDC
13093,90,C0,8,2,1,1F,1F,False,FD,FD,False,Not activated
13094,90,C0,8,3,0,1F,17,True,FD,F5,False,SDC
13095,90,C0,8,3,1,1F,1F,False,FD,FD,False,Not activated
13096,90,C0,8,4,0,1F,0F,True,FD,ED,False,SDC
13097,90,C0,8,4,1,1F,1F,False,FD,FD,False,Not activated
13098,90,C0,8,5,0,1F,1F,False,FD,FD,False,Not activated
13099,90,C0,8,5,1,1F,3F,True,FD,1D,False,SDC
13100,90,C0,8,6,0,1F,1F,False,FD,FD,False,Not activated
13101,90,C0,8,6,1,1F,5F,True,FD,4E,False,SDC
13102,90,C0,8,7,0,1F,1F,False,FD,FD,False,Not activated
13103,90,C0,8,7,1,1F,9F,True,FD,9B,False,SDC
13104,91,A0,0,0,0,1A,1A,False,26,26,False,Not activated
13105,91,A0,0,0,1,1A,1B,True,26,26,False,Masked
13106,91,A0,0,1,0,1A,18,True,26,24,False,SDC
13107,91,A0,0,1,1,1A,1A,False,26,26,False,Not activated
13108,91,A0,0,2,0,1A,1A,False,26,26,False,Not activated
13109,91,A0,0,2,1,1A,1E,True,26,28,False,SDC
13110,91,A0,0,3,0,1A,12,True,26,21,False,SDC
13111,91,A0,0,3,1,1A,1A,False,26,26,False,Not activated
13112,91,A0,0,4,0,1A,0A,True,26,1B,False,SDC
13113,91,A0,0,4,1,1A,1A,False,26,26,False,Not activated
13114,91,A0,0,5,0,1A,1A,False,26,26,False,Not activated
13115,91,A0,0,5,1,1A,3A,True,26,3A,False,SDC
13116,91,A0,0,6,0,1A,1A,False,26,26,False,Not activated
13117,91,A0,0,6,1,1A,5A,True,26,4F,False,SDC
13118,91,A0,0,7,0,1A,1A,False,26,26,False,Not activated
13119,91,A0,0,7,1,1A,9A,True,26,B3,False,SDC
13120,91,A1,1,0,0,28,28,False,26,26,False,Not activated
13121,91,A1,1,0,1,28,29,True,26,27,False,SDC
13122,91,A1,1,1,0,28,28,False,26,26,False,Not activated
13123,91,A1,1,1,1,28,2A,True,26,28,False,SDC
13124,91,A1,1,2,0,28,28,False,26,26,False,Not activated
13125,91,A1,1,2,1,28,2C,True,26,2A,False,SDC
13126,91,A1,1,3,0,28,20,True,26,1E,False,SDC
13127,91,A1,1,3,1,28,28,False,26,26,False,Not activated
13128,91,A1,1,4,0,28,28,False,26,26,False,Not activated
13129,91,A1,1,4,1,28,38,True,26,36,False,SDC
13130,91,A1,1,5,0,28,08,True,26,07,False,SDC
13131,91,A1,1,5,1,28,28,False,26,26,False,Not activated
13132,91,A1,1,6,0,28,28,False,26,26,False,Not activated
13133,91,A1,1,6,1,28,68,True,26,67,False,SDC
13134,91,A1,1,7,0,28,28,False,26,26,False,Not activated
13135,91,A1,1,7,1,28,A8,True,26,A9,False,SDC
13136,91,A2,2,0,0,F1,F0,True,26,26,False,Masked
13137,91,A2,2,0,1,F1,F1,False,26,26,False,Not activated
13138,91,A2,2,1,0,F1,F1,False,26,26,False,Not activated
13139,91,A2,2,1,1,F1,F3,True,26,26,False,Masked
13140,91,A2,2,2,0,F1,F1,False,26,26,False,Not activated
13141,91,A2,2,2,1,F1,F5,True,26,26,False,Masked
13142,91,A2,2,3,0,F1,F1,False,26,26,False,Not activated
13143,91,A2,2,3,1,F1,F9,True,26,26,False,Masked
13144,91,A2,2,4,0,F1,E1,True,26,26,False,Masked
13145,91,A2,2,4,1,F1,F1,False,26,26,False,Not activated
13146,91,A2,2,5,0,F1,D1,True,26,26,False,Masked
13147,91,A2,2,5,1,F1,F1,False,26,26,False,Not activated
13148,91,A2,2,6,0,F1,B1,True,26,26,False,Masked
13149,91,A2,2,6,1,F1,F1,False,26,26,False,Not activated
13150,91,A2,2,7,0,F1,71,True,26,21,False,SDC
13151,91,A2,2,7,1,F1,F1,False,26,26,False,Not activated
13152,91,A3,3,0,0,15,14,True,26,27,False,SDC
13153,91,A3,3,0,1,15,15,False,26,26,False,Not activated
13154,91,A3,3,1,0,15,15,False,26,26,False,Not activated
13155,91,A3,3,1,1,15,17,True,26,24,False,SDC
13156,91,A3,3,2,0,15,11,True,26,29,False,SDC
13157,91,A3,3,2,1,15,15,False,26,26,False,Not activated
13158,91,A3,3,3,0,15,15,False,26,26,False,Not activated
13159,91,A3,3,3,1,15,1D,True,26,1E,False,SDC
13160,91,A3,3,4,0,15,05,True,26,34,False,SDC
13161,91,A3,3,4,1,15,15,False,26,26,False,Not activated
13162,91,A3,3,5,0,15,15,False,26,26,False,Not activated
13163,91,A3,3,5,1,15,35,True,26,08,False,SDC
13164,91,A3,3,6,0,15,15,False,26,26,False,Not activated
13165,91,A3,3,6,1,15,55,True,26,D8,False,SDC
13166,91,A3,3,7,0,15,15,False,26,26,False,Not activated
13167,91,A3,3,7,1,15,95,True,26,70,False,SDC
13168,91,B0,4,0,0,29,28,True,26,25,False,SDC
13169,91,B0,4,0,1,29,29,False,26,26,False,Not activated
13170,91,B0,4,1,0,29,29,False,26,26,False,Not activated
13171,91,B0,4,1,1,29,2B,True,26,26,False,Masked
13172,91,B0,4,2,0,29,29,False,26,26,False,Not activated
13173,91,B0,4,2,1,29,2D,True,26,27,False,SDC
13174,91,B0,4,3,0,29,21,True,26,22,False,SDC
13175,91,B0,4,3,1,29,29,False,26,26,False,Not activated
13176,91,B0,4,4,0,29,29,False,26,26,False,Not activated
13177,91,B0,4,4,1,29,39,True,26,2C,False,SDC
13178,91,B0,4,5,0,29,09,True,26,19,False,SDC
13179,91,B0,4,5,1,29,29,False,26,26,False,Not activated
13180,91,B0,4,6,0,29,29,False,26,26,False,Not activated
13181,91,B0,4,6,1,29,69,True,26,53,False,SDC
13182,91,B0,4,7,0,29,29,False,26,26,False,Not activated
13183,91,B0,4,7,1,29,A9,True,26,E8,False,SDC
13184,91,B1,5,0,0,3E,3E,False,26,26,False,Not activated
13185,91,B1,5,0,1,3E,3F,True,26,26,False,Masked
13186,91,B1,5,1,0,3E,3C,True,26,25,False,SDC
13187,91,B1,5,1,1,3E,3E,False,26,26,False,Not activated
13188,91,B1,5,2,0,3E,3A,True,26,23,False,SDC
13189,91,B1,5,2,1,3E,3E,False,26,26,False,Not activated
13190,91,B1,5,3,0,3E,36,True,26,21,False,SDC
13191,91,B1,5,3,1,3E,3E,False,26,26,False,Not activated
13192,91,B1,5,4,0,3E,2E,True,26,1C,False,SDC
13193,91,B1,5,4,1,3E,3E,False,26,26,False,Not activated
13194,91,B1,5,5,0,3E,1E,True,26,12,False,SDC
13195,91,B1,5,5,1,3E,3E,False,26,26,False,Not activated
13196,91,B1,5,6,0,3E,3E,False,26,26,False,Not activated
13197,91,B1,5,6,1,3E,7E,True,26,7C,False,SDC
13198,91,B1,5,7,0,3E,3E,False,26,26,False,Not activated
13199,91,B1,5,7,1,3E,BE,True,26,D5,False,SDC
13200,91,B2,6,0,0,FF,FE,True,26,26,False,Masked
13201,91,B2,6,0,1,FF,FF,False,26,26,False,Not activated
13202,91,B2,6,1,0,FF,FD,True,26,26,False,Masked
13203,91,B2,6,1,1,FF,FF,False,26,26,False,Not activated
13204,91,B2,6,2,0,FF,FB,True,26,26,False,Masked
13205,91,B2,6,2,1,FF,FF,False,26,26,False,Not activated
13206,91,B2,6,3,0,FF,F7,True,26,27,False,SDC
13207,91,B2,6,3,1,FF,FF,False,26,26,False,Not activated
13208,91,B2,6,4,0,FF,EF,True,26,29,False,SDC
13209,91,B2,6,4,1,FF,FF,False,26,26,False,Not activated
13210,91,B2,6,5,0,FF,DF,True,26,2D,False,SDC
13211,91,B2,6,5,1,FF,FF,False,26,26,False,Not activated
13212,91,B2,6,6,0,FF,BF,True,26,34,False,SDC
13213,91,B2,6,6,1,FF,FF,False,26,26,False,Not activated
13214,91,B2,6,7,0,FF,7F,True,26,84,False,SDC
13215,91,B2,6,7,1,FF,FF,False,26,26,False,Not activated
13216,91,B3,7,0,0,C5,C4,True,26,25,False,SDC
13217,91,B3,7,0,1,C5,C5,False,26,26,False,Not activated
13218,91,B3,7,1,0,C5,C5,False,26,26,False,Not activated
13219,91,B3,7,1,1,C5,C7,True,26,26,False,Masked
13220,91,B3,7,2,0,C5,C1,True,26,24,False,SDC
13221,91,B3,7,2,1,C5,C5,False,26,26,False,Not activated
13222,91,B3,7,3,0,C5,C5,False,26,26,False,Not activated
13223,91,B3,7,3,1,C5,CD,True,26,28,False,SDC
13224,91,B3,7,4,0,C5,C5,False,26,26,False,Not activated
13225,91,B3,7,4,1,C5,D5,True,26,2B,False,SDC
13226,91,B3,7,5,0,C5,C5,False,26,26,False,Not activated
13227,91,B3,7,5,1,C5,E5,True,26,30,False,SDC
13228,91,B3,7,6,0,C5,85,True,26,93,False,SDC
13229,91,B3,7,6,1,C5,C5,False,26,26,False,Not activated
13230,91,B3,7,7,0,C5,45,True,26,48,False,SDC
13231,91,B3,7,7,1,C5,C5,False,26,26,False,Not activated
13232,91,C0,8,0,0,00,00,False,26,26,False,Not activated
13233,91,C0,8,0,1,00,01,True,26,27,False,SDC
13234,91,C0,8,1,0,00,00,False,26,26,False,Not activated
13235,91,C0,8,1,1,00,02,True,26,28,False,SDC
13236,91,C0,8,2,0,00,00,False,26,26,False,Not activated
13237,91,C0,8,2,1,00,04,True,26,2A,False,SDC
13238,91,C0,8,3,0,00,00,False,26,26,False,Not activated
13239,91,C0,8,3,1,00,08,True,26,2E,False,SDC
13240,91,C0,8,4,0,00,00,False,26,26,False,Not activated
13241,91,C0,8,4,1,00,10,True,26,36,False,SDC
13242,91,C0,8,5,0,00,00,False,26,26,False,Not activated
13243,91,C0,8,5,1,00,20,True,26,43,False,SDC
13244,91,C0,8,6,0,00,00,False,26,26,False,Not activated
13245,91,C0,8,6,1,00,40,True,26,53,False,SDC
13246,91,C0,8,7,0,00,00,False,26,26,False,Not activated
13247,91,C0,8,7,1,00,80,True,26,80,True,SDC
13248,92,A0,0,0,0,0C,0C,False,28,28,False,Not activated
13249,92,A0,0,0,1,0C,0D,True,28,28,False,Masked
13250,92,A0,0,1,0,0C,0C,False,28,28,False,Not activated
13251,92,A0,0,1,1,0C,0E,True,28,28,False,Masked
13252,92,A0,0,2,0,0C,08,True,28,28,False,Masked
13253,92,A0,0,2,1,0C,0C,False,28,28,False,Not activated
13254,92,A0,0,3,0,0C,04,True,28,28,False,Masked
13255,92,A0,0,3,1,0C,0C,False,28,28,False,Not activated
13256,92,A0,0,4,0,0C,0C,False,28,28,False,Not activated
13257,92,A0,0,4,1,0C,1C,True,28,28,False,Masked
13258,92,A0,0,5,0,0C,0C,False,28,28,False,Not activated
13259,92,A0,0,5,1,0C,2C,True,28,29,False,SDC
13260,92,A0,0,6,0,0C,0C,False,28,28,False,Not activated
13261,92,A0,0,6,1,0C,4C,True,28,2B,False,SDC
13262,92,A0,0,7,0,0C,0C,False,28,28,False,Not activated
13263,92,A0,0,7,1,0C,8C,True,28,15,False,SDC
13264,92,A1,1,0,0,2F,2E,True,28,28,False,Masked
13265,92,A1,1,0,1,2F,2F,False,28,28,False,Not activated
13266,92,A1,1,1,0,2F,2D,True,28,28,False,Masked
13267,92,A1,1,1,1,2F,2F,False,28,28,False,Not activated
13268,92,A1,1,2,0,2F,2B,True,28,28,False,Masked
13269,92,A1,1,2,1,2F,2F,False,28,28,False,Not activated
13270,92,A1,1,3,0,2F,27,True,28,28,False,Masked
13271,92,A1,1,3,1,2F,2F,False,28,28,False,Not activated
13272,92,A1,1,4,0,2F,2F,False,28,28,False,Not activated
13273,92,A1,1,4,1,2F,3F,True,28,26,False,SDC
13274,92,A1,1,5,0,2F,0F,True,28,2B,False,SDC
13275,92,A1,1,5,1,2F,2F,False,28,28,False,Not activated
13276,92,A1,1,6,0,2F,2F,False,28,28,False,Not activated
13277,92,A1,1,6,1,2F,6F,True,28,15,False,SDC
13278,92,A1,1,7,0,2F,2F,False,28,28,False,Not activated
13279,92,A1,1,7,1,2F,AF,True,28,35,False,SDC
13280,92,A2,2,0,0,30,30,False,28,28,False,Not activated
13281,92,A2,2,0,1,30,31,True,28,28,False,Masked
13282,92,A2,2,1,0,30,30,False,28,28,False,Not activated
13283,92,A2,2,1,1,30,32,True,28,29,False,SDC
13284,92,A2,2,2,0,30,30,False,28,28,False,Not activated
13285,92,A2,2,2,1,30,34,True,28,2A,False,SDC
13286,92,A2,2,3,0,30,30,False,28,28,False,Not activated
13287,92,A2,2,3,1,30,38,True,28,2B,False,SDC
13288,92,A2,2,4,0,30,20,True,28,21,False,SDC
13289,92,A2,2,4,1,30,30,False,28,28,False,Not activated
13290,92,A2,2,5,0,30,10,True,28,1A,False,SDC
13291,92,A2,2,5,1,30,30,False,28,28,False,Not activated
13292,92,A2,2,6,0,30,30,False,28,28,False,Not activated
13293,92,A2,2,6,1,30,70,True,28,60,False,SDC
13294,92,A2,2,7,0,30,30,False,28,28,False,Not activated
13295,92,A2,2,7,1,30,B0,True,28,E9,False,SDC
13296,92,A3,3,0,0,F8,F8,False,28,28,False,Not activated
13297,92,A3,3,0,1,F8,F9,True,28,27,False,SDC
13298,92,A3,3,1,0,F8,F8,False,28,28,False,Not activated
13299,92,A3,3,1,1,F8,FA,True,28,27,False,SDC
13300,92,A3,3,2,0,F8,F8,False,28,28,False,Not activated
13301,92,A3,3,2,1,F8,FC,True,28,27,False,SDC
13302,92,A3,3,3,0,F8,F0,True,28,29,False,SDC
13303,92,A3,3,3,1,F8,F8,False,28,28,False,Not activated
13304,92,A3,3,4,0,F8,E8,True,28,2A,False,SDC
13305,92,A3,3,4,1,F8,F8,False,28,28,False,Not activated
13306,92,A3,3,5,0,F8,D8,True,28,2E,False,SDC
13307,92,A3,3,5,1,F8,F8,False,28,28,False,Not activated
13308,92,A3,3,6,0,F8,B8,True,28,35,False,SDC
13309,92,A3,3,6,1,F8,F8,False,28,28,False,Not activated
13310,92,A3,3,7,0,F8,78,True,28,C4,False,SDC
13311,92,A3,3,7,1,F8,F8,False,28,28,False,Not activated
13312,92,B0,4,0,0,03,02,True,28,28,False,Masked
13313,92,B0,4,0,1,03,03,False,28,28,False,Not activated
13314,92,B0,4,1,0,03,01,True,28,28,False,Masked
13315,92,B0,4,1,1,03,03,False,28,28,False,Not activated
13316,92,B0,4,2,0,03,03,False,28,28,False,Not activated
13317,92,B0,4,2,1,03,07,True,28,28,False,Masked
13318,92,B0,4,3,0,03,03,False,28,28,False,Not activated
13319,92,B0,4,3,1,03,0B,True,28,29,False,SDC
13320,92,B0,4,4,0,03,03,False,28,28,False,Not activated
13321,92,B0,4,4,1,03,13,True,28,2B,False,SDC
13322,92,B0,4,5,0,03,03,False,28,28,False,Not activated
13323,92,B0,4,5,1,03,23,True,28,2E,False,SDC
13324,92,B0,4,6,0,03,03,False,28,28,False,Not activated
13325,92,B0,4,6,1,03,43,True,28,34,False,SDC
13326,92,B0,4,7,0,03,03,False,28,28,False,Not activated
13327,92,B0,4,7,1,03,83,True,28,92,False,SDC
13328,92,B1,5,0,0,FA,FA,False,28,28,False,Not activated
13329,92,B1,5,0,1,FA,FB,True,28,28,False,Masked
13330,92,B1,5,1,0,FA,F8,True,28,26,False,SDC
13331,92,B1,5,1,1,FA,FA,False,28,28,False,Not activated
13332,92,B1,5,2,0,FA,FA,False,28,28,False,Not activated
13333,92,B1,5,2,1,FA,FE,True,28,2B,False,SDC
13334,92,B1,5,3,0,FA,F2,True,28,22,False,SDC
13335,92,B1,5,3,1,FA,FA,False,28,28,False,Not activated
13336,92,B1,5,4,0,FA,EA,True,28,1C,False,SDC
13337,92,B1,5,4,1,FA,FA,False,28,28,False,Not activated
13338,92,B1,5,5,0,FA,DA,True,28,10,False,SDC
13339,92,B1,5,5,1,FA,FA,False,28,28,False,Not activated
13340,92,B1,5,6,0,FA,BA,True,28,F4,False,SDC
13341,92,B1,5,6,1,FA,FA,False,28,28,False,Not activated
13342,92,B1,5,7,0,FA,7A,True,28,78,False,SDC
13343,92,B1,5,7,1,FA,FA,False,28,28,False,Not activated
13344,92,B2,6,0,0,1C,1C,False,28,28,False,Not activated
13345,92,B2,6,0,1,1C,1D,True,28,29,False,SDC
13346,92,B2,6,1,0,1C,1C,False,28,28,False,Not activated
13347,92,B2,6,1,1,1C,1E,True,28,29,False,SDC
13348,92,B2,6,2,0,1C,18,True,28,25,False,SDC
13349,92,B2,6,2,1,1C,1C,False,28,28,False,Not activated
13350,92,B2,6,3,0,1C,14,True,28,22,False,SDC
13351,92,B2,6,3,1,1C,1C,False,28,28,False,Not activated
13352,92,B2,6,4,0,1C,0C,True,28,1C,False,SDC
13353,92,B2,6,4,1,1C,1C,False,28,28,False,Not activated
13354,92,B2,6,5,0,1C,1C,False,28,28,False,Not activated
13355,92,B2,6,5,1,1C,3C,True,28,40,False,SDC
13356,92,B2,6,6,0,1C,1C,False,28,28,False,Not activated
13357,92,B2,6,6,1,1C,5C,True,28,56,False,SDC
13358,92,B2,6,7,0,1C,1C,False,28,28,False,Not activated
13359,92,B2,6,7,1,1C,9C,True,28,AE,False,SDC
13360,92,B3,7,0,0,F4,F4,False,28,28,False,Not activated
13361,92,B3,7,0,1,F4,F5,True,28,27,False,SDC
13362,92,B3,7,1,0,F4,F4,False,28,28,False,Not activated
13363,92,B3,7,1,1,F4,F6,True,28,27,False,SDC
13364,92,B3,7,2,0,F4,F0,True,28,28,False,Masked
13365,92,B3,7,2,1,F4,F4,False,28,28,False,Not activated
13366,92,B3,7,3,0,F4,F4,False,28,28,False,Not activated
13367,92,B3,7,3,1,F4,FC,True,28,27,False,SDC
13368,92,B3,7,4,0,F4,E4,True,28,2A,False,SDC
13369,92,B3,7,4,1,F4,F4,False,28,28,False,Not activated
13370,92,B3,7,5,0,F4,D4,True,28,2C,False,SDC
13371,92,B3,7,5,1,F4,F4,False,28,28,False,Not activated
13372,92,B3,7,6,0,F4,B4,True,28,31,False,SDC
13373,92,B3,7,6,1,F4,F4,False,28,28,False,Not activated
13374,92,B3,7,7,0,F4,74,True,28,F6,False,SDC
13375,92,B3,7,7,1,F4,F4,False,28,28,False,Not activated
13376,92,C0,8,0,0,14,14,False,28,28,False,Not activated
13377,92,C0,8,0,1,14,15,True,28,29,False,SDC
13378,92,C0,8,1,0,14,14,False,28,28,False,Not activated
13379,92,C0,8,1,1,14,16,True,28,2A,False,SDC
13380,92,C0,8,2,0,14,10,True,28,24,False,SDC
13381,92,C0,8,2,1,14,14,False,28,28,False,Not activated
13382,92,C0,8,3,0,14,14,False,28,28,False,Not activated
13383,92,C0,8,3,1,14,1C,True,28,30,False,SDC
13384,92,C0,8,4,0,14,04,True,28,18,False,SDC
13385,92,C0,8,4,1,14,14,False,28,28,False,Not activated
13386,92,C0,8,5,0,14,14,False,28,28,False,Not activated
13387,92,C0,8,5,1,14,34,True,28,44,False,SDC
13388,92,C0,8,6,0,14,14,False,28,28,False,Not activated
13389,92,C0,8,6,1,14,54,True,28,5E,False,SDC
13390,92,C0,8,7,0,14,14,False,28,28,False,Not activated
13391,92,C0,8,7,1,14,94,True,28,96,False,SDC
13392,93,A0,0,0,0,D4,D4,False,37,37,False,Not activated
13393,93,A0,0,0,1,D4,D5,True,37,37,False,Masked
13394,93,A0,0,1,0,D4,D4,False,37,37,False,Not activated
13395,93,A0,0,1,1,D4,D6,True,37,38,False,SDC
13396,93,A0,0,2,0,D4,D0,True,37,35,False,SDC
13397,93,A0,0,2,1,D4,D4,False,37,37,False,Not activated
13398,93,A0,0,3,0,D4,D4,False,37,37,False,Not activated
13399,93,A0,0,3,1,D4,DC,True,37,3A,False,SDC
13400,93,A0,0,4,0,D4,C4,True,37,31,False,SDC
13401,93,A0,0,4,1,D4,D4,False,37,37,False,Not activated
13402,93,A0,0,5,0,D4,D4,False,37,37,False,Not activated
13403,93,A0,0,5,1,D4,F4,True,37,42,False,SDC
13404,93,A0,0,6,0,D4,94,True,37,F1,False,SDC
13405,93,A0,0,6,1,D4,D4,False,37,37,False,Not activated
13406,93,A0,0,7,0,D4,54,True,37,59,False,SDC
13407,93,A0,0,7,1,D4,D4,False,37,37,False,Not activated
13408,93,A1,1,0,0,FC,FC,False,37,37,False,Not activated
13409,93,A1,1,0,1,FC,FD,True,37,37,False,Masked
13410,93,A1,1,1,0,FC,FC,False,37,37,False,Not activated
13411,93,A1,1,1,1,FC,FE,True,37,37,False,Masked
13412,93,A1,1,2,0,FC,F8,True,37,36,False,SDC
13413,93,A1,1,2,1,FC,FC,False,37,37,False,Not activated
13414,93,A1,1,3,0,FC,F4,True,37,34,False,SDC
13415,93,A1,1,3,1,FC,FC,False,37,37,False,Not activated
13416,93,A1,1,4,0,FC,EC,True,37,32,False,SDC
13417,93,A1,1,4,1,FC,FC,False,37,37,False,Not activated
13418,93,A1,1,5,0,FC,DC,True,37,2D,False,SDC
13419,93,A1,1,5,1,FC,FC,False,37,37,False,Not activated
13420,93,A1,1,6,0,FC,BC,True,37,23,False,SDC
13421,93,A1,1,6,1,FC,FC,False,37,37,False,Not activated
13422,93,A1,1,7,0,FC,7C,True,37,73,False,SDC
13423,93,A1,1,7,1,FC,FC,False,37,37,False,Not activated
13424,93,A2,2,0,0,3C,3C,False,37,37,False,Not activated
13425,93,A2,2,0,1,3C,3D,True,37,38,False,SDC
13426,93,A2,2,1,0,3C,3C,False,37,37,False,Not activated
13427,93,A2,2,1,1,3C,3E,True,37,39,False,SDC
13428,93,A2,2,2,0,3C,38,True,37,34,False,SDC
13429,93,A2,2,2,1,3C,3C,False,37,37,False,Not activated
13430,93,A2,2,3,0,3C,34,True,37,32,False,SDC
13431,93,A2,2,3,1,3C,3C,False,37,37,False,Not activated
13432,93,A2,2,4,0,3C,2C,True,37,2C,False,SDC
13433,93,A2,2,4,1,3C,3C,False,37,37,False,Not activated
13434,93,A2,2,5,0,3C,1C,True,37,21,False,SDC
13435,93,A2,2,5,1,3C,3C,False,37,37,False,Not activated
13436,93,A2,2,6,0,3C,3C,False,37,37,False,Not activated
13437,93,A2,2,6,1,3C,7C,True,37,7A,False,SDC
13438,93,A2,2,7,0,3C,3C,False,37,37,False,Not activated
13439,93,A2,2,7,1,3C,BC,True,37,DA,False,SDC
13440,93,A3,3,0,0,EB,EA,True,37,37,False,Masked
13441,93,A3,3,0,1,EB,EB,False,37,37,False,Not activated
13442,93,A3,3,1,0,EB,E9,True,37,36,False,SDC
13443,93,A3,3,1,1,EB,EB,False,37,37,False,Not activated
13444,93,A3,3,2,0,EB,EB,False,37,37,False,Not activated
13445,93,A3,3,2,1,EB,EF,True,37,3A,False,SDC
13446,93,A3,3,3,0,EB,E3,True,37,32,False,SDC
13447,93,A3,3,3,1,EB,EB,False,37,37,False,Not activated
13448,93,A3,3,4,0,EB,EB,False,37,37,False,Not activated
13449,93,A3,3,4,1,EB,FB,True,37,41,False,SDC
13450,93,A3,3,5,0,EB,CB,True,37,21,False,SDC
13451,93,A3,3,5,1,EB,EB,False,37,37,False,Not activated
13452,93,A3,3,6,0,EB,AB,True,37,FC,False,SDC
13453,93,A3,3,6,1,EB,EB,False,37,37,False,Not activated
13454,93,A3,3,7,0,EB,6B,True,37,6C,False,SDC
13455,93,A3,3,7,1,EB,EB,False,37,37,False,Not activated
13456,93,B0,4,0,0,19,18,True,37,38,False,SDC
13457,93,B0,4,0,1,19,19,False,37,37,False,Not activated
13458,93,B0,4,1,0,19,19,False,37,37,False,Not activated
13459,93,B0,4,1,1,19,1B,True,37,35,False,SDC
13460,93,B0,4,2,0,19,19,False,37,37,False,Not activated
13461,93,B0,4,2,1,19,1D,True,37,34,False,SDC
13462,93,B0,4,3,0,19,11,True,37,3C,False,SDC
13463,93,B0,4,3,1,19,19,False,37,37,False,Not activated
13464,93,B0,4,4,0,19,09,True,37,41,False,SDC
13465,93,B0,4,4,1,19,19,False,37,37,False,Not activated
13466,93,B0,4,5,0,19,19,False,37,37,False,Not activated
13467,93,B0,4,5,1,19,39,True,37,21,False,SDC
13468,93,B0,4,6,0,19,19,False,37,37,False,Not activated
13469,93,B0,4,6,1,19,59,True,37,F9,False,SDC
13470,93,B0,4,7,0,19,19,False,37,37,False,Not activated
13471,93,B0,4,7,1,19,99,True,37,69,False,SDC
13472,93,B1,5,0,0,13,12,True,37,37,False,Masked
13473,93,B1,5,0,1,13,13,False,37,37,False,Not activated
13474,93,B1,5,1,0,13,11,True,37,37,False,Masked
13475,93,B1,5,1,1,13,13,False,37,37,False,Not activated
13476,93,B1,5,2,0,13,13,False,37,37,False,Not activated
13477,93,B1,5,2,1,13,17,True,37,37,False,Masked
13478,93,B1,5,3,0,13,13,False,37,37,False,Not activated
13479,93,B1,5,3,1,13,1B,True,37,36,False,SDC
13480,93,B1,5,4,0,13,03,True,37,37,False,Masked
13481,93,B1,5,4,1,13,13,False,37,37,False,Not activated
13482,93,B1,5,5,0,13,13,False,37,37,False,Not activated
13483,93,B1,5,5,1,13,33,True,37,35,False,SDC
13484,93,B1,5,6,0,13,13,False,37,37,False,Not activated
13485,93,B1,5,6,1,13,53,True,37,32,False,SDC
13486,93,B1,5,7,0,13,13,False,37,37,False,Not activated
13487,93,B1,5,7,1,13,93,True,37,43,False,SDC
13488,93,B2,6,0,0,2D,2C,True,37,36,False,SDC
13489,93,B2,6,0,1,2D,2D,False,37,37,False,Not activated
13490,93,B2,6,1,0,2D,2D,False,37,37,False,Not activated
13491,93,B2,6,1,1,2D,2F,True,37,39,False,SDC
13492,93,B2,6,2,0,2D,29,True,37,33,False,SDC
13493,93,B2,6,2,1,2D,2D,False,37,37,False,Not activated
13494,93,B2,6,3,0,2D,25,True,37,30,False,SDC
13495,93,B2,6,3,1,2D,2D,False,37,37,False,Not activated
13496,93,B2,6,4,0,2D,2D,False,37,37,False,Not activated
13497,93,B2,6,4,1,2D,3D,True,37,43,False,SDC
13498,93,B2,6,5,0,2D,0D,True,37,19,False,SDC
13499,93,B2,6,5,1,2D,2D,False,37,37,False,Not activated
13500,93,B2,6,6,0,2D,2D,False,37,37,False,Not activated
13501,93,B2,6,6,1,2D,6D,True,37,6D,False,SDC
13502,93,B2,6,7,0,2D,2D,False,37,37,False,Not activated
13503,93,B2,6,7,1,2D,AD,True,37,B7,False,SDC
13504,93,B3,7,0,0,2D,2C,True,37,38,False,SDC
13505,93,B3,7,0,1,2D,2D,False,37,37,False,Not activated
13506,93,B3,7,1,0,2D,2D,False,37,37,False,Not activated
13507,93,B3,7,1,1,2D,2F,True,37,37,False,Masked
13508,93,B3,7,2,0,2D,29,True,37,39,False,SDC
13509,93,B3,7,2,1,2D,2D,False,37,37,False,Not activated
13510,93,B3,7,3,0,2D,25,True,37,3A,False,SDC
13511,93,B3,7,3,1,2D,2D,False,37,37,False,Not activated
13512,93,B3,7,4,0,2D,2D,False,37,37,False,Not activated
13513,93,B3,7,4,1,2D,3D,True,37,32,False,SDC
13514,93,B3,7,5,0,2D,0D,True,37,41,False,SDC
13515,93,B3,7,5,1,2D,2D,False,37,37,False,Not activated
13516,93,B3,7,6,0,2D,2D,False,37,37,False,Not activated
13517,93,B3,7,6,1,2D,6D,True,37,FA,False,SDC
13518,93,B3,7,7,0,2D,2D,False,37,37,False,Not activated
13519,93,B3,7,7,1,2D,AD,True,37,54,False,SDC
13520,93,C0,8,0,0,2E,2E,False,37,37,False,Not activated
13521,93,C0,8,0,1,2E,2F,True,37,38,False,SDC
13522,93,C0,8,1,0,2E,2C,True,37,35,False,SDC
13523,93,C0,8,1,1,2E,2E,False,37,37,False,Not activated
13524,93,C0,8,2,0,2E,2A,True,37,33,False,SDC
13525,93,C0,8,2,1,2E,2E,False,37,37,False,Not activated
13526,93,C0,8,3,0,2E,26,True,37,2F,False,SDC
13527,93,C0,8,3,1,2E,2E,False,37,37,False,Not activated
13528,93,C0,8,4,0,2E,2E,False,37,37,False,Not activated
13529,93,C0,8,4,1,2E,3E,True,37,44,False,SDC
13530,93,C0,8,5,0,2E,0E,True,37,17,False,SDC
13531,93,C0,8,5,1,2E,2E,False,37,37,False,Not activated
13532,93,C0,8,6,0,2E,2E,False,37,37,False,Not activated
13533,93,C0,8,6,1,2E,6E,True,37,6F,False,SDC
13534,93,C0,8,7,0,2E,2E,False,37,37,False,Not activated
13535,93,C0,8,7,1,2E,AE,True,37,B2,False,SDC
13536,94,A0,0,0,0,F1,F0,True,31,30,False,SDC
13537,94,A0,0,0,1,F1,F1,False,31,31,False,Not activated
13538,94,A0,0,1,0,F1,F1,False,31,31,False,Not activated
13539,94,A0,0,1,1,F1,F3,True,31,32,False,SDC
13540,94,A0,0,2,0,F1,F1,False,31,31,False,Not activated
13541,94,A0,0,2,1,F1,F5,True,31,34,False,SDC
13542,94,A0,0,3,0,F1,F1,False,31,31,False,Not activated
13543,94,A0,0,3,1,F1,F9,True,31,37,False,SDC
13544,94,A0,0,4,0,F1,E1,True,31,25,False,SDC
13545,94,A0,0,4,1,F1,F1,False,31,31,False,Not activated
13546,94,A0,0,5,0,F1,D1,True,31,19,False,SDC
13547,94,A0,0,5,1,F1,F1,False,31,31,False,Not activated
13548,94,A0,0,6,0,F1,B1,True,31,F6,False,SDC
13549,94,A0,0,6,1,F1,F1,False,31,31,False,Not activated
13550,94,A0,0,7,0,F1,71,True,31,71,False,SDC
13551,94,A0,0,7,1,F1,F1,False,31,31,False,Not activated
13552,94,A1,1,0,0,E9,E8,True,31,32,False,SDC
13553,94,A1,1,0,1,E9,E9,False,31,31,False,Not activated
13554,94,A1,1,1,0,E9,E9,False,31,31,False,Not activated
13555,94,A1,1,1,1,E9,EB,True,31,2F,False,SDC
13556,94,A1,1,2,0,E9,E9,False,31,31,False,Not activated
13557,94,A1,1,2,1,E9,ED,True,31,2E,False,SDC
13558,94,A1,1,3,0,E9,E1,True,31,39,False,SDC
13559,94,A1,1,3,1,E9,E9,False,31,31,False,Not activated
13560,94,A1,1,4,0,E9,E9,False,31,31,False,Not activated
13561,94,A1,1,4,1,E9,F9,True,31,22,False,SDC
13562,94,A1,1,5,0,E9,C9,True,31,48,False,SDC
13563,94,A1,1,5,1,E9,E9,False,31,31,False,Not activated
13564,94,A1,1,6,0,E9,A9,True,31,60,False,SDC
13565,94,A1,1,6,1,E9,E9,False,31,31,False,Not activated
13566,94,A1,1,7,0,E9,69,True,31,9D,False,SDC
13567,94,A1,1,7,1,E9,E9,False,31,31,False,Not activated
13568,94,A2,2,0,0,1C,1C,False,31,31,False,Not activated
13569,94,A2,2,0,1,1C,1D,True,31,30,False,SDC
13570,94,A2,2,1,0,1C,1C,False,31,31,False,Not activated
13571,94,A2,2,1,1,1C,1E,True,31,2F,False,SDC
13572,94,A2,2,2,0,1C,18,True,31,34,False,SDC
13573,94,A2,2,2,1,1C,1C,False,31,31,False,Not activated
13574,94,A2,2,3,0,1C,14,True,31,38,False,SDC
13575,94,A2,2,3,1,1C,1C,False,31,31,False,Not activated
13576,94,A2,2,4,0,1C,0C,True,31,3F,False,SDC
13577,94,A2,2,4,1,1C,1C,False,31,31,False,Not activated
13578,94,A2,2,5,0,1C,1C,False,31,31,False,Not activated
13579,94,A2,2,5,1,1C,3C,True,31,15,False,SDC
13580,94,A2,2,6,0,1C,1C,False,31,31,False,Not activated
13581,94,A2,2,6,1,1C,5C,True,31,E0,False,SDC
13582,94,A2,2,7,0,1C,1C,False,31,31,False,Not activated
13583,94,A2,2,7,1,1C,9C,True,31,6A,False,SDC
13584,94,A3,3,0,0,21,20,True,31,30,False,SDC
13585,94,A3,3,0,1,21,21,False,31,31,False,Not activated
13586,94,A3,3,1,0,21,21,False,31,31,False,Not activated
13587,94,A3,3,1,1,21,23,True,31,31,False,Masked
13588,94,A3,3,2,0,21,21,False,31,31,False,Not activated
13589,94,A3,3,2,1,21,25,True,31,32,False,SDC
13590,94,A3,3,3,0,21,21,False,31,31,False,Not activated
13591,94,A3,3,3,1,21,29,True,31,33,False,SDC
13592,94,A3,3,4,0,21,21,False,31,31,False,Not activated
13593,94,A3,3,4,1,21,31,True,31,35,False,SDC
13594,94,A3,3,5,0,21,01,True,31,29,False,SDC
13595,94,A3,3,5,1,21,21,False,31,31,False,Not activated
13596,94,A3,3,6,0,21,21,False,31,31,False,Not activated
13597,94,A3,3,6,1,21,61,True,31,46,False,SDC
13598,94,A3,3,7,0,21,21,False,31,31,False,Not activated
13599,94,A3,3,7,1,21,A1,True,31,07,False,SDC
13600,94,B0,4,0,0,30,30,False,31,31,False,Not activated
13601,94,B0,4,0,1,30,31,True,31,31,False,Masked
13602,94,B0,4,1,0,30,30,False,31,31,False,Not activated
13603,94,B0,4,1,1,30,32,True,31,30,False,SDC
13604,94,B0,4,2,0,30,30,False,31,31,False,Not activated
13605,94,B0,4,2,1,30,34,True,31,30,False,SDC
13606,94,B0,4,3,0,30,30,False,31,31,False,Not activated
13607,94,B0,4,3,1,30,38,True,31,2F,False,SDC
13608,94,B0,4,4,0,30,20,True,31,34,False,SDC
13609,94,B0,4,4,1,30,30,False,31,31,False,Not activated
13610,94,B0,4,5,0,30,10,True,31,38,False,SDC
13611,94,B0,4,5,1,30,30,False,31,31,False,Not activated
13612,94,B0,4,6,0,30,30,False,31,31,False,Not activated
13613,94,B0,4,6,1,30,70,True,31,00,False,SDC
13614,94,B0,4,7,0,30,30,False,31,31,False,Not activated
13615,94,B0,4,7,1,30,B0,True,31,49,False,SDC
13616,94,B1,5,0,0,C5,C4,True,31,32,False,SDC
13617,94,B1,5,0,1,C5,C5,False,31,31,False,Not activated
13618,94,B1,5,1,0,C5,C5,False,31,31,False,Not activated
13619,94,B1,5,1,1,C5,C7,True,31,30,False,SDC
13620,94,B1,5,2,0,C5,C1,True,31,33,False,SDC
13621,94,B1,5,2,1,C5,C5,False,31,31,False,Not activated
13622,94,B1,5,3,0,C5,C5,False,31,31,False,Not activated
13623,94,B1,5,3,1,C5,CD,True,31,2E,False,SDC
13624,94,B1,5,4,0,C5,C5,False,31,31,False,Not activated
13625,94,B1,5,4,1,C5,D5,True,31,2B,False,SDC
13626,94,B1,5,5,0,C5,C5,False,31,31,False,Not activated
13627,94,B1,5,5,1,C5,E5,True,31,26,False,SDC
13628,94,B1,5,6,0,C5,85,True,31,74,False,SDC
13629,94,B1,5,6,1,C5,C5,False,31,31,False,Not activated
13630,94,B1,5,7,0,C5,45,True,31,01,False,SDC
13631,94,B1,5,7,1,C5,C5,False,31,31,False,Not activated
13632,94,B2,6,0,0,C9,C8,True,31,31,False,Masked
13633,94,B2,6,0,1,C9,C9,False,31,31,False,Not activated
13634,94,B2,6,1,0,C9,C9,False,31,31,False,Not activated
13635,94,B2,6,1,1,C9,CB,True,31,32,False,SDC
13636,94,B2,6,2,0,C9,C9,False,31,31,False,Not activated
13637,94,B2,6,2,1,C9,CD,True,31,33,False,SDC
13638,94,B2,6,3,0,C9,C1,True,31,2D,False,SDC
13639,94,B2,6,3,1,C9,C9,False,31,31,False,Not activated
13640,94,B2,6,4,0,C9,C9,False,31,31,False,Not activated
13641,94,B2,6,4,1,C9,D9,True,31,38,False,SDC
13642,94,B2,6,5,0,C9,C9,False,31,31,False,Not activated
13643,94,B2,6,5,1,C9,E9,True,31,3F,False,SDC
13644,94,B2,6,6,0,C9,89,True,31,9F,False,SDC
13645,94,B2,6,6,1,C9,C9,False,31,31,False,Not activated
13646,94,B2,6,7,0,C9,49,True,31,56,False,SDC
13647,94,B2,6,7,1,C9,C9,False,31,31,False,Not activated
13648,94,B3,7,0,0,11,10,True,31,30,False,SDC
13649,94,B3,7,0,1,11,11,False,31,31,False,Not activated
13650,94,B3,7,1,0,11,11,False,31,31,False,Not activated
13651,94,B3,7,1,1,11,13,True,31,32,False,SDC
13652,94,B3,7,2,0,11,11,False,31,31,False,Not activated
13653,94,B3,7,2,1,11,15,True,31,33,False,SDC
13654,94,B3,7,3,0,11,11,False,31,31,False,Not activated
13655,94,B3,7,3,1,11,19,True,31,35,False,SDC
13656,94,B3,7,4,0,11,01,True,31,29,False,SDC
13657,94,B3,7,4,1,11,11,False,31,31,False,Not activated
13658,94,B3,7,5,0,11,11,False,31,31,False,Not activated
13659,94,B3,7,5,1,11,31,True,31,40,False,SDC
13660,94,B3,7,6,0,11,11,False,31,31,False,Not activated
13661,94,B3,7,6,1,11,51,True,31,4E,False,SDC
13662,94,B3,7,7,0,11,11,False,31,31,False,Not activated
13663,94,B3,7,7,1,11,91,True,31,B3,False,SDC
13664,94,C0,8,0,0,36,36,False,31,31,False,Not activated
13665,94,C0,8,0,1,36,37,True,31,32,False,SDC
13666,94,C0,8,1,0,36,34,True,31,2F,False,SDC
13667,94,C0,8,1,1,36,36,False,31,31,False,Not activated
13668,94,C0,8,2,0,36,32,True,31,2D,False,SDC
13669,94,C0,8,2,1,36,36,False,31,31,False,Not activated
13670,94,C0,8,3,0,36,36,False,31,31,False,Not activated
13671,94,C0,8,3,1,36,3E,True,31,39,False,SDC
13672,94,C0,8,4,0,36,26,True,31,21,False,SDC
13673,94,C0,8,4,1,36,36,False,31,31,False,Not activated
13674,94,C0,8,5,0,36,16,True,31,11,False,SDC
13675,94,C0,8,5,1,36,36,False,31,31,False,Not activated
13676,94,C0,8,6,0,36,36,False,31,31,False,Not activated
13677,94,C0,8,6,1,36,76,True,31,76,False,SDC
13678,94,C0,8,7,0,36,36,False,31,31,False,Not activated
13679,94,C0,8,7,1,36,B6,True,31,B4,False,SDC
13680,95,A0,0,0,0,40,40,False,45,45,False,Not activated
13681,95,A0,0,0,1,40,41,True,45,46,False,SDC
13682,95,A0,0,1,0,40,40,False,45,45,False,Not activated
13683,95,A0,0,1,1,40,42,True,45,46,False,SDC
13684,95,A0,0,2,0,40,40,False,45,45,False,Not activated
13685,95,A0,0,2,1,40,44,True,45,46,False,SDC
13686,95,A0,0,3,0,40,40,False,45,45,False,Not activated
13687,95,A0,0,3,1,40,48,True,45,47,False,SDC
13688,95,A0,0,4,0,40,40,False,45,45,False,Not activated
13689,95,A0,0,4,1,40,50,True,45,4A,False,SDC
13690,95,A0,0,5,0,40,40,False,45,45,False,Not activated
13691,95,A0,0,5,1,40,60,True,45,4E,False,SDC
13692,95,A0,0,6,0,40,00,True,45,39,False,SDC
13693,95,A0,0,6,1,40,40,False,45,45,False,Not activated
13694,95,A0,0,7,0,40,40,False,45,45,False,Not activated
13695,95,A0,0,7,1,40,C0,True,45,28,False,SDC
13696,95,A1,1,0,0,20,20,False,45,45,False,Not activated
13697,95,A1,1,0,1,20,21,True,45,46,False,SDC
13698,95,A1,1,1,0,20,20,False,45,45,False,Not activated
13699,95,A1,1,1,1,20,22,True,45,46,False,SDC
13700,95,A1,1,2,0,20,20,False,45,45,False,Not activated
13701,95,A1,1,2,1,20,24,True,45,46,False,SDC
13702,95,A1,1,3,0,20,20,False,45,45,False,Not activated
13703,95,A1,1,3,1,20,28,True,45,48,False,SDC
13704,95,A1,1,4,0,20,20,False,45,45,False,Not activated
13705,95,A1,1,4,1,20,30,True,45,4B,False,SDC
13706,95,A1,1,5,0,20,00,True,45,32,False,SDC
13707,95,A1,1,5,1,20,20,False,45,45,False,Not activated
13708,95,A1,1,6,0,20,20,False,45,45,False,Not activated
13709,95,A1,1,6,1,20,60,True,45,62,False,SDC
13710,95,A1,1,7,0,20,20,False,45,45,False,Not activated
13711,95,A1,1,7,1,20,A0,True,45,D0,False,SDC
13712,95,A2,2,0,0,F8,F8,False,45,45,False,Not activated
13713,95,A2,2,0,1,F8,F9,True,45,45,False,Masked
13714,95,A2,2,1,0,F8,F8,False,45,45,False,Not activated
13715,95,A2,2,1,1,F8,FA,True,45,45,False,Masked
13716,95,A2,2,2,0,F8,F8,False,45,45,False,Not activated
13717,95,A2,2,2,1,F8,FC,True,45,45,False,Masked
13718,95,A2,2,3,0,F8,F0,True,45,46,False,SDC
13719,95,A2,2,3,1,F8,F8,False,45,45,False,Not activated
13720,95,A2,2,4,0,F8,E8,True,45,46,False,SDC
13721,95,A2,2,4,1,F8,F8,False,45,45,False,Not activated
13722,95,A2,2,5,0,F8,D8,True,45,46,False,SDC
13723,95,A2,2,5,1,F8,F8,False,45,45,False,Not activated
13724,95,A2,2,6,0,F8,B8,True,45,49,False,SDC
13725,95,A2,2,6,1,F8,F8,False,45,45,False,Not activated
13726,95,A2,2,7,0,F8,78,True,45,11,False,SDC
13727,95,A2,2,7,1,F8,F8,False,45,45,False,Not activated
13728,95,A3,3,0,0,CD,CC,True,45,45,False,Masked
13729,95,A3,3,0,1,CD,CD,False,45,45,False,Not activated
13730,95,A3,3,1,0,CD,CD,False,45,45,False,Not activated
13731,95,A3,3,1,1,CD,CF,True,45,46,False,SDC
13732,95,A3,3,2,0,CD,C9,True,45,44,False,SDC
13733,95,A3,3,2,1,CD,CD,False,45,45,False,Not activated
13734,95,A3,3,3,0,CD,C5,True,45,44,False,SDC
13735,95,A3,3,3,1,CD,CD,False,45,45,False,Not activated
13736,95,A3,3,4,0,CD,CD,False,45,45,False,Not activated
13737,95,A3,3,4,1,CD,DD,True,45,48,False,SDC
13738,95,A3,3,5,0,CD,CD,False,45,45,False,Not activated
13739,95,A3,3,5,1,CD,ED,True,45,4C,False,SDC
13740,95,A3,3,6,0,CD,8D,True,45,D4,False,SDC
13741,95,A3,3,6,1,CD,CD,False,45,45,False,Not activated
13742,95,A3,3,7,0,CD,4D,True,45,60,False,SDC
13743,95,A3,3,7,1,CD,CD,False,45,45,False,Not activated
13744,95,B0,4,0,0,11,10,True,45,44,False,SDC
13745,95,B0,4,0,1,11,11,False,45,45,False,Not activated
13746,95,B0,4,1,0,11,11,False,45,45,False,Not activated
13747,95,B0,4,1,1,11,13,True,45,46,False,SDC
13748,95,B0,4,2,0,11,11,False,45,45,False,Not activated
13749,95,B0,4,2,1,11,15,True,45,47,False,SDC
13750,95,B0,4,3,0,11,11,False,45,45,False,Not activated
13751,95,B0,4,3,1,11,19,True,45,49,False,SDC
13752,95,B0,4,4,0,11,01,True,45,3A,False,SDC
13753,95,B0,4,4,1,11,11,False,45,45,False,Not activated
13754,95,B0,4,5,0,11,11,False,45,45,False,Not activated
13755,95,B0,4,5,1,11,31,True,45,54,False,SDC
13756,95,B0,4,6,0,11,11,False,45,45,False,Not activated
13757,95,B0,4,6,1,11,51,True,45,64,False,SDC
13758,95,B0,4,7,0,11,11,False,45,45,False,Not activated
13759,95,B0,4,7,1,11,91,True,45,98,False,SDC
13760,95,B1,5,0,0,30,30,False,45,45,False,Not activated
13761,95,B1,5,0,1,30,31,True,45,45,False,Masked
13762,95,B1,5,1,0,30,30,False,45,45,False,Not activated
13763,95,B1,5,1,1,30,32,True,45,46,False,SDC
13764,95,B1,5,2,0,30,30,False,45,45,False,Not activated
13765,95,B1,5,2,1,30,34,True,45,46,False,SDC
13766,95,B1,5,3,0,30,30,False,45,45,False,Not activated
13767,95,B1,5,3,1,30,38,True,45,47,False,SDC
13768,95,B1,5,4,0,30,20,True,45,41,False,SDC
13769,95,B1,5,4,1,30,30,False,45,45,False,Not activated
13770,95,B1,5,5,0,30,10,True,45,3A,False,SDC
13771,95,B1,5,5,1,30,30,False,45,45,False,Not activated
13772,95,B1,5,6,0,30,30,False,45,45,False,Not activated
13773,95,B1,5,6,1,30,70,True,45,66,False,SDC
13774,95,B1,5,7,0,30,30,False,45,45,False,Not activated
13775,95,B1,5,7,1,30,B0,True,45,02,False,SDC
13776,95,B2,6,0,0,F9,F8,True,45,45,False,Masked
13777,95,B2,6,0,1,F9,F9,False,45,45,False,Not activated
13778,95,B2,6,1,0,F9,F9,False,45,45,False,Not activated
13779,95,B2,6,1,1,F9,FB,True,45,45,False,Masked
13780,95,B2,6,2,0,F9,F9,False,45,45,False,Not activated
13781,95,B2,6,2,1,F9,FD,True,45,45,False,Masked
13782,95,B2,6,3,0,F9,F1,True,45,46,False,SDC
13783,95,B2,6,3,1,F9,F9,False,45,45,False,Not activated
13784,95,B2,6,4,0,F9,E9,True,45,46,False,SDC
13785,95,B2,6,4,1,F9,F9,False,45,45,False,Not activated
13786,95,B2,6,5,0,F9,D9,True,45,47,False,SDC
13787,95,B2,6,5,1,F9,F9,False,45,45,False,Not activated
13788,95,B2,6,6,0,F9,B9,True,45,4A,False,SDC
13789,95,B2,6,6,1,F9,F9,False,45,45,False,Not activated
13790,95,B2,6,7,0,F9,79,True,45,F9,False,SDC
13791,95,B2,6,7,1,F9,F9,False,45,45,False,Not activated
13792,95,B3,7,0,0,19,18,True,45,46,False,SDC
13793,95,B3,7,0,1,19,19,False,45,45,False,Not activated
13794,95,B3,7,1,0,19,19,False,45,45,False,Not activated
13795,95,B3,7,1,1,19,1B,True,45,44,False,SDC
13796,95,B3,7,2,0,19,19,False,45,45,False,Not activated
13797,95,B3,7,2,1,19,1D,True,45,44,False,SDC
13798,95,B3,7,3,0,19,11,True,45,48,False,SDC
13799,95,B3,7,3,1,19,19,False,45,45,False,Not activated
13800,95,B3,7,4,0,19,09,True,45,4C,False,SDC
13801,95,B3,7,4,1,19,19,False,45,45,False,Not activated
13802,95,B3,7,5,0,19,19,False,45,45,False,Not activated
13803,95,B3,7,5,1,19,39,True,45,31,False,SDC
13804,95,B3,7,6,0,19,19,False,45,45,False,Not activated
13805,95,B3,7,6,1,19,59,True,45,05,False,SDC
13806,95,B3,7,7,0,19,19,False,45,45,False,Not activated
13807,95,B3,7,7,1,19,99,True,45,6E,False,SDC
13808,95,C0,8,0,0,34,34,False,45,45,False,Not activated
13809,95,C0,8,0,1,34,35,True,45,46,False,SDC
13810,95,C0,8,1,0,34,34,False,45,45,False,Not activated
13811,95,C0,8,1,1,34,36,True,45,46,False,SDC
13812,95,C0,8,2,0,34,30,True,45,43,False,SDC
13813,95,C0,8,2,1,34,34,False,45,45,False,Not activated
13814,95,C0,8,3,0,34,34,False,45,45,False,Not activated
13815,95,C0,8,3,1,34,3C,True,45,49,False,SDC
13816,95,C0,8,4,0,34,24,True,45,3A,False,SDC
13817,95,C0,8,4,1,34,34,False,45,45,False,Not activated
13818,95,C0,8,5,0,34,14,True,45,2A,False,SDC
13819,95,C0,8,5,1,34,34,False,45,45,False,Not activated
13820,95,C0,8,6,0,34,34,False,45,45,False,Not activated
13821,95,C0,8,6,1,34,74,True,45,75,False,SDC
13822,95,C0,8,7,0,34,34,False,45,45,False,Not activated
13823,95,C0,8,7,1,34,B4,True,45,BF,False,SDC
13824,96,A0,0,0,0,C6,C6,False,F5,F5,False,Not activated
13825,96,A0,0,0,1,C6,C7,True,F5,F4,False,SDC
13826,96,A0,0,1,0,C6,C4,True,F5,F6,False,SDC
13827,96,A0,0,1,1,C6,C6,False,F5,F5,False,Not activated
13828,96,A0,0,2,0,C6,C2,True,F5,F8,False,SDC
13829,96,A0,0,2,1,C6,C6,False,F5,F5,False,Not activated
13830,96,A0,0,3,0,C6,C6,False,F5,F5,False,Not activated
13831,96,A0,0,3,1,C6,CE,True,F5,EF,False,SDC
13832,96,A0,0,4,0,C6,C6,False,F5,F5,False,Not activated
13833,96,A0,0,4,1,C6,D6,True,F5,EA,False,SDC
13834,96,A0,0,5,0,C6,C6,False,F5,F5,False,Not activated
13835,96,A0,0,5,1,C6,E6,True,F5,DE,False,SDC
13836,96,A0,0,6,0,C6,86,True,F5,77,False,SDC
13837,96,A0,0,6,1,C6,C6,False,F5,F5,False,Not activated
13838,96,A0,0,7,0,C6,46,True,F5,AC,False,SDC
13839,96,A0,0,7,1,C6,C6,False,F5,F5,False,Not activated
13840,96,A1,1,0,0,26,26,False,F5,F5,False,Not activated
13841,96,A1,1,0,1,26,27,True,F5,F5,False,Masked
13842,96,A1,1,1,0,26,24,True,F5,F5,False,Masked
13843,96,A1,1,1,1,26,26,False,F5,F5,False,Not activated
13844,96,A1,1,2,0,26,22,True,F5,F5,False,Masked
13845,96,A1,1,2,1,26,26,False,F5,F5,False,Not activated
13846,96,A1,1,3,0,26,26,False,F5,F5,False,Not activated
13847,96,A1,1,3,1,26,2E,True,F5,F6,False,SDC
13848,96,A1,1,4,0,26,26,False,F5,F5,False,Not activated
13849,96,A1,1,4,1,26,36,True,F5,F6,False,SDC
13850,96,A1,1,5,0,26,06,True,F5,F4,False,SDC
13851,96,A1,1,5,1,26,26,False,F5,F5,False,Not activated
13852,96,A1,1,6,0,26,26,False,F5,F5,False,Not activated
13853,96,A1,1,6,1,26,66,True,F5,FE,False,SDC
13854,96,A1,1,7,0,26,26,False,F5,F5,False,Not activated
13855,96,A1,1,7,1,26,A6,True,F5,EC,False,SDC
13856,96,A2,2,0,0,E6,E6,False,F5,F5,False,Not activated
13857,96,A2,2,0,1,E6,E7,True,F5,F5,False,Masked
13858,96,A2,2,1,0,E6,E4,True,F5,F4,False,SDC
13859,96,A2,2,1,1,E6,E6,False,F5,F5,False,Not activated
13860,96,A2,2,2,0,E6,E2,True,F5,F4,False,SDC
13861,96,A2,2,2,1,E6,E6,False,F5,F5,False,Not activated
13862,96,A2,2,3,0,E6,E6,False,F5,F5,False,Not activated
13863,96,A2,2,3,1,E6,EE,True,F5,F6,False,SDC
13864,96,A2,2,4,0,E6,E6,False,F5,F5,False,Not activated
13865,96,A2,2,4,1,E6,F6,True,F5,F7,False,SDC
13866,96,A2,2,5,0,E6,C6,True,F5,F1,False,SDC
13867,96,A2,2,5,1,E6,E6,False,F5,F5,False,Not activated
13868,96,A2,2,6,0,E6,A6,True,F5,EA,False,SDC
13869,96,A2,2,6,1,E6,E6,False,F5,F5,False,Not activated
13870,96,A2,2,7,0,E6,66,True,F5,0E,False,SDC
13871,96,A2,2,7,1,E6,E6,False,F5,F5,False,Not activated
13872,96,A3,3,0,0,F0,F0,False,F5,F5,False,Not activated
13873,96,A3,3,0,1,F0,F1,True,F5,F5,False,Masked
13874,96,A3,3,1,0,F0,F0,False,F5,F5,False,Not activated
13875,96,A3,3,1,1,F0,F2,True,F5,F6,False,SDC
13876,96,A3,3,2,0,F0,F0,False,F5,F5,False,Not activated
13877,96,A3,3,2,1,F0,F4,True,F5,F7,False,SDC
13878,96,A3,3,3,0,F0,F0,False,F5,F5,False,Not activated
13879,96,A3,3,3,1,F0,F8,True,F5,F9,False,SDC
13880,96,A3,3,4,0,F0,E0,True,F5,EC,False,SDC
13881,96,A3,3,4,1,F0,F0,False,F5,F5,False,Not activated
13882,96,A3,3,5,0,F0,D0,True,F5,E2,False,SDC
13883,96,A3,3,5,1,F0,F0,False,F5,F5,False,Not activated
13884,96,A3,3,6,0,F0,B0,True,F5,C6,False,SDC
13885,96,A3,3,6,1,F0,F0,False,F5,F5,False,Not activated
13886,96,A3,3,7,0,F0,70,True,F5,62,False,SDC
13887,96,A3,3,7,1,F0,F0,False,F5,F5,False,Not activated
13888,96,B0,4,0,0,D3,D2,True,F5,F6,False,SDC
13889,96,B0,4,0,1,D3,D3,False,F5,F5,False,Not activated
13890,96,B0,4,1,0,D3,D1,True,F5,F7,False,SDC
13891,96,B0,4,1,1,D3,D3,False,F5,F5,False,Not activated
13892,96,B0,4,2,0,D3,D3,False,F5,F5,False,Not activated
13893,96,B0,4,2,1,D3,D7,True,F5,F1,False,SDC
13894,96,B0,4,3,0,D3,D3,False,F5,F5,False,Not activated
13895,96,B0,4,3,1,D3,DB,True,F5,EE,False,SDC
13896,96,B0,4,4,0,D3,C3,True,F5,03,False,SDC
13897,96,B0,4,4,1,D3,D3,False,F5,F5,False,Not activated
13898,96,B0,4,5,0,D3,D3,False,F5,F5,False,Not activated
13899,96,B0,4,5,1,D3,F3,True,F5,D8,False,SDC
13900,96,B0,4,6,0,D3,93,True,F5,63,False,SDC
13901,96,B0,4,6,1,D3,D3,False,F5,F5,False,Not activated
13902,96,B0,4,7,0,D3,53,True,F5,9E,False,SDC
13903,96,B0,4,7,1,D3,D3,False,F5,F5,False,Not activated
13904,96,B1,5,0,0,04,04,False,F5,F5,False,Not activated
13905,96,B1,5,0,1,04,05,True,F5,F6,False,SDC
13906,96,B1,5,1,0,04,04,False,F5,F5,False,Not activated
13907,96,B1,5,1,1,04,06,True,F5,F7,False,SDC
13908,96,B1,5,2,0,04,00,True,F5,F3,False,SDC
13909,96,B1,5,2,1,04,04,False,F5,F5,False,Not activated
13910,96,B1,5,3,0,04,04,False,F5,F5,False,Not activated
13911,96,B1,5,3,1,04,0C,True,F5,FA,False,SDC
13912,96,B1,5,4,0,04,04,False,F5,F5,False,Not activated
13913,96,B1,5,4,1,04,14,True,F5,FF,False,SDC
13914,96,B1,5,5,0,04,04,False,F5,F5,False,Not activated
13915,96,B1,5,5,1,04,24,True,F5,08,False,SDC
13916,96,B1,5,6,0,04,04,False,F5,F5,False,Not activated
13917,96,B1,5,6,1,04,44,True,F5,1E,False,SDC
13918,96,B1,5,7,0,04,04,False,F5,F5,False,Not activated
13919,96,B1,5,7,1,04,84,True,F5,87,False,SDC
13920,96,B2,6,0,0,08,08,False,F5,F5,False,Not activated
13921,96,B2,6,0,1,08,09,True,F5,F4,False,SDC
13922,96,B2,6,1,0,08,08,False,F5,F5,False,Not activated
13923,96,B2,6,1,1,08,0A,True,F5,F4,False,SDC
13924,96,B2,6,2,0,08,08,False,F5,F5,False,Not activated
13925,96,B2,6,2,1,08,0C,True,F5,F3,False,SDC
13926,96,B2,6,3,0,08,00,True,F5,F8,False,SDC
13927,96,B2,6,3,1,08,08,False,F5,F5,False,Not activated
13928,96,B2,6,4,0,08,08,False,F5,F5,False,Not activated
13929,96,B2,6,4,1,08,18,True,F5,EE,False,SDC
13930,96,B2,6,5,0,08,08,False,F5,F5,False,Not activated
13931,96,B2,6,5,1,08,28,True,F5,E8,False,SDC
13932,96,B2,6,6,0,08,08,False,F5,F5,False,Not activated
13933,96,B2,6,6,1,08,48,True,F5,D8,False,SDC
13934,96,B2,6,7,0,08,08,False,F5,F5,False,Not activated
13935,96,B2,6,7,1,08,88,True,F5,69,False,SDC
13936,96,B3,7,0,0,25,24,True,F5,F5,False,Masked
13937,96,B3,7,0,1,25,25,False,F5,F5,False,Not activated
13938,96,B3,7,1,0,25,25,False,F5,F5,False,Not activated
13939,96,B3,7,1,1,25,27,True,F5,F4,False,SDC
13940,96,B3,7,2,0,25,21,True,F5,F6,False,SDC
13941,96,B3,7,2,1,25,25,False,F5,F5,False,Not activated
13942,96,B3,7,3,0,25,25,False,F5,F5,False,Not activated
13943,96,B3,7,3,1,25,2D,True,F5,F3,False,SDC
13944,96,B3,7,4,0,25,25,False,F5,F5,False,Not activated
13945,96,B3,7,4,1,25,35,True,F5,F1,False,SDC
13946,96,B3,7,5,0,25,05,True,F5,FD,False,SDC
13947,96,B3,7,5,1,25,25,False,F5,F5,False,Not activated
13948,96,B3,7,6,0,25,25,False,F5,F5,False,Not activated
13949,96,B3,7,6,1,25,65,True,F5,D4,False,SDC
13950,96,B3,7,7,0,25,25,False,F5,F5,False,Not activated
13951,96,B3,7,7,1,25,A5,True,F5,1C,False,SDC
13952,96,C0,8,0,0,D6,D6,False,F5,F5,False,Not activated
13953,96,C0,8,0,1,D6,D7,True,F5,F6,False,SDC
13954,96,C0,8,1,0,D6,D4,True,F5,F3,False,SDC
13955,96,C0,8,1,1,D6,D6,False,F5,F5,False,Not activated
13956,96,C0,8,2,0,D6,D2,True,F5,F1,False,SDC
13957,96,C0,8,2,1,D6,D6,False,F5,F5,False,Not activated
13958,96,C0,8,3,0,D6,D6,False,F5,F5,False,Not activated
13959,96,C0,8,3,1,D6,DE,True,F5,FD,False,SDC
13960,96,C0,8,4,0,D6,C6,True,F5,E5,False,SDC
13961,96,C0,8,4,1,D6,D6,False,F5,F5,False,Not activated
13962,96,C0,8,5,0,D6,D6,False,F5,F5,False,Not activated
13963,96,C0,8,5,1,D6,F6,True,F5,15,False,SDC
13964,96,C0,8,6,0,D6,96,True,F5,9A,False,SDC
13965,96,C0,8,6,1,D6,D6,False,F5,F5,False,Not activated
13966,96,C0,8,7,0,D6,56,True,F5,61,False,SDC
13967,96,C0,8,7,1,D6,D6,False,F5,F5,False,Not activated
13968,97,A0,0,0,0,CA,CA,False,B0,B0,False,Not activated
13969,97,A0,0,0,1,CA,CB,True,B0,B1,False,SDC
13970,97,A0,0,1,0,CA,C8,True,B0,B0,False,Masked
13971,97,A0,0,1,1,CA,CA,False,B0,B0,False,Not activated
13972,97,A0,0,2,0,CA,CA,False,B0,B0,False,Not activated
13973,97,A0,0,2,1,CA,CE,True,B0,B2,False,SDC
13974,97,A0,0,3,0,CA,C2,True,B0,AE,False,SDC
13975,97,A0,0,3,1,CA,CA,False,B0,B0,False,Not activated
13976,97,A0,0,4,0,CA,CA,False,B0,B0,False,Not activated
13977,97,A0,0,4,1,CA,DA,True,B0,B8,False,SDC
13978,97,A0,0,5,0,CA,CA,False,B0,B0,False,Not activated
13979,97,A0,0,5,1,CA,EA,True,B0,BE,False,SDC
13980,97,A0,0,6,0,CA,8A,True,B0,8A,False,SDC
13981,97,A0,0,6,1,CA,CA,False,B0,B0,False,Not activated
13982,97,A0,0,7,0,CA,4A,True,B0,14,False,SDC
13983,97,A0,0,7,1,CA,CA,False,B0,B0,False,Not activated
13984,97,A1,1,0,0,2F,2E,True,B0,B1,False,SDC
13985,97,A1,1,0,1,2F,2F,False,B0,B0,False,Not activated
13986,97,A1,1,1,0,2F,2D,True,B0,B2,False,SDC
13987,97,A1,1,1,1,2F,2F,False,B0,B0,False,Not activated
13988,97,A1,1,2,0,2F,2B,True,B0,B2,False,SDC
13989,97,A1,1,2,1,2F,2F,False,B0,B0,False,Not activated
13990,97,A1,1,3,0,2F,27,True,B0,B4,False,SDC
13991,97,A1,1,3,1,2F,2F,False,B0,B0,False,Not activated
13992,97,A1,1,4,0,2F,2F,False,B0,B0,False,Not activated
13993,97,A1,1,4,1,2F,3F,True,B0,AA,False,SDC
13994,97,A1,1,5,0,2F,0F,True,B0,BC,False,SDC
13995,97,A1,1,5,1,2F,2F,False,B0,B0,False,Not activated
13996,97,A1,1,6,0,2F,2F,False,B0,B0,False,Not activated
13997,97,A1,1,6,1,2F,6F,True,B0,92,False,SDC
13998,97,A1,1,7,0,2F,2F,False,B0,B0,False,Not activated
13999,97,A1,1,7,1,2F,AF,True,B0,09,False,SDC
14000,97,A2,2,0,0,0F,0E,True,B0,B0,False,Masked
14001,97,A2,2,0,1,0F,0F,False,B0,B0,False,Not activated
14002,97,A2,2,1,0,0F,0D,True,B0,B0,False,Masked
14003,97,A2,2,1,1,0F,0F,False,B0,B0,False,Not activated
14004,97,A2,2,2,0,0F,0B,True,B0,B0,False,Masked
14005,97,A2,2,2,1,0F,0F,False,B0,B0,False,Not activated
14006,97,A2,2,3,0,0F,07,True,B0,B0,False,Masked
14007,97,A2,2,3,1,0F,0F,False,B0,B0,False,Not activated
14008,97,A2,2,4,0,0F,0F,False,B0,B0,False,Not activated
14009,97,A2,2,4,1,0F,1F,True,B0,B0,False,Masked
14010,97,A2,2,5,0,0F,0F,False,B0,B0,False,Not activated
14011,97,A2,2,5,1,0F,2F,True,B0,AE,False,SDC
14012,97,A2,2,6,0,0F,0F,False,B0,B0,False,Not activated
14013,97,A2,2,6,1,0F,4F,True,B0,AC,False,SDC
14014,97,A2,2,7,0,0F,0F,False,B0,B0,False,Not activated
14015,97,A2,2,7,1,0F,8F,True,B0,BC,False,SDC
14016,97,A3,3,0,0,DF,DE,True,B0,B0,False,Masked
14017,97,A3,3,0,1,DF,DF,False,B0,B0,False,Not activated
14018,97,A3,3,1,0,DF,DD,True,B0,B0,False,Masked
14019,97,A3,3,1,1,DF,DF,False,B0,B0,False,Not activated
14020,97,A3,3,2,0,DF,DB,True,B0,B1,False,SDC
14021,97,A3,3,2,1,DF,DF,False,B0,B0,False,Not activated
14022,97,A3,3,3,0,DF,D7,True,B0,B2,False,SDC
14023,97,A3,3,3,1,DF,DF,False,B0,B0,False,Not activated
14024,97,A3,3,4,0,DF,CF,True,B0,B4,False,SDC
14025,97,A3,3,4,1,DF,DF,False,B0,B0,False,Not activated
14026,97,A3,3,5,0,DF,DF,False,B0,B0,False,Not activated
14027,97,A3,3,5,1,DF,FF,True,B0,A8,False,SDC
14028,97,A3,3,6,0,DF,9F,True,B0,D1,False,SDC
14029,97,A3,3,6,1,DF,DF,False,B0,B0,False,Not activated
14030,97,A3,3,7,0,DF,5F,True,B0,9A,False,SDC
14031,97,A3,3,7,1,DF,DF,False,B0,B0,False,Not activated
14032,97,B0,4,0,0,35,34,True,B0,B1,False,SDC
14033,97,B0,4,0,1,35,35,False,B0,B0,False,Not activated
14034,97,B0,4,1,0,35,35,False,B0,B0,False,Not activated
14035,97,B0,4,1,1,35,37,True,B0,B0,False,Masked
14036,97,B0,4,2,0,35,31,True,B0,B2,False,SDC
14037,97,B0,4,2,1,35,35,False,B0,B0,False,Not activated
14038,97,B0,4,3,0,35,35,False,B0,B0,False,Not activated
14039,97,B0,4,3,1,35,3D,True,B0,AE,False,SDC
14040,97,B0,4,4,0,35,25,True,B0,B8,False,SDC
14041,97,B0,4,4,1,35,35,False,B0,B0,False,Not activated
14042,97,B0,4,5,0,35,15,True,B0,BE,False,SDC
14043,97,B0,4,5,1,35,35,False,B0,B0,False,Not activated
14044,97,B0,4,6,0,35,35,False,B0,B0,False,Not activated
14045,97,B0,4,6,1,35,75,True,B0,8B,False,SDC
14046,97,B0,4,7,0,35,35,False,B0,B0,False,Not activated
14047,97,B0,4,7,1,35,B5,True,B0,16,False,SDC
14048,97,B1,5,0,0,D2,D2,False,B0,B0,False,Not activated
14049,97,B1,5,0,1,D2,D3,True,B0,B1,False,SDC
14050,97,B1,5,1,0,D2,D0,True,B0,B0,False,Masked
14051,97,B1,5,1,1,D2,D2,False,B0,B0,False,Not activated
14052,97,B1,5,2,0,D2,D2,False,B0,B0,False,Not activated
14053,97,B1,5,2,1,D2,D6,True,B0,B2,False,SDC
14054,97,B1,5,3,0,D2,D2,False,B0,B0,False,Not activated
14055,97,B1,5,3,1,D2,DA,True,B0,B4,False,SDC
14056,97,B1,5,4,0,D2,C2,True,B0,AA,False,SDC
14057,97,B1,5,4,1,D2,D2,False,B0,B0,False,Not activated
14058,97,B1,5,5,0,D2,D2,False,B0,B0,False,Not activated
14059,97,B1,5,5,1,D2,F2,True,B0,BC,False,SDC
14060,97,B1,5,6,0,D2,92,True,B0,92,False,SDC
14061,97,B1,5,6,1,D2,D2,False,B0,B0,False,Not activated
14062,97,B1,5,7,0,D2,52,True,B0,0D,False,SDC
14063,97,B1,5,7,1,D2,D2,False,B0,B0,False,Not activated
14064,97,B2,6,0,0,FB,FA,True,B0,B0,False,Masked
14065,97,B2,6,0,1,FB,FB,False,B0,B0,False,Not activated
14066,97,B2,6,1,0,FB,F9,True,B0,B0,False,Masked
14067,97,B2,6,1,1,FB,FB,False,B0,B0,False,Not activated
14068,97,B2,6,2,0,FB,FB,False,B0,B0,False,Not activated
14069,97,B2,6,2,1,FB,FF,True,B0,B0,False,Masked
14070,97,B2,6,3,0,FB,F3,True,B0,AE,False,SDC
14071,97,B2,6,3,1,FB,FB,False,B0,B0,False,Not activated
14072,97,B2,6,4,0,FB,EB,True,B0,AE,False,SDC
14073,97,B2,6,4,1,FB,FB,False,B0,B0,False,Not activated
14074,97,B2,6,5,0,FB,DB,True,B0,AC,False,SDC
14075,97,B2,6,5,1,FB,FB,False,B0,B0,False,Not activated
14076,97,B2,6,6,0,FB,BB,True,B0,A8,False,SDC
14077,97,B2,6,6,1,FB,FB,False,B0,B0,False,Not activated
14078,97,B2,6,7,0,FB,7B,True,B0,58,False,SDC
14079,97,B2,6,7,1,FB,FB,False,B0,B0,False,Not activated
14080,97,B3,7,0,0,E1,E0,True,B0,B0,False,Masked
14081,97,B3,7,0,1,E1,E1,False,B0,B0,False,Not activated
14082,97,B3,7,1,0,E1,E1,False,B0,B0,False,Not activated
14083,97,B3,7,1,1,E1,E3,True,B0,B0,False,Masked
14084,97,B3,7,2,0,E1,E1,False,B0,B0,False,Not activated
14085,97,B3,7,2,1,E1,E5,True,B0,AE,False,SDC
14086,97,B3,7,3,0,E1,E1,False,B0,B0,False,Not activated
14087,97,B3,7,3,1,E1,E9,True,B0,AE,False,SDC
14088,97,B3,7,4,0,E1,E1,False,B0,B0,False,Not activated
14089,97,B3,7,4,1,E1,F1,True,B0,AC,False,SDC
14090,97,B3,7,5,0,E1,C1,True,B0,B8,False,SDC
14091,97,B3,7,5,1,E1,E1,False,B0,B0,False,Not activated
14092,97,B3,7,6,0,E1,A1,True,B0,D0,False,SDC
14093,97,B3,7,6,1,E1,E1,False,B0,B0,False,Not activated
14094,97,B3,7,7,0,E1,61,True,B0,99,False,SDC
14095,97,B3,7,7,1,E1,E1,False,B0,B0,False,Not activated
14096,97,C0,8,0,0,E1,E0,True,B0,B0,False,Masked
14097,97,C0,8,0,1,E1,E1,False,B0,B0,False,Not activated
14098,97,C0,8,1,0,E1,E1,False,B0,B0,False,Not activated
14099,97,C0,8,1,1,E1,E3,True,B0,B2,False,SDC
14100,97,C0,8,2,0,E1,E1,False,B0,B0,False,Not activated
14101,97,C0,8,2,1,E1,E5,True,B0,B2,False,SDC
14102,97,C0,8,3,0,E1,E1,False,B0,B0,False,Not activated
14103,97,C0,8,3,1,E1,E9,True,B0,B4,False,SDC
14104,97,C0,8,4,0,E1,E1,False,B0,B0,False,Not activated
14105,97,C0,8,4,1,E1,F1,True,B0,B8,False,SDC
14106,97,C0,8,5,0,E1,C1,True,B0,A0,False,SDC
14107,97,C0,8,5,1,E1,E1,False,B0,B0,False,Not activated
14108,97,C0,8,6,0,E1,A1,True,B0,98,False,SDC
14109,97,C0,8,6,1,E1,E1,False,B0,B0,False,Not activated
14110,97,C0,8,7,0,E1,61,True,B0,44,False,SDC
14111,97,C0,8,7,1,E1,E1,False,B0,B0,False,Not activated
14112,98,A0,0,0,0,C1,C0,True,2D,2E,False,SDC
14113,98,A0,0,0,1,C1,C1,False,2D,2D,False,Not activated
14114,98,A0,0,1,0,C1,C1,False,2D,2D,False,Not activated
14115,98,A0,0,1,1,C1,C3,True,2D,2C,False,SDC
14116,98,A0,0,2,0,C1,C1,False,2D,2D,False,Not activated
14117,98,A0,0,2,1,C1,C5,True,2D,2B,False,SDC
14118,98,A0,0,3,0,C1,C1,False,2D,2D,False,Not activated
14119,98,A0,0,3,1,C1,C9,True,2D,28,False,SDC
14120,98,A0,0,4,0,C1,C1,False,2D,2D,False,Not activated
14121,98,A0,0,4,1,C1,D1,True,2D,22,False,SDC
14122,98,A0,0,5,0,C1,C1,False,2D,2D,False,Not activated
14123,98,A0,0,5,1,C1,E1,True,2D,17,False,SDC
14124,98,A0,0,6,0,C1,81,True,2D,7E,False,SDC
14125,98,A0,0,6,1,C1,C1,False,2D,2D,False,Not activated
14126,98,A0,0,7,0,C1,41,True,2D,D5,False,SDC
14127,98,A0,0,7,1,C1,C1,False,2D,2D,False,Not activated
14128,98,A1,1,0,0,27,26,True,2D,2D,False,Masked
14129,98,A1,1,0,1,27,27,False,2D,2D,False,Not activated
14130,98,A1,1,1,0,27,25,True,2D,2D,False,Masked
14131,98,A1,1,1,1,27,27,False,2D,2D,False,Not activated
14132,98,A1,1,2,0,27,23,True,2D,2D,False,Masked
14133,98,A1,1,2,1,27,27,False,2D,2D,False,Not activated
14134,98,A1,1,3,0,27,27,False,2D,2D,False,Not activated
14135,98,A1,1,3,1,27,2F,True,2D,2C,False,SDC
14136,98,A1,1,4,0,27,27,False,2D,2D,False,Not activated
14137,98,A1,1,4,1,27,37,True,2D,2B,False,SDC
14138,98,A1,1,5,0,27,07,True,2D,30,False,SDC
14139,98,A1,1,5,1,27,27,False,2D,2D,False,Not activated
14140,98,A1,1,6,0,27,27,False,2D,2D,False,Not activated
14141,98,A1,1,6,1,27,67,True,2D,1D,False,SDC
14142,98,A1,1,7,0,27,27,False,2D,2D,False,Not activated
14143,98,A1,1,7,1,27,A7,True,2D,3D,False,SDC
14144,98,A2,2,0,0,33,32,True,2D,2D,False,Masked
14145,98,A2,2,0,1,33,33,False,2D,2D,False,Not activated
14146,98,A2,2,1,0,33,31,True,2D,2E,False,SDC
14147,98,A2,2,1,1,33,33,False,2D,2D,False,Not activated
14148,98,A2,2,2,0,33,33,False,2D,2D,False,Not activated
14149,98,A2,2,2,1,33,37,True,2D,2C,False,SDC
14150,98,A2,2,3,0,33,33,False,2D,2D,False,Not activated
14151,98,A2,2,3,1,33,3B,True,2D,2B,False,SDC
14152,98,A2,2,4,0,33,23,True,2D,32,False,SDC
14153,98,A2,2,4,1,33,33,False,2D,2D,False,Not activated
14154,98,A2,2,5,0,33,13,True,2D,37,False,SDC
14155,98,A2,2,5,1,33,33,False,2D,2D,False,Not activated
14156,98,A2,2,6,0,33,33,False,2D,2D,False,Not activated
14157,98,A2,2,6,1,33,73,True,2D,CE,False,SDC
14158,98,A2,2,7,0,33,33,False,2D,2D,False,Not activated
14159,98,A2,2,7,1,33,B3,True,2D,4D,False,SDC
14160,98,A3,3,0,0,17,16,True,2D,2D,False,Masked
14161,98,A3,3,0,1,17,17,False,2D,2D,False,Not activated
14162,98,A3,3,1,0,17,15,True,2D,2D,False,Masked
14163,98,A3,3,1,1,17,17,False,2D,2D,False,Not activated
14164,98,A3,3,2,0,17,13,True,2D,2C,False,SDC
14165,98,A3,3,2,1,17,17,False,2D,2D,False,Not activated
14166,98,A3,3,3,0,17,17,False,2D,2D,False,Not activated
14167,98,A3,3,3,1,17,1F,True,2D,2E,False,SDC
14168,98,A3,3,4,0,17,07,True,2D,2A,False,SDC
14169,98,A3,3,4,1,17,17,False,2D,2D,False,Not activated
14170,98,A3,3,5,0,17,17,False,2D,2D,False,Not activated
14171,98,A3,3,5,1,17,37,True,2D,32,False,SDC
14172,98,A3,3,6,0,17,17,False,2D,2D,False,Not activated
14173,98,A3,3,6,1,17,57,True,2D,3C,False,SDC
14174,98,A3,3,7,0,17,17,False,2D,2D,False,Not activated
14175,98,A3,3,7,1,17,97,True,2D,07,False,SDC
14176,98,B0,4,0,0,D4,D4,False,2D,2D,False,Not activated
14177,98,B0,4,0,1,D4,D5,True,2D,2C,False,SDC
14178,98,B0,4,1,0,D4,D4,False,2D,2D,False,Not activated
14179,98,B0,4,1,1,D4,D6,True,2D,2B,False,SDC
14180,98,B0,4,2,0,D4,D0,True,2D,31,False,SDC
14181,98,B0,4,2,1,D4,D4,False,2D,2D,False,Not activated
14182,98,B0,4,3,0,D4,D4,False,2D,2D,False,Not activated
14183,98,B0,4,3,1,D4,DC,True,2D,25,False,SDC
14184,98,B0,4,4,0,D4,C4,True,2D,3D,False,SDC
14185,98,B0,4,4,1,D4,D4,False,2D,2D,False,Not activated
14186,98,B0,4,5,0,D4,D4,False,2D,2D,False,Not activated
14187,98,B0,4,5,1,D4,F4,True,2D,0E,False,SDC
14188,98,B0,4,6,0,D4,94,True,2D,6C,False,SDC
14189,98,B0,4,6,1,D4,D4,False,2D,2D,False,Not activated
14190,98,B0,4,7,0,D4,54,True,2D,AE,False,SDC
14191,98,B0,4,7,1,D4,D4,False,2D,2D,False,Not activated
14192,98,B1,5,0,0,F9,F8,True,2D,2C,False,SDC
14193,98,B1,5,0,1,F9,F9,False,2D,2D,False,Not activated
14194,98,B1,5,1,0,F9,F9,False,2D,2D,False,Not activated
14195,98,B1,5,1,1,F9,FB,True,2D,2E,False,SDC
14196,98,B1,5,2,0,F9,F9,False,2D,2D,False,Not activated
14197,98,B1,5,2,1,F9,FD,True,2D,2F,False,SDC
14198,98,B1,5,3,0,F9,F1,True,2D,28,False,SDC
14199,98,B1,5,3,1,F9,F9,False,2D,2D,False,Not activated
14200,98,B1,5,4,0,F9,E9,True,2D,23,False,SDC
14201,98,B1,5,4,1,F9,F9,False,2D,2D,False,Not activated
14202,98,B1,5,5,0,F9,D9,True,2D,19,False,SDC
14203,98,B1,5,5,1,F9,F9,False,2D,2D,False,Not activated
14204,98,B1,5,6,0,F9,B9,True,2D,01,False,SDC
14205,98,B1,5,6,1,F9,F9,False,2D,2D,False,Not activated
14206,98,B1,5,7,0,F9,79,True,2D,76,False,SDC
14207,98,B1,5,7,1,F9,F9,False,2D,2D,False,Not activated
14208,98,B2,6,0,0,EC,EC,False,2D,2D,False,Not activated
14209,98,B2,6,0,1,EC,ED,True,2D,2E,False,SDC
14210,98,B2,6,1,0,EC,EC,False,2D,2D,False,Not activated
14211,98,B2,6,1,1,EC,EE,True,2D,2F,False,SDC
14212,98,B2,6,2,0,EC,E8,True,2D,2A,False,SDC
14213,98,B2,6,2,1,EC,EC,False,2D,2D,False,Not activated
14214,98,B2,6,3,0,EC,E4,True,2D,27,False,SDC
14215,98,B2,6,3,1,EC,EC,False,2D,2D,False,Not activated
14216,98,B2,6,4,0,EC,EC,False,2D,2D,False,Not activated
14217,98,B2,6,4,1,EC,FC,True,2D,3A,False,SDC
14218,98,B2,6,5,0,EC,CC,True,2D,14,False,SDC
14219,98,B2,6,5,1,EC,EC,False,2D,2D,False,Not activated
14220,98,B2,6,6,0,EC,AC,True,2D,EB,False,SDC
14221,98,B2,6,6,1,EC,EC,False,2D,2D,False,Not activated
14222,98,B2,6,7,0,EC,6C,True,2D,6D,False,SDC
14223,98,B2,6,7,1,EC,EC,False,2D,2D,False,Not activated
14224,98,B3,7,0,0,0B,0A,True,2D,2D,False,Masked
14225,98,B3,7,0,1,0B,0B,False,2D,2D,False,Not activated
14226,98,B3,7,1,0,0B,09,True,2D,2C,False,SDC
14227,98,B3,7,1,1,0B,0B,False,2D,2D,False,Not activated
14228,98,B3,7,2,0,0B,0B,False,2D,2D,False,Not activated
14229,98,B3,7,2,1,0B,0F,True,2D,2E,False,SDC
14230,98,B3,7,3,0,0B,03,True,2D,2A,False,SDC
14231,98,B3,7,3,1,0B,0B,False,2D,2D,False,Not activated
14232,98,B3,7,4,0,0B,0B,False,2D,2D,False,Not activated
14233,98,B3,7,4,1,0B,1B,True,2D,33,False,SDC
14234,98,B3,7,5,0,0B,0B,False,2D,2D,False,Not activated
14235,98,B3,7,5,1,0B,2B,True,2D,38,False,SDC
14236,98,B3,7,6,0,0B,0B,False,2D,2D,False,Not activated
14237,98,B3,7,6,1,0B,4B,True,2D,44,False,SDC
14238,98,B3,7,7,0,0B,0B,False,2D,2D,False,Not activated
14239,98,B3,7,7,1,0B,8B,True,2D,A9,False,SDC
14240,98,C0,8,0,0,12,12,False,2D,2D,False,Not activated
14241,98,C0,8,0,1,12,13,True,2D,2E,False,SDC
14242,98,C0,8,1,0,12,10,True,2D,2B,False,SDC
14243,98,C0,8,1,1,12,12,False,2D,2D,False,Not activated
14244,98,C0,8,2,0,12,12,False,2D,2D,False,Not activated
14245,98,C0,8,2,1,12,16,True,2D,31,False,SDC
14246,98,C0,8,3,0,12,12,False,2D,2D,False,Not activated
14247,98,C0,8,3,1,12,1A,True,2D,35,False,SDC
14248,98,C0,8,4,0,12,02,True,2D,1D,False,SDC
14249,98,C0,8,4,1,12,12,False,2D,2D,False,Not activated
14250,98,C0,8,5,0,12,12,False,2D,2D,False,Not activated
14251,98,C0,8,5,1,12,32,True,2D,46,False,SDC
14252,98,C0,8,6,0,12,12,False,2D,2D,False,Not activated
14253,98,C0,8,6,1,12,52,True,2D,60,False,SDC
14254,98,C0,8,7,0,12,12,False,2D,2D,False,Not activated
14255,98,C0,8,7,1,12,92,True,2D,95,False,SDC
14256,99,A0,0,0,0,F6,F6,False,F1,F1,False,Not activated
14257,99,A0,0,0,1,F6,F7,True,F1,F1,False,Masked
14258,99,A0,0,1,0,F6,F4,True,F1,F2,False,SDC
14259,99,A0,0,1,1,F6,F6,False,F1,F1,False,Not activated
14260,99,A0,0,2,0,F6,F2,True,F1,F2,False,SDC
14261,99,A0,0,2,1,F6,F6,False,F1,F1,False,Not activated
14262,99,A0,0,3,0,F6,F6,False,F1,F1,False,Not activated
14263,99,A0,0,3,1,F6,FE,True,F1,F0,False,SDC
14264,99,A0,0,4,0,F6,E6,True,F1,F5,False,SDC
14265,99,A0,0,4,1,F6,F6,False,F1,F1,False,Not activated
14266,99,A0,0,5,0,F6,D6,True,F1,F9,False,SDC
14267,99,A0,0,5,1,F6,F6,False,F1,F1,False,Not activated
14268,99,A0,0,6,0,F6,B6,True,F1,03,False,SDC
14269,99,A0,0,6,1,F6,F6,False,F1,F1,False,Not activated
14270,99,A0,0,7,0,F6,76,True,F1,A5,False,SDC
14271,99,A0,0,7,1,F6,F6,False,F1,F1,False,Not activated
14272,99,A1,1,0,0,E0,E0,False,F1,F1,False,Not activated
14273,99,A1,1,0,1,E0,E1,True,F1,F1,False,Masked
14274,99,A1,1,1,0,E0,E0,False,F1,F1,False,Not activated
14275,99,A1,1,1,1,E0,E2,True,F1,F1,False,Masked
14276,99,A1,1,2,0,E0,E0,False,F1,F1,False,Not activated
14277,99,A1,1,2,1,E0,E4,True,F1,F1,False,Masked
14278,99,A1,1,3,0,E0,E0,False,F1,F1,False,Not activated
14279,99,A1,1,3,1,E0,E8,True,F1,F1,False,Masked
14280,99,A1,1,4,0,E0,E0,False,F1,F1,False,Not activated
14281,99,A1,1,4,1,E0,F0,True,F1,F1,False,Masked
14282,99,A1,1,5,0,E0,C0,True,F1,F2,False,SDC
14283,99,A1,1,5,1,E0,E0,False,F1,F1,False,Not activated
14284,99,A1,1,6,0,E0,A0,True,F1,F4,False,SDC
14285,99,A1,1,6,1,E0,E0,False,F1,F1,False,Not activated
14286,99,A1,1,7,0,E0,60,True,F1,EC,False,SDC
14287,99,A1,1,7,1,E0,E0,False,F1,F1,False,Not activated
14288,99,A2,2,0,0,2C,2C,False,F1,F1,False,Not activated
14289,99,A2,2,0,1,2C,2D,True,F1,F0,False,SDC
14290,99,A2,2,1,0,2C,2C,False,F1,F1,False,Not activated
14291,99,A2,2,1,1,2C,2E,True,F1,F0,False,SDC
14292,99,A2,2,2,0,2C,28,True,F1,F3,False,SDC
14293,99,A2,2,2,1,2C,2C,False,F1,F1,False,Not activated
14294,99,A2,2,3,0,2C,24,True,F1,F5,False,SDC
14295,99,A2,2,3,1,2C,2C,False,F1,F1,False,Not activated
14296,99,A2,2,4,0,2C,2C,False,F1,F1,False,Not activated
14297,99,A2,2,4,1,2C,3C,True,F1,E8,False,SDC
14298,99,A2,2,5,0,2C,0C,True,F1,02,False,SDC
14299,99,A2,2,5,1,2C,2C,False,F1,F1,False,Not activated
14300,99,A2,2,6,0,2C,2C,False,F1,F1,False,Not activated
14301,99,A2,2,6,1,2C,6C,True,F1,A9,False,SDC
14302,99,A2,2,7,0,2C,2C,False,F1,F1,False,Not activated
14303,99,A2,2,7,1,2C,AC,True,F1,3F,False,SDC
14304,99,A3,3,0,0,D9,D8,True,F1,F0,False,SDC
14305,99,A3,3,0,1,D9,D9,False,F1,F1,False,Not activated
14306,99,A3,3,1,0,D9,D9,False,F1,F1,False,Not activated
14307,99,A3,3,1,1,D9,DB,True,F1,F1,False,Masked
14308,99,A3,3,2,0,D9,D9,False,F1,F1,False,Not activated
14309,99,A3,3,2,1,D9,DD,True,F1,F1,False,Masked
14310,99,A3,3,3,0,D9,D1,True,F1,EF,False,SDC
14311,99,A3,3,3,1,D9,D9,False,F1,F1,False,Not activated
14312,99,A3,3,4,0,D9,C9,True,F1,EE,False,SDC
14313,99,A3,3,4,1,D9,D9,False,F1,F1,False,Not activated
14314,99,A3,3,5,0,D9,D9,False,F1,F1,False,Not activated
14315,99,A3,3,5,1,D9,F9,True,F1,F5,False,SDC
14316,99,A3,3,6,0,D9,99,True,F1,DC,False,SDC
14317,99,A3,3,6,1,D9,D9,False,F1,F1,False,Not activated
14318,99,A3,3,7,0,D9,59,True,F1,06,False,SDC
14319,99,A3,3,7,1,D9,D9,False,F1,F1,False,Not activated
14320,99,B0,4,0,0,F1,F0,True,F1,F1,False,Masked
14321,99,B0,4,0,1,F1,F1,False,F1,F1,False,Not activated
14322,99,B0,4,1,0,F1,F1,False,F1,F1,False,Not activated
14323,99,B0,4,1,1,F1,F3,True,F1,F1,False,Masked
14324,99,B0,4,2,0,F1,F1,False,F1,F1,False,Not activated
14325,99,B0,4,2,1,F1,F5,True,F1,F1,False,Masked
14326,99,B0,4,3,0,F1,F1,False,F1,F1,False,Not activated
14327,99,B0,4,3,1,F1,F9,True,F1,F0,False,SDC
14328,99,B0,4,4,0,F1,E1,True,F1,F4,False,SDC
14329,99,B0,4,4,1,F1,F1,False,F1,F1,False,Not activated
14330,99,B0,4,5,0,F1,D1,True,F1,F6,False,SDC
14331,99,B0,4,5,1,F1,F1,False,F1,F1,False,Not activated
14332,99,B0,4,6,0,F1,B1,True,F1,FE,False,SDC
14333,99,B0,4,6,1,F1,F1,False,F1,F1,False,Not activated
14334,99,B0,4,7,0,F1,71,True,F1,C2,False,SDC
14335,99,B0,4,7,1,F1,F1,False,F1,F1,False,Not activated
14336,99,B1,5,0,0,FE,FE,False,F1,F1,False,Not activated
14337,99,B1,5,0,1,FE,FF,True,F1,F1,False,Masked
14338,99,B1,5,1,0,FE,FC,True,F1,F2,False,SDC
14339,99,B1,5,1,1,FE,FE,False,F1,F1,False,Not activated
14340,99,B1,5,2,0,FE,FA,True,F1,F3,False,SDC
14341,99,B1,5,2,1,FE,FE,False,F1,F1,False,Not activated
14342,99,B1,5,3,0,FE,F6,True,F1,F5,False,SDC
14343,99,B1,5,3,1,FE,FE,False,F1,F1,False,Not activated
14344,99,B1,5,4,0,FE,EE,True,F1,F9,False,SDC
14345,99,B1,5,4,1,FE,FE,False,F1,F1,False,Not activated
14346,99,B1,5,5,0,FE,DE,True,F1,01,False,SDC
14347,99,B1,5,5,1,FE,FE,False,F1,F1,False,Not activated
14348,99,B1,5,6,0,FE,BE,True,F1,12,False,SDC
14349,99,B1,5,6,1,FE,FE,False,F1,F1,False,Not activated
14350,99,B1,5,7,0,FE,7E,True,F1,84,False,SDC
14351,99,B1,5,7,1,FE,FE,False,F1,F1,False,Not activated
14352,99,B2,6,0,0,DE,DE,False,F1,F1,False,Not activated
14353,99,B2,6,0,1,DE,DF,True,F1,F1,False,Masked
14354,99,B2,6,1,0,DE,DC,True,F1,EF,False,SDC
14355,99,B2,6,1,1,DE,DE,False,F1,F1,False,Not activated
14356,99,B2,6,2,0,DE,DA,True,F1,EE,False,SDC
14357,99,B2,6,2,1,DE,DE,False,F1,F1,False,Not activated
14358,99,B2,6,3,0,DE,D6,True,F1,EB,False,SDC
14359,99,B2,6,3,1,DE,DE,False,F1,F1,False,Not activated
14360,99,B2,6,4,0,DE,CE,True,F1,E6,False,SDC
14361,99,B2,6,4,1,DE,DE,False,F1,F1,False,Not activated
14362,99,B2,6,5,0,DE,DE,False,F1,F1,False,Not activated
14363,99,B2,6,5,1,DE,FE,True,F1,07,False,SDC
14364,99,B2,6,6,0,DE,9E,True,F1,B3,False,SDC
14365,99,B2,6,6,1,DE,DE,False,F1,F1,False,Not activated
14366,99,B2,6,7,0,DE,5E,True,F1,4F,False,SDC
14367,99,B2,6,7,1,DE,DE,False,F1,F1,False,Not activated
14368,99,B3,7,0,0,09,08,True,F1,F1,False,Masked
14369,99,B3,7,0,1,09,09,False,F1,F1,False,Not activated
14370,99,B3,7,1,0,09,09,False,F1,F1,False,Not activated
14371,99,B3,7,1,1,09,0B,True,F1,EF,False,SDC
14372,99,B3,7,2,0,09,09,False,F1,F1,False,Not activated
14373,99,B3,7,2,1,09,0D,True,F1,EE,False,SDC
14374,99,B3,7,3,0,09,01,True,F1,F5,False,SDC
14375,99,B3,7,3,1,09,09,False,F1,F1,False,Not activated
14376,99,B3,7,4,0,09,09,False,F1,F1,False,Not activated
14377,99,B3,7,4,1,09,19,True,F1,E7,False,SDC
14378,99,B3,7,5,0,09,09,False,F1,F1,False,Not activated
14379,99,B3,7,5,1,09,29,True,F1,DD,False,SDC
14380,99,B3,7,6,0,09,09,False,F1,F1,False,Not activated
14381,99,B3,7,6,1,09,49,True,F1,C6,False,SDC
14382,99,B3,7,7,0,09,09,False,F1,F1,False,Not activated
14383,99,B3,7,7,1,09,89,True,F1,70,False,SDC
14384,99,C0,8,0,0,0A,0A,False,F1,F1,False,Not activated
14385,99,C0,8,0,1,0A,0B,True,F1,F2,False,SDC
14386,99,C0,8,1,0,0A,08,True,F1,EF,False,SDC
14387,99,C0,8,1,1,0A,0A,False,F1,F1,False,Not activated
14388,99,C0,8,2,0,0A,0A,False,F1,F1,False,Not activated
14389,99,C0,8,2,1,0A,0E,True,F1,F5,False,SDC
14390,99,C0,8,3,0,0A,02,True,F1,E9,False,SDC
14391,99,C0,8,3,1,0A,0A,False,F1,F1,False,Not activated
14392,99,C0,8,4,0,0A,0A,False,F1,F1,False,Not activated
14393,99,C0,8,4,1,0A,1A,True,F1,01,False,SDC
14394,99,C0,8,5,0,0A,0A,False,F1,F1,False,Not activated
14395,99,C0,8,5,1,0A,2A,True,F1,11,False,SDC
14396,99,C0,8,6,0,0A,0A,False,F1,F1,False,Not activated
14397,99,C0,8,6,1,0A,4A,True,F1,3B,False,SDC
14398,99,C0,8,7,0,0A,0A,False,F1,F1,False,Not activated
14399,99,C0,8,7,1,0A,8A,True,F1,89,False,SDC
